probe: instance=uai_DBN_12 n_orig=525 n=441 fusible=0.1600 nlabels=42 t=8ms
seed_greedy tc=42.2723 t=557ms
t=612ms iter=1 WAIST cost=41.0000 best_alt=21.0000 gap=20.0000 tried=5 sep_labels=21 clique_frac=0.00
t=742ms iter=1 REBUILD ACCEPT new_tc=33.7788 (was 42.1392)
t=806ms iter=1 incumb=33.7788 ratchet=35.0453 best=33.7788 since_improve=1
t=817ms iter=2 WAIST cost=33.0000 best_alt=21.0000 gap=12.0000 tried=5 sep_labels=21 clique_frac=0.00
t=941ms iter=2 REBUILD reject new_tc=34.2171 (was 33.7788)
t=1004ms iter=2 incumb=33.7788 ratchet=34.7174 best=33.7788 since_improve=2
t=1018ms iter=3 WAIST cost=33.0000 best_alt=21.0000 gap=12.0000 tried=5 sep_labels=21 clique_frac=0.00
t=1141ms iter=3 REBUILD reject new_tc=34.3448 (was 33.7788)
t=1204ms iter=3 incumb=33.7788 ratchet=34.8707 best=33.7788 since_improve=3
t=1214ms iter=4 WAIST cost=33.0000 best_alt=21.0000 gap=12.0000 tried=5 sep_labels=21 clique_frac=0.00
t=1337ms iter=4 REBUILD reject new_tc=34.1961 (was 33.7788)
t=1400ms iter=4 incumb=33.7788 ratchet=35.4592 best=33.7788 since_improve=4
t=1411ms iter=5 WAIST cost=33.0000 best_alt=21.0000 gap=12.0000 tried=5 sep_labels=21 clique_frac=0.00
t=1533ms iter=5 REBUILD reject new_tc=34.4052 (was 33.7788)
t=1597ms iter=5 incumb=33.7788 ratchet=34.7857 best=33.7788 since_improve=5
t=1610ms iter=6 WAIST cost=33.0000 best_alt=21.0000 gap=12.0000 tried=5 sep_labels=21 clique_frac=0.00
t=1733ms iter=6 REBUILD reject new_tc=34.3245 (was 33.7788)
t=1797ms iter=6 incumb=33.7788 ratchet=34.9387 best=33.7788 since_improve=6
t=1811ms iter=7 WAIST cost=33.0000 best_alt=21.0000 gap=12.0000 tried=5 sep_labels=21 clique_frac=0.00
t=1933ms iter=7 REBUILD reject new_tc=34.4799 (was 33.7788)
t=1997ms iter=7 incumb=33.7788 ratchet=35.0341 best=33.7788 since_improve=7
t=2009ms iter=8 WAIST cost=33.0000 best_alt=21.0000 gap=12.0000 tried=5 sep_labels=21 clique_frac=0.00
t=2133ms iter=8 REBUILD reject new_tc=34.3861 (was 33.7788)
t=2196ms iter=8 incumb=33.7788 ratchet=35.0257 best=33.7788 since_improve=8
t=2207ms iter=9 WAIST cost=33.0000 best_alt=21.0000 gap=12.0000 tried=5 sep_labels=21 clique_frac=0.00
t=2330ms iter=9 REBUILD reject new_tc=34.5493 (was 33.7788)
t=2394ms iter=9 incumb=33.7788 ratchet=35.0459 best=33.7788 since_improve=9
t=2407ms iter=10 WAIST cost=33.0000 best_alt=21.0000 gap=12.0000 tried=5 sep_labels=21 clique_frac=0.00
t=2530ms iter=10 REBUILD reject new_tc=34.4475 (was 33.7788)
t=2593ms iter=10 incumb=33.7788 ratchet=34.8030 best=33.7788 since_improve=10
t=2605ms iter=11 WAIST cost=33.0000 best_alt=21.0000 gap=12.0000 tried=5 sep_labels=21 clique_frac=0.00
t=2729ms iter=11 REBUILD reject new_tc=34.6032 (was 33.7788)
t=2792ms iter=11 incumb=33.7788 ratchet=34.9247 best=33.7788 since_improve=11
t=2803ms iter=12 WAIST cost=33.0000 best_alt=21.0000 gap=12.0000 tried=5 sep_labels=21 clique_frac=0.00
t=2926ms iter=12 REBUILD reject new_tc=34.5073 (was 33.7788)
t=2989ms iter=12 incumb=33.7788 ratchet=34.7918 best=33.7788 since_improve=12
t=3000ms iter=13 WAIST cost=33.0000 best_alt=21.0000 gap=12.0000 tried=5 sep_labels=21 clique_frac=0.00
t=3124ms iter=13 REBUILD reject new_tc=34.4544 (was 33.7788)
t=3187ms iter=13 incumb=33.7788 ratchet=35.0855 best=33.7788 since_improve=13
t=3199ms iter=14 WAIST cost=33.0000 best_alt=21.0000 gap=12.0000 tried=5 sep_labels=21 clique_frac=0.00
t=3321ms iter=14 REBUILD reject new_tc=34.3219 (was 33.7788)
t=3389ms iter=14 incumb=33.7788 ratchet=43.4258 best=33.7788 since_improve=14
t=3402ms iter=15 WAIST cost=33.0000 best_alt=21.0000 gap=12.0000 tried=5 sep_labels=21 clique_frac=0.00
t=3525ms iter=15 REBUILD reject new_tc=34.2062 (was 33.7788)
t=3589ms iter=15 incumb=33.7788 ratchet=34.9694 best=33.7788 since_improve=15
t=3600ms iter=16 WAIST cost=33.0000 best_alt=21.0000 gap=12.0000 tried=5 sep_labels=21 clique_frac=0.00
t=3723ms iter=16 REBUILD reject new_tc=34.3187 (was 33.7788)
t=3787ms iter=16 incumb=33.7788 ratchet=34.7775 best=33.7788 since_improve=16
t=3799ms iter=17 WAIST cost=33.0000 best_alt=21.0000 gap=12.0000 tried=5 sep_labels=21 clique_frac=0.00
t=3921ms iter=17 REBUILD reject new_tc=34.4506 (was 33.7788)
t=3986ms iter=17 incumb=33.7788 ratchet=36.3692 best=33.7788 since_improve=17
t=4000ms iter=18 WAIST cost=33.0000 best_alt=21.0000 gap=12.0000 tried=5 sep_labels=21 clique_frac=0.00
t=4122ms iter=18 REBUILD reject new_tc=34.5226 (was 33.7788)
t=4185ms iter=18 incumb=33.7788 ratchet=35.3007 best=33.7788 since_improve=18
t=4197ms iter=19 WAIST cost=33.0000 best_alt=21.0000 gap=12.0000 tried=5 sep_labels=21 clique_frac=0.00
t=4320ms iter=19 REBUILD reject new_tc=34.4349 (was 33.7788)
t=4383ms iter=19 incumb=33.7788 ratchet=34.9601 best=33.7788 since_improve=19
t=4397ms iter=20 WAIST cost=33.0000 best_alt=21.0000 gap=12.0000 tried=5 sep_labels=21 clique_frac=0.00
t=4521ms iter=20 REBUILD reject new_tc=34.5895 (was 33.7788)
t=4585ms iter=20 incumb=33.7788 ratchet=35.2363 best=33.7788 since_improve=20
t=4600ms iter=21 WAIST cost=33.0000 best_alt=21.0000 gap=12.0000 tried=5 sep_labels=21 clique_frac=0.00
t=4724ms iter=21 REBUILD reject new_tc=34.5524 (was 33.7788)
t=4791ms iter=21 incumb=33.7788 ratchet=42.4855 best=33.7788 since_improve=21
t=4803ms iter=22 WAIST cost=33.0000 best_alt=21.0000 gap=12.0000 tried=5 sep_labels=21 clique_frac=0.00
t=4926ms iter=22 REBUILD reject new_tc=34.5280 (was 33.7788)
t=4990ms iter=22 incumb=33.7788 ratchet=34.7972 best=33.7788 since_improve=22
t=5002ms iter=23 WAIST cost=33.0000 best_alt=21.0000 gap=12.0000 tried=5 sep_labels=21 clique_frac=0.00
t=5126ms iter=23 REBUILD reject new_tc=34.4622 (was 33.7788)
t=5191ms iter=23 incumb=33.7788 ratchet=39.9146 best=33.7788 since_improve=23
t=5206ms iter=24 WAIST cost=33.0000 best_alt=21.0000 gap=12.0000 tried=5 sep_labels=21 clique_frac=0.00
t=5329ms iter=24 REBUILD reject new_tc=34.3262 (was 33.7788)
t=5393ms iter=24 incumb=33.7788 ratchet=34.9325 best=33.7788 since_improve=24
t=5406ms iter=25 WAIST cost=33.0000 best_alt=21.0000 gap=12.0000 tried=5 sep_labels=21 clique_frac=0.00
t=5537ms iter=25 REBUILD ACCEPT new_tc=33.6252 (was 33.7788)
t=5600ms iter=25 incumb=33.6252 ratchet=35.0227 best=33.6252 since_improve=1
t=5612ms iter=26 WAIST cost=33.0000 best_alt=21.0000 gap=12.0000 tried=5 sep_labels=21 clique_frac=0.00
t=5735ms iter=26 REBUILD reject new_tc=33.7326 (was 33.6252)
t=5799ms iter=26 incumb=33.6252 ratchet=35.5321 best=33.6252 since_improve=2
t=5812ms iter=27 WAIST cost=33.0000 best_alt=21.0000 gap=12.0000 tried=5 sep_labels=21 clique_frac=0.00
t=5935ms iter=27 REBUILD reject new_tc=33.7416 (was 33.6252)
t=5999ms iter=27 incumb=33.6252 ratchet=35.1209 best=33.6252 since_improve=3
t=6011ms iter=28 WAIST cost=33.0000 best_alt=21.0000 gap=12.0000 tried=5 sep_labels=21 clique_frac=0.00
t=6134ms iter=28 REBUILD reject new_tc=34.2433 (was 33.6252)
t=6198ms iter=28 incumb=33.6252 ratchet=35.3427 best=33.6252 since_improve=4
t=6209ms iter=29 WAIST cost=33.0000 best_alt=21.0000 gap=12.0000 tried=5 sep_labels=21 clique_frac=0.00
t=6331ms iter=29 REBUILD reject new_tc=34.2318 (was 33.6252)
t=6394ms iter=29 incumb=33.6252 ratchet=34.7869 best=33.6252 since_improve=5
t=6405ms iter=30 WAIST cost=33.0000 best_alt=21.0000 gap=12.0000 tried=5 sep_labels=21 clique_frac=0.00
t=6528ms iter=30 REBUILD reject new_tc=34.5036 (was 33.6252)
t=6591ms iter=30 incumb=33.6252 ratchet=34.9025 best=33.6252 since_improve=6
t=6605ms iter=31 WAIST cost=33.0000 best_alt=21.0000 gap=12.0000 tried=5 sep_labels=21 clique_frac=0.00
t=6728ms iter=31 REBUILD reject new_tc=34.3434 (was 33.6252)
t=6791ms iter=31 incumb=33.6252 ratchet=35.0381 best=33.6252 since_improve=7
t=6804ms iter=32 WAIST cost=33.0000 best_alt=21.0000 gap=12.0000 tried=5 sep_labels=21 clique_frac=0.00
t=6935ms iter=32 REBUILD ACCEPT new_tc=33.4225 (was 33.6252)
t=6999ms iter=32 incumb=33.4225 ratchet=35.1216 best=33.4225 since_improve=1
t=7012ms iter=33 WAIST cost=32.0000 best_alt=21.0000 gap=11.0000 tried=5 sep_labels=21 clique_frac=0.00
t=7128ms iter=33 REBUILD reject new_tc=36.3761 (was 33.4225)
t=7190ms iter=33 incumb=33.4225 ratchet=35.0642 best=33.4225 since_improve=2
t=7201ms iter=34 WAIST cost=32.0000 best_alt=21.0000 gap=11.0000 tried=5 sep_labels=21 clique_frac=0.00
t=7320ms iter=34 REBUILD reject new_tc=35.5410 (was 33.4225)
t=7383ms iter=34 incumb=33.4225 ratchet=35.2708 best=33.4225 since_improve=3
t=7392ms iter=35 WAIST cost=32.0000 best_alt=21.0000 gap=11.0000 tried=5 sep_labels=21 clique_frac=0.00
t=7507ms iter=35 REBUILD reject new_tc=35.4567 (was 33.4225)
t=7570ms iter=35 incumb=33.4225 ratchet=35.0190 best=33.4225 since_improve=4
t=7578ms iter=36 WAIST cost=32.0000 best_alt=22.0000 gap=10.0000 tried=5 sep_labels=22 clique_frac=0.09
t=7695ms iter=36 REBUILD reject new_tc=36.3585 (was 33.4225)
t=7758ms iter=36 incumb=33.4225 ratchet=35.0084 best=33.4225 since_improve=5
t=7768ms iter=37 WAIST cost=32.0000 best_alt=21.0000 gap=11.0000 tried=5 sep_labels=21 clique_frac=0.00
t=7883ms iter=37 REBUILD reject new_tc=35.2069 (was 33.4225)
t=7946ms iter=37 incumb=33.4225 ratchet=35.5473 best=33.4225 since_improve=6
t=7957ms iter=38 WAIST cost=32.0000 best_alt=21.0000 gap=11.0000 tried=5 sep_labels=21 clique_frac=0.00
t=8074ms iter=38 REBUILD reject new_tc=35.9641 (was 33.4225)
t=8140ms iter=38 incumb=33.4225 ratchet=37.8252 best=33.4225 since_improve=7
t=8150ms iter=39 WAIST cost=32.0000 best_alt=21.0000 gap=11.0000 tried=5 sep_labels=21 clique_frac=0.00
t=8267ms iter=39 REBUILD reject new_tc=36.3363 (was 33.4225)
t=8331ms iter=39 incumb=33.4225 ratchet=35.1445 best=33.4225 since_improve=8
t=8341ms iter=40 WAIST cost=32.0000 best_alt=21.0000 gap=11.0000 tried=5 sep_labels=21 clique_frac=0.00
t=8458ms iter=40 REBUILD reject new_tc=36.4105 (was 33.4225)
t=8522ms iter=40 incumb=33.4225 ratchet=34.8070 best=33.4225 since_improve=9
t=8530ms iter=41 WAIST cost=32.0000 best_alt=22.0000 gap=10.0000 tried=5 sep_labels=22 clique_frac=0.09
t=8648ms iter=41 REBUILD reject new_tc=36.1854 (was 33.4225)
t=8713ms iter=41 incumb=33.4225 ratchet=36.1380 best=33.4225 since_improve=10
t=8722ms iter=42 WAIST cost=32.0000 best_alt=21.0000 gap=11.0000 tried=5 sep_labels=21 clique_frac=0.00
t=8838ms iter=42 REBUILD reject new_tc=34.9893 (was 33.4225)
t=8901ms iter=42 incumb=33.4225 ratchet=34.7069 best=33.4225 since_improve=11
t=8910ms iter=43 WAIST cost=32.0000 best_alt=22.0000 gap=10.0000 tried=5 sep_labels=22 clique_frac=0.09
t=9027ms iter=43 REBUILD reject new_tc=35.2690 (was 33.4225)
t=9091ms iter=43 incumb=33.4225 ratchet=34.8860 best=33.4225 since_improve=12
t=9099ms iter=44 WAIST cost=32.0000 best_alt=22.0000 gap=10.0000 tried=5 sep_labels=22 clique_frac=0.09
t=9217ms iter=44 REBUILD reject new_tc=36.7440 (was 33.4225)
t=9281ms iter=44 incumb=33.4225 ratchet=35.1489 best=33.4225 since_improve=13
t=9291ms iter=45 WAIST cost=32.0000 best_alt=21.0000 gap=11.0000 tried=5 sep_labels=21 clique_frac=0.00
t=9406ms iter=45 REBUILD reject new_tc=34.8763 (was 33.4225)
t=9469ms iter=45 incumb=33.4225 ratchet=35.2823 best=33.4225 since_improve=14
t=9479ms iter=46 WAIST cost=32.0000 best_alt=21.0000 gap=11.0000 tried=5 sep_labels=21 clique_frac=0.00
t=9596ms iter=46 REBUILD reject new_tc=36.2599 (was 33.4225)
t=9660ms iter=46 incumb=33.4225 ratchet=35.0059 best=33.4225 since_improve=15
t=9670ms iter=47 WAIST cost=32.0000 best_alt=21.0000 gap=11.0000 tried=5 sep_labels=21 clique_frac=0.00
t=9788ms iter=47 REBUILD reject new_tc=34.9125 (was 33.4225)
t=9851ms iter=47 incumb=33.4225 ratchet=35.0977 best=33.4225 since_improve=16
t=9860ms iter=48 WAIST cost=32.0000 best_alt=21.0000 gap=11.0000 tried=5 sep_labels=21 clique_frac=0.00
t=9976ms iter=48 REBUILD reject new_tc=35.5855 (was 33.4225)
t=10039ms iter=48 incumb=33.4225 ratchet=34.6350 best=33.4225 since_improve=17
t=10047ms iter=49 WAIST cost=32.0000 best_alt=22.0000 gap=10.0000 tried=5 sep_labels=22 clique_frac=0.09
t=10167ms iter=49 REBUILD reject new_tc=36.8095 (was 33.4225)
t=10231ms iter=49 incumb=33.4225 ratchet=35.4815 best=33.4225 since_improve=18
t=10241ms iter=50 WAIST cost=32.0000 best_alt=21.0000 gap=11.0000 tried=5 sep_labels=21 clique_frac=0.00
t=10357ms iter=50 REBUILD reject new_tc=36.5619 (was 33.4225)
t=10421ms iter=50 incumb=33.4225 ratchet=34.7914 best=33.4225 since_improve=19
t=10429ms iter=51 WAIST cost=32.0000 best_alt=22.0000 gap=10.0000 tried=5 sep_labels=22 clique_frac=0.09
t=10547ms iter=51 REBUILD reject new_tc=36.2381 (was 33.4225)
t=10612ms iter=51 incumb=33.4225 ratchet=35.2855 best=33.4225 since_improve=20
t=10622ms iter=52 WAIST cost=32.0000 best_alt=21.0000 gap=11.0000 tried=5 sep_labels=21 clique_frac=0.00
t=10739ms iter=52 REBUILD reject new_tc=35.9688 (was 33.4225)
t=10802ms iter=52 incumb=33.4225 ratchet=34.9159 best=33.4225 since_improve=21
t=10811ms iter=53 WAIST cost=32.0000 best_alt=21.0000 gap=11.0000 tried=5 sep_labels=21 clique_frac=0.00
t=10926ms iter=53 REBUILD reject new_tc=35.4587 (was 33.4225)
t=10990ms iter=53 incumb=33.4225 ratchet=34.9783 best=33.4225 since_improve=22
t=11000ms iter=54 WAIST cost=32.0000 best_alt=21.0000 gap=11.0000 tried=5 sep_labels=21 clique_frac=0.00
t=11116ms iter=54 REBUILD reject new_tc=36.1677 (was 33.4225)
t=11179ms iter=54 incumb=33.4225 ratchet=34.6828 best=33.4225 since_improve=23
t=11187ms iter=55 WAIST cost=32.0000 best_alt=22.0000 gap=10.0000 tried=5 sep_labels=22 clique_frac=0.09
t=11307ms iter=55 REBUILD reject new_tc=35.5669 (was 33.4225)
t=11370ms iter=55 incumb=33.4225 ratchet=34.9153 best=33.4225 since_improve=24
t=11378ms iter=56 WAIST cost=32.0000 best_alt=22.0000 gap=10.0000 tried=5 sep_labels=22 clique_frac=0.09
t=11498ms iter=56 REBUILD reject new_tc=36.5699 (was 33.4225)
t=11561ms iter=56 incumb=33.4225 ratchet=34.7723 best=33.4225 since_improve=25
t=11570ms iter=57 WAIST cost=32.0000 best_alt=21.0000 gap=11.0000 tried=5 sep_labels=21 clique_frac=0.00
t=11686ms iter=57 REBUILD reject new_tc=34.6535 (was 33.4225)
t=11751ms iter=57 incumb=33.4225 ratchet=35.4781 best=33.4225 since_improve=26
t=11761ms iter=58 WAIST cost=32.0000 best_alt=21.0000 gap=11.0000 tried=5 sep_labels=21 clique_frac=0.00
t=11879ms iter=58 REBUILD reject new_tc=35.4128 (was 33.4225)
t=11943ms iter=58 incumb=33.4225 ratchet=34.8590 best=33.4225 since_improve=27
t=11951ms iter=59 WAIST cost=32.0000 best_alt=22.0000 gap=10.0000 tried=5 sep_labels=22 clique_frac=0.09
t=12070ms iter=59 REBUILD reject new_tc=36.2971 (was 33.4225)
t=12133ms iter=59 incumb=33.4225 ratchet=34.7676 best=33.4225 since_improve=28
t=12141ms iter=60 WAIST cost=32.0000 best_alt=22.0000 gap=10.0000 tried=5 sep_labels=22 clique_frac=0.09
t=12260ms iter=60 REBUILD reject new_tc=36.4357 (was 33.4225)
t=12324ms iter=60 incumb=33.4225 ratchet=35.2674 best=33.4225 since_improve=29
t=12332ms iter=61 WAIST cost=32.0000 best_alt=22.0000 gap=10.0000 tried=5 sep_labels=22 clique_frac=0.09
t=12450ms iter=61 REBUILD reject new_tc=36.4048 (was 33.4225)
t=12513ms iter=61 incumb=33.4225 ratchet=34.5989 best=33.4225 since_improve=30
t=12523ms iter=62 WAIST cost=32.0000 best_alt=21.0000 gap=11.0000 tried=5 sep_labels=21 clique_frac=0.00
t=12640ms iter=62 REBUILD reject new_tc=36.5211 (was 33.4225)
t=12704ms iter=62 incumb=33.4225 ratchet=35.0739 best=33.4225 since_improve=31
t=12713ms iter=63 WAIST cost=32.0000 best_alt=21.0000 gap=11.0000 tried=5 sep_labels=21 clique_frac=0.00
t=12828ms iter=63 REBUILD reject new_tc=34.3363 (was 33.4225)
t=12892ms iter=63 incumb=33.4225 ratchet=35.0669 best=33.4225 since_improve=32
t=12904ms iter=64 WAIST cost=32.0000 best_alt=21.0000 gap=11.0000 tried=5 sep_labels=21 clique_frac=0.00
t=13018ms iter=64 REBUILD reject new_tc=34.5157 (was 33.4225)
t=13083ms iter=64 incumb=33.4225 ratchet=34.9305 best=33.4225 since_improve=33
t=13091ms iter=65 WAIST cost=32.0000 best_alt=22.0000 gap=10.0000 tried=5 sep_labels=22 clique_frac=0.09
t=13209ms iter=65 REBUILD reject new_tc=36.1715 (was 33.4225)
t=13272ms iter=65 incumb=33.4225 ratchet=34.9040 best=33.4225 since_improve=34
t=13280ms iter=66 WAIST cost=32.0000 best_alt=22.0000 gap=10.0000 tried=5 sep_labels=22 clique_frac=0.09
t=13399ms iter=66 REBUILD reject new_tc=36.3153 (was 33.4225)
t=13463ms iter=66 incumb=33.4225 ratchet=34.6175 best=33.4225 since_improve=35
t=13473ms iter=67 WAIST cost=32.0000 best_alt=21.0000 gap=11.0000 tried=5 sep_labels=21 clique_frac=0.00
t=13589ms iter=67 REBUILD reject new_tc=36.0301 (was 33.4225)
t=13654ms iter=67 incumb=33.4225 ratchet=34.9999 best=33.4225 since_improve=36
t=13662ms iter=68 WAIST cost=32.0000 best_alt=22.0000 gap=10.0000 tried=5 sep_labels=22 clique_frac=0.09
t=13782ms iter=68 REBUILD reject new_tc=36.6629 (was 33.4225)
t=13848ms iter=68 incumb=33.4225 ratchet=37.7580 best=33.4225 since_improve=37
t=13859ms iter=69 WAIST cost=32.0000 best_alt=21.0000 gap=11.0000 tried=5 sep_labels=21 clique_frac=0.00
t=13977ms iter=69 REBUILD reject new_tc=36.5796 (was 33.4225)
t=14040ms iter=69 incumb=33.4225 ratchet=34.8101 best=33.4225 since_improve=38
t=14049ms iter=70 WAIST cost=32.0000 best_alt=22.0000 gap=10.0000 tried=5 sep_labels=22 clique_frac=0.09
t=14169ms iter=70 REBUILD reject new_tc=37.0478 (was 33.4225)
t=14233ms iter=70 incumb=33.4225 ratchet=34.9375 best=33.4225 since_improve=39
t=14243ms iter=71 WAIST cost=32.0000 best_alt=21.0000 gap=11.0000 tried=5 sep_labels=21 clique_frac=0.00
t=14359ms iter=71 REBUILD reject new_tc=35.9450 (was 33.4225)
t=14423ms iter=71 incumb=33.4225 ratchet=35.0646 best=33.4225 since_improve=40
t=14431ms iter=72 WAIST cost=32.0000 best_alt=22.0000 gap=10.0000 tried=5 sep_labels=22 clique_frac=0.09
t=14550ms iter=72 REBUILD reject new_tc=36.9788 (was 33.4225)
t=14615ms iter=72 incumb=33.4225 ratchet=35.0693 best=33.4225 since_improve=41
t=14624ms iter=73 WAIST cost=32.0000 best_alt=21.0000 gap=11.0000 tried=5 sep_labels=21 clique_frac=0.00
t=14737ms iter=73 REBUILD reject new_tc=35.4570 (was 33.4225)
t=14801ms iter=73 incumb=33.4225 ratchet=34.9710 best=33.4225 since_improve=42
t=14809ms iter=74 WAIST cost=32.0000 best_alt=22.0000 gap=10.0000 tried=5 sep_labels=22 clique_frac=0.09
t=14928ms iter=74 REBUILD reject new_tc=36.7590 (was 33.4225)
t=14992ms iter=74 incumb=33.4225 ratchet=34.3569 best=33.4225 since_improve=43
t=15001ms iter=75 WAIST cost=32.0000 best_alt=22.0000 gap=10.0000 tried=5 sep_labels=22 clique_frac=0.09
t=15117ms iter=75 REBUILD reject new_tc=36.5183 (was 33.4225)
t=15181ms iter=75 incumb=33.4225 ratchet=35.0323 best=33.4225 since_improve=44
t=15189ms iter=76 WAIST cost=32.0000 best_alt=22.0000 gap=10.0000 tried=5 sep_labels=22 clique_frac=0.09
t=15307ms iter=76 REBUILD reject new_tc=36.6988 (was 33.4225)
t=15371ms iter=76 incumb=33.4225 ratchet=35.0538 best=33.4225 since_improve=45
t=15379ms iter=77 WAIST cost=32.0000 best_alt=22.0000 gap=10.0000 tried=5 sep_labels=22 clique_frac=0.09
t=15500ms iter=77 REBUILD reject new_tc=36.6770 (was 33.4225)
t=15563ms iter=77 incumb=33.4225 ratchet=34.9961 best=33.4225 since_improve=46
t=15572ms iter=78 WAIST cost=32.0000 best_alt=21.0000 gap=11.0000 tried=5 sep_labels=21 clique_frac=0.00
t=15687ms iter=78 REBUILD reject new_tc=35.4338 (was 33.4225)
t=15751ms iter=78 incumb=33.4225 ratchet=35.1889 best=33.4225 since_improve=47
t=15759ms iter=79 WAIST cost=32.0000 best_alt=22.0000 gap=10.0000 tried=5 sep_labels=22 clique_frac=0.09
t=15877ms iter=79 REBUILD reject new_tc=36.9963 (was 33.4225)
t=15942ms iter=79 incumb=33.4225 ratchet=34.8926 best=33.4225 since_improve=48
t=15952ms iter=80 WAIST cost=32.0000 best_alt=21.0000 gap=11.0000 tried=5 sep_labels=21 clique_frac=0.00
t=16068ms iter=80 REBUILD reject new_tc=34.7666 (was 33.4225)
t=16132ms iter=80 incumb=33.4225 ratchet=35.3170 best=33.4225 since_improve=49
t=16140ms iter=81 WAIST cost=32.0000 best_alt=22.0000 gap=10.0000 tried=5 sep_labels=22 clique_frac=0.09
t=16258ms iter=81 REBUILD reject new_tc=36.2678 (was 33.4225)
t=16322ms iter=81 incumb=33.4225 ratchet=35.0386 best=33.4225 since_improve=50
t=16332ms iter=82 WAIST cost=32.0000 best_alt=21.0000 gap=11.0000 tried=5 sep_labels=21 clique_frac=0.00
t=16449ms iter=82 REBUILD reject new_tc=35.9193 (was 33.4225)
t=16513ms iter=82 incumb=33.4225 ratchet=35.0344 best=33.4225 since_improve=51
t=16523ms iter=83 WAIST cost=32.0000 best_alt=21.0000 gap=11.0000 tried=5 sep_labels=21 clique_frac=0.00
t=16641ms iter=83 REBUILD reject new_tc=35.2524 (was 33.4225)
t=16705ms iter=83 incumb=33.4225 ratchet=34.9126 best=33.4225 since_improve=52
t=16716ms iter=84 WAIST cost=32.0000 best_alt=21.0000 gap=11.0000 tried=5 sep_labels=21 clique_frac=0.00
t=16834ms iter=84 REBUILD reject new_tc=35.7480 (was 33.4225)
t=16897ms iter=84 incumb=33.4225 ratchet=35.0033 best=33.4225 since_improve=53
t=16906ms iter=85 WAIST cost=32.0000 best_alt=22.0000 gap=10.0000 tried=5 sep_labels=22 clique_frac=0.09
t=17025ms iter=85 REBUILD reject new_tc=36.6467 (was 33.4225)
t=17091ms iter=85 incumb=33.4225 ratchet=39.3719 best=33.4225 since_improve=54
t=17099ms iter=86 WAIST cost=32.0000 best_alt=22.0000 gap=10.0000 tried=5 sep_labels=22 clique_frac=0.09
t=17218ms iter=86 REBUILD reject new_tc=36.4769 (was 33.4225)
t=17282ms iter=86 incumb=33.4225 ratchet=34.7961 best=33.4225 since_improve=55
t=17292ms iter=87 WAIST cost=32.0000 best_alt=21.0000 gap=11.0000 tried=5 sep_labels=21 clique_frac=0.00
t=17406ms iter=87 REBUILD reject new_tc=35.2686 (was 33.4225)
t=17470ms iter=87 incumb=33.4225 ratchet=34.8826 best=33.4225 since_improve=56
t=17478ms iter=88 WAIST cost=32.0000 best_alt=22.0000 gap=10.0000 tried=5 sep_labels=22 clique_frac=0.09
t=17594ms iter=88 REBUILD reject new_tc=36.0875 (was 33.4225)
t=17657ms iter=88 incumb=33.4225 ratchet=34.7492 best=33.4225 since_improve=57
t=17665ms iter=89 WAIST cost=32.0000 best_alt=22.0000 gap=10.0000 tried=5 sep_labels=22 clique_frac=0.09
t=17784ms iter=89 REBUILD reject new_tc=35.9502 (was 33.4225)
t=17849ms iter=89 incumb=33.4225 ratchet=34.9753 best=33.4225 since_improve=58
t=17857ms iter=90 WAIST cost=32.0000 best_alt=22.0000 gap=10.0000 tried=5 sep_labels=22 clique_frac=0.09
t=17976ms iter=90 REBUILD reject new_tc=36.9003 (was 33.4225)
t=18072ms iter=90 incumb=33.4225 ratchet=34.8282 best=33.4225 since_improve=59
t=18080ms iter=91 WAIST cost=32.0000 best_alt=22.0000 gap=10.0000 tried=5 sep_labels=22 clique_frac=0.09
t=18199ms iter=91 REBUILD reject new_tc=35.6518 (was 33.4225)
t=18262ms iter=91 incumb=33.4225 ratchet=33.6988 best=33.4225 since_improve=60
t=18270ms iter=92 WAIST cost=32.0000 best_alt=22.0000 gap=10.0000 tried=5 sep_labels=22 clique_frac=0.09
t=18390ms iter=92 REBUILD reject new_tc=36.5665 (was 33.4225)
t=18453ms iter=92 incumb=33.4225 ratchet=34.9797 best=33.4225 since_improve=61
t=18461ms iter=93 WAIST cost=32.0000 best_alt=22.0000 gap=10.0000 tried=5 sep_labels=22 clique_frac=0.09
t=18579ms iter=93 REBUILD reject new_tc=35.6261 (was 33.4225)
t=18654ms iter=93 incumb=33.4225 ratchet=34.8788 best=33.4225 since_improve=62
t=18665ms iter=94 WAIST cost=32.0000 best_alt=21.0000 gap=11.0000 tried=5 sep_labels=21 clique_frac=0.00
t=18783ms iter=94 REBUILD reject new_tc=36.3295 (was 33.4225)
t=18847ms iter=94 incumb=33.4225 ratchet=34.9523 best=33.4225 since_improve=63
t=18857ms iter=95 WAIST cost=32.0000 best_alt=21.0000 gap=11.0000 tried=5 sep_labels=21 clique_frac=0.00
t=18973ms iter=95 REBUILD reject new_tc=36.3309 (was 33.4225)
t=19038ms iter=95 incumb=33.4225 ratchet=35.3897 best=33.4225 since_improve=64
t=19048ms iter=96 WAIST cost=32.0000 best_alt=21.0000 gap=11.0000 tried=5 sep_labels=21 clique_frac=0.00
t=19165ms iter=96 REBUILD reject new_tc=36.4339 (was 33.4225)
t=19229ms iter=96 incumb=33.4225 ratchet=34.7626 best=33.4225 since_improve=65
t=19239ms iter=97 WAIST cost=32.0000 best_alt=21.0000 gap=11.0000 tried=5 sep_labels=21 clique_frac=0.00
t=19356ms iter=97 REBUILD reject new_tc=34.2198 (was 33.4225)
t=19419ms iter=97 incumb=33.4225 ratchet=34.7280 best=33.4225 since_improve=66
t=19427ms iter=98 WAIST cost=32.0000 best_alt=22.0000 gap=10.0000 tried=5 sep_labels=22 clique_frac=0.09
t=19580ms iter=98 REBUILD reject new_tc=36.7466 (was 33.4225)
t=19659ms iter=98 incumb=33.4225 ratchet=35.2815 best=33.4225 since_improve=67
t=19667ms iter=99 WAIST cost=32.0000 best_alt=22.0000 gap=10.0000 tried=5 sep_labels=22 clique_frac=0.09
t=19788ms iter=99 REBUILD reject new_tc=36.5900 (was 33.4225)
t=19852ms iter=99 incumb=33.4225 ratchet=34.8630 best=33.4225 since_improve=68
t=19860ms iter=100 WAIST cost=32.0000 best_alt=22.0000 gap=10.0000 tried=5 sep_labels=22 clique_frac=0.09
t=19978ms iter=100 REBUILD reject new_tc=36.5954 (was 33.4225)
t=20042ms iter=100 incumb=33.4225 ratchet=35.2866 best=33.4225 since_improve=69
t=20050ms iter=101 WAIST cost=32.0000 best_alt=22.0000 gap=10.0000 tried=5 sep_labels=22 clique_frac=0.09
t=20168ms iter=101 REBUILD reject new_tc=36.7703 (was 33.4225)
t=20232ms iter=101 incumb=33.4225 ratchet=34.9382 best=33.4225 since_improve=70
t=20240ms iter=102 WAIST cost=32.0000 best_alt=22.0000 gap=10.0000 tried=5 sep_labels=22 clique_frac=0.09
t=20359ms iter=102 REBUILD reject new_tc=35.7313 (was 33.4225)
t=20424ms iter=102 incumb=33.4225 ratchet=35.3390 best=33.4225 since_improve=71
t=20432ms iter=103 WAIST cost=32.0000 best_alt=22.0000 gap=10.0000 tried=5 sep_labels=22 clique_frac=0.09
t=20552ms iter=103 REBUILD reject new_tc=35.9700 (was 33.4225)
t=20618ms iter=103 incumb=33.4225 ratchet=34.9173 best=33.4225 since_improve=72
t=20626ms iter=104 WAIST cost=32.0000 best_alt=22.0000 gap=10.0000 tried=5 sep_labels=22 clique_frac=0.09
t=20746ms iter=104 REBUILD reject new_tc=36.3262 (was 33.4225)
t=20809ms iter=104 incumb=33.4225 ratchet=35.1323 best=33.4225 since_improve=73
t=20817ms iter=105 WAIST cost=32.0000 best_alt=22.0000 gap=10.0000 tried=5 sep_labels=22 clique_frac=0.09
t=20939ms iter=105 REBUILD reject new_tc=36.9589 (was 33.4225)
t=21002ms iter=105 incumb=33.4225 ratchet=34.9579 best=33.4225 since_improve=74
t=21010ms iter=106 WAIST cost=32.0000 best_alt=22.0000 gap=10.0000 tried=5 sep_labels=22 clique_frac=0.09
t=21130ms iter=106 REBUILD reject new_tc=36.5446 (was 33.4225)
t=21194ms iter=106 incumb=33.4225 ratchet=35.0311 best=33.4225 since_improve=75
t=21202ms iter=107 WAIST cost=32.0000 best_alt=22.0000 gap=10.0000 tried=5 sep_labels=22 clique_frac=0.09
t=21321ms iter=107 REBUILD reject new_tc=36.5402 (was 33.4225)
t=21391ms iter=107 incumb=33.4225 ratchet=41.5821 best=33.4225 since_improve=76
t=21399ms iter=108 WAIST cost=32.0000 best_alt=22.0000 gap=10.0000 tried=5 sep_labels=22 clique_frac=0.09
t=21518ms iter=108 REBUILD reject new_tc=36.6198 (was 33.4225)
t=21582ms iter=108 incumb=33.4225 ratchet=34.9458 best=33.4225 since_improve=77
t=21590ms iter=109 WAIST cost=32.0000 best_alt=22.0000 gap=10.0000 tried=5 sep_labels=22 clique_frac=0.09
t=21708ms iter=109 REBUILD reject new_tc=36.9499 (was 33.4225)
t=21771ms iter=109 incumb=33.4225 ratchet=34.5936 best=33.4225 since_improve=78
t=21782ms iter=110 WAIST cost=32.0000 best_alt=21.0000 gap=11.0000 tried=5 sep_labels=21 clique_frac=0.00
t=21900ms iter=110 REBUILD reject new_tc=35.7012 (was 33.4225)
t=21963ms iter=110 incumb=33.4225 ratchet=35.0203 best=33.4225 since_improve=79
t=21971ms iter=111 WAIST cost=32.0000 best_alt=22.0000 gap=10.0000 tried=5 sep_labels=22 clique_frac=0.09
t=22090ms iter=111 REBUILD reject new_tc=36.6409 (was 33.4225)
t=22157ms iter=111 incumb=33.4225 ratchet=41.1318 best=33.4225 since_improve=80
t=22166ms iter=112 WAIST cost=32.0000 best_alt=21.0000 gap=11.0000 tried=5 sep_labels=21 clique_frac=0.00
t=22281ms iter=112 REBUILD reject new_tc=35.2153 (was 33.4225)
t=22344ms iter=112 incumb=33.4225 ratchet=34.6553 best=33.4225 since_improve=81
t=22352ms iter=113 WAIST cost=32.0000 best_alt=22.0000 gap=10.0000 tried=5 sep_labels=22 clique_frac=0.09
t=22472ms iter=113 REBUILD reject new_tc=37.2797 (was 33.4225)
t=22536ms iter=113 incumb=33.4225 ratchet=34.6754 best=33.4225 since_improve=82
t=22544ms iter=114 WAIST cost=32.0000 best_alt=22.0000 gap=10.0000 tried=5 sep_labels=22 clique_frac=0.09
t=22665ms iter=114 REBUILD reject new_tc=36.4646 (was 33.4225)
t=22729ms iter=114 incumb=33.4225 ratchet=35.1606 best=33.4225 since_improve=83
t=22739ms iter=115 WAIST cost=32.0000 best_alt=21.0000 gap=11.0000 tried=5 sep_labels=21 clique_frac=0.00
t=22857ms iter=115 REBUILD reject new_tc=35.8492 (was 33.4225)
t=22921ms iter=115 incumb=33.4225 ratchet=35.0578 best=33.4225 since_improve=84
t=22930ms iter=116 WAIST cost=32.0000 best_alt=21.0000 gap=11.0000 tried=5 sep_labels=21 clique_frac=0.00
t=23043ms iter=116 REBUILD reject new_tc=34.7699 (was 33.4225)
t=23106ms iter=116 incumb=33.4225 ratchet=35.0098 best=33.4225 since_improve=85
t=23115ms iter=117 WAIST cost=32.0000 best_alt=22.0000 gap=10.0000 tried=5 sep_labels=22 clique_frac=0.09
t=23234ms iter=117 REBUILD reject new_tc=37.5459 (was 33.4225)
t=23297ms iter=117 incumb=33.4225 ratchet=34.7288 best=33.4225 since_improve=86
t=23306ms iter=118 WAIST cost=32.0000 best_alt=21.0000 gap=11.0000 tried=5 sep_labels=21 clique_frac=0.00
t=23420ms iter=118 REBUILD reject new_tc=35.4092 (was 33.4225)
t=23484ms iter=118 incumb=33.4225 ratchet=35.5516 best=33.4225 since_improve=87
t=23494ms iter=119 WAIST cost=32.0000 best_alt=21.0000 gap=11.0000 tried=5 sep_labels=21 clique_frac=0.00
t=23611ms iter=119 REBUILD reject new_tc=34.7682 (was 33.4225)
t=23674ms iter=119 incumb=33.4225 ratchet=34.7033 best=33.4225 since_improve=88
t=23685ms iter=120 WAIST cost=32.0000 best_alt=21.0000 gap=11.0000 tried=5 sep_labels=21 clique_frac=0.00
t=23803ms iter=120 REBUILD reject new_tc=36.0721 (was 33.4225)
t=23865ms iter=120 incumb=33.4225 ratchet=34.7160 best=33.4225 since_improve=89
t=23875ms iter=121 WAIST cost=32.0000 best_alt=21.0000 gap=11.0000 tried=5 sep_labels=21 clique_frac=0.00
t=23989ms iter=121 REBUILD reject new_tc=35.3422 (was 33.4225)
t=24053ms iter=121 incumb=33.4225 ratchet=35.5430 best=33.4225 since_improve=90
t=24066ms iter=122 WAIST cost=32.0000 best_alt=21.0000 gap=11.0000 tried=5 sep_labels=21 clique_frac=0.00
t=24182ms iter=122 REBUILD reject new_tc=36.1192 (was 33.4225)
t=24246ms iter=122 incumb=33.4225 ratchet=34.9849 best=33.4225 since_improve=91
t=24255ms iter=123 WAIST cost=32.0000 best_alt=22.0000 gap=10.0000 tried=5 sep_labels=22 clique_frac=0.09
t=24373ms iter=123 REBUILD reject new_tc=36.5551 (was 33.4225)
t=24438ms iter=123 incumb=33.4225 ratchet=35.7378 best=33.4225 since_improve=92
t=24448ms iter=124 WAIST cost=32.0000 best_alt=21.0000 gap=11.0000 tried=5 sep_labels=21 clique_frac=0.00
t=24566ms iter=124 REBUILD reject new_tc=36.0028 (was 33.4225)
t=24630ms iter=124 incumb=33.4225 ratchet=34.2431 best=33.4225 since_improve=93
t=24640ms iter=125 WAIST cost=32.0000 best_alt=21.0000 gap=11.0000 tried=5 sep_labels=21 clique_frac=0.00
t=24757ms iter=125 REBUILD reject new_tc=36.0145 (was 33.4225)
t=24822ms iter=125 incumb=33.4225 ratchet=35.0352 best=33.4225 since_improve=94
t=24830ms iter=126 WAIST cost=32.0000 best_alt=22.0000 gap=10.0000 tried=5 sep_labels=22 clique_frac=0.09
t=24956ms iter=126 REBUILD reject new_tc=36.6122 (was 33.4225)
t=25020ms iter=126 incumb=33.4225 ratchet=35.5998 best=33.4225 since_improve=95
t=25029ms iter=127 WAIST cost=32.0000 best_alt=22.0000 gap=10.0000 tried=5 sep_labels=22 clique_frac=0.09
t=25163ms iter=127 REBUILD reject new_tc=36.6605 (was 33.4225)
t=25226ms iter=127 incumb=33.4225 ratchet=34.7423 best=33.4225 since_improve=96
t=25235ms iter=128 WAIST cost=32.0000 best_alt=22.0000 gap=10.0000 tried=5 sep_labels=22 clique_frac=0.09
t=25352ms iter=128 REBUILD reject new_tc=36.6388 (was 33.4225)
t=25415ms iter=128 incumb=33.4225 ratchet=34.0643 best=33.4225 since_improve=97
t=25423ms iter=129 WAIST cost=32.0000 best_alt=22.0000 gap=10.0000 tried=5 sep_labels=22 clique_frac=0.09
t=25540ms iter=129 REBUILD reject new_tc=37.2333 (was 33.4225)
t=25604ms iter=129 incumb=33.4225 ratchet=35.0134 best=33.4225 since_improve=98
t=25614ms iter=130 WAIST cost=32.0000 best_alt=21.0000 gap=11.0000 tried=5 sep_labels=21 clique_frac=0.00
t=25741ms iter=130 REBUILD reject new_tc=36.4215 (was 33.4225)
t=25804ms iter=130 incumb=33.4225 ratchet=35.2362 best=33.4225 since_improve=99
t=25814ms iter=131 WAIST cost=32.0000 best_alt=21.0000 gap=11.0000 tried=5 sep_labels=21 clique_frac=0.00
t=25932ms iter=131 REBUILD reject new_tc=36.6518 (was 33.4225)
t=26052ms iter=131 incumb=33.4225 ratchet=35.2585 best=33.4225 since_improve=100
t=26060ms iter=132 WAIST cost=32.0000 best_alt=22.0000 gap=10.0000 tried=5 sep_labels=22 clique_frac=0.09
t=26178ms iter=132 REBUILD reject new_tc=36.1181 (was 33.4225)
t=26241ms iter=132 incumb=33.4225 ratchet=35.0078 best=33.4225 since_improve=101
t=26251ms iter=133 WAIST cost=32.0000 best_alt=21.0000 gap=11.0000 tried=5 sep_labels=21 clique_frac=0.00
t=26368ms iter=133 REBUILD reject new_tc=36.5394 (was 33.4225)
t=26436ms iter=133 incumb=33.4225 ratchet=43.1703 best=33.4225 since_improve=102
t=26446ms iter=134 WAIST cost=32.0000 best_alt=21.0000 gap=11.0000 tried=5 sep_labels=21 clique_frac=0.00
t=26563ms iter=134 REBUILD reject new_tc=36.3278 (was 33.4225)
t=26627ms iter=134 incumb=33.4225 ratchet=34.9870 best=33.4225 since_improve=103
t=26635ms iter=135 WAIST cost=32.0000 best_alt=22.0000 gap=10.0000 tried=5 sep_labels=22 clique_frac=0.09
t=26755ms iter=135 REBUILD reject new_tc=36.6339 (was 33.4225)
t=26818ms iter=135 incumb=33.4225 ratchet=34.9659 best=33.4225 since_improve=104
t=26827ms iter=136 WAIST cost=32.0000 best_alt=21.0000 gap=11.0000 tried=5 sep_labels=21 clique_frac=0.00
t=26943ms iter=136 REBUILD reject new_tc=35.5036 (was 33.4225)
t=27006ms iter=136 incumb=33.4225 ratchet=35.0891 best=33.4225 since_improve=105
t=27015ms iter=137 WAIST cost=32.0000 best_alt=22.0000 gap=10.0000 tried=5 sep_labels=22 clique_frac=0.09
t=27132ms iter=137 REBUILD reject new_tc=36.2625 (was 33.4225)
t=27197ms iter=137 incumb=33.4225 ratchet=35.0460 best=33.4225 since_improve=106
t=27205ms iter=138 WAIST cost=32.0000 best_alt=22.0000 gap=10.0000 tried=5 sep_labels=22 clique_frac=0.09
t=27323ms iter=138 REBUILD reject new_tc=36.3309 (was 33.4225)
t=27387ms iter=138 incumb=33.4225 ratchet=34.9853 best=33.4225 since_improve=107
t=27398ms iter=139 WAIST cost=32.0000 best_alt=21.0000 gap=11.0000 tried=5 sep_labels=21 clique_frac=0.00
t=27515ms iter=139 REBUILD reject new_tc=36.4354 (was 33.4225)
t=27578ms iter=139 incumb=33.4225 ratchet=35.1237 best=33.4225 since_improve=108
t=27586ms iter=140 WAIST cost=32.0000 best_alt=22.0000 gap=10.0000 tried=5 sep_labels=22 clique_frac=0.09
t=27703ms iter=140 REBUILD reject new_tc=36.5315 (was 33.4225)
t=27767ms iter=140 incumb=33.4225 ratchet=35.2148 best=33.4225 since_improve=109
t=27776ms iter=141 WAIST cost=32.0000 best_alt=21.0000 gap=11.0000 tried=5 sep_labels=21 clique_frac=0.00
t=27894ms iter=141 REBUILD reject new_tc=36.3130 (was 33.4225)
t=27957ms iter=141 incumb=33.4225 ratchet=34.8991 best=33.4225 since_improve=110
t=27965ms iter=142 WAIST cost=32.0000 best_alt=22.0000 gap=10.0000 tried=5 sep_labels=22 clique_frac=0.09
t=28085ms iter=142 REBUILD reject new_tc=36.7589 (was 33.4225)
t=28149ms iter=142 incumb=33.4225 ratchet=35.0517 best=33.4225 since_improve=111
t=28158ms iter=143 WAIST cost=32.0000 best_alt=21.0000 gap=11.0000 tried=5 sep_labels=21 clique_frac=0.00
t=28276ms iter=143 REBUILD reject new_tc=35.8096 (was 33.4225)
t=28339ms iter=143 incumb=33.4225 ratchet=34.6366 best=33.4225 since_improve=112
t=28349ms iter=144 WAIST cost=32.0000 best_alt=21.0000 gap=11.0000 tried=5 sep_labels=21 clique_frac=0.00
t=28462ms iter=144 REBUILD reject new_tc=35.3821 (was 33.4225)
t=28526ms iter=144 incumb=33.4225 ratchet=35.0553 best=33.4225 since_improve=113
t=28534ms iter=145 WAIST cost=32.0000 best_alt=22.0000 gap=10.0000 tried=5 sep_labels=22 clique_frac=0.09
t=28653ms iter=145 REBUILD reject new_tc=37.3178 (was 33.4225)
t=28716ms iter=145 incumb=33.4225 ratchet=34.6877 best=33.4225 since_improve=114
t=28726ms iter=146 WAIST cost=32.0000 best_alt=21.0000 gap=11.0000 tried=5 sep_labels=21 clique_frac=0.00
t=28842ms iter=146 REBUILD reject new_tc=36.3400 (was 33.4225)
t=28905ms iter=146 incumb=33.4225 ratchet=34.7921 best=33.4225 since_improve=115
t=28913ms iter=147 WAIST cost=32.0000 best_alt=22.0000 gap=10.0000 tried=5 sep_labels=22 clique_frac=0.09
t=29031ms iter=147 REBUILD reject new_tc=36.5197 (was 33.4225)
t=29094ms iter=147 incumb=33.4225 ratchet=34.8284 best=33.4225 since_improve=116
t=29102ms iter=148 WAIST cost=32.0000 best_alt=22.0000 gap=10.0000 tried=5 sep_labels=22 clique_frac=0.09
t=29220ms iter=148 REBUILD reject new_tc=36.4523 (was 33.4225)
t=29284ms iter=148 incumb=33.4225 ratchet=35.2705 best=33.4225 since_improve=117
t=29297ms iter=149 WAIST cost=32.0000 best_alt=21.0000 gap=11.0000 tried=5 sep_labels=21 clique_frac=0.00
t=29415ms iter=149 REBUILD reject new_tc=35.7635 (was 33.4225)
t=29480ms iter=149 incumb=33.4225 ratchet=33.7370 best=33.4225 since_improve=118
t=29488ms iter=150 WAIST cost=32.0000 best_alt=22.0000 gap=10.0000 tried=5 sep_labels=22 clique_frac=0.09
t=29607ms iter=150 REBUILD reject new_tc=35.7414 (was 33.4225)
t=29670ms iter=150 incumb=33.4225 ratchet=34.7813 best=33.4225 since_improve=119
t=29680ms iter=151 WAIST cost=32.0000 best_alt=21.0000 gap=11.0000 tried=5 sep_labels=21 clique_frac=0.00
t=29796ms iter=151 REBUILD reject new_tc=36.4094 (was 33.4225)
t=29860ms iter=151 incumb=33.4225 ratchet=34.9811 best=33.4225 since_improve=120
t=29870ms iter=152 WAIST cost=32.0000 best_alt=21.0000 gap=11.0000 tried=5 sep_labels=21 clique_frac=0.00
t=29987ms iter=152 REBUILD reject new_tc=36.0589 (was 33.4225)
t=30051ms iter=152 incumb=33.4225 ratchet=34.7521 best=33.4225 since_improve=121
t=30059ms iter=153 WAIST cost=32.0000 best_alt=22.0000 gap=10.0000 tried=5 sep_labels=22 clique_frac=0.09
t=30177ms iter=153 REBUILD reject new_tc=34.4524 (was 33.4225)
t=30240ms iter=153 incumb=33.4225 ratchet=34.8540 best=33.4225 since_improve=122
t=30248ms iter=154 WAIST cost=32.0000 best_alt=22.0000 gap=10.0000 tried=5 sep_labels=22 clique_frac=0.09
t=30366ms iter=154 REBUILD reject new_tc=35.9922 (was 33.4225)
t=30429ms iter=154 incumb=33.4225 ratchet=35.0041 best=33.4225 since_improve=123
t=30437ms iter=155 WAIST cost=32.0000 best_alt=22.0000 gap=10.0000 tried=5 sep_labels=22 clique_frac=0.09
t=30554ms iter=155 REBUILD reject new_tc=36.4859 (was 33.4225)
t=30617ms iter=155 incumb=33.4225 ratchet=34.9032 best=33.4225 since_improve=124
t=30625ms iter=156 WAIST cost=32.0000 best_alt=22.0000 gap=10.0000 tried=5 sep_labels=22 clique_frac=0.09
t=30744ms iter=156 REBUILD reject new_tc=36.6080 (was 33.4225)
t=30807ms iter=156 incumb=33.4225 ratchet=35.4566 best=33.4225 since_improve=125
t=30815ms iter=157 WAIST cost=32.0000 best_alt=22.0000 gap=10.0000 tried=5 sep_labels=22 clique_frac=0.09
t=30935ms iter=157 REBUILD reject new_tc=37.4183 (was 33.4225)
t=30998ms iter=157 incumb=33.4225 ratchet=35.0317 best=33.4225 since_improve=126
t=31008ms iter=158 WAIST cost=32.0000 best_alt=21.0000 gap=11.0000 tried=5 sep_labels=21 clique_frac=0.00
t=31122ms iter=158 REBUILD reject new_tc=35.5370 (was 33.4225)
t=31186ms iter=158 incumb=33.4225 ratchet=35.1155 best=33.4225 since_improve=127
t=31195ms iter=159 WAIST cost=32.0000 best_alt=21.0000 gap=11.0000 tried=5 sep_labels=21 clique_frac=0.00
t=31309ms iter=159 REBUILD reject new_tc=35.5100 (was 33.4225)
t=31373ms iter=159 incumb=33.4225 ratchet=35.2139 best=33.4225 since_improve=128
t=31381ms iter=160 WAIST cost=32.0000 best_alt=22.0000 gap=10.0000 tried=5 sep_labels=22 clique_frac=0.09
t=31500ms iter=160 REBUILD reject new_tc=36.6022 (was 33.4225)
t=31564ms iter=160 incumb=33.4225 ratchet=34.7873 best=33.4225 since_improve=129
t=31572ms iter=161 WAIST cost=32.0000 best_alt=22.0000 gap=10.0000 tried=5 sep_labels=22 clique_frac=0.09
t=31690ms iter=161 REBUILD reject new_tc=37.4831 (was 33.4225)
t=31753ms iter=161 incumb=33.4225 ratchet=34.6035 best=33.4225 since_improve=130
t=31762ms iter=162 WAIST cost=32.0000 best_alt=21.0000 gap=11.0000 tried=5 sep_labels=21 clique_frac=0.00
t=31876ms iter=162 REBUILD reject new_tc=35.4901 (was 33.4225)
t=31939ms iter=162 incumb=33.4225 ratchet=34.9111 best=33.4225 since_improve=131
t=31950ms iter=163 WAIST cost=32.0000 best_alt=21.0000 gap=11.0000 tried=5 sep_labels=21 clique_frac=0.00
t=32068ms iter=163 REBUILD reject new_tc=36.5472 (was 33.4225)
t=32136ms iter=163 incumb=33.4225 ratchet=42.6422 best=33.4225 since_improve=132
t=32145ms iter=164 WAIST cost=32.0000 best_alt=21.0000 gap=11.0000 tried=5 sep_labels=21 clique_frac=0.00
t=32259ms iter=164 REBUILD reject new_tc=34.3054 (was 33.4225)
t=32328ms iter=164 incumb=33.4225 ratchet=35.5052 best=33.4225 since_improve=133
t=32336ms iter=165 WAIST cost=32.0000 best_alt=22.0000 gap=10.0000 tried=5 sep_labels=22 clique_frac=0.09
t=32453ms iter=165 REBUILD reject new_tc=36.5858 (was 33.4225)
t=32516ms iter=165 incumb=33.4225 ratchet=34.4033 best=33.4225 since_improve=134
t=32529ms iter=166 WAIST cost=32.0000 best_alt=21.0000 gap=11.0000 tried=5 sep_labels=21 clique_frac=0.00
t=32646ms iter=166 REBUILD reject new_tc=34.4394 (was 33.4225)
t=32710ms iter=166 incumb=33.4225 ratchet=35.0209 best=33.4225 since_improve=135
t=32718ms iter=167 WAIST cost=32.0000 best_alt=22.0000 gap=10.0000 tried=5 sep_labels=22 clique_frac=0.09
t=32838ms iter=167 REBUILD reject new_tc=36.5097 (was 33.4225)
t=32901ms iter=167 incumb=33.4225 ratchet=34.8730 best=33.4225 since_improve=136
t=32909ms iter=168 WAIST cost=32.0000 best_alt=22.0000 gap=10.0000 tried=5 sep_labels=22 clique_frac=0.09
t=33028ms iter=168 REBUILD reject new_tc=37.0028 (was 33.4225)
t=33093ms iter=168 incumb=33.4225 ratchet=35.0726 best=33.4225 since_improve=137
t=33102ms iter=169 WAIST cost=32.0000 best_alt=21.0000 gap=11.0000 tried=5 sep_labels=21 clique_frac=0.00
t=33218ms iter=169 REBUILD reject new_tc=36.4720 (was 33.4225)
t=33281ms iter=169 incumb=33.4225 ratchet=35.0248 best=33.4225 since_improve=138
t=33289ms iter=170 WAIST cost=32.0000 best_alt=22.0000 gap=10.0000 tried=5 sep_labels=22 clique_frac=0.09
t=33409ms iter=170 REBUILD reject new_tc=36.7937 (was 33.4225)
t=33472ms iter=170 incumb=33.4225 ratchet=35.0129 best=33.4225 since_improve=139
t=33481ms iter=171 WAIST cost=32.0000 best_alt=21.0000 gap=11.0000 tried=5 sep_labels=21 clique_frac=0.00
t=33596ms iter=171 REBUILD reject new_tc=35.5471 (was 33.4225)
t=33660ms iter=171 incumb=33.4225 ratchet=35.0350 best=33.4225 since_improve=140
t=33668ms iter=172 WAIST cost=32.0000 best_alt=22.0000 gap=10.0000 tried=5 sep_labels=22 clique_frac=0.09
t=33787ms iter=172 REBUILD reject new_tc=36.6411 (was 33.4225)
t=33851ms iter=172 incumb=33.4225 ratchet=35.0462 best=33.4225 since_improve=141
t=33859ms iter=173 WAIST cost=32.0000 best_alt=22.0000 gap=10.0000 tried=5 sep_labels=22 clique_frac=0.09
t=33978ms iter=173 REBUILD reject new_tc=36.7475 (was 33.4225)
t=34042ms iter=173 incumb=33.4225 ratchet=35.1095 best=33.4225 since_improve=142
t=34053ms iter=174 WAIST cost=32.0000 best_alt=21.0000 gap=11.0000 tried=5 sep_labels=21 clique_frac=0.00
t=34170ms iter=174 REBUILD reject new_tc=35.7995 (was 33.4225)
t=34233ms iter=174 incumb=33.4225 ratchet=34.7412 best=33.4225 since_improve=143
t=34241ms iter=175 WAIST cost=32.0000 best_alt=22.0000 gap=10.0000 tried=5 sep_labels=22 clique_frac=0.09
t=34360ms iter=175 REBUILD reject new_tc=36.6504 (was 33.4225)
t=34424ms iter=175 incumb=33.4225 ratchet=35.2901 best=33.4225 since_improve=144
t=34433ms iter=176 WAIST cost=32.0000 best_alt=21.0000 gap=11.0000 tried=5 sep_labels=21 clique_frac=0.00
t=34548ms iter=176 REBUILD reject new_tc=35.2498 (was 33.4225)
t=34612ms iter=176 incumb=33.4225 ratchet=35.0475 best=33.4225 since_improve=145
t=34622ms iter=177 WAIST cost=32.0000 best_alt=21.0000 gap=11.0000 tried=5 sep_labels=21 clique_frac=0.00
t=34739ms iter=177 REBUILD reject new_tc=36.4495 (was 33.4225)
t=34802ms iter=177 incumb=33.4225 ratchet=35.1347 best=33.4225 since_improve=146
t=34812ms iter=178 WAIST cost=32.0000 best_alt=21.0000 gap=11.0000 tried=5 sep_labels=21 clique_frac=0.00
t=34925ms iter=178 REBUILD reject new_tc=34.4277 (was 33.4225)
t=34988ms iter=178 incumb=33.4225 ratchet=34.9451 best=33.4225 since_improve=147
t=34996ms iter=179 WAIST cost=32.0000 best_alt=22.0000 gap=10.0000 tried=5 sep_labels=22 clique_frac=0.09
t=35115ms iter=179 REBUILD reject new_tc=36.5988 (was 33.4225)
t=35179ms iter=179 incumb=33.4225 ratchet=34.7267 best=33.4225 since_improve=148
t=35190ms iter=180 WAIST cost=32.0000 best_alt=21.0000 gap=11.0000 tried=5 sep_labels=21 clique_frac=0.00
t=35308ms iter=180 REBUILD reject new_tc=36.5159 (was 33.4225)
t=35371ms iter=180 incumb=33.4225 ratchet=35.1813 best=33.4225 since_improve=149
t=35380ms iter=181 WAIST cost=32.0000 best_alt=21.0000 gap=11.0000 tried=5 sep_labels=21 clique_frac=0.00
t=35496ms iter=181 REBUILD reject new_tc=34.6603 (was 33.4225)
t=35559ms iter=181 incumb=33.4225 ratchet=33.8991 best=33.4225 since_improve=150
t=35569ms iter=182 WAIST cost=32.0000 best_alt=21.0000 gap=11.0000 tried=5 sep_labels=21 clique_frac=0.00
t=35686ms iter=182 REBUILD reject new_tc=35.3053 (was 33.4225)
t=35750ms iter=182 incumb=33.4225 ratchet=33.9017 best=33.4225 since_improve=151
t=35758ms iter=183 WAIST cost=32.0000 best_alt=22.0000 gap=10.0000 tried=5 sep_labels=22 clique_frac=0.09
t=35877ms iter=183 REBUILD reject new_tc=36.6750 (was 33.4225)
t=35941ms iter=183 incumb=33.4225 ratchet=34.9861 best=33.4225 since_improve=152
t=35949ms iter=184 WAIST cost=32.0000 best_alt=22.0000 gap=10.0000 tried=5 sep_labels=22 clique_frac=0.09
t=36069ms iter=184 REBUILD reject new_tc=35.9195 (was 33.4225)
t=36132ms iter=184 incumb=33.4225 ratchet=35.0392 best=33.4225 since_improve=153
t=36140ms iter=185 WAIST cost=32.0000 best_alt=22.0000 gap=10.0000 tried=5 sep_labels=22 clique_frac=0.09
t=36259ms iter=185 REBUILD reject new_tc=35.9653 (was 33.4225)
t=36323ms iter=185 incumb=33.4225 ratchet=34.8392 best=33.4225 since_improve=154
t=36331ms iter=186 WAIST cost=32.0000 best_alt=22.0000 gap=10.0000 tried=5 sep_labels=22 clique_frac=0.09
t=36449ms iter=186 REBUILD reject new_tc=36.6905 (was 33.4225)
t=36514ms iter=186 incumb=33.4225 ratchet=35.3615 best=33.4225 since_improve=155
t=36522ms iter=187 WAIST cost=32.0000 best_alt=22.0000 gap=10.0000 tried=5 sep_labels=22 clique_frac=0.09
t=36639ms iter=187 REBUILD reject new_tc=36.2974 (was 33.4225)
t=36702ms iter=187 incumb=33.4225 ratchet=34.9859 best=33.4225 since_improve=156
t=36710ms iter=188 WAIST cost=32.0000 best_alt=22.0000 gap=10.0000 tried=5 sep_labels=22 clique_frac=0.09
t=36829ms iter=188 REBUILD reject new_tc=36.5185 (was 33.4225)
t=36892ms iter=188 incumb=33.4225 ratchet=33.7421 best=33.4225 since_improve=157
t=36901ms iter=189 WAIST cost=32.0000 best_alt=21.0000 gap=11.0000 tried=5 sep_labels=21 clique_frac=0.00
t=37018ms iter=189 REBUILD reject new_tc=35.2181 (was 33.4225)
t=37080ms iter=189 incumb=33.4225 ratchet=34.9220 best=33.4225 since_improve=158
t=37089ms iter=190 WAIST cost=32.0000 best_alt=22.0000 gap=10.0000 tried=5 sep_labels=22 clique_frac=0.09
t=37207ms iter=190 REBUILD reject new_tc=36.8729 (was 33.4225)
t=37271ms iter=190 incumb=33.4225 ratchet=34.9578 best=33.4225 since_improve=159
t=37280ms iter=191 WAIST cost=32.0000 best_alt=21.0000 gap=11.0000 tried=5 sep_labels=21 clique_frac=0.00
t=37394ms iter=191 REBUILD reject new_tc=34.9986 (was 33.4225)
t=37457ms iter=191 incumb=33.4225 ratchet=35.0490 best=33.4225 since_improve=160
t=37467ms iter=192 WAIST cost=32.0000 best_alt=21.0000 gap=11.0000 tried=5 sep_labels=21 clique_frac=0.00
t=37580ms iter=192 REBUILD reject new_tc=35.4637 (was 33.4225)
t=37645ms iter=192 incumb=33.4225 ratchet=35.1534 best=33.4225 since_improve=161
t=37657ms iter=193 WAIST cost=32.0000 best_alt=21.0000 gap=11.0000 tried=5 sep_labels=21 clique_frac=0.00
t=37771ms iter=193 REBUILD reject new_tc=35.7500 (was 33.4225)
t=37834ms iter=193 incumb=33.4225 ratchet=34.0190 best=33.4225 since_improve=162
t=37845ms iter=194 WAIST cost=32.0000 best_alt=21.0000 gap=11.0000 tried=5 sep_labels=21 clique_frac=0.00
t=37960ms iter=194 REBUILD reject new_tc=34.4968 (was 33.4225)
t=38024ms iter=194 incumb=33.4225 ratchet=34.9617 best=33.4225 since_improve=163
t=38033ms iter=195 WAIST cost=32.0000 best_alt=21.0000 gap=11.0000 tried=5 sep_labels=21 clique_frac=0.00
t=38147ms iter=195 REBUILD reject new_tc=35.5835 (was 33.4225)
t=38210ms iter=195 incumb=33.4225 ratchet=35.2453 best=33.4225 since_improve=164
t=38218ms iter=196 WAIST cost=32.0000 best_alt=22.0000 gap=10.0000 tried=5 sep_labels=22 clique_frac=0.09
t=38335ms iter=196 REBUILD reject new_tc=36.6429 (was 33.4225)
t=38399ms iter=196 incumb=33.4225 ratchet=35.1124 best=33.4225 since_improve=165
t=38407ms iter=197 WAIST cost=32.0000 best_alt=22.0000 gap=10.0000 tried=5 sep_labels=22 clique_frac=0.09
t=38527ms iter=197 REBUILD reject new_tc=36.2476 (was 33.4225)
t=38590ms iter=197 incumb=33.4225 ratchet=34.6678 best=33.4225 since_improve=166
t=38598ms iter=198 WAIST cost=32.0000 best_alt=22.0000 gap=10.0000 tried=5 sep_labels=22 clique_frac=0.09
t=38717ms iter=198 REBUILD reject new_tc=36.6776 (was 33.4225)
t=38780ms iter=198 incumb=33.4225 ratchet=34.8219 best=33.4225 since_improve=167
t=38790ms iter=199 WAIST cost=32.0000 best_alt=21.0000 gap=11.0000 tried=5 sep_labels=21 clique_frac=0.00
t=38905ms iter=199 REBUILD reject new_tc=35.5595 (was 33.4225)
t=38969ms iter=199 incumb=33.4225 ratchet=34.9121 best=33.4225 since_improve=168
t=38978ms iter=200 WAIST cost=32.0000 best_alt=21.0000 gap=11.0000 tried=5 sep_labels=21 clique_frac=0.00
t=39092ms iter=200 REBUILD reject new_tc=35.2068 (was 33.4225)
t=39157ms iter=200 incumb=33.4225 ratchet=35.0823 best=33.4225 since_improve=169
t=39165ms iter=201 WAIST cost=32.0000 best_alt=22.0000 gap=10.0000 tried=5 sep_labels=22 clique_frac=0.09
t=39282ms iter=201 REBUILD reject new_tc=36.6794 (was 33.4225)
t=39345ms iter=201 incumb=33.4225 ratchet=34.8244 best=33.4225 since_improve=170
t=39356ms iter=202 WAIST cost=32.0000 best_alt=21.0000 gap=11.0000 tried=5 sep_labels=21 clique_frac=0.00
t=39472ms iter=202 REBUILD reject new_tc=36.5174 (was 33.4225)
t=39535ms iter=202 incumb=33.4225 ratchet=33.8364 best=33.4225 since_improve=171
t=39543ms iter=203 WAIST cost=32.0000 best_alt=22.0000 gap=10.0000 tried=5 sep_labels=22 clique_frac=0.09
t=39662ms iter=203 REBUILD reject new_tc=37.0790 (was 33.4225)
t=39725ms iter=203 incumb=33.4225 ratchet=35.0896 best=33.4225 since_improve=172
t=39733ms iter=204 WAIST cost=32.0000 best_alt=22.0000 gap=10.0000 tried=5 sep_labels=22 clique_frac=0.09
t=39851ms iter=204 REBUILD reject new_tc=36.3210 (was 33.4225)
t=39914ms iter=204 incumb=33.4225 ratchet=34.9572 best=33.4225 since_improve=173
t=39923ms iter=205 WAIST cost=32.0000 best_alt=22.0000 gap=10.0000 tried=5 sep_labels=22 clique_frac=0.09
t=40042ms iter=205 REBUILD reject new_tc=36.9336 (was 33.4225)
t=40106ms iter=205 incumb=33.4225 ratchet=35.0276 best=33.4225 since_improve=174
t=40114ms iter=206 WAIST cost=32.0000 best_alt=22.0000 gap=10.0000 tried=5 sep_labels=22 clique_frac=0.09
t=40233ms iter=206 REBUILD reject new_tc=36.5148 (was 33.4225)
t=40297ms iter=206 incumb=33.4225 ratchet=35.1669 best=33.4225 since_improve=175
t=40306ms iter=207 WAIST cost=32.0000 best_alt=21.0000 gap=11.0000 tried=5 sep_labels=21 clique_frac=0.00
t=40420ms iter=207 REBUILD reject new_tc=35.0867 (was 33.4225)
t=40483ms iter=207 incumb=33.4225 ratchet=35.0135 best=33.4225 since_improve=176
t=40491ms iter=208 WAIST cost=32.0000 best_alt=22.0000 gap=10.0000 tried=5 sep_labels=22 clique_frac=0.09
t=40610ms iter=208 REBUILD reject new_tc=36.8033 (was 33.4225)
t=40673ms iter=208 incumb=33.4225 ratchet=34.8376 best=33.4225 since_improve=177
t=40683ms iter=209 WAIST cost=32.0000 best_alt=21.0000 gap=11.0000 tried=5 sep_labels=21 clique_frac=0.00
t=40801ms iter=209 REBUILD reject new_tc=36.4578 (was 33.4225)
t=40866ms iter=209 incumb=33.4225 ratchet=35.1865 best=33.4225 since_improve=178
t=40874ms iter=210 WAIST cost=32.0000 best_alt=22.0000 gap=10.0000 tried=5 sep_labels=22 clique_frac=0.09
t=40994ms iter=210 REBUILD reject new_tc=36.8914 (was 33.4225)
t=41057ms iter=210 incumb=33.4225 ratchet=35.1302 best=33.4225 since_improve=179
t=41069ms iter=211 WAIST cost=32.0000 best_alt=21.0000 gap=11.0000 tried=5 sep_labels=21 clique_frac=0.00
t=41188ms iter=211 REBUILD reject new_tc=36.4828 (was 33.4225)
t=41250ms iter=211 incumb=33.4225 ratchet=35.0866 best=33.4225 since_improve=180
t=41258ms iter=212 WAIST cost=32.0000 best_alt=22.0000 gap=10.0000 tried=5 sep_labels=22 clique_frac=0.09
t=41376ms iter=212 REBUILD reject new_tc=36.6708 (was 33.4225)
t=41440ms iter=212 incumb=33.4225 ratchet=34.9522 best=33.4225 since_improve=181
t=41448ms iter=213 WAIST cost=32.0000 best_alt=22.0000 gap=10.0000 tried=5 sep_labels=22 clique_frac=0.09
t=41565ms iter=213 REBUILD reject new_tc=36.6897 (was 33.4225)
t=41629ms iter=213 incumb=33.4225 ratchet=35.0432 best=33.4225 since_improve=182
t=41638ms iter=214 WAIST cost=32.0000 best_alt=21.0000 gap=11.0000 tried=5 sep_labels=21 clique_frac=0.00
t=41752ms iter=214 REBUILD reject new_tc=33.8662 (was 33.4225)
t=41815ms iter=214 incumb=33.4225 ratchet=34.9518 best=33.4225 since_improve=183
t=41825ms iter=215 WAIST cost=32.0000 best_alt=21.0000 gap=11.0000 tried=5 sep_labels=21 clique_frac=0.00
t=41941ms iter=215 REBUILD reject new_tc=35.3912 (was 33.4225)
t=42004ms iter=215 incumb=33.4225 ratchet=35.0455 best=33.4225 since_improve=184
t=42017ms iter=216 WAIST cost=32.0000 best_alt=21.0000 gap=11.0000 tried=5 sep_labels=21 clique_frac=0.00
t=42131ms iter=216 REBUILD reject new_tc=35.1997 (was 33.4225)
t=42195ms iter=216 incumb=33.4225 ratchet=34.9307 best=33.4225 since_improve=185
t=42206ms iter=217 WAIST cost=32.0000 best_alt=21.0000 gap=11.0000 tried=5 sep_labels=21 clique_frac=0.00
t=42322ms iter=217 REBUILD reject new_tc=35.3493 (was 33.4225)
t=42386ms iter=217 incumb=33.4225 ratchet=34.6877 best=33.4225 since_improve=186
t=42397ms iter=218 WAIST cost=32.0000 best_alt=21.0000 gap=11.0000 tried=5 sep_labels=21 clique_frac=0.00
t=42513ms iter=218 REBUILD reject new_tc=36.2473 (was 33.4225)
t=42577ms iter=218 incumb=33.4225 ratchet=34.9408 best=33.4225 since_improve=187
t=42585ms iter=219 WAIST cost=32.0000 best_alt=22.0000 gap=10.0000 tried=5 sep_labels=22 clique_frac=0.09
t=42705ms iter=219 REBUILD reject new_tc=36.5406 (was 33.4225)
t=42767ms iter=219 incumb=33.4225 ratchet=35.0045 best=33.4225 since_improve=188
t=42776ms iter=220 WAIST cost=32.0000 best_alt=21.0000 gap=11.0000 tried=5 sep_labels=21 clique_frac=0.00
t=42890ms iter=220 REBUILD reject new_tc=34.4610 (was 33.4225)
t=42959ms iter=220 incumb=33.4225 ratchet=42.1429 best=33.4225 since_improve=189
t=42967ms iter=221 WAIST cost=32.0000 best_alt=22.0000 gap=10.0000 tried=5 sep_labels=22 clique_frac=0.09
t=43085ms iter=221 REBUILD reject new_tc=35.7744 (was 33.4225)
t=43149ms iter=221 incumb=33.4225 ratchet=35.0063 best=33.4225 since_improve=190
t=43157ms iter=222 WAIST cost=32.0000 best_alt=22.0000 gap=10.0000 tried=5 sep_labels=22 clique_frac=0.09
t=43276ms iter=222 REBUILD reject new_tc=36.7108 (was 33.4225)
t=43340ms iter=222 incumb=33.4225 ratchet=35.0132 best=33.4225 since_improve=191
t=43350ms iter=223 WAIST cost=32.0000 best_alt=21.0000 gap=11.0000 tried=5 sep_labels=21 clique_frac=0.00
t=43467ms iter=223 REBUILD reject new_tc=35.4386 (was 33.4225)
t=43531ms iter=223 incumb=33.4225 ratchet=35.3577 best=33.4225 since_improve=192
t=43541ms iter=224 WAIST cost=32.0000 best_alt=21.0000 gap=11.0000 tried=5 sep_labels=21 clique_frac=0.00
t=43656ms iter=224 REBUILD reject new_tc=33.8566 (was 33.4225)
t=43720ms iter=224 incumb=33.4225 ratchet=35.2574 best=33.4225 since_improve=193
t=43728ms iter=225 WAIST cost=32.0000 best_alt=22.0000 gap=10.0000 tried=5 sep_labels=22 clique_frac=0.09
t=43847ms iter=225 REBUILD reject new_tc=36.5608 (was 33.4225)
t=43910ms iter=225 incumb=33.4225 ratchet=34.7179 best=33.4225 since_improve=194
t=43918ms iter=226 WAIST cost=32.0000 best_alt=22.0000 gap=10.0000 tried=5 sep_labels=22 clique_frac=0.09
t=44036ms iter=226 REBUILD reject new_tc=35.7895 (was 33.4225)
t=44099ms iter=226 incumb=33.4225 ratchet=35.2441 best=33.4225 since_improve=195
t=44107ms iter=227 WAIST cost=32.0000 best_alt=22.0000 gap=10.0000 tried=5 sep_labels=22 clique_frac=0.09
t=44233ms iter=227 REBUILD reject new_tc=36.6025 (was 33.4225)
t=44297ms iter=227 incumb=33.4225 ratchet=34.5820 best=33.4225 since_improve=196
t=44306ms iter=228 WAIST cost=32.0000 best_alt=21.0000 gap=11.0000 tried=5 sep_labels=21 clique_frac=0.00
t=44420ms iter=228 REBUILD reject new_tc=35.3427 (was 33.4225)
t=44484ms iter=228 incumb=33.4225 ratchet=35.1100 best=33.4225 since_improve=197
t=44492ms iter=229 WAIST cost=32.0000 best_alt=22.0000 gap=10.0000 tried=5 sep_labels=22 clique_frac=0.09
t=44610ms iter=229 REBUILD reject new_tc=35.5469 (was 33.4225)
t=44674ms iter=229 incumb=33.4225 ratchet=34.8148 best=33.4225 since_improve=198
t=44686ms iter=230 WAIST cost=32.0000 best_alt=21.0000 gap=11.0000 tried=5 sep_labels=21 clique_frac=0.00
t=44801ms iter=230 REBUILD reject new_tc=34.7206 (was 33.4225)
t=44864ms iter=230 incumb=33.4225 ratchet=35.0726 best=33.4225 since_improve=199
t=44872ms iter=231 WAIST cost=32.0000 best_alt=22.0000 gap=10.0000 tried=5 sep_labels=22 clique_frac=0.09
t=44991ms iter=231 REBUILD reject new_tc=36.4781 (was 33.4225)
t=45055ms iter=231 incumb=33.4225 ratchet=35.2080 best=33.4225 since_improve=200
t=45063ms iter=232 WAIST cost=32.0000 best_alt=22.0000 gap=10.0000 tried=5 sep_labels=22 clique_frac=0.09
t=45182ms iter=232 REBUILD reject new_tc=36.6379 (was 33.4225)
t=45246ms iter=232 incumb=33.4225 ratchet=35.4496 best=33.4225 since_improve=201
t=45254ms iter=233 WAIST cost=32.0000 best_alt=22.0000 gap=10.0000 tried=5 sep_labels=22 clique_frac=0.09
t=45374ms iter=233 REBUILD reject new_tc=36.8690 (was 33.4225)
t=45437ms iter=233 incumb=33.4225 ratchet=35.0582 best=33.4225 since_improve=202
t=45445ms iter=234 WAIST cost=32.0000 best_alt=22.0000 gap=10.0000 tried=5 sep_labels=22 clique_frac=0.09
t=45562ms iter=234 REBUILD reject new_tc=36.8058 (was 33.4225)
t=45626ms iter=234 incumb=33.4225 ratchet=34.5979 best=33.4225 since_improve=203
t=45634ms iter=235 WAIST cost=32.0000 best_alt=22.0000 gap=10.0000 tried=5 sep_labels=22 clique_frac=0.09
t=45752ms iter=235 REBUILD reject new_tc=36.7909 (was 33.4225)
t=45818ms iter=235 incumb=33.4225 ratchet=36.0303 best=33.4225 since_improve=204
t=45826ms iter=236 WAIST cost=32.0000 best_alt=22.0000 gap=10.0000 tried=5 sep_labels=22 clique_frac=0.09
t=45946ms iter=236 REBUILD reject new_tc=36.8703 (was 33.4225)
t=46011ms iter=236 incumb=33.4225 ratchet=34.9955 best=33.4225 since_improve=205
t=46021ms iter=237 WAIST cost=32.0000 best_alt=21.0000 gap=11.0000 tried=5 sep_labels=21 clique_frac=0.00
t=46136ms iter=237 REBUILD reject new_tc=36.4920 (was 33.4225)
t=46200ms iter=237 incumb=33.4225 ratchet=34.6299 best=33.4225 since_improve=206
t=46208ms iter=238 WAIST cost=32.0000 best_alt=22.0000 gap=10.0000 tried=5 sep_labels=22 clique_frac=0.09
t=46328ms iter=238 REBUILD reject new_tc=36.7968 (was 33.4225)
t=46392ms iter=238 incumb=33.4225 ratchet=35.2100 best=33.4225 since_improve=207
t=46400ms iter=239 WAIST cost=32.0000 best_alt=22.0000 gap=10.0000 tried=5 sep_labels=22 clique_frac=0.09
t=46518ms iter=239 REBUILD reject new_tc=36.0068 (was 33.4225)
t=46581ms iter=239 incumb=33.4225 ratchet=35.1019 best=33.4225 since_improve=208
t=46593ms iter=240 WAIST cost=32.0000 best_alt=21.0000 gap=11.0000 tried=5 sep_labels=21 clique_frac=0.00
t=46709ms iter=240 REBUILD reject new_tc=35.7740 (was 33.4225)
t=46773ms iter=240 incumb=33.4225 ratchet=35.2886 best=33.4225 since_improve=209
t=46781ms iter=241 WAIST cost=32.0000 best_alt=22.0000 gap=10.0000 tried=5 sep_labels=22 clique_frac=0.09
t=46901ms iter=241 REBUILD reject new_tc=36.8682 (was 33.4225)
t=46965ms iter=241 incumb=33.4225 ratchet=35.4825 best=33.4225 since_improve=210
t=46975ms iter=242 WAIST cost=32.0000 best_alt=21.0000 gap=11.0000 tried=5 sep_labels=21 clique_frac=0.00
t=47091ms iter=242 REBUILD reject new_tc=36.3089 (was 33.4225)
t=47154ms iter=242 incumb=33.4225 ratchet=35.2800 best=33.4225 since_improve=211
t=47163ms iter=243 WAIST cost=32.0000 best_alt=21.0000 gap=11.0000 tried=5 sep_labels=21 clique_frac=0.00
t=47278ms iter=243 REBUILD reject new_tc=35.5417 (was 33.4225)
t=47343ms iter=243 incumb=33.4225 ratchet=35.2551 best=33.4225 since_improve=212
t=47351ms iter=244 WAIST cost=32.0000 best_alt=22.0000 gap=10.0000 tried=5 sep_labels=22 clique_frac=0.09
t=47467ms iter=244 REBUILD reject new_tc=36.5213 (was 33.4225)
t=47531ms iter=244 incumb=33.4225 ratchet=34.8545 best=33.4225 since_improve=213
t=47542ms iter=245 WAIST cost=32.0000 best_alt=21.0000 gap=11.0000 tried=5 sep_labels=21 clique_frac=0.00
t=47657ms iter=245 REBUILD reject new_tc=34.8906 (was 33.4225)
t=47721ms iter=245 incumb=33.4225 ratchet=34.7127 best=33.4225 since_improve=214
t=47730ms iter=246 WAIST cost=32.0000 best_alt=21.0000 gap=11.0000 tried=5 sep_labels=21 clique_frac=0.00
t=47844ms iter=246 REBUILD reject new_tc=34.2956 (was 33.4225)
t=47907ms iter=246 incumb=33.4225 ratchet=35.0462 best=33.4225 since_improve=215
t=47916ms iter=247 WAIST cost=32.0000 best_alt=21.0000 gap=11.0000 tried=5 sep_labels=21 clique_frac=0.00
t=48032ms iter=247 REBUILD reject new_tc=35.4639 (was 33.4225)
t=48095ms iter=247 incumb=33.4225 ratchet=35.2571 best=33.4225 since_improve=216
t=48107ms iter=248 WAIST cost=32.0000 best_alt=21.0000 gap=11.0000 tried=5 sep_labels=21 clique_frac=0.00
t=48223ms iter=248 REBUILD reject new_tc=35.7725 (was 33.4225)
t=48287ms iter=248 incumb=33.4225 ratchet=35.8478 best=33.4225 since_improve=217
t=48296ms iter=249 WAIST cost=32.0000 best_alt=21.0000 gap=11.0000 tried=5 sep_labels=21 clique_frac=0.00
t=48411ms iter=249 REBUILD reject new_tc=35.4862 (was 33.4225)
t=48475ms iter=249 incumb=33.4225 ratchet=34.9655 best=33.4225 since_improve=218
t=48483ms iter=250 WAIST cost=32.0000 best_alt=22.0000 gap=10.0000 tried=5 sep_labels=22 clique_frac=0.09
t=48601ms iter=250 REBUILD reject new_tc=36.6236 (was 33.4225)
t=48665ms iter=250 incumb=33.4225 ratchet=35.0414 best=33.4225 since_improve=219
t=48678ms iter=251 WAIST cost=32.0000 best_alt=21.0000 gap=11.0000 tried=5 sep_labels=21 clique_frac=0.00
t=48794ms iter=251 REBUILD reject new_tc=36.5277 (was 33.4225)
t=48858ms iter=251 incumb=33.4225 ratchet=34.7922 best=33.4225 since_improve=220
t=48867ms iter=252 WAIST cost=32.0000 best_alt=21.0000 gap=11.0000 tried=5 sep_labels=21 clique_frac=0.00
t=48982ms iter=252 REBUILD reject new_tc=35.4643 (was 33.4225)
t=49046ms iter=252 incumb=33.4225 ratchet=34.9810 best=33.4225 since_improve=221
t=49054ms iter=253 WAIST cost=32.0000 best_alt=22.0000 gap=10.0000 tried=5 sep_labels=22 clique_frac=0.09
t=49173ms iter=253 REBUILD reject new_tc=36.4231 (was 33.4225)
t=49236ms iter=253 incumb=33.4225 ratchet=35.1176 best=33.4225 since_improve=222
t=49244ms iter=254 WAIST cost=32.0000 best_alt=22.0000 gap=10.0000 tried=5 sep_labels=22 clique_frac=0.09
t=49363ms iter=254 REBUILD reject new_tc=36.3946 (was 33.4225)
t=49426ms iter=254 incumb=33.4225 ratchet=34.9613 best=33.4225 since_improve=223
t=49436ms iter=255 WAIST cost=32.0000 best_alt=21.0000 gap=11.0000 tried=5 sep_labels=21 clique_frac=0.00
t=49549ms iter=255 REBUILD reject new_tc=35.2457 (was 33.4225)
t=49613ms iter=255 incumb=33.4225 ratchet=34.5947 best=33.4225 since_improve=224
t=49621ms iter=256 WAIST cost=32.0000 best_alt=22.0000 gap=10.0000 tried=5 sep_labels=22 clique_frac=0.09
t=49737ms iter=256 REBUILD reject new_tc=36.5425 (was 33.4225)
t=49801ms iter=256 incumb=33.4225 ratchet=34.1808 best=33.4225 since_improve=225
t=49809ms iter=257 WAIST cost=32.0000 best_alt=22.0000 gap=10.0000 tried=5 sep_labels=22 clique_frac=0.09
t=49927ms iter=257 REBUILD reject new_tc=36.6898 (was 33.4225)
t=49991ms iter=257 incumb=33.4225 ratchet=35.0711 best=33.4225 since_improve=226
t=50000ms iter=258 WAIST cost=32.0000 best_alt=22.0000 gap=10.0000 tried=5 sep_labels=22 clique_frac=0.09
t=50117ms iter=258 REBUILD reject new_tc=35.4337 (was 33.4225)
t=50180ms iter=258 incumb=33.4225 ratchet=35.1604 best=33.4225 since_improve=227
t=50189ms iter=259 WAIST cost=32.0000 best_alt=21.0000 gap=11.0000 tried=5 sep_labels=21 clique_frac=0.00
t=50311ms iter=259 REBUILD ACCEPT new_tc=33.1646 (was 33.4225)
t=50376ms iter=259 incumb=33.1646 ratchet=36.4988 best=33.1646 since_improve=1
t=50389ms iter=260 WAIST cost=32.0000 best_alt=21.0000 gap=11.0000 tried=5 sep_labels=21 clique_frac=0.00
t=50504ms iter=260 REBUILD reject new_tc=34.5879 (was 33.1646)
t=50567ms iter=260 incumb=33.1646 ratchet=35.9338 best=33.1646 since_improve=2
t=50583ms iter=261 WAIST cost=32.0000 best_alt=21.0000 gap=11.0000 tried=5 sep_labels=21 clique_frac=0.00
t=50699ms iter=261 REBUILD reject new_tc=35.4412 (was 33.1646)
t=50775ms iter=261 incumb=33.1646 ratchet=32.3645 best=32.3644 since_improve=0
t=50785ms iter=262 WAIST cost=31.0000 best_alt=22.0000 gap=9.0000 tried=5 sep_labels=22 clique_frac=0.09
t=50902ms iter=262 REBUILD reject new_tc=35.1938 (was 32.3645)
t=50964ms iter=262 incumb=32.3645 ratchet=33.0253 best=32.3644 since_improve=1
t=50974ms iter=263 WAIST cost=31.0000 best_alt=22.0000 gap=9.0000 tried=5 sep_labels=22 clique_frac=0.09
t=51091ms iter=263 REBUILD reject new_tc=35.5561 (was 32.3645)
t=51155ms iter=263 incumb=32.3645 ratchet=35.2037 best=32.3644 since_improve=2
t=51169ms iter=264 WAIST cost=31.0000 best_alt=21.0000 gap=10.0000 tried=5 sep_labels=21 clique_frac=0.00
t=51293ms iter=264 REBUILD reject new_tc=33.6684 (was 32.3645)
t=51358ms iter=264 incumb=32.3645 ratchet=36.9584 best=32.3644 since_improve=3
t=51368ms iter=265 WAIST cost=31.0000 best_alt=22.0000 gap=9.0000 tried=5 sep_labels=22 clique_frac=0.09
t=51484ms iter=265 REBUILD reject new_tc=35.6733 (was 32.3645)
t=51549ms iter=265 incumb=32.3645 ratchet=34.9464 best=32.3644 since_improve=4
t=51560ms iter=266 WAIST cost=31.0000 best_alt=21.0000 gap=10.0000 tried=5 sep_labels=21 clique_frac=0.00
t=51683ms iter=266 REBUILD reject new_tc=34.6015 (was 32.3645)
t=51748ms iter=266 incumb=32.3645 ratchet=34.9803 best=32.3644 since_improve=5
t=51759ms iter=267 WAIST cost=31.0000 best_alt=21.0000 gap=10.0000 tried=5 sep_labels=21 clique_frac=0.00
t=51881ms iter=267 REBUILD reject new_tc=33.0650 (was 32.3645)
t=51945ms iter=267 incumb=32.3645 ratchet=36.5214 best=32.3644 since_improve=6
t=51957ms iter=268 WAIST cost=31.0000 best_alt=22.0000 gap=9.0000 tried=5 sep_labels=22 clique_frac=0.09
t=52073ms iter=268 REBUILD reject new_tc=35.6277 (was 32.3645)
t=52137ms iter=268 incumb=32.3645 ratchet=35.3591 best=32.3644 since_improve=7
t=52148ms iter=269 WAIST cost=31.0000 best_alt=22.0000 gap=9.0000 tried=5 sep_labels=22 clique_frac=0.09
t=52263ms iter=269 REBUILD reject new_tc=34.8728 (was 32.3645)
t=52327ms iter=269 incumb=32.3645 ratchet=36.2266 best=32.3644 since_improve=8
t=52339ms iter=270 WAIST cost=31.0000 best_alt=21.0000 gap=10.0000 tried=5 sep_labels=21 clique_frac=0.00
t=52462ms iter=270 REBUILD reject new_tc=34.4829 (was 32.3645)
t=52527ms iter=270 incumb=32.3645 ratchet=35.8736 best=32.3644 since_improve=9
t=52537ms iter=271 WAIST cost=31.0000 best_alt=22.0000 gap=9.0000 tried=5 sep_labels=22 clique_frac=0.09
t=52656ms iter=271 REBUILD reject new_tc=35.6734 (was 32.3645)
t=52720ms iter=271 incumb=32.3645 ratchet=36.4534 best=32.3644 since_improve=10
t=52731ms iter=272 WAIST cost=31.0000 best_alt=22.0000 gap=9.0000 tried=5 sep_labels=22 clique_frac=0.09
t=52848ms iter=272 REBUILD reject new_tc=34.9971 (was 32.3645)
t=52912ms iter=272 incumb=32.3645 ratchet=35.4644 best=32.3644 since_improve=11
t=52922ms iter=273 WAIST cost=31.0000 best_alt=22.0000 gap=9.0000 tried=5 sep_labels=22 clique_frac=0.09
t=53038ms iter=273 REBUILD reject new_tc=35.4456 (was 32.3645)
t=53104ms iter=273 incumb=32.3645 ratchet=36.6306 best=32.3644 since_improve=12
t=53118ms iter=274 WAIST cost=31.0000 best_alt=21.0000 gap=10.0000 tried=5 sep_labels=21 clique_frac=0.00
t=53240ms iter=274 REBUILD reject new_tc=34.2737 (was 32.3645)
t=53304ms iter=274 incumb=32.3645 ratchet=36.1722 best=32.3644 since_improve=13
t=53316ms iter=275 WAIST cost=31.0000 best_alt=21.0000 gap=10.0000 tried=5 sep_labels=21 clique_frac=0.00
t=53438ms iter=275 REBUILD reject new_tc=34.2837 (was 32.3645)
t=53502ms iter=275 incumb=32.3645 ratchet=35.9949 best=32.3644 since_improve=14
t=53514ms iter=276 WAIST cost=31.0000 best_alt=22.0000 gap=9.0000 tried=5 sep_labels=22 clique_frac=0.09
t=53631ms iter=276 REBUILD reject new_tc=35.8401 (was 32.3645)
t=53695ms iter=276 incumb=32.3645 ratchet=35.1535 best=32.3644 since_improve=15
t=53708ms iter=277 WAIST cost=31.0000 best_alt=21.0000 gap=10.0000 tried=5 sep_labels=21 clique_frac=0.00
t=53831ms iter=277 REBUILD reject new_tc=34.4179 (was 32.3645)
t=53894ms iter=277 incumb=32.3645 ratchet=33.2391 best=32.3644 since_improve=16
t=53904ms iter=278 WAIST cost=31.0000 best_alt=22.0000 gap=9.0000 tried=5 sep_labels=22 clique_frac=0.09
t=54023ms iter=278 REBUILD reject new_tc=35.8927 (was 32.3645)
t=54090ms iter=278 incumb=32.3645 ratchet=41.7992 best=32.3644 since_improve=17
t=54100ms iter=279 WAIST cost=31.0000 best_alt=22.0000 gap=9.0000 tried=5 sep_labels=22 clique_frac=0.09
t=54218ms iter=279 REBUILD reject new_tc=35.9226 (was 32.3645)
t=54281ms iter=279 incumb=32.3645 ratchet=34.6834 best=32.3644 since_improve=18
t=54292ms iter=280 WAIST cost=31.0000 best_alt=22.0000 gap=9.0000 tried=5 sep_labels=22 clique_frac=0.09
t=54409ms iter=280 REBUILD reject new_tc=35.5547 (was 32.3645)
t=54473ms iter=280 incumb=32.3645 ratchet=35.7715 best=32.3644 since_improve=19
t=54486ms iter=281 WAIST cost=31.0000 best_alt=21.0000 gap=10.0000 tried=5 sep_labels=21 clique_frac=0.00
t=54610ms iter=281 REBUILD reject new_tc=33.6498 (was 32.3645)
t=54677ms iter=281 incumb=32.3645 ratchet=36.3901 best=32.3644 since_improve=20
t=54687ms iter=282 WAIST cost=31.0000 best_alt=22.0000 gap=9.0000 tried=5 sep_labels=22 clique_frac=0.09
t=54803ms iter=282 REBUILD reject new_tc=34.8722 (was 32.3645)
t=54868ms iter=282 incumb=32.3645 ratchet=33.0870 best=32.3644 since_improve=21
t=54878ms iter=283 WAIST cost=31.0000 best_alt=22.0000 gap=9.0000 tried=5 sep_labels=22 clique_frac=0.09
t=54994ms iter=283 REBUILD reject new_tc=34.8858 (was 32.3645)
t=55058ms iter=283 incumb=32.3645 ratchet=35.5489 best=32.3644 since_improve=22
t=55071ms iter=284 WAIST cost=31.0000 best_alt=22.0000 gap=9.0000 tried=5 sep_labels=22 clique_frac=0.09
t=55186ms iter=284 REBUILD reject new_tc=35.1181 (was 32.3645)
t=55249ms iter=284 incumb=32.3645 ratchet=32.8614 best=32.3644 since_improve=23
t=55261ms iter=285 WAIST cost=31.0000 best_alt=22.0000 gap=9.0000 tried=5 sep_labels=22 clique_frac=0.09
t=55377ms iter=285 REBUILD reject new_tc=35.4492 (was 32.3645)
t=55441ms iter=285 incumb=32.3645 ratchet=34.6212 best=32.3644 since_improve=24
t=55451ms iter=286 WAIST cost=31.0000 best_alt=22.0000 gap=9.0000 tried=5 sep_labels=22 clique_frac=0.09
t=55568ms iter=286 REBUILD reject new_tc=35.4934 (was 32.3645)
t=55633ms iter=286 incumb=32.3645 ratchet=35.5217 best=32.3644 since_improve=25
t=55643ms iter=287 WAIST cost=31.0000 best_alt=22.0000 gap=9.0000 tried=5 sep_labels=22 clique_frac=0.09
t=55760ms iter=287 REBUILD reject new_tc=35.5295 (was 32.3645)
t=55824ms iter=287 incumb=32.3645 ratchet=35.8116 best=32.3644 since_improve=26
t=55834ms iter=288 WAIST cost=31.0000 best_alt=22.0000 gap=9.0000 tried=5 sep_labels=22 clique_frac=0.09
t=55951ms iter=288 REBUILD reject new_tc=35.5705 (was 32.3645)
t=56015ms iter=288 incumb=32.3645 ratchet=32.9625 best=32.3644 since_improve=27
t=56030ms iter=289 WAIST cost=31.0000 best_alt=21.0000 gap=10.0000 tried=5 sep_labels=21 clique_frac=0.00
t=56153ms iter=289 REBUILD reject new_tc=34.0076 (was 32.3645)
t=56218ms iter=289 incumb=32.3645 ratchet=36.1158 best=32.3644 since_improve=28
t=56228ms iter=290 WAIST cost=31.0000 best_alt=22.0000 gap=9.0000 tried=5 sep_labels=22 clique_frac=0.09
t=56343ms iter=290 REBUILD reject new_tc=35.6345 (was 32.3645)
t=56407ms iter=290 incumb=32.3645 ratchet=36.0009 best=32.3644 since_improve=29
t=56420ms iter=291 WAIST cost=31.0000 best_alt=22.0000 gap=9.0000 tried=5 sep_labels=22 clique_frac=0.09
t=56535ms iter=291 REBUILD reject new_tc=35.7475 (was 32.3645)
t=56612ms iter=291 incumb=32.3645 ratchet=32.3657 best=32.1571 since_improve=30
t=56623ms iter=292 WAIST cost=31.0000 best_alt=21.0000 gap=10.0000 tried=5 sep_labels=21 clique_frac=0.00
t=56746ms iter=292 REBUILD reject new_tc=34.3361 (was 32.3645)
t=56810ms iter=292 incumb=32.3645 ratchet=33.7596 best=32.1571 since_improve=31
t=56822ms iter=293 WAIST cost=31.0000 best_alt=22.0000 gap=9.0000 tried=5 sep_labels=22 clique_frac=0.09
t=56937ms iter=293 REBUILD reject new_tc=35.7078 (was 32.3645)
t=57003ms iter=293 incumb=32.3645 ratchet=39.1117 best=32.1571 since_improve=32
t=57014ms iter=294 WAIST cost=31.0000 best_alt=22.0000 gap=9.0000 tried=5 sep_labels=22 clique_frac=0.09
t=57131ms iter=294 REBUILD reject new_tc=35.1964 (was 32.3645)
t=57195ms iter=294 incumb=32.3645 ratchet=35.6364 best=32.1571 since_improve=33
t=57209ms iter=295 WAIST cost=31.0000 best_alt=21.0000 gap=10.0000 tried=5 sep_labels=21 clique_frac=0.00
t=57332ms iter=295 REBUILD reject new_tc=34.0228 (was 32.3645)
t=57397ms iter=295 incumb=32.3645 ratchet=40.2190 best=32.1571 since_improve=34
t=57409ms iter=296 WAIST cost=31.0000 best_alt=21.0000 gap=10.0000 tried=5 sep_labels=21 clique_frac=0.00
t=57532ms iter=296 REBUILD reject new_tc=33.8081 (was 32.3645)
t=57594ms iter=296 incumb=32.3645 ratchet=33.2160 best=32.1571 since_improve=35
t=57604ms iter=297 WAIST cost=31.0000 best_alt=22.0000 gap=9.0000 tried=5 sep_labels=22 clique_frac=0.09
t=57721ms iter=297 REBUILD reject new_tc=35.5459 (was 32.3645)
t=57786ms iter=297 incumb=32.3645 ratchet=36.1332 best=32.1571 since_improve=36
t=57798ms iter=298 WAIST cost=31.0000 best_alt=22.0000 gap=9.0000 tried=5 sep_labels=22 clique_frac=0.09
t=57914ms iter=298 REBUILD reject new_tc=35.5380 (was 32.3645)
t=57978ms iter=298 incumb=32.3645 ratchet=34.0447 best=32.1571 since_improve=37
t=57990ms iter=299 WAIST cost=31.0000 best_alt=21.0000 gap=10.0000 tried=5 sep_labels=21 clique_frac=0.00
t=58113ms iter=299 REBUILD reject new_tc=34.5995 (was 32.3645)
t=58179ms iter=299 incumb=32.3645 ratchet=36.4264 best=32.1571 since_improve=38
t=58190ms iter=300 WAIST cost=31.0000 best_alt=22.0000 gap=9.0000 tried=5 sep_labels=22 clique_frac=0.09
t=58305ms iter=300 REBUILD reject new_tc=35.6382 (was 32.3645)
t=58369ms iter=300 incumb=32.3645 ratchet=35.8205 best=32.1571 since_improve=39
t=58379ms iter=301 WAIST cost=31.0000 best_alt=22.0000 gap=9.0000 tried=5 sep_labels=22 clique_frac=0.09
t=58495ms iter=301 REBUILD reject new_tc=35.5900 (was 32.3645)
t=58560ms iter=301 incumb=32.3645 ratchet=36.1087 best=32.1571 since_improve=40
t=58570ms iter=302 WAIST cost=31.0000 best_alt=22.0000 gap=9.0000 tried=5 sep_labels=22 clique_frac=0.09
t=58686ms iter=302 REBUILD reject new_tc=35.7015 (was 32.3645)
t=58750ms iter=302 incumb=32.3645 ratchet=32.8010 best=32.1571 since_improve=41
t=58760ms iter=303 WAIST cost=31.0000 best_alt=22.0000 gap=9.0000 tried=5 sep_labels=22 clique_frac=0.09
t=58877ms iter=303 REBUILD reject new_tc=34.7035 (was 32.3645)
t=58943ms iter=303 incumb=32.3645 ratchet=38.8862 best=32.1571 since_improve=42
t=58956ms iter=304 WAIST cost=31.0000 best_alt=21.0000 gap=10.0000 tried=5 sep_labels=21 clique_frac=0.00
t=59078ms iter=304 REBUILD reject new_tc=33.9304 (was 32.3645)
t=59141ms iter=304 incumb=32.3645 ratchet=33.7213 best=32.1571 since_improve=43
t=59153ms iter=305 WAIST cost=31.0000 best_alt=22.0000 gap=9.0000 tried=5 sep_labels=22 clique_frac=0.09
t=59272ms iter=305 REBUILD reject new_tc=35.9419 (was 32.3645)
t=59336ms iter=305 incumb=32.3645 ratchet=36.5258 best=32.1571 since_improve=44
t=59346ms iter=306 WAIST cost=31.0000 best_alt=22.0000 gap=9.0000 tried=5 sep_labels=22 clique_frac=0.09
t=59462ms iter=306 REBUILD reject new_tc=35.6167 (was 32.3645)
t=59526ms iter=306 incumb=32.3645 ratchet=35.4934 best=32.1571 since_improve=45
t=59539ms iter=307 WAIST cost=31.0000 best_alt=21.0000 gap=10.0000 tried=5 sep_labels=21 clique_frac=0.00
t=59661ms iter=307 REBUILD reject new_tc=34.5631 (was 32.3645)
t=59725ms iter=307 incumb=32.3645 ratchet=33.5413 best=32.1571 since_improve=46
t=59736ms iter=308 WAIST cost=31.0000 best_alt=22.0000 gap=9.0000 tried=5 sep_labels=22 clique_frac=0.09
t=59852ms iter=308 REBUILD reject new_tc=35.5017 (was 32.3645)
t=59916ms iter=308 incumb=32.3645 ratchet=35.6196 best=32.1571 since_improve=47
t=59928ms iter=309 WAIST cost=31.0000 best_alt=21.0000 gap=10.0000 tried=5 sep_labels=21 clique_frac=0.00
t=60049ms iter=309 REBUILD reject new_tc=33.8178 (was 32.3645)
t=60112ms iter=309 incumb=32.3645 ratchet=32.9492 best=32.1571 since_improve=48
t=60127ms iter=310 WAIST cost=31.0000 best_alt=21.0000 gap=10.0000 tried=5 sep_labels=21 clique_frac=0.00
t=60251ms iter=310 REBUILD reject new_tc=33.7061 (was 32.3645)
t=60315ms iter=310 incumb=32.3645 ratchet=36.1305 best=32.1571 since_improve=49
t=60326ms iter=311 WAIST cost=31.0000 best_alt=22.0000 gap=9.0000 tried=5 sep_labels=22 clique_frac=0.09
t=60442ms iter=311 REBUILD reject new_tc=35.7625 (was 32.3645)
t=60507ms iter=311 incumb=32.3645 ratchet=35.8698 best=32.1571 since_improve=50
t=60519ms iter=312 WAIST cost=31.0000 best_alt=21.0000 gap=10.0000 tried=5 sep_labels=21 clique_frac=0.00
t=60642ms iter=312 REBUILD reject new_tc=33.6721 (was 32.3645)
t=60704ms iter=312 incumb=32.3645 ratchet=33.1993 best=32.1571 since_improve=51
t=60717ms iter=313 WAIST cost=31.0000 best_alt=21.0000 gap=10.0000 tried=5 sep_labels=21 clique_frac=0.00
t=60840ms iter=313 REBUILD reject new_tc=34.4771 (was 32.3645)
t=60906ms iter=313 incumb=32.3645 ratchet=36.8498 best=32.1571 since_improve=52
t=60918ms iter=314 WAIST cost=31.0000 best_alt=21.0000 gap=10.0000 tried=5 sep_labels=21 clique_frac=0.00
t=61040ms iter=314 REBUILD reject new_tc=34.4216 (was 32.3645)
t=61105ms iter=314 incumb=32.3645 ratchet=36.1473 best=32.1571 since_improve=53
t=61115ms iter=315 WAIST cost=31.0000 best_alt=22.0000 gap=9.0000 tried=5 sep_labels=22 clique_frac=0.09
t=61232ms iter=315 REBUILD reject new_tc=35.8016 (was 32.3645)
t=61296ms iter=315 incumb=32.3645 ratchet=35.6235 best=32.1571 since_improve=54
t=61308ms iter=316 WAIST cost=31.0000 best_alt=22.0000 gap=9.0000 tried=5 sep_labels=22 clique_frac=0.09
t=61423ms iter=316 REBUILD reject new_tc=34.2270 (was 32.3645)
t=61488ms iter=316 incumb=32.3645 ratchet=35.1750 best=32.1571 since_improve=55
t=61498ms iter=317 WAIST cost=31.0000 best_alt=22.0000 gap=9.0000 tried=5 sep_labels=22 clique_frac=0.09
t=61602ms iter=317 REBUILD reject new_tc=35.4730 (was 32.3645)
t=61667ms iter=317 incumb=32.3645 ratchet=36.1209 best=32.1571 since_improve=56
t=61678ms iter=318 WAIST cost=31.0000 best_alt=22.0000 gap=9.0000 tried=5 sep_labels=22 clique_frac=0.09
t=61797ms iter=318 REBUILD reject new_tc=35.7908 (was 32.3645)
t=61863ms iter=318 incumb=32.3645 ratchet=35.8849 best=32.1571 since_improve=57
t=61875ms iter=319 WAIST cost=31.0000 best_alt=21.0000 gap=10.0000 tried=5 sep_labels=21 clique_frac=0.00
t=61999ms iter=319 REBUILD reject new_tc=33.8867 (was 32.3645)
t=62064ms iter=319 incumb=32.3645 ratchet=36.1633 best=32.1571 since_improve=58
t=62078ms iter=320 WAIST cost=31.0000 best_alt=22.0000 gap=9.0000 tried=5 sep_labels=22 clique_frac=0.09
t=62195ms iter=320 REBUILD reject new_tc=35.7010 (was 32.3645)
t=62259ms iter=320 incumb=32.3645 ratchet=35.2859 best=32.1571 since_improve=59
t=62271ms iter=321 WAIST cost=31.0000 best_alt=21.0000 gap=10.0000 tried=5 sep_labels=21 clique_frac=0.00
t=62394ms iter=321 REBUILD reject new_tc=34.5924 (was 32.3645)
t=62459ms iter=321 incumb=32.3645 ratchet=36.1549 best=32.1571 since_improve=60
t=62473ms iter=322 WAIST cost=31.0000 best_alt=22.0000 gap=9.0000 tried=5 sep_labels=22 clique_frac=0.09
t=62589ms iter=322 REBUILD reject new_tc=35.6279 (was 32.3645)
t=62653ms iter=322 incumb=32.3645 ratchet=35.4769 best=32.1571 since_improve=61
t=62663ms iter=323 WAIST cost=31.0000 best_alt=22.0000 gap=9.0000 tried=5 sep_labels=22 clique_frac=0.09
t=62780ms iter=323 REBUILD reject new_tc=35.2511 (was 32.3645)
t=62844ms iter=323 incumb=32.3645 ratchet=36.2318 best=32.1571 since_improve=62
t=62858ms iter=324 WAIST cost=31.0000 best_alt=21.0000 gap=10.0000 tried=5 sep_labels=21 clique_frac=0.00
t=62979ms iter=324 REBUILD reject new_tc=34.2087 (was 32.3645)
t=63043ms iter=324 incumb=32.3645 ratchet=34.4891 best=32.1571 since_improve=63
t=63059ms iter=325 WAIST cost=31.0000 best_alt=22.0000 gap=9.0000 tried=5 sep_labels=22 clique_frac=0.09
t=63175ms iter=325 REBUILD reject new_tc=35.5748 (was 32.3645)
t=63247ms iter=325 incumb=32.3645 ratchet=32.0503 best=32.0126 since_improve=0
t=63257ms iter=326 WAIST cost=30.0000 best_alt=21.0000 gap=9.0000 tried=5 sep_labels=21 clique_frac=0.00
t=63399ms iter=326 REBUILD reject new_tc=36.6619 (was 32.0503)
t=63463ms iter=326 incumb=32.0503 ratchet=33.7697 best=32.0126 since_improve=1
t=63474ms iter=327 WAIST cost=30.0000 best_alt=21.0000 gap=9.0000 tried=5 sep_labels=21 clique_frac=0.00
t=63620ms iter=327 REBUILD reject new_tc=36.5804 (was 32.0503)
t=63684ms iter=327 incumb=32.0503 ratchet=35.9210 best=32.0126 since_improve=2
t=63695ms iter=328 WAIST cost=30.0000 best_alt=21.0000 gap=9.0000 tried=5 sep_labels=21 clique_frac=0.00
t=63837ms iter=328 REBUILD reject new_tc=37.4051 (was 32.0503)
t=63901ms iter=328 incumb=32.0503 ratchet=34.1985 best=32.0126 since_improve=3
t=63911ms iter=329 WAIST cost=30.0000 best_alt=21.0000 gap=9.0000 tried=5 sep_labels=21 clique_frac=0.00
t=64054ms iter=329 REBUILD reject new_tc=37.4941 (was 32.0503)
t=64119ms iter=329 incumb=32.0503 ratchet=36.0428 best=32.0126 since_improve=4
t=64130ms iter=330 WAIST cost=30.0000 best_alt=21.0000 gap=9.0000 tried=5 sep_labels=21 clique_frac=0.00
t=64273ms iter=330 REBUILD reject new_tc=36.8857 (was 32.0503)
t=64337ms iter=330 incumb=32.0503 ratchet=33.5353 best=32.0126 since_improve=5
t=64346ms iter=331 WAIST cost=30.0000 best_alt=21.0000 gap=9.0000 tried=5 sep_labels=21 clique_frac=0.00
t=64491ms iter=331 REBUILD reject new_tc=36.2453 (was 32.0503)
t=64555ms iter=331 incumb=32.0503 ratchet=35.6377 best=32.0126 since_improve=6
t=64566ms iter=332 WAIST cost=30.0000 best_alt=21.0000 gap=9.0000 tried=5 sep_labels=21 clique_frac=0.00
t=64710ms iter=332 REBUILD reject new_tc=37.4696 (was 32.0503)
t=64773ms iter=332 incumb=32.0503 ratchet=32.5038 best=32.0126 since_improve=7
t=64783ms iter=333 WAIST cost=30.0000 best_alt=21.0000 gap=9.0000 tried=5 sep_labels=21 clique_frac=0.00
t=64926ms iter=333 REBUILD reject new_tc=37.5450 (was 32.0503)
t=64988ms iter=333 incumb=32.0503 ratchet=32.6441 best=32.0126 since_improve=8
t=64998ms iter=334 WAIST cost=30.0000 best_alt=21.0000 gap=9.0000 tried=5 sep_labels=21 clique_frac=0.00
t=65141ms iter=334 REBUILD reject new_tc=37.5535 (was 32.0503)
t=65206ms iter=334 incumb=32.0503 ratchet=35.7462 best=32.0126 since_improve=9
t=65215ms iter=335 WAIST cost=30.0000 best_alt=21.0000 gap=9.0000 tried=5 sep_labels=21 clique_frac=0.00
t=65359ms iter=335 REBUILD reject new_tc=37.5546 (was 32.0503)
t=65421ms iter=335 incumb=32.0503 ratchet=32.3861 best=32.0126 since_improve=10
t=65432ms iter=336 WAIST cost=30.0000 best_alt=21.0000 gap=9.0000 tried=5 sep_labels=21 clique_frac=0.00
t=65586ms iter=336 REBUILD reject new_tc=37.4498 (was 32.0503)
t=65650ms iter=336 incumb=32.0503 ratchet=32.4992 best=32.0126 since_improve=11
t=65664ms iter=337 WAIST cost=30.0000 best_alt=21.0000 gap=9.0000 tried=5 sep_labels=21 clique_frac=0.00
t=65831ms iter=337 REBUILD reject new_tc=36.8273 (was 32.0503)
t=65895ms iter=337 incumb=32.0503 ratchet=35.9845 best=32.0126 since_improve=12
t=65907ms iter=338 WAIST cost=30.0000 best_alt=21.0000 gap=9.0000 tried=5 sep_labels=21 clique_frac=0.00
t=66050ms iter=338 REBUILD reject new_tc=37.4462 (was 32.0503)
t=66115ms iter=338 incumb=32.0503 ratchet=36.0033 best=32.0126 since_improve=13
t=66124ms iter=339 WAIST cost=30.0000 best_alt=21.0000 gap=9.0000 tried=5 sep_labels=21 clique_frac=0.00
t=66269ms iter=339 REBUILD reject new_tc=36.7120 (was 32.0503)
t=66332ms iter=339 incumb=32.0503 ratchet=33.4399 best=32.0126 since_improve=14
t=66343ms iter=340 WAIST cost=30.0000 best_alt=21.0000 gap=9.0000 tried=5 sep_labels=21 clique_frac=0.00
t=66485ms iter=340 REBUILD reject new_tc=37.4150 (was 32.0503)
t=66548ms iter=340 incumb=32.0503 ratchet=32.3936 best=32.0126 since_improve=15
t=66560ms iter=341 WAIST cost=30.0000 best_alt=21.0000 gap=9.0000 tried=5 sep_labels=21 clique_frac=0.00
t=66703ms iter=341 REBUILD reject new_tc=37.2088 (was 32.0503)
t=66767ms iter=341 incumb=32.0503 ratchet=32.2745 best=32.0126 since_improve=16
t=66776ms iter=342 WAIST cost=30.0000 best_alt=21.0000 gap=9.0000 tried=5 sep_labels=21 clique_frac=0.00
t=66921ms iter=342 REBUILD reject new_tc=37.4180 (was 32.0503)
t=66984ms iter=342 incumb=32.0503 ratchet=35.8501 best=32.0126 since_improve=17
t=66995ms iter=343 WAIST cost=30.0000 best_alt=21.0000 gap=9.0000 tried=5 sep_labels=21 clique_frac=0.00
t=67139ms iter=343 REBUILD reject new_tc=37.3886 (was 32.0503)
t=67204ms iter=343 incumb=32.0503 ratchet=35.9946 best=32.0126 since_improve=18
t=67214ms iter=344 WAIST cost=30.0000 best_alt=21.0000 gap=9.0000 tried=5 sep_labels=21 clique_frac=0.00
t=67359ms iter=344 REBUILD reject new_tc=36.5593 (was 32.0503)
t=67422ms iter=344 incumb=32.0503 ratchet=32.9369 best=32.0126 since_improve=19
t=67432ms iter=345 WAIST cost=30.0000 best_alt=21.0000 gap=9.0000 tried=5 sep_labels=21 clique_frac=0.00
t=67577ms iter=345 REBUILD reject new_tc=37.4132 (was 32.0503)
t=67641ms iter=345 incumb=32.0503 ratchet=35.1326 best=32.0126 since_improve=20
t=67650ms iter=346 WAIST cost=30.0000 best_alt=21.0000 gap=9.0000 tried=5 sep_labels=21 clique_frac=0.00
t=67795ms iter=346 REBUILD reject new_tc=37.2757 (was 32.0503)
t=67859ms iter=346 incumb=32.0503 ratchet=34.3327 best=32.0126 since_improve=21
t=67870ms iter=347 WAIST cost=30.0000 best_alt=21.0000 gap=9.0000 tried=5 sep_labels=21 clique_frac=0.00
t=68015ms iter=347 REBUILD reject new_tc=37.1142 (was 32.0503)
t=68078ms iter=347 incumb=32.0503 ratchet=32.5228 best=32.0126 since_improve=22
t=68090ms iter=348 WAIST cost=30.0000 best_alt=21.0000 gap=9.0000 tried=5 sep_labels=21 clique_frac=0.00
t=68234ms iter=348 REBUILD reject new_tc=37.4383 (was 32.0503)
t=68299ms iter=348 incumb=32.0503 ratchet=35.9962 best=32.0126 since_improve=23
t=68309ms iter=349 WAIST cost=30.0000 best_alt=21.0000 gap=9.0000 tried=5 sep_labels=21 clique_frac=0.00
t=68454ms iter=349 REBUILD reject new_tc=37.4989 (was 32.0503)
t=68518ms iter=349 incumb=32.0503 ratchet=34.5915 best=32.0126 since_improve=24
t=68528ms iter=350 WAIST cost=30.0000 best_alt=21.0000 gap=9.0000 tried=5 sep_labels=21 clique_frac=0.00
t=68674ms iter=350 REBUILD reject new_tc=37.6632 (was 32.0503)
t=68739ms iter=350 incumb=32.0503 ratchet=36.0378 best=32.0126 since_improve=25
t=68748ms iter=351 WAIST cost=30.0000 best_alt=21.0000 gap=9.0000 tried=5 sep_labels=21 clique_frac=0.00
t=68892ms iter=351 REBUILD reject new_tc=37.5457 (was 32.0503)
t=68957ms iter=351 incumb=32.0503 ratchet=35.0971 best=32.0126 since_improve=26
t=68968ms iter=352 WAIST cost=30.0000 best_alt=21.0000 gap=9.0000 tried=5 sep_labels=21 clique_frac=0.00
t=69111ms iter=352 REBUILD reject new_tc=37.4797 (was 32.0503)
t=69176ms iter=352 incumb=32.0503 ratchet=36.2021 best=32.0126 since_improve=27
t=69187ms iter=353 WAIST cost=30.0000 best_alt=21.0000 gap=9.0000 tried=5 sep_labels=21 clique_frac=0.00
t=69330ms iter=353 REBUILD reject new_tc=37.5270 (was 32.0503)
t=69394ms iter=353 incumb=32.0503 ratchet=34.7962 best=32.0126 since_improve=28
t=69404ms iter=354 WAIST cost=30.0000 best_alt=21.0000 gap=9.0000 tried=5 sep_labels=21 clique_frac=0.00
t=69547ms iter=354 REBUILD reject new_tc=36.9330 (was 32.0503)
t=69610ms iter=354 incumb=32.0503 ratchet=32.2963 best=32.0126 since_improve=29
t=69620ms iter=355 WAIST cost=30.0000 best_alt=21.0000 gap=9.0000 tried=5 sep_labels=21 clique_frac=0.00
t=69763ms iter=355 REBUILD reject new_tc=36.5541 (was 32.0503)
t=69828ms iter=355 incumb=32.0503 ratchet=36.0925 best=32.0126 since_improve=30
t=69837ms iter=356 WAIST cost=30.0000 best_alt=21.0000 gap=9.0000 tried=5 sep_labels=21 clique_frac=0.00
t=69982ms iter=356 REBUILD reject new_tc=36.6705 (was 32.0503)
t=70048ms iter=356 incumb=32.0503 ratchet=34.5545 best=32.0126 since_improve=31
t=70057ms iter=357 WAIST cost=30.0000 best_alt=21.0000 gap=9.0000 tried=5 sep_labels=21 clique_frac=0.00
t=70200ms iter=357 REBUILD reject new_tc=37.4348 (was 32.0503)
t=70262ms iter=357 incumb=32.0503 ratchet=32.2748 best=32.0126 since_improve=32
t=70272ms iter=358 WAIST cost=30.0000 best_alt=21.0000 gap=9.0000 tried=5 sep_labels=21 clique_frac=0.00
t=70415ms iter=358 REBUILD reject new_tc=37.2754 (was 32.0503)
t=70478ms iter=358 incumb=32.0503 ratchet=33.7499 best=32.0126 since_improve=33
t=70489ms iter=359 WAIST cost=30.0000 best_alt=21.0000 gap=9.0000 tried=5 sep_labels=21 clique_frac=0.00
t=70634ms iter=359 REBUILD reject new_tc=37.4342 (was 32.0503)
t=70698ms iter=359 incumb=32.0503 ratchet=34.0409 best=32.0126 since_improve=34
t=70707ms iter=360 WAIST cost=30.0000 best_alt=21.0000 gap=9.0000 tried=5 sep_labels=21 clique_frac=0.00
t=70851ms iter=360 REBUILD reject new_tc=37.5150 (was 32.0503)
t=70915ms iter=360 incumb=32.0503 ratchet=36.1490 best=32.0126 since_improve=35
t=70925ms iter=361 WAIST cost=30.0000 best_alt=21.0000 gap=9.0000 tried=5 sep_labels=21 clique_frac=0.00
t=71070ms iter=361 REBUILD reject new_tc=36.8086 (was 32.0503)
t=71144ms iter=361 incumb=32.0503 ratchet=34.3661 best=32.0126 since_improve=36
t=71156ms iter=362 WAIST cost=30.0000 best_alt=21.0000 gap=9.0000 tried=5 sep_labels=21 clique_frac=0.00
t=71302ms iter=362 REBUILD reject new_tc=37.5129 (was 32.0503)
t=71364ms iter=362 incumb=32.0503 ratchet=33.0565 best=32.0126 since_improve=37
t=71375ms iter=363 WAIST cost=30.0000 best_alt=21.0000 gap=9.0000 tried=5 sep_labels=21 clique_frac=0.00
t=71521ms iter=363 REBUILD reject new_tc=37.3918 (was 32.0503)
t=71585ms iter=363 incumb=32.0503 ratchet=32.9555 best=32.0126 since_improve=38
t=71594ms iter=364 WAIST cost=30.0000 best_alt=21.0000 gap=9.0000 tried=5 sep_labels=21 clique_frac=0.00
t=71739ms iter=364 REBUILD reject new_tc=37.5123 (was 32.0503)
t=71802ms iter=364 incumb=32.0503 ratchet=32.4175 best=32.0126 since_improve=39
t=71811ms iter=365 WAIST cost=30.0000 best_alt=21.0000 gap=9.0000 tried=5 sep_labels=21 clique_frac=0.00
t=71956ms iter=365 REBUILD reject new_tc=37.4694 (was 32.0503)
t=72020ms iter=365 incumb=32.0503 ratchet=34.0796 best=32.0126 since_improve=40
t=72030ms iter=366 WAIST cost=30.0000 best_alt=21.0000 gap=9.0000 tried=5 sep_labels=21 clique_frac=0.00
t=72174ms iter=366 REBUILD reject new_tc=36.6991 (was 32.0503)
t=72238ms iter=366 incumb=32.0503 ratchet=34.0865 best=32.0126 since_improve=41
t=72249ms iter=367 WAIST cost=30.0000 best_alt=21.0000 gap=9.0000 tried=5 sep_labels=21 clique_frac=0.00
t=72393ms iter=367 REBUILD reject new_tc=36.6118 (was 32.0503)
t=72457ms iter=367 incumb=32.0503 ratchet=36.0205 best=32.0126 since_improve=42
t=72468ms iter=368 WAIST cost=30.0000 best_alt=21.0000 gap=9.0000 tried=5 sep_labels=21 clique_frac=0.00
t=72612ms iter=368 REBUILD reject new_tc=37.4072 (was 32.0503)
t=72677ms iter=368 incumb=32.0503 ratchet=35.5951 best=32.0126 since_improve=43
t=72687ms iter=369 WAIST cost=30.0000 best_alt=21.0000 gap=9.0000 tried=5 sep_labels=21 clique_frac=0.00
t=72830ms iter=369 REBUILD reject new_tc=36.5105 (was 32.0503)
t=72894ms iter=369 incumb=32.0503 ratchet=34.3956 best=32.0126 since_improve=44
t=72904ms iter=370 WAIST cost=30.0000 best_alt=21.0000 gap=9.0000 tried=5 sep_labels=21 clique_frac=0.00
t=73050ms iter=370 REBUILD reject new_tc=37.4272 (was 32.0503)
t=73114ms iter=370 incumb=32.0503 ratchet=35.9720 best=32.0126 since_improve=45
t=73124ms iter=371 WAIST cost=30.0000 best_alt=21.0000 gap=9.0000 tried=5 sep_labels=21 clique_frac=0.00
t=73268ms iter=371 REBUILD reject new_tc=37.2945 (was 32.0503)
t=73334ms iter=371 incumb=32.0503 ratchet=36.1108 best=32.0126 since_improve=46
t=73344ms iter=372 WAIST cost=30.0000 best_alt=21.0000 gap=9.0000 tried=5 sep_labels=21 clique_frac=0.00
t=73488ms iter=372 REBUILD reject new_tc=37.1829 (was 32.0503)
t=73552ms iter=372 incumb=32.0503 ratchet=35.7999 best=32.0126 since_improve=47
t=73562ms iter=373 WAIST cost=30.0000 best_alt=21.0000 gap=9.0000 tried=5 sep_labels=21 clique_frac=0.00
t=73704ms iter=373 REBUILD reject new_tc=36.8958 (was 32.0503)
t=73767ms iter=373 incumb=32.0503 ratchet=33.4359 best=32.0126 since_improve=48
t=73778ms iter=374 WAIST cost=30.0000 best_alt=21.0000 gap=9.0000 tried=5 sep_labels=21 clique_frac=0.00
t=73921ms iter=374 REBUILD reject new_tc=37.4507 (was 32.0503)
t=73986ms iter=374 incumb=32.0503 ratchet=36.4762 best=32.0126 since_improve=49
t=73997ms iter=375 WAIST cost=30.0000 best_alt=21.0000 gap=9.0000 tried=5 sep_labels=21 clique_frac=0.00
t=74141ms iter=375 REBUILD reject new_tc=37.3187 (was 32.0503)
t=74207ms iter=375 incumb=32.0503 ratchet=37.6919 best=32.0126 since_improve=50
t=74217ms iter=376 WAIST cost=30.0000 best_alt=21.0000 gap=9.0000 tried=5 sep_labels=21 clique_frac=0.00
t=74360ms iter=376 REBUILD reject new_tc=37.3275 (was 32.0503)
t=74425ms iter=376 incumb=32.0503 ratchet=35.6807 best=32.0126 since_improve=51
t=74435ms iter=377 WAIST cost=30.0000 best_alt=21.0000 gap=9.0000 tried=5 sep_labels=21 clique_frac=0.00
t=74580ms iter=377 REBUILD reject new_tc=37.3781 (was 32.0503)
t=74645ms iter=377 incumb=32.0503 ratchet=36.2318 best=32.0126 since_improve=52
t=74654ms iter=378 WAIST cost=30.0000 best_alt=21.0000 gap=9.0000 tried=5 sep_labels=21 clique_frac=0.00
t=74801ms iter=378 REBUILD reject new_tc=37.2272 (was 32.0503)
t=74863ms iter=378 incumb=32.0503 ratchet=33.4299 best=32.0126 since_improve=53
t=74873ms iter=379 WAIST cost=30.0000 best_alt=21.0000 gap=9.0000 tried=5 sep_labels=21 clique_frac=0.00
t=75015ms iter=379 REBUILD reject new_tc=37.4021 (was 32.0503)
t=75080ms iter=379 incumb=32.0503 ratchet=35.7457 best=32.0126 since_improve=54
t=75090ms iter=380 WAIST cost=30.0000 best_alt=21.0000 gap=9.0000 tried=5 sep_labels=21 clique_frac=0.00
t=75237ms iter=380 REBUILD reject new_tc=36.5419 (was 32.0503)
t=75302ms iter=380 incumb=32.0503 ratchet=35.9229 best=32.0126 since_improve=55
t=75311ms iter=381 WAIST cost=30.0000 best_alt=21.0000 gap=9.0000 tried=5 sep_labels=21 clique_frac=0.00
t=75456ms iter=381 REBUILD reject new_tc=37.3988 (was 32.0503)
t=75520ms iter=381 incumb=32.0503 ratchet=34.3512 best=32.0126 since_improve=56
t=75532ms iter=382 WAIST cost=30.0000 best_alt=21.0000 gap=9.0000 tried=5 sep_labels=21 clique_frac=0.00
t=75675ms iter=382 REBUILD reject new_tc=37.4064 (was 32.0503)
t=75739ms iter=382 incumb=32.0503 ratchet=33.0231 best=32.0126 since_improve=57
t=75749ms iter=383 WAIST cost=30.0000 best_alt=21.0000 gap=9.0000 tried=5 sep_labels=21 clique_frac=0.00
t=75900ms iter=383 REBUILD reject new_tc=36.7205 (was 32.0503)
t=75966ms iter=383 incumb=32.0503 ratchet=36.1745 best=32.0126 since_improve=58
t=75977ms iter=384 WAIST cost=30.0000 best_alt=21.0000 gap=9.0000 tried=5 sep_labels=21 clique_frac=0.00
t=76120ms iter=384 REBUILD reject new_tc=37.2635 (was 32.0503)
t=76185ms iter=384 incumb=32.0503 ratchet=36.2337 best=32.0126 since_improve=59
t=76196ms iter=385 WAIST cost=30.0000 best_alt=21.0000 gap=9.0000 tried=5 sep_labels=21 clique_frac=0.00
t=76340ms iter=385 REBUILD reject new_tc=37.5021 (was 32.0503)
t=76404ms iter=385 incumb=32.0503 ratchet=35.6492 best=32.0126 since_improve=60
t=76413ms iter=386 WAIST cost=30.0000 best_alt=21.0000 gap=9.0000 tried=5 sep_labels=21 clique_frac=0.00
t=76558ms iter=386 REBUILD reject new_tc=37.5740 (was 32.0503)
t=76625ms iter=386 incumb=32.0503 ratchet=36.0409 best=32.0126 since_improve=61
t=76635ms iter=387 WAIST cost=30.0000 best_alt=21.0000 gap=9.0000 tried=5 sep_labels=21 clique_frac=0.00
t=76779ms iter=387 REBUILD reject new_tc=37.2964 (was 32.0503)
t=76842ms iter=387 incumb=32.0503 ratchet=34.8429 best=32.0126 since_improve=62
t=76850ms iter=388 WAIST cost=30.0000 best_alt=21.0000 gap=9.0000 tried=5 sep_labels=21 clique_frac=0.00
t=76997ms iter=388 REBUILD reject new_tc=37.3917 (was 32.0503)
t=77061ms iter=388 incumb=32.0503 ratchet=36.8769 best=32.0126 since_improve=63
t=77071ms iter=389 WAIST cost=30.0000 best_alt=21.0000 gap=9.0000 tried=5 sep_labels=21 clique_frac=0.00
t=77214ms iter=389 REBUILD reject new_tc=37.4170 (was 32.0503)
t=77279ms iter=389 incumb=32.0503 ratchet=36.0509 best=32.0126 since_improve=64
t=77289ms iter=390 WAIST cost=30.0000 best_alt=21.0000 gap=9.0000 tried=5 sep_labels=21 clique_frac=0.00
t=77432ms iter=390 REBUILD reject new_tc=37.2538 (was 32.0503)
t=77496ms iter=390 incumb=32.0503 ratchet=34.3968 best=32.0126 since_improve=65
t=77507ms iter=391 WAIST cost=30.0000 best_alt=21.0000 gap=9.0000 tried=5 sep_labels=21 clique_frac=0.00
t=77653ms iter=391 REBUILD reject new_tc=37.6946 (was 32.0503)
t=77718ms iter=391 incumb=32.0503 ratchet=36.3956 best=32.0126 since_improve=66
t=77728ms iter=392 WAIST cost=30.0000 best_alt=21.0000 gap=9.0000 tried=5 sep_labels=21 clique_frac=0.00
t=77874ms iter=392 REBUILD reject new_tc=36.6513 (was 32.0503)
t=77938ms iter=392 incumb=32.0503 ratchet=34.6474 best=32.0126 since_improve=67
t=77949ms iter=393 WAIST cost=30.0000 best_alt=21.0000 gap=9.0000 tried=5 sep_labels=21 clique_frac=0.00
t=78114ms iter=393 REBUILD reject new_tc=36.9307 (was 32.0503)
t=78178ms iter=393 incumb=32.0503 ratchet=34.8812 best=32.0126 since_improve=68
t=78190ms iter=394 WAIST cost=30.0000 best_alt=21.0000 gap=9.0000 tried=5 sep_labels=21 clique_frac=0.00
t=78340ms iter=394 REBUILD reject new_tc=37.1456 (was 32.0503)
t=78404ms iter=394 incumb=32.0503 ratchet=33.1618 best=32.0126 since_improve=69
t=78414ms iter=395 WAIST cost=30.0000 best_alt=21.0000 gap=9.0000 tried=5 sep_labels=21 clique_frac=0.00
t=78558ms iter=395 REBUILD reject new_tc=37.2025 (was 32.0503)
t=78622ms iter=395 incumb=32.0503 ratchet=33.0693 best=32.0126 since_improve=70
t=78639ms iter=396 WAIST cost=30.0000 best_alt=21.0000 gap=9.0000 tried=5 sep_labels=21 clique_frac=0.00
t=78792ms iter=396 REBUILD reject new_tc=37.1042 (was 32.0503)
t=78856ms iter=396 incumb=32.0503 ratchet=32.7175 best=32.0126 since_improve=71
t=78866ms iter=397 WAIST cost=30.0000 best_alt=21.0000 gap=9.0000 tried=5 sep_labels=21 clique_frac=0.00
t=79009ms iter=397 REBUILD reject new_tc=37.4359 (was 32.0503)
t=79073ms iter=397 incumb=32.0503 ratchet=35.9732 best=32.0126 since_improve=72
t=79084ms iter=398 WAIST cost=30.0000 best_alt=21.0000 gap=9.0000 tried=5 sep_labels=21 clique_frac=0.00
t=79229ms iter=398 REBUILD reject new_tc=36.9165 (was 32.0503)
t=79291ms iter=398 incumb=32.0503 ratchet=32.8241 best=32.0126 since_improve=73
t=79301ms iter=399 WAIST cost=30.0000 best_alt=21.0000 gap=9.0000 tried=5 sep_labels=21 clique_frac=0.00
t=79446ms iter=399 REBUILD reject new_tc=37.4253 (was 32.0503)
t=79509ms iter=399 incumb=32.0503 ratchet=33.0056 best=32.0126 since_improve=74
t=79521ms iter=400 WAIST cost=30.0000 best_alt=21.0000 gap=9.0000 tried=5 sep_labels=21 clique_frac=0.00
t=79666ms iter=400 REBUILD reject new_tc=37.5469 (was 32.0503)
t=79731ms iter=400 incumb=32.0503 ratchet=35.9922 best=32.0126 since_improve=75
t=79739ms iter=401 WAIST cost=30.0000 best_alt=21.0000 gap=9.0000 tried=5 sep_labels=21 clique_frac=0.00
t=79882ms iter=401 REBUILD reject new_tc=37.3177 (was 32.0503)
t=79944ms iter=401 incumb=32.0503 ratchet=33.1839 best=32.0126 since_improve=76
t=79954ms iter=402 WAIST cost=30.0000 best_alt=21.0000 gap=9.0000 tried=5 sep_labels=21 clique_frac=0.00
t=80099ms iter=402 REBUILD reject new_tc=37.3523 (was 32.0503)
t=80163ms iter=402 incumb=32.0503 ratchet=36.0746 best=32.0126 since_improve=77
t=80173ms iter=403 WAIST cost=30.0000 best_alt=21.0000 gap=9.0000 tried=5 sep_labels=21 clique_frac=0.00
t=80318ms iter=403 REBUILD reject new_tc=37.4844 (was 32.0503)
t=80383ms iter=403 incumb=32.0503 ratchet=36.1327 best=32.0126 since_improve=78
t=80395ms iter=404 WAIST cost=30.0000 best_alt=21.0000 gap=9.0000 tried=5 sep_labels=21 clique_frac=0.00
t=80539ms iter=404 REBUILD reject new_tc=36.4178 (was 32.0503)
t=80603ms iter=404 incumb=32.0503 ratchet=33.2932 best=32.0126 since_improve=79
t=80613ms iter=405 WAIST cost=30.0000 best_alt=21.0000 gap=9.0000 tried=5 sep_labels=21 clique_frac=0.00
t=80758ms iter=405 REBUILD reject new_tc=36.8001 (was 32.0503)
t=80821ms iter=405 incumb=32.0503 ratchet=33.8874 best=32.0126 since_improve=80
t=80832ms iter=406 WAIST cost=30.0000 best_alt=21.0000 gap=9.0000 tried=5 sep_labels=21 clique_frac=0.00
t=80976ms iter=406 REBUILD reject new_tc=37.7187 (was 32.0503)
t=81041ms iter=406 incumb=32.0503 ratchet=36.2686 best=32.0126 since_improve=81
t=81052ms iter=407 WAIST cost=30.0000 best_alt=21.0000 gap=9.0000 tried=5 sep_labels=21 clique_frac=0.00
t=81196ms iter=407 REBUILD reject new_tc=37.6037 (was 32.0503)
t=81259ms iter=407 incumb=32.0503 ratchet=33.8240 best=32.0126 since_improve=82
t=81270ms iter=408 WAIST cost=30.0000 best_alt=21.0000 gap=9.0000 tried=5 sep_labels=21 clique_frac=0.00
t=81416ms iter=408 REBUILD reject new_tc=37.3812 (was 32.0503)
t=81479ms iter=408 incumb=32.0503 ratchet=33.9978 best=32.0126 since_improve=83
t=81489ms iter=409 WAIST cost=30.0000 best_alt=21.0000 gap=9.0000 tried=5 sep_labels=21 clique_frac=0.00
t=81634ms iter=409 REBUILD reject new_tc=36.5243 (was 32.0503)
t=81699ms iter=409 incumb=32.0503 ratchet=35.9598 best=32.0126 since_improve=84
t=81710ms iter=410 WAIST cost=30.0000 best_alt=21.0000 gap=9.0000 tried=5 sep_labels=21 clique_frac=0.00
t=81853ms iter=410 REBUILD reject new_tc=37.4963 (was 32.0503)
t=81918ms iter=410 incumb=32.0503 ratchet=35.5984 best=32.0126 since_improve=85
t=81929ms iter=411 WAIST cost=30.0000 best_alt=21.0000 gap=9.0000 tried=5 sep_labels=21 clique_frac=0.00
t=82073ms iter=411 REBUILD reject new_tc=36.7701 (was 32.0503)
t=82136ms iter=411 incumb=32.0503 ratchet=33.3247 best=32.0126 since_improve=86
t=82146ms iter=412 WAIST cost=30.0000 best_alt=21.0000 gap=9.0000 tried=5 sep_labels=21 clique_frac=0.00
t=82289ms iter=412 REBUILD reject new_tc=36.9781 (was 32.0503)
t=82354ms iter=412 incumb=32.0503 ratchet=35.9699 best=32.0126 since_improve=87
t=82364ms iter=413 WAIST cost=30.0000 best_alt=21.0000 gap=9.0000 tried=5 sep_labels=21 clique_frac=0.00
t=82506ms iter=413 REBUILD reject new_tc=37.3891 (was 32.0503)
t=82572ms iter=413 incumb=32.0503 ratchet=36.4708 best=32.0126 since_improve=88
t=82583ms iter=414 WAIST cost=30.0000 best_alt=21.0000 gap=9.0000 tried=5 sep_labels=21 clique_frac=0.00
t=82726ms iter=414 REBUILD reject new_tc=37.2296 (was 32.0503)
t=82791ms iter=414 incumb=32.0503 ratchet=34.8003 best=32.0126 since_improve=89
t=82801ms iter=415 WAIST cost=30.0000 best_alt=21.0000 gap=9.0000 tried=5 sep_labels=21 clique_frac=0.00
t=82945ms iter=415 REBUILD reject new_tc=37.4842 (was 32.0503)
t=83009ms iter=415 incumb=32.0503 ratchet=36.1383 best=32.0126 since_improve=90
t=83020ms iter=416 WAIST cost=30.0000 best_alt=21.0000 gap=9.0000 tried=5 sep_labels=21 clique_frac=0.00
t=83165ms iter=416 REBUILD reject new_tc=36.8745 (was 32.0503)
t=83229ms iter=416 incumb=32.0503 ratchet=34.3308 best=32.0126 since_improve=91
t=83238ms iter=417 WAIST cost=30.0000 best_alt=21.0000 gap=9.0000 tried=5 sep_labels=21 clique_frac=0.00
t=83380ms iter=417 REBUILD reject new_tc=35.8621 (was 32.0503)
t=83444ms iter=417 incumb=32.0503 ratchet=35.0539 best=32.0126 since_improve=92
t=83455ms iter=418 WAIST cost=30.0000 best_alt=21.0000 gap=9.0000 tried=5 sep_labels=21 clique_frac=0.00
t=83599ms iter=418 REBUILD reject new_tc=37.5493 (was 32.0503)
t=83672ms iter=418 incumb=32.0503 ratchet=31.9174 best=31.8828 since_improve=0
t=83682ms iter=419 WAIST cost=30.0000 best_alt=22.0000 gap=8.0000 tried=5 sep_labels=22 clique_frac=0.09
t=83800ms iter=419 REBUILD reject new_tc=36.3231 (was 31.9174)
t=83866ms iter=419 incumb=31.9174 ratchet=35.1270 best=31.8828 since_improve=1
t=83876ms iter=420 WAIST cost=30.0000 best_alt=21.0000 gap=9.0000 tried=5 sep_labels=21 clique_frac=0.00
t=83991ms iter=420 REBUILD reject new_tc=34.8104 (was 31.9174)
t=84055ms iter=420 incumb=31.9174 ratchet=32.2918 best=31.8828 since_improve=2
t=84064ms iter=421 WAIST cost=30.0000 best_alt=22.0000 gap=8.0000 tried=5 sep_labels=22 clique_frac=0.09
t=84184ms iter=421 REBUILD reject new_tc=36.6310 (was 31.9174)
t=84246ms iter=421 incumb=31.9174 ratchet=32.5308 best=31.8828 since_improve=3
t=84256ms iter=422 WAIST cost=30.0000 best_alt=21.0000 gap=9.0000 tried=5 sep_labels=21 clique_frac=0.00
t=84371ms iter=422 REBUILD reject new_tc=34.4964 (was 31.9174)
t=84434ms iter=422 incumb=31.9174 ratchet=32.1866 best=31.8828 since_improve=4
t=84443ms iter=423 WAIST cost=30.0000 best_alt=22.0000 gap=8.0000 tried=5 sep_labels=22 clique_frac=0.09
t=84561ms iter=423 REBUILD reject new_tc=36.5662 (was 31.9174)
t=84626ms iter=423 incumb=31.9174 ratchet=36.2249 best=31.8828 since_improve=5
t=84637ms iter=424 WAIST cost=30.0000 best_alt=21.0000 gap=9.0000 tried=5 sep_labels=21 clique_frac=0.00
t=84753ms iter=424 REBUILD reject new_tc=35.3200 (was 31.9174)
t=84818ms iter=424 incumb=31.9174 ratchet=36.1562 best=31.8828 since_improve=6
t=84827ms iter=425 WAIST cost=30.0000 best_alt=22.0000 gap=8.0000 tried=5 sep_labels=22 clique_frac=0.09
t=84946ms iter=425 REBUILD reject new_tc=36.5112 (was 31.9174)
t=85010ms iter=425 incumb=31.9174 ratchet=36.1369 best=31.8828 since_improve=7
t=85020ms iter=426 WAIST cost=30.0000 best_alt=21.0000 gap=9.0000 tried=5 sep_labels=21 clique_frac=0.00
t=85135ms iter=426 REBUILD reject new_tc=34.0154 (was 31.9174)
t=85199ms iter=426 incumb=31.9174 ratchet=36.1859 best=31.8828 since_improve=8
t=85208ms iter=427 WAIST cost=30.0000 best_alt=22.0000 gap=8.0000 tried=5 sep_labels=22 clique_frac=0.09
t=85327ms iter=427 REBUILD reject new_tc=36.5194 (was 31.9174)
t=85392ms iter=427 incumb=31.9174 ratchet=36.0065 best=31.8828 since_improve=9
t=85403ms iter=428 WAIST cost=30.0000 best_alt=21.0000 gap=9.0000 tried=5 sep_labels=21 clique_frac=0.00
t=85520ms iter=428 REBUILD reject new_tc=36.2361 (was 31.9174)
t=85587ms iter=428 incumb=31.9174 ratchet=39.8449 best=31.8828 since_improve=10
t=85600ms iter=429 WAIST cost=30.0000 best_alt=21.0000 gap=9.0000 tried=5 sep_labels=21 clique_frac=0.00
t=85715ms iter=429 REBUILD reject new_tc=36.5479 (was 31.9174)
t=85788ms iter=429 incumb=31.9174 ratchet=31.5501 best=31.5379 since_improve=0
t=85796ms iter=430 WAIST cost=30.0000 best_alt=2.0000 gap=28.0000 tried=5 sep_labels=2 clique_frac=1.00
t=85974ms iter=430 REBUILD reject new_tc=41.2286 (was 31.5501)
t=86039ms iter=430 incumb=31.5501 ratchet=32.6909 best=31.5379 since_improve=1
t=86046ms iter=431 WAIST cost=30.0000 best_alt=2.0000 gap=28.0000 tried=5 sep_labels=2 clique_frac=1.00
t=86227ms iter=431 REBUILD reject new_tc=42.2419 (was 31.5501)
t=86291ms iter=431 incumb=31.5501 ratchet=33.7430 best=31.5379 since_improve=2
t=86298ms iter=432 WAIST cost=30.0000 best_alt=2.0000 gap=28.0000 tried=5 sep_labels=2 clique_frac=1.00
t=86478ms iter=432 REBUILD reject new_tc=41.5585 (was 31.5501)
t=86541ms iter=432 incumb=31.5501 ratchet=33.1996 best=31.5379 since_improve=3
t=86549ms iter=433 WAIST cost=30.0000 best_alt=2.0000 gap=28.0000 tried=5 sep_labels=2 clique_frac=1.00
t=86728ms iter=433 REBUILD reject new_tc=41.8239 (was 31.5501)
t=86793ms iter=433 incumb=31.5501 ratchet=35.9417 best=31.5379 since_improve=4
t=86801ms iter=434 WAIST cost=30.0000 best_alt=2.0000 gap=28.0000 tried=5 sep_labels=2 clique_frac=1.00
t=86978ms iter=434 REBUILD reject new_tc=41.6329 (was 31.5501)
t=87049ms iter=434 incumb=31.5501 ratchet=36.3991 best=31.5379 since_improve=5
t=87057ms iter=435 WAIST cost=30.0000 best_alt=2.0000 gap=28.0000 tried=5 sep_labels=2 clique_frac=1.00
t=87234ms iter=435 REBUILD reject new_tc=42.0125 (was 31.5501)
t=87298ms iter=435 incumb=31.5501 ratchet=32.8061 best=31.5379 since_improve=6
t=87300ms iter=436 WAIST cost=30.0000 best_alt=2.0000 gap=28.0000 tried=1 sep_labels=2 clique_frac=1.00
t=87481ms iter=436 REBUILD reject new_tc=41.9698 (was 31.5501)
t_final=87489ms tc_reduced=31.5379 tc_full=31.5379 leaves=525
surgery summary: calls=436 cheaper_cuts=436 rebuild_accepts=4 waist_min_hits=0
