{
  "backend": "OMEinsumContractionOrders.jl",
  "method": "treesa",
  "language": "julia",
  "results": {
    "petersen": {
      "rwc": 8.326429487122303,
      "tc": 8.491853096329674,
      "ntrials": 1,
      "niters": 50,
      "indices": 15,
      "tensors": 10,
      "sc": 4.0,
      "avg_ms": 36.96223033333333
    },
    "reg3_50": {
      "rwc": 12.020632761657707,
      "tc": 12.958552715431011,
      "ntrials": 1,
      "niters": 100,
      "indices": 74,
      "tensors": 50,
      "sc": 8.0,
      "avg_ms": 608.4614696666667
    },
    "grid_5x5": {
      "rwc": 10.401946123976536,
      "tc": 10.957102041562287,
      "ntrials": 1,
      "niters": 100,
      "indices": 40,
      "tensors": 25,
      "sc": 6.0,
      "avg_ms": 292.5642486666667
    },
    "grid_6x6": {
      "rwc": 11.375582512490507,
      "tc": 12.152284842306582,
      "ntrials": 1,
      "niters": 100,
      "indices": 60,
      "tensors": 36,
      "sc": 6.0,
      "avg_ms": 471.64717399999995
    },
    "reg3_100": {
      "rwc": 15.200477195647137,
      "tc": 17.243359962491795,
      "ntrials": 1,
      "niters": 100,
      "indices": 148,
      "tensors": 100,
      "sc": 11.0,
      "avg_ms": 1471.8861806666669
    },
    "reg3_250": {
      "rwc": 36.09896899230295,
      "tc": 48.006505272311564,
      "ntrials": 1,
      "niters": 100,
      "indices": 372,
      "tensors": 250,
      "sc": 33.0,
      "avg_ms": 5147.945855999999
    },
    "grid_4x4": {
      "rwc": 8.980139577639157,
      "tc": 9.179909090014934,
      "ntrials": 1,
      "niters": 100,
      "indices": 24,
      "tensors": 16,
      "sc": 4.0,
      "avg_ms": 144.55123066666667
    },
    "chain_10": {
      "rwc": 18.042599881712917,
      "tc": 23.101493570766486,
      "ntrials": 1,
      "niters": 50,
      "indices": 11,
      "tensors": 10,
      "sc": 13.287712379549449,
      "avg_ms": 40.610566666666664
    },
    "chain_20": {
      "rwc": 19.12060239371419,
      "tc": 24.17949608276776,
      "ntrials": 1,
      "niters": 50,
      "indices": 21,
      "tensors": 20,
      "sc": 13.287712379549449,
      "avg_ms": 61.174613333333326
    }
  }
}