{
  "language": "python",
  "backend": "omeco (Rust via PyO3)",
  "method": "treesa",
  "results": {
    "chain_10": {
      "tensors": 10,
      "indices": 11,
      "ntrials": 1,
      "niters": 50,
      "tc": 23.101493570766486,
      "sc": 13.287712379549449,
      "rwc": 18.042599881712917,
      "avg_ms": 281.8903890438378
    },
    "chain_20": {
      "tensors": 20,
      "indices": 21,
      "ntrials": 1,
      "niters": 50,
      "tc": 24.17949608276776,
      "sc": 13.287712379549449,
      "rwc": 19.12060239371419,
      "avg_ms": 628.0264593660831
    },
    "grid_4x4": {
      "tensors": 16,
      "indices": 24,
      "ntrials": 1,
      "niters": 100,
      "tc": 9.179909090014934,
      "sc": 4.0,
      "rwc": 8.980139577639159,
      "avg_ms": 1729.5953060189884
    },
    "grid_5x5": {
      "tensors": 25,
      "indices": 40,
      "ntrials": 1,
      "niters": 100,
      "tc": 10.96000193206808,
      "sc": 6.0,
      "rwc": 10.410451351503996,
      "avg_ms": 3059.6467660119138
    },
    "grid_6x6": {
      "tensors": 36,
      "indices": 60,
      "ntrials": 1,
      "niters": 100,
      "tc": 12.151016538892247,
      "sc": 6.0,
      "rwc": 11.371232128369622,
      "avg_ms": 4823.107240255922
    },
    "petersen": {
      "tensors": 10,
      "indices": 15,
      "ntrials": 1,
      "niters": 50,
      "tc": 8.491853096329674,
      "sc": 4.0,
      "rwc": 8.326429487122303,
      "avg_ms": 418.0172267369926
    },
    "reg3_50": {
      "tensors": 50,
      "indices": 74,
      "ntrials": 1,
      "niters": 100,
      "tc": 13.054604317960674,
      "sc": 8.0,
      "rwc": 12.067098185748385,
      "avg_ms": 6028.232128359377
    },
    "reg3_100": {
      "tensors": 100,
      "indices": 148,
      "ntrials": 1,
      "niters": 100,
      "tc": 17.213332091552385,
      "sc": 11.0,
      "rwc": 15.155964532715595,
      "avg_ms": 14536.180210920671
    },
    "reg3_250": {
      "tensors": 250,
      "indices": 372,
      "ntrials": 1,
      "niters": 100,
      "tc": 49.00112652235921,
      "sc": 33.0,
      "rwc": 36.91467959319781,
      "avg_ms": 62512.967880970486
    }
  }
}