{
  "backend": "OMEinsumContractionOrders.jl",
  "method": "greedy",
  "language": "julia",
  "results": {
    "petersen": {
      "rwc": 8.588714635582264,
      "tc": 8.832890014164741,
      "indices": 15,
      "tensors": 10,
      "sc": 5.0,
      "avg_ms": 0.048988899999999995
    },
    "reg3_50": {
      "rwc": 12.767149912284852,
      "tc": 14.261507309202056,
      "indices": 74,
      "tensors": 50,
      "sc": 10.0,
      "avg_ms": 0.4191762
    },
    "grid_5x5": {
      "rwc": 10.755722153642282,
      "tc": 11.375039431346925,
      "indices": 40,
      "tensors": 25,
      "sc": 6.0,
      "avg_ms": 0.2011083
    },
    "grid_6x6": {
      "rwc": 12.281060671677018,
      "tc": 13.59618975614441,
      "indices": 60,
      "tensors": 36,
      "sc": 9.0,
      "avg_ms": 0.31488449999999996
    },
    "reg3_100": {
      "rwc": 21.355590371403938,
      "tc": 26.383729337873834,
      "indices": 148,
      "tensors": 100,
      "sc": 20.0,
      "avg_ms": 1.1591748000000002
    },
    "reg3_250": {
      "rwc": 54.04994608760788,
      "tc": 70.02254663358521,
      "indices": 372,
      "tensors": 250,
      "sc": 53.0,
      "avg_ms": 3.3430187
    },
    "grid_4x4": {
      "rwc": 9.047123912114026,
      "tc": 9.20945336562895,
      "indices": 24,
      "tensors": 16,
      "sc": 4.0,
      "avg_ms": 0.0900174
    },
    "chain_10": {
      "rwc": 18.042599881712917,
      "tc": 23.101493570766486,
      "indices": 11,
      "tensors": 10,
      "sc": 13.287712379549449,
      "avg_ms": 0.05278820000000001
    },
    "chain_20": {
      "rwc": 19.12060239371419,
      "tc": 24.17949608276776,
      "indices": 21,
      "tensors": 20,
      "sc": 13.287712379549449,
      "avg_ms": 0.06467060000000001
    }
  }
}