{
  "language": "python",
  "backend": "omeco (Rust via PyO3)",
  "method": "greedy",
  "results": {
    "chain_10": {
      "tensors": 10,
      "indices": 11,
      "tc": 23.10149357076649,
      "sc": 13.287712379549449,
      "rwc": 18.04259988171292,
      "avg_ms": 1.313790213316679
    },
    "chain_20": {
      "tensors": 20,
      "indices": 21,
      "tc": 24.17949608276776,
      "sc": 13.287712379549449,
      "rwc": 19.12060239371419,
      "avg_ms": 4.123500967398286
    },
    "grid_4x4": {
      "tensors": 16,
      "indices": 24,
      "tc": 9.189824558880018,
      "sc": 4.0,
      "rwc": 9.002815015607055,
      "avg_ms": 3.5138841252774
    },
    "grid_5x5": {
      "tensors": 25,
      "indices": 40,
      "tc": 11.247927513443585,
      "sc": 6.0,
      "rwc": 10.673309075561694,
      "avg_ms": 9.044555993750691
    },
    "grid_6x6": {
      "tensors": 36,
      "indices": 60,
      "tc": 13.60733031374961,
      "sc": 8.0,
      "rwc": 12.290306896257903,
      "avg_ms": 20.985937677323818
    },
    "petersen": {
      "tensors": 10,
      "indices": 15,
      "tc": 8.523561956057012,
      "sc": 4.0,
      "rwc": 8.396604781181859,
      "avg_ms": 1.3587303925305605
    },
    "reg3_50": {
      "tensors": 50,
      "indices": 74,
      "tc": 13.787086324551616,
      "sc": 9.0,
      "rwc": 12.390975006155534,
      "avg_ms": 39.03129720129073
    },
    "reg3_100": {
      "tensors": 100,
      "indices": 148,
      "tc": 25.424580101333262,
      "sc": 17.0,
      "rwc": 19.690415799600647,
      "avg_ms": 163.05333352647722
    },
    "reg3_250": {
      "tensors": 250,
      "indices": 372,
      "tc": 66.10852543791242,
      "sc": 49.0,
      "rwc": 51.003243809090336,
      "avg_ms": 1093.4266009833664
    }
  }
}