probe: instance=sycamore_53_20_0 n_orig=3369 n=381 fusible=0.8869 nlabels=754 t=16ms
seed_greedy tc=86.2107 t=526ms
t=629ms iter=1 WAIST cost=58.0000 best_alt=45.0000 gap=13.0000 tried=5 sep_labels=45 clique_frac=0.02
t=978ms iter=1 REBUILD ACCEPT new_tc=61.9172 (was 62.0966)
t=3931ms iter=1 incumb=61.9172 ratchet=61.4377 best=61.4344 since_improve=0
t=3939ms iter=2 WAIST cost=56.0000 best_alt=52.0000 gap=4.0000 tried=5 sep_labels=52 clique_frac=0.01
t=4103ms iter=2 REBUILD reject new_tc=76.0006 (was 61.4377)
t=7297ms iter=2 incumb=61.4377 ratchet=61.1308 best=61.1282 since_improve=0
t=7307ms iter=3 WAIST cost=57.0000 best_alt=51.0000 gap=6.0000 tried=5 sep_labels=51 clique_frac=0.01
t=7480ms iter=3 REBUILD reject new_tc=63.6052 (was 61.1308)
t=8947ms iter=3 incumb=61.1308 ratchet=60.9481 best=60.9418 since_improve=0
t=8956ms iter=4 WAIST cost=57.0000 best_alt=50.0000 gap=7.0000 tried=5 sep_labels=50 clique_frac=0.01
t=9106ms iter=4 REBUILD reject new_tc=68.7925 (was 60.9481)
t=11942ms iter=4 incumb=60.9481 ratchet=60.6146 best=60.5970 since_improve=0
t=11953ms iter=5 WAIST cost=57.0000 best_alt=47.0000 gap=10.0000 tried=5 sep_labels=47 clique_frac=0.01
t=12114ms iter=5 REBUILD reject new_tc=61.4791 (was 60.6146)
t=12267ms iter=5 incumb=60.6146 ratchet=60.6914 best=60.5970 since_improve=1
t=12275ms iter=6 WAIST cost=57.0000 best_alt=45.0000 gap=12.0000 tried=5 sep_labels=45 clique_frac=0.01
t=12419ms iter=6 REBUILD reject new_tc=74.0001 (was 60.6146)
t=12586ms iter=6 incumb=60.6146 ratchet=60.7254 best=60.5970 since_improve=2
t=12597ms iter=7 WAIST cost=57.0000 best_alt=49.0000 gap=8.0000 tried=5 sep_labels=49 clique_frac=0.01
t=12757ms iter=7 REBUILD reject new_tc=61.4503 (was 60.6146)
t=12920ms iter=7 incumb=60.6146 ratchet=60.6469 best=60.5970 since_improve=3
t=12931ms iter=8 WAIST cost=57.0000 best_alt=47.0000 gap=10.0000 tried=5 sep_labels=47 clique_frac=0.01
t=13092ms iter=8 REBUILD reject new_tc=61.0217 (was 60.6146)
t=13252ms iter=8 incumb=60.6146 ratchet=61.3010 best=60.5970 since_improve=4
t=13260ms iter=9 WAIST cost=57.0000 best_alt=49.0000 gap=8.0000 tried=5 sep_labels=49 clique_frac=0.01
t=13417ms iter=9 REBUILD reject new_tc=61.3550 (was 60.6146)
t=13578ms iter=9 incumb=60.6146 ratchet=60.7325 best=60.5970 since_improve=5
t=13585ms iter=10 WAIST cost=57.0000 best_alt=49.0000 gap=8.0000 tried=5 sep_labels=49 clique_frac=0.01
t=13738ms iter=10 REBUILD reject new_tc=65.1278 (was 60.6146)
t=13901ms iter=10 incumb=60.6146 ratchet=60.6760 best=60.5970 since_improve=6
t=13909ms iter=11 WAIST cost=57.0000 best_alt=49.0000 gap=8.0000 tried=5 sep_labels=49 clique_frac=0.01
t=14074ms iter=11 REBUILD reject new_tc=61.1633 (was 60.6146)
t=14236ms iter=11 incumb=60.6146 ratchet=60.6999 best=60.5970 since_improve=7
t=14244ms iter=12 WAIST cost=57.0000 best_alt=48.0000 gap=9.0000 tried=5 sep_labels=48 clique_frac=0.01
t=14402ms iter=12 REBUILD reject new_tc=61.8527 (was 60.6146)
t=15558ms iter=12 incumb=60.6146 ratchet=60.4804 best=60.4804 since_improve=0
t=15566ms iter=13 WAIST cost=56.0000 best_alt=52.0000 gap=4.0000 tried=5 sep_labels=52 clique_frac=0.02
t=15728ms iter=13 REBUILD reject new_tc=60.8165 (was 60.4804)
t=15885ms iter=13 incumb=60.4804 ratchet=61.3956 best=60.4804 since_improve=1
t=15891ms iter=14 WAIST cost=56.0000 best_alt=52.0000 gap=4.0000 tried=5 sep_labels=52 clique_frac=0.01
t=16047ms iter=14 REBUILD reject new_tc=63.4408 (was 60.4804)
t=16785ms iter=14 incumb=60.4804 ratchet=60.3313 best=60.3313 since_improve=0
t=16793ms iter=15 WAIST cost=57.0000 best_alt=51.0000 gap=6.0000 tried=5 sep_labels=51 clique_frac=0.01
t=16938ms iter=15 REBUILD reject new_tc=69.0356 (was 60.3313)
t=17095ms iter=15 incumb=60.3313 ratchet=60.3538 best=60.3313 since_improve=1
t=17102ms iter=16 WAIST cost=57.0000 best_alt=45.0000 gap=12.0000 tried=5 sep_labels=45 clique_frac=0.01
t=17263ms iter=16 REBUILD reject new_tc=63.6472 (was 60.3313)
t=17425ms iter=16 incumb=60.3313 ratchet=60.4843 best=60.3313 since_improve=2
t=17434ms iter=17 WAIST cost=57.0000 best_alt=49.0000 gap=8.0000 tried=5 sep_labels=49 clique_frac=0.01
t=17575ms iter=17 REBUILD reject new_tc=79.0001 (was 60.3313)
t=17732ms iter=17 incumb=60.3313 ratchet=60.3923 best=60.3313 since_improve=3
t=17742ms iter=18 WAIST cost=57.0000 best_alt=51.0000 gap=6.0000 tried=5 sep_labels=51 clique_frac=0.01
t=17894ms iter=18 REBUILD reject new_tc=60.7271 (was 60.3313)
t=19046ms iter=18 incumb=60.3313 ratchet=60.1950 best=60.1649 since_improve=0
t=19053ms iter=19 WAIST cost=57.0000 best_alt=51.0000 gap=6.0000 tried=5 sep_labels=51 clique_frac=0.01
t=19210ms iter=19 REBUILD reject new_tc=61.3730 (was 60.1950)
t=19374ms iter=19 incumb=60.1950 ratchet=60.1926 best=60.1649 since_improve=0
t=19381ms iter=20 WAIST cost=57.0000 best_alt=49.0000 gap=8.0000 tried=5 sep_labels=49 clique_frac=0.01
t=19536ms iter=20 REBUILD reject new_tc=61.4465 (was 60.1926)
t=19697ms iter=20 incumb=60.1926 ratchet=60.2180 best=60.1649 since_improve=1
t=19706ms iter=21 WAIST cost=57.0000 best_alt=49.0000 gap=8.0000 tried=5 sep_labels=49 clique_frac=0.01
t=19850ms iter=21 REBUILD reject new_tc=77.0024 (was 60.1926)
t=20015ms iter=21 incumb=60.1926 ratchet=60.3637 best=60.1649 since_improve=2
t=20031ms iter=22 WAIST cost=57.0000 best_alt=52.0000 gap=5.0000 tried=5 sep_labels=52 clique_frac=0.01
t=20231ms iter=22 REBUILD reject new_tc=61.0262 (was 60.1926)
t=20395ms iter=22 incumb=60.1926 ratchet=60.1818 best=60.1649 since_improve=0
t=20403ms iter=23 WAIST cost=57.0000 best_alt=45.0000 gap=12.0000 tried=5 sep_labels=45 clique_frac=0.01
t=20564ms iter=23 REBUILD reject new_tc=61.2526 (was 60.1818)
t=20724ms iter=23 incumb=60.1818 ratchet=60.1708 best=60.1649 since_improve=0
t=20733ms iter=24 WAIST cost=57.0000 best_alt=52.0000 gap=5.0000 tried=5 sep_labels=52 clique_frac=0.01
t=20903ms iter=24 REBUILD reject new_tc=60.6565 (was 60.1708)
t=21056ms iter=24 incumb=60.1708 ratchet=60.3617 best=60.1649 since_improve=1
t=21064ms iter=25 WAIST cost=57.0000 best_alt=51.0000 gap=6.0000 tried=5 sep_labels=51 clique_frac=0.01
t=21220ms iter=25 REBUILD reject new_tc=61.9961 (was 60.1708)
t=21379ms iter=25 incumb=60.1708 ratchet=60.1870 best=60.1649 since_improve=2
t=21390ms iter=26 WAIST cost=57.0000 best_alt=49.0000 gap=8.0000 tried=5 sep_labels=49 clique_frac=0.01
t=21547ms iter=26 REBUILD reject new_tc=61.5464 (was 60.1708)
t=21704ms iter=26 incumb=60.1708 ratchet=60.2099 best=60.1649 since_improve=3
t=21710ms iter=27 WAIST cost=57.0000 best_alt=52.0000 gap=5.0000 tried=5 sep_labels=52 clique_frac=0.01
t=21875ms iter=27 REBUILD reject new_tc=60.6422 (was 60.1708)
t=22035ms iter=27 incumb=60.1708 ratchet=60.1853 best=60.1649 since_improve=4
t=22042ms iter=28 WAIST cost=57.0000 best_alt=51.0000 gap=6.0000 tried=5 sep_labels=51 clique_frac=0.01
t=22198ms iter=28 REBUILD reject new_tc=62.0696 (was 60.1708)
t=22356ms iter=28 incumb=60.1708 ratchet=60.2180 best=60.1649 since_improve=5
t=22364ms iter=29 WAIST cost=57.0000 best_alt=52.0000 gap=5.0000 tried=5 sep_labels=52 clique_frac=0.01
t=22538ms iter=29 REBUILD reject new_tc=60.6722 (was 60.1708)
t=22692ms iter=29 incumb=60.1708 ratchet=60.2158 best=60.1649 since_improve=6
t=22701ms iter=30 WAIST cost=57.0000 best_alt=52.0000 gap=5.0000 tried=5 sep_labels=52 clique_frac=0.01
t=22875ms iter=30 REBUILD reject new_tc=60.7222 (was 60.1708)
t=23034ms iter=30 incumb=60.1708 ratchet=60.3426 best=60.1649 since_improve=7
t=23042ms iter=31 WAIST cost=57.0000 best_alt=52.0000 gap=5.0000 tried=5 sep_labels=52 clique_frac=0.01
t=23213ms iter=31 REBUILD reject new_tc=60.7428 (was 60.1708)
t=23940ms iter=31 incumb=60.1708 ratchet=60.1513 best=60.1513 since_improve=0
t=23949ms iter=32 WAIST cost=57.0000 best_alt=50.0000 gap=7.0000 tried=5 sep_labels=50 clique_frac=0.01
t=24101ms iter=32 REBUILD reject new_tc=61.4651 (was 60.1513)
t=24264ms iter=32 incumb=60.1513 ratchet=60.3518 best=60.1513 since_improve=1
t=24271ms iter=33 WAIST cost=57.0000 best_alt=52.0000 gap=5.0000 tried=5 sep_labels=52 clique_frac=0.01
t=24432ms iter=33 REBUILD reject new_tc=75.0016 (was 60.1513)
t=24594ms iter=33 incumb=60.1513 ratchet=60.3006 best=60.1513 since_improve=2
t=24603ms iter=34 WAIST cost=57.0000 best_alt=51.0000 gap=6.0000 tried=5 sep_labels=51 clique_frac=0.01
t=24757ms iter=34 REBUILD reject new_tc=62.4612 (was 60.1513)
t=24916ms iter=34 incumb=60.1513 ratchet=60.2605 best=60.1513 since_improve=3
t=24923ms iter=35 WAIST cost=57.0000 best_alt=52.0000 gap=5.0000 tried=5 sep_labels=52 clique_frac=0.01
t=25091ms iter=35 REBUILD reject new_tc=60.8342 (was 60.1513)
t=25246ms iter=35 incumb=60.1513 ratchet=60.2162 best=60.1513 since_improve=4
t=25253ms iter=36 WAIST cost=57.0000 best_alt=52.0000 gap=5.0000 tried=5 sep_labels=52 clique_frac=0.01
t=25429ms iter=36 REBUILD reject new_tc=60.8161 (was 60.1513)
t=26357ms iter=36 incumb=60.1513 ratchet=60.1357 best=60.1357 since_improve=0
t=26359ms iter=37 WAIST cost=57.0000 best_alt=3.0000 gap=54.0000 tried=5 sep_labels=3 clique_frac=1.00
t=26589ms iter=37 REBUILD reject new_tc=61.3477 (was 60.1357)
t=26740ms iter=37 incumb=60.1357 ratchet=60.3643 best=60.1357 since_improve=1
t=26742ms iter=38 WAIST cost=57.0000 best_alt=3.0000 gap=54.0000 tried=5 sep_labels=3 clique_frac=1.00
t=26977ms iter=38 REBUILD reject new_tc=61.1886 (was 60.1357)
t=27135ms iter=38 incumb=60.1357 ratchet=60.1528 best=60.1357 since_improve=2
t=27138ms iter=39 WAIST cost=57.0000 best_alt=3.0000 gap=54.0000 tried=5 sep_labels=3 clique_frac=1.00
t=27371ms iter=39 REBUILD reject new_tc=61.1135 (was 60.1357)
t=27527ms iter=39 incumb=60.1357 ratchet=60.6843 best=60.1357 since_improve=3
t=27530ms iter=40 WAIST cost=57.0000 best_alt=3.0000 gap=54.0000 tried=5 sep_labels=3 clique_frac=1.00
t=27760ms iter=40 REBUILD reject new_tc=61.6056 (was 60.1357)
t=27915ms iter=40 incumb=60.1357 ratchet=60.3082 best=60.1357 since_improve=4
t=27917ms iter=41 WAIST cost=57.0000 best_alt=3.0000 gap=54.0000 tried=5 sep_labels=3 clique_frac=1.00
t=28153ms iter=41 REBUILD reject new_tc=61.0751 (was 60.1357)
t=28312ms iter=41 incumb=60.1357 ratchet=60.1384 best=60.1357 since_improve=5
t=28314ms iter=42 WAIST cost=57.0000 best_alt=3.0000 gap=54.0000 tried=5 sep_labels=3 clique_frac=1.00
t=28551ms iter=42 REBUILD reject new_tc=61.5386 (was 60.1357)
t=28703ms iter=42 incumb=60.1357 ratchet=60.3751 best=60.1357 since_improve=6
t=28705ms iter=43 WAIST cost=57.0000 best_alt=3.0000 gap=54.0000 tried=5 sep_labels=3 clique_frac=1.00
t=28926ms iter=43 REBUILD reject new_tc=62.1918 (was 60.1357)
t=29081ms iter=43 incumb=60.1357 ratchet=60.1905 best=60.1357 since_improve=7
t=29083ms iter=44 WAIST cost=57.0000 best_alt=3.0000 gap=54.0000 tried=5 sep_labels=3 clique_frac=1.00
t=29316ms iter=44 REBUILD reject new_tc=63.9203 (was 60.1357)
t=29476ms iter=44 incumb=60.1357 ratchet=60.2871 best=60.1357 since_improve=8
t=29479ms iter=45 WAIST cost=57.0000 best_alt=3.0000 gap=54.0000 tried=5 sep_labels=3 clique_frac=1.00
t=29714ms iter=45 REBUILD reject new_tc=61.3478 (was 60.1357)
t=29871ms iter=45 incumb=60.1357 ratchet=60.1375 best=60.1357 since_improve=9
t=29874ms iter=46 WAIST cost=57.0000 best_alt=3.0000 gap=54.0000 tried=5 sep_labels=3 clique_frac=1.00
t=30087ms iter=46 REBUILD reject new_tc=74.0007 (was 60.1357)
t=30244ms iter=46 incumb=60.1357 ratchet=60.1550 best=60.1357 since_improve=10
t=30247ms iter=47 WAIST cost=57.0000 best_alt=3.0000 gap=54.0000 tried=5 sep_labels=3 clique_frac=1.00
t=30456ms iter=47 REBUILD reject new_tc=77.0001 (was 60.1357)
t=30615ms iter=47 incumb=60.1357 ratchet=60.2486 best=60.1357 since_improve=11
t=30617ms iter=48 WAIST cost=57.0000 best_alt=3.0000 gap=54.0000 tried=5 sep_labels=3 clique_frac=1.00
t=30841ms iter=48 REBUILD reject new_tc=60.9238 (was 60.1357)
t=30997ms iter=48 incumb=60.1357 ratchet=60.2627 best=60.1357 since_improve=12
t=30999ms iter=49 WAIST cost=57.0000 best_alt=3.0000 gap=54.0000 tried=5 sep_labels=3 clique_frac=1.00
t=31225ms iter=49 REBUILD reject new_tc=61.3737 (was 60.1357)
t=31380ms iter=49 incumb=60.1357 ratchet=60.4331 best=60.1357 since_improve=13
t=31382ms iter=50 WAIST cost=57.0000 best_alt=3.0000 gap=54.0000 tried=5 sep_labels=3 clique_frac=1.00
t=31603ms iter=50 REBUILD reject new_tc=61.0961 (was 60.1357)
t=31763ms iter=50 incumb=60.1357 ratchet=60.2124 best=60.1357 since_improve=14
t=31765ms iter=51 WAIST cost=57.0000 best_alt=3.0000 gap=54.0000 tried=5 sep_labels=3 clique_frac=1.00
t=31997ms iter=51 REBUILD reject new_tc=61.6864 (was 60.1357)
t=32155ms iter=51 incumb=60.1357 ratchet=60.1451 best=60.1357 since_improve=15
t=32157ms iter=52 WAIST cost=57.0000 best_alt=3.0000 gap=54.0000 tried=5 sep_labels=3 clique_frac=1.00
t=32389ms iter=52 REBUILD reject new_tc=61.2422 (was 60.1357)
t=32547ms iter=52 incumb=60.1357 ratchet=60.3393 best=60.1357 since_improve=16
t=32549ms iter=53 WAIST cost=57.0000 best_alt=3.0000 gap=54.0000 tried=5 sep_labels=3 clique_frac=1.00
t=32791ms iter=53 REBUILD reject new_tc=61.7055 (was 60.1357)
t=32945ms iter=53 incumb=60.1357 ratchet=60.2975 best=60.1357 since_improve=17
t=32947ms iter=54 WAIST cost=57.0000 best_alt=3.0000 gap=54.0000 tried=5 sep_labels=3 clique_frac=1.00
t=33172ms iter=54 REBUILD reject new_tc=66.2764 (was 60.1357)
t=33329ms iter=54 incumb=60.1357 ratchet=60.3273 best=60.1357 since_improve=18
t=33331ms iter=55 WAIST cost=57.0000 best_alt=3.0000 gap=54.0000 tried=5 sep_labels=3 clique_frac=1.00
t=33547ms iter=55 REBUILD reject new_tc=62.3013 (was 60.1357)
t=33710ms iter=55 incumb=60.1357 ratchet=60.1901 best=60.1357 since_improve=19
t=33712ms iter=56 WAIST cost=57.0000 best_alt=3.0000 gap=54.0000 tried=5 sep_labels=3 clique_frac=1.00
t=33939ms iter=56 REBUILD reject new_tc=61.3743 (was 60.1357)
t=34101ms iter=56 incumb=60.1357 ratchet=60.3106 best=60.1357 since_improve=20
t=34104ms iter=57 WAIST cost=57.0000 best_alt=3.0000 gap=54.0000 tried=5 sep_labels=3 clique_frac=1.00
t=34330ms iter=57 REBUILD reject new_tc=65.2608 (was 60.1357)
t=34485ms iter=57 incumb=60.1357 ratchet=60.2197 best=60.1357 since_improve=21
t=34487ms iter=58 WAIST cost=57.0000 best_alt=3.0000 gap=54.0000 tried=5 sep_labels=3 clique_frac=1.00
t=34713ms iter=58 REBUILD reject new_tc=61.4354 (was 60.1357)
t=34868ms iter=58 incumb=60.1357 ratchet=60.1435 best=60.1357 since_improve=22
t=34870ms iter=59 WAIST cost=57.0000 best_alt=3.0000 gap=54.0000 tried=5 sep_labels=3 clique_frac=1.00
t=35094ms iter=59 REBUILD reject new_tc=65.1170 (was 60.1357)
t=35246ms iter=59 incumb=60.1357 ratchet=60.1800 best=60.1357 since_improve=23
t=35248ms iter=60 WAIST cost=57.0000 best_alt=3.0000 gap=54.0000 tried=5 sep_labels=3 clique_frac=1.00
t=35478ms iter=60 REBUILD reject new_tc=61.3459 (was 60.1357)
t=35636ms iter=60 incumb=60.1357 ratchet=60.3276 best=60.1357 since_improve=24
t=35639ms iter=61 WAIST cost=57.0000 best_alt=3.0000 gap=54.0000 tried=5 sep_labels=3 clique_frac=1.00
t=35868ms iter=61 REBUILD reject new_tc=61.4027 (was 60.1357)
t=36025ms iter=61 incumb=60.1357 ratchet=60.2681 best=60.1357 since_improve=25
t=36027ms iter=62 WAIST cost=57.0000 best_alt=3.0000 gap=54.0000 tried=5 sep_labels=3 clique_frac=1.00
t=36241ms iter=62 REBUILD reject new_tc=66.0663 (was 60.1357)
t=36397ms iter=62 incumb=60.1357 ratchet=60.1655 best=60.1357 since_improve=26
t=36400ms iter=63 WAIST cost=57.0000 best_alt=3.0000 gap=54.0000 tried=5 sep_labels=3 clique_frac=1.00
t=36632ms iter=63 REBUILD reject new_tc=61.9723 (was 60.1357)
t=36793ms iter=63 incumb=60.1357 ratchet=60.2246 best=60.1357 since_improve=27
t=36796ms iter=64 WAIST cost=57.0000 best_alt=3.0000 gap=54.0000 tried=5 sep_labels=3 clique_frac=1.00
t=37025ms iter=64 REBUILD reject new_tc=60.8581 (was 60.1357)
t=37177ms iter=64 incumb=60.1357 ratchet=60.1468 best=60.1357 since_improve=28
t=37179ms iter=65 WAIST cost=57.0000 best_alt=3.0000 gap=54.0000 tried=5 sep_labels=3 clique_frac=1.00
t=37417ms iter=65 REBUILD reject new_tc=70.9410 (was 60.1357)
t=37574ms iter=65 incumb=60.1357 ratchet=60.3408 best=60.1357 since_improve=29
t=37576ms iter=66 WAIST cost=57.0000 best_alt=3.0000 gap=54.0000 tried=5 sep_labels=3 clique_frac=1.00
t=37808ms iter=66 REBUILD reject new_tc=61.5954 (was 60.1357)
t=37962ms iter=66 incumb=60.1357 ratchet=60.2085 best=60.1357 since_improve=30
t=37965ms iter=67 WAIST cost=57.0000 best_alt=3.0000 gap=54.0000 tried=5 sep_labels=3 clique_frac=1.00
t=38198ms iter=67 REBUILD reject new_tc=61.5966 (was 60.1357)
t=38353ms iter=67 incumb=60.1357 ratchet=60.3853 best=60.1357 since_improve=31
t=38356ms iter=68 WAIST cost=57.0000 best_alt=3.0000 gap=54.0000 tried=5 sep_labels=3 clique_frac=1.00
t=38595ms iter=68 REBUILD reject new_tc=61.6415 (was 60.1357)
t=38753ms iter=68 incumb=60.1357 ratchet=61.1562 best=60.1357 since_improve=32
t=38755ms iter=69 WAIST cost=57.0000 best_alt=3.0000 gap=54.0000 tried=5 sep_labels=3 clique_frac=1.00
t=38988ms iter=69 REBUILD reject new_tc=61.6031 (was 60.1357)
t=39138ms iter=69 incumb=60.1357 ratchet=60.1569 best=60.1357 since_improve=33
t=39140ms iter=70 WAIST cost=57.0000 best_alt=3.0000 gap=54.0000 tried=5 sep_labels=3 clique_frac=1.00
t=39370ms iter=70 REBUILD reject new_tc=61.5604 (was 60.1357)
t=39532ms iter=70 incumb=60.1357 ratchet=60.3549 best=60.1357 since_improve=34
t=39534ms iter=71 WAIST cost=57.0000 best_alt=3.0000 gap=54.0000 tried=5 sep_labels=3 clique_frac=1.00
t=39761ms iter=71 REBUILD reject new_tc=61.6861 (was 60.1357)
t=39921ms iter=71 incumb=60.1357 ratchet=60.1617 best=60.1357 since_improve=35
t=39923ms iter=72 WAIST cost=57.0000 best_alt=3.0000 gap=54.0000 tried=5 sep_labels=3 clique_frac=1.00
t=40168ms iter=72 REBUILD reject new_tc=61.5803 (was 60.1357)
t=40326ms iter=72 incumb=60.1357 ratchet=60.2434 best=60.1357 since_improve=36
t=40329ms iter=73 WAIST cost=57.0000 best_alt=3.0000 gap=54.0000 tried=5 sep_labels=3 clique_frac=1.00
t=40539ms iter=73 REBUILD reject new_tc=77.0005 (was 60.1357)
t=41409ms iter=73 incumb=60.1357 ratchet=60.1290 best=60.1290 since_improve=0
t=41417ms iter=74 WAIST cost=57.0000 best_alt=52.0000 gap=5.0000 tried=5 sep_labels=52 clique_frac=0.01
t=41589ms iter=74 REBUILD reject new_tc=62.3698 (was 60.1290)
t=41743ms iter=74 incumb=60.1290 ratchet=60.1386 best=60.1290 since_improve=1
t=41751ms iter=75 WAIST cost=57.0000 best_alt=52.0000 gap=5.0000 tried=5 sep_labels=52 clique_frac=0.01
t=41926ms iter=75 REBUILD reject new_tc=60.8875 (was 60.1290)
t=42086ms iter=75 incumb=60.1290 ratchet=60.2476 best=60.1290 since_improve=2
t=42096ms iter=76 WAIST cost=57.0000 best_alt=51.0000 gap=6.0000 tried=5 sep_labels=51 clique_frac=0.01
t=42246ms iter=76 REBUILD reject new_tc=61.8155 (was 60.1290)
t=42407ms iter=76 incumb=60.1290 ratchet=60.3001 best=60.1290 since_improve=3
t=42415ms iter=77 WAIST cost=57.0000 best_alt=49.0000 gap=8.0000 tried=5 sep_labels=49 clique_frac=0.01
t=42552ms iter=77 REBUILD reject new_tc=77.0005 (was 60.1290)
t=42706ms iter=77 incumb=60.1290 ratchet=60.3949 best=60.1290 since_improve=4
t=42717ms iter=78 WAIST cost=57.0000 best_alt=52.0000 gap=5.0000 tried=5 sep_labels=52 clique_frac=0.01
t=42895ms iter=78 REBUILD reject new_tc=61.0294 (was 60.1290)
t=43053ms iter=78 incumb=60.1290 ratchet=60.1447 best=60.1290 since_improve=5
t=43062ms iter=79 WAIST cost=57.0000 best_alt=52.0000 gap=5.0000 tried=5 sep_labels=52 clique_frac=0.01
t=43238ms iter=79 REBUILD reject new_tc=60.9356 (was 60.1290)
t=43387ms iter=79 incumb=60.1290 ratchet=60.1362 best=60.1290 since_improve=6
t=43396ms iter=80 WAIST cost=57.0000 best_alt=52.0000 gap=5.0000 tried=5 sep_labels=52 clique_frac=0.01
t=43571ms iter=80 REBUILD reject new_tc=61.3314 (was 60.1290)
t=43900ms iter=80 incumb=60.1290 ratchet=60.1341 best=60.1290 since_improve=7
t=43908ms iter=81 WAIST cost=57.0000 best_alt=52.0000 gap=5.0000 tried=5 sep_labels=52 clique_frac=0.01
t=44072ms iter=81 REBUILD reject new_tc=72.0005 (was 60.1290)
t=44223ms iter=81 incumb=60.1290 ratchet=60.1945 best=60.1290 since_improve=8
t=44231ms iter=82 WAIST cost=57.0000 best_alt=51.0000 gap=6.0000 tried=5 sep_labels=51 clique_frac=0.01
t=44387ms iter=82 REBUILD reject new_tc=61.3075 (was 60.1290)
t=44712ms iter=82 incumb=60.1290 ratchet=60.1238 best=60.1238 since_improve=0
t=44722ms iter=83 WAIST cost=57.0000 best_alt=52.0000 gap=5.0000 tried=5 sep_labels=52 clique_frac=0.01
t=44878ms iter=83 REBUILD reject new_tc=81.0000 (was 60.1238)
t=45037ms iter=83 incumb=60.1238 ratchet=60.3794 best=60.1238 since_improve=1
t=45047ms iter=84 WAIST cost=57.0000 best_alt=52.0000 gap=5.0000 tried=5 sep_labels=52 clique_frac=0.01
t=45223ms iter=84 REBUILD reject new_tc=60.6739 (was 60.1238)
t=45379ms iter=84 incumb=60.1238 ratchet=60.4801 best=60.1238 since_improve=2
t=45388ms iter=85 WAIST cost=57.0000 best_alt=49.0000 gap=8.0000 tried=5 sep_labels=49 clique_frac=0.01
t=45546ms iter=85 REBUILD reject new_tc=61.4095 (was 60.1238)
t=45708ms iter=85 incumb=60.1238 ratchet=60.2996 best=60.1238 since_improve=3
t=45715ms iter=86 WAIST cost=57.0000 best_alt=52.0000 gap=5.0000 tried=5 sep_labels=52 clique_frac=0.01
t=45888ms iter=86 REBUILD reject new_tc=60.6775 (was 60.1238)
t=46046ms iter=86 incumb=60.1238 ratchet=60.4017 best=60.1238 since_improve=4
t=46055ms iter=87 WAIST cost=57.0000 best_alt=52.0000 gap=5.0000 tried=5 sep_labels=52 clique_frac=0.01
t=46232ms iter=87 REBUILD reject new_tc=60.7933 (was 60.1238)
t=46380ms iter=87 incumb=60.1238 ratchet=60.2694 best=60.1238 since_improve=5
t=46391ms iter=88 WAIST cost=57.0000 best_alt=49.0000 gap=8.0000 tried=5 sep_labels=49 clique_frac=0.01
t=46528ms iter=88 REBUILD reject new_tc=76.0018 (was 60.1238)
t=46692ms iter=88 incumb=60.1238 ratchet=60.6810 best=60.1238 since_improve=6
t=46701ms iter=89 WAIST cost=57.0000 best_alt=51.0000 gap=6.0000 tried=5 sep_labels=51 clique_frac=0.01
t=46857ms iter=89 REBUILD reject new_tc=61.6208 (was 60.1238)
t=47022ms iter=89 incumb=60.1238 ratchet=60.3925 best=60.1238 since_improve=7
t=47030ms iter=90 WAIST cost=57.0000 best_alt=52.0000 gap=5.0000 tried=5 sep_labels=52 clique_frac=0.01
t=47205ms iter=90 REBUILD reject new_tc=60.8662 (was 60.1238)
t=47363ms iter=90 incumb=60.1238 ratchet=60.1707 best=60.1238 since_improve=8
t=47375ms iter=91 WAIST cost=57.0000 best_alt=52.0000 gap=5.0000 tried=5 sep_labels=52 clique_frac=0.01
t=47554ms iter=91 REBUILD reject new_tc=60.7622 (was 60.1238)
t=47708ms iter=91 incumb=60.1238 ratchet=60.1431 best=60.1238 since_improve=9
t=47718ms iter=92 WAIST cost=57.0000 best_alt=52.0000 gap=5.0000 tried=5 sep_labels=52 clique_frac=0.01
t=47896ms iter=92 REBUILD reject new_tc=60.8986 (was 60.1238)
t=48057ms iter=92 incumb=60.1238 ratchet=60.3318 best=60.1238 since_improve=10
t=48067ms iter=93 WAIST cost=57.0000 best_alt=52.0000 gap=5.0000 tried=5 sep_labels=52 clique_frac=0.01
t=48238ms iter=93 REBUILD reject new_tc=60.6185 (was 60.1238)
t=48403ms iter=93 incumb=60.1238 ratchet=60.3673 best=60.1238 since_improve=11
t=48412ms iter=94 WAIST cost=57.0000 best_alt=52.0000 gap=5.0000 tried=5 sep_labels=52 clique_frac=0.01
t=48583ms iter=94 REBUILD reject new_tc=60.9248 (was 60.1238)
t=48735ms iter=94 incumb=60.1238 ratchet=60.4457 best=60.1238 since_improve=12
t=48744ms iter=95 WAIST cost=57.0000 best_alt=50.0000 gap=7.0000 tried=5 sep_labels=50 clique_frac=0.02
t=48897ms iter=95 REBUILD reject new_tc=61.9390 (was 60.1238)
t=49054ms iter=95 incumb=60.1238 ratchet=60.2168 best=60.1238 since_improve=13
t=49061ms iter=96 WAIST cost=57.0000 best_alt=52.0000 gap=5.0000 tried=5 sep_labels=52 clique_frac=0.01
t=49228ms iter=96 REBUILD reject new_tc=60.5663 (was 60.1238)
t=49383ms iter=96 incumb=60.1238 ratchet=60.1533 best=60.1238 since_improve=14
t=49392ms iter=97 WAIST cost=57.0000 best_alt=52.0000 gap=5.0000 tried=5 sep_labels=52 clique_frac=0.01
t=49563ms iter=97 REBUILD reject new_tc=60.2949 (was 60.1238)
t=49720ms iter=97 incumb=60.1238 ratchet=60.1556 best=60.1238 since_improve=15
t=49728ms iter=98 WAIST cost=57.0000 best_alt=52.0000 gap=5.0000 tried=5 sep_labels=52 clique_frac=0.01
t=49901ms iter=98 REBUILD reject new_tc=60.8489 (was 60.1238)
t=50062ms iter=98 incumb=60.1238 ratchet=60.1329 best=60.1238 since_improve=16
t=50070ms iter=99 WAIST cost=57.0000 best_alt=51.0000 gap=6.0000 tried=5 sep_labels=51 clique_frac=0.01
t=50240ms iter=99 REBUILD reject new_tc=61.3101 (was 60.1238)
t=50396ms iter=99 incumb=60.1238 ratchet=60.3335 best=60.1238 since_improve=17
t=50405ms iter=100 WAIST cost=57.0000 best_alt=52.0000 gap=5.0000 tried=5 sep_labels=52 clique_frac=0.01
t=50572ms iter=100 REBUILD reject new_tc=66.2973 (was 60.1238)
t=50727ms iter=100 incumb=60.1238 ratchet=60.3743 best=60.1238 since_improve=18
t=50734ms iter=101 WAIST cost=57.0000 best_alt=51.0000 gap=6.0000 tried=5 sep_labels=51 clique_frac=0.01
t=50905ms iter=101 REBUILD reject new_tc=61.3459 (was 60.1238)
t=51062ms iter=101 incumb=60.1238 ratchet=60.3309 best=60.1238 since_improve=19
t=51072ms iter=102 WAIST cost=57.0000 best_alt=52.0000 gap=5.0000 tried=5 sep_labels=52 clique_frac=0.01
t=51247ms iter=102 REBUILD reject new_tc=60.6493 (was 60.1238)
t=51411ms iter=102 incumb=60.1238 ratchet=60.3663 best=60.1238 since_improve=20
t=51420ms iter=103 WAIST cost=57.0000 best_alt=51.0000 gap=6.0000 tried=5 sep_labels=51 clique_frac=0.01
t=51573ms iter=103 REBUILD reject new_tc=61.6230 (was 60.1238)
t=51725ms iter=103 incumb=60.1238 ratchet=60.2667 best=60.1238 since_improve=21
t=51734ms iter=104 WAIST cost=57.0000 best_alt=52.0000 gap=5.0000 tried=5 sep_labels=52 clique_frac=0.01
t=51909ms iter=104 REBUILD reject new_tc=60.5239 (was 60.1238)
t=52058ms iter=104 incumb=60.1238 ratchet=60.4398 best=60.1238 since_improve=22
t=52067ms iter=105 WAIST cost=57.0000 best_alt=51.0000 gap=6.0000 tried=5 sep_labels=51 clique_frac=0.01
t=52241ms iter=105 REBUILD reject new_tc=61.0483 (was 60.1238)
t=52399ms iter=105 incumb=60.1238 ratchet=60.4398 best=60.1238 since_improve=23
t=52408ms iter=106 WAIST cost=57.0000 best_alt=52.0000 gap=5.0000 tried=5 sep_labels=52 clique_frac=0.01
t=52582ms iter=106 REBUILD reject new_tc=60.8097 (was 60.1238)
t=52737ms iter=106 incumb=60.1238 ratchet=60.3296 best=60.1238 since_improve=24
t=52745ms iter=107 WAIST cost=57.0000 best_alt=51.0000 gap=6.0000 tried=5 sep_labels=51 clique_frac=0.01
t=52902ms iter=107 REBUILD reject new_tc=77.0006 (was 60.1238)
t=53056ms iter=107 incumb=60.1238 ratchet=60.4375 best=60.1238 since_improve=25
t=53065ms iter=108 WAIST cost=57.0000 best_alt=51.0000 gap=6.0000 tried=5 sep_labels=51 clique_frac=0.01
t=53225ms iter=108 REBUILD reject new_tc=75.0035 (was 60.1238)
t=53382ms iter=108 incumb=60.1238 ratchet=60.3579 best=60.1238 since_improve=26
t=53391ms iter=109 WAIST cost=57.0000 best_alt=52.0000 gap=5.0000 tried=5 sep_labels=52 clique_frac=0.01
t=53569ms iter=109 REBUILD reject new_tc=60.6503 (was 60.1238)
t=53726ms iter=109 incumb=60.1238 ratchet=60.1311 best=60.1238 since_improve=27
t=53734ms iter=110 WAIST cost=57.0000 best_alt=51.0000 gap=6.0000 tried=5 sep_labels=51 clique_frac=0.02
t=53888ms iter=110 REBUILD reject new_tc=61.6890 (was 60.1238)
t=54048ms iter=110 incumb=60.1238 ratchet=60.3646 best=60.1238 since_improve=28
t=54054ms iter=111 WAIST cost=57.0000 best_alt=52.0000 gap=5.0000 tried=5 sep_labels=52 clique_frac=0.01
t=54229ms iter=111 REBUILD reject new_tc=61.2764 (was 60.1238)
t=54385ms iter=111 incumb=60.1238 ratchet=60.2584 best=60.1238 since_improve=29
t=54395ms iter=112 WAIST cost=57.0000 best_alt=51.0000 gap=6.0000 tried=5 sep_labels=51 clique_frac=0.01
t=54549ms iter=112 REBUILD reject new_tc=61.7789 (was 60.1238)
t=55298ms iter=112 incumb=60.1238 ratchet=60.1399 best=60.1154 since_improve=30
t=55308ms iter=113 WAIST cost=57.0000 best_alt=52.0000 gap=5.0000 tried=5 sep_labels=52 clique_frac=0.01
t=55482ms iter=113 REBUILD reject new_tc=60.9109 (was 60.1238)
t=55639ms iter=113 incumb=60.1238 ratchet=60.1347 best=60.1154 since_improve=31
t=55647ms iter=114 WAIST cost=57.0000 best_alt=50.0000 gap=7.0000 tried=5 sep_labels=50 clique_frac=0.01
t=55783ms iter=114 REBUILD reject new_tc=80.0002 (was 60.1238)
t=55940ms iter=114 incumb=60.1238 ratchet=60.4755 best=60.1154 since_improve=32
t=55950ms iter=115 WAIST cost=57.0000 best_alt=51.0000 gap=6.0000 tried=5 sep_labels=51 clique_frac=0.01
t=56124ms iter=115 REBUILD reject new_tc=61.4409 (was 60.1238)
t=56277ms iter=115 incumb=60.1238 ratchet=60.3125 best=60.1154 since_improve=33
t=56287ms iter=116 WAIST cost=57.0000 best_alt=51.0000 gap=6.0000 tried=5 sep_labels=51 clique_frac=0.01
t=56454ms iter=116 REBUILD reject new_tc=63.5948 (was 60.1238)
t=56610ms iter=116 incumb=60.1238 ratchet=60.1248 best=60.1154 since_improve=34
t=56618ms iter=117 WAIST cost=57.0000 best_alt=52.0000 gap=5.0000 tried=5 sep_labels=52 clique_frac=0.01
t=56793ms iter=117 REBUILD reject new_tc=60.7662 (was 60.1238)
t=56946ms iter=117 incumb=60.1238 ratchet=60.1522 best=60.1154 since_improve=35
t=56955ms iter=118 WAIST cost=57.0000 best_alt=49.0000 gap=8.0000 tried=5 sep_labels=49 clique_frac=0.01
t=57102ms iter=118 REBUILD reject new_tc=62.5902 (was 60.1238)
t=57263ms iter=118 incumb=60.1238 ratchet=60.4662 best=60.1154 since_improve=36
t=57272ms iter=119 WAIST cost=57.0000 best_alt=52.0000 gap=5.0000 tried=5 sep_labels=52 clique_frac=0.01
t=57449ms iter=119 REBUILD reject new_tc=61.2726 (was 60.1238)
t=57609ms iter=119 incumb=60.1238 ratchet=60.1444 best=60.1154 since_improve=37
t=57617ms iter=120 WAIST cost=57.0000 best_alt=52.0000 gap=5.0000 tried=5 sep_labels=52 clique_frac=0.01
t=57794ms iter=120 REBUILD reject new_tc=60.5962 (was 60.1238)
t=57951ms iter=120 incumb=60.1238 ratchet=60.2760 best=60.1154 since_improve=38
t=57959ms iter=121 WAIST cost=57.0000 best_alt=52.0000 gap=5.0000 tried=5 sep_labels=52 clique_frac=0.01
t=58121ms iter=121 REBUILD reject new_tc=73.0074 (was 60.1238)
t=58278ms iter=121 incumb=60.1238 ratchet=60.4140 best=60.1154 since_improve=39
t=58285ms iter=122 WAIST cost=57.0000 best_alt=52.0000 gap=5.0000 tried=5 sep_labels=52 clique_frac=0.01
t=58453ms iter=122 REBUILD reject new_tc=70.0124 (was 60.1238)
t=58609ms iter=122 incumb=60.1238 ratchet=60.2312 best=60.1154 since_improve=40
t=58616ms iter=123 WAIST cost=57.0000 best_alt=49.0000 gap=8.0000 tried=5 sep_labels=49 clique_frac=0.01
t=58770ms iter=123 REBUILD reject new_tc=64.2696 (was 60.1238)
t=58928ms iter=123 incumb=60.1238 ratchet=60.3122 best=60.1154 since_improve=41
t=58935ms iter=124 WAIST cost=57.0000 best_alt=52.0000 gap=5.0000 tried=5 sep_labels=52 clique_frac=0.01
t=59107ms iter=124 REBUILD reject new_tc=60.8900 (was 60.1238)
t=59265ms iter=124 incumb=60.1238 ratchet=60.1622 best=60.1154 since_improve=42
t=59274ms iter=125 WAIST cost=57.0000 best_alt=52.0000 gap=5.0000 tried=5 sep_labels=52 clique_frac=0.01
t=59452ms iter=125 REBUILD reject new_tc=60.6645 (was 60.1238)
t=59612ms iter=125 incumb=60.1238 ratchet=60.3933 best=60.1154 since_improve=43
t=59621ms iter=126 WAIST cost=57.0000 best_alt=49.0000 gap=8.0000 tried=5 sep_labels=49 clique_frac=0.01
t=59777ms iter=126 REBUILD reject new_tc=60.9195 (was 60.1238)
t=59929ms iter=126 incumb=60.1238 ratchet=60.1791 best=60.1154 since_improve=44
t=59939ms iter=127 WAIST cost=57.0000 best_alt=51.0000 gap=6.0000 tried=5 sep_labels=51 clique_frac=0.01
t=60098ms iter=127 REBUILD reject new_tc=61.3477 (was 60.1238)
t=60259ms iter=127 incumb=60.1238 ratchet=60.3347 best=60.1154 since_improve=45
t=60267ms iter=128 WAIST cost=57.0000 best_alt=52.0000 gap=5.0000 tried=5 sep_labels=52 clique_frac=0.01
t=60444ms iter=128 REBUILD reject new_tc=60.9280 (was 60.1238)
t=60601ms iter=128 incumb=60.1238 ratchet=60.2661 best=60.1154 since_improve=46
t=60610ms iter=129 WAIST cost=57.0000 best_alt=52.0000 gap=5.0000 tried=5 sep_labels=52 clique_frac=0.01
t=60781ms iter=129 REBUILD reject new_tc=61.0712 (was 60.1238)
t=60935ms iter=129 incumb=60.1238 ratchet=60.1738 best=60.1154 since_improve=47
t=60945ms iter=130 WAIST cost=57.0000 best_alt=51.0000 gap=6.0000 tried=5 sep_labels=51 clique_frac=0.01
t=61104ms iter=130 REBUILD reject new_tc=62.2680 (was 60.1238)
t=61258ms iter=130 incumb=60.1238 ratchet=60.1943 best=60.1154 since_improve=48
t=61267ms iter=131 WAIST cost=57.0000 best_alt=52.0000 gap=5.0000 tried=5 sep_labels=52 clique_frac=0.01
t=61435ms iter=131 REBUILD reject new_tc=61.8079 (was 60.1238)
t=61590ms iter=131 incumb=60.1238 ratchet=60.3734 best=60.1154 since_improve=49
t=61600ms iter=132 WAIST cost=57.0000 best_alt=51.0000 gap=6.0000 tried=5 sep_labels=51 clique_frac=0.01
t=61759ms iter=132 REBUILD reject new_tc=61.5130 (was 60.1238)
t=61914ms iter=132 incumb=60.1238 ratchet=60.1765 best=60.1154 since_improve=50
t=61925ms iter=133 WAIST cost=57.0000 best_alt=52.0000 gap=5.0000 tried=5 sep_labels=52 clique_frac=0.01
t=62095ms iter=133 REBUILD reject new_tc=61.3637 (was 60.1238)
t=62254ms iter=133 incumb=60.1238 ratchet=60.1512 best=60.1154 since_improve=51
t=62262ms iter=134 WAIST cost=57.0000 best_alt=52.0000 gap=5.0000 tried=5 sep_labels=52 clique_frac=0.01
t=62435ms iter=134 REBUILD reject new_tc=60.7184 (was 60.1238)
t=62589ms iter=134 incumb=60.1238 ratchet=60.1883 best=60.1154 since_improve=52
t=62597ms iter=135 WAIST cost=57.0000 best_alt=52.0000 gap=5.0000 tried=5 sep_labels=52 clique_frac=0.01
t=62770ms iter=135 REBUILD reject new_tc=60.6090 (was 60.1238)
t=62923ms iter=135 incumb=60.1238 ratchet=60.2712 best=60.1154 since_improve=53
t=62932ms iter=136 WAIST cost=57.0000 best_alt=52.0000 gap=5.0000 tried=5 sep_labels=52 clique_frac=0.01
t=63103ms iter=136 REBUILD reject new_tc=61.0074 (was 60.1238)
t=63256ms iter=136 incumb=60.1238 ratchet=60.2459 best=60.1154 since_improve=54
t=63265ms iter=137 WAIST cost=57.0000 best_alt=52.0000 gap=5.0000 tried=5 sep_labels=52 clique_frac=0.01
t=63439ms iter=137 REBUILD reject new_tc=61.7715 (was 60.1238)
t=63591ms iter=137 incumb=60.1238 ratchet=60.1332 best=60.1154 since_improve=55
t=63600ms iter=138 WAIST cost=57.0000 best_alt=52.0000 gap=5.0000 tried=5 sep_labels=52 clique_frac=0.01
t=63764ms iter=138 REBUILD reject new_tc=74.0048 (was 60.1238)
t=63913ms iter=138 incumb=60.1238 ratchet=60.1673 best=60.1154 since_improve=56
t=63922ms iter=139 WAIST cost=57.0000 best_alt=51.0000 gap=6.0000 tried=5 sep_labels=51 clique_frac=0.01
t=64078ms iter=139 REBUILD reject new_tc=65.4384 (was 60.1238)
t=64237ms iter=139 incumb=60.1238 ratchet=60.2662 best=60.1154 since_improve=57
t=64246ms iter=140 WAIST cost=57.0000 best_alt=52.0000 gap=5.0000 tried=5 sep_labels=52 clique_frac=0.01
t=64422ms iter=140 REBUILD reject new_tc=62.5934 (was 60.1238)
t=64577ms iter=140 incumb=60.1238 ratchet=60.1636 best=60.1154 since_improve=58
t=64586ms iter=141 WAIST cost=57.0000 best_alt=51.0000 gap=6.0000 tried=5 sep_labels=51 clique_frac=0.01
t=64741ms iter=141 REBUILD reject new_tc=61.4555 (was 60.1238)
t=64900ms iter=141 incumb=60.1238 ratchet=60.1914 best=60.1154 since_improve=59
t=64909ms iter=142 WAIST cost=57.0000 best_alt=52.0000 gap=5.0000 tried=5 sep_labels=52 clique_frac=0.01
t=65086ms iter=142 REBUILD reject new_tc=60.9405 (was 60.1238)
t=65245ms iter=142 incumb=60.1238 ratchet=60.1709 best=60.1154 since_improve=60
t=65252ms iter=143 WAIST cost=57.0000 best_alt=51.0000 gap=6.0000 tried=5 sep_labels=51 clique_frac=0.01
t=65402ms iter=143 REBUILD reject new_tc=62.1250 (was 60.1238)
t=65553ms iter=143 incumb=60.1238 ratchet=60.1604 best=60.1154 since_improve=61
t=65562ms iter=144 WAIST cost=57.0000 best_alt=52.0000 gap=5.0000 tried=5 sep_labels=52 clique_frac=0.01
t=65733ms iter=144 REBUILD reject new_tc=61.0124 (was 60.1238)
t=65891ms iter=144 incumb=60.1238 ratchet=60.1311 best=60.1154 since_improve=62
t=65900ms iter=145 WAIST cost=57.0000 best_alt=52.0000 gap=5.0000 tried=5 sep_labels=52 clique_frac=0.01
t=66070ms iter=145 REBUILD reject new_tc=60.9725 (was 60.1238)
t=66232ms iter=145 incumb=60.1238 ratchet=60.4453 best=60.1154 since_improve=63
t=66243ms iter=146 WAIST cost=57.0000 best_alt=50.0000 gap=7.0000 tried=5 sep_labels=50 clique_frac=0.01
t=66389ms iter=146 REBUILD reject new_tc=62.0643 (was 60.1238)
t=66543ms iter=146 incumb=60.1238 ratchet=60.5325 best=60.1154 since_improve=64
t=66550ms iter=147 WAIST cost=57.0000 best_alt=52.0000 gap=5.0000 tried=5 sep_labels=52 clique_frac=0.01
t=66722ms iter=147 REBUILD reject new_tc=73.0013 (was 60.1238)
t=66879ms iter=147 incumb=60.1238 ratchet=60.2636 best=60.1154 since_improve=65
t=66888ms iter=148 WAIST cost=57.0000 best_alt=52.0000 gap=5.0000 tried=5 sep_labels=52 clique_frac=0.01
t=67058ms iter=148 REBUILD reject new_tc=60.6290 (was 60.1238)
t=67214ms iter=148 incumb=60.1238 ratchet=60.2162 best=60.1154 since_improve=66
t=67223ms iter=149 WAIST cost=57.0000 best_alt=52.0000 gap=5.0000 tried=5 sep_labels=52 clique_frac=0.01
t=67393ms iter=149 REBUILD reject new_tc=60.7806 (was 60.1238)
t=67549ms iter=149 incumb=60.1238 ratchet=60.1316 best=60.1154 since_improve=67
t=67561ms iter=150 WAIST cost=57.0000 best_alt=51.0000 gap=6.0000 tried=5 sep_labels=51 clique_frac=0.01
t=67721ms iter=150 REBUILD reject new_tc=61.3317 (was 60.1238)
t=67877ms iter=150 incumb=60.1238 ratchet=60.3033 best=60.1154 since_improve=68
t=67889ms iter=151 WAIST cost=57.0000 best_alt=51.0000 gap=6.0000 tried=5 sep_labels=51 clique_frac=0.01
t=68058ms iter=151 REBUILD reject new_tc=65.5892 (was 60.1238)
t=68215ms iter=151 incumb=60.1238 ratchet=60.1380 best=60.1154 since_improve=69
t=68225ms iter=152 WAIST cost=57.0000 best_alt=49.0000 gap=8.0000 tried=5 sep_labels=49 clique_frac=0.01
t=68367ms iter=152 REBUILD reject new_tc=80.0008 (was 60.1238)
t=68515ms iter=152 incumb=60.1238 ratchet=60.4028 best=60.1154 since_improve=70
t=68525ms iter=153 WAIST cost=57.0000 best_alt=50.0000 gap=7.0000 tried=5 sep_labels=50 clique_frac=0.01
t=68676ms iter=153 REBUILD reject new_tc=61.3734 (was 60.1238)
t=68831ms iter=153 incumb=60.1238 ratchet=60.1548 best=60.1154 since_improve=71
t=68840ms iter=154 WAIST cost=57.0000 best_alt=51.0000 gap=6.0000 tried=5 sep_labels=51 clique_frac=0.01
t=68992ms iter=154 REBUILD reject new_tc=61.4569 (was 60.1238)
t=69149ms iter=154 incumb=60.1238 ratchet=60.2202 best=60.1154 since_improve=72
t=69157ms iter=155 WAIST cost=57.0000 best_alt=51.0000 gap=6.0000 tried=5 sep_labels=51 clique_frac=0.01
t=69313ms iter=155 REBUILD reject new_tc=61.3359 (was 60.1238)
t=69470ms iter=155 incumb=60.1238 ratchet=60.1526 best=60.1154 since_improve=73
t=69478ms iter=156 WAIST cost=57.0000 best_alt=52.0000 gap=5.0000 tried=5 sep_labels=52 clique_frac=0.01
t=69651ms iter=156 REBUILD reject new_tc=60.9598 (was 60.1238)
t=69804ms iter=156 incumb=60.1238 ratchet=60.1456 best=60.1154 since_improve=74
t=69812ms iter=157 WAIST cost=57.0000 best_alt=52.0000 gap=5.0000 tried=5 sep_labels=52 clique_frac=0.01
t=69981ms iter=157 REBUILD reject new_tc=60.9707 (was 60.1238)
t=70139ms iter=157 incumb=60.1238 ratchet=60.1716 best=60.1154 since_improve=75
t=70147ms iter=158 WAIST cost=57.0000 best_alt=52.0000 gap=5.0000 tried=5 sep_labels=52 clique_frac=0.01
t=70315ms iter=158 REBUILD reject new_tc=60.9569 (was 60.1238)
t=70471ms iter=158 incumb=60.1238 ratchet=60.5321 best=60.1154 since_improve=76
t=70478ms iter=159 WAIST cost=57.0000 best_alt=52.0000 gap=5.0000 tried=5 sep_labels=52 clique_frac=0.01
t=70653ms iter=159 REBUILD reject new_tc=60.8734 (was 60.1238)
t=70807ms iter=159 incumb=60.1238 ratchet=60.6660 best=60.1154 since_improve=77
t=70817ms iter=160 WAIST cost=57.0000 best_alt=51.0000 gap=6.0000 tried=5 sep_labels=51 clique_frac=0.01
t=70994ms iter=160 REBUILD reject new_tc=61.1334 (was 60.1238)
t=71154ms iter=160 incumb=60.1238 ratchet=60.2648 best=60.1154 since_improve=78
t=71161ms iter=161 WAIST cost=57.0000 best_alt=52.0000 gap=5.0000 tried=5 sep_labels=52 clique_frac=0.01
t=71326ms iter=161 REBUILD reject new_tc=60.8022 (was 60.1238)
t=71487ms iter=161 incumb=60.1238 ratchet=60.3282 best=60.1154 since_improve=79
t=71496ms iter=162 WAIST cost=57.0000 best_alt=51.0000 gap=6.0000 tried=5 sep_labels=51 clique_frac=0.01
t=71659ms iter=162 REBUILD reject new_tc=62.0118 (was 60.1238)
t=71815ms iter=162 incumb=60.1238 ratchet=60.1577 best=60.1154 since_improve=80
t=71823ms iter=163 WAIST cost=57.0000 best_alt=52.0000 gap=5.0000 tried=5 sep_labels=52 clique_frac=0.01
t=71980ms iter=163 REBUILD reject new_tc=82.0000 (was 60.1238)
t=72136ms iter=163 incumb=60.1238 ratchet=60.1366 best=60.1154 since_improve=81
t=72145ms iter=164 WAIST cost=57.0000 best_alt=49.0000 gap=8.0000 tried=5 sep_labels=49 clique_frac=0.01
t=72297ms iter=164 REBUILD reject new_tc=61.3016 (was 60.1238)
t=72450ms iter=164 incumb=60.1238 ratchet=60.3038 best=60.1154 since_improve=82
t=72459ms iter=165 WAIST cost=57.0000 best_alt=52.0000 gap=5.0000 tried=5 sep_labels=52 clique_frac=0.01
t=72637ms iter=165 REBUILD reject new_tc=61.9550 (was 60.1238)
t=72795ms iter=165 incumb=60.1238 ratchet=60.3972 best=60.1154 since_improve=83
t=72804ms iter=166 WAIST cost=57.0000 best_alt=51.0000 gap=6.0000 tried=5 sep_labels=51 clique_frac=0.01
t=72959ms iter=166 REBUILD reject new_tc=60.5024 (was 60.1238)
t=73115ms iter=166 incumb=60.1238 ratchet=60.2989 best=60.1154 since_improve=84
t=73123ms iter=167 WAIST cost=57.0000 best_alt=52.0000 gap=5.0000 tried=5 sep_labels=52 clique_frac=0.01
t=73299ms iter=167 REBUILD reject new_tc=60.7864 (was 60.1238)
t=73453ms iter=167 incumb=60.1238 ratchet=60.2297 best=60.1154 since_improve=85
t=73461ms iter=168 WAIST cost=57.0000 best_alt=52.0000 gap=5.0000 tried=5 sep_labels=52 clique_frac=0.01
t=73633ms iter=168 REBUILD reject new_tc=61.0740 (was 60.1238)
t=73788ms iter=168 incumb=60.1238 ratchet=60.3434 best=60.1154 since_improve=86
t=73796ms iter=169 WAIST cost=57.0000 best_alt=52.0000 gap=5.0000 tried=5 sep_labels=52 clique_frac=0.01
t=73972ms iter=169 REBUILD reject new_tc=61.1384 (was 60.1238)
t=74127ms iter=169 incumb=60.1238 ratchet=60.1709 best=60.1154 since_improve=87
t=74139ms iter=170 WAIST cost=57.0000 best_alt=49.0000 gap=8.0000 tried=5 sep_labels=49 clique_frac=0.01
t=74300ms iter=170 REBUILD reject new_tc=61.1879 (was 60.1238)
t=74452ms iter=170 incumb=60.1238 ratchet=60.1891 best=60.1154 since_improve=88
t=74460ms iter=171 WAIST cost=57.0000 best_alt=51.0000 gap=6.0000 tried=5 sep_labels=51 clique_frac=0.01
t=74602ms iter=171 REBUILD reject new_tc=74.0140 (was 60.1238)
t=74755ms iter=171 incumb=60.1238 ratchet=60.4017 best=60.1154 since_improve=89
t=74762ms iter=172 WAIST cost=57.0000 best_alt=52.0000 gap=5.0000 tried=5 sep_labels=52 clique_frac=0.01
t=74940ms iter=172 REBUILD reject new_tc=60.9909 (was 60.1238)
t=75099ms iter=172 incumb=60.1238 ratchet=60.2818 best=60.1154 since_improve=90
t=75107ms iter=173 WAIST cost=57.0000 best_alt=51.0000 gap=6.0000 tried=5 sep_labels=51 clique_frac=0.01
t=75268ms iter=173 REBUILD reject new_tc=61.4924 (was 60.1238)
t=75419ms iter=173 incumb=60.1238 ratchet=60.2817 best=60.1154 since_improve=91
t=75428ms iter=174 WAIST cost=57.0000 best_alt=52.0000 gap=5.0000 tried=5 sep_labels=52 clique_frac=0.01
t=75603ms iter=174 REBUILD reject new_tc=65.1417 (was 60.1238)
t=75762ms iter=174 incumb=60.1238 ratchet=60.1954 best=60.1154 since_improve=92
t=75770ms iter=175 WAIST cost=57.0000 best_alt=52.0000 gap=5.0000 tried=5 sep_labels=52 clique_frac=0.01
t=75939ms iter=175 REBUILD reject new_tc=60.9173 (was 60.1238)
t=76095ms iter=175 incumb=60.1238 ratchet=60.1193 best=60.1154 since_improve=0
t=76101ms iter=176 WAIST cost=57.0000 best_alt=52.0000 gap=5.0000 tried=5 sep_labels=52 clique_frac=0.01
t=76277ms iter=176 REBUILD reject new_tc=60.7634 (was 60.1193)
t=76430ms iter=176 incumb=60.1193 ratchet=60.2071 best=60.1154 since_improve=1
t=76438ms iter=177 WAIST cost=57.0000 best_alt=51.0000 gap=6.0000 tried=5 sep_labels=51 clique_frac=0.01
t=76598ms iter=177 REBUILD reject new_tc=75.0004 (was 60.1193)
t=76753ms iter=177 incumb=60.1193 ratchet=60.1520 best=60.1154 since_improve=2
t=76761ms iter=178 WAIST cost=57.0000 best_alt=52.0000 gap=5.0000 tried=5 sep_labels=52 clique_frac=0.01
t=76932ms iter=178 REBUILD reject new_tc=60.5342 (was 60.1193)
t=77085ms iter=178 incumb=60.1193 ratchet=60.2012 best=60.1154 since_improve=3
t=77096ms iter=179 WAIST cost=57.0000 best_alt=51.0000 gap=6.0000 tried=5 sep_labels=51 clique_frac=0.01
t=77245ms iter=179 REBUILD reject new_tc=61.4226 (was 60.1193)
t=77402ms iter=179 incumb=60.1193 ratchet=60.2051 best=60.1154 since_improve=4
t=77411ms iter=180 WAIST cost=57.0000 best_alt=52.0000 gap=5.0000 tried=5 sep_labels=52 clique_frac=0.01
t=77587ms iter=180 REBUILD reject new_tc=60.6440 (was 60.1193)
t=77742ms iter=180 incumb=60.1193 ratchet=60.1605 best=60.1154 since_improve=5
t=77751ms iter=181 WAIST cost=57.0000 best_alt=51.0000 gap=6.0000 tried=5 sep_labels=51 clique_frac=0.01
t=77897ms iter=181 REBUILD reject new_tc=62.6871 (was 60.1193)
t=78046ms iter=181 incumb=60.1193 ratchet=60.4430 best=60.1154 since_improve=6
t=78056ms iter=182 WAIST cost=57.0000 best_alt=51.0000 gap=6.0000 tried=5 sep_labels=51 clique_frac=0.01
t=78203ms iter=182 REBUILD reject new_tc=62.6623 (was 60.1193)
t=78356ms iter=182 incumb=60.1193 ratchet=60.1383 best=60.1154 since_improve=7
t=78364ms iter=183 WAIST cost=57.0000 best_alt=52.0000 gap=5.0000 tried=5 sep_labels=52 clique_frac=0.01
t=78538ms iter=183 REBUILD reject new_tc=60.8307 (was 60.1193)
t=78692ms iter=183 incumb=60.1193 ratchet=60.4467 best=60.1154 since_improve=8
t=78701ms iter=184 WAIST cost=57.0000 best_alt=51.0000 gap=6.0000 tried=5 sep_labels=51 clique_frac=0.01
t=78857ms iter=184 REBUILD reject new_tc=61.2913 (was 60.1193)
t=79012ms iter=184 incumb=60.1193 ratchet=60.1734 best=60.1154 since_improve=9
t=79019ms iter=185 WAIST cost=57.0000 best_alt=52.0000 gap=5.0000 tried=5 sep_labels=52 clique_frac=0.01
t=79195ms iter=185 REBUILD reject new_tc=60.6675 (was 60.1193)
t=79353ms iter=185 incumb=60.1193 ratchet=60.1910 best=60.1154 since_improve=10
t=79362ms iter=186 WAIST cost=57.0000 best_alt=49.0000 gap=8.0000 tried=5 sep_labels=49 clique_frac=0.01
t=79523ms iter=186 REBUILD reject new_tc=61.8175 (was 60.1193)
t=79685ms iter=186 incumb=60.1193 ratchet=60.3799 best=60.1154 since_improve=11
t=79693ms iter=187 WAIST cost=57.0000 best_alt=52.0000 gap=5.0000 tried=5 sep_labels=52 clique_frac=0.01
t=79868ms iter=187 REBUILD reject new_tc=60.7013 (was 60.1193)
t=80016ms iter=187 incumb=60.1193 ratchet=60.2700 best=60.1154 since_improve=12
t=80024ms iter=188 WAIST cost=57.0000 best_alt=52.0000 gap=5.0000 tried=5 sep_labels=52 clique_frac=0.01
t=80197ms iter=188 REBUILD reject new_tc=61.0319 (was 60.1193)
t=80355ms iter=188 incumb=60.1193 ratchet=60.3761 best=60.1154 since_improve=13
t=80363ms iter=189 WAIST cost=57.0000 best_alt=52.0000 gap=5.0000 tried=5 sep_labels=52 clique_frac=0.01
t=80532ms iter=189 REBUILD reject new_tc=62.4427 (was 60.1193)
t=80680ms iter=189 incumb=60.1193 ratchet=60.3077 best=60.1154 since_improve=14
t=80688ms iter=190 WAIST cost=57.0000 best_alt=52.0000 gap=5.0000 tried=5 sep_labels=52 clique_frac=0.01
t=80855ms iter=190 REBUILD reject new_tc=60.8673 (was 60.1193)
t=81009ms iter=190 incumb=60.1193 ratchet=60.2835 best=60.1154 since_improve=15
t=81018ms iter=191 WAIST cost=57.0000 best_alt=52.0000 gap=5.0000 tried=5 sep_labels=52 clique_frac=0.01
t=81187ms iter=191 REBUILD reject new_tc=66.0337 (was 60.1193)
t=81342ms iter=191 incumb=60.1193 ratchet=60.3776 best=60.1154 since_improve=16
t=81350ms iter=192 WAIST cost=57.0000 best_alt=52.0000 gap=5.0000 tried=5 sep_labels=52 clique_frac=0.01
t=81516ms iter=192 REBUILD reject new_tc=65.1780 (was 60.1193)
t=81670ms iter=192 incumb=60.1193 ratchet=60.1835 best=60.1154 since_improve=17
t=81679ms iter=193 WAIST cost=57.0000 best_alt=49.0000 gap=8.0000 tried=5 sep_labels=49 clique_frac=0.01
t=81834ms iter=193 REBUILD reject new_tc=63.5391 (was 60.1193)
t=81991ms iter=193 incumb=60.1193 ratchet=60.2779 best=60.1154 since_improve=18
t=81999ms iter=194 WAIST cost=57.0000 best_alt=52.0000 gap=5.0000 tried=5 sep_labels=52 clique_frac=0.01
t=82172ms iter=194 REBUILD reject new_tc=60.5695 (was 60.1193)
t=82327ms iter=194 incumb=60.1193 ratchet=60.3429 best=60.1154 since_improve=19
t=82335ms iter=195 WAIST cost=57.0000 best_alt=50.0000 gap=7.0000 tried=5 sep_labels=50 clique_frac=0.01
t=82486ms iter=195 REBUILD reject new_tc=61.4323 (was 60.1193)
t=82647ms iter=195 incumb=60.1193 ratchet=60.3688 best=60.1154 since_improve=20
t=82656ms iter=196 WAIST cost=57.0000 best_alt=50.0000 gap=7.0000 tried=5 sep_labels=50 clique_frac=0.01
t=82807ms iter=196 REBUILD reject new_tc=61.0593 (was 60.1193)
t=82964ms iter=196 incumb=60.1193 ratchet=60.1542 best=60.1154 since_improve=21
t=82972ms iter=197 WAIST cost=57.0000 best_alt=51.0000 gap=6.0000 tried=5 sep_labels=51 clique_frac=0.01
t=83120ms iter=197 REBUILD reject new_tc=67.0326 (was 60.1193)
t=83278ms iter=197 incumb=60.1193 ratchet=60.1696 best=60.1154 since_improve=22
t=83288ms iter=198 WAIST cost=57.0000 best_alt=49.0000 gap=8.0000 tried=5 sep_labels=49 clique_frac=0.01
t=83440ms iter=198 REBUILD reject new_tc=61.0933 (was 60.1193)
t=83594ms iter=198 incumb=60.1193 ratchet=60.2606 best=60.1154 since_improve=23
t=83603ms iter=199 WAIST cost=57.0000 best_alt=52.0000 gap=5.0000 tried=5 sep_labels=52 clique_frac=0.01
t=83780ms iter=199 REBUILD reject new_tc=60.8335 (was 60.1193)
t=83935ms iter=199 incumb=60.1193 ratchet=60.1914 best=60.1154 since_improve=24
t=83942ms iter=200 WAIST cost=57.0000 best_alt=52.0000 gap=5.0000 tried=5 sep_labels=52 clique_frac=0.01
t=84111ms iter=200 REBUILD reject new_tc=60.7508 (was 60.1193)
t=84269ms iter=200 incumb=60.1193 ratchet=60.4058 best=60.1154 since_improve=25
t=84278ms iter=201 WAIST cost=57.0000 best_alt=52.0000 gap=5.0000 tried=5 sep_labels=52 clique_frac=0.01
t=84455ms iter=201 REBUILD reject new_tc=60.7403 (was 60.1193)
t=84612ms iter=201 incumb=60.1193 ratchet=60.2577 best=60.1154 since_improve=26
t=84620ms iter=202 WAIST cost=57.0000 best_alt=52.0000 gap=5.0000 tried=5 sep_labels=52 clique_frac=0.01
t=84790ms iter=202 REBUILD reject new_tc=60.8190 (was 60.1193)
t=84946ms iter=202 incumb=60.1193 ratchet=60.5348 best=60.1154 since_improve=27
t=84956ms iter=203 WAIST cost=57.0000 best_alt=50.0000 gap=7.0000 tried=5 sep_labels=50 clique_frac=0.01
t=85099ms iter=203 REBUILD reject new_tc=78.0001 (was 60.1193)
t=85251ms iter=203 incumb=60.1193 ratchet=60.1486 best=60.1154 since_improve=28
t=85259ms iter=204 WAIST cost=57.0000 best_alt=51.0000 gap=6.0000 tried=5 sep_labels=51 clique_frac=0.01
t=85409ms iter=204 REBUILD reject new_tc=61.4920 (was 60.1193)
t=85591ms iter=204 incumb=60.1193 ratchet=60.5820 best=60.1154 since_improve=29
t=85600ms iter=205 WAIST cost=57.0000 best_alt=52.0000 gap=5.0000 tried=5 sep_labels=52 clique_frac=0.01
t=85773ms iter=205 REBUILD reject new_tc=60.8235 (was 60.1193)
t=85932ms iter=205 incumb=60.1193 ratchet=60.4501 best=60.1154 since_improve=30
t=85941ms iter=206 WAIST cost=57.0000 best_alt=52.0000 gap=5.0000 tried=5 sep_labels=52 clique_frac=0.01
t=86123ms iter=206 REBUILD reject new_tc=60.6820 (was 60.1193)
t=86278ms iter=206 incumb=60.1193 ratchet=60.4005 best=60.1154 since_improve=31
t=86287ms iter=207 WAIST cost=57.0000 best_alt=52.0000 gap=5.0000 tried=5 sep_labels=52 clique_frac=0.01
t=86461ms iter=207 REBUILD reject new_tc=60.7344 (was 60.1193)
t=86613ms iter=207 incumb=60.1193 ratchet=60.2336 best=60.1154 since_improve=32
t=86622ms iter=208 WAIST cost=57.0000 best_alt=52.0000 gap=5.0000 tried=5 sep_labels=52 clique_frac=0.01
t=86799ms iter=208 REBUILD reject new_tc=60.8717 (was 60.1193)
t=86954ms iter=208 incumb=60.1193 ratchet=60.3852 best=60.1154 since_improve=33
t=86961ms iter=209 WAIST cost=57.0000 best_alt=52.0000 gap=5.0000 tried=5 sep_labels=52 clique_frac=0.01
t=87132ms iter=209 REBUILD reject new_tc=60.9607 (was 60.1193)
t=87284ms iter=209 incumb=60.1193 ratchet=60.1338 best=60.1154 since_improve=34
t=87293ms iter=210 WAIST cost=57.0000 best_alt=52.0000 gap=5.0000 tried=5 sep_labels=52 clique_frac=0.01
t=87466ms iter=210 REBUILD reject new_tc=60.4723 (was 60.1193)
t=87617ms iter=210 incumb=60.1193 ratchet=60.1764 best=60.1154 since_improve=35
t=87624ms iter=211 WAIST cost=57.0000 best_alt=52.0000 gap=5.0000 tried=5 sep_labels=52 clique_frac=0.01
t=87801ms iter=211 REBUILD reject new_tc=61.2737 (was 60.1193)
t=87956ms iter=211 incumb=60.1193 ratchet=60.5478 best=60.1154 since_improve=36
t=87965ms iter=212 WAIST cost=57.0000 best_alt=49.0000 gap=8.0000 tried=5 sep_labels=49 clique_frac=0.01
t=88119ms iter=212 REBUILD reject new_tc=67.3566 (was 60.1193)
t=88275ms iter=212 incumb=60.1193 ratchet=60.2090 best=60.1154 since_improve=37
t=88283ms iter=213 WAIST cost=57.0000 best_alt=51.0000 gap=6.0000 tried=5 sep_labels=51 clique_frac=0.01
t=88435ms iter=213 REBUILD reject new_tc=63.9738 (was 60.1193)
t=88587ms iter=213 incumb=60.1193 ratchet=60.2057 best=60.1154 since_improve=38
t=88598ms iter=214 WAIST cost=57.0000 best_alt=51.0000 gap=6.0000 tried=5 sep_labels=51 clique_frac=0.01
t=88753ms iter=214 REBUILD reject new_tc=61.4266 (was 60.1193)
t=88914ms iter=214 incumb=60.1193 ratchet=60.3151 best=60.1154 since_improve=39
t=88922ms iter=215 WAIST cost=57.0000 best_alt=52.0000 gap=5.0000 tried=5 sep_labels=52 clique_frac=0.01
t=89091ms iter=215 REBUILD reject new_tc=61.3573 (was 60.1193)
t=89250ms iter=215 incumb=60.1193 ratchet=60.3590 best=60.1154 since_improve=40
t=89260ms iter=216 WAIST cost=57.0000 best_alt=52.0000 gap=5.0000 tried=5 sep_labels=52 clique_frac=0.01
t=89433ms iter=216 REBUILD reject new_tc=60.7148 (was 60.1193)
t=89586ms iter=216 incumb=60.1193 ratchet=60.4125 best=60.1154 since_improve=41
t=89595ms iter=217 WAIST cost=57.0000 best_alt=49.0000 gap=8.0000 tried=5 sep_labels=49 clique_frac=0.01
t=89747ms iter=217 REBUILD reject new_tc=61.1076 (was 60.1193)
t=89901ms iter=217 incumb=60.1193 ratchet=60.3308 best=60.1154 since_improve=42
t=89908ms iter=218 WAIST cost=57.0000 best_alt=52.0000 gap=5.0000 tried=5 sep_labels=52 clique_frac=0.01
t=90085ms iter=218 REBUILD reject new_tc=60.7162 (was 60.1193)
t=90245ms iter=218 incumb=60.1193 ratchet=60.1599 best=60.1154 since_improve=43
t=90254ms iter=219 WAIST cost=57.0000 best_alt=51.0000 gap=6.0000 tried=5 sep_labels=51 clique_frac=0.01
t=90418ms iter=219 REBUILD reject new_tc=71.0953 (was 60.1193)
t=90577ms iter=219 incumb=60.1193 ratchet=60.4893 best=60.1154 since_improve=44
t=90585ms iter=220 WAIST cost=57.0000 best_alt=52.0000 gap=5.0000 tried=5 sep_labels=52 clique_frac=0.01
t=90754ms iter=220 REBUILD reject new_tc=61.6611 (was 60.1193)
t=90909ms iter=220 incumb=60.1193 ratchet=60.1574 best=60.1154 since_improve=45
t=90916ms iter=221 WAIST cost=57.0000 best_alt=52.0000 gap=5.0000 tried=5 sep_labels=52 clique_frac=0.01
t=91087ms iter=221 REBUILD reject new_tc=60.9629 (was 60.1193)
t=91241ms iter=221 incumb=60.1193 ratchet=60.4395 best=60.1154 since_improve=46
t=91249ms iter=222 WAIST cost=57.0000 best_alt=52.0000 gap=5.0000 tried=5 sep_labels=52 clique_frac=0.01
t=91423ms iter=222 REBUILD reject new_tc=60.8675 (was 60.1193)
t=91574ms iter=222 incumb=60.1193 ratchet=60.1418 best=60.1154 since_improve=47
t=91583ms iter=223 WAIST cost=57.0000 best_alt=51.0000 gap=6.0000 tried=5 sep_labels=51 clique_frac=0.01
t=91753ms iter=223 REBUILD reject new_tc=61.1828 (was 60.1193)
t=91907ms iter=223 incumb=60.1193 ratchet=60.2344 best=60.1154 since_improve=48
t=91915ms iter=224 WAIST cost=57.0000 best_alt=52.0000 gap=5.0000 tried=5 sep_labels=52 clique_frac=0.01
t=92081ms iter=224 REBUILD reject new_tc=65.1818 (was 60.1193)
t=92228ms iter=224 incumb=60.1193 ratchet=60.4886 best=60.1154 since_improve=49
t=92236ms iter=225 WAIST cost=57.0000 best_alt=52.0000 gap=5.0000 tried=5 sep_labels=52 clique_frac=0.01
t=92408ms iter=225 REBUILD reject new_tc=60.8184 (was 60.1193)
t=93287ms iter=225 incumb=60.1193 ratchet=60.1100 best=60.1094 since_improve=0
t=93298ms iter=226 WAIST cost=57.0000 best_alt=52.0000 gap=5.0000 tried=5 sep_labels=52 clique_frac=0.01
t=93470ms iter=226 REBUILD reject new_tc=60.6070 (was 60.1100)
t=93622ms iter=226 incumb=60.1100 ratchet=60.1818 best=60.1094 since_improve=1
t=93630ms iter=227 WAIST cost=57.0000 best_alt=52.0000 gap=5.0000 tried=5 sep_labels=52 clique_frac=0.01
t=93803ms iter=227 REBUILD reject new_tc=60.5822 (was 60.1100)
t=93956ms iter=227 incumb=60.1100 ratchet=60.1248 best=60.1094 since_improve=2
t=93963ms iter=228 WAIST cost=57.0000 best_alt=52.0000 gap=5.0000 tried=5 sep_labels=52 clique_frac=0.01
t=94157ms iter=228 REBUILD reject new_tc=60.6983 (was 60.1100)
t=94314ms iter=228 incumb=60.1100 ratchet=60.2958 best=60.1094 since_improve=3
t=94324ms iter=229 WAIST cost=57.0000 best_alt=51.0000 gap=6.0000 tried=5 sep_labels=51 clique_frac=0.01
t=94474ms iter=229 REBUILD reject new_tc=61.3578 (was 60.1100)
t=94627ms iter=229 incumb=60.1100 ratchet=60.1649 best=60.1094 since_improve=4
t=94637ms iter=230 WAIST cost=57.0000 best_alt=52.0000 gap=5.0000 tried=5 sep_labels=52 clique_frac=0.01
t=94814ms iter=230 REBUILD reject new_tc=60.8471 (was 60.1100)
t=94970ms iter=230 incumb=60.1100 ratchet=60.1453 best=60.1094 since_improve=5
t=94978ms iter=231 WAIST cost=57.0000 best_alt=51.0000 gap=6.0000 tried=5 sep_labels=51 clique_frac=0.01
t=95132ms iter=231 REBUILD reject new_tc=61.7554 (was 60.1100)
t=95286ms iter=231 incumb=60.1100 ratchet=60.1205 best=60.1094 since_improve=6
t=95295ms iter=232 WAIST cost=57.0000 best_alt=52.0000 gap=5.0000 tried=5 sep_labels=52 clique_frac=0.01
t=95468ms iter=232 REBUILD reject new_tc=61.0125 (was 60.1100)
t=95619ms iter=232 incumb=60.1100 ratchet=60.2104 best=60.1094 since_improve=7
t=95629ms iter=233 WAIST cost=57.0000 best_alt=51.0000 gap=6.0000 tried=5 sep_labels=51 clique_frac=0.01
t=95785ms iter=233 REBUILD reject new_tc=62.6040 (was 60.1100)
t=95938ms iter=233 incumb=60.1100 ratchet=60.3184 best=60.1094 since_improve=8
t=95948ms iter=234 WAIST cost=57.0000 best_alt=51.0000 gap=6.0000 tried=5 sep_labels=51 clique_frac=0.01
t=96119ms iter=234 REBUILD reject new_tc=60.7545 (was 60.1100)
t=96277ms iter=234 incumb=60.1100 ratchet=60.1484 best=60.1094 since_improve=9
t=96284ms iter=235 WAIST cost=57.0000 best_alt=49.0000 gap=8.0000 tried=5 sep_labels=49 clique_frac=0.01
t=96439ms iter=235 REBUILD reject new_tc=61.3537 (was 60.1100)
t=96594ms iter=235 incumb=60.1100 ratchet=60.1609 best=60.1094 since_improve=10
t=96604ms iter=236 WAIST cost=57.0000 best_alt=52.0000 gap=5.0000 tried=5 sep_labels=52 clique_frac=0.01
t=96769ms iter=236 REBUILD reject new_tc=73.0005 (was 60.1100)
t=96921ms iter=236 incumb=60.1100 ratchet=60.3498 best=60.1094 since_improve=11
t=96930ms iter=237 WAIST cost=57.0000 best_alt=51.0000 gap=6.0000 tried=5 sep_labels=51 clique_frac=0.01
t=97086ms iter=237 REBUILD reject new_tc=61.5048 (was 60.1100)
t=97245ms iter=237 incumb=60.1100 ratchet=60.2432 best=60.1094 since_improve=12
t=97252ms iter=238 WAIST cost=57.0000 best_alt=52.0000 gap=5.0000 tried=5 sep_labels=52 clique_frac=0.01
t=97427ms iter=238 REBUILD reject new_tc=60.5969 (was 60.1100)
t=97579ms iter=238 incumb=60.1100 ratchet=60.1571 best=60.1094 since_improve=13
t=97586ms iter=239 WAIST cost=57.0000 best_alt=52.0000 gap=5.0000 tried=5 sep_labels=52 clique_frac=0.01
t=97756ms iter=239 REBUILD reject new_tc=65.1563 (was 60.1100)
t=97912ms iter=239 incumb=60.1100 ratchet=60.1664 best=60.1094 since_improve=14
t=97920ms iter=240 WAIST cost=57.0000 best_alt=52.0000 gap=5.0000 tried=5 sep_labels=52 clique_frac=0.01
t=98096ms iter=240 REBUILD reject new_tc=61.6566 (was 60.1100)
t=98436ms iter=240 incumb=60.1100 ratchet=60.1224 best=60.1092 since_improve=15
t=98448ms iter=241 WAIST cost=57.0000 best_alt=51.0000 gap=6.0000 tried=5 sep_labels=51 clique_frac=0.01
t=98601ms iter=241 REBUILD reject new_tc=61.1091 (was 60.1100)
t=98751ms iter=241 incumb=60.1100 ratchet=60.2697 best=60.1092 since_improve=16
t=98758ms iter=242 WAIST cost=57.0000 best_alt=52.0000 gap=5.0000 tried=5 sep_labels=52 clique_frac=0.01
t=98937ms iter=242 REBUILD reject new_tc=60.8846 (was 60.1100)
t=99088ms iter=242 incumb=60.1100 ratchet=60.1409 best=60.1092 since_improve=17
t=99096ms iter=243 WAIST cost=57.0000 best_alt=51.0000 gap=6.0000 tried=5 sep_labels=51 clique_frac=0.01
t=99263ms iter=243 REBUILD reject new_tc=61.0813 (was 60.1100)
t=99768ms iter=243 incumb=60.1100 ratchet=60.1090 best=60.1090 since_improve=0
t=99778ms iter=244 WAIST cost=57.0000 best_alt=50.0000 gap=7.0000 tried=5 sep_labels=50 clique_frac=0.01
t=99929ms iter=244 REBUILD reject new_tc=61.4159 (was 60.1090)
t=100087ms iter=244 incumb=60.1090 ratchet=60.3230 best=60.1090 since_improve=1
t=100095ms iter=245 WAIST cost=57.0000 best_alt=52.0000 gap=5.0000 tried=5 sep_labels=52 clique_frac=0.01
t=100262ms iter=245 REBUILD reject new_tc=60.5852 (was 60.1090)
t=100420ms iter=245 incumb=60.1090 ratchet=60.1097 best=60.1090 since_improve=2
t=100431ms iter=246 WAIST cost=57.0000 best_alt=50.0000 gap=7.0000 tried=5 sep_labels=50 clique_frac=0.01
t=100566ms iter=246 REBUILD reject new_tc=77.0015 (was 60.1090)
t=100724ms iter=246 incumb=60.1090 ratchet=60.1807 best=60.1090 since_improve=3
t=100732ms iter=247 WAIST cost=57.0000 best_alt=52.0000 gap=5.0000 tried=5 sep_labels=52 clique_frac=0.01
t=100898ms iter=247 REBUILD reject new_tc=74.0038 (was 60.1090)
t=101051ms iter=247 incumb=60.1090 ratchet=60.1697 best=60.1090 since_improve=4
t=101058ms iter=248 WAIST cost=57.0000 best_alt=52.0000 gap=5.0000 tried=5 sep_labels=52 clique_frac=0.01
t=101233ms iter=248 REBUILD reject new_tc=61.0816 (was 60.1090)
t=101385ms iter=248 incumb=60.1090 ratchet=60.4182 best=60.1090 since_improve=5
t=101393ms iter=249 WAIST cost=57.0000 best_alt=52.0000 gap=5.0000 tried=5 sep_labels=52 clique_frac=0.01
t=101565ms iter=249 REBUILD reject new_tc=60.3002 (was 60.1090)
t=101725ms iter=249 incumb=60.1090 ratchet=60.3181 best=60.1090 since_improve=6
t=101733ms iter=250 WAIST cost=57.0000 best_alt=52.0000 gap=5.0000 tried=5 sep_labels=52 clique_frac=0.01
t=101904ms iter=250 REBUILD reject new_tc=60.9597 (was 60.1090)
t=102054ms iter=250 incumb=60.1090 ratchet=60.1579 best=60.1090 since_improve=7
t=102062ms iter=251 WAIST cost=57.0000 best_alt=52.0000 gap=5.0000 tried=5 sep_labels=52 clique_frac=0.01
t=102233ms iter=251 REBUILD reject new_tc=60.6961 (was 60.1090)
t=102389ms iter=251 incumb=60.1090 ratchet=60.1611 best=60.1090 since_improve=8
t=102399ms iter=252 WAIST cost=57.0000 best_alt=51.0000 gap=6.0000 tried=5 sep_labels=51 clique_frac=0.01
t=102552ms iter=252 REBUILD reject new_tc=62.1956 (was 60.1090)
t=102705ms iter=252 incumb=60.1090 ratchet=60.1965 best=60.1090 since_improve=9
t=102712ms iter=253 WAIST cost=57.0000 best_alt=52.0000 gap=5.0000 tried=5 sep_labels=52 clique_frac=0.01
t=102882ms iter=253 REBUILD reject new_tc=61.6086 (was 60.1090)
t=103043ms iter=253 incumb=60.1090 ratchet=60.4239 best=60.1090 since_improve=10
t=103052ms iter=254 WAIST cost=57.0000 best_alt=51.0000 gap=6.0000 tried=5 sep_labels=51 clique_frac=0.01
t=103231ms iter=254 REBUILD reject new_tc=61.3425 (was 60.1090)
t=103386ms iter=254 incumb=60.1090 ratchet=60.3579 best=60.1090 since_improve=11
t=103395ms iter=255 WAIST cost=57.0000 best_alt=52.0000 gap=5.0000 tried=5 sep_labels=52 clique_frac=0.01
t=103567ms iter=255 REBUILD reject new_tc=60.8217 (was 60.1090)
t=103728ms iter=255 incumb=60.1090 ratchet=60.2678 best=60.1090 since_improve=12
t=103738ms iter=256 WAIST cost=57.0000 best_alt=52.0000 gap=5.0000 tried=5 sep_labels=52 clique_frac=0.01
t=103911ms iter=256 REBUILD reject new_tc=60.6538 (was 60.1090)
t=104066ms iter=256 incumb=60.1090 ratchet=60.1389 best=60.1090 since_improve=13
t=104072ms iter=257 WAIST cost=57.0000 best_alt=52.0000 gap=5.0000 tried=5 sep_labels=52 clique_frac=0.01
t=104291ms iter=257 REBUILD reject new_tc=70.0041 (was 60.1090)
t=104455ms iter=257 incumb=60.1090 ratchet=60.1946 best=60.1090 since_improve=14
t=104464ms iter=258 WAIST cost=57.0000 best_alt=52.0000 gap=5.0000 tried=5 sep_labels=52 clique_frac=0.01
t=104635ms iter=258 REBUILD reject new_tc=60.6297 (was 60.1090)
t=104792ms iter=258 incumb=60.1090 ratchet=60.3219 best=60.1090 since_improve=15
t=104799ms iter=259 WAIST cost=57.0000 best_alt=52.0000 gap=5.0000 tried=5 sep_labels=52 clique_frac=0.01
t=104974ms iter=259 REBUILD reject new_tc=60.4118 (was 60.1090)
t=105129ms iter=259 incumb=60.1090 ratchet=60.9619 best=60.1090 since_improve=16
t=105136ms iter=260 WAIST cost=57.0000 best_alt=52.0000 gap=5.0000 tried=5 sep_labels=52 clique_frac=0.01
t=105316ms iter=260 REBUILD reject new_tc=61.5134 (was 60.1090)
t=105468ms iter=260 incumb=60.1090 ratchet=60.1252 best=60.1090 since_improve=17
t=105476ms iter=261 WAIST cost=57.0000 best_alt=52.0000 gap=5.0000 tried=5 sep_labels=52 clique_frac=0.01
t=105652ms iter=261 REBUILD reject new_tc=60.8032 (was 60.1090)
t=105801ms iter=261 incumb=60.1090 ratchet=60.1501 best=60.1090 since_improve=18
t=105810ms iter=262 WAIST cost=57.0000 best_alt=49.0000 gap=8.0000 tried=5 sep_labels=49 clique_frac=0.01
t=105967ms iter=262 REBUILD reject new_tc=61.7946 (was 60.1090)
t=106126ms iter=262 incumb=60.1090 ratchet=60.2384 best=60.1090 since_improve=19
t=106136ms iter=263 WAIST cost=57.0000 best_alt=52.0000 gap=5.0000 tried=5 sep_labels=52 clique_frac=0.01
t=106303ms iter=263 REBUILD reject new_tc=64.9095 (was 60.1090)
t=106458ms iter=263 incumb=60.1090 ratchet=60.1396 best=60.1090 since_improve=20
t=106468ms iter=264 WAIST cost=57.0000 best_alt=49.0000 gap=8.0000 tried=5 sep_labels=49 clique_frac=0.01
t=106603ms iter=264 REBUILD reject new_tc=80.0006 (was 60.1090)
t=106759ms iter=264 incumb=60.1090 ratchet=60.2848 best=60.1090 since_improve=21
t=106768ms iter=265 WAIST cost=57.0000 best_alt=51.0000 gap=6.0000 tried=5 sep_labels=51 clique_frac=0.01
t=106923ms iter=265 REBUILD reject new_tc=61.5399 (was 60.1090)
t=107079ms iter=265 incumb=60.1090 ratchet=60.1129 best=60.1090 since_improve=22
t=107088ms iter=266 WAIST cost=57.0000 best_alt=51.0000 gap=6.0000 tried=5 sep_labels=51 clique_frac=0.01
t=107241ms iter=266 REBUILD reject new_tc=61.3289 (was 60.1090)
t=107394ms iter=266 incumb=60.1090 ratchet=60.1298 best=60.1090 since_improve=23
t=107406ms iter=267 WAIST cost=57.0000 best_alt=49.0000 gap=8.0000 tried=5 sep_labels=49 clique_frac=0.01
t=107562ms iter=267 REBUILD reject new_tc=61.4661 (was 60.1090)
t=107716ms iter=267 incumb=60.1090 ratchet=60.2771 best=60.1090 since_improve=24
t=107725ms iter=268 WAIST cost=57.0000 best_alt=52.0000 gap=5.0000 tried=5 sep_labels=52 clique_frac=0.01
t=107901ms iter=268 REBUILD reject new_tc=60.8330 (was 60.1090)
t=108049ms iter=268 incumb=60.1090 ratchet=60.3363 best=60.1090 since_improve=25
t=108057ms iter=269 WAIST cost=57.0000 best_alt=52.0000 gap=5.0000 tried=5 sep_labels=52 clique_frac=0.01
t=108223ms iter=269 REBUILD reject new_tc=61.7411 (was 60.1090)
t=108377ms iter=269 incumb=60.1090 ratchet=60.2510 best=60.1090 since_improve=26
t=108384ms iter=270 WAIST cost=57.0000 best_alt=51.0000 gap=6.0000 tried=5 sep_labels=51 clique_frac=0.01
t=108549ms iter=270 REBUILD reject new_tc=61.1713 (was 60.1090)
t=108706ms iter=270 incumb=60.1090 ratchet=60.1903 best=60.1090 since_improve=27
t=108715ms iter=271 WAIST cost=57.0000 best_alt=52.0000 gap=5.0000 tried=5 sep_labels=52 clique_frac=0.01
t=108885ms iter=271 REBUILD reject new_tc=61.0498 (was 60.1090)
t=109037ms iter=271 incumb=60.1090 ratchet=60.1343 best=60.1090 since_improve=28
t=109046ms iter=272 WAIST cost=57.0000 best_alt=51.0000 gap=6.0000 tried=5 sep_labels=51 clique_frac=0.01
t=109197ms iter=272 REBUILD reject new_tc=68.0193 (was 60.1090)
t=109355ms iter=272 incumb=60.1090 ratchet=60.3535 best=60.1090 since_improve=29
t=109364ms iter=273 WAIST cost=57.0000 best_alt=52.0000 gap=5.0000 tried=5 sep_labels=52 clique_frac=0.01
t=109540ms iter=273 REBUILD reject new_tc=60.3850 (was 60.1090)
t=109887ms iter=273 incumb=60.1090 ratchet=60.1051 best=60.1051 since_improve=0
t=109895ms iter=274 WAIST cost=57.0000 best_alt=52.0000 gap=5.0000 tried=5 sep_labels=52 clique_frac=0.01
t=110056ms iter=274 REBUILD reject new_tc=71.0421 (was 60.1051)
t=110215ms iter=274 incumb=60.1051 ratchet=60.2443 best=60.1051 since_improve=1
t=110222ms iter=275 WAIST cost=57.0000 best_alt=52.0000 gap=5.0000 tried=5 sep_labels=52 clique_frac=0.01
t=110392ms iter=275 REBUILD reject new_tc=61.1609 (was 60.1051)
t=110545ms iter=275 incumb=60.1051 ratchet=60.2596 best=60.1051 since_improve=2
t=110554ms iter=276 WAIST cost=57.0000 best_alt=51.0000 gap=6.0000 tried=5 sep_labels=51 clique_frac=0.01
t=110710ms iter=276 REBUILD reject new_tc=61.5030 (was 60.1051)
t=110867ms iter=276 incumb=60.1051 ratchet=60.1369 best=60.1051 since_improve=3
t=110876ms iter=277 WAIST cost=57.0000 best_alt=52.0000 gap=5.0000 tried=5 sep_labels=52 clique_frac=0.01
t=111051ms iter=277 REBUILD reject new_tc=60.5816 (was 60.1051)
t=111207ms iter=277 incumb=60.1051 ratchet=60.3432 best=60.1051 since_improve=4
t=111216ms iter=278 WAIST cost=57.0000 best_alt=50.0000 gap=7.0000 tried=5 sep_labels=50 clique_frac=0.01
t=111375ms iter=278 REBUILD reject new_tc=61.4410 (was 60.1051)
t=111528ms iter=278 incumb=60.1051 ratchet=60.2683 best=60.1051 since_improve=5
t=111538ms iter=279 WAIST cost=57.0000 best_alt=52.0000 gap=5.0000 tried=5 sep_labels=52 clique_frac=0.01
t=111712ms iter=279 REBUILD reject new_tc=60.6383 (was 60.1051)
t=111861ms iter=279 incumb=60.1051 ratchet=60.1908 best=60.1051 since_improve=6
t=111868ms iter=280 WAIST cost=57.0000 best_alt=52.0000 gap=5.0000 tried=5 sep_labels=52 clique_frac=0.01
t=112045ms iter=280 REBUILD reject new_tc=60.7554 (was 60.1051)
t=112204ms iter=280 incumb=60.1051 ratchet=60.4288 best=60.1051 since_improve=7
t=112212ms iter=281 WAIST cost=57.0000 best_alt=52.0000 gap=5.0000 tried=5 sep_labels=52 clique_frac=0.01
t=112385ms iter=281 REBUILD reject new_tc=62.0407 (was 60.1051)
t=112539ms iter=281 incumb=60.1051 ratchet=60.1458 best=60.1051 since_improve=8
t=112546ms iter=282 WAIST cost=57.0000 best_alt=52.0000 gap=5.0000 tried=5 sep_labels=52 clique_frac=0.01
t=112728ms iter=282 REBUILD reject new_tc=60.9986 (was 60.1051)
t=112878ms iter=282 incumb=60.1051 ratchet=60.3137 best=60.1051 since_improve=9
t=112888ms iter=283 WAIST cost=57.0000 best_alt=52.0000 gap=5.0000 tried=5 sep_labels=52 clique_frac=0.01
t=113057ms iter=283 REBUILD reject new_tc=60.9715 (was 60.1051)
t=113213ms iter=283 incumb=60.1051 ratchet=60.3574 best=60.1051 since_improve=10
t=113221ms iter=284 WAIST cost=57.0000 best_alt=52.0000 gap=5.0000 tried=5 sep_labels=52 clique_frac=0.01
t=113382ms iter=284 REBUILD reject new_tc=73.0003 (was 60.1051)
t=113540ms iter=284 incumb=60.1051 ratchet=60.2063 best=60.1051 since_improve=11
t=113549ms iter=285 WAIST cost=57.0000 best_alt=52.0000 gap=5.0000 tried=5 sep_labels=52 clique_frac=0.01
t=113723ms iter=285 REBUILD reject new_tc=62.2893 (was 60.1051)
t=113873ms iter=285 incumb=60.1051 ratchet=60.5629 best=60.1051 since_improve=12
t=113881ms iter=286 WAIST cost=57.0000 best_alt=51.0000 gap=6.0000 tried=5 sep_labels=51 clique_frac=0.01
t=114055ms iter=286 REBUILD reject new_tc=61.0278 (was 60.1051)
t=114201ms iter=286 incumb=60.1051 ratchet=60.3629 best=60.1051 since_improve=13
t=114208ms iter=287 WAIST cost=57.0000 best_alt=49.0000 gap=8.0000 tried=5 sep_labels=49 clique_frac=0.01
t=114361ms iter=287 REBUILD reject new_tc=61.4145 (was 60.1051)
t=114511ms iter=287 incumb=60.1051 ratchet=60.1733 best=60.1051 since_improve=14
t=114521ms iter=288 WAIST cost=57.0000 best_alt=52.0000 gap=5.0000 tried=5 sep_labels=52 clique_frac=0.01
t=114691ms iter=288 REBUILD reject new_tc=61.4542 (was 60.1051)
t=114852ms iter=288 incumb=60.1051 ratchet=60.1721 best=60.1051 since_improve=15
t=114859ms iter=289 WAIST cost=57.0000 best_alt=52.0000 gap=5.0000 tried=5 sep_labels=52 clique_frac=0.01
t=115030ms iter=289 REBUILD reject new_tc=61.0666 (was 60.1051)
t=115188ms iter=289 incumb=60.1051 ratchet=60.4295 best=60.1051 since_improve=16
t=115198ms iter=290 WAIST cost=57.0000 best_alt=51.0000 gap=6.0000 tried=5 sep_labels=51 clique_frac=0.01
t=115356ms iter=290 REBUILD reject new_tc=61.5899 (was 60.1051)
t=115512ms iter=290 incumb=60.1051 ratchet=60.2086 best=60.1051 since_improve=17
t=115519ms iter=291 WAIST cost=57.0000 best_alt=52.0000 gap=5.0000 tried=5 sep_labels=52 clique_frac=0.01
t=115692ms iter=291 REBUILD reject new_tc=61.1437 (was 60.1051)
t=115852ms iter=291 incumb=60.1051 ratchet=60.2699 best=60.1051 since_improve=18
t=115861ms iter=292 WAIST cost=57.0000 best_alt=51.0000 gap=6.0000 tried=5 sep_labels=51 clique_frac=0.01
t=116012ms iter=292 REBUILD reject new_tc=61.4421 (was 60.1051)
t=116168ms iter=292 incumb=60.1051 ratchet=60.2544 best=60.1051 since_improve=19
t=116178ms iter=293 WAIST cost=57.0000 best_alt=49.0000 gap=8.0000 tried=5 sep_labels=49 clique_frac=0.01
t=116333ms iter=293 REBUILD reject new_tc=61.7289 (was 60.1051)
t=116492ms iter=293 incumb=60.1051 ratchet=60.2961 best=60.1051 since_improve=20
t=116499ms iter=294 WAIST cost=57.0000 best_alt=51.0000 gap=6.0000 tried=5 sep_labels=51 clique_frac=0.01
t=116658ms iter=294 REBUILD reject new_tc=61.4800 (was 60.1051)
t=116817ms iter=294 incumb=60.1051 ratchet=60.2281 best=60.1051 since_improve=21
t=116826ms iter=295 WAIST cost=57.0000 best_alt=52.0000 gap=5.0000 tried=5 sep_labels=52 clique_frac=0.01
t=117005ms iter=295 REBUILD reject new_tc=60.8890 (was 60.1051)
t=117161ms iter=295 incumb=60.1051 ratchet=60.2167 best=60.1051 since_improve=22
t=117170ms iter=296 WAIST cost=57.0000 best_alt=51.0000 gap=6.0000 tried=5 sep_labels=51 clique_frac=0.01
t=117340ms iter=296 REBUILD reject new_tc=64.0347 (was 60.1051)
t=117499ms iter=296 incumb=60.1051 ratchet=60.5863 best=60.1051 since_improve=23
t=117507ms iter=297 WAIST cost=57.0000 best_alt=52.0000 gap=5.0000 tried=5 sep_labels=52 clique_frac=0.01
t=117686ms iter=297 REBUILD reject new_tc=60.5739 (was 60.1051)
t=117838ms iter=297 incumb=60.1051 ratchet=60.4540 best=60.1051 since_improve=24
t=117848ms iter=298 WAIST cost=57.0000 best_alt=51.0000 gap=6.0000 tried=5 sep_labels=51 clique_frac=0.01
t=118003ms iter=298 REBUILD reject new_tc=61.4246 (was 60.1051)
t=118162ms iter=298 incumb=60.1051 ratchet=60.2023 best=60.1051 since_improve=25
t=118170ms iter=299 WAIST cost=57.0000 best_alt=49.0000 gap=8.0000 tried=5 sep_labels=49 clique_frac=0.01
t=118324ms iter=299 REBUILD reject new_tc=66.0342 (was 60.1051)
t=118476ms iter=299 incumb=60.1051 ratchet=61.5789 best=60.1051 since_improve=26
t=118485ms iter=300 WAIST cost=57.0000 best_alt=52.0000 gap=5.0000 tried=5 sep_labels=52 clique_frac=0.01
t=118659ms iter=300 REBUILD reject new_tc=60.5273 (was 60.1051)
t=118816ms iter=300 incumb=60.1051 ratchet=60.3437 best=60.1051 since_improve=27
t=118823ms iter=301 WAIST cost=57.0000 best_alt=52.0000 gap=5.0000 tried=5 sep_labels=52 clique_frac=0.01
t=118997ms iter=301 REBUILD reject new_tc=64.1790 (was 60.1051)
t=119150ms iter=301 incumb=60.1051 ratchet=60.4278 best=60.1051 since_improve=28
t=119158ms iter=302 WAIST cost=57.0000 best_alt=50.0000 gap=7.0000 tried=5 sep_labels=50 clique_frac=0.01
t=119299ms iter=302 REBUILD reject new_tc=77.0000 (was 60.1051)
t=119454ms iter=302 incumb=60.1051 ratchet=60.5567 best=60.1051 since_improve=29
t=119463ms iter=303 WAIST cost=57.0000 best_alt=52.0000 gap=5.0000 tried=5 sep_labels=52 clique_frac=0.01
t=119635ms iter=303 REBUILD reject new_tc=60.8194 (was 60.1051)
t=119791ms iter=303 incumb=60.1051 ratchet=60.1817 best=60.1051 since_improve=30
t=119802ms iter=304 WAIST cost=57.0000 best_alt=51.0000 gap=6.0000 tried=5 sep_labels=51 clique_frac=0.01
t=119945ms iter=304 REBUILD reject new_tc=73.0004 (was 60.1051)
t=120098ms iter=304 incumb=60.1051 ratchet=60.1792 best=60.1051 since_improve=31
t=120106ms iter=305 WAIST cost=57.0000 best_alt=52.0000 gap=5.0000 tried=5 sep_labels=52 clique_frac=0.01
t=120279ms iter=305 REBUILD reject new_tc=60.8343 (was 60.1051)
t=120431ms iter=305 incumb=60.1051 ratchet=60.2231 best=60.1051 since_improve=32
t=120439ms iter=306 WAIST cost=57.0000 best_alt=52.0000 gap=5.0000 tried=5 sep_labels=52 clique_frac=0.01
t=120615ms iter=306 REBUILD reject new_tc=60.6911 (was 60.1051)
t=120771ms iter=306 incumb=60.1051 ratchet=60.1463 best=60.1051 since_improve=33
t=120778ms iter=307 WAIST cost=57.0000 best_alt=52.0000 gap=5.0000 tried=5 sep_labels=52 clique_frac=0.01
t=120949ms iter=307 REBUILD reject new_tc=60.7131 (was 60.1051)
t=121101ms iter=307 incumb=60.1051 ratchet=60.5466 best=60.1051 since_improve=34
t=121111ms iter=308 WAIST cost=57.0000 best_alt=49.0000 gap=8.0000 tried=5 sep_labels=49 clique_frac=0.01
t=121254ms iter=308 REBUILD reject new_tc=64.7079 (was 60.1051)
t=121414ms iter=308 incumb=60.1051 ratchet=60.4081 best=60.1051 since_improve=35
t=121422ms iter=309 WAIST cost=57.0000 best_alt=52.0000 gap=5.0000 tried=5 sep_labels=52 clique_frac=0.01
t=121601ms iter=309 REBUILD reject new_tc=63.7356 (was 60.1051)
t=121760ms iter=309 incumb=60.1051 ratchet=60.6136 best=60.1051 since_improve=36
t=121768ms iter=310 WAIST cost=57.0000 best_alt=52.0000 gap=5.0000 tried=5 sep_labels=52 clique_frac=0.01
t=121939ms iter=310 REBUILD reject new_tc=60.6699 (was 60.1051)
t=122100ms iter=310 incumb=60.1051 ratchet=60.2788 best=60.1051 since_improve=37
t=122109ms iter=311 WAIST cost=57.0000 best_alt=51.0000 gap=6.0000 tried=5 sep_labels=51 clique_frac=0.01
t=122278ms iter=311 REBUILD reject new_tc=60.2648 (was 60.1051)
t=122434ms iter=311 incumb=60.1051 ratchet=60.1604 best=60.1051 since_improve=38
t=122441ms iter=312 WAIST cost=57.0000 best_alt=52.0000 gap=5.0000 tried=5 sep_labels=52 clique_frac=0.01
t=122620ms iter=312 REBUILD reject new_tc=61.1177 (was 60.1051)
t=122778ms iter=312 incumb=60.1051 ratchet=60.3586 best=60.1051 since_improve=39
t=122786ms iter=313 WAIST cost=57.0000 best_alt=52.0000 gap=5.0000 tried=5 sep_labels=52 clique_frac=0.01
t=122959ms iter=313 REBUILD reject new_tc=61.0705 (was 60.1051)
t=123116ms iter=313 incumb=60.1051 ratchet=60.2649 best=60.1051 since_improve=40
t=123123ms iter=314 WAIST cost=57.0000 best_alt=52.0000 gap=5.0000 tried=5 sep_labels=52 clique_frac=0.01
t=123300ms iter=314 REBUILD reject new_tc=60.9019 (was 60.1051)
t=123457ms iter=314 incumb=60.1051 ratchet=60.2971 best=60.1051 since_improve=41
t=123466ms iter=315 WAIST cost=57.0000 best_alt=52.0000 gap=5.0000 tried=5 sep_labels=52 clique_frac=0.01
t=123641ms iter=315 REBUILD reject new_tc=60.5464 (was 60.1051)
t=123793ms iter=315 incumb=60.1051 ratchet=60.3507 best=60.1051 since_improve=42
t=123802ms iter=316 WAIST cost=57.0000 best_alt=52.0000 gap=5.0000 tried=5 sep_labels=52 clique_frac=0.01
t=123975ms iter=316 REBUILD reject new_tc=61.3212 (was 60.1051)
t=124132ms iter=316 incumb=60.1051 ratchet=60.1928 best=60.1051 since_improve=43
t=124142ms iter=317 WAIST cost=57.0000 best_alt=51.0000 gap=6.0000 tried=5 sep_labels=51 clique_frac=0.01
t=124318ms iter=317 REBUILD reject new_tc=61.0780 (was 60.1051)
t=124478ms iter=317 incumb=60.1051 ratchet=60.4345 best=60.1051 since_improve=44
t=124486ms iter=318 WAIST cost=57.0000 best_alt=51.0000 gap=6.0000 tried=5 sep_labels=51 clique_frac=0.01
t=124632ms iter=318 REBUILD reject new_tc=61.8354 (was 60.1051)
t=124787ms iter=318 incumb=60.1051 ratchet=60.2400 best=60.1051 since_improve=45
t=124795ms iter=319 WAIST cost=57.0000 best_alt=50.0000 gap=7.0000 tried=5 sep_labels=50 clique_frac=0.01
t=124936ms iter=319 REBUILD reject new_tc=74.0018 (was 60.1051)
t=125094ms iter=319 incumb=60.1051 ratchet=60.2177 best=60.1051 since_improve=46
t=125102ms iter=320 WAIST cost=57.0000 best_alt=49.0000 gap=8.0000 tried=5 sep_labels=49 clique_frac=0.01
t=125253ms iter=320 REBUILD reject new_tc=61.9230 (was 60.1051)
t=125403ms iter=320 incumb=60.1051 ratchet=60.2539 best=60.1051 since_improve=47
t=125411ms iter=321 WAIST cost=57.0000 best_alt=51.0000 gap=6.0000 tried=5 sep_labels=51 clique_frac=0.01
t=125582ms iter=321 REBUILD reject new_tc=64.7689 (was 60.1051)
t=125739ms iter=321 incumb=60.1051 ratchet=60.2019 best=60.1051 since_improve=48
t=125746ms iter=322 WAIST cost=57.0000 best_alt=52.0000 gap=5.0000 tried=5 sep_labels=52 clique_frac=0.01
t=125917ms iter=322 REBUILD reject new_tc=60.8820 (was 60.1051)
t=126078ms iter=322 incumb=60.1051 ratchet=60.3561 best=60.1051 since_improve=49
t=126086ms iter=323 WAIST cost=57.0000 best_alt=52.0000 gap=5.0000 tried=5 sep_labels=52 clique_frac=0.01
t=126257ms iter=323 REBUILD reject new_tc=60.8275 (was 60.1051)
t=126415ms iter=323 incumb=60.1051 ratchet=60.1824 best=60.1051 since_improve=50
t=126424ms iter=324 WAIST cost=57.0000 best_alt=49.0000 gap=8.0000 tried=5 sep_labels=49 clique_frac=0.01
t=126584ms iter=324 REBUILD reject new_tc=61.3074 (was 60.1051)
t=126742ms iter=324 incumb=60.1051 ratchet=60.2244 best=60.1051 since_improve=51
t=126752ms iter=325 WAIST cost=57.0000 best_alt=52.0000 gap=5.0000 tried=5 sep_labels=52 clique_frac=0.01
t=126920ms iter=325 REBUILD reject new_tc=62.2604 (was 60.1051)
t=127077ms iter=325 incumb=60.1051 ratchet=60.5631 best=60.1051 since_improve=52
t=127084ms iter=326 WAIST cost=57.0000 best_alt=52.0000 gap=5.0000 tried=5 sep_labels=52 clique_frac=0.01
t=127258ms iter=326 REBUILD reject new_tc=61.2754 (was 60.1051)
t=127413ms iter=326 incumb=60.1051 ratchet=60.2107 best=60.1051 since_improve=53
t=127422ms iter=327 WAIST cost=57.0000 best_alt=52.0000 gap=5.0000 tried=5 sep_labels=52 clique_frac=0.01
t=127596ms iter=327 REBUILD reject new_tc=60.8539 (was 60.1051)
t=127747ms iter=327 incumb=60.1051 ratchet=60.2605 best=60.1051 since_improve=54
t=127755ms iter=328 WAIST cost=57.0000 best_alt=49.0000 gap=8.0000 tried=5 sep_labels=49 clique_frac=0.01
t=127910ms iter=328 REBUILD reject new_tc=61.3752 (was 60.1051)
t=128067ms iter=328 incumb=60.1051 ratchet=60.1911 best=60.1051 since_improve=55
t=128076ms iter=329 WAIST cost=57.0000 best_alt=52.0000 gap=5.0000 tried=5 sep_labels=52 clique_frac=0.01
t=128246ms iter=329 REBUILD reject new_tc=62.3318 (was 60.1051)
t=128405ms iter=329 incumb=60.1051 ratchet=60.3008 best=60.1051 since_improve=56
t=128415ms iter=330 WAIST cost=57.0000 best_alt=51.0000 gap=6.0000 tried=5 sep_labels=51 clique_frac=0.01
t=128589ms iter=330 REBUILD reject new_tc=65.0071 (was 60.1051)
t=128741ms iter=330 incumb=60.1051 ratchet=60.1938 best=60.1051 since_improve=57
t=128751ms iter=331 WAIST cost=57.0000 best_alt=52.0000 gap=5.0000 tried=5 sep_labels=52 clique_frac=0.01
t=128924ms iter=331 REBUILD reject new_tc=60.3980 (was 60.1051)
t=129081ms iter=331 incumb=60.1051 ratchet=60.4989 best=60.1051 since_improve=58
t=129089ms iter=332 WAIST cost=57.0000 best_alt=51.0000 gap=6.0000 tried=5 sep_labels=51 clique_frac=0.01
t=129242ms iter=332 REBUILD reject new_tc=61.4071 (was 60.1051)
t=129399ms iter=332 incumb=60.1051 ratchet=60.2078 best=60.1051 since_improve=59
t=129408ms iter=333 WAIST cost=57.0000 best_alt=49.0000 gap=8.0000 tried=5 sep_labels=49 clique_frac=0.01
t=129556ms iter=333 REBUILD reject new_tc=61.8619 (was 60.1051)
t=129716ms iter=333 incumb=60.1051 ratchet=60.8280 best=60.1051 since_improve=60
t=129726ms iter=334 WAIST cost=57.0000 best_alt=52.0000 gap=5.0000 tried=5 sep_labels=52 clique_frac=0.01
t=129889ms iter=334 REBUILD reject new_tc=72.0007 (was 60.1051)
t=130051ms iter=334 incumb=60.1051 ratchet=60.1865 best=60.1051 since_improve=61
t=130059ms iter=335 WAIST cost=57.0000 best_alt=51.0000 gap=6.0000 tried=5 sep_labels=51 clique_frac=0.01
t=130229ms iter=335 REBUILD reject new_tc=61.3895 (was 60.1051)
t=130388ms iter=335 incumb=60.1051 ratchet=60.5271 best=60.1051 since_improve=62
t=130396ms iter=336 WAIST cost=57.0000 best_alt=52.0000 gap=5.0000 tried=5 sep_labels=52 clique_frac=0.01
t=130569ms iter=336 REBUILD reject new_tc=60.8337 (was 60.1051)
t=130726ms iter=336 incumb=60.1051 ratchet=60.1737 best=60.1051 since_improve=63
t=130735ms iter=337 WAIST cost=57.0000 best_alt=52.0000 gap=5.0000 tried=5 sep_labels=52 clique_frac=0.01
t=130915ms iter=337 REBUILD reject new_tc=60.8229 (was 60.1051)
t=131071ms iter=337 incumb=60.1051 ratchet=60.2247 best=60.1051 since_improve=64
t=131080ms iter=338 WAIST cost=57.0000 best_alt=51.0000 gap=6.0000 tried=5 sep_labels=51 clique_frac=0.01
t=131237ms iter=338 REBUILD reject new_tc=62.2746 (was 60.1051)
t=131394ms iter=338 incumb=60.1051 ratchet=60.2190 best=60.1051 since_improve=65
t=131404ms iter=339 WAIST cost=57.0000 best_alt=51.0000 gap=6.0000 tried=5 sep_labels=51 clique_frac=0.01
t=131575ms iter=339 REBUILD reject new_tc=61.6054 (was 60.1051)
t=131731ms iter=339 incumb=60.1051 ratchet=60.2700 best=60.1051 since_improve=66
t=131741ms iter=340 WAIST cost=57.0000 best_alt=51.0000 gap=6.0000 tried=5 sep_labels=51 clique_frac=0.01
t=131915ms iter=340 REBUILD reject new_tc=62.6474 (was 60.1051)
t=132070ms iter=340 incumb=60.1051 ratchet=60.2245 best=60.1051 since_improve=67
t=132077ms iter=341 WAIST cost=57.0000 best_alt=52.0000 gap=5.0000 tried=5 sep_labels=52 clique_frac=0.01
t=132248ms iter=341 REBUILD reject new_tc=60.9712 (was 60.1051)
t=132406ms iter=341 incumb=60.1051 ratchet=60.3891 best=60.1051 since_improve=68
t=132416ms iter=342 WAIST cost=57.0000 best_alt=52.0000 gap=5.0000 tried=5 sep_labels=52 clique_frac=0.01
t=132583ms iter=342 REBUILD reject new_tc=60.4520 (was 60.1051)
t=132744ms iter=342 incumb=60.1051 ratchet=60.3966 best=60.1051 since_improve=69
t=132752ms iter=343 WAIST cost=57.0000 best_alt=51.0000 gap=6.0000 tried=5 sep_labels=51 clique_frac=0.01
t=132918ms iter=343 REBUILD reject new_tc=61.6842 (was 60.1051)
t=133079ms iter=343 incumb=60.1051 ratchet=60.3165 best=60.1051 since_improve=70
t=133088ms iter=344 WAIST cost=57.0000 best_alt=49.0000 gap=8.0000 tried=5 sep_labels=49 clique_frac=0.01
t=133237ms iter=344 REBUILD reject new_tc=61.4334 (was 60.1051)
t=133393ms iter=344 incumb=60.1051 ratchet=60.2280 best=60.1051 since_improve=71
t=133403ms iter=345 WAIST cost=57.0000 best_alt=52.0000 gap=5.0000 tried=5 sep_labels=52 clique_frac=0.01
t=133576ms iter=345 REBUILD reject new_tc=60.5429 (was 60.1051)
t=133730ms iter=345 incumb=60.1051 ratchet=60.1769 best=60.1051 since_improve=72
t=133738ms iter=346 WAIST cost=57.0000 best_alt=52.0000 gap=5.0000 tried=5 sep_labels=52 clique_frac=0.01
t=133906ms iter=346 REBUILD reject new_tc=60.9267 (was 60.1051)
t=134067ms iter=346 incumb=60.1051 ratchet=60.2586 best=60.1051 since_improve=73
t=134074ms iter=347 WAIST cost=57.0000 best_alt=52.0000 gap=5.0000 tried=5 sep_labels=52 clique_frac=0.01
t=134240ms iter=347 REBUILD reject new_tc=65.1675 (was 60.1051)
t=134395ms iter=347 incumb=60.1051 ratchet=60.1249 best=60.1051 since_improve=74
t=134403ms iter=348 WAIST cost=57.0000 best_alt=50.0000 gap=7.0000 tried=5 sep_labels=50 clique_frac=0.01
t=134552ms iter=348 REBUILD reject new_tc=61.2144 (was 60.1051)
t=134710ms iter=348 incumb=60.1051 ratchet=60.3095 best=60.1051 since_improve=75
t=134720ms iter=349 WAIST cost=57.0000 best_alt=51.0000 gap=6.0000 tried=5 sep_labels=51 clique_frac=0.01
t=134861ms iter=349 REBUILD reject new_tc=76.0001 (was 60.1051)
t=135017ms iter=349 incumb=60.1051 ratchet=60.2952 best=60.1051 since_improve=76
t=135027ms iter=350 WAIST cost=57.0000 best_alt=51.0000 gap=6.0000 tried=5 sep_labels=51 clique_frac=0.01
t=135180ms iter=350 REBUILD reject new_tc=61.5456 (was 60.1051)
t=135336ms iter=350 incumb=60.1051 ratchet=60.2532 best=60.1051 since_improve=77
t=135345ms iter=351 WAIST cost=57.0000 best_alt=52.0000 gap=5.0000 tried=5 sep_labels=52 clique_frac=0.01
t=135508ms iter=351 REBUILD reject new_tc=76.0001 (was 60.1051)
t=135667ms iter=351 incumb=60.1051 ratchet=60.1420 best=60.1051 since_improve=78
t=135676ms iter=352 WAIST cost=57.0000 best_alt=52.0000 gap=5.0000 tried=5 sep_labels=52 clique_frac=0.01
t=135846ms iter=352 REBUILD reject new_tc=60.9828 (was 60.1051)
t=136002ms iter=352 incumb=60.1051 ratchet=60.5436 best=60.1051 since_improve=79
t=136010ms iter=353 WAIST cost=57.0000 best_alt=52.0000 gap=5.0000 tried=5 sep_labels=52 clique_frac=0.01
t=136181ms iter=353 REBUILD reject new_tc=61.0598 (was 60.1051)
t=136340ms iter=353 incumb=60.1051 ratchet=60.1506 best=60.1051 since_improve=80
t=136347ms iter=354 WAIST cost=57.0000 best_alt=52.0000 gap=5.0000 tried=5 sep_labels=52 clique_frac=0.01
t=136520ms iter=354 REBUILD reject new_tc=61.0262 (was 60.1051)
t=136675ms iter=354 incumb=60.1051 ratchet=60.1889 best=60.1051 since_improve=81
t=136682ms iter=355 WAIST cost=57.0000 best_alt=52.0000 gap=5.0000 tried=5 sep_labels=52 clique_frac=0.01
t=136854ms iter=355 REBUILD reject new_tc=60.8356 (was 60.1051)
t=137014ms iter=355 incumb=60.1051 ratchet=60.8636 best=60.1051 since_improve=82
t=137022ms iter=356 WAIST cost=57.0000 best_alt=52.0000 gap=5.0000 tried=5 sep_labels=52 clique_frac=0.01
t=137187ms iter=356 REBUILD reject new_tc=63.0397 (was 60.1051)
t=137337ms iter=356 incumb=60.1051 ratchet=60.1855 best=60.1051 since_improve=83
t=137347ms iter=357 WAIST cost=57.0000 best_alt=52.0000 gap=5.0000 tried=5 sep_labels=52 clique_frac=0.01
t=137522ms iter=357 REBUILD reject new_tc=63.3927 (was 60.1051)
t=137676ms iter=357 incumb=60.1051 ratchet=60.3221 best=60.1051 since_improve=84
t=137686ms iter=358 WAIST cost=57.0000 best_alt=52.0000 gap=5.0000 tried=5 sep_labels=52 clique_frac=0.01
t=137864ms iter=358 REBUILD reject new_tc=60.5450 (was 60.1051)
t=138025ms iter=358 incumb=60.1051 ratchet=60.3826 best=60.1051 since_improve=85
t=138033ms iter=359 WAIST cost=57.0000 best_alt=51.0000 gap=6.0000 tried=5 sep_labels=51 clique_frac=0.01
t=138184ms iter=359 REBUILD reject new_tc=61.4148 (was 60.1051)
t=138336ms iter=359 incumb=60.1051 ratchet=60.1416 best=60.1051 since_improve=86
t=138345ms iter=360 WAIST cost=57.0000 best_alt=52.0000 gap=5.0000 tried=5 sep_labels=52 clique_frac=0.01
t=138520ms iter=360 REBUILD reject new_tc=61.0308 (was 60.1051)
t=138678ms iter=360 incumb=60.1051 ratchet=60.4288 best=60.1051 since_improve=87
t=138686ms iter=361 WAIST cost=57.0000 best_alt=49.0000 gap=8.0000 tried=5 sep_labels=49 clique_frac=0.01
t=138838ms iter=361 REBUILD reject new_tc=66.8056 (was 60.1051)
t=138993ms iter=361 incumb=60.1051 ratchet=60.2225 best=60.1051 since_improve=88
t=139003ms iter=362 WAIST cost=57.0000 best_alt=51.0000 gap=6.0000 tried=5 sep_labels=51 clique_frac=0.01
t=139167ms iter=362 REBUILD reject new_tc=64.1091 (was 60.1051)
t=139322ms iter=362 incumb=60.1051 ratchet=60.2565 best=60.1051 since_improve=89
t=139332ms iter=363 WAIST cost=57.0000 best_alt=49.0000 gap=8.0000 tried=5 sep_labels=49 clique_frac=0.01
t=139483ms iter=363 REBUILD reject new_tc=61.3312 (was 60.1051)
t=139638ms iter=363 incumb=60.1051 ratchet=60.2468 best=60.1051 since_improve=90
t=139646ms iter=364 WAIST cost=57.0000 best_alt=52.0000 gap=5.0000 tried=5 sep_labels=52 clique_frac=0.01
t=139818ms iter=364 REBUILD reject new_tc=60.7048 (was 60.1051)
t=139974ms iter=364 incumb=60.1051 ratchet=60.7711 best=60.1051 since_improve=91
t=139983ms iter=365 WAIST cost=57.0000 best_alt=50.0000 gap=7.0000 tried=5 sep_labels=50 clique_frac=0.01
t=140132ms iter=365 REBUILD reject new_tc=62.2292 (was 60.1051)
t=140289ms iter=365 incumb=60.1051 ratchet=60.1984 best=60.1051 since_improve=92
t=140296ms iter=366 WAIST cost=57.0000 best_alt=52.0000 gap=5.0000 tried=5 sep_labels=52 clique_frac=0.01
t=140469ms iter=366 REBUILD reject new_tc=60.9516 (was 60.1051)
t=140622ms iter=366 incumb=60.1051 ratchet=60.3415 best=60.1051 since_improve=93
t=140631ms iter=367 WAIST cost=57.0000 best_alt=49.0000 gap=8.0000 tried=5 sep_labels=49 clique_frac=0.01
t=140776ms iter=367 REBUILD reject new_tc=68.4800 (was 60.1051)
t=140935ms iter=367 incumb=60.1051 ratchet=60.2345 best=60.1051 since_improve=94
t=140945ms iter=368 WAIST cost=57.0000 best_alt=51.0000 gap=6.0000 tried=5 sep_labels=51 clique_frac=0.01
t=141088ms iter=368 REBUILD reject new_tc=78.0004 (was 60.1051)
t=141237ms iter=368 incumb=60.1051 ratchet=60.1279 best=60.1051 since_improve=95
t=141244ms iter=369 WAIST cost=57.0000 best_alt=52.0000 gap=5.0000 tried=5 sep_labels=52 clique_frac=0.01
t=141415ms iter=369 REBUILD reject new_tc=61.0448 (was 60.1051)
t=141576ms iter=369 incumb=60.1051 ratchet=60.4476 best=60.1051 since_improve=96
t=141585ms iter=370 WAIST cost=57.0000 best_alt=50.0000 gap=7.0000 tried=5 sep_labels=50 clique_frac=0.01
t=141732ms iter=370 REBUILD reject new_tc=67.2130 (was 60.1051)
t=141887ms iter=370 incumb=60.1051 ratchet=60.1985 best=60.1051 since_improve=97
t=141896ms iter=371 WAIST cost=57.0000 best_alt=52.0000 gap=5.0000 tried=5 sep_labels=52 clique_frac=0.01
t=142061ms iter=371 REBUILD reject new_tc=71.0094 (was 60.1051)
t=142216ms iter=371 incumb=60.1051 ratchet=60.2077 best=60.1051 since_improve=98
t=142224ms iter=372 WAIST cost=57.0000 best_alt=52.0000 gap=5.0000 tried=5 sep_labels=52 clique_frac=0.01
t=142393ms iter=372 REBUILD reject new_tc=60.7105 (was 60.1051)
t=142556ms iter=372 incumb=60.1051 ratchet=60.3820 best=60.1051 since_improve=99
t=142565ms iter=373 WAIST cost=57.0000 best_alt=52.0000 gap=5.0000 tried=5 sep_labels=52 clique_frac=0.01
t=142736ms iter=373 REBUILD reject new_tc=60.6593 (was 60.1051)
t=142897ms iter=373 incumb=60.1051 ratchet=60.1789 best=60.1051 since_improve=100
t=142904ms iter=374 WAIST cost=57.0000 best_alt=52.0000 gap=5.0000 tried=5 sep_labels=52 clique_frac=0.01
t=143081ms iter=374 REBUILD reject new_tc=60.8836 (was 60.1051)
t=143238ms iter=374 incumb=60.1051 ratchet=60.4159 best=60.1051 since_improve=101
t=143244ms iter=375 WAIST cost=57.0000 best_alt=52.0000 gap=5.0000 tried=5 sep_labels=52 clique_frac=0.01
t=143416ms iter=375 REBUILD reject new_tc=60.7759 (was 60.1051)
t=143572ms iter=375 incumb=60.1051 ratchet=60.6266 best=60.1051 since_improve=102
t=143582ms iter=376 WAIST cost=57.0000 best_alt=51.0000 gap=6.0000 tried=5 sep_labels=51 clique_frac=0.01
t=143738ms iter=376 REBUILD reject new_tc=61.5261 (was 60.1051)
t=143890ms iter=376 incumb=60.1051 ratchet=60.3036 best=60.1051 since_improve=103
t=143900ms iter=377 WAIST cost=57.0000 best_alt=51.0000 gap=6.0000 tried=5 sep_labels=51 clique_frac=0.01
t=144053ms iter=377 REBUILD reject new_tc=61.7383 (was 60.1051)
t=144213ms iter=377 incumb=60.1051 ratchet=60.2120 best=60.1051 since_improve=104
t=144221ms iter=378 WAIST cost=57.0000 best_alt=51.0000 gap=6.0000 tried=5 sep_labels=51 clique_frac=0.01
t=144376ms iter=378 REBUILD reject new_tc=61.6937 (was 60.1051)
t=144529ms iter=378 incumb=60.1051 ratchet=60.1783 best=60.1051 since_improve=105
t=144536ms iter=379 WAIST cost=57.0000 best_alt=52.0000 gap=5.0000 tried=5 sep_labels=52 clique_frac=0.01
t=144708ms iter=379 REBUILD reject new_tc=60.8379 (was 60.1051)
t=144865ms iter=379 incumb=60.1051 ratchet=60.1208 best=60.1051 since_improve=106
t=144873ms iter=380 WAIST cost=57.0000 best_alt=52.0000 gap=5.0000 tried=5 sep_labels=52 clique_frac=0.01
t=145042ms iter=380 REBUILD reject new_tc=66.0388 (was 60.1051)
t=145200ms iter=380 incumb=60.1051 ratchet=60.2245 best=60.1051 since_improve=107
t=145209ms iter=381 WAIST cost=57.0000 best_alt=51.0000 gap=6.0000 tried=5 sep_labels=51 clique_frac=0.01
t=145361ms iter=381 REBUILD reject new_tc=61.7540 (was 60.1051)
t=145547ms iter=381 incumb=60.1051 ratchet=60.3554 best=60.1051 since_improve=108
t=145556ms iter=382 WAIST cost=57.0000 best_alt=52.0000 gap=5.0000 tried=5 sep_labels=52 clique_frac=0.01
t=145731ms iter=382 REBUILD reject new_tc=60.6576 (was 60.1051)
t=145884ms iter=382 incumb=60.1051 ratchet=60.1781 best=60.1051 since_improve=109
t=145892ms iter=383 WAIST cost=57.0000 best_alt=51.0000 gap=6.0000 tried=5 sep_labels=51 clique_frac=0.01
t=146102ms iter=383 REBUILD reject new_tc=63.1868 (was 60.1051)
t=146267ms iter=383 incumb=60.1051 ratchet=60.4044 best=60.1051 since_improve=110
t=146275ms iter=384 WAIST cost=57.0000 best_alt=52.0000 gap=5.0000 tried=5 sep_labels=52 clique_frac=0.01
t=146444ms iter=384 REBUILD reject new_tc=65.1192 (was 60.1051)
t=146599ms iter=384 incumb=60.1051 ratchet=60.1665 best=60.1051 since_improve=111
t=146608ms iter=385 WAIST cost=57.0000 best_alt=52.0000 gap=5.0000 tried=5 sep_labels=52 clique_frac=0.01
t=146782ms iter=385 REBUILD reject new_tc=62.0357 (was 60.1051)
t=146942ms iter=385 incumb=60.1051 ratchet=60.2298 best=60.1051 since_improve=112
t=146951ms iter=386 WAIST cost=57.0000 best_alt=52.0000 gap=5.0000 tried=5 sep_labels=52 clique_frac=0.01
t=147128ms iter=386 REBUILD reject new_tc=60.5974 (was 60.1051)
t=147281ms iter=386 incumb=60.1051 ratchet=60.1386 best=60.1051 since_improve=113
t=147289ms iter=387 WAIST cost=57.0000 best_alt=52.0000 gap=5.0000 tried=5 sep_labels=52 clique_frac=0.01
t=147458ms iter=387 REBUILD reject new_tc=78.5593 (was 60.1051)
t=147611ms iter=387 incumb=60.1051 ratchet=60.1248 best=60.1051 since_improve=114
t=147619ms iter=388 WAIST cost=57.0000 best_alt=52.0000 gap=5.0000 tried=5 sep_labels=52 clique_frac=0.01
t=147788ms iter=388 REBUILD reject new_tc=60.5039 (was 60.1051)
t=147943ms iter=388 incumb=60.1051 ratchet=60.3171 best=60.1051 since_improve=115
t=147952ms iter=389 WAIST cost=57.0000 best_alt=52.0000 gap=5.0000 tried=5 sep_labels=52 clique_frac=0.01
t=148126ms iter=389 REBUILD reject new_tc=61.4539 (was 60.1051)
t=148281ms iter=389 incumb=60.1051 ratchet=60.1903 best=60.1051 since_improve=116
t=148290ms iter=390 WAIST cost=57.0000 best_alt=49.0000 gap=8.0000 tried=5 sep_labels=49 clique_frac=0.01
t=148441ms iter=390 REBUILD reject new_tc=61.6141 (was 60.1051)
t=148601ms iter=390 incumb=60.1051 ratchet=60.1568 best=60.1051 since_improve=117
t=148607ms iter=391 WAIST cost=57.0000 best_alt=52.0000 gap=5.0000 tried=5 sep_labels=52 clique_frac=0.01
t=148778ms iter=391 REBUILD reject new_tc=60.5171 (was 60.1051)
t=148934ms iter=391 incumb=60.1051 ratchet=60.1972 best=60.1051 since_improve=118
t=148943ms iter=392 WAIST cost=57.0000 best_alt=52.0000 gap=5.0000 tried=5 sep_labels=52 clique_frac=0.01
t=149109ms iter=392 REBUILD reject new_tc=76.0007 (was 60.1051)
t=149266ms iter=392 incumb=60.1051 ratchet=60.2038 best=60.1051 since_improve=119
t=149274ms iter=393 WAIST cost=57.0000 best_alt=52.0000 gap=5.0000 tried=5 sep_labels=52 clique_frac=0.01
t=149454ms iter=393 REBUILD reject new_tc=60.7514 (was 60.1051)
t=149611ms iter=393 incumb=60.1051 ratchet=60.3032 best=60.1051 since_improve=120
t=149621ms iter=394 WAIST cost=57.0000 best_alt=52.0000 gap=5.0000 tried=5 sep_labels=52 clique_frac=0.01
t=149793ms iter=394 REBUILD reject new_tc=62.5551 (was 60.1051)
t=149952ms iter=394 incumb=60.1051 ratchet=60.2064 best=60.1051 since_improve=121
t=149960ms iter=395 WAIST cost=57.0000 best_alt=52.0000 gap=5.0000 tried=5 sep_labels=52 clique_frac=0.01
t=150133ms iter=395 REBUILD reject new_tc=60.5751 (was 60.1051)
t=150293ms iter=395 incumb=60.1051 ratchet=60.5270 best=60.1051 since_improve=122
t=150300ms iter=396 WAIST cost=57.0000 best_alt=51.0000 gap=6.0000 tried=5 sep_labels=51 clique_frac=0.01
t=150466ms iter=396 REBUILD reject new_tc=61.6992 (was 60.1051)
t=150624ms iter=396 incumb=60.1051 ratchet=60.3410 best=60.1051 since_improve=123
t=150633ms iter=397 WAIST cost=57.0000 best_alt=52.0000 gap=5.0000 tried=5 sep_labels=52 clique_frac=0.01
t=150805ms iter=397 REBUILD reject new_tc=60.9167 (was 60.1051)
t=150964ms iter=397 incumb=60.1051 ratchet=60.3541 best=60.1051 since_improve=124
t=150972ms iter=398 WAIST cost=57.0000 best_alt=52.0000 gap=5.0000 tried=5 sep_labels=52 clique_frac=0.01
t=151147ms iter=398 REBUILD reject new_tc=60.8437 (was 60.1051)
t=151301ms iter=398 incumb=60.1051 ratchet=60.3410 best=60.1051 since_improve=125
t=151308ms iter=399 WAIST cost=57.0000 best_alt=49.0000 gap=8.0000 tried=5 sep_labels=49 clique_frac=0.01
t=151461ms iter=399 REBUILD reject new_tc=61.1254 (was 60.1051)
t=151618ms iter=399 incumb=60.1051 ratchet=60.4940 best=60.1051 since_improve=126
t=151628ms iter=400 WAIST cost=57.0000 best_alt=52.0000 gap=5.0000 tried=5 sep_labels=52 clique_frac=0.01
t=151801ms iter=400 REBUILD reject new_tc=60.6936 (was 60.1051)
t=151952ms iter=400 incumb=60.1051 ratchet=60.2619 best=60.1051 since_improve=127
t=151959ms iter=401 WAIST cost=57.0000 best_alt=52.0000 gap=5.0000 tried=5 sep_labels=52 clique_frac=0.01
t=152135ms iter=401 REBUILD reject new_tc=60.9677 (was 60.1051)
t=152288ms iter=401 incumb=60.1051 ratchet=60.2456 best=60.1051 since_improve=128
t=152297ms iter=402 WAIST cost=57.0000 best_alt=52.0000 gap=5.0000 tried=5 sep_labels=52 clique_frac=0.01
t=152469ms iter=402 REBUILD reject new_tc=61.2811 (was 60.1051)
t=152622ms iter=402 incumb=60.1051 ratchet=60.1725 best=60.1051 since_improve=129
t=152630ms iter=403 WAIST cost=57.0000 best_alt=51.0000 gap=6.0000 tried=5 sep_labels=51 clique_frac=0.01
t=152772ms iter=403 REBUILD reject new_tc=67.9363 (was 60.1051)
t=152921ms iter=403 incumb=60.1051 ratchet=60.1469 best=60.1051 since_improve=130
t=152928ms iter=404 WAIST cost=57.0000 best_alt=52.0000 gap=5.0000 tried=5 sep_labels=52 clique_frac=0.01
t=153101ms iter=404 REBUILD reject new_tc=60.9577 (was 60.1051)
t=153254ms iter=404 incumb=60.1051 ratchet=60.1826 best=60.1051 since_improve=131
t=153263ms iter=405 WAIST cost=57.0000 best_alt=52.0000 gap=5.0000 tried=5 sep_labels=52 clique_frac=0.01
t=153431ms iter=405 REBUILD reject new_tc=60.4947 (was 60.1051)
t=153589ms iter=405 incumb=60.1051 ratchet=60.1824 best=60.1051 since_improve=132
t=153599ms iter=406 WAIST cost=57.0000 best_alt=52.0000 gap=5.0000 tried=5 sep_labels=52 clique_frac=0.01
t=153756ms iter=406 REBUILD reject new_tc=71.0011 (was 60.1051)
t=153910ms iter=406 incumb=60.1051 ratchet=60.1957 best=60.1051 since_improve=133
t=153919ms iter=407 WAIST cost=57.0000 best_alt=52.0000 gap=5.0000 tried=5 sep_labels=52 clique_frac=0.01
t=154097ms iter=407 REBUILD reject new_tc=60.6994 (was 60.1051)
t=154250ms iter=407 incumb=60.1051 ratchet=60.8584 best=60.1051 since_improve=134
t=154259ms iter=408 WAIST cost=57.0000 best_alt=49.0000 gap=8.0000 tried=5 sep_labels=49 clique_frac=0.01
t=154405ms iter=408 REBUILD reject new_tc=75.0086 (was 60.1051)
t=154560ms iter=408 incumb=60.1051 ratchet=60.3125 best=60.1051 since_improve=135
t=154569ms iter=409 WAIST cost=57.0000 best_alt=51.0000 gap=6.0000 tried=5 sep_labels=51 clique_frac=0.01
t=154725ms iter=409 REBUILD reject new_tc=61.3850 (was 60.1051)
t=154881ms iter=409 incumb=60.1051 ratchet=60.4633 best=60.1051 since_improve=136
t=154890ms iter=410 WAIST cost=57.0000 best_alt=51.0000 gap=6.0000 tried=5 sep_labels=51 clique_frac=0.01
t=155046ms iter=410 REBUILD reject new_tc=62.0885 (was 60.1051)
t=155206ms iter=410 incumb=60.1051 ratchet=60.1632 best=60.1051 since_improve=137
t=155214ms iter=411 WAIST cost=57.0000 best_alt=50.0000 gap=7.0000 tried=5 sep_labels=50 clique_frac=0.01
t=155368ms iter=411 REBUILD reject new_tc=61.2325 (was 60.1051)
t=155530ms iter=411 incumb=60.1051 ratchet=60.5996 best=60.1051 since_improve=138
t=155538ms iter=412 WAIST cost=57.0000 best_alt=52.0000 gap=5.0000 tried=5 sep_labels=52 clique_frac=0.01
t=155709ms iter=412 REBUILD reject new_tc=60.9909 (was 60.1051)
t=155861ms iter=412 incumb=60.1051 ratchet=60.2729 best=60.1051 since_improve=139
t=155870ms iter=413 WAIST cost=57.0000 best_alt=52.0000 gap=5.0000 tried=5 sep_labels=52 clique_frac=0.01
t=156043ms iter=413 REBUILD reject new_tc=60.8149 (was 60.1051)
t=156200ms iter=413 incumb=60.1051 ratchet=60.3496 best=60.1051 since_improve=140
t=156208ms iter=414 WAIST cost=57.0000 best_alt=51.0000 gap=6.0000 tried=5 sep_labels=51 clique_frac=0.01
t=156356ms iter=414 REBUILD reject new_tc=61.7527 (was 60.1051)
t=156510ms iter=414 incumb=60.1051 ratchet=60.3359 best=60.1051 since_improve=141
t=156518ms iter=415 WAIST cost=57.0000 best_alt=52.0000 gap=5.0000 tried=5 sep_labels=52 clique_frac=0.01
t=156692ms iter=415 REBUILD reject new_tc=61.1593 (was 60.1051)
t=156847ms iter=415 incumb=60.1051 ratchet=60.2037 best=60.1051 since_improve=142
t=156855ms iter=416 WAIST cost=57.0000 best_alt=52.0000 gap=5.0000 tried=5 sep_labels=52 clique_frac=0.01
t=157024ms iter=416 REBUILD reject new_tc=62.4649 (was 60.1051)
t=157181ms iter=416 incumb=60.1051 ratchet=60.1826 best=60.1051 since_improve=143
t=157188ms iter=417 WAIST cost=57.0000 best_alt=52.0000 gap=5.0000 tried=5 sep_labels=52 clique_frac=0.01
t=157361ms iter=417 REBUILD reject new_tc=60.5444 (was 60.1051)
t=157515ms iter=417 incumb=60.1051 ratchet=60.2177 best=60.1051 since_improve=144
t=157523ms iter=418 WAIST cost=57.0000 best_alt=51.0000 gap=6.0000 tried=5 sep_labels=51 clique_frac=0.01
t=157673ms iter=418 REBUILD reject new_tc=60.8346 (was 60.1051)
t=157828ms iter=418 incumb=60.1051 ratchet=60.3945 best=60.1051 since_improve=145
t=157837ms iter=419 WAIST cost=57.0000 best_alt=52.0000 gap=5.0000 tried=5 sep_labels=52 clique_frac=0.01
t=157991ms iter=419 REBUILD reject new_tc=72.0005 (was 60.1051)
t=158145ms iter=419 incumb=60.1051 ratchet=60.2234 best=60.1051 since_improve=146
t=158153ms iter=420 WAIST cost=57.0000 best_alt=50.0000 gap=7.0000 tried=5 sep_labels=50 clique_frac=0.01
t=158305ms iter=420 REBUILD reject new_tc=61.3678 (was 60.1051)
t=158459ms iter=420 incumb=60.1051 ratchet=60.1552 best=60.1051 since_improve=147
t=158468ms iter=421 WAIST cost=57.0000 best_alt=52.0000 gap=5.0000 tried=5 sep_labels=52 clique_frac=0.01
t=158638ms iter=421 REBUILD reject new_tc=66.3004 (was 60.1051)
t=158793ms iter=421 incumb=60.1051 ratchet=60.2208 best=60.1051 since_improve=148
t=158802ms iter=422 WAIST cost=57.0000 best_alt=52.0000 gap=5.0000 tried=5 sep_labels=52 clique_frac=0.01
t=158963ms iter=422 REBUILD reject new_tc=75.0014 (was 60.1051)
t=159119ms iter=422 incumb=60.1051 ratchet=60.7351 best=60.1051 since_improve=149
t=159129ms iter=423 WAIST cost=57.0000 best_alt=52.0000 gap=5.0000 tried=5 sep_labels=52 clique_frac=0.01
t=159292ms iter=423 REBUILD reject new_tc=74.0009 (was 60.1051)
t=159447ms iter=423 incumb=60.1051 ratchet=60.2167 best=60.1051 since_improve=150
t=159456ms iter=424 WAIST cost=57.0000 best_alt=52.0000 gap=5.0000 tried=5 sep_labels=52 clique_frac=0.01
t=159628ms iter=424 REBUILD reject new_tc=60.8472 (was 60.1051)
t=159781ms iter=424 incumb=60.1051 ratchet=60.4367 best=60.1051 since_improve=151
t=159790ms iter=425 WAIST cost=57.0000 best_alt=52.0000 gap=5.0000 tried=5 sep_labels=52 clique_frac=0.01
t=159960ms iter=425 REBUILD reject new_tc=63.2582 (was 60.1051)
t=160115ms iter=425 incumb=60.1051 ratchet=60.3410 best=60.1051 since_improve=152
t=160126ms iter=426 WAIST cost=57.0000 best_alt=49.0000 gap=8.0000 tried=5 sep_labels=49 clique_frac=0.01
t=160276ms iter=426 REBUILD reject new_tc=66.0652 (was 60.1051)
t=160429ms iter=426 incumb=60.1051 ratchet=60.2420 best=60.1051 since_improve=153
t=160439ms iter=427 WAIST cost=57.0000 best_alt=52.0000 gap=5.0000 tried=5 sep_labels=52 clique_frac=0.01
t=160613ms iter=427 REBUILD reject new_tc=61.0055 (was 60.1051)
t=160767ms iter=427 incumb=60.1051 ratchet=60.4790 best=60.1051 since_improve=154
t=160774ms iter=428 WAIST cost=57.0000 best_alt=52.0000 gap=5.0000 tried=5 sep_labels=52 clique_frac=0.01
t=160946ms iter=428 REBUILD reject new_tc=66.3621 (was 60.1051)
t=161105ms iter=428 incumb=60.1051 ratchet=60.3964 best=60.1051 since_improve=155
t=161113ms iter=429 WAIST cost=57.0000 best_alt=50.0000 gap=7.0000 tried=5 sep_labels=50 clique_frac=0.01
t=161264ms iter=429 REBUILD reject new_tc=61.2315 (was 60.1051)
t=161422ms iter=429 incumb=60.1051 ratchet=60.3496 best=60.1051 since_improve=156
t=161428ms iter=430 WAIST cost=57.0000 best_alt=52.0000 gap=5.0000 tried=5 sep_labels=52 clique_frac=0.01
t=161602ms iter=430 REBUILD reject new_tc=60.9716 (was 60.1051)
t=161761ms iter=430 incumb=60.1051 ratchet=60.3690 best=60.1051 since_improve=157
t=161770ms iter=431 WAIST cost=57.0000 best_alt=52.0000 gap=5.0000 tried=5 sep_labels=52 clique_frac=0.01
t=161935ms iter=431 REBUILD reject new_tc=60.7471 (was 60.1051)
t=162092ms iter=431 incumb=60.1051 ratchet=60.4210 best=60.1051 since_improve=158
t=162103ms iter=432 WAIST cost=57.0000 best_alt=52.0000 gap=5.0000 tried=5 sep_labels=52 clique_frac=0.01
t=162280ms iter=432 REBUILD reject new_tc=60.9299 (was 60.1051)
t=162438ms iter=432 incumb=60.1051 ratchet=60.4808 best=60.1051 since_improve=159
t=162448ms iter=433 WAIST cost=57.0000 best_alt=51.0000 gap=6.0000 tried=5 sep_labels=51 clique_frac=0.01
t=162624ms iter=433 REBUILD reject new_tc=60.8738 (was 60.1051)
t=162781ms iter=433 incumb=60.1051 ratchet=60.5145 best=60.1051 since_improve=160
t=162789ms iter=434 WAIST cost=57.0000 best_alt=52.0000 gap=5.0000 tried=5 sep_labels=52 clique_frac=0.01
t=162955ms iter=434 REBUILD reject new_tc=66.4210 (was 60.1051)
t=163110ms iter=434 incumb=60.1051 ratchet=60.1532 best=60.1051 since_improve=161
t=163120ms iter=435 WAIST cost=57.0000 best_alt=49.0000 gap=8.0000 tried=5 sep_labels=49 clique_frac=0.01
t=163269ms iter=435 REBUILD reject new_tc=61.5312 (was 60.1051)
t=163420ms iter=435 incumb=60.1051 ratchet=60.4248 best=60.1051 since_improve=162
t=163429ms iter=436 WAIST cost=57.0000 best_alt=51.0000 gap=6.0000 tried=5 sep_labels=51 clique_frac=0.01
t=163590ms iter=436 REBUILD reject new_tc=61.5198 (was 60.1051)
t=163745ms iter=436 incumb=60.1051 ratchet=60.2972 best=60.1051 since_improve=163
t=163752ms iter=437 WAIST cost=57.0000 best_alt=52.0000 gap=5.0000 tried=5 sep_labels=52 clique_frac=0.01
t=163925ms iter=437 REBUILD reject new_tc=61.0343 (was 60.1051)
t=164085ms iter=437 incumb=60.1051 ratchet=60.2749 best=60.1051 since_improve=164
t=164093ms iter=438 WAIST cost=57.0000 best_alt=52.0000 gap=5.0000 tried=5 sep_labels=52 clique_frac=0.01
t=164265ms iter=438 REBUILD reject new_tc=60.8130 (was 60.1051)
t=164416ms iter=438 incumb=60.1051 ratchet=60.3304 best=60.1051 since_improve=165
t=164425ms iter=439 WAIST cost=57.0000 best_alt=52.0000 gap=5.0000 tried=5 sep_labels=52 clique_frac=0.01
t=164597ms iter=439 REBUILD reject new_tc=61.9956 (was 60.1051)
t=164752ms iter=439 incumb=60.1051 ratchet=60.6688 best=60.1051 since_improve=166
t=164761ms iter=440 WAIST cost=57.0000 best_alt=52.0000 gap=5.0000 tried=5 sep_labels=52 clique_frac=0.01
t=164937ms iter=440 REBUILD reject new_tc=60.5734 (was 60.1051)
t=165092ms iter=440 incumb=60.1051 ratchet=60.2736 best=60.1051 since_improve=167
t=165100ms iter=441 WAIST cost=57.0000 best_alt=51.0000 gap=6.0000 tried=5 sep_labels=51 clique_frac=0.01
t=165253ms iter=441 REBUILD reject new_tc=61.7466 (was 60.1051)
t=165409ms iter=441 incumb=60.1051 ratchet=60.3027 best=60.1051 since_improve=168
t=165416ms iter=442 WAIST cost=57.0000 best_alt=52.0000 gap=5.0000 tried=5 sep_labels=52 clique_frac=0.01
t=165588ms iter=442 REBUILD reject new_tc=61.0475 (was 60.1051)
t=165742ms iter=442 incumb=60.1051 ratchet=60.2317 best=60.1051 since_improve=169
t=165750ms iter=443 WAIST cost=57.0000 best_alt=51.0000 gap=6.0000 tried=5 sep_labels=51 clique_frac=0.01
t=165920ms iter=443 REBUILD reject new_tc=63.6211 (was 60.1051)
t=166076ms iter=443 incumb=60.1051 ratchet=60.1920 best=60.1051 since_improve=170
t=166084ms iter=444 WAIST cost=57.0000 best_alt=51.0000 gap=6.0000 tried=5 sep_labels=51 clique_frac=0.01
t=166233ms iter=444 REBUILD reject new_tc=62.7367 (was 60.1051)
t=166389ms iter=444 incumb=60.1051 ratchet=60.2062 best=60.1051 since_improve=171
t=166397ms iter=445 WAIST cost=57.0000 best_alt=52.0000 gap=5.0000 tried=5 sep_labels=52 clique_frac=0.01
t=166575ms iter=445 REBUILD reject new_tc=61.0925 (was 60.1051)
t=166729ms iter=445 incumb=60.1051 ratchet=60.2384 best=60.1051 since_improve=172
t=166736ms iter=446 WAIST cost=57.0000 best_alt=52.0000 gap=5.0000 tried=5 sep_labels=52 clique_frac=0.01
t=166914ms iter=446 REBUILD reject new_tc=61.0120 (was 60.1051)
t=167070ms iter=446 incumb=60.1051 ratchet=60.4401 best=60.1051 since_improve=173
t=167078ms iter=447 WAIST cost=57.0000 best_alt=51.0000 gap=6.0000 tried=5 sep_labels=51 clique_frac=0.01
t=167234ms iter=447 REBUILD reject new_tc=61.2063 (was 60.1051)
t=167391ms iter=447 incumb=60.1051 ratchet=60.3829 best=60.1051 since_improve=174
t=167399ms iter=448 WAIST cost=57.0000 best_alt=51.0000 gap=6.0000 tried=5 sep_labels=51 clique_frac=0.01
t=167568ms iter=448 REBUILD reject new_tc=67.7432 (was 60.1051)
t=167720ms iter=448 incumb=60.1051 ratchet=60.2814 best=60.1051 since_improve=175
t=167727ms iter=449 WAIST cost=57.0000 best_alt=52.0000 gap=5.0000 tried=5 sep_labels=52 clique_frac=0.01
t=167902ms iter=449 REBUILD reject new_tc=60.7448 (was 60.1051)
t=168057ms iter=449 incumb=60.1051 ratchet=60.2483 best=60.1051 since_improve=176
t=168063ms iter=450 WAIST cost=57.0000 best_alt=52.0000 gap=5.0000 tried=5 sep_labels=52 clique_frac=0.01
t=168236ms iter=450 REBUILD reject new_tc=60.2617 (was 60.1051)
t=168393ms iter=450 incumb=60.1051 ratchet=60.1956 best=60.1051 since_improve=177
t=168398ms iter=451 WAIST cost=57.0000 best_alt=52.0000 gap=5.0000 tried=5 sep_labels=52 clique_frac=0.01
t=168566ms iter=451 REBUILD reject new_tc=75.0012 (was 60.1051)
t=168727ms iter=451 incumb=60.1051 ratchet=60.2843 best=60.1051 since_improve=178
t=168737ms iter=452 WAIST cost=57.0000 best_alt=49.0000 gap=8.0000 tried=5 sep_labels=49 clique_frac=0.01
t=168890ms iter=452 REBUILD reject new_tc=61.3828 (was 60.1051)
t=169045ms iter=452 incumb=60.1051 ratchet=60.1970 best=60.1051 since_improve=179
t=169053ms iter=453 WAIST cost=57.0000 best_alt=52.0000 gap=5.0000 tried=5 sep_labels=52 clique_frac=0.01
t=169228ms iter=453 REBUILD reject new_tc=61.0605 (was 60.1051)
t=169383ms iter=453 incumb=60.1051 ratchet=60.1755 best=60.1051 since_improve=180
t=169391ms iter=454 WAIST cost=57.0000 best_alt=52.0000 gap=5.0000 tried=5 sep_labels=52 clique_frac=0.01
t=169555ms iter=454 REBUILD reject new_tc=66.1496 (was 60.1051)
t=169718ms iter=454 incumb=60.1051 ratchet=60.3862 best=60.1051 since_improve=181
t=169725ms iter=455 WAIST cost=57.0000 best_alt=52.0000 gap=5.0000 tried=5 sep_labels=52 clique_frac=0.01
t=169896ms iter=455 REBUILD reject new_tc=60.8311 (was 60.1051)
t=170055ms iter=455 incumb=60.1051 ratchet=60.4736 best=60.1051 since_improve=182
t=170062ms iter=456 WAIST cost=57.0000 best_alt=50.0000 gap=7.0000 tried=5 sep_labels=50 clique_frac=0.01
t=170206ms iter=456 REBUILD reject new_tc=73.0008 (was 60.1051)
t=170361ms iter=456 incumb=60.1051 ratchet=60.1251 best=60.1051 since_improve=183
t=170370ms iter=457 WAIST cost=57.0000 best_alt=52.0000 gap=5.0000 tried=5 sep_labels=52 clique_frac=0.01
t=170539ms iter=457 REBUILD reject new_tc=60.7339 (was 60.1051)
t=170690ms iter=457 incumb=60.1051 ratchet=60.1552 best=60.1051 since_improve=184
t=170698ms iter=458 WAIST cost=57.0000 best_alt=52.0000 gap=5.0000 tried=5 sep_labels=52 clique_frac=0.01
t=170878ms iter=458 REBUILD reject new_tc=60.8710 (was 60.1051)
t=171035ms iter=458 incumb=60.1051 ratchet=60.2292 best=60.1051 since_improve=185
t=171043ms iter=459 WAIST cost=57.0000 best_alt=52.0000 gap=5.0000 tried=5 sep_labels=52 clique_frac=0.01
t=171219ms iter=459 REBUILD reject new_tc=61.0563 (was 60.1051)
t=171377ms iter=459 incumb=60.1051 ratchet=60.2371 best=60.1051 since_improve=186
t=171385ms iter=460 WAIST cost=57.0000 best_alt=52.0000 gap=5.0000 tried=5 sep_labels=52 clique_frac=0.01
t=171559ms iter=460 REBUILD reject new_tc=61.0833 (was 60.1051)
t=171718ms iter=460 incumb=60.1051 ratchet=60.2275 best=60.1051 since_improve=187
t=171726ms iter=461 WAIST cost=57.0000 best_alt=52.0000 gap=5.0000 tried=5 sep_labels=52 clique_frac=0.01
t=171902ms iter=461 REBUILD reject new_tc=60.9778 (was 60.1051)
t=172058ms iter=461 incumb=60.1051 ratchet=60.2499 best=60.1051 since_improve=188
t=172066ms iter=462 WAIST cost=57.0000 best_alt=52.0000 gap=5.0000 tried=5 sep_labels=52 clique_frac=0.01
t=172240ms iter=462 REBUILD reject new_tc=60.8619 (was 60.1051)
t=172393ms iter=462 incumb=60.1051 ratchet=60.2878 best=60.1051 since_improve=189
t=172403ms iter=463 WAIST cost=57.0000 best_alt=52.0000 gap=5.0000 tried=5 sep_labels=52 clique_frac=0.01
t=172570ms iter=463 REBUILD reject new_tc=73.0132 (was 60.1051)
t=172727ms iter=463 incumb=60.1051 ratchet=60.4246 best=60.1051 since_improve=190
t=172736ms iter=464 WAIST cost=57.0000 best_alt=51.0000 gap=6.0000 tried=5 sep_labels=51 clique_frac=0.01
t=172886ms iter=464 REBUILD reject new_tc=61.0784 (was 60.1051)
t=173048ms iter=464 incumb=60.1051 ratchet=60.6699 best=60.1051 since_improve=191
t=173060ms iter=465 WAIST cost=57.0000 best_alt=51.0000 gap=6.0000 tried=5 sep_labels=51 clique_frac=0.01
t=173213ms iter=465 REBUILD reject new_tc=61.5126 (was 60.1051)
t=173365ms iter=465 incumb=60.1051 ratchet=60.1342 best=60.1051 since_improve=192
t=173374ms iter=466 WAIST cost=57.0000 best_alt=50.0000 gap=7.0000 tried=5 sep_labels=50 clique_frac=0.01
t=173533ms iter=466 REBUILD reject new_tc=61.4011 (was 60.1051)
t=173690ms iter=466 incumb=60.1051 ratchet=60.2867 best=60.1051 since_improve=193
t=173699ms iter=467 WAIST cost=57.0000 best_alt=49.0000 gap=8.0000 tried=5 sep_labels=49 clique_frac=0.01
t=173852ms iter=467 REBUILD reject new_tc=61.3883 (was 60.1051)
t=174011ms iter=467 incumb=60.1051 ratchet=60.4307 best=60.1051 since_improve=194
t=174020ms iter=468 WAIST cost=57.0000 best_alt=52.0000 gap=5.0000 tried=5 sep_labels=52 clique_frac=0.01
t=174191ms iter=468 REBUILD reject new_tc=60.8608 (was 60.1051)
t=174348ms iter=468 incumb=60.1051 ratchet=60.1597 best=60.1051 since_improve=195
t=174356ms iter=469 WAIST cost=57.0000 best_alt=52.0000 gap=5.0000 tried=5 sep_labels=52 clique_frac=0.01
t=174529ms iter=469 REBUILD reject new_tc=61.0735 (was 60.1051)
t=174686ms iter=469 incumb=60.1051 ratchet=60.3455 best=60.1051 since_improve=196
t=174695ms iter=470 WAIST cost=57.0000 best_alt=52.0000 gap=5.0000 tried=5 sep_labels=52 clique_frac=0.01
t=174869ms iter=470 REBUILD reject new_tc=60.6707 (was 60.1051)
t=175024ms iter=470 incumb=60.1051 ratchet=60.2618 best=60.1051 since_improve=197
t=175033ms iter=471 WAIST cost=57.0000 best_alt=51.0000 gap=6.0000 tried=5 sep_labels=51 clique_frac=0.01
t=175209ms iter=471 REBUILD reject new_tc=60.7957 (was 60.1051)
t=175359ms iter=471 incumb=60.1051 ratchet=60.2061 best=60.1051 since_improve=198
t=175369ms iter=472 WAIST cost=57.0000 best_alt=52.0000 gap=5.0000 tried=5 sep_labels=52 clique_frac=0.01
t=175544ms iter=472 REBUILD reject new_tc=61.1127 (was 60.1051)
t=175701ms iter=472 incumb=60.1051 ratchet=60.2083 best=60.1051 since_improve=199
t=175711ms iter=473 WAIST cost=57.0000 best_alt=52.0000 gap=5.0000 tried=5 sep_labels=52 clique_frac=0.01
t=175884ms iter=473 REBUILD reject new_tc=60.6224 (was 60.1051)
t=176044ms iter=473 incumb=60.1051 ratchet=60.3940 best=60.1051 since_improve=200
t=176051ms iter=474 WAIST cost=57.0000 best_alt=52.0000 gap=5.0000 tried=5 sep_labels=52 clique_frac=0.01
t=176228ms iter=474 REBUILD reject new_tc=61.0383 (was 60.1051)
t=176385ms iter=474 incumb=60.1051 ratchet=60.1649 best=60.1051 since_improve=201
t=176393ms iter=475 WAIST cost=57.0000 best_alt=52.0000 gap=5.0000 tried=5 sep_labels=52 clique_frac=0.01
t=176566ms iter=475 REBUILD reject new_tc=60.5132 (was 60.1051)
t=176725ms iter=475 incumb=60.1051 ratchet=60.2485 best=60.1051 since_improve=202
t=176732ms iter=476 WAIST cost=57.0000 best_alt=52.0000 gap=5.0000 tried=5 sep_labels=52 clique_frac=0.01
t=176909ms iter=476 REBUILD reject new_tc=60.6172 (was 60.1051)
t=177067ms iter=476 incumb=60.1051 ratchet=60.3064 best=60.1051 since_improve=203
t=177075ms iter=477 WAIST cost=57.0000 best_alt=52.0000 gap=5.0000 tried=5 sep_labels=52 clique_frac=0.01
t=177250ms iter=477 REBUILD reject new_tc=60.5524 (was 60.1051)
t=177399ms iter=477 incumb=60.1051 ratchet=60.1502 best=60.1051 since_improve=204
t=177407ms iter=478 WAIST cost=57.0000 best_alt=52.0000 gap=5.0000 tried=5 sep_labels=52 clique_frac=0.01
t=177576ms iter=478 REBUILD reject new_tc=60.7762 (was 60.1051)
t=177731ms iter=478 incumb=60.1051 ratchet=60.1886 best=60.1051 since_improve=205
t=177740ms iter=479 WAIST cost=57.0000 best_alt=51.0000 gap=6.0000 tried=5 sep_labels=51 clique_frac=0.01
t=177908ms iter=479 REBUILD reject new_tc=61.3122 (was 60.1051)
t=178061ms iter=479 incumb=60.1051 ratchet=61.4278 best=60.1051 since_improve=206
t=178069ms iter=480 WAIST cost=57.0000 best_alt=52.0000 gap=5.0000 tried=5 sep_labels=52 clique_frac=0.01
t=178240ms iter=480 REBUILD reject new_tc=60.6948 (was 60.1051)
t=178402ms iter=480 incumb=60.1051 ratchet=60.3073 best=60.1051 since_improve=207
t=178409ms iter=481 WAIST cost=57.0000 best_alt=52.0000 gap=5.0000 tried=5 sep_labels=52 clique_frac=0.01
t=178584ms iter=481 REBUILD reject new_tc=60.6765 (was 60.1051)
t=178739ms iter=481 incumb=60.1051 ratchet=60.3220 best=60.1051 since_improve=208
t=178747ms iter=482 WAIST cost=57.0000 best_alt=52.0000 gap=5.0000 tried=5 sep_labels=52 clique_frac=0.01
t=178920ms iter=482 REBUILD reject new_tc=60.8425 (was 60.1051)
t=179080ms iter=482 incumb=60.1051 ratchet=60.1387 best=60.1051 since_improve=209
t=179087ms iter=483 WAIST cost=57.0000 best_alt=52.0000 gap=5.0000 tried=5 sep_labels=52 clique_frac=0.01
t=179257ms iter=483 REBUILD reject new_tc=62.7641 (was 60.1051)
t=179413ms iter=483 incumb=60.1051 ratchet=60.1444 best=60.1051 since_improve=210
t=179421ms iter=484 WAIST cost=57.0000 best_alt=52.0000 gap=5.0000 tried=5 sep_labels=52 clique_frac=0.01
t=179594ms iter=484 REBUILD reject new_tc=60.7361 (was 60.1051)
t=179753ms iter=484 incumb=60.1051 ratchet=60.4422 best=60.1051 since_improve=211
t=179760ms iter=485 WAIST cost=57.0000 best_alt=52.0000 gap=5.0000 tried=5 sep_labels=52 clique_frac=0.01
t=179937ms iter=485 REBUILD reject new_tc=60.9968 (was 60.1051)
t=180085ms iter=485 incumb=60.1051 ratchet=60.2500 best=60.1051 since_improve=212
t=180092ms iter=486 WAIST cost=57.0000 best_alt=52.0000 gap=5.0000 tried=5 sep_labels=52 clique_frac=0.01
t=180257ms iter=486 REBUILD reject new_tc=67.0489 (was 60.1051)
t=180415ms iter=486 incumb=60.1051 ratchet=60.4656 best=60.1051 since_improve=213
t=180424ms iter=487 WAIST cost=57.0000 best_alt=52.0000 gap=5.0000 tried=5 sep_labels=52 clique_frac=0.01
t=180592ms iter=487 REBUILD reject new_tc=60.8361 (was 60.1051)
t=180749ms iter=487 incumb=60.1051 ratchet=60.2841 best=60.1051 since_improve=214
t=180756ms iter=488 WAIST cost=57.0000 best_alt=52.0000 gap=5.0000 tried=5 sep_labels=52 clique_frac=0.01
t=180935ms iter=488 REBUILD reject new_tc=60.6893 (was 60.1051)
t=181086ms iter=488 incumb=60.1051 ratchet=60.3254 best=60.1051 since_improve=215
t=181093ms iter=489 WAIST cost=57.0000 best_alt=52.0000 gap=5.0000 tried=5 sep_labels=52 clique_frac=0.01
t=181264ms iter=489 REBUILD reject new_tc=60.7727 (was 60.1051)
t=181415ms iter=489 incumb=60.1051 ratchet=60.3676 best=60.1051 since_improve=216
t=181423ms iter=490 WAIST cost=57.0000 best_alt=52.0000 gap=5.0000 tried=5 sep_labels=52 clique_frac=0.01
t=181599ms iter=490 REBUILD reject new_tc=61.6758 (was 60.1051)
t=181756ms iter=490 incumb=60.1051 ratchet=60.3711 best=60.1051 since_improve=217
t=181765ms iter=491 WAIST cost=57.0000 best_alt=51.0000 gap=6.0000 tried=5 sep_labels=51 clique_frac=0.01
t=181919ms iter=491 REBUILD reject new_tc=62.1365 (was 60.1051)
t=182076ms iter=491 incumb=60.1051 ratchet=60.4523 best=60.1051 since_improve=218
t=182085ms iter=492 WAIST cost=57.0000 best_alt=51.0000 gap=6.0000 tried=5 sep_labels=51 clique_frac=0.01
t=182238ms iter=492 REBUILD reject new_tc=61.3625 (was 60.1051)
t=182398ms iter=492 incumb=60.1051 ratchet=60.3253 best=60.1051 since_improve=219
t=182406ms iter=493 WAIST cost=57.0000 best_alt=52.0000 gap=5.0000 tried=5 sep_labels=52 clique_frac=0.01
t=182581ms iter=493 REBUILD reject new_tc=60.6821 (was 60.1051)
t=182735ms iter=493 incumb=60.1051 ratchet=60.1151 best=60.1051 since_improve=220
t=182741ms iter=494 WAIST cost=57.0000 best_alt=52.0000 gap=5.0000 tried=5 sep_labels=52 clique_frac=0.01
t=182904ms iter=494 REBUILD reject new_tc=66.0409 (was 60.1051)
t=183054ms iter=494 incumb=60.1051 ratchet=60.2952 best=60.1051 since_improve=221
t=183061ms iter=495 WAIST cost=57.0000 best_alt=52.0000 gap=5.0000 tried=5 sep_labels=52 clique_frac=0.01
t=183239ms iter=495 REBUILD reject new_tc=60.9956 (was 60.1051)
t=183395ms iter=495 incumb=60.1051 ratchet=60.2346 best=60.1051 since_improve=222
t=183403ms iter=496 WAIST cost=57.0000 best_alt=52.0000 gap=5.0000 tried=5 sep_labels=52 clique_frac=0.01
t=183575ms iter=496 REBUILD reject new_tc=60.6698 (was 60.1051)
t=183733ms iter=496 incumb=60.1051 ratchet=60.4894 best=60.1051 since_improve=223
t=183745ms iter=497 WAIST cost=57.0000 best_alt=49.0000 gap=8.0000 tried=5 sep_labels=49 clique_frac=0.01
t=183898ms iter=497 REBUILD reject new_tc=61.2352 (was 60.1051)
t=184054ms iter=497 incumb=60.1051 ratchet=60.1689 best=60.1051 since_improve=224
t=184063ms iter=498 WAIST cost=57.0000 best_alt=52.0000 gap=5.0000 tried=5 sep_labels=52 clique_frac=0.01
t=184237ms iter=498 REBUILD reject new_tc=60.9822 (was 60.1051)
t=184390ms iter=498 incumb=60.1051 ratchet=60.3503 best=60.1051 since_improve=225
t=184398ms iter=499 WAIST cost=57.0000 best_alt=50.0000 gap=7.0000 tried=5 sep_labels=50 clique_frac=0.01
t=184552ms iter=499 REBUILD reject new_tc=61.2666 (was 60.1051)
t=184708ms iter=499 incumb=60.1051 ratchet=60.2051 best=60.1051 since_improve=226
t=184715ms iter=500 WAIST cost=57.0000 best_alt=52.0000 gap=5.0000 tried=5 sep_labels=52 clique_frac=0.01
t=184893ms iter=500 REBUILD reject new_tc=60.8127 (was 60.1051)
t=185051ms iter=500 incumb=60.1051 ratchet=60.1915 best=60.1051 since_improve=227
t=185058ms iter=501 WAIST cost=57.0000 best_alt=52.0000 gap=5.0000 tried=5 sep_labels=52 clique_frac=0.01
t=185231ms iter=501 REBUILD reject new_tc=60.4013 (was 60.1051)
t=185387ms iter=501 incumb=60.1051 ratchet=60.2283 best=60.1051 since_improve=228
t=185399ms iter=502 WAIST cost=57.0000 best_alt=49.0000 gap=8.0000 tried=5 sep_labels=49 clique_frac=0.01
t=185552ms iter=502 REBUILD reject new_tc=61.2791 (was 60.1051)
t=185708ms iter=502 incumb=60.1051 ratchet=60.1565 best=60.1051 since_improve=229
t=185715ms iter=503 WAIST cost=57.0000 best_alt=52.0000 gap=5.0000 tried=5 sep_labels=52 clique_frac=0.01
t=185889ms iter=503 REBUILD reject new_tc=61.1380 (was 60.1051)
t=186051ms iter=503 incumb=60.1051 ratchet=60.3078 best=60.1051 since_improve=230
t=186060ms iter=504 WAIST cost=57.0000 best_alt=49.0000 gap=8.0000 tried=5 sep_labels=49 clique_frac=0.01
t=186216ms iter=504 REBUILD reject new_tc=61.3983 (was 60.1051)
t=186371ms iter=504 incumb=60.1051 ratchet=60.2046 best=60.1051 since_improve=231
t=186379ms iter=505 WAIST cost=57.0000 best_alt=52.0000 gap=5.0000 tried=5 sep_labels=52 clique_frac=0.01
t=186560ms iter=505 REBUILD reject new_tc=61.3310 (was 60.1051)
t=186711ms iter=505 incumb=60.1051 ratchet=60.3612 best=60.1051 since_improve=232
t=186720ms iter=506 WAIST cost=57.0000 best_alt=52.0000 gap=5.0000 tried=5 sep_labels=52 clique_frac=0.01
t=186891ms iter=506 REBUILD reject new_tc=60.8338 (was 60.1051)
t=187047ms iter=506 incumb=60.1051 ratchet=60.1541 best=60.1051 since_improve=233
t=187055ms iter=507 WAIST cost=57.0000 best_alt=52.0000 gap=5.0000 tried=5 sep_labels=52 clique_frac=0.01
t=187223ms iter=507 REBUILD reject new_tc=60.7129 (was 60.1051)
t=187379ms iter=507 incumb=60.1051 ratchet=60.1495 best=60.1051 since_improve=234
t=187387ms iter=508 WAIST cost=57.0000 best_alt=52.0000 gap=5.0000 tried=5 sep_labels=52 clique_frac=0.01
t=187564ms iter=508 REBUILD reject new_tc=60.6757 (was 60.1051)
t=187720ms iter=508 incumb=60.1051 ratchet=60.3225 best=60.1051 since_improve=235
t=187728ms iter=509 WAIST cost=57.0000 best_alt=52.0000 gap=5.0000 tried=5 sep_labels=52 clique_frac=0.01
t=187908ms iter=509 REBUILD reject new_tc=60.8708 (was 60.1051)
t=188063ms iter=509 incumb=60.1051 ratchet=60.1260 best=60.1051 since_improve=236
t=188070ms iter=510 WAIST cost=57.0000 best_alt=52.0000 gap=5.0000 tried=5 sep_labels=52 clique_frac=0.01
t=188245ms iter=510 REBUILD reject new_tc=60.3234 (was 60.1051)
t=188390ms iter=510 incumb=60.1051 ratchet=60.7762 best=60.1051 since_improve=237
t=188398ms iter=511 WAIST cost=57.0000 best_alt=51.0000 gap=6.0000 tried=5 sep_labels=51 clique_frac=0.01
t=188555ms iter=511 REBUILD reject new_tc=60.9035 (was 60.1051)
t=188705ms iter=511 incumb=60.1051 ratchet=60.3254 best=60.1051 since_improve=238
t=188713ms iter=512 WAIST cost=57.0000 best_alt=52.0000 gap=5.0000 tried=5 sep_labels=52 clique_frac=0.01
t=188886ms iter=512 REBUILD reject new_tc=60.8479 (was 60.1051)
t=189041ms iter=512 incumb=60.1051 ratchet=60.3044 best=60.1051 since_improve=239
t=189048ms iter=513 WAIST cost=57.0000 best_alt=52.0000 gap=5.0000 tried=5 sep_labels=52 clique_frac=0.01
t=189226ms iter=513 REBUILD reject new_tc=60.7692 (was 60.1051)
t=189385ms iter=513 incumb=60.1051 ratchet=60.1871 best=60.1051 since_improve=240
t=189393ms iter=514 WAIST cost=57.0000 best_alt=51.0000 gap=6.0000 tried=5 sep_labels=51 clique_frac=0.01
t=189551ms iter=514 REBUILD reject new_tc=62.6307 (was 60.1051)
t=189703ms iter=514 incumb=60.1051 ratchet=60.3318 best=60.1051 since_improve=241
t=189713ms iter=515 WAIST cost=57.0000 best_alt=52.0000 gap=5.0000 tried=5 sep_labels=52 clique_frac=0.01
t=189893ms iter=515 REBUILD reject new_tc=60.8799 (was 60.1051)
t=190047ms iter=515 incumb=60.1051 ratchet=60.1747 best=60.1051 since_improve=242
t=190056ms iter=516 WAIST cost=57.0000 best_alt=51.0000 gap=6.0000 tried=5 sep_labels=51 clique_frac=0.01
t=190235ms iter=516 REBUILD reject new_tc=61.3541 (was 60.1051)
t=190388ms iter=516 incumb=60.1051 ratchet=60.4168 best=60.1051 since_improve=243
t=190396ms iter=517 WAIST cost=57.0000 best_alt=51.0000 gap=6.0000 tried=5 sep_labels=51 clique_frac=0.01
t=190569ms iter=517 REBUILD reject new_tc=61.2421 (was 60.1051)
t=190728ms iter=517 incumb=60.1051 ratchet=60.3626 best=60.1051 since_improve=244
t=190737ms iter=518 WAIST cost=57.0000 best_alt=52.0000 gap=5.0000 tried=5 sep_labels=52 clique_frac=0.01
t=190910ms iter=518 REBUILD reject new_tc=60.8057 (was 60.1051)
t=191066ms iter=518 incumb=60.1051 ratchet=60.1762 best=60.1051 since_improve=245
t=191075ms iter=519 WAIST cost=57.0000 best_alt=50.0000 gap=7.0000 tried=5 sep_labels=50 clique_frac=0.01
t=191233ms iter=519 REBUILD reject new_tc=61.1799 (was 60.1051)
t=191382ms iter=519 incumb=60.1051 ratchet=60.1284 best=60.1051 since_improve=246
t=191391ms iter=520 WAIST cost=57.0000 best_alt=49.0000 gap=8.0000 tried=5 sep_labels=49 clique_frac=0.01
t=191544ms iter=520 REBUILD reject new_tc=61.3972 (was 60.1051)
t=191698ms iter=520 incumb=60.1051 ratchet=60.2777 best=60.1051 since_improve=247
t=191706ms iter=521 WAIST cost=57.0000 best_alt=52.0000 gap=5.0000 tried=5 sep_labels=52 clique_frac=0.01
t=191881ms iter=521 REBUILD reject new_tc=60.6776 (was 60.1051)
t=192027ms iter=521 incumb=60.1051 ratchet=60.3449 best=60.1051 since_improve=248
t=192037ms iter=522 WAIST cost=57.0000 best_alt=49.0000 gap=8.0000 tried=5 sep_labels=49 clique_frac=0.01
t=192179ms iter=522 REBUILD reject new_tc=76.0048 (was 60.1051)
t=192329ms iter=522 incumb=60.1051 ratchet=60.3158 best=60.1051 since_improve=249
t=192336ms iter=523 WAIST cost=57.0000 best_alt=52.0000 gap=5.0000 tried=5 sep_labels=52 clique_frac=0.01
t=192510ms iter=523 REBUILD reject new_tc=61.1708 (was 60.1051)
t=192672ms iter=523 incumb=60.1051 ratchet=60.3608 best=60.1051 since_improve=250
t=192682ms iter=524 WAIST cost=57.0000 best_alt=50.0000 gap=7.0000 tried=5 sep_labels=50 clique_frac=0.01
t=192834ms iter=524 REBUILD reject new_tc=60.7530 (was 60.1051)
t=192987ms iter=524 incumb=60.1051 ratchet=60.1419 best=60.1051 since_improve=251
t=192997ms iter=525 WAIST cost=57.0000 best_alt=50.0000 gap=7.0000 tried=5 sep_labels=50 clique_frac=0.01
t=193154ms iter=525 REBUILD reject new_tc=61.4207 (was 60.1051)
t=193305ms iter=525 incumb=60.1051 ratchet=60.4071 best=60.1051 since_improve=252
t=193314ms iter=526 WAIST cost=57.0000 best_alt=51.0000 gap=6.0000 tried=5 sep_labels=51 clique_frac=0.01
t=193466ms iter=526 REBUILD reject new_tc=61.3990 (was 60.1051)
t=193619ms iter=526 incumb=60.1051 ratchet=60.2052 best=60.1051 since_improve=253
t=193628ms iter=527 WAIST cost=57.0000 best_alt=52.0000 gap=5.0000 tried=5 sep_labels=52 clique_frac=0.01
t=193799ms iter=527 REBUILD reject new_tc=60.8521 (was 60.1051)
t=193961ms iter=527 incumb=60.1051 ratchet=60.1589 best=60.1051 since_improve=254
t=193968ms iter=528 WAIST cost=57.0000 best_alt=52.0000 gap=5.0000 tried=5 sep_labels=52 clique_frac=0.01
t=194130ms iter=528 REBUILD reject new_tc=65.0756 (was 60.1051)
t=194282ms iter=528 incumb=60.1051 ratchet=60.1560 best=60.1051 since_improve=255
t=194290ms iter=529 WAIST cost=57.0000 best_alt=52.0000 gap=5.0000 tried=5 sep_labels=52 clique_frac=0.01
t=194459ms iter=529 REBUILD reject new_tc=60.9977 (was 60.1051)
t=194608ms iter=529 incumb=60.1051 ratchet=60.1883 best=60.1051 since_improve=256
t=194615ms iter=530 WAIST cost=57.0000 best_alt=52.0000 gap=5.0000 tried=5 sep_labels=52 clique_frac=0.01
t=194790ms iter=530 REBUILD reject new_tc=60.7404 (was 60.1051)
t=194944ms iter=530 incumb=60.1051 ratchet=60.2186 best=60.1051 since_improve=257
t=194952ms iter=531 WAIST cost=57.0000 best_alt=52.0000 gap=5.0000 tried=5 sep_labels=52 clique_frac=0.01
t=195125ms iter=531 REBUILD reject new_tc=60.4335 (was 60.1051)
t=195282ms iter=531 incumb=60.1051 ratchet=60.4210 best=60.1051 since_improve=258
t=195291ms iter=532 WAIST cost=57.0000 best_alt=52.0000 gap=5.0000 tried=5 sep_labels=52 clique_frac=0.01
t=195465ms iter=532 REBUILD reject new_tc=60.4313 (was 60.1051)
t=195619ms iter=532 incumb=60.1051 ratchet=60.1905 best=60.1051 since_improve=259
t=195629ms iter=533 WAIST cost=57.0000 best_alt=51.0000 gap=6.0000 tried=5 sep_labels=51 clique_frac=0.01
t=195804ms iter=533 REBUILD reject new_tc=60.5832 (was 60.1051)
t=195960ms iter=533 incumb=60.1051 ratchet=60.1095 best=60.1051 since_improve=260
t=195967ms iter=534 WAIST cost=57.0000 best_alt=52.0000 gap=5.0000 tried=5 sep_labels=52 clique_frac=0.01
t=196141ms iter=534 REBUILD reject new_tc=60.9025 (was 60.1051)
t=196293ms iter=534 incumb=60.1051 ratchet=60.3858 best=60.1051 since_improve=261
t=196303ms iter=535 WAIST cost=57.0000 best_alt=49.0000 gap=8.0000 tried=5 sep_labels=49 clique_frac=0.01
t=196442ms iter=535 REBUILD reject new_tc=75.0005 (was 60.1051)
t=196599ms iter=535 incumb=60.1051 ratchet=60.2159 best=60.1051 since_improve=262
t=196609ms iter=536 WAIST cost=57.0000 best_alt=52.0000 gap=5.0000 tried=5 sep_labels=52 clique_frac=0.01
t=196784ms iter=536 REBUILD reject new_tc=60.8499 (was 60.1051)
t=196939ms iter=536 incumb=60.1051 ratchet=60.1778 best=60.1051 since_improve=263
t=196946ms iter=537 WAIST cost=57.0000 best_alt=52.0000 gap=5.0000 tried=5 sep_labels=52 clique_frac=0.01
t=197121ms iter=537 REBUILD reject new_tc=60.6796 (was 60.1051)
t=197277ms iter=537 incumb=60.1051 ratchet=60.8053 best=60.1051 since_improve=264
t=197286ms iter=538 WAIST cost=57.0000 best_alt=52.0000 gap=5.0000 tried=5 sep_labels=52 clique_frac=0.01
t=197457ms iter=538 REBUILD reject new_tc=60.5360 (was 60.1051)
t=197613ms iter=538 incumb=60.1051 ratchet=60.2949 best=60.1051 since_improve=265
t=197621ms iter=539 WAIST cost=57.0000 best_alt=49.0000 gap=8.0000 tried=5 sep_labels=49 clique_frac=0.01
t=197774ms iter=539 REBUILD reject new_tc=61.8962 (was 60.1051)
t=197935ms iter=539 incumb=60.1051 ratchet=60.2724 best=60.1051 since_improve=266
t=197946ms iter=540 WAIST cost=57.0000 best_alt=52.0000 gap=5.0000 tried=5 sep_labels=52 clique_frac=0.01
t=198112ms iter=540 REBUILD reject new_tc=74.0042 (was 60.1051)
t=198265ms iter=540 incumb=60.1051 ratchet=60.1479 best=60.1051 since_improve=267
t=198274ms iter=541 WAIST cost=57.0000 best_alt=52.0000 gap=5.0000 tried=5 sep_labels=52 clique_frac=0.01
t=198445ms iter=541 REBUILD reject new_tc=60.3620 (was 60.1051)
t=198601ms iter=541 incumb=60.1051 ratchet=60.2645 best=60.1051 since_improve=268
t=198610ms iter=542 WAIST cost=57.0000 best_alt=52.0000 gap=5.0000 tried=5 sep_labels=52 clique_frac=0.01
t=198784ms iter=542 REBUILD reject new_tc=60.9854 (was 60.1051)
t=198941ms iter=542 incumb=60.1051 ratchet=60.2055 best=60.1051 since_improve=269
t=198950ms iter=543 WAIST cost=57.0000 best_alt=49.0000 gap=8.0000 tried=5 sep_labels=49 clique_frac=0.01
t=199106ms iter=543 REBUILD reject new_tc=61.4271 (was 60.1051)
t=199256ms iter=543 incumb=60.1051 ratchet=60.1304 best=60.1051 since_improve=270
t=199266ms iter=544 WAIST cost=57.0000 best_alt=51.0000 gap=6.0000 tried=5 sep_labels=51 clique_frac=0.01
t=199443ms iter=544 REBUILD reject new_tc=60.9938 (was 60.1051)
t=199597ms iter=544 incumb=60.1051 ratchet=60.2869 best=60.1051 since_improve=271
t=199604ms iter=545 WAIST cost=57.0000 best_alt=51.0000 gap=6.0000 tried=5 sep_labels=51 clique_frac=0.01
t=199755ms iter=545 REBUILD reject new_tc=62.1295 (was 60.1051)
t=199914ms iter=545 incumb=60.1051 ratchet=60.3370 best=60.1051 since_improve=272
t=199923ms iter=546 WAIST cost=57.0000 best_alt=52.0000 gap=5.0000 tried=5 sep_labels=52 clique_frac=0.01
t=200097ms iter=546 REBUILD reject new_tc=60.7508 (was 60.1051)
t=200256ms iter=546 incumb=60.1051 ratchet=60.7262 best=60.1051 since_improve=273
t=200263ms iter=547 WAIST cost=57.0000 best_alt=52.0000 gap=5.0000 tried=5 sep_labels=52 clique_frac=0.01
t=200444ms iter=547 REBUILD reject new_tc=61.6459 (was 60.1051)
t=200604ms iter=547 incumb=60.1051 ratchet=60.6134 best=60.1051 since_improve=274
t=200611ms iter=548 WAIST cost=57.0000 best_alt=52.0000 gap=5.0000 tried=5 sep_labels=52 clique_frac=0.01
t=200790ms iter=548 REBUILD reject new_tc=60.6983 (was 60.1051)
t=200945ms iter=548 incumb=60.1051 ratchet=60.1563 best=60.1051 since_improve=275
t=200952ms iter=549 WAIST cost=57.0000 best_alt=50.0000 gap=7.0000 tried=5 sep_labels=50 clique_frac=0.01
t=201098ms iter=549 REBUILD reject new_tc=60.8192 (was 60.1051)
t=201259ms iter=549 incumb=60.1051 ratchet=60.3153 best=60.1051 since_improve=276
t=201266ms iter=550 WAIST cost=57.0000 best_alt=52.0000 gap=5.0000 tried=5 sep_labels=52 clique_frac=0.01
t=201428ms iter=550 REBUILD reject new_tc=70.0018 (was 60.1051)
t=201581ms iter=550 incumb=60.1051 ratchet=60.4667 best=60.1051 since_improve=277
t=201589ms iter=551 WAIST cost=57.0000 best_alt=52.0000 gap=5.0000 tried=5 sep_labels=52 clique_frac=0.01
t=201764ms iter=551 REBUILD reject new_tc=60.8590 (was 60.1051)
t=201918ms iter=551 incumb=60.1051 ratchet=60.7544 best=60.1051 since_improve=278
t=201927ms iter=552 WAIST cost=57.0000 best_alt=51.0000 gap=6.0000 tried=5 sep_labels=51 clique_frac=0.01
t=202081ms iter=552 REBUILD reject new_tc=69.7794 (was 60.1051)
t=202240ms iter=552 incumb=60.1051 ratchet=60.5275 best=60.1051 since_improve=279
t=202250ms iter=553 WAIST cost=57.0000 best_alt=51.0000 gap=6.0000 tried=5 sep_labels=51 clique_frac=0.01
t=202410ms iter=553 REBUILD reject new_tc=61.7914 (was 60.1051)
t=202567ms iter=553 incumb=60.1051 ratchet=60.3478 best=60.1051 since_improve=280
t=202577ms iter=554 WAIST cost=57.0000 best_alt=51.0000 gap=6.0000 tried=5 sep_labels=51 clique_frac=0.01
t=202748ms iter=554 REBUILD reject new_tc=65.0018 (was 60.1051)
t=202905ms iter=554 incumb=60.1051 ratchet=60.3227 best=60.1051 since_improve=281
t=202913ms iter=555 WAIST cost=57.0000 best_alt=52.0000 gap=5.0000 tried=5 sep_labels=52 clique_frac=0.01
t=203091ms iter=555 REBUILD reject new_tc=60.6471 (was 60.1051)
t=203243ms iter=555 incumb=60.1051 ratchet=60.1850 best=60.1051 since_improve=282
t=203251ms iter=556 WAIST cost=57.0000 best_alt=52.0000 gap=5.0000 tried=5 sep_labels=52 clique_frac=0.01
t=203429ms iter=556 REBUILD reject new_tc=60.9992 (was 60.1051)
t=203585ms iter=556 incumb=60.1051 ratchet=60.3909 best=60.1051 since_improve=283
t=203591ms iter=557 WAIST cost=57.0000 best_alt=52.0000 gap=5.0000 tried=5 sep_labels=52 clique_frac=0.01
t=203765ms iter=557 REBUILD reject new_tc=61.0169 (was 60.1051)
t=203923ms iter=557 incumb=60.1051 ratchet=60.2883 best=60.1051 since_improve=284
t=203932ms iter=558 WAIST cost=57.0000 best_alt=51.0000 gap=6.0000 tried=5 sep_labels=51 clique_frac=0.01
t=204078ms iter=558 REBUILD reject new_tc=67.6015 (was 60.1051)
t=204227ms iter=558 incumb=60.1051 ratchet=60.1304 best=60.1051 since_improve=285
t=204236ms iter=559 WAIST cost=57.0000 best_alt=52.0000 gap=5.0000 tried=5 sep_labels=52 clique_frac=0.01
t=204408ms iter=559 REBUILD reject new_tc=61.2103 (was 60.1051)
t=204568ms iter=559 incumb=60.1051 ratchet=60.2231 best=60.1051 since_improve=286
t=204576ms iter=560 WAIST cost=57.0000 best_alt=51.0000 gap=6.0000 tried=5 sep_labels=51 clique_frac=0.01
t=204726ms iter=560 REBUILD reject new_tc=61.3638 (was 60.1051)
t=204871ms iter=560 incumb=60.1051 ratchet=60.1829 best=60.1051 since_improve=287
t=204877ms iter=561 WAIST cost=57.0000 best_alt=52.0000 gap=5.0000 tried=5 sep_labels=52 clique_frac=0.01
t=205046ms iter=561 REBUILD reject new_tc=60.7348 (was 60.1051)
t=205202ms iter=561 incumb=60.1051 ratchet=60.2994 best=60.1051 since_improve=288
t=205210ms iter=562 WAIST cost=57.0000 best_alt=52.0000 gap=5.0000 tried=5 sep_labels=52 clique_frac=0.01
t=205385ms iter=562 REBUILD reject new_tc=67.8138 (was 60.1051)
t=205570ms iter=562 incumb=60.1051 ratchet=60.3785 best=60.1051 since_improve=289
t=205579ms iter=563 WAIST cost=57.0000 best_alt=51.0000 gap=6.0000 tried=5 sep_labels=51 clique_frac=0.01
t=205752ms iter=563 REBUILD reject new_tc=60.3846 (was 60.1051)
t=205907ms iter=563 incumb=60.1051 ratchet=60.3542 best=60.1051 since_improve=290
t=205918ms iter=564 WAIST cost=57.0000 best_alt=52.0000 gap=5.0000 tried=5 sep_labels=52 clique_frac=0.01
t=206134ms iter=564 REBUILD reject new_tc=61.0475 (was 60.1051)
t=206291ms iter=564 incumb=60.1051 ratchet=60.3651 best=60.1051 since_improve=291
t=206299ms iter=565 WAIST cost=57.0000 best_alt=51.0000 gap=6.0000 tried=5 sep_labels=51 clique_frac=0.01
t=206452ms iter=565 REBUILD reject new_tc=61.6785 (was 60.1051)
t=206608ms iter=565 incumb=60.1051 ratchet=60.1478 best=60.1051 since_improve=292
t=206618ms iter=566 WAIST cost=57.0000 best_alt=51.0000 gap=6.0000 tried=5 sep_labels=51 clique_frac=0.01
t=206772ms iter=566 REBUILD reject new_tc=61.5600 (was 60.1051)
t=206931ms iter=566 incumb=60.1051 ratchet=60.1563 best=60.1051 since_improve=293
t=206938ms iter=567 WAIST cost=57.0000 best_alt=52.0000 gap=5.0000 tried=5 sep_labels=52 clique_frac=0.01
t=207107ms iter=567 REBUILD reject new_tc=63.0097 (was 60.1051)
t=207260ms iter=567 incumb=60.1051 ratchet=60.1566 best=60.1051 since_improve=294
t=207269ms iter=568 WAIST cost=57.0000 best_alt=52.0000 gap=5.0000 tried=5 sep_labels=52 clique_frac=0.01
t=207441ms iter=568 REBUILD reject new_tc=60.2958 (was 60.1051)
t=207597ms iter=568 incumb=60.1051 ratchet=60.1944 best=60.1051 since_improve=295
t=207606ms iter=569 WAIST cost=57.0000 best_alt=52.0000 gap=5.0000 tried=5 sep_labels=52 clique_frac=0.01
t=207776ms iter=569 REBUILD reject new_tc=61.0436 (was 60.1051)
t=207928ms iter=569 incumb=60.1051 ratchet=60.1418 best=60.1051 since_improve=296
t=207937ms iter=570 WAIST cost=57.0000 best_alt=51.0000 gap=6.0000 tried=5 sep_labels=51 clique_frac=0.01
t=208087ms iter=570 REBUILD reject new_tc=65.1083 (was 60.1051)
t=208244ms iter=570 incumb=60.1051 ratchet=60.2817 best=60.1051 since_improve=297
t=208253ms iter=571 WAIST cost=57.0000 best_alt=50.0000 gap=7.0000 tried=5 sep_labels=50 clique_frac=0.01
t=208392ms iter=571 REBUILD reject new_tc=79.0000 (was 60.1051)
t=208544ms iter=571 incumb=60.1051 ratchet=60.1460 best=60.1051 since_improve=298
t=208552ms iter=572 WAIST cost=57.0000 best_alt=52.0000 gap=5.0000 tried=5 sep_labels=52 clique_frac=0.01
t=208725ms iter=572 REBUILD reject new_tc=60.5930 (was 60.1051)
t=208876ms iter=572 incumb=60.1051 ratchet=60.4401 best=60.1051 since_improve=299
t=208882ms iter=573 WAIST cost=57.0000 best_alt=50.0000 gap=7.0000 tried=5 sep_labels=50 clique_frac=0.01
t=209034ms iter=573 REBUILD reject new_tc=61.3294 (was 60.1051)
t=209177ms iter=573 incumb=60.1051 ratchet=60.1985 best=60.1051 since_improve=300
t=209185ms iter=574 WAIST cost=57.0000 best_alt=52.0000 gap=5.0000 tried=5 sep_labels=52 clique_frac=0.01
t=209360ms iter=574 REBUILD reject new_tc=60.9032 (was 60.1051)
t=209518ms iter=574 incumb=60.1051 ratchet=60.4132 best=60.1051 since_improve=301
t=209527ms iter=575 WAIST cost=57.0000 best_alt=52.0000 gap=5.0000 tried=5 sep_labels=52 clique_frac=0.01
t=209702ms iter=575 REBUILD reject new_tc=60.9944 (was 60.1051)
t=209860ms iter=575 incumb=60.1051 ratchet=60.2039 best=60.1051 since_improve=302
t=209869ms iter=576 WAIST cost=57.0000 best_alt=51.0000 gap=6.0000 tried=5 sep_labels=51 clique_frac=0.01
t=210024ms iter=576 REBUILD reject new_tc=61.3599 (was 60.1051)
t=210183ms iter=576 incumb=60.1051 ratchet=60.3993 best=60.1051 since_improve=303
t=210191ms iter=577 WAIST cost=57.0000 best_alt=52.0000 gap=5.0000 tried=5 sep_labels=52 clique_frac=0.01
t=210370ms iter=577 REBUILD reject new_tc=62.3054 (was 60.1051)
t=210525ms iter=577 incumb=60.1051 ratchet=60.2533 best=60.1051 since_improve=304
t=210533ms iter=578 WAIST cost=57.0000 best_alt=51.0000 gap=6.0000 tried=5 sep_labels=51 clique_frac=0.01
t=210690ms iter=578 REBUILD reject new_tc=61.5840 (was 60.1051)
t=210845ms iter=578 incumb=60.1051 ratchet=60.2689 best=60.1051 since_improve=305
t=210853ms iter=579 WAIST cost=57.0000 best_alt=52.0000 gap=5.0000 tried=5 sep_labels=52 clique_frac=0.01
t=211025ms iter=579 REBUILD reject new_tc=60.2400 (was 60.1051)
t=211174ms iter=579 incumb=60.1051 ratchet=60.1601 best=60.1051 since_improve=306
t=211183ms iter=580 WAIST cost=57.0000 best_alt=49.0000 gap=8.0000 tried=5 sep_labels=49 clique_frac=0.01
t=211329ms iter=580 REBUILD reject new_tc=61.8161 (was 60.1051)
t=211483ms iter=580 incumb=60.1051 ratchet=60.3479 best=60.1051 since_improve=307
t=211493ms iter=581 WAIST cost=57.0000 best_alt=51.0000 gap=6.0000 tried=5 sep_labels=51 clique_frac=0.01
t=211647ms iter=581 REBUILD reject new_tc=61.4336 (was 60.1051)
t=211802ms iter=581 incumb=60.1051 ratchet=60.2068 best=60.1051 since_improve=308
t=211809ms iter=582 WAIST cost=57.0000 best_alt=52.0000 gap=5.0000 tried=5 sep_labels=52 clique_frac=0.01
t=211985ms iter=582 REBUILD reject new_tc=61.0113 (was 60.1051)
t=212141ms iter=582 incumb=60.1051 ratchet=60.3792 best=60.1051 since_improve=309
t=212150ms iter=583 WAIST cost=57.0000 best_alt=52.0000 gap=5.0000 tried=5 sep_labels=52 clique_frac=0.01
t=212324ms iter=583 REBUILD reject new_tc=60.6145 (was 60.1051)
t=212477ms iter=583 incumb=60.1051 ratchet=60.6577 best=60.1051 since_improve=310
t=212483ms iter=584 WAIST cost=57.0000 best_alt=52.0000 gap=5.0000 tried=5 sep_labels=52 clique_frac=0.01
t=212656ms iter=584 REBUILD reject new_tc=60.8729 (was 60.1051)
t=212812ms iter=584 incumb=60.1051 ratchet=60.1665 best=60.1051 since_improve=311
t=212820ms iter=585 WAIST cost=57.0000 best_alt=52.0000 gap=5.0000 tried=5 sep_labels=52 clique_frac=0.01
t=212995ms iter=585 REBUILD reject new_tc=61.0970 (was 60.1051)
t=213147ms iter=585 incumb=60.1051 ratchet=60.5050 best=60.1051 since_improve=312
t=213154ms iter=586 WAIST cost=57.0000 best_alt=52.0000 gap=5.0000 tried=5 sep_labels=52 clique_frac=0.01
t=213332ms iter=586 REBUILD reject new_tc=61.0152 (was 60.1051)
t=213486ms iter=586 incumb=60.1051 ratchet=60.3259 best=60.1051 since_improve=313
t=213494ms iter=587 WAIST cost=57.0000 best_alt=52.0000 gap=5.0000 tried=5 sep_labels=52 clique_frac=0.01
t=213671ms iter=587 REBUILD reject new_tc=60.7071 (was 60.1051)
t=213818ms iter=587 incumb=60.1051 ratchet=60.3616 best=60.1051 since_improve=314
t=213825ms iter=588 WAIST cost=57.0000 best_alt=52.0000 gap=5.0000 tried=5 sep_labels=52 clique_frac=0.01
t=213996ms iter=588 REBUILD reject new_tc=60.6853 (was 60.1051)
t=214143ms iter=588 incumb=60.1051 ratchet=60.1530 best=60.1051 since_improve=315
t=214151ms iter=589 WAIST cost=57.0000 best_alt=52.0000 gap=5.0000 tried=5 sep_labels=52 clique_frac=0.01
t=214323ms iter=589 REBUILD reject new_tc=60.7258 (was 60.1051)
t=214484ms iter=589 incumb=60.1051 ratchet=60.2371 best=60.1051 since_improve=316
t=214492ms iter=590 WAIST cost=57.0000 best_alt=51.0000 gap=6.0000 tried=5 sep_labels=51 clique_frac=0.01
t=214664ms iter=590 REBUILD reject new_tc=65.3573 (was 60.1051)
t=214823ms iter=590 incumb=60.1051 ratchet=60.5093 best=60.1051 since_improve=317
t=214830ms iter=591 WAIST cost=57.0000 best_alt=52.0000 gap=5.0000 tried=5 sep_labels=52 clique_frac=0.01
t=215000ms iter=591 REBUILD reject new_tc=65.1885 (was 60.1051)
t=215157ms iter=591 incumb=60.1051 ratchet=60.2760 best=60.1051 since_improve=318
t=215166ms iter=592 WAIST cost=57.0000 best_alt=52.0000 gap=5.0000 tried=5 sep_labels=52 clique_frac=0.01
t=215335ms iter=592 REBUILD reject new_tc=63.3148 (was 60.1051)
t=215490ms iter=592 incumb=60.1051 ratchet=60.2657 best=60.1051 since_improve=319
t=215498ms iter=593 WAIST cost=57.0000 best_alt=52.0000 gap=5.0000 tried=5 sep_labels=52 clique_frac=0.01
t=215665ms iter=593 REBUILD reject new_tc=60.7530 (was 60.1051)
t=215817ms iter=593 incumb=60.1051 ratchet=60.2708 best=60.1051 since_improve=320
t=215824ms iter=594 WAIST cost=57.0000 best_alt=52.0000 gap=5.0000 tried=5 sep_labels=52 clique_frac=0.01
t=215999ms iter=594 REBUILD reject new_tc=60.7286 (was 60.1051)
t=216151ms iter=594 incumb=60.1051 ratchet=60.3450 best=60.1051 since_improve=321
t=216158ms iter=595 WAIST cost=57.0000 best_alt=49.0000 gap=8.0000 tried=5 sep_labels=49 clique_frac=0.01
t=216300ms iter=595 REBUILD reject new_tc=79.0003 (was 60.1051)
t=216456ms iter=595 incumb=60.1051 ratchet=60.1399 best=60.1051 since_improve=322
t=216463ms iter=596 WAIST cost=57.0000 best_alt=52.0000 gap=5.0000 tried=5 sep_labels=52 clique_frac=0.01
t=216634ms iter=596 REBUILD reject new_tc=61.3628 (was 60.1051)
t=216786ms iter=596 incumb=60.1051 ratchet=60.2147 best=60.1051 since_improve=323
t=216793ms iter=597 WAIST cost=57.0000 best_alt=52.0000 gap=5.0000 tried=5 sep_labels=52 clique_frac=0.01
t=216967ms iter=597 REBUILD reject new_tc=60.9842 (was 60.1051)
t=217119ms iter=597 incumb=60.1051 ratchet=60.1587 best=60.1051 since_improve=324
t=217128ms iter=598 WAIST cost=57.0000 best_alt=52.0000 gap=5.0000 tried=5 sep_labels=52 clique_frac=0.01
t=217305ms iter=598 REBUILD reject new_tc=61.4386 (was 60.1051)
t=217452ms iter=598 incumb=60.1051 ratchet=60.3894 best=60.1051 since_improve=325
t=217461ms iter=599 WAIST cost=57.0000 best_alt=49.0000 gap=8.0000 tried=5 sep_labels=49 clique_frac=0.01
t=217620ms iter=599 REBUILD reject new_tc=61.3814 (was 60.1051)
t=217775ms iter=599 incumb=60.1051 ratchet=60.4208 best=60.1051 since_improve=326
t=217785ms iter=600 WAIST cost=57.0000 best_alt=52.0000 gap=5.0000 tried=5 sep_labels=52 clique_frac=0.01
t=217953ms iter=600 REBUILD reject new_tc=60.7009 (was 60.1051)
t=218115ms iter=600 incumb=60.1051 ratchet=60.3603 best=60.1051 since_improve=327
t=218122ms iter=601 WAIST cost=57.0000 best_alt=52.0000 gap=5.0000 tried=5 sep_labels=52 clique_frac=0.01
t=218298ms iter=601 REBUILD reject new_tc=61.2183 (was 60.1051)
t=218454ms iter=601 incumb=60.1051 ratchet=60.4058 best=60.1051 since_improve=328
t=218464ms iter=602 WAIST cost=57.0000 best_alt=52.0000 gap=5.0000 tried=5 sep_labels=52 clique_frac=0.01
t=218638ms iter=602 REBUILD reject new_tc=65.6328 (was 60.1051)
t=218798ms iter=602 incumb=60.1051 ratchet=60.1868 best=60.1051 since_improve=329
t=218807ms iter=603 WAIST cost=57.0000 best_alt=51.0000 gap=6.0000 tried=5 sep_labels=51 clique_frac=0.01
t=218963ms iter=603 REBUILD reject new_tc=61.3010 (was 60.1051)
t=219117ms iter=603 incumb=60.1051 ratchet=60.3539 best=60.1051 since_improve=330
t=219126ms iter=604 WAIST cost=57.0000 best_alt=50.0000 gap=7.0000 tried=5 sep_labels=50 clique_frac=0.01
t=219284ms iter=604 REBUILD reject new_tc=61.3165 (was 60.1051)
t=219441ms iter=604 incumb=60.1051 ratchet=60.2691 best=60.1051 since_improve=331
t=219450ms iter=605 WAIST cost=57.0000 best_alt=52.0000 gap=5.0000 tried=5 sep_labels=52 clique_frac=0.01
t=219624ms iter=605 REBUILD reject new_tc=60.6340 (was 60.1051)
t=219781ms iter=605 incumb=60.1051 ratchet=60.4844 best=60.1051 since_improve=332
t=219790ms iter=606 WAIST cost=57.0000 best_alt=52.0000 gap=5.0000 tried=5 sep_labels=52 clique_frac=0.01
t=219959ms iter=606 REBUILD reject new_tc=60.8711 (was 60.1051)
t=220113ms iter=606 incumb=60.1051 ratchet=60.2572 best=60.1051 since_improve=333
t=220121ms iter=607 WAIST cost=57.0000 best_alt=52.0000 gap=5.0000 tried=5 sep_labels=52 clique_frac=0.01
t=220293ms iter=607 REBUILD reject new_tc=61.0601 (was 60.1051)
t=220447ms iter=607 incumb=60.1051 ratchet=60.1785 best=60.1051 since_improve=334
t=220456ms iter=608 WAIST cost=57.0000 best_alt=52.0000 gap=5.0000 tried=5 sep_labels=52 clique_frac=0.01
t=220633ms iter=608 REBUILD reject new_tc=61.0959 (was 60.1051)
t=220793ms iter=608 incumb=60.1051 ratchet=60.2445 best=60.1051 since_improve=335
t=220803ms iter=609 WAIST cost=57.0000 best_alt=51.0000 gap=6.0000 tried=5 sep_labels=51 clique_frac=0.01
t=220973ms iter=609 REBUILD reject new_tc=60.7704 (was 60.1051)
t=221128ms iter=609 incumb=60.1051 ratchet=60.3700 best=60.1051 since_improve=336
t=221137ms iter=610 WAIST cost=57.0000 best_alt=50.0000 gap=7.0000 tried=5 sep_labels=50 clique_frac=0.01
t=221276ms iter=610 REBUILD reject new_tc=79.0000 (was 60.1051)
t=221433ms iter=610 incumb=60.1051 ratchet=60.3657 best=60.1051 since_improve=337
t=221441ms iter=611 WAIST cost=57.0000 best_alt=52.0000 gap=5.0000 tried=5 sep_labels=52 clique_frac=0.01
t=221614ms iter=611 REBUILD reject new_tc=60.6085 (was 60.1051)
t=221769ms iter=611 incumb=60.1051 ratchet=60.2312 best=60.1051 since_improve=338
t=221779ms iter=612 WAIST cost=57.0000 best_alt=52.0000 gap=5.0000 tried=5 sep_labels=52 clique_frac=0.01
t=221949ms iter=612 REBUILD reject new_tc=60.4353 (was 60.1051)
t=222107ms iter=612 incumb=60.1051 ratchet=60.6754 best=60.1051 since_improve=339
t=222115ms iter=613 WAIST cost=57.0000 best_alt=52.0000 gap=5.0000 tried=5 sep_labels=52 clique_frac=0.01
t=222293ms iter=613 REBUILD reject new_tc=60.7639 (was 60.1051)
t=222448ms iter=613 incumb=60.1051 ratchet=60.1612 best=60.1051 since_improve=340
t=222457ms iter=614 WAIST cost=57.0000 best_alt=51.0000 gap=6.0000 tried=5 sep_labels=51 clique_frac=0.01
t=222622ms iter=614 REBUILD reject new_tc=61.2032 (was 60.1051)
t=222774ms iter=614 incumb=60.1051 ratchet=60.3538 best=60.1051 since_improve=341
t=222783ms iter=615 WAIST cost=57.0000 best_alt=52.0000 gap=5.0000 tried=5 sep_labels=52 clique_frac=0.01
t=222959ms iter=615 REBUILD reject new_tc=61.2016 (was 60.1051)
t=223121ms iter=615 incumb=60.1051 ratchet=60.1808 best=60.1051 since_improve=342
t=223130ms iter=616 WAIST cost=57.0000 best_alt=51.0000 gap=6.0000 tried=5 sep_labels=51 clique_frac=0.01
t=223298ms iter=616 REBUILD reject new_tc=70.2164 (was 60.1051)
t=223456ms iter=616 incumb=60.1051 ratchet=60.2811 best=60.1051 since_improve=343
t=223465ms iter=617 WAIST cost=57.0000 best_alt=52.0000 gap=5.0000 tried=5 sep_labels=52 clique_frac=0.01
t=223640ms iter=617 REBUILD reject new_tc=60.3728 (was 60.1051)
t=223792ms iter=617 incumb=60.1051 ratchet=60.2283 best=60.1051 since_improve=344
t=223799ms iter=618 WAIST cost=57.0000 best_alt=51.0000 gap=6.0000 tried=5 sep_labels=51 clique_frac=0.01
t=223974ms iter=618 REBUILD reject new_tc=61.5483 (was 60.1051)
t=224131ms iter=618 incumb=60.1051 ratchet=60.3496 best=60.1051 since_improve=345
t=224138ms iter=619 WAIST cost=57.0000 best_alt=52.0000 gap=5.0000 tried=5 sep_labels=52 clique_frac=0.01
t=224312ms iter=619 REBUILD reject new_tc=61.0709 (was 60.1051)
t=224472ms iter=619 incumb=60.1051 ratchet=60.3409 best=60.1051 since_improve=346
t=224480ms iter=620 WAIST cost=57.0000 best_alt=52.0000 gap=5.0000 tried=5 sep_labels=52 clique_frac=0.01
t=224668ms iter=620 REBUILD reject new_tc=72.0372 (was 60.1051)
t=224846ms iter=620 incumb=60.1051 ratchet=60.1608 best=60.1051 since_improve=347
t=224854ms iter=621 WAIST cost=57.0000 best_alt=52.0000 gap=5.0000 tried=5 sep_labels=52 clique_frac=0.01
t=225032ms iter=621 REBUILD reject new_tc=66.0269 (was 60.1051)
t=225181ms iter=621 incumb=60.1051 ratchet=60.2128 best=60.1051 since_improve=348
t=225189ms iter=622 WAIST cost=57.0000 best_alt=52.0000 gap=5.0000 tried=5 sep_labels=52 clique_frac=0.01
t=225349ms iter=622 REBUILD reject new_tc=64.0071 (was 60.1051)
t=225499ms iter=622 incumb=60.1051 ratchet=60.2895 best=60.1051 since_improve=349
t=225508ms iter=623 WAIST cost=57.0000 best_alt=52.0000 gap=5.0000 tried=5 sep_labels=52 clique_frac=0.01
t=225683ms iter=623 REBUILD reject new_tc=60.8906 (was 60.1051)
t=225843ms iter=623 incumb=60.1051 ratchet=60.4525 best=60.1051 since_improve=350
t=225854ms iter=624 WAIST cost=57.0000 best_alt=51.0000 gap=6.0000 tried=5 sep_labels=51 clique_frac=0.01
t=226024ms iter=624 REBUILD reject new_tc=60.7142 (was 60.1051)
t=226183ms iter=624 incumb=60.1051 ratchet=60.3000 best=60.1051 since_improve=351
t=226192ms iter=625 WAIST cost=57.0000 best_alt=52.0000 gap=5.0000 tried=5 sep_labels=52 clique_frac=0.01
t=226362ms iter=625 REBUILD reject new_tc=60.5110 (was 60.1051)
t=226524ms iter=625 incumb=60.1051 ratchet=60.6950 best=60.1051 since_improve=352
t=226533ms iter=626 WAIST cost=57.0000 best_alt=52.0000 gap=5.0000 tried=5 sep_labels=52 clique_frac=0.01
t=226696ms iter=626 REBUILD reject new_tc=74.0003 (was 60.1051)
t=226854ms iter=626 incumb=60.1051 ratchet=60.1444 best=60.1051 since_improve=353
t=226863ms iter=627 WAIST cost=57.0000 best_alt=52.0000 gap=5.0000 tried=5 sep_labels=52 clique_frac=0.01
t=227037ms iter=627 REBUILD reject new_tc=60.8393 (was 60.1051)
t=227194ms iter=627 incumb=60.1051 ratchet=60.2887 best=60.1051 since_improve=354
t=227202ms iter=628 WAIST cost=57.0000 best_alt=51.0000 gap=6.0000 tried=5 sep_labels=51 clique_frac=0.01
t=227376ms iter=628 REBUILD reject new_tc=61.4434 (was 60.1051)
t=227529ms iter=628 incumb=60.1051 ratchet=60.2009 best=60.1051 since_improve=355
t=227538ms iter=629 WAIST cost=57.0000 best_alt=52.0000 gap=5.0000 tried=5 sep_labels=52 clique_frac=0.01
t=227711ms iter=629 REBUILD reject new_tc=60.2599 (was 60.1051)
t=227866ms iter=629 incumb=60.1051 ratchet=60.1413 best=60.1051 since_improve=356
t=227875ms iter=630 WAIST cost=57.0000 best_alt=52.0000 gap=5.0000 tried=5 sep_labels=52 clique_frac=0.01
t=228045ms iter=630 REBUILD reject new_tc=60.2420 (was 60.1051)
t=228199ms iter=630 incumb=60.1051 ratchet=60.2592 best=60.1051 since_improve=357
t=228207ms iter=631 WAIST cost=57.0000 best_alt=49.0000 gap=8.0000 tried=5 sep_labels=49 clique_frac=0.01
t=228360ms iter=631 REBUILD reject new_tc=60.9746 (was 60.1051)
t=228514ms iter=631 incumb=60.1051 ratchet=60.4435 best=60.1051 since_improve=358
t=228523ms iter=632 WAIST cost=57.0000 best_alt=52.0000 gap=5.0000 tried=5 sep_labels=52 clique_frac=0.01
t=228698ms iter=632 REBUILD reject new_tc=61.1926 (was 60.1051)
t=228854ms iter=632 incumb=60.1051 ratchet=60.2284 best=60.1051 since_improve=359
t=228862ms iter=633 WAIST cost=57.0000 best_alt=52.0000 gap=5.0000 tried=5 sep_labels=52 clique_frac=0.01
t=229039ms iter=633 REBUILD reject new_tc=60.9066 (was 60.1051)
t=229191ms iter=633 incumb=60.1051 ratchet=60.5407 best=60.1051 since_improve=360
t=229199ms iter=634 WAIST cost=57.0000 best_alt=52.0000 gap=5.0000 tried=5 sep_labels=52 clique_frac=0.01
t=229367ms iter=634 REBUILD reject new_tc=61.3675 (was 60.1051)
t=229522ms iter=634 incumb=60.1051 ratchet=60.1162 best=60.1051 since_improve=361
t=229530ms iter=635 WAIST cost=57.0000 best_alt=52.0000 gap=5.0000 tried=5 sep_labels=52 clique_frac=0.01
t=229705ms iter=635 REBUILD reject new_tc=60.9212 (was 60.1051)
t=229856ms iter=635 incumb=60.1051 ratchet=60.2244 best=60.1051 since_improve=362
t=229864ms iter=636 WAIST cost=57.0000 best_alt=51.0000 gap=6.0000 tried=5 sep_labels=51 clique_frac=0.01
t=230016ms iter=636 REBUILD reject new_tc=64.9621 (was 60.1051)
t=230174ms iter=636 incumb=60.1051 ratchet=60.3032 best=60.1051 since_improve=363
t=230182ms iter=637 WAIST cost=57.0000 best_alt=50.0000 gap=7.0000 tried=5 sep_labels=50 clique_frac=0.01
t=230329ms iter=637 REBUILD reject new_tc=66.6243 (was 60.1051)
t=230490ms iter=637 incumb=60.1051 ratchet=60.4524 best=60.1051 since_improve=364
t=230499ms iter=638 WAIST cost=57.0000 best_alt=52.0000 gap=5.0000 tried=5 sep_labels=52 clique_frac=0.01
t=230673ms iter=638 REBUILD reject new_tc=61.1103 (was 60.1051)
t=230830ms iter=638 incumb=60.1051 ratchet=60.3994 best=60.1051 since_improve=365
t=230840ms iter=639 WAIST cost=57.0000 best_alt=52.0000 gap=5.0000 tried=5 sep_labels=52 clique_frac=0.01
t=231009ms iter=639 REBUILD reject new_tc=63.0406 (was 60.1051)
t=231166ms iter=639 incumb=60.1051 ratchet=60.1706 best=60.1051 since_improve=366
t=231175ms iter=640 WAIST cost=57.0000 best_alt=51.0000 gap=6.0000 tried=5 sep_labels=51 clique_frac=0.01
t=231332ms iter=640 REBUILD reject new_tc=61.4843 (was 60.1051)
t=231489ms iter=640 incumb=60.1051 ratchet=60.5571 best=60.1051 since_improve=367
t=231497ms iter=641 WAIST cost=57.0000 best_alt=52.0000 gap=5.0000 tried=5 sep_labels=52 clique_frac=0.01
t=231659ms iter=641 REBUILD reject new_tc=66.5822 (was 60.1051)
t=231815ms iter=641 incumb=60.1051 ratchet=60.3343 best=60.1051 since_improve=368
t=231824ms iter=642 WAIST cost=57.0000 best_alt=51.0000 gap=6.0000 tried=5 sep_labels=51 clique_frac=0.01
t=231982ms iter=642 REBUILD reject new_tc=61.3972 (was 60.1051)
t=232136ms iter=642 incumb=60.1051 ratchet=60.2564 best=60.1051 since_improve=369
t=232144ms iter=643 WAIST cost=57.0000 best_alt=52.0000 gap=5.0000 tried=5 sep_labels=52 clique_frac=0.01
t=232311ms iter=643 REBUILD reject new_tc=61.0482 (was 60.1051)
t=232470ms iter=643 incumb=60.1051 ratchet=60.4281 best=60.1051 since_improve=370
t=232480ms iter=644 WAIST cost=57.0000 best_alt=52.0000 gap=5.0000 tried=5 sep_labels=52 clique_frac=0.01
t=232653ms iter=644 REBUILD reject new_tc=60.8252 (was 60.1051)
t=232820ms iter=644 incumb=60.1051 ratchet=60.3548 best=60.1051 since_improve=371
t=232829ms iter=645 WAIST cost=57.0000 best_alt=51.0000 gap=6.0000 tried=5 sep_labels=51 clique_frac=0.01
t=232986ms iter=645 REBUILD reject new_tc=61.3918 (was 60.1051)
t=233145ms iter=645 incumb=60.1051 ratchet=60.1695 best=60.1051 since_improve=372
t=233154ms iter=646 WAIST cost=57.0000 best_alt=49.0000 gap=8.0000 tried=5 sep_labels=49 clique_frac=0.01
t=233302ms iter=646 REBUILD reject new_tc=68.3782 (was 60.1051)
t=233464ms iter=646 incumb=60.1051 ratchet=60.6793 best=60.1051 since_improve=373
t=233472ms iter=647 WAIST cost=57.0000 best_alt=51.0000 gap=6.0000 tried=5 sep_labels=51 clique_frac=0.01
t=233629ms iter=647 REBUILD reject new_tc=61.7256 (was 60.1051)
t=233785ms iter=647 incumb=60.1051 ratchet=60.4258 best=60.1051 since_improve=374
t=233792ms iter=648 WAIST cost=57.0000 best_alt=52.0000 gap=5.0000 tried=5 sep_labels=52 clique_frac=0.01
t=233957ms iter=648 REBUILD reject new_tc=74.0032 (was 60.1051)
t=234108ms iter=648 incumb=60.1051 ratchet=60.2525 best=60.1051 since_improve=375
t=234116ms iter=649 WAIST cost=57.0000 best_alt=51.0000 gap=6.0000 tried=5 sep_labels=51 clique_frac=0.01
t=234276ms iter=649 REBUILD reject new_tc=61.5902 (was 60.1051)
t=234427ms iter=649 incumb=60.1051 ratchet=60.4692 best=60.1051 since_improve=376
t=234438ms iter=650 WAIST cost=57.0000 best_alt=52.0000 gap=5.0000 tried=5 sep_labels=52 clique_frac=0.01
t=234615ms iter=650 REBUILD reject new_tc=61.1008 (was 60.1051)
t=234770ms iter=650 incumb=60.1051 ratchet=60.2351 best=60.1051 since_improve=377
t=234779ms iter=651 WAIST cost=57.0000 best_alt=52.0000 gap=5.0000 tried=5 sep_labels=52 clique_frac=0.01
t=234942ms iter=651 REBUILD reject new_tc=72.0154 (was 60.1051)
t=235094ms iter=651 incumb=60.1051 ratchet=60.3569 best=60.1051 since_improve=378
t=235104ms iter=652 WAIST cost=57.0000 best_alt=50.0000 gap=7.0000 tried=5 sep_labels=50 clique_frac=0.01
t=235259ms iter=652 REBUILD reject new_tc=61.4639 (was 60.1051)
t=235411ms iter=652 incumb=60.1051 ratchet=60.1948 best=60.1051 since_improve=379
t=235418ms iter=653 WAIST cost=57.0000 best_alt=52.0000 gap=5.0000 tried=5 sep_labels=52 clique_frac=0.01
t=235585ms iter=653 REBUILD reject new_tc=60.9604 (was 60.1051)
t=235735ms iter=653 incumb=60.1051 ratchet=60.1853 best=60.1051 since_improve=380
t=235744ms iter=654 WAIST cost=57.0000 best_alt=52.0000 gap=5.0000 tried=5 sep_labels=52 clique_frac=0.01
t=235916ms iter=654 REBUILD reject new_tc=60.9687 (was 60.1051)
t=236072ms iter=654 incumb=60.1051 ratchet=60.4229 best=60.1051 since_improve=381
t=236080ms iter=655 WAIST cost=57.0000 best_alt=52.0000 gap=5.0000 tried=5 sep_labels=52 clique_frac=0.01
t=236250ms iter=655 REBUILD reject new_tc=60.7149 (was 60.1051)
t=236410ms iter=655 incumb=60.1051 ratchet=60.4148 best=60.1051 since_improve=382
t=236418ms iter=656 WAIST cost=57.0000 best_alt=52.0000 gap=5.0000 tried=5 sep_labels=52 clique_frac=0.01
t=236593ms iter=656 REBUILD reject new_tc=62.6301 (was 60.1051)
t=236746ms iter=656 incumb=60.1051 ratchet=60.1922 best=60.1051 since_improve=383
t=236755ms iter=657 WAIST cost=57.0000 best_alt=49.0000 gap=8.0000 tried=5 sep_labels=49 clique_frac=0.01
t=236892ms iter=657 REBUILD reject new_tc=78.0016 (was 60.1051)
t=237043ms iter=657 incumb=60.1051 ratchet=60.1863 best=60.1051 since_improve=384
t=237054ms iter=658 WAIST cost=57.0000 best_alt=52.0000 gap=5.0000 tried=5 sep_labels=52 clique_frac=0.01
t=237219ms iter=658 REBUILD reject new_tc=73.0023 (was 60.1051)
t=237371ms iter=658 incumb=60.1051 ratchet=60.4490 best=60.1051 since_improve=385
t=237378ms iter=659 WAIST cost=57.0000 best_alt=52.0000 gap=5.0000 tried=5 sep_labels=52 clique_frac=0.01
t=237555ms iter=659 REBUILD reject new_tc=61.0997 (was 60.1051)
t=237709ms iter=659 incumb=60.1051 ratchet=60.2046 best=60.1051 since_improve=386
t=237718ms iter=660 WAIST cost=57.0000 best_alt=52.0000 gap=5.0000 tried=5 sep_labels=52 clique_frac=0.01
t=237893ms iter=660 REBUILD reject new_tc=60.5214 (was 60.1051)
t=238053ms iter=660 incumb=60.1051 ratchet=60.3897 best=60.1051 since_improve=387
t=238062ms iter=661 WAIST cost=57.0000 best_alt=51.0000 gap=6.0000 tried=5 sep_labels=51 clique_frac=0.01
t=238217ms iter=661 REBUILD reject new_tc=61.6864 (was 60.1051)
t=238372ms iter=661 incumb=60.1051 ratchet=60.5365 best=60.1051 since_improve=388
t=238383ms iter=662 WAIST cost=57.0000 best_alt=51.0000 gap=6.0000 tried=5 sep_labels=51 clique_frac=0.01
t=238557ms iter=662 REBUILD reject new_tc=62.3660 (was 60.1051)
t=238709ms iter=662 incumb=60.1051 ratchet=60.4361 best=60.1051 since_improve=389
t=238717ms iter=663 WAIST cost=57.0000 best_alt=51.0000 gap=6.0000 tried=5 sep_labels=51 clique_frac=0.01
t=238880ms iter=663 REBUILD reject new_tc=68.6088 (was 60.1051)
t=239036ms iter=663 incumb=60.1051 ratchet=60.7371 best=60.1051 since_improve=390
t=239043ms iter=664 WAIST cost=57.0000 best_alt=52.0000 gap=5.0000 tried=5 sep_labels=52 clique_frac=0.01
t=239213ms iter=664 REBUILD reject new_tc=72.0188 (was 60.1051)
t=239366ms iter=664 incumb=60.1051 ratchet=60.4942 best=60.1051 since_improve=391
t=239375ms iter=665 WAIST cost=57.0000 best_alt=51.0000 gap=6.0000 tried=5 sep_labels=51 clique_frac=0.01
t=239524ms iter=665 REBUILD reject new_tc=61.2324 (was 60.1051)
t=239681ms iter=665 incumb=60.1051 ratchet=60.5425 best=60.1051 since_improve=392
t=239690ms iter=666 WAIST cost=57.0000 best_alt=52.0000 gap=5.0000 tried=5 sep_labels=52 clique_frac=0.01
t=239861ms iter=666 REBUILD reject new_tc=61.6941 (was 60.1051)
t=240009ms iter=666 incumb=60.1051 ratchet=60.1745 best=60.1051 since_improve=393
t=240019ms iter=667 WAIST cost=57.0000 best_alt=52.0000 gap=5.0000 tried=5 sep_labels=52 clique_frac=0.01
t=240191ms iter=667 REBUILD reject new_tc=60.4974 (was 60.1051)
t=240347ms iter=667 incumb=60.1051 ratchet=60.4190 best=60.1051 since_improve=394
t=240356ms iter=668 WAIST cost=57.0000 best_alt=52.0000 gap=5.0000 tried=5 sep_labels=52 clique_frac=0.01
t=240517ms iter=668 REBUILD reject new_tc=73.0006 (was 60.1051)
t=240677ms iter=668 incumb=60.1051 ratchet=60.2244 best=60.1051 since_improve=395
t=240686ms iter=669 WAIST cost=57.0000 best_alt=52.0000 gap=5.0000 tried=5 sep_labels=52 clique_frac=0.01
t=240861ms iter=669 REBUILD reject new_tc=60.7717 (was 60.1051)
t=241019ms iter=669 incumb=60.1051 ratchet=60.5957 best=60.1051 since_improve=396
t=241027ms iter=670 WAIST cost=57.0000 best_alt=52.0000 gap=5.0000 tried=5 sep_labels=52 clique_frac=0.01
t=241189ms iter=670 REBUILD reject new_tc=67.0604 (was 60.1051)
t=241342ms iter=670 incumb=60.1051 ratchet=60.3802 best=60.1051 since_improve=397
t=241350ms iter=671 WAIST cost=57.0000 best_alt=52.0000 gap=5.0000 tried=5 sep_labels=52 clique_frac=0.01
t=241522ms iter=671 REBUILD reject new_tc=60.8160 (was 60.1051)
t=241679ms iter=671 incumb=60.1051 ratchet=60.4801 best=60.1051 since_improve=398
t=241688ms iter=672 WAIST cost=57.0000 best_alt=49.0000 gap=8.0000 tried=5 sep_labels=49 clique_frac=0.01
t=241844ms iter=672 REBUILD reject new_tc=60.6878 (was 60.1051)
t=242000ms iter=672 incumb=60.1051 ratchet=60.2207 best=60.1051 since_improve=399
t=242008ms iter=673 WAIST cost=57.0000 best_alt=52.0000 gap=5.0000 tried=5 sep_labels=52 clique_frac=0.01
t=242181ms iter=673 REBUILD reject new_tc=60.8244 (was 60.1051)
t=242337ms iter=673 incumb=60.1051 ratchet=60.2747 best=60.1051 since_improve=400
t=242349ms iter=674 WAIST cost=57.0000 best_alt=52.0000 gap=5.0000 tried=5 sep_labels=52 clique_frac=0.01
t=242524ms iter=674 REBUILD reject new_tc=60.7424 (was 60.1051)
t=242678ms iter=674 incumb=60.1051 ratchet=60.2511 best=60.1051 since_improve=401
t=242687ms iter=675 WAIST cost=57.0000 best_alt=49.0000 gap=8.0000 tried=5 sep_labels=49 clique_frac=0.01
t=242837ms iter=675 REBUILD reject new_tc=67.8669 (was 60.1051)
t=242992ms iter=675 incumb=60.1051 ratchet=60.1060 best=60.1051 since_improve=402
t=243001ms iter=676 WAIST cost=57.0000 best_alt=50.0000 gap=7.0000 tried=5 sep_labels=50 clique_frac=0.01
t=243148ms iter=676 REBUILD reject new_tc=66.0512 (was 60.1051)
t=243305ms iter=676 incumb=60.1051 ratchet=60.1884 best=60.1051 since_improve=403
t=243314ms iter=677 WAIST cost=57.0000 best_alt=52.0000 gap=5.0000 tried=5 sep_labels=52 clique_frac=0.01
t=243477ms iter=677 REBUILD reject new_tc=68.0089 (was 60.1051)
t=243631ms iter=677 incumb=60.1051 ratchet=60.2319 best=60.1051 since_improve=404
t=243642ms iter=678 WAIST cost=57.0000 best_alt=51.0000 gap=6.0000 tried=5 sep_labels=51 clique_frac=0.01
t=243807ms iter=678 REBUILD reject new_tc=61.4284 (was 60.1051)
t=243958ms iter=678 incumb=60.1051 ratchet=60.1968 best=60.1051 since_improve=405
t=243966ms iter=679 WAIST cost=57.0000 best_alt=50.0000 gap=7.0000 tried=5 sep_labels=50 clique_frac=0.01
t=244124ms iter=679 REBUILD reject new_tc=61.3877 (was 60.1051)
t=244272ms iter=679 incumb=60.1051 ratchet=60.1304 best=60.1051 since_improve=406
t=244280ms iter=680 WAIST cost=57.0000 best_alt=52.0000 gap=5.0000 tried=5 sep_labels=52 clique_frac=0.01
t=244456ms iter=680 REBUILD reject new_tc=60.7957 (was 60.1051)
t=244613ms iter=680 incumb=60.1051 ratchet=60.2361 best=60.1051 since_improve=407
t=244622ms iter=681 WAIST cost=57.0000 best_alt=52.0000 gap=5.0000 tried=5 sep_labels=52 clique_frac=0.01
t=244793ms iter=681 REBUILD reject new_tc=60.2994 (was 60.1051)
t=244952ms iter=681 incumb=60.1051 ratchet=60.1912 best=60.1051 since_improve=408
t=244960ms iter=682 WAIST cost=57.0000 best_alt=52.0000 gap=5.0000 tried=5 sep_labels=52 clique_frac=0.01
t=245134ms iter=682 REBUILD reject new_tc=61.1011 (was 60.1051)
t=245289ms iter=682 incumb=60.1051 ratchet=60.3445 best=60.1051 since_improve=409
t=245297ms iter=683 WAIST cost=57.0000 best_alt=52.0000 gap=5.0000 tried=5 sep_labels=52 clique_frac=0.01
t=245470ms iter=683 REBUILD reject new_tc=61.1169 (was 60.1051)
t=245624ms iter=683 incumb=60.1051 ratchet=60.2554 best=60.1051 since_improve=410
t=245634ms iter=684 WAIST cost=57.0000 best_alt=52.0000 gap=5.0000 tried=5 sep_labels=52 clique_frac=0.01
t=245808ms iter=684 REBUILD reject new_tc=60.8127 (was 60.1051)
t=245965ms iter=684 incumb=60.1051 ratchet=60.2652 best=60.1051 since_improve=411
t=245973ms iter=685 WAIST cost=57.0000 best_alt=52.0000 gap=5.0000 tried=5 sep_labels=52 clique_frac=0.01
t=246143ms iter=685 REBUILD reject new_tc=65.1859 (was 60.1051)
t=246294ms iter=685 incumb=60.1051 ratchet=60.3326 best=60.1051 since_improve=412
t=246304ms iter=686 WAIST cost=57.0000 best_alt=49.0000 gap=8.0000 tried=5 sep_labels=49 clique_frac=0.01
t=246454ms iter=686 REBUILD reject new_tc=65.4425 (was 60.1051)
t=246600ms iter=686 incumb=60.1051 ratchet=60.5422 best=60.1051 since_improve=413
t=246608ms iter=687 WAIST cost=57.0000 best_alt=52.0000 gap=5.0000 tried=5 sep_labels=52 clique_frac=0.01
t=246780ms iter=687 REBUILD reject new_tc=60.5208 (was 60.1051)
t=246938ms iter=687 incumb=60.1051 ratchet=60.2615 best=60.1051 since_improve=414
t=246944ms iter=688 WAIST cost=57.0000 best_alt=51.0000 gap=6.0000 tried=5 sep_labels=51 clique_frac=0.01
t=247096ms iter=688 REBUILD reject new_tc=61.1763 (was 60.1051)
t=247252ms iter=688 incumb=60.1051 ratchet=60.3933 best=60.1051 since_improve=415
t=247261ms iter=689 WAIST cost=57.0000 best_alt=52.0000 gap=5.0000 tried=5 sep_labels=52 clique_frac=0.01
t=247433ms iter=689 REBUILD reject new_tc=60.6919 (was 60.1051)
t=247585ms iter=689 incumb=60.1051 ratchet=60.2421 best=60.1051 since_improve=416
t=247594ms iter=690 WAIST cost=57.0000 best_alt=51.0000 gap=6.0000 tried=5 sep_labels=51 clique_frac=0.01
t=247738ms iter=690 REBUILD reject new_tc=70.0101 (was 60.1051)
t=247891ms iter=690 incumb=60.1051 ratchet=60.3438 best=60.1051 since_improve=417
t=247900ms iter=691 WAIST cost=57.0000 best_alt=52.0000 gap=5.0000 tried=5 sep_labels=52 clique_frac=0.01
t=248077ms iter=691 REBUILD reject new_tc=60.8976 (was 60.1051)
t=248230ms iter=691 incumb=60.1051 ratchet=60.8504 best=60.1051 since_improve=418
t=248239ms iter=692 WAIST cost=57.0000 best_alt=52.0000 gap=5.0000 tried=5 sep_labels=52 clique_frac=0.01
t=248405ms iter=692 REBUILD reject new_tc=60.9249 (was 60.1051)
t=248565ms iter=692 incumb=60.1051 ratchet=60.1969 best=60.1051 since_improve=419
t=248573ms iter=693 WAIST cost=57.0000 best_alt=52.0000 gap=5.0000 tried=5 sep_labels=52 clique_frac=0.01
t=248737ms iter=693 REBUILD reject new_tc=74.0052 (was 60.1051)
t=248895ms iter=693 incumb=60.1051 ratchet=60.4961 best=60.1051 since_improve=420
t=248902ms iter=694 WAIST cost=57.0000 best_alt=52.0000 gap=5.0000 tried=5 sep_labels=52 clique_frac=0.01
t=249079ms iter=694 REBUILD reject new_tc=60.9344 (was 60.1051)
t=249236ms iter=694 incumb=60.1051 ratchet=60.2344 best=60.1051 since_improve=421
t=249245ms iter=695 WAIST cost=57.0000 best_alt=50.0000 gap=7.0000 tried=5 sep_labels=50 clique_frac=0.01
t=249386ms iter=695 REBUILD reject new_tc=77.0003 (was 60.1051)
t=249545ms iter=695 incumb=60.1051 ratchet=60.1765 best=60.1051 since_improve=422
t=249554ms iter=696 WAIST cost=57.0000 best_alt=51.0000 gap=6.0000 tried=5 sep_labels=51 clique_frac=0.01
t=249710ms iter=696 REBUILD reject new_tc=61.3867 (was 60.1051)
t=249862ms iter=696 incumb=60.1051 ratchet=60.2770 best=60.1051 since_improve=423
t=249871ms iter=697 WAIST cost=57.0000 best_alt=52.0000 gap=5.0000 tried=5 sep_labels=52 clique_frac=0.01
t=250045ms iter=697 REBUILD reject new_tc=68.1436 (was 60.1051)
t=250205ms iter=697 incumb=60.1051 ratchet=60.1164 best=60.1051 since_improve=424
t=250213ms iter=698 WAIST cost=57.0000 best_alt=52.0000 gap=5.0000 tried=5 sep_labels=52 clique_frac=0.01
t=250387ms iter=698 REBUILD reject new_tc=60.6913 (was 60.1051)
t=250543ms iter=698 incumb=60.1051 ratchet=60.1487 best=60.1051 since_improve=425
t=250551ms iter=699 WAIST cost=57.0000 best_alt=52.0000 gap=5.0000 tried=5 sep_labels=52 clique_frac=0.01
t=250725ms iter=699 REBUILD reject new_tc=61.0838 (was 60.1051)
t=250885ms iter=699 incumb=60.1051 ratchet=60.2709 best=60.1051 since_improve=426
t=250895ms iter=700 WAIST cost=57.0000 best_alt=52.0000 gap=5.0000 tried=5 sep_labels=52 clique_frac=0.01
t=251072ms iter=700 REBUILD reject new_tc=60.7471 (was 60.1051)
t=251230ms iter=700 incumb=60.1051 ratchet=60.2947 best=60.1051 since_improve=427
t=251239ms iter=701 WAIST cost=57.0000 best_alt=52.0000 gap=5.0000 tried=5 sep_labels=52 clique_frac=0.01
t=251411ms iter=701 REBUILD reject new_tc=60.3400 (was 60.1051)
t=251570ms iter=701 incumb=60.1051 ratchet=60.2946 best=60.1051 since_improve=428
t=251578ms iter=702 WAIST cost=57.0000 best_alt=52.0000 gap=5.0000 tried=5 sep_labels=52 clique_frac=0.01
t=251753ms iter=702 REBUILD reject new_tc=61.0546 (was 60.1051)
t=251910ms iter=702 incumb=60.1051 ratchet=60.3038 best=60.1051 since_improve=429
t=251919ms iter=703 WAIST cost=57.0000 best_alt=52.0000 gap=5.0000 tried=5 sep_labels=52 clique_frac=0.01
t=252082ms iter=703 REBUILD reject new_tc=71.0011 (was 60.1051)
t=252234ms iter=703 incumb=60.1051 ratchet=60.3205 best=60.1051 since_improve=430
t=252242ms iter=704 WAIST cost=57.0000 best_alt=50.0000 gap=7.0000 tried=5 sep_labels=50 clique_frac=0.01
t=252392ms iter=704 REBUILD reject new_tc=62.8404 (was 60.1051)
t=252547ms iter=704 incumb=60.1051 ratchet=60.2917 best=60.1051 since_improve=431
t=252555ms iter=705 WAIST cost=57.0000 best_alt=52.0000 gap=5.0000 tried=5 sep_labels=52 clique_frac=0.01
t=252726ms iter=705 REBUILD reject new_tc=60.9530 (was 60.1051)
t=252886ms iter=705 incumb=60.1051 ratchet=60.2259 best=60.1051 since_improve=432
t=252892ms iter=706 WAIST cost=57.0000 best_alt=52.0000 gap=5.0000 tried=5 sep_labels=52 clique_frac=0.01
t=253063ms iter=706 REBUILD reject new_tc=60.5534 (was 60.1051)
t=253218ms iter=706 incumb=60.1051 ratchet=60.2598 best=60.1051 since_improve=433
t=253224ms iter=707 WAIST cost=57.0000 best_alt=51.0000 gap=6.0000 tried=5 sep_labels=51 clique_frac=0.01
t=253389ms iter=707 REBUILD reject new_tc=69.6742 (was 60.1051)
t=253547ms iter=707 incumb=60.1051 ratchet=60.1963 best=60.1051 since_improve=434
t=253555ms iter=708 WAIST cost=57.0000 best_alt=52.0000 gap=5.0000 tried=5 sep_labels=52 clique_frac=0.01
t=253729ms iter=708 REBUILD reject new_tc=60.6860 (was 60.1051)
t=253886ms iter=708 incumb=60.1051 ratchet=60.2023 best=60.1051 since_improve=435
t=253893ms iter=709 WAIST cost=57.0000 best_alt=52.0000 gap=5.0000 tried=5 sep_labels=52 clique_frac=0.01
t=254053ms iter=709 REBUILD reject new_tc=69.0053 (was 60.1051)
t=254210ms iter=709 incumb=60.1051 ratchet=60.6269 best=60.1051 since_improve=436
t=254218ms iter=710 WAIST cost=57.0000 best_alt=52.0000 gap=5.0000 tried=5 sep_labels=52 clique_frac=0.01
t=254392ms iter=710 REBUILD reject new_tc=60.9879 (was 60.1051)
t=254549ms iter=710 incumb=60.1051 ratchet=60.2667 best=60.1051 since_improve=437
t=254559ms iter=711 WAIST cost=57.0000 best_alt=49.0000 gap=8.0000 tried=5 sep_labels=49 clique_frac=0.01
t=254708ms iter=711 REBUILD reject new_tc=66.0592 (was 60.1051)
t=254859ms iter=711 incumb=60.1051 ratchet=60.1942 best=60.1051 since_improve=438
t=254866ms iter=712 WAIST cost=57.0000 best_alt=52.0000 gap=5.0000 tried=5 sep_labels=52 clique_frac=0.01
t=255035ms iter=712 REBUILD reject new_tc=65.2009 (was 60.1051)
t=255191ms iter=712 incumb=60.1051 ratchet=60.5560 best=60.1051 since_improve=439
t=255198ms iter=713 WAIST cost=57.0000 best_alt=52.0000 gap=5.0000 tried=5 sep_labels=52 clique_frac=0.01
t=255373ms iter=713 REBUILD reject new_tc=61.1939 (was 60.1051)
t=255524ms iter=713 incumb=60.1051 ratchet=60.1676 best=60.1051 since_improve=440
t=255533ms iter=714 WAIST cost=57.0000 best_alt=52.0000 gap=5.0000 tried=5 sep_labels=52 clique_frac=0.01
t=255707ms iter=714 REBUILD reject new_tc=60.7179 (was 60.1051)
t=255858ms iter=714 incumb=60.1051 ratchet=60.1570 best=60.1051 since_improve=441
t=255867ms iter=715 WAIST cost=57.0000 best_alt=50.0000 gap=7.0000 tried=5 sep_labels=50 clique_frac=0.01
t=256014ms iter=715 REBUILD reject new_tc=62.1002 (was 60.1051)
t=256169ms iter=715 incumb=60.1051 ratchet=60.3966 best=60.1051 since_improve=442
t=256176ms iter=716 WAIST cost=57.0000 best_alt=52.0000 gap=5.0000 tried=5 sep_labels=52 clique_frac=0.01
t=256351ms iter=716 REBUILD reject new_tc=60.9278 (was 60.1051)
t=256506ms iter=716 incumb=60.1051 ratchet=60.2446 best=60.1051 since_improve=443
t=256515ms iter=717 WAIST cost=57.0000 best_alt=50.0000 gap=7.0000 tried=5 sep_labels=50 clique_frac=0.01
t=256667ms iter=717 REBUILD reject new_tc=60.9471 (was 60.1051)
t=256818ms iter=717 incumb=60.1051 ratchet=60.1788 best=60.1051 since_improve=444
t=256827ms iter=718 WAIST cost=57.0000 best_alt=52.0000 gap=5.0000 tried=5 sep_labels=52 clique_frac=0.01
t=257002ms iter=718 REBUILD reject new_tc=61.0648 (was 60.1051)
t=257155ms iter=718 incumb=60.1051 ratchet=60.2820 best=60.1051 since_improve=445
t=257162ms iter=719 WAIST cost=57.0000 best_alt=51.0000 gap=6.0000 tried=5 sep_labels=51 clique_frac=0.01
t=257315ms iter=719 REBUILD reject new_tc=61.0591 (was 60.1051)
t=257474ms iter=719 incumb=60.1051 ratchet=60.2417 best=60.1051 since_improve=446
t=257482ms iter=720 WAIST cost=57.0000 best_alt=52.0000 gap=5.0000 tried=5 sep_labels=52 clique_frac=0.01
t=257646ms iter=720 REBUILD reject new_tc=65.1828 (was 60.1051)
t=257804ms iter=720 incumb=60.1051 ratchet=60.3138 best=60.1051 since_improve=447
t=257813ms iter=721 WAIST cost=57.0000 best_alt=52.0000 gap=5.0000 tried=5 sep_labels=52 clique_frac=0.01
t=257990ms iter=721 REBUILD reject new_tc=69.1462 (was 60.1051)
t=258145ms iter=721 incumb=60.1051 ratchet=60.2075 best=60.1051 since_improve=448
t=258154ms iter=722 WAIST cost=57.0000 best_alt=52.0000 gap=5.0000 tried=5 sep_labels=52 clique_frac=0.01
t=258327ms iter=722 REBUILD reject new_tc=60.7078 (was 60.1051)
t=258484ms iter=722 incumb=60.1051 ratchet=60.2438 best=60.1051 since_improve=449
t=258494ms iter=723 WAIST cost=57.0000 best_alt=51.0000 gap=6.0000 tried=5 sep_labels=51 clique_frac=0.01
t=258644ms iter=723 REBUILD reject new_tc=64.7770 (was 60.1051)
t=258802ms iter=723 incumb=60.1051 ratchet=60.3563 best=60.1051 since_improve=450
t=258811ms iter=724 WAIST cost=57.0000 best_alt=51.0000 gap=6.0000 tried=5 sep_labels=51 clique_frac=0.01
t=258947ms iter=724 REBUILD reject new_tc=76.0001 (was 60.1051)
t=259107ms iter=724 incumb=60.1051 ratchet=60.2530 best=60.1051 since_improve=451
t=259116ms iter=725 WAIST cost=57.0000 best_alt=49.0000 gap=8.0000 tried=5 sep_labels=49 clique_frac=0.01
t=259268ms iter=725 REBUILD reject new_tc=63.4421 (was 60.1051)
t=259421ms iter=725 incumb=60.1051 ratchet=60.1196 best=60.1051 since_improve=452
t=259430ms iter=726 WAIST cost=57.0000 best_alt=52.0000 gap=5.0000 tried=5 sep_labels=52 clique_frac=0.01
t=259597ms iter=726 REBUILD reject new_tc=68.0085 (was 60.1051)
t=259755ms iter=726 incumb=60.1051 ratchet=60.3021 best=60.1051 since_improve=453
t=259764ms iter=727 WAIST cost=57.0000 best_alt=52.0000 gap=5.0000 tried=5 sep_labels=52 clique_frac=0.01
t=259937ms iter=727 REBUILD reject new_tc=60.8317 (was 60.1051)
t=260097ms iter=727 incumb=60.1051 ratchet=60.6515 best=60.1051 since_improve=454
t=260106ms iter=728 WAIST cost=57.0000 best_alt=52.0000 gap=5.0000 tried=5 sep_labels=52 clique_frac=0.01
t=260280ms iter=728 REBUILD reject new_tc=60.6670 (was 60.1051)
t=260430ms iter=728 incumb=60.1051 ratchet=60.1709 best=60.1051 since_improve=455
t=260439ms iter=729 WAIST cost=57.0000 best_alt=52.0000 gap=5.0000 tried=5 sep_labels=52 clique_frac=0.01
t=260612ms iter=729 REBUILD reject new_tc=60.9974 (was 60.1051)
t=260765ms iter=729 incumb=60.1051 ratchet=60.1485 best=60.1051 since_improve=456
t=260772ms iter=730 WAIST cost=57.0000 best_alt=52.0000 gap=5.0000 tried=5 sep_labels=52 clique_frac=0.01
t=260942ms iter=730 REBUILD reject new_tc=60.7406 (was 60.1051)
t=261103ms iter=730 incumb=60.1051 ratchet=60.3711 best=60.1051 since_improve=457
t=261110ms iter=731 WAIST cost=57.0000 best_alt=52.0000 gap=5.0000 tried=5 sep_labels=52 clique_frac=0.01
t=261284ms iter=731 REBUILD reject new_tc=60.8572 (was 60.1051)
t=261438ms iter=731 incumb=60.1051 ratchet=60.4687 best=60.1051 since_improve=458
t=261448ms iter=732 WAIST cost=57.0000 best_alt=51.0000 gap=6.0000 tried=5 sep_labels=51 clique_frac=0.01
t=261597ms iter=732 REBUILD reject new_tc=61.4162 (was 60.1051)
t=261750ms iter=732 incumb=60.1051 ratchet=60.3147 best=60.1051 since_improve=459
t=261759ms iter=733 WAIST cost=57.0000 best_alt=52.0000 gap=5.0000 tried=5 sep_labels=52 clique_frac=0.01
t=261922ms iter=733 REBUILD reject new_tc=75.0012 (was 60.1051)
t=262075ms iter=733 incumb=60.1051 ratchet=60.3587 best=60.1051 since_improve=460
t=262084ms iter=734 WAIST cost=57.0000 best_alt=49.0000 gap=8.0000 tried=5 sep_labels=49 clique_frac=0.01
t=262236ms iter=734 REBUILD reject new_tc=61.3697 (was 60.1051)
t=262395ms iter=734 incumb=60.1051 ratchet=60.3225 best=60.1051 since_improve=461
t=262405ms iter=735 WAIST cost=57.0000 best_alt=52.0000 gap=5.0000 tried=5 sep_labels=52 clique_frac=0.01
t=262580ms iter=735 REBUILD reject new_tc=62.3381 (was 60.1051)
t=262738ms iter=735 incumb=60.1051 ratchet=60.4008 best=60.1051 since_improve=462
t=262757ms iter=736 WAIST cost=57.0000 best_alt=52.0000 gap=5.0000 tried=5 sep_labels=52 clique_frac=0.01
t=262933ms iter=736 REBUILD reject new_tc=61.1956 (was 60.1051)
t=263089ms iter=736 incumb=60.1051 ratchet=60.3973 best=60.1051 since_improve=463
t=263097ms iter=737 WAIST cost=57.0000 best_alt=51.0000 gap=6.0000 tried=5 sep_labels=51 clique_frac=0.01
t=263252ms iter=737 REBUILD reject new_tc=61.2723 (was 60.1051)
t=263413ms iter=737 incumb=60.1051 ratchet=60.4934 best=60.1051 since_improve=464
t=263422ms iter=738 WAIST cost=57.0000 best_alt=52.0000 gap=5.0000 tried=5 sep_labels=52 clique_frac=0.01
t=263592ms iter=738 REBUILD reject new_tc=60.7242 (was 60.1051)
t=263744ms iter=738 incumb=60.1051 ratchet=60.2018 best=60.1051 since_improve=465
t=263754ms iter=739 WAIST cost=57.0000 best_alt=52.0000 gap=5.0000 tried=5 sep_labels=52 clique_frac=0.01
t=263915ms iter=739 REBUILD reject new_tc=74.0002 (was 60.1051)
t=264068ms iter=739 incumb=60.1051 ratchet=60.2150 best=60.1051 since_improve=466
t=264076ms iter=740 WAIST cost=57.0000 best_alt=52.0000 gap=5.0000 tried=5 sep_labels=52 clique_frac=0.01
t=264245ms iter=740 REBUILD reject new_tc=64.2006 (was 60.1051)
t=264401ms iter=740 incumb=60.1051 ratchet=60.2042 best=60.1051 since_improve=467
t=264411ms iter=741 WAIST cost=57.0000 best_alt=52.0000 gap=5.0000 tried=5 sep_labels=52 clique_frac=0.01
t=264578ms iter=741 REBUILD reject new_tc=61.0233 (was 60.1051)
t=264735ms iter=741 incumb=60.1051 ratchet=60.1545 best=60.1051 since_improve=468
t=264744ms iter=742 WAIST cost=57.0000 best_alt=49.0000 gap=8.0000 tried=5 sep_labels=49 clique_frac=0.01
t=264894ms iter=742 REBUILD reject new_tc=66.1520 (was 60.1051)
t=265046ms iter=742 incumb=60.1051 ratchet=60.4068 best=60.1051 since_improve=469
t=265056ms iter=743 WAIST cost=57.0000 best_alt=52.0000 gap=5.0000 tried=5 sep_labels=52 clique_frac=0.01
t=265225ms iter=743 REBUILD reject new_tc=60.4826 (was 60.1051)
t=265379ms iter=743 incumb=60.1051 ratchet=60.2955 best=60.1051 since_improve=470
t=265389ms iter=744 WAIST cost=57.0000 best_alt=52.0000 gap=5.0000 tried=5 sep_labels=52 clique_frac=0.01
t=265591ms iter=744 REBUILD reject new_tc=60.6934 (was 60.1051)
t=265749ms iter=744 incumb=60.1051 ratchet=60.2513 best=60.1051 since_improve=471
t=265757ms iter=745 WAIST cost=57.0000 best_alt=51.0000 gap=6.0000 tried=5 sep_labels=51 clique_frac=0.01
t=265904ms iter=745 REBUILD reject new_tc=69.9062 (was 60.1051)
t=266121ms iter=745 incumb=60.1051 ratchet=60.1812 best=60.1051 since_improve=472
t=266129ms iter=746 WAIST cost=57.0000 best_alt=52.0000 gap=5.0000 tried=5 sep_labels=52 clique_frac=0.01
t=266305ms iter=746 REBUILD reject new_tc=61.0297 (was 60.1051)
t=266465ms iter=746 incumb=60.1051 ratchet=60.3453 best=60.1051 since_improve=473
t=266472ms iter=747 WAIST cost=57.0000 best_alt=52.0000 gap=5.0000 tried=5 sep_labels=52 clique_frac=0.01
t=266647ms iter=747 REBUILD reject new_tc=60.8753 (was 60.1051)
t=266802ms iter=747 incumb=60.1051 ratchet=60.2375 best=60.1051 since_improve=474
t=266811ms iter=748 WAIST cost=57.0000 best_alt=51.0000 gap=6.0000 tried=5 sep_labels=51 clique_frac=0.01
t=266958ms iter=748 REBUILD reject new_tc=61.5997 (was 60.1051)
t=267113ms iter=748 incumb=60.1051 ratchet=60.1444 best=60.1051 since_improve=475
t=267122ms iter=749 WAIST cost=57.0000 best_alt=52.0000 gap=5.0000 tried=5 sep_labels=52 clique_frac=0.01
t=267299ms iter=749 REBUILD reject new_tc=60.7789 (was 60.1051)
t=267451ms iter=749 incumb=60.1051 ratchet=60.4430 best=60.1051 since_improve=476
t=267458ms iter=750 WAIST cost=57.0000 best_alt=52.0000 gap=5.0000 tried=5 sep_labels=52 clique_frac=0.01
t=267629ms iter=750 REBUILD reject new_tc=60.8001 (was 60.1051)
t=267787ms iter=750 incumb=60.1051 ratchet=60.3523 best=60.1051 since_improve=477
t=267796ms iter=751 WAIST cost=57.0000 best_alt=52.0000 gap=5.0000 tried=5 sep_labels=52 clique_frac=0.01
t=267966ms iter=751 REBUILD reject new_tc=60.8553 (was 60.1051)
t=268125ms iter=751 incumb=60.1051 ratchet=60.3115 best=60.1051 since_improve=478
t=268135ms iter=752 WAIST cost=57.0000 best_alt=52.0000 gap=5.0000 tried=5 sep_labels=52 clique_frac=0.01
t=268309ms iter=752 REBUILD reject new_tc=62.3384 (was 60.1051)
t=268460ms iter=752 incumb=60.1051 ratchet=60.5229 best=60.1051 since_improve=479
t=268468ms iter=753 WAIST cost=57.0000 best_alt=51.0000 gap=6.0000 tried=5 sep_labels=51 clique_frac=0.01
t=268619ms iter=753 REBUILD reject new_tc=62.3867 (was 60.1051)
t=268773ms iter=753 incumb=60.1051 ratchet=60.9415 best=60.1051 since_improve=480
t=268781ms iter=754 WAIST cost=57.0000 best_alt=52.0000 gap=5.0000 tried=5 sep_labels=52 clique_frac=0.01
t=268959ms iter=754 REBUILD reject new_tc=61.1049 (was 60.1051)
t=269117ms iter=754 incumb=60.1051 ratchet=60.1861 best=60.1051 since_improve=481
t=269127ms iter=755 WAIST cost=57.0000 best_alt=50.0000 gap=7.0000 tried=5 sep_labels=50 clique_frac=0.01
t=269283ms iter=755 REBUILD reject new_tc=61.4841 (was 60.1051)
t=269440ms iter=755 incumb=60.1051 ratchet=60.3045 best=60.1051 since_improve=482
t=269449ms iter=756 WAIST cost=57.0000 best_alt=52.0000 gap=5.0000 tried=5 sep_labels=52 clique_frac=0.01
t=269624ms iter=756 REBUILD reject new_tc=61.0703 (was 60.1051)
t=269783ms iter=756 incumb=60.1051 ratchet=60.6088 best=60.1051 since_improve=483
t=269790ms iter=757 WAIST cost=57.0000 best_alt=52.0000 gap=5.0000 tried=5 sep_labels=52 clique_frac=0.01
t=269956ms iter=757 REBUILD reject new_tc=63.7129 (was 60.1051)
t=270114ms iter=757 incumb=60.1051 ratchet=60.3138 best=60.1051 since_improve=484
t=270124ms iter=758 WAIST cost=57.0000 best_alt=52.0000 gap=5.0000 tried=5 sep_labels=52 clique_frac=0.01
t=270295ms iter=758 REBUILD reject new_tc=60.6277 (was 60.1051)
t=270446ms iter=758 incumb=60.1051 ratchet=60.4408 best=60.1051 since_improve=485
t=270453ms iter=759 WAIST cost=57.0000 best_alt=52.0000 gap=5.0000 tried=5 sep_labels=52 clique_frac=0.01
t=270633ms iter=759 REBUILD reject new_tc=60.8889 (was 60.1051)
t=270791ms iter=759 incumb=60.1051 ratchet=60.4130 best=60.1051 since_improve=486
t=270799ms iter=760 WAIST cost=57.0000 best_alt=52.0000 gap=5.0000 tried=5 sep_labels=52 clique_frac=0.01
t=270966ms iter=760 REBUILD reject new_tc=61.0186 (was 60.1051)
t=271128ms iter=760 incumb=60.1051 ratchet=60.3017 best=60.1051 since_improve=487
t=271136ms iter=761 WAIST cost=57.0000 best_alt=50.0000 gap=7.0000 tried=5 sep_labels=50 clique_frac=0.01
t=271277ms iter=761 REBUILD reject new_tc=61.3161 (was 60.1051)
t=271430ms iter=761 incumb=60.1051 ratchet=60.4123 best=60.1051 since_improve=488
t=271439ms iter=762 WAIST cost=57.0000 best_alt=52.0000 gap=5.0000 tried=5 sep_labels=52 clique_frac=0.01
t=271604ms iter=762 REBUILD reject new_tc=68.0571 (was 60.1051)
t=271759ms iter=762 incumb=60.1051 ratchet=60.2307 best=60.1051 since_improve=489
t=271767ms iter=763 WAIST cost=57.0000 best_alt=52.0000 gap=5.0000 tried=5 sep_labels=52 clique_frac=0.01
t=271933ms iter=763 REBUILD reject new_tc=60.5107 (was 60.1051)
t=272092ms iter=763 incumb=60.1051 ratchet=60.2399 best=60.1051 since_improve=490
t=272101ms iter=764 WAIST cost=57.0000 best_alt=52.0000 gap=5.0000 tried=5 sep_labels=52 clique_frac=0.01
t=272263ms iter=764 REBUILD reject new_tc=61.1653 (was 60.1051)
t=272419ms iter=764 incumb=60.1051 ratchet=60.1561 best=60.1051 since_improve=491
t=272427ms iter=765 WAIST cost=57.0000 best_alt=51.0000 gap=6.0000 tried=5 sep_labels=51 clique_frac=0.01
t=272562ms iter=765 REBUILD reject new_tc=72.0026 (was 60.1051)
t=272720ms iter=765 incumb=60.1051 ratchet=60.6428 best=60.1051 since_improve=492
t=272728ms iter=766 WAIST cost=57.0000 best_alt=49.0000 gap=8.0000 tried=5 sep_labels=49 clique_frac=0.01
t=272879ms iter=766 REBUILD reject new_tc=60.9964 (was 60.1051)
t=273036ms iter=766 incumb=60.1051 ratchet=60.2458 best=60.1051 since_improve=493
t=273045ms iter=767 WAIST cost=57.0000 best_alt=52.0000 gap=5.0000 tried=5 sep_labels=52 clique_frac=0.01
t=273216ms iter=767 REBUILD reject new_tc=60.7453 (was 60.1051)
t=273372ms iter=767 incumb=60.1051 ratchet=60.2512 best=60.1051 since_improve=494
t=273379ms iter=768 WAIST cost=57.0000 best_alt=52.0000 gap=5.0000 tried=5 sep_labels=52 clique_frac=0.01
t=273549ms iter=768 REBUILD reject new_tc=60.9929 (was 60.1051)
t=273702ms iter=768 incumb=60.1051 ratchet=60.1458 best=60.1051 since_improve=495
t=273712ms iter=769 WAIST cost=57.0000 best_alt=52.0000 gap=5.0000 tried=5 sep_labels=52 clique_frac=0.01
t=273885ms iter=769 REBUILD reject new_tc=61.1584 (was 60.1051)
t=274044ms iter=769 incumb=60.1051 ratchet=60.1519 best=60.1051 since_improve=496
t=274052ms iter=770 WAIST cost=57.0000 best_alt=52.0000 gap=5.0000 tried=5 sep_labels=52 clique_frac=0.01
t=274227ms iter=770 REBUILD reject new_tc=60.6365 (was 60.1051)
t=274382ms iter=770 incumb=60.1051 ratchet=60.5285 best=60.1051 since_improve=497
t=274391ms iter=771 WAIST cost=57.0000 best_alt=52.0000 gap=5.0000 tried=5 sep_labels=52 clique_frac=0.01
t=274561ms iter=771 REBUILD reject new_tc=61.6915 (was 60.1051)
t=274715ms iter=771 incumb=60.1051 ratchet=60.1704 best=60.1051 since_improve=498
t=274724ms iter=772 WAIST cost=57.0000 best_alt=52.0000 gap=5.0000 tried=5 sep_labels=52 clique_frac=0.01
t=274882ms iter=772 REBUILD reject new_tc=71.0488 (was 60.1051)
t=275044ms iter=772 incumb=60.1051 ratchet=60.5353 best=60.1051 since_improve=499
t=275052ms iter=773 WAIST cost=57.0000 best_alt=50.0000 gap=7.0000 tried=5 sep_labels=50 clique_frac=0.01
t=275202ms iter=773 REBUILD reject new_tc=61.4625 (was 60.1051)
t=275361ms iter=773 incumb=60.1051 ratchet=60.3092 best=60.1051 since_improve=500
t=275370ms iter=774 WAIST cost=57.0000 best_alt=52.0000 gap=5.0000 tried=5 sep_labels=52 clique_frac=0.01
t=275536ms iter=774 REBUILD reject new_tc=63.2400 (was 60.1051)
t=275689ms iter=774 incumb=60.1051 ratchet=60.1253 best=60.1051 since_improve=501
t=275697ms iter=775 WAIST cost=57.0000 best_alt=50.0000 gap=7.0000 tried=5 sep_labels=50 clique_frac=0.01
t=275842ms iter=775 REBUILD reject new_tc=61.3229 (was 60.1051)
t=275994ms iter=775 incumb=60.1051 ratchet=60.1606 best=60.1051 since_improve=502
t=276001ms iter=776 WAIST cost=57.0000 best_alt=52.0000 gap=5.0000 tried=5 sep_labels=52 clique_frac=0.01
t=276175ms iter=776 REBUILD reject new_tc=60.6533 (was 60.1051)
t=276327ms iter=776 incumb=60.1051 ratchet=60.2065 best=60.1051 since_improve=503
t=276336ms iter=777 WAIST cost=57.0000 best_alt=50.0000 gap=7.0000 tried=5 sep_labels=50 clique_frac=0.01
t=276488ms iter=777 REBUILD reject new_tc=61.5522 (was 60.1051)
t=276644ms iter=777 incumb=60.1051 ratchet=60.2174 best=60.1051 since_improve=504
t=276653ms iter=778 WAIST cost=57.0000 best_alt=51.0000 gap=6.0000 tried=5 sep_labels=51 clique_frac=0.01
t=276821ms iter=778 REBUILD reject new_tc=63.7129 (was 60.1051)
t=276971ms iter=778 incumb=60.1051 ratchet=60.3318 best=60.1051 since_improve=505
t=276981ms iter=779 WAIST cost=57.0000 best_alt=52.0000 gap=5.0000 tried=5 sep_labels=52 clique_frac=0.01
t=277148ms iter=779 REBUILD reject new_tc=60.8788 (was 60.1051)
t=277304ms iter=779 incumb=60.1051 ratchet=60.2440 best=60.1051 since_improve=506
t=277314ms iter=780 WAIST cost=57.0000 best_alt=50.0000 gap=7.0000 tried=5 sep_labels=50 clique_frac=0.01
t=277463ms iter=780 REBUILD reject new_tc=61.7603 (was 60.1051)
t=277626ms iter=780 incumb=60.1051 ratchet=60.1242 best=60.1051 since_improve=507
t=277635ms iter=781 WAIST cost=57.0000 best_alt=51.0000 gap=6.0000 tried=5 sep_labels=51 clique_frac=0.01
t=277814ms iter=781 REBUILD reject new_tc=63.7055 (was 60.1051)
t=277968ms iter=781 incumb=60.1051 ratchet=60.1656 best=60.1051 since_improve=508
t=277976ms iter=782 WAIST cost=57.0000 best_alt=52.0000 gap=5.0000 tried=5 sep_labels=52 clique_frac=0.01
t=278149ms iter=782 REBUILD reject new_tc=60.5429 (was 60.1051)
t=278296ms iter=782 incumb=60.1051 ratchet=60.1242 best=60.1051 since_improve=509
t=278305ms iter=783 WAIST cost=57.0000 best_alt=52.0000 gap=5.0000 tried=5 sep_labels=52 clique_frac=0.01
t=278482ms iter=783 REBUILD reject new_tc=61.0787 (was 60.1051)
t=278638ms iter=783 incumb=60.1051 ratchet=60.1744 best=60.1051 since_improve=510
t=278647ms iter=784 WAIST cost=57.0000 best_alt=52.0000 gap=5.0000 tried=5 sep_labels=52 clique_frac=0.01
t=278821ms iter=784 REBUILD reject new_tc=60.6495 (was 60.1051)
t=278972ms iter=784 incumb=60.1051 ratchet=60.4258 best=60.1051 since_improve=511
t=278980ms iter=785 WAIST cost=57.0000 best_alt=51.0000 gap=6.0000 tried=5 sep_labels=51 clique_frac=0.01
t=279122ms iter=785 REBUILD reject new_tc=68.1113 (was 60.1051)
t=279285ms iter=785 incumb=60.1051 ratchet=60.3112 best=60.1051 since_improve=512
t=279293ms iter=786 WAIST cost=57.0000 best_alt=50.0000 gap=7.0000 tried=5 sep_labels=50 clique_frac=0.01
t=279449ms iter=786 REBUILD reject new_tc=65.3195 (was 60.1051)
t=279598ms iter=786 incumb=60.1051 ratchet=60.1392 best=60.1051 since_improve=513
t=279607ms iter=787 WAIST cost=57.0000 best_alt=52.0000 gap=5.0000 tried=5 sep_labels=52 clique_frac=0.01
t=279778ms iter=787 REBUILD reject new_tc=61.8216 (was 60.1051)
t=279933ms iter=787 incumb=60.1051 ratchet=60.9759 best=60.1051 since_improve=514
t=279942ms iter=788 WAIST cost=57.0000 best_alt=52.0000 gap=5.0000 tried=5 sep_labels=52 clique_frac=0.01
t=280109ms iter=788 REBUILD reject new_tc=64.1285 (was 60.1051)
t=280268ms iter=788 incumb=60.1051 ratchet=60.2260 best=60.1051 since_improve=515
t=280276ms iter=789 WAIST cost=57.0000 best_alt=51.0000 gap=6.0000 tried=5 sep_labels=51 clique_frac=0.01
t=280427ms iter=789 REBUILD reject new_tc=61.5328 (was 60.1051)
t=280584ms iter=789 incumb=60.1051 ratchet=60.2788 best=60.1051 since_improve=516
t=280593ms iter=790 WAIST cost=57.0000 best_alt=51.0000 gap=6.0000 tried=5 sep_labels=51 clique_frac=0.01
t=280744ms iter=790 REBUILD reject new_tc=61.3889 (was 60.1051)
t=280907ms iter=790 incumb=60.1051 ratchet=60.4789 best=60.1051 since_improve=517
t=280915ms iter=791 WAIST cost=57.0000 best_alt=52.0000 gap=5.0000 tried=5 sep_labels=52 clique_frac=0.01
t=281091ms iter=791 REBUILD reject new_tc=60.4518 (was 60.1051)
t=281249ms iter=791 incumb=60.1051 ratchet=60.2938 best=60.1051 since_improve=518
t=281257ms iter=792 WAIST cost=57.0000 best_alt=52.0000 gap=5.0000 tried=5 sep_labels=52 clique_frac=0.01
t=281430ms iter=792 REBUILD reject new_tc=61.1568 (was 60.1051)
t=281586ms iter=792 incumb=60.1051 ratchet=60.3878 best=60.1051 since_improve=519
t=281594ms iter=793 WAIST cost=57.0000 best_alt=51.0000 gap=6.0000 tried=5 sep_labels=51 clique_frac=0.01
t=281750ms iter=793 REBUILD reject new_tc=61.4878 (was 60.1051)
t=281907ms iter=793 incumb=60.1051 ratchet=60.2087 best=60.1051 since_improve=520
t=281916ms iter=794 WAIST cost=57.0000 best_alt=52.0000 gap=5.0000 tried=5 sep_labels=52 clique_frac=0.01
t=282086ms iter=794 REBUILD reject new_tc=63.6477 (was 60.1051)
t=282242ms iter=794 incumb=60.1051 ratchet=60.3675 best=60.1051 since_improve=521
t=282251ms iter=795 WAIST cost=57.0000 best_alt=51.0000 gap=6.0000 tried=5 sep_labels=51 clique_frac=0.01
t=282406ms iter=795 REBUILD reject new_tc=63.8860 (was 60.1051)
t=282561ms iter=795 incumb=60.1051 ratchet=60.1869 best=60.1051 since_improve=522
t=282569ms iter=796 WAIST cost=57.0000 best_alt=52.0000 gap=5.0000 tried=5 sep_labels=52 clique_frac=0.01
t=282744ms iter=796 REBUILD reject new_tc=60.8230 (was 60.1051)
t=282903ms iter=796 incumb=60.1051 ratchet=60.4209 best=60.1051 since_improve=523
t=282911ms iter=797 WAIST cost=57.0000 best_alt=52.0000 gap=5.0000 tried=5 sep_labels=52 clique_frac=0.01
t=283085ms iter=797 REBUILD reject new_tc=60.5701 (was 60.1051)
t=283239ms iter=797 incumb=60.1051 ratchet=60.2153 best=60.1051 since_improve=524
t=283250ms iter=798 WAIST cost=57.0000 best_alt=51.0000 gap=6.0000 tried=5 sep_labels=51 clique_frac=0.01
t=283398ms iter=798 REBUILD reject new_tc=72.0014 (was 60.1051)
t=283547ms iter=798 incumb=60.1051 ratchet=60.1485 best=60.1051 since_improve=525
t=283555ms iter=799 WAIST cost=57.0000 best_alt=52.0000 gap=5.0000 tried=5 sep_labels=52 clique_frac=0.01
t=283729ms iter=799 REBUILD reject new_tc=60.7828 (was 60.1051)
t=283883ms iter=799 incumb=60.1051 ratchet=60.1290 best=60.1051 since_improve=526
t=283890ms iter=800 WAIST cost=57.0000 best_alt=52.0000 gap=5.0000 tried=5 sep_labels=52 clique_frac=0.01
t=284064ms iter=800 REBUILD reject new_tc=60.9444 (was 60.1051)
t=284222ms iter=800 incumb=60.1051 ratchet=60.3715 best=60.1051 since_improve=527
t=284229ms iter=801 WAIST cost=57.0000 best_alt=51.0000 gap=6.0000 tried=5 sep_labels=51 clique_frac=0.01
t=284398ms iter=801 REBUILD reject new_tc=63.8837 (was 60.1051)
t=284551ms iter=801 incumb=60.1051 ratchet=60.3953 best=60.1051 since_improve=528
t=284559ms iter=802 WAIST cost=57.0000 best_alt=52.0000 gap=5.0000 tried=5 sep_labels=52 clique_frac=0.01
t=284717ms iter=802 REBUILD reject new_tc=73.0002 (was 60.1051)
t=284872ms iter=802 incumb=60.1051 ratchet=60.2848 best=60.1051 since_improve=529
t=284879ms iter=803 WAIST cost=57.0000 best_alt=52.0000 gap=5.0000 tried=5 sep_labels=52 clique_frac=0.01
t=285054ms iter=803 REBUILD reject new_tc=60.3767 (was 60.1051)
t=285214ms iter=803 incumb=60.1051 ratchet=60.1716 best=60.1051 since_improve=530
t=285224ms iter=804 WAIST cost=57.0000 best_alt=50.0000 gap=7.0000 tried=5 sep_labels=50 clique_frac=0.01
t=285376ms iter=804 REBUILD reject new_tc=61.5833 (was 60.1051)
t=285533ms iter=804 incumb=60.1051 ratchet=60.2672 best=60.1051 since_improve=531
t=285540ms iter=805 WAIST cost=57.0000 best_alt=52.0000 gap=5.0000 tried=5 sep_labels=52 clique_frac=0.01
t=285710ms iter=805 REBUILD reject new_tc=61.6420 (was 60.1051)
t=285870ms iter=805 incumb=60.1051 ratchet=60.4434 best=60.1051 since_improve=532
t=285877ms iter=806 WAIST cost=57.0000 best_alt=52.0000 gap=5.0000 tried=5 sep_labels=52 clique_frac=0.01
t=286052ms iter=806 REBUILD reject new_tc=60.7562 (was 60.1051)
t=286208ms iter=806 incumb=60.1051 ratchet=60.2171 best=60.1051 since_improve=533
t=286217ms iter=807 WAIST cost=57.0000 best_alt=52.0000 gap=5.0000 tried=5 sep_labels=52 clique_frac=0.01
t=286388ms iter=807 REBUILD reject new_tc=60.6902 (was 60.1051)
t=286542ms iter=807 incumb=60.1051 ratchet=60.1649 best=60.1051 since_improve=534
t=286550ms iter=808 WAIST cost=57.0000 best_alt=51.0000 gap=6.0000 tried=5 sep_labels=51 clique_frac=0.01
t=286705ms iter=808 REBUILD reject new_tc=61.4942 (was 60.1051)
t=286857ms iter=808 incumb=60.1051 ratchet=60.1903 best=60.1051 since_improve=535
t=286867ms iter=809 WAIST cost=57.0000 best_alt=52.0000 gap=5.0000 tried=5 sep_labels=52 clique_frac=0.01
t=287041ms iter=809 REBUILD reject new_tc=60.2494 (was 60.1051)
t=287201ms iter=809 incumb=60.1051 ratchet=60.5179 best=60.1051 since_improve=536
t=287211ms iter=810 WAIST cost=57.0000 best_alt=51.0000 gap=6.0000 tried=5 sep_labels=51 clique_frac=0.01
t=287386ms iter=810 REBUILD reject new_tc=61.4010 (was 60.1051)
t=287543ms iter=810 incumb=60.1051 ratchet=60.4102 best=60.1051 since_improve=537
t=287552ms iter=811 WAIST cost=57.0000 best_alt=52.0000 gap=5.0000 tried=5 sep_labels=52 clique_frac=0.01
t=287730ms iter=811 REBUILD reject new_tc=61.0076 (was 60.1051)
t=287887ms iter=811 incumb=60.1051 ratchet=60.1847 best=60.1051 since_improve=538
t=287896ms iter=812 WAIST cost=57.0000 best_alt=51.0000 gap=6.0000 tried=5 sep_labels=51 clique_frac=0.01
t=288049ms iter=812 REBUILD reject new_tc=61.7911 (was 60.1051)
t=288207ms iter=812 incumb=60.1051 ratchet=60.1478 best=60.1051 since_improve=539
t=288215ms iter=813 WAIST cost=57.0000 best_alt=52.0000 gap=5.0000 tried=5 sep_labels=52 clique_frac=0.01
t=288384ms iter=813 REBUILD reject new_tc=60.9090 (was 60.1051)
t=288542ms iter=813 incumb=60.1051 ratchet=60.3639 best=60.1051 since_improve=540
t=288550ms iter=814 WAIST cost=57.0000 best_alt=52.0000 gap=5.0000 tried=5 sep_labels=52 clique_frac=0.01
t=288720ms iter=814 REBUILD reject new_tc=66.3460 (was 60.1051)
t=288876ms iter=814 incumb=60.1051 ratchet=60.2859 best=60.1051 since_improve=541
t=288885ms iter=815 WAIST cost=57.0000 best_alt=50.0000 gap=7.0000 tried=5 sep_labels=50 clique_frac=0.01
t=289028ms iter=815 REBUILD reject new_tc=61.3047 (was 60.1051)
t=289186ms iter=815 incumb=60.1051 ratchet=60.2066 best=60.1051 since_improve=542
t=289194ms iter=816 WAIST cost=57.0000 best_alt=52.0000 gap=5.0000 tried=5 sep_labels=52 clique_frac=0.01
t=289369ms iter=816 REBUILD reject new_tc=62.3336 (was 60.1051)
t=289531ms iter=816 incumb=60.1051 ratchet=60.6872 best=60.1051 since_improve=543
t=289540ms iter=817 WAIST cost=57.0000 best_alt=52.0000 gap=5.0000 tried=5 sep_labels=52 clique_frac=0.01
t=289711ms iter=817 REBUILD reject new_tc=60.3322 (was 60.1051)
t=289864ms iter=817 incumb=60.1051 ratchet=60.4376 best=60.1051 since_improve=544
t=289873ms iter=818 WAIST cost=57.0000 best_alt=52.0000 gap=5.0000 tried=5 sep_labels=52 clique_frac=0.01
t=290048ms iter=818 REBUILD reject new_tc=60.7680 (was 60.1051)
t=290198ms iter=818 incumb=60.1051 ratchet=60.4898 best=60.1051 since_improve=545
t=290206ms iter=819 WAIST cost=57.0000 best_alt=52.0000 gap=5.0000 tried=5 sep_labels=52 clique_frac=0.01
t=290367ms iter=819 REBUILD reject new_tc=77.0003 (was 60.1051)
t=290521ms iter=819 incumb=60.1051 ratchet=60.2001 best=60.1051 since_improve=546
t=290531ms iter=820 WAIST cost=57.0000 best_alt=52.0000 gap=5.0000 tried=5 sep_labels=52 clique_frac=0.01
t=290705ms iter=820 REBUILD reject new_tc=60.7158 (was 60.1051)
t=290856ms iter=820 incumb=60.1051 ratchet=60.2730 best=60.1051 since_improve=547
t=290863ms iter=821 WAIST cost=57.0000 best_alt=50.0000 gap=7.0000 tried=5 sep_labels=50 clique_frac=0.01
t=291012ms iter=821 REBUILD reject new_tc=61.5110 (was 60.1051)
t=291175ms iter=821 incumb=60.1051 ratchet=60.1690 best=60.1051 since_improve=548
t=291182ms iter=822 WAIST cost=57.0000 best_alt=52.0000 gap=5.0000 tried=5 sep_labels=52 clique_frac=0.01
t=291355ms iter=822 REBUILD reject new_tc=63.0541 (was 60.1051)
t=291511ms iter=822 incumb=60.1051 ratchet=60.2212 best=60.1051 since_improve=549
t=291520ms iter=823 WAIST cost=57.0000 best_alt=51.0000 gap=6.0000 tried=5 sep_labels=51 clique_frac=0.01
t=291675ms iter=823 REBUILD reject new_tc=61.6246 (was 60.1051)
t=291831ms iter=823 incumb=60.1051 ratchet=60.4582 best=60.1051 since_improve=550
t=291841ms iter=824 WAIST cost=57.0000 best_alt=52.0000 gap=5.0000 tried=5 sep_labels=52 clique_frac=0.01
t=292007ms iter=824 REBUILD reject new_tc=71.0013 (was 60.1051)
t=292165ms iter=824 incumb=60.1051 ratchet=60.1789 best=60.1051 since_improve=551
t=292173ms iter=825 WAIST cost=57.0000 best_alt=52.0000 gap=5.0000 tried=5 sep_labels=52 clique_frac=0.01
t=292350ms iter=825 REBUILD reject new_tc=60.9602 (was 60.1051)
t=292512ms iter=825 incumb=60.1051 ratchet=60.6496 best=60.1051 since_improve=552
t=292520ms iter=826 WAIST cost=57.0000 best_alt=52.0000 gap=5.0000 tried=5 sep_labels=52 clique_frac=0.01
t=292698ms iter=826 REBUILD reject new_tc=60.8119 (was 60.1051)
t=292851ms iter=826 incumb=60.1051 ratchet=60.5571 best=60.1051 since_improve=553
t=292858ms iter=827 WAIST cost=57.0000 best_alt=52.0000 gap=5.0000 tried=5 sep_labels=52 clique_frac=0.01
t=293034ms iter=827 REBUILD reject new_tc=60.9074 (was 60.1051)
t=293192ms iter=827 incumb=60.1051 ratchet=60.2341 best=60.1051 since_improve=554
t=293202ms iter=828 WAIST cost=57.0000 best_alt=50.0000 gap=7.0000 tried=5 sep_labels=50 clique_frac=0.01
t=293353ms iter=828 REBUILD reject new_tc=61.1089 (was 60.1051)
t=293522ms iter=828 incumb=60.1051 ratchet=60.4062 best=60.1051 since_improve=555
t=293531ms iter=829 WAIST cost=57.0000 best_alt=52.0000 gap=5.0000 tried=5 sep_labels=52 clique_frac=0.01
t=293699ms iter=829 REBUILD reject new_tc=60.9066 (was 60.1051)
t=293853ms iter=829 incumb=60.1051 ratchet=60.2684 best=60.1051 since_improve=556
t=293861ms iter=830 WAIST cost=57.0000 best_alt=49.0000 gap=8.0000 tried=5 sep_labels=49 clique_frac=0.01
t=294014ms iter=830 REBUILD reject new_tc=68.7928 (was 60.1051)
t=294171ms iter=830 incumb=60.1051 ratchet=60.3229 best=60.1051 since_improve=557
t=294181ms iter=831 WAIST cost=57.0000 best_alt=50.0000 gap=7.0000 tried=5 sep_labels=50 clique_frac=0.01
t=294332ms iter=831 REBUILD reject new_tc=62.3581 (was 60.1051)
t=294483ms iter=831 incumb=60.1051 ratchet=60.1511 best=60.1051 since_improve=558
t=294490ms iter=832 WAIST cost=57.0000 best_alt=52.0000 gap=5.0000 tried=5 sep_labels=52 clique_frac=0.01
t=294659ms iter=832 REBUILD reject new_tc=60.3008 (was 60.1051)
t=294818ms iter=832 incumb=60.1051 ratchet=60.1684 best=60.1051 since_improve=559
t=294824ms iter=833 WAIST cost=57.0000 best_alt=52.0000 gap=5.0000 tried=5 sep_labels=52 clique_frac=0.01
t=295003ms iter=833 REBUILD reject new_tc=60.9502 (was 60.1051)
t=295158ms iter=833 incumb=60.1051 ratchet=60.3470 best=60.1051 since_improve=560
t=295168ms iter=834 WAIST cost=57.0000 best_alt=51.0000 gap=6.0000 tried=5 sep_labels=51 clique_frac=0.01
t=295315ms iter=834 REBUILD reject new_tc=61.6922 (was 60.1051)
t=295474ms iter=834 incumb=60.1051 ratchet=60.1631 best=60.1051 since_improve=561
t=295482ms iter=835 WAIST cost=57.0000 best_alt=49.0000 gap=8.0000 tried=5 sep_labels=49 clique_frac=0.01
t=295627ms iter=835 REBUILD reject new_tc=67.9153 (was 60.1051)
t=295784ms iter=835 incumb=60.1051 ratchet=60.3371 best=60.1051 since_improve=562
t=295790ms iter=836 WAIST cost=57.0000 best_alt=51.0000 gap=6.0000 tried=5 sep_labels=51 clique_frac=0.01
t=295941ms iter=836 REBUILD reject new_tc=61.1752 (was 60.1051)
t=296098ms iter=836 incumb=60.1051 ratchet=60.1640 best=60.1051 since_improve=563
t=296106ms iter=837 WAIST cost=57.0000 best_alt=49.0000 gap=8.0000 tried=5 sep_labels=49 clique_frac=0.01
t=296249ms iter=837 REBUILD reject new_tc=77.0012 (was 60.1051)
t=296405ms iter=837 incumb=60.1051 ratchet=60.3263 best=60.1051 since_improve=564
t=296415ms iter=838 WAIST cost=57.0000 best_alt=51.0000 gap=6.0000 tried=5 sep_labels=51 clique_frac=0.01
t=296591ms iter=838 REBUILD reject new_tc=64.0590 (was 60.1051)
t=296751ms iter=838 incumb=60.1051 ratchet=60.3214 best=60.1051 since_improve=565
t=296759ms iter=839 WAIST cost=57.0000 best_alt=52.0000 gap=5.0000 tried=5 sep_labels=52 clique_frac=0.01
t=296930ms iter=839 REBUILD reject new_tc=61.3207 (was 60.1051)
t=297084ms iter=839 incumb=60.1051 ratchet=60.5635 best=60.1051 since_improve=566
t=297092ms iter=840 WAIST cost=57.0000 best_alt=52.0000 gap=5.0000 tried=5 sep_labels=52 clique_frac=0.01
t=297268ms iter=840 REBUILD reject new_tc=61.0238 (was 60.1051)
t=297418ms iter=840 incumb=60.1051 ratchet=60.1997 best=60.1051 since_improve=567
t=297427ms iter=841 WAIST cost=57.0000 best_alt=52.0000 gap=5.0000 tried=5 sep_labels=52 clique_frac=0.01
t=297590ms iter=841 REBUILD reject new_tc=62.0749 (was 60.1051)
t=297750ms iter=841 incumb=60.1051 ratchet=60.3670 best=60.1051 since_improve=568
t=297759ms iter=842 WAIST cost=57.0000 best_alt=51.0000 gap=6.0000 tried=5 sep_labels=51 clique_frac=0.01
t=297919ms iter=842 REBUILD reject new_tc=61.6721 (was 60.1051)
t=298078ms iter=842 incumb=60.1051 ratchet=60.1408 best=60.1051 since_improve=569
t=298087ms iter=843 WAIST cost=57.0000 best_alt=50.0000 gap=7.0000 tried=5 sep_labels=50 clique_frac=0.01
t=298245ms iter=843 REBUILD reject new_tc=61.4189 (was 60.1051)
t=298398ms iter=843 incumb=60.1051 ratchet=60.1634 best=60.1051 since_improve=570
t=298407ms iter=844 WAIST cost=57.0000 best_alt=51.0000 gap=6.0000 tried=5 sep_labels=51 clique_frac=0.01
t=298563ms iter=844 REBUILD reject new_tc=61.4268 (was 60.1051)
t=298718ms iter=844 incumb=60.1051 ratchet=60.2371 best=60.1051 since_improve=571
t=298726ms iter=845 WAIST cost=57.0000 best_alt=52.0000 gap=5.0000 tried=5 sep_labels=52 clique_frac=0.01
t=298896ms iter=845 REBUILD reject new_tc=60.6887 (was 60.1051)
t=299055ms iter=845 incumb=60.1051 ratchet=60.1429 best=60.1051 since_improve=572
t=299062ms iter=846 WAIST cost=57.0000 best_alt=52.0000 gap=5.0000 tried=5 sep_labels=52 clique_frac=0.01
t=299235ms iter=846 REBUILD reject new_tc=61.0150 (was 60.1051)
t=299388ms iter=846 incumb=60.1051 ratchet=60.2455 best=60.1051 since_improve=573
t=299397ms iter=847 WAIST cost=57.0000 best_alt=52.0000 gap=5.0000 tried=5 sep_labels=52 clique_frac=0.01
t=299570ms iter=847 REBUILD reject new_tc=60.1934 (was 60.1051)
t=299721ms iter=847 incumb=60.1051 ratchet=60.1760 best=60.1051 since_improve=574
t=299729ms iter=848 WAIST cost=57.0000 best_alt=52.0000 gap=5.0000 tried=5 sep_labels=52 clique_frac=0.01
t=299909ms iter=848 REBUILD reject new_tc=60.8735 (was 60.1051)
t=300066ms iter=848 incumb=60.1051 ratchet=60.1959 best=60.1051 since_improve=575
t=300074ms iter=849 WAIST cost=57.0000 best_alt=52.0000 gap=5.0000 tried=5 sep_labels=52 clique_frac=0.01
t=300241ms iter=849 REBUILD reject new_tc=65.2883 (was 60.1051)
t=300396ms iter=849 incumb=60.1051 ratchet=60.6796 best=60.1051 since_improve=576
t=300404ms iter=850 WAIST cost=57.0000 best_alt=52.0000 gap=5.0000 tried=5 sep_labels=52 clique_frac=0.01
t=300575ms iter=850 REBUILD reject new_tc=60.8713 (was 60.1051)
t=300732ms iter=850 incumb=60.1051 ratchet=60.3972 best=60.1051 since_improve=577
t=300740ms iter=851 WAIST cost=57.0000 best_alt=52.0000 gap=5.0000 tried=5 sep_labels=52 clique_frac=0.01
t=300910ms iter=851 REBUILD reject new_tc=60.6718 (was 60.1051)
t=301068ms iter=851 incumb=60.1051 ratchet=60.1926 best=60.1051 since_improve=578
t=301077ms iter=852 WAIST cost=57.0000 best_alt=52.0000 gap=5.0000 tried=5 sep_labels=52 clique_frac=0.01
t=301253ms iter=852 REBUILD reject new_tc=60.9422 (was 60.1051)
t=301409ms iter=852 incumb=60.1051 ratchet=60.2358 best=60.1051 since_improve=579
t=301418ms iter=853 WAIST cost=57.0000 best_alt=51.0000 gap=6.0000 tried=5 sep_labels=51 clique_frac=0.01
t=301575ms iter=853 REBUILD reject new_tc=61.0813 (was 60.1051)
t=301728ms iter=853 incumb=60.1051 ratchet=60.1864 best=60.1051 since_improve=580
t=301737ms iter=854 WAIST cost=57.0000 best_alt=52.0000 gap=5.0000 tried=5 sep_labels=52 clique_frac=0.01
t=301908ms iter=854 REBUILD reject new_tc=61.3447 (was 60.1051)
t=302063ms iter=854 incumb=60.1051 ratchet=60.2009 best=60.1051 since_improve=581
t=302073ms iter=855 WAIST cost=57.0000 best_alt=51.0000 gap=6.0000 tried=5 sep_labels=51 clique_frac=0.01
t=302247ms iter=855 REBUILD reject new_tc=61.6547 (was 60.1051)
t=302409ms iter=855 incumb=60.1051 ratchet=60.2826 best=60.1051 since_improve=582
t=302416ms iter=856 WAIST cost=57.0000 best_alt=52.0000 gap=5.0000 tried=5 sep_labels=52 clique_frac=0.01
t=302596ms iter=856 REBUILD reject new_tc=62.6853 (was 60.1051)
t=302751ms iter=856 incumb=60.1051 ratchet=60.3869 best=60.1051 since_improve=583
t=302757ms iter=857 WAIST cost=57.0000 best_alt=52.0000 gap=5.0000 tried=5 sep_labels=52 clique_frac=0.01
t=302926ms iter=857 REBUILD reject new_tc=60.8948 (was 60.1051)
t=303083ms iter=857 incumb=60.1051 ratchet=60.1302 best=60.1051 since_improve=584
t=303092ms iter=858 WAIST cost=57.0000 best_alt=50.0000 gap=7.0000 tried=5 sep_labels=50 clique_frac=0.01
t=303241ms iter=858 REBUILD reject new_tc=60.7222 (was 60.1051)
t=303398ms iter=858 incumb=60.1051 ratchet=60.4332 best=60.1051 since_improve=585
t=303405ms iter=859 WAIST cost=57.0000 best_alt=52.0000 gap=5.0000 tried=5 sep_labels=52 clique_frac=0.01
t=303576ms iter=859 REBUILD reject new_tc=60.5744 (was 60.1051)
t=303733ms iter=859 incumb=60.1051 ratchet=60.1311 best=60.1051 since_improve=586
t=303741ms iter=860 WAIST cost=57.0000 best_alt=52.0000 gap=5.0000 tried=5 sep_labels=52 clique_frac=0.01
t=303917ms iter=860 REBUILD reject new_tc=60.6071 (was 60.1051)
t=304072ms iter=860 incumb=60.1051 ratchet=60.2604 best=60.1051 since_improve=587
t=304079ms iter=861 WAIST cost=57.0000 best_alt=52.0000 gap=5.0000 tried=5 sep_labels=52 clique_frac=0.01
t=304255ms iter=861 REBUILD reject new_tc=64.1056 (was 60.1051)
t=304409ms iter=861 incumb=60.1051 ratchet=60.1665 best=60.1051 since_improve=588
t=304418ms iter=862 WAIST cost=57.0000 best_alt=49.0000 gap=8.0000 tried=5 sep_labels=49 clique_frac=0.01
t=304562ms iter=862 REBUILD reject new_tc=61.6620 (was 60.1051)
t=304721ms iter=862 incumb=60.1051 ratchet=60.4691 best=60.1051 since_improve=589
t=304730ms iter=863 WAIST cost=57.0000 best_alt=52.0000 gap=5.0000 tried=5 sep_labels=52 clique_frac=0.01
t=304903ms iter=863 REBUILD reject new_tc=60.9658 (was 60.1051)
t=305059ms iter=863 incumb=60.1051 ratchet=60.3895 best=60.1051 since_improve=590
t=305067ms iter=864 WAIST cost=57.0000 best_alt=51.0000 gap=6.0000 tried=5 sep_labels=51 clique_frac=0.01
t=305220ms iter=864 REBUILD reject new_tc=67.8120 (was 60.1051)
t=305379ms iter=864 incumb=60.1051 ratchet=60.3581 best=60.1051 since_improve=591
t=305388ms iter=865 WAIST cost=57.0000 best_alt=52.0000 gap=5.0000 tried=5 sep_labels=52 clique_frac=0.01
t=305554ms iter=865 REBUILD reject new_tc=60.8248 (was 60.1051)
t=305709ms iter=865 incumb=60.1051 ratchet=60.2077 best=60.1051 since_improve=592
t=305717ms iter=866 WAIST cost=57.0000 best_alt=51.0000 gap=6.0000 tried=5 sep_labels=51 clique_frac=0.01
t=305867ms iter=866 REBUILD reject new_tc=61.4998 (was 60.1051)
t=306025ms iter=866 incumb=60.1051 ratchet=60.3064 best=60.1051 since_improve=593
t=306032ms iter=867 WAIST cost=57.0000 best_alt=52.0000 gap=5.0000 tried=5 sep_labels=52 clique_frac=0.01
t=306211ms iter=867 REBUILD reject new_tc=60.8351 (was 60.1051)
t=306366ms iter=867 incumb=60.1051 ratchet=60.2564 best=60.1051 since_improve=594
t=306375ms iter=868 WAIST cost=57.0000 best_alt=52.0000 gap=5.0000 tried=5 sep_labels=52 clique_frac=0.01
t=306539ms iter=868 REBUILD reject new_tc=75.0010 (was 60.1051)
t=306698ms iter=868 incumb=60.1051 ratchet=60.3163 best=60.1051 since_improve=595
t=306707ms iter=869 WAIST cost=57.0000 best_alt=52.0000 gap=5.0000 tried=5 sep_labels=52 clique_frac=0.01
t=306886ms iter=869 REBUILD reject new_tc=61.2026 (was 60.1051)
t=307050ms iter=869 incumb=60.1051 ratchet=60.3324 best=60.1051 since_improve=596
t=307059ms iter=870 WAIST cost=57.0000 best_alt=49.0000 gap=8.0000 tried=5 sep_labels=49 clique_frac=0.01
t=307205ms iter=870 REBUILD reject new_tc=61.7111 (was 60.1051)
t=307360ms iter=870 incumb=60.1051 ratchet=60.2638 best=60.1051 since_improve=597
t=307368ms iter=871 WAIST cost=57.0000 best_alt=51.0000 gap=6.0000 tried=5 sep_labels=51 clique_frac=0.01
t=307543ms iter=871 REBUILD reject new_tc=61.5419 (was 60.1051)
t=307702ms iter=871 incumb=60.1051 ratchet=60.5167 best=60.1051 since_improve=598
t=307709ms iter=872 WAIST cost=57.0000 best_alt=52.0000 gap=5.0000 tried=5 sep_labels=52 clique_frac=0.01
t=307890ms iter=872 REBUILD reject new_tc=60.4933 (was 60.1051)
t=308039ms iter=872 incumb=60.1051 ratchet=60.3691 best=60.1051 since_improve=599
t=308047ms iter=873 WAIST cost=57.0000 best_alt=52.0000 gap=5.0000 tried=5 sep_labels=52 clique_frac=0.01
t=308218ms iter=873 REBUILD reject new_tc=60.5794 (was 60.1051)
t=308371ms iter=873 incumb=60.1051 ratchet=60.1338 best=60.1051 since_improve=600
t=308379ms iter=874 WAIST cost=57.0000 best_alt=52.0000 gap=5.0000 tried=5 sep_labels=52 clique_frac=0.01
t=308553ms iter=874 REBUILD reject new_tc=60.8892 (was 60.1051)
t=308706ms iter=874 incumb=60.1051 ratchet=60.3242 best=60.1051 since_improve=601
t=308713ms iter=875 WAIST cost=57.0000 best_alt=52.0000 gap=5.0000 tried=5 sep_labels=52 clique_frac=0.01
t=308886ms iter=875 REBUILD reject new_tc=60.6939 (was 60.1051)
t=309035ms iter=875 incumb=60.1051 ratchet=60.3630 best=60.1051 since_improve=602
t=309044ms iter=876 WAIST cost=57.0000 best_alt=52.0000 gap=5.0000 tried=5 sep_labels=52 clique_frac=0.01
t=309221ms iter=876 REBUILD reject new_tc=60.3732 (was 60.1051)
t=309379ms iter=876 incumb=60.1051 ratchet=60.2266 best=60.1051 since_improve=603
t=309387ms iter=877 WAIST cost=57.0000 best_alt=52.0000 gap=5.0000 tried=5 sep_labels=52 clique_frac=0.01
t=309554ms iter=877 REBUILD reject new_tc=60.8011 (was 60.1051)
t=309709ms iter=877 incumb=60.1051 ratchet=60.2171 best=60.1051 since_improve=604
t=309717ms iter=878 WAIST cost=57.0000 best_alt=52.0000 gap=5.0000 tried=5 sep_labels=52 clique_frac=0.01
t=309892ms iter=878 REBUILD reject new_tc=60.9004 (was 60.1051)
t=310043ms iter=878 incumb=60.1051 ratchet=60.5085 best=60.1051 since_improve=605
t=310051ms iter=879 WAIST cost=57.0000 best_alt=51.0000 gap=6.0000 tried=5 sep_labels=51 clique_frac=0.01
t=310209ms iter=879 REBUILD reject new_tc=61.4956 (was 60.1051)
t=310357ms iter=879 incumb=60.1051 ratchet=60.1946 best=60.1051 since_improve=606
t=310367ms iter=880 WAIST cost=57.0000 best_alt=52.0000 gap=5.0000 tried=5 sep_labels=52 clique_frac=0.01
t=310551ms iter=880 REBUILD reject new_tc=60.9761 (was 60.1051)
t=310703ms iter=880 incumb=60.1051 ratchet=60.1195 best=60.1051 since_improve=607
t=310712ms iter=881 WAIST cost=57.0000 best_alt=49.0000 gap=8.0000 tried=5 sep_labels=49 clique_frac=0.01
t=310868ms iter=881 REBUILD reject new_tc=61.3396 (was 60.1051)
t=311028ms iter=881 incumb=60.1051 ratchet=60.1208 best=60.1051 since_improve=608
t=311035ms iter=882 WAIST cost=57.0000 best_alt=51.0000 gap=6.0000 tried=5 sep_labels=51 clique_frac=0.01
t=311204ms iter=882 REBUILD reject new_tc=61.3315 (was 60.1051)
t=311358ms iter=882 incumb=60.1051 ratchet=60.1500 best=60.1051 since_improve=609
t=311367ms iter=883 WAIST cost=57.0000 best_alt=52.0000 gap=5.0000 tried=5 sep_labels=52 clique_frac=0.01
t=311538ms iter=883 REBUILD reject new_tc=60.9212 (was 60.1051)
t=311695ms iter=883 incumb=60.1051 ratchet=60.4798 best=60.1051 since_improve=610
t=311705ms iter=884 WAIST cost=57.0000 best_alt=52.0000 gap=5.0000 tried=5 sep_labels=52 clique_frac=0.01
t=311875ms iter=884 REBUILD reject new_tc=60.6783 (was 60.1051)
t=312027ms iter=884 incumb=60.1051 ratchet=60.9487 best=60.1051 since_improve=611
t=312033ms iter=885 WAIST cost=57.0000 best_alt=52.0000 gap=5.0000 tried=5 sep_labels=52 clique_frac=0.01
t=312203ms iter=885 REBUILD reject new_tc=60.9355 (was 60.1051)
t=312359ms iter=885 incumb=60.1051 ratchet=60.4142 best=60.1051 since_improve=612
t=312367ms iter=886 WAIST cost=57.0000 best_alt=52.0000 gap=5.0000 tried=5 sep_labels=52 clique_frac=0.01
t=312537ms iter=886 REBUILD reject new_tc=66.9589 (was 60.1051)
t=312692ms iter=886 incumb=60.1051 ratchet=60.3449 best=60.1051 since_improve=613
t=312699ms iter=887 WAIST cost=57.0000 best_alt=51.0000 gap=6.0000 tried=5 sep_labels=51 clique_frac=0.01
t=312842ms iter=887 REBUILD reject new_tc=77.0152 (was 60.1051)
t=312999ms iter=887 incumb=60.1051 ratchet=60.2899 best=60.1051 since_improve=614
t=313007ms iter=888 WAIST cost=57.0000 best_alt=52.0000 gap=5.0000 tried=5 sep_labels=52 clique_frac=0.01
t=313175ms iter=888 REBUILD reject new_tc=67.4706 (was 60.1051)
t=313334ms iter=888 incumb=60.1051 ratchet=60.6465 best=60.1051 since_improve=615
t=313342ms iter=889 WAIST cost=57.0000 best_alt=52.0000 gap=5.0000 tried=5 sep_labels=52 clique_frac=0.01
t=313512ms iter=889 REBUILD reject new_tc=62.5432 (was 60.1051)
t=313671ms iter=889 incumb=60.1051 ratchet=60.3076 best=60.1051 since_improve=616
t=313679ms iter=890 WAIST cost=57.0000 best_alt=52.0000 gap=5.0000 tried=5 sep_labels=52 clique_frac=0.01
t=313849ms iter=890 REBUILD reject new_tc=66.4415 (was 60.1051)
t=314005ms iter=890 incumb=60.1051 ratchet=60.1935 best=60.1051 since_improve=617
t=314013ms iter=891 WAIST cost=57.0000 best_alt=51.0000 gap=6.0000 tried=5 sep_labels=51 clique_frac=0.01
t=314171ms iter=891 REBUILD reject new_tc=61.5485 (was 60.1051)
t=314330ms iter=891 incumb=60.1051 ratchet=60.2038 best=60.1051 since_improve=618
t=314340ms iter=892 WAIST cost=57.0000 best_alt=52.0000 gap=5.0000 tried=5 sep_labels=52 clique_frac=0.01
t=314509ms iter=892 REBUILD reject new_tc=61.2917 (was 60.1051)
t=314669ms iter=892 incumb=60.1051 ratchet=60.3916 best=60.1051 since_improve=619
t=314678ms iter=893 WAIST cost=57.0000 best_alt=52.0000 gap=5.0000 tried=5 sep_labels=52 clique_frac=0.01
t=314854ms iter=893 REBUILD reject new_tc=60.7568 (was 60.1051)
t=315010ms iter=893 incumb=60.1051 ratchet=60.5036 best=60.1051 since_improve=620
t=315020ms iter=894 WAIST cost=57.0000 best_alt=52.0000 gap=5.0000 tried=5 sep_labels=52 clique_frac=0.01
t=315196ms iter=894 REBUILD reject new_tc=61.0083 (was 60.1051)
t=315346ms iter=894 incumb=60.1051 ratchet=60.2815 best=60.1051 since_improve=621
t=315354ms iter=895 WAIST cost=57.0000 best_alt=50.0000 gap=7.0000 tried=5 sep_labels=50 clique_frac=0.01
t=315510ms iter=895 REBUILD reject new_tc=61.2668 (was 60.1051)
t=315665ms iter=895 incumb=60.1051 ratchet=60.1712 best=60.1051 since_improve=622
t=315671ms iter=896 WAIST cost=57.0000 best_alt=52.0000 gap=5.0000 tried=5 sep_labels=52 clique_frac=0.01
t=315847ms iter=896 REBUILD reject new_tc=60.3598 (was 60.1051)
t=316008ms iter=896 incumb=60.1051 ratchet=60.2034 best=60.1051 since_improve=623
t=316015ms iter=897 WAIST cost=57.0000 best_alt=52.0000 gap=5.0000 tried=5 sep_labels=52 clique_frac=0.01
t=316181ms iter=897 REBUILD reject new_tc=60.8892 (was 60.1051)
t=316336ms iter=897 incumb=60.1051 ratchet=60.1382 best=60.1051 since_improve=624
t=316346ms iter=898 WAIST cost=57.0000 best_alt=49.0000 gap=8.0000 tried=5 sep_labels=49 clique_frac=0.01
t=316496ms iter=898 REBUILD reject new_tc=63.1105 (was 60.1051)
t=316657ms iter=898 incumb=60.1051 ratchet=60.1745 best=60.1051 since_improve=625
t=316665ms iter=899 WAIST cost=57.0000 best_alt=49.0000 gap=8.0000 tried=5 sep_labels=49 clique_frac=0.01
t=316817ms iter=899 REBUILD reject new_tc=61.5754 (was 60.1051)
t=316973ms iter=899 incumb=60.1051 ratchet=60.1944 best=60.1051 since_improve=626
t=316982ms iter=900 WAIST cost=57.0000 best_alt=49.0000 gap=8.0000 tried=5 sep_labels=49 clique_frac=0.01
t=317139ms iter=900 REBUILD reject new_tc=61.2203 (was 60.1051)
t=317290ms iter=900 incumb=60.1051 ratchet=60.1187 best=60.1051 since_improve=627
t=317299ms iter=901 WAIST cost=57.0000 best_alt=51.0000 gap=6.0000 tried=5 sep_labels=51 clique_frac=0.01
t=317453ms iter=901 REBUILD reject new_tc=61.3927 (was 60.1051)
t=317608ms iter=901 incumb=60.1051 ratchet=60.2837 best=60.1051 since_improve=628
t=317616ms iter=902 WAIST cost=57.0000 best_alt=51.0000 gap=6.0000 tried=5 sep_labels=51 clique_frac=0.01
t=317758ms iter=902 REBUILD reject new_tc=77.0004 (was 60.1051)
t=317921ms iter=902 incumb=60.1051 ratchet=60.2327 best=60.1051 since_improve=629
t=317930ms iter=903 WAIST cost=57.0000 best_alt=52.0000 gap=5.0000 tried=5 sep_labels=52 clique_frac=0.01
t=318101ms iter=903 REBUILD reject new_tc=60.4258 (was 60.1051)
t=318256ms iter=903 incumb=60.1051 ratchet=60.2158 best=60.1051 since_improve=630
t=318264ms iter=904 WAIST cost=57.0000 best_alt=52.0000 gap=5.0000 tried=5 sep_labels=52 clique_frac=0.01
t=318435ms iter=904 REBUILD reject new_tc=60.7264 (was 60.1051)
t=318596ms iter=904 incumb=60.1051 ratchet=60.1651 best=60.1051 since_improve=631
t=318607ms iter=905 WAIST cost=57.0000 best_alt=51.0000 gap=6.0000 tried=5 sep_labels=51 clique_frac=0.01
t=318759ms iter=905 REBUILD reject new_tc=69.2533 (was 60.1051)
t=318913ms iter=905 incumb=60.1051 ratchet=60.4967 best=60.1051 since_improve=632
t=318922ms iter=906 WAIST cost=57.0000 best_alt=52.0000 gap=5.0000 tried=5 sep_labels=52 clique_frac=0.01
t=319098ms iter=906 REBUILD reject new_tc=60.5293 (was 60.1051)
t=319250ms iter=906 incumb=60.1051 ratchet=60.4665 best=60.1051 since_improve=633
t=319258ms iter=907 WAIST cost=57.0000 best_alt=52.0000 gap=5.0000 tried=5 sep_labels=52 clique_frac=0.01
t=319436ms iter=907 REBUILD reject new_tc=60.8644 (was 60.1051)
t=319597ms iter=907 incumb=60.1051 ratchet=60.4569 best=60.1051 since_improve=634
t=319607ms iter=908 WAIST cost=57.0000 best_alt=51.0000 gap=6.0000 tried=5 sep_labels=51 clique_frac=0.01
t=319752ms iter=908 REBUILD reject new_tc=74.0019 (was 60.1051)
t=319908ms iter=908 incumb=60.1051 ratchet=60.3679 best=60.1051 since_improve=635
t=319916ms iter=909 WAIST cost=57.0000 best_alt=52.0000 gap=5.0000 tried=5 sep_labels=52 clique_frac=0.01
t=320096ms iter=909 REBUILD reject new_tc=60.7777 (was 60.1051)
t=320249ms iter=909 incumb=60.1051 ratchet=60.3626 best=60.1051 since_improve=636
t=320257ms iter=910 WAIST cost=57.0000 best_alt=52.0000 gap=5.0000 tried=5 sep_labels=52 clique_frac=0.01
t=320428ms iter=910 REBUILD reject new_tc=60.8243 (was 60.1051)
t=320583ms iter=910 incumb=60.1051 ratchet=60.2280 best=60.1051 since_improve=637
t=320590ms iter=911 WAIST cost=57.0000 best_alt=52.0000 gap=5.0000 tried=5 sep_labels=52 clique_frac=0.01
t=320762ms iter=911 REBUILD reject new_tc=61.0004 (was 60.1051)
t=320917ms iter=911 incumb=60.1051 ratchet=60.1677 best=60.1051 since_improve=638
t=320927ms iter=912 WAIST cost=57.0000 best_alt=52.0000 gap=5.0000 tried=5 sep_labels=52 clique_frac=0.01
t=321094ms iter=912 REBUILD reject new_tc=68.0086 (was 60.1051)
t=321247ms iter=912 incumb=60.1051 ratchet=60.3411 best=60.1051 since_improve=639
t=321255ms iter=913 WAIST cost=57.0000 best_alt=52.0000 gap=5.0000 tried=5 sep_labels=52 clique_frac=0.01
t=321427ms iter=913 REBUILD reject new_tc=66.2773 (was 60.1051)
t=321579ms iter=913 incumb=60.1051 ratchet=60.1640 best=60.1051 since_improve=640
t=321588ms iter=914 WAIST cost=57.0000 best_alt=52.0000 gap=5.0000 tried=5 sep_labels=52 clique_frac=0.01
t=321755ms iter=914 REBUILD reject new_tc=61.0537 (was 60.1051)
t=321915ms iter=914 incumb=60.1051 ratchet=60.1873 best=60.1051 since_improve=641
t=321923ms iter=915 WAIST cost=57.0000 best_alt=52.0000 gap=5.0000 tried=5 sep_labels=52 clique_frac=0.01
t=322103ms iter=915 REBUILD reject new_tc=61.0550 (was 60.1051)
t=322259ms iter=915 incumb=60.1051 ratchet=60.3775 best=60.1051 since_improve=642
t=322268ms iter=916 WAIST cost=57.0000 best_alt=50.0000 gap=7.0000 tried=5 sep_labels=50 clique_frac=0.01
t=322408ms iter=916 REBUILD reject new_tc=61.5656 (was 60.1051)
t=322563ms iter=916 incumb=60.1051 ratchet=60.4523 best=60.1051 since_improve=643
t=322571ms iter=917 WAIST cost=57.0000 best_alt=49.0000 gap=8.0000 tried=5 sep_labels=49 clique_frac=0.01
t=322722ms iter=917 REBUILD reject new_tc=61.5916 (was 60.1051)
t=322875ms iter=917 incumb=60.1051 ratchet=60.1498 best=60.1051 since_improve=644
t=322884ms iter=918 WAIST cost=57.0000 best_alt=52.0000 gap=5.0000 tried=5 sep_labels=52 clique_frac=0.01
t=323049ms iter=918 REBUILD reject new_tc=71.0054 (was 60.1051)
t=323200ms iter=918 incumb=60.1051 ratchet=60.5451 best=60.1051 since_improve=645
t=323209ms iter=919 WAIST cost=57.0000 best_alt=52.0000 gap=5.0000 tried=5 sep_labels=52 clique_frac=0.01
t=323380ms iter=919 REBUILD reject new_tc=60.7574 (was 60.1051)
t=323541ms iter=919 incumb=60.1051 ratchet=60.5561 best=60.1051 since_improve=646
t=323549ms iter=920 WAIST cost=57.0000 best_alt=51.0000 gap=6.0000 tried=5 sep_labels=51 clique_frac=0.01
t=323715ms iter=920 REBUILD reject new_tc=61.0070 (was 60.1051)
t=323872ms iter=920 incumb=60.1051 ratchet=60.1303 best=60.1051 since_improve=647
t=323880ms iter=921 WAIST cost=57.0000 best_alt=51.0000 gap=6.0000 tried=5 sep_labels=51 clique_frac=0.01
t=324049ms iter=921 REBUILD reject new_tc=61.1168 (was 60.1051)
t=324203ms iter=921 incumb=60.1051 ratchet=60.3847 best=60.1051 since_improve=648
t=324212ms iter=922 WAIST cost=57.0000 best_alt=49.0000 gap=8.0000 tried=5 sep_labels=49 clique_frac=0.01
t=324359ms iter=922 REBUILD reject new_tc=65.8694 (was 60.1051)
t=324518ms iter=922 incumb=60.1051 ratchet=60.2759 best=60.1051 since_improve=649
t=324526ms iter=923 WAIST cost=57.0000 best_alt=51.0000 gap=6.0000 tried=5 sep_labels=51 clique_frac=0.01
t=324696ms iter=923 REBUILD reject new_tc=61.3553 (was 60.1051)
t=324850ms iter=923 incumb=60.1051 ratchet=60.2044 best=60.1051 since_improve=650
t=324857ms iter=924 WAIST cost=57.0000 best_alt=52.0000 gap=5.0000 tried=5 sep_labels=52 clique_frac=0.01
t=325031ms iter=924 REBUILD reject new_tc=65.3438 (was 60.1051)
t=325188ms iter=924 incumb=60.1051 ratchet=60.1725 best=60.1051 since_improve=651
t=325196ms iter=925 WAIST cost=57.0000 best_alt=51.0000 gap=6.0000 tried=5 sep_labels=51 clique_frac=0.01
t=325371ms iter=925 REBUILD reject new_tc=61.2779 (was 60.1051)
t=325560ms iter=925 incumb=60.1051 ratchet=60.2506 best=60.1051 since_improve=652
t=325569ms iter=926 WAIST cost=57.0000 best_alt=51.0000 gap=6.0000 tried=5 sep_labels=51 clique_frac=0.01
t=325726ms iter=926 REBUILD reject new_tc=61.5592 (was 60.1051)
t=325878ms iter=926 incumb=60.1051 ratchet=60.2061 best=60.1051 since_improve=653
t=325885ms iter=927 WAIST cost=57.0000 best_alt=52.0000 gap=5.0000 tried=5 sep_labels=52 clique_frac=0.01
t=326116ms iter=927 REBUILD reject new_tc=61.0789 (was 60.1051)
t=326267ms iter=927 incumb=60.1051 ratchet=60.3548 best=60.1051 since_improve=654
t=326274ms iter=928 WAIST cost=57.0000 best_alt=52.0000 gap=5.0000 tried=5 sep_labels=52 clique_frac=0.01
t=326452ms iter=928 REBUILD reject new_tc=60.9992 (was 60.1051)
t=326610ms iter=928 incumb=60.1051 ratchet=60.3751 best=60.1051 since_improve=655
t=326619ms iter=929 WAIST cost=57.0000 best_alt=51.0000 gap=6.0000 tried=5 sep_labels=51 clique_frac=0.01
t=326782ms iter=929 REBUILD reject new_tc=61.8982 (was 60.1051)
t=326937ms iter=929 incumb=60.1051 ratchet=60.2108 best=60.1051 since_improve=656
t=326946ms iter=930 WAIST cost=57.0000 best_alt=49.0000 gap=8.0000 tried=5 sep_labels=49 clique_frac=0.01
t=327092ms iter=930 REBUILD reject new_tc=61.6483 (was 60.1051)
t=327250ms iter=930 incumb=60.1051 ratchet=60.1558 best=60.1051 since_improve=657
t=327261ms iter=931 WAIST cost=57.0000 best_alt=52.0000 gap=5.0000 tried=5 sep_labels=52 clique_frac=0.01
t=327436ms iter=931 REBUILD reject new_tc=60.7676 (was 60.1051)
t=327591ms iter=931 incumb=60.1051 ratchet=60.3442 best=60.1051 since_improve=658
t=327599ms iter=932 WAIST cost=57.0000 best_alt=52.0000 gap=5.0000 tried=5 sep_labels=52 clique_frac=0.01
t=327764ms iter=932 REBUILD reject new_tc=63.1836 (was 60.1051)
t=327918ms iter=932 incumb=60.1051 ratchet=60.1617 best=60.1051 since_improve=659
t=327927ms iter=933 WAIST cost=57.0000 best_alt=52.0000 gap=5.0000 tried=5 sep_labels=52 clique_frac=0.01
t=328102ms iter=933 REBUILD reject new_tc=60.8220 (was 60.1051)
t=328263ms iter=933 incumb=60.1051 ratchet=60.1656 best=60.1051 since_improve=660
t=328270ms iter=934 WAIST cost=57.0000 best_alt=52.0000 gap=5.0000 tried=5 sep_labels=52 clique_frac=0.01
t=328437ms iter=934 REBUILD reject new_tc=60.8339 (was 60.1051)
t=328594ms iter=934 incumb=60.1051 ratchet=60.3379 best=60.1051 since_improve=661
t=328603ms iter=935 WAIST cost=57.0000 best_alt=52.0000 gap=5.0000 tried=5 sep_labels=52 clique_frac=0.01
t=328776ms iter=935 REBUILD reject new_tc=60.9791 (was 60.1051)
t=328933ms iter=935 incumb=60.1051 ratchet=60.3968 best=60.1051 since_improve=662
t=328941ms iter=936 WAIST cost=57.0000 best_alt=49.0000 gap=8.0000 tried=5 sep_labels=49 clique_frac=0.01
t=329096ms iter=936 REBUILD reject new_tc=65.0965 (was 60.1051)
t=329248ms iter=936 incumb=60.1051 ratchet=60.1586 best=60.1051 since_improve=663
t=329255ms iter=937 WAIST cost=57.0000 best_alt=51.0000 gap=6.0000 tried=5 sep_labels=51 clique_frac=0.01
t=329411ms iter=937 REBUILD reject new_tc=61.7261 (was 60.1051)
t=329565ms iter=937 incumb=60.1051 ratchet=60.1457 best=60.1051 since_improve=664
t=329572ms iter=938 WAIST cost=57.0000 best_alt=52.0000 gap=5.0000 tried=5 sep_labels=52 clique_frac=0.01
t=329743ms iter=938 REBUILD reject new_tc=60.8326 (was 60.1051)
t=329889ms iter=938 incumb=60.1051 ratchet=60.1198 best=60.1051 since_improve=665
t=329899ms iter=939 WAIST cost=57.0000 best_alt=52.0000 gap=5.0000 tried=5 sep_labels=52 clique_frac=0.01
t=330073ms iter=939 REBUILD reject new_tc=62.8085 (was 60.1051)
t=330231ms iter=939 incumb=60.1051 ratchet=60.4181 best=60.1051 since_improve=666
t=330243ms iter=940 WAIST cost=57.0000 best_alt=50.0000 gap=7.0000 tried=5 sep_labels=50 clique_frac=0.01
t=330396ms iter=940 REBUILD reject new_tc=61.1581 (was 60.1051)
t=330553ms iter=940 incumb=60.1051 ratchet=60.5474 best=60.1051 since_improve=667
t=330561ms iter=941 WAIST cost=57.0000 best_alt=49.0000 gap=8.0000 tried=5 sep_labels=49 clique_frac=0.01
t=330710ms iter=941 REBUILD reject new_tc=67.0320 (was 60.1051)
t=330864ms iter=941 incumb=60.1051 ratchet=60.2124 best=60.1051 since_improve=668
t=330873ms iter=942 WAIST cost=57.0000 best_alt=52.0000 gap=5.0000 tried=5 sep_labels=52 clique_frac=0.01
t=331046ms iter=942 REBUILD reject new_tc=60.6308 (was 60.1051)
t=331207ms iter=942 incumb=60.1051 ratchet=60.5242 best=60.1051 since_improve=669
t=331216ms iter=943 WAIST cost=57.0000 best_alt=51.0000 gap=6.0000 tried=5 sep_labels=51 clique_frac=0.01
t=331368ms iter=943 REBUILD reject new_tc=61.4554 (was 60.1051)
t=331527ms iter=943 incumb=60.1051 ratchet=60.4020 best=60.1051 since_improve=670
t=331537ms iter=944 WAIST cost=57.0000 best_alt=49.0000 gap=8.0000 tried=5 sep_labels=49 clique_frac=0.01
t=331688ms iter=944 REBUILD reject new_tc=61.4654 (was 60.1051)
t=331846ms iter=944 incumb=60.1051 ratchet=60.2224 best=60.1051 since_improve=671
t=331857ms iter=945 WAIST cost=57.0000 best_alt=49.0000 gap=8.0000 tried=5 sep_labels=49 clique_frac=0.01
t=332007ms iter=945 REBUILD reject new_tc=61.4250 (was 60.1051)
t=332162ms iter=945 incumb=60.1051 ratchet=60.5317 best=60.1051 since_improve=672
t=332170ms iter=946 WAIST cost=57.0000 best_alt=52.0000 gap=5.0000 tried=5 sep_labels=52 clique_frac=0.01
t=332341ms iter=946 REBUILD reject new_tc=61.0173 (was 60.1051)
t=332496ms iter=946 incumb=60.1051 ratchet=60.2541 best=60.1051 since_improve=673
t=332506ms iter=947 WAIST cost=57.0000 best_alt=49.0000 gap=8.0000 tried=5 sep_labels=49 clique_frac=0.01
t=332659ms iter=947 REBUILD reject new_tc=61.5449 (was 60.1051)
t=332812ms iter=947 incumb=60.1051 ratchet=60.3881 best=60.1051 since_improve=674
t=332820ms iter=948 WAIST cost=57.0000 best_alt=52.0000 gap=5.0000 tried=5 sep_labels=52 clique_frac=0.01
t=332996ms iter=948 REBUILD reject new_tc=60.7243 (was 60.1051)
t=333152ms iter=948 incumb=60.1051 ratchet=60.1916 best=60.1051 since_improve=675
t=333161ms iter=949 WAIST cost=57.0000 best_alt=50.0000 gap=7.0000 tried=5 sep_labels=50 clique_frac=0.01
t=333314ms iter=949 REBUILD reject new_tc=65.3533 (was 60.1051)
t=333469ms iter=949 incumb=60.1051 ratchet=60.1271 best=60.1051 since_improve=676
t=333477ms iter=950 WAIST cost=57.0000 best_alt=52.0000 gap=5.0000 tried=5 sep_labels=52 clique_frac=0.01
t=333652ms iter=950 REBUILD reject new_tc=60.7095 (was 60.1051)
t=333805ms iter=950 incumb=60.1051 ratchet=60.2393 best=60.1051 since_improve=677
t=333812ms iter=951 WAIST cost=57.0000 best_alt=52.0000 gap=5.0000 tried=5 sep_labels=52 clique_frac=0.01
t=333981ms iter=951 REBUILD reject new_tc=66.2108 (was 60.1051)
t=334135ms iter=951 incumb=60.1051 ratchet=60.2873 best=60.1051 since_improve=678
t=334143ms iter=952 WAIST cost=57.0000 best_alt=51.0000 gap=6.0000 tried=5 sep_labels=51 clique_frac=0.01
t=334282ms iter=952 REBUILD reject new_tc=77.0001 (was 60.1051)
t=334439ms iter=952 incumb=60.1051 ratchet=60.3231 best=60.1051 since_improve=679
t=334448ms iter=953 WAIST cost=57.0000 best_alt=52.0000 gap=5.0000 tried=5 sep_labels=52 clique_frac=0.01
t=334608ms iter=953 REBUILD reject new_tc=80.0000 (was 60.1051)
t=334762ms iter=953 incumb=60.1051 ratchet=60.2515 best=60.1051 since_improve=680
t=334772ms iter=954 WAIST cost=57.0000 best_alt=50.0000 gap=7.0000 tried=5 sep_labels=50 clique_frac=0.01
t=334923ms iter=954 REBUILD reject new_tc=61.0902 (was 60.1051)
t=335080ms iter=954 incumb=60.1051 ratchet=60.4462 best=60.1051 since_improve=681
t=335087ms iter=955 WAIST cost=57.0000 best_alt=49.0000 gap=8.0000 tried=5 sep_labels=49 clique_frac=0.01
t=335229ms iter=955 REBUILD reject new_tc=74.0009 (was 60.1051)
t=335387ms iter=955 incumb=60.1051 ratchet=60.4542 best=60.1051 since_improve=682
t=335396ms iter=956 WAIST cost=57.0000 best_alt=49.0000 gap=8.0000 tried=5 sep_labels=49 clique_frac=0.01
t=335551ms iter=956 REBUILD reject new_tc=61.4697 (was 60.1051)
t=335710ms iter=956 incumb=60.1051 ratchet=60.4131 best=60.1051 since_improve=683
t=335718ms iter=957 WAIST cost=57.0000 best_alt=51.0000 gap=6.0000 tried=5 sep_labels=51 clique_frac=0.01
t=335878ms iter=957 REBUILD reject new_tc=61.5243 (was 60.1051)
t=336030ms iter=957 incumb=60.1051 ratchet=60.2407 best=60.1051 since_improve=684
t=336037ms iter=958 WAIST cost=57.0000 best_alt=52.0000 gap=5.0000 tried=5 sep_labels=52 clique_frac=0.01
t=336207ms iter=958 REBUILD reject new_tc=62.4272 (was 60.1051)
t=336362ms iter=958 incumb=60.1051 ratchet=60.2716 best=60.1051 since_improve=685
t=336370ms iter=959 WAIST cost=57.0000 best_alt=52.0000 gap=5.0000 tried=5 sep_labels=52 clique_frac=0.01
t=336547ms iter=959 REBUILD reject new_tc=60.7984 (was 60.1051)
t=336701ms iter=959 incumb=60.1051 ratchet=60.1682 best=60.1051 since_improve=686
t=336710ms iter=960 WAIST cost=57.0000 best_alt=52.0000 gap=5.0000 tried=5 sep_labels=52 clique_frac=0.01
t=336873ms iter=960 REBUILD reject new_tc=61.0617 (was 60.1051)
t=337029ms iter=960 incumb=60.1051 ratchet=60.2736 best=60.1051 since_improve=687
t=337036ms iter=961 WAIST cost=57.0000 best_alt=52.0000 gap=5.0000 tried=5 sep_labels=52 clique_frac=0.01
t=337208ms iter=961 REBUILD reject new_tc=63.0197 (was 60.1051)
t=337370ms iter=961 incumb=60.1051 ratchet=60.1408 best=60.1051 since_improve=688
t=337378ms iter=962 WAIST cost=57.0000 best_alt=52.0000 gap=5.0000 tried=5 sep_labels=52 clique_frac=0.01
t=337555ms iter=962 REBUILD reject new_tc=61.0634 (was 60.1051)
t=337713ms iter=962 incumb=60.1051 ratchet=60.3145 best=60.1051 since_improve=689
t=337722ms iter=963 WAIST cost=57.0000 best_alt=49.0000 gap=8.0000 tried=5 sep_labels=49 clique_frac=0.01
t=337880ms iter=963 REBUILD reject new_tc=61.8960 (was 60.1051)
t=338032ms iter=963 incumb=60.1051 ratchet=60.2497 best=60.1051 since_improve=690
t=338041ms iter=964 WAIST cost=57.0000 best_alt=52.0000 gap=5.0000 tried=5 sep_labels=52 clique_frac=0.01
t=338214ms iter=964 REBUILD reject new_tc=60.4904 (was 60.1051)
t=338374ms iter=964 incumb=60.1051 ratchet=60.4661 best=60.1051 since_improve=691
t=338381ms iter=965 WAIST cost=57.0000 best_alt=52.0000 gap=5.0000 tried=5 sep_labels=52 clique_frac=0.01
t=338555ms iter=965 REBUILD reject new_tc=60.9142 (was 60.1051)
t=338713ms iter=965 incumb=60.1051 ratchet=60.1405 best=60.1051 since_improve=692
t=338721ms iter=966 WAIST cost=57.0000 best_alt=50.0000 gap=7.0000 tried=5 sep_labels=50 clique_frac=0.01
t=338871ms iter=966 REBUILD reject new_tc=61.3127 (was 60.1051)
t=339029ms iter=966 incumb=60.1051 ratchet=60.1677 best=60.1051 since_improve=693
t=339039ms iter=967 WAIST cost=57.0000 best_alt=50.0000 gap=7.0000 tried=5 sep_labels=50 clique_frac=0.01
t=339179ms iter=967 REBUILD reject new_tc=74.0130 (was 60.1051)
t=339331ms iter=967 incumb=60.1051 ratchet=60.1840 best=60.1051 since_improve=694
t=339340ms iter=968 WAIST cost=57.0000 best_alt=52.0000 gap=5.0000 tried=5 sep_labels=52 clique_frac=0.01
t=339513ms iter=968 REBUILD reject new_tc=60.8939 (was 60.1051)
t=339662ms iter=968 incumb=60.1051 ratchet=60.1466 best=60.1051 since_improve=695
t=339669ms iter=969 WAIST cost=57.0000 best_alt=49.0000 gap=8.0000 tried=5 sep_labels=49 clique_frac=0.01
t=339828ms iter=969 REBUILD reject new_tc=61.3677 (was 60.1051)
t=339987ms iter=969 incumb=60.1051 ratchet=60.1474 best=60.1051 since_improve=696
t=339997ms iter=970 WAIST cost=57.0000 best_alt=49.0000 gap=8.0000 tried=5 sep_labels=49 clique_frac=0.01
t=340142ms iter=970 REBUILD reject new_tc=70.0026 (was 60.1051)
t=340296ms iter=970 incumb=60.1051 ratchet=60.2548 best=60.1051 since_improve=697
t=340305ms iter=971 WAIST cost=57.0000 best_alt=52.0000 gap=5.0000 tried=5 sep_labels=52 clique_frac=0.01
t=340479ms iter=971 REBUILD reject new_tc=60.7319 (was 60.1051)
t=340635ms iter=971 incumb=60.1051 ratchet=60.5164 best=60.1051 since_improve=698
t=340642ms iter=972 WAIST cost=57.0000 best_alt=52.0000 gap=5.0000 tried=5 sep_labels=52 clique_frac=0.01
t=340814ms iter=972 REBUILD reject new_tc=61.0880 (was 60.1051)
t=340973ms iter=972 incumb=60.1051 ratchet=60.3187 best=60.1051 since_improve=699
t=340982ms iter=973 WAIST cost=57.0000 best_alt=51.0000 gap=6.0000 tried=5 sep_labels=51 clique_frac=0.01
t=341163ms iter=973 REBUILD reject new_tc=63.7667 (was 60.1051)
t=341315ms iter=973 incumb=60.1051 ratchet=60.2007 best=60.1051 since_improve=700
t=341324ms iter=974 WAIST cost=57.0000 best_alt=52.0000 gap=5.0000 tried=5 sep_labels=52 clique_frac=0.01
t=341495ms iter=974 REBUILD reject new_tc=60.8517 (was 60.1051)
t=341650ms iter=974 incumb=60.1051 ratchet=60.3247 best=60.1051 since_improve=701
t=341657ms iter=975 WAIST cost=57.0000 best_alt=50.0000 gap=7.0000 tried=5 sep_labels=50 clique_frac=0.01
t=341810ms iter=975 REBUILD reject new_tc=61.2705 (was 60.1051)
t=341963ms iter=975 incumb=60.1051 ratchet=60.1257 best=60.1051 since_improve=702
t=341971ms iter=976 WAIST cost=57.0000 best_alt=52.0000 gap=5.0000 tried=5 sep_labels=52 clique_frac=0.01
t=342144ms iter=976 REBUILD reject new_tc=60.8750 (was 60.1051)
t=342298ms iter=976 incumb=60.1051 ratchet=60.2423 best=60.1051 since_improve=703
t=342308ms iter=977 WAIST cost=57.0000 best_alt=52.0000 gap=5.0000 tried=5 sep_labels=52 clique_frac=0.01
t=342474ms iter=977 REBUILD reject new_tc=61.0530 (was 60.1051)
t=342627ms iter=977 incumb=60.1051 ratchet=61.2838 best=60.1051 since_improve=704
t=342636ms iter=978 WAIST cost=57.0000 best_alt=52.0000 gap=5.0000 tried=5 sep_labels=52 clique_frac=0.01
t=342792ms iter=978 REBUILD reject new_tc=73.0006 (was 60.1051)
t=342949ms iter=978 incumb=60.1051 ratchet=60.1678 best=60.1051 since_improve=705
t=342958ms iter=979 WAIST cost=57.0000 best_alt=52.0000 gap=5.0000 tried=5 sep_labels=52 clique_frac=0.01
t=343126ms iter=979 REBUILD reject new_tc=68.1287 (was 60.1051)
t=343284ms iter=979 incumb=60.1051 ratchet=60.3804 best=60.1051 since_improve=706
t=343294ms iter=980 WAIST cost=57.0000 best_alt=52.0000 gap=5.0000 tried=5 sep_labels=52 clique_frac=0.01
t=343450ms iter=980 REBUILD reject new_tc=76.0001 (was 60.1051)
t=343604ms iter=980 incumb=60.1051 ratchet=60.1690 best=60.1051 since_improve=707
t=343612ms iter=981 WAIST cost=57.0000 best_alt=52.0000 gap=5.0000 tried=5 sep_labels=52 clique_frac=0.01
t=343791ms iter=981 REBUILD reject new_tc=61.1032 (was 60.1051)
t=343945ms iter=981 incumb=60.1051 ratchet=60.1824 best=60.1051 since_improve=708
t=343954ms iter=982 WAIST cost=57.0000 best_alt=52.0000 gap=5.0000 tried=5 sep_labels=52 clique_frac=0.01
t=344130ms iter=982 REBUILD reject new_tc=60.6368 (was 60.1051)
t=344280ms iter=982 incumb=60.1051 ratchet=61.0627 best=60.1051 since_improve=709
t=344288ms iter=983 WAIST cost=57.0000 best_alt=52.0000 gap=5.0000 tried=5 sep_labels=52 clique_frac=0.01
t=344460ms iter=983 REBUILD reject new_tc=60.3703 (was 60.1051)
t=344621ms iter=983 incumb=60.1051 ratchet=60.3521 best=60.1051 since_improve=710
t=344627ms iter=984 WAIST cost=57.0000 best_alt=52.0000 gap=5.0000 tried=5 sep_labels=52 clique_frac=0.01
t=344797ms iter=984 REBUILD reject new_tc=60.6765 (was 60.1051)
t=344952ms iter=984 incumb=60.1051 ratchet=60.2777 best=60.1051 since_improve=711
t=344961ms iter=985 WAIST cost=57.0000 best_alt=51.0000 gap=6.0000 tried=5 sep_labels=51 clique_frac=0.01
t=345171ms iter=985 REBUILD reject new_tc=61.2224 (was 60.1051)
t=345324ms iter=985 incumb=60.1051 ratchet=60.3004 best=60.1051 since_improve=712
t=345332ms iter=986 WAIST cost=57.0000 best_alt=52.0000 gap=5.0000 tried=5 sep_labels=52 clique_frac=0.01
t=345507ms iter=986 REBUILD reject new_tc=60.7352 (was 60.1051)
t=345667ms iter=986 incumb=60.1051 ratchet=60.3613 best=60.1051 since_improve=713
t=345676ms iter=987 WAIST cost=57.0000 best_alt=49.0000 gap=8.0000 tried=5 sep_labels=49 clique_frac=0.01
t=345824ms iter=987 REBUILD reject new_tc=63.0828 (was 60.1051)
t=345982ms iter=987 incumb=60.1051 ratchet=60.2048 best=60.1051 since_improve=714
t=345989ms iter=988 WAIST cost=57.0000 best_alt=52.0000 gap=5.0000 tried=5 sep_labels=52 clique_frac=0.01
t=346161ms iter=988 REBUILD reject new_tc=60.7473 (was 60.1051)
t=346318ms iter=988 incumb=60.1051 ratchet=60.2160 best=60.1051 since_improve=715
t=346327ms iter=989 WAIST cost=57.0000 best_alt=52.0000 gap=5.0000 tried=5 sep_labels=52 clique_frac=0.01
t=346498ms iter=989 REBUILD reject new_tc=61.5897 (was 60.1051)
t=346651ms iter=989 incumb=60.1051 ratchet=60.4357 best=60.1051 since_improve=716
t=346659ms iter=990 WAIST cost=57.0000 best_alt=49.0000 gap=8.0000 tried=5 sep_labels=49 clique_frac=0.01
t=346812ms iter=990 REBUILD reject new_tc=61.5284 (was 60.1051)
t=346964ms iter=990 incumb=60.1051 ratchet=60.3966 best=60.1051 since_improve=717
t=346971ms iter=991 WAIST cost=57.0000 best_alt=52.0000 gap=5.0000 tried=5 sep_labels=52 clique_frac=0.01
t=347147ms iter=991 REBUILD reject new_tc=60.9524 (was 60.1051)
t=347298ms iter=991 incumb=60.1051 ratchet=60.1731 best=60.1051 since_improve=718
t=347305ms iter=992 WAIST cost=57.0000 best_alt=52.0000 gap=5.0000 tried=5 sep_labels=52 clique_frac=0.01
t=347467ms iter=992 REBUILD reject new_tc=71.0258 (was 60.1051)
t=347623ms iter=992 incumb=60.1051 ratchet=60.3724 best=60.1051 since_improve=719
t=347631ms iter=993 WAIST cost=57.0000 best_alt=51.0000 gap=6.0000 tried=5 sep_labels=51 clique_frac=0.01
t=347785ms iter=993 REBUILD reject new_tc=61.5007 (was 60.1051)
t=347939ms iter=993 incumb=60.1051 ratchet=60.1940 best=60.1051 since_improve=720
t=347950ms iter=994 WAIST cost=57.0000 best_alt=51.0000 gap=6.0000 tried=5 sep_labels=51 clique_frac=0.01
t=348108ms iter=994 REBUILD reject new_tc=61.4042 (was 60.1051)
t=348265ms iter=994 incumb=60.1051 ratchet=60.2907 best=60.1051 since_improve=721
t=348273ms iter=995 WAIST cost=57.0000 best_alt=49.0000 gap=8.0000 tried=5 sep_labels=49 clique_frac=0.01
t=348423ms iter=995 REBUILD reject new_tc=61.4547 (was 60.1051)
t=348578ms iter=995 incumb=60.1051 ratchet=60.3741 best=60.1051 since_improve=722
t=348586ms iter=996 WAIST cost=57.0000 best_alt=49.0000 gap=8.0000 tried=5 sep_labels=49 clique_frac=0.01
t=348738ms iter=996 REBUILD reject new_tc=67.6028 (was 60.1051)
t=348887ms iter=996 incumb=60.1051 ratchet=60.2723 best=60.1051 since_improve=723
t=348896ms iter=997 WAIST cost=57.0000 best_alt=50.0000 gap=7.0000 tried=5 sep_labels=50 clique_frac=0.01
t=349037ms iter=997 REBUILD reject new_tc=73.0012 (was 60.1051)
t=349198ms iter=997 incumb=60.1051 ratchet=60.3313 best=60.1051 since_improve=724
t=349206ms iter=998 WAIST cost=57.0000 best_alt=52.0000 gap=5.0000 tried=5 sep_labels=52 clique_frac=0.01
t=349383ms iter=998 REBUILD reject new_tc=61.1573 (was 60.1051)
t=349537ms iter=998 incumb=60.1051 ratchet=60.2456 best=60.1051 since_improve=725
t=349544ms iter=999 WAIST cost=57.0000 best_alt=52.0000 gap=5.0000 tried=5 sep_labels=52 clique_frac=0.01
t=349718ms iter=999 REBUILD reject new_tc=60.5029 (was 60.1051)
t=349873ms iter=999 incumb=60.1051 ratchet=60.3059 best=60.1051 since_improve=726
t=349882ms iter=1000 WAIST cost=57.0000 best_alt=50.0000 gap=7.0000 tried=5 sep_labels=50 clique_frac=0.01
t=350036ms iter=1000 REBUILD reject new_tc=61.0555 (was 60.1051)
t=350198ms iter=1000 incumb=60.1051 ratchet=60.4521 best=60.1051 since_improve=727
t=350207ms iter=1001 WAIST cost=57.0000 best_alt=49.0000 gap=8.0000 tried=5 sep_labels=49 clique_frac=0.01
t=350362ms iter=1001 REBUILD reject new_tc=61.6102 (was 60.1051)
t=350516ms iter=1001 incumb=60.1051 ratchet=60.1747 best=60.1051 since_improve=728
t=350526ms iter=1002 WAIST cost=57.0000 best_alt=52.0000 gap=5.0000 tried=5 sep_labels=52 clique_frac=0.01
t=350692ms iter=1002 REBUILD reject new_tc=64.2111 (was 60.1051)
t=350850ms iter=1002 incumb=60.1051 ratchet=60.2107 best=60.1051 since_improve=729
t=350857ms iter=1003 WAIST cost=57.0000 best_alt=52.0000 gap=5.0000 tried=5 sep_labels=52 clique_frac=0.01
t=351015ms iter=1003 REBUILD reject new_tc=63.3779 (was 60.1051)
t=351174ms iter=1003 incumb=60.1051 ratchet=60.2292 best=60.1051 since_improve=730
t=351182ms iter=1004 WAIST cost=57.0000 best_alt=52.0000 gap=5.0000 tried=5 sep_labels=52 clique_frac=0.01
t=351345ms iter=1004 REBUILD reject new_tc=61.0722 (was 60.1051)
t=351498ms iter=1004 incumb=60.1051 ratchet=60.2698 best=60.1051 since_improve=731
t=351507ms iter=1005 WAIST cost=57.0000 best_alt=52.0000 gap=5.0000 tried=5 sep_labels=52 clique_frac=0.01
t=351679ms iter=1005 REBUILD reject new_tc=60.7885 (was 60.1051)
t=351831ms iter=1005 incumb=60.1051 ratchet=60.3744 best=60.1051 since_improve=732
t=351839ms iter=1006 WAIST cost=57.0000 best_alt=52.0000 gap=5.0000 tried=5 sep_labels=52 clique_frac=0.01
t=352010ms iter=1006 REBUILD reject new_tc=61.2349 (was 60.1051)
t=352165ms iter=1006 incumb=60.1051 ratchet=60.1475 best=60.1051 since_improve=733
t=352173ms iter=1007 WAIST cost=57.0000 best_alt=52.0000 gap=5.0000 tried=5 sep_labels=52 clique_frac=0.01
t=352350ms iter=1007 REBUILD reject new_tc=60.6651 (was 60.1051)
t=352503ms iter=1007 incumb=60.1051 ratchet=60.1290 best=60.1051 since_improve=734
t=352511ms iter=1008 WAIST cost=57.0000 best_alt=52.0000 gap=5.0000 tried=5 sep_labels=52 clique_frac=0.01
t=352691ms iter=1008 REBUILD reject new_tc=72.0005 (was 60.1051)
t=352844ms iter=1008 incumb=60.1051 ratchet=60.1956 best=60.1051 since_improve=735
t=352852ms iter=1009 WAIST cost=57.0000 best_alt=52.0000 gap=5.0000 tried=5 sep_labels=52 clique_frac=0.01
t=353031ms iter=1009 REBUILD reject new_tc=60.7271 (was 60.1051)
t=353194ms iter=1009 incumb=60.1051 ratchet=60.1902 best=60.1051 since_improve=736
t=353203ms iter=1010 WAIST cost=57.0000 best_alt=52.0000 gap=5.0000 tried=5 sep_labels=52 clique_frac=0.01
t=353373ms iter=1010 REBUILD reject new_tc=60.4052 (was 60.1051)
t=353526ms iter=1010 incumb=60.1051 ratchet=61.0108 best=60.1051 since_improve=737
t=353535ms iter=1011 WAIST cost=57.0000 best_alt=52.0000 gap=5.0000 tried=5 sep_labels=52 clique_frac=0.01
t=353704ms iter=1011 REBUILD reject new_tc=60.4715 (was 60.1051)
t=353867ms iter=1011 incumb=60.1051 ratchet=60.2300 best=60.1051 since_improve=738
t=353875ms iter=1012 WAIST cost=57.0000 best_alt=51.0000 gap=6.0000 tried=5 sep_labels=51 clique_frac=0.01
t=354046ms iter=1012 REBUILD reject new_tc=61.4488 (was 60.1051)
t=354202ms iter=1012 incumb=60.1051 ratchet=60.2473 best=60.1051 since_improve=739
t=354211ms iter=1013 WAIST cost=57.0000 best_alt=52.0000 gap=5.0000 tried=5 sep_labels=52 clique_frac=0.01
t=354389ms iter=1013 REBUILD reject new_tc=60.9078 (was 60.1051)
t=354548ms iter=1013 incumb=60.1051 ratchet=60.3693 best=60.1051 since_improve=740
t=354557ms iter=1014 WAIST cost=57.0000 best_alt=52.0000 gap=5.0000 tried=5 sep_labels=52 clique_frac=0.01
t=354731ms iter=1014 REBUILD reject new_tc=60.6762 (was 60.1051)
t=354889ms iter=1014 incumb=60.1051 ratchet=60.4339 best=60.1051 since_improve=741
t=354897ms iter=1015 WAIST cost=57.0000 best_alt=52.0000 gap=5.0000 tried=5 sep_labels=52 clique_frac=0.01
t=355079ms iter=1015 REBUILD reject new_tc=60.6366 (was 60.1051)
t=355235ms iter=1015 incumb=60.1051 ratchet=60.1216 best=60.1051 since_improve=742
t=355245ms iter=1016 WAIST cost=57.0000 best_alt=51.0000 gap=6.0000 tried=5 sep_labels=51 clique_frac=0.01
t=355422ms iter=1016 REBUILD reject new_tc=60.8862 (was 60.1051)
t=355576ms iter=1016 incumb=60.1051 ratchet=60.4004 best=60.1051 since_improve=743
t=355585ms iter=1017 WAIST cost=57.0000 best_alt=51.0000 gap=6.0000 tried=5 sep_labels=51 clique_frac=0.01
t=355733ms iter=1017 REBUILD reject new_tc=61.9296 (was 60.1051)
t=355889ms iter=1017 incumb=60.1051 ratchet=60.2443 best=60.1051 since_improve=744
t=355895ms iter=1018 WAIST cost=57.0000 best_alt=52.0000 gap=5.0000 tried=5 sep_labels=52 clique_frac=0.01
t=356065ms iter=1018 REBUILD reject new_tc=60.4920 (was 60.1051)
t=356223ms iter=1018 incumb=60.1051 ratchet=60.4984 best=60.1051 since_improve=745
t=356234ms iter=1019 WAIST cost=57.0000 best_alt=52.0000 gap=5.0000 tried=5 sep_labels=52 clique_frac=0.01
t=356400ms iter=1019 REBUILD reject new_tc=66.3177 (was 60.1051)
t=356552ms iter=1019 incumb=60.1051 ratchet=60.3583 best=60.1051 since_improve=746
t=356561ms iter=1020 WAIST cost=57.0000 best_alt=51.0000 gap=6.0000 tried=5 sep_labels=51 clique_frac=0.01
t=356720ms iter=1020 REBUILD reject new_tc=61.8951 (was 60.1051)
t=356882ms iter=1020 incumb=60.1051 ratchet=60.4783 best=60.1051 since_improve=747
t=356889ms iter=1021 WAIST cost=57.0000 best_alt=49.0000 gap=8.0000 tried=5 sep_labels=49 clique_frac=0.01
t=357041ms iter=1021 REBUILD reject new_tc=61.3799 (was 60.1051)
t=357197ms iter=1021 incumb=60.1051 ratchet=60.4569 best=60.1051 since_improve=748
t=357206ms iter=1022 WAIST cost=57.0000 best_alt=52.0000 gap=5.0000 tried=5 sep_labels=52 clique_frac=0.01
t=357376ms iter=1022 REBUILD reject new_tc=63.2015 (was 60.1051)
t=357527ms iter=1022 incumb=60.1051 ratchet=60.3379 best=60.1051 since_improve=749
t=357536ms iter=1023 WAIST cost=57.0000 best_alt=51.0000 gap=6.0000 tried=5 sep_labels=51 clique_frac=0.01
t=357676ms iter=1023 REBUILD reject new_tc=78.0000 (was 60.1051)
t=357833ms iter=1023 incumb=60.1051 ratchet=60.4186 best=60.1051 since_improve=750
t=357842ms iter=1024 WAIST cost=57.0000 best_alt=52.0000 gap=5.0000 tried=5 sep_labels=52 clique_frac=0.01
t=358021ms iter=1024 REBUILD reject new_tc=60.6452 (was 60.1051)
t=358178ms iter=1024 incumb=60.1051 ratchet=60.4791 best=60.1051 since_improve=751
t=358187ms iter=1025 WAIST cost=57.0000 best_alt=52.0000 gap=5.0000 tried=5 sep_labels=52 clique_frac=0.01
t=358358ms iter=1025 REBUILD reject new_tc=60.8472 (was 60.1051)
t=358519ms iter=1025 incumb=60.1051 ratchet=60.5268 best=60.1051 since_improve=752
t=358528ms iter=1026 WAIST cost=57.0000 best_alt=50.0000 gap=7.0000 tried=5 sep_labels=50 clique_frac=0.01
t=358677ms iter=1026 REBUILD reject new_tc=68.0336 (was 60.1051)
t=358841ms iter=1026 incumb=60.1051 ratchet=60.2988 best=60.1051 since_improve=753
t=358851ms iter=1027 WAIST cost=57.0000 best_alt=50.0000 gap=7.0000 tried=5 sep_labels=50 clique_frac=0.01
t=358997ms iter=1027 REBUILD reject new_tc=65.8478 (was 60.1051)
t=359152ms iter=1027 incumb=60.1051 ratchet=60.1927 best=60.1051 since_improve=754
t=359162ms iter=1028 WAIST cost=57.0000 best_alt=52.0000 gap=5.0000 tried=5 sep_labels=52 clique_frac=0.01
t=359336ms iter=1028 REBUILD reject new_tc=60.4300 (was 60.1051)
t=359483ms iter=1028 incumb=60.1051 ratchet=60.2852 best=60.1051 since_improve=755
t=359493ms iter=1029 WAIST cost=57.0000 best_alt=51.0000 gap=6.0000 tried=5 sep_labels=51 clique_frac=0.01
t=359651ms iter=1029 REBUILD reject new_tc=61.7939 (was 60.1051)
t=359801ms iter=1029 incumb=60.1051 ratchet=60.2638 best=60.1051 since_improve=756
t=359809ms iter=1030 WAIST cost=57.0000 best_alt=52.0000 gap=5.0000 tried=5 sep_labels=52 clique_frac=0.01
t=359984ms iter=1030 REBUILD reject new_tc=60.7947 (was 60.1051)
t=360137ms iter=1030 incumb=60.1051 ratchet=60.3310 best=60.1051 since_improve=757
t=360146ms iter=1031 WAIST cost=57.0000 best_alt=50.0000 gap=7.0000 tried=5 sep_labels=50 clique_frac=0.01
t=360296ms iter=1031 REBUILD reject new_tc=61.3802 (was 60.1051)
t=360453ms iter=1031 incumb=60.1051 ratchet=60.2823 best=60.1051 since_improve=758
t=360460ms iter=1032 WAIST cost=57.0000 best_alt=52.0000 gap=5.0000 tried=5 sep_labels=52 clique_frac=0.01
t=360632ms iter=1032 REBUILD reject new_tc=60.9046 (was 60.1051)
t=360790ms iter=1032 incumb=60.1051 ratchet=60.2512 best=60.1051 since_improve=759
t=360799ms iter=1033 WAIST cost=57.0000 best_alt=52.0000 gap=5.0000 tried=5 sep_labels=52 clique_frac=0.01
t=360970ms iter=1033 REBUILD reject new_tc=60.6107 (was 60.1051)
t=361127ms iter=1033 incumb=60.1051 ratchet=60.3135 best=60.1051 since_improve=760
t=361135ms iter=1034 WAIST cost=57.0000 best_alt=52.0000 gap=5.0000 tried=5 sep_labels=52 clique_frac=0.01
t=361315ms iter=1034 REBUILD reject new_tc=60.3510 (was 60.1051)
t=361466ms iter=1034 incumb=60.1051 ratchet=60.2879 best=60.1051 since_improve=761
t=361474ms iter=1035 WAIST cost=57.0000 best_alt=52.0000 gap=5.0000 tried=5 sep_labels=52 clique_frac=0.01
t=361643ms iter=1035 REBUILD reject new_tc=60.7420 (was 60.1051)
t=361802ms iter=1035 incumb=60.1051 ratchet=60.1940 best=60.1051 since_improve=762
t=361810ms iter=1036 WAIST cost=57.0000 best_alt=52.0000 gap=5.0000 tried=5 sep_labels=52 clique_frac=0.01
t=361979ms iter=1036 REBUILD reject new_tc=60.8945 (was 60.1051)
t=362137ms iter=1036 incumb=60.1051 ratchet=60.4549 best=60.1051 since_improve=763
t=362146ms iter=1037 WAIST cost=57.0000 best_alt=52.0000 gap=5.0000 tried=5 sep_labels=52 clique_frac=0.01
t=362317ms iter=1037 REBUILD reject new_tc=60.8414 (was 60.1051)
t=362474ms iter=1037 incumb=60.1051 ratchet=60.1356 best=60.1051 since_improve=764
t=362482ms iter=1038 WAIST cost=57.0000 best_alt=52.0000 gap=5.0000 tried=5 sep_labels=52 clique_frac=0.01
t=362655ms iter=1038 REBUILD reject new_tc=62.4957 (was 60.1051)
t=362812ms iter=1038 incumb=60.1051 ratchet=60.4045 best=60.1051 since_improve=765
t=362819ms iter=1039 WAIST cost=57.0000 best_alt=52.0000 gap=5.0000 tried=5 sep_labels=52 clique_frac=0.01
t=362991ms iter=1039 REBUILD reject new_tc=60.7500 (was 60.1051)
t=363147ms iter=1039 incumb=60.1051 ratchet=60.3724 best=60.1051 since_improve=766
t=363154ms iter=1040 WAIST cost=57.0000 best_alt=52.0000 gap=5.0000 tried=5 sep_labels=52 clique_frac=0.01
t=363323ms iter=1040 REBUILD reject new_tc=60.7388 (was 60.1051)
t=363477ms iter=1040 incumb=60.1051 ratchet=60.3331 best=60.1051 since_improve=767
t=363485ms iter=1041 WAIST cost=57.0000 best_alt=49.0000 gap=8.0000 tried=5 sep_labels=49 clique_frac=0.01
t=363641ms iter=1041 REBUILD reject new_tc=61.2844 (was 60.1051)
t=363802ms iter=1041 incumb=60.1051 ratchet=60.3315 best=60.1051 since_improve=768
t=363810ms iter=1042 WAIST cost=57.0000 best_alt=52.0000 gap=5.0000 tried=5 sep_labels=52 clique_frac=0.01
t=363976ms iter=1042 REBUILD reject new_tc=71.0014 (was 60.1051)
t=364127ms iter=1042 incumb=60.1051 ratchet=60.3447 best=60.1051 since_improve=769
t=364135ms iter=1043 WAIST cost=57.0000 best_alt=52.0000 gap=5.0000 tried=5 sep_labels=52 clique_frac=0.01
t=364303ms iter=1043 REBUILD reject new_tc=64.2208 (was 60.1051)
t=364457ms iter=1043 incumb=60.1051 ratchet=60.3336 best=60.1051 since_improve=770
t=364465ms iter=1044 WAIST cost=57.0000 best_alt=52.0000 gap=5.0000 tried=5 sep_labels=52 clique_frac=0.01
t=364638ms iter=1044 REBUILD reject new_tc=60.7976 (was 60.1051)
t=364798ms iter=1044 incumb=60.1051 ratchet=60.1989 best=60.1051 since_improve=771
t=364807ms iter=1045 WAIST cost=57.0000 best_alt=51.0000 gap=6.0000 tried=5 sep_labels=51 clique_frac=0.01
t=364965ms iter=1045 REBUILD reject new_tc=61.2512 (was 60.1051)
t=365121ms iter=1045 incumb=60.1051 ratchet=60.1520 best=60.1051 since_improve=772
t=365130ms iter=1046 WAIST cost=57.0000 best_alt=51.0000 gap=6.0000 tried=5 sep_labels=51 clique_frac=0.01
t=365282ms iter=1046 REBUILD reject new_tc=61.4972 (was 60.1051)
t=365437ms iter=1046 incumb=60.1051 ratchet=60.3951 best=60.1051 since_improve=773
t=365445ms iter=1047 WAIST cost=57.0000 best_alt=52.0000 gap=5.0000 tried=5 sep_labels=52 clique_frac=0.01
t=365616ms iter=1047 REBUILD reject new_tc=61.0524 (was 60.1051)
t=365776ms iter=1047 incumb=60.1051 ratchet=60.4057 best=60.1051 since_improve=774
t=365785ms iter=1048 WAIST cost=57.0000 best_alt=49.0000 gap=8.0000 tried=5 sep_labels=49 clique_frac=0.01
t=365945ms iter=1048 REBUILD reject new_tc=61.5774 (was 60.1051)
t=366105ms iter=1048 incumb=60.1051 ratchet=60.2782 best=60.1051 since_improve=775
t=366113ms iter=1049 WAIST cost=57.0000 best_alt=52.0000 gap=5.0000 tried=5 sep_labels=52 clique_frac=0.01
t=366290ms iter=1049 REBUILD reject new_tc=60.6705 (was 60.1051)
t=366446ms iter=1049 incumb=60.1051 ratchet=60.2381 best=60.1051 since_improve=776
t=366455ms iter=1050 WAIST cost=57.0000 best_alt=52.0000 gap=5.0000 tried=5 sep_labels=52 clique_frac=0.01
t=366615ms iter=1050 REBUILD reject new_tc=62.4784 (was 60.1051)
t=366772ms iter=1050 incumb=60.1051 ratchet=60.1761 best=60.1051 since_improve=777
t=366780ms iter=1051 WAIST cost=57.0000 best_alt=52.0000 gap=5.0000 tried=5 sep_labels=52 clique_frac=0.01
t=366953ms iter=1051 REBUILD reject new_tc=61.1015 (was 60.1051)
t=367106ms iter=1051 incumb=60.1051 ratchet=60.2734 best=60.1051 since_improve=778
t=367114ms iter=1052 WAIST cost=57.0000 best_alt=52.0000 gap=5.0000 tried=5 sep_labels=52 clique_frac=0.01
t=367290ms iter=1052 REBUILD reject new_tc=60.9659 (was 60.1051)
t=367448ms iter=1052 incumb=60.1051 ratchet=60.3805 best=60.1051 since_improve=779
t=367456ms iter=1053 WAIST cost=57.0000 best_alt=52.0000 gap=5.0000 tried=5 sep_labels=52 clique_frac=0.01
t=367628ms iter=1053 REBUILD reject new_tc=60.6844 (was 60.1051)
t=367785ms iter=1053 incumb=60.1051 ratchet=60.3377 best=60.1051 since_improve=780
t=367792ms iter=1054 WAIST cost=57.0000 best_alt=49.0000 gap=8.0000 tried=5 sep_labels=49 clique_frac=0.01
t=367939ms iter=1054 REBUILD reject new_tc=61.4872 (was 60.1051)
t=368096ms iter=1054 incumb=60.1051 ratchet=60.3798 best=60.1051 since_improve=781
t=368104ms iter=1055 WAIST cost=57.0000 best_alt=52.0000 gap=5.0000 tried=5 sep_labels=52 clique_frac=0.01
t=368273ms iter=1055 REBUILD reject new_tc=61.0141 (was 60.1051)
t=368437ms iter=1055 incumb=60.1051 ratchet=60.2003 best=60.1051 since_improve=782
t=368444ms iter=1056 WAIST cost=57.0000 best_alt=52.0000 gap=5.0000 tried=5 sep_labels=52 clique_frac=0.01
t=368611ms iter=1056 REBUILD reject new_tc=64.3235 (was 60.1051)
t=368765ms iter=1056 incumb=60.1051 ratchet=60.3693 best=60.1051 since_improve=783
t=368774ms iter=1057 WAIST cost=57.0000 best_alt=51.0000 gap=6.0000 tried=5 sep_labels=51 clique_frac=0.01
t=368928ms iter=1057 REBUILD reject new_tc=61.8844 (was 60.1051)
t=369088ms iter=1057 incumb=60.1051 ratchet=60.3774 best=60.1051 since_improve=784
t=369096ms iter=1058 WAIST cost=57.0000 best_alt=52.0000 gap=5.0000 tried=5 sep_labels=52 clique_frac=0.01
t=369273ms iter=1058 REBUILD reject new_tc=60.5856 (was 60.1051)
t=369426ms iter=1058 incumb=60.1051 ratchet=60.3763 best=60.1051 since_improve=785
t=369434ms iter=1059 WAIST cost=57.0000 best_alt=52.0000 gap=5.0000 tried=5 sep_labels=52 clique_frac=0.01
t=369609ms iter=1059 REBUILD reject new_tc=60.7855 (was 60.1051)
t=369761ms iter=1059 incumb=60.1051 ratchet=60.1713 best=60.1051 since_improve=786
t=369770ms iter=1060 WAIST cost=57.0000 best_alt=51.0000 gap=6.0000 tried=5 sep_labels=51 clique_frac=0.01
t=369924ms iter=1060 REBUILD reject new_tc=61.9392 (was 60.1051)
t=370079ms iter=1060 incumb=60.1051 ratchet=60.1999 best=60.1051 since_improve=787
t=370087ms iter=1061 WAIST cost=57.0000 best_alt=52.0000 gap=5.0000 tried=5 sep_labels=52 clique_frac=0.01
t=370256ms iter=1061 REBUILD reject new_tc=61.1771 (was 60.1051)
t=370412ms iter=1061 incumb=60.1051 ratchet=60.3042 best=60.1051 since_improve=788
t=370421ms iter=1062 WAIST cost=57.0000 best_alt=52.0000 gap=5.0000 tried=5 sep_labels=52 clique_frac=0.01
t=370599ms iter=1062 REBUILD reject new_tc=60.9463 (was 60.1051)
t=370753ms iter=1062 incumb=60.1051 ratchet=60.2069 best=60.1051 since_improve=789
t=370764ms iter=1063 WAIST cost=57.0000 best_alt=50.0000 gap=7.0000 tried=5 sep_labels=50 clique_frac=0.01
t=370917ms iter=1063 REBUILD reject new_tc=61.3506 (was 60.1051)
t=371076ms iter=1063 incumb=60.1051 ratchet=60.7410 best=60.1051 since_improve=790
t=371084ms iter=1064 WAIST cost=57.0000 best_alt=52.0000 gap=5.0000 tried=5 sep_labels=52 clique_frac=0.01
t=371254ms iter=1064 REBUILD reject new_tc=66.3187 (was 60.1051)
t=371407ms iter=1064 incumb=60.1051 ratchet=60.1923 best=60.1051 since_improve=791
t=371416ms iter=1065 WAIST cost=57.0000 best_alt=51.0000 gap=6.0000 tried=5 sep_labels=51 clique_frac=0.01
t=371568ms iter=1065 REBUILD reject new_tc=61.3959 (was 60.1051)
t=371725ms iter=1065 incumb=60.1051 ratchet=61.5386 best=60.1051 since_improve=792
t=371735ms iter=1066 WAIST cost=57.0000 best_alt=52.0000 gap=5.0000 tried=5 sep_labels=52 clique_frac=0.01
t=371904ms iter=1066 REBUILD reject new_tc=62.4779 (was 60.1051)
t=372064ms iter=1066 incumb=60.1051 ratchet=60.2609 best=60.1051 since_improve=793
t=372072ms iter=1067 WAIST cost=57.0000 best_alt=51.0000 gap=6.0000 tried=5 sep_labels=51 clique_frac=0.01
t=372234ms iter=1067 REBUILD reject new_tc=61.7015 (was 60.1051)
t=372392ms iter=1067 incumb=60.1051 ratchet=60.1888 best=60.1051 since_improve=794
t=372400ms iter=1068 WAIST cost=57.0000 best_alt=51.0000 gap=6.0000 tried=5 sep_labels=51 clique_frac=0.01
t=372553ms iter=1068 REBUILD reject new_tc=61.1415 (was 60.1051)
t=372707ms iter=1068 incumb=60.1051 ratchet=60.5137 best=60.1051 since_improve=795
t=372714ms iter=1069 WAIST cost=57.0000 best_alt=52.0000 gap=5.0000 tried=5 sep_labels=52 clique_frac=0.01
t=372888ms iter=1069 REBUILD reject new_tc=63.5200 (was 60.1051)
t=373043ms iter=1069 incumb=60.1051 ratchet=60.4184 best=60.1051 since_improve=796
t=373052ms iter=1070 WAIST cost=57.0000 best_alt=51.0000 gap=6.0000 tried=5 sep_labels=51 clique_frac=0.01
t=373203ms iter=1070 REBUILD reject new_tc=61.8688 (was 60.1051)
t=373358ms iter=1070 incumb=60.1051 ratchet=60.1290 best=60.1051 since_improve=797
t=373367ms iter=1071 WAIST cost=57.0000 best_alt=52.0000 gap=5.0000 tried=5 sep_labels=52 clique_frac=0.01
t=373530ms iter=1071 REBUILD reject new_tc=75.0017 (was 60.1051)
t=373686ms iter=1071 incumb=60.1051 ratchet=60.1881 best=60.1051 since_improve=798
t=373693ms iter=1072 WAIST cost=57.0000 best_alt=52.0000 gap=5.0000 tried=5 sep_labels=52 clique_frac=0.01
t=373866ms iter=1072 REBUILD reject new_tc=60.7737 (was 60.1051)
t=374020ms iter=1072 incumb=60.1051 ratchet=60.1303 best=60.1051 since_improve=799
t=374027ms iter=1073 WAIST cost=57.0000 best_alt=52.0000 gap=5.0000 tried=5 sep_labels=52 clique_frac=0.01
t=374204ms iter=1073 REBUILD reject new_tc=60.5398 (was 60.1051)
t=374362ms iter=1073 incumb=60.1051 ratchet=60.4307 best=60.1051 since_improve=800
t=374371ms iter=1074 WAIST cost=57.0000 best_alt=52.0000 gap=5.0000 tried=5 sep_labels=52 clique_frac=0.01
t=374546ms iter=1074 REBUILD reject new_tc=60.5339 (was 60.1051)
t=374699ms iter=1074 incumb=60.1051 ratchet=60.3542 best=60.1051 since_improve=801
t=374707ms iter=1075 WAIST cost=57.0000 best_alt=51.0000 gap=6.0000 tried=5 sep_labels=51 clique_frac=0.01
t=374876ms iter=1075 REBUILD reject new_tc=61.6434 (was 60.1051)
t=375036ms iter=1075 incumb=60.1051 ratchet=60.2028 best=60.1051 since_improve=802
t=375043ms iter=1076 WAIST cost=57.0000 best_alt=52.0000 gap=5.0000 tried=5 sep_labels=52 clique_frac=0.01
t=375207ms iter=1076 REBUILD reject new_tc=72.0131 (was 60.1051)
t=375362ms iter=1076 incumb=60.1051 ratchet=60.2005 best=60.1051 since_improve=803
t=375372ms iter=1077 WAIST cost=57.0000 best_alt=52.0000 gap=5.0000 tried=5 sep_labels=52 clique_frac=0.01
t=375538ms iter=1077 REBUILD reject new_tc=74.0002 (was 60.1051)
t=375697ms iter=1077 incumb=60.1051 ratchet=60.6207 best=60.1051 since_improve=804
t=375704ms iter=1078 WAIST cost=57.0000 best_alt=52.0000 gap=5.0000 tried=5 sep_labels=52 clique_frac=0.01
t=375874ms iter=1078 REBUILD reject new_tc=66.2854 (was 60.1051)
t=376029ms iter=1078 incumb=60.1051 ratchet=60.4587 best=60.1051 since_improve=805
t=376035ms iter=1079 WAIST cost=57.0000 best_alt=52.0000 gap=5.0000 tried=5 sep_labels=52 clique_frac=0.01
t=376206ms iter=1079 REBUILD reject new_tc=60.7984 (was 60.1051)
t=376358ms iter=1079 incumb=60.1051 ratchet=60.1377 best=60.1051 since_improve=806
t=376368ms iter=1080 WAIST cost=57.0000 best_alt=52.0000 gap=5.0000 tried=5 sep_labels=52 clique_frac=0.01
t=376541ms iter=1080 REBUILD reject new_tc=60.8395 (was 60.1051)
t=376697ms iter=1080 incumb=60.1051 ratchet=60.1959 best=60.1051 since_improve=807
t=376705ms iter=1081 WAIST cost=57.0000 best_alt=52.0000 gap=5.0000 tried=5 sep_labels=52 clique_frac=0.01
t=376878ms iter=1081 REBUILD reject new_tc=60.8594 (was 60.1051)
t=377034ms iter=1081 incumb=60.1051 ratchet=60.5644 best=60.1051 since_improve=808
t=377043ms iter=1082 WAIST cost=57.0000 best_alt=51.0000 gap=6.0000 tried=5 sep_labels=51 clique_frac=0.01
t=377204ms iter=1082 REBUILD reject new_tc=68.6585 (was 60.1051)
t=377364ms iter=1082 incumb=60.1051 ratchet=60.2009 best=60.1051 since_improve=809
t=377372ms iter=1083 WAIST cost=57.0000 best_alt=49.0000 gap=8.0000 tried=5 sep_labels=49 clique_frac=0.01
t=377528ms iter=1083 REBUILD reject new_tc=61.4369 (was 60.1051)
t=377684ms iter=1083 incumb=60.1051 ratchet=60.2531 best=60.1051 since_improve=810
t=377692ms iter=1084 WAIST cost=57.0000 best_alt=51.0000 gap=6.0000 tried=5 sep_labels=51 clique_frac=0.01
t=377845ms iter=1084 REBUILD reject new_tc=61.5176 (was 60.1051)
t=378000ms iter=1084 incumb=60.1051 ratchet=60.2825 best=60.1051 since_improve=811
t=378008ms iter=1085 WAIST cost=57.0000 best_alt=49.0000 gap=8.0000 tried=5 sep_labels=49 clique_frac=0.01
t=378162ms iter=1085 REBUILD reject new_tc=61.5925 (was 60.1051)
t=378314ms iter=1085 incumb=60.1051 ratchet=60.3548 best=60.1051 since_improve=812
t=378322ms iter=1086 WAIST cost=57.0000 best_alt=52.0000 gap=5.0000 tried=5 sep_labels=52 clique_frac=0.01
t=378502ms iter=1086 REBUILD reject new_tc=60.9851 (was 60.1051)
t=378661ms iter=1086 incumb=60.1051 ratchet=60.4289 best=60.1051 since_improve=813
t=378670ms iter=1087 WAIST cost=57.0000 best_alt=52.0000 gap=5.0000 tried=5 sep_labels=52 clique_frac=0.01
t=378842ms iter=1087 REBUILD reject new_tc=61.9778 (was 60.1051)
t=378994ms iter=1087 incumb=60.1051 ratchet=60.1774 best=60.1051 since_improve=814
t=379001ms iter=1088 WAIST cost=57.0000 best_alt=52.0000 gap=5.0000 tried=5 sep_labels=52 clique_frac=0.01
t=379180ms iter=1088 REBUILD reject new_tc=61.1039 (was 60.1051)
t=379331ms iter=1088 incumb=60.1051 ratchet=60.1664 best=60.1051 since_improve=815
t=379339ms iter=1089 WAIST cost=57.0000 best_alt=52.0000 gap=5.0000 tried=5 sep_labels=52 clique_frac=0.01
t=379514ms iter=1089 REBUILD reject new_tc=61.0145 (was 60.1051)
t=379666ms iter=1089 incumb=60.1051 ratchet=60.1451 best=60.1051 since_improve=816
t=379675ms iter=1090 WAIST cost=57.0000 best_alt=51.0000 gap=6.0000 tried=5 sep_labels=51 clique_frac=0.01
t=379827ms iter=1090 REBUILD reject new_tc=61.6633 (was 60.1051)
t=379984ms iter=1090 incumb=60.1051 ratchet=60.1610 best=60.1051 since_improve=817
t=379992ms iter=1091 WAIST cost=57.0000 best_alt=52.0000 gap=5.0000 tried=5 sep_labels=52 clique_frac=0.01
t=380165ms iter=1091 REBUILD reject new_tc=60.8435 (was 60.1051)
t=380317ms iter=1091 incumb=60.1051 ratchet=60.3691 best=60.1051 since_improve=818
t=380325ms iter=1092 WAIST cost=57.0000 best_alt=52.0000 gap=5.0000 tried=5 sep_labels=52 clique_frac=0.01
t=380482ms iter=1092 REBUILD reject new_tc=61.1686 (was 60.1051)
t=380640ms iter=1092 incumb=60.1051 ratchet=60.4124 best=60.1051 since_improve=819
t=380649ms iter=1093 WAIST cost=57.0000 best_alt=49.0000 gap=8.0000 tried=5 sep_labels=49 clique_frac=0.01
t=380800ms iter=1093 REBUILD reject new_tc=62.4787 (was 60.1051)
t=380951ms iter=1093 incumb=60.1051 ratchet=60.3463 best=60.1051 since_improve=820
t=380959ms iter=1094 WAIST cost=57.0000 best_alt=51.0000 gap=6.0000 tried=5 sep_labels=51 clique_frac=0.01
t=381096ms iter=1094 REBUILD reject new_tc=81.0001 (was 60.1051)
t=381252ms iter=1094 incumb=60.1051 ratchet=60.3537 best=60.1051 since_improve=821
t=381261ms iter=1095 WAIST cost=57.0000 best_alt=52.0000 gap=5.0000 tried=5 sep_labels=52 clique_frac=0.01
t=381432ms iter=1095 REBUILD reject new_tc=60.6857 (was 60.1051)
t=381589ms iter=1095 incumb=60.1051 ratchet=60.1351 best=60.1051 since_improve=822
t=381597ms iter=1096 WAIST cost=57.0000 best_alt=52.0000 gap=5.0000 tried=5 sep_labels=52 clique_frac=0.01
t=381771ms iter=1096 REBUILD reject new_tc=60.7381 (was 60.1051)
t=381934ms iter=1096 incumb=60.1051 ratchet=60.3638 best=60.1051 since_improve=823
t=381944ms iter=1097 WAIST cost=57.0000 best_alt=50.0000 gap=7.0000 tried=5 sep_labels=50 clique_frac=0.01
t=382098ms iter=1097 REBUILD reject new_tc=66.7234 (was 60.1051)
t=382257ms iter=1097 incumb=60.1051 ratchet=60.3597 best=60.1051 since_improve=824
t=382265ms iter=1098 WAIST cost=57.0000 best_alt=52.0000 gap=5.0000 tried=5 sep_labels=52 clique_frac=0.01
t=382445ms iter=1098 REBUILD reject new_tc=60.6919 (was 60.1051)
t=382595ms iter=1098 incumb=60.1051 ratchet=60.2978 best=60.1051 since_improve=825
t=382604ms iter=1099 WAIST cost=57.0000 best_alt=51.0000 gap=6.0000 tried=5 sep_labels=51 clique_frac=0.01
t=382761ms iter=1099 REBUILD reject new_tc=61.5437 (was 60.1051)
t=382924ms iter=1099 incumb=60.1051 ratchet=60.4006 best=60.1051 since_improve=826
t=382931ms iter=1100 WAIST cost=57.0000 best_alt=50.0000 gap=7.0000 tried=5 sep_labels=50 clique_frac=0.01
t=383080ms iter=1100 REBUILD reject new_tc=61.4063 (was 60.1051)
t=383237ms iter=1100 incumb=60.1051 ratchet=60.2756 best=60.1051 since_improve=827
t=383247ms iter=1101 WAIST cost=57.0000 best_alt=52.0000 gap=5.0000 tried=5 sep_labels=52 clique_frac=0.01
t=383421ms iter=1101 REBUILD reject new_tc=65.6894 (was 60.1051)
t=383574ms iter=1101 incumb=60.1051 ratchet=60.2958 best=60.1051 since_improve=828
t=383581ms iter=1102 WAIST cost=57.0000 best_alt=51.0000 gap=6.0000 tried=5 sep_labels=51 clique_frac=0.01
t=383732ms iter=1102 REBUILD reject new_tc=61.2030 (was 60.1051)
t=383887ms iter=1102 incumb=60.1051 ratchet=60.5788 best=60.1051 since_improve=829
t=383897ms iter=1103 WAIST cost=57.0000 best_alt=52.0000 gap=5.0000 tried=5 sep_labels=52 clique_frac=0.01
t=384072ms iter=1103 REBUILD reject new_tc=60.8579 (was 60.1051)
t=384230ms iter=1103 incumb=60.1051 ratchet=60.2461 best=60.1051 since_improve=830
t=384238ms iter=1104 WAIST cost=57.0000 best_alt=52.0000 gap=5.0000 tried=5 sep_labels=52 clique_frac=0.01
t=384412ms iter=1104 REBUILD reject new_tc=60.8789 (was 60.1051)
t=384569ms iter=1104 incumb=60.1051 ratchet=60.1681 best=60.1051 since_improve=831
t=384579ms iter=1105 WAIST cost=57.0000 best_alt=50.0000 gap=7.0000 tried=5 sep_labels=50 clique_frac=0.01
t=384736ms iter=1105 REBUILD reject new_tc=61.3974 (was 60.1051)
t=384895ms iter=1105 incumb=60.1051 ratchet=60.7372 best=60.1051 since_improve=832
t=384905ms iter=1106 WAIST cost=57.0000 best_alt=51.0000 gap=6.0000 tried=5 sep_labels=51 clique_frac=0.01
t=385059ms iter=1106 REBUILD reject new_tc=61.3231 (was 60.1051)
t=385213ms iter=1106 incumb=60.1051 ratchet=60.2014 best=60.1051 since_improve=833
t=385222ms iter=1107 WAIST cost=57.0000 best_alt=52.0000 gap=5.0000 tried=5 sep_labels=52 clique_frac=0.01
t=385398ms iter=1107 REBUILD reject new_tc=60.7838 (was 60.1051)
t=385583ms iter=1107 incumb=60.1051 ratchet=60.5283 best=60.1051 since_improve=834
t=385592ms iter=1108 WAIST cost=57.0000 best_alt=52.0000 gap=5.0000 tried=5 sep_labels=52 clique_frac=0.01
t=385760ms iter=1108 REBUILD reject new_tc=60.9928 (was 60.1051)
t=385914ms iter=1108 incumb=60.1051 ratchet=60.3897 best=60.1051 since_improve=835
t=385923ms iter=1109 WAIST cost=57.0000 best_alt=52.0000 gap=5.0000 tried=5 sep_labels=52 clique_frac=0.01
t=386119ms iter=1109 REBUILD reject new_tc=61.0260 (was 60.1051)
t=386276ms iter=1109 incumb=60.1051 ratchet=60.4635 best=60.1051 since_improve=836
t=386286ms iter=1110 WAIST cost=57.0000 best_alt=52.0000 gap=5.0000 tried=5 sep_labels=52 clique_frac=0.01
t=386458ms iter=1110 REBUILD reject new_tc=64.8575 (was 60.1051)
t=386618ms iter=1110 incumb=60.1051 ratchet=60.3507 best=60.1051 since_improve=837
t=386626ms iter=1111 WAIST cost=57.0000 best_alt=51.0000 gap=6.0000 tried=5 sep_labels=51 clique_frac=0.01
t=386772ms iter=1111 REBUILD reject new_tc=61.6279 (was 60.1051)
t=386919ms iter=1111 incumb=60.1051 ratchet=60.5094 best=60.1051 since_improve=838
t=386927ms iter=1112 WAIST cost=57.0000 best_alt=50.0000 gap=7.0000 tried=5 sep_labels=50 clique_frac=0.01
t=387061ms iter=1112 REBUILD reject new_tc=77.0008 (was 60.1051)
t=387218ms iter=1112 incumb=60.1051 ratchet=60.1662 best=60.1051 since_improve=839
t=387227ms iter=1113 WAIST cost=57.0000 best_alt=49.0000 gap=8.0000 tried=5 sep_labels=49 clique_frac=0.01
t=387379ms iter=1113 REBUILD reject new_tc=68.0853 (was 60.1051)
t=387530ms iter=1113 incumb=60.1051 ratchet=60.5292 best=60.1051 since_improve=840
t=387540ms iter=1114 WAIST cost=57.0000 best_alt=49.0000 gap=8.0000 tried=5 sep_labels=49 clique_frac=0.01
t=387693ms iter=1114 REBUILD reject new_tc=61.4917 (was 60.1051)
t=387849ms iter=1114 incumb=60.1051 ratchet=60.2926 best=60.1051 since_improve=841
t=387858ms iter=1115 WAIST cost=57.0000 best_alt=51.0000 gap=6.0000 tried=5 sep_labels=51 clique_frac=0.01
t=388002ms iter=1115 REBUILD reject new_tc=66.6378 (was 60.1051)
t=388155ms iter=1115 incumb=60.1051 ratchet=60.2354 best=60.1051 since_improve=842
t=388162ms iter=1116 WAIST cost=57.0000 best_alt=52.0000 gap=5.0000 tried=5 sep_labels=52 clique_frac=0.01
t=388336ms iter=1116 REBUILD reject new_tc=61.7062 (was 60.1051)
t=388490ms iter=1116 incumb=60.1051 ratchet=60.2945 best=60.1051 since_improve=843
t=388497ms iter=1117 WAIST cost=57.0000 best_alt=52.0000 gap=5.0000 tried=5 sep_labels=52 clique_frac=0.01
t=388671ms iter=1117 REBUILD reject new_tc=60.8149 (was 60.1051)
t=388829ms iter=1117 incumb=60.1051 ratchet=60.1504 best=60.1051 since_improve=844
t=388837ms iter=1118 WAIST cost=57.0000 best_alt=49.0000 gap=8.0000 tried=5 sep_labels=49 clique_frac=0.01
t=388988ms iter=1118 REBUILD reject new_tc=61.0277 (was 60.1051)
t=389139ms iter=1118 incumb=60.1051 ratchet=60.2580 best=60.1051 since_improve=845
t=389146ms iter=1119 WAIST cost=57.0000 best_alt=51.0000 gap=6.0000 tried=5 sep_labels=51 clique_frac=0.01
t=389307ms iter=1119 REBUILD reject new_tc=68.5565 (was 60.1051)
t=389459ms iter=1119 incumb=60.1051 ratchet=60.2702 best=60.1051 since_improve=846
t=389467ms iter=1120 WAIST cost=57.0000 best_alt=52.0000 gap=5.0000 tried=5 sep_labels=52 clique_frac=0.01
t=389641ms iter=1120 REBUILD reject new_tc=60.9619 (was 60.1051)
t=389793ms iter=1120 incumb=60.1051 ratchet=60.3555 best=60.1051 since_improve=847
t=389802ms iter=1121 WAIST cost=57.0000 best_alt=52.0000 gap=5.0000 tried=5 sep_labels=52 clique_frac=0.01
t=389975ms iter=1121 REBUILD reject new_tc=60.8790 (was 60.1051)
t=390126ms iter=1121 incumb=60.1051 ratchet=60.5479 best=60.1051 since_improve=848
t=390134ms iter=1122 WAIST cost=57.0000 best_alt=51.0000 gap=6.0000 tried=5 sep_labels=51 clique_frac=0.01
t=390276ms iter=1122 REBUILD reject new_tc=73.0002 (was 60.1051)
t=390432ms iter=1122 incumb=60.1051 ratchet=60.1404 best=60.1051 since_improve=849
t=390443ms iter=1123 WAIST cost=57.0000 best_alt=52.0000 gap=5.0000 tried=5 sep_labels=52 clique_frac=0.01
t=390612ms iter=1123 REBUILD reject new_tc=61.3417 (was 60.1051)
t=390772ms iter=1123 incumb=60.1051 ratchet=60.1565 best=60.1051 since_improve=850
t=390779ms iter=1124 WAIST cost=57.0000 best_alt=52.0000 gap=5.0000 tried=5 sep_labels=52 clique_frac=0.01
t=390957ms iter=1124 REBUILD reject new_tc=60.6744 (was 60.1051)
t=391119ms iter=1124 incumb=60.1051 ratchet=60.2686 best=60.1051 since_improve=851
t=391128ms iter=1125 WAIST cost=57.0000 best_alt=51.0000 gap=6.0000 tried=5 sep_labels=51 clique_frac=0.01
t=391292ms iter=1125 REBUILD reject new_tc=65.4399 (was 60.1051)
t=391445ms iter=1125 incumb=60.1051 ratchet=60.6739 best=60.1051 since_improve=852
t=391454ms iter=1126 WAIST cost=57.0000 best_alt=52.0000 gap=5.0000 tried=5 sep_labels=52 clique_frac=0.01
t=391625ms iter=1126 REBUILD reject new_tc=61.3973 (was 60.1051)
t=391782ms iter=1126 incumb=60.1051 ratchet=60.2106 best=60.1051 since_improve=853
t=391790ms iter=1127 WAIST cost=57.0000 best_alt=50.0000 gap=7.0000 tried=5 sep_labels=50 clique_frac=0.01
t=391944ms iter=1127 REBUILD reject new_tc=61.3655 (was 60.1051)
t=392098ms iter=1127 incumb=60.1051 ratchet=60.3318 best=60.1051 since_improve=854
t=392107ms iter=1128 WAIST cost=57.0000 best_alt=52.0000 gap=5.0000 tried=5 sep_labels=52 clique_frac=0.01
t=392282ms iter=1128 REBUILD reject new_tc=60.7671 (was 60.1051)
t=392433ms iter=1128 incumb=60.1051 ratchet=60.2889 best=60.1051 since_improve=855
t=392442ms iter=1129 WAIST cost=57.0000 best_alt=52.0000 gap=5.0000 tried=5 sep_labels=52 clique_frac=0.01
t=392614ms iter=1129 REBUILD reject new_tc=60.8818 (was 60.1051)
t=392770ms iter=1129 incumb=60.1051 ratchet=60.3990 best=60.1051 since_improve=856
t=392777ms iter=1130 WAIST cost=57.0000 best_alt=52.0000 gap=5.0000 tried=5 sep_labels=52 clique_frac=0.01
t=392949ms iter=1130 REBUILD reject new_tc=60.8840 (was 60.1051)
t=393111ms iter=1130 incumb=60.1051 ratchet=60.4210 best=60.1051 since_improve=857
t=393119ms iter=1131 WAIST cost=57.0000 best_alt=51.0000 gap=6.0000 tried=5 sep_labels=51 clique_frac=0.01
t=393272ms iter=1131 REBUILD reject new_tc=61.1474 (was 60.1051)
t=393425ms iter=1131 incumb=60.1051 ratchet=60.3210 best=60.1051 since_improve=858
t=393434ms iter=1132 WAIST cost=57.0000 best_alt=51.0000 gap=6.0000 tried=5 sep_labels=51 clique_frac=0.01
t=393601ms iter=1132 REBUILD reject new_tc=61.5070 (was 60.1051)
t=393754ms iter=1132 incumb=60.1051 ratchet=60.1990 best=60.1051 since_improve=859
t=393763ms iter=1133 WAIST cost=57.0000 best_alt=51.0000 gap=6.0000 tried=5 sep_labels=51 clique_frac=0.01
t=393918ms iter=1133 REBUILD reject new_tc=61.4912 (was 60.1051)
t=394072ms iter=1133 incumb=60.1051 ratchet=60.1771 best=60.1051 since_improve=860
t=394080ms iter=1134 WAIST cost=57.0000 best_alt=52.0000 gap=5.0000 tried=5 sep_labels=52 clique_frac=0.01
t=394256ms iter=1134 REBUILD reject new_tc=60.5667 (was 60.1051)
t=394407ms iter=1134 incumb=60.1051 ratchet=60.6265 best=60.1051 since_improve=861
t=394416ms iter=1135 WAIST cost=57.0000 best_alt=51.0000 gap=6.0000 tried=5 sep_labels=51 clique_frac=0.01
t=394575ms iter=1135 REBUILD reject new_tc=61.6395 (was 60.1051)
t=394733ms iter=1135 incumb=60.1051 ratchet=60.3327 best=60.1051 since_improve=862
t=394742ms iter=1136 WAIST cost=57.0000 best_alt=52.0000 gap=5.0000 tried=5 sep_labels=52 clique_frac=0.01
t=394909ms iter=1136 REBUILD reject new_tc=74.0003 (was 60.1051)
t=395071ms iter=1136 incumb=60.1051 ratchet=60.5595 best=60.1051 since_improve=863
t=395079ms iter=1137 WAIST cost=57.0000 best_alt=52.0000 gap=5.0000 tried=5 sep_labels=52 clique_frac=0.01
t=395256ms iter=1137 REBUILD reject new_tc=60.7693 (was 60.1051)
t=395416ms iter=1137 incumb=60.1051 ratchet=60.1395 best=60.1051 since_improve=864
t=395424ms iter=1138 WAIST cost=57.0000 best_alt=50.0000 gap=7.0000 tried=5 sep_labels=50 clique_frac=0.01
t=395568ms iter=1138 REBUILD reject new_tc=72.0005 (was 60.1051)
t=395719ms iter=1138 incumb=60.1051 ratchet=60.1248 best=60.1051 since_improve=865
t=395728ms iter=1139 WAIST cost=57.0000 best_alt=52.0000 gap=5.0000 tried=5 sep_labels=52 clique_frac=0.01
t=395898ms iter=1139 REBUILD reject new_tc=61.2319 (was 60.1051)
t=396052ms iter=1139 incumb=60.1051 ratchet=60.5122 best=60.1051 since_improve=866
t=396061ms iter=1140 WAIST cost=57.0000 best_alt=50.0000 gap=7.0000 tried=5 sep_labels=50 clique_frac=0.01
t=396197ms iter=1140 REBUILD reject new_tc=73.0003 (was 60.1051)
t=396354ms iter=1140 incumb=60.1051 ratchet=60.3038 best=60.1051 since_improve=867
t=396364ms iter=1141 WAIST cost=57.0000 best_alt=51.0000 gap=6.0000 tried=5 sep_labels=51 clique_frac=0.01
t=396522ms iter=1141 REBUILD reject new_tc=61.4992 (was 60.1051)
t=396679ms iter=1141 incumb=60.1051 ratchet=61.5969 best=60.1051 since_improve=868
t=396688ms iter=1142 WAIST cost=57.0000 best_alt=51.0000 gap=6.0000 tried=5 sep_labels=51 clique_frac=0.01
t=396854ms iter=1142 REBUILD reject new_tc=67.0273 (was 60.1051)
t=397009ms iter=1142 incumb=60.1051 ratchet=60.1574 best=60.1051 since_improve=869
t=397018ms iter=1143 WAIST cost=57.0000 best_alt=52.0000 gap=5.0000 tried=5 sep_labels=52 clique_frac=0.01
t=397192ms iter=1143 REBUILD reject new_tc=61.0213 (was 60.1051)
t=397342ms iter=1143 incumb=60.1051 ratchet=60.1915 best=60.1051 since_improve=870
t=397350ms iter=1144 WAIST cost=57.0000 best_alt=49.0000 gap=8.0000 tried=5 sep_labels=49 clique_frac=0.01
t=397511ms iter=1144 REBUILD reject new_tc=61.2041 (was 60.1051)
t=397669ms iter=1144 incumb=60.1051 ratchet=60.3243 best=60.1051 since_improve=871
t=397678ms iter=1145 WAIST cost=57.0000 best_alt=51.0000 gap=6.0000 tried=5 sep_labels=51 clique_frac=0.01
t=397834ms iter=1145 REBUILD reject new_tc=60.6228 (was 60.1051)
t=397985ms iter=1145 incumb=60.1051 ratchet=60.2362 best=60.1051 since_improve=872
t=397995ms iter=1146 WAIST cost=57.0000 best_alt=51.0000 gap=6.0000 tried=5 sep_labels=51 clique_frac=0.01
t=398145ms iter=1146 REBUILD reject new_tc=61.3327 (was 60.1051)
t=398290ms iter=1146 incumb=60.1051 ratchet=60.1713 best=60.1051 since_improve=873
t=398301ms iter=1147 WAIST cost=57.0000 best_alt=50.0000 gap=7.0000 tried=5 sep_labels=50 clique_frac=0.01
t=398454ms iter=1147 REBUILD reject new_tc=61.3291 (was 60.1051)
t=398603ms iter=1147 incumb=60.1051 ratchet=60.2176 best=60.1051 since_improve=874
t=398611ms iter=1148 WAIST cost=57.0000 best_alt=52.0000 gap=5.0000 tried=5 sep_labels=52 clique_frac=0.01
t=398785ms iter=1148 REBUILD reject new_tc=60.8591 (was 60.1051)
t=398944ms iter=1148 incumb=60.1051 ratchet=60.3488 best=60.1051 since_improve=875
t=398950ms iter=1149 WAIST cost=57.0000 best_alt=49.0000 gap=8.0000 tried=5 sep_labels=49 clique_frac=0.01
t=399104ms iter=1149 REBUILD reject new_tc=61.4296 (was 60.1051)
t=399258ms iter=1149 incumb=60.1051 ratchet=60.3009 best=60.1051 since_improve=876
t=399266ms iter=1150 WAIST cost=57.0000 best_alt=52.0000 gap=5.0000 tried=5 sep_labels=52 clique_frac=0.01
t=399438ms iter=1150 REBUILD reject new_tc=60.8536 (was 60.1051)
t=399596ms iter=1150 incumb=60.1051 ratchet=60.2744 best=60.1051 since_improve=877
t=399604ms iter=1151 WAIST cost=57.0000 best_alt=52.0000 gap=5.0000 tried=5 sep_labels=52 clique_frac=0.01
t=399777ms iter=1151 REBUILD reject new_tc=60.8899 (was 60.1051)
t=399936ms iter=1151 incumb=60.1051 ratchet=60.3698 best=60.1051 since_improve=878
t=399944ms iter=1152 WAIST cost=57.0000 best_alt=52.0000 gap=5.0000 tried=5 sep_labels=52 clique_frac=0.01
t=400123ms iter=1152 REBUILD reject new_tc=60.8567 (was 60.1051)
t=400281ms iter=1152 incumb=60.1051 ratchet=60.1565 best=60.1051 since_improve=879
t=400289ms iter=1153 WAIST cost=57.0000 best_alt=49.0000 gap=8.0000 tried=5 sep_labels=49 clique_frac=0.01
t=400438ms iter=1153 REBUILD reject new_tc=61.7622 (was 60.1051)
t=400597ms iter=1153 incumb=60.1051 ratchet=60.3554 best=60.1051 since_improve=880
t=400605ms iter=1154 WAIST cost=57.0000 best_alt=52.0000 gap=5.0000 tried=5 sep_labels=52 clique_frac=0.01
t=400781ms iter=1154 REBUILD reject new_tc=61.5156 (was 60.1051)
t=400940ms iter=1154 incumb=60.1051 ratchet=60.1330 best=60.1051 since_improve=881
t=400949ms iter=1155 WAIST cost=57.0000 best_alt=50.0000 gap=7.0000 tried=5 sep_labels=50 clique_frac=0.01
t=401101ms iter=1155 REBUILD reject new_tc=61.3609 (was 60.1051)
t=401255ms iter=1155 incumb=60.1051 ratchet=60.2321 best=60.1051 since_improve=882
t=401263ms iter=1156 WAIST cost=57.0000 best_alt=52.0000 gap=5.0000 tried=5 sep_labels=52 clique_frac=0.01
t=401432ms iter=1156 REBUILD reject new_tc=61.0506 (was 60.1051)
t=401589ms iter=1156 incumb=60.1051 ratchet=60.3142 best=60.1051 since_improve=883
t=401597ms iter=1157 WAIST cost=57.0000 best_alt=52.0000 gap=5.0000 tried=5 sep_labels=52 clique_frac=0.01
t=401769ms iter=1157 REBUILD reject new_tc=60.7620 (was 60.1051)
t=401929ms iter=1157 incumb=60.1051 ratchet=60.2865 best=60.1051 since_improve=884
t=401936ms iter=1158 WAIST cost=57.0000 best_alt=52.0000 gap=5.0000 tried=5 sep_labels=52 clique_frac=0.01
t=402116ms iter=1158 REBUILD reject new_tc=60.8199 (was 60.1051)
t=402274ms iter=1158 incumb=60.1051 ratchet=60.1778 best=60.1051 since_improve=885
t=402283ms iter=1159 WAIST cost=57.0000 best_alt=49.0000 gap=8.0000 tried=5 sep_labels=49 clique_frac=0.01
t=402428ms iter=1159 REBUILD reject new_tc=70.7898 (was 60.1051)
t=402586ms iter=1159 incumb=60.1051 ratchet=60.2020 best=60.1051 since_improve=886
t=402596ms iter=1160 WAIST cost=57.0000 best_alt=51.0000 gap=6.0000 tried=5 sep_labels=51 clique_frac=0.01
t=402767ms iter=1160 REBUILD reject new_tc=63.3919 (was 60.1051)
t=402920ms iter=1160 incumb=60.1051 ratchet=60.1925 best=60.1051 since_improve=887
t=402929ms iter=1161 WAIST cost=57.0000 best_alt=52.0000 gap=5.0000 tried=5 sep_labels=52 clique_frac=0.01
t=403099ms iter=1161 REBUILD reject new_tc=60.6852 (was 60.1051)
t=403256ms iter=1161 incumb=60.1051 ratchet=60.3623 best=60.1051 since_improve=888
t=403265ms iter=1162 WAIST cost=57.0000 best_alt=52.0000 gap=5.0000 tried=5 sep_labels=52 clique_frac=0.01
t=403441ms iter=1162 REBUILD reject new_tc=60.4827 (was 60.1051)
t=403597ms iter=1162 incumb=60.1051 ratchet=60.1556 best=60.1051 since_improve=889
t=403606ms iter=1163 WAIST cost=57.0000 best_alt=52.0000 gap=5.0000 tried=5 sep_labels=52 clique_frac=0.01
t=403776ms iter=1163 REBUILD reject new_tc=60.5066 (was 60.1051)
t=403928ms iter=1163 incumb=60.1051 ratchet=60.1874 best=60.1051 since_improve=890
t=403937ms iter=1164 WAIST cost=57.0000 best_alt=51.0000 gap=6.0000 tried=5 sep_labels=51 clique_frac=0.01
t=404095ms iter=1164 REBUILD reject new_tc=61.6868 (was 60.1051)
t=404254ms iter=1164 incumb=60.1051 ratchet=60.5639 best=60.1051 since_improve=891
t=404263ms iter=1165 WAIST cost=57.0000 best_alt=52.0000 gap=5.0000 tried=5 sep_labels=52 clique_frac=0.01
t=404442ms iter=1165 REBUILD reject new_tc=60.9828 (was 60.1051)
t=404602ms iter=1165 incumb=60.1051 ratchet=60.6467 best=60.1051 since_improve=892
t=404611ms iter=1166 WAIST cost=57.0000 best_alt=52.0000 gap=5.0000 tried=5 sep_labels=52 clique_frac=0.01
t=404784ms iter=1166 REBUILD reject new_tc=60.5520 (was 60.1051)
t=404935ms iter=1166 incumb=60.1051 ratchet=60.2027 best=60.1051 since_improve=893
t=404943ms iter=1167 WAIST cost=57.0000 best_alt=49.0000 gap=8.0000 tried=5 sep_labels=49 clique_frac=0.01
t=405094ms iter=1167 REBUILD reject new_tc=61.5648 (was 60.1051)
t=405250ms iter=1167 incumb=60.1051 ratchet=60.2015 best=60.1051 since_improve=894
t=405260ms iter=1168 WAIST cost=57.0000 best_alt=50.0000 gap=7.0000 tried=5 sep_labels=50 clique_frac=0.01
t=405416ms iter=1168 REBUILD reject new_tc=61.6964 (was 60.1051)
t=405568ms iter=1168 incumb=60.1051 ratchet=60.2043 best=60.1051 since_improve=895
t=405575ms iter=1169 WAIST cost=57.0000 best_alt=52.0000 gap=5.0000 tried=5 sep_labels=52 clique_frac=0.01
t=405751ms iter=1169 REBUILD reject new_tc=60.7349 (was 60.1051)
t=405908ms iter=1169 incumb=60.1051 ratchet=60.3078 best=60.1051 since_improve=896
t=405915ms iter=1170 WAIST cost=57.0000 best_alt=51.0000 gap=6.0000 tried=5 sep_labels=51 clique_frac=0.01
t=406074ms iter=1170 REBUILD reject new_tc=61.0347 (was 60.1051)
t=406232ms iter=1170 incumb=60.1051 ratchet=60.4547 best=60.1051 since_improve=897
t=406238ms iter=1171 WAIST cost=57.0000 best_alt=52.0000 gap=5.0000 tried=5 sep_labels=52 clique_frac=0.01
t=406414ms iter=1171 REBUILD reject new_tc=60.7033 (was 60.1051)
t=406570ms iter=1171 incumb=60.1051 ratchet=60.2316 best=60.1051 since_improve=898
t=406577ms iter=1172 WAIST cost=57.0000 best_alt=52.0000 gap=5.0000 tried=5 sep_labels=52 clique_frac=0.01
t=406747ms iter=1172 REBUILD reject new_tc=60.6382 (was 60.1051)
t=406902ms iter=1172 incumb=60.1051 ratchet=60.5204 best=60.1051 since_improve=899
t=406910ms iter=1173 WAIST cost=57.0000 best_alt=52.0000 gap=5.0000 tried=5 sep_labels=52 clique_frac=0.01
t=407083ms iter=1173 REBUILD reject new_tc=60.5979 (was 60.1051)
t=407239ms iter=1173 incumb=60.1051 ratchet=60.2419 best=60.1051 since_improve=900
t=407249ms iter=1174 WAIST cost=57.0000 best_alt=49.0000 gap=8.0000 tried=5 sep_labels=49 clique_frac=0.01
t=407397ms iter=1174 REBUILD reject new_tc=61.3399 (was 60.1051)
t=407552ms iter=1174 incumb=60.1051 ratchet=60.4194 best=60.1051 since_improve=901
t=407561ms iter=1175 WAIST cost=57.0000 best_alt=52.0000 gap=5.0000 tried=5 sep_labels=52 clique_frac=0.01
t=407737ms iter=1175 REBUILD reject new_tc=60.9141 (was 60.1051)
t=407893ms iter=1175 incumb=60.1051 ratchet=60.1917 best=60.1051 since_improve=902
t=407903ms iter=1176 WAIST cost=57.0000 best_alt=52.0000 gap=5.0000 tried=5 sep_labels=52 clique_frac=0.01
t=408070ms iter=1176 REBUILD reject new_tc=61.1292 (was 60.1051)
t=408226ms iter=1176 incumb=60.1051 ratchet=60.1520 best=60.1051 since_improve=903
t=408234ms iter=1177 WAIST cost=57.0000 best_alt=49.0000 gap=8.0000 tried=5 sep_labels=49 clique_frac=0.01
t=408389ms iter=1177 REBUILD reject new_tc=60.7877 (was 60.1051)
t=408545ms iter=1177 incumb=60.1051 ratchet=60.1507 best=60.1051 since_improve=904
t=408555ms iter=1178 WAIST cost=57.0000 best_alt=50.0000 gap=7.0000 tried=5 sep_labels=50 clique_frac=0.01
t=408712ms iter=1178 REBUILD reject new_tc=60.9610 (was 60.1051)
t=408868ms iter=1178 incumb=60.1051 ratchet=60.1783 best=60.1051 since_improve=905
t=408878ms iter=1179 WAIST cost=57.0000 best_alt=52.0000 gap=5.0000 tried=5 sep_labels=52 clique_frac=0.01
t=409056ms iter=1179 REBUILD reject new_tc=60.9792 (was 60.1051)
t=409218ms iter=1179 incumb=60.1051 ratchet=60.2601 best=60.1051 since_improve=906
t=409227ms iter=1180 WAIST cost=57.0000 best_alt=52.0000 gap=5.0000 tried=5 sep_labels=52 clique_frac=0.01
t=409400ms iter=1180 REBUILD reject new_tc=60.4071 (was 60.1051)
t=409556ms iter=1180 incumb=60.1051 ratchet=60.2409 best=60.1051 since_improve=907
t=409566ms iter=1181 WAIST cost=57.0000 best_alt=50.0000 gap=7.0000 tried=5 sep_labels=50 clique_frac=0.01
t=409721ms iter=1181 REBUILD reject new_tc=61.1582 (was 60.1051)
t=409873ms iter=1181 incumb=60.1051 ratchet=60.3273 best=60.1051 since_improve=908
t=409881ms iter=1182 WAIST cost=57.0000 best_alt=52.0000 gap=5.0000 tried=5 sep_labels=52 clique_frac=0.01
t=410058ms iter=1182 REBUILD reject new_tc=60.7486 (was 60.1051)
t=410212ms iter=1182 incumb=60.1051 ratchet=60.2703 best=60.1051 since_improve=909
t=410220ms iter=1183 WAIST cost=57.0000 best_alt=52.0000 gap=5.0000 tried=5 sep_labels=52 clique_frac=0.01
t=410393ms iter=1183 REBUILD reject new_tc=60.5659 (was 60.1051)
t=410551ms iter=1183 incumb=60.1051 ratchet=60.1660 best=60.1051 since_improve=910
t=410560ms iter=1184 WAIST cost=57.0000 best_alt=49.0000 gap=8.0000 tried=5 sep_labels=49 clique_frac=0.01
t=410713ms iter=1184 REBUILD reject new_tc=63.6205 (was 60.1051)
t=410865ms iter=1184 incumb=60.1051 ratchet=60.2018 best=60.1051 since_improve=911
t=410876ms iter=1185 WAIST cost=57.0000 best_alt=50.0000 gap=7.0000 tried=5 sep_labels=50 clique_frac=0.01
t=411032ms iter=1185 REBUILD reject new_tc=60.9730 (was 60.1051)
t=411189ms iter=1185 incumb=60.1051 ratchet=60.2803 best=60.1051 since_improve=912
t=411197ms iter=1186 WAIST cost=57.0000 best_alt=51.0000 gap=6.0000 tried=5 sep_labels=51 clique_frac=0.01
t=411375ms iter=1186 REBUILD reject new_tc=60.6463 (was 60.1051)
t=411533ms iter=1186 incumb=60.1051 ratchet=60.3627 best=60.1051 since_improve=913
t=411540ms iter=1187 WAIST cost=57.0000 best_alt=52.0000 gap=5.0000 tried=5 sep_labels=52 clique_frac=0.01
t=411711ms iter=1187 REBUILD reject new_tc=60.7891 (was 60.1051)
t=411866ms iter=1187 incumb=60.1051 ratchet=60.4503 best=60.1051 since_improve=914
t=411873ms iter=1188 WAIST cost=57.0000 best_alt=52.0000 gap=5.0000 tried=5 sep_labels=52 clique_frac=0.01
t=412040ms iter=1188 REBUILD reject new_tc=60.5379 (was 60.1051)
t=412199ms iter=1188 incumb=60.1051 ratchet=60.2084 best=60.1051 since_improve=915
t=412206ms iter=1189 WAIST cost=57.0000 best_alt=52.0000 gap=5.0000 tried=5 sep_labels=52 clique_frac=0.01
t=412377ms iter=1189 REBUILD reject new_tc=60.8457 (was 60.1051)
t=412535ms iter=1189 incumb=60.1051 ratchet=60.2734 best=60.1051 since_improve=916
t=412543ms iter=1190 WAIST cost=57.0000 best_alt=51.0000 gap=6.0000 tried=5 sep_labels=51 clique_frac=0.01
t=412689ms iter=1190 REBUILD reject new_tc=76.0001 (was 60.1051)
t=412849ms iter=1190 incumb=60.1051 ratchet=60.1988 best=60.1051 since_improve=917
t=412857ms iter=1191 WAIST cost=57.0000 best_alt=52.0000 gap=5.0000 tried=5 sep_labels=52 clique_frac=0.01
t=413028ms iter=1191 REBUILD reject new_tc=61.0026 (was 60.1051)
t=413187ms iter=1191 incumb=60.1051 ratchet=60.3847 best=60.1051 since_improve=918
t=413195ms iter=1192 WAIST cost=57.0000 best_alt=52.0000 gap=5.0000 tried=5 sep_labels=52 clique_frac=0.01
t=413369ms iter=1192 REBUILD reject new_tc=62.4966 (was 60.1051)
t=413527ms iter=1192 incumb=60.1051 ratchet=60.3612 best=60.1051 since_improve=919
t=413536ms iter=1193 WAIST cost=57.0000 best_alt=49.0000 gap=8.0000 tried=5 sep_labels=49 clique_frac=0.01
t=413689ms iter=1193 REBUILD reject new_tc=61.2908 (was 60.1051)
t=413846ms iter=1193 incumb=60.1051 ratchet=60.4099 best=60.1051 since_improve=920
t=413856ms iter=1194 WAIST cost=57.0000 best_alt=52.0000 gap=5.0000 tried=5 sep_labels=52 clique_frac=0.01
t=414030ms iter=1194 REBUILD reject new_tc=60.9932 (was 60.1051)
t=414184ms iter=1194 incumb=60.1051 ratchet=60.2569 best=60.1051 since_improve=921
t=414191ms iter=1195 WAIST cost=57.0000 best_alt=52.0000 gap=5.0000 tried=5 sep_labels=52 clique_frac=0.01
t=414367ms iter=1195 REBUILD reject new_tc=60.6908 (was 60.1051)
t=414514ms iter=1195 incumb=60.1051 ratchet=60.2159 best=60.1051 since_improve=922
t=414522ms iter=1196 WAIST cost=57.0000 best_alt=49.0000 gap=8.0000 tried=5 sep_labels=49 clique_frac=0.01
t=414679ms iter=1196 REBUILD reject new_tc=61.3899 (was 60.1051)
t=414839ms iter=1196 incumb=60.1051 ratchet=60.4174 best=60.1051 since_improve=923
t=414848ms iter=1197 WAIST cost=57.0000 best_alt=49.0000 gap=8.0000 tried=5 sep_labels=49 clique_frac=0.01
t=414994ms iter=1197 REBUILD reject new_tc=68.2116 (was 60.1051)
t=415148ms iter=1197 incumb=60.1051 ratchet=60.3148 best=60.1051 since_improve=924
t=415156ms iter=1198 WAIST cost=57.0000 best_alt=50.0000 gap=7.0000 tried=5 sep_labels=50 clique_frac=0.01
t=415295ms iter=1198 REBUILD reject new_tc=74.0021 (was 60.1051)
t=415447ms iter=1198 incumb=60.1051 ratchet=60.1089 best=60.1051 since_improve=925
t=415454ms iter=1199 WAIST cost=57.0000 best_alt=52.0000 gap=5.0000 tried=5 sep_labels=52 clique_frac=0.01
t=415625ms iter=1199 REBUILD reject new_tc=60.7619 (was 60.1051)
t=415776ms iter=1199 incumb=60.1051 ratchet=60.2251 best=60.1051 since_improve=926
t=415784ms iter=1200 WAIST cost=57.0000 best_alt=52.0000 gap=5.0000 tried=5 sep_labels=52 clique_frac=0.01
t=415962ms iter=1200 REBUILD reject new_tc=61.1174 (was 60.1051)
t=416112ms iter=1200 incumb=60.1051 ratchet=60.2134 best=60.1051 since_improve=927
t=416121ms iter=1201 WAIST cost=57.0000 best_alt=51.0000 gap=6.0000 tried=5 sep_labels=51 clique_frac=0.01
t=416279ms iter=1201 REBUILD reject new_tc=61.4789 (was 60.1051)
t=416435ms iter=1201 incumb=60.1051 ratchet=60.7005 best=60.1051 since_improve=928
t=416442ms iter=1202 WAIST cost=57.0000 best_alt=52.0000 gap=5.0000 tried=5 sep_labels=52 clique_frac=0.01
t=416615ms iter=1202 REBUILD reject new_tc=61.1487 (was 60.1051)
t=416768ms iter=1202 incumb=60.1051 ratchet=60.1965 best=60.1051 since_improve=929
t=416777ms iter=1203 WAIST cost=57.0000 best_alt=52.0000 gap=5.0000 tried=5 sep_labels=52 clique_frac=0.01
t=416951ms iter=1203 REBUILD reject new_tc=60.6036 (was 60.1051)
t=417099ms iter=1203 incumb=60.1051 ratchet=60.2055 best=60.1051 since_improve=930
t=417108ms iter=1204 WAIST cost=57.0000 best_alt=51.0000 gap=6.0000 tried=5 sep_labels=51 clique_frac=0.01
t=417292ms iter=1204 REBUILD reject new_tc=60.9040 (was 60.1051)
t=417449ms iter=1204 incumb=60.1051 ratchet=60.3026 best=60.1051 since_improve=931
t=417459ms iter=1205 WAIST cost=57.0000 best_alt=51.0000 gap=6.0000 tried=5 sep_labels=51 clique_frac=0.01
t=417627ms iter=1205 REBUILD reject new_tc=60.9306 (was 60.1051)
t=417789ms iter=1205 incumb=60.1051 ratchet=60.2014 best=60.1051 since_improve=932
t=417798ms iter=1206 WAIST cost=57.0000 best_alt=52.0000 gap=5.0000 tried=5 sep_labels=52 clique_frac=0.01
t=417970ms iter=1206 REBUILD reject new_tc=60.7704 (was 60.1051)
t=418129ms iter=1206 incumb=60.1051 ratchet=60.1403 best=60.1051 since_improve=933
t=418138ms iter=1207 WAIST cost=57.0000 best_alt=49.0000 gap=8.0000 tried=5 sep_labels=49 clique_frac=0.01
t=418296ms iter=1207 REBUILD reject new_tc=61.4536 (was 60.1051)
t=418449ms iter=1207 incumb=60.1051 ratchet=60.3778 best=60.1051 since_improve=934
t=418457ms iter=1208 WAIST cost=57.0000 best_alt=52.0000 gap=5.0000 tried=5 sep_labels=52 clique_frac=0.01
t=418633ms iter=1208 REBUILD reject new_tc=60.6990 (was 60.1051)
t=418791ms iter=1208 incumb=60.1051 ratchet=60.2100 best=60.1051 since_improve=935
t=418798ms iter=1209 WAIST cost=57.0000 best_alt=52.0000 gap=5.0000 tried=5 sep_labels=52 clique_frac=0.01
t=418972ms iter=1209 REBUILD reject new_tc=60.4916 (was 60.1051)
t=419129ms iter=1209 incumb=60.1051 ratchet=60.2924 best=60.1051 since_improve=936
t=419136ms iter=1210 WAIST cost=57.0000 best_alt=52.0000 gap=5.0000 tried=5 sep_labels=52 clique_frac=0.01
t=419310ms iter=1210 REBUILD reject new_tc=60.7373 (was 60.1051)
t=419461ms iter=1210 incumb=60.1051 ratchet=60.2977 best=60.1051 since_improve=937
t=419469ms iter=1211 WAIST cost=57.0000 best_alt=52.0000 gap=5.0000 tried=5 sep_labels=52 clique_frac=0.01
t=419638ms iter=1211 REBUILD reject new_tc=64.1919 (was 60.1051)
t=419791ms iter=1211 incumb=60.1051 ratchet=60.3694 best=60.1051 since_improve=938
t=419798ms iter=1212 WAIST cost=57.0000 best_alt=52.0000 gap=5.0000 tried=5 sep_labels=52 clique_frac=0.01
t=419968ms iter=1212 REBUILD reject new_tc=67.4227 (was 60.1051)
t=420123ms iter=1212 incumb=60.1051 ratchet=60.1661 best=60.1051 since_improve=939
t=420131ms iter=1213 WAIST cost=57.0000 best_alt=52.0000 gap=5.0000 tried=5 sep_labels=52 clique_frac=0.01
t=420304ms iter=1213 REBUILD reject new_tc=60.7126 (was 60.1051)
t=420461ms iter=1213 incumb=60.1051 ratchet=60.1934 best=60.1051 since_improve=940
t=420470ms iter=1214 WAIST cost=57.0000 best_alt=52.0000 gap=5.0000 tried=5 sep_labels=52 clique_frac=0.01
t=420639ms iter=1214 REBUILD reject new_tc=61.9757 (was 60.1051)
t=420803ms iter=1214 incumb=60.1051 ratchet=60.3426 best=60.1051 since_improve=941
t=420812ms iter=1215 WAIST cost=57.0000 best_alt=49.0000 gap=8.0000 tried=5 sep_labels=49 clique_frac=0.01
t=420966ms iter=1215 REBUILD reject new_tc=61.3184 (was 60.1051)
t=421124ms iter=1215 incumb=60.1051 ratchet=60.3913 best=60.1051 since_improve=942
t=421132ms iter=1216 WAIST cost=57.0000 best_alt=52.0000 gap=5.0000 tried=5 sep_labels=52 clique_frac=0.01
t=421306ms iter=1216 REBUILD reject new_tc=69.0954 (was 60.1051)
t=421456ms iter=1216 incumb=60.1051 ratchet=60.4981 best=60.1051 since_improve=943
t=421464ms iter=1217 WAIST cost=57.0000 best_alt=52.0000 gap=5.0000 tried=5 sep_labels=52 clique_frac=0.01
t=421641ms iter=1217 REBUILD reject new_tc=60.7210 (was 60.1051)
t=421800ms iter=1217 incumb=60.1051 ratchet=60.1307 best=60.1051 since_improve=944
t=421809ms iter=1218 WAIST cost=57.0000 best_alt=52.0000 gap=5.0000 tried=5 sep_labels=52 clique_frac=0.01
t=421975ms iter=1218 REBUILD reject new_tc=61.7747 (was 60.1051)
t=422129ms iter=1218 incumb=60.1051 ratchet=60.1998 best=60.1051 since_improve=945
t=422139ms iter=1219 WAIST cost=57.0000 best_alt=52.0000 gap=5.0000 tried=5 sep_labels=52 clique_frac=0.01
t=422309ms iter=1219 REBUILD reject new_tc=60.8268 (was 60.1051)
t=422462ms iter=1219 incumb=60.1051 ratchet=60.2160 best=60.1051 since_improve=946
t=422472ms iter=1220 WAIST cost=57.0000 best_alt=49.0000 gap=8.0000 tried=5 sep_labels=49 clique_frac=0.01
t=422615ms iter=1220 REBUILD reject new_tc=70.7970 (was 60.1051)
t=422773ms iter=1220 incumb=60.1051 ratchet=60.5033 best=60.1051 since_improve=947
t=422781ms iter=1221 WAIST cost=57.0000 best_alt=52.0000 gap=5.0000 tried=5 sep_labels=52 clique_frac=0.01
t=422956ms iter=1221 REBUILD reject new_tc=60.7592 (was 60.1051)
t=423114ms iter=1221 incumb=60.1051 ratchet=60.1917 best=60.1051 since_improve=948
t=423122ms iter=1222 WAIST cost=57.0000 best_alt=52.0000 gap=5.0000 tried=5 sep_labels=52 clique_frac=0.01
t=423297ms iter=1222 REBUILD reject new_tc=60.5785 (was 60.1051)
t=423447ms iter=1222 incumb=60.1051 ratchet=60.1656 best=60.1051 since_improve=949
t=423456ms iter=1223 WAIST cost=57.0000 best_alt=52.0000 gap=5.0000 tried=5 sep_labels=52 clique_frac=0.01
t=423628ms iter=1223 REBUILD reject new_tc=60.6570 (was 60.1051)
t=423783ms iter=1223 incumb=60.1051 ratchet=60.4958 best=60.1051 since_improve=950
t=423793ms iter=1224 WAIST cost=57.0000 best_alt=52.0000 gap=5.0000 tried=5 sep_labels=52 clique_frac=0.01
t=423963ms iter=1224 REBUILD reject new_tc=61.0369 (was 60.1051)
t=424124ms iter=1224 incumb=60.1051 ratchet=60.4291 best=60.1051 since_improve=951
t=424132ms iter=1225 WAIST cost=57.0000 best_alt=51.0000 gap=6.0000 tried=5 sep_labels=51 clique_frac=0.01
t=424285ms iter=1225 REBUILD reject new_tc=61.5353 (was 60.1051)
t=424441ms iter=1225 incumb=60.1051 ratchet=60.3841 best=60.1051 since_improve=952
t=424449ms iter=1226 WAIST cost=57.0000 best_alt=52.0000 gap=5.0000 tried=5 sep_labels=52 clique_frac=0.01
t=424623ms iter=1226 REBUILD reject new_tc=60.9466 (was 60.1051)
t=424780ms iter=1226 incumb=60.1051 ratchet=60.1769 best=60.1051 since_improve=953
t=424789ms iter=1227 WAIST cost=57.0000 best_alt=51.0000 gap=6.0000 tried=5 sep_labels=51 clique_frac=0.01
t=424965ms iter=1227 REBUILD reject new_tc=60.2148 (was 60.1051)
t=425122ms iter=1227 incumb=60.1051 ratchet=60.1440 best=60.1051 since_improve=954
t=425130ms iter=1228 WAIST cost=57.0000 best_alt=50.0000 gap=7.0000 tried=5 sep_labels=50 clique_frac=0.01
t=425281ms iter=1228 REBUILD reject new_tc=61.4742 (was 60.1051)
t=425439ms iter=1228 incumb=60.1051 ratchet=60.1946 best=60.1051 since_improve=955
t=425449ms iter=1229 WAIST cost=57.0000 best_alt=52.0000 gap=5.0000 tried=5 sep_labels=52 clique_frac=0.01
t=425629ms iter=1229 REBUILD reject new_tc=60.8303 (was 60.1051)
t=425786ms iter=1229 incumb=60.1051 ratchet=60.3519 best=60.1051 since_improve=956
t=425795ms iter=1230 WAIST cost=57.0000 best_alt=52.0000 gap=5.0000 tried=5 sep_labels=52 clique_frac=0.01
t=425975ms iter=1230 REBUILD reject new_tc=62.9133 (was 60.1051)
t=426137ms iter=1230 incumb=60.1051 ratchet=60.3932 best=60.1051 since_improve=957
t=426145ms iter=1231 WAIST cost=57.0000 best_alt=49.0000 gap=8.0000 tried=5 sep_labels=49 clique_frac=0.01
t=426295ms iter=1231 REBUILD reject new_tc=61.5262 (was 60.1051)
t=426453ms iter=1231 incumb=60.1051 ratchet=60.2478 best=60.1051 since_improve=958
t=426463ms iter=1232 WAIST cost=57.0000 best_alt=52.0000 gap=5.0000 tried=5 sep_labels=52 clique_frac=0.01
t=426642ms iter=1232 REBUILD reject new_tc=60.4968 (was 60.1051)
t=426799ms iter=1232 incumb=60.1051 ratchet=60.1614 best=60.1051 since_improve=959
t=426807ms iter=1233 WAIST cost=57.0000 best_alt=52.0000 gap=5.0000 tried=5 sep_labels=52 clique_frac=0.01
t=426979ms iter=1233 REBUILD reject new_tc=60.6008 (was 60.1051)
t=427137ms iter=1233 incumb=60.1051 ratchet=60.2674 best=60.1051 since_improve=960
t=427146ms iter=1234 WAIST cost=57.0000 best_alt=52.0000 gap=5.0000 tried=5 sep_labels=52 clique_frac=0.01
t=427324ms iter=1234 REBUILD reject new_tc=60.9943 (was 60.1051)
t=427478ms iter=1234 incumb=60.1051 ratchet=60.2148 best=60.1051 since_improve=961
t=427487ms iter=1235 WAIST cost=57.0000 best_alt=52.0000 gap=5.0000 tried=5 sep_labels=52 clique_frac=0.01
t=427661ms iter=1235 REBUILD reject new_tc=60.5078 (was 60.1051)
t=427818ms iter=1235 incumb=60.1051 ratchet=60.1798 best=60.1051 since_improve=962
t=427826ms iter=1236 WAIST cost=57.0000 best_alt=50.0000 gap=7.0000 tried=5 sep_labels=50 clique_frac=0.01
t=427972ms iter=1236 REBUILD reject new_tc=61.5404 (was 60.1051)
t=428129ms iter=1236 incumb=60.1051 ratchet=60.1784 best=60.1051 since_improve=963
t=428139ms iter=1237 WAIST cost=57.0000 best_alt=52.0000 gap=5.0000 tried=5 sep_labels=52 clique_frac=0.01
t=428308ms iter=1237 REBUILD reject new_tc=60.4210 (was 60.1051)
t=428463ms iter=1237 incumb=60.1051 ratchet=60.1820 best=60.1051 since_improve=964
t=428470ms iter=1238 WAIST cost=57.0000 best_alt=52.0000 gap=5.0000 tried=5 sep_labels=52 clique_frac=0.01
t=428641ms iter=1238 REBUILD reject new_tc=60.6439 (was 60.1051)
t=428795ms iter=1238 incumb=60.1051 ratchet=60.2947 best=60.1051 since_improve=965
t=428802ms iter=1239 WAIST cost=57.0000 best_alt=52.0000 gap=5.0000 tried=5 sep_labels=52 clique_frac=0.01
t=428977ms iter=1239 REBUILD reject new_tc=60.7814 (was 60.1051)
t=429131ms iter=1239 incumb=60.1051 ratchet=60.1752 best=60.1051 since_improve=966
t=429139ms iter=1240 WAIST cost=57.0000 best_alt=51.0000 gap=6.0000 tried=5 sep_labels=51 clique_frac=0.01
t=429293ms iter=1240 REBUILD reject new_tc=61.5605 (was 60.1051)
t=429440ms iter=1240 incumb=60.1051 ratchet=60.2478 best=60.1051 since_improve=967
t=429448ms iter=1241 WAIST cost=57.0000 best_alt=50.0000 gap=7.0000 tried=5 sep_labels=50 clique_frac=0.01
t=429589ms iter=1241 REBUILD reject new_tc=67.0236 (was 60.1051)
t=429746ms iter=1241 incumb=60.1051 ratchet=60.4000 best=60.1051 since_improve=968
t=429755ms iter=1242 WAIST cost=57.0000 best_alt=52.0000 gap=5.0000 tried=5 sep_labels=52 clique_frac=0.01
t=429925ms iter=1242 REBUILD reject new_tc=60.8483 (was 60.1051)
t=430082ms iter=1242 incumb=60.1051 ratchet=60.3604 best=60.1051 since_improve=969
t=430090ms iter=1243 WAIST cost=57.0000 best_alt=52.0000 gap=5.0000 tried=5 sep_labels=52 clique_frac=0.01
t=430265ms iter=1243 REBUILD reject new_tc=60.9927 (was 60.1051)
t=430426ms iter=1243 incumb=60.1051 ratchet=60.2353 best=60.1051 since_improve=970
t=430433ms iter=1244 WAIST cost=57.0000 best_alt=51.0000 gap=6.0000 tried=5 sep_labels=51 clique_frac=0.01
t=430588ms iter=1244 REBUILD reject new_tc=61.8789 (was 60.1051)
t=430743ms iter=1244 incumb=60.1051 ratchet=60.2253 best=60.1051 since_improve=971
t=430754ms iter=1245 WAIST cost=57.0000 best_alt=49.0000 gap=8.0000 tried=5 sep_labels=49 clique_frac=0.01
t=430906ms iter=1245 REBUILD reject new_tc=61.4445 (was 60.1051)
t=431060ms iter=1245 incumb=60.1051 ratchet=60.2293 best=60.1051 since_improve=972
t=431068ms iter=1246 WAIST cost=57.0000 best_alt=52.0000 gap=5.0000 tried=5 sep_labels=52 clique_frac=0.01
t=431243ms iter=1246 REBUILD reject new_tc=65.2187 (was 60.1051)
t=431399ms iter=1246 incumb=60.1051 ratchet=60.1998 best=60.1051 since_improve=973
t=431408ms iter=1247 WAIST cost=57.0000 best_alt=49.0000 gap=8.0000 tried=5 sep_labels=49 clique_frac=0.01
t=431553ms iter=1247 REBUILD reject new_tc=69.0818 (was 60.1051)
t=431708ms iter=1247 incumb=60.1051 ratchet=60.1614 best=60.1051 since_improve=974
t=431716ms iter=1248 WAIST cost=57.0000 best_alt=51.0000 gap=6.0000 tried=5 sep_labels=51 clique_frac=0.01
t=431876ms iter=1248 REBUILD reject new_tc=61.2048 (was 60.1051)
t=432031ms iter=1248 incumb=60.1051 ratchet=60.1204 best=60.1051 since_improve=975
t=432038ms iter=1249 WAIST cost=57.0000 best_alt=52.0000 gap=5.0000 tried=5 sep_labels=52 clique_frac=0.01
t=432201ms iter=1249 REBUILD reject new_tc=74.0001 (was 60.1051)
t=432360ms iter=1249 incumb=60.1051 ratchet=60.2613 best=60.1051 since_improve=976
t=432369ms iter=1250 WAIST cost=57.0000 best_alt=52.0000 gap=5.0000 tried=5 sep_labels=52 clique_frac=0.01
t=432545ms iter=1250 REBUILD reject new_tc=60.4493 (was 60.1051)
t=432703ms iter=1250 incumb=60.1051 ratchet=60.1902 best=60.1051 since_improve=977
t=432714ms iter=1251 WAIST cost=57.0000 best_alt=52.0000 gap=5.0000 tried=5 sep_labels=52 clique_frac=0.01
t=432864ms iter=1251 REBUILD reject new_tc=74.0001 (was 60.1051)
t=433025ms iter=1251 incumb=60.1051 ratchet=60.3401 best=60.1051 since_improve=978
t=433033ms iter=1252 WAIST cost=57.0000 best_alt=52.0000 gap=5.0000 tried=5 sep_labels=52 clique_frac=0.01
t=433206ms iter=1252 REBUILD reject new_tc=60.6270 (was 60.1051)
t=433366ms iter=1252 incumb=60.1051 ratchet=60.2328 best=60.1051 since_improve=979
t=433373ms iter=1253 WAIST cost=57.0000 best_alt=52.0000 gap=5.0000 tried=5 sep_labels=52 clique_frac=0.01
t=433549ms iter=1253 REBUILD reject new_tc=60.6427 (was 60.1051)
t=433708ms iter=1253 incumb=60.1051 ratchet=60.2353 best=60.1051 since_improve=980
t=433718ms iter=1254 WAIST cost=57.0000 best_alt=51.0000 gap=6.0000 tried=5 sep_labels=51 clique_frac=0.01
t=433896ms iter=1254 REBUILD reject new_tc=60.6803 (was 60.1051)
t=434053ms iter=1254 incumb=60.1051 ratchet=60.1771 best=60.1051 since_improve=981
t=434062ms iter=1255 WAIST cost=57.0000 best_alt=51.0000 gap=6.0000 tried=5 sep_labels=51 clique_frac=0.01
t=434216ms iter=1255 REBUILD reject new_tc=63.4079 (was 60.1051)
t=434372ms iter=1255 incumb=60.1051 ratchet=60.2040 best=60.1051 since_improve=982
t=434380ms iter=1256 WAIST cost=57.0000 best_alt=52.0000 gap=5.0000 tried=5 sep_labels=52 clique_frac=0.01
t=434549ms iter=1256 REBUILD reject new_tc=60.9721 (was 60.1051)
t=434707ms iter=1256 incumb=60.1051 ratchet=60.2438 best=60.1051 since_improve=983
t=434716ms iter=1257 WAIST cost=57.0000 best_alt=52.0000 gap=5.0000 tried=5 sep_labels=52 clique_frac=0.01
t=434893ms iter=1257 REBUILD reject new_tc=60.5350 (was 60.1051)
t=435051ms iter=1257 incumb=60.1051 ratchet=60.3573 best=60.1051 since_improve=984
t=435060ms iter=1258 WAIST cost=57.0000 best_alt=52.0000 gap=5.0000 tried=5 sep_labels=52 clique_frac=0.01
t=435232ms iter=1258 REBUILD reject new_tc=60.7291 (was 60.1051)
t=435381ms iter=1258 incumb=60.1051 ratchet=61.1280 best=60.1051 since_improve=985
t=435390ms iter=1259 WAIST cost=57.0000 best_alt=49.0000 gap=8.0000 tried=5 sep_labels=49 clique_frac=0.01
t=435543ms iter=1259 REBUILD reject new_tc=60.8918 (was 60.1051)
t=435698ms iter=1259 incumb=60.1051 ratchet=60.2045 best=60.1051 since_improve=986
t=435706ms iter=1260 WAIST cost=57.0000 best_alt=50.0000 gap=7.0000 tried=5 sep_labels=50 clique_frac=0.01
t=435849ms iter=1260 REBUILD reject new_tc=61.7716 (was 60.1051)
t=436001ms iter=1260 incumb=60.1051 ratchet=60.1810 best=60.1051 since_improve=987
t=436010ms iter=1261 WAIST cost=57.0000 best_alt=51.0000 gap=6.0000 tried=5 sep_labels=51 clique_frac=0.01
t=436183ms iter=1261 REBUILD reject new_tc=61.3773 (was 60.1051)
t=436341ms iter=1261 incumb=60.1051 ratchet=60.3526 best=60.1051 since_improve=988
t=436349ms iter=1262 WAIST cost=57.0000 best_alt=52.0000 gap=5.0000 tried=5 sep_labels=52 clique_frac=0.01
t=436516ms iter=1262 REBUILD reject new_tc=65.0820 (was 60.1051)
t=436678ms iter=1262 incumb=60.1051 ratchet=60.3717 best=60.1051 since_improve=989
t=436686ms iter=1263 WAIST cost=57.0000 best_alt=52.0000 gap=5.0000 tried=5 sep_labels=52 clique_frac=0.01
t=436858ms iter=1263 REBUILD reject new_tc=60.8853 (was 60.1051)
t=437014ms iter=1263 incumb=60.1051 ratchet=60.2772 best=60.1051 since_improve=990
t=437023ms iter=1264 WAIST cost=57.0000 best_alt=52.0000 gap=5.0000 tried=5 sep_labels=52 clique_frac=0.01
t=437193ms iter=1264 REBUILD reject new_tc=67.1625 (was 60.1051)
t=437355ms iter=1264 incumb=60.1051 ratchet=60.3088 best=60.1051 since_improve=991
t=437365ms iter=1265 WAIST cost=57.0000 best_alt=50.0000 gap=7.0000 tried=5 sep_labels=50 clique_frac=0.01
t=437523ms iter=1265 REBUILD reject new_tc=62.8733 (was 60.1051)
t=437680ms iter=1265 incumb=60.1051 ratchet=60.7475 best=60.1051 since_improve=992
t=437691ms iter=1266 WAIST cost=57.0000 best_alt=50.0000 gap=7.0000 tried=5 sep_labels=50 clique_frac=0.01
t=437844ms iter=1266 REBUILD reject new_tc=61.5767 (was 60.1051)
t=438000ms iter=1266 incumb=60.1051 ratchet=60.3693 best=60.1051 since_improve=993
t=438010ms iter=1267 WAIST cost=57.0000 best_alt=52.0000 gap=5.0000 tried=5 sep_labels=52 clique_frac=0.01
t=438183ms iter=1267 REBUILD reject new_tc=60.8009 (was 60.1051)
t=438336ms iter=1267 incumb=60.1051 ratchet=60.1660 best=60.1051 since_improve=994
t=438344ms iter=1268 WAIST cost=57.0000 best_alt=52.0000 gap=5.0000 tried=5 sep_labels=52 clique_frac=0.01
t=438513ms iter=1268 REBUILD reject new_tc=60.6790 (was 60.1051)
t=438669ms iter=1268 incumb=60.1051 ratchet=60.4196 best=60.1051 since_improve=995
t=438677ms iter=1269 WAIST cost=57.0000 best_alt=49.0000 gap=8.0000 tried=5 sep_labels=49 clique_frac=0.01
t=438832ms iter=1269 REBUILD reject new_tc=61.7713 (was 60.1051)
t=438981ms iter=1269 incumb=60.1051 ratchet=60.2014 best=60.1051 since_improve=996
t=438991ms iter=1270 WAIST cost=57.0000 best_alt=52.0000 gap=5.0000 tried=5 sep_labels=52 clique_frac=0.01
t=439162ms iter=1270 REBUILD reject new_tc=60.6108 (was 60.1051)
t=439317ms iter=1270 incumb=60.1051 ratchet=60.5223 best=60.1051 since_improve=997
t=439324ms iter=1271 WAIST cost=57.0000 best_alt=51.0000 gap=6.0000 tried=5 sep_labels=51 clique_frac=0.01
t=439473ms iter=1271 REBUILD reject new_tc=67.8353 (was 60.1051)
t=439630ms iter=1271 incumb=60.1051 ratchet=60.3949 best=60.1051 since_improve=998
t=439638ms iter=1272 WAIST cost=57.0000 best_alt=52.0000 gap=5.0000 tried=5 sep_labels=52 clique_frac=0.01
t=439805ms iter=1272 REBUILD reject new_tc=60.9340 (was 60.1051)
t=439961ms iter=1272 incumb=60.1051 ratchet=60.2029 best=60.1051 since_improve=999
t=439971ms iter=1273 WAIST cost=57.0000 best_alt=50.0000 gap=7.0000 tried=5 sep_labels=50 clique_frac=0.01
t=440124ms iter=1273 REBUILD reject new_tc=61.5522 (was 60.1051)
t=440286ms iter=1273 incumb=60.1051 ratchet=60.4229 best=60.1051 since_improve=1000
t=440294ms iter=1274 WAIST cost=57.0000 best_alt=52.0000 gap=5.0000 tried=5 sep_labels=52 clique_frac=0.01
t=440471ms iter=1274 REBUILD reject new_tc=60.8660 (was 60.1051)
t=440622ms iter=1274 incumb=60.1051 ratchet=60.2295 best=60.1051 since_improve=1001
t=440631ms iter=1275 WAIST cost=57.0000 best_alt=52.0000 gap=5.0000 tried=5 sep_labels=52 clique_frac=0.01
t=440802ms iter=1275 REBUILD reject new_tc=60.8869 (was 60.1051)
t=440955ms iter=1275 incumb=60.1051 ratchet=60.1481 best=60.1051 since_improve=1002
t=440964ms iter=1276 WAIST cost=57.0000 best_alt=52.0000 gap=5.0000 tried=5 sep_labels=52 clique_frac=0.01
t=441135ms iter=1276 REBUILD reject new_tc=66.2064 (was 60.1051)
t=441297ms iter=1276 incumb=60.1051 ratchet=60.2699 best=60.1051 since_improve=1003
t=441304ms iter=1277 WAIST cost=57.0000 best_alt=52.0000 gap=5.0000 tried=5 sep_labels=52 clique_frac=0.01
t=441476ms iter=1277 REBUILD reject new_tc=60.7182 (was 60.1051)
t=441632ms iter=1277 incumb=60.1051 ratchet=60.1638 best=60.1051 since_improve=1004
t=441641ms iter=1278 WAIST cost=57.0000 best_alt=52.0000 gap=5.0000 tried=5 sep_labels=52 clique_frac=0.01
t=441815ms iter=1278 REBUILD reject new_tc=60.7421 (was 60.1051)
t=441970ms iter=1278 incumb=60.1051 ratchet=60.1536 best=60.1051 since_improve=1005
t=441980ms iter=1279 WAIST cost=57.0000 best_alt=49.0000 gap=8.0000 tried=5 sep_labels=49 clique_frac=0.01
t=442129ms iter=1279 REBUILD reject new_tc=61.6015 (was 60.1051)
t=442283ms iter=1279 incumb=60.1051 ratchet=60.2045 best=60.1051 since_improve=1006
t=442291ms iter=1280 WAIST cost=57.0000 best_alt=52.0000 gap=5.0000 tried=5 sep_labels=52 clique_frac=0.01
t=442464ms iter=1280 REBUILD reject new_tc=60.7036 (was 60.1051)
t=442628ms iter=1280 incumb=60.1051 ratchet=60.4846 best=60.1051 since_improve=1007
t=442637ms iter=1281 WAIST cost=57.0000 best_alt=50.0000 gap=7.0000 tried=5 sep_labels=50 clique_frac=0.01
t=442788ms iter=1281 REBUILD reject new_tc=61.3518 (was 60.1051)
t=442949ms iter=1281 incumb=60.1051 ratchet=60.3806 best=60.1051 since_improve=1008
t=442959ms iter=1282 WAIST cost=57.0000 best_alt=51.0000 gap=6.0000 tried=5 sep_labels=51 clique_frac=0.01
t=443115ms iter=1282 REBUILD reject new_tc=61.3818 (was 60.1051)
t=443273ms iter=1282 incumb=60.1051 ratchet=60.1827 best=60.1051 since_improve=1009
t=443282ms iter=1283 WAIST cost=57.0000 best_alt=52.0000 gap=5.0000 tried=5 sep_labels=52 clique_frac=0.01
t=443452ms iter=1283 REBUILD reject new_tc=66.7601 (was 60.1051)
t=443604ms iter=1283 incumb=60.1051 ratchet=60.3282 best=60.1051 since_improve=1010
t=443611ms iter=1284 WAIST cost=57.0000 best_alt=52.0000 gap=5.0000 tried=5 sep_labels=52 clique_frac=0.01
t=443784ms iter=1284 REBUILD reject new_tc=61.0094 (was 60.1051)
t=443945ms iter=1284 incumb=60.1051 ratchet=60.2367 best=60.1051 since_improve=1011
t=443956ms iter=1285 WAIST cost=57.0000 best_alt=52.0000 gap=5.0000 tried=5 sep_labels=52 clique_frac=0.01
t=444130ms iter=1285 REBUILD reject new_tc=61.3798 (was 60.1051)
t=444293ms iter=1285 incumb=60.1051 ratchet=60.4496 best=60.1051 since_improve=1012
t=444300ms iter=1286 WAIST cost=57.0000 best_alt=51.0000 gap=6.0000 tried=5 sep_labels=51 clique_frac=0.01
t=444468ms iter=1286 REBUILD reject new_tc=61.3737 (was 60.1051)
t=444617ms iter=1286 incumb=60.1051 ratchet=60.3312 best=60.1051 since_improve=1013
t=444626ms iter=1287 WAIST cost=57.0000 best_alt=52.0000 gap=5.0000 tried=5 sep_labels=52 clique_frac=0.01
t=444805ms iter=1287 REBUILD reject new_tc=60.8629 (was 60.1051)
t=444966ms iter=1287 incumb=60.1051 ratchet=60.4414 best=60.1051 since_improve=1014
t=444975ms iter=1288 WAIST cost=57.0000 best_alt=51.0000 gap=6.0000 tried=5 sep_labels=51 clique_frac=0.01
t=445119ms iter=1288 REBUILD reject new_tc=65.5986 (was 60.1051)
t=445271ms iter=1288 incumb=60.1051 ratchet=60.1604 best=60.1051 since_improve=1015
t=445282ms iter=1289 WAIST cost=57.0000 best_alt=49.0000 gap=8.0000 tried=5 sep_labels=49 clique_frac=0.01
t=445452ms iter=1289 REBUILD reject new_tc=61.3079 (was 60.1051)
t=445615ms iter=1289 incumb=60.1051 ratchet=60.1757 best=60.1051 since_improve=1016
t=445625ms iter=1290 WAIST cost=57.0000 best_alt=51.0000 gap=6.0000 tried=5 sep_labels=51 clique_frac=0.01
t=445804ms iter=1290 REBUILD reject new_tc=60.8411 (was 60.1051)
t=445954ms iter=1290 incumb=60.1051 ratchet=60.1615 best=60.1051 since_improve=1017
t=445963ms iter=1291 WAIST cost=57.0000 best_alt=52.0000 gap=5.0000 tried=5 sep_labels=52 clique_frac=0.01
t=446164ms iter=1291 REBUILD reject new_tc=82.0000 (was 60.1051)
t=446325ms iter=1291 incumb=60.1051 ratchet=60.3680 best=60.1051 since_improve=1018
t=446335ms iter=1292 WAIST cost=57.0000 best_alt=49.0000 gap=8.0000 tried=5 sep_labels=49 clique_frac=0.01
t=446488ms iter=1292 REBUILD reject new_tc=60.9650 (was 60.1051)
t=446647ms iter=1292 incumb=60.1051 ratchet=60.3692 best=60.1051 since_improve=1019
t=446654ms iter=1293 WAIST cost=57.0000 best_alt=52.0000 gap=5.0000 tried=5 sep_labels=52 clique_frac=0.01
t=446827ms iter=1293 REBUILD reject new_tc=61.1605 (was 60.1051)
t=446973ms iter=1293 incumb=60.1051 ratchet=60.2440 best=60.1051 since_improve=1020
t=446980ms iter=1294 WAIST cost=57.0000 best_alt=52.0000 gap=5.0000 tried=5 sep_labels=52 clique_frac=0.01
t=447150ms iter=1294 REBUILD reject new_tc=60.6795 (was 60.1051)
t=447301ms iter=1294 incumb=60.1051 ratchet=60.4435 best=60.1051 since_improve=1021
t=447309ms iter=1295 WAIST cost=57.0000 best_alt=52.0000 gap=5.0000 tried=5 sep_labels=52 clique_frac=0.01
t=447474ms iter=1295 REBUILD reject new_tc=60.5050 (was 60.1051)
t=447632ms iter=1295 incumb=60.1051 ratchet=60.2836 best=60.1051 since_improve=1022
t=447639ms iter=1296 WAIST cost=57.0000 best_alt=52.0000 gap=5.0000 tried=5 sep_labels=52 clique_frac=0.01
t=447809ms iter=1296 REBUILD reject new_tc=60.8040 (was 60.1051)
t=447965ms iter=1296 incumb=60.1051 ratchet=60.3118 best=60.1051 since_improve=1023
t=447974ms iter=1297 WAIST cost=57.0000 best_alt=50.0000 gap=7.0000 tried=5 sep_labels=50 clique_frac=0.01
t=448130ms iter=1297 REBUILD reject new_tc=61.4226 (was 60.1051)
t=448280ms iter=1297 incumb=60.1051 ratchet=60.1253 best=60.1051 since_improve=1024
t=448289ms iter=1298 WAIST cost=57.0000 best_alt=52.0000 gap=5.0000 tried=5 sep_labels=52 clique_frac=0.01
t=448460ms iter=1298 REBUILD reject new_tc=62.6736 (was 60.1051)
t=448616ms iter=1298 incumb=60.1051 ratchet=60.2055 best=60.1051 since_improve=1025
t=448626ms iter=1299 WAIST cost=57.0000 best_alt=52.0000 gap=5.0000 tried=5 sep_labels=52 clique_frac=0.01
t=448801ms iter=1299 REBUILD reject new_tc=61.5153 (was 60.1051)
t=448957ms iter=1299 incumb=60.1051 ratchet=60.1729 best=60.1051 since_improve=1026
t=448965ms iter=1300 WAIST cost=57.0000 best_alt=52.0000 gap=5.0000 tried=5 sep_labels=52 clique_frac=0.01
t=449137ms iter=1300 REBUILD reject new_tc=60.6432 (was 60.1051)
t=449291ms iter=1300 incumb=60.1051 ratchet=60.6004 best=60.1051 since_improve=1027
t=449299ms iter=1301 WAIST cost=57.0000 best_alt=52.0000 gap=5.0000 tried=5 sep_labels=52 clique_frac=0.01
t=449470ms iter=1301 REBUILD reject new_tc=66.2902 (was 60.1051)
t=449622ms iter=1301 incumb=60.1051 ratchet=60.3801 best=60.1051 since_improve=1028
t=449630ms iter=1302 WAIST cost=57.0000 best_alt=51.0000 gap=6.0000 tried=5 sep_labels=51 clique_frac=0.01
t=449789ms iter=1302 REBUILD reject new_tc=73.0002 (was 60.1051)
t=449949ms iter=1302 incumb=60.1051 ratchet=60.3045 best=60.1051 since_improve=1029
t=449957ms iter=1303 WAIST cost=57.0000 best_alt=52.0000 gap=5.0000 tried=5 sep_labels=52 clique_frac=0.01
t=450131ms iter=1303 REBUILD reject new_tc=60.8114 (was 60.1051)
t=450288ms iter=1303 incumb=60.1051 ratchet=60.2213 best=60.1051 since_improve=1030
t=450296ms iter=1304 WAIST cost=57.0000 best_alt=52.0000 gap=5.0000 tried=5 sep_labels=52 clique_frac=0.01
t=450471ms iter=1304 REBUILD reject new_tc=61.4829 (was 60.1051)
t=450624ms iter=1304 incumb=60.1051 ratchet=60.2346 best=60.1051 since_improve=1031
t=450633ms iter=1305 WAIST cost=57.0000 best_alt=51.0000 gap=6.0000 tried=5 sep_labels=51 clique_frac=0.01
t=450804ms iter=1305 REBUILD reject new_tc=60.7284 (was 60.1051)
t=450954ms iter=1305 incumb=60.1051 ratchet=60.5046 best=60.1051 since_improve=1032
t=450963ms iter=1306 WAIST cost=57.0000 best_alt=51.0000 gap=6.0000 tried=5 sep_labels=51 clique_frac=0.01
t=451121ms iter=1306 REBUILD reject new_tc=61.6028 (was 60.1051)
t=451273ms iter=1306 incumb=60.1051 ratchet=60.3910 best=60.1051 since_improve=1033
t=451283ms iter=1307 WAIST cost=57.0000 best_alt=52.0000 gap=5.0000 tried=5 sep_labels=52 clique_frac=0.01
t=451456ms iter=1307 REBUILD reject new_tc=61.0515 (was 60.1051)
t=451606ms iter=1307 incumb=60.1051 ratchet=60.2517 best=60.1051 since_improve=1034
t=451616ms iter=1308 WAIST cost=57.0000 best_alt=52.0000 gap=5.0000 tried=5 sep_labels=52 clique_frac=0.01
t=451791ms iter=1308 REBUILD reject new_tc=60.7539 (was 60.1051)
t=451945ms iter=1308 incumb=60.1051 ratchet=60.3166 best=60.1051 since_improve=1035
t=451953ms iter=1309 WAIST cost=57.0000 best_alt=52.0000 gap=5.0000 tried=5 sep_labels=52 clique_frac=0.01
t=452125ms iter=1309 REBUILD reject new_tc=60.9539 (was 60.1051)
t=452276ms iter=1309 incumb=60.1051 ratchet=60.6288 best=60.1051 since_improve=1036
t=452285ms iter=1310 WAIST cost=57.0000 best_alt=50.0000 gap=7.0000 tried=5 sep_labels=50 clique_frac=0.01
t=452437ms iter=1310 REBUILD reject new_tc=65.7174 (was 60.1051)
t=452590ms iter=1310 incumb=60.1051 ratchet=60.3848 best=60.1051 since_improve=1037
t=452599ms iter=1311 WAIST cost=57.0000 best_alt=52.0000 gap=5.0000 tried=5 sep_labels=52 clique_frac=0.01
t=452778ms iter=1311 REBUILD reject new_tc=60.8289 (was 60.1051)
t=452939ms iter=1311 incumb=60.1051 ratchet=60.1977 best=60.1051 since_improve=1038
t=452948ms iter=1312 WAIST cost=57.0000 best_alt=49.0000 gap=8.0000 tried=5 sep_labels=49 clique_frac=0.01
t=453102ms iter=1312 REBUILD reject new_tc=61.3243 (was 60.1051)
t=453261ms iter=1312 incumb=60.1051 ratchet=60.2405 best=60.1051 since_improve=1039
t=453270ms iter=1313 WAIST cost=57.0000 best_alt=52.0000 gap=5.0000 tried=5 sep_labels=52 clique_frac=0.01
t=453443ms iter=1313 REBUILD reject new_tc=62.1082 (was 60.1051)
t=453595ms iter=1313 incumb=60.1051 ratchet=60.3543 best=60.1051 since_improve=1040
t=453604ms iter=1314 WAIST cost=57.0000 best_alt=52.0000 gap=5.0000 tried=5 sep_labels=52 clique_frac=0.01
t=453778ms iter=1314 REBUILD reject new_tc=60.9981 (was 60.1051)
t=453936ms iter=1314 incumb=60.1051 ratchet=60.7292 best=60.1051 since_improve=1041
t=453944ms iter=1315 WAIST cost=57.0000 best_alt=50.0000 gap=7.0000 tried=5 sep_labels=50 clique_frac=0.01
t=454095ms iter=1315 REBUILD reject new_tc=61.3011 (was 60.1051)
t=454247ms iter=1315 incumb=60.1051 ratchet=60.3435 best=60.1051 since_improve=1042
t=454257ms iter=1316 WAIST cost=57.0000 best_alt=52.0000 gap=5.0000 tried=5 sep_labels=52 clique_frac=0.01
t=454426ms iter=1316 REBUILD reject new_tc=61.3945 (was 60.1051)
t=454581ms iter=1316 incumb=60.1051 ratchet=60.3226 best=60.1051 since_improve=1043
t=454588ms iter=1317 WAIST cost=57.0000 best_alt=52.0000 gap=5.0000 tried=5 sep_labels=52 clique_frac=0.01
t=454749ms iter=1317 REBUILD reject new_tc=79.0004 (was 60.1051)
t=454911ms iter=1317 incumb=60.1051 ratchet=60.3284 best=60.1051 since_improve=1044
t=454919ms iter=1318 WAIST cost=57.0000 best_alt=51.0000 gap=6.0000 tried=5 sep_labels=51 clique_frac=0.01
t=455066ms iter=1318 REBUILD reject new_tc=61.6104 (was 60.1051)
t=455218ms iter=1318 incumb=60.1051 ratchet=60.2971 best=60.1051 since_improve=1045
t=455226ms iter=1319 WAIST cost=57.0000 best_alt=50.0000 gap=7.0000 tried=5 sep_labels=50 clique_frac=0.01
t=455370ms iter=1319 REBUILD reject new_tc=65.8162 (was 60.1051)
t=455527ms iter=1319 incumb=60.1051 ratchet=60.2898 best=60.1051 since_improve=1046
t=455536ms iter=1320 WAIST cost=57.0000 best_alt=52.0000 gap=5.0000 tried=5 sep_labels=52 clique_frac=0.01
t=455709ms iter=1320 REBUILD reject new_tc=61.2058 (was 60.1051)
t=455861ms iter=1320 incumb=60.1051 ratchet=60.1376 best=60.1051 since_improve=1047
t=455870ms iter=1321 WAIST cost=57.0000 best_alt=50.0000 gap=7.0000 tried=5 sep_labels=50 clique_frac=0.01
t=456022ms iter=1321 REBUILD reject new_tc=61.5344 (was 60.1051)
t=456181ms iter=1321 incumb=60.1051 ratchet=60.1609 best=60.1051 since_improve=1048
t=456190ms iter=1322 WAIST cost=57.0000 best_alt=50.0000 gap=7.0000 tried=5 sep_labels=50 clique_frac=0.01
t=456342ms iter=1322 REBUILD reject new_tc=61.4160 (was 60.1051)
t=456499ms iter=1322 incumb=60.1051 ratchet=60.2276 best=60.1051 since_improve=1049
t=456508ms iter=1323 WAIST cost=57.0000 best_alt=52.0000 gap=5.0000 tried=5 sep_labels=52 clique_frac=0.01
t=456675ms iter=1323 REBUILD reject new_tc=76.0002 (was 60.1051)
t=456831ms iter=1323 incumb=60.1051 ratchet=60.2712 best=60.1051 since_improve=1050
t=456841ms iter=1324 WAIST cost=57.0000 best_alt=52.0000 gap=5.0000 tried=5 sep_labels=52 clique_frac=0.01
t=457017ms iter=1324 REBUILD reject new_tc=66.3977 (was 60.1051)
t=457168ms iter=1324 incumb=60.1051 ratchet=60.1959 best=60.1051 since_improve=1051
t=457175ms iter=1325 WAIST cost=57.0000 best_alt=52.0000 gap=5.0000 tried=5 sep_labels=52 clique_frac=0.01
t=457350ms iter=1325 REBUILD reject new_tc=60.7131 (was 60.1051)
t=457508ms iter=1325 incumb=60.1051 ratchet=60.1365 best=60.1051 since_improve=1052
t=457518ms iter=1326 WAIST cost=57.0000 best_alt=50.0000 gap=7.0000 tried=5 sep_labels=50 clique_frac=0.01
t=457669ms iter=1326 REBUILD reject new_tc=61.3054 (was 60.1051)
t=457822ms iter=1326 incumb=60.1051 ratchet=60.2177 best=60.1051 since_improve=1053
t=457833ms iter=1327 WAIST cost=57.0000 best_alt=51.0000 gap=6.0000 tried=5 sep_labels=51 clique_frac=0.01
t=457992ms iter=1327 REBUILD reject new_tc=61.4397 (was 60.1051)
t=458146ms iter=1327 incumb=60.1051 ratchet=60.1687 best=60.1051 since_improve=1054
t=458154ms iter=1328 WAIST cost=57.0000 best_alt=52.0000 gap=5.0000 tried=5 sep_labels=52 clique_frac=0.01
t=458324ms iter=1328 REBUILD reject new_tc=61.0804 (was 60.1051)
t=458483ms iter=1328 incumb=60.1051 ratchet=60.3453 best=60.1051 since_improve=1055
t=458491ms iter=1329 WAIST cost=57.0000 best_alt=52.0000 gap=5.0000 tried=5 sep_labels=52 clique_frac=0.01
t=458661ms iter=1329 REBUILD reject new_tc=60.7012 (was 60.1051)
t=458812ms iter=1329 incumb=60.1051 ratchet=60.1742 best=60.1051 since_improve=1056
t=458821ms iter=1330 WAIST cost=57.0000 best_alt=52.0000 gap=5.0000 tried=5 sep_labels=52 clique_frac=0.01
t=458995ms iter=1330 REBUILD reject new_tc=61.2499 (was 60.1051)
t=459151ms iter=1330 incumb=60.1051 ratchet=60.3080 best=60.1051 since_improve=1057
t=459161ms iter=1331 WAIST cost=57.0000 best_alt=49.0000 gap=8.0000 tried=5 sep_labels=49 clique_frac=0.01
t=459317ms iter=1331 REBUILD reject new_tc=61.3432 (was 60.1051)
t=459477ms iter=1331 incumb=60.1051 ratchet=60.2341 best=60.1051 since_improve=1058
t=459486ms iter=1332 WAIST cost=57.0000 best_alt=50.0000 gap=7.0000 tried=5 sep_labels=50 clique_frac=0.01
t=459642ms iter=1332 REBUILD reject new_tc=61.4120 (was 60.1051)
t=459788ms iter=1332 incumb=60.1051 ratchet=60.4246 best=60.1051 since_improve=1059
t=459798ms iter=1333 WAIST cost=57.0000 best_alt=52.0000 gap=5.0000 tried=5 sep_labels=52 clique_frac=0.01
t=459963ms iter=1333 REBUILD reject new_tc=66.2887 (was 60.1051)
t=460112ms iter=1333 incumb=60.1051 ratchet=60.4538 best=60.1051 since_improve=1060
t=460122ms iter=1334 WAIST cost=57.0000 best_alt=49.0000 gap=8.0000 tried=5 sep_labels=49 clique_frac=0.01
t=460277ms iter=1334 REBUILD reject new_tc=61.4787 (was 60.1051)
t=460436ms iter=1334 incumb=60.1051 ratchet=60.4330 best=60.1051 since_improve=1061
t=460446ms iter=1335 WAIST cost=57.0000 best_alt=50.0000 gap=7.0000 tried=5 sep_labels=50 clique_frac=0.01
t=460583ms iter=1335 REBUILD reject new_tc=81.0000 (was 60.1051)
t=460738ms iter=1335 incumb=60.1051 ratchet=60.5471 best=60.1051 since_improve=1062
t=460746ms iter=1336 WAIST cost=57.0000 best_alt=52.0000 gap=5.0000 tried=5 sep_labels=52 clique_frac=0.01
t=460921ms iter=1336 REBUILD reject new_tc=60.9285 (was 60.1051)
t=461081ms iter=1336 incumb=60.1051 ratchet=60.1805 best=60.1051 since_improve=1063
t=461089ms iter=1337 WAIST cost=57.0000 best_alt=52.0000 gap=5.0000 tried=5 sep_labels=52 clique_frac=0.01
t=461267ms iter=1337 REBUILD reject new_tc=65.8338 (was 60.1051)
t=461422ms iter=1337 incumb=60.1051 ratchet=60.1684 best=60.1051 since_improve=1064
t=461430ms iter=1338 WAIST cost=57.0000 best_alt=51.0000 gap=6.0000 tried=5 sep_labels=51 clique_frac=0.01
t=461580ms iter=1338 REBUILD reject new_tc=61.6777 (was 60.1051)
t=461733ms iter=1338 incumb=60.1051 ratchet=60.3037 best=60.1051 since_improve=1065
t=461742ms iter=1339 WAIST cost=57.0000 best_alt=49.0000 gap=8.0000 tried=5 sep_labels=49 clique_frac=0.01
t=461888ms iter=1339 REBUILD reject new_tc=61.5961 (was 60.1051)
t=462045ms iter=1339 incumb=60.1051 ratchet=60.4259 best=60.1051 since_improve=1066
t=462052ms iter=1340 WAIST cost=57.0000 best_alt=52.0000 gap=5.0000 tried=5 sep_labels=52 clique_frac=0.01
t=462221ms iter=1340 REBUILD reject new_tc=66.3132 (was 60.1051)
t=462374ms iter=1340 incumb=60.1051 ratchet=60.6351 best=60.1051 since_improve=1067
t=462381ms iter=1341 WAIST cost=57.0000 best_alt=52.0000 gap=5.0000 tried=5 sep_labels=52 clique_frac=0.01
t=462553ms iter=1341 REBUILD reject new_tc=60.5209 (was 60.1051)
t=462702ms iter=1341 incumb=60.1051 ratchet=60.4475 best=60.1051 since_improve=1068
t=462710ms iter=1342 WAIST cost=57.0000 best_alt=52.0000 gap=5.0000 tried=5 sep_labels=52 clique_frac=0.01
t=462879ms iter=1342 REBUILD reject new_tc=72.3664 (was 60.1051)
t=463033ms iter=1342 incumb=60.1051 ratchet=60.6099 best=60.1051 since_improve=1069
t=463042ms iter=1343 WAIST cost=57.0000 best_alt=50.0000 gap=7.0000 tried=5 sep_labels=50 clique_frac=0.01
t=463196ms iter=1343 REBUILD reject new_tc=61.2833 (was 60.1051)
t=463355ms iter=1343 incumb=60.1051 ratchet=60.4033 best=60.1051 since_improve=1070
t=463363ms iter=1344 WAIST cost=57.0000 best_alt=51.0000 gap=6.0000 tried=5 sep_labels=51 clique_frac=0.01
t=463516ms iter=1344 REBUILD reject new_tc=63.3220 (was 60.1051)
t=463678ms iter=1344 incumb=60.1051 ratchet=60.7256 best=60.1051 since_improve=1071
t=463687ms iter=1345 WAIST cost=57.0000 best_alt=49.0000 gap=8.0000 tried=5 sep_labels=49 clique_frac=0.01
t=463838ms iter=1345 REBUILD reject new_tc=61.3534 (was 60.1051)
t=463997ms iter=1345 incumb=60.1051 ratchet=60.2100 best=60.1051 since_improve=1072
t=464008ms iter=1346 WAIST cost=57.0000 best_alt=51.0000 gap=6.0000 tried=5 sep_labels=51 clique_frac=0.01
t=464172ms iter=1346 REBUILD reject new_tc=69.0155 (was 60.1051)
t=464324ms iter=1346 incumb=60.1051 ratchet=60.4556 best=60.1051 since_improve=1073
t=464330ms iter=1347 WAIST cost=57.0000 best_alt=52.0000 gap=5.0000 tried=5 sep_labels=52 clique_frac=0.01
t=464506ms iter=1347 REBUILD reject new_tc=60.9689 (was 60.1051)
t=464663ms iter=1347 incumb=60.1051 ratchet=60.2341 best=60.1051 since_improve=1074
t=464671ms iter=1348 WAIST cost=57.0000 best_alt=52.0000 gap=5.0000 tried=5 sep_labels=52 clique_frac=0.01
t=464848ms iter=1348 REBUILD reject new_tc=60.4712 (was 60.1051)
t=465000ms iter=1348 incumb=60.1051 ratchet=60.2648 best=60.1051 since_improve=1075
t=465011ms iter=1349 WAIST cost=57.0000 best_alt=50.0000 gap=7.0000 tried=5 sep_labels=50 clique_frac=0.01
t=465161ms iter=1349 REBUILD reject new_tc=61.9716 (was 60.1051)
t=465319ms iter=1349 incumb=60.1051 ratchet=60.3279 best=60.1051 since_improve=1076
t=465327ms iter=1350 WAIST cost=57.0000 best_alt=52.0000 gap=5.0000 tried=5 sep_labels=52 clique_frac=0.01
t=465521ms iter=1350 REBUILD reject new_tc=62.3699 (was 60.1051)
t=465707ms iter=1350 incumb=60.1051 ratchet=60.4986 best=60.1051 since_improve=1077
t=465714ms iter=1351 WAIST cost=57.0000 best_alt=52.0000 gap=5.0000 tried=5 sep_labels=52 clique_frac=0.01
t=465898ms iter=1351 REBUILD reject new_tc=60.8669 (was 60.1051)
t=466059ms iter=1351 incumb=60.1051 ratchet=60.2345 best=60.1051 since_improve=1078
t=466066ms iter=1352 WAIST cost=57.0000 best_alt=52.0000 gap=5.0000 tried=5 sep_labels=52 clique_frac=0.01
t=466233ms iter=1352 REBUILD reject new_tc=66.5144 (was 60.1051)
t=466386ms iter=1352 incumb=60.1051 ratchet=60.1959 best=60.1051 since_improve=1079
t=466395ms iter=1353 WAIST cost=57.0000 best_alt=52.0000 gap=5.0000 tried=5 sep_labels=52 clique_frac=0.01
t=466568ms iter=1353 REBUILD reject new_tc=60.8021 (was 60.1051)
t=466731ms iter=1353 incumb=60.1051 ratchet=60.3680 best=60.1051 since_improve=1080
t=466738ms iter=1354 WAIST cost=57.0000 best_alt=52.0000 gap=5.0000 tried=5 sep_labels=52 clique_frac=0.01
t=466912ms iter=1354 REBUILD reject new_tc=60.9043 (was 60.1051)
t=467078ms iter=1354 incumb=60.1051 ratchet=60.4410 best=60.1051 since_improve=1081
t=467086ms iter=1355 WAIST cost=57.0000 best_alt=52.0000 gap=5.0000 tried=5 sep_labels=52 clique_frac=0.01
t=467261ms iter=1355 REBUILD reject new_tc=60.7165 (was 60.1051)
t=467419ms iter=1355 incumb=60.1051 ratchet=60.4209 best=60.1051 since_improve=1082
t=467428ms iter=1356 WAIST cost=57.0000 best_alt=52.0000 gap=5.0000 tried=5 sep_labels=52 clique_frac=0.01
t=467601ms iter=1356 REBUILD reject new_tc=60.7315 (was 60.1051)
t=467753ms iter=1356 incumb=60.1051 ratchet=60.4389 best=60.1051 since_improve=1083
t=467762ms iter=1357 WAIST cost=57.0000 best_alt=52.0000 gap=5.0000 tried=5 sep_labels=52 clique_frac=0.01
t=467941ms iter=1357 REBUILD reject new_tc=60.6606 (was 60.1051)
t=468096ms iter=1357 incumb=60.1051 ratchet=60.1468 best=60.1051 since_improve=1084
t=468104ms iter=1358 WAIST cost=57.0000 best_alt=50.0000 gap=7.0000 tried=5 sep_labels=50 clique_frac=0.01
t=468242ms iter=1358 REBUILD reject new_tc=62.2600 (was 60.1051)
t=468392ms iter=1358 incumb=60.1051 ratchet=60.2106 best=60.1051 since_improve=1085
t=468399ms iter=1359 WAIST cost=57.0000 best_alt=52.0000 gap=5.0000 tried=5 sep_labels=52 clique_frac=0.01
t=468568ms iter=1359 REBUILD reject new_tc=60.6170 (was 60.1051)
t=468727ms iter=1359 incumb=60.1051 ratchet=60.3890 best=60.1051 since_improve=1086
t=468736ms iter=1360 WAIST cost=57.0000 best_alt=52.0000 gap=5.0000 tried=5 sep_labels=52 clique_frac=0.01
t=468906ms iter=1360 REBUILD reject new_tc=60.4995 (was 60.1051)
t=469065ms iter=1360 incumb=60.1051 ratchet=60.2985 best=60.1051 since_improve=1087
t=469073ms iter=1361 WAIST cost=57.0000 best_alt=52.0000 gap=5.0000 tried=5 sep_labels=52 clique_frac=0.01
t=469245ms iter=1361 REBUILD reject new_tc=61.0416 (was 60.1051)
t=469394ms iter=1361 incumb=60.1051 ratchet=60.3407 best=60.1051 since_improve=1088
t=469402ms iter=1362 WAIST cost=57.0000 best_alt=52.0000 gap=5.0000 tried=5 sep_labels=52 clique_frac=0.01
t=469580ms iter=1362 REBUILD reject new_tc=61.6606 (was 60.1051)
t=469737ms iter=1362 incumb=60.1051 ratchet=60.1908 best=60.1051 since_improve=1089
t=469747ms iter=1363 WAIST cost=57.0000 best_alt=52.0000 gap=5.0000 tried=5 sep_labels=52 clique_frac=0.01
t=469918ms iter=1363 REBUILD reject new_tc=60.5693 (was 60.1051)
t=470078ms iter=1363 incumb=60.1051 ratchet=60.1942 best=60.1051 since_improve=1090
t=470087ms iter=1364 WAIST cost=57.0000 best_alt=52.0000 gap=5.0000 tried=5 sep_labels=52 clique_frac=0.01
t=470265ms iter=1364 REBUILD reject new_tc=61.4873 (was 60.1051)
t=470418ms iter=1364 incumb=60.1051 ratchet=60.2141 best=60.1051 since_improve=1091
t=470427ms iter=1365 WAIST cost=57.0000 best_alt=49.0000 gap=8.0000 tried=5 sep_labels=49 clique_frac=0.01
t=470584ms iter=1365 REBUILD reject new_tc=61.6005 (was 60.1051)
t=470737ms iter=1365 incumb=60.1051 ratchet=60.1919 best=60.1051 since_improve=1092
t=470744ms iter=1366 WAIST cost=57.0000 best_alt=52.0000 gap=5.0000 tried=5 sep_labels=52 clique_frac=0.01
t=470918ms iter=1366 REBUILD reject new_tc=60.5898 (was 60.1051)
t=471075ms iter=1366 incumb=60.1051 ratchet=60.1128 best=60.1051 since_improve=1093
t=471081ms iter=1367 WAIST cost=57.0000 best_alt=52.0000 gap=5.0000 tried=5 sep_labels=52 clique_frac=0.01
t=471242ms iter=1367 REBUILD reject new_tc=74.0006 (was 60.1051)
t=471399ms iter=1367 incumb=60.1051 ratchet=60.3899 best=60.1051 since_improve=1094
t=471409ms iter=1368 WAIST cost=57.0000 best_alt=52.0000 gap=5.0000 tried=5 sep_labels=52 clique_frac=0.01
t=471580ms iter=1368 REBUILD reject new_tc=60.7369 (was 60.1051)
t=471736ms iter=1368 incumb=60.1051 ratchet=60.3071 best=60.1051 since_improve=1095
t=471746ms iter=1369 WAIST cost=57.0000 best_alt=51.0000 gap=6.0000 tried=5 sep_labels=51 clique_frac=0.01
t=471894ms iter=1369 REBUILD reject new_tc=61.7942 (was 60.1051)
t=472053ms iter=1369 incumb=60.1051 ratchet=60.3847 best=60.1051 since_improve=1096
t=472061ms iter=1370 WAIST cost=57.0000 best_alt=51.0000 gap=6.0000 tried=5 sep_labels=51 clique_frac=0.01
t=472215ms iter=1370 REBUILD reject new_tc=61.7357 (was 60.1051)
t=472372ms iter=1370 incumb=60.1051 ratchet=60.2429 best=60.1051 since_improve=1097
t=472378ms iter=1371 WAIST cost=57.0000 best_alt=52.0000 gap=5.0000 tried=5 sep_labels=52 clique_frac=0.01
t=472547ms iter=1371 REBUILD reject new_tc=61.8154 (was 60.1051)
t=472713ms iter=1371 incumb=60.1051 ratchet=60.1612 best=60.1051 since_improve=1098
t=472722ms iter=1372 WAIST cost=57.0000 best_alt=51.0000 gap=6.0000 tried=5 sep_labels=51 clique_frac=0.01
t=472882ms iter=1372 REBUILD reject new_tc=61.4043 (was 60.1051)
t=473039ms iter=1372 incumb=60.1051 ratchet=60.1329 best=60.1051 since_improve=1099
t=473048ms iter=1373 WAIST cost=57.0000 best_alt=52.0000 gap=5.0000 tried=5 sep_labels=52 clique_frac=0.01
t=473222ms iter=1373 REBUILD reject new_tc=60.9080 (was 60.1051)
t=473371ms iter=1373 incumb=60.1051 ratchet=60.3520 best=60.1051 since_improve=1100
t=473379ms iter=1374 WAIST cost=57.0000 best_alt=51.0000 gap=6.0000 tried=5 sep_labels=51 clique_frac=0.01
t=473524ms iter=1374 REBUILD reject new_tc=69.0068 (was 60.1051)
t=473680ms iter=1374 incumb=60.1051 ratchet=60.2781 best=60.1051 since_improve=1101
t=473689ms iter=1375 WAIST cost=57.0000 best_alt=52.0000 gap=5.0000 tried=5 sep_labels=52 clique_frac=0.01
t=473860ms iter=1375 REBUILD reject new_tc=60.9548 (was 60.1051)
t=474018ms iter=1375 incumb=60.1051 ratchet=60.1620 best=60.1051 since_improve=1102
t=474026ms iter=1376 WAIST cost=57.0000 best_alt=51.0000 gap=6.0000 tried=5 sep_labels=51 clique_frac=0.01
t=474184ms iter=1376 REBUILD reject new_tc=61.8310 (was 60.1051)
t=474348ms iter=1376 incumb=60.1051 ratchet=60.3848 best=60.1051 since_improve=1103
t=474357ms iter=1377 WAIST cost=57.0000 best_alt=52.0000 gap=5.0000 tried=5 sep_labels=52 clique_frac=0.01
t=474523ms iter=1377 REBUILD reject new_tc=60.9180 (was 60.1051)
t=474681ms iter=1377 incumb=60.1051 ratchet=60.1729 best=60.1051 since_improve=1104
t=474691ms iter=1378 WAIST cost=57.0000 best_alt=51.0000 gap=6.0000 tried=5 sep_labels=51 clique_frac=0.01
t=474859ms iter=1378 REBUILD reject new_tc=67.5946 (was 60.1051)
t=475017ms iter=1378 incumb=60.1051 ratchet=60.2512 best=60.1051 since_improve=1105
t=475024ms iter=1379 WAIST cost=57.0000 best_alt=52.0000 gap=5.0000 tried=5 sep_labels=52 clique_frac=0.01
t=475196ms iter=1379 REBUILD reject new_tc=60.7001 (was 60.1051)
t=475351ms iter=1379 incumb=60.1051 ratchet=60.2135 best=60.1051 since_improve=1106
t=475360ms iter=1380 WAIST cost=57.0000 best_alt=52.0000 gap=5.0000 tried=5 sep_labels=52 clique_frac=0.01
t=475532ms iter=1380 REBUILD reject new_tc=60.7637 (was 60.1051)
t=475694ms iter=1380 incumb=60.1051 ratchet=60.3318 best=60.1051 since_improve=1107
t=475702ms iter=1381 WAIST cost=57.0000 best_alt=50.0000 gap=7.0000 tried=5 sep_labels=50 clique_frac=0.01
t=475852ms iter=1381 REBUILD reject new_tc=60.8995 (was 60.1051)
t=476009ms iter=1381 incumb=60.1051 ratchet=60.2397 best=60.1051 since_improve=1108
t=476018ms iter=1382 WAIST cost=57.0000 best_alt=52.0000 gap=5.0000 tried=5 sep_labels=52 clique_frac=0.01
t=476188ms iter=1382 REBUILD reject new_tc=60.7097 (was 60.1051)
t=476345ms iter=1382 incumb=60.1051 ratchet=60.3142 best=60.1051 since_improve=1109
t=476355ms iter=1383 WAIST cost=57.0000 best_alt=51.0000 gap=6.0000 tried=5 sep_labels=51 clique_frac=0.01
t=476507ms iter=1383 REBUILD reject new_tc=61.3387 (was 60.1051)
t=476663ms iter=1383 incumb=60.1051 ratchet=60.2289 best=60.1051 since_improve=1110
t=476672ms iter=1384 WAIST cost=57.0000 best_alt=52.0000 gap=5.0000 tried=5 sep_labels=52 clique_frac=0.01
t=476846ms iter=1384 REBUILD reject new_tc=66.3499 (was 60.1051)
t=477002ms iter=1384 incumb=60.1051 ratchet=60.2774 best=60.1051 since_improve=1111
t=477012ms iter=1385 WAIST cost=57.0000 best_alt=52.0000 gap=5.0000 tried=5 sep_labels=52 clique_frac=0.01
t=477192ms iter=1385 REBUILD reject new_tc=61.4055 (was 60.1051)
t=477349ms iter=1385 incumb=60.1051 ratchet=60.1253 best=60.1051 since_improve=1112
t=477358ms iter=1386 WAIST cost=57.0000 best_alt=51.0000 gap=6.0000 tried=5 sep_labels=51 clique_frac=0.01
t=477529ms iter=1386 REBUILD reject new_tc=60.8328 (was 60.1051)
t=477685ms iter=1386 incumb=60.1051 ratchet=60.2311 best=60.1051 since_improve=1113
t=477695ms iter=1387 WAIST cost=57.0000 best_alt=52.0000 gap=5.0000 tried=5 sep_labels=52 clique_frac=0.01
t=477875ms iter=1387 REBUILD reject new_tc=60.9402 (was 60.1051)
t=478034ms iter=1387 incumb=60.1051 ratchet=60.3794 best=60.1051 since_improve=1114
t=478042ms iter=1388 WAIST cost=57.0000 best_alt=52.0000 gap=5.0000 tried=5 sep_labels=52 clique_frac=0.01
t=478214ms iter=1388 REBUILD reject new_tc=61.0743 (was 60.1051)
t=478370ms iter=1388 incumb=60.1051 ratchet=60.1910 best=60.1051 since_improve=1115
t=478378ms iter=1389 WAIST cost=57.0000 best_alt=52.0000 gap=5.0000 tried=5 sep_labels=52 clique_frac=0.01
t=478548ms iter=1389 REBUILD reject new_tc=61.4933 (was 60.1051)
t=478706ms iter=1389 incumb=60.1051 ratchet=60.7084 best=60.1051 since_improve=1116
t=478716ms iter=1390 WAIST cost=57.0000 best_alt=51.0000 gap=6.0000 tried=5 sep_labels=51 clique_frac=0.01
t=478870ms iter=1390 REBUILD reject new_tc=61.5481 (was 60.1051)
t=479028ms iter=1390 incumb=60.1051 ratchet=60.4953 best=60.1051 since_improve=1117
t=479038ms iter=1391 WAIST cost=57.0000 best_alt=52.0000 gap=5.0000 tried=5 sep_labels=52 clique_frac=0.01
t=479217ms iter=1391 REBUILD reject new_tc=60.5604 (was 60.1051)
t=479377ms iter=1391 incumb=60.1051 ratchet=60.6145 best=60.1051 since_improve=1118
t=479385ms iter=1392 WAIST cost=57.0000 best_alt=52.0000 gap=5.0000 tried=5 sep_labels=52 clique_frac=0.01
t=479563ms iter=1392 REBUILD reject new_tc=60.4131 (was 60.1051)
t=479716ms iter=1392 incumb=60.1051 ratchet=60.3947 best=60.1051 since_improve=1119
t=479725ms iter=1393 WAIST cost=57.0000 best_alt=52.0000 gap=5.0000 tried=5 sep_labels=52 clique_frac=0.01
t=479890ms iter=1393 REBUILD reject new_tc=60.8309 (was 60.1051)
t=480043ms iter=1393 incumb=60.1051 ratchet=60.1792 best=60.1051 since_improve=1120
t=480050ms iter=1394 WAIST cost=57.0000 best_alt=52.0000 gap=5.0000 tried=5 sep_labels=52 clique_frac=0.01
t=480217ms iter=1394 REBUILD reject new_tc=65.5362 (was 60.1051)
t=480372ms iter=1394 incumb=60.1051 ratchet=60.1550 best=60.1051 since_improve=1121
t=480381ms iter=1395 WAIST cost=57.0000 best_alt=49.0000 gap=8.0000 tried=5 sep_labels=49 clique_frac=0.01
t=480533ms iter=1395 REBUILD reject new_tc=60.5487 (was 60.1051)
t=480691ms iter=1395 incumb=60.1051 ratchet=60.2361 best=60.1051 since_improve=1122
t=480700ms iter=1396 WAIST cost=57.0000 best_alt=52.0000 gap=5.0000 tried=5 sep_labels=52 clique_frac=0.01
t=480868ms iter=1396 REBUILD reject new_tc=60.7206 (was 60.1051)
t=481024ms iter=1396 incumb=60.1051 ratchet=60.3773 best=60.1051 since_improve=1123
t=481033ms iter=1397 WAIST cost=57.0000 best_alt=52.0000 gap=5.0000 tried=5 sep_labels=52 clique_frac=0.01
t=481197ms iter=1397 REBUILD reject new_tc=73.0009 (was 60.1051)
t=481352ms iter=1397 incumb=60.1051 ratchet=60.4751 best=60.1051 since_improve=1124
t=481360ms iter=1398 WAIST cost=57.0000 best_alt=52.0000 gap=5.0000 tried=5 sep_labels=52 clique_frac=0.01
t=481532ms iter=1398 REBUILD reject new_tc=62.8257 (was 60.1051)
t=481687ms iter=1398 incumb=60.1051 ratchet=60.2178 best=60.1051 since_improve=1125
t=481695ms iter=1399 WAIST cost=57.0000 best_alt=50.0000 gap=7.0000 tried=5 sep_labels=50 clique_frac=0.01
t=481852ms iter=1399 REBUILD reject new_tc=61.5378 (was 60.1051)
t=482015ms iter=1399 incumb=60.1051 ratchet=60.3885 best=60.1051 since_improve=1126
t=482025ms iter=1400 WAIST cost=57.0000 best_alt=51.0000 gap=6.0000 tried=5 sep_labels=51 clique_frac=0.01
t=482196ms iter=1400 REBUILD reject new_tc=65.3049 (was 60.1051)
t=482351ms iter=1400 incumb=60.1051 ratchet=60.4335 best=60.1051 since_improve=1127
t=482360ms iter=1401 WAIST cost=57.0000 best_alt=51.0000 gap=6.0000 tried=5 sep_labels=51 clique_frac=0.01
t=482509ms iter=1401 REBUILD reject new_tc=61.4377 (was 60.1051)
t=482667ms iter=1401 incumb=60.1051 ratchet=60.3651 best=60.1051 since_improve=1128
t=482675ms iter=1402 WAIST cost=57.0000 best_alt=52.0000 gap=5.0000 tried=5 sep_labels=52 clique_frac=0.01
t=482852ms iter=1402 REBUILD reject new_tc=60.8807 (was 60.1051)
t=483012ms iter=1402 incumb=60.1051 ratchet=60.2920 best=60.1051 since_improve=1129
t=483019ms iter=1403 WAIST cost=57.0000 best_alt=52.0000 gap=5.0000 tried=5 sep_labels=52 clique_frac=0.01
t=483190ms iter=1403 REBUILD reject new_tc=61.0001 (was 60.1051)
t=483343ms iter=1403 incumb=60.1051 ratchet=60.1525 best=60.1051 since_improve=1130
t=483351ms iter=1404 WAIST cost=57.0000 best_alt=50.0000 gap=7.0000 tried=5 sep_labels=50 clique_frac=0.01
t=483501ms iter=1404 REBUILD reject new_tc=61.1492 (was 60.1051)
t=483656ms iter=1404 incumb=60.1051 ratchet=60.2178 best=60.1051 since_improve=1131
t=483666ms iter=1405 WAIST cost=57.0000 best_alt=50.0000 gap=7.0000 tried=5 sep_labels=50 clique_frac=0.01
t=483824ms iter=1405 REBUILD reject new_tc=61.7698 (was 60.1051)
t=483986ms iter=1405 incumb=60.1051 ratchet=60.3091 best=60.1051 since_improve=1132
t=483995ms iter=1406 WAIST cost=57.0000 best_alt=50.0000 gap=7.0000 tried=5 sep_labels=50 clique_frac=0.01
t=484132ms iter=1406 REBUILD reject new_tc=77.0001 (was 60.1051)
t=484293ms iter=1406 incumb=60.1051 ratchet=60.4329 best=60.1051 since_improve=1133
t=484301ms iter=1407 WAIST cost=57.0000 best_alt=52.0000 gap=5.0000 tried=5 sep_labels=52 clique_frac=0.01
t=484468ms iter=1407 REBUILD reject new_tc=61.2087 (was 60.1051)
t=484624ms iter=1407 incumb=60.1051 ratchet=60.2341 best=60.1051 since_improve=1134
t=484632ms iter=1408 WAIST cost=57.0000 best_alt=52.0000 gap=5.0000 tried=5 sep_labels=52 clique_frac=0.01
t=484800ms iter=1408 REBUILD reject new_tc=71.0333 (was 60.1051)
t=484960ms iter=1408 incumb=60.1051 ratchet=60.1521 best=60.1051 since_improve=1135
t=484969ms iter=1409 WAIST cost=57.0000 best_alt=52.0000 gap=5.0000 tried=5 sep_labels=52 clique_frac=0.01
t=485144ms iter=1409 REBUILD reject new_tc=60.4675 (was 60.1051)
t=485300ms iter=1409 incumb=60.1051 ratchet=60.4231 best=60.1051 since_improve=1136
t=485308ms iter=1410 WAIST cost=57.0000 best_alt=50.0000 gap=7.0000 tried=5 sep_labels=50 clique_frac=0.01
t=485445ms iter=1410 REBUILD reject new_tc=72.0005 (was 60.1051)
t=485602ms iter=1410 incumb=60.1051 ratchet=60.4520 best=60.1051 since_improve=1137
t=485610ms iter=1411 WAIST cost=57.0000 best_alt=52.0000 gap=5.0000 tried=5 sep_labels=52 clique_frac=0.01
t=485772ms iter=1411 REBUILD reject new_tc=73.0002 (was 60.1051)
t=485926ms iter=1411 incumb=60.1051 ratchet=60.4687 best=60.1051 since_improve=1138
t=485933ms iter=1412 WAIST cost=57.0000 best_alt=52.0000 gap=5.0000 tried=5 sep_labels=52 clique_frac=0.01
t=486096ms iter=1412 REBUILD reject new_tc=67.6624 (was 60.1051)
t=486249ms iter=1412 incumb=60.1051 ratchet=60.3596 best=60.1051 since_improve=1139
t=486259ms iter=1413 WAIST cost=57.0000 best_alt=49.0000 gap=8.0000 tried=5 sep_labels=49 clique_frac=0.01
t=486419ms iter=1413 REBUILD reject new_tc=61.3096 (was 60.1051)
t=486580ms iter=1413 incumb=60.1051 ratchet=60.3503 best=60.1051 since_improve=1140
t=486588ms iter=1414 WAIST cost=57.0000 best_alt=52.0000 gap=5.0000 tried=5 sep_labels=52 clique_frac=0.01
t=486762ms iter=1414 REBUILD reject new_tc=60.7771 (was 60.1051)
t=486925ms iter=1414 incumb=60.1051 ratchet=60.3971 best=60.1051 since_improve=1141
t=486934ms iter=1415 WAIST cost=57.0000 best_alt=52.0000 gap=5.0000 tried=5 sep_labels=52 clique_frac=0.01
t=487104ms iter=1415 REBUILD reject new_tc=60.8821 (was 60.1051)
t=487260ms iter=1415 incumb=60.1051 ratchet=60.3459 best=60.1051 since_improve=1142
t=487268ms iter=1416 WAIST cost=57.0000 best_alt=51.0000 gap=6.0000 tried=5 sep_labels=51 clique_frac=0.01
t=487441ms iter=1416 REBUILD reject new_tc=60.5224 (was 60.1051)
t=487593ms iter=1416 incumb=60.1051 ratchet=60.2630 best=60.1051 since_improve=1143
t=487600ms iter=1417 WAIST cost=57.0000 best_alt=52.0000 gap=5.0000 tried=5 sep_labels=52 clique_frac=0.01
t=487771ms iter=1417 REBUILD reject new_tc=60.5592 (was 60.1051)
t=487925ms iter=1417 incumb=60.1051 ratchet=60.1988 best=60.1051 since_improve=1144
t=487934ms iter=1418 WAIST cost=57.0000 best_alt=52.0000 gap=5.0000 tried=5 sep_labels=52 clique_frac=0.01
t=488103ms iter=1418 REBUILD reject new_tc=60.7265 (was 60.1051)
t=488263ms iter=1418 incumb=60.1051 ratchet=60.2154 best=60.1051 since_improve=1145
t=488271ms iter=1419 WAIST cost=57.0000 best_alt=52.0000 gap=5.0000 tried=5 sep_labels=52 clique_frac=0.01
t=488440ms iter=1419 REBUILD reject new_tc=61.8068 (was 60.1051)
t=488598ms iter=1419 incumb=60.1051 ratchet=60.3206 best=60.1051 since_improve=1146
t=488605ms iter=1420 WAIST cost=57.0000 best_alt=52.0000 gap=5.0000 tried=5 sep_labels=52 clique_frac=0.01
t=488780ms iter=1420 REBUILD reject new_tc=60.8543 (was 60.1051)
t=488936ms iter=1420 incumb=60.1051 ratchet=60.5569 best=60.1051 since_improve=1147
t=488944ms iter=1421 WAIST cost=57.0000 best_alt=50.0000 gap=7.0000 tried=5 sep_labels=50 clique_frac=0.01
t=489098ms iter=1421 REBUILD reject new_tc=61.3420 (was 60.1051)
t=489254ms iter=1421 incumb=60.1051 ratchet=60.3162 best=60.1051 since_improve=1148
t=489261ms iter=1422 WAIST cost=57.0000 best_alt=52.0000 gap=5.0000 tried=5 sep_labels=52 clique_frac=0.01
t=489434ms iter=1422 REBUILD reject new_tc=68.4892 (was 60.1051)
t=489593ms iter=1422 incumb=60.1051 ratchet=60.1850 best=60.1051 since_improve=1149
t=489604ms iter=1423 WAIST cost=57.0000 best_alt=51.0000 gap=6.0000 tried=5 sep_labels=51 clique_frac=0.01
t=489761ms iter=1423 REBUILD reject new_tc=61.5676 (was 60.1051)
t=489919ms iter=1423 incumb=60.1051 ratchet=60.2467 best=60.1051 since_improve=1150
t=489930ms iter=1424 WAIST cost=57.0000 best_alt=51.0000 gap=6.0000 tried=5 sep_labels=51 clique_frac=0.01
t=490088ms iter=1424 REBUILD reject new_tc=60.8725 (was 60.1051)
t=490231ms iter=1424 incumb=60.1051 ratchet=60.9903 best=60.1051 since_improve=1151
t=490239ms iter=1425 WAIST cost=57.0000 best_alt=52.0000 gap=5.0000 tried=5 sep_labels=52 clique_frac=0.01
t=490414ms iter=1425 REBUILD reject new_tc=60.7395 (was 60.1051)
t=490573ms iter=1425 incumb=60.1051 ratchet=60.4653 best=60.1051 since_improve=1152
t=490581ms iter=1426 WAIST cost=57.0000 best_alt=51.0000 gap=6.0000 tried=5 sep_labels=51 clique_frac=0.01
t=490739ms iter=1426 REBUILD reject new_tc=61.1718 (was 60.1051)
t=490896ms iter=1426 incumb=60.1051 ratchet=60.3536 best=60.1051 since_improve=1153
t=490905ms iter=1427 WAIST cost=57.0000 best_alt=51.0000 gap=6.0000 tried=5 sep_labels=51 clique_frac=0.01
t=491079ms iter=1427 REBUILD reject new_tc=60.8615 (was 60.1051)
t=491237ms iter=1427 incumb=60.1051 ratchet=60.2025 best=60.1051 since_improve=1154
t=491246ms iter=1428 WAIST cost=57.0000 best_alt=52.0000 gap=5.0000 tried=5 sep_labels=52 clique_frac=0.01
t=491419ms iter=1428 REBUILD reject new_tc=60.4650 (was 60.1051)
t=491567ms iter=1428 incumb=60.1051 ratchet=60.3631 best=60.1051 since_improve=1155
t=491573ms iter=1429 WAIST cost=57.0000 best_alt=52.0000 gap=5.0000 tried=5 sep_labels=52 clique_frac=0.01
t=491748ms iter=1429 REBUILD reject new_tc=60.6822 (was 60.1051)
t=491903ms iter=1429 incumb=60.1051 ratchet=60.7127 best=60.1051 since_improve=1156
t=491911ms iter=1430 WAIST cost=57.0000 best_alt=52.0000 gap=5.0000 tried=5 sep_labels=52 clique_frac=0.01
t=492087ms iter=1430 REBUILD reject new_tc=60.7058 (was 60.1051)
t=492244ms iter=1430 incumb=60.1051 ratchet=60.4782 best=60.1051 since_improve=1157
t=492251ms iter=1431 WAIST cost=57.0000 best_alt=51.0000 gap=6.0000 tried=5 sep_labels=51 clique_frac=0.01
t=492425ms iter=1431 REBUILD reject new_tc=60.8462 (was 60.1051)
t=492578ms iter=1431 incumb=60.1051 ratchet=60.4712 best=60.1051 since_improve=1158
t=492589ms iter=1432 WAIST cost=57.0000 best_alt=52.0000 gap=5.0000 tried=5 sep_labels=52 clique_frac=0.01
t=492760ms iter=1432 REBUILD reject new_tc=61.1791 (was 60.1051)
t=492910ms iter=1432 incumb=60.1051 ratchet=60.1971 best=60.1051 since_improve=1159
t=492918ms iter=1433 WAIST cost=57.0000 best_alt=52.0000 gap=5.0000 tried=5 sep_labels=52 clique_frac=0.01
t=493090ms iter=1433 REBUILD reject new_tc=71.3756 (was 60.1051)
t=493249ms iter=1433 incumb=60.1051 ratchet=60.4106 best=60.1051 since_improve=1160
t=493257ms iter=1434 WAIST cost=57.0000 best_alt=49.0000 gap=8.0000 tried=5 sep_labels=49 clique_frac=0.01
t=493407ms iter=1434 REBUILD reject new_tc=61.4275 (was 60.1051)
t=493554ms iter=1434 incumb=60.1051 ratchet=60.4169 best=60.1051 since_improve=1161
t=493563ms iter=1435 WAIST cost=57.0000 best_alt=52.0000 gap=5.0000 tried=5 sep_labels=52 clique_frac=0.01
t=493722ms iter=1435 REBUILD reject new_tc=80.0000 (was 60.1051)
t=493877ms iter=1435 incumb=60.1051 ratchet=60.1571 best=60.1051 since_improve=1162
t=493885ms iter=1436 WAIST cost=57.0000 best_alt=51.0000 gap=6.0000 tried=5 sep_labels=51 clique_frac=0.01
t=494033ms iter=1436 REBUILD reject new_tc=61.2674 (was 60.1051)
t=494194ms iter=1436 incumb=60.1051 ratchet=60.1713 best=60.1051 since_improve=1163
t=494204ms iter=1437 WAIST cost=57.0000 best_alt=51.0000 gap=6.0000 tried=5 sep_labels=51 clique_frac=0.01
t=494375ms iter=1437 REBUILD reject new_tc=61.3127 (was 60.1051)
t=494529ms iter=1437 incumb=60.1051 ratchet=60.2802 best=60.1051 since_improve=1164
t=494538ms iter=1438 WAIST cost=57.0000 best_alt=52.0000 gap=5.0000 tried=5 sep_labels=52 clique_frac=0.01
t=494719ms iter=1438 REBUILD reject new_tc=64.4548 (was 60.1051)
t=494875ms iter=1438 incumb=60.1051 ratchet=60.3740 best=60.1051 since_improve=1165
t=494882ms iter=1439 WAIST cost=57.0000 best_alt=52.0000 gap=5.0000 tried=5 sep_labels=52 clique_frac=0.01
t=495055ms iter=1439 REBUILD reject new_tc=60.9797 (was 60.1051)
t=495211ms iter=1439 incumb=60.1051 ratchet=60.4012 best=60.1051 since_improve=1166
t=495220ms iter=1440 WAIST cost=57.0000 best_alt=51.0000 gap=6.0000 tried=5 sep_labels=51 clique_frac=0.01
t=495368ms iter=1440 REBUILD reject new_tc=61.5625 (was 60.1051)
t=495529ms iter=1440 incumb=60.1051 ratchet=60.1900 best=60.1051 since_improve=1167
t=495536ms iter=1441 WAIST cost=57.0000 best_alt=52.0000 gap=5.0000 tried=5 sep_labels=52 clique_frac=0.01
t=495711ms iter=1441 REBUILD reject new_tc=60.8037 (was 60.1051)
t=495866ms iter=1441 incumb=60.1051 ratchet=60.2270 best=60.1051 since_improve=1168
t=495875ms iter=1442 WAIST cost=57.0000 best_alt=52.0000 gap=5.0000 tried=5 sep_labels=52 clique_frac=0.01
t=496048ms iter=1442 REBUILD reject new_tc=60.9150 (was 60.1051)
t=496195ms iter=1442 incumb=60.1051 ratchet=60.2169 best=60.1051 since_improve=1169
t=496204ms iter=1443 WAIST cost=57.0000 best_alt=49.0000 gap=8.0000 tried=5 sep_labels=49 clique_frac=0.01
t=496354ms iter=1443 REBUILD reject new_tc=68.1274 (was 60.1051)
t=496515ms iter=1443 incumb=60.1051 ratchet=60.3431 best=60.1051 since_improve=1170
t=496524ms iter=1444 WAIST cost=57.0000 best_alt=52.0000 gap=5.0000 tried=5 sep_labels=52 clique_frac=0.01
t=496701ms iter=1444 REBUILD reject new_tc=60.5003 (was 60.1051)
t=496860ms iter=1444 incumb=60.1051 ratchet=60.1434 best=60.1051 since_improve=1171
t=496870ms iter=1445 WAIST cost=57.0000 best_alt=52.0000 gap=5.0000 tried=5 sep_labels=52 clique_frac=0.01
t=497045ms iter=1445 REBUILD reject new_tc=61.0005 (was 60.1051)
t=497203ms iter=1445 incumb=60.1051 ratchet=60.2235 best=60.1051 since_improve=1172
t=497212ms iter=1446 WAIST cost=57.0000 best_alt=52.0000 gap=5.0000 tried=5 sep_labels=52 clique_frac=0.01
t=497387ms iter=1446 REBUILD reject new_tc=60.6801 (was 60.1051)
t=497540ms iter=1446 incumb=60.1051 ratchet=60.3262 best=60.1051 since_improve=1173
t=497550ms iter=1447 WAIST cost=57.0000 best_alt=52.0000 gap=5.0000 tried=5 sep_labels=52 clique_frac=0.01
t=497723ms iter=1447 REBUILD reject new_tc=60.7244 (was 60.1051)
t=497878ms iter=1447 incumb=60.1051 ratchet=60.2749 best=60.1051 since_improve=1174
t=497885ms iter=1448 WAIST cost=57.0000 best_alt=52.0000 gap=5.0000 tried=5 sep_labels=52 clique_frac=0.01
t=498061ms iter=1448 REBUILD reject new_tc=62.4380 (was 60.1051)
t=498217ms iter=1448 incumb=60.1051 ratchet=61.3211 best=60.1051 since_improve=1175
t=498226ms iter=1449 WAIST cost=57.0000 best_alt=52.0000 gap=5.0000 tried=5 sep_labels=52 clique_frac=0.01
t=498399ms iter=1449 REBUILD reject new_tc=60.8551 (was 60.1051)
t=498557ms iter=1449 incumb=60.1051 ratchet=60.3091 best=60.1051 since_improve=1176
t=498566ms iter=1450 WAIST cost=57.0000 best_alt=50.0000 gap=7.0000 tried=5 sep_labels=50 clique_frac=0.01
t=498729ms iter=1450 REBUILD reject new_tc=61.5379 (was 60.1051)
t=498884ms iter=1450 incumb=60.1051 ratchet=60.2114 best=60.1051 since_improve=1177
t=498892ms iter=1451 WAIST cost=57.0000 best_alt=52.0000 gap=5.0000 tried=5 sep_labels=52 clique_frac=0.01
t=499059ms iter=1451 REBUILD reject new_tc=60.7795 (was 60.1051)
t=499212ms iter=1451 incumb=60.1051 ratchet=60.5766 best=60.1051 since_improve=1178
t=499219ms iter=1452 WAIST cost=57.0000 best_alt=52.0000 gap=5.0000 tried=5 sep_labels=52 clique_frac=0.01
t=499389ms iter=1452 REBUILD reject new_tc=66.6066 (was 60.1051)
t=499543ms iter=1452 incumb=60.1051 ratchet=60.1462 best=60.1051 since_improve=1179
t=499553ms iter=1453 WAIST cost=57.0000 best_alt=52.0000 gap=5.0000 tried=5 sep_labels=52 clique_frac=0.01
t=499724ms iter=1453 REBUILD reject new_tc=61.0567 (was 60.1051)
t=499885ms iter=1453 incumb=60.1051 ratchet=60.2330 best=60.1051 since_improve=1180
t=499894ms iter=1454 WAIST cost=57.0000 best_alt=52.0000 gap=5.0000 tried=5 sep_labels=52 clique_frac=0.01
t=500063ms iter=1454 REBUILD reject new_tc=65.0713 (was 60.1051)
t=500221ms iter=1454 incumb=60.1051 ratchet=60.6115 best=60.1051 since_improve=1181
t=500228ms iter=1455 WAIST cost=57.0000 best_alt=52.0000 gap=5.0000 tried=5 sep_labels=52 clique_frac=0.01
t=500397ms iter=1455 REBUILD reject new_tc=61.0212 (was 60.1051)
t=500555ms iter=1455 incumb=60.1051 ratchet=60.3309 best=60.1051 since_improve=1182
t=500564ms iter=1456 WAIST cost=57.0000 best_alt=52.0000 gap=5.0000 tried=5 sep_labels=52 clique_frac=0.01
t=500736ms iter=1456 REBUILD reject new_tc=60.6167 (was 60.1051)
t=500895ms iter=1456 incumb=60.1051 ratchet=60.1313 best=60.1051 since_improve=1183
t=500903ms iter=1457 WAIST cost=57.0000 best_alt=52.0000 gap=5.0000 tried=5 sep_labels=52 clique_frac=0.01
t=501064ms iter=1457 REBUILD reject new_tc=74.0002 (was 60.1051)
t=501219ms iter=1457 incumb=60.1051 ratchet=60.2844 best=60.1051 since_improve=1184
t=501226ms iter=1458 WAIST cost=57.0000 best_alt=52.0000 gap=5.0000 tried=5 sep_labels=52 clique_frac=0.01
t=501404ms iter=1458 REBUILD reject new_tc=60.8513 (was 60.1051)
t=501567ms iter=1458 incumb=60.1051 ratchet=60.5338 best=60.1051 since_improve=1185
t=501576ms iter=1459 WAIST cost=57.0000 best_alt=51.0000 gap=6.0000 tried=5 sep_labels=51 clique_frac=0.01
t=501745ms iter=1459 REBUILD reject new_tc=61.8740 (was 60.1051)
t=501897ms iter=1459 incumb=60.1051 ratchet=60.2514 best=60.1051 since_improve=1186
t=501906ms iter=1460 WAIST cost=57.0000 best_alt=52.0000 gap=5.0000 tried=5 sep_labels=52 clique_frac=0.01
t=502082ms iter=1460 REBUILD reject new_tc=61.0479 (was 60.1051)
t=502234ms iter=1460 incumb=60.1051 ratchet=60.1771 best=60.1051 since_improve=1187
t=502244ms iter=1461 WAIST cost=57.0000 best_alt=51.0000 gap=6.0000 tried=5 sep_labels=51 clique_frac=0.01
t=502414ms iter=1461 REBUILD reject new_tc=60.4899 (was 60.1051)
t=502573ms iter=1461 incumb=60.1051 ratchet=60.1705 best=60.1051 since_improve=1188
t=502580ms iter=1462 WAIST cost=57.0000 best_alt=52.0000 gap=5.0000 tried=5 sep_labels=52 clique_frac=0.01
t=502754ms iter=1462 REBUILD reject new_tc=60.7605 (was 60.1051)
t=502903ms iter=1462 incumb=60.1051 ratchet=60.4209 best=60.1051 since_improve=1189
t=502912ms iter=1463 WAIST cost=57.0000 best_alt=50.0000 gap=7.0000 tried=5 sep_labels=50 clique_frac=0.01
t=503065ms iter=1463 REBUILD reject new_tc=61.4539 (was 60.1051)
t=503229ms iter=1463 incumb=60.1051 ratchet=60.1720 best=60.1051 since_improve=1190
t=503236ms iter=1464 WAIST cost=57.0000 best_alt=52.0000 gap=5.0000 tried=5 sep_labels=52 clique_frac=0.01
t=503413ms iter=1464 REBUILD reject new_tc=61.5617 (was 60.1051)
t=503572ms iter=1464 incumb=60.1051 ratchet=60.1479 best=60.1051 since_improve=1191
t=503580ms iter=1465 WAIST cost=57.0000 best_alt=50.0000 gap=7.0000 tried=5 sep_labels=50 clique_frac=0.01
t=503727ms iter=1465 REBUILD reject new_tc=62.6906 (was 60.1051)
t=503881ms iter=1465 incumb=60.1051 ratchet=60.1453 best=60.1051 since_improve=1192
t=503891ms iter=1466 WAIST cost=57.0000 best_alt=49.0000 gap=8.0000 tried=5 sep_labels=49 clique_frac=0.01
t=504044ms iter=1466 REBUILD reject new_tc=66.6985 (was 60.1051)
t=504196ms iter=1466 incumb=60.1051 ratchet=60.8046 best=60.1051 since_improve=1193
t=504205ms iter=1467 WAIST cost=57.0000 best_alt=52.0000 gap=5.0000 tried=5 sep_labels=52 clique_frac=0.01
t=504380ms iter=1467 REBUILD reject new_tc=60.8593 (was 60.1051)
t=504540ms iter=1467 incumb=60.1051 ratchet=60.1863 best=60.1051 since_improve=1194
t=504548ms iter=1468 WAIST cost=57.0000 best_alt=52.0000 gap=5.0000 tried=5 sep_labels=52 clique_frac=0.01
t=504718ms iter=1468 REBUILD reject new_tc=60.8774 (was 60.1051)
t=504875ms iter=1468 incumb=60.1051 ratchet=60.1533 best=60.1051 since_improve=1195
t=504886ms iter=1469 WAIST cost=57.0000 best_alt=50.0000 gap=7.0000 tried=5 sep_labels=50 clique_frac=0.01
t=505034ms iter=1469 REBUILD reject new_tc=63.7350 (was 60.1051)
t=505199ms iter=1469 incumb=60.1051 ratchet=60.7047 best=60.1051 since_improve=1196
t=505206ms iter=1470 WAIST cost=57.0000 best_alt=52.0000 gap=5.0000 tried=5 sep_labels=52 clique_frac=0.01
t=505381ms iter=1470 REBUILD reject new_tc=60.9217 (was 60.1051)
t=505556ms iter=1470 incumb=60.1051 ratchet=60.8603 best=60.1051 since_improve=1197
t=505564ms iter=1471 WAIST cost=57.0000 best_alt=52.0000 gap=5.0000 tried=5 sep_labels=52 clique_frac=0.01
t=505737ms iter=1471 REBUILD reject new_tc=61.2118 (was 60.1051)
t=505894ms iter=1471 incumb=60.1051 ratchet=60.9805 best=60.1051 since_improve=1198
t=505903ms iter=1472 WAIST cost=57.0000 best_alt=52.0000 gap=5.0000 tried=5 sep_labels=52 clique_frac=0.01
t=506095ms iter=1472 REBUILD reject new_tc=61.1805 (was 60.1051)
t=506255ms iter=1472 incumb=60.1051 ratchet=60.4402 best=60.1051 since_improve=1199
t=506263ms iter=1473 WAIST cost=57.0000 best_alt=52.0000 gap=5.0000 tried=5 sep_labels=52 clique_frac=0.01
t=506434ms iter=1473 REBUILD reject new_tc=60.9956 (was 60.1051)
t=506581ms iter=1473 incumb=60.1051 ratchet=60.2320 best=60.1051 since_improve=1200
t=506589ms iter=1474 WAIST cost=57.0000 best_alt=52.0000 gap=5.0000 tried=5 sep_labels=52 clique_frac=0.01
t=506764ms iter=1474 REBUILD reject new_tc=61.0523 (was 60.1051)
t=506920ms iter=1474 incumb=60.1051 ratchet=60.4697 best=60.1051 since_improve=1201
t=506928ms iter=1475 WAIST cost=57.0000 best_alt=52.0000 gap=5.0000 tried=5 sep_labels=52 clique_frac=0.01
t=507093ms iter=1475 REBUILD reject new_tc=71.0009 (was 60.1051)
t=507252ms iter=1475 incumb=60.1051 ratchet=60.2377 best=60.1051 since_improve=1202
t=507262ms iter=1476 WAIST cost=57.0000 best_alt=50.0000 gap=7.0000 tried=5 sep_labels=50 clique_frac=0.01
t=507421ms iter=1476 REBUILD reject new_tc=61.4414 (was 60.1051)
t=507578ms iter=1476 incumb=60.1051 ratchet=60.3133 best=60.1051 since_improve=1203
t=507587ms iter=1477 WAIST cost=57.0000 best_alt=52.0000 gap=5.0000 tried=5 sep_labels=52 clique_frac=0.01
t=507760ms iter=1477 REBUILD reject new_tc=60.8813 (was 60.1051)
t=507919ms iter=1477 incumb=60.1051 ratchet=60.2474 best=60.1051 since_improve=1204
t=507927ms iter=1478 WAIST cost=57.0000 best_alt=52.0000 gap=5.0000 tried=5 sep_labels=52 clique_frac=0.01
t=508101ms iter=1478 REBUILD reject new_tc=60.3895 (was 60.1051)
t=508250ms iter=1478 incumb=60.1051 ratchet=60.3197 best=60.1051 since_improve=1205
t=508259ms iter=1479 WAIST cost=57.0000 best_alt=49.0000 gap=8.0000 tried=5 sep_labels=49 clique_frac=0.01
t=508408ms iter=1479 REBUILD reject new_tc=63.4581 (was 60.1051)
t=508566ms iter=1479 incumb=60.1051 ratchet=60.3002 best=60.1051 since_improve=1206
t=508574ms iter=1480 WAIST cost=57.0000 best_alt=51.0000 gap=6.0000 tried=5 sep_labels=51 clique_frac=0.01
t=508745ms iter=1480 REBUILD reject new_tc=61.1417 (was 60.1051)
t=508898ms iter=1480 incumb=60.1051 ratchet=60.4633 best=60.1051 since_improve=1207
t=508907ms iter=1481 WAIST cost=57.0000 best_alt=52.0000 gap=5.0000 tried=5 sep_labels=52 clique_frac=0.01
t=509078ms iter=1481 REBUILD reject new_tc=66.2695 (was 60.1051)
t=509236ms iter=1481 incumb=60.1051 ratchet=60.2632 best=60.1051 since_improve=1208
t=509245ms iter=1482 WAIST cost=57.0000 best_alt=52.0000 gap=5.0000 tried=5 sep_labels=52 clique_frac=0.01
t=509405ms iter=1482 REBUILD reject new_tc=77.0005 (was 60.1051)
t=509559ms iter=1482 incumb=60.1051 ratchet=60.2141 best=60.1051 since_improve=1209
t=509570ms iter=1483 WAIST cost=57.0000 best_alt=49.0000 gap=8.0000 tried=5 sep_labels=49 clique_frac=0.01
t=509732ms iter=1483 REBUILD reject new_tc=61.6551 (was 60.1051)
t=509887ms iter=1483 incumb=60.1051 ratchet=60.4233 best=60.1051 since_improve=1210
t=509894ms iter=1484 WAIST cost=57.0000 best_alt=52.0000 gap=5.0000 tried=5 sep_labels=52 clique_frac=0.01
t=510064ms iter=1484 REBUILD reject new_tc=60.7566 (was 60.1051)
t=510225ms iter=1484 incumb=60.1051 ratchet=60.1510 best=60.1051 since_improve=1211
t=510235ms iter=1485 WAIST cost=57.0000 best_alt=51.0000 gap=6.0000 tried=5 sep_labels=51 clique_frac=0.01
t=510409ms iter=1485 REBUILD reject new_tc=61.3649 (was 60.1051)
t=510563ms iter=1485 incumb=60.1051 ratchet=60.2198 best=60.1051 since_improve=1212
t=510573ms iter=1486 WAIST cost=57.0000 best_alt=51.0000 gap=6.0000 tried=5 sep_labels=51 clique_frac=0.01
t=510725ms iter=1486 REBUILD reject new_tc=62.3906 (was 60.1051)
t=510877ms iter=1486 incumb=60.1051 ratchet=60.1518 best=60.1051 since_improve=1213
t=510887ms iter=1487 WAIST cost=57.0000 best_alt=51.0000 gap=6.0000 tried=5 sep_labels=51 clique_frac=0.01
t=511045ms iter=1487 REBUILD reject new_tc=61.5703 (was 60.1051)
t=511196ms iter=1487 incumb=60.1051 ratchet=60.2207 best=60.1051 since_improve=1214
t=511205ms iter=1488 WAIST cost=57.0000 best_alt=49.0000 gap=8.0000 tried=5 sep_labels=49 clique_frac=0.01
t=511341ms iter=1488 REBUILD reject new_tc=77.0000 (was 60.1051)
t=511505ms iter=1488 incumb=60.1051 ratchet=60.3674 best=60.1051 since_improve=1215
t=511513ms iter=1489 WAIST cost=57.0000 best_alt=51.0000 gap=6.0000 tried=5 sep_labels=51 clique_frac=0.01
t=511661ms iter=1489 REBUILD reject new_tc=61.5271 (was 60.1051)
t=511817ms iter=1489 incumb=60.1051 ratchet=60.4583 best=60.1051 since_improve=1216
t=511825ms iter=1490 WAIST cost=57.0000 best_alt=51.0000 gap=6.0000 tried=5 sep_labels=51 clique_frac=0.01
t=511981ms iter=1490 REBUILD reject new_tc=61.4766 (was 60.1051)
t=512140ms iter=1490 incumb=60.1051 ratchet=60.3735 best=60.1051 since_improve=1217
t=512147ms iter=1491 WAIST cost=57.0000 best_alt=52.0000 gap=5.0000 tried=5 sep_labels=52 clique_frac=0.01
t=512327ms iter=1491 REBUILD reject new_tc=61.1787 (was 60.1051)
t=512485ms iter=1491 incumb=60.1051 ratchet=60.4588 best=60.1051 since_improve=1218
t=512492ms iter=1492 WAIST cost=57.0000 best_alt=52.0000 gap=5.0000 tried=5 sep_labels=52 clique_frac=0.01
t=512661ms iter=1492 REBUILD reject new_tc=61.0756 (was 60.1051)
t=512814ms iter=1492 incumb=60.1051 ratchet=60.3349 best=60.1051 since_improve=1219
t=512824ms iter=1493 WAIST cost=57.0000 best_alt=52.0000 gap=5.0000 tried=5 sep_labels=52 clique_frac=0.01
t=513001ms iter=1493 REBUILD reject new_tc=60.8561 (was 60.1051)
t=513159ms iter=1493 incumb=60.1051 ratchet=60.1824 best=60.1051 since_improve=1220
t=513168ms iter=1494 WAIST cost=57.0000 best_alt=52.0000 gap=5.0000 tried=5 sep_labels=52 clique_frac=0.01
t=513340ms iter=1494 REBUILD reject new_tc=61.6945 (was 60.1051)
t=513498ms iter=1494 incumb=60.1051 ratchet=60.3379 best=60.1051 since_improve=1221
t=513507ms iter=1495 WAIST cost=57.0000 best_alt=52.0000 gap=5.0000 tried=5 sep_labels=52 clique_frac=0.01
t=513679ms iter=1495 REBUILD reject new_tc=65.6845 (was 60.1051)
t=513834ms iter=1495 incumb=60.1051 ratchet=60.3066 best=60.1051 since_improve=1222
t=513841ms iter=1496 WAIST cost=57.0000 best_alt=52.0000 gap=5.0000 tried=5 sep_labels=52 clique_frac=0.01
t=514017ms iter=1496 REBUILD reject new_tc=61.0230 (was 60.1051)
t=514176ms iter=1496 incumb=60.1051 ratchet=60.2885 best=60.1051 since_improve=1223
t=514184ms iter=1497 WAIST cost=57.0000 best_alt=50.0000 gap=7.0000 tried=5 sep_labels=50 clique_frac=0.01
t=514334ms iter=1497 REBUILD reject new_tc=66.1996 (was 60.1051)
t=514493ms iter=1497 incumb=60.1051 ratchet=60.1750 best=60.1051 since_improve=1224
t=514500ms iter=1498 WAIST cost=57.0000 best_alt=51.0000 gap=6.0000 tried=5 sep_labels=51 clique_frac=0.01
t=514657ms iter=1498 REBUILD reject new_tc=61.0149 (was 60.1051)
t=514800ms iter=1498 incumb=60.1051 ratchet=60.2518 best=60.1051 since_improve=1225
t=514807ms iter=1499 WAIST cost=57.0000 best_alt=52.0000 gap=5.0000 tried=5 sep_labels=52 clique_frac=0.01
t=514978ms iter=1499 REBUILD reject new_tc=61.0875 (was 60.1051)
t=515135ms iter=1499 incumb=60.1051 ratchet=60.2116 best=60.1051 since_improve=1226
t=515142ms iter=1500 WAIST cost=57.0000 best_alt=52.0000 gap=5.0000 tried=5 sep_labels=52 clique_frac=0.01
t=515310ms iter=1500 REBUILD reject new_tc=62.1103 (was 60.1051)
t=515460ms iter=1500 incumb=60.1051 ratchet=60.3275 best=60.1051 since_improve=1227
t=515469ms iter=1501 WAIST cost=57.0000 best_alt=51.0000 gap=6.0000 tried=5 sep_labels=51 clique_frac=0.01
t=515636ms iter=1501 REBUILD reject new_tc=61.2211 (was 60.1051)
t=515785ms iter=1501 incumb=60.1051 ratchet=60.3161 best=60.1051 since_improve=1228
t=515792ms iter=1502 WAIST cost=57.0000 best_alt=52.0000 gap=5.0000 tried=5 sep_labels=52 clique_frac=0.01
t=515960ms iter=1502 REBUILD reject new_tc=60.7983 (was 60.1051)
t=516117ms iter=1502 incumb=60.1051 ratchet=60.6536 best=60.1051 since_improve=1229
t=516124ms iter=1503 WAIST cost=57.0000 best_alt=52.0000 gap=5.0000 tried=5 sep_labels=52 clique_frac=0.01
t=516296ms iter=1503 REBUILD reject new_tc=61.3797 (was 60.1051)
t=516453ms iter=1503 incumb=60.1051 ratchet=60.4932 best=60.1051 since_improve=1230
t=516462ms iter=1504 WAIST cost=57.0000 best_alt=49.0000 gap=8.0000 tried=5 sep_labels=49 clique_frac=0.01
t=516617ms iter=1504 REBUILD reject new_tc=60.7429 (was 60.1051)
t=516773ms iter=1504 incumb=60.1051 ratchet=60.1911 best=60.1051 since_improve=1231
t=516780ms iter=1505 WAIST cost=57.0000 best_alt=52.0000 gap=5.0000 tried=5 sep_labels=52 clique_frac=0.01
t=516967ms iter=1505 REBUILD reject new_tc=60.6404 (was 60.1051)
t=517124ms iter=1505 incumb=60.1051 ratchet=60.2440 best=60.1051 since_improve=1232
t=517134ms iter=1506 WAIST cost=57.0000 best_alt=52.0000 gap=5.0000 tried=5 sep_labels=52 clique_frac=0.01
t=517304ms iter=1506 REBUILD reject new_tc=60.8922 (was 60.1051)
t=517461ms iter=1506 incumb=60.1051 ratchet=60.1517 best=60.1051 since_improve=1233
t=517468ms iter=1507 WAIST cost=57.0000 best_alt=52.0000 gap=5.0000 tried=5 sep_labels=52 clique_frac=0.01
t=517641ms iter=1507 REBUILD reject new_tc=62.5822 (was 60.1051)
t=517796ms iter=1507 incumb=60.1051 ratchet=60.1399 best=60.1051 since_improve=1234
t=517806ms iter=1508 WAIST cost=57.0000 best_alt=52.0000 gap=5.0000 tried=5 sep_labels=52 clique_frac=0.01
t=517978ms iter=1508 REBUILD reject new_tc=60.4058 (was 60.1051)
t=518134ms iter=1508 incumb=60.1051 ratchet=60.3587 best=60.1051 since_improve=1235
t=518142ms iter=1509 WAIST cost=57.0000 best_alt=51.0000 gap=6.0000 tried=5 sep_labels=51 clique_frac=0.01
t=518299ms iter=1509 REBUILD reject new_tc=61.4368 (was 60.1051)
t=518454ms iter=1509 incumb=60.1051 ratchet=60.2296 best=60.1051 since_improve=1236
t=518464ms iter=1510 WAIST cost=57.0000 best_alt=51.0000 gap=6.0000 tried=5 sep_labels=51 clique_frac=0.01
t=518618ms iter=1510 REBUILD reject new_tc=63.8202 (was 60.1051)
t=518772ms iter=1510 incumb=60.1051 ratchet=60.2467 best=60.1051 since_improve=1237
t=518780ms iter=1511 WAIST cost=57.0000 best_alt=52.0000 gap=5.0000 tried=5 sep_labels=52 clique_frac=0.01
t=518951ms iter=1511 REBUILD reject new_tc=60.4818 (was 60.1051)
t=519115ms iter=1511 incumb=60.1051 ratchet=60.3101 best=60.1051 since_improve=1238
t=519122ms iter=1512 WAIST cost=57.0000 best_alt=52.0000 gap=5.0000 tried=5 sep_labels=52 clique_frac=0.01
t=519294ms iter=1512 REBUILD reject new_tc=60.8496 (was 60.1051)
t=519442ms iter=1512 incumb=60.1051 ratchet=60.4273 best=60.1051 since_improve=1239
t=519450ms iter=1513 WAIST cost=57.0000 best_alt=52.0000 gap=5.0000 tried=5 sep_labels=52 clique_frac=0.01
t=519628ms iter=1513 REBUILD reject new_tc=61.2077 (was 60.1051)
t=519786ms iter=1513 incumb=60.1051 ratchet=60.2087 best=60.1051 since_improve=1240
t=519794ms iter=1514 WAIST cost=57.0000 best_alt=52.0000 gap=5.0000 tried=5 sep_labels=52 clique_frac=0.01
t=519965ms iter=1514 REBUILD reject new_tc=65.0301 (was 60.1051)
t=520122ms iter=1514 incumb=60.1051 ratchet=60.6477 best=60.1051 since_improve=1241
t=520131ms iter=1515 WAIST cost=57.0000 best_alt=52.0000 gap=5.0000 tried=5 sep_labels=52 clique_frac=0.01
t=520309ms iter=1515 REBUILD reject new_tc=61.0814 (was 60.1051)
t=520463ms iter=1515 incumb=60.1051 ratchet=60.3002 best=60.1051 since_improve=1242
t=520470ms iter=1516 WAIST cost=57.0000 best_alt=52.0000 gap=5.0000 tried=5 sep_labels=52 clique_frac=0.01
t=520646ms iter=1516 REBUILD reject new_tc=60.8328 (was 60.1051)
t=520798ms iter=1516 incumb=60.1051 ratchet=60.1665 best=60.1051 since_improve=1243
t=520806ms iter=1517 WAIST cost=57.0000 best_alt=51.0000 gap=6.0000 tried=5 sep_labels=51 clique_frac=0.01
t=520980ms iter=1517 REBUILD reject new_tc=64.6615 (was 60.1051)
t=521140ms iter=1517 incumb=60.1051 ratchet=60.4357 best=60.1051 since_improve=1244
t=521148ms iter=1518 WAIST cost=57.0000 best_alt=51.0000 gap=6.0000 tried=5 sep_labels=51 clique_frac=0.01
t=521307ms iter=1518 REBUILD reject new_tc=69.7794 (was 60.1051)
t=521467ms iter=1518 incumb=60.1051 ratchet=60.3887 best=60.1051 since_improve=1245
t=521474ms iter=1519 WAIST cost=57.0000 best_alt=52.0000 gap=5.0000 tried=5 sep_labels=52 clique_frac=0.01
t=521650ms iter=1519 REBUILD reject new_tc=61.0632 (was 60.1051)
t=521808ms iter=1519 incumb=60.1051 ratchet=60.3141 best=60.1051 since_improve=1246
t=521816ms iter=1520 WAIST cost=57.0000 best_alt=52.0000 gap=5.0000 tried=5 sep_labels=52 clique_frac=0.01
t=521989ms iter=1520 REBUILD reject new_tc=60.8433 (was 60.1051)
t=522142ms iter=1520 incumb=60.1051 ratchet=60.3181 best=60.1051 since_improve=1247
t=522148ms iter=1521 WAIST cost=57.0000 best_alt=52.0000 gap=5.0000 tried=5 sep_labels=52 clique_frac=0.01
t=522331ms iter=1521 REBUILD reject new_tc=61.0398 (was 60.1051)
t=522488ms iter=1521 incumb=60.1051 ratchet=60.1834 best=60.1051 since_improve=1248
t=522497ms iter=1522 WAIST cost=57.0000 best_alt=49.0000 gap=8.0000 tried=5 sep_labels=49 clique_frac=0.01
t=522646ms iter=1522 REBUILD reject new_tc=61.2241 (was 60.1051)
t=522800ms iter=1522 incumb=60.1051 ratchet=60.2934 best=60.1051 since_improve=1249
t=522808ms iter=1523 WAIST cost=57.0000 best_alt=52.0000 gap=5.0000 tried=5 sep_labels=52 clique_frac=0.01
t=522984ms iter=1523 REBUILD reject new_tc=61.0548 (was 60.1051)
t=523141ms iter=1523 incumb=60.1051 ratchet=60.3005 best=60.1051 since_improve=1250
t=523151ms iter=1524 WAIST cost=57.0000 best_alt=49.0000 gap=8.0000 tried=5 sep_labels=49 clique_frac=0.01
t=523299ms iter=1524 REBUILD reject new_tc=64.2600 (was 60.1051)
t=523456ms iter=1524 incumb=60.1051 ratchet=60.3467 best=60.1051 since_improve=1251
t=523466ms iter=1525 WAIST cost=57.0000 best_alt=52.0000 gap=5.0000 tried=5 sep_labels=52 clique_frac=0.01
t=523642ms iter=1525 REBUILD reject new_tc=60.7358 (was 60.1051)
t=523794ms iter=1525 incumb=60.1051 ratchet=60.1324 best=60.1051 since_improve=1252
t=523802ms iter=1526 WAIST cost=57.0000 best_alt=52.0000 gap=5.0000 tried=5 sep_labels=52 clique_frac=0.01
t=523979ms iter=1526 REBUILD reject new_tc=62.2402 (was 60.1051)
t=524140ms iter=1526 incumb=60.1051 ratchet=60.3532 best=60.1051 since_improve=1253
t=524147ms iter=1527 WAIST cost=57.0000 best_alt=52.0000 gap=5.0000 tried=5 sep_labels=52 clique_frac=0.01
t=524326ms iter=1527 REBUILD reject new_tc=60.7764 (was 60.1051)
t=524480ms iter=1527 incumb=60.1051 ratchet=60.2945 best=60.1051 since_improve=1254
t=524490ms iter=1528 WAIST cost=57.0000 best_alt=50.0000 gap=7.0000 tried=5 sep_labels=50 clique_frac=0.01
t=524643ms iter=1528 REBUILD reject new_tc=61.7239 (was 60.1051)
t=524798ms iter=1528 incumb=60.1051 ratchet=60.2090 best=60.1051 since_improve=1255
t=524807ms iter=1529 WAIST cost=57.0000 best_alt=52.0000 gap=5.0000 tried=5 sep_labels=52 clique_frac=0.01
t=524978ms iter=1529 REBUILD reject new_tc=60.6962 (was 60.1051)
t=525127ms iter=1529 incumb=60.1051 ratchet=60.3868 best=60.1051 since_improve=1256
t=525137ms iter=1530 WAIST cost=57.0000 best_alt=49.0000 gap=8.0000 tried=5 sep_labels=49 clique_frac=0.01
t=525290ms iter=1530 REBUILD reject new_tc=61.4670 (was 60.1051)
t=525448ms iter=1530 incumb=60.1051 ratchet=60.1511 best=60.1051 since_improve=1257
t=525456ms iter=1531 WAIST cost=57.0000 best_alt=52.0000 gap=5.0000 tried=5 sep_labels=52 clique_frac=0.01
t=525621ms iter=1531 REBUILD reject new_tc=68.0127 (was 60.1051)
t=525780ms iter=1531 incumb=60.1051 ratchet=60.2282 best=60.1051 since_improve=1258
t=525790ms iter=1532 WAIST cost=57.0000 best_alt=51.0000 gap=6.0000 tried=5 sep_labels=51 clique_frac=0.01
t=525936ms iter=1532 REBUILD reject new_tc=67.0288 (was 60.1051)
t=526090ms iter=1532 incumb=60.1051 ratchet=60.2425 best=60.1051 since_improve=1259
t=526100ms iter=1533 WAIST cost=57.0000 best_alt=52.0000 gap=5.0000 tried=5 sep_labels=52 clique_frac=0.01
t=526260ms iter=1533 REBUILD reject new_tc=71.0018 (was 60.1051)
t=526413ms iter=1533 incumb=60.1051 ratchet=60.2184 best=60.1051 since_improve=1260
t=526421ms iter=1534 WAIST cost=57.0000 best_alt=52.0000 gap=5.0000 tried=5 sep_labels=52 clique_frac=0.01
t=526586ms iter=1534 REBUILD reject new_tc=60.8240 (was 60.1051)
t=526734ms iter=1534 incumb=60.1051 ratchet=60.2986 best=60.1051 since_improve=1261
t=526743ms iter=1535 WAIST cost=57.0000 best_alt=52.0000 gap=5.0000 tried=5 sep_labels=52 clique_frac=0.01
t=526918ms iter=1535 REBUILD reject new_tc=60.8183 (was 60.1051)
t=527076ms iter=1535 incumb=60.1051 ratchet=60.3288 best=60.1051 since_improve=1262
t=527084ms iter=1536 WAIST cost=57.0000 best_alt=52.0000 gap=5.0000 tried=5 sep_labels=52 clique_frac=0.01
t=527253ms iter=1536 REBUILD reject new_tc=64.7030 (was 60.1051)
t=527410ms iter=1536 incumb=60.1051 ratchet=60.2512 best=60.1051 since_improve=1263
t=527417ms iter=1537 WAIST cost=57.0000 best_alt=52.0000 gap=5.0000 tried=5 sep_labels=52 clique_frac=0.01
t=527589ms iter=1537 REBUILD reject new_tc=60.5068 (was 60.1051)
t=527749ms iter=1537 incumb=60.1051 ratchet=60.3816 best=60.1051 since_improve=1264
t=527758ms iter=1538 WAIST cost=57.0000 best_alt=50.0000 gap=7.0000 tried=5 sep_labels=50 clique_frac=0.01
t=527915ms iter=1538 REBUILD reject new_tc=61.0845 (was 60.1051)
t=528066ms iter=1538 incumb=60.1051 ratchet=60.2537 best=60.1051 since_improve=1265
t=528075ms iter=1539 WAIST cost=57.0000 best_alt=51.0000 gap=6.0000 tried=5 sep_labels=51 clique_frac=0.01
t=528219ms iter=1539 REBUILD reject new_tc=71.0015 (was 60.1051)
t=528380ms iter=1539 incumb=60.1051 ratchet=60.2161 best=60.1051 since_improve=1266
t=528388ms iter=1540 WAIST cost=57.0000 best_alt=51.0000 gap=6.0000 tried=5 sep_labels=51 clique_frac=0.01
t=528557ms iter=1540 REBUILD reject new_tc=61.6137 (was 60.1051)
t=528718ms iter=1540 incumb=60.1051 ratchet=60.2057 best=60.1051 since_improve=1267
t=528729ms iter=1541 WAIST cost=57.0000 best_alt=51.0000 gap=6.0000 tried=5 sep_labels=51 clique_frac=0.01
t=528882ms iter=1541 REBUILD reject new_tc=61.6157 (was 60.1051)
t=529039ms iter=1541 incumb=60.1051 ratchet=60.1407 best=60.1051 since_improve=1268
t=529048ms iter=1542 WAIST cost=57.0000 best_alt=52.0000 gap=5.0000 tried=5 sep_labels=52 clique_frac=0.01
t=529220ms iter=1542 REBUILD reject new_tc=60.6027 (was 60.1051)
t=529368ms iter=1542 incumb=60.1051 ratchet=60.3983 best=60.1051 since_improve=1269
t=529376ms iter=1543 WAIST cost=57.0000 best_alt=51.0000 gap=6.0000 tried=5 sep_labels=51 clique_frac=0.01
t=529528ms iter=1543 REBUILD reject new_tc=61.2936 (was 60.1051)
t=529687ms iter=1543 incumb=60.1051 ratchet=60.4341 best=60.1051 since_improve=1270
t=529697ms iter=1544 WAIST cost=57.0000 best_alt=49.0000 gap=8.0000 tried=5 sep_labels=49 clique_frac=0.01
t=529849ms iter=1544 REBUILD reject new_tc=62.3362 (was 60.1051)
t=530002ms iter=1544 incumb=60.1051 ratchet=60.5234 best=60.1051 since_improve=1271
t=530012ms iter=1545 WAIST cost=57.0000 best_alt=52.0000 gap=5.0000 tried=5 sep_labels=52 clique_frac=0.01
t=530186ms iter=1545 REBUILD reject new_tc=60.8458 (was 60.1051)
t=530338ms iter=1545 incumb=60.1051 ratchet=60.1780 best=60.1051 since_improve=1272
t=530347ms iter=1546 WAIST cost=57.0000 best_alt=52.0000 gap=5.0000 tried=5 sep_labels=52 clique_frac=0.01
t=530521ms iter=1546 REBUILD reject new_tc=60.9112 (was 60.1051)
t=530677ms iter=1546 incumb=60.1051 ratchet=60.1931 best=60.1051 since_improve=1273
t=530685ms iter=1547 WAIST cost=57.0000 best_alt=51.0000 gap=6.0000 tried=5 sep_labels=51 clique_frac=0.01
t=530859ms iter=1547 REBUILD reject new_tc=61.6152 (was 60.1051)
t=531017ms iter=1547 incumb=60.1051 ratchet=60.1769 best=60.1051 since_improve=1274
t=531024ms iter=1548 WAIST cost=57.0000 best_alt=52.0000 gap=5.0000 tried=5 sep_labels=52 clique_frac=0.01
t=531198ms iter=1548 REBUILD reject new_tc=60.5673 (was 60.1051)
t=531361ms iter=1548 incumb=60.1051 ratchet=60.3434 best=60.1051 since_improve=1275
t=531368ms iter=1549 WAIST cost=57.0000 best_alt=52.0000 gap=5.0000 tried=5 sep_labels=52 clique_frac=0.01
t=531540ms iter=1549 REBUILD reject new_tc=60.7131 (was 60.1051)
t=531699ms iter=1549 incumb=60.1051 ratchet=60.1216 best=60.1051 since_improve=1276
t=531707ms iter=1550 WAIST cost=57.0000 best_alt=52.0000 gap=5.0000 tried=5 sep_labels=52 clique_frac=0.01
t=531876ms iter=1550 REBUILD reject new_tc=63.2579 (was 60.1051)
t=532033ms iter=1550 incumb=60.1051 ratchet=60.2444 best=60.1051 since_improve=1277
t=532044ms iter=1551 WAIST cost=57.0000 best_alt=52.0000 gap=5.0000 tried=5 sep_labels=52 clique_frac=0.01
t=532219ms iter=1551 REBUILD reject new_tc=60.4999 (was 60.1051)
t=532380ms iter=1551 incumb=60.1051 ratchet=60.2520 best=60.1051 since_improve=1278
t=532388ms iter=1552 WAIST cost=57.0000 best_alt=52.0000 gap=5.0000 tried=5 sep_labels=52 clique_frac=0.01
t=532559ms iter=1552 REBUILD reject new_tc=66.3399 (was 60.1051)
t=532713ms iter=1552 incumb=60.1051 ratchet=60.2820 best=60.1051 since_improve=1279
t=532721ms iter=1553 WAIST cost=57.0000 best_alt=52.0000 gap=5.0000 tried=5 sep_labels=52 clique_frac=0.01
t=532910ms iter=1553 REBUILD reject new_tc=61.1486 (was 60.1051)
t=533065ms iter=1553 incumb=60.1051 ratchet=60.2148 best=60.1051 since_improve=1280
t=533074ms iter=1554 WAIST cost=57.0000 best_alt=51.0000 gap=6.0000 tried=5 sep_labels=51 clique_frac=0.01
t=533234ms iter=1554 REBUILD reject new_tc=62.0336 (was 60.1051)
t=533390ms iter=1554 incumb=60.1051 ratchet=60.4122 best=60.1051 since_improve=1281
t=533398ms iter=1555 WAIST cost=57.0000 best_alt=49.0000 gap=8.0000 tried=5 sep_labels=49 clique_frac=0.01
t=533546ms iter=1555 REBUILD reject new_tc=61.3252 (was 60.1051)
t=533701ms iter=1555 incumb=60.1051 ratchet=60.1224 best=60.1051 since_improve=1282
t=533709ms iter=1556 WAIST cost=57.0000 best_alt=52.0000 gap=5.0000 tried=5 sep_labels=52 clique_frac=0.01
t=533884ms iter=1556 REBUILD reject new_tc=60.9626 (was 60.1051)
t=534042ms iter=1556 incumb=60.1051 ratchet=60.3214 best=60.1051 since_improve=1283
t=534048ms iter=1557 WAIST cost=57.0000 best_alt=51.0000 gap=6.0000 tried=5 sep_labels=51 clique_frac=0.01
t=534201ms iter=1557 REBUILD reject new_tc=61.6744 (was 60.1051)
t=534361ms iter=1557 incumb=60.1051 ratchet=60.4037 best=60.1051 since_improve=1284
t=534368ms iter=1558 WAIST cost=57.0000 best_alt=52.0000 gap=5.0000 tried=5 sep_labels=52 clique_frac=0.01
t=534537ms iter=1558 REBUILD reject new_tc=60.3254 (was 60.1051)
t=534693ms iter=1558 incumb=60.1051 ratchet=60.1564 best=60.1051 since_improve=1285
t=534701ms iter=1559 WAIST cost=57.0000 best_alt=52.0000 gap=5.0000 tried=5 sep_labels=52 clique_frac=0.01
t=534869ms iter=1559 REBUILD reject new_tc=60.7825 (was 60.1051)
t=535022ms iter=1559 incumb=60.1051 ratchet=60.2063 best=60.1051 since_improve=1286
t=535030ms iter=1560 WAIST cost=57.0000 best_alt=50.0000 gap=7.0000 tried=5 sep_labels=50 clique_frac=0.01
t=535181ms iter=1560 REBUILD reject new_tc=60.7951 (was 60.1051)
t=535339ms iter=1560 incumb=60.1051 ratchet=60.3229 best=60.1051 since_improve=1287
t=535347ms iter=1561 WAIST cost=57.0000 best_alt=51.0000 gap=6.0000 tried=5 sep_labels=51 clique_frac=0.01
t=535520ms iter=1561 REBUILD reject new_tc=63.8412 (was 60.1051)
t=535679ms iter=1561 incumb=60.1051 ratchet=60.2557 best=60.1051 since_improve=1288
t=535688ms iter=1562 WAIST cost=57.0000 best_alt=51.0000 gap=6.0000 tried=5 sep_labels=51 clique_frac=0.01
t=535834ms iter=1562 REBUILD reject new_tc=61.4203 (was 60.1051)
t=535991ms iter=1562 incumb=60.1051 ratchet=60.2480 best=60.1051 since_improve=1289
t=536000ms iter=1563 WAIST cost=57.0000 best_alt=52.0000 gap=5.0000 tried=5 sep_labels=52 clique_frac=0.01
t=536175ms iter=1563 REBUILD reject new_tc=60.5212 (was 60.1051)
t=536333ms iter=1563 incumb=60.1051 ratchet=60.2370 best=60.1051 since_improve=1290
t=536340ms iter=1564 WAIST cost=57.0000 best_alt=52.0000 gap=5.0000 tried=5 sep_labels=52 clique_frac=0.01
t=536515ms iter=1564 REBUILD reject new_tc=60.8139 (was 60.1051)
t=536672ms iter=1564 incumb=60.1051 ratchet=60.1966 best=60.1051 since_improve=1291
t=536679ms iter=1565 WAIST cost=57.0000 best_alt=51.0000 gap=6.0000 tried=5 sep_labels=51 clique_frac=0.01
t=536830ms iter=1565 REBUILD reject new_tc=65.1094 (was 60.1051)
t=536986ms iter=1565 incumb=60.1051 ratchet=60.1780 best=60.1051 since_improve=1292
t=536995ms iter=1566 WAIST cost=57.0000 best_alt=52.0000 gap=5.0000 tried=5 sep_labels=52 clique_frac=0.01
t=537161ms iter=1566 REBUILD reject new_tc=69.0060 (was 60.1051)
t=537317ms iter=1566 incumb=60.1051 ratchet=60.2791 best=60.1051 since_improve=1293
t=537326ms iter=1567 WAIST cost=57.0000 best_alt=51.0000 gap=6.0000 tried=5 sep_labels=51 clique_frac=0.01
t=537471ms iter=1567 REBUILD reject new_tc=68.2411 (was 60.1051)
t=537626ms iter=1567 incumb=60.1051 ratchet=60.1899 best=60.1051 since_improve=1294
t=537634ms iter=1568 WAIST cost=57.0000 best_alt=51.0000 gap=6.0000 tried=5 sep_labels=51 clique_frac=0.01
t=537784ms iter=1568 REBUILD reject new_tc=61.1775 (was 60.1051)
t=537944ms iter=1568 incumb=60.1051 ratchet=60.4126 best=60.1051 since_improve=1295
t=537953ms iter=1569 WAIST cost=57.0000 best_alt=49.0000 gap=8.0000 tried=5 sep_labels=49 clique_frac=0.01
t=538101ms iter=1569 REBUILD reject new_tc=61.5435 (was 60.1051)
t=538256ms iter=1569 incumb=60.1051 ratchet=60.3644 best=60.1051 since_improve=1296
t=538264ms iter=1570 WAIST cost=57.0000 best_alt=51.0000 gap=6.0000 tried=5 sep_labels=51 clique_frac=0.01
t=538415ms iter=1570 REBUILD reject new_tc=61.7613 (was 60.1051)
t=538569ms iter=1570 incumb=60.1051 ratchet=60.3130 best=60.1051 since_improve=1297
t=538576ms iter=1571 WAIST cost=57.0000 best_alt=52.0000 gap=5.0000 tried=5 sep_labels=52 clique_frac=0.01
t=538753ms iter=1571 REBUILD reject new_tc=60.7820 (was 60.1051)
t=538907ms iter=1571 incumb=60.1051 ratchet=60.1608 best=60.1051 since_improve=1298
t=538917ms iter=1572 WAIST cost=57.0000 best_alt=52.0000 gap=5.0000 tried=5 sep_labels=52 clique_frac=0.01
t=539086ms iter=1572 REBUILD reject new_tc=60.6528 (was 60.1051)
t=539240ms iter=1572 incumb=60.1051 ratchet=60.1244 best=60.1051 since_improve=1299
t=539249ms iter=1573 WAIST cost=57.0000 best_alt=51.0000 gap=6.0000 tried=5 sep_labels=51 clique_frac=0.01
t=539418ms iter=1573 REBUILD reject new_tc=61.8359 (was 60.1051)
t=539570ms iter=1573 incumb=60.1051 ratchet=60.2172 best=60.1051 since_improve=1300
t=539581ms iter=1574 WAIST cost=57.0000 best_alt=50.0000 gap=7.0000 tried=5 sep_labels=50 clique_frac=0.01
t=539732ms iter=1574 REBUILD reject new_tc=68.1036 (was 60.1051)
t=539884ms iter=1574 incumb=60.1051 ratchet=60.2142 best=60.1051 since_improve=1301
t=539892ms iter=1575 WAIST cost=57.0000 best_alt=51.0000 gap=6.0000 tried=5 sep_labels=51 clique_frac=0.01
t=540040ms iter=1575 REBUILD reject new_tc=61.4565 (was 60.1051)
t=540194ms iter=1575 incumb=60.1051 ratchet=60.2949 best=60.1051 since_improve=1302
t=540203ms iter=1576 WAIST cost=57.0000 best_alt=51.0000 gap=6.0000 tried=5 sep_labels=51 clique_frac=0.01
t=540374ms iter=1576 REBUILD reject new_tc=62.9723 (was 60.1051)
t=540529ms iter=1576 incumb=60.1051 ratchet=60.2556 best=60.1051 since_improve=1303
t=540537ms iter=1577 WAIST cost=57.0000 best_alt=52.0000 gap=5.0000 tried=5 sep_labels=52 clique_frac=0.01
t=540709ms iter=1577 REBUILD reject new_tc=63.3460 (was 60.1051)
t=540867ms iter=1577 incumb=60.1051 ratchet=60.1914 best=60.1051 since_improve=1304
t=540876ms iter=1578 WAIST cost=57.0000 best_alt=51.0000 gap=6.0000 tried=5 sep_labels=51 clique_frac=0.01
t=541027ms iter=1578 REBUILD reject new_tc=61.3296 (was 60.1051)
t=541175ms iter=1578 incumb=60.1051 ratchet=60.1781 best=60.1051 since_improve=1305
t=541186ms iter=1579 WAIST cost=57.0000 best_alt=52.0000 gap=5.0000 tried=5 sep_labels=52 clique_frac=0.01
t=541347ms iter=1579 REBUILD reject new_tc=76.0006 (was 60.1051)
t=541506ms iter=1579 incumb=60.1051 ratchet=60.1409 best=60.1051 since_improve=1306
t=541514ms iter=1580 WAIST cost=57.0000 best_alt=50.0000 gap=7.0000 tried=5 sep_labels=50 clique_frac=0.01
t=541664ms iter=1580 REBUILD reject new_tc=61.4017 (was 60.1051)
t=541820ms iter=1580 incumb=60.1051 ratchet=60.2862 best=60.1051 since_improve=1307
t=541830ms iter=1581 WAIST cost=57.0000 best_alt=52.0000 gap=5.0000 tried=5 sep_labels=52 clique_frac=0.01
t=542003ms iter=1581 REBUILD reject new_tc=62.5692 (was 60.1051)
t=542160ms iter=1581 incumb=60.1051 ratchet=60.5424 best=60.1051 since_improve=1308
t=542170ms iter=1582 WAIST cost=57.0000 best_alt=52.0000 gap=5.0000 tried=5 sep_labels=52 clique_frac=0.01
t=542349ms iter=1582 REBUILD reject new_tc=60.6646 (was 60.1051)
t=542509ms iter=1582 incumb=60.1051 ratchet=60.2562 best=60.1051 since_improve=1309
t=542516ms iter=1583 WAIST cost=57.0000 best_alt=51.0000 gap=6.0000 tried=5 sep_labels=51 clique_frac=0.01
t=542668ms iter=1583 REBUILD reject new_tc=61.3899 (was 60.1051)
t=542819ms iter=1583 incumb=60.1051 ratchet=60.2229 best=60.1051 since_improve=1310
t=542829ms iter=1584 WAIST cost=57.0000 best_alt=52.0000 gap=5.0000 tried=5 sep_labels=52 clique_frac=0.01
t=543007ms iter=1584 REBUILD reject new_tc=61.6842 (was 60.1051)
t=543169ms iter=1584 incumb=60.1051 ratchet=60.3202 best=60.1051 since_improve=1311
t=543178ms iter=1585 WAIST cost=57.0000 best_alt=51.0000 gap=6.0000 tried=5 sep_labels=51 clique_frac=0.01
t=543333ms iter=1585 REBUILD reject new_tc=61.4852 (was 60.1051)
t=543489ms iter=1585 incumb=60.1051 ratchet=60.1561 best=60.1051 since_improve=1312
t=543496ms iter=1586 WAIST cost=57.0000 best_alt=52.0000 gap=5.0000 tried=5 sep_labels=52 clique_frac=0.01
t=543672ms iter=1586 REBUILD reject new_tc=61.1176 (was 60.1051)
t=543833ms iter=1586 incumb=60.1051 ratchet=60.2154 best=60.1051 since_improve=1313
t=543842ms iter=1587 WAIST cost=57.0000 best_alt=52.0000 gap=5.0000 tried=5 sep_labels=52 clique_frac=0.01
t=544018ms iter=1587 REBUILD reject new_tc=60.7204 (was 60.1051)
t=544170ms iter=1587 incumb=60.1051 ratchet=60.4642 best=60.1051 since_improve=1314
t=544180ms iter=1588 WAIST cost=57.0000 best_alt=52.0000 gap=5.0000 tried=5 sep_labels=52 clique_frac=0.01
t=544347ms iter=1588 REBUILD reject new_tc=65.0728 (was 60.1051)
t=544497ms iter=1588 incumb=60.1051 ratchet=60.1646 best=60.1051 since_improve=1315
t=544505ms iter=1589 WAIST cost=57.0000 best_alt=52.0000 gap=5.0000 tried=5 sep_labels=52 clique_frac=0.01
t=544677ms iter=1589 REBUILD reject new_tc=61.0173 (was 60.1051)
t=544833ms iter=1589 incumb=60.1051 ratchet=60.5919 best=60.1051 since_improve=1316
t=544842ms iter=1590 WAIST cost=57.0000 best_alt=52.0000 gap=5.0000 tried=5 sep_labels=52 clique_frac=0.01
t=545013ms iter=1590 REBUILD reject new_tc=60.4964 (was 60.1051)
t=545167ms iter=1590 incumb=60.1051 ratchet=60.3116 best=60.1051 since_improve=1317
t=545176ms iter=1591 WAIST cost=57.0000 best_alt=51.0000 gap=6.0000 tried=5 sep_labels=51 clique_frac=0.01
t=545329ms iter=1591 REBUILD reject new_tc=60.2450 (was 60.1051)
t=545487ms iter=1591 incumb=60.1051 ratchet=60.1936 best=60.1051 since_improve=1318
t=545496ms iter=1592 WAIST cost=57.0000 best_alt=52.0000 gap=5.0000 tried=5 sep_labels=52 clique_frac=0.01
t=545669ms iter=1592 REBUILD reject new_tc=60.4214 (was 60.1051)
t=545825ms iter=1592 incumb=60.1051 ratchet=60.3871 best=60.1051 since_improve=1319
t=545834ms iter=1593 WAIST cost=57.0000 best_alt=52.0000 gap=5.0000 tried=5 sep_labels=52 clique_frac=0.01
t=546009ms iter=1593 REBUILD reject new_tc=60.8926 (was 60.1051)
t=546164ms iter=1593 incumb=60.1051 ratchet=60.2542 best=60.1051 since_improve=1320
t=546174ms iter=1594 WAIST cost=57.0000 best_alt=51.0000 gap=6.0000 tried=5 sep_labels=51 clique_frac=0.01
t=546346ms iter=1594 REBUILD reject new_tc=64.1110 (was 60.1051)
t=546716ms iter=1594 incumb=60.1051 ratchet=60.1095 best=60.1043 since_improve=1321
t=546724ms iter=1595 WAIST cost=57.0000 best_alt=52.0000 gap=5.0000 tried=5 sep_labels=52 clique_frac=0.01
t=546896ms iter=1595 REBUILD reject new_tc=61.0940 (was 60.1051)
t=547049ms iter=1595 incumb=60.1051 ratchet=60.2588 best=60.1043 since_improve=1322
t=547057ms iter=1596 WAIST cost=57.0000 best_alt=51.0000 gap=6.0000 tried=5 sep_labels=51 clique_frac=0.01
t=547205ms iter=1596 REBUILD reject new_tc=61.6436 (was 60.1051)
t=547362ms iter=1596 incumb=60.1051 ratchet=60.2153 best=60.1043 since_improve=1323
t=547371ms iter=1597 WAIST cost=57.0000 best_alt=52.0000 gap=5.0000 tried=5 sep_labels=52 clique_frac=0.01
t=547546ms iter=1597 REBUILD reject new_tc=64.0309 (was 60.1051)
t=547696ms iter=1597 incumb=60.1051 ratchet=60.2447 best=60.1043 since_improve=1324
t=547704ms iter=1598 WAIST cost=57.0000 best_alt=52.0000 gap=5.0000 tried=5 sep_labels=52 clique_frac=0.01
t=547876ms iter=1598 REBUILD reject new_tc=68.4802 (was 60.1051)
t=548033ms iter=1598 incumb=60.1051 ratchet=60.1699 best=60.1043 since_improve=1325
t=548041ms iter=1599 WAIST cost=57.0000 best_alt=52.0000 gap=5.0000 tried=5 sep_labels=52 clique_frac=0.01
t=548215ms iter=1599 REBUILD reject new_tc=61.0438 (was 60.1051)
t=548373ms iter=1599 incumb=60.1051 ratchet=60.1509 best=60.1043 since_improve=1326
t=548382ms iter=1600 WAIST cost=57.0000 best_alt=52.0000 gap=5.0000 tried=5 sep_labels=52 clique_frac=0.01
t=548564ms iter=1600 REBUILD reject new_tc=60.6945 (was 60.1051)
t=548713ms iter=1600 incumb=60.1051 ratchet=60.4609 best=60.1043 since_improve=1327
t=548720ms iter=1601 WAIST cost=57.0000 best_alt=52.0000 gap=5.0000 tried=5 sep_labels=52 clique_frac=0.01
t=548896ms iter=1601 REBUILD reject new_tc=60.2783 (was 60.1051)
t=549071ms iter=1601 incumb=60.1051 ratchet=60.2023 best=60.1043 since_improve=1328
t=549082ms iter=1602 WAIST cost=57.0000 best_alt=52.0000 gap=5.0000 tried=5 sep_labels=52 clique_frac=0.01
t=549260ms iter=1602 REBUILD reject new_tc=75.9431 (was 60.1051)
t=549420ms iter=1602 incumb=60.1051 ratchet=60.7580 best=60.1043 since_improve=1329
t=549429ms iter=1603 WAIST cost=57.0000 best_alt=50.0000 gap=7.0000 tried=5 sep_labels=50 clique_frac=0.01
t=549582ms iter=1603 REBUILD reject new_tc=61.4516 (was 60.1051)
t=549736ms iter=1603 incumb=60.1051 ratchet=60.1774 best=60.1043 since_improve=1330
t=549745ms iter=1604 WAIST cost=57.0000 best_alt=49.0000 gap=8.0000 tried=5 sep_labels=49 clique_frac=0.01
t=549893ms iter=1604 REBUILD reject new_tc=61.6950 (was 60.1051)
t=550047ms iter=1604 incumb=60.1051 ratchet=60.5523 best=60.1043 since_improve=1331
t=550056ms iter=1605 WAIST cost=57.0000 best_alt=52.0000 gap=5.0000 tried=5 sep_labels=52 clique_frac=0.01
t=550222ms iter=1605 REBUILD reject new_tc=71.0010 (was 60.1051)
t=550377ms iter=1605 incumb=60.1051 ratchet=60.1594 best=60.1043 since_improve=1332
t=550385ms iter=1606 WAIST cost=57.0000 best_alt=52.0000 gap=5.0000 tried=5 sep_labels=52 clique_frac=0.01
t=550559ms iter=1606 REBUILD reject new_tc=60.8572 (was 60.1051)
t=550715ms iter=1606 incumb=60.1051 ratchet=60.1311 best=60.1043 since_improve=1333
t=550724ms iter=1607 WAIST cost=57.0000 best_alt=50.0000 gap=7.0000 tried=5 sep_labels=50 clique_frac=0.01
t=550874ms iter=1607 REBUILD reject new_tc=61.1852 (was 60.1051)
t=551031ms iter=1607 incumb=60.1051 ratchet=60.3493 best=60.1043 since_improve=1334
t=551040ms iter=1608 WAIST cost=57.0000 best_alt=50.0000 gap=7.0000 tried=5 sep_labels=50 clique_frac=0.01
t=551199ms iter=1608 REBUILD reject new_tc=61.4785 (was 60.1051)
t=551356ms iter=1608 incumb=60.1051 ratchet=60.1990 best=60.1043 since_improve=1335
t=551366ms iter=1609 WAIST cost=57.0000 best_alt=50.0000 gap=7.0000 tried=5 sep_labels=50 clique_frac=0.01
t=551518ms iter=1609 REBUILD reject new_tc=61.7464 (was 60.1051)
t=551673ms iter=1609 incumb=60.1051 ratchet=60.2125 best=60.1043 since_improve=1336
t=551683ms iter=1610 WAIST cost=57.0000 best_alt=52.0000 gap=5.0000 tried=5 sep_labels=52 clique_frac=0.01
t=551861ms iter=1610 REBUILD reject new_tc=60.9157 (was 60.1051)
t=552013ms iter=1610 incumb=60.1051 ratchet=60.4051 best=60.1043 since_improve=1337
t=552022ms iter=1611 WAIST cost=57.0000 best_alt=51.0000 gap=6.0000 tried=5 sep_labels=51 clique_frac=0.01
t=552181ms iter=1611 REBUILD reject new_tc=68.1197 (was 60.1051)
t=552336ms iter=1611 incumb=60.1051 ratchet=60.3607 best=60.1043 since_improve=1338
t=552344ms iter=1612 WAIST cost=57.0000 best_alt=50.0000 gap=7.0000 tried=5 sep_labels=50 clique_frac=0.01
t=552495ms iter=1612 REBUILD reject new_tc=61.1936 (was 60.1051)
t=552655ms iter=1612 incumb=60.1051 ratchet=60.5404 best=60.1043 since_improve=1339
t=552663ms iter=1613 WAIST cost=57.0000 best_alt=52.0000 gap=5.0000 tried=5 sep_labels=52 clique_frac=0.01
t=552837ms iter=1613 REBUILD reject new_tc=60.6662 (was 60.1051)
t=552997ms iter=1613 incumb=60.1051 ratchet=60.3218 best=60.1043 since_improve=1340
t=553005ms iter=1614 WAIST cost=57.0000 best_alt=50.0000 gap=7.0000 tried=5 sep_labels=50 clique_frac=0.01
t=553155ms iter=1614 REBUILD reject new_tc=61.4111 (was 60.1051)
t=553312ms iter=1614 incumb=60.1051 ratchet=60.3235 best=60.1043 since_improve=1341
t=553320ms iter=1615 WAIST cost=57.0000 best_alt=52.0000 gap=5.0000 tried=5 sep_labels=52 clique_frac=0.01
t=553491ms iter=1615 REBUILD reject new_tc=60.5638 (was 60.1051)
t=553651ms iter=1615 incumb=60.1051 ratchet=60.2636 best=60.1043 since_improve=1342
t=553661ms iter=1616 WAIST cost=57.0000 best_alt=51.0000 gap=6.0000 tried=5 sep_labels=51 clique_frac=0.01
t=553815ms iter=1616 REBUILD reject new_tc=61.5399 (was 60.1051)
t=553974ms iter=1616 incumb=60.1051 ratchet=60.4442 best=60.1043 since_improve=1343
t=553983ms iter=1617 WAIST cost=57.0000 best_alt=52.0000 gap=5.0000 tried=5 sep_labels=52 clique_frac=0.01
t=554157ms iter=1617 REBUILD reject new_tc=60.4860 (was 60.1051)
t=554315ms iter=1617 incumb=60.1051 ratchet=60.1611 best=60.1043 since_improve=1344
t=554322ms iter=1618 WAIST cost=57.0000 best_alt=52.0000 gap=5.0000 tried=5 sep_labels=52 clique_frac=0.01
t=554505ms iter=1618 REBUILD reject new_tc=60.4217 (was 60.1051)
t=554662ms iter=1618 incumb=60.1051 ratchet=60.2294 best=60.1043 since_improve=1345
t=554669ms iter=1619 WAIST cost=57.0000 best_alt=52.0000 gap=5.0000 tried=5 sep_labels=52 clique_frac=0.01
t=554843ms iter=1619 REBUILD reject new_tc=61.3439 (was 60.1051)
t=555002ms iter=1619 incumb=60.1051 ratchet=60.1138 best=60.1043 since_improve=1346
t=555012ms iter=1620 WAIST cost=57.0000 best_alt=52.0000 gap=5.0000 tried=5 sep_labels=52 clique_frac=0.01
t=555182ms iter=1620 REBUILD reject new_tc=60.8098 (was 60.1051)
t=555336ms iter=1620 incumb=60.1051 ratchet=60.5573 best=60.1043 since_improve=1347
t=555344ms iter=1621 WAIST cost=57.0000 best_alt=51.0000 gap=6.0000 tried=5 sep_labels=51 clique_frac=0.01
t=555499ms iter=1621 REBUILD reject new_tc=61.3298 (was 60.1051)
t=555658ms iter=1621 incumb=60.1051 ratchet=60.2162 best=60.1043 since_improve=1348
t=555667ms iter=1622 WAIST cost=57.0000 best_alt=49.0000 gap=8.0000 tried=5 sep_labels=49 clique_frac=0.01
t=555815ms iter=1622 REBUILD reject new_tc=61.4648 (was 60.1051)
t=555975ms iter=1622 incumb=60.1051 ratchet=60.1591 best=60.1043 since_improve=1349
t=555982ms iter=1623 WAIST cost=57.0000 best_alt=52.0000 gap=5.0000 tried=5 sep_labels=52 clique_frac=0.01
t=556149ms iter=1623 REBUILD reject new_tc=66.2791 (was 60.1051)
t=556307ms iter=1623 incumb=60.1051 ratchet=60.5212 best=60.1043 since_improve=1350
t=556316ms iter=1624 WAIST cost=57.0000 best_alt=49.0000 gap=8.0000 tried=5 sep_labels=49 clique_frac=0.01
t=556457ms iter=1624 REBUILD reject new_tc=78.0000 (was 60.1051)
t=556613ms iter=1624 incumb=60.1051 ratchet=60.3764 best=60.1043 since_improve=1351
t=556623ms iter=1625 WAIST cost=57.0000 best_alt=52.0000 gap=5.0000 tried=5 sep_labels=52 clique_frac=0.01
t=556790ms iter=1625 REBUILD reject new_tc=64.7814 (was 60.1051)
t=556948ms iter=1625 incumb=60.1051 ratchet=60.1457 best=60.1043 since_improve=1352
t=556956ms iter=1626 WAIST cost=57.0000 best_alt=52.0000 gap=5.0000 tried=5 sep_labels=52 clique_frac=0.01
t=557129ms iter=1626 REBUILD reject new_tc=60.6402 (was 60.1051)
t=557284ms iter=1626 incumb=60.1051 ratchet=60.3125 best=60.1043 since_improve=1353
t=557291ms iter=1627 WAIST cost=57.0000 best_alt=52.0000 gap=5.0000 tried=5 sep_labels=52 clique_frac=0.01
t=557464ms iter=1627 REBUILD reject new_tc=61.1342 (was 60.1051)
t=557618ms iter=1627 incumb=60.1051 ratchet=60.2754 best=60.1043 since_improve=1354
t=557626ms iter=1628 WAIST cost=57.0000 best_alt=52.0000 gap=5.0000 tried=5 sep_labels=52 clique_frac=0.01
t=557803ms iter=1628 REBUILD reject new_tc=60.9221 (was 60.1051)
t=557959ms iter=1628 incumb=60.1051 ratchet=60.5575 best=60.1043 since_improve=1355
t=557968ms iter=1629 WAIST cost=57.0000 best_alt=52.0000 gap=5.0000 tried=5 sep_labels=52 clique_frac=0.01
t=558143ms iter=1629 REBUILD reject new_tc=61.0253 (was 60.1051)
t=558299ms iter=1629 incumb=60.1051 ratchet=60.3958 best=60.1043 since_improve=1356
t=558308ms iter=1630 WAIST cost=57.0000 best_alt=52.0000 gap=5.0000 tried=5 sep_labels=52 clique_frac=0.01
t=558483ms iter=1630 REBUILD reject new_tc=60.5763 (was 60.1051)
t=558639ms iter=1630 incumb=60.1051 ratchet=60.3027 best=60.1043 since_improve=1357
t=558648ms iter=1631 WAIST cost=57.0000 best_alt=52.0000 gap=5.0000 tried=5 sep_labels=52 clique_frac=0.01
t=558828ms iter=1631 REBUILD reject new_tc=62.2834 (was 60.1051)
t=558983ms iter=1631 incumb=60.1051 ratchet=60.3242 best=60.1043 since_improve=1358
t=558990ms iter=1632 WAIST cost=57.0000 best_alt=52.0000 gap=5.0000 tried=5 sep_labels=52 clique_frac=0.01
t=559164ms iter=1632 REBUILD reject new_tc=66.4401 (was 60.1051)
t=559318ms iter=1632 incumb=60.1051 ratchet=60.4175 best=60.1043 since_improve=1359
t=559326ms iter=1633 WAIST cost=57.0000 best_alt=52.0000 gap=5.0000 tried=5 sep_labels=52 clique_frac=0.01
t=559503ms iter=1633 REBUILD reject new_tc=60.4652 (was 60.1051)
t=559654ms iter=1633 incumb=60.1051 ratchet=60.1433 best=60.1043 since_improve=1360
t=559664ms iter=1634 WAIST cost=57.0000 best_alt=51.0000 gap=6.0000 tried=5 sep_labels=51 clique_frac=0.01
t=559828ms iter=1634 REBUILD reject new_tc=63.6016 (was 60.1051)
t=559979ms iter=1634 incumb=60.1051 ratchet=60.2433 best=60.1043 since_improve=1361
t=559987ms iter=1635 WAIST cost=57.0000 best_alt=50.0000 gap=7.0000 tried=5 sep_labels=50 clique_frac=0.01
t=560129ms iter=1635 REBUILD reject new_tc=81.0001 (was 60.1051)
t=560289ms iter=1635 incumb=60.1051 ratchet=60.3416 best=60.1043 since_improve=1362
t=560296ms iter=1636 WAIST cost=57.0000 best_alt=52.0000 gap=5.0000 tried=5 sep_labels=52 clique_frac=0.01
t=560468ms iter=1636 REBUILD reject new_tc=62.9036 (was 60.1051)
t=560623ms iter=1636 incumb=60.1051 ratchet=60.3118 best=60.1043 since_improve=1363
t=560631ms iter=1637 WAIST cost=57.0000 best_alt=49.0000 gap=8.0000 tried=5 sep_labels=49 clique_frac=0.01
t=560771ms iter=1637 REBUILD reject new_tc=77.0000 (was 60.1051)
t=560930ms iter=1637 incumb=60.1051 ratchet=60.4539 best=60.1043 since_improve=1364
t=560939ms iter=1638 WAIST cost=57.0000 best_alt=51.0000 gap=6.0000 tried=5 sep_labels=51 clique_frac=0.01
t=561091ms iter=1638 REBUILD reject new_tc=61.5000 (was 60.1051)
t=561249ms iter=1638 incumb=60.1051 ratchet=60.2912 best=60.1043 since_improve=1365
t=561257ms iter=1639 WAIST cost=57.0000 best_alt=52.0000 gap=5.0000 tried=5 sep_labels=52 clique_frac=0.01
t=561430ms iter=1639 REBUILD reject new_tc=66.2208 (was 60.1051)
t=561583ms iter=1639 incumb=60.1051 ratchet=60.2226 best=60.1043 since_improve=1366
t=561592ms iter=1640 WAIST cost=57.0000 best_alt=49.0000 gap=8.0000 tried=5 sep_labels=49 clique_frac=0.01
t=561731ms iter=1640 REBUILD reject new_tc=79.0000 (was 60.1051)
t=561886ms iter=1640 incumb=60.1051 ratchet=60.1712 best=60.1043 since_improve=1367
t=561894ms iter=1641 WAIST cost=57.0000 best_alt=52.0000 gap=5.0000 tried=5 sep_labels=52 clique_frac=0.01
t=562066ms iter=1641 REBUILD reject new_tc=60.6693 (was 60.1051)
t=562225ms iter=1641 incumb=60.1051 ratchet=60.3189 best=60.1043 since_improve=1368
t=562233ms iter=1642 WAIST cost=57.0000 best_alt=52.0000 gap=5.0000 tried=5 sep_labels=52 clique_frac=0.01
t=562406ms iter=1642 REBUILD reject new_tc=60.8026 (was 60.1051)
t=562561ms iter=1642 incumb=60.1051 ratchet=60.3349 best=60.1043 since_improve=1369
t=562573ms iter=1643 WAIST cost=57.0000 best_alt=51.0000 gap=6.0000 tried=5 sep_labels=51 clique_frac=0.01
t=562743ms iter=1643 REBUILD reject new_tc=60.9352 (was 60.1051)
t=562902ms iter=1643 incumb=60.1051 ratchet=60.3201 best=60.1043 since_improve=1370
t=562912ms iter=1644 WAIST cost=57.0000 best_alt=51.0000 gap=6.0000 tried=5 sep_labels=51 clique_frac=0.01
t=563086ms iter=1644 REBUILD reject new_tc=61.6991 (was 60.1051)
t=563237ms iter=1644 incumb=60.1051 ratchet=60.1811 best=60.1043 since_improve=1371
t=563246ms iter=1645 WAIST cost=57.0000 best_alt=51.0000 gap=6.0000 tried=5 sep_labels=51 clique_frac=0.01
t=563400ms iter=1645 REBUILD reject new_tc=61.3430 (was 60.1051)
t=563563ms iter=1645 incumb=60.1051 ratchet=60.2959 best=60.1043 since_improve=1372
t=563571ms iter=1646 WAIST cost=57.0000 best_alt=52.0000 gap=5.0000 tried=5 sep_labels=52 clique_frac=0.01
t=563735ms iter=1646 REBUILD reject new_tc=60.8401 (was 60.1051)
t=563895ms iter=1646 incumb=60.1051 ratchet=60.3141 best=60.1043 since_improve=1373
t=563904ms iter=1647 WAIST cost=57.0000 best_alt=52.0000 gap=5.0000 tried=5 sep_labels=52 clique_frac=0.01
t=564075ms iter=1647 REBUILD reject new_tc=61.0748 (was 60.1051)
t=564225ms iter=1647 incumb=60.1051 ratchet=60.2674 best=60.1043 since_improve=1374
t=564233ms iter=1648 WAIST cost=57.0000 best_alt=52.0000 gap=5.0000 tried=5 sep_labels=52 clique_frac=0.01
t=564408ms iter=1648 REBUILD reject new_tc=60.7303 (was 60.1051)
t=564568ms iter=1648 incumb=60.1051 ratchet=60.2277 best=60.1043 since_improve=1375
t=564574ms iter=1649 WAIST cost=57.0000 best_alt=52.0000 gap=5.0000 tried=5 sep_labels=52 clique_frac=0.01
t=564741ms iter=1649 REBUILD reject new_tc=60.7411 (was 60.1051)
t=564900ms iter=1649 incumb=60.1051 ratchet=60.3634 best=60.1043 since_improve=1376
t=564909ms iter=1650 WAIST cost=57.0000 best_alt=49.0000 gap=8.0000 tried=5 sep_labels=49 clique_frac=0.01
t=565066ms iter=1650 REBUILD reject new_tc=61.6703 (was 60.1051)
t=565217ms iter=1650 incumb=60.1051 ratchet=60.3433 best=60.1043 since_improve=1377
t=565224ms iter=1651 WAIST cost=57.0000 best_alt=52.0000 gap=5.0000 tried=5 sep_labels=52 clique_frac=0.01
t=565404ms iter=1651 REBUILD reject new_tc=60.9392 (was 60.1051)
t=565584ms iter=1651 incumb=60.1051 ratchet=60.1248 best=60.1043 since_improve=1378
t=565592ms iter=1652 WAIST cost=57.0000 best_alt=52.0000 gap=5.0000 tried=5 sep_labels=52 clique_frac=0.01
t=565767ms iter=1652 REBUILD reject new_tc=60.4403 (was 60.1051)
t=565920ms iter=1652 incumb=60.1051 ratchet=60.1293 best=60.1043 since_improve=1379
t=565929ms iter=1653 WAIST cost=57.0000 best_alt=51.0000 gap=6.0000 tried=5 sep_labels=51 clique_frac=0.01
t=566143ms iter=1653 REBUILD reject new_tc=63.7812 (was 60.1051)
t=566300ms iter=1653 incumb=60.1051 ratchet=60.2248 best=60.1043 since_improve=1380
t=566307ms iter=1654 WAIST cost=57.0000 best_alt=51.0000 gap=6.0000 tried=5 sep_labels=51 clique_frac=0.01
t=566464ms iter=1654 REBUILD reject new_tc=61.4578 (was 60.1051)
t=566720ms iter=1654 incumb=60.1051 ratchet=60.1914 best=60.1043 since_improve=1381
t=566740ms iter=1655 WAIST cost=57.0000 best_alt=51.0000 gap=6.0000 tried=5 sep_labels=51 clique_frac=0.01
t=567063ms iter=1655 REBUILD reject new_tc=61.6689 (was 60.1051)
t=567380ms iter=1655 incumb=60.1051 ratchet=60.1893 best=60.1043 since_improve=1382
t=567402ms iter=1656 WAIST cost=57.0000 best_alt=51.0000 gap=6.0000 tried=5 sep_labels=51 clique_frac=0.01
t=567713ms iter=1656 REBUILD reject new_tc=61.4055 (was 60.1051)
t=568015ms iter=1656 incumb=60.1051 ratchet=60.2712 best=60.1043 since_improve=1383
t=568024ms iter=1657 WAIST cost=57.0000 best_alt=52.0000 gap=5.0000 tried=5 sep_labels=52 clique_frac=0.01
t=568202ms iter=1657 REBUILD reject new_tc=60.4384 (was 60.1051)
t=568365ms iter=1657 incumb=60.1051 ratchet=60.3576 best=60.1043 since_improve=1384
t=568382ms iter=1658 WAIST cost=57.0000 best_alt=51.0000 gap=6.0000 tried=5 sep_labels=51 clique_frac=0.01
t=568553ms iter=1658 REBUILD reject new_tc=68.7768 (was 60.1051)
t=568775ms iter=1658 incumb=60.1051 ratchet=60.3488 best=60.1043 since_improve=1385
t=568784ms iter=1659 WAIST cost=57.0000 best_alt=52.0000 gap=5.0000 tried=5 sep_labels=52 clique_frac=0.01
t=568966ms iter=1659 REBUILD reject new_tc=61.0796 (was 60.1051)
t=569122ms iter=1659 incumb=60.1051 ratchet=60.1823 best=60.1043 since_improve=1386
t=569131ms iter=1660 WAIST cost=57.0000 best_alt=52.0000 gap=5.0000 tried=5 sep_labels=52 clique_frac=0.01
t=569301ms iter=1660 REBUILD reject new_tc=60.6122 (was 60.1051)
t=569471ms iter=1660 incumb=60.1051 ratchet=60.2449 best=60.1043 since_improve=1387
t=569480ms iter=1661 WAIST cost=57.0000 best_alt=51.0000 gap=6.0000 tried=5 sep_labels=51 clique_frac=0.01
t=569651ms iter=1661 REBUILD reject new_tc=64.5176 (was 60.1051)
t=569800ms iter=1661 incumb=60.1051 ratchet=60.3532 best=60.1043 since_improve=1388
t=569809ms iter=1662 WAIST cost=57.0000 best_alt=52.0000 gap=5.0000 tried=5 sep_labels=52 clique_frac=0.01
t=569988ms iter=1662 REBUILD reject new_tc=60.3468 (was 60.1051)
t=570149ms iter=1662 incumb=60.1051 ratchet=60.1615 best=60.1043 since_improve=1389
t=570158ms iter=1663 WAIST cost=57.0000 best_alt=51.0000 gap=6.0000 tried=5 sep_labels=51 clique_frac=0.01
t=570308ms iter=1663 REBUILD reject new_tc=61.7927 (was 60.1051)
t=570469ms iter=1663 incumb=60.1051 ratchet=60.2604 best=60.1043 since_improve=1390
t=570479ms iter=1664 WAIST cost=57.0000 best_alt=50.0000 gap=7.0000 tried=5 sep_labels=50 clique_frac=0.01
t=570630ms iter=1664 REBUILD reject new_tc=61.9400 (was 60.1051)
t=570790ms iter=1664 incumb=60.1051 ratchet=60.3681 best=60.1043 since_improve=1391
t=570798ms iter=1665 WAIST cost=57.0000 best_alt=52.0000 gap=5.0000 tried=5 sep_labels=52 clique_frac=0.01
t=570971ms iter=1665 REBUILD reject new_tc=60.7607 (was 60.1051)
t=571131ms iter=1665 incumb=60.1051 ratchet=60.3445 best=60.1043 since_improve=1392
t=571140ms iter=1666 WAIST cost=57.0000 best_alt=52.0000 gap=5.0000 tried=5 sep_labels=52 clique_frac=0.01
t=571312ms iter=1666 REBUILD reject new_tc=60.4455 (was 60.1051)
t=571468ms iter=1666 incumb=60.1051 ratchet=60.2795 best=60.1043 since_improve=1393
t=571477ms iter=1667 WAIST cost=57.0000 best_alt=52.0000 gap=5.0000 tried=5 sep_labels=52 clique_frac=0.01
t=571646ms iter=1667 REBUILD reject new_tc=60.8938 (was 60.1051)
t=571807ms iter=1667 incumb=60.1051 ratchet=60.1670 best=60.1043 since_improve=1394
t=571815ms iter=1668 WAIST cost=57.0000 best_alt=52.0000 gap=5.0000 tried=5 sep_labels=52 clique_frac=0.01
t=571980ms iter=1668 REBUILD reject new_tc=76.0028 (was 60.1051)
t=572136ms iter=1668 incumb=60.1051 ratchet=60.4057 best=60.1043 since_improve=1395
t=572145ms iter=1669 WAIST cost=57.0000 best_alt=52.0000 gap=5.0000 tried=5 sep_labels=52 clique_frac=0.01
t=572321ms iter=1669 REBUILD reject new_tc=62.0518 (was 60.1051)
t=572480ms iter=1669 incumb=60.1051 ratchet=60.4114 best=60.1043 since_improve=1396
t=572489ms iter=1670 WAIST cost=57.0000 best_alt=50.0000 gap=7.0000 tried=5 sep_labels=50 clique_frac=0.01
t=572636ms iter=1670 REBUILD reject new_tc=61.3682 (was 60.1051)
t=572796ms iter=1670 incumb=60.1051 ratchet=60.1931 best=60.1043 since_improve=1397
t=572804ms iter=1671 WAIST cost=57.0000 best_alt=49.0000 gap=8.0000 tried=5 sep_labels=49 clique_frac=0.01
t=572968ms iter=1671 REBUILD reject new_tc=60.7323 (was 60.1051)
t=573120ms iter=1671 incumb=60.1051 ratchet=60.3928 best=60.1043 since_improve=1398
t=573129ms iter=1672 WAIST cost=57.0000 best_alt=52.0000 gap=5.0000 tried=5 sep_labels=52 clique_frac=0.01
t=573305ms iter=1672 REBUILD reject new_tc=60.8148 (was 60.1051)
t=573456ms iter=1672 incumb=60.1051 ratchet=60.3663 best=60.1043 since_improve=1399
t=573465ms iter=1673 WAIST cost=57.0000 best_alt=52.0000 gap=5.0000 tried=5 sep_labels=52 clique_frac=0.01
t=573631ms iter=1673 REBUILD reject new_tc=60.9498 (was 60.1051)
t=573787ms iter=1673 incumb=60.1051 ratchet=60.2371 best=60.1043 since_improve=1400
t=573793ms iter=1674 WAIST cost=57.0000 best_alt=52.0000 gap=5.0000 tried=5 sep_labels=52 clique_frac=0.01
t=573973ms iter=1674 REBUILD reject new_tc=60.8079 (was 60.1051)
t=574129ms iter=1674 incumb=60.1051 ratchet=60.1589 best=60.1043 since_improve=1401
t=574137ms iter=1675 WAIST cost=57.0000 best_alt=50.0000 gap=7.0000 tried=5 sep_labels=50 clique_frac=0.01
t=574284ms iter=1675 REBUILD reject new_tc=61.8128 (was 60.1051)
t=574446ms iter=1675 incumb=60.1051 ratchet=60.4431 best=60.1043 since_improve=1402
t=574456ms iter=1676 WAIST cost=57.0000 best_alt=52.0000 gap=5.0000 tried=5 sep_labels=52 clique_frac=0.01
t=574622ms iter=1676 REBUILD reject new_tc=66.2421 (was 60.1051)
t=574778ms iter=1676 incumb=60.1051 ratchet=60.3713 best=60.1043 since_improve=1403
t=574786ms iter=1677 WAIST cost=57.0000 best_alt=51.0000 gap=6.0000 tried=5 sep_labels=51 clique_frac=0.01
t=574942ms iter=1677 REBUILD reject new_tc=61.4068 (was 60.1051)
t=575100ms iter=1677 incumb=60.1051 ratchet=60.2641 best=60.1043 since_improve=1404
t=575108ms iter=1678 WAIST cost=57.0000 best_alt=49.0000 gap=8.0000 tried=5 sep_labels=49 clique_frac=0.01
t=575260ms iter=1678 REBUILD reject new_tc=61.5048 (was 60.1051)
t=575412ms iter=1678 incumb=60.1051 ratchet=60.4039 best=60.1043 since_improve=1405
t=575420ms iter=1679 WAIST cost=57.0000 best_alt=52.0000 gap=5.0000 tried=5 sep_labels=52 clique_frac=0.01
t=575587ms iter=1679 REBUILD reject new_tc=60.4535 (was 60.1051)
t=575738ms iter=1679 incumb=60.1051 ratchet=60.1712 best=60.1043 since_improve=1406
t=575747ms iter=1680 WAIST cost=57.0000 best_alt=52.0000 gap=5.0000 tried=5 sep_labels=52 clique_frac=0.01
t=575924ms iter=1680 REBUILD reject new_tc=60.5649 (was 60.1051)
t=576129ms iter=1680 incumb=60.1051 ratchet=60.3722 best=60.1043 since_improve=1407
t=576139ms iter=1681 WAIST cost=57.0000 best_alt=52.0000 gap=5.0000 tried=5 sep_labels=52 clique_frac=0.01
t=576315ms iter=1681 REBUILD reject new_tc=60.9464 (was 60.1051)
t=576470ms iter=1681 incumb=60.1051 ratchet=60.1728 best=60.1043 since_improve=1408
t=576478ms iter=1682 WAIST cost=57.0000 best_alt=52.0000 gap=5.0000 tried=5 sep_labels=52 clique_frac=0.01
t=576653ms iter=1682 REBUILD reject new_tc=60.6916 (was 60.1051)
t=576800ms iter=1682 incumb=60.1051 ratchet=60.9169 best=60.1043 since_improve=1409
t=576808ms iter=1683 WAIST cost=57.0000 best_alt=52.0000 gap=5.0000 tried=5 sep_labels=52 clique_frac=0.01
t=576979ms iter=1683 REBUILD reject new_tc=61.0640 (was 60.1051)
t=577133ms iter=1683 incumb=60.1051 ratchet=60.3257 best=60.1043 since_improve=1410
t=577142ms iter=1684 WAIST cost=57.0000 best_alt=50.0000 gap=7.0000 tried=5 sep_labels=50 clique_frac=0.01
t=577294ms iter=1684 REBUILD reject new_tc=61.3590 (was 60.1051)
t=577454ms iter=1684 incumb=60.1051 ratchet=60.5046 best=60.1043 since_improve=1411
t=577462ms iter=1685 WAIST cost=57.0000 best_alt=51.0000 gap=6.0000 tried=5 sep_labels=51 clique_frac=0.01
t=577620ms iter=1685 REBUILD reject new_tc=61.7637 (was 60.1051)
t=577772ms iter=1685 incumb=60.1051 ratchet=60.1471 best=60.1043 since_improve=1412
t=577782ms iter=1686 WAIST cost=57.0000 best_alt=49.0000 gap=8.0000 tried=5 sep_labels=49 clique_frac=0.01
t=577933ms iter=1686 REBUILD reject new_tc=61.4411 (was 60.1051)
t=578095ms iter=1686 incumb=60.1051 ratchet=60.4315 best=60.1043 since_improve=1413
t=578104ms iter=1687 WAIST cost=57.0000 best_alt=51.0000 gap=6.0000 tried=5 sep_labels=51 clique_frac=0.01
t=578260ms iter=1687 REBUILD reject new_tc=61.4313 (was 60.1051)
t=578416ms iter=1687 incumb=60.1051 ratchet=60.2775 best=60.1043 since_improve=1414
t=578425ms iter=1688 WAIST cost=57.0000 best_alt=51.0000 gap=6.0000 tried=5 sep_labels=51 clique_frac=0.01
t=578576ms iter=1688 REBUILD reject new_tc=61.3872 (was 60.1051)
t=578728ms iter=1688 incumb=60.1051 ratchet=60.1390 best=60.1043 since_improve=1415
t=578736ms iter=1689 WAIST cost=57.0000 best_alt=52.0000 gap=5.0000 tried=5 sep_labels=52 clique_frac=0.01
t=578900ms iter=1689 REBUILD reject new_tc=62.4251 (was 60.1051)
t=579061ms iter=1689 incumb=60.1051 ratchet=60.4075 best=60.1043 since_improve=1416
t=579069ms iter=1690 WAIST cost=57.0000 best_alt=52.0000 gap=5.0000 tried=5 sep_labels=52 clique_frac=0.01
t=579244ms iter=1690 REBUILD reject new_tc=60.9622 (was 60.1051)
t=579400ms iter=1690 incumb=60.1051 ratchet=60.3402 best=60.1043 since_improve=1417
t=579408ms iter=1691 WAIST cost=57.0000 best_alt=52.0000 gap=5.0000 tried=5 sep_labels=52 clique_frac=0.01
t=579583ms iter=1691 REBUILD reject new_tc=60.4007 (was 60.1051)
t=579737ms iter=1691 incumb=60.1051 ratchet=60.1450 best=60.1043 since_improve=1418
t=579749ms iter=1692 WAIST cost=57.0000 best_alt=51.0000 gap=6.0000 tried=5 sep_labels=51 clique_frac=0.01
t=579909ms iter=1692 REBUILD reject new_tc=61.6495 (was 60.1051)
t=580054ms iter=1692 incumb=60.1051 ratchet=60.7627 best=60.1043 since_improve=1419
t=580064ms iter=1693 WAIST cost=57.0000 best_alt=52.0000 gap=5.0000 tried=5 sep_labels=52 clique_frac=0.01
t=580306ms iter=1693 REBUILD reject new_tc=60.6707 (was 60.1051)
t=580467ms iter=1693 incumb=60.1051 ratchet=60.2000 best=60.1043 since_improve=1420
t=580474ms iter=1694 WAIST cost=57.0000 best_alt=52.0000 gap=5.0000 tried=5 sep_labels=52 clique_frac=0.01
t=580661ms iter=1694 REBUILD reject new_tc=60.8403 (was 60.1051)
t=580816ms iter=1694 incumb=60.1051 ratchet=60.1977 best=60.1043 since_improve=1421
t=580825ms iter=1695 WAIST cost=57.0000 best_alt=49.0000 gap=8.0000 tried=5 sep_labels=49 clique_frac=0.01
t=580979ms iter=1695 REBUILD reject new_tc=61.6331 (was 60.1051)
t=581138ms iter=1695 incumb=60.1051 ratchet=60.3353 best=60.1043 since_improve=1422
t=581148ms iter=1696 WAIST cost=57.0000 best_alt=49.0000 gap=8.0000 tried=5 sep_labels=49 clique_frac=0.01
t=581302ms iter=1696 REBUILD reject new_tc=60.9292 (was 60.1051)
t=581461ms iter=1696 incumb=60.1051 ratchet=60.1742 best=60.1043 since_improve=1423
t=581470ms iter=1697 WAIST cost=57.0000 best_alt=52.0000 gap=5.0000 tried=5 sep_labels=52 clique_frac=0.01
t=581645ms iter=1697 REBUILD reject new_tc=60.3507 (was 60.1051)
t=581801ms iter=1697 incumb=60.1051 ratchet=60.1868 best=60.1043 since_improve=1424
t=581808ms iter=1698 WAIST cost=57.0000 best_alt=52.0000 gap=5.0000 tried=5 sep_labels=52 clique_frac=0.01
t=581971ms iter=1698 REBUILD reject new_tc=66.2794 (was 60.1051)
t=582128ms iter=1698 incumb=60.1051 ratchet=60.4375 best=60.1043 since_improve=1425
t=582136ms iter=1699 WAIST cost=57.0000 best_alt=52.0000 gap=5.0000 tried=5 sep_labels=52 clique_frac=0.01
t=582305ms iter=1699 REBUILD reject new_tc=60.9630 (was 60.1051)
t=582457ms iter=1699 incumb=60.1051 ratchet=60.4277 best=60.1043 since_improve=1426
t=582465ms iter=1700 WAIST cost=57.0000 best_alt=52.0000 gap=5.0000 tried=5 sep_labels=52 clique_frac=0.01
t=582630ms iter=1700 REBUILD reject new_tc=72.0004 (was 60.1051)
t=582784ms iter=1700 incumb=60.1051 ratchet=60.6092 best=60.1043 since_improve=1427
t=582792ms iter=1701 WAIST cost=57.0000 best_alt=51.0000 gap=6.0000 tried=5 sep_labels=51 clique_frac=0.01
t=582937ms iter=1701 REBUILD reject new_tc=61.4262 (was 60.1051)
t=583091ms iter=1701 incumb=60.1051 ratchet=60.1196 best=60.1043 since_improve=1428
t=583099ms iter=1702 WAIST cost=57.0000 best_alt=50.0000 gap=7.0000 tried=5 sep_labels=50 clique_frac=0.01
t=583252ms iter=1702 REBUILD reject new_tc=61.6296 (was 60.1051)
t=583408ms iter=1702 incumb=60.1051 ratchet=60.2612 best=60.1043 since_improve=1429
t=583417ms iter=1703 WAIST cost=57.0000 best_alt=52.0000 gap=5.0000 tried=5 sep_labels=52 clique_frac=0.01
t=583589ms iter=1703 REBUILD reject new_tc=60.4776 (was 60.1051)
t=583746ms iter=1703 incumb=60.1051 ratchet=60.3773 best=60.1043 since_improve=1430
t=583756ms iter=1704 WAIST cost=57.0000 best_alt=51.0000 gap=6.0000 tried=5 sep_labels=51 clique_frac=0.01
t=583912ms iter=1704 REBUILD reject new_tc=62.3454 (was 60.1051)
t=584065ms iter=1704 incumb=60.1051 ratchet=60.2263 best=60.1043 since_improve=1431
t=584073ms iter=1705 WAIST cost=57.0000 best_alt=52.0000 gap=5.0000 tried=5 sep_labels=52 clique_frac=0.01
t=584245ms iter=1705 REBUILD reject new_tc=60.9870 (was 60.1051)
t=584402ms iter=1705 incumb=60.1051 ratchet=60.2856 best=60.1043 since_improve=1432
t=584409ms iter=1706 WAIST cost=57.0000 best_alt=51.0000 gap=6.0000 tried=5 sep_labels=51 clique_frac=0.01
t=584583ms iter=1706 REBUILD reject new_tc=61.6123 (was 60.1051)
t=584736ms iter=1706 incumb=60.1051 ratchet=60.2144 best=60.1043 since_improve=1433
t=584745ms iter=1707 WAIST cost=57.0000 best_alt=52.0000 gap=5.0000 tried=5 sep_labels=52 clique_frac=0.01
t=584958ms iter=1707 REBUILD reject new_tc=61.4907 (was 60.1051)
t=585113ms iter=1707 incumb=60.1051 ratchet=60.2026 best=60.1043 since_improve=1434
t=585121ms iter=1708 WAIST cost=57.0000 best_alt=52.0000 gap=5.0000 tried=5 sep_labels=52 clique_frac=0.01
t=585290ms iter=1708 REBUILD reject new_tc=60.6009 (was 60.1051)
t=585451ms iter=1708 incumb=60.1051 ratchet=60.2714 best=60.1043 since_improve=1435
t=585459ms iter=1709 WAIST cost=57.0000 best_alt=52.0000 gap=5.0000 tried=5 sep_labels=52 clique_frac=0.01
t=585630ms iter=1709 REBUILD reject new_tc=60.8760 (was 60.1051)
t=585781ms iter=1709 incumb=60.1051 ratchet=60.3407 best=60.1043 since_improve=1436
t=585790ms iter=1710 WAIST cost=57.0000 best_alt=51.0000 gap=6.0000 tried=5 sep_labels=51 clique_frac=0.01
t=585964ms iter=1710 REBUILD reject new_tc=60.7556 (was 60.1051)
t=586149ms iter=1710 incumb=60.1051 ratchet=60.3136 best=60.1043 since_improve=1437
t=586158ms iter=1711 WAIST cost=57.0000 best_alt=50.0000 gap=7.0000 tried=5 sep_labels=50 clique_frac=0.01
t=586313ms iter=1711 REBUILD reject new_tc=61.5677 (was 60.1051)
t=586468ms iter=1711 incumb=60.1051 ratchet=60.3668 best=60.1043 since_improve=1438
t=586474ms iter=1712 WAIST cost=57.0000 best_alt=52.0000 gap=5.0000 tried=5 sep_labels=52 clique_frac=0.01
t=586646ms iter=1712 REBUILD reject new_tc=60.9116 (was 60.1051)
t=586803ms iter=1712 incumb=60.1051 ratchet=60.3364 best=60.1043 since_improve=1439
t=586813ms iter=1713 WAIST cost=57.0000 best_alt=51.0000 gap=6.0000 tried=5 sep_labels=51 clique_frac=0.01
t=586961ms iter=1713 REBUILD reject new_tc=61.6974 (was 60.1051)
t=587113ms iter=1713 incumb=60.1051 ratchet=60.3359 best=60.1043 since_improve=1440
t=587124ms iter=1714 WAIST cost=57.0000 best_alt=51.0000 gap=6.0000 tried=5 sep_labels=51 clique_frac=0.01
t=587283ms iter=1714 REBUILD reject new_tc=65.3173 (was 60.1051)
t=587440ms iter=1714 incumb=60.1051 ratchet=60.1750 best=60.1043 since_improve=1441
t=587448ms iter=1715 WAIST cost=57.0000 best_alt=52.0000 gap=5.0000 tried=5 sep_labels=52 clique_frac=0.01
t=587620ms iter=1715 REBUILD reject new_tc=60.8332 (was 60.1051)
t=587787ms iter=1715 incumb=60.1051 ratchet=60.1944 best=60.1043 since_improve=1442
t=587796ms iter=1716 WAIST cost=57.0000 best_alt=52.0000 gap=5.0000 tried=5 sep_labels=52 clique_frac=0.01
t=587967ms iter=1716 REBUILD reject new_tc=60.7904 (was 60.1051)
t=588125ms iter=1716 incumb=60.1051 ratchet=60.3305 best=60.1043 since_improve=1443
t=588133ms iter=1717 WAIST cost=57.0000 best_alt=52.0000 gap=5.0000 tried=5 sep_labels=52 clique_frac=0.01
t=588323ms iter=1717 REBUILD reject new_tc=61.0610 (was 60.1051)
t=588536ms iter=1717 incumb=60.1051 ratchet=60.1119 best=60.1043 since_improve=1444
t=588545ms iter=1718 WAIST cost=57.0000 best_alt=52.0000 gap=5.0000 tried=5 sep_labels=52 clique_frac=0.01
t=588720ms iter=1718 REBUILD reject new_tc=64.3658 (was 60.1051)
t=588872ms iter=1718 incumb=60.1051 ratchet=60.4255 best=60.1043 since_improve=1445
t=588881ms iter=1719 WAIST cost=57.0000 best_alt=52.0000 gap=5.0000 tried=5 sep_labels=52 clique_frac=0.01
t=589097ms iter=1719 REBUILD reject new_tc=60.9077 (was 60.1051)
t=589280ms iter=1719 incumb=60.1051 ratchet=60.1636 best=60.1043 since_improve=1446
t=589287ms iter=1720 WAIST cost=57.0000 best_alt=52.0000 gap=5.0000 tried=5 sep_labels=52 clique_frac=0.01
t=589455ms iter=1720 REBUILD reject new_tc=61.9687 (was 60.1051)
t=589607ms iter=1720 incumb=60.1051 ratchet=60.4030 best=60.1043 since_improve=1447
t=589617ms iter=1721 WAIST cost=57.0000 best_alt=49.0000 gap=8.0000 tried=5 sep_labels=49 clique_frac=0.01
t=589768ms iter=1721 REBUILD reject new_tc=61.7575 (was 60.1051)
t=589924ms iter=1721 incumb=60.1051 ratchet=60.1807 best=60.1043 since_improve=1448
t=589933ms iter=1722 WAIST cost=57.0000 best_alt=51.0000 gap=6.0000 tried=5 sep_labels=51 clique_frac=0.01
t=590089ms iter=1722 REBUILD reject new_tc=61.3712 (was 60.1051)
t=590243ms iter=1722 incumb=60.1051 ratchet=60.2150 best=60.1043 since_improve=1449
t=590253ms iter=1723 WAIST cost=57.0000 best_alt=51.0000 gap=6.0000 tried=5 sep_labels=51 clique_frac=0.01
t=590411ms iter=1723 REBUILD reject new_tc=61.4527 (was 60.1051)
t=590570ms iter=1723 incumb=60.1051 ratchet=60.4648 best=60.1043 since_improve=1450
t=590578ms iter=1724 WAIST cost=57.0000 best_alt=52.0000 gap=5.0000 tried=5 sep_labels=52 clique_frac=0.01
t=590757ms iter=1724 REBUILD reject new_tc=61.0442 (was 60.1051)
t=590911ms iter=1724 incumb=60.1051 ratchet=60.3053 best=60.1043 since_improve=1451
t=590918ms iter=1725 WAIST cost=57.0000 best_alt=52.0000 gap=5.0000 tried=5 sep_labels=52 clique_frac=0.01
t=591094ms iter=1725 REBUILD reject new_tc=60.9160 (was 60.1051)
t=591255ms iter=1725 incumb=60.1051 ratchet=60.3106 best=60.1043 since_improve=1452
t=591264ms iter=1726 WAIST cost=57.0000 best_alt=52.0000 gap=5.0000 tried=5 sep_labels=52 clique_frac=0.01
t=591437ms iter=1726 REBUILD reject new_tc=60.7567 (was 60.1051)
t=591591ms iter=1726 incumb=60.1051 ratchet=60.1604 best=60.1043 since_improve=1453
t=591607ms iter=1727 WAIST cost=57.0000 best_alt=52.0000 gap=5.0000 tried=5 sep_labels=52 clique_frac=0.01
t=591806ms iter=1727 REBUILD reject new_tc=61.3171 (was 60.1051)
t=591966ms iter=1727 incumb=60.1051 ratchet=60.5663 best=60.1043 since_improve=1454
t=591975ms iter=1728 WAIST cost=57.0000 best_alt=52.0000 gap=5.0000 tried=5 sep_labels=52 clique_frac=0.01
t=592148ms iter=1728 REBUILD reject new_tc=60.7531 (was 60.1051)
t=592303ms iter=1728 incumb=60.1051 ratchet=60.3787 best=60.1043 since_improve=1455
t=592311ms iter=1729 WAIST cost=57.0000 best_alt=52.0000 gap=5.0000 tried=5 sep_labels=52 clique_frac=0.01
t=592483ms iter=1729 REBUILD reject new_tc=60.7380 (was 60.1051)
t=592632ms iter=1729 incumb=60.1051 ratchet=60.2717 best=60.1043 since_improve=1456
t=592640ms iter=1730 WAIST cost=57.0000 best_alt=52.0000 gap=5.0000 tried=5 sep_labels=52 clique_frac=0.01
t=592816ms iter=1730 REBUILD reject new_tc=60.8639 (was 60.1051)
t=592973ms iter=1730 incumb=60.1051 ratchet=60.3592 best=60.1043 since_improve=1457
t=592983ms iter=1731 WAIST cost=57.0000 best_alt=52.0000 gap=5.0000 tried=5 sep_labels=52 clique_frac=0.01
t=593155ms iter=1731 REBUILD reject new_tc=60.8581 (was 60.1051)
t=593308ms iter=1731 incumb=60.1051 ratchet=60.1476 best=60.1043 since_improve=1458
t=593316ms iter=1732 WAIST cost=57.0000 best_alt=50.0000 gap=7.0000 tried=5 sep_labels=50 clique_frac=0.01
t=593463ms iter=1732 REBUILD reject new_tc=63.3074 (was 60.1051)
t=593613ms iter=1732 incumb=60.1051 ratchet=60.2668 best=60.1043 since_improve=1459
t=593621ms iter=1733 WAIST cost=57.0000 best_alt=52.0000 gap=5.0000 tried=5 sep_labels=52 clique_frac=0.01
t=593794ms iter=1733 REBUILD reject new_tc=61.7265 (was 60.1051)
t=593950ms iter=1733 incumb=60.1051 ratchet=60.2177 best=60.1043 since_improve=1460
t=593959ms iter=1734 WAIST cost=57.0000 best_alt=49.0000 gap=8.0000 tried=5 sep_labels=49 clique_frac=0.01
t=594109ms iter=1734 REBUILD reject new_tc=61.9067 (was 60.1051)
t=594266ms iter=1734 incumb=60.1051 ratchet=60.3572 best=60.1043 since_improve=1461
t=594273ms iter=1735 WAIST cost=57.0000 best_alt=52.0000 gap=5.0000 tried=5 sep_labels=52 clique_frac=0.01
t=594445ms iter=1735 REBUILD reject new_tc=62.1640 (was 60.1051)
t=594600ms iter=1735 incumb=60.1051 ratchet=60.3673 best=60.1043 since_improve=1462
t=594610ms iter=1736 WAIST cost=57.0000 best_alt=52.0000 gap=5.0000 tried=5 sep_labels=52 clique_frac=0.01
t=594782ms iter=1736 REBUILD reject new_tc=61.2745 (was 60.1051)
t=594932ms iter=1736 incumb=60.1051 ratchet=60.3325 best=60.1043 since_improve=1463
t=594941ms iter=1737 WAIST cost=57.0000 best_alt=49.0000 gap=8.0000 tried=5 sep_labels=49 clique_frac=0.01
t=595093ms iter=1737 REBUILD reject new_tc=61.5318 (was 60.1051)
t=595259ms iter=1737 incumb=60.1051 ratchet=60.3414 best=60.1043 since_improve=1464
t=595269ms iter=1738 WAIST cost=57.0000 best_alt=51.0000 gap=6.0000 tried=5 sep_labels=51 clique_frac=0.01
t=595420ms iter=1738 REBUILD reject new_tc=61.5104 (was 60.1051)
t=595572ms iter=1738 incumb=60.1051 ratchet=60.2350 best=60.1043 since_improve=1465
t=595580ms iter=1739 WAIST cost=57.0000 best_alt=52.0000 gap=5.0000 tried=5 sep_labels=52 clique_frac=0.01
t=595774ms iter=1739 REBUILD reject new_tc=72.0011 (was 60.1051)
t=595929ms iter=1739 incumb=60.1051 ratchet=60.3915 best=60.1043 since_improve=1466
t=595937ms iter=1740 WAIST cost=57.0000 best_alt=49.0000 gap=8.0000 tried=5 sep_labels=49 clique_frac=0.01
t=596094ms iter=1740 REBUILD reject new_tc=61.5625 (was 60.1051)
t=596249ms iter=1740 incumb=60.1051 ratchet=60.2298 best=60.1043 since_improve=1467
t=596258ms iter=1741 WAIST cost=57.0000 best_alt=51.0000 gap=6.0000 tried=5 sep_labels=51 clique_frac=0.01
t=596412ms iter=1741 REBUILD reject new_tc=63.3205 (was 60.1051)
t=596563ms iter=1741 incumb=60.1051 ratchet=60.1235 best=60.1043 since_improve=1468
t=596572ms iter=1742 WAIST cost=57.0000 best_alt=51.0000 gap=6.0000 tried=5 sep_labels=51 clique_frac=0.01
t=596720ms iter=1742 REBUILD reject new_tc=61.5555 (was 60.1051)
t=596879ms iter=1742 incumb=60.1051 ratchet=60.3934 best=60.1043 since_improve=1469
t=596889ms iter=1743 WAIST cost=57.0000 best_alt=49.0000 gap=8.0000 tried=5 sep_labels=49 clique_frac=0.01
t=597045ms iter=1743 REBUILD reject new_tc=61.2952 (was 60.1051)
t=597196ms iter=1743 incumb=60.1051 ratchet=60.3535 best=60.1043 since_improve=1470
t=597208ms iter=1744 WAIST cost=57.0000 best_alt=49.0000 gap=8.0000 tried=5 sep_labels=49 clique_frac=0.01
t=597359ms iter=1744 REBUILD reject new_tc=61.3208 (was 60.1051)
t=597515ms iter=1744 incumb=60.1051 ratchet=60.4591 best=60.1043 since_improve=1471
t=597524ms iter=1745 WAIST cost=57.0000 best_alt=49.0000 gap=8.0000 tried=5 sep_labels=49 clique_frac=0.01
t=597661ms iter=1745 REBUILD reject new_tc=79.0005 (was 60.1051)
t=597816ms iter=1745 incumb=60.1051 ratchet=60.3058 best=60.1043 since_improve=1472
t=597825ms iter=1746 WAIST cost=57.0000 best_alt=52.0000 gap=5.0000 tried=5 sep_labels=52 clique_frac=0.01
t=598007ms iter=1746 REBUILD reject new_tc=61.1902 (was 60.1051)
t=598167ms iter=1746 incumb=60.1051 ratchet=60.3671 best=60.1043 since_improve=1473
t=598175ms iter=1747 WAIST cost=57.0000 best_alt=51.0000 gap=6.0000 tried=5 sep_labels=51 clique_frac=0.01
t=598328ms iter=1747 REBUILD reject new_tc=61.7907 (was 60.1051)
t=598483ms iter=1747 incumb=60.1051 ratchet=60.1494 best=60.1043 since_improve=1474
t=598493ms iter=1748 WAIST cost=57.0000 best_alt=52.0000 gap=5.0000 tried=5 sep_labels=52 clique_frac=0.01
t=598669ms iter=1748 REBUILD reject new_tc=61.0276 (was 60.1051)
t=598823ms iter=1748 incumb=60.1051 ratchet=60.2426 best=60.1043 since_improve=1475
t=598830ms iter=1749 WAIST cost=57.0000 best_alt=51.0000 gap=6.0000 tried=5 sep_labels=51 clique_frac=0.01
t=598994ms iter=1749 REBUILD reject new_tc=61.6826 (was 60.1051)
t=599152ms iter=1749 incumb=60.1051 ratchet=60.7047 best=60.1043 since_improve=1476
t=599161ms iter=1750 WAIST cost=57.0000 best_alt=52.0000 gap=5.0000 tried=5 sep_labels=52 clique_frac=0.01
t=599327ms iter=1750 REBUILD reject new_tc=61.4453 (was 60.1051)
t=599491ms iter=1750 incumb=60.1051 ratchet=60.1727 best=60.1043 since_improve=1477
t=599499ms iter=1751 WAIST cost=57.0000 best_alt=52.0000 gap=5.0000 tried=5 sep_labels=52 clique_frac=0.01
t=599669ms iter=1751 REBUILD reject new_tc=64.0610 (was 60.1051)
t=599821ms iter=1751 incumb=60.1051 ratchet=60.4859 best=60.1043 since_improve=1478
t=599829ms iter=1752 WAIST cost=57.0000 best_alt=52.0000 gap=5.0000 tried=5 sep_labels=52 clique_frac=0.01
t=599992ms iter=1752 REBUILD reject new_tc=69.0044 (was 60.1051)
t=600147ms iter=1752 incumb=60.1051 ratchet=60.3072 best=60.1043 since_improve=1479
t=600156ms iter=1753 WAIST cost=57.0000 best_alt=52.0000 gap=5.0000 tried=5 sep_labels=52 clique_frac=0.01
t=600331ms iter=1753 REBUILD reject new_tc=60.6732 (was 60.1051)
t=600485ms iter=1753 incumb=60.1051 ratchet=60.1313 best=60.1043 since_improve=1480
t=600495ms iter=1754 WAIST cost=57.0000 best_alt=52.0000 gap=5.0000 tried=5 sep_labels=52 clique_frac=0.01
t=600662ms iter=1754 REBUILD reject new_tc=60.5967 (was 60.1051)
t=600814ms iter=1754 incumb=60.1051 ratchet=60.4181 best=60.1043 since_improve=1481
t=600823ms iter=1755 WAIST cost=57.0000 best_alt=52.0000 gap=5.0000 tried=5 sep_labels=52 clique_frac=0.01
t=601002ms iter=1755 REBUILD reject new_tc=60.9572 (was 60.1051)
t=601158ms iter=1755 incumb=60.1051 ratchet=60.2395 best=60.1043 since_improve=1482
t=601167ms iter=1756 WAIST cost=57.0000 best_alt=52.0000 gap=5.0000 tried=5 sep_labels=52 clique_frac=0.01
t=601339ms iter=1756 REBUILD reject new_tc=60.5628 (was 60.1051)
t=601498ms iter=1756 incumb=60.1051 ratchet=60.2062 best=60.1043 since_improve=1483
t=601508ms iter=1757 WAIST cost=57.0000 best_alt=52.0000 gap=5.0000 tried=5 sep_labels=52 clique_frac=0.01
t=601678ms iter=1757 REBUILD reject new_tc=60.9773 (was 60.1051)
t=601832ms iter=1757 incumb=60.1051 ratchet=60.3252 best=60.1043 since_improve=1484
t=601840ms iter=1758 WAIST cost=57.0000 best_alt=52.0000 gap=5.0000 tried=5 sep_labels=52 clique_frac=0.01
t=602024ms iter=1758 REBUILD reject new_tc=61.2670 (was 60.1051)
t=602184ms iter=1758 incumb=60.1051 ratchet=60.2847 best=60.1043 since_improve=1485
t=602191ms iter=1759 WAIST cost=57.0000 best_alt=52.0000 gap=5.0000 tried=5 sep_labels=52 clique_frac=0.01
t=602364ms iter=1759 REBUILD reject new_tc=61.0085 (was 60.1051)
t=602516ms iter=1759 incumb=60.1051 ratchet=60.4024 best=60.1043 since_improve=1486
t=602526ms iter=1760 WAIST cost=57.0000 best_alt=51.0000 gap=6.0000 tried=5 sep_labels=51 clique_frac=0.01
t=602683ms iter=1760 REBUILD reject new_tc=61.6156 (was 60.1051)
t=602839ms iter=1760 incumb=60.1051 ratchet=60.2516 best=60.1043 since_improve=1487
t=602848ms iter=1761 WAIST cost=57.0000 best_alt=52.0000 gap=5.0000 tried=5 sep_labels=52 clique_frac=0.01
t=603021ms iter=1761 REBUILD reject new_tc=60.8607 (was 60.1051)
t=603177ms iter=1761 incumb=60.1051 ratchet=60.3189 best=60.1043 since_improve=1488
t=603184ms iter=1762 WAIST cost=57.0000 best_alt=52.0000 gap=5.0000 tried=5 sep_labels=52 clique_frac=0.01
t=603354ms iter=1762 REBUILD reject new_tc=60.8803 (was 60.1051)
t=603508ms iter=1762 incumb=60.1051 ratchet=60.4822 best=60.1043 since_improve=1489
t=603517ms iter=1763 WAIST cost=57.0000 best_alt=49.0000 gap=8.0000 tried=5 sep_labels=49 clique_frac=0.01
t=603660ms iter=1763 REBUILD reject new_tc=61.6837 (was 60.1051)
t=603811ms iter=1763 incumb=60.1051 ratchet=60.4938 best=60.1043 since_improve=1490
t=603820ms iter=1764 WAIST cost=57.0000 best_alt=52.0000 gap=5.0000 tried=5 sep_labels=52 clique_frac=0.01
t=603990ms iter=1764 REBUILD reject new_tc=60.8025 (was 60.1051)
t=604142ms iter=1764 incumb=60.1051 ratchet=60.2454 best=60.1043 since_improve=1491
t=604150ms iter=1765 WAIST cost=57.0000 best_alt=52.0000 gap=5.0000 tried=5 sep_labels=52 clique_frac=0.01
t=604317ms iter=1765 REBUILD reject new_tc=61.1306 (was 60.1051)
t=604471ms iter=1765 incumb=60.1051 ratchet=60.3959 best=60.1043 since_improve=1492
t=604481ms iter=1766 WAIST cost=57.0000 best_alt=52.0000 gap=5.0000 tried=5 sep_labels=52 clique_frac=0.01
t=604656ms iter=1766 REBUILD reject new_tc=61.5398 (was 60.1051)
t=604809ms iter=1766 incumb=60.1051 ratchet=60.2964 best=60.1043 since_improve=1493
t=604817ms iter=1767 WAIST cost=57.0000 best_alt=49.0000 gap=8.0000 tried=5 sep_labels=49 clique_frac=0.01
t=604972ms iter=1767 REBUILD reject new_tc=62.1875 (was 60.1051)
t=605132ms iter=1767 incumb=60.1051 ratchet=60.1966 best=60.1043 since_improve=1494
t=605142ms iter=1768 WAIST cost=57.0000 best_alt=49.0000 gap=8.0000 tried=5 sep_labels=49 clique_frac=0.01
t=605296ms iter=1768 REBUILD reject new_tc=61.4268 (was 60.1051)
t=605451ms iter=1768 incumb=60.1051 ratchet=60.2026 best=60.1043 since_improve=1495
t=605459ms iter=1769 WAIST cost=57.0000 best_alt=49.0000 gap=8.0000 tried=5 sep_labels=49 clique_frac=0.01
t=605609ms iter=1769 REBUILD reject new_tc=61.4256 (was 60.1051)
t=605758ms iter=1769 incumb=60.1051 ratchet=60.2441 best=60.1043 since_improve=1496
t=605766ms iter=1770 WAIST cost=57.0000 best_alt=50.0000 gap=7.0000 tried=5 sep_labels=50 clique_frac=0.01
t=605916ms iter=1770 REBUILD reject new_tc=61.3562 (was 60.1051)
t=606068ms iter=1770 incumb=60.1051 ratchet=60.3434 best=60.1043 since_improve=1497
t=606076ms iter=1771 WAIST cost=57.0000 best_alt=52.0000 gap=5.0000 tried=5 sep_labels=52 clique_frac=0.01
t=606246ms iter=1771 REBUILD reject new_tc=60.5171 (was 60.1051)
t=606400ms iter=1771 incumb=60.1051 ratchet=60.3172 best=60.1043 since_improve=1498
t=606408ms iter=1772 WAIST cost=57.0000 best_alt=49.0000 gap=8.0000 tried=5 sep_labels=49 clique_frac=0.01
t=606564ms iter=1772 REBUILD reject new_tc=61.5429 (was 60.1051)
t=606722ms iter=1772 incumb=60.1051 ratchet=60.3204 best=60.1043 since_improve=1499
t=606732ms iter=1773 WAIST cost=57.0000 best_alt=50.0000 gap=7.0000 tried=5 sep_labels=50 clique_frac=0.01
t=606885ms iter=1773 REBUILD reject new_tc=61.5653 (was 60.1051)
t=607042ms iter=1773 incumb=60.1051 ratchet=60.1745 best=60.1043 since_improve=1500
t=607052ms iter=1774 WAIST cost=57.0000 best_alt=52.0000 gap=5.0000 tried=5 sep_labels=52 clique_frac=0.01
t=607219ms iter=1774 REBUILD reject new_tc=61.9673 (was 60.1051)
t=607373ms iter=1774 incumb=60.1051 ratchet=60.1948 best=60.1043 since_improve=1501
t=607381ms iter=1775 WAIST cost=57.0000 best_alt=49.0000 gap=8.0000 tried=5 sep_labels=49 clique_frac=0.01
t=607534ms iter=1775 REBUILD reject new_tc=61.5249 (was 60.1051)
t=607685ms iter=1775 incumb=60.1051 ratchet=60.1784 best=60.1043 since_improve=1502
t=607695ms iter=1776 WAIST cost=57.0000 best_alt=50.0000 gap=7.0000 tried=5 sep_labels=50 clique_frac=0.01
t=607840ms iter=1776 REBUILD reject new_tc=61.5562 (was 60.1051)
t=607992ms iter=1776 incumb=60.1051 ratchet=60.2812 best=60.1043 since_improve=1503
t=608004ms iter=1777 WAIST cost=57.0000 best_alt=51.0000 gap=6.0000 tried=5 sep_labels=51 clique_frac=0.01
t=608170ms iter=1777 REBUILD reject new_tc=61.5450 (was 60.1051)
t=608329ms iter=1777 incumb=60.1051 ratchet=60.2908 best=60.1043 since_improve=1504
t=608337ms iter=1778 WAIST cost=57.0000 best_alt=52.0000 gap=5.0000 tried=5 sep_labels=52 clique_frac=0.01
t=608507ms iter=1778 REBUILD reject new_tc=60.7642 (was 60.1051)
t=608660ms iter=1778 incumb=60.1051 ratchet=60.5220 best=60.1043 since_improve=1505
t=608669ms iter=1779 WAIST cost=57.0000 best_alt=52.0000 gap=5.0000 tried=5 sep_labels=52 clique_frac=0.01
t=608840ms iter=1779 REBUILD reject new_tc=63.4874 (was 60.1051)
t=608996ms iter=1779 incumb=60.1051 ratchet=60.3303 best=60.1043 since_improve=1506
t=609008ms iter=1780 WAIST cost=57.0000 best_alt=51.0000 gap=6.0000 tried=5 sep_labels=51 clique_frac=0.01
t=609180ms iter=1780 REBUILD reject new_tc=60.7537 (was 60.1051)
t=609341ms iter=1780 incumb=60.1051 ratchet=60.2300 best=60.1043 since_improve=1507
t=609351ms iter=1781 WAIST cost=57.0000 best_alt=50.0000 gap=7.0000 tried=5 sep_labels=50 clique_frac=0.01
t=609506ms iter=1781 REBUILD reject new_tc=61.7506 (was 60.1051)
t=609658ms iter=1781 incumb=60.1051 ratchet=60.1120 best=60.1043 since_improve=1508
t=609665ms iter=1782 WAIST cost=57.0000 best_alt=52.0000 gap=5.0000 tried=5 sep_labels=52 clique_frac=0.01
t=609835ms iter=1782 REBUILD reject new_tc=60.6123 (was 60.1051)
t=609990ms iter=1782 incumb=60.1051 ratchet=60.3879 best=60.1043 since_improve=1509
t=609999ms iter=1783 WAIST cost=57.0000 best_alt=52.0000 gap=5.0000 tried=5 sep_labels=52 clique_frac=0.01
t=610169ms iter=1783 REBUILD reject new_tc=60.4457 (was 60.1051)
t=610326ms iter=1783 incumb=60.1051 ratchet=60.2584 best=60.1043 since_improve=1510
t=610335ms iter=1784 WAIST cost=57.0000 best_alt=52.0000 gap=5.0000 tried=5 sep_labels=52 clique_frac=0.01
t=610516ms iter=1784 REBUILD reject new_tc=60.7734 (was 60.1051)
t=610668ms iter=1784 incumb=60.1051 ratchet=60.3737 best=60.1043 since_improve=1511
t=610676ms iter=1785 WAIST cost=57.0000 best_alt=52.0000 gap=5.0000 tried=5 sep_labels=52 clique_frac=0.01
t=610852ms iter=1785 REBUILD reject new_tc=61.1193 (was 60.1051)
t=611014ms iter=1785 incumb=60.1051 ratchet=60.5559 best=60.1043 since_improve=1512
t=611023ms iter=1786 WAIST cost=57.0000 best_alt=52.0000 gap=5.0000 tried=5 sep_labels=52 clique_frac=0.01
t=611196ms iter=1786 REBUILD reject new_tc=61.6037 (was 60.1051)
t=611351ms iter=1786 incumb=60.1051 ratchet=60.4016 best=60.1043 since_improve=1513
t=611360ms iter=1787 WAIST cost=57.0000 best_alt=51.0000 gap=6.0000 tried=5 sep_labels=51 clique_frac=0.01
t=611519ms iter=1787 REBUILD reject new_tc=61.7488 (was 60.1051)
t=611678ms iter=1787 incumb=60.1051 ratchet=60.3573 best=60.1043 since_improve=1514
t=611686ms iter=1788 WAIST cost=57.0000 best_alt=51.0000 gap=6.0000 tried=5 sep_labels=51 clique_frac=0.01
t=611838ms iter=1788 REBUILD reject new_tc=62.1981 (was 60.1051)
t=611999ms iter=1788 incumb=60.1051 ratchet=60.1800 best=60.1043 since_improve=1515
t=612008ms iter=1789 WAIST cost=57.0000 best_alt=52.0000 gap=5.0000 tried=5 sep_labels=52 clique_frac=0.01
t=612178ms iter=1789 REBUILD reject new_tc=60.6945 (was 60.1051)
t=612333ms iter=1789 incumb=60.1051 ratchet=60.2580 best=60.1043 since_improve=1516
t=612340ms iter=1790 WAIST cost=57.0000 best_alt=52.0000 gap=5.0000 tried=5 sep_labels=52 clique_frac=0.01
t=612513ms iter=1790 REBUILD reject new_tc=60.9091 (was 60.1051)
t=612671ms iter=1790 incumb=60.1051 ratchet=60.1864 best=60.1043 since_improve=1517
t=612680ms iter=1791 WAIST cost=57.0000 best_alt=51.0000 gap=6.0000 tried=5 sep_labels=51 clique_frac=0.01
t=612855ms iter=1791 REBUILD reject new_tc=60.1426 (was 60.1051)
t=613007ms iter=1791 incumb=60.1051 ratchet=60.3049 best=60.1043 since_improve=1518
t=613015ms iter=1792 WAIST cost=57.0000 best_alt=51.0000 gap=6.0000 tried=5 sep_labels=51 clique_frac=0.01
t=613168ms iter=1792 REBUILD reject new_tc=61.5324 (was 60.1051)
t=613322ms iter=1792 incumb=60.1051 ratchet=60.4251 best=60.1043 since_improve=1519
t=613331ms iter=1793 WAIST cost=57.0000 best_alt=52.0000 gap=5.0000 tried=5 sep_labels=52 clique_frac=0.01
t=613504ms iter=1793 REBUILD reject new_tc=60.7466 (was 60.1051)
t=613658ms iter=1793 incumb=60.1051 ratchet=60.1569 best=60.1043 since_improve=1520
t=613668ms iter=1794 WAIST cost=57.0000 best_alt=49.0000 gap=8.0000 tried=5 sep_labels=49 clique_frac=0.01
t=613829ms iter=1794 REBUILD reject new_tc=61.4855 (was 60.1051)
t=613983ms iter=1794 incumb=60.1051 ratchet=60.2453 best=60.1043 since_improve=1521
t=613991ms iter=1795 WAIST cost=57.0000 best_alt=52.0000 gap=5.0000 tried=5 sep_labels=52 clique_frac=0.01
t=614170ms iter=1795 REBUILD reject new_tc=60.5296 (was 60.1051)
t=614323ms iter=1795 incumb=60.1051 ratchet=60.2642 best=60.1043 since_improve=1522
t=614330ms iter=1796 WAIST cost=57.0000 best_alt=52.0000 gap=5.0000 tried=5 sep_labels=52 clique_frac=0.01
t=614502ms iter=1796 REBUILD reject new_tc=60.6985 (was 60.1051)
t=614660ms iter=1796 incumb=60.1051 ratchet=60.3337 best=60.1043 since_improve=1523
t=614669ms iter=1797 WAIST cost=57.0000 best_alt=51.0000 gap=6.0000 tried=5 sep_labels=51 clique_frac=0.01
t=614837ms iter=1797 REBUILD reject new_tc=60.8480 (was 60.1051)
t=614991ms iter=1797 incumb=60.1051 ratchet=60.2174 best=60.1043 since_improve=1524
t=614998ms iter=1798 WAIST cost=57.0000 best_alt=52.0000 gap=5.0000 tried=5 sep_labels=52 clique_frac=0.01
t=615170ms iter=1798 REBUILD reject new_tc=60.4610 (was 60.1051)
t=615325ms iter=1798 incumb=60.1051 ratchet=60.6155 best=60.1043 since_improve=1525
t=615332ms iter=1799 WAIST cost=57.0000 best_alt=52.0000 gap=5.0000 tried=5 sep_labels=52 clique_frac=0.01
t=615502ms iter=1799 REBUILD reject new_tc=60.7624 (was 60.1051)
t=615658ms iter=1799 incumb=60.1051 ratchet=60.2535 best=60.1043 since_improve=1526
t=615667ms iter=1800 WAIST cost=57.0000 best_alt=49.0000 gap=8.0000 tried=5 sep_labels=49 clique_frac=0.01
t=615821ms iter=1800 REBUILD reject new_tc=61.0459 (was 60.1051)
t=615979ms iter=1800 incumb=60.1051 ratchet=60.3462 best=60.1043 since_improve=1527
t=615988ms iter=1801 WAIST cost=57.0000 best_alt=49.0000 gap=8.0000 tried=5 sep_labels=49 clique_frac=0.01
t=616152ms iter=1801 REBUILD reject new_tc=61.1533 (was 60.1051)
t=616306ms iter=1801 incumb=60.1051 ratchet=60.6864 best=60.1043 since_improve=1528
t=616315ms iter=1802 WAIST cost=57.0000 best_alt=51.0000 gap=6.0000 tried=5 sep_labels=51 clique_frac=0.01
t=616468ms iter=1802 REBUILD reject new_tc=61.6486 (was 60.1051)
t=616622ms iter=1802 incumb=60.1051 ratchet=60.1931 best=60.1043 since_improve=1529
t=616629ms iter=1803 WAIST cost=57.0000 best_alt=52.0000 gap=5.0000 tried=5 sep_labels=52 clique_frac=0.01
t=616791ms iter=1803 REBUILD reject new_tc=69.0040 (was 60.1051)
t=616947ms iter=1803 incumb=60.1051 ratchet=60.3612 best=60.1043 since_improve=1530
t=616955ms iter=1804 WAIST cost=57.0000 best_alt=51.0000 gap=6.0000 tried=5 sep_labels=51 clique_frac=0.01
t=617113ms iter=1804 REBUILD reject new_tc=61.5251 (was 60.1051)
t=617267ms iter=1804 incumb=60.1051 ratchet=60.4806 best=60.1043 since_improve=1531
t=617276ms iter=1805 WAIST cost=57.0000 best_alt=50.0000 gap=7.0000 tried=5 sep_labels=50 clique_frac=0.01
t=617419ms iter=1805 REBUILD reject new_tc=71.5941 (was 60.1051)
t=617572ms iter=1805 incumb=60.1051 ratchet=60.1381 best=60.1043 since_improve=1532
t=617579ms iter=1806 WAIST cost=57.0000 best_alt=52.0000 gap=5.0000 tried=5 sep_labels=52 clique_frac=0.01
t=617750ms iter=1806 REBUILD reject new_tc=60.2844 (was 60.1051)
t=617898ms iter=1806 incumb=60.1051 ratchet=60.1874 best=60.1043 since_improve=1533
t=617907ms iter=1807 WAIST cost=57.0000 best_alt=49.0000 gap=8.0000 tried=5 sep_labels=49 clique_frac=0.01
t=618060ms iter=1807 REBUILD reject new_tc=62.1243 (was 60.1051)
t=618205ms iter=1807 incumb=60.1051 ratchet=60.1673 best=60.1043 since_improve=1534
t=618214ms iter=1808 WAIST cost=57.0000 best_alt=52.0000 gap=5.0000 tried=5 sep_labels=52 clique_frac=0.01
t=618390ms iter=1808 REBUILD reject new_tc=60.3859 (was 60.1051)
t=618544ms iter=1808 incumb=60.1051 ratchet=60.3419 best=60.1043 since_improve=1535
t=618552ms iter=1809 WAIST cost=57.0000 best_alt=51.0000 gap=6.0000 tried=5 sep_labels=51 clique_frac=0.01
t=618708ms iter=1809 REBUILD reject new_tc=61.3840 (was 60.1051)
t=618861ms iter=1809 incumb=60.1051 ratchet=60.1453 best=60.1043 since_improve=1536
t=618869ms iter=1810 WAIST cost=57.0000 best_alt=52.0000 gap=5.0000 tried=5 sep_labels=52 clique_frac=0.01
t=619045ms iter=1810 REBUILD reject new_tc=60.8565 (was 60.1051)
t=619200ms iter=1810 incumb=60.1051 ratchet=60.3388 best=60.1043 since_improve=1537
t=619208ms iter=1811 WAIST cost=57.0000 best_alt=52.0000 gap=5.0000 tried=5 sep_labels=52 clique_frac=0.01
t=619385ms iter=1811 REBUILD reject new_tc=61.0787 (was 60.1051)
t=619540ms iter=1811 incumb=60.1051 ratchet=60.4472 best=60.1043 since_improve=1538
t=619550ms iter=1812 WAIST cost=57.0000 best_alt=50.0000 gap=7.0000 tried=5 sep_labels=50 clique_frac=0.01
t=619709ms iter=1812 REBUILD reject new_tc=60.7646 (was 60.1051)
t=619864ms iter=1812 incumb=60.1051 ratchet=60.4096 best=60.1043 since_improve=1539
t=619874ms iter=1813 WAIST cost=57.0000 best_alt=49.0000 gap=8.0000 tried=5 sep_labels=49 clique_frac=0.01
t=620025ms iter=1813 REBUILD reject new_tc=65.0514 (was 60.1051)
t=620178ms iter=1813 incumb=60.1051 ratchet=60.2421 best=60.1043 since_improve=1540
t=620185ms iter=1814 WAIST cost=57.0000 best_alt=52.0000 gap=5.0000 tried=5 sep_labels=52 clique_frac=0.01
t=620349ms iter=1814 REBUILD reject new_tc=61.6177 (was 60.1051)
t=620507ms iter=1814 incumb=60.1051 ratchet=60.1679 best=60.1043 since_improve=1541
t=620517ms iter=1815 WAIST cost=57.0000 best_alt=52.0000 gap=5.0000 tried=5 sep_labels=52 clique_frac=0.01
t=620676ms iter=1815 REBUILD reject new_tc=81.0000 (was 60.1051)
t=620833ms iter=1815 incumb=60.1051 ratchet=60.4396 best=60.1043 since_improve=1542
t=620843ms iter=1816 WAIST cost=57.0000 best_alt=50.0000 gap=7.0000 tried=5 sep_labels=50 clique_frac=0.01
t=620996ms iter=1816 REBUILD reject new_tc=61.3363 (was 60.1051)
t=621154ms iter=1816 incumb=60.1051 ratchet=60.7191 best=60.1043 since_improve=1543
t=621163ms iter=1817 WAIST cost=57.0000 best_alt=52.0000 gap=5.0000 tried=5 sep_labels=52 clique_frac=0.01
t=621339ms iter=1817 REBUILD reject new_tc=64.3377 (was 60.1051)
t=621498ms iter=1817 incumb=60.1051 ratchet=60.2193 best=60.1043 since_improve=1544
t=621506ms iter=1818 WAIST cost=57.0000 best_alt=52.0000 gap=5.0000 tried=5 sep_labels=52 clique_frac=0.01
t=621677ms iter=1818 REBUILD reject new_tc=60.5694 (was 60.1051)
t=621838ms iter=1818 incumb=60.1051 ratchet=60.6465 best=60.1043 since_improve=1545
t=621848ms iter=1819 WAIST cost=57.0000 best_alt=51.0000 gap=6.0000 tried=5 sep_labels=51 clique_frac=0.01
t=622002ms iter=1819 REBUILD reject new_tc=61.7089 (was 60.1051)
t=622149ms iter=1819 incumb=60.1051 ratchet=60.4056 best=60.1043 since_improve=1546
t=622157ms iter=1820 WAIST cost=57.0000 best_alt=52.0000 gap=5.0000 tried=5 sep_labels=52 clique_frac=0.01
t=622333ms iter=1820 REBUILD reject new_tc=60.5101 (was 60.1051)
t=622480ms iter=1820 incumb=60.1051 ratchet=60.1862 best=60.1043 since_improve=1547
t=622489ms iter=1821 WAIST cost=57.0000 best_alt=49.0000 gap=8.0000 tried=5 sep_labels=49 clique_frac=0.01
t=622650ms iter=1821 REBUILD reject new_tc=61.0644 (was 60.1051)
t=622805ms iter=1821 incumb=60.1051 ratchet=60.2115 best=60.1043 since_improve=1548
t=622814ms iter=1822 WAIST cost=57.0000 best_alt=52.0000 gap=5.0000 tried=5 sep_labels=52 clique_frac=0.01
t=622988ms iter=1822 REBUILD reject new_tc=60.4981 (was 60.1051)
t=623148ms iter=1822 incumb=60.1051 ratchet=60.3537 best=60.1043 since_improve=1549
t=623156ms iter=1823 WAIST cost=57.0000 best_alt=52.0000 gap=5.0000 tried=5 sep_labels=52 clique_frac=0.01
t=623321ms iter=1823 REBUILD reject new_tc=64.2702 (was 60.1051)
t=623476ms iter=1823 incumb=60.1051 ratchet=60.2654 best=60.1043 since_improve=1550
t=623486ms iter=1824 WAIST cost=57.0000 best_alt=52.0000 gap=5.0000 tried=5 sep_labels=52 clique_frac=0.01
t=623654ms iter=1824 REBUILD reject new_tc=60.9624 (was 60.1051)
t=623814ms iter=1824 incumb=60.1051 ratchet=60.4655 best=60.1043 since_improve=1551
t=623824ms iter=1825 WAIST cost=57.0000 best_alt=52.0000 gap=5.0000 tried=5 sep_labels=52 clique_frac=0.01
t=624000ms iter=1825 REBUILD reject new_tc=60.8493 (was 60.1051)
t=624156ms iter=1825 incumb=60.1051 ratchet=60.1403 best=60.1043 since_improve=1552
t=624165ms iter=1826 WAIST cost=57.0000 best_alt=51.0000 gap=6.0000 tried=5 sep_labels=51 clique_frac=0.01
t=624320ms iter=1826 REBUILD reject new_tc=61.3987 (was 60.1051)
t=624478ms iter=1826 incumb=60.1051 ratchet=60.4417 best=60.1043 since_improve=1553
t=624488ms iter=1827 WAIST cost=57.0000 best_alt=52.0000 gap=5.0000 tried=5 sep_labels=52 clique_frac=0.01
t=624663ms iter=1827 REBUILD reject new_tc=60.9767 (was 60.1051)
t=624827ms iter=1827 incumb=60.1051 ratchet=60.4750 best=60.1043 since_improve=1554
t=624835ms iter=1828 WAIST cost=57.0000 best_alt=52.0000 gap=5.0000 tried=5 sep_labels=52 clique_frac=0.01
t=625011ms iter=1828 REBUILD reject new_tc=60.8117 (was 60.1051)
t=625163ms iter=1828 incumb=60.1051 ratchet=60.1292 best=60.1043 since_improve=1555
t=625170ms iter=1829 WAIST cost=57.0000 best_alt=52.0000 gap=5.0000 tried=5 sep_labels=52 clique_frac=0.01
t=625344ms iter=1829 REBUILD reject new_tc=60.9206 (was 60.1051)
t=625525ms iter=1829 incumb=60.1051 ratchet=60.3864 best=60.1043 since_improve=1556
t=625536ms iter=1830 WAIST cost=57.0000 best_alt=52.0000 gap=5.0000 tried=5 sep_labels=52 clique_frac=0.01
t=625707ms iter=1830 REBUILD reject new_tc=62.8801 (was 60.1051)
t=625863ms iter=1830 incumb=60.1051 ratchet=60.1905 best=60.1043 since_improve=1557
t=625871ms iter=1831 WAIST cost=57.0000 best_alt=52.0000 gap=5.0000 tried=5 sep_labels=52 clique_frac=0.01
t=626056ms iter=1831 REBUILD reject new_tc=60.6952 (was 60.1051)
t=626238ms iter=1831 incumb=60.1051 ratchet=60.2927 best=60.1043 since_improve=1558
t=626247ms iter=1832 WAIST cost=57.0000 best_alt=52.0000 gap=5.0000 tried=5 sep_labels=52 clique_frac=0.01
t=626418ms iter=1832 REBUILD reject new_tc=60.4709 (was 60.1051)
t=626577ms iter=1832 incumb=60.1051 ratchet=60.3122 best=60.1043 since_improve=1559
t=626585ms iter=1833 WAIST cost=57.0000 best_alt=49.0000 gap=8.0000 tried=5 sep_labels=49 clique_frac=0.01
t=626744ms iter=1833 REBUILD reject new_tc=60.9905 (was 60.1051)
t=626894ms iter=1833 incumb=60.1051 ratchet=60.1784 best=60.1043 since_improve=1560
t=626901ms iter=1834 WAIST cost=57.0000 best_alt=52.0000 gap=5.0000 tried=5 sep_labels=52 clique_frac=0.01
t=627076ms iter=1834 REBUILD reject new_tc=60.8952 (was 60.1051)
t=627234ms iter=1834 incumb=60.1051 ratchet=60.3172 best=60.1043 since_improve=1561
t=627243ms iter=1835 WAIST cost=57.0000 best_alt=52.0000 gap=5.0000 tried=5 sep_labels=52 clique_frac=0.01
t=627415ms iter=1835 REBUILD reject new_tc=61.1285 (was 60.1051)
t=627573ms iter=1835 incumb=60.1051 ratchet=60.4568 best=60.1043 since_improve=1562
t=627580ms iter=1836 WAIST cost=57.0000 best_alt=52.0000 gap=5.0000 tried=5 sep_labels=52 clique_frac=0.01
t=627746ms iter=1836 REBUILD reject new_tc=71.0397 (was 60.1051)
t=627900ms iter=1836 incumb=60.1051 ratchet=60.2581 best=60.1043 since_improve=1563
t=627909ms iter=1837 WAIST cost=57.0000 best_alt=51.0000 gap=6.0000 tried=5 sep_labels=51 clique_frac=0.01
t=628058ms iter=1837 REBUILD reject new_tc=60.8107 (was 60.1051)
t=628213ms iter=1837 incumb=60.1051 ratchet=60.2801 best=60.1043 since_improve=1564
t=628222ms iter=1838 WAIST cost=57.0000 best_alt=52.0000 gap=5.0000 tried=5 sep_labels=52 clique_frac=0.01
t=628395ms iter=1838 REBUILD reject new_tc=60.8861 (was 60.1051)
t=628550ms iter=1838 incumb=60.1051 ratchet=60.5567 best=60.1043 since_improve=1565
t=628556ms iter=1839 WAIST cost=57.0000 best_alt=52.0000 gap=5.0000 tried=5 sep_labels=52 clique_frac=0.01
t=628730ms iter=1839 REBUILD reject new_tc=60.9895 (was 60.1051)
t=628885ms iter=1839 incumb=60.1051 ratchet=60.4285 best=60.1043 since_improve=1566
t=628894ms iter=1840 WAIST cost=57.0000 best_alt=52.0000 gap=5.0000 tried=5 sep_labels=52 clique_frac=0.01
t=629064ms iter=1840 REBUILD reject new_tc=60.7864 (was 60.1051)
t=629218ms iter=1840 incumb=60.1051 ratchet=60.1542 best=60.1043 since_improve=1567
t=629225ms iter=1841 WAIST cost=57.0000 best_alt=51.0000 gap=6.0000 tried=5 sep_labels=51 clique_frac=0.01
t=629381ms iter=1841 REBUILD reject new_tc=61.4896 (was 60.1051)
t=629535ms iter=1841 incumb=60.1051 ratchet=60.1948 best=60.1043 since_improve=1568
t=629545ms iter=1842 WAIST cost=57.0000 best_alt=51.0000 gap=6.0000 tried=5 sep_labels=51 clique_frac=0.01
t=629719ms iter=1842 REBUILD reject new_tc=64.5663 (was 60.1051)
t=629884ms iter=1842 incumb=60.1051 ratchet=60.3981 best=60.1043 since_improve=1569
t=629892ms iter=1843 WAIST cost=57.0000 best_alt=52.0000 gap=5.0000 tried=5 sep_labels=52 clique_frac=0.01
t=630063ms iter=1843 REBUILD reject new_tc=60.2868 (was 60.1051)
t=630223ms iter=1843 incumb=60.1051 ratchet=60.7821 best=60.1043 since_improve=1570
t=630231ms iter=1844 WAIST cost=57.0000 best_alt=52.0000 gap=5.0000 tried=5 sep_labels=52 clique_frac=0.01
t=630404ms iter=1844 REBUILD reject new_tc=60.6004 (was 60.1051)
t=630555ms iter=1844 incumb=60.1051 ratchet=60.3583 best=60.1043 since_improve=1571
t=630563ms iter=1845 WAIST cost=57.0000 best_alt=52.0000 gap=5.0000 tried=5 sep_labels=52 clique_frac=0.01
t=630733ms iter=1845 REBUILD reject new_tc=60.9180 (was 60.1051)
t=630891ms iter=1845 incumb=60.1051 ratchet=60.2007 best=60.1043 since_improve=1572
t=630898ms iter=1846 WAIST cost=57.0000 best_alt=52.0000 gap=5.0000 tried=5 sep_labels=52 clique_frac=0.01
t=631075ms iter=1846 REBUILD reject new_tc=60.6650 (was 60.1051)
t=631229ms iter=1846 incumb=60.1051 ratchet=60.4391 best=60.1043 since_improve=1573
t=631236ms iter=1847 WAIST cost=57.0000 best_alt=52.0000 gap=5.0000 tried=5 sep_labels=52 clique_frac=0.01
t=631406ms iter=1847 REBUILD reject new_tc=61.0943 (was 60.1051)
t=631557ms iter=1847 incumb=60.1051 ratchet=60.1348 best=60.1043 since_improve=1574
t=631565ms iter=1848 WAIST cost=57.0000 best_alt=52.0000 gap=5.0000 tried=5 sep_labels=52 clique_frac=0.01
t=631743ms iter=1848 REBUILD reject new_tc=60.8438 (was 60.1051)
t=631902ms iter=1848 incumb=60.1051 ratchet=60.1937 best=60.1043 since_improve=1575
t=631913ms iter=1849 WAIST cost=57.0000 best_alt=50.0000 gap=7.0000 tried=5 sep_labels=50 clique_frac=0.01
t=632072ms iter=1849 REBUILD reject new_tc=61.5102 (was 60.1051)
t=632220ms iter=1849 incumb=60.1051 ratchet=60.1561 best=60.1043 since_improve=1576
t=632229ms iter=1850 WAIST cost=57.0000 best_alt=51.0000 gap=6.0000 tried=5 sep_labels=51 clique_frac=0.01
t=632380ms iter=1850 REBUILD reject new_tc=61.0385 (was 60.1051)
t=632530ms iter=1850 incumb=60.1051 ratchet=60.1920 best=60.1043 since_improve=1577
t=632537ms iter=1851 WAIST cost=57.0000 best_alt=52.0000 gap=5.0000 tried=5 sep_labels=52 clique_frac=0.01
t=632701ms iter=1851 REBUILD reject new_tc=61.2639 (was 60.1051)
t=632846ms iter=1851 incumb=60.1051 ratchet=60.3543 best=60.1043 since_improve=1578
t=632854ms iter=1852 WAIST cost=57.0000 best_alt=51.0000 gap=6.0000 tried=5 sep_labels=51 clique_frac=0.01
t=633023ms iter=1852 REBUILD reject new_tc=61.4625 (was 60.1051)
t=633178ms iter=1852 incumb=60.1051 ratchet=60.3169 best=60.1043 since_improve=1579
t=633186ms iter=1853 WAIST cost=57.0000 best_alt=52.0000 gap=5.0000 tried=5 sep_labels=52 clique_frac=0.01
t=633360ms iter=1853 REBUILD reject new_tc=61.4750 (was 60.1051)
t=633516ms iter=1853 incumb=60.1051 ratchet=60.1982 best=60.1043 since_improve=1580
t=633524ms iter=1854 WAIST cost=57.0000 best_alt=52.0000 gap=5.0000 tried=5 sep_labels=52 clique_frac=0.01
t=633691ms iter=1854 REBUILD reject new_tc=61.2416 (was 60.1051)
t=633849ms iter=1854 incumb=60.1051 ratchet=60.2398 best=60.1043 since_improve=1581
t=633857ms iter=1855 WAIST cost=57.0000 best_alt=52.0000 gap=5.0000 tried=5 sep_labels=52 clique_frac=0.01
t=634029ms iter=1855 REBUILD reject new_tc=60.9338 (was 60.1051)
t=634179ms iter=1855 incumb=60.1051 ratchet=60.1356 best=60.1043 since_improve=1582
t=634189ms iter=1856 WAIST cost=57.0000 best_alt=50.0000 gap=7.0000 tried=5 sep_labels=50 clique_frac=0.01
t=634334ms iter=1856 REBUILD reject new_tc=66.8231 (was 60.1051)
t=634492ms iter=1856 incumb=60.1051 ratchet=60.1754 best=60.1043 since_improve=1583
t=634500ms iter=1857 WAIST cost=57.0000 best_alt=52.0000 gap=5.0000 tried=5 sep_labels=52 clique_frac=0.01
t=634671ms iter=1857 REBUILD reject new_tc=60.8001 (was 60.1051)
t=634824ms iter=1857 incumb=60.1051 ratchet=60.1742 best=60.1043 since_improve=1584
t=634833ms iter=1858 WAIST cost=57.0000 best_alt=52.0000 gap=5.0000 tried=5 sep_labels=52 clique_frac=0.01
t=635009ms iter=1858 REBUILD reject new_tc=60.9618 (was 60.1051)
t=635164ms iter=1858 incumb=60.1051 ratchet=60.3151 best=60.1043 since_improve=1585
t=635172ms iter=1859 WAIST cost=57.0000 best_alt=49.0000 gap=8.0000 tried=5 sep_labels=49 clique_frac=0.01
t=635316ms iter=1859 REBUILD reject new_tc=76.0052 (was 60.1051)
t=635471ms iter=1859 incumb=60.1051 ratchet=60.2064 best=60.1043 since_improve=1586
t=635480ms iter=1860 WAIST cost=57.0000 best_alt=51.0000 gap=6.0000 tried=5 sep_labels=51 clique_frac=0.01
t=635635ms iter=1860 REBUILD reject new_tc=61.4562 (was 60.1051)
t=635796ms iter=1860 incumb=60.1051 ratchet=60.1936 best=60.1043 since_improve=1587
t=635802ms iter=1861 WAIST cost=57.0000 best_alt=52.0000 gap=5.0000 tried=5 sep_labels=52 clique_frac=0.01
t=635975ms iter=1861 REBUILD reject new_tc=60.6328 (was 60.1051)
t=636130ms iter=1861 incumb=60.1051 ratchet=60.2685 best=60.1043 since_improve=1588
t=636139ms iter=1862 WAIST cost=57.0000 best_alt=52.0000 gap=5.0000 tried=5 sep_labels=52 clique_frac=0.01
t=636310ms iter=1862 REBUILD reject new_tc=64.1543 (was 60.1051)
t=636462ms iter=1862 incumb=60.1051 ratchet=60.2680 best=60.1043 since_improve=1589
t=636471ms iter=1863 WAIST cost=57.0000 best_alt=50.0000 gap=7.0000 tried=5 sep_labels=50 clique_frac=0.01
t=636622ms iter=1863 REBUILD reject new_tc=61.0384 (was 60.1051)
t=636780ms iter=1863 incumb=60.1051 ratchet=60.6120 best=60.1043 since_improve=1590
t=636787ms iter=1864 WAIST cost=57.0000 best_alt=52.0000 gap=5.0000 tried=5 sep_labels=52 clique_frac=0.01
t=636955ms iter=1864 REBUILD reject new_tc=65.5899 (was 60.1051)
t=637105ms iter=1864 incumb=60.1051 ratchet=60.1909 best=60.1043 since_improve=1591
t=637113ms iter=1865 WAIST cost=57.0000 best_alt=51.0000 gap=6.0000 tried=5 sep_labels=51 clique_frac=0.01
t=637271ms iter=1865 REBUILD reject new_tc=61.6151 (was 60.1051)
t=637430ms iter=1865 incumb=60.1051 ratchet=60.3080 best=60.1043 since_improve=1592
t=637437ms iter=1866 WAIST cost=57.0000 best_alt=52.0000 gap=5.0000 tried=5 sep_labels=52 clique_frac=0.01
t=637608ms iter=1866 REBUILD reject new_tc=61.1873 (was 60.1051)
t=637762ms iter=1866 incumb=60.1051 ratchet=60.2224 best=60.1043 since_improve=1593
t=637771ms iter=1867 WAIST cost=57.0000 best_alt=52.0000 gap=5.0000 tried=5 sep_labels=52 clique_frac=0.01
t=637938ms iter=1867 REBUILD reject new_tc=60.6353 (was 60.1051)
t=638090ms iter=1867 incumb=60.1051 ratchet=60.2138 best=60.1043 since_improve=1594
t=638099ms iter=1868 WAIST cost=57.0000 best_alt=52.0000 gap=5.0000 tried=5 sep_labels=52 clique_frac=0.01
t=638272ms iter=1868 REBUILD reject new_tc=60.5761 (was 60.1051)
t=638428ms iter=1868 incumb=60.1051 ratchet=60.2889 best=60.1043 since_improve=1595
t=638438ms iter=1869 WAIST cost=57.0000 best_alt=52.0000 gap=5.0000 tried=5 sep_labels=52 clique_frac=0.01
t=638613ms iter=1869 REBUILD reject new_tc=60.9883 (was 60.1051)
t=638774ms iter=1869 incumb=60.1051 ratchet=60.3584 best=60.1043 since_improve=1596
t=638782ms iter=1870 WAIST cost=57.0000 best_alt=52.0000 gap=5.0000 tried=5 sep_labels=52 clique_frac=0.01
t=638955ms iter=1870 REBUILD reject new_tc=60.4895 (was 60.1051)
t=639113ms iter=1870 incumb=60.1051 ratchet=60.2087 best=60.1043 since_improve=1597
t=639123ms iter=1871 WAIST cost=57.0000 best_alt=52.0000 gap=5.0000 tried=5 sep_labels=52 clique_frac=0.01
t=639294ms iter=1871 REBUILD reject new_tc=60.5531 (was 60.1051)
t=639454ms iter=1871 incumb=60.1051 ratchet=60.4030 best=60.1043 since_improve=1598
t=639462ms iter=1872 WAIST cost=57.0000 best_alt=52.0000 gap=5.0000 tried=5 sep_labels=52 clique_frac=0.01
t=639636ms iter=1872 REBUILD reject new_tc=60.7117 (was 60.1051)
t=639793ms iter=1872 incumb=60.1051 ratchet=60.5272 best=60.1043 since_improve=1599
t=639802ms iter=1873 WAIST cost=57.0000 best_alt=52.0000 gap=5.0000 tried=5 sep_labels=52 clique_frac=0.01
t=639974ms iter=1873 REBUILD reject new_tc=60.7692 (was 60.1051)
t=640131ms iter=1873 incumb=60.1051 ratchet=60.4423 best=60.1043 since_improve=1600
t=640141ms iter=1874 WAIST cost=57.0000 best_alt=51.0000 gap=6.0000 tried=5 sep_labels=51 clique_frac=0.01
t=640314ms iter=1874 REBUILD reject new_tc=60.8121 (was 60.1051)
t=640470ms iter=1874 incumb=60.1051 ratchet=60.1805 best=60.1043 since_improve=1601
t=640477ms iter=1875 WAIST cost=57.0000 best_alt=49.0000 gap=8.0000 tried=5 sep_labels=49 clique_frac=0.01
t=640631ms iter=1875 REBUILD reject new_tc=61.4532 (was 60.1051)
t=640791ms iter=1875 incumb=60.1051 ratchet=60.2941 best=60.1043 since_improve=1602
t=640800ms iter=1876 WAIST cost=57.0000 best_alt=52.0000 gap=5.0000 tried=5 sep_labels=52 clique_frac=0.01
t=640958ms iter=1876 REBUILD reject new_tc=73.0007 (was 60.1051)
t=641111ms iter=1876 incumb=60.1051 ratchet=60.3044 best=60.1043 since_improve=1603
t=641119ms iter=1877 WAIST cost=57.0000 best_alt=52.0000 gap=5.0000 tried=5 sep_labels=52 clique_frac=0.01
t=641287ms iter=1877 REBUILD reject new_tc=60.6327 (was 60.1051)
t=641439ms iter=1877 incumb=60.1051 ratchet=60.2646 best=60.1043 since_improve=1604
t=641449ms iter=1878 WAIST cost=57.0000 best_alt=52.0000 gap=5.0000 tried=5 sep_labels=52 clique_frac=0.01
t=641625ms iter=1878 REBUILD reject new_tc=61.0727 (was 60.1051)
t=641780ms iter=1878 incumb=60.1051 ratchet=60.1428 best=60.1043 since_improve=1605
t=641789ms iter=1879 WAIST cost=57.0000 best_alt=51.0000 gap=6.0000 tried=5 sep_labels=51 clique_frac=0.01
t=641967ms iter=1879 REBUILD reject new_tc=63.7907 (was 60.1051)
t=642122ms iter=1879 incumb=60.1051 ratchet=60.3147 best=60.1043 since_improve=1606
t=642130ms iter=1880 WAIST cost=57.0000 best_alt=52.0000 gap=5.0000 tried=5 sep_labels=52 clique_frac=0.01
t=642303ms iter=1880 REBUILD reject new_tc=60.6233 (was 60.1051)
t=642459ms iter=1880 incumb=60.1051 ratchet=60.3026 best=60.1043 since_improve=1607
t=642467ms iter=1881 WAIST cost=57.0000 best_alt=52.0000 gap=5.0000 tried=5 sep_labels=52 clique_frac=0.01
t=642642ms iter=1881 REBUILD reject new_tc=60.7751 (was 60.1051)
t=642801ms iter=1881 incumb=60.1051 ratchet=60.1226 best=60.1043 since_improve=1608
t=642810ms iter=1882 WAIST cost=57.0000 best_alt=52.0000 gap=5.0000 tried=5 sep_labels=52 clique_frac=0.01
t=642985ms iter=1882 REBUILD reject new_tc=60.6423 (was 60.1051)
t=643148ms iter=1882 incumb=60.1051 ratchet=60.4248 best=60.1043 since_improve=1609
t=643155ms iter=1883 WAIST cost=57.0000 best_alt=52.0000 gap=5.0000 tried=5 sep_labels=52 clique_frac=0.01
t=643326ms iter=1883 REBUILD reject new_tc=60.8328 (was 60.1051)
t=643484ms iter=1883 incumb=60.1051 ratchet=60.1604 best=60.1043 since_improve=1610
t=643492ms iter=1884 WAIST cost=57.0000 best_alt=51.0000 gap=6.0000 tried=5 sep_labels=51 clique_frac=0.01
t=643647ms iter=1884 REBUILD reject new_tc=61.3866 (was 60.1051)
t=643806ms iter=1884 incumb=60.1051 ratchet=60.2234 best=60.1043 since_improve=1611
t=643814ms iter=1885 WAIST cost=57.0000 best_alt=50.0000 gap=7.0000 tried=5 sep_labels=50 clique_frac=0.01
t=643964ms iter=1885 REBUILD reject new_tc=62.3809 (was 60.1051)
t=644122ms iter=1885 incumb=60.1051 ratchet=60.1848 best=60.1043 since_improve=1612
t=644131ms iter=1886 WAIST cost=57.0000 best_alt=52.0000 gap=5.0000 tried=5 sep_labels=52 clique_frac=0.01
t=644297ms iter=1886 REBUILD reject new_tc=60.7038 (was 60.1051)
t=644457ms iter=1886 incumb=60.1051 ratchet=60.1558 best=60.1043 since_improve=1613
t=644464ms iter=1887 WAIST cost=57.0000 best_alt=52.0000 gap=5.0000 tried=5 sep_labels=52 clique_frac=0.01
t=644640ms iter=1887 REBUILD reject new_tc=61.1428 (was 60.1051)
t=644798ms iter=1887 incumb=60.1051 ratchet=60.4129 best=60.1043 since_improve=1614
t=644807ms iter=1888 WAIST cost=57.0000 best_alt=51.0000 gap=6.0000 tried=5 sep_labels=51 clique_frac=0.01
t=644964ms iter=1888 REBUILD reject new_tc=61.5108 (was 60.1051)
t=645114ms iter=1888 incumb=60.1051 ratchet=60.2552 best=60.1043 since_improve=1615
t=645121ms iter=1889 WAIST cost=57.0000 best_alt=51.0000 gap=6.0000 tried=5 sep_labels=51 clique_frac=0.01
t=645276ms iter=1889 REBUILD reject new_tc=60.6879 (was 60.1051)
t=645433ms iter=1889 incumb=60.1051 ratchet=60.3479 best=60.1043 since_improve=1616
t=645443ms iter=1890 WAIST cost=57.0000 best_alt=52.0000 gap=5.0000 tried=5 sep_labels=52 clique_frac=0.01
t=645618ms iter=1890 REBUILD reject new_tc=60.5363 (was 60.1051)
t=645772ms iter=1890 incumb=60.1051 ratchet=60.2220 best=60.1043 since_improve=1617
t=645781ms iter=1891 WAIST cost=57.0000 best_alt=49.0000 gap=8.0000 tried=5 sep_labels=49 clique_frac=0.01
t=645920ms iter=1891 REBUILD reject new_tc=77.0027 (was 60.1051)
t=646076ms iter=1891 incumb=60.1051 ratchet=60.2098 best=60.1043 since_improve=1618
t=646084ms iter=1892 WAIST cost=57.0000 best_alt=52.0000 gap=5.0000 tried=5 sep_labels=52 clique_frac=0.01
t=646260ms iter=1892 REBUILD reject new_tc=60.7215 (was 60.1051)
t=646417ms iter=1892 incumb=60.1051 ratchet=60.3493 best=60.1043 since_improve=1619
t=646425ms iter=1893 WAIST cost=57.0000 best_alt=49.0000 gap=8.0000 tried=5 sep_labels=49 clique_frac=0.01
t=646564ms iter=1893 REBUILD reject new_tc=76.0006 (was 60.1051)
t=646719ms iter=1893 incumb=60.1051 ratchet=60.3218 best=60.1043 since_improve=1620
t=646726ms iter=1894 WAIST cost=57.0000 best_alt=52.0000 gap=5.0000 tried=5 sep_labels=52 clique_frac=0.01
t=646896ms iter=1894 REBUILD reject new_tc=61.0021 (was 60.1051)
t=647058ms iter=1894 incumb=60.1051 ratchet=60.3787 best=60.1043 since_improve=1621
t=647067ms iter=1895 WAIST cost=57.0000 best_alt=51.0000 gap=6.0000 tried=5 sep_labels=51 clique_frac=0.01
t=647217ms iter=1895 REBUILD reject new_tc=61.4517 (was 60.1051)
t=647371ms iter=1895 incumb=60.1051 ratchet=60.1561 best=60.1043 since_improve=1622
t=647379ms iter=1896 WAIST cost=57.0000 best_alt=52.0000 gap=5.0000 tried=5 sep_labels=52 clique_frac=0.01
t=647545ms iter=1896 REBUILD reject new_tc=60.5343 (was 60.1051)
t=647706ms iter=1896 incumb=60.1051 ratchet=60.4521 best=60.1043 since_improve=1623
t=647716ms iter=1897 WAIST cost=57.0000 best_alt=52.0000 gap=5.0000 tried=5 sep_labels=52 clique_frac=0.01
t=647883ms iter=1897 REBUILD reject new_tc=62.7351 (was 60.1051)
t=648038ms iter=1897 incumb=60.1051 ratchet=60.2009 best=60.1043 since_improve=1624
t=648046ms iter=1898 WAIST cost=57.0000 best_alt=52.0000 gap=5.0000 tried=5 sep_labels=52 clique_frac=0.01
t=648222ms iter=1898 REBUILD reject new_tc=60.8332 (was 60.1051)
t=648375ms iter=1898 incumb=60.1051 ratchet=60.1667 best=60.1043 since_improve=1625
t=648383ms iter=1899 WAIST cost=57.0000 best_alt=52.0000 gap=5.0000 tried=5 sep_labels=52 clique_frac=0.01
t=648561ms iter=1899 REBUILD reject new_tc=61.1701 (was 60.1051)
t=648716ms iter=1899 incumb=60.1051 ratchet=60.6609 best=60.1043 since_improve=1626
t=648723ms iter=1900 WAIST cost=57.0000 best_alt=52.0000 gap=5.0000 tried=5 sep_labels=52 clique_frac=0.01
t=648888ms iter=1900 REBUILD reject new_tc=60.6041 (was 60.1051)
t=649046ms iter=1900 incumb=60.1051 ratchet=60.1859 best=60.1043 since_improve=1627
t=649055ms iter=1901 WAIST cost=57.0000 best_alt=52.0000 gap=5.0000 tried=5 sep_labels=52 clique_frac=0.01
t=649230ms iter=1901 REBUILD reject new_tc=60.8966 (was 60.1051)
t=649389ms iter=1901 incumb=60.1051 ratchet=60.2945 best=60.1043 since_improve=1628
t=649399ms iter=1902 WAIST cost=57.0000 best_alt=49.0000 gap=8.0000 tried=5 sep_labels=49 clique_frac=0.01
t=649548ms iter=1902 REBUILD reject new_tc=63.7731 (was 60.1051)
t=649705ms iter=1902 incumb=60.1051 ratchet=60.3937 best=60.1043 since_improve=1629
t=649715ms iter=1903 WAIST cost=57.0000 best_alt=51.0000 gap=6.0000 tried=5 sep_labels=51 clique_frac=0.01
t=649867ms iter=1903 REBUILD reject new_tc=61.4641 (was 60.1051)
t=650015ms iter=1903 incumb=60.1051 ratchet=60.1243 best=60.1043 since_improve=1630
t=650022ms iter=1904 WAIST cost=57.0000 best_alt=52.0000 gap=5.0000 tried=5 sep_labels=52 clique_frac=0.01
t=650193ms iter=1904 REBUILD reject new_tc=67.5412 (was 60.1051)
t=650349ms iter=1904 incumb=60.1051 ratchet=60.1988 best=60.1043 since_improve=1631
t=650357ms iter=1905 WAIST cost=57.0000 best_alt=52.0000 gap=5.0000 tried=5 sep_labels=52 clique_frac=0.01
t=650531ms iter=1905 REBUILD reject new_tc=61.0208 (was 60.1051)
t=650681ms iter=1905 incumb=60.1051 ratchet=60.1231 best=60.1043 since_improve=1632
t=650689ms iter=1906 WAIST cost=57.0000 best_alt=52.0000 gap=5.0000 tried=5 sep_labels=52 clique_frac=0.01
t=650865ms iter=1906 REBUILD reject new_tc=60.9727 (was 60.1051)
t=651021ms iter=1906 incumb=60.1051 ratchet=60.3926 best=60.1043 since_improve=1633
t=651030ms iter=1907 WAIST cost=57.0000 best_alt=49.0000 gap=8.0000 tried=5 sep_labels=49 clique_frac=0.01
t=651183ms iter=1907 REBUILD reject new_tc=61.6448 (was 60.1051)
t=651344ms iter=1907 incumb=60.1051 ratchet=60.3138 best=60.1043 since_improve=1634
t=651353ms iter=1908 WAIST cost=57.0000 best_alt=52.0000 gap=5.0000 tried=5 sep_labels=52 clique_frac=0.01
t=651534ms iter=1908 REBUILD reject new_tc=60.8595 (was 60.1051)
t=651689ms iter=1908 incumb=60.1051 ratchet=60.3703 best=60.1043 since_improve=1635
t=651698ms iter=1909 WAIST cost=57.0000 best_alt=52.0000 gap=5.0000 tried=5 sep_labels=52 clique_frac=0.01
t=651871ms iter=1909 REBUILD reject new_tc=61.0743 (was 60.1051)
t=652024ms iter=1909 incumb=60.1051 ratchet=60.1358 best=60.1043 since_improve=1636
t=652033ms iter=1910 WAIST cost=57.0000 best_alt=51.0000 gap=6.0000 tried=5 sep_labels=51 clique_frac=0.01
t=652207ms iter=1910 REBUILD reject new_tc=61.2848 (was 60.1051)
t=652367ms iter=1910 incumb=60.1051 ratchet=60.2609 best=60.1043 since_improve=1637
t=652375ms iter=1911 WAIST cost=57.0000 best_alt=50.0000 gap=7.0000 tried=5 sep_labels=50 clique_frac=0.01
t=652525ms iter=1911 REBUILD reject new_tc=60.6549 (was 60.1051)
t=652673ms iter=1911 incumb=60.1051 ratchet=60.2370 best=60.1043 since_improve=1638
t=652683ms iter=1912 WAIST cost=57.0000 best_alt=49.0000 gap=8.0000 tried=5 sep_labels=49 clique_frac=0.01
t=652835ms iter=1912 REBUILD reject new_tc=61.3962 (was 60.1051)
t=652984ms iter=1912 incumb=60.1051 ratchet=60.3491 best=60.1043 since_improve=1639
t=652992ms iter=1913 WAIST cost=57.0000 best_alt=52.0000 gap=5.0000 tried=5 sep_labels=52 clique_frac=0.01
t=653164ms iter=1913 REBUILD reject new_tc=60.8764 (was 60.1051)
t=653321ms iter=1913 incumb=60.1051 ratchet=60.3060 best=60.1043 since_improve=1640
t=653329ms iter=1914 WAIST cost=57.0000 best_alt=51.0000 gap=6.0000 tried=5 sep_labels=51 clique_frac=0.01
t=653489ms iter=1914 REBUILD reject new_tc=61.4158 (was 60.1051)
t=653642ms iter=1914 incumb=60.1051 ratchet=60.4312 best=60.1043 since_improve=1641
t=653650ms iter=1915 WAIST cost=57.0000 best_alt=52.0000 gap=5.0000 tried=5 sep_labels=52 clique_frac=0.01
t=653826ms iter=1915 REBUILD reject new_tc=61.2293 (was 60.1051)
t=653982ms iter=1915 incumb=60.1051 ratchet=60.5535 best=60.1043 since_improve=1642
t=653991ms iter=1916 WAIST cost=57.0000 best_alt=50.0000 gap=7.0000 tried=5 sep_labels=50 clique_frac=0.01
t=654143ms iter=1916 REBUILD reject new_tc=61.3632 (was 60.1051)
t=654298ms iter=1916 incumb=60.1051 ratchet=61.3468 best=60.1043 since_improve=1643
t=654308ms iter=1917 WAIST cost=57.0000 best_alt=52.0000 gap=5.0000 tried=5 sep_labels=52 clique_frac=0.01
t=654479ms iter=1917 REBUILD reject new_tc=60.9701 (was 60.1051)
t=654632ms iter=1917 incumb=60.1051 ratchet=60.1911 best=60.1043 since_improve=1644
t=654642ms iter=1918 WAIST cost=57.0000 best_alt=52.0000 gap=5.0000 tried=5 sep_labels=52 clique_frac=0.01
t=654816ms iter=1918 REBUILD reject new_tc=60.8149 (was 60.1051)
t=654968ms iter=1918 incumb=60.1051 ratchet=60.4103 best=60.1043 since_improve=1645
t=654976ms iter=1919 WAIST cost=57.0000 best_alt=50.0000 gap=7.0000 tried=5 sep_labels=50 clique_frac=0.01
t=655113ms iter=1919 REBUILD reject new_tc=62.3264 (was 60.1051)
t=655269ms iter=1919 incumb=60.1051 ratchet=60.3655 best=60.1043 since_improve=1646
t=655279ms iter=1920 WAIST cost=57.0000 best_alt=52.0000 gap=5.0000 tried=5 sep_labels=52 clique_frac=0.01
t=655441ms iter=1920 REBUILD reject new_tc=71.0011 (was 60.1051)
t=655601ms iter=1920 incumb=60.1051 ratchet=60.2691 best=60.1043 since_improve=1647
t=655608ms iter=1921 WAIST cost=57.0000 best_alt=52.0000 gap=5.0000 tried=5 sep_labels=52 clique_frac=0.01
t=655781ms iter=1921 REBUILD reject new_tc=60.6899 (was 60.1051)
t=655940ms iter=1921 incumb=60.1051 ratchet=60.4538 best=60.1043 since_improve=1648
t=655948ms iter=1922 WAIST cost=57.0000 best_alt=52.0000 gap=5.0000 tried=5 sep_labels=52 clique_frac=0.01
t=656111ms iter=1922 REBUILD reject new_tc=72.0005 (was 60.1051)
t=656270ms iter=1922 incumb=60.1051 ratchet=60.1623 best=60.1043 since_improve=1649
t=656277ms iter=1923 WAIST cost=57.0000 best_alt=52.0000 gap=5.0000 tried=5 sep_labels=52 clique_frac=0.01
t=656449ms iter=1923 REBUILD reject new_tc=60.6556 (was 60.1051)
t=656603ms iter=1923 incumb=60.1051 ratchet=60.4543 best=60.1043 since_improve=1650
t=656612ms iter=1924 WAIST cost=57.0000 best_alt=51.0000 gap=6.0000 tried=5 sep_labels=51 clique_frac=0.01
t=656766ms iter=1924 REBUILD reject new_tc=61.6774 (was 60.1051)
t=656922ms iter=1924 incumb=60.1051 ratchet=60.1657 best=60.1043 since_improve=1651
t=656932ms iter=1925 WAIST cost=57.0000 best_alt=52.0000 gap=5.0000 tried=5 sep_labels=52 clique_frac=0.01
t=657106ms iter=1925 REBUILD reject new_tc=61.1326 (was 60.1051)
t=657263ms iter=1925 incumb=60.1051 ratchet=60.2154 best=60.1043 since_improve=1652
t=657271ms iter=1926 WAIST cost=57.0000 best_alt=52.0000 gap=5.0000 tried=5 sep_labels=52 clique_frac=0.01
t=657445ms iter=1926 REBUILD reject new_tc=60.9097 (was 60.1051)
t=657599ms iter=1926 incumb=60.1051 ratchet=60.1599 best=60.1043 since_improve=1653
t=657609ms iter=1927 WAIST cost=57.0000 best_alt=51.0000 gap=6.0000 tried=5 sep_labels=51 clique_frac=0.01
t=657763ms iter=1927 REBUILD reject new_tc=61.4393 (was 60.1051)
t=657917ms iter=1927 incumb=60.1051 ratchet=60.1499 best=60.1043 since_improve=1654
t=657926ms iter=1928 WAIST cost=57.0000 best_alt=52.0000 gap=5.0000 tried=5 sep_labels=52 clique_frac=0.01
t=658097ms iter=1928 REBUILD reject new_tc=60.6428 (was 60.1051)
t=658251ms iter=1928 incumb=60.1051 ratchet=60.1377 best=60.1043 since_improve=1655
t=658260ms iter=1929 WAIST cost=57.0000 best_alt=52.0000 gap=5.0000 tried=5 sep_labels=52 clique_frac=0.01
t=658435ms iter=1929 REBUILD reject new_tc=60.9051 (was 60.1051)
t=658587ms iter=1929 incumb=60.1051 ratchet=60.3696 best=60.1043 since_improve=1656
t=658594ms iter=1930 WAIST cost=57.0000 best_alt=52.0000 gap=5.0000 tried=5 sep_labels=52 clique_frac=0.01
t=658758ms iter=1930 REBUILD reject new_tc=65.1843 (was 60.1051)
t=658909ms iter=1930 incumb=60.1051 ratchet=60.8442 best=60.1043 since_improve=1657
t=658918ms iter=1931 WAIST cost=57.0000 best_alt=52.0000 gap=5.0000 tried=5 sep_labels=52 clique_frac=0.01
t=659092ms iter=1931 REBUILD reject new_tc=60.5225 (was 60.1051)
t=659251ms iter=1931 incumb=60.1051 ratchet=60.2254 best=60.1043 since_improve=1658
t=659260ms iter=1932 WAIST cost=57.0000 best_alt=52.0000 gap=5.0000 tried=5 sep_labels=52 clique_frac=0.01
t=659432ms iter=1932 REBUILD reject new_tc=60.6522 (was 60.1051)
t=659595ms iter=1932 incumb=60.1051 ratchet=60.4364 best=60.1043 since_improve=1659
t=659606ms iter=1933 WAIST cost=57.0000 best_alt=52.0000 gap=5.0000 tried=5 sep_labels=52 clique_frac=0.01
t=659778ms iter=1933 REBUILD reject new_tc=62.1281 (was 60.1051)
t=659930ms iter=1933 incumb=60.1051 ratchet=60.3580 best=60.1043 since_improve=1660
t=659939ms iter=1934 WAIST cost=57.0000 best_alt=50.0000 gap=7.0000 tried=5 sep_labels=50 clique_frac=0.01
t=660095ms iter=1934 REBUILD reject new_tc=61.5701 (was 60.1051)
t=660252ms iter=1934 incumb=60.1051 ratchet=60.1499 best=60.1043 since_improve=1661
t=660260ms iter=1935 WAIST cost=57.0000 best_alt=52.0000 gap=5.0000 tried=5 sep_labels=52 clique_frac=0.01
t=660432ms iter=1935 REBUILD reject new_tc=60.8199 (was 60.1051)
t=660590ms iter=1935 incumb=60.1051 ratchet=60.2465 best=60.1043 since_improve=1662
t=660600ms iter=1936 WAIST cost=57.0000 best_alt=51.0000 gap=6.0000 tried=5 sep_labels=51 clique_frac=0.01
t=660770ms iter=1936 REBUILD reject new_tc=61.2144 (was 60.1051)
t=660929ms iter=1936 incumb=60.1051 ratchet=60.1436 best=60.1043 since_improve=1663
t=660940ms iter=1937 WAIST cost=57.0000 best_alt=50.0000 gap=7.0000 tried=5 sep_labels=50 clique_frac=0.01
t=661087ms iter=1937 REBUILD reject new_tc=66.0727 (was 60.1051)
t=661243ms iter=1937 incumb=60.1051 ratchet=60.4288 best=60.1043 since_improve=1664
t=661251ms iter=1938 WAIST cost=57.0000 best_alt=52.0000 gap=5.0000 tried=5 sep_labels=52 clique_frac=0.01
t=661414ms iter=1938 REBUILD reject new_tc=73.0002 (was 60.1051)
t=661567ms iter=1938 incumb=60.1051 ratchet=60.2534 best=60.1043 since_improve=1665
t=661575ms iter=1939 WAIST cost=57.0000 best_alt=49.0000 gap=8.0000 tried=5 sep_labels=49 clique_frac=0.01
t=661727ms iter=1939 REBUILD reject new_tc=62.6096 (was 60.1051)
t=661877ms iter=1939 incumb=60.1051 ratchet=60.1495 best=60.1043 since_improve=1666
t=661887ms iter=1940 WAIST cost=57.0000 best_alt=51.0000 gap=6.0000 tried=5 sep_labels=51 clique_frac=0.01
t=662062ms iter=1940 REBUILD reject new_tc=60.5625 (was 60.1051)
t=662226ms iter=1940 incumb=60.1051 ratchet=61.3257 best=60.1043 since_improve=1667
t=662235ms iter=1941 WAIST cost=57.0000 best_alt=49.0000 gap=8.0000 tried=5 sep_labels=49 clique_frac=0.01
t=662392ms iter=1941 REBUILD reject new_tc=61.8083 (was 60.1051)
t=662551ms iter=1941 incumb=60.1051 ratchet=60.2863 best=60.1043 since_improve=1668
t=662558ms iter=1942 WAIST cost=57.0000 best_alt=52.0000 gap=5.0000 tried=5 sep_labels=52 clique_frac=0.01
t=662722ms iter=1942 REBUILD reject new_tc=61.1960 (was 60.1051)
t=662877ms iter=1942 incumb=60.1051 ratchet=60.3259 best=60.1043 since_improve=1669
t=662887ms iter=1943 WAIST cost=57.0000 best_alt=52.0000 gap=5.0000 tried=5 sep_labels=52 clique_frac=0.01
t=663051ms iter=1943 REBUILD reject new_tc=66.0519 (was 60.1051)
t=663206ms iter=1943 incumb=60.1051 ratchet=60.5534 best=60.1043 since_improve=1670
t=663213ms iter=1944 WAIST cost=57.0000 best_alt=51.0000 gap=6.0000 tried=5 sep_labels=51 clique_frac=0.01
t=663365ms iter=1944 REBUILD reject new_tc=61.3752 (was 60.1051)
t=663524ms iter=1944 incumb=60.1051 ratchet=60.4335 best=60.1043 since_improve=1671
t=663533ms iter=1945 WAIST cost=57.0000 best_alt=52.0000 gap=5.0000 tried=5 sep_labels=52 clique_frac=0.01
t=663709ms iter=1945 REBUILD reject new_tc=60.7432 (was 60.1051)
t=663867ms iter=1945 incumb=60.1051 ratchet=60.3784 best=60.1043 since_improve=1672
t=663875ms iter=1946 WAIST cost=57.0000 best_alt=52.0000 gap=5.0000 tried=5 sep_labels=52 clique_frac=0.01
t=664049ms iter=1946 REBUILD reject new_tc=60.4384 (was 60.1051)
t=664205ms iter=1946 incumb=60.1051 ratchet=60.1507 best=60.1043 since_improve=1673
t=664214ms iter=1947 WAIST cost=57.0000 best_alt=51.0000 gap=6.0000 tried=5 sep_labels=51 clique_frac=0.01
t=664370ms iter=1947 REBUILD reject new_tc=61.4060 (was 60.1051)
t=664527ms iter=1947 incumb=60.1051 ratchet=60.2497 best=60.1043 since_improve=1674
t=664535ms iter=1948 WAIST cost=57.0000 best_alt=52.0000 gap=5.0000 tried=5 sep_labels=52 clique_frac=0.01
t=664709ms iter=1948 REBUILD reject new_tc=61.0215 (was 60.1051)
t=664863ms iter=1948 incumb=60.1051 ratchet=60.4192 best=60.1043 since_improve=1675
t=664872ms iter=1949 WAIST cost=57.0000 best_alt=52.0000 gap=5.0000 tried=5 sep_labels=52 clique_frac=0.01
t=665038ms iter=1949 REBUILD reject new_tc=60.7809 (was 60.1051)
t=665192ms iter=1949 incumb=60.1051 ratchet=60.4592 best=60.1043 since_improve=1676
t=665203ms iter=1950 WAIST cost=57.0000 best_alt=52.0000 gap=5.0000 tried=5 sep_labels=52 clique_frac=0.01
t=665377ms iter=1950 REBUILD reject new_tc=61.1311 (was 60.1051)
t=665525ms iter=1950 incumb=60.1051 ratchet=60.4518 best=60.1043 since_improve=1677
t=665533ms iter=1951 WAIST cost=57.0000 best_alt=52.0000 gap=5.0000 tried=5 sep_labels=52 clique_frac=0.01
t=665706ms iter=1951 REBUILD reject new_tc=60.8344 (was 60.1051)
t=665864ms iter=1951 incumb=60.1051 ratchet=60.1209 best=60.1043 since_improve=1678
t=665872ms iter=1952 WAIST cost=57.0000 best_alt=49.0000 gap=8.0000 tried=5 sep_labels=49 clique_frac=0.01
t=666030ms iter=1952 REBUILD reject new_tc=61.5320 (was 60.1051)
t=666185ms iter=1952 incumb=60.1051 ratchet=60.2883 best=60.1043 since_improve=1679
t=666195ms iter=1953 WAIST cost=57.0000 best_alt=51.0000 gap=6.0000 tried=5 sep_labels=51 clique_frac=0.01
t=666340ms iter=1953 REBUILD reject new_tc=61.5047 (was 60.1051)
t=666500ms iter=1953 incumb=60.1051 ratchet=60.3598 best=60.1043 since_improve=1680
t=666509ms iter=1954 WAIST cost=57.0000 best_alt=52.0000 gap=5.0000 tried=5 sep_labels=52 clique_frac=0.01
t=666684ms iter=1954 REBUILD reject new_tc=60.8413 (was 60.1051)
t=666846ms iter=1954 incumb=60.1051 ratchet=60.2069 best=60.1043 since_improve=1681
t=666856ms iter=1955 WAIST cost=57.0000 best_alt=52.0000 gap=5.0000 tried=5 sep_labels=52 clique_frac=0.01
t=667028ms iter=1955 REBUILD reject new_tc=61.4763 (was 60.1051)
t=667177ms iter=1955 incumb=60.1051 ratchet=60.2923 best=60.1043 since_improve=1682
t=667183ms iter=1956 WAIST cost=57.0000 best_alt=52.0000 gap=5.0000 tried=5 sep_labels=52 clique_frac=0.01
t=667350ms iter=1956 REBUILD reject new_tc=67.0337 (was 60.1051)
t=667508ms iter=1956 incumb=60.1051 ratchet=60.4765 best=60.1043 since_improve=1683
t=667516ms iter=1957 WAIST cost=57.0000 best_alt=49.0000 gap=8.0000 tried=5 sep_labels=49 clique_frac=0.01
t=667660ms iter=1957 REBUILD reject new_tc=73.0002 (was 60.1051)
t=667820ms iter=1957 incumb=60.1051 ratchet=60.4509 best=60.1043 since_improve=1684
t=667829ms iter=1958 WAIST cost=57.0000 best_alt=49.0000 gap=8.0000 tried=5 sep_labels=49 clique_frac=0.01
t=667981ms iter=1958 REBUILD reject new_tc=61.2368 (was 60.1051)
t=668137ms iter=1958 incumb=60.1051 ratchet=60.1524 best=60.1043 since_improve=1685
t=668147ms iter=1959 WAIST cost=57.0000 best_alt=52.0000 gap=5.0000 tried=5 sep_labels=52 clique_frac=0.01
t=668320ms iter=1959 REBUILD reject new_tc=61.2868 (was 60.1051)
t=668473ms iter=1959 incumb=60.1051 ratchet=60.3851 best=60.1043 since_improve=1686
t=668481ms iter=1960 WAIST cost=57.0000 best_alt=52.0000 gap=5.0000 tried=5 sep_labels=52 clique_frac=0.01
t=668648ms iter=1960 REBUILD reject new_tc=65.3480 (was 60.1051)
t=668806ms iter=1960 incumb=60.1051 ratchet=60.3248 best=60.1043 since_improve=1687
t=668814ms iter=1961 WAIST cost=57.0000 best_alt=52.0000 gap=5.0000 tried=5 sep_labels=52 clique_frac=0.01
t=668984ms iter=1961 REBUILD reject new_tc=60.5791 (was 60.1051)
t=669139ms iter=1961 incumb=60.1051 ratchet=60.2444 best=60.1043 since_improve=1688
t=669146ms iter=1962 WAIST cost=57.0000 best_alt=52.0000 gap=5.0000 tried=5 sep_labels=52 clique_frac=0.01
t=669314ms iter=1962 REBUILD reject new_tc=66.2820 (was 60.1051)
t=669471ms iter=1962 incumb=60.1051 ratchet=60.4866 best=60.1043 since_improve=1689
t=669479ms iter=1963 WAIST cost=57.0000 best_alt=51.0000 gap=6.0000 tried=5 sep_labels=51 clique_frac=0.01
t=669630ms iter=1963 REBUILD reject new_tc=61.3861 (was 60.1051)
t=669792ms iter=1963 incumb=60.1051 ratchet=60.3719 best=60.1043 since_improve=1690
t=669801ms iter=1964 WAIST cost=57.0000 best_alt=52.0000 gap=5.0000 tried=5 sep_labels=52 clique_frac=0.01
t=669973ms iter=1964 REBUILD reject new_tc=60.8601 (was 60.1051)
t=670127ms iter=1964 incumb=60.1051 ratchet=60.2697 best=60.1043 since_improve=1691
t=670135ms iter=1965 WAIST cost=57.0000 best_alt=52.0000 gap=5.0000 tried=5 sep_labels=52 clique_frac=0.01
t=670306ms iter=1965 REBUILD reject new_tc=65.1936 (was 60.1051)
t=670466ms iter=1965 incumb=60.1051 ratchet=60.4664 best=60.1043 since_improve=1692
t=670474ms iter=1966 WAIST cost=57.0000 best_alt=52.0000 gap=5.0000 tried=5 sep_labels=52 clique_frac=0.01
t=670642ms iter=1966 REBUILD reject new_tc=60.9549 (was 60.1051)
t=670800ms iter=1966 incumb=60.1051 ratchet=60.3604 best=60.1043 since_improve=1693
t=670808ms iter=1967 WAIST cost=57.0000 best_alt=52.0000 gap=5.0000 tried=5 sep_labels=52 clique_frac=0.01
t=670979ms iter=1967 REBUILD reject new_tc=61.0595 (was 60.1051)
t=671139ms iter=1967 incumb=60.1051 ratchet=60.3574 best=60.1043 since_improve=1694
t=671148ms iter=1968 WAIST cost=57.0000 best_alt=52.0000 gap=5.0000 tried=5 sep_labels=52 clique_frac=0.01
t=671317ms iter=1968 REBUILD reject new_tc=61.0468 (was 60.1051)
t=671473ms iter=1968 incumb=60.1051 ratchet=60.2609 best=60.1043 since_improve=1695
t=671482ms iter=1969 WAIST cost=57.0000 best_alt=51.0000 gap=6.0000 tried=5 sep_labels=51 clique_frac=0.01
t=671637ms iter=1969 REBUILD reject new_tc=61.7164 (was 60.1051)
t=671788ms iter=1969 incumb=60.1051 ratchet=60.1755 best=60.1043 since_improve=1696
t=671797ms iter=1970 WAIST cost=57.0000 best_alt=50.0000 gap=7.0000 tried=5 sep_labels=50 clique_frac=0.01
t=671951ms iter=1970 REBUILD reject new_tc=61.4373 (was 60.1051)
t=672104ms iter=1970 incumb=60.1051 ratchet=60.3213 best=60.1043 since_improve=1697
t=672110ms iter=1971 WAIST cost=57.0000 best_alt=52.0000 gap=5.0000 tried=5 sep_labels=52 clique_frac=0.01
t=672277ms iter=1971 REBUILD reject new_tc=72.0806 (was 60.1051)
t=672431ms iter=1971 incumb=60.1051 ratchet=60.4105 best=60.1043 since_improve=1698
t=672440ms iter=1972 WAIST cost=57.0000 best_alt=51.0000 gap=6.0000 tried=5 sep_labels=51 clique_frac=0.01
t=672616ms iter=1972 REBUILD reject new_tc=60.7345 (was 60.1051)
t=672774ms iter=1972 incumb=60.1051 ratchet=60.2649 best=60.1043 since_improve=1699
t=672782ms iter=1973 WAIST cost=57.0000 best_alt=51.0000 gap=6.0000 tried=5 sep_labels=51 clique_frac=0.01
t=672928ms iter=1973 REBUILD reject new_tc=67.6800 (was 60.1051)
t=673082ms iter=1973 incumb=60.1051 ratchet=60.1789 best=60.1043 since_improve=1700
t=673091ms iter=1974 WAIST cost=57.0000 best_alt=51.0000 gap=6.0000 tried=5 sep_labels=51 clique_frac=0.01
t=673240ms iter=1974 REBUILD reject new_tc=75.0001 (was 60.1051)
t=673400ms iter=1974 incumb=60.1051 ratchet=60.1556 best=60.1043 since_improve=1701
t=673408ms iter=1975 WAIST cost=57.0000 best_alt=52.0000 gap=5.0000 tried=5 sep_labels=52 clique_frac=0.01
t=673571ms iter=1975 REBUILD reject new_tc=74.0002 (was 60.1051)
t=673729ms iter=1975 incumb=60.1051 ratchet=60.3588 best=60.1043 since_improve=1702
t=673739ms iter=1976 WAIST cost=57.0000 best_alt=49.0000 gap=8.0000 tried=5 sep_labels=49 clique_frac=0.01
t=673877ms iter=1976 REBUILD reject new_tc=67.2408 (was 60.1051)
t=674035ms iter=1976 incumb=60.1051 ratchet=60.1697 best=60.1043 since_improve=1703
t=674044ms iter=1977 WAIST cost=57.0000 best_alt=51.0000 gap=6.0000 tried=5 sep_labels=51 clique_frac=0.01
t=674219ms iter=1977 REBUILD reject new_tc=60.6098 (was 60.1051)
t=674374ms iter=1977 incumb=60.1051 ratchet=60.4407 best=60.1043 since_improve=1704
t=674381ms iter=1978 WAIST cost=57.0000 best_alt=51.0000 gap=6.0000 tried=5 sep_labels=51 clique_frac=0.01
t=674524ms iter=1978 REBUILD reject new_tc=73.0003 (was 60.1051)
t=674677ms iter=1978 incumb=60.1051 ratchet=60.2086 best=60.1043 since_improve=1705
t=674685ms iter=1979 WAIST cost=57.0000 best_alt=52.0000 gap=5.0000 tried=5 sep_labels=52 clique_frac=0.01
t=674864ms iter=1979 REBUILD reject new_tc=61.0134 (was 60.1051)
t=675019ms iter=1979 incumb=60.1051 ratchet=60.1620 best=60.1043 since_improve=1706
t=675030ms iter=1980 WAIST cost=57.0000 best_alt=52.0000 gap=5.0000 tried=5 sep_labels=52 clique_frac=0.01
t=675206ms iter=1980 REBUILD reject new_tc=61.0453 (was 60.1051)
t=675355ms iter=1980 incumb=60.1051 ratchet=60.3000 best=60.1043 since_improve=1707
t=675364ms iter=1981 WAIST cost=57.0000 best_alt=52.0000 gap=5.0000 tried=5 sep_labels=52 clique_frac=0.01
t=675533ms iter=1981 REBUILD reject new_tc=60.8809 (was 60.1051)
t=675684ms iter=1981 incumb=60.1051 ratchet=60.2967 best=60.1043 since_improve=1708
t=675691ms iter=1982 WAIST cost=57.0000 best_alt=52.0000 gap=5.0000 tried=5 sep_labels=52 clique_frac=0.01
t=675853ms iter=1982 REBUILD reject new_tc=75.0021 (was 60.1051)
t=676013ms iter=1982 incumb=60.1051 ratchet=60.1611 best=60.1043 since_improve=1709
t=676022ms iter=1983 WAIST cost=57.0000 best_alt=52.0000 gap=5.0000 tried=5 sep_labels=52 clique_frac=0.01
t=676192ms iter=1983 REBUILD reject new_tc=60.9499 (was 60.1051)
t=676348ms iter=1983 incumb=60.1051 ratchet=60.4514 best=60.1043 since_improve=1710
t=676357ms iter=1984 WAIST cost=57.0000 best_alt=52.0000 gap=5.0000 tried=5 sep_labels=52 clique_frac=0.01
t=676525ms iter=1984 REBUILD reject new_tc=65.1595 (was 60.1051)
t=676688ms iter=1984 incumb=60.1051 ratchet=60.4461 best=60.1043 since_improve=1711
t=676695ms iter=1985 WAIST cost=57.0000 best_alt=52.0000 gap=5.0000 tried=5 sep_labels=52 clique_frac=0.01
t=676869ms iter=1985 REBUILD reject new_tc=60.9422 (was 60.1051)
t=677021ms iter=1985 incumb=60.1051 ratchet=60.2444 best=60.1043 since_improve=1712
t=677028ms iter=1986 WAIST cost=57.0000 best_alt=52.0000 gap=5.0000 tried=5 sep_labels=52 clique_frac=0.01
t=677203ms iter=1986 REBUILD reject new_tc=60.9921 (was 60.1051)
t=677358ms iter=1986 incumb=60.1051 ratchet=60.1982 best=60.1043 since_improve=1713
t=677366ms iter=1987 WAIST cost=57.0000 best_alt=51.0000 gap=6.0000 tried=5 sep_labels=51 clique_frac=0.01
t=677523ms iter=1987 REBUILD reject new_tc=63.3681 (was 60.1051)
t=677675ms iter=1987 incumb=60.1051 ratchet=60.2776 best=60.1043 since_improve=1714
t=677682ms iter=1988 WAIST cost=57.0000 best_alt=52.0000 gap=5.0000 tried=5 sep_labels=52 clique_frac=0.01
t=677842ms iter=1988 REBUILD reject new_tc=60.6905 (was 60.1051)
t=677989ms iter=1988 incumb=60.1051 ratchet=60.2684 best=60.1043 since_improve=1715
t=677998ms iter=1989 WAIST cost=57.0000 best_alt=52.0000 gap=5.0000 tried=5 sep_labels=52 clique_frac=0.01
t=678159ms iter=1989 REBUILD reject new_tc=62.0097 (was 60.1051)
t=678324ms iter=1989 incumb=60.1051 ratchet=60.4290 best=60.1043 since_improve=1716
t=678333ms iter=1990 WAIST cost=57.0000 best_alt=51.0000 gap=6.0000 tried=5 sep_labels=51 clique_frac=0.01
t=678514ms iter=1990 REBUILD reject new_tc=60.9970 (was 60.1051)
t=678665ms iter=1990 incumb=60.1051 ratchet=60.1869 best=60.1043 since_improve=1717
t=678672ms iter=1991 WAIST cost=57.0000 best_alt=52.0000 gap=5.0000 tried=5 sep_labels=52 clique_frac=0.01
t=678833ms iter=1991 REBUILD reject new_tc=61.0525 (was 60.1051)
t=678985ms iter=1991 incumb=60.1051 ratchet=60.2317 best=60.1043 since_improve=1718
t=678993ms iter=1992 WAIST cost=57.0000 best_alt=52.0000 gap=5.0000 tried=5 sep_labels=52 clique_frac=0.01
t=679166ms iter=1992 REBUILD reject new_tc=60.9229 (was 60.1051)
t=679324ms iter=1992 incumb=60.1051 ratchet=60.2915 best=60.1043 since_improve=1719
t=679333ms iter=1993 WAIST cost=57.0000 best_alt=50.0000 gap=7.0000 tried=5 sep_labels=50 clique_frac=0.01
t=679480ms iter=1993 REBUILD reject new_tc=61.4928 (was 60.1051)
t=679626ms iter=1993 incumb=60.1051 ratchet=60.1457 best=60.1043 since_improve=1720
t=679634ms iter=1994 WAIST cost=57.0000 best_alt=51.0000 gap=6.0000 tried=5 sep_labels=51 clique_frac=0.01
t=679786ms iter=1994 REBUILD reject new_tc=79.0000 (was 60.1051)
t=679940ms iter=1994 incumb=60.1051 ratchet=60.2795 best=60.1043 since_improve=1721
t=679950ms iter=1995 WAIST cost=57.0000 best_alt=50.0000 gap=7.0000 tried=5 sep_labels=50 clique_frac=0.01
t=680099ms iter=1995 REBUILD reject new_tc=60.9239 (was 60.1051)
t=680259ms iter=1995 incumb=60.1051 ratchet=60.6184 best=60.1043 since_improve=1722
t=680268ms iter=1996 WAIST cost=57.0000 best_alt=51.0000 gap=6.0000 tried=5 sep_labels=51 clique_frac=0.01
t=680419ms iter=1996 REBUILD reject new_tc=61.7449 (was 60.1051)
t=680575ms iter=1996 incumb=60.1051 ratchet=60.3328 best=60.1043 since_improve=1723
t=680585ms iter=1997 WAIST cost=57.0000 best_alt=51.0000 gap=6.0000 tried=5 sep_labels=51 clique_frac=0.01
t=680712ms iter=1997 REBUILD reject new_tc=61.5061 (was 60.1051)
t=680814ms iter=1997 incumb=60.1051 ratchet=60.3669 best=60.1043 since_improve=1724
t=680819ms iter=1998 WAIST cost=57.0000 best_alt=52.0000 gap=5.0000 tried=5 sep_labels=52 clique_frac=0.01
t=680947ms iter=1998 REBUILD reject new_tc=60.9304 (was 60.1051)
t=681101ms iter=1998 incumb=60.1051 ratchet=60.2681 best=60.1043 since_improve=1725
t=681109ms iter=1999 WAIST cost=57.0000 best_alt=52.0000 gap=5.0000 tried=5 sep_labels=52 clique_frac=0.01
t=681277ms iter=1999 REBUILD reject new_tc=60.9247 (was 60.1051)
t=681421ms iter=1999 incumb=60.1051 ratchet=60.2490 best=60.1043 since_improve=1726
t=681432ms iter=2000 WAIST cost=57.0000 best_alt=50.0000 gap=7.0000 tried=5 sep_labels=50 clique_frac=0.01
t=681572ms iter=2000 REBUILD reject new_tc=61.5038 (was 60.1051)
t=681678ms iter=2000 incumb=60.1051 ratchet=60.1744 best=60.1043 since_improve=1727
t=681682ms iter=2001 WAIST cost=57.0000 best_alt=52.0000 gap=5.0000 tried=5 sep_labels=52 clique_frac=0.01
t=681795ms iter=2001 REBUILD reject new_tc=66.4507 (was 60.1051)
t=681895ms iter=2001 incumb=60.1051 ratchet=60.1466 best=60.1043 since_improve=1728
t=681903ms iter=2002 WAIST cost=57.0000 best_alt=52.0000 gap=5.0000 tried=5 sep_labels=52 clique_frac=0.01
t=682072ms iter=2002 REBUILD reject new_tc=61.1853 (was 60.1051)
t=682218ms iter=2002 incumb=60.1051 ratchet=60.2563 best=60.1043 since_improve=1729
t=682227ms iter=2003 WAIST cost=57.0000 best_alt=50.0000 gap=7.0000 tried=5 sep_labels=50 clique_frac=0.01
t=682360ms iter=2003 REBUILD reject new_tc=75.0001 (was 60.1051)
t=682508ms iter=2003 incumb=60.1051 ratchet=60.1845 best=60.1043 since_improve=1730
t=682515ms iter=2004 WAIST cost=57.0000 best_alt=52.0000 gap=5.0000 tried=5 sep_labels=52 clique_frac=0.01
t=682679ms iter=2004 REBUILD reject new_tc=60.7218 (was 60.1051)
t=682828ms iter=2004 incumb=60.1051 ratchet=60.1656 best=60.1043 since_improve=1731
t=682833ms iter=2005 WAIST cost=57.0000 best_alt=49.0000 gap=8.0000 tried=5 sep_labels=49 clique_frac=0.01
t=682934ms iter=2005 REBUILD reject new_tc=81.0000 (was 60.1051)
t=683083ms iter=2005 incumb=60.1051 ratchet=60.1431 best=60.1043 since_improve=1732
t=683090ms iter=2006 WAIST cost=57.0000 best_alt=52.0000 gap=5.0000 tried=5 sep_labels=52 clique_frac=0.01
t=683260ms iter=2006 REBUILD reject new_tc=60.7658 (was 60.1051)
t=683415ms iter=2006 incumb=60.1051 ratchet=60.3123 best=60.1043 since_improve=1733
t=683426ms iter=2007 WAIST cost=57.0000 best_alt=51.0000 gap=6.0000 tried=5 sep_labels=51 clique_frac=0.01
t=683565ms iter=2007 REBUILD reject new_tc=74.0017 (was 60.1051)
t=683680ms iter=2007 incumb=60.1051 ratchet=60.1695 best=60.1043 since_improve=1734
t=683685ms iter=2008 WAIST cost=57.0000 best_alt=51.0000 gap=6.0000 tried=5 sep_labels=51 clique_frac=0.01
t=683796ms iter=2008 REBUILD reject new_tc=64.0196 (was 60.1051)
t=683900ms iter=2008 incumb=60.1051 ratchet=60.1693 best=60.1043 since_improve=1735
t=683907ms iter=2009 WAIST cost=57.0000 best_alt=49.0000 gap=8.0000 tried=5 sep_labels=49 clique_frac=0.01
t=684039ms iter=2009 REBUILD reject new_tc=78.0001 (was 60.1051)
t=684187ms iter=2009 incumb=60.1051 ratchet=60.1452 best=60.1043 since_improve=1736
t=684195ms iter=2010 WAIST cost=57.0000 best_alt=51.0000 gap=6.0000 tried=5 sep_labels=51 clique_frac=0.01
t=684362ms iter=2010 REBUILD reject new_tc=60.6170 (was 60.1051)
t=684505ms iter=2010 incumb=60.1051 ratchet=60.3211 best=60.1043 since_improve=1737
t=684513ms iter=2011 WAIST cost=57.0000 best_alt=52.0000 gap=5.0000 tried=5 sep_labels=52 clique_frac=0.01
t=684648ms iter=2011 REBUILD reject new_tc=62.5075 (was 60.1051)
t=684750ms iter=2011 incumb=60.1051 ratchet=60.3502 best=60.1043 since_improve=1738
t=684754ms iter=2012 WAIST cost=57.0000 best_alt=52.0000 gap=5.0000 tried=5 sep_labels=52 clique_frac=0.01
t=684864ms iter=2012 REBUILD reject new_tc=60.5412 (was 60.1051)
t=684996ms iter=2012 incumb=60.1051 ratchet=60.4220 best=60.1043 since_improve=1739
t=685005ms iter=2013 WAIST cost=57.0000 best_alt=51.0000 gap=6.0000 tried=5 sep_labels=51 clique_frac=0.01
t=685152ms iter=2013 REBUILD reject new_tc=61.5907 (was 60.1051)
t=685300ms iter=2013 incumb=60.1051 ratchet=60.3107 best=60.1043 since_improve=1740
t=685307ms iter=2014 WAIST cost=57.0000 best_alt=52.0000 gap=5.0000 tried=5 sep_labels=52 clique_frac=0.01
t=685497ms iter=2014 REBUILD reject new_tc=60.5942 (was 60.1051)
t=685644ms iter=2014 incumb=60.1051 ratchet=60.1790 best=60.1043 since_improve=1741
t=685652ms iter=2015 WAIST cost=57.0000 best_alt=51.0000 gap=6.0000 tried=5 sep_labels=51 clique_frac=0.01
t=685751ms iter=2015 REBUILD reject new_tc=62.5181 (was 60.1051)
t=685850ms iter=2015 incumb=60.1051 ratchet=60.3843 best=60.1043 since_improve=1742
t=685855ms iter=2016 WAIST cost=57.0000 best_alt=50.0000 gap=7.0000 tried=5 sep_labels=50 clique_frac=0.01
t=685980ms iter=2016 REBUILD reject new_tc=61.2448 (was 60.1051)
t=686141ms iter=2016 incumb=60.1051 ratchet=60.3361 best=60.1043 since_improve=1743
t=686149ms iter=2017 WAIST cost=57.0000 best_alt=49.0000 gap=8.0000 tried=5 sep_labels=49 clique_frac=0.01
t=686295ms iter=2017 REBUILD reject new_tc=61.3939 (was 60.1051)
t=686448ms iter=2017 incumb=60.1051 ratchet=60.4680 best=60.1043 since_improve=1744
t=686456ms iter=2018 WAIST cost=57.0000 best_alt=52.0000 gap=5.0000 tried=5 sep_labels=52 clique_frac=0.01
t=686735ms iter=2018 REBUILD reject new_tc=65.1995 (was 60.1051)
t=687052ms iter=2018 incumb=60.1051 ratchet=60.1728 best=60.1043 since_improve=1745
t=687071ms iter=2019 WAIST cost=57.0000 best_alt=52.0000 gap=5.0000 tried=5 sep_labels=52 clique_frac=0.01
t=687414ms iter=2019 REBUILD reject new_tc=61.5104 (was 60.1051)
t=687720ms iter=2019 incumb=60.1051 ratchet=60.5324 best=60.1043 since_improve=1746
t=687737ms iter=2020 WAIST cost=57.0000 best_alt=51.0000 gap=6.0000 tried=5 sep_labels=51 clique_frac=0.01
t=688048ms iter=2020 REBUILD reject new_tc=61.7107 (was 60.1051)
t=688204ms iter=2020 incumb=60.1051 ratchet=60.3605 best=60.1043 since_improve=1747
t=688219ms iter=2021 WAIST cost=57.0000 best_alt=50.0000 gap=7.0000 tried=5 sep_labels=50 clique_frac=0.01
t=688392ms iter=2021 REBUILD reject new_tc=61.4194 (was 60.1051)
t=688546ms iter=2021 incumb=60.1051 ratchet=60.3506 best=60.1043 since_improve=1748
t=688554ms iter=2022 WAIST cost=57.0000 best_alt=52.0000 gap=5.0000 tried=5 sep_labels=52 clique_frac=0.01
t=688900ms iter=2022 REBUILD reject new_tc=60.5113 (was 60.1051)
t=689049ms iter=2022 incumb=60.1051 ratchet=60.4926 best=60.1043 since_improve=1749
t=689057ms iter=2023 WAIST cost=57.0000 best_alt=52.0000 gap=5.0000 tried=5 sep_labels=52 clique_frac=0.01
t=689215ms iter=2023 REBUILD reject new_tc=60.9591 (was 60.1051)
t=689369ms iter=2023 incumb=60.1051 ratchet=60.4456 best=60.1043 since_improve=1750
t=689379ms iter=2024 WAIST cost=57.0000 best_alt=52.0000 gap=5.0000 tried=5 sep_labels=52 clique_frac=0.01
t=689549ms iter=2024 REBUILD reject new_tc=61.0989 (was 60.1051)
t=689697ms iter=2024 incumb=60.1051 ratchet=60.1587 best=60.1043 since_improve=1751
t=689706ms iter=2025 WAIST cost=57.0000 best_alt=51.0000 gap=6.0000 tried=5 sep_labels=51 clique_frac=0.01
t=689856ms iter=2025 REBUILD reject new_tc=61.5104 (was 60.1051)
t=690000ms iter=2025 incumb=60.1051 ratchet=60.3231 best=60.1043 since_improve=1752
t=690010ms iter=2026 WAIST cost=57.0000 best_alt=51.0000 gap=6.0000 tried=5 sep_labels=51 clique_frac=0.01
t=690156ms iter=2026 REBUILD reject new_tc=61.2830 (was 60.1051)
t=690300ms iter=2026 incumb=60.1051 ratchet=60.1920 best=60.1043 since_improve=1753
t=690308ms iter=2027 WAIST cost=57.0000 best_alt=52.0000 gap=5.0000 tried=5 sep_labels=52 clique_frac=0.01
t=690477ms iter=2027 REBUILD reject new_tc=60.4904 (was 60.1051)
t=690622ms iter=2027 incumb=60.1051 ratchet=60.2235 best=60.1043 since_improve=1754
t=690626ms iter=2028 WAIST cost=57.0000 best_alt=52.0000 gap=5.0000 tried=5 sep_labels=52 clique_frac=0.01
t=690742ms iter=2028 REBUILD reject new_tc=60.3799 (was 60.1051)
t=690837ms iter=2028 incumb=60.1051 ratchet=60.3119 best=60.1043 since_improve=1755
t=690842ms iter=2029 WAIST cost=57.0000 best_alt=51.0000 gap=6.0000 tried=5 sep_labels=51 clique_frac=0.01
t=690960ms iter=2029 REBUILD reject new_tc=63.3308 (was 60.1051)
t=691106ms iter=2029 incumb=60.1051 ratchet=60.3151 best=60.1043 since_improve=1756
t=691115ms iter=2030 WAIST cost=57.0000 best_alt=52.0000 gap=5.0000 tried=5 sep_labels=52 clique_frac=0.01
t=691274ms iter=2030 REBUILD reject new_tc=60.8228 (was 60.1051)
t=691421ms iter=2030 incumb=60.1051 ratchet=60.5961 best=60.1043 since_improve=1757
t=691429ms iter=2031 WAIST cost=57.0000 best_alt=52.0000 gap=5.0000 tried=5 sep_labels=52 clique_frac=0.01
t=691593ms iter=2031 REBUILD reject new_tc=60.7602 (was 60.1051)
t=691695ms iter=2031 incumb=60.1051 ratchet=60.2714 best=60.1043 since_improve=1758
t=691700ms iter=2032 WAIST cost=57.0000 best_alt=52.0000 gap=5.0000 tried=5 sep_labels=52 clique_frac=0.01
t=691814ms iter=2032 REBUILD reject new_tc=60.5470 (was 60.1051)
t=691927ms iter=2032 incumb=60.1051 ratchet=60.5244 best=60.1043 since_improve=1759
t=691934ms iter=2033 WAIST cost=57.0000 best_alt=52.0000 gap=5.0000 tried=5 sep_labels=52 clique_frac=0.01
t=692106ms iter=2033 REBUILD reject new_tc=61.5399 (was 60.1051)
t=692255ms iter=2033 incumb=60.1051 ratchet=60.2686 best=60.1043 since_improve=1760
t=692266ms iter=2034 WAIST cost=57.0000 best_alt=49.0000 gap=8.0000 tried=5 sep_labels=49 clique_frac=0.01
t=692412ms iter=2034 REBUILD reject new_tc=61.7793 (was 60.1051)
t=692558ms iter=2034 incumb=60.1051 ratchet=60.3943 best=60.1043 since_improve=1761
t=692567ms iter=2035 WAIST cost=57.0000 best_alt=52.0000 gap=5.0000 tried=5 sep_labels=52 clique_frac=0.01
t=692733ms iter=2035 REBUILD reject new_tc=60.7702 (was 60.1051)
t=692875ms iter=2035 incumb=60.1051 ratchet=60.3088 best=60.1043 since_improve=1762
t=692880ms iter=2036 WAIST cost=57.0000 best_alt=50.0000 gap=7.0000 tried=5 sep_labels=50 clique_frac=0.01
t=693017ms iter=2036 REBUILD reject new_tc=61.4828 (was 60.1051)
t=693172ms iter=2036 incumb=60.1051 ratchet=60.1821 best=60.1043 since_improve=1763
t=693181ms iter=2037 WAIST cost=57.0000 best_alt=52.0000 gap=5.0000 tried=5 sep_labels=52 clique_frac=0.01
t=693348ms iter=2037 REBUILD reject new_tc=60.4739 (was 60.1051)
t=693495ms iter=2037 incumb=60.1051 ratchet=60.1615 best=60.1043 since_improve=1764
t=693503ms iter=2038 WAIST cost=57.0000 best_alt=52.0000 gap=5.0000 tried=5 sep_labels=52 clique_frac=0.01
t=693670ms iter=2038 REBUILD reject new_tc=61.1495 (was 60.1051)
t=693810ms iter=2038 incumb=60.1051 ratchet=60.2094 best=60.1043 since_improve=1765
t=693815ms iter=2039 WAIST cost=57.0000 best_alt=50.0000 gap=7.0000 tried=5 sep_labels=50 clique_frac=0.01
t=693944ms iter=2039 REBUILD reject new_tc=78.0000 (was 60.1051)
t=694096ms iter=2039 incumb=60.1051 ratchet=60.2049 best=60.1043 since_improve=1766
t=694106ms iter=2040 WAIST cost=57.0000 best_alt=51.0000 gap=6.0000 tried=5 sep_labels=51 clique_frac=0.01
t=694256ms iter=2040 REBUILD reject new_tc=61.1271 (was 60.1051)
t=694410ms iter=2040 incumb=60.1051 ratchet=60.3723 best=60.1043 since_improve=1767
t=694421ms iter=2041 WAIST cost=57.0000 best_alt=49.0000 gap=8.0000 tried=5 sep_labels=49 clique_frac=0.01
t=694578ms iter=2041 REBUILD reject new_tc=61.4758 (was 60.1051)
t=694733ms iter=2041 incumb=60.1051 ratchet=60.3024 best=60.1043 since_improve=1768
t=694741ms iter=2042 WAIST cost=57.0000 best_alt=52.0000 gap=5.0000 tried=5 sep_labels=52 clique_frac=0.01
t=694907ms iter=2042 REBUILD reject new_tc=60.7955 (was 60.1051)
t=695068ms iter=2042 incumb=60.1051 ratchet=60.2626 best=60.1043 since_improve=1769
t=695075ms iter=2043 WAIST cost=57.0000 best_alt=52.0000 gap=5.0000 tried=5 sep_labels=52 clique_frac=0.01
t=695236ms iter=2043 REBUILD reject new_tc=64.4508 (was 60.1051)
t=695390ms iter=2043 incumb=60.1051 ratchet=60.3554 best=60.1043 since_improve=1770
t=695398ms iter=2044 WAIST cost=57.0000 best_alt=51.0000 gap=6.0000 tried=5 sep_labels=51 clique_frac=0.01
t=695548ms iter=2044 REBUILD reject new_tc=61.3563 (was 60.1051)
t=695734ms iter=2044 incumb=60.1051 ratchet=60.3414 best=60.1043 since_improve=1771
t=695745ms iter=2045 WAIST cost=57.0000 best_alt=52.0000 gap=5.0000 tried=5 sep_labels=52 clique_frac=0.01
t=695945ms iter=2045 REBUILD reject new_tc=61.1047 (was 60.1051)
t=696094ms iter=2045 incumb=60.1051 ratchet=60.2474 best=60.1043 since_improve=1772
t=696103ms iter=2046 WAIST cost=57.0000 best_alt=51.0000 gap=6.0000 tried=5 sep_labels=51 clique_frac=0.01
t=696254ms iter=2046 REBUILD reject new_tc=61.4290 (was 60.1051)
t=696403ms iter=2046 incumb=60.1051 ratchet=60.2559 best=60.1043 since_improve=1773
t=696413ms iter=2047 WAIST cost=57.0000 best_alt=51.0000 gap=6.0000 tried=5 sep_labels=51 clique_frac=0.01
t=696561ms iter=2047 REBUILD reject new_tc=61.4831 (was 60.1051)
t=696707ms iter=2047 incumb=60.1051 ratchet=60.4294 best=60.1043 since_improve=1774
t=696717ms iter=2048 WAIST cost=57.0000 best_alt=50.0000 gap=7.0000 tried=5 sep_labels=50 clique_frac=0.01
t=696866ms iter=2048 REBUILD reject new_tc=61.6328 (was 60.1051)
t=697017ms iter=2048 incumb=60.1051 ratchet=60.6662 best=60.1043 since_improve=1775
t=697024ms iter=2049 WAIST cost=57.0000 best_alt=52.0000 gap=5.0000 tried=5 sep_labels=52 clique_frac=0.01
t=697190ms iter=2049 REBUILD reject new_tc=60.9520 (was 60.1051)
t=697336ms iter=2049 incumb=60.1051 ratchet=60.1512 best=60.1043 since_improve=1776
t=697342ms iter=2050 WAIST cost=57.0000 best_alt=52.0000 gap=5.0000 tried=5 sep_labels=52 clique_frac=0.01
t=697511ms iter=2050 REBUILD reject new_tc=61.0475 (was 60.1051)
t=697654ms iter=2050 incumb=60.1051 ratchet=60.2143 best=60.1043 since_improve=1777
t=697660ms iter=2051 WAIST cost=57.0000 best_alt=52.0000 gap=5.0000 tried=5 sep_labels=52 clique_frac=0.01
t=697766ms iter=2051 REBUILD reject new_tc=73.0011 (was 60.1051)
t=697867ms iter=2051 incumb=60.1051 ratchet=60.3323 best=60.1043 since_improve=1778
t=697872ms iter=2052 WAIST cost=57.0000 best_alt=52.0000 gap=5.0000 tried=5 sep_labels=52 clique_frac=0.01
t=698027ms iter=2052 REBUILD reject new_tc=60.9088 (was 60.1051)
t=698180ms iter=2052 incumb=60.1051 ratchet=60.2042 best=60.1043 since_improve=1779
t=698188ms iter=2053 WAIST cost=57.0000 best_alt=52.0000 gap=5.0000 tried=5 sep_labels=52 clique_frac=0.01
t=698357ms iter=2053 REBUILD reject new_tc=61.0347 (was 60.1051)
t=698516ms iter=2053 incumb=60.1051 ratchet=60.1686 best=60.1043 since_improve=1780
t=698524ms iter=2054 WAIST cost=57.0000 best_alt=52.0000 gap=5.0000 tried=5 sep_labels=52 clique_frac=0.01
t=698697ms iter=2054 REBUILD reject new_tc=60.9608 (was 60.1051)
t=698847ms iter=2054 incumb=60.1051 ratchet=60.4535 best=60.1043 since_improve=1781
t=698856ms iter=2055 WAIST cost=57.0000 best_alt=51.0000 gap=6.0000 tried=5 sep_labels=51 clique_frac=0.01
t=698989ms iter=2055 REBUILD reject new_tc=75.0280 (was 60.1051)
t=699140ms iter=2055 incumb=60.1051 ratchet=60.2306 best=60.1043 since_improve=1782
t=699149ms iter=2056 WAIST cost=57.0000 best_alt=51.0000 gap=6.0000 tried=5 sep_labels=51 clique_frac=0.01
t=699318ms iter=2056 REBUILD reject new_tc=61.5615 (was 60.1051)
t=699472ms iter=2056 incumb=60.1051 ratchet=60.2154 best=60.1043 since_improve=1783
t=699480ms iter=2057 WAIST cost=57.0000 best_alt=51.0000 gap=6.0000 tried=5 sep_labels=51 clique_frac=0.01
t=699626ms iter=2057 REBUILD reject new_tc=61.3520 (was 60.1051)
t=699781ms iter=2057 incumb=60.1051 ratchet=60.1092 best=60.1043 since_improve=1784
t=699788ms iter=2058 WAIST cost=57.0000 best_alt=52.0000 gap=5.0000 tried=5 sep_labels=52 clique_frac=0.01
t=700001ms iter=2058 REBUILD reject new_tc=60.7976 (was 60.1051)
t=700165ms iter=2058 incumb=60.1051 ratchet=60.3551 best=60.1043 since_improve=1785
t=700175ms iter=2059 WAIST cost=57.0000 best_alt=49.0000 gap=8.0000 tried=5 sep_labels=49 clique_frac=0.01
t=700325ms iter=2059 REBUILD reject new_tc=61.6320 (was 60.1051)
t=700473ms iter=2059 incumb=60.1051 ratchet=60.1158 best=60.1043 since_improve=1786
t=700480ms iter=2060 WAIST cost=57.0000 best_alt=52.0000 gap=5.0000 tried=5 sep_labels=52 clique_frac=0.01
t=700650ms iter=2060 REBUILD reject new_tc=62.2881 (was 60.1051)
t=700809ms iter=2060 incumb=60.1051 ratchet=60.2709 best=60.1043 since_improve=1787
t=700819ms iter=2061 WAIST cost=57.0000 best_alt=51.0000 gap=6.0000 tried=5 sep_labels=51 clique_frac=0.01
t=700975ms iter=2061 REBUILD reject new_tc=61.6963 (was 60.1051)
t=701129ms iter=2061 incumb=60.1051 ratchet=60.1807 best=60.1043 since_improve=1788
t=701139ms iter=2062 WAIST cost=57.0000 best_alt=51.0000 gap=6.0000 tried=5 sep_labels=51 clique_frac=0.01
t=701291ms iter=2062 REBUILD reject new_tc=60.7145 (was 60.1051)
t=701446ms iter=2062 incumb=60.1051 ratchet=60.2461 best=60.1043 since_improve=1789
t=701455ms iter=2063 WAIST cost=57.0000 best_alt=52.0000 gap=5.0000 tried=5 sep_labels=52 clique_frac=0.01
t=701619ms iter=2063 REBUILD reject new_tc=60.8886 (was 60.1051)
t=701770ms iter=2063 incumb=60.1051 ratchet=60.2122 best=60.1043 since_improve=1790
t=701779ms iter=2064 WAIST cost=57.0000 best_alt=50.0000 gap=7.0000 tried=5 sep_labels=50 clique_frac=0.01
t=701926ms iter=2064 REBUILD reject new_tc=65.4105 (was 60.1051)
t=702078ms iter=2064 incumb=60.1051 ratchet=60.5473 best=60.1043 since_improve=1791
t=702088ms iter=2065 WAIST cost=57.0000 best_alt=52.0000 gap=5.0000 tried=5 sep_labels=52 clique_frac=0.01
t=702254ms iter=2065 REBUILD reject new_tc=60.9131 (was 60.1051)
t=702414ms iter=2065 incumb=60.1051 ratchet=60.1930 best=60.1043 since_improve=1792
t=702422ms iter=2066 WAIST cost=57.0000 best_alt=52.0000 gap=5.0000 tried=5 sep_labels=52 clique_frac=0.01
t=702583ms iter=2066 REBUILD reject new_tc=74.0002 (was 60.1051)
t=702738ms iter=2066 incumb=60.1051 ratchet=60.1691 best=60.1043 since_improve=1793
t=702747ms iter=2067 WAIST cost=57.0000 best_alt=51.0000 gap=6.0000 tried=5 sep_labels=51 clique_frac=0.01
t=702902ms iter=2067 REBUILD reject new_tc=61.6990 (was 60.1051)
t=703053ms iter=2067 incumb=60.1051 ratchet=60.2496 best=60.1043 since_improve=1794
t=703062ms iter=2068 WAIST cost=57.0000 best_alt=52.0000 gap=5.0000 tried=5 sep_labels=52 clique_frac=0.01
t=703230ms iter=2068 REBUILD reject new_tc=60.8540 (was 60.1051)
t=703383ms iter=2068 incumb=60.1051 ratchet=60.1668 best=60.1043 since_improve=1795
t=703391ms iter=2069 WAIST cost=57.0000 best_alt=52.0000 gap=5.0000 tried=5 sep_labels=52 clique_frac=0.01
t=703565ms iter=2069 REBUILD reject new_tc=60.8875 (was 60.1051)
t=703720ms iter=2069 incumb=60.1051 ratchet=60.2750 best=60.1043 since_improve=1796
t=703731ms iter=2070 WAIST cost=57.0000 best_alt=52.0000 gap=5.0000 tried=5 sep_labels=52 clique_frac=0.01
t=703908ms iter=2070 REBUILD reject new_tc=60.7076 (was 60.1051)
t=704079ms iter=2070 incumb=60.1051 ratchet=60.3976 best=60.1043 since_improve=1797
t=704088ms iter=2071 WAIST cost=57.0000 best_alt=49.0000 gap=8.0000 tried=5 sep_labels=49 clique_frac=0.01
t=704241ms iter=2071 REBUILD reject new_tc=61.2082 (was 60.1051)
t=704398ms iter=2071 incumb=60.1051 ratchet=60.2656 best=60.1043 since_improve=1798
t=704406ms iter=2072 WAIST cost=57.0000 best_alt=52.0000 gap=5.0000 tried=5 sep_labels=52 clique_frac=0.01
t=704566ms iter=2072 REBUILD reject new_tc=62.5644 (was 60.1051)
t=704715ms iter=2072 incumb=60.1051 ratchet=60.1823 best=60.1043 since_improve=1799
t=704725ms iter=2073 WAIST cost=57.0000 best_alt=52.0000 gap=5.0000 tried=5 sep_labels=52 clique_frac=0.01
t=704888ms iter=2073 REBUILD reject new_tc=61.1324 (was 60.1051)
t=705038ms iter=2073 incumb=60.1051 ratchet=60.1663 best=60.1043 since_improve=1800
t=705048ms iter=2074 WAIST cost=57.0000 best_alt=49.0000 gap=8.0000 tried=5 sep_labels=49 clique_frac=0.01
t=705193ms iter=2074 REBUILD reject new_tc=61.5236 (was 60.1051)
t=705338ms iter=2074 incumb=60.1051 ratchet=60.2962 best=60.1043 since_improve=1801
t=705346ms iter=2075 WAIST cost=57.0000 best_alt=52.0000 gap=5.0000 tried=5 sep_labels=52 clique_frac=0.01
t=705509ms iter=2075 REBUILD reject new_tc=61.1470 (was 60.1051)
t=705658ms iter=2075 incumb=60.1051 ratchet=60.2263 best=60.1043 since_improve=1802
t=705667ms iter=2076 WAIST cost=57.0000 best_alt=52.0000 gap=5.0000 tried=5 sep_labels=52 clique_frac=0.01
t=705837ms iter=2076 REBUILD reject new_tc=60.8501 (was 60.1051)
t=705985ms iter=2076 incumb=60.1051 ratchet=60.2040 best=60.1043 since_improve=1803
t=705994ms iter=2077 WAIST cost=57.0000 best_alt=51.0000 gap=6.0000 tried=5 sep_labels=51 clique_frac=0.01
t=706166ms iter=2077 REBUILD reject new_tc=61.2822 (was 60.1051)
t=706321ms iter=2077 incumb=60.1051 ratchet=60.2730 best=60.1043 since_improve=1804
t=706336ms iter=2078 WAIST cost=57.0000 best_alt=52.0000 gap=5.0000 tried=5 sep_labels=52 clique_frac=0.01
t=706548ms iter=2078 REBUILD reject new_tc=60.7187 (was 60.1051)
t=706710ms iter=2078 incumb=60.1051 ratchet=60.1345 best=60.1043 since_improve=1805
t=706717ms iter=2079 WAIST cost=57.0000 best_alt=49.0000 gap=8.0000 tried=5 sep_labels=49 clique_frac=0.01
t=706864ms iter=2079 REBUILD reject new_tc=74.0131 (was 60.1051)
t=707021ms iter=2079 incumb=60.1051 ratchet=60.3868 best=60.1043 since_improve=1806
t=707031ms iter=2080 WAIST cost=57.0000 best_alt=52.0000 gap=5.0000 tried=5 sep_labels=52 clique_frac=0.01
t=707205ms iter=2080 REBUILD reject new_tc=60.9986 (was 60.1051)
t=707378ms iter=2080 incumb=60.1051 ratchet=60.3020 best=60.1043 since_improve=1807
t=707386ms iter=2081 WAIST cost=57.0000 best_alt=50.0000 gap=7.0000 tried=5 sep_labels=50 clique_frac=0.01
t=707519ms iter=2081 REBUILD reject new_tc=75.0002 (was 60.1051)
t=707672ms iter=2081 incumb=60.1051 ratchet=60.2205 best=60.1043 since_improve=1808
t=707679ms iter=2082 WAIST cost=57.0000 best_alt=51.0000 gap=6.0000 tried=5 sep_labels=51 clique_frac=0.01
t=707836ms iter=2082 REBUILD reject new_tc=61.3169 (was 60.1051)
t=707992ms iter=2082 incumb=60.1051 ratchet=60.1899 best=60.1043 since_improve=1809
t=708001ms iter=2083 WAIST cost=57.0000 best_alt=52.0000 gap=5.0000 tried=5 sep_labels=52 clique_frac=0.01
t=708173ms iter=2083 REBUILD reject new_tc=60.9165 (was 60.1051)
t=708361ms iter=2083 incumb=60.1051 ratchet=60.2192 best=60.1043 since_improve=1810
t=708369ms iter=2084 WAIST cost=57.0000 best_alt=51.0000 gap=6.0000 tried=5 sep_labels=51 clique_frac=0.01
t=708515ms iter=2084 REBUILD reject new_tc=73.0003 (was 60.1051)
t=708674ms iter=2084 incumb=60.1051 ratchet=60.4130 best=60.1043 since_improve=1811
t=708680ms iter=2085 WAIST cost=57.0000 best_alt=52.0000 gap=5.0000 tried=5 sep_labels=52 clique_frac=0.01
t=708849ms iter=2085 REBUILD reject new_tc=68.3038 (was 60.1051)
t=709014ms iter=2085 incumb=60.1051 ratchet=60.4492 best=60.1043 since_improve=1812
t=709021ms iter=2086 WAIST cost=57.0000 best_alt=52.0000 gap=5.0000 tried=5 sep_labels=52 clique_frac=0.01
t=709184ms iter=2086 REBUILD reject new_tc=60.9151 (was 60.1051)
t=709339ms iter=2086 incumb=60.1051 ratchet=60.2751 best=60.1043 since_improve=1813
t=709347ms iter=2087 WAIST cost=57.0000 best_alt=52.0000 gap=5.0000 tried=5 sep_labels=52 clique_frac=0.01
t=709518ms iter=2087 REBUILD reject new_tc=60.9352 (was 60.1051)
t=709668ms iter=2087 incumb=60.1051 ratchet=60.1960 best=60.1043 since_improve=1814
t=709675ms iter=2088 WAIST cost=57.0000 best_alt=51.0000 gap=6.0000 tried=5 sep_labels=51 clique_frac=0.01
t=709805ms iter=2088 REBUILD reject new_tc=60.9132 (was 60.1051)
t=709906ms iter=2088 incumb=60.1051 ratchet=60.2389 best=60.1043 since_improve=1815
t=709915ms iter=2089 WAIST cost=57.0000 best_alt=52.0000 gap=5.0000 tried=5 sep_labels=52 clique_frac=0.01
t=710085ms iter=2089 REBUILD reject new_tc=60.3379 (was 60.1051)
t=710237ms iter=2089 incumb=60.1051 ratchet=64.1433 best=60.1043 since_improve=1816
t=710245ms iter=2090 WAIST cost=57.0000 best_alt=52.0000 gap=5.0000 tried=5 sep_labels=52 clique_frac=0.01
t=710416ms iter=2090 REBUILD reject new_tc=60.7957 (was 60.1051)
t=710577ms iter=2090 incumb=60.1051 ratchet=60.1518 best=60.1043 since_improve=1817
t=710584ms iter=2091 WAIST cost=57.0000 best_alt=52.0000 gap=5.0000 tried=5 sep_labels=52 clique_frac=0.01
t=710756ms iter=2091 REBUILD reject new_tc=60.8313 (was 60.1051)
t=710908ms iter=2091 incumb=60.1051 ratchet=60.2021 best=60.1043 since_improve=1818
t=710917ms iter=2092 WAIST cost=57.0000 best_alt=52.0000 gap=5.0000 tried=5 sep_labels=52 clique_frac=0.01
t=711092ms iter=2092 REBUILD reject new_tc=60.8311 (was 60.1051)
t=711269ms iter=2092 incumb=60.1051 ratchet=60.1153 best=60.1043 since_improve=1819
t=711278ms iter=2093 WAIST cost=57.0000 best_alt=52.0000 gap=5.0000 tried=5 sep_labels=52 clique_frac=0.01
t=711467ms iter=2093 REBUILD reject new_tc=60.7694 (was 60.1051)
t=711625ms iter=2093 incumb=60.1051 ratchet=60.3583 best=60.1043 since_improve=1820
t=711634ms iter=2094 WAIST cost=57.0000 best_alt=51.0000 gap=6.0000 tried=5 sep_labels=51 clique_frac=0.01
t=711787ms iter=2094 REBUILD reject new_tc=61.2214 (was 60.1051)
t=711944ms iter=2094 incumb=60.1051 ratchet=60.6147 best=60.1043 since_improve=1821
t=711953ms iter=2095 WAIST cost=57.0000 best_alt=52.0000 gap=5.0000 tried=5 sep_labels=52 clique_frac=0.01
t=712131ms iter=2095 REBUILD reject new_tc=61.1511 (was 60.1051)
t=712285ms iter=2095 incumb=60.1051 ratchet=60.2390 best=60.1043 since_improve=1822
t=712294ms iter=2096 WAIST cost=57.0000 best_alt=51.0000 gap=6.0000 tried=5 sep_labels=51 clique_frac=0.01
t=712450ms iter=2096 REBUILD reject new_tc=61.6367 (was 60.1051)
t=712608ms iter=2096 incumb=60.1051 ratchet=60.3045 best=60.1043 since_improve=1823
t=712617ms iter=2097 WAIST cost=57.0000 best_alt=52.0000 gap=5.0000 tried=5 sep_labels=52 clique_frac=0.01
t=712790ms iter=2097 REBUILD reject new_tc=60.8912 (was 60.1051)
t=712947ms iter=2097 incumb=60.1051 ratchet=60.2020 best=60.1043 since_improve=1824
t=712956ms iter=2098 WAIST cost=57.0000 best_alt=52.0000 gap=5.0000 tried=5 sep_labels=52 clique_frac=0.01
t=713125ms iter=2098 REBUILD reject new_tc=60.8406 (was 60.1051)
t=713279ms iter=2098 incumb=60.1051 ratchet=60.1650 best=60.1043 since_improve=1825
t=713287ms iter=2099 WAIST cost=57.0000 best_alt=51.0000 gap=6.0000 tried=5 sep_labels=51 clique_frac=0.01
t=713457ms iter=2099 REBUILD reject new_tc=65.6080 (was 60.1051)
t=713616ms iter=2099 incumb=60.1051 ratchet=60.7446 best=60.1043 since_improve=1826
t=713624ms iter=2100 WAIST cost=57.0000 best_alt=52.0000 gap=5.0000 tried=5 sep_labels=52 clique_frac=0.01
t=713797ms iter=2100 REBUILD reject new_tc=60.2663 (was 60.1051)
t=713951ms iter=2100 incumb=60.1051 ratchet=60.3626 best=60.1043 since_improve=1827
t=713961ms iter=2101 WAIST cost=57.0000 best_alt=51.0000 gap=6.0000 tried=5 sep_labels=51 clique_frac=0.01
t=714114ms iter=2101 REBUILD reject new_tc=67.2765 (was 60.1051)
t=714261ms iter=2101 incumb=60.1051 ratchet=60.2367 best=60.1043 since_improve=1828
t=714268ms iter=2102 WAIST cost=57.0000 best_alt=52.0000 gap=5.0000 tried=5 sep_labels=52 clique_frac=0.01
t=714432ms iter=2102 REBUILD reject new_tc=61.0463 (was 60.1051)
t=714584ms iter=2102 incumb=60.1051 ratchet=60.2243 best=60.1043 since_improve=1829
t=714592ms iter=2103 WAIST cost=57.0000 best_alt=51.0000 gap=6.0000 tried=5 sep_labels=51 clique_frac=0.01
t=714741ms iter=2103 REBUILD reject new_tc=61.2474 (was 60.1051)
t=714896ms iter=2103 incumb=60.1051 ratchet=60.2165 best=60.1043 since_improve=1830
t=714906ms iter=2104 WAIST cost=57.0000 best_alt=49.0000 gap=8.0000 tried=5 sep_labels=49 clique_frac=0.01
t=715061ms iter=2104 REBUILD reject new_tc=61.5592 (was 60.1051)
t=715217ms iter=2104 incumb=60.1051 ratchet=60.2551 best=60.1043 since_improve=1831
t=715226ms iter=2105 WAIST cost=57.0000 best_alt=50.0000 gap=7.0000 tried=5 sep_labels=50 clique_frac=0.01
t=715373ms iter=2105 REBUILD reject new_tc=61.3920 (was 60.1051)
t=715527ms iter=2105 incumb=60.1051 ratchet=60.2209 best=60.1043 since_improve=1832
t=715536ms iter=2106 WAIST cost=57.0000 best_alt=52.0000 gap=5.0000 tried=5 sep_labels=52 clique_frac=0.01
t=715721ms iter=2106 REBUILD reject new_tc=66.3205 (was 60.1051)
t=715874ms iter=2106 incumb=60.1051 ratchet=60.3310 best=60.1043 since_improve=1833
t=715882ms iter=2107 WAIST cost=57.0000 best_alt=52.0000 gap=5.0000 tried=5 sep_labels=52 clique_frac=0.01
t=716043ms iter=2107 REBUILD reject new_tc=71.0009 (was 60.1051)
t=716204ms iter=2107 incumb=60.1051 ratchet=60.2398 best=60.1043 since_improve=1834
t=716212ms iter=2108 WAIST cost=57.0000 best_alt=51.0000 gap=6.0000 tried=5 sep_labels=51 clique_frac=0.01
t=716369ms iter=2108 REBUILD reject new_tc=61.1118 (was 60.1051)
t=716524ms iter=2108 incumb=60.1051 ratchet=60.1667 best=60.1043 since_improve=1835
t=716532ms iter=2109 WAIST cost=57.0000 best_alt=49.0000 gap=8.0000 tried=5 sep_labels=49 clique_frac=0.01
t=716684ms iter=2109 REBUILD reject new_tc=66.2023 (was 60.1051)
t=716838ms iter=2109 incumb=60.1051 ratchet=60.6485 best=60.1043 since_improve=1836
t=716847ms iter=2110 WAIST cost=57.0000 best_alt=50.0000 gap=7.0000 tried=5 sep_labels=50 clique_frac=0.01
t=717041ms iter=2110 REBUILD reject new_tc=61.3157 (was 60.1051)
t=717200ms iter=2110 incumb=60.1051 ratchet=60.1249 best=60.1043 since_improve=1837
t=717209ms iter=2111 WAIST cost=57.0000 best_alt=52.0000 gap=5.0000 tried=5 sep_labels=52 clique_frac=0.01
t=717385ms iter=2111 REBUILD reject new_tc=60.7448 (was 60.1051)
t=717542ms iter=2111 incumb=60.1051 ratchet=60.1517 best=60.1043 since_improve=1838
t=717551ms iter=2112 WAIST cost=57.0000 best_alt=49.0000 gap=8.0000 tried=5 sep_labels=49 clique_frac=0.01
t=717704ms iter=2112 REBUILD reject new_tc=60.8071 (was 60.1051)
t=717864ms iter=2112 incumb=60.1051 ratchet=60.1912 best=60.1043 since_improve=1839
t=717873ms iter=2113 WAIST cost=57.0000 best_alt=52.0000 gap=5.0000 tried=5 sep_labels=52 clique_frac=0.01
t=718041ms iter=2113 REBUILD reject new_tc=60.8452 (was 60.1051)
t=718201ms iter=2113 incumb=60.1051 ratchet=60.1538 best=60.1043 since_improve=1840
t=718209ms iter=2114 WAIST cost=57.0000 best_alt=50.0000 gap=7.0000 tried=5 sep_labels=50 clique_frac=0.01
t=718361ms iter=2114 REBUILD reject new_tc=65.9916 (was 60.1051)
t=718521ms iter=2114 incumb=60.1051 ratchet=60.3143 best=60.1043 since_improve=1841
t=718530ms iter=2115 WAIST cost=57.0000 best_alt=52.0000 gap=5.0000 tried=5 sep_labels=52 clique_frac=0.01
t=718710ms iter=2115 REBUILD reject new_tc=61.0893 (was 60.1051)
t=718865ms iter=2115 incumb=60.1051 ratchet=60.2407 best=60.1043 since_improve=1842
t=718873ms iter=2116 WAIST cost=57.0000 best_alt=52.0000 gap=5.0000 tried=5 sep_labels=52 clique_frac=0.01
t=719042ms iter=2116 REBUILD reject new_tc=61.0126 (was 60.1051)
t=719202ms iter=2116 incumb=60.1051 ratchet=60.2315 best=60.1043 since_improve=1843
t=719211ms iter=2117 WAIST cost=57.0000 best_alt=51.0000 gap=6.0000 tried=5 sep_labels=51 clique_frac=0.01
t=719365ms iter=2117 REBUILD reject new_tc=61.3314 (was 60.1051)
t=719519ms iter=2117 incumb=60.1051 ratchet=60.1476 best=60.1043 since_improve=1844
t=719528ms iter=2118 WAIST cost=57.0000 best_alt=52.0000 gap=5.0000 tried=5 sep_labels=52 clique_frac=0.01
t=719699ms iter=2118 REBUILD reject new_tc=60.8401 (was 60.1051)
t=719854ms iter=2118 incumb=60.1051 ratchet=60.3184 best=60.1043 since_improve=1845
t=719861ms iter=2119 WAIST cost=57.0000 best_alt=52.0000 gap=5.0000 tried=5 sep_labels=52 clique_frac=0.01
t=720034ms iter=2119 REBUILD reject new_tc=60.5765 (was 60.1051)
t=720202ms iter=2119 incumb=60.1051 ratchet=60.2535 best=60.1043 since_improve=1846
t=720214ms iter=2120 WAIST cost=57.0000 best_alt=52.0000 gap=5.0000 tried=5 sep_labels=52 clique_frac=0.01
t=720386ms iter=2120 REBUILD reject new_tc=60.8991 (was 60.1051)
t=720544ms iter=2120 incumb=60.1051 ratchet=60.1765 best=60.1043 since_improve=1847
t=720553ms iter=2121 WAIST cost=57.0000 best_alt=52.0000 gap=5.0000 tried=5 sep_labels=52 clique_frac=0.01
t=720727ms iter=2121 REBUILD reject new_tc=60.7781 (was 60.1051)
t=720881ms iter=2121 incumb=60.1051 ratchet=60.2489 best=60.1043 since_improve=1848
t=720891ms iter=2122 WAIST cost=57.0000 best_alt=52.0000 gap=5.0000 tried=5 sep_labels=52 clique_frac=0.01
t=721063ms iter=2122 REBUILD reject new_tc=60.8541 (was 60.1051)
t=721221ms iter=2122 incumb=60.1051 ratchet=60.1297 best=60.1043 since_improve=1849
t=721230ms iter=2123 WAIST cost=57.0000 best_alt=51.0000 gap=6.0000 tried=5 sep_labels=51 clique_frac=0.01
t=721394ms iter=2123 REBUILD reject new_tc=61.4586 (was 60.1051)
t=721549ms iter=2123 incumb=60.1051 ratchet=60.1407 best=60.1043 since_improve=1850
t=721556ms iter=2124 WAIST cost=57.0000 best_alt=49.0000 gap=8.0000 tried=5 sep_labels=49 clique_frac=0.01
t=721712ms iter=2124 REBUILD reject new_tc=61.5035 (was 60.1051)
t=721864ms iter=2124 incumb=60.1051 ratchet=60.4584 best=60.1043 since_improve=1851
t=721872ms iter=2125 WAIST cost=57.0000 best_alt=49.0000 gap=8.0000 tried=5 sep_labels=49 clique_frac=0.01
t=722019ms iter=2125 REBUILD reject new_tc=61.3625 (was 60.1051)
t=722174ms iter=2125 incumb=60.1051 ratchet=60.1490 best=60.1043 since_improve=1852
t=722183ms iter=2126 WAIST cost=57.0000 best_alt=52.0000 gap=5.0000 tried=5 sep_labels=52 clique_frac=0.01
t=722345ms iter=2126 REBUILD reject new_tc=72.0010 (was 60.1051)
t=722500ms iter=2126 incumb=60.1051 ratchet=60.2256 best=60.1043 since_improve=1853
t=722508ms iter=2127 WAIST cost=57.0000 best_alt=52.0000 gap=5.0000 tried=5 sep_labels=52 clique_frac=0.01
t=722680ms iter=2127 REBUILD reject new_tc=60.7835 (was 60.1051)
t=722826ms iter=2127 incumb=60.1051 ratchet=60.1717 best=60.1043 since_improve=1854
t=722834ms iter=2128 WAIST cost=57.0000 best_alt=52.0000 gap=5.0000 tried=5 sep_labels=52 clique_frac=0.01
t=723011ms iter=2128 REBUILD reject new_tc=60.8068 (was 60.1051)
t=723168ms iter=2128 incumb=60.1051 ratchet=60.2070 best=60.1043 since_improve=1855
t=723176ms iter=2129 WAIST cost=57.0000 best_alt=51.0000 gap=6.0000 tried=5 sep_labels=51 clique_frac=0.01
t=723345ms iter=2129 REBUILD reject new_tc=61.1404 (was 60.1051)
t=723499ms iter=2129 incumb=60.1051 ratchet=60.1648 best=60.1043 since_improve=1856
t=723509ms iter=2130 WAIST cost=57.0000 best_alt=52.0000 gap=5.0000 tried=5 sep_labels=52 clique_frac=0.01
t=723678ms iter=2130 REBUILD reject new_tc=60.5557 (was 60.1051)
t=723831ms iter=2130 incumb=60.1051 ratchet=60.1097 best=60.1043 since_improve=1857
t=723841ms iter=2131 WAIST cost=57.0000 best_alt=51.0000 gap=6.0000 tried=5 sep_labels=51 clique_frac=0.01
t=723993ms iter=2131 REBUILD reject new_tc=61.6187 (was 60.1051)
t=724155ms iter=2131 incumb=60.1051 ratchet=60.2341 best=60.1043 since_improve=1858
t=724165ms iter=2132 WAIST cost=57.0000 best_alt=52.0000 gap=5.0000 tried=5 sep_labels=52 clique_frac=0.01
t=724335ms iter=2132 REBUILD reject new_tc=60.5041 (was 60.1051)
t=724490ms iter=2132 incumb=60.1051 ratchet=60.1982 best=60.1043 since_improve=1859
t=724498ms iter=2133 WAIST cost=57.0000 best_alt=52.0000 gap=5.0000 tried=5 sep_labels=52 clique_frac=0.01
t=724667ms iter=2133 REBUILD reject new_tc=71.0256 (was 60.1051)
t=724817ms iter=2133 incumb=60.1051 ratchet=60.2377 best=60.1043 since_improve=1860
t=724825ms iter=2134 WAIST cost=57.0000 best_alt=52.0000 gap=5.0000 tried=5 sep_labels=52 clique_frac=0.01
t=724992ms iter=2134 REBUILD reject new_tc=65.4310 (was 60.1051)
t=725143ms iter=2134 incumb=60.1051 ratchet=60.1599 best=60.1043 since_improve=1861
t=725153ms iter=2135 WAIST cost=57.0000 best_alt=52.0000 gap=5.0000 tried=5 sep_labels=52 clique_frac=0.01
t=725346ms iter=2135 REBUILD reject new_tc=60.8537 (was 60.1051)
t=725503ms iter=2135 incumb=60.1051 ratchet=60.2278 best=60.1043 since_improve=1862
t=725514ms iter=2136 WAIST cost=57.0000 best_alt=52.0000 gap=5.0000 tried=5 sep_labels=52 clique_frac=0.01
t=725693ms iter=2136 REBUILD reject new_tc=61.6745 (was 60.1051)
t=725848ms iter=2136 incumb=60.1051 ratchet=60.4646 best=60.1043 since_improve=1863
t=725855ms iter=2137 WAIST cost=57.0000 best_alt=52.0000 gap=5.0000 tried=5 sep_labels=52 clique_frac=0.01
t=726026ms iter=2137 REBUILD reject new_tc=61.0714 (was 60.1051)
t=726179ms iter=2137 incumb=60.1051 ratchet=60.1520 best=60.1043 since_improve=1864
t=726186ms iter=2138 WAIST cost=57.0000 best_alt=52.0000 gap=5.0000 tried=5 sep_labels=52 clique_frac=0.01
t=726359ms iter=2138 REBUILD reject new_tc=60.7340 (was 60.1051)
t=726519ms iter=2138 incumb=60.1051 ratchet=60.3433 best=60.1043 since_improve=1865
t=726529ms iter=2139 WAIST cost=57.0000 best_alt=51.0000 gap=6.0000 tried=5 sep_labels=51 clique_frac=0.01
t=726679ms iter=2139 REBUILD reject new_tc=61.6952 (was 60.1051)
t=726837ms iter=2139 incumb=60.1051 ratchet=60.2429 best=60.1043 since_improve=1866
t=726845ms iter=2140 WAIST cost=57.0000 best_alt=52.0000 gap=5.0000 tried=5 sep_labels=52 clique_frac=0.01
t=727016ms iter=2140 REBUILD reject new_tc=66.2535 (was 60.1051)
t=727173ms iter=2140 incumb=60.1051 ratchet=60.4515 best=60.1043 since_improve=1867
t=727183ms iter=2141 WAIST cost=57.0000 best_alt=52.0000 gap=5.0000 tried=5 sep_labels=52 clique_frac=0.01
t=727354ms iter=2141 REBUILD reject new_tc=60.8958 (was 60.1051)
t=727509ms iter=2141 incumb=60.1051 ratchet=60.3012 best=60.1043 since_improve=1868
t=727517ms iter=2142 WAIST cost=57.0000 best_alt=52.0000 gap=5.0000 tried=5 sep_labels=52 clique_frac=0.01
t=727695ms iter=2142 REBUILD reject new_tc=61.2103 (was 60.1051)
t=727854ms iter=2142 incumb=60.1051 ratchet=60.1923 best=60.1043 since_improve=1869
t=727862ms iter=2143 WAIST cost=57.0000 best_alt=52.0000 gap=5.0000 tried=5 sep_labels=52 clique_frac=0.01
t=728036ms iter=2143 REBUILD reject new_tc=60.9226 (was 60.1051)
t=728192ms iter=2143 incumb=60.1051 ratchet=60.3470 best=60.1043 since_improve=1870
t=728199ms iter=2144 WAIST cost=57.0000 best_alt=50.0000 gap=7.0000 tried=5 sep_labels=50 clique_frac=0.01
t=728345ms iter=2144 REBUILD reject new_tc=61.2915 (was 60.1051)
t=728501ms iter=2144 incumb=60.1051 ratchet=60.3586 best=60.1043 since_improve=1871
t=728509ms iter=2145 WAIST cost=57.0000 best_alt=52.0000 gap=5.0000 tried=5 sep_labels=52 clique_frac=0.01
t=728677ms iter=2145 REBUILD reject new_tc=61.0762 (was 60.1051)
t=728833ms iter=2145 incumb=60.1051 ratchet=60.4205 best=60.1043 since_improve=1872
t=728842ms iter=2146 WAIST cost=57.0000 best_alt=51.0000 gap=6.0000 tried=5 sep_labels=51 clique_frac=0.01
t=729016ms iter=2146 REBUILD reject new_tc=63.4368 (was 60.1051)
t=729172ms iter=2146 incumb=60.1051 ratchet=60.1768 best=60.1043 since_improve=1873
t=729180ms iter=2147 WAIST cost=57.0000 best_alt=52.0000 gap=5.0000 tried=5 sep_labels=52 clique_frac=0.01
t=729352ms iter=2147 REBUILD reject new_tc=60.9131 (was 60.1051)
t=729510ms iter=2147 incumb=60.1051 ratchet=60.3478 best=60.1043 since_improve=1874
t=729519ms iter=2148 WAIST cost=57.0000 best_alt=51.0000 gap=6.0000 tried=5 sep_labels=51 clique_frac=0.01
t=729686ms iter=2148 REBUILD reject new_tc=60.6773 (was 60.1051)
t=729837ms iter=2148 incumb=60.1051 ratchet=60.5829 best=60.1043 since_improve=1875
t=729844ms iter=2149 WAIST cost=57.0000 best_alt=52.0000 gap=5.0000 tried=5 sep_labels=52 clique_frac=0.01
t=730020ms iter=2149 REBUILD reject new_tc=60.7568 (was 60.1051)
t=730181ms iter=2149 incumb=60.1051 ratchet=60.1354 best=60.1043 since_improve=1876
t=730190ms iter=2150 WAIST cost=57.0000 best_alt=50.0000 gap=7.0000 tried=5 sep_labels=50 clique_frac=0.01
t=730341ms iter=2150 REBUILD reject new_tc=65.9136 (was 60.1051)
t=730496ms iter=2150 incumb=60.1051 ratchet=60.7305 best=60.1043 since_improve=1877
t=730505ms iter=2151 WAIST cost=57.0000 best_alt=52.0000 gap=5.0000 tried=5 sep_labels=52 clique_frac=0.01
t=730663ms iter=2151 REBUILD reject new_tc=72.0004 (was 60.1051)
t=730819ms iter=2151 incumb=60.1051 ratchet=60.2807 best=60.1043 since_improve=1878
t=730829ms iter=2152 WAIST cost=57.0000 best_alt=51.0000 gap=6.0000 tried=5 sep_labels=51 clique_frac=0.01
t=730999ms iter=2152 REBUILD reject new_tc=74.0051 (was 60.1051)
t=731154ms iter=2152 incumb=60.1051 ratchet=60.2328 best=60.1043 since_improve=1879
t=731164ms iter=2153 WAIST cost=57.0000 best_alt=49.0000 gap=8.0000 tried=5 sep_labels=49 clique_frac=0.01
t=731316ms iter=2153 REBUILD reject new_tc=61.3502 (was 60.1051)
t=731470ms iter=2153 incumb=60.1051 ratchet=60.4509 best=60.1043 since_improve=1880
t=731478ms iter=2154 WAIST cost=57.0000 best_alt=49.0000 gap=8.0000 tried=5 sep_labels=49 clique_frac=0.01
t=731627ms iter=2154 REBUILD reject new_tc=61.6352 (was 60.1051)
t=731784ms iter=2154 incumb=60.1051 ratchet=60.4320 best=60.1043 since_improve=1881
t=731792ms iter=2155 WAIST cost=57.0000 best_alt=51.0000 gap=6.0000 tried=5 sep_labels=51 clique_frac=0.01
t=731943ms iter=2155 REBUILD reject new_tc=61.3433 (was 60.1051)
t=732101ms iter=2155 incumb=60.1051 ratchet=60.1936 best=60.1043 since_improve=1882
t=732108ms iter=2156 WAIST cost=57.0000 best_alt=52.0000 gap=5.0000 tried=5 sep_labels=52 clique_frac=0.01
t=732284ms iter=2156 REBUILD reject new_tc=60.8064 (was 60.1051)
t=732439ms iter=2156 incumb=60.1051 ratchet=60.1505 best=60.1043 since_improve=1883
t=732447ms iter=2157 WAIST cost=57.0000 best_alt=52.0000 gap=5.0000 tried=5 sep_labels=52 clique_frac=0.01
t=732615ms iter=2157 REBUILD reject new_tc=61.0868 (was 60.1051)
t=732765ms iter=2157 incumb=60.1051 ratchet=60.1485 best=60.1043 since_improve=1884
t=732774ms iter=2158 WAIST cost=57.0000 best_alt=49.0000 gap=8.0000 tried=5 sep_labels=49 clique_frac=0.01
t=732930ms iter=2158 REBUILD reject new_tc=61.1136 (was 60.1051)
t=733087ms iter=2158 incumb=60.1051 ratchet=60.3129 best=60.1043 since_improve=1885
t=733096ms iter=2159 WAIST cost=57.0000 best_alt=51.0000 gap=6.0000 tried=5 sep_labels=51 clique_frac=0.01
t=733268ms iter=2159 REBUILD reject new_tc=63.6499 (was 60.1051)
t=733423ms iter=2159 incumb=60.1051 ratchet=60.1872 best=60.1043 since_improve=1886
t=733432ms iter=2160 WAIST cost=57.0000 best_alt=52.0000 gap=5.0000 tried=5 sep_labels=52 clique_frac=0.01
t=733604ms iter=2160 REBUILD reject new_tc=61.0663 (was 60.1051)
t=733760ms iter=2160 incumb=60.1051 ratchet=60.3804 best=60.1043 since_improve=1887
t=733768ms iter=2161 WAIST cost=57.0000 best_alt=51.0000 gap=6.0000 tried=5 sep_labels=51 clique_frac=0.01
t=733917ms iter=2161 REBUILD reject new_tc=63.7117 (was 60.1051)
t=734075ms iter=2161 incumb=60.1051 ratchet=60.3575 best=60.1043 since_improve=1888
t=734085ms iter=2162 WAIST cost=57.0000 best_alt=52.0000 gap=5.0000 tried=5 sep_labels=52 clique_frac=0.01
t=734251ms iter=2162 REBUILD reject new_tc=60.8846 (was 60.1051)
t=734405ms iter=2162 incumb=60.1051 ratchet=60.2561 best=60.1043 since_improve=1889
t=734413ms iter=2163 WAIST cost=57.0000 best_alt=52.0000 gap=5.0000 tried=5 sep_labels=52 clique_frac=0.01
t=734585ms iter=2163 REBUILD reject new_tc=60.4352 (was 60.1051)
t=734739ms iter=2163 incumb=60.1051 ratchet=60.4000 best=60.1043 since_improve=1890
t=734748ms iter=2164 WAIST cost=57.0000 best_alt=51.0000 gap=6.0000 tried=5 sep_labels=51 clique_frac=0.01
t=734917ms iter=2164 REBUILD reject new_tc=61.2374 (was 60.1051)
t=735071ms iter=2164 incumb=60.1051 ratchet=60.1724 best=60.1043 since_improve=1891
t=735079ms iter=2165 WAIST cost=57.0000 best_alt=52.0000 gap=5.0000 tried=5 sep_labels=52 clique_frac=0.01
t=735255ms iter=2165 REBUILD reject new_tc=60.8870 (was 60.1051)
t=735408ms iter=2165 incumb=60.1051 ratchet=60.2094 best=60.1043 since_improve=1892
t=735417ms iter=2166 WAIST cost=57.0000 best_alt=51.0000 gap=6.0000 tried=5 sep_labels=51 clique_frac=0.01
t=735573ms iter=2166 REBUILD reject new_tc=61.4232 (was 60.1051)
t=735725ms iter=2166 incumb=60.1051 ratchet=60.4782 best=60.1043 since_improve=1893
t=735735ms iter=2167 WAIST cost=57.0000 best_alt=52.0000 gap=5.0000 tried=5 sep_labels=52 clique_frac=0.01
t=735912ms iter=2167 REBUILD reject new_tc=60.5613 (was 60.1051)
t=736068ms iter=2167 incumb=60.1051 ratchet=60.4958 best=60.1043 since_improve=1894
t=736074ms iter=2168 WAIST cost=57.0000 best_alt=52.0000 gap=5.0000 tried=5 sep_labels=52 clique_frac=0.01
t=736236ms iter=2168 REBUILD reject new_tc=68.0100 (was 60.1051)
t=736390ms iter=2168 incumb=60.1051 ratchet=60.3223 best=60.1043 since_improve=1895
t=736398ms iter=2169 WAIST cost=57.0000 best_alt=50.0000 gap=7.0000 tried=5 sep_labels=50 clique_frac=0.01
t=736545ms iter=2169 REBUILD reject new_tc=61.2690 (was 60.1051)
t=736700ms iter=2169 incumb=60.1051 ratchet=60.1372 best=60.1043 since_improve=1896
t=736707ms iter=2170 WAIST cost=57.0000 best_alt=52.0000 gap=5.0000 tried=5 sep_labels=52 clique_frac=0.01
t=736881ms iter=2170 REBUILD reject new_tc=60.8949 (was 60.1051)
t=737036ms iter=2170 incumb=60.1051 ratchet=60.4267 best=60.1043 since_improve=1897
t=737046ms iter=2171 WAIST cost=57.0000 best_alt=51.0000 gap=6.0000 tried=5 sep_labels=51 clique_frac=0.01
t=737202ms iter=2171 REBUILD reject new_tc=61.6756 (was 60.1051)
t=737355ms iter=2171 incumb=60.1051 ratchet=60.4937 best=60.1043 since_improve=1898
t=737364ms iter=2172 WAIST cost=57.0000 best_alt=52.0000 gap=5.0000 tried=5 sep_labels=52 clique_frac=0.01
t=737536ms iter=2172 REBUILD reject new_tc=60.8891 (was 60.1051)
t=737689ms iter=2172 incumb=60.1051 ratchet=60.2939 best=60.1043 since_improve=1899
t=737698ms iter=2173 WAIST cost=57.0000 best_alt=49.0000 gap=8.0000 tried=5 sep_labels=49 clique_frac=0.01
t=737847ms iter=2173 REBUILD reject new_tc=61.5719 (was 60.1051)
t=738000ms iter=2173 incumb=60.1051 ratchet=60.3569 best=60.1043 since_improve=1900
t=738008ms iter=2174 WAIST cost=57.0000 best_alt=52.0000 gap=5.0000 tried=5 sep_labels=52 clique_frac=0.01
t=738182ms iter=2174 REBUILD reject new_tc=61.0050 (was 60.1051)
t=738341ms iter=2174 incumb=60.1051 ratchet=60.1979 best=60.1043 since_improve=1901
t=738350ms iter=2175 WAIST cost=57.0000 best_alt=49.0000 gap=8.0000 tried=5 sep_labels=49 clique_frac=0.01
t=738505ms iter=2175 REBUILD reject new_tc=61.9408 (was 60.1051)
t=738660ms iter=2175 incumb=60.1051 ratchet=60.1596 best=60.1043 since_improve=1902
t=738669ms iter=2176 WAIST cost=57.0000 best_alt=52.0000 gap=5.0000 tried=5 sep_labels=52 clique_frac=0.01
t=738842ms iter=2176 REBUILD reject new_tc=60.9361 (was 60.1051)
t=738997ms iter=2176 incumb=60.1051 ratchet=60.4024 best=60.1043 since_improve=1903
t=739006ms iter=2177 WAIST cost=57.0000 best_alt=52.0000 gap=5.0000 tried=5 sep_labels=52 clique_frac=0.01
t=739179ms iter=2177 REBUILD reject new_tc=60.8942 (was 60.1051)
t=739333ms iter=2177 incumb=60.1051 ratchet=60.2026 best=60.1043 since_improve=1904
t=739342ms iter=2178 WAIST cost=57.0000 best_alt=51.0000 gap=6.0000 tried=5 sep_labels=51 clique_frac=0.01
t=739481ms iter=2178 REBUILD reject new_tc=79.0000 (was 60.1051)
t=739639ms iter=2178 incumb=60.1051 ratchet=60.2070 best=60.1043 since_improve=1905
t=739647ms iter=2179 WAIST cost=57.0000 best_alt=52.0000 gap=5.0000 tried=5 sep_labels=52 clique_frac=0.01
t=739806ms iter=2179 REBUILD reject new_tc=74.0001 (was 60.1051)
t=739963ms iter=2179 incumb=60.1051 ratchet=60.1885 best=60.1043 since_improve=1906
t=739970ms iter=2180 WAIST cost=57.0000 best_alt=52.0000 gap=5.0000 tried=5 sep_labels=52 clique_frac=0.01
t=740145ms iter=2180 REBUILD reject new_tc=60.9652 (was 60.1051)
t=740303ms iter=2180 incumb=60.1051 ratchet=60.2500 best=60.1043 since_improve=1907
t=740311ms iter=2181 WAIST cost=57.0000 best_alt=52.0000 gap=5.0000 tried=5 sep_labels=52 clique_frac=0.01
t=740478ms iter=2181 REBUILD reject new_tc=66.1902 (was 60.1051)
t=740633ms iter=2181 incumb=60.1051 ratchet=60.2105 best=60.1043 since_improve=1908
t=740642ms iter=2182 WAIST cost=57.0000 best_alt=51.0000 gap=6.0000 tried=5 sep_labels=51 clique_frac=0.01
t=740805ms iter=2182 REBUILD reject new_tc=62.8454 (was 60.1051)
t=740959ms iter=2182 incumb=60.1051 ratchet=60.3100 best=60.1043 since_improve=1909
t=740968ms iter=2183 WAIST cost=57.0000 best_alt=50.0000 gap=7.0000 tried=5 sep_labels=50 clique_frac=0.01
t=741122ms iter=2183 REBUILD reject new_tc=62.2463 (was 60.1051)
t=741280ms iter=2183 incumb=60.1051 ratchet=60.3342 best=60.1043 since_improve=1910
t=741289ms iter=2184 WAIST cost=57.0000 best_alt=52.0000 gap=5.0000 tried=5 sep_labels=52 clique_frac=0.01
t=741462ms iter=2184 REBUILD reject new_tc=62.8853 (was 60.1051)
t=741612ms iter=2184 incumb=60.1051 ratchet=60.2864 best=60.1043 since_improve=1911
t=741619ms iter=2185 WAIST cost=57.0000 best_alt=51.0000 gap=6.0000 tried=5 sep_labels=51 clique_frac=0.01
t=741775ms iter=2185 REBUILD reject new_tc=61.8915 (was 60.1051)
t=741930ms iter=2185 incumb=60.1051 ratchet=60.3842 best=60.1043 since_improve=1912
t=741938ms iter=2186 WAIST cost=57.0000 best_alt=52.0000 gap=5.0000 tried=5 sep_labels=52 clique_frac=0.01
t=742109ms iter=2186 REBUILD reject new_tc=60.7323 (was 60.1051)
t=742262ms iter=2186 incumb=60.1051 ratchet=60.1742 best=60.1043 since_improve=1913
t=742272ms iter=2187 WAIST cost=57.0000 best_alt=51.0000 gap=6.0000 tried=5 sep_labels=51 clique_frac=0.01
t=742419ms iter=2187 REBUILD reject new_tc=61.8145 (was 60.1051)
t=742577ms iter=2187 incumb=60.1051 ratchet=60.3188 best=60.1043 since_improve=1914
t=742586ms iter=2188 WAIST cost=57.0000 best_alt=49.0000 gap=8.0000 tried=5 sep_labels=49 clique_frac=0.01
t=742739ms iter=2188 REBUILD reject new_tc=60.7636 (was 60.1051)
t=742899ms iter=2188 incumb=60.1051 ratchet=60.2031 best=60.1043 since_improve=1915
t=742907ms iter=2189 WAIST cost=57.0000 best_alt=52.0000 gap=5.0000 tried=5 sep_labels=52 clique_frac=0.01
t=743080ms iter=2189 REBUILD reject new_tc=60.5481 (was 60.1051)
t=743233ms iter=2189 incumb=60.1051 ratchet=60.4065 best=60.1043 since_improve=1916
t=743241ms iter=2190 WAIST cost=57.0000 best_alt=52.0000 gap=5.0000 tried=5 sep_labels=52 clique_frac=0.01
t=743414ms iter=2190 REBUILD reject new_tc=60.5218 (was 60.1051)
t=743566ms iter=2190 incumb=60.1051 ratchet=60.2307 best=60.1043 since_improve=1917
t=743575ms iter=2191 WAIST cost=57.0000 best_alt=52.0000 gap=5.0000 tried=5 sep_labels=52 clique_frac=0.01
t=743744ms iter=2191 REBUILD reject new_tc=65.8561 (was 60.1051)
t=743904ms iter=2191 incumb=60.1051 ratchet=60.1492 best=60.1043 since_improve=1918
t=743914ms iter=2192 WAIST cost=57.0000 best_alt=51.0000 gap=6.0000 tried=5 sep_labels=51 clique_frac=0.01
t=744084ms iter=2192 REBUILD reject new_tc=63.9210 (was 60.1051)
t=744239ms iter=2192 incumb=60.1051 ratchet=60.1462 best=60.1043 since_improve=1919
t=744247ms iter=2193 WAIST cost=57.0000 best_alt=52.0000 gap=5.0000 tried=5 sep_labels=52 clique_frac=0.01
t=744421ms iter=2193 REBUILD reject new_tc=60.5852 (was 60.1051)
t=744576ms iter=2193 incumb=60.1051 ratchet=60.2896 best=60.1043 since_improve=1920
t=744583ms iter=2194 WAIST cost=57.0000 best_alt=52.0000 gap=5.0000 tried=5 sep_labels=52 clique_frac=0.01
t=744764ms iter=2194 REBUILD reject new_tc=61.3108 (was 60.1051)
t=744921ms iter=2194 incumb=60.1051 ratchet=60.3610 best=60.1043 since_improve=1921
t=744930ms iter=2195 WAIST cost=57.0000 best_alt=52.0000 gap=5.0000 tried=5 sep_labels=52 clique_frac=0.01
t=745103ms iter=2195 REBUILD reject new_tc=65.2299 (was 60.1051)
t=745262ms iter=2195 incumb=60.1051 ratchet=60.3561 best=60.1043 since_improve=1922
t=745270ms iter=2196 WAIST cost=57.0000 best_alt=52.0000 gap=5.0000 tried=5 sep_labels=52 clique_frac=0.01
t=745451ms iter=2196 REBUILD reject new_tc=60.7124 (was 60.1051)
t=745616ms iter=2196 incumb=60.1051 ratchet=60.3726 best=60.1043 since_improve=1923
t=745626ms iter=2197 WAIST cost=57.0000 best_alt=52.0000 gap=5.0000 tried=5 sep_labels=52 clique_frac=0.01
t=745797ms iter=2197 REBUILD reject new_tc=60.5657 (was 60.1051)
t=745949ms iter=2197 incumb=60.1051 ratchet=60.3943 best=60.1043 since_improve=1924
t=745960ms iter=2198 WAIST cost=57.0000 best_alt=51.0000 gap=6.0000 tried=5 sep_labels=51 clique_frac=0.01
t=746125ms iter=2198 REBUILD reject new_tc=61.4819 (was 60.1051)
t=746280ms iter=2198 incumb=60.1051 ratchet=60.1913 best=60.1043 since_improve=1925
t=746288ms iter=2199 WAIST cost=57.0000 best_alt=51.0000 gap=6.0000 tried=5 sep_labels=51 clique_frac=0.01
t=746446ms iter=2199 REBUILD reject new_tc=61.5248 (was 60.1051)
t=746606ms iter=2199 incumb=60.1051 ratchet=60.4779 best=60.1043 since_improve=1926
t=746616ms iter=2200 WAIST cost=57.0000 best_alt=52.0000 gap=5.0000 tried=5 sep_labels=52 clique_frac=0.01
t=746788ms iter=2200 REBUILD reject new_tc=60.9018 (was 60.1051)
t=746935ms iter=2200 incumb=60.1051 ratchet=60.3021 best=60.1043 since_improve=1927
t=746942ms iter=2201 WAIST cost=57.0000 best_alt=52.0000 gap=5.0000 tried=5 sep_labels=52 clique_frac=0.01
t=747118ms iter=2201 REBUILD reject new_tc=60.7587 (was 60.1051)
t=747276ms iter=2201 incumb=60.1051 ratchet=60.2197 best=60.1043 since_improve=1928
t=747283ms iter=2202 WAIST cost=57.0000 best_alt=52.0000 gap=5.0000 tried=5 sep_labels=52 clique_frac=0.01
t=747457ms iter=2202 REBUILD reject new_tc=61.0687 (was 60.1051)
t=747612ms iter=2202 incumb=60.1051 ratchet=60.1981 best=60.1043 since_improve=1929
t=747621ms iter=2203 WAIST cost=57.0000 best_alt=52.0000 gap=5.0000 tried=5 sep_labels=52 clique_frac=0.01
t=747787ms iter=2203 REBUILD reject new_tc=63.2615 (was 60.1051)
t=747936ms iter=2203 incumb=60.1051 ratchet=60.1858 best=60.1043 since_improve=1930
t=747942ms iter=2204 WAIST cost=57.0000 best_alt=51.0000 gap=6.0000 tried=5 sep_labels=51 clique_frac=0.01
t=748097ms iter=2204 REBUILD reject new_tc=61.6667 (was 60.1051)
t=748251ms iter=2204 incumb=60.1051 ratchet=60.3489 best=60.1043 since_improve=1931
t=748258ms iter=2205 WAIST cost=57.0000 best_alt=52.0000 gap=5.0000 tried=5 sep_labels=52 clique_frac=0.01
t=748434ms iter=2205 REBUILD reject new_tc=60.9237 (was 60.1051)
t=748594ms iter=2205 incumb=60.1051 ratchet=60.1370 best=60.1043 since_improve=1932
t=748604ms iter=2206 WAIST cost=57.0000 best_alt=52.0000 gap=5.0000 tried=5 sep_labels=52 clique_frac=0.01
t=748774ms iter=2206 REBUILD reject new_tc=60.8971 (was 60.1051)
t=748932ms iter=2206 incumb=60.1051 ratchet=60.2897 best=60.1043 since_improve=1933
t=748942ms iter=2207 WAIST cost=57.0000 best_alt=50.0000 gap=7.0000 tried=5 sep_labels=50 clique_frac=0.01
t=749076ms iter=2207 REBUILD reject new_tc=83.0000 (was 60.1051)
t=749239ms iter=2207 incumb=60.1051 ratchet=60.4278 best=60.1043 since_improve=1934
t=749247ms iter=2208 WAIST cost=57.0000 best_alt=52.0000 gap=5.0000 tried=5 sep_labels=52 clique_frac=0.01
t=749415ms iter=2208 REBUILD reject new_tc=60.9547 (was 60.1051)
t=749571ms iter=2208 incumb=60.1051 ratchet=60.1462 best=60.1043 since_improve=1935
t=749581ms iter=2209 WAIST cost=57.0000 best_alt=52.0000 gap=5.0000 tried=5 sep_labels=52 clique_frac=0.01
t=749742ms iter=2209 REBUILD reject new_tc=62.6353 (was 60.1051)
t=749894ms iter=2209 incumb=60.1051 ratchet=60.2118 best=60.1043 since_improve=1936
t=749903ms iter=2210 WAIST cost=57.0000 best_alt=52.0000 gap=5.0000 tried=5 sep_labels=52 clique_frac=0.01
t=750077ms iter=2210 REBUILD reject new_tc=60.8292 (was 60.1051)
t=750235ms iter=2210 incumb=60.1051 ratchet=60.4604 best=60.1043 since_improve=1937
t=750246ms iter=2211 WAIST cost=57.0000 best_alt=52.0000 gap=5.0000 tried=5 sep_labels=52 clique_frac=0.01
t=750418ms iter=2211 REBUILD reject new_tc=60.6588 (was 60.1051)
t=750576ms iter=2211 incumb=60.1051 ratchet=60.1859 best=60.1043 since_improve=1938
t=750586ms iter=2212 WAIST cost=57.0000 best_alt=52.0000 gap=5.0000 tried=5 sep_labels=52 clique_frac=0.01
t=750759ms iter=2212 REBUILD reject new_tc=60.9588 (was 60.1051)
t=750910ms iter=2212 incumb=60.1051 ratchet=60.2639 best=60.1043 since_improve=1939
t=750918ms iter=2213 WAIST cost=57.0000 best_alt=52.0000 gap=5.0000 tried=5 sep_labels=52 clique_frac=0.01
t=751096ms iter=2213 REBUILD reject new_tc=60.7519 (was 60.1051)
t=751251ms iter=2213 incumb=60.1051 ratchet=60.2284 best=60.1043 since_improve=1940
t=751260ms iter=2214 WAIST cost=57.0000 best_alt=50.0000 gap=7.0000 tried=5 sep_labels=50 clique_frac=0.01
t=751413ms iter=2214 REBUILD reject new_tc=61.9529 (was 60.1051)
t=751568ms iter=2214 incumb=60.1051 ratchet=60.3179 best=60.1043 since_improve=1941
t=751577ms iter=2215 WAIST cost=57.0000 best_alt=50.0000 gap=7.0000 tried=5 sep_labels=50 clique_frac=0.01
t=751736ms iter=2215 REBUILD reject new_tc=61.5332 (was 60.1051)
t=751898ms iter=2215 incumb=60.1051 ratchet=60.5211 best=60.1043 since_improve=1942
t=751906ms iter=2216 WAIST cost=57.0000 best_alt=51.0000 gap=6.0000 tried=5 sep_labels=51 clique_frac=0.01
t=752056ms iter=2216 REBUILD reject new_tc=61.6746 (was 60.1051)
t=752216ms iter=2216 incumb=60.1051 ratchet=60.2130 best=60.1043 since_improve=1943
t=752226ms iter=2217 WAIST cost=57.0000 best_alt=52.0000 gap=5.0000 tried=5 sep_labels=52 clique_frac=0.01
t=752392ms iter=2217 REBUILD reject new_tc=61.3390 (was 60.1051)
t=752550ms iter=2217 incumb=60.1051 ratchet=60.1476 best=60.1043 since_improve=1944
t=752558ms iter=2218 WAIST cost=57.0000 best_alt=49.0000 gap=8.0000 tried=5 sep_labels=49 clique_frac=0.01
t=752706ms iter=2218 REBUILD reject new_tc=61.2552 (was 60.1051)
t=752865ms iter=2218 incumb=60.1051 ratchet=60.1665 best=60.1043 since_improve=1945
t=752874ms iter=2219 WAIST cost=57.0000 best_alt=52.0000 gap=5.0000 tried=5 sep_labels=52 clique_frac=0.01
t=753051ms iter=2219 REBUILD reject new_tc=61.0144 (was 60.1051)
t=753203ms iter=2219 incumb=60.1051 ratchet=60.3186 best=60.1043 since_improve=1946
t=753212ms iter=2220 WAIST cost=57.0000 best_alt=51.0000 gap=6.0000 tried=5 sep_labels=51 clique_frac=0.01
t=753384ms iter=2220 REBUILD reject new_tc=63.2752 (was 60.1051)
t=753535ms iter=2220 incumb=60.1051 ratchet=60.2904 best=60.1043 since_improve=1947
t=753545ms iter=2221 WAIST cost=57.0000 best_alt=51.0000 gap=6.0000 tried=5 sep_labels=51 clique_frac=0.01
t=753705ms iter=2221 REBUILD reject new_tc=61.7519 (was 60.1051)
t=753867ms iter=2221 incumb=60.1051 ratchet=60.3727 best=60.1043 since_improve=1948
t=753877ms iter=2222 WAIST cost=57.0000 best_alt=51.0000 gap=6.0000 tried=5 sep_labels=51 clique_frac=0.01
t=754057ms iter=2222 REBUILD reject new_tc=61.5520 (was 60.1051)
t=754213ms iter=2222 incumb=60.1051 ratchet=60.1681 best=60.1043 since_improve=1949
t=754222ms iter=2223 WAIST cost=57.0000 best_alt=52.0000 gap=5.0000 tried=5 sep_labels=52 clique_frac=0.01
t=754397ms iter=2223 REBUILD reject new_tc=60.6498 (was 60.1051)
t=754555ms iter=2223 incumb=60.1051 ratchet=60.1607 best=60.1043 since_improve=1950
t=754562ms iter=2224 WAIST cost=57.0000 best_alt=52.0000 gap=5.0000 tried=5 sep_labels=52 clique_frac=0.01
t=754733ms iter=2224 REBUILD reject new_tc=60.9678 (was 60.1051)
t=754890ms iter=2224 incumb=60.1051 ratchet=60.2520 best=60.1043 since_improve=1951
t=754898ms iter=2225 WAIST cost=57.0000 best_alt=49.0000 gap=8.0000 tried=5 sep_labels=49 clique_frac=0.01
t=755052ms iter=2225 REBUILD reject new_tc=61.4617 (was 60.1051)
t=755202ms iter=2225 incumb=60.1051 ratchet=60.2111 best=60.1043 since_improve=1952
t=755210ms iter=2226 WAIST cost=57.0000 best_alt=52.0000 gap=5.0000 tried=5 sep_labels=52 clique_frac=0.01
t=755387ms iter=2226 REBUILD reject new_tc=60.7229 (was 60.1051)
t=755539ms iter=2226 incumb=60.1051 ratchet=60.3332 best=60.1043 since_improve=1953
t=755548ms iter=2227 WAIST cost=57.0000 best_alt=52.0000 gap=5.0000 tried=5 sep_labels=52 clique_frac=0.01
t=755712ms iter=2227 REBUILD reject new_tc=63.2309 (was 60.1051)
t=755870ms iter=2227 incumb=60.1051 ratchet=60.2411 best=60.1043 since_improve=1954
t=755878ms iter=2228 WAIST cost=57.0000 best_alt=52.0000 gap=5.0000 tried=5 sep_labels=52 clique_frac=0.01
t=756051ms iter=2228 REBUILD reject new_tc=60.5347 (was 60.1051)
t=756208ms iter=2228 incumb=60.1051 ratchet=60.4774 best=60.1043 since_improve=1955
t=756216ms iter=2229 WAIST cost=57.0000 best_alt=52.0000 gap=5.0000 tried=5 sep_labels=52 clique_frac=0.01
t=756383ms iter=2229 REBUILD reject new_tc=61.5335 (was 60.1051)
t=756534ms iter=2229 incumb=60.1051 ratchet=60.3859 best=60.1043 since_improve=1956
t=756541ms iter=2230 WAIST cost=57.0000 best_alt=51.0000 gap=6.0000 tried=5 sep_labels=51 clique_frac=0.01
t=756694ms iter=2230 REBUILD reject new_tc=65.1112 (was 60.1051)
t=756841ms iter=2230 incumb=60.1051 ratchet=60.4924 best=60.1043 since_improve=1957
t=756849ms iter=2231 WAIST cost=57.0000 best_alt=51.0000 gap=6.0000 tried=5 sep_labels=51 clique_frac=0.01
t=757006ms iter=2231 REBUILD reject new_tc=62.6081 (was 60.1051)
t=757163ms iter=2231 incumb=60.1051 ratchet=60.3223 best=60.1043 since_improve=1958
t=757172ms iter=2232 WAIST cost=57.0000 best_alt=49.0000 gap=8.0000 tried=5 sep_labels=49 clique_frac=0.01
t=757321ms iter=2232 REBUILD reject new_tc=63.8870 (was 60.1051)
t=757481ms iter=2232 incumb=60.1051 ratchet=60.2938 best=60.1043 since_improve=1959
t=757490ms iter=2233 WAIST cost=57.0000 best_alt=52.0000 gap=5.0000 tried=5 sep_labels=52 clique_frac=0.01
t=757664ms iter=2233 REBUILD reject new_tc=60.9986 (was 60.1051)
t=757820ms iter=2233 incumb=60.1051 ratchet=60.3966 best=60.1043 since_improve=1960
t=757829ms iter=2234 WAIST cost=57.0000 best_alt=52.0000 gap=5.0000 tried=5 sep_labels=52 clique_frac=0.01
t=758005ms iter=2234 REBUILD reject new_tc=60.7340 (was 60.1051)
t=758155ms iter=2234 incumb=60.1051 ratchet=60.3579 best=60.1043 since_improve=1961
t=758163ms iter=2235 WAIST cost=57.0000 best_alt=49.0000 gap=8.0000 tried=5 sep_labels=49 clique_frac=0.01
t=758320ms iter=2235 REBUILD reject new_tc=62.5541 (was 60.1051)
t=758478ms iter=2235 incumb=60.1051 ratchet=60.2594 best=60.1043 since_improve=1962
t=758488ms iter=2236 WAIST cost=57.0000 best_alt=49.0000 gap=8.0000 tried=5 sep_labels=49 clique_frac=0.01
t=758646ms iter=2236 REBUILD reject new_tc=60.8130 (was 60.1051)
t=758806ms iter=2236 incumb=60.1051 ratchet=60.4017 best=60.1043 since_improve=1963
t=758815ms iter=2237 WAIST cost=57.0000 best_alt=52.0000 gap=5.0000 tried=5 sep_labels=52 clique_frac=0.01
t=758986ms iter=2237 REBUILD reject new_tc=60.9095 (was 60.1051)
t=759139ms iter=2237 incumb=60.1051 ratchet=60.1711 best=60.1043 since_improve=1964
t=759148ms iter=2238 WAIST cost=57.0000 best_alt=51.0000 gap=6.0000 tried=5 sep_labels=51 clique_frac=0.01
t=759315ms iter=2238 REBUILD reject new_tc=61.3345 (was 60.1051)
t=759471ms iter=2238 incumb=60.1051 ratchet=60.1988 best=60.1043 since_improve=1965
t=759481ms iter=2239 WAIST cost=57.0000 best_alt=49.0000 gap=8.0000 tried=5 sep_labels=49 clique_frac=0.01
t=759638ms iter=2239 REBUILD reject new_tc=60.8643 (was 60.1051)
t=759794ms iter=2239 incumb=60.1051 ratchet=60.3468 best=60.1043 since_improve=1966
t=759802ms iter=2240 WAIST cost=57.0000 best_alt=52.0000 gap=5.0000 tried=5 sep_labels=52 clique_frac=0.01
t=759967ms iter=2240 REBUILD reject new_tc=60.9797 (was 60.1051)
t=760127ms iter=2240 incumb=60.1051 ratchet=60.2615 best=60.1043 since_improve=1967
t=760135ms iter=2241 WAIST cost=57.0000 best_alt=52.0000 gap=5.0000 tried=5 sep_labels=52 clique_frac=0.01
t=760311ms iter=2241 REBUILD reject new_tc=60.8882 (was 60.1051)
t=760467ms iter=2241 incumb=60.1051 ratchet=61.0257 best=60.1043 since_improve=1968
t=760476ms iter=2242 WAIST cost=57.0000 best_alt=49.0000 gap=8.0000 tried=5 sep_labels=49 clique_frac=0.01
t=760631ms iter=2242 REBUILD reject new_tc=61.5997 (was 60.1051)
t=760791ms iter=2242 incumb=60.1051 ratchet=60.4826 best=60.1043 since_improve=1969
t=760800ms iter=2243 WAIST cost=57.0000 best_alt=52.0000 gap=5.0000 tried=5 sep_labels=52 clique_frac=0.01
t=760969ms iter=2243 REBUILD reject new_tc=60.9108 (was 60.1051)
t=761122ms iter=2243 incumb=60.1051 ratchet=60.1810 best=60.1043 since_improve=1970
t=761132ms iter=2244 WAIST cost=57.0000 best_alt=51.0000 gap=6.0000 tried=5 sep_labels=51 clique_frac=0.01
t=761291ms iter=2244 REBUILD reject new_tc=61.4403 (was 60.1051)
t=761442ms iter=2244 incumb=60.1051 ratchet=60.2606 best=60.1043 since_improve=1971
t=761449ms iter=2245 WAIST cost=57.0000 best_alt=52.0000 gap=5.0000 tried=5 sep_labels=52 clique_frac=0.01
t=761623ms iter=2245 REBUILD reject new_tc=60.9107 (was 60.1051)
t=761779ms iter=2245 incumb=60.1051 ratchet=60.1945 best=60.1043 since_improve=1972
t=761788ms iter=2246 WAIST cost=57.0000 best_alt=52.0000 gap=5.0000 tried=5 sep_labels=52 clique_frac=0.01
t=761960ms iter=2246 REBUILD reject new_tc=60.7252 (was 60.1051)
t=762115ms iter=2246 incumb=60.1051 ratchet=60.3572 best=60.1043 since_improve=1973
t=762124ms iter=2247 WAIST cost=57.0000 best_alt=52.0000 gap=5.0000 tried=5 sep_labels=52 clique_frac=0.01
t=762289ms iter=2247 REBUILD reject new_tc=76.0010 (was 60.1051)
t=762452ms iter=2247 incumb=60.1051 ratchet=60.4781 best=60.1043 since_improve=1974
t=762459ms iter=2248 WAIST cost=57.0000 best_alt=52.0000 gap=5.0000 tried=5 sep_labels=52 clique_frac=0.01
t=762628ms iter=2248 REBUILD reject new_tc=62.7701 (was 60.1051)
t=762780ms iter=2248 incumb=60.1051 ratchet=60.1918 best=60.1043 since_improve=1975
t=762788ms iter=2249 WAIST cost=57.0000 best_alt=52.0000 gap=5.0000 tried=5 sep_labels=52 clique_frac=0.01
t=762962ms iter=2249 REBUILD reject new_tc=60.7022 (was 60.1051)
t=763124ms iter=2249 incumb=60.1051 ratchet=60.2382 best=60.1043 since_improve=1976
t=763133ms iter=2250 WAIST cost=57.0000 best_alt=51.0000 gap=6.0000 tried=5 sep_labels=51 clique_frac=0.01
t=763309ms iter=2250 REBUILD reject new_tc=63.6385 (was 60.1051)
t=763468ms iter=2250 incumb=60.1051 ratchet=60.6111 best=60.1043 since_improve=1977
t=763478ms iter=2251 WAIST cost=57.0000 best_alt=49.0000 gap=8.0000 tried=5 sep_labels=49 clique_frac=0.01
t=763631ms iter=2251 REBUILD reject new_tc=61.4055 (was 60.1051)
t=763790ms iter=2251 incumb=60.1051 ratchet=60.5027 best=60.1043 since_improve=1978
t=763798ms iter=2252 WAIST cost=57.0000 best_alt=51.0000 gap=6.0000 tried=5 sep_labels=51 clique_frac=0.01
t=763942ms iter=2252 REBUILD reject new_tc=61.6195 (was 60.1051)
t=764093ms iter=2252 incumb=60.1051 ratchet=60.1506 best=60.1043 since_improve=1979
t=764100ms iter=2253 WAIST cost=57.0000 best_alt=50.0000 gap=7.0000 tried=5 sep_labels=50 clique_frac=0.01
t=764252ms iter=2253 REBUILD reject new_tc=68.1509 (was 60.1051)
t=764403ms iter=2253 incumb=60.1051 ratchet=60.7130 best=60.1043 since_improve=1980
t=764412ms iter=2254 WAIST cost=57.0000 best_alt=52.0000 gap=5.0000 tried=5 sep_labels=52 clique_frac=0.01
t=764586ms iter=2254 REBUILD reject new_tc=60.3290 (was 60.1051)
t=764738ms iter=2254 incumb=60.1051 ratchet=60.3449 best=60.1043 since_improve=1981
t=764746ms iter=2255 WAIST cost=57.0000 best_alt=51.0000 gap=6.0000 tried=5 sep_labels=51 clique_frac=0.01
t=764894ms iter=2255 REBUILD reject new_tc=70.0805 (was 60.1051)
t=765047ms iter=2255 incumb=60.1051 ratchet=60.1606 best=60.1043 since_improve=1982
t=765054ms iter=2256 WAIST cost=57.0000 best_alt=52.0000 gap=5.0000 tried=5 sep_labels=52 clique_frac=0.01
t=765230ms iter=2256 REBUILD reject new_tc=60.6268 (was 60.1051)
t=765380ms iter=2256 incumb=60.1051 ratchet=60.1840 best=60.1043 since_improve=1983
t=765390ms iter=2257 WAIST cost=57.0000 best_alt=51.0000 gap=6.0000 tried=5 sep_labels=51 clique_frac=0.01
t=765564ms iter=2257 REBUILD reject new_tc=60.5296 (was 60.1051)
t=765716ms iter=2257 incumb=60.1051 ratchet=60.1494 best=60.1043 since_improve=1984
t=765725ms iter=2258 WAIST cost=57.0000 best_alt=49.0000 gap=8.0000 tried=5 sep_labels=49 clique_frac=0.01
t=765874ms iter=2258 REBUILD reject new_tc=67.4144 (was 60.1051)
t=766034ms iter=2258 incumb=60.1051 ratchet=60.1504 best=60.1043 since_improve=1985
t=766042ms iter=2259 WAIST cost=57.0000 best_alt=52.0000 gap=5.0000 tried=5 sep_labels=52 clique_frac=0.01
t=766216ms iter=2259 REBUILD reject new_tc=60.9173 (was 60.1051)
t=766372ms iter=2259 incumb=60.1051 ratchet=60.1706 best=60.1043 since_improve=1986
t=766380ms iter=2260 WAIST cost=57.0000 best_alt=52.0000 gap=5.0000 tried=5 sep_labels=52 clique_frac=0.01
t=766556ms iter=2260 REBUILD reject new_tc=61.3902 (was 60.1051)
t=766711ms iter=2260 incumb=60.1051 ratchet=60.1656 best=60.1043 since_improve=1987
t=766718ms iter=2261 WAIST cost=57.0000 best_alt=52.0000 gap=5.0000 tried=5 sep_labels=52 clique_frac=0.01
t=766895ms iter=2261 REBUILD reject new_tc=60.8261 (was 60.1051)
t=767048ms iter=2261 incumb=60.1051 ratchet=60.2444 best=60.1043 since_improve=1988
t=767057ms iter=2262 WAIST cost=57.0000 best_alt=50.0000 gap=7.0000 tried=5 sep_labels=50 clique_frac=0.01
t=767208ms iter=2262 REBUILD reject new_tc=61.0474 (was 60.1051)
t=767361ms iter=2262 incumb=60.1051 ratchet=60.1888 best=60.1043 since_improve=1989
t=767371ms iter=2263 WAIST cost=57.0000 best_alt=50.0000 gap=7.0000 tried=5 sep_labels=50 clique_frac=0.01
t=767516ms iter=2263 REBUILD reject new_tc=61.2005 (was 60.1051)
t=767677ms iter=2263 incumb=60.1051 ratchet=60.3789 best=60.1043 since_improve=1990
t=767685ms iter=2264 WAIST cost=57.0000 best_alt=52.0000 gap=5.0000 tried=5 sep_labels=52 clique_frac=0.01
t=767855ms iter=2264 REBUILD reject new_tc=60.9907 (was 60.1051)
t=768011ms iter=2264 incumb=60.1051 ratchet=60.1905 best=60.1043 since_improve=1991
t=768017ms iter=2265 WAIST cost=57.0000 best_alt=52.0000 gap=5.0000 tried=5 sep_labels=52 clique_frac=0.01
t=768192ms iter=2265 REBUILD reject new_tc=60.5843 (was 60.1051)
t=768348ms iter=2265 incumb=60.1051 ratchet=60.2611 best=60.1043 since_improve=1992
t=768355ms iter=2266 WAIST cost=57.0000 best_alt=52.0000 gap=5.0000 tried=5 sep_labels=52 clique_frac=0.01
t=768530ms iter=2266 REBUILD reject new_tc=60.7875 (was 60.1051)
t=768679ms iter=2266 incumb=60.1051 ratchet=60.2499 best=60.1043 since_improve=1993
t=768689ms iter=2267 WAIST cost=57.0000 best_alt=49.0000 gap=8.0000 tried=5 sep_labels=49 clique_frac=0.01
t=768838ms iter=2267 REBUILD reject new_tc=65.6970 (was 60.1051)
t=768991ms iter=2267 incumb=60.1051 ratchet=60.7046 best=60.1043 since_improve=1994
t=768998ms iter=2268 WAIST cost=57.0000 best_alt=52.0000 gap=5.0000 tried=5 sep_labels=52 clique_frac=0.01
t=769171ms iter=2268 REBUILD reject new_tc=60.7413 (was 60.1051)
t=769332ms iter=2268 incumb=60.1051 ratchet=60.2505 best=60.1043 since_improve=1995
t=769339ms iter=2269 WAIST cost=57.0000 best_alt=52.0000 gap=5.0000 tried=5 sep_labels=52 clique_frac=0.01
t=769512ms iter=2269 REBUILD reject new_tc=60.9008 (was 60.1051)
t=769661ms iter=2269 incumb=60.1051 ratchet=60.2081 best=60.1043 since_improve=1996
t=769669ms iter=2270 WAIST cost=57.0000 best_alt=51.0000 gap=6.0000 tried=5 sep_labels=51 clique_frac=0.01
t=769823ms iter=2270 REBUILD reject new_tc=61.3615 (was 60.1051)
t=769978ms iter=2270 incumb=60.1051 ratchet=60.7952 best=60.1043 since_improve=1997
t=769988ms iter=2271 WAIST cost=57.0000 best_alt=52.0000 gap=5.0000 tried=5 sep_labels=52 clique_frac=0.01
t=770163ms iter=2271 REBUILD reject new_tc=60.9070 (was 60.1051)
t=770311ms iter=2271 incumb=60.1051 ratchet=60.3992 best=60.1043 since_improve=1998
t=770320ms iter=2272 WAIST cost=57.0000 best_alt=50.0000 gap=7.0000 tried=5 sep_labels=50 clique_frac=0.01
t=770466ms iter=2272 REBUILD reject new_tc=65.9133 (was 60.1051)
t=770618ms iter=2272 incumb=60.1051 ratchet=60.4017 best=60.1043 since_improve=1999
t=770627ms iter=2273 WAIST cost=57.0000 best_alt=49.0000 gap=8.0000 tried=5 sep_labels=49 clique_frac=0.01
t=770779ms iter=2273 REBUILD reject new_tc=61.4995 (was 60.1051)
t=770934ms iter=2273 incumb=60.1051 ratchet=60.1360 best=60.1043 since_improve=2000
t=770943ms iter=2274 WAIST cost=57.0000 best_alt=52.0000 gap=5.0000 tried=5 sep_labels=52 clique_frac=0.01
t=771115ms iter=2274 REBUILD reject new_tc=61.0938 (was 60.1051)
t=771265ms iter=2274 incumb=60.1051 ratchet=60.4039 best=60.1043 since_improve=2001
t=771273ms iter=2275 WAIST cost=57.0000 best_alt=52.0000 gap=5.0000 tried=5 sep_labels=52 clique_frac=0.01
t=771441ms iter=2275 REBUILD reject new_tc=60.7156 (was 60.1051)
t=771593ms iter=2275 incumb=60.1051 ratchet=60.3185 best=60.1043 since_improve=2002
t=771602ms iter=2276 WAIST cost=57.0000 best_alt=52.0000 gap=5.0000 tried=5 sep_labels=52 clique_frac=0.01
t=771776ms iter=2276 REBUILD reject new_tc=60.8658 (was 60.1051)
t=771927ms iter=2276 incumb=60.1051 ratchet=60.1362 best=60.1043 since_improve=2003
t=771935ms iter=2277 WAIST cost=57.0000 best_alt=52.0000 gap=5.0000 tried=5 sep_labels=52 clique_frac=0.01
t=772103ms iter=2277 REBUILD reject new_tc=69.0033 (was 60.1051)
t=772259ms iter=2277 incumb=60.1051 ratchet=60.2206 best=60.1043 since_improve=2004
t=772267ms iter=2278 WAIST cost=57.0000 best_alt=52.0000 gap=5.0000 tried=5 sep_labels=52 clique_frac=0.01
t=772440ms iter=2278 REBUILD reject new_tc=61.0038 (was 60.1051)
t=772594ms iter=2278 incumb=60.1051 ratchet=60.1646 best=60.1043 since_improve=2005
t=772603ms iter=2279 WAIST cost=57.0000 best_alt=52.0000 gap=5.0000 tried=5 sep_labels=52 clique_frac=0.01
t=772776ms iter=2279 REBUILD reject new_tc=60.7151 (was 60.1051)
t=772928ms iter=2279 incumb=60.1051 ratchet=60.3716 best=60.1043 since_improve=2006
t=772939ms iter=2280 WAIST cost=57.0000 best_alt=49.0000 gap=8.0000 tried=5 sep_labels=49 clique_frac=0.01
t=773098ms iter=2280 REBUILD reject new_tc=61.7690 (was 60.1051)
t=773254ms iter=2280 incumb=60.1051 ratchet=60.1614 best=60.1043 since_improve=2007
t=773263ms iter=2281 WAIST cost=57.0000 best_alt=52.0000 gap=5.0000 tried=5 sep_labels=52 clique_frac=0.01
t=773442ms iter=2281 REBUILD reject new_tc=61.1272 (was 60.1051)
t=773598ms iter=2281 incumb=60.1051 ratchet=60.1453 best=60.1043 since_improve=2008
t=773606ms iter=2282 WAIST cost=57.0000 best_alt=52.0000 gap=5.0000 tried=5 sep_labels=52 clique_frac=0.01
t=773780ms iter=2282 REBUILD reject new_tc=62.8762 (was 60.1051)
t=773936ms iter=2282 incumb=60.1051 ratchet=60.2519 best=60.1043 since_improve=2009
t=773944ms iter=2283 WAIST cost=57.0000 best_alt=52.0000 gap=5.0000 tried=5 sep_labels=52 clique_frac=0.01
t=774118ms iter=2283 REBUILD reject new_tc=60.7466 (was 60.1051)
t=774264ms iter=2283 incumb=60.1051 ratchet=60.3083 best=60.1043 since_improve=2010
t=774271ms iter=2284 WAIST cost=57.0000 best_alt=49.0000 gap=8.0000 tried=5 sep_labels=49 clique_frac=0.01
t=774418ms iter=2284 REBUILD reject new_tc=70.2890 (was 60.1051)
t=774574ms iter=2284 incumb=60.1051 ratchet=60.2777 best=60.1043 since_improve=2011
t=774584ms iter=2285 WAIST cost=57.0000 best_alt=52.0000 gap=5.0000 tried=5 sep_labels=52 clique_frac=0.01
t=774758ms iter=2285 REBUILD reject new_tc=60.5624 (was 60.1051)
t=774912ms iter=2285 incumb=60.1051 ratchet=60.2145 best=60.1043 since_improve=2012
t=774921ms iter=2286 WAIST cost=57.0000 best_alt=52.0000 gap=5.0000 tried=5 sep_labels=52 clique_frac=0.01
t=775098ms iter=2286 REBUILD reject new_tc=60.7282 (was 60.1051)
t=775255ms iter=2286 incumb=60.1051 ratchet=60.1715 best=60.1043 since_improve=2013
t=775263ms iter=2287 WAIST cost=57.0000 best_alt=52.0000 gap=5.0000 tried=5 sep_labels=52 clique_frac=0.01
t=775437ms iter=2287 REBUILD reject new_tc=64.1221 (was 60.1051)
t=775588ms iter=2287 incumb=60.1051 ratchet=60.3587 best=60.1043 since_improve=2014
t=775596ms iter=2288 WAIST cost=57.0000 best_alt=52.0000 gap=5.0000 tried=5 sep_labels=52 clique_frac=0.01
t=775771ms iter=2288 REBUILD reject new_tc=60.9019 (was 60.1051)
t=775926ms iter=2288 incumb=60.1051 ratchet=60.3447 best=60.1043 since_improve=2015
t=775937ms iter=2289 WAIST cost=57.0000 best_alt=49.0000 gap=8.0000 tried=5 sep_labels=49 clique_frac=0.01
t=776084ms iter=2289 REBUILD reject new_tc=61.4780 (was 60.1051)
t=776240ms iter=2289 incumb=60.1051 ratchet=60.3590 best=60.1043 since_improve=2016
t=776248ms iter=2290 WAIST cost=57.0000 best_alt=51.0000 gap=6.0000 tried=5 sep_labels=51 clique_frac=0.01
t=776406ms iter=2290 REBUILD reject new_tc=61.5216 (was 60.1051)
t=776561ms iter=2290 incumb=60.1051 ratchet=60.3312 best=60.1043 since_improve=2017
t=776571ms iter=2291 WAIST cost=57.0000 best_alt=51.0000 gap=6.0000 tried=5 sep_labels=51 clique_frac=0.01
t=776727ms iter=2291 REBUILD reject new_tc=62.3702 (was 60.1051)
t=776885ms iter=2291 incumb=60.1051 ratchet=60.6727 best=60.1043 since_improve=2018
t=776894ms iter=2292 WAIST cost=57.0000 best_alt=52.0000 gap=5.0000 tried=5 sep_labels=52 clique_frac=0.01
t=777067ms iter=2292 REBUILD reject new_tc=60.7848 (was 60.1051)
t=777221ms iter=2292 incumb=60.1051 ratchet=60.3878 best=60.1043 since_improve=2019
t=777229ms iter=2293 WAIST cost=57.0000 best_alt=50.0000 gap=7.0000 tried=5 sep_labels=50 clique_frac=0.01
t=777384ms iter=2293 REBUILD reject new_tc=60.8349 (was 60.1051)
t=777541ms iter=2293 incumb=60.1051 ratchet=60.1675 best=60.1043 since_improve=2020
t=777549ms iter=2294 WAIST cost=57.0000 best_alt=52.0000 gap=5.0000 tried=5 sep_labels=52 clique_frac=0.01
t=777715ms iter=2294 REBUILD reject new_tc=60.9072 (was 60.1051)
t=777865ms iter=2294 incumb=60.1051 ratchet=60.1407 best=60.1043 since_improve=2021
t=777874ms iter=2295 WAIST cost=57.0000 best_alt=52.0000 gap=5.0000 tried=5 sep_labels=52 clique_frac=0.01
t=778044ms iter=2295 REBUILD reject new_tc=60.5463 (was 60.1051)
t=778200ms iter=2295 incumb=60.1051 ratchet=60.4357 best=60.1043 since_improve=2022
t=778208ms iter=2296 WAIST cost=57.0000 best_alt=51.0000 gap=6.0000 tried=5 sep_labels=51 clique_frac=0.01
t=778358ms iter=2296 REBUILD reject new_tc=61.3683 (was 60.1051)
t=778511ms iter=2296 incumb=60.1051 ratchet=60.1590 best=60.1043 since_improve=2023
t=778521ms iter=2297 WAIST cost=57.0000 best_alt=49.0000 gap=8.0000 tried=5 sep_labels=49 clique_frac=0.01
t=778674ms iter=2297 REBUILD reject new_tc=61.4031 (was 60.1051)
t=778828ms iter=2297 incumb=60.1051 ratchet=60.1947 best=60.1043 since_improve=2024
t=778836ms iter=2298 WAIST cost=57.0000 best_alt=52.0000 gap=5.0000 tried=5 sep_labels=52 clique_frac=0.01
t=779009ms iter=2298 REBUILD reject new_tc=60.3786 (was 60.1051)
t=779161ms iter=2298 incumb=60.1051 ratchet=60.1483 best=60.1043 since_improve=2025
t=779167ms iter=2299 WAIST cost=57.0000 best_alt=52.0000 gap=5.0000 tried=5 sep_labels=52 clique_frac=0.01
t=779344ms iter=2299 REBUILD reject new_tc=62.0727 (was 60.1051)
t=779496ms iter=2299 incumb=60.1051 ratchet=60.1786 best=60.1043 since_improve=2026
t=779506ms iter=2300 WAIST cost=57.0000 best_alt=51.0000 gap=6.0000 tried=5 sep_labels=51 clique_frac=0.01
t=779673ms iter=2300 REBUILD reject new_tc=61.8320 (was 60.1051)
t=779832ms iter=2300 incumb=60.1051 ratchet=60.2721 best=60.1043 since_improve=2027
t=779840ms iter=2301 WAIST cost=57.0000 best_alt=52.0000 gap=5.0000 tried=5 sep_labels=52 clique_frac=0.01
t=780014ms iter=2301 REBUILD reject new_tc=60.7098 (was 60.1051)
t=780170ms iter=2301 incumb=60.1051 ratchet=60.1911 best=60.1043 since_improve=2028
t=780179ms iter=2302 WAIST cost=57.0000 best_alt=51.0000 gap=6.0000 tried=5 sep_labels=51 clique_frac=0.01
t=780335ms iter=2302 REBUILD reject new_tc=61.1831 (was 60.1051)
t=780490ms iter=2302 incumb=60.1051 ratchet=60.4439 best=60.1043 since_improve=2029
t=780498ms iter=2303 WAIST cost=57.0000 best_alt=52.0000 gap=5.0000 tried=5 sep_labels=52 clique_frac=0.01
t=780665ms iter=2303 REBUILD reject new_tc=60.7329 (was 60.1051)
t=780824ms iter=2303 incumb=60.1051 ratchet=60.3730 best=60.1043 since_improve=2030
t=780832ms iter=2304 WAIST cost=57.0000 best_alt=52.0000 gap=5.0000 tried=5 sep_labels=52 clique_frac=0.01
t=781005ms iter=2304 REBUILD reject new_tc=61.1391 (was 60.1051)
t=781158ms iter=2304 incumb=60.1051 ratchet=60.3825 best=60.1043 since_improve=2031
t=781166ms iter=2305 WAIST cost=57.0000 best_alt=52.0000 gap=5.0000 tried=5 sep_labels=52 clique_frac=0.01
t=781340ms iter=2305 REBUILD reject new_tc=60.9438 (was 60.1051)
t=781495ms iter=2305 incumb=60.1051 ratchet=60.2752 best=60.1043 since_improve=2032
t=781504ms iter=2306 WAIST cost=57.0000 best_alt=52.0000 gap=5.0000 tried=5 sep_labels=52 clique_frac=0.01
t=781676ms iter=2306 REBUILD reject new_tc=60.8761 (was 60.1051)
t=781835ms iter=2306 incumb=60.1051 ratchet=60.4672 best=60.1043 since_improve=2033
t=781843ms iter=2307 WAIST cost=57.0000 best_alt=52.0000 gap=5.0000 tried=5 sep_labels=52 clique_frac=0.01
t=782018ms iter=2307 REBUILD reject new_tc=60.7287 (was 60.1051)
t=782176ms iter=2307 incumb=60.1051 ratchet=60.4144 best=60.1043 since_improve=2034
t=782186ms iter=2308 WAIST cost=57.0000 best_alt=49.0000 gap=8.0000 tried=5 sep_labels=49 clique_frac=0.01
t=782340ms iter=2308 REBUILD reject new_tc=61.5078 (was 60.1051)
t=782499ms iter=2308 incumb=60.1051 ratchet=60.3971 best=60.1043 since_improve=2035
t=782507ms iter=2309 WAIST cost=57.0000 best_alt=52.0000 gap=5.0000 tried=5 sep_labels=52 clique_frac=0.01
t=782669ms iter=2309 REBUILD reject new_tc=73.0013 (was 60.1051)
t=782828ms iter=2309 incumb=60.1051 ratchet=60.1806 best=60.1043 since_improve=2036
t=782836ms iter=2310 WAIST cost=57.0000 best_alt=52.0000 gap=5.0000 tried=5 sep_labels=52 clique_frac=0.01
t=783016ms iter=2310 REBUILD reject new_tc=60.3930 (was 60.1051)
t=783172ms iter=2310 incumb=60.1051 ratchet=60.2503 best=60.1043 since_improve=2037
t=783181ms iter=2311 WAIST cost=57.0000 best_alt=52.0000 gap=5.0000 tried=5 sep_labels=52 clique_frac=0.01
t=783349ms iter=2311 REBUILD reject new_tc=70.0224 (was 60.1051)
t=783503ms iter=2311 incumb=60.1051 ratchet=60.2846 best=60.1043 since_improve=2038
t=783513ms iter=2312 WAIST cost=57.0000 best_alt=52.0000 gap=5.0000 tried=5 sep_labels=52 clique_frac=0.01
t=783691ms iter=2312 REBUILD reject new_tc=61.2052 (was 60.1051)
t=783845ms iter=2312 incumb=60.1051 ratchet=60.4965 best=60.1043 since_improve=2039
t=783853ms iter=2313 WAIST cost=57.0000 best_alt=52.0000 gap=5.0000 tried=5 sep_labels=52 clique_frac=0.01
t=784021ms iter=2313 REBUILD reject new_tc=64.1124 (was 60.1051)
t=784178ms iter=2313 incumb=60.1051 ratchet=60.3149 best=60.1043 since_improve=2040
t=784186ms iter=2314 WAIST cost=57.0000 best_alt=51.0000 gap=6.0000 tried=5 sep_labels=51 clique_frac=0.01
t=784344ms iter=2314 REBUILD reject new_tc=61.4770 (was 60.1051)
t=784497ms iter=2314 incumb=60.1051 ratchet=60.2893 best=60.1043 since_improve=2041
t=784506ms iter=2315 WAIST cost=57.0000 best_alt=50.0000 gap=7.0000 tried=5 sep_labels=50 clique_frac=0.01
t=784645ms iter=2315 REBUILD reject new_tc=79.0001 (was 60.1051)
t=784800ms iter=2315 incumb=60.1051 ratchet=60.2129 best=60.1043 since_improve=2042
t=784807ms iter=2316 WAIST cost=57.0000 best_alt=52.0000 gap=5.0000 tried=5 sep_labels=52 clique_frac=0.01
t=784981ms iter=2316 REBUILD reject new_tc=61.0237 (was 60.1051)
t=785137ms iter=2316 incumb=60.1051 ratchet=60.2093 best=60.1043 since_improve=2043
t=785144ms iter=2317 WAIST cost=57.0000 best_alt=52.0000 gap=5.0000 tried=5 sep_labels=52 clique_frac=0.01
t=785313ms iter=2317 REBUILD reject new_tc=64.8075 (was 60.1051)
t=785466ms iter=2317 incumb=60.1051 ratchet=60.1910 best=60.1043 since_improve=2044
t=785475ms iter=2318 WAIST cost=57.0000 best_alt=51.0000 gap=6.0000 tried=5 sep_labels=51 clique_frac=0.01
t=785631ms iter=2318 REBUILD reject new_tc=61.5644 (was 60.1051)
t=785789ms iter=2318 incumb=60.1051 ratchet=60.2843 best=60.1043 since_improve=2045
t=785798ms iter=2319 WAIST cost=57.0000 best_alt=51.0000 gap=6.0000 tried=5 sep_labels=51 clique_frac=0.01
t=785972ms iter=2319 REBUILD reject new_tc=60.7635 (was 60.1051)
t=786134ms iter=2319 incumb=60.1051 ratchet=60.3874 best=60.1043 since_improve=2046
t=786143ms iter=2320 WAIST cost=57.0000 best_alt=52.0000 gap=5.0000 tried=5 sep_labels=52 clique_frac=0.01
t=786313ms iter=2320 REBUILD reject new_tc=60.8882 (was 60.1051)
t=786470ms iter=2320 incumb=60.1051 ratchet=60.1510 best=60.1043 since_improve=2047
t=786479ms iter=2321 WAIST cost=57.0000 best_alt=52.0000 gap=5.0000 tried=5 sep_labels=52 clique_frac=0.01
t=786655ms iter=2321 REBUILD reject new_tc=61.1465 (was 60.1051)
t=786809ms iter=2321 incumb=60.1051 ratchet=60.2009 best=60.1043 since_improve=2048
t=786818ms iter=2322 WAIST cost=57.0000 best_alt=50.0000 gap=7.0000 tried=5 sep_labels=50 clique_frac=0.01
t=786971ms iter=2322 REBUILD reject new_tc=60.8610 (was 60.1051)
t=787124ms iter=2322 incumb=60.1051 ratchet=60.4401 best=60.1043 since_improve=2049
t=787132ms iter=2323 WAIST cost=57.0000 best_alt=52.0000 gap=5.0000 tried=5 sep_labels=52 clique_frac=0.01
t=787297ms iter=2323 REBUILD reject new_tc=60.6416 (was 60.1051)
t=787446ms iter=2323 incumb=60.1051 ratchet=60.2521 best=60.1043 since_improve=2050
t=787454ms iter=2324 WAIST cost=57.0000 best_alt=52.0000 gap=5.0000 tried=5 sep_labels=52 clique_frac=0.01
t=787631ms iter=2324 REBUILD reject new_tc=60.9920 (was 60.1051)
t=787792ms iter=2324 incumb=60.1051 ratchet=60.1513 best=60.1043 since_improve=2051
t=787801ms iter=2325 WAIST cost=57.0000 best_alt=52.0000 gap=5.0000 tried=5 sep_labels=52 clique_frac=0.01
t=787963ms iter=2325 REBUILD reject new_tc=64.9827 (was 60.1051)
t=788121ms iter=2325 incumb=60.1051 ratchet=60.2203 best=60.1043 since_improve=2052
t=788129ms iter=2326 WAIST cost=57.0000 best_alt=52.0000 gap=5.0000 tried=5 sep_labels=52 clique_frac=0.01
t=788305ms iter=2326 REBUILD reject new_tc=61.3542 (was 60.1051)
t=788463ms iter=2326 incumb=60.1051 ratchet=60.1671 best=60.1043 since_improve=2053
t=788473ms iter=2327 WAIST cost=57.0000 best_alt=50.0000 gap=7.0000 tried=5 sep_labels=50 clique_frac=0.01
t=788625ms iter=2327 REBUILD reject new_tc=61.9298 (was 60.1051)
t=788777ms iter=2327 incumb=60.1051 ratchet=60.3137 best=60.1043 since_improve=2054
t=788784ms iter=2328 WAIST cost=57.0000 best_alt=52.0000 gap=5.0000 tried=5 sep_labels=52 clique_frac=0.01
t=788956ms iter=2328 REBUILD reject new_tc=60.6331 (was 60.1051)
t=789112ms iter=2328 incumb=60.1051 ratchet=60.1711 best=60.1043 since_improve=2055
t=789121ms iter=2329 WAIST cost=57.0000 best_alt=52.0000 gap=5.0000 tried=5 sep_labels=52 clique_frac=0.01
t=789300ms iter=2329 REBUILD reject new_tc=61.0417 (was 60.1051)
t=789451ms iter=2329 incumb=60.1051 ratchet=60.3004 best=60.1043 since_improve=2056
t=789461ms iter=2330 WAIST cost=57.0000 best_alt=52.0000 gap=5.0000 tried=5 sep_labels=52 clique_frac=0.01
t=789630ms iter=2330 REBUILD reject new_tc=71.0064 (was 60.1051)
t=789793ms iter=2330 incumb=60.1051 ratchet=60.3167 best=60.1043 since_improve=2057
t=789803ms iter=2331 WAIST cost=57.0000 best_alt=52.0000 gap=5.0000 tried=5 sep_labels=52 clique_frac=0.01
t=789969ms iter=2331 REBUILD reject new_tc=60.8299 (was 60.1051)
t=790120ms iter=2331 incumb=60.1051 ratchet=60.2967 best=60.1043 since_improve=2058
t=790129ms iter=2332 WAIST cost=57.0000 best_alt=51.0000 gap=6.0000 tried=5 sep_labels=51 clique_frac=0.01
t=790283ms iter=2332 REBUILD reject new_tc=61.4036 (was 60.1051)
t=790442ms iter=2332 incumb=60.1051 ratchet=60.1611 best=60.1043 since_improve=2059
t=790451ms iter=2333 WAIST cost=57.0000 best_alt=52.0000 gap=5.0000 tried=5 sep_labels=52 clique_frac=0.01
t=790629ms iter=2333 REBUILD reject new_tc=60.8522 (was 60.1051)
t=790786ms iter=2333 incumb=60.1051 ratchet=60.2732 best=60.1043 since_improve=2060
t=790794ms iter=2334 WAIST cost=57.0000 best_alt=52.0000 gap=5.0000 tried=5 sep_labels=52 clique_frac=0.01
t=790956ms iter=2334 REBUILD reject new_tc=60.7911 (was 60.1051)
t=791111ms iter=2334 incumb=60.1051 ratchet=60.8038 best=60.1043 since_improve=2061
t=791119ms iter=2335 WAIST cost=57.0000 best_alt=52.0000 gap=5.0000 tried=5 sep_labels=52 clique_frac=0.01
t=791293ms iter=2335 REBUILD reject new_tc=60.5858 (was 60.1051)
t=791451ms iter=2335 incumb=60.1051 ratchet=60.3104 best=60.1043 since_improve=2062
t=791461ms iter=2336 WAIST cost=57.0000 best_alt=49.0000 gap=8.0000 tried=5 sep_labels=49 clique_frac=0.01
t=791615ms iter=2336 REBUILD reject new_tc=61.3077 (was 60.1051)
t=791769ms iter=2336 incumb=60.1051 ratchet=60.4659 best=60.1043 since_improve=2063
t=791777ms iter=2337 WAIST cost=57.0000 best_alt=52.0000 gap=5.0000 tried=5 sep_labels=52 clique_frac=0.01
t=791947ms iter=2337 REBUILD reject new_tc=61.0466 (was 60.1051)
t=792102ms iter=2337 incumb=60.1051 ratchet=60.2016 best=60.1043 since_improve=2064
t=792110ms iter=2338 WAIST cost=57.0000 best_alt=50.0000 gap=7.0000 tried=5 sep_labels=50 clique_frac=0.01
t=792264ms iter=2338 REBUILD reject new_tc=61.0407 (was 60.1051)
t=792424ms iter=2338 incumb=60.1051 ratchet=60.2949 best=60.1043 since_improve=2065
t=792433ms iter=2339 WAIST cost=57.0000 best_alt=52.0000 gap=5.0000 tried=5 sep_labels=52 clique_frac=0.01
t=792605ms iter=2339 REBUILD reject new_tc=61.0530 (was 60.1051)
t=792764ms iter=2339 incumb=60.1051 ratchet=60.1600 best=60.1043 since_improve=2066
t=792772ms iter=2340 WAIST cost=57.0000 best_alt=51.0000 gap=6.0000 tried=5 sep_labels=51 clique_frac=0.01
t=792923ms iter=2340 REBUILD reject new_tc=61.5571 (was 60.1051)
t=793071ms iter=2340 incumb=60.1051 ratchet=60.2556 best=60.1043 since_improve=2067
t=793079ms iter=2341 WAIST cost=57.0000 best_alt=51.0000 gap=6.0000 tried=5 sep_labels=51 clique_frac=0.01
t=793234ms iter=2341 REBUILD reject new_tc=61.7454 (was 60.1051)
t=793387ms iter=2341 incumb=60.1051 ratchet=60.3365 best=60.1043 since_improve=2068
t=793396ms iter=2342 WAIST cost=57.0000 best_alt=52.0000 gap=5.0000 tried=5 sep_labels=52 clique_frac=0.01
t=793573ms iter=2342 REBUILD reject new_tc=60.9470 (was 60.1051)
t=793723ms iter=2342 incumb=60.1051 ratchet=60.4247 best=60.1043 since_improve=2069
t=793732ms iter=2343 WAIST cost=57.0000 best_alt=51.0000 gap=6.0000 tried=5 sep_labels=51 clique_frac=0.01
t=793909ms iter=2343 REBUILD reject new_tc=64.6184 (was 60.1051)
t=794069ms iter=2343 incumb=60.1051 ratchet=60.3681 best=60.1043 since_improve=2070
t=794076ms iter=2344 WAIST cost=57.0000 best_alt=52.0000 gap=5.0000 tried=5 sep_labels=52 clique_frac=0.01
t=794253ms iter=2344 REBUILD reject new_tc=61.0747 (was 60.1051)
t=794404ms iter=2344 incumb=60.1051 ratchet=60.4279 best=60.1043 since_improve=2071
t=794414ms iter=2345 WAIST cost=57.0000 best_alt=51.0000 gap=6.0000 tried=5 sep_labels=51 clique_frac=0.01
t=794588ms iter=2345 REBUILD reject new_tc=61.1359 (was 60.1051)
t=794744ms iter=2345 incumb=60.1051 ratchet=60.3844 best=60.1043 since_improve=2072
t=794752ms iter=2346 WAIST cost=57.0000 best_alt=52.0000 gap=5.0000 tried=5 sep_labels=52 clique_frac=0.01
t=794919ms iter=2346 REBUILD reject new_tc=68.0104 (was 60.1051)
t=795075ms iter=2346 incumb=60.1051 ratchet=60.4133 best=60.1043 since_improve=2073
t=795083ms iter=2347 WAIST cost=57.0000 best_alt=52.0000 gap=5.0000 tried=5 sep_labels=52 clique_frac=0.01
t=795245ms iter=2347 REBUILD reject new_tc=74.0011 (was 60.1051)
t=795401ms iter=2347 incumb=60.1051 ratchet=60.2197 best=60.1043 since_improve=2074
t=795410ms iter=2348 WAIST cost=57.0000 best_alt=52.0000 gap=5.0000 tried=5 sep_labels=52 clique_frac=0.01
t=795588ms iter=2348 REBUILD reject new_tc=60.5594 (was 60.1051)
t=795752ms iter=2348 incumb=60.1051 ratchet=60.1781 best=60.1043 since_improve=2075
t=795760ms iter=2349 WAIST cost=57.0000 best_alt=52.0000 gap=5.0000 tried=5 sep_labels=52 clique_frac=0.01
t=795933ms iter=2349 REBUILD reject new_tc=60.5522 (was 60.1051)
t=796089ms iter=2349 incumb=60.1051 ratchet=60.4633 best=60.1043 since_improve=2076
t=796097ms iter=2350 WAIST cost=57.0000 best_alt=52.0000 gap=5.0000 tried=5 sep_labels=52 clique_frac=0.01
t=796273ms iter=2350 REBUILD reject new_tc=60.7731 (was 60.1051)
t=796429ms iter=2350 incumb=60.1051 ratchet=60.1833 best=60.1043 since_improve=2077
t=796437ms iter=2351 WAIST cost=57.0000 best_alt=52.0000 gap=5.0000 tried=5 sep_labels=52 clique_frac=0.01
t=796615ms iter=2351 REBUILD reject new_tc=61.1170 (was 60.1051)
t=796763ms iter=2351 incumb=60.1051 ratchet=60.2655 best=60.1043 since_improve=2078
t=796771ms iter=2352 WAIST cost=57.0000 best_alt=52.0000 gap=5.0000 tried=5 sep_labels=52 clique_frac=0.01
t=796943ms iter=2352 REBUILD reject new_tc=63.7570 (was 60.1051)
t=797100ms iter=2352 incumb=60.1051 ratchet=60.3559 best=60.1043 since_improve=2079
t=797109ms iter=2353 WAIST cost=57.0000 best_alt=52.0000 gap=5.0000 tried=5 sep_labels=52 clique_frac=0.01
t=797273ms iter=2353 REBUILD reject new_tc=70.0019 (was 60.1051)
t=797429ms iter=2353 incumb=60.1051 ratchet=60.1776 best=60.1043 since_improve=2080
t=797437ms iter=2354 WAIST cost=57.0000 best_alt=52.0000 gap=5.0000 tried=5 sep_labels=52 clique_frac=0.01
t=797609ms iter=2354 REBUILD reject new_tc=60.6990 (was 60.1051)
t=797762ms iter=2354 incumb=60.1051 ratchet=60.2088 best=60.1043 since_improve=2081
t=797771ms iter=2355 WAIST cost=57.0000 best_alt=52.0000 gap=5.0000 tried=5 sep_labels=52 clique_frac=0.01
t=797945ms iter=2355 REBUILD reject new_tc=60.4744 (was 60.1051)
t=798097ms iter=2355 incumb=60.1051 ratchet=60.1547 best=60.1043 since_improve=2082
t=798105ms iter=2356 WAIST cost=57.0000 best_alt=52.0000 gap=5.0000 tried=5 sep_labels=52 clique_frac=0.01
t=798274ms iter=2356 REBUILD reject new_tc=60.8399 (was 60.1051)
t=798434ms iter=2356 incumb=60.1051 ratchet=60.3548 best=60.1043 since_improve=2083
t=798442ms iter=2357 WAIST cost=57.0000 best_alt=52.0000 gap=5.0000 tried=5 sep_labels=52 clique_frac=0.01
t=798604ms iter=2357 REBUILD reject new_tc=73.0070 (was 60.1051)
t=798760ms iter=2357 incumb=60.1051 ratchet=60.4999 best=60.1043 since_improve=2084
t=798770ms iter=2358 WAIST cost=57.0000 best_alt=51.0000 gap=6.0000 tried=5 sep_labels=51 clique_frac=0.01
t=798915ms iter=2358 REBUILD reject new_tc=72.0009 (was 60.1051)
t=799071ms iter=2358 incumb=60.1051 ratchet=60.1515 best=60.1043 since_improve=2085
t=799078ms iter=2359 WAIST cost=57.0000 best_alt=50.0000 gap=7.0000 tried=5 sep_labels=50 clique_frac=0.01
t=799228ms iter=2359 REBUILD reject new_tc=61.6997 (was 60.1051)
t=799381ms iter=2359 incumb=60.1051 ratchet=60.3724 best=60.1043 since_improve=2086
t=799390ms iter=2360 WAIST cost=57.0000 best_alt=52.0000 gap=5.0000 tried=5 sep_labels=52 clique_frac=0.01
t=799548ms iter=2360 REBUILD reject new_tc=79.0000 (was 60.1051)
t=799709ms iter=2360 incumb=60.1051 ratchet=60.3431 best=60.1043 since_improve=2087
t=799716ms iter=2361 WAIST cost=57.0000 best_alt=52.0000 gap=5.0000 tried=5 sep_labels=52 clique_frac=0.01
t=799877ms iter=2361 REBUILD reject new_tc=74.0011 (was 60.1051)
t=800032ms iter=2361 incumb=60.1051 ratchet=60.2401 best=60.1043 since_improve=2088
t=800041ms iter=2362 WAIST cost=57.0000 best_alt=50.0000 gap=7.0000 tried=5 sep_labels=50 clique_frac=0.01
t=800196ms iter=2362 REBUILD reject new_tc=61.6784 (was 60.1051)
t=800352ms iter=2362 incumb=60.1051 ratchet=60.1607 best=60.1043 since_improve=2089
t=800363ms iter=2363 WAIST cost=57.0000 best_alt=52.0000 gap=5.0000 tried=5 sep_labels=52 clique_frac=0.01
t=800538ms iter=2363 REBUILD reject new_tc=60.7320 (was 60.1051)
t=800696ms iter=2363 incumb=60.1051 ratchet=60.2298 best=60.1043 since_improve=2090
t=800705ms iter=2364 WAIST cost=57.0000 best_alt=52.0000 gap=5.0000 tried=5 sep_labels=52 clique_frac=0.01
t=800883ms iter=2364 REBUILD reject new_tc=62.4932 (was 60.1051)
t=801046ms iter=2364 incumb=60.1051 ratchet=60.1510 best=60.1043 since_improve=2091
t=801055ms iter=2365 WAIST cost=57.0000 best_alt=52.0000 gap=5.0000 tried=5 sep_labels=52 clique_frac=0.01
t=801234ms iter=2365 REBUILD reject new_tc=60.7587 (was 60.1051)
t=801392ms iter=2365 incumb=60.1051 ratchet=60.1460 best=60.1043 since_improve=2092
t=801401ms iter=2366 WAIST cost=57.0000 best_alt=49.0000 gap=8.0000 tried=5 sep_labels=49 clique_frac=0.01
t=801541ms iter=2366 REBUILD reject new_tc=78.0000 (was 60.1051)
t=801696ms iter=2366 incumb=60.1051 ratchet=60.1506 best=60.1043 since_improve=2093
t=801704ms iter=2367 WAIST cost=57.0000 best_alt=52.0000 gap=5.0000 tried=5 sep_labels=52 clique_frac=0.01
t=801882ms iter=2367 REBUILD reject new_tc=60.8878 (was 60.1051)
t=802037ms iter=2367 incumb=60.1051 ratchet=60.3866 best=60.1043 since_improve=2094
t=802044ms iter=2368 WAIST cost=57.0000 best_alt=51.0000 gap=6.0000 tried=5 sep_labels=51 clique_frac=0.01
t=802194ms iter=2368 REBUILD reject new_tc=62.0530 (was 60.1051)
t=802352ms iter=2368 incumb=60.1051 ratchet=60.6756 best=60.1043 since_improve=2095
t=802360ms iter=2369 WAIST cost=57.0000 best_alt=52.0000 gap=5.0000 tried=5 sep_labels=52 clique_frac=0.01
t=802536ms iter=2369 REBUILD reject new_tc=61.0155 (was 60.1051)
t=802694ms iter=2369 incumb=60.1051 ratchet=60.2419 best=60.1043 since_improve=2096
t=802704ms iter=2370 WAIST cost=57.0000 best_alt=51.0000 gap=6.0000 tried=5 sep_labels=51 clique_frac=0.01
t=802874ms iter=2370 REBUILD reject new_tc=63.2275 (was 60.1051)
t=803030ms iter=2370 incumb=60.1051 ratchet=60.2153 best=60.1043 since_improve=2097
t=803040ms iter=2371 WAIST cost=57.0000 best_alt=52.0000 gap=5.0000 tried=5 sep_labels=52 clique_frac=0.01
t=803200ms iter=2371 REBUILD reject new_tc=69.0044 (was 60.1051)
t=803358ms iter=2371 incumb=60.1051 ratchet=60.2230 best=60.1043 since_improve=2098
t=803366ms iter=2372 WAIST cost=57.0000 best_alt=52.0000 gap=5.0000 tried=5 sep_labels=52 clique_frac=0.01
t=803545ms iter=2372 REBUILD reject new_tc=60.9377 (was 60.1051)
t=803705ms iter=2372 incumb=60.1051 ratchet=60.2229 best=60.1043 since_improve=2099
t=803711ms iter=2373 WAIST cost=57.0000 best_alt=52.0000 gap=5.0000 tried=5 sep_labels=52 clique_frac=0.01
t=803881ms iter=2373 REBUILD reject new_tc=64.3496 (was 60.1051)
t=804042ms iter=2373 incumb=60.1051 ratchet=60.3706 best=60.1043 since_improve=2100
t=804048ms iter=2374 WAIST cost=57.0000 best_alt=52.0000 gap=5.0000 tried=5 sep_labels=52 clique_frac=0.01
t=804221ms iter=2374 REBUILD reject new_tc=60.6841 (was 60.1051)
t=804378ms iter=2374 incumb=60.1051 ratchet=60.3742 best=60.1043 since_improve=2101
t=804387ms iter=2375 WAIST cost=57.0000 best_alt=51.0000 gap=6.0000 tried=5 sep_labels=51 clique_frac=0.01
t=804538ms iter=2375 REBUILD reject new_tc=61.3922 (was 60.1051)
t=804691ms iter=2375 incumb=60.1051 ratchet=60.9564 best=60.1043 since_improve=2102
t=804700ms iter=2376 WAIST cost=57.0000 best_alt=52.0000 gap=5.0000 tried=5 sep_labels=52 clique_frac=0.01
t=804870ms iter=2376 REBUILD reject new_tc=68.7501 (was 60.1051)
t=805024ms iter=2376 incumb=60.1051 ratchet=60.3317 best=60.1043 since_improve=2103
t=805032ms iter=2377 WAIST cost=57.0000 best_alt=49.0000 gap=8.0000 tried=5 sep_labels=49 clique_frac=0.01
t=805192ms iter=2377 REBUILD reject new_tc=61.3180 (was 60.1051)
t=805354ms iter=2377 incumb=60.1051 ratchet=60.3405 best=60.1043 since_improve=2104
t=805364ms iter=2378 WAIST cost=57.0000 best_alt=51.0000 gap=6.0000 tried=5 sep_labels=51 clique_frac=0.01
t=805546ms iter=2378 REBUILD reject new_tc=61.6976 (was 60.1051)
t=805698ms iter=2378 incumb=60.1051 ratchet=60.2209 best=60.1043 since_improve=2105
t=805707ms iter=2379 WAIST cost=57.0000 best_alt=52.0000 gap=5.0000 tried=5 sep_labels=52 clique_frac=0.01
t=805881ms iter=2379 REBUILD reject new_tc=60.8889 (was 60.1051)
t=806037ms iter=2379 incumb=60.1051 ratchet=60.1978 best=60.1043 since_improve=2106
t=806051ms iter=2380 WAIST cost=57.0000 best_alt=51.0000 gap=6.0000 tried=5 sep_labels=51 clique_frac=0.01
t=806238ms iter=2380 REBUILD reject new_tc=66.7193 (was 60.1051)
t=806395ms iter=2380 incumb=60.1051 ratchet=60.1739 best=60.1043 since_improve=2107
t=806403ms iter=2381 WAIST cost=57.0000 best_alt=51.0000 gap=6.0000 tried=5 sep_labels=51 clique_frac=0.01
t=806575ms iter=2381 REBUILD reject new_tc=61.2933 (was 60.1051)
t=806729ms iter=2381 incumb=60.1051 ratchet=60.2170 best=60.1043 since_improve=2108
t=806739ms iter=2382 WAIST cost=57.0000 best_alt=52.0000 gap=5.0000 tried=5 sep_labels=52 clique_frac=0.01
t=806904ms iter=2382 REBUILD reject new_tc=75.0013 (was 60.1051)
t=807060ms iter=2382 incumb=60.1051 ratchet=60.2131 best=60.1043 since_improve=2109
t=807068ms iter=2383 WAIST cost=57.0000 best_alt=51.0000 gap=6.0000 tried=5 sep_labels=51 clique_frac=0.01
t=807219ms iter=2383 REBUILD reject new_tc=61.6606 (was 60.1051)
t=807377ms iter=2383 incumb=60.1051 ratchet=60.4726 best=60.1043 since_improve=2110
t=807385ms iter=2384 WAIST cost=57.0000 best_alt=52.0000 gap=5.0000 tried=5 sep_labels=52 clique_frac=0.01
t=807555ms iter=2384 REBUILD reject new_tc=60.7367 (was 60.1051)
t=807712ms iter=2384 incumb=60.1051 ratchet=60.2269 best=60.1043 since_improve=2111
t=807722ms iter=2385 WAIST cost=57.0000 best_alt=51.0000 gap=6.0000 tried=5 sep_labels=51 clique_frac=0.01
t=807894ms iter=2385 REBUILD reject new_tc=60.2967 (was 60.1051)
t=808057ms iter=2385 incumb=60.1051 ratchet=60.1864 best=60.1043 since_improve=2112
t=808067ms iter=2386 WAIST cost=57.0000 best_alt=52.0000 gap=5.0000 tried=5 sep_labels=52 clique_frac=0.01
t=808240ms iter=2386 REBUILD reject new_tc=61.0511 (was 60.1051)
t=808396ms iter=2386 incumb=60.1051 ratchet=60.1779 best=60.1043 since_improve=2113
t=808406ms iter=2387 WAIST cost=57.0000 best_alt=52.0000 gap=5.0000 tried=5 sep_labels=52 clique_frac=0.01
t=808576ms iter=2387 REBUILD reject new_tc=61.0048 (was 60.1051)
t=808739ms iter=2387 incumb=60.1051 ratchet=60.2235 best=60.1043 since_improve=2114
t=808748ms iter=2388 WAIST cost=57.0000 best_alt=52.0000 gap=5.0000 tried=5 sep_labels=52 clique_frac=0.01
t=808920ms iter=2388 REBUILD reject new_tc=60.8914 (was 60.1051)
t=809080ms iter=2388 incumb=60.1051 ratchet=60.1927 best=60.1043 since_improve=2115
t=809088ms iter=2389 WAIST cost=57.0000 best_alt=52.0000 gap=5.0000 tried=5 sep_labels=52 clique_frac=0.01
t=809267ms iter=2389 REBUILD reject new_tc=61.6433 (was 60.1051)
t=809420ms iter=2389 incumb=60.1051 ratchet=60.1582 best=60.1043 since_improve=2116
t=809428ms iter=2390 WAIST cost=57.0000 best_alt=52.0000 gap=5.0000 tried=5 sep_labels=52 clique_frac=0.01
t=809600ms iter=2390 REBUILD reject new_tc=60.7065 (was 60.1051)
t=809759ms iter=2390 incumb=60.1051 ratchet=60.3950 best=60.1043 since_improve=2117
t=809768ms iter=2391 WAIST cost=57.0000 best_alt=51.0000 gap=6.0000 tried=5 sep_labels=51 clique_frac=0.01
t=809922ms iter=2391 REBUILD reject new_tc=62.1142 (was 60.1051)
t=810081ms iter=2391 incumb=60.1051 ratchet=60.3789 best=60.1043 since_improve=2118
t=810089ms iter=2392 WAIST cost=57.0000 best_alt=52.0000 gap=5.0000 tried=5 sep_labels=52 clique_frac=0.01
t=810261ms iter=2392 REBUILD reject new_tc=60.8017 (was 60.1051)
t=810416ms iter=2392 incumb=60.1051 ratchet=60.2286 best=60.1043 since_improve=2119
t=810423ms iter=2393 WAIST cost=57.0000 best_alt=52.0000 gap=5.0000 tried=5 sep_labels=52 clique_frac=0.01
t=810599ms iter=2393 REBUILD reject new_tc=60.9782 (was 60.1051)
t=810756ms iter=2393 incumb=60.1051 ratchet=60.1109 best=60.1043 since_improve=2120
t=810765ms iter=2394 WAIST cost=57.0000 best_alt=50.0000 gap=7.0000 tried=5 sep_labels=50 clique_frac=0.01
t=810924ms iter=2394 REBUILD reject new_tc=61.6579 (was 60.1051)
t=811080ms iter=2394 incumb=60.1051 ratchet=60.2664 best=60.1043 since_improve=2121
t=811088ms iter=2395 WAIST cost=57.0000 best_alt=51.0000 gap=6.0000 tried=5 sep_labels=51 clique_frac=0.01
t=811237ms iter=2395 REBUILD reject new_tc=79.0002 (was 60.1051)
t=811392ms iter=2395 incumb=60.1051 ratchet=60.6192 best=60.1043 since_improve=2122
t=811400ms iter=2396 WAIST cost=57.0000 best_alt=52.0000 gap=5.0000 tried=5 sep_labels=52 clique_frac=0.01
t=811575ms iter=2396 REBUILD reject new_tc=60.4067 (was 60.1051)
t=811730ms iter=2396 incumb=60.1051 ratchet=60.1331 best=60.1043 since_improve=2123
t=811739ms iter=2397 WAIST cost=57.0000 best_alt=52.0000 gap=5.0000 tried=5 sep_labels=52 clique_frac=0.01
t=811911ms iter=2397 REBUILD reject new_tc=60.9852 (was 60.1051)
t=812068ms iter=2397 incumb=60.1051 ratchet=60.2105 best=60.1043 since_improve=2124
t=812076ms iter=2398 WAIST cost=57.0000 best_alt=51.0000 gap=6.0000 tried=5 sep_labels=51 clique_frac=0.01
t=812233ms iter=2398 REBUILD reject new_tc=60.9807 (was 60.1051)
t=812389ms iter=2398 incumb=60.1051 ratchet=60.2589 best=60.1043 since_improve=2125
t=812397ms iter=2399 WAIST cost=57.0000 best_alt=51.0000 gap=6.0000 tried=5 sep_labels=51 clique_frac=0.01
t=812554ms iter=2399 REBUILD reject new_tc=61.2803 (was 60.1051)
t=812703ms iter=2399 incumb=60.1051 ratchet=60.3730 best=60.1043 since_improve=2126
t=812710ms iter=2400 WAIST cost=57.0000 best_alt=52.0000 gap=5.0000 tried=5 sep_labels=52 clique_frac=0.01
t=812880ms iter=2400 REBUILD reject new_tc=60.5680 (was 60.1051)
t=813034ms iter=2400 incumb=60.1051 ratchet=60.2924 best=60.1043 since_improve=2127
t=813041ms iter=2401 WAIST cost=57.0000 best_alt=52.0000 gap=5.0000 tried=5 sep_labels=52 clique_frac=0.01
t=813215ms iter=2401 REBUILD reject new_tc=61.0086 (was 60.1051)
t=813373ms iter=2401 incumb=60.1051 ratchet=60.2914 best=60.1043 since_improve=2128
t=813381ms iter=2402 WAIST cost=57.0000 best_alt=52.0000 gap=5.0000 tried=5 sep_labels=52 clique_frac=0.01
t=813561ms iter=2402 REBUILD reject new_tc=60.7858 (was 60.1051)
t=813721ms iter=2402 incumb=60.1051 ratchet=60.4398 best=60.1043 since_improve=2129
t=813730ms iter=2403 WAIST cost=57.0000 best_alt=52.0000 gap=5.0000 tried=5 sep_labels=52 clique_frac=0.01
t=813885ms iter=2403 REBUILD reject new_tc=70.0464 (was 60.1051)
t=814037ms iter=2403 incumb=60.1051 ratchet=60.2141 best=60.1043 since_improve=2130
t=814047ms iter=2404 WAIST cost=57.0000 best_alt=52.0000 gap=5.0000 tried=5 sep_labels=52 clique_frac=0.01
t=814220ms iter=2404 REBUILD reject new_tc=66.2726 (was 60.1051)
t=814377ms iter=2404 incumb=60.1051 ratchet=60.4068 best=60.1043 since_improve=2131
t=814386ms iter=2405 WAIST cost=57.0000 best_alt=52.0000 gap=5.0000 tried=5 sep_labels=52 clique_frac=0.01
t=814559ms iter=2405 REBUILD reject new_tc=60.8545 (was 60.1051)
t=814716ms iter=2405 incumb=60.1051 ratchet=60.2520 best=60.1043 since_improve=2132
t=814724ms iter=2406 WAIST cost=57.0000 best_alt=52.0000 gap=5.0000 tried=5 sep_labels=52 clique_frac=0.01
t=814897ms iter=2406 REBUILD reject new_tc=60.8470 (was 60.1051)
t=815054ms iter=2406 incumb=60.1051 ratchet=60.4631 best=60.1043 since_improve=2133
t=815063ms iter=2407 WAIST cost=57.0000 best_alt=50.0000 gap=7.0000 tried=5 sep_labels=50 clique_frac=0.01
t=815211ms iter=2407 REBUILD reject new_tc=61.3241 (was 60.1051)
t=815364ms iter=2407 incumb=60.1051 ratchet=60.3717 best=60.1043 since_improve=2134
t=815372ms iter=2408 WAIST cost=57.0000 best_alt=51.0000 gap=6.0000 tried=5 sep_labels=51 clique_frac=0.01
t=815526ms iter=2408 REBUILD reject new_tc=61.5919 (was 60.1051)
t=815681ms iter=2408 incumb=60.1051 ratchet=60.1737 best=60.1043 since_improve=2135
t=815689ms iter=2409 WAIST cost=57.0000 best_alt=52.0000 gap=5.0000 tried=5 sep_labels=52 clique_frac=0.01
t=815860ms iter=2409 REBUILD reject new_tc=60.7066 (was 60.1051)
t=816014ms iter=2409 incumb=60.1051 ratchet=60.2369 best=60.1043 since_improve=2136
t=816022ms iter=2410 WAIST cost=57.0000 best_alt=52.0000 gap=5.0000 tried=5 sep_labels=52 clique_frac=0.01
t=816201ms iter=2410 REBUILD reject new_tc=60.6941 (was 60.1051)
t=816361ms iter=2410 incumb=60.1051 ratchet=60.2058 best=60.1043 since_improve=2137
t=816370ms iter=2411 WAIST cost=57.0000 best_alt=50.0000 gap=7.0000 tried=5 sep_labels=50 clique_frac=0.01
t=816527ms iter=2411 REBUILD reject new_tc=61.4253 (was 60.1051)
t=816681ms iter=2411 incumb=60.1051 ratchet=60.1528 best=60.1043 since_improve=2138
t=816689ms iter=2412 WAIST cost=57.0000 best_alt=52.0000 gap=5.0000 tried=5 sep_labels=52 clique_frac=0.01
t=816864ms iter=2412 REBUILD reject new_tc=60.7279 (was 60.1051)
t=817016ms iter=2412 incumb=60.1051 ratchet=60.5724 best=60.1043 since_improve=2139
t=817028ms iter=2413 WAIST cost=57.0000 best_alt=52.0000 gap=5.0000 tried=5 sep_labels=52 clique_frac=0.01
t=817198ms iter=2413 REBUILD reject new_tc=60.7625 (was 60.1051)
t=817356ms iter=2413 incumb=60.1051 ratchet=60.3343 best=60.1043 since_improve=2140
t=817366ms iter=2414 WAIST cost=57.0000 best_alt=49.0000 gap=8.0000 tried=5 sep_labels=49 clique_frac=0.01
t=817519ms iter=2414 REBUILD reject new_tc=61.6131 (was 60.1051)
t=817673ms iter=2414 incumb=60.1051 ratchet=60.3473 best=60.1043 since_improve=2141
t=817681ms iter=2415 WAIST cost=57.0000 best_alt=49.0000 gap=8.0000 tried=5 sep_labels=49 clique_frac=0.01
t=817838ms iter=2415 REBUILD reject new_tc=61.5399 (was 60.1051)
t=817991ms iter=2415 incumb=60.1051 ratchet=60.2011 best=60.1043 since_improve=2142
t=817998ms iter=2416 WAIST cost=57.0000 best_alt=49.0000 gap=8.0000 tried=5 sep_labels=49 clique_frac=0.01
t=818155ms iter=2416 REBUILD reject new_tc=61.1296 (was 60.1051)
t=818305ms iter=2416 incumb=60.1051 ratchet=60.1482 best=60.1043 since_improve=2143
t=818316ms iter=2417 WAIST cost=57.0000 best_alt=52.0000 gap=5.0000 tried=5 sep_labels=52 clique_frac=0.01
t=818486ms iter=2417 REBUILD reject new_tc=60.7355 (was 60.1051)
t=818644ms iter=2417 incumb=60.1051 ratchet=60.4775 best=60.1043 since_improve=2144
t=818653ms iter=2418 WAIST cost=57.0000 best_alt=50.0000 gap=7.0000 tried=5 sep_labels=50 clique_frac=0.01
t=818806ms iter=2418 REBUILD reject new_tc=61.3824 (was 60.1051)
t=818958ms iter=2418 incumb=60.1051 ratchet=60.1257 best=60.1043 since_improve=2145
t=818970ms iter=2419 WAIST cost=57.0000 best_alt=51.0000 gap=6.0000 tried=5 sep_labels=51 clique_frac=0.01
t=819129ms iter=2419 REBUILD reject new_tc=72.0032 (was 60.1051)
t=819287ms iter=2419 incumb=60.1051 ratchet=60.1507 best=60.1043 since_improve=2146
t=819293ms iter=2420 WAIST cost=57.0000 best_alt=51.0000 gap=6.0000 tried=5 sep_labels=51 clique_frac=0.01
t=819437ms iter=2420 REBUILD reject new_tc=67.6137 (was 60.1051)
t=819594ms iter=2420 incumb=60.1051 ratchet=60.1993 best=60.1043 since_improve=2147
t=819602ms iter=2421 WAIST cost=57.0000 best_alt=52.0000 gap=5.0000 tried=5 sep_labels=52 clique_frac=0.01
t=819772ms iter=2421 REBUILD reject new_tc=60.9502 (was 60.1051)
t=819930ms iter=2421 incumb=60.1051 ratchet=60.3272 best=60.1043 since_improve=2148
t=819940ms iter=2422 WAIST cost=57.0000 best_alt=52.0000 gap=5.0000 tried=5 sep_labels=52 clique_frac=0.01
t=820103ms iter=2422 REBUILD reject new_tc=72.0168 (was 60.1051)
t=820261ms iter=2422 incumb=60.1051 ratchet=60.3206 best=60.1043 since_improve=2149
t=820268ms iter=2423 WAIST cost=57.0000 best_alt=52.0000 gap=5.0000 tried=5 sep_labels=52 clique_frac=0.01
t=820444ms iter=2423 REBUILD reject new_tc=61.1372 (was 60.1051)
t=820597ms iter=2423 incumb=60.1051 ratchet=60.3146 best=60.1043 since_improve=2150
t=820606ms iter=2424 WAIST cost=57.0000 best_alt=51.0000 gap=6.0000 tried=5 sep_labels=51 clique_frac=0.01
t=820765ms iter=2424 REBUILD reject new_tc=61.1597 (was 60.1051)
t=820920ms iter=2424 incumb=60.1051 ratchet=60.3459 best=60.1043 since_improve=2151
t=820929ms iter=2425 WAIST cost=57.0000 best_alt=52.0000 gap=5.0000 tried=5 sep_labels=52 clique_frac=0.01
t=821090ms iter=2425 REBUILD reject new_tc=74.3224 (was 60.1051)
t=821239ms iter=2425 incumb=60.1051 ratchet=60.1659 best=60.1043 since_improve=2152
t=821246ms iter=2426 WAIST cost=57.0000 best_alt=52.0000 gap=5.0000 tried=5 sep_labels=52 clique_frac=0.01
t=821419ms iter=2426 REBUILD reject new_tc=60.7081 (was 60.1051)
t=821580ms iter=2426 incumb=60.1051 ratchet=60.3147 best=60.1043 since_improve=2153
t=821588ms iter=2427 WAIST cost=57.0000 best_alt=52.0000 gap=5.0000 tried=5 sep_labels=52 clique_frac=0.01
t=821753ms iter=2427 REBUILD reject new_tc=66.3211 (was 60.1051)
t=821908ms iter=2427 incumb=60.1051 ratchet=60.3237 best=60.1043 since_improve=2154
t=821915ms iter=2428 WAIST cost=57.0000 best_alt=52.0000 gap=5.0000 tried=5 sep_labels=52 clique_frac=0.01
t=822080ms iter=2428 REBUILD reject new_tc=67.0203 (was 60.1051)
t=822232ms iter=2428 incumb=60.1051 ratchet=60.1675 best=60.1043 since_improve=2155
t=822239ms iter=2429 WAIST cost=57.0000 best_alt=52.0000 gap=5.0000 tried=5 sep_labels=52 clique_frac=0.01
t=822409ms iter=2429 REBUILD reject new_tc=60.9677 (was 60.1051)
t=822568ms iter=2429 incumb=60.1051 ratchet=60.2395 best=60.1043 since_improve=2156
t=822576ms iter=2430 WAIST cost=57.0000 best_alt=52.0000 gap=5.0000 tried=5 sep_labels=52 clique_frac=0.01
t=822751ms iter=2430 REBUILD reject new_tc=60.4733 (was 60.1051)
t=822902ms iter=2430 incumb=60.1051 ratchet=60.2975 best=60.1043 since_improve=2157
t=822910ms iter=2431 WAIST cost=57.0000 best_alt=52.0000 gap=5.0000 tried=5 sep_labels=52 clique_frac=0.01
t=823081ms iter=2431 REBUILD reject new_tc=60.3288 (was 60.1051)
t=823237ms iter=2431 incumb=60.1051 ratchet=60.4116 best=60.1043 since_improve=2158
t=823245ms iter=2432 WAIST cost=57.0000 best_alt=52.0000 gap=5.0000 tried=5 sep_labels=52 clique_frac=0.01
t=823421ms iter=2432 REBUILD reject new_tc=60.9365 (was 60.1051)
t=823580ms iter=2432 incumb=60.1051 ratchet=60.2065 best=60.1043 since_improve=2159
t=823588ms iter=2433 WAIST cost=57.0000 best_alt=51.0000 gap=6.0000 tried=5 sep_labels=51 clique_frac=0.01
t=823728ms iter=2433 REBUILD reject new_tc=75.1166 (was 60.1051)
t=823884ms iter=2433 incumb=60.1051 ratchet=60.3899 best=60.1043 since_improve=2160
t=823893ms iter=2434 WAIST cost=57.0000 best_alt=50.0000 gap=7.0000 tried=5 sep_labels=50 clique_frac=0.01
t=824049ms iter=2434 REBUILD reject new_tc=61.2776 (was 60.1051)
t=824205ms iter=2434 incumb=60.1051 ratchet=60.2879 best=60.1043 since_improve=2161
t=824214ms iter=2435 WAIST cost=57.0000 best_alt=49.0000 gap=8.0000 tried=5 sep_labels=49 clique_frac=0.01
t=824370ms iter=2435 REBUILD reject new_tc=61.7862 (was 60.1051)
t=824528ms iter=2435 incumb=60.1051 ratchet=60.1772 best=60.1043 since_improve=2162
t=824537ms iter=2436 WAIST cost=57.0000 best_alt=51.0000 gap=6.0000 tried=5 sep_labels=51 clique_frac=0.01
t=824706ms iter=2436 REBUILD reject new_tc=61.4788 (was 60.1051)
t=824864ms iter=2436 incumb=60.1051 ratchet=60.1737 best=60.1043 since_improve=2163
t=824873ms iter=2437 WAIST cost=57.0000 best_alt=52.0000 gap=5.0000 tried=5 sep_labels=52 clique_frac=0.01
t=825044ms iter=2437 REBUILD reject new_tc=60.7187 (was 60.1051)
t=825199ms iter=2437 incumb=60.1051 ratchet=60.3908 best=60.1043 since_improve=2164
t=825208ms iter=2438 WAIST cost=57.0000 best_alt=52.0000 gap=5.0000 tried=5 sep_labels=52 clique_frac=0.01
t=825384ms iter=2438 REBUILD reject new_tc=64.8146 (was 60.1051)
t=825540ms iter=2438 incumb=60.1051 ratchet=60.3622 best=60.1043 since_improve=2165
t=825551ms iter=2439 WAIST cost=57.0000 best_alt=50.0000 gap=7.0000 tried=5 sep_labels=50 clique_frac=0.01
t=825703ms iter=2439 REBUILD reject new_tc=65.6542 (was 60.1051)
t=825865ms iter=2439 incumb=60.1051 ratchet=60.3199 best=60.1043 since_improve=2166
t=825873ms iter=2440 WAIST cost=57.0000 best_alt=52.0000 gap=5.0000 tried=5 sep_labels=52 clique_frac=0.01
t=826041ms iter=2440 REBUILD reject new_tc=66.2951 (was 60.1051)
t=826197ms iter=2440 incumb=60.1051 ratchet=60.1637 best=60.1043 since_improve=2167
t=826205ms iter=2441 WAIST cost=57.0000 best_alt=49.0000 gap=8.0000 tried=5 sep_labels=49 clique_frac=0.01
t=826358ms iter=2441 REBUILD reject new_tc=61.7456 (was 60.1051)
t=826516ms iter=2441 incumb=60.1051 ratchet=60.4266 best=60.1043 since_improve=2168
t=826525ms iter=2442 WAIST cost=57.0000 best_alt=52.0000 gap=5.0000 tried=5 sep_labels=52 clique_frac=0.01
t=826700ms iter=2442 REBUILD reject new_tc=60.6658 (was 60.1051)
t=826869ms iter=2442 incumb=60.1051 ratchet=60.4878 best=60.1043 since_improve=2169
t=826876ms iter=2443 WAIST cost=57.0000 best_alt=52.0000 gap=5.0000 tried=5 sep_labels=52 clique_frac=0.01
t=827082ms iter=2443 REBUILD reject new_tc=60.8674 (was 60.1051)
t=827230ms iter=2443 incumb=60.1051 ratchet=60.2622 best=60.1043 since_improve=2170
t=827238ms iter=2444 WAIST cost=57.0000 best_alt=52.0000 gap=5.0000 tried=5 sep_labels=52 clique_frac=0.01
t=827410ms iter=2444 REBUILD reject new_tc=60.7857 (was 60.1051)
t=827564ms iter=2444 incumb=60.1051 ratchet=60.4100 best=60.1043 since_improve=2171
t=827573ms iter=2445 WAIST cost=57.0000 best_alt=52.0000 gap=5.0000 tried=5 sep_labels=52 clique_frac=0.01
t=827737ms iter=2445 REBUILD reject new_tc=72.0005 (was 60.1051)
t=827888ms iter=2445 incumb=60.1051 ratchet=60.1832 best=60.1043 since_improve=2172
t=827895ms iter=2446 WAIST cost=57.0000 best_alt=49.0000 gap=8.0000 tried=5 sep_labels=49 clique_frac=0.01
t=828053ms iter=2446 REBUILD reject new_tc=61.6796 (was 60.1051)
t=828213ms iter=2446 incumb=60.1051 ratchet=60.6228 best=60.1043 since_improve=2173
t=828221ms iter=2447 WAIST cost=57.0000 best_alt=52.0000 gap=5.0000 tried=5 sep_labels=52 clique_frac=0.01
t=828395ms iter=2447 REBUILD reject new_tc=60.9751 (was 60.1051)
t=828553ms iter=2447 incumb=60.1051 ratchet=60.2439 best=60.1043 since_improve=2174
t=828561ms iter=2448 WAIST cost=57.0000 best_alt=51.0000 gap=6.0000 tried=5 sep_labels=51 clique_frac=0.01
t=828709ms iter=2448 REBUILD reject new_tc=61.3101 (was 60.1051)
t=828865ms iter=2448 incumb=60.1051 ratchet=60.1599 best=60.1043 since_improve=2175
t=828873ms iter=2449 WAIST cost=57.0000 best_alt=51.0000 gap=6.0000 tried=5 sep_labels=51 clique_frac=0.01
t=829031ms iter=2449 REBUILD reject new_tc=61.7838 (was 60.1051)
t=829188ms iter=2449 incumb=60.1051 ratchet=60.1957 best=60.1043 since_improve=2176
t=829196ms iter=2450 WAIST cost=57.0000 best_alt=52.0000 gap=5.0000 tried=5 sep_labels=52 clique_frac=0.01
t=829361ms iter=2450 REBUILD reject new_tc=66.4733 (was 60.1051)
t=829518ms iter=2450 incumb=60.1051 ratchet=60.2560 best=60.1043 since_improve=2177
t=829528ms iter=2451 WAIST cost=57.0000 best_alt=52.0000 gap=5.0000 tried=5 sep_labels=52 clique_frac=0.01
t=829699ms iter=2451 REBUILD reject new_tc=61.0158 (was 60.1051)
t=829849ms iter=2451 incumb=60.1051 ratchet=60.1606 best=60.1043 since_improve=2178
t=829857ms iter=2452 WAIST cost=57.0000 best_alt=52.0000 gap=5.0000 tried=5 sep_labels=52 clique_frac=0.01
t=830020ms iter=2452 REBUILD reject new_tc=68.1357 (was 60.1051)
t=830174ms iter=2452 incumb=60.1051 ratchet=60.2363 best=60.1043 since_improve=2179
t=830181ms iter=2453 WAIST cost=57.0000 best_alt=52.0000 gap=5.0000 tried=5 sep_labels=52 clique_frac=0.01
t=830358ms iter=2453 REBUILD reject new_tc=60.9063 (was 60.1051)
t=830511ms iter=2453 incumb=60.1051 ratchet=60.2015 best=60.1043 since_improve=2180
t=830520ms iter=2454 WAIST cost=57.0000 best_alt=52.0000 gap=5.0000 tried=5 sep_labels=52 clique_frac=0.01
t=830696ms iter=2454 REBUILD reject new_tc=60.6502 (was 60.1051)
t=830856ms iter=2454 incumb=60.1051 ratchet=60.6101 best=60.1043 since_improve=2181
t=830864ms iter=2455 WAIST cost=57.0000 best_alt=52.0000 gap=5.0000 tried=5 sep_labels=52 clique_frac=0.01
t=831036ms iter=2455 REBUILD reject new_tc=60.5643 (was 60.1051)
t=831193ms iter=2455 incumb=60.1051 ratchet=60.2316 best=60.1043 since_improve=2182
t=831200ms iter=2456 WAIST cost=57.0000 best_alt=52.0000 gap=5.0000 tried=5 sep_labels=52 clique_frac=0.01
t=831373ms iter=2456 REBUILD reject new_tc=60.6199 (was 60.1051)
t=831529ms iter=2456 incumb=60.1051 ratchet=60.3485 best=60.1043 since_improve=2183
t=831536ms iter=2457 WAIST cost=57.0000 best_alt=52.0000 gap=5.0000 tried=5 sep_labels=52 clique_frac=0.01
t=831699ms iter=2457 REBUILD reject new_tc=72.0169 (was 60.1051)
t=831856ms iter=2457 incumb=60.1051 ratchet=60.4111 best=60.1043 since_improve=2184
t=831867ms iter=2458 WAIST cost=57.0000 best_alt=49.0000 gap=8.0000 tried=5 sep_labels=49 clique_frac=0.01
t=832020ms iter=2458 REBUILD reject new_tc=61.5461 (was 60.1051)
t=832178ms iter=2458 incumb=60.1051 ratchet=60.3122 best=60.1043 since_improve=2185
t=832185ms iter=2459 WAIST cost=57.0000 best_alt=52.0000 gap=5.0000 tried=5 sep_labels=52 clique_frac=0.01
t=832354ms iter=2459 REBUILD reject new_tc=60.8792 (was 60.1051)
t=832513ms iter=2459 incumb=60.1051 ratchet=60.4347 best=60.1043 since_improve=2186
t=832520ms iter=2460 WAIST cost=57.0000 best_alt=52.0000 gap=5.0000 tried=5 sep_labels=52 clique_frac=0.01
t=832690ms iter=2460 REBUILD reject new_tc=60.9926 (was 60.1051)
t=832842ms iter=2460 incumb=60.1051 ratchet=60.2499 best=60.1043 since_improve=2187
t=832850ms iter=2461 WAIST cost=57.0000 best_alt=51.0000 gap=6.0000 tried=5 sep_labels=51 clique_frac=0.01
t=833003ms iter=2461 REBUILD reject new_tc=61.3789 (was 60.1051)
t=833158ms iter=2461 incumb=60.1051 ratchet=60.1615 best=60.1043 since_improve=2188
t=833166ms iter=2462 WAIST cost=57.0000 best_alt=52.0000 gap=5.0000 tried=5 sep_labels=52 clique_frac=0.01
t=833344ms iter=2462 REBUILD reject new_tc=60.9205 (was 60.1051)
t=833499ms iter=2462 incumb=60.1051 ratchet=60.4193 best=60.1043 since_improve=2189
t=833509ms iter=2463 WAIST cost=57.0000 best_alt=51.0000 gap=6.0000 tried=5 sep_labels=51 clique_frac=0.01
t=833647ms iter=2463 REBUILD reject new_tc=79.0001 (was 60.1051)
t=833800ms iter=2463 incumb=60.1051 ratchet=60.3044 best=60.1043 since_improve=2190
t=833809ms iter=2464 WAIST cost=57.0000 best_alt=52.0000 gap=5.0000 tried=5 sep_labels=52 clique_frac=0.01
t=833984ms iter=2464 REBUILD reject new_tc=60.6853 (was 60.1051)
t=834138ms iter=2464 incumb=60.1051 ratchet=60.1775 best=60.1043 since_improve=2191
t=834147ms iter=2465 WAIST cost=57.0000 best_alt=52.0000 gap=5.0000 tried=5 sep_labels=52 clique_frac=0.01
t=834320ms iter=2465 REBUILD reject new_tc=60.6418 (was 60.1051)
t=834471ms iter=2465 incumb=60.1051 ratchet=60.2107 best=60.1043 since_improve=2192
t=834479ms iter=2466 WAIST cost=57.0000 best_alt=52.0000 gap=5.0000 tried=5 sep_labels=52 clique_frac=0.01
t=834653ms iter=2466 REBUILD reject new_tc=60.7865 (was 60.1051)
t=834801ms iter=2466 incumb=60.1051 ratchet=60.2371 best=60.1043 since_improve=2193
t=834811ms iter=2467 WAIST cost=57.0000 best_alt=50.0000 gap=7.0000 tried=5 sep_labels=50 clique_frac=0.01
t=834965ms iter=2467 REBUILD reject new_tc=61.3645 (was 60.1051)
t=835121ms iter=2467 incumb=60.1051 ratchet=60.2598 best=60.1043 since_improve=2194
t=835128ms iter=2468 WAIST cost=57.0000 best_alt=52.0000 gap=5.0000 tried=5 sep_labels=52 clique_frac=0.01
t=835296ms iter=2468 REBUILD reject new_tc=61.0802 (was 60.1051)
t=835445ms iter=2468 incumb=60.1051 ratchet=60.2031 best=60.1043 since_improve=2195
t=835452ms iter=2469 WAIST cost=57.0000 best_alt=52.0000 gap=5.0000 tried=5 sep_labels=52 clique_frac=0.01
t=835629ms iter=2469 REBUILD reject new_tc=60.6716 (was 60.1051)
t=835789ms iter=2469 incumb=60.1051 ratchet=60.3388 best=60.1043 since_improve=2196
t=835797ms iter=2470 WAIST cost=57.0000 best_alt=52.0000 gap=5.0000 tried=5 sep_labels=52 clique_frac=0.01
t=835974ms iter=2470 REBUILD reject new_tc=60.8646 (was 60.1051)
t=836132ms iter=2470 incumb=60.1051 ratchet=60.4359 best=60.1043 since_improve=2197
t=836139ms iter=2471 WAIST cost=57.0000 best_alt=52.0000 gap=5.0000 tried=5 sep_labels=52 clique_frac=0.01
t=836313ms iter=2471 REBUILD reject new_tc=60.9538 (was 60.1051)
t=836468ms iter=2471 incumb=60.1051 ratchet=60.2275 best=60.1043 since_improve=2198
t=836476ms iter=2472 WAIST cost=57.0000 best_alt=52.0000 gap=5.0000 tried=5 sep_labels=52 clique_frac=0.01
t=836648ms iter=2472 REBUILD reject new_tc=60.8351 (was 60.1051)
t=836803ms iter=2472 incumb=60.1051 ratchet=60.4234 best=60.1043 since_improve=2199
t=836812ms iter=2473 WAIST cost=57.0000 best_alt=51.0000 gap=6.0000 tried=5 sep_labels=51 clique_frac=0.01
t=836969ms iter=2473 REBUILD reject new_tc=61.3894 (was 60.1051)
t=837122ms iter=2473 incumb=60.1051 ratchet=60.2042 best=60.1043 since_improve=2200
t=837130ms iter=2474 WAIST cost=57.0000 best_alt=52.0000 gap=5.0000 tried=5 sep_labels=52 clique_frac=0.01
t=837301ms iter=2474 REBUILD reject new_tc=60.7340 (was 60.1051)
t=837461ms iter=2474 incumb=60.1051 ratchet=60.3176 best=60.1043 since_improve=2201
t=837471ms iter=2475 WAIST cost=57.0000 best_alt=51.0000 gap=6.0000 tried=5 sep_labels=51 clique_frac=0.01
t=837631ms iter=2475 REBUILD reject new_tc=77.0000 (was 60.1051)
t=837778ms iter=2475 incumb=60.1051 ratchet=60.1450 best=60.1043 since_improve=2202
t=837789ms iter=2476 WAIST cost=57.0000 best_alt=49.0000 gap=8.0000 tried=5 sep_labels=49 clique_frac=0.01
t=837942ms iter=2476 REBUILD reject new_tc=61.5464 (was 60.1051)
t=838104ms iter=2476 incumb=60.1051 ratchet=60.1985 best=60.1043 since_improve=2203
t=838112ms iter=2477 WAIST cost=57.0000 best_alt=52.0000 gap=5.0000 tried=5 sep_labels=52 clique_frac=0.01
t=838273ms iter=2477 REBUILD reject new_tc=72.0014 (was 60.1051)
t=838426ms iter=2477 incumb=60.1051 ratchet=60.2109 best=60.1043 since_improve=2204
t=838434ms iter=2478 WAIST cost=57.0000 best_alt=50.0000 gap=7.0000 tried=5 sep_labels=50 clique_frac=0.01
t=838583ms iter=2478 REBUILD reject new_tc=64.1022 (was 60.1051)
t=838741ms iter=2478 incumb=60.1051 ratchet=60.1976 best=60.1043 since_improve=2205
t=838749ms iter=2479 WAIST cost=57.0000 best_alt=52.0000 gap=5.0000 tried=5 sep_labels=52 clique_frac=0.01
t=838926ms iter=2479 REBUILD reject new_tc=60.7337 (was 60.1051)
t=839086ms iter=2479 incumb=60.1051 ratchet=60.3660 best=60.1043 since_improve=2206
t=839094ms iter=2480 WAIST cost=57.0000 best_alt=52.0000 gap=5.0000 tried=5 sep_labels=52 clique_frac=0.01
t=839268ms iter=2480 REBUILD reject new_tc=60.7925 (was 60.1051)
t=839423ms iter=2480 incumb=60.1051 ratchet=60.3451 best=60.1043 since_improve=2207
t=839429ms iter=2481 WAIST cost=57.0000 best_alt=51.0000 gap=6.0000 tried=5 sep_labels=51 clique_frac=0.01
t=839586ms iter=2481 REBUILD reject new_tc=61.3526 (was 60.1051)
t=839742ms iter=2481 incumb=60.1051 ratchet=60.2486 best=60.1043 since_improve=2208
t=839751ms iter=2482 WAIST cost=57.0000 best_alt=52.0000 gap=5.0000 tried=5 sep_labels=52 clique_frac=0.01
t=839929ms iter=2482 REBUILD reject new_tc=60.7282 (was 60.1051)
t=840089ms iter=2482 incumb=60.1051 ratchet=60.3855 best=60.1043 since_improve=2209
t=840098ms iter=2483 WAIST cost=57.0000 best_alt=52.0000 gap=5.0000 tried=5 sep_labels=52 clique_frac=0.01
t=840276ms iter=2483 REBUILD reject new_tc=60.9053 (was 60.1051)
t=840434ms iter=2483 incumb=60.1051 ratchet=60.2006 best=60.1043 since_improve=2210
t=840442ms iter=2484 WAIST cost=57.0000 best_alt=49.0000 gap=8.0000 tried=5 sep_labels=49 clique_frac=0.01
t=840597ms iter=2484 REBUILD reject new_tc=61.4699 (was 60.1051)
t=840752ms iter=2484 incumb=60.1051 ratchet=60.2503 best=60.1043 since_improve=2211
t=840762ms iter=2485 WAIST cost=57.0000 best_alt=52.0000 gap=5.0000 tried=5 sep_labels=52 clique_frac=0.01
t=840924ms iter=2485 REBUILD reject new_tc=73.0013 (was 60.1051)
t=841082ms iter=2485 incumb=60.1051 ratchet=60.2152 best=60.1043 since_improve=2212
t=841090ms iter=2486 WAIST cost=57.0000 best_alt=52.0000 gap=5.0000 tried=5 sep_labels=52 clique_frac=0.01
t=841264ms iter=2486 REBUILD reject new_tc=60.4539 (was 60.1051)
t=841417ms iter=2486 incumb=60.1051 ratchet=60.2808 best=60.1043 since_improve=2213
t=841425ms iter=2487 WAIST cost=57.0000 best_alt=52.0000 gap=5.0000 tried=5 sep_labels=52 clique_frac=0.01
t=841605ms iter=2487 REBUILD reject new_tc=60.5492 (was 60.1051)
t=841761ms iter=2487 incumb=60.1051 ratchet=60.3172 best=60.1043 since_improve=2214
t=841771ms iter=2488 WAIST cost=57.0000 best_alt=52.0000 gap=5.0000 tried=5 sep_labels=52 clique_frac=0.01
t=841940ms iter=2488 REBUILD reject new_tc=60.4753 (was 60.1051)
t=842098ms iter=2488 incumb=60.1051 ratchet=60.1383 best=60.1043 since_improve=2215
t=842105ms iter=2489 WAIST cost=57.0000 best_alt=52.0000 gap=5.0000 tried=5 sep_labels=52 clique_frac=0.01
t=842269ms iter=2489 REBUILD reject new_tc=61.0341 (was 60.1051)
t=842429ms iter=2489 incumb=60.1051 ratchet=60.9947 best=60.1043 since_improve=2216
t=842437ms iter=2490 WAIST cost=57.0000 best_alt=52.0000 gap=5.0000 tried=5 sep_labels=52 clique_frac=0.01
t=842606ms iter=2490 REBUILD reject new_tc=60.8178 (was 60.1051)
t=842762ms iter=2490 incumb=60.1051 ratchet=60.2335 best=60.1043 since_improve=2217
t=842770ms iter=2491 WAIST cost=57.0000 best_alt=50.0000 gap=7.0000 tried=5 sep_labels=50 clique_frac=0.01
t=842924ms iter=2491 REBUILD reject new_tc=61.7361 (was 60.1051)
t=843078ms iter=2491 incumb=60.1051 ratchet=60.1815 best=60.1043 since_improve=2218
t=843086ms iter=2492 WAIST cost=57.0000 best_alt=50.0000 gap=7.0000 tried=5 sep_labels=50 clique_frac=0.01
t=843239ms iter=2492 REBUILD reject new_tc=61.4778 (was 60.1051)
t=843395ms iter=2492 incumb=60.1051 ratchet=60.2138 best=60.1043 since_improve=2219
t=843403ms iter=2493 WAIST cost=57.0000 best_alt=52.0000 gap=5.0000 tried=5 sep_labels=52 clique_frac=0.01
t=843573ms iter=2493 REBUILD reject new_tc=60.8975 (was 60.1051)
t=843733ms iter=2493 incumb=60.1051 ratchet=60.2669 best=60.1043 since_improve=2220
t=843741ms iter=2494 WAIST cost=57.0000 best_alt=52.0000 gap=5.0000 tried=5 sep_labels=52 clique_frac=0.01
t=843916ms iter=2494 REBUILD reject new_tc=60.8555 (was 60.1051)
t=844072ms iter=2494 incumb=60.1051 ratchet=60.2779 best=60.1043 since_improve=2221
t=844080ms iter=2495 WAIST cost=57.0000 best_alt=51.0000 gap=6.0000 tried=5 sep_labels=51 clique_frac=0.01
t=844228ms iter=2495 REBUILD reject new_tc=61.2755 (was 60.1051)
t=844387ms iter=2495 incumb=60.1051 ratchet=60.1754 best=60.1043 since_improve=2222
t=844397ms iter=2496 WAIST cost=57.0000 best_alt=50.0000 gap=7.0000 tried=5 sep_labels=50 clique_frac=0.01
t=844539ms iter=2496 REBUILD reject new_tc=61.2664 (was 60.1051)
t=844693ms iter=2496 incumb=60.1051 ratchet=60.2411 best=60.1043 since_improve=2223
t=844701ms iter=2497 WAIST cost=57.0000 best_alt=50.0000 gap=7.0000 tried=5 sep_labels=50 clique_frac=0.01
t=844855ms iter=2497 REBUILD reject new_tc=60.9279 (was 60.1051)
t=845004ms iter=2497 incumb=60.1051 ratchet=60.3775 best=60.1043 since_improve=2224
t=845014ms iter=2498 WAIST cost=57.0000 best_alt=52.0000 gap=5.0000 tried=5 sep_labels=52 clique_frac=0.01
t=845186ms iter=2498 REBUILD reject new_tc=60.9609 (was 60.1051)
t=845341ms iter=2498 incumb=60.1051 ratchet=60.4051 best=60.1043 since_improve=2225
t=845349ms iter=2499 WAIST cost=57.0000 best_alt=52.0000 gap=5.0000 tried=5 sep_labels=52 clique_frac=0.01
t=845522ms iter=2499 REBUILD reject new_tc=60.9838 (was 60.1051)
t=845677ms iter=2499 incumb=60.1051 ratchet=60.4003 best=60.1043 since_improve=2226
t=845686ms iter=2500 WAIST cost=57.0000 best_alt=51.0000 gap=6.0000 tried=5 sep_labels=51 clique_frac=0.01
t=845845ms iter=2500 REBUILD reject new_tc=60.6766 (was 60.1051)
t=846000ms iter=2500 incumb=60.1051 ratchet=60.1676 best=60.1043 since_improve=2227
t=846009ms iter=2501 WAIST cost=57.0000 best_alt=51.0000 gap=6.0000 tried=5 sep_labels=51 clique_frac=0.01
t=846169ms iter=2501 REBUILD reject new_tc=61.6777 (was 60.1051)
t=846330ms iter=2501 incumb=60.1051 ratchet=60.6321 best=60.1043 since_improve=2228
t=846340ms iter=2502 WAIST cost=57.0000 best_alt=49.0000 gap=8.0000 tried=5 sep_labels=49 clique_frac=0.01
t=846495ms iter=2502 REBUILD reject new_tc=61.5129 (was 60.1051)
t=846646ms iter=2502 incumb=60.1051 ratchet=60.3672 best=60.1043 since_improve=2229
t=846655ms iter=2503 WAIST cost=57.0000 best_alt=52.0000 gap=5.0000 tried=5 sep_labels=52 clique_frac=0.01
t=846823ms iter=2503 REBUILD reject new_tc=61.4329 (was 60.1051)
t=846979ms iter=2503 incumb=60.1051 ratchet=60.1771 best=60.1043 since_improve=2230
t=846988ms iter=2504 WAIST cost=57.0000 best_alt=52.0000 gap=5.0000 tried=5 sep_labels=52 clique_frac=0.01
t=847163ms iter=2504 REBUILD reject new_tc=60.8653 (was 60.1051)
t=847316ms iter=2504 incumb=60.1051 ratchet=60.2146 best=60.1043 since_improve=2231
t=847325ms iter=2505 WAIST cost=57.0000 best_alt=52.0000 gap=5.0000 tried=5 sep_labels=52 clique_frac=0.01
t=847502ms iter=2505 REBUILD reject new_tc=60.7357 (was 60.1051)
t=847659ms iter=2505 incumb=60.1051 ratchet=60.3451 best=60.1043 since_improve=2232
t=847670ms iter=2506 WAIST cost=57.0000 best_alt=50.0000 gap=7.0000 tried=5 sep_labels=50 clique_frac=0.01
t=847819ms iter=2506 REBUILD reject new_tc=65.8073 (was 60.1051)
t=847976ms iter=2506 incumb=60.1051 ratchet=60.3649 best=60.1043 since_improve=2233
t=847985ms iter=2507 WAIST cost=57.0000 best_alt=51.0000 gap=6.0000 tried=5 sep_labels=51 clique_frac=0.01
t=848134ms iter=2507 REBUILD reject new_tc=61.4343 (was 60.1051)
t=848291ms iter=2507 incumb=60.1051 ratchet=60.1468 best=60.1043 since_improve=2234
t=848300ms iter=2508 WAIST cost=57.0000 best_alt=52.0000 gap=5.0000 tried=5 sep_labels=52 clique_frac=0.01
t=848467ms iter=2508 REBUILD reject new_tc=60.5975 (was 60.1051)
t=848617ms iter=2508 incumb=60.1051 ratchet=60.2240 best=60.1043 since_improve=2235
t=848625ms iter=2509 WAIST cost=57.0000 best_alt=52.0000 gap=5.0000 tried=5 sep_labels=52 clique_frac=0.01
t=848803ms iter=2509 REBUILD reject new_tc=60.3832 (was 60.1051)
t=848957ms iter=2509 incumb=60.1051 ratchet=60.4041 best=60.1043 since_improve=2236
t=848964ms iter=2510 WAIST cost=57.0000 best_alt=52.0000 gap=5.0000 tried=5 sep_labels=52 clique_frac=0.01
t=849141ms iter=2510 REBUILD reject new_tc=66.3209 (was 60.1051)
t=849297ms iter=2510 incumb=60.1051 ratchet=60.1849 best=60.1043 since_improve=2237
t=849305ms iter=2511 WAIST cost=57.0000 best_alt=52.0000 gap=5.0000 tried=5 sep_labels=52 clique_frac=0.01
t=849473ms iter=2511 REBUILD reject new_tc=61.0049 (was 60.1051)
t=849630ms iter=2511 incumb=60.1051 ratchet=60.2424 best=60.1043 since_improve=2238
t=849638ms iter=2512 WAIST cost=57.0000 best_alt=52.0000 gap=5.0000 tried=5 sep_labels=52 clique_frac=0.01
t=849803ms iter=2512 REBUILD reject new_tc=61.3494 (was 60.1051)
t=849963ms iter=2512 incumb=60.1051 ratchet=60.6525 best=60.1043 since_improve=2239
t=849971ms iter=2513 WAIST cost=57.0000 best_alt=52.0000 gap=5.0000 tried=5 sep_labels=52 clique_frac=0.01
t=850145ms iter=2513 REBUILD reject new_tc=60.3216 (was 60.1051)
t=850295ms iter=2513 incumb=60.1051 ratchet=60.4382 best=60.1043 since_improve=2240
t=850304ms iter=2514 WAIST cost=57.0000 best_alt=51.0000 gap=6.0000 tried=5 sep_labels=51 clique_frac=0.01
t=850459ms iter=2514 REBUILD reject new_tc=61.5401 (was 60.1051)
t=850618ms iter=2514 incumb=60.1051 ratchet=60.2373 best=60.1043 since_improve=2241
t=850626ms iter=2515 WAIST cost=57.0000 best_alt=52.0000 gap=5.0000 tried=5 sep_labels=52 clique_frac=0.01
t=850797ms iter=2515 REBUILD reject new_tc=60.7778 (was 60.1051)
t=850953ms iter=2515 incumb=60.1051 ratchet=60.1633 best=60.1043 since_improve=2242
t=850963ms iter=2516 WAIST cost=57.0000 best_alt=50.0000 gap=7.0000 tried=5 sep_labels=50 clique_frac=0.01
t=851114ms iter=2516 REBUILD reject new_tc=61.4580 (was 60.1051)
t=851270ms iter=2516 incumb=60.1051 ratchet=60.1377 best=60.1043 since_improve=2243
t=851279ms iter=2517 WAIST cost=57.0000 best_alt=52.0000 gap=5.0000 tried=5 sep_labels=52 clique_frac=0.01
t=851453ms iter=2517 REBUILD reject new_tc=61.0262 (was 60.1051)
t=851604ms iter=2517 incumb=60.1051 ratchet=60.1740 best=60.1043 since_improve=2244
t=851612ms iter=2518 WAIST cost=57.0000 best_alt=50.0000 gap=7.0000 tried=5 sep_labels=50 clique_frac=0.01
t=851762ms iter=2518 REBUILD reject new_tc=61.8432 (was 60.1051)
t=851914ms iter=2518 incumb=60.1051 ratchet=60.1495 best=60.1043 since_improve=2245
t=851923ms iter=2519 WAIST cost=57.0000 best_alt=51.0000 gap=6.0000 tried=5 sep_labels=51 clique_frac=0.01
t=852075ms iter=2519 REBUILD reject new_tc=61.4385 (was 60.1051)
t=852229ms iter=2519 incumb=60.1051 ratchet=60.1300 best=60.1043 since_improve=2246
t=852236ms iter=2520 WAIST cost=57.0000 best_alt=52.0000 gap=5.0000 tried=5 sep_labels=52 clique_frac=0.01
t=852410ms iter=2520 REBUILD reject new_tc=61.0970 (was 60.1051)
t=852565ms iter=2520 incumb=60.1051 ratchet=60.3025 best=60.1043 since_improve=2247
t=852573ms iter=2521 WAIST cost=57.0000 best_alt=52.0000 gap=5.0000 tried=5 sep_labels=52 clique_frac=0.01
t=852745ms iter=2521 REBUILD reject new_tc=61.6026 (was 60.1051)
t=852895ms iter=2521 incumb=60.1051 ratchet=60.1711 best=60.1043 since_improve=2248
t=852904ms iter=2522 WAIST cost=57.0000 best_alt=51.0000 gap=6.0000 tried=5 sep_labels=51 clique_frac=0.01
t=853060ms iter=2522 REBUILD reject new_tc=61.7298 (was 60.1051)
t=853211ms iter=2522 incumb=60.1051 ratchet=60.1820 best=60.1043 since_improve=2249
t=853221ms iter=2523 WAIST cost=57.0000 best_alt=50.0000 gap=7.0000 tried=5 sep_labels=50 clique_frac=0.01
t=853369ms iter=2523 REBUILD reject new_tc=66.2899 (was 60.1051)
t=853524ms iter=2523 incumb=60.1051 ratchet=60.4243 best=60.1043 since_improve=2250
t=853531ms iter=2524 WAIST cost=57.0000 best_alt=51.0000 gap=6.0000 tried=5 sep_labels=51 clique_frac=0.01
t=853700ms iter=2524 REBUILD reject new_tc=61.3436 (was 60.1051)
t=853853ms iter=2524 incumb=60.1051 ratchet=60.1380 best=60.1043 since_improve=2251
t=853861ms iter=2525 WAIST cost=57.0000 best_alt=52.0000 gap=5.0000 tried=5 sep_labels=52 clique_frac=0.01
t=854034ms iter=2525 REBUILD reject new_tc=60.7579 (was 60.1051)
t=854189ms iter=2525 incumb=60.1051 ratchet=60.2040 best=60.1043 since_improve=2252
t=854198ms iter=2526 WAIST cost=57.0000 best_alt=51.0000 gap=6.0000 tried=5 sep_labels=51 clique_frac=0.01
t=854356ms iter=2526 REBUILD reject new_tc=73.0034 (was 60.1051)
t=854512ms iter=2526 incumb=60.1051 ratchet=60.2527 best=60.1043 since_improve=2253
t=854521ms iter=2527 WAIST cost=57.0000 best_alt=52.0000 gap=5.0000 tried=5 sep_labels=52 clique_frac=0.01
t=854689ms iter=2527 REBUILD reject new_tc=60.7913 (was 60.1051)
t=854844ms iter=2527 incumb=60.1051 ratchet=60.2884 best=60.1043 since_improve=2254
t=854853ms iter=2528 WAIST cost=57.0000 best_alt=52.0000 gap=5.0000 tried=5 sep_labels=52 clique_frac=0.01
t=855023ms iter=2528 REBUILD reject new_tc=61.6616 (was 60.1051)
t=855180ms iter=2528 incumb=60.1051 ratchet=60.2136 best=60.1043 since_improve=2255
t=855188ms iter=2529 WAIST cost=57.0000 best_alt=52.0000 gap=5.0000 tried=5 sep_labels=52 clique_frac=0.01
t=855360ms iter=2529 REBUILD reject new_tc=60.6432 (was 60.1051)
t=855514ms iter=2529 incumb=60.1051 ratchet=60.1546 best=60.1043 since_improve=2256
t=855524ms iter=2530 WAIST cost=57.0000 best_alt=52.0000 gap=5.0000 tried=5 sep_labels=52 clique_frac=0.01
t=855698ms iter=2530 REBUILD reject new_tc=60.8639 (was 60.1051)
t=855855ms iter=2530 incumb=60.1051 ratchet=60.2817 best=60.1043 since_improve=2257
t=855863ms iter=2531 WAIST cost=57.0000 best_alt=51.0000 gap=6.0000 tried=5 sep_labels=51 clique_frac=0.01
t=856016ms iter=2531 REBUILD reject new_tc=61.6184 (was 60.1051)
t=856173ms iter=2531 incumb=60.1051 ratchet=60.3982 best=60.1043 since_improve=2258
t=856181ms iter=2532 WAIST cost=57.0000 best_alt=52.0000 gap=5.0000 tried=5 sep_labels=52 clique_frac=0.01
t=856355ms iter=2532 REBUILD reject new_tc=61.6441 (was 60.1051)
t=856513ms iter=2532 incumb=60.1051 ratchet=60.2830 best=60.1043 since_improve=2259
t=856521ms iter=2533 WAIST cost=57.0000 best_alt=51.0000 gap=6.0000 tried=5 sep_labels=51 clique_frac=0.01
t=856678ms iter=2533 REBUILD reject new_tc=61.4040 (was 60.1051)
t=856832ms iter=2533 incumb=60.1051 ratchet=60.1840 best=60.1043 since_improve=2260
t=856841ms iter=2534 WAIST cost=57.0000 best_alt=52.0000 gap=5.0000 tried=5 sep_labels=52 clique_frac=0.01
t=857016ms iter=2534 REBUILD reject new_tc=60.9379 (was 60.1051)
t=857173ms iter=2534 incumb=60.1051 ratchet=60.2346 best=60.1043 since_improve=2261
t=857183ms iter=2535 WAIST cost=57.0000 best_alt=51.0000 gap=6.0000 tried=5 sep_labels=51 clique_frac=0.01
t=857341ms iter=2535 REBUILD reject new_tc=61.6828 (was 60.1051)
t=857496ms iter=2535 incumb=60.1051 ratchet=60.3268 best=60.1043 since_improve=2262
t=857505ms iter=2536 WAIST cost=57.0000 best_alt=49.0000 gap=8.0000 tried=5 sep_labels=49 clique_frac=0.01
t=857646ms iter=2536 REBUILD reject new_tc=75.0014 (was 60.1051)
t=857809ms iter=2536 incumb=60.1051 ratchet=60.3777 best=60.1043 since_improve=2263
t=857817ms iter=2537 WAIST cost=57.0000 best_alt=52.0000 gap=5.0000 tried=5 sep_labels=52 clique_frac=0.01
t=857987ms iter=2537 REBUILD reject new_tc=61.9592 (was 60.1051)
t=858148ms iter=2537 incumb=60.1051 ratchet=60.1835 best=60.1043 since_improve=2264
t=858155ms iter=2538 WAIST cost=57.0000 best_alt=52.0000 gap=5.0000 tried=5 sep_labels=52 clique_frac=0.01
t=858326ms iter=2538 REBUILD reject new_tc=61.0546 (was 60.1051)
t=858481ms iter=2538 incumb=60.1051 ratchet=60.4434 best=60.1043 since_improve=2265
t=858490ms iter=2539 WAIST cost=57.0000 best_alt=52.0000 gap=5.0000 tried=5 sep_labels=52 clique_frac=0.01
t=858664ms iter=2539 REBUILD reject new_tc=66.4404 (was 60.1051)
t=858821ms iter=2539 incumb=60.1051 ratchet=60.5069 best=60.1043 since_improve=2266
t=858828ms iter=2540 WAIST cost=57.0000 best_alt=52.0000 gap=5.0000 tried=5 sep_labels=52 clique_frac=0.01
t=859001ms iter=2540 REBUILD reject new_tc=61.1000 (was 60.1051)
t=859152ms iter=2540 incumb=60.1051 ratchet=60.1434 best=60.1043 since_improve=2267
t=859161ms iter=2541 WAIST cost=57.0000 best_alt=52.0000 gap=5.0000 tried=5 sep_labels=52 clique_frac=0.01
t=859333ms iter=2541 REBUILD reject new_tc=60.9116 (was 60.1051)
t=859489ms iter=2541 incumb=60.1051 ratchet=60.1727 best=60.1043 since_improve=2268
t=859498ms iter=2542 WAIST cost=57.0000 best_alt=51.0000 gap=6.0000 tried=5 sep_labels=51 clique_frac=0.01
t=859661ms iter=2542 REBUILD reject new_tc=73.0307 (was 60.1051)
t=859815ms iter=2542 incumb=60.1051 ratchet=60.3504 best=60.1043 since_improve=2269
t=859823ms iter=2543 WAIST cost=57.0000 best_alt=49.0000 gap=8.0000 tried=5 sep_labels=49 clique_frac=0.01
t=859967ms iter=2543 REBUILD reject new_tc=65.1419 (was 60.1051)
t=860122ms iter=2543 incumb=60.1051 ratchet=60.4076 best=60.1043 since_improve=2270
t=860130ms iter=2544 WAIST cost=57.0000 best_alt=52.0000 gap=5.0000 tried=5 sep_labels=52 clique_frac=0.01
t=860303ms iter=2544 REBUILD reject new_tc=60.8371 (was 60.1051)
t=860461ms iter=2544 incumb=60.1051 ratchet=60.4283 best=60.1043 since_improve=2271
t=860470ms iter=2545 WAIST cost=57.0000 best_alt=50.0000 gap=7.0000 tried=5 sep_labels=50 clique_frac=0.01
t=860625ms iter=2545 REBUILD reject new_tc=60.8951 (was 60.1051)
t=860782ms iter=2545 incumb=60.1051 ratchet=60.4133 best=60.1043 since_improve=2272
t=860789ms iter=2546 WAIST cost=57.0000 best_alt=52.0000 gap=5.0000 tried=5 sep_labels=52 clique_frac=0.01
t=860957ms iter=2546 REBUILD reject new_tc=64.7851 (was 60.1051)
t=861102ms iter=2546 incumb=60.1051 ratchet=60.2905 best=60.1043 since_improve=2273
t=861112ms iter=2547 WAIST cost=57.0000 best_alt=52.0000 gap=5.0000 tried=5 sep_labels=52 clique_frac=0.01
t=861289ms iter=2547 REBUILD reject new_tc=61.0016 (was 60.1051)
t=861445ms iter=2547 incumb=60.1051 ratchet=60.2112 best=60.1043 since_improve=2274
t=861456ms iter=2548 WAIST cost=57.0000 best_alt=49.0000 gap=8.0000 tried=5 sep_labels=49 clique_frac=0.01
t=861604ms iter=2548 REBUILD reject new_tc=61.4285 (was 60.1051)
t=861757ms iter=2548 incumb=60.1051 ratchet=60.4758 best=60.1043 since_improve=2275
t=861764ms iter=2549 WAIST cost=57.0000 best_alt=52.0000 gap=5.0000 tried=5 sep_labels=52 clique_frac=0.01
t=861939ms iter=2549 REBUILD reject new_tc=60.5651 (was 60.1051)
t=862095ms iter=2549 incumb=60.1051 ratchet=60.4592 best=60.1043 since_improve=2276
t=862104ms iter=2550 WAIST cost=57.0000 best_alt=49.0000 gap=8.0000 tried=5 sep_labels=49 clique_frac=0.01
t=862251ms iter=2550 REBUILD reject new_tc=61.7635 (was 60.1051)
t=862404ms iter=2550 incumb=60.1051 ratchet=60.1999 best=60.1043 since_improve=2277
t=862415ms iter=2551 WAIST cost=57.0000 best_alt=52.0000 gap=5.0000 tried=5 sep_labels=52 clique_frac=0.01
t=862593ms iter=2551 REBUILD reject new_tc=61.0490 (was 60.1051)
t=862748ms iter=2551 incumb=60.1051 ratchet=60.3864 best=60.1043 since_improve=2278
t=862755ms iter=2552 WAIST cost=57.0000 best_alt=52.0000 gap=5.0000 tried=5 sep_labels=52 clique_frac=0.01
t=862931ms iter=2552 REBUILD reject new_tc=61.4336 (was 60.1051)
t=863101ms iter=2552 incumb=60.1051 ratchet=60.3445 best=60.1043 since_improve=2279
t=863111ms iter=2553 WAIST cost=57.0000 best_alt=52.0000 gap=5.0000 tried=5 sep_labels=52 clique_frac=0.01
t=863284ms iter=2553 REBUILD reject new_tc=60.5535 (was 60.1051)
t=863441ms iter=2553 incumb=60.1051 ratchet=60.4730 best=60.1043 since_improve=2280
t=863448ms iter=2554 WAIST cost=57.0000 best_alt=49.0000 gap=8.0000 tried=5 sep_labels=49 clique_frac=0.01
t=863589ms iter=2554 REBUILD reject new_tc=76.0006 (was 60.1051)
t=863742ms iter=2554 incumb=60.1051 ratchet=60.1936 best=60.1043 since_improve=2281
t=863751ms iter=2555 WAIST cost=57.0000 best_alt=52.0000 gap=5.0000 tried=5 sep_labels=52 clique_frac=0.01
t=863919ms iter=2555 REBUILD reject new_tc=68.5993 (was 60.1051)
t=864073ms iter=2555 incumb=60.1051 ratchet=60.1887 best=60.1043 since_improve=2282
t=864082ms iter=2556 WAIST cost=57.0000 best_alt=51.0000 gap=6.0000 tried=5 sep_labels=51 clique_frac=0.01
t=864256ms iter=2556 REBUILD reject new_tc=61.1908 (was 60.1051)
t=864413ms iter=2556 incumb=60.1051 ratchet=60.3464 best=60.1043 since_improve=2283
t=864423ms iter=2557 WAIST cost=57.0000 best_alt=49.0000 gap=8.0000 tried=5 sep_labels=49 clique_frac=0.01
t=864578ms iter=2557 REBUILD reject new_tc=61.4107 (was 60.1051)
t=864739ms iter=2557 incumb=60.1051 ratchet=60.3324 best=60.1043 since_improve=2284
t=864747ms iter=2558 WAIST cost=57.0000 best_alt=49.0000 gap=8.0000 tried=5 sep_labels=49 clique_frac=0.01
t=864895ms iter=2558 REBUILD reject new_tc=61.5749 (was 60.1051)
t=865052ms iter=2558 incumb=60.1051 ratchet=60.1847 best=60.1043 since_improve=2285
t=865062ms iter=2559 WAIST cost=57.0000 best_alt=51.0000 gap=6.0000 tried=5 sep_labels=51 clique_frac=0.01
t=865216ms iter=2559 REBUILD reject new_tc=61.5345 (was 60.1051)
t=865371ms iter=2559 incumb=60.1051 ratchet=60.2444 best=60.1043 since_improve=2286
t=865380ms iter=2560 WAIST cost=57.0000 best_alt=52.0000 gap=5.0000 tried=5 sep_labels=52 clique_frac=0.01
t=865586ms iter=2560 REBUILD reject new_tc=73.9984 (was 60.1051)
t=865740ms iter=2560 incumb=60.1051 ratchet=60.1871 best=60.1043 since_improve=2287
t=865749ms iter=2561 WAIST cost=57.0000 best_alt=52.0000 gap=5.0000 tried=5 sep_labels=52 clique_frac=0.01
t=865926ms iter=2561 REBUILD reject new_tc=60.6702 (was 60.1051)
t=866083ms iter=2561 incumb=60.1051 ratchet=60.1296 best=60.1043 since_improve=2288
t=866093ms iter=2562 WAIST cost=57.0000 best_alt=52.0000 gap=5.0000 tried=5 sep_labels=52 clique_frac=0.01
t=866262ms iter=2562 REBUILD reject new_tc=66.3856 (was 60.1051)
t=866417ms iter=2562 incumb=60.1051 ratchet=60.2163 best=60.1043 since_improve=2289
t=866424ms iter=2563 WAIST cost=57.0000 best_alt=51.0000 gap=6.0000 tried=5 sep_labels=51 clique_frac=0.01
t=866579ms iter=2563 REBUILD reject new_tc=61.3830 (was 60.1051)
t=866740ms iter=2563 incumb=60.1051 ratchet=60.3972 best=60.1043 since_improve=2290
t=866750ms iter=2564 WAIST cost=57.0000 best_alt=52.0000 gap=5.0000 tried=5 sep_labels=52 clique_frac=0.01
t=866926ms iter=2564 REBUILD reject new_tc=60.7710 (was 60.1051)
t=867079ms iter=2564 incumb=60.1051 ratchet=60.1797 best=60.1043 since_improve=2291
t=867086ms iter=2565 WAIST cost=57.0000 best_alt=52.0000 gap=5.0000 tried=5 sep_labels=52 clique_frac=0.01
t=867254ms iter=2565 REBUILD reject new_tc=61.4262 (was 60.1051)
t=867408ms iter=2565 incumb=60.1051 ratchet=60.2611 best=60.1043 since_improve=2292
t=867416ms iter=2566 WAIST cost=57.0000 best_alt=52.0000 gap=5.0000 tried=5 sep_labels=52 clique_frac=0.01
t=867585ms iter=2566 REBUILD reject new_tc=60.7793 (was 60.1051)
t=867733ms iter=2566 incumb=60.1051 ratchet=61.2929 best=60.1043 since_improve=2293
t=867741ms iter=2567 WAIST cost=57.0000 best_alt=52.0000 gap=5.0000 tried=5 sep_labels=52 clique_frac=0.01
t=867908ms iter=2567 REBUILD reject new_tc=60.6198 (was 60.1051)
t=868063ms iter=2567 incumb=60.1051 ratchet=60.1663 best=60.1043 since_improve=2294
t=868071ms iter=2568 WAIST cost=57.0000 best_alt=49.0000 gap=8.0000 tried=5 sep_labels=49 clique_frac=0.01
t=868225ms iter=2568 REBUILD reject new_tc=61.5856 (was 60.1051)
t=868377ms iter=2568 incumb=60.1051 ratchet=60.1157 best=60.1043 since_improve=2295
t=868385ms iter=2569 WAIST cost=57.0000 best_alt=52.0000 gap=5.0000 tried=5 sep_labels=52 clique_frac=0.01
t=868563ms iter=2569 REBUILD reject new_tc=60.8821 (was 60.1051)
t=868719ms iter=2569 incumb=60.1051 ratchet=60.4654 best=60.1043 since_improve=2296
t=868728ms iter=2570 WAIST cost=57.0000 best_alt=52.0000 gap=5.0000 tried=5 sep_labels=52 clique_frac=0.01
t=868904ms iter=2570 REBUILD reject new_tc=60.8215 (was 60.1051)
t=869065ms iter=2570 incumb=60.1051 ratchet=60.2139 best=60.1043 since_improve=2297
t=869073ms iter=2571 WAIST cost=57.0000 best_alt=50.0000 gap=7.0000 tried=5 sep_labels=50 clique_frac=0.01
t=869227ms iter=2571 REBUILD reject new_tc=61.3383 (was 60.1051)
t=869382ms iter=2571 incumb=60.1051 ratchet=60.3429 best=60.1043 since_improve=2298
t=869389ms iter=2572 WAIST cost=57.0000 best_alt=52.0000 gap=5.0000 tried=5 sep_labels=52 clique_frac=0.01
t=869543ms iter=2572 REBUILD reject new_tc=75.0115 (was 60.1051)
t=869703ms iter=2572 incumb=60.1051 ratchet=60.6138 best=60.1043 since_improve=2299
t=869711ms iter=2573 WAIST cost=57.0000 best_alt=52.0000 gap=5.0000 tried=5 sep_labels=52 clique_frac=0.01
t=869886ms iter=2573 REBUILD reject new_tc=60.8230 (was 60.1051)
t=870038ms iter=2573 incumb=60.1051 ratchet=60.2420 best=60.1043 since_improve=2300
t=870047ms iter=2574 WAIST cost=57.0000 best_alt=52.0000 gap=5.0000 tried=5 sep_labels=52 clique_frac=0.01
t=870213ms iter=2574 REBUILD reject new_tc=63.3819 (was 60.1051)
t=870368ms iter=2574 incumb=60.1051 ratchet=60.2484 best=60.1043 since_improve=2301
t=870376ms iter=2575 WAIST cost=57.0000 best_alt=52.0000 gap=5.0000 tried=5 sep_labels=52 clique_frac=0.01
t=870538ms iter=2575 REBUILD reject new_tc=74.0002 (was 60.1051)
t=870693ms iter=2575 incumb=60.1051 ratchet=60.2635 best=60.1043 since_improve=2302
t=870699ms iter=2576 WAIST cost=57.0000 best_alt=52.0000 gap=5.0000 tried=5 sep_labels=52 clique_frac=0.01
t=870869ms iter=2576 REBUILD reject new_tc=60.5173 (was 60.1051)
t=871027ms iter=2576 incumb=60.1051 ratchet=60.5131 best=60.1043 since_improve=2303
t=871036ms iter=2577 WAIST cost=57.0000 best_alt=52.0000 gap=5.0000 tried=5 sep_labels=52 clique_frac=0.01
t=871204ms iter=2577 REBUILD reject new_tc=60.8538 (was 60.1051)
t=871352ms iter=2577 incumb=60.1051 ratchet=60.2735 best=60.1043 since_improve=2304
t=871361ms iter=2578 WAIST cost=57.0000 best_alt=51.0000 gap=6.0000 tried=5 sep_labels=51 clique_frac=0.01
t=871513ms iter=2578 REBUILD reject new_tc=61.1571 (was 60.1051)
t=871666ms iter=2578 incumb=60.1051 ratchet=60.1825 best=60.1043 since_improve=2305
t=871674ms iter=2579 WAIST cost=57.0000 best_alt=52.0000 gap=5.0000 tried=5 sep_labels=52 clique_frac=0.01
t=871846ms iter=2579 REBUILD reject new_tc=60.9069 (was 60.1051)
t=872004ms iter=2579 incumb=60.1051 ratchet=60.2820 best=60.1043 since_improve=2306
t=872011ms iter=2580 WAIST cost=57.0000 best_alt=52.0000 gap=5.0000 tried=5 sep_labels=52 clique_frac=0.01
t=872178ms iter=2580 REBUILD reject new_tc=64.8115 (was 60.1051)
t=872334ms iter=2580 incumb=60.1051 ratchet=60.2096 best=60.1043 since_improve=2307
t=872343ms iter=2581 WAIST cost=57.0000 best_alt=52.0000 gap=5.0000 tried=5 sep_labels=52 clique_frac=0.01
t=872513ms iter=2581 REBUILD reject new_tc=60.8690 (was 60.1051)
t=872672ms iter=2581 incumb=60.1051 ratchet=60.3211 best=60.1043 since_improve=2308
t=872680ms iter=2582 WAIST cost=57.0000 best_alt=52.0000 gap=5.0000 tried=5 sep_labels=52 clique_frac=0.01
t=872852ms iter=2582 REBUILD reject new_tc=60.9659 (was 60.1051)
t=873001ms iter=2582 incumb=60.1051 ratchet=60.2046 best=60.1043 since_improve=2309
t_final=873205ms tc_reduced=60.1043 tc_full=60.8976 leaves=3369
surgery summary: calls=2582 cheaper_cuts=2582 rebuild_accepts=1 waist_min_hits=0
