probe: instance=surfacecode_d9 n_orig=403 n=113 fusible=0.7196 nlabels=126 t=3ms
seed_greedy tc=23.1671 t=501ms
t=511ms iter=1 WAIST cost=19.0000 best_alt=13.0000 gap=6.0000 tried=5 sep_labels=13 clique_frac=0.03
t=537ms iter=1 REBUILD ACCEPT new_tc=21.9537 (was 22.0436)
t=559ms iter=1 incumb=21.9537 ratchet=21.7726 best=21.7658 since_improve=0
t=561ms iter=2 WAIST cost=19.0000 best_alt=15.0000 gap=4.0000 tried=5 sep_labels=15 clique_frac=0.02
t=580ms iter=2 REBUILD reject new_tc=21.8773 (was 21.7726)
t=600ms iter=2 incumb=21.7726 ratchet=21.8296 best=21.7658 since_improve=1
t=602ms iter=3 WAIST cost=19.0000 best_alt=15.0000 gap=4.0000 tried=5 sep_labels=15 clique_frac=0.02
t=621ms iter=3 REBUILD reject new_tc=21.8572 (was 21.7726)
t=641ms iter=3 incumb=21.7726 ratchet=21.7669 best=21.7658 since_improve=0
t=643ms iter=4 WAIST cost=19.0000 best_alt=15.0000 gap=4.0000 tried=5 sep_labels=15 clique_frac=0.08
t=662ms iter=4 REBUILD reject new_tc=22.1054 (was 21.7669)
t=683ms iter=4 incumb=21.7669 ratchet=21.8064 best=21.7658 since_improve=1
t=685ms iter=5 WAIST cost=19.0000 best_alt=15.0000 gap=4.0000 tried=5 sep_labels=15 clique_frac=0.08
t=704ms iter=5 REBUILD reject new_tc=21.8084 (was 21.7669)
t=733ms iter=5 incumb=21.7669 ratchet=21.7653 best=21.7528 since_improve=0
t=734ms iter=6 WAIST cost=19.0000 best_alt=16.0000 gap=3.0000 tried=5 sep_labels=16 clique_frac=0.09
t=753ms iter=6 REBUILD reject new_tc=21.7985 (was 21.7653)
t=773ms iter=6 incumb=21.7653 ratchet=21.8062 best=21.7528 since_improve=1
t=775ms iter=7 WAIST cost=19.0000 best_alt=15.0000 gap=4.0000 tried=5 sep_labels=15 clique_frac=0.05
t=794ms iter=7 REBUILD reject new_tc=21.7819 (was 21.7653)
t=815ms iter=7 incumb=21.7653 ratchet=21.7724 best=21.7528 since_improve=2
t=817ms iter=8 WAIST cost=19.0000 best_alt=15.0000 gap=4.0000 tried=5 sep_labels=15 clique_frac=0.05
t=836ms iter=8 REBUILD reject new_tc=22.1146 (was 21.7653)
t=857ms iter=8 incumb=21.7653 ratchet=21.7940 best=21.7528 since_improve=3
t=858ms iter=9 WAIST cost=19.0000 best_alt=15.0000 gap=4.0000 tried=5 sep_labels=15 clique_frac=0.08
t=877ms iter=9 REBUILD reject new_tc=22.0978 (was 21.7653)
t=898ms iter=9 incumb=21.7653 ratchet=21.8572 best=21.7528 since_improve=4
t=899ms iter=10 WAIST cost=19.0000 best_alt=16.0000 gap=3.0000 tried=5 sep_labels=16 clique_frac=0.09
t=918ms iter=10 REBUILD reject new_tc=22.0194 (was 21.7653)
t=939ms iter=10 incumb=21.7653 ratchet=21.8305 best=21.7528 since_improve=5
t=940ms iter=11 WAIST cost=19.0000 best_alt=15.0000 gap=4.0000 tried=5 sep_labels=15 clique_frac=0.06
t=959ms iter=11 REBUILD reject new_tc=21.7796 (was 21.7653)
t=980ms iter=11 incumb=21.7653 ratchet=21.8576 best=21.7528 since_improve=6
t=981ms iter=12 WAIST cost=19.0000 best_alt=16.0000 gap=3.0000 tried=5 sep_labels=16 clique_frac=0.09
t=1000ms iter=12 REBUILD reject new_tc=22.4211 (was 21.7653)
t=1021ms iter=12 incumb=21.7653 ratchet=21.8693 best=21.7528 since_improve=7
t=1022ms iter=13 WAIST cost=19.0000 best_alt=15.0000 gap=4.0000 tried=5 sep_labels=15 clique_frac=0.05
t=1042ms iter=13 REBUILD reject new_tc=22.0767 (was 21.7653)
t=1069ms iter=13 incumb=21.7653 ratchet=21.7399 best=21.7399 since_improve=0
t=1071ms iter=14 WAIST cost=19.0000 best_alt=15.0000 gap=4.0000 tried=5 sep_labels=15 clique_frac=0.08
t=1091ms iter=14 REBUILD reject new_tc=21.8967 (was 21.7399)
t=1111ms iter=14 incumb=21.7399 ratchet=21.8975 best=21.7399 since_improve=1
t=1113ms iter=15 WAIST cost=19.0000 best_alt=15.0000 gap=4.0000 tried=5 sep_labels=15 clique_frac=0.02
t=1132ms iter=15 REBUILD reject new_tc=22.4674 (was 21.7399)
t=1152ms iter=15 incumb=21.7399 ratchet=22.0993 best=21.7399 since_improve=2
t=1154ms iter=16 WAIST cost=19.0000 best_alt=15.0000 gap=4.0000 tried=5 sep_labels=15 clique_frac=0.08
t=1174ms iter=16 REBUILD reject new_tc=21.8644 (was 21.7399)
t=1194ms iter=16 incumb=21.7399 ratchet=21.7672 best=21.7399 since_improve=3
t=1196ms iter=17 WAIST cost=19.0000 best_alt=15.0000 gap=4.0000 tried=5 sep_labels=15 clique_frac=0.08
t=1215ms iter=17 REBUILD reject new_tc=21.8147 (was 21.7399)
t=1236ms iter=17 incumb=21.7399 ratchet=21.7559 best=21.7399 since_improve=4
t=1237ms iter=18 WAIST cost=19.0000 best_alt=16.0000 gap=3.0000 tried=5 sep_labels=16 clique_frac=0.06
t=1251ms iter=18 REBUILD reject new_tc=22.5323 (was 21.7399)
t=1272ms iter=18 incumb=21.7399 ratchet=21.7673 best=21.7399 since_improve=5
t=1273ms iter=19 WAIST cost=19.0000 best_alt=16.0000 gap=3.0000 tried=5 sep_labels=16 clique_frac=0.06
t=1287ms iter=19 REBUILD reject new_tc=22.1926 (was 21.7399)
t=1317ms iter=19 incumb=21.7399 ratchet=21.7802 best=21.7392 since_improve=6
t=1318ms iter=20 WAIST cost=19.0000 best_alt=15.0000 gap=4.0000 tried=5 sep_labels=15 clique_frac=0.05
t=1338ms iter=20 REBUILD reject new_tc=22.1436 (was 21.7399)
t=1359ms iter=20 incumb=21.7399 ratchet=21.8956 best=21.7392 since_improve=7
t=1360ms iter=21 WAIST cost=19.0000 best_alt=16.0000 gap=3.0000 tried=5 sep_labels=16 clique_frac=0.06
t=1374ms iter=21 REBUILD reject new_tc=21.8195 (was 21.7399)
t=1395ms iter=21 incumb=21.7399 ratchet=21.9086 best=21.7392 since_improve=8
t=1397ms iter=22 WAIST cost=19.0000 best_alt=15.0000 gap=4.0000 tried=5 sep_labels=15 clique_frac=0.10
t=1416ms iter=22 REBUILD reject new_tc=21.8314 (was 21.7399)
t=1437ms iter=22 incumb=21.7399 ratchet=21.9220 best=21.7392 since_improve=9
t=1438ms iter=23 WAIST cost=19.0000 best_alt=15.0000 gap=4.0000 tried=5 sep_labels=15 clique_frac=0.05
t=1458ms iter=23 REBUILD reject new_tc=21.9974 (was 21.7399)
t=1478ms iter=23 incumb=21.7399 ratchet=21.7573 best=21.7392 since_improve=10
t=1480ms iter=24 WAIST cost=19.0000 best_alt=15.0000 gap=4.0000 tried=5 sep_labels=15 clique_frac=0.02
t=1499ms iter=24 REBUILD reject new_tc=21.8191 (was 21.7399)
t=1527ms iter=24 incumb=21.7399 ratchet=21.7548 best=21.7389 since_improve=11
t=1528ms iter=25 WAIST cost=19.0000 best_alt=16.0000 gap=3.0000 tried=5 sep_labels=16 clique_frac=0.06
t=1542ms iter=25 REBUILD reject new_tc=21.8559 (was 21.7399)
t=1563ms iter=25 incumb=21.7399 ratchet=21.8929 best=21.7389 since_improve=12
t=1565ms iter=26 WAIST cost=19.0000 best_alt=15.0000 gap=4.0000 tried=5 sep_labels=15 clique_frac=0.05
t=1584ms iter=26 REBUILD reject new_tc=22.1394 (was 21.7399)
t=1606ms iter=26 incumb=21.7399 ratchet=21.7676 best=21.7389 since_improve=13
t=1607ms iter=27 WAIST cost=19.0000 best_alt=15.0000 gap=4.0000 tried=5 sep_labels=15 clique_frac=0.07
t=1627ms iter=27 REBUILD reject new_tc=22.2319 (was 21.7399)
t=1647ms iter=27 incumb=21.7399 ratchet=21.8852 best=21.7389 since_improve=14
t=1649ms iter=28 WAIST cost=19.0000 best_alt=15.0000 gap=4.0000 tried=5 sep_labels=15 clique_frac=0.05
t=1669ms iter=28 REBUILD reject new_tc=22.0292 (was 21.7399)
t=1690ms iter=28 incumb=21.7399 ratchet=21.7840 best=21.7389 since_improve=15
t=1691ms iter=29 WAIST cost=19.0000 best_alt=15.0000 gap=4.0000 tried=5 sep_labels=15 clique_frac=0.02
t=1710ms iter=29 REBUILD reject new_tc=22.2843 (was 21.7399)
t=1731ms iter=29 incumb=21.7399 ratchet=21.8445 best=21.7389 since_improve=16
t=1732ms iter=30 WAIST cost=19.0000 best_alt=15.0000 gap=4.0000 tried=5 sep_labels=15 clique_frac=0.08
t=1752ms iter=30 REBUILD reject new_tc=21.8970 (was 21.7399)
t=1779ms iter=30 incumb=21.7399 ratchet=21.9583 best=21.7387 since_improve=17
t=1780ms iter=31 WAIST cost=19.0000 best_alt=15.0000 gap=4.0000 tried=5 sep_labels=15 clique_frac=0.06
t=1800ms iter=31 REBUILD reject new_tc=22.0421 (was 21.7399)
t=1821ms iter=31 incumb=21.7399 ratchet=21.7683 best=21.7387 since_improve=18
t=1822ms iter=32 WAIST cost=19.0000 best_alt=15.0000 gap=4.0000 tried=5 sep_labels=15 clique_frac=0.02
t=1841ms iter=32 REBUILD reject new_tc=21.8564 (was 21.7399)
t=1862ms iter=32 incumb=21.7399 ratchet=21.7712 best=21.7387 since_improve=19
t=1863ms iter=33 WAIST cost=19.0000 best_alt=15.0000 gap=4.0000 tried=5 sep_labels=15 clique_frac=0.05
t=1883ms iter=33 REBUILD reject new_tc=22.1282 (was 21.7399)
t=1903ms iter=33 incumb=21.7399 ratchet=21.8019 best=21.7387 since_improve=20
t=1904ms iter=34 WAIST cost=19.0000 best_alt=15.0000 gap=4.0000 tried=5 sep_labels=15 clique_frac=0.07
t=1924ms iter=34 REBUILD reject new_tc=21.9347 (was 21.7399)
t=1945ms iter=34 incumb=21.7399 ratchet=22.0647 best=21.7387 since_improve=21
t=1946ms iter=35 WAIST cost=19.0000 best_alt=15.0000 gap=4.0000 tried=5 sep_labels=15 clique_frac=0.06
t=1966ms iter=35 REBUILD reject new_tc=22.2504 (was 21.7399)
t=1986ms iter=35 incumb=21.7399 ratchet=21.8315 best=21.7387 since_improve=22
t=1987ms iter=36 WAIST cost=19.0000 best_alt=15.0000 gap=4.0000 tried=5 sep_labels=15 clique_frac=0.08
t=2007ms iter=36 REBUILD reject new_tc=21.9814 (was 21.7399)
t=2035ms iter=36 incumb=21.7399 ratchet=21.7286 best=21.7259 since_improve=0
t=2037ms iter=37 WAIST cost=19.0000 best_alt=15.0000 gap=4.0000 tried=5 sep_labels=15 clique_frac=0.02
t=2056ms iter=37 REBUILD reject new_tc=21.8234 (was 21.7286)
t=2077ms iter=37 incumb=21.7286 ratchet=21.7563 best=21.7259 since_improve=1
t=2078ms iter=38 WAIST cost=19.0000 best_alt=15.0000 gap=4.0000 tried=5 sep_labels=15 clique_frac=0.02
t=2098ms iter=38 REBUILD reject new_tc=22.0423 (was 21.7286)
t=2119ms iter=38 incumb=21.7286 ratchet=21.7388 best=21.7257 since_improve=2
t=2120ms iter=39 WAIST cost=19.0000 best_alt=15.0000 gap=4.0000 tried=5 sep_labels=15 clique_frac=0.02
t=2139ms iter=39 REBUILD reject new_tc=21.8687 (was 21.7286)
t=2160ms iter=39 incumb=21.7286 ratchet=21.8531 best=21.7257 since_improve=3
t=2162ms iter=40 WAIST cost=19.0000 best_alt=15.0000 gap=4.0000 tried=5 sep_labels=15 clique_frac=0.02
t=2181ms iter=40 REBUILD reject new_tc=22.0440 (was 21.7286)
t=2202ms iter=40 incumb=21.7286 ratchet=21.7584 best=21.7257 since_improve=4
t=2204ms iter=41 WAIST cost=19.0000 best_alt=15.0000 gap=4.0000 tried=5 sep_labels=15 clique_frac=0.02
t=2223ms iter=41 REBUILD reject new_tc=21.8679 (was 21.7286)
t=2244ms iter=41 incumb=21.7286 ratchet=21.7920 best=21.7257 since_improve=5
t=2245ms iter=42 WAIST cost=19.0000 best_alt=15.0000 gap=4.0000 tried=5 sep_labels=15 clique_frac=0.02
t=2264ms iter=42 REBUILD reject new_tc=22.0500 (was 21.7286)
t=2285ms iter=42 incumb=21.7286 ratchet=21.8066 best=21.7257 since_improve=6
t=2287ms iter=43 WAIST cost=19.0000 best_alt=15.0000 gap=4.0000 tried=5 sep_labels=15 clique_frac=0.02
t=2306ms iter=43 REBUILD reject new_tc=22.3457 (was 21.7286)
t=2327ms iter=43 incumb=21.7286 ratchet=21.7674 best=21.7257 since_improve=7
t=2328ms iter=44 WAIST cost=19.0000 best_alt=15.0000 gap=4.0000 tried=5 sep_labels=15 clique_frac=0.02
t=2347ms iter=44 REBUILD reject new_tc=22.2345 (was 21.7286)
t=2368ms iter=44 incumb=21.7286 ratchet=21.7519 best=21.7257 since_improve=8
t=2369ms iter=45 WAIST cost=19.0000 best_alt=15.0000 gap=4.0000 tried=5 sep_labels=15 clique_frac=0.02
t=2388ms iter=45 REBUILD reject new_tc=21.8740 (was 21.7286)
t=2410ms iter=45 incumb=21.7286 ratchet=21.7589 best=21.7257 since_improve=9
t=2411ms iter=46 WAIST cost=19.0000 best_alt=15.0000 gap=4.0000 tried=5 sep_labels=15 clique_frac=0.02
t=2430ms iter=46 REBUILD reject new_tc=22.0888 (was 21.7286)
t=2451ms iter=46 incumb=21.7286 ratchet=21.9789 best=21.7257 since_improve=10
t=2452ms iter=47 WAIST cost=19.0000 best_alt=15.0000 gap=4.0000 tried=5 sep_labels=15 clique_frac=0.02
t=2472ms iter=47 REBUILD reject new_tc=21.9056 (was 21.7286)
t=2493ms iter=47 incumb=21.7286 ratchet=21.8603 best=21.7257 since_improve=11
t=2494ms iter=48 WAIST cost=19.0000 best_alt=15.0000 gap=4.0000 tried=5 sep_labels=15 clique_frac=0.02
t=2514ms iter=48 REBUILD reject new_tc=22.1470 (was 21.7286)
t=2534ms iter=48 incumb=21.7286 ratchet=21.7953 best=21.7257 since_improve=12
t=2536ms iter=49 WAIST cost=19.0000 best_alt=15.0000 gap=4.0000 tried=5 sep_labels=15 clique_frac=0.02
t=2559ms iter=49 REBUILD reject new_tc=22.0403 (was 21.7286)
t=2580ms iter=49 incumb=21.7286 ratchet=21.7957 best=21.7257 since_improve=13
t=2581ms iter=50 WAIST cost=19.0000 best_alt=15.0000 gap=4.0000 tried=5 sep_labels=15 clique_frac=0.02
t=2600ms iter=50 REBUILD reject new_tc=21.8191 (was 21.7286)
t=2621ms iter=50 incumb=21.7286 ratchet=21.7482 best=21.7257 since_improve=14
t=2622ms iter=51 WAIST cost=19.0000 best_alt=15.0000 gap=4.0000 tried=5 sep_labels=15 clique_frac=0.02
t=2642ms iter=51 REBUILD reject new_tc=21.9207 (was 21.7286)
t=2663ms iter=51 incumb=21.7286 ratchet=21.9075 best=21.7257 since_improve=15
t=2664ms iter=52 WAIST cost=19.0000 best_alt=15.0000 gap=4.0000 tried=5 sep_labels=15 clique_frac=0.02
t=2684ms iter=52 REBUILD reject new_tc=22.0927 (was 21.7286)
t=2704ms iter=52 incumb=21.7286 ratchet=22.0162 best=21.7257 since_improve=16
t=2705ms iter=53 WAIST cost=19.0000 best_alt=15.0000 gap=4.0000 tried=5 sep_labels=15 clique_frac=0.02
t=2724ms iter=53 REBUILD reject new_tc=22.3356 (was 21.7286)
t=2745ms iter=53 incumb=21.7286 ratchet=21.9140 best=21.7257 since_improve=17
t=2747ms iter=54 WAIST cost=19.0000 best_alt=15.0000 gap=4.0000 tried=5 sep_labels=15 clique_frac=0.02
t=2766ms iter=54 REBUILD reject new_tc=21.8788 (was 21.7286)
t=2786ms iter=54 incumb=21.7286 ratchet=21.8195 best=21.7257 since_improve=18
t=2787ms iter=55 WAIST cost=19.0000 best_alt=15.0000 gap=4.0000 tried=5 sep_labels=15 clique_frac=0.02
t=2807ms iter=55 REBUILD reject new_tc=21.8301 (was 21.7286)
t=2827ms iter=55 incumb=21.7286 ratchet=21.7554 best=21.7257 since_improve=19
t=2829ms iter=56 WAIST cost=19.0000 best_alt=15.0000 gap=4.0000 tried=5 sep_labels=15 clique_frac=0.02
t=2848ms iter=56 REBUILD reject new_tc=22.0930 (was 21.7286)
t=2868ms iter=56 incumb=21.7286 ratchet=21.8246 best=21.7257 since_improve=20
t=2869ms iter=57 WAIST cost=19.0000 best_alt=15.0000 gap=4.0000 tried=5 sep_labels=15 clique_frac=0.02
t=2889ms iter=57 REBUILD reject new_tc=22.2088 (was 21.7286)
t=2910ms iter=57 incumb=21.7286 ratchet=22.0931 best=21.7257 since_improve=21
t=2911ms iter=58 WAIST cost=19.0000 best_alt=15.0000 gap=4.0000 tried=5 sep_labels=15 clique_frac=0.02
t=2930ms iter=58 REBUILD reject new_tc=22.3588 (was 21.7286)
t=2958ms iter=58 incumb=21.7286 ratchet=21.7526 best=21.7254 since_improve=22
t=2960ms iter=59 WAIST cost=19.0000 best_alt=15.0000 gap=4.0000 tried=5 sep_labels=15 clique_frac=0.02
t=2979ms iter=59 REBUILD reject new_tc=21.8138 (was 21.7286)
t=3000ms iter=59 incumb=21.7286 ratchet=21.8810 best=21.7254 since_improve=23
t=3002ms iter=60 WAIST cost=19.0000 best_alt=15.0000 gap=4.0000 tried=5 sep_labels=15 clique_frac=0.02
t=3021ms iter=60 REBUILD reject new_tc=21.7805 (was 21.7286)
t=3042ms iter=60 incumb=21.7286 ratchet=21.7630 best=21.7254 since_improve=24
t=3043ms iter=61 WAIST cost=19.0000 best_alt=15.0000 gap=4.0000 tried=5 sep_labels=15 clique_frac=0.02
t=3062ms iter=61 REBUILD reject new_tc=22.1166 (was 21.7286)
t=3082ms iter=61 incumb=21.7286 ratchet=21.8061 best=21.7254 since_improve=25
t=3084ms iter=62 WAIST cost=19.0000 best_alt=15.0000 gap=4.0000 tried=5 sep_labels=15 clique_frac=0.02
t=3103ms iter=62 REBUILD reject new_tc=21.8314 (was 21.7286)
t=3123ms iter=62 incumb=21.7286 ratchet=21.7944 best=21.7254 since_improve=26
t=3125ms iter=63 WAIST cost=19.0000 best_alt=15.0000 gap=4.0000 tried=5 sep_labels=15 clique_frac=0.02
t=3144ms iter=63 REBUILD reject new_tc=22.1194 (was 21.7286)
t=3165ms iter=63 incumb=21.7286 ratchet=21.7940 best=21.7254 since_improve=27
t=3166ms iter=64 WAIST cost=19.0000 best_alt=15.0000 gap=4.0000 tried=5 sep_labels=15 clique_frac=0.02
t=3185ms iter=64 REBUILD reject new_tc=22.2833 (was 21.7286)
t=3206ms iter=64 incumb=21.7286 ratchet=21.9433 best=21.7254 since_improve=28
t=3208ms iter=65 WAIST cost=19.0000 best_alt=15.0000 gap=4.0000 tried=5 sep_labels=15 clique_frac=0.02
t=3227ms iter=65 REBUILD reject new_tc=21.9396 (was 21.7286)
t=3247ms iter=65 incumb=21.7286 ratchet=21.7259 best=21.7254 since_improve=0
t=3248ms iter=66 WAIST cost=19.0000 best_alt=15.0000 gap=4.0000 tried=5 sep_labels=15 clique_frac=0.07
t=3268ms iter=66 REBUILD reject new_tc=21.8053 (was 21.7259)
t=3288ms iter=66 incumb=21.7259 ratchet=21.8467 best=21.7254 since_improve=1
t=3289ms iter=67 WAIST cost=19.0000 best_alt=15.0000 gap=4.0000 tried=5 sep_labels=15 clique_frac=0.02
t=3308ms iter=67 REBUILD reject new_tc=22.1180 (was 21.7259)
t=3329ms iter=67 incumb=21.7259 ratchet=21.7416 best=21.7254 since_improve=2
t=3331ms iter=68 WAIST cost=19.0000 best_alt=16.0000 gap=3.0000 tried=5 sep_labels=16 clique_frac=0.07
t=3345ms iter=68 REBUILD reject new_tc=21.7662 (was 21.7259)
t=3366ms iter=68 incumb=21.7259 ratchet=21.7418 best=21.7254 since_improve=3
t=3367ms iter=69 WAIST cost=19.0000 best_alt=16.0000 gap=3.0000 tried=5 sep_labels=16 clique_frac=0.07
t=3381ms iter=69 REBUILD reject new_tc=22.1863 (was 21.7259)
t=3402ms iter=69 incumb=21.7259 ratchet=21.8530 best=21.7254 since_improve=4
t=3404ms iter=70 WAIST cost=19.0000 best_alt=15.0000 gap=4.0000 tried=5 sep_labels=15 clique_frac=0.02
t=3423ms iter=70 REBUILD reject new_tc=22.2193 (was 21.7259)
t=3444ms iter=70 incumb=21.7259 ratchet=21.7935 best=21.7254 since_improve=5
t=3446ms iter=71 WAIST cost=19.0000 best_alt=15.0000 gap=4.0000 tried=5 sep_labels=15 clique_frac=0.02
t=3464ms iter=71 REBUILD reject new_tc=22.0434 (was 21.7259)
t=3485ms iter=71 incumb=21.7259 ratchet=21.9180 best=21.7254 since_improve=6
t=3487ms iter=72 WAIST cost=19.0000 best_alt=15.0000 gap=4.0000 tried=5 sep_labels=15 clique_frac=0.05
t=3506ms iter=72 REBUILD reject new_tc=22.0931 (was 21.7259)
t=3527ms iter=72 incumb=21.7259 ratchet=21.8221 best=21.7254 since_improve=7
t=3529ms iter=73 WAIST cost=19.0000 best_alt=15.0000 gap=4.0000 tried=5 sep_labels=15 clique_frac=0.06
t=3548ms iter=73 REBUILD reject new_tc=21.7880 (was 21.7259)
t=3568ms iter=73 incumb=21.7259 ratchet=21.8984 best=21.7254 since_improve=8
t=3570ms iter=74 WAIST cost=19.0000 best_alt=15.0000 gap=4.0000 tried=5 sep_labels=15 clique_frac=0.08
t=3589ms iter=74 REBUILD reject new_tc=21.7918 (was 21.7259)
t=3610ms iter=74 incumb=21.7259 ratchet=21.8065 best=21.7254 since_improve=9
t=3612ms iter=75 WAIST cost=19.0000 best_alt=15.0000 gap=4.0000 tried=5 sep_labels=15 clique_frac=0.08
t=3632ms iter=75 REBUILD reject new_tc=22.2455 (was 21.7259)
t=3653ms iter=75 incumb=21.7259 ratchet=21.7944 best=21.7254 since_improve=10
t=3655ms iter=76 WAIST cost=19.0000 best_alt=15.0000 gap=4.0000 tried=5 sep_labels=15 clique_frac=0.08
t=3674ms iter=76 REBUILD reject new_tc=22.1396 (was 21.7259)
t=3695ms iter=76 incumb=21.7259 ratchet=21.8008 best=21.7254 since_improve=11
t=3696ms iter=77 WAIST cost=19.0000 best_alt=15.0000 gap=4.0000 tried=5 sep_labels=15 clique_frac=0.08
t=3716ms iter=77 REBUILD reject new_tc=21.9396 (was 21.7259)
t=3736ms iter=77 incumb=21.7259 ratchet=21.7639 best=21.7254 since_improve=12
t=3737ms iter=78 WAIST cost=19.0000 best_alt=16.0000 gap=3.0000 tried=5 sep_labels=16 clique_frac=0.07
t=3751ms iter=78 REBUILD reject new_tc=22.0502 (was 21.7259)
t=3772ms iter=78 incumb=21.7259 ratchet=22.0654 best=21.7254 since_improve=13
t=3773ms iter=79 WAIST cost=19.0000 best_alt=15.0000 gap=4.0000 tried=5 sep_labels=15 clique_frac=0.10
t=3793ms iter=79 REBUILD reject new_tc=22.1347 (was 21.7259)
t=3813ms iter=79 incumb=21.7259 ratchet=21.9597 best=21.7254 since_improve=14
t=3815ms iter=80 WAIST cost=19.0000 best_alt=15.0000 gap=4.0000 tried=5 sep_labels=15 clique_frac=0.08
t=3834ms iter=80 REBUILD reject new_tc=22.1461 (was 21.7259)
t=3855ms iter=80 incumb=21.7259 ratchet=21.8206 best=21.7254 since_improve=15
t=3857ms iter=81 WAIST cost=19.0000 best_alt=15.0000 gap=4.0000 tried=5 sep_labels=15 clique_frac=0.06
t=3876ms iter=81 REBUILD reject new_tc=21.7823 (was 21.7259)
t=3897ms iter=81 incumb=21.7259 ratchet=21.9055 best=21.7254 since_improve=16
t=3899ms iter=82 WAIST cost=19.0000 best_alt=16.0000 gap=3.0000 tried=5 sep_labels=16 clique_frac=0.07
t=3913ms iter=82 REBUILD reject new_tc=22.0329 (was 21.7259)
t=3934ms iter=82 incumb=21.7259 ratchet=21.8319 best=21.7254 since_improve=17
t=3935ms iter=83 WAIST cost=19.0000 best_alt=15.0000 gap=4.0000 tried=5 sep_labels=15 clique_frac=0.08
t=3955ms iter=83 REBUILD reject new_tc=22.1112 (was 21.7259)
t=3976ms iter=83 incumb=21.7259 ratchet=21.8744 best=21.7254 since_improve=18
t=3977ms iter=84 WAIST cost=19.0000 best_alt=15.0000 gap=4.0000 tried=5 sep_labels=15 clique_frac=0.08
t=3996ms iter=84 REBUILD reject new_tc=22.2239 (was 21.7259)
t=4017ms iter=84 incumb=21.7259 ratchet=21.8816 best=21.7254 since_improve=19
t=4019ms iter=85 WAIST cost=19.0000 best_alt=15.0000 gap=4.0000 tried=5 sep_labels=15 clique_frac=0.05
t=4038ms iter=85 REBUILD reject new_tc=21.8537 (was 21.7259)
t=4058ms iter=85 incumb=21.7259 ratchet=22.0081 best=21.7254 since_improve=20
t=4060ms iter=86 WAIST cost=19.0000 best_alt=15.0000 gap=4.0000 tried=5 sep_labels=15 clique_frac=0.08
t=4079ms iter=86 REBUILD reject new_tc=22.3611 (was 21.7259)
t=4100ms iter=86 incumb=21.7259 ratchet=22.2179 best=21.7254 since_improve=21
t=4101ms iter=87 WAIST cost=19.0000 best_alt=16.0000 gap=3.0000 tried=5 sep_labels=16 clique_frac=0.07
t=4115ms iter=87 REBUILD reject new_tc=22.1869 (was 21.7259)
t=4136ms iter=87 incumb=21.7259 ratchet=21.9432 best=21.7254 since_improve=22
t=4137ms iter=88 WAIST cost=19.0000 best_alt=16.0000 gap=3.0000 tried=5 sep_labels=16 clique_frac=0.07
t=4151ms iter=88 REBUILD reject new_tc=22.0464 (was 21.7259)
t=4171ms iter=88 incumb=21.7259 ratchet=21.8462 best=21.7254 since_improve=23
t=4173ms iter=89 WAIST cost=19.0000 best_alt=16.0000 gap=3.0000 tried=5 sep_labels=16 clique_frac=0.07
t=4186ms iter=89 REBUILD reject new_tc=22.3890 (was 21.7259)
t=4207ms iter=89 incumb=21.7259 ratchet=21.8061 best=21.7254 since_improve=24
t=4208ms iter=90 WAIST cost=19.0000 best_alt=15.0000 gap=4.0000 tried=5 sep_labels=15 clique_frac=0.08
t=4228ms iter=90 REBUILD reject new_tc=22.1712 (was 21.7259)
t=4249ms iter=90 incumb=21.7259 ratchet=21.8449 best=21.7254 since_improve=25
t=4250ms iter=91 WAIST cost=19.0000 best_alt=15.0000 gap=4.0000 tried=5 sep_labels=15 clique_frac=0.02
t=4269ms iter=91 REBUILD reject new_tc=22.4056 (was 21.7259)
t=4290ms iter=91 incumb=21.7259 ratchet=21.7824 best=21.7254 since_improve=26
t=4291ms iter=92 WAIST cost=19.0000 best_alt=15.0000 gap=4.0000 tried=5 sep_labels=15 clique_frac=0.08
t=4310ms iter=92 REBUILD reject new_tc=22.0213 (was 21.7259)
t=4331ms iter=92 incumb=21.7259 ratchet=21.8688 best=21.7254 since_improve=27
t=4332ms iter=93 WAIST cost=19.0000 best_alt=16.0000 gap=3.0000 tried=5 sep_labels=16 clique_frac=0.07
t=4346ms iter=93 REBUILD reject new_tc=22.1202 (was 21.7259)
t=4367ms iter=93 incumb=21.7259 ratchet=21.7926 best=21.7254 since_improve=28
t=4368ms iter=94 WAIST cost=19.0000 best_alt=15.0000 gap=4.0000 tried=5 sep_labels=15 clique_frac=0.08
t=4388ms iter=94 REBUILD reject new_tc=22.0975 (was 21.7259)
t=4408ms iter=94 incumb=21.7259 ratchet=21.8460 best=21.7254 since_improve=29
t=4410ms iter=95 WAIST cost=19.0000 best_alt=15.0000 gap=4.0000 tried=5 sep_labels=15 clique_frac=0.10
t=4429ms iter=95 REBUILD reject new_tc=22.1361 (was 21.7259)
t=4450ms iter=95 incumb=21.7259 ratchet=21.7913 best=21.7254 since_improve=30
t=4451ms iter=96 WAIST cost=19.0000 best_alt=15.0000 gap=4.0000 tried=5 sep_labels=15 clique_frac=0.08
t=4470ms iter=96 REBUILD reject new_tc=22.3255 (was 21.7259)
t=4491ms iter=96 incumb=21.7259 ratchet=21.9776 best=21.7254 since_improve=31
t=4492ms iter=97 WAIST cost=19.0000 best_alt=15.0000 gap=4.0000 tried=5 sep_labels=15 clique_frac=0.02
t=4511ms iter=97 REBUILD reject new_tc=21.8576 (was 21.7259)
t=4532ms iter=97 incumb=21.7259 ratchet=21.8058 best=21.7254 since_improve=32
t=4534ms iter=98 WAIST cost=19.0000 best_alt=15.0000 gap=4.0000 tried=5 sep_labels=15 clique_frac=0.02
t=4552ms iter=98 REBUILD reject new_tc=22.0482 (was 21.7259)
t=4573ms iter=98 incumb=21.7259 ratchet=21.9756 best=21.7254 since_improve=33
t=4574ms iter=99 WAIST cost=19.0000 best_alt=15.0000 gap=4.0000 tried=5 sep_labels=15 clique_frac=0.08
t=4594ms iter=99 REBUILD reject new_tc=22.2556 (was 21.7259)
t=4615ms iter=99 incumb=21.7259 ratchet=21.7951 best=21.7254 since_improve=34
t=4616ms iter=100 WAIST cost=19.0000 best_alt=16.0000 gap=3.0000 tried=5 sep_labels=16 clique_frac=0.07
t=4630ms iter=100 REBUILD reject new_tc=21.8033 (was 21.7259)
t=4650ms iter=100 incumb=21.7259 ratchet=21.8201 best=21.7254 since_improve=35
t=4652ms iter=101 WAIST cost=19.0000 best_alt=16.0000 gap=3.0000 tried=5 sep_labels=16 clique_frac=0.07
t=4666ms iter=101 REBUILD reject new_tc=22.1404 (was 21.7259)
t=4686ms iter=101 incumb=21.7259 ratchet=22.0527 best=21.7254 since_improve=36
t=4687ms iter=102 WAIST cost=19.0000 best_alt=15.0000 gap=4.0000 tried=5 sep_labels=15 clique_frac=0.07
t=4706ms iter=102 REBUILD reject new_tc=21.7549 (was 21.7259)
t=4727ms iter=102 incumb=21.7259 ratchet=21.7718 best=21.7254 since_improve=37
t=4729ms iter=103 WAIST cost=19.0000 best_alt=15.0000 gap=4.0000 tried=5 sep_labels=15 clique_frac=0.10
t=4748ms iter=103 REBUILD reject new_tc=21.7382 (was 21.7259)
t=4769ms iter=103 incumb=21.7259 ratchet=21.9281 best=21.7254 since_improve=38
t=4770ms iter=104 WAIST cost=19.0000 best_alt=15.0000 gap=4.0000 tried=5 sep_labels=15 clique_frac=0.08
t=4790ms iter=104 REBUILD reject new_tc=21.8915 (was 21.7259)
t=4810ms iter=104 incumb=21.7259 ratchet=21.9514 best=21.7254 since_improve=39
t=4812ms iter=105 WAIST cost=19.0000 best_alt=15.0000 gap=4.0000 tried=5 sep_labels=15 clique_frac=0.08
t=4831ms iter=105 REBUILD reject new_tc=22.1074 (was 21.7259)
t=4852ms iter=105 incumb=21.7259 ratchet=21.7934 best=21.7254 since_improve=40
t=4853ms iter=106 WAIST cost=19.0000 best_alt=16.0000 gap=3.0000 tried=5 sep_labels=16 clique_frac=0.07
t=4867ms iter=106 REBUILD reject new_tc=22.0665 (was 21.7259)
t=4887ms iter=106 incumb=21.7259 ratchet=21.8724 best=21.7254 since_improve=41
t=4888ms iter=107 WAIST cost=19.0000 best_alt=16.0000 gap=3.0000 tried=5 sep_labels=16 clique_frac=0.07
t=4902ms iter=107 REBUILD reject new_tc=22.3584 (was 21.7259)
t=4923ms iter=107 incumb=21.7259 ratchet=21.8931 best=21.7254 since_improve=42
t=4925ms iter=108 WAIST cost=19.0000 best_alt=15.0000 gap=4.0000 tried=5 sep_labels=15 clique_frac=0.04
t=4944ms iter=108 REBUILD reject new_tc=22.0642 (was 21.7259)
t=4964ms iter=108 incumb=21.7259 ratchet=21.7935 best=21.7254 since_improve=43
t=4966ms iter=109 WAIST cost=19.0000 best_alt=15.0000 gap=4.0000 tried=5 sep_labels=15 clique_frac=0.07
t=4985ms iter=109 REBUILD reject new_tc=22.1609 (was 21.7259)
t=5005ms iter=109 incumb=21.7259 ratchet=22.1989 best=21.7254 since_improve=44
t=5006ms iter=110 WAIST cost=19.0000 best_alt=15.0000 gap=4.0000 tried=5 sep_labels=15 clique_frac=0.08
t=5026ms iter=110 REBUILD reject new_tc=22.1084 (was 21.7259)
t=5047ms iter=110 incumb=21.7259 ratchet=21.8079 best=21.7254 since_improve=45
t=5048ms iter=111 WAIST cost=19.0000 best_alt=15.0000 gap=4.0000 tried=5 sep_labels=15 clique_frac=0.04
t=5067ms iter=111 REBUILD reject new_tc=22.3673 (was 21.7259)
t=5088ms iter=111 incumb=21.7259 ratchet=21.7673 best=21.7254 since_improve=46
t=5089ms iter=112 WAIST cost=19.0000 best_alt=15.0000 gap=4.0000 tried=5 sep_labels=15 clique_frac=0.08
t=5109ms iter=112 REBUILD reject new_tc=22.0888 (was 21.7259)
t=5129ms iter=112 incumb=21.7259 ratchet=21.7700 best=21.7254 since_improve=47
t=5130ms iter=113 WAIST cost=19.0000 best_alt=16.0000 gap=3.0000 tried=5 sep_labels=16 clique_frac=0.07
t=5144ms iter=113 REBUILD reject new_tc=22.1709 (was 21.7259)
t=5165ms iter=113 incumb=21.7259 ratchet=21.7528 best=21.7254 since_improve=48
t=5166ms iter=114 WAIST cost=19.0000 best_alt=15.0000 gap=4.0000 tried=5 sep_labels=15 clique_frac=0.02
t=5185ms iter=114 REBUILD reject new_tc=21.9017 (was 21.7259)
t=5206ms iter=114 incumb=21.7259 ratchet=22.0082 best=21.7254 since_improve=49
t=5207ms iter=115 WAIST cost=19.0000 best_alt=15.0000 gap=4.0000 tried=5 sep_labels=15 clique_frac=0.08
t=5227ms iter=115 REBUILD reject new_tc=21.9921 (was 21.7259)
t=5248ms iter=115 incumb=21.7259 ratchet=21.9703 best=21.7254 since_improve=50
t=5249ms iter=116 WAIST cost=19.0000 best_alt=15.0000 gap=4.0000 tried=5 sep_labels=15 clique_frac=0.08
t=5269ms iter=116 REBUILD reject new_tc=21.8572 (was 21.7259)
t=5289ms iter=116 incumb=21.7259 ratchet=21.8034 best=21.7254 since_improve=51
t=5290ms iter=117 WAIST cost=19.0000 best_alt=15.0000 gap=4.0000 tried=5 sep_labels=15 clique_frac=0.04
t=5310ms iter=117 REBUILD reject new_tc=22.1280 (was 21.7259)
t=5330ms iter=117 incumb=21.7259 ratchet=21.8937 best=21.7254 since_improve=52
t=5332ms iter=118 WAIST cost=19.0000 best_alt=15.0000 gap=4.0000 tried=5 sep_labels=15 clique_frac=0.02
t=5351ms iter=118 REBUILD reject new_tc=22.2098 (was 21.7259)
t=5371ms iter=118 incumb=21.7259 ratchet=21.8297 best=21.7254 since_improve=53
t=5373ms iter=119 WAIST cost=19.0000 best_alt=15.0000 gap=4.0000 tried=5 sep_labels=15 clique_frac=0.02
t=5392ms iter=119 REBUILD reject new_tc=22.0759 (was 21.7259)
t=5413ms iter=119 incumb=21.7259 ratchet=21.8412 best=21.7254 since_improve=54
t=5414ms iter=120 WAIST cost=19.0000 best_alt=15.0000 gap=4.0000 tried=5 sep_labels=15 clique_frac=0.02
t=5433ms iter=120 REBUILD reject new_tc=22.3350 (was 21.7259)
t=5454ms iter=120 incumb=21.7259 ratchet=21.7970 best=21.7254 since_improve=55
t=5455ms iter=121 WAIST cost=19.0000 best_alt=15.0000 gap=4.0000 tried=5 sep_labels=15 clique_frac=0.08
t=5475ms iter=121 REBUILD reject new_tc=22.1951 (was 21.7259)
t=5495ms iter=121 incumb=21.7259 ratchet=21.7927 best=21.7254 since_improve=56
t=5497ms iter=122 WAIST cost=19.0000 best_alt=16.0000 gap=3.0000 tried=5 sep_labels=16 clique_frac=0.07
t=5511ms iter=122 REBUILD reject new_tc=21.9304 (was 21.7259)
t=5532ms iter=122 incumb=21.7259 ratchet=21.7569 best=21.7254 since_improve=57
t=5533ms iter=123 WAIST cost=19.0000 best_alt=15.0000 gap=4.0000 tried=5 sep_labels=15 clique_frac=0.02
t=5552ms iter=123 REBUILD reject new_tc=21.8726 (was 21.7259)
t=5573ms iter=123 incumb=21.7259 ratchet=21.7581 best=21.7254 since_improve=58
t=5574ms iter=124 WAIST cost=19.0000 best_alt=16.0000 gap=3.0000 tried=5 sep_labels=16 clique_frac=0.07
t=5589ms iter=124 REBUILD reject new_tc=22.1758 (was 21.7259)
t=5609ms iter=124 incumb=21.7259 ratchet=21.7392 best=21.7254 since_improve=59
t=5611ms iter=125 WAIST cost=19.0000 best_alt=15.0000 gap=4.0000 tried=5 sep_labels=15 clique_frac=0.08
t=5631ms iter=125 REBUILD reject new_tc=22.3157 (was 21.7259)
t=5651ms iter=125 incumb=21.7259 ratchet=21.7570 best=21.7254 since_improve=60
t=5652ms iter=126 WAIST cost=19.0000 best_alt=15.0000 gap=4.0000 tried=5 sep_labels=15 clique_frac=0.08
t=5672ms iter=126 REBUILD reject new_tc=21.9981 (was 21.7259)
t=5693ms iter=126 incumb=21.7259 ratchet=21.8178 best=21.7254 since_improve=61
t=5694ms iter=127 WAIST cost=19.0000 best_alt=15.0000 gap=4.0000 tried=5 sep_labels=15 clique_frac=0.02
t=5714ms iter=127 REBUILD reject new_tc=21.7801 (was 21.7259)
t=5734ms iter=127 incumb=21.7259 ratchet=21.7963 best=21.7254 since_improve=62
t=5736ms iter=128 WAIST cost=19.0000 best_alt=15.0000 gap=4.0000 tried=5 sep_labels=15 clique_frac=0.05
t=5755ms iter=128 REBUILD reject new_tc=22.1392 (was 21.7259)
t=5775ms iter=128 incumb=21.7259 ratchet=21.8780 best=21.7254 since_improve=63
t=5777ms iter=129 WAIST cost=19.0000 best_alt=16.0000 gap=3.0000 tried=5 sep_labels=16 clique_frac=0.07
t=5791ms iter=129 REBUILD reject new_tc=21.8570 (was 21.7259)
t=5811ms iter=129 incumb=21.7259 ratchet=21.7958 best=21.7254 since_improve=64
t=5813ms iter=130 WAIST cost=19.0000 best_alt=15.0000 gap=4.0000 tried=5 sep_labels=15 clique_frac=0.08
t=5833ms iter=130 REBUILD reject new_tc=21.9026 (was 21.7259)
t=5853ms iter=130 incumb=21.7259 ratchet=21.7547 best=21.7254 since_improve=65
t=5855ms iter=131 WAIST cost=19.0000 best_alt=15.0000 gap=4.0000 tried=5 sep_labels=15 clique_frac=0.07
t=5874ms iter=131 REBUILD reject new_tc=21.9956 (was 21.7259)
t=5895ms iter=131 incumb=21.7259 ratchet=21.7660 best=21.7254 since_improve=66
t=5897ms iter=132 WAIST cost=19.0000 best_alt=15.0000 gap=4.0000 tried=5 sep_labels=15 clique_frac=0.08
t=5916ms iter=132 REBUILD reject new_tc=22.0898 (was 21.7259)
t=5937ms iter=132 incumb=21.7259 ratchet=21.7700 best=21.7254 since_improve=67
t=5938ms iter=133 WAIST cost=19.0000 best_alt=16.0000 gap=3.0000 tried=5 sep_labels=16 clique_frac=0.07
t=5953ms iter=133 REBUILD reject new_tc=21.9412 (was 21.7259)
t=5973ms iter=133 incumb=21.7259 ratchet=21.8494 best=21.7254 since_improve=68
t=5974ms iter=134 WAIST cost=19.0000 best_alt=15.0000 gap=4.0000 tried=5 sep_labels=15 clique_frac=0.07
t=5994ms iter=134 REBUILD reject new_tc=21.8005 (was 21.7259)
t=6015ms iter=134 incumb=21.7259 ratchet=21.8936 best=21.7254 since_improve=69
t=6016ms iter=135 WAIST cost=19.0000 best_alt=16.0000 gap=3.0000 tried=5 sep_labels=16 clique_frac=0.07
t=6030ms iter=135 REBUILD reject new_tc=22.0997 (was 21.7259)
t=6051ms iter=135 incumb=21.7259 ratchet=21.7429 best=21.7254 since_improve=70
t=6052ms iter=136 WAIST cost=19.0000 best_alt=16.0000 gap=3.0000 tried=5 sep_labels=16 clique_frac=0.07
t=6066ms iter=136 REBUILD reject new_tc=22.4772 (was 21.7259)
t=6087ms iter=136 incumb=21.7259 ratchet=21.8091 best=21.7254 since_improve=71
t=6088ms iter=137 WAIST cost=19.0000 best_alt=15.0000 gap=4.0000 tried=5 sep_labels=15 clique_frac=0.07
t=6107ms iter=137 REBUILD reject new_tc=22.1257 (was 21.7259)
t=6129ms iter=137 incumb=21.7259 ratchet=21.9961 best=21.7254 since_improve=72
t=6130ms iter=138 WAIST cost=19.0000 best_alt=15.0000 gap=4.0000 tried=5 sep_labels=15 clique_frac=0.05
t=6149ms iter=138 REBUILD reject new_tc=21.7653 (was 21.7259)
t=6170ms iter=138 incumb=21.7259 ratchet=21.8512 best=21.7254 since_improve=73
t=6172ms iter=139 WAIST cost=19.0000 best_alt=15.0000 gap=4.0000 tried=5 sep_labels=15 clique_frac=0.08
t=6191ms iter=139 REBUILD reject new_tc=22.2433 (was 21.7259)
t=6213ms iter=139 incumb=21.7259 ratchet=21.7935 best=21.7254 since_improve=74
t=6214ms iter=140 WAIST cost=19.0000 best_alt=16.0000 gap=3.0000 tried=5 sep_labels=16 clique_frac=0.07
t=6228ms iter=140 REBUILD reject new_tc=22.2753 (was 21.7259)
t=6249ms iter=140 incumb=21.7259 ratchet=21.8573 best=21.7254 since_improve=75
t=6250ms iter=141 WAIST cost=19.0000 best_alt=16.0000 gap=3.0000 tried=5 sep_labels=16 clique_frac=0.07
t=6264ms iter=141 REBUILD reject new_tc=21.8990 (was 21.7259)
t=6285ms iter=141 incumb=21.7259 ratchet=21.8701 best=21.7254 since_improve=76
t=6286ms iter=142 WAIST cost=19.0000 best_alt=15.0000 gap=4.0000 tried=5 sep_labels=15 clique_frac=0.02
t=6305ms iter=142 REBUILD reject new_tc=21.9839 (was 21.7259)
t=6326ms iter=142 incumb=21.7259 ratchet=21.8934 best=21.7254 since_improve=77
t=6327ms iter=143 WAIST cost=19.0000 best_alt=15.0000 gap=4.0000 tried=5 sep_labels=15 clique_frac=0.10
t=6346ms iter=143 REBUILD reject new_tc=21.7929 (was 21.7259)
t=6367ms iter=143 incumb=21.7259 ratchet=21.7538 best=21.7254 since_improve=78
t=6368ms iter=144 WAIST cost=19.0000 best_alt=16.0000 gap=3.0000 tried=5 sep_labels=16 clique_frac=0.07
t=6382ms iter=144 REBUILD reject new_tc=22.1929 (was 21.7259)
t=6403ms iter=144 incumb=21.7259 ratchet=21.8855 best=21.7254 since_improve=79
t=6404ms iter=145 WAIST cost=19.0000 best_alt=15.0000 gap=4.0000 tried=5 sep_labels=15 clique_frac=0.02
t=6423ms iter=145 REBUILD reject new_tc=22.4370 (was 21.7259)
t=6443ms iter=145 incumb=21.7259 ratchet=22.0007 best=21.7254 since_improve=80
t=6445ms iter=146 WAIST cost=19.0000 best_alt=15.0000 gap=4.0000 tried=5 sep_labels=15 clique_frac=0.06
t=6464ms iter=146 REBUILD reject new_tc=21.7432 (was 21.7259)
t=6485ms iter=146 incumb=21.7259 ratchet=21.8207 best=21.7254 since_improve=81
t=6486ms iter=147 WAIST cost=19.0000 best_alt=15.0000 gap=4.0000 tried=5 sep_labels=15 clique_frac=0.08
t=6506ms iter=147 REBUILD reject new_tc=21.9506 (was 21.7259)
t=6526ms iter=147 incumb=21.7259 ratchet=21.8468 best=21.7254 since_improve=82
t=6527ms iter=148 WAIST cost=19.0000 best_alt=15.0000 gap=4.0000 tried=5 sep_labels=15 clique_frac=0.07
t=6547ms iter=148 REBUILD reject new_tc=21.7507 (was 21.7259)
t=6568ms iter=148 incumb=21.7259 ratchet=21.8823 best=21.7254 since_improve=83
t=6569ms iter=149 WAIST cost=19.0000 best_alt=15.0000 gap=4.0000 tried=5 sep_labels=15 clique_frac=0.08
t=6589ms iter=149 REBUILD reject new_tc=21.9937 (was 21.7259)
t=6610ms iter=149 incumb=21.7259 ratchet=21.7955 best=21.7254 since_improve=84
t=6611ms iter=150 WAIST cost=19.0000 best_alt=16.0000 gap=3.0000 tried=5 sep_labels=16 clique_frac=0.07
t=6625ms iter=150 REBUILD reject new_tc=21.8296 (was 21.7259)
t=6646ms iter=150 incumb=21.7259 ratchet=21.7540 best=21.7254 since_improve=85
t=6647ms iter=151 WAIST cost=19.0000 best_alt=15.0000 gap=4.0000 tried=5 sep_labels=15 clique_frac=0.04
t=6667ms iter=151 REBUILD reject new_tc=22.1396 (was 21.7259)
t=6687ms iter=151 incumb=21.7259 ratchet=21.8584 best=21.7254 since_improve=86
t=6689ms iter=152 WAIST cost=19.0000 best_alt=16.0000 gap=3.0000 tried=5 sep_labels=16 clique_frac=0.07
t=6703ms iter=152 REBUILD reject new_tc=22.3160 (was 21.7259)
t=6724ms iter=152 incumb=21.7259 ratchet=21.8311 best=21.7254 since_improve=87
t=6725ms iter=153 WAIST cost=19.0000 best_alt=15.0000 gap=4.0000 tried=5 sep_labels=15 clique_frac=0.05
t=6745ms iter=153 REBUILD reject new_tc=22.2329 (was 21.7259)
t=6765ms iter=153 incumb=21.7259 ratchet=21.9869 best=21.7254 since_improve=88
t=6766ms iter=154 WAIST cost=19.0000 best_alt=15.0000 gap=4.0000 tried=5 sep_labels=15 clique_frac=0.05
t=6786ms iter=154 REBUILD reject new_tc=22.4130 (was 21.7259)
t=6807ms iter=154 incumb=21.7259 ratchet=21.9223 best=21.7254 since_improve=89
t=6808ms iter=155 WAIST cost=19.0000 best_alt=16.0000 gap=3.0000 tried=5 sep_labels=16 clique_frac=0.07
t=6823ms iter=155 REBUILD reject new_tc=22.0298 (was 21.7259)
t=6843ms iter=155 incumb=21.7259 ratchet=21.9414 best=21.7254 since_improve=90
t=6844ms iter=156 WAIST cost=19.0000 best_alt=16.0000 gap=3.0000 tried=5 sep_labels=16 clique_frac=0.07
t=6858ms iter=156 REBUILD reject new_tc=21.9225 (was 21.7259)
t=6878ms iter=156 incumb=21.7259 ratchet=21.8175 best=21.7254 since_improve=91
t=6880ms iter=157 WAIST cost=19.0000 best_alt=16.0000 gap=3.0000 tried=5 sep_labels=16 clique_frac=0.07
t=6894ms iter=157 REBUILD reject new_tc=21.9995 (was 21.7259)
t=6915ms iter=157 incumb=21.7259 ratchet=22.0597 best=21.7254 since_improve=92
t=6917ms iter=158 WAIST cost=19.0000 best_alt=15.0000 gap=4.0000 tried=5 sep_labels=15 clique_frac=0.06
t=6936ms iter=158 REBUILD reject new_tc=21.7400 (was 21.7259)
t=6957ms iter=158 incumb=21.7259 ratchet=21.9245 best=21.7254 since_improve=93
t=6958ms iter=159 WAIST cost=19.0000 best_alt=15.0000 gap=4.0000 tried=5 sep_labels=15 clique_frac=0.08
t=6978ms iter=159 REBUILD reject new_tc=21.8938 (was 21.7259)
t=6998ms iter=159 incumb=21.7259 ratchet=21.7568 best=21.7254 since_improve=94
t=7000ms iter=160 WAIST cost=19.0000 best_alt=15.0000 gap=4.0000 tried=5 sep_labels=15 clique_frac=0.08
t=7019ms iter=160 REBUILD reject new_tc=22.2433 (was 21.7259)
t=7040ms iter=160 incumb=21.7259 ratchet=21.7554 best=21.7254 since_improve=95
t=7042ms iter=161 WAIST cost=19.0000 best_alt=16.0000 gap=3.0000 tried=5 sep_labels=16 clique_frac=0.07
t=7056ms iter=161 REBUILD reject new_tc=22.1586 (was 21.7259)
t=7076ms iter=161 incumb=21.7259 ratchet=21.7967 best=21.7254 since_improve=96
t=7078ms iter=162 WAIST cost=19.0000 best_alt=15.0000 gap=4.0000 tried=5 sep_labels=15 clique_frac=0.05
t=7097ms iter=162 REBUILD reject new_tc=21.9980 (was 21.7259)
t=7118ms iter=162 incumb=21.7259 ratchet=21.7642 best=21.7254 since_improve=97
t=7120ms iter=163 WAIST cost=19.0000 best_alt=15.0000 gap=4.0000 tried=5 sep_labels=15 clique_frac=0.05
t=7139ms iter=163 REBUILD reject new_tc=21.8448 (was 21.7259)
t=7160ms iter=163 incumb=21.7259 ratchet=21.8963 best=21.7254 since_improve=98
t=7161ms iter=164 WAIST cost=19.0000 best_alt=15.0000 gap=4.0000 tried=5 sep_labels=15 clique_frac=0.07
t=7181ms iter=164 REBUILD reject new_tc=21.8062 (was 21.7259)
t=7201ms iter=164 incumb=21.7259 ratchet=21.9648 best=21.7254 since_improve=99
t=7202ms iter=165 WAIST cost=19.0000 best_alt=16.0000 gap=3.0000 tried=5 sep_labels=16 clique_frac=0.07
t=7216ms iter=165 REBUILD reject new_tc=21.8567 (was 21.7259)
t=7237ms iter=165 incumb=21.7259 ratchet=21.8466 best=21.7254 since_improve=100
t=7238ms iter=166 WAIST cost=19.0000 best_alt=15.0000 gap=4.0000 tried=5 sep_labels=15 clique_frac=0.05
t=7258ms iter=166 REBUILD reject new_tc=22.5067 (was 21.7259)
t=7278ms iter=166 incumb=21.7259 ratchet=21.9182 best=21.7254 since_improve=101
t=7280ms iter=167 WAIST cost=19.0000 best_alt=16.0000 gap=3.0000 tried=5 sep_labels=16 clique_frac=0.07
t=7294ms iter=167 REBUILD reject new_tc=22.4105 (was 21.7259)
t=7315ms iter=167 incumb=21.7259 ratchet=21.7950 best=21.7254 since_improve=102
t=7316ms iter=168 WAIST cost=19.0000 best_alt=15.0000 gap=4.0000 tried=5 sep_labels=15 clique_frac=0.07
t=7336ms iter=168 REBUILD reject new_tc=22.2506 (was 21.7259)
t=7356ms iter=168 incumb=21.7259 ratchet=21.7651 best=21.7254 since_improve=103
t=7358ms iter=169 WAIST cost=19.0000 best_alt=15.0000 gap=4.0000 tried=5 sep_labels=15 clique_frac=0.08
t=7377ms iter=169 REBUILD reject new_tc=22.3255 (was 21.7259)
t=7398ms iter=169 incumb=21.7259 ratchet=21.7805 best=21.7254 since_improve=104
t=7399ms iter=170 WAIST cost=19.0000 best_alt=15.0000 gap=4.0000 tried=5 sep_labels=15 clique_frac=0.08
t=7418ms iter=170 REBUILD reject new_tc=21.9231 (was 21.7259)
t=7439ms iter=170 incumb=21.7259 ratchet=21.9349 best=21.7254 since_improve=105
t=7441ms iter=171 WAIST cost=19.0000 best_alt=15.0000 gap=4.0000 tried=5 sep_labels=15 clique_frac=0.08
t=7460ms iter=171 REBUILD reject new_tc=22.0862 (was 21.7259)
t=7480ms iter=171 incumb=21.7259 ratchet=21.9315 best=21.7254 since_improve=106
t=7482ms iter=172 WAIST cost=19.0000 best_alt=15.0000 gap=4.0000 tried=5 sep_labels=15 clique_frac=0.05
t=7501ms iter=172 REBUILD reject new_tc=22.0875 (was 21.7259)
t=7522ms iter=172 incumb=21.7259 ratchet=21.8335 best=21.7254 since_improve=107
t=7523ms iter=173 WAIST cost=19.0000 best_alt=15.0000 gap=4.0000 tried=5 sep_labels=15 clique_frac=0.08
t=7543ms iter=173 REBUILD reject new_tc=21.8597 (was 21.7259)
t=7564ms iter=173 incumb=21.7259 ratchet=21.9286 best=21.7254 since_improve=108
t=7565ms iter=174 WAIST cost=19.0000 best_alt=16.0000 gap=3.0000 tried=5 sep_labels=16 clique_frac=0.07
t=7579ms iter=174 REBUILD reject new_tc=21.7717 (was 21.7259)
t=7600ms iter=174 incumb=21.7259 ratchet=21.8623 best=21.7254 since_improve=109
t=7601ms iter=175 WAIST cost=19.0000 best_alt=16.0000 gap=3.0000 tried=5 sep_labels=16 clique_frac=0.07
t=7615ms iter=175 REBUILD reject new_tc=21.8385 (was 21.7259)
t=7636ms iter=175 incumb=21.7259 ratchet=21.7465 best=21.7254 since_improve=110
t=7637ms iter=176 WAIST cost=19.0000 best_alt=15.0000 gap=4.0000 tried=5 sep_labels=15 clique_frac=0.02
t=7656ms iter=176 REBUILD reject new_tc=21.8376 (was 21.7259)
t=7676ms iter=176 incumb=21.7259 ratchet=21.7760 best=21.7254 since_improve=111
t=7677ms iter=177 WAIST cost=19.0000 best_alt=15.0000 gap=4.0000 tried=5 sep_labels=15 clique_frac=0.08
t=7697ms iter=177 REBUILD reject new_tc=21.9052 (was 21.7259)
t=7718ms iter=177 incumb=21.7259 ratchet=22.1308 best=21.7254 since_improve=112
t=7719ms iter=178 WAIST cost=19.0000 best_alt=16.0000 gap=3.0000 tried=5 sep_labels=16 clique_frac=0.07
t=7733ms iter=178 REBUILD reject new_tc=22.3259 (was 21.7259)
t=7754ms iter=178 incumb=21.7259 ratchet=21.9077 best=21.7254 since_improve=113
t=7755ms iter=179 WAIST cost=19.0000 best_alt=15.0000 gap=4.0000 tried=5 sep_labels=15 clique_frac=0.04
t=7775ms iter=179 REBUILD reject new_tc=21.7889 (was 21.7259)
t=7795ms iter=179 incumb=21.7259 ratchet=21.7537 best=21.7254 since_improve=114
t=7797ms iter=180 WAIST cost=19.0000 best_alt=15.0000 gap=4.0000 tried=5 sep_labels=15 clique_frac=0.05
t=7816ms iter=180 REBUILD reject new_tc=22.0869 (was 21.7259)
t=7837ms iter=180 incumb=21.7259 ratchet=21.8872 best=21.7254 since_improve=115
t=7838ms iter=181 WAIST cost=19.0000 best_alt=15.0000 gap=4.0000 tried=5 sep_labels=15 clique_frac=0.02
t=7857ms iter=181 REBUILD reject new_tc=21.8694 (was 21.7259)
t=7878ms iter=181 incumb=21.7259 ratchet=21.7787 best=21.7254 since_improve=116
t=7880ms iter=182 WAIST cost=19.0000 best_alt=15.0000 gap=4.0000 tried=5 sep_labels=15 clique_frac=0.05
t=7899ms iter=182 REBUILD reject new_tc=21.8524 (was 21.7259)
t=7919ms iter=182 incumb=21.7259 ratchet=21.7968 best=21.7254 since_improve=117
t=7921ms iter=183 WAIST cost=19.0000 best_alt=15.0000 gap=4.0000 tried=5 sep_labels=15 clique_frac=0.07
t=7940ms iter=183 REBUILD reject new_tc=22.1688 (was 21.7259)
t=7961ms iter=183 incumb=21.7259 ratchet=21.7528 best=21.7254 since_improve=118
t=7962ms iter=184 WAIST cost=19.0000 best_alt=15.0000 gap=4.0000 tried=5 sep_labels=15 clique_frac=0.07
t=7982ms iter=184 REBUILD reject new_tc=22.2154 (was 21.7259)
t=8002ms iter=184 incumb=21.7259 ratchet=21.8416 best=21.7254 since_improve=119
t=8004ms iter=185 WAIST cost=19.0000 best_alt=15.0000 gap=4.0000 tried=5 sep_labels=15 clique_frac=0.02
t=8023ms iter=185 REBUILD reject new_tc=21.8696 (was 21.7259)
t=8044ms iter=185 incumb=21.7259 ratchet=21.8976 best=21.7254 since_improve=120
t=8045ms iter=186 WAIST cost=19.0000 best_alt=15.0000 gap=4.0000 tried=5 sep_labels=15 clique_frac=0.02
t=8064ms iter=186 REBUILD reject new_tc=22.1475 (was 21.7259)
t=8085ms iter=186 incumb=21.7259 ratchet=21.7935 best=21.7254 since_improve=121
t=8086ms iter=187 WAIST cost=19.0000 best_alt=15.0000 gap=4.0000 tried=5 sep_labels=15 clique_frac=0.02
t=8105ms iter=187 REBUILD reject new_tc=21.8207 (was 21.7259)
t=8126ms iter=187 incumb=21.7259 ratchet=21.7413 best=21.7254 since_improve=122
t=8127ms iter=188 WAIST cost=19.0000 best_alt=15.0000 gap=4.0000 tried=5 sep_labels=15 clique_frac=0.05
t=8147ms iter=188 REBUILD reject new_tc=21.8233 (was 21.7259)
t=8167ms iter=188 incumb=21.7259 ratchet=22.0814 best=21.7254 since_improve=123
t=8169ms iter=189 WAIST cost=19.0000 best_alt=16.0000 gap=3.0000 tried=5 sep_labels=16 clique_frac=0.07
t=8182ms iter=189 REBUILD reject new_tc=21.7721 (was 21.7259)
t=8204ms iter=189 incumb=21.7259 ratchet=21.8154 best=21.7254 since_improve=124
t=8205ms iter=190 WAIST cost=19.0000 best_alt=16.0000 gap=3.0000 tried=5 sep_labels=16 clique_frac=0.07
t=8219ms iter=190 REBUILD reject new_tc=22.1216 (was 21.7259)
t=8240ms iter=190 incumb=21.7259 ratchet=21.8075 best=21.7254 since_improve=125
t=8241ms iter=191 WAIST cost=19.0000 best_alt=15.0000 gap=4.0000 tried=5 sep_labels=15 clique_frac=0.02
t=8260ms iter=191 REBUILD reject new_tc=21.8834 (was 21.7259)
t=8281ms iter=191 incumb=21.7259 ratchet=21.7387 best=21.7254 since_improve=126
t=8282ms iter=192 WAIST cost=19.0000 best_alt=15.0000 gap=4.0000 tried=5 sep_labels=15 clique_frac=0.10
t=8302ms iter=192 REBUILD reject new_tc=21.9448 (was 21.7259)
t=8322ms iter=192 incumb=21.7259 ratchet=22.0864 best=21.7254 since_improve=127
t=8323ms iter=193 WAIST cost=19.0000 best_alt=15.0000 gap=4.0000 tried=5 sep_labels=15 clique_frac=0.06
t=8343ms iter=193 REBUILD reject new_tc=21.7265 (was 21.7259)
t=8363ms iter=193 incumb=21.7259 ratchet=21.8570 best=21.7254 since_improve=128
t=8365ms iter=194 WAIST cost=19.0000 best_alt=15.0000 gap=4.0000 tried=5 sep_labels=15 clique_frac=0.10
t=8384ms iter=194 REBUILD reject new_tc=21.8454 (was 21.7259)
t=8405ms iter=194 incumb=21.7259 ratchet=21.8558 best=21.7254 since_improve=129
t=8406ms iter=195 WAIST cost=19.0000 best_alt=15.0000 gap=4.0000 tried=5 sep_labels=15 clique_frac=0.08
t=8426ms iter=195 REBUILD reject new_tc=22.1892 (was 21.7259)
t=8447ms iter=195 incumb=21.7259 ratchet=21.9100 best=21.7254 since_improve=130
t=8448ms iter=196 WAIST cost=19.0000 best_alt=16.0000 gap=3.0000 tried=5 sep_labels=16 clique_frac=0.07
t=8462ms iter=196 REBUILD reject new_tc=21.9536 (was 21.7259)
t=8482ms iter=196 incumb=21.7259 ratchet=21.8062 best=21.7254 since_improve=131
t=8484ms iter=197 WAIST cost=19.0000 best_alt=16.0000 gap=3.0000 tried=5 sep_labels=16 clique_frac=0.07
t=8498ms iter=197 REBUILD reject new_tc=22.0975 (was 21.7259)
t=8518ms iter=197 incumb=21.7259 ratchet=21.7676 best=21.7254 since_improve=132
t=8520ms iter=198 WAIST cost=19.0000 best_alt=16.0000 gap=3.0000 tried=5 sep_labels=16 clique_frac=0.07
t=8534ms iter=198 REBUILD reject new_tc=22.1690 (was 21.7259)
t=8555ms iter=198 incumb=21.7259 ratchet=21.8738 best=21.7254 since_improve=133
t=8556ms iter=199 WAIST cost=19.0000 best_alt=15.0000 gap=4.0000 tried=5 sep_labels=15 clique_frac=0.08
t=8576ms iter=199 REBUILD reject new_tc=21.8674 (was 21.7259)
t=8596ms iter=199 incumb=21.7259 ratchet=21.7799 best=21.7254 since_improve=134
t=8598ms iter=200 WAIST cost=19.0000 best_alt=16.0000 gap=3.0000 tried=5 sep_labels=16 clique_frac=0.07
t=8612ms iter=200 REBUILD reject new_tc=21.9052 (was 21.7259)
t=8633ms iter=200 incumb=21.7259 ratchet=21.9546 best=21.7254 since_improve=135
t=8634ms iter=201 WAIST cost=19.0000 best_alt=16.0000 gap=3.0000 tried=5 sep_labels=16 clique_frac=0.07
t=8648ms iter=201 REBUILD reject new_tc=21.9512 (was 21.7259)
t=8669ms iter=201 incumb=21.7259 ratchet=21.8146 best=21.7254 since_improve=136
t=8670ms iter=202 WAIST cost=19.0000 best_alt=16.0000 gap=3.0000 tried=5 sep_labels=16 clique_frac=0.07
t=8684ms iter=202 REBUILD reject new_tc=22.2620 (was 21.7259)
t=8705ms iter=202 incumb=21.7259 ratchet=21.8980 best=21.7254 since_improve=137
t=8706ms iter=203 WAIST cost=19.0000 best_alt=16.0000 gap=3.0000 tried=5 sep_labels=16 clique_frac=0.07
t=8720ms iter=203 REBUILD reject new_tc=21.8051 (was 21.7259)
t=8741ms iter=203 incumb=21.7259 ratchet=21.9572 best=21.7254 since_improve=138
t=8742ms iter=204 WAIST cost=19.0000 best_alt=15.0000 gap=4.0000 tried=5 sep_labels=15 clique_frac=0.08
t=8762ms iter=204 REBUILD reject new_tc=22.0974 (was 21.7259)
t=8782ms iter=204 incumb=21.7259 ratchet=21.7520 best=21.7254 since_improve=139
t=8784ms iter=205 WAIST cost=19.0000 best_alt=15.0000 gap=4.0000 tried=5 sep_labels=15 clique_frac=0.07
t=8803ms iter=205 REBUILD reject new_tc=21.8970 (was 21.7259)
t=8824ms iter=205 incumb=21.7259 ratchet=21.8087 best=21.7254 since_improve=140
t=8825ms iter=206 WAIST cost=19.0000 best_alt=16.0000 gap=3.0000 tried=5 sep_labels=16 clique_frac=0.07
t=8839ms iter=206 REBUILD reject new_tc=22.1775 (was 21.7259)
t=8859ms iter=206 incumb=21.7259 ratchet=21.8569 best=21.7254 since_improve=141
t=8861ms iter=207 WAIST cost=19.0000 best_alt=15.0000 gap=4.0000 tried=5 sep_labels=15 clique_frac=0.07
t=8880ms iter=207 REBUILD reject new_tc=22.1672 (was 21.7259)
t=8901ms iter=207 incumb=21.7259 ratchet=22.1531 best=21.7254 since_improve=142
t=8902ms iter=208 WAIST cost=19.0000 best_alt=15.0000 gap=4.0000 tried=5 sep_labels=15 clique_frac=0.08
t=8922ms iter=208 REBUILD reject new_tc=21.9495 (was 21.7259)
t=8942ms iter=208 incumb=21.7259 ratchet=21.7303 best=21.7254 since_improve=143
t=8943ms iter=209 WAIST cost=19.0000 best_alt=16.0000 gap=3.0000 tried=5 sep_labels=16 clique_frac=0.07
t=8957ms iter=209 REBUILD reject new_tc=21.8446 (was 21.7259)
t=8978ms iter=209 incumb=21.7259 ratchet=21.7654 best=21.7254 since_improve=144
t=8979ms iter=210 WAIST cost=19.0000 best_alt=15.0000 gap=4.0000 tried=5 sep_labels=15 clique_frac=0.05
t=8998ms iter=210 REBUILD reject new_tc=22.0393 (was 21.7259)
t=9019ms iter=210 incumb=21.7259 ratchet=21.7517 best=21.7254 since_improve=145
t=9021ms iter=211 WAIST cost=19.0000 best_alt=15.0000 gap=4.0000 tried=5 sep_labels=15 clique_frac=0.02
t=9040ms iter=211 REBUILD reject new_tc=22.8415 (was 21.7259)
t=9060ms iter=211 incumb=21.7259 ratchet=21.8596 best=21.7254 since_improve=146
t=9061ms iter=212 WAIST cost=19.0000 best_alt=15.0000 gap=4.0000 tried=5 sep_labels=15 clique_frac=0.08
t=9081ms iter=212 REBUILD reject new_tc=22.0249 (was 21.7259)
t=9102ms iter=212 incumb=21.7259 ratchet=21.8908 best=21.7254 since_improve=147
t=9103ms iter=213 WAIST cost=19.0000 best_alt=15.0000 gap=4.0000 tried=5 sep_labels=15 clique_frac=0.08
t=9122ms iter=213 REBUILD reject new_tc=22.1066 (was 21.7259)
t=9143ms iter=213 incumb=21.7259 ratchet=22.0023 best=21.7254 since_improve=148
t=9144ms iter=214 WAIST cost=19.0000 best_alt=15.0000 gap=4.0000 tried=5 sep_labels=15 clique_frac=0.08
t=9164ms iter=214 REBUILD reject new_tc=21.8637 (was 21.7259)
t=9180ms iter=214 incumb=21.7259 ratchet=21.7755 best=21.7254 since_improve=149
t=9180ms iter=215 WAIST cost=19.0000 best_alt=15.0000 gap=4.0000 tried=5 sep_labels=15 clique_frac=0.05
t=9193ms iter=215 REBUILD reject new_tc=21.9658 (was 21.7259)
t=9208ms iter=215 incumb=21.7259 ratchet=22.0970 best=21.7254 since_improve=150
t=9208ms iter=216 WAIST cost=19.0000 best_alt=15.0000 gap=4.0000 tried=5 sep_labels=15 clique_frac=0.05
t=9226ms iter=216 REBUILD reject new_tc=22.3391 (was 21.7259)
t=9247ms iter=216 incumb=21.7259 ratchet=21.7395 best=21.7254 since_improve=151
t=9249ms iter=217 WAIST cost=19.0000 best_alt=16.0000 gap=3.0000 tried=5 sep_labels=16 clique_frac=0.07
t=9263ms iter=217 REBUILD reject new_tc=22.1066 (was 21.7259)
t=9283ms iter=217 incumb=21.7259 ratchet=21.8841 best=21.7254 since_improve=152
t=9285ms iter=218 WAIST cost=19.0000 best_alt=15.0000 gap=4.0000 tried=5 sep_labels=15 clique_frac=0.08
t=9304ms iter=218 REBUILD reject new_tc=22.3263 (was 21.7259)
t=9325ms iter=218 incumb=21.7259 ratchet=21.9701 best=21.7254 since_improve=153
t=9326ms iter=219 WAIST cost=19.0000 best_alt=15.0000 gap=4.0000 tried=5 sep_labels=15 clique_frac=0.08
t=9346ms iter=219 REBUILD reject new_tc=21.9405 (was 21.7259)
t=9366ms iter=219 incumb=21.7259 ratchet=22.1092 best=21.7254 since_improve=154
t=9368ms iter=220 WAIST cost=19.0000 best_alt=15.0000 gap=4.0000 tried=5 sep_labels=15 clique_frac=0.08
t=9387ms iter=220 REBUILD reject new_tc=21.9049 (was 21.7259)
t=9408ms iter=220 incumb=21.7259 ratchet=21.7918 best=21.7254 since_improve=155
t=9409ms iter=221 WAIST cost=19.0000 best_alt=15.0000 gap=4.0000 tried=5 sep_labels=15 clique_frac=0.05
t=9428ms iter=221 REBUILD reject new_tc=22.7555 (was 21.7259)
t=9449ms iter=221 incumb=21.7259 ratchet=21.9849 best=21.7254 since_improve=156
t=9450ms iter=222 WAIST cost=19.0000 best_alt=15.0000 gap=4.0000 tried=5 sep_labels=15 clique_frac=0.10
t=9469ms iter=222 REBUILD reject new_tc=22.1308 (was 21.7259)
t=9490ms iter=222 incumb=21.7259 ratchet=21.7948 best=21.7254 since_improve=157
t=9491ms iter=223 WAIST cost=19.0000 best_alt=16.0000 gap=3.0000 tried=5 sep_labels=16 clique_frac=0.07
t=9506ms iter=223 REBUILD reject new_tc=22.1107 (was 21.7259)
t=9526ms iter=223 incumb=21.7259 ratchet=21.8049 best=21.7254 since_improve=158
t=9527ms iter=224 WAIST cost=19.0000 best_alt=15.0000 gap=4.0000 tried=5 sep_labels=15 clique_frac=0.08
t=9547ms iter=224 REBUILD reject new_tc=21.7660 (was 21.7259)
t=9568ms iter=224 incumb=21.7259 ratchet=21.8942 best=21.7254 since_improve=159
t=9569ms iter=225 WAIST cost=19.0000 best_alt=16.0000 gap=3.0000 tried=5 sep_labels=16 clique_frac=0.07
t=9583ms iter=225 REBUILD reject new_tc=22.2840 (was 21.7259)
t=9604ms iter=225 incumb=21.7259 ratchet=22.0178 best=21.7254 since_improve=160
t=9606ms iter=226 WAIST cost=19.0000 best_alt=15.0000 gap=4.0000 tried=5 sep_labels=15 clique_frac=0.05
t=9625ms iter=226 REBUILD reject new_tc=21.8786 (was 21.7259)
t=9646ms iter=226 incumb=21.7259 ratchet=21.7525 best=21.7254 since_improve=161
t=9648ms iter=227 WAIST cost=19.0000 best_alt=15.0000 gap=4.0000 tried=5 sep_labels=15 clique_frac=0.08
t=9667ms iter=227 REBUILD reject new_tc=22.1312 (was 21.7259)
t=9688ms iter=227 incumb=21.7259 ratchet=21.8538 best=21.7254 since_improve=162
t=9689ms iter=228 WAIST cost=19.0000 best_alt=16.0000 gap=3.0000 tried=5 sep_labels=16 clique_frac=0.07
t=9703ms iter=228 REBUILD reject new_tc=21.9544 (was 21.7259)
t=9724ms iter=228 incumb=21.7259 ratchet=21.8313 best=21.7254 since_improve=163
t=9725ms iter=229 WAIST cost=19.0000 best_alt=15.0000 gap=4.0000 tried=5 sep_labels=15 clique_frac=0.02
t=9745ms iter=229 REBUILD reject new_tc=21.9296 (was 21.7259)
t=9765ms iter=229 incumb=21.7259 ratchet=21.7953 best=21.7254 since_improve=164
t=9766ms iter=230 WAIST cost=19.0000 best_alt=15.0000 gap=4.0000 tried=5 sep_labels=15 clique_frac=0.07
t=9786ms iter=230 REBUILD reject new_tc=21.8555 (was 21.7259)
t=9807ms iter=230 incumb=21.7259 ratchet=21.9124 best=21.7254 since_improve=165
t=9808ms iter=231 WAIST cost=19.0000 best_alt=16.0000 gap=3.0000 tried=5 sep_labels=16 clique_frac=0.07
t=9821ms iter=231 REBUILD reject new_tc=21.7616 (was 21.7259)
t=9842ms iter=231 incumb=21.7259 ratchet=21.9753 best=21.7254 since_improve=166
t=9843ms iter=232 WAIST cost=19.0000 best_alt=15.0000 gap=4.0000 tried=5 sep_labels=15 clique_frac=0.08
t=9862ms iter=232 REBUILD reject new_tc=22.1205 (was 21.7259)
t=9882ms iter=232 incumb=21.7259 ratchet=21.7756 best=21.7254 since_improve=167
t=9883ms iter=233 WAIST cost=19.0000 best_alt=15.0000 gap=4.0000 tried=5 sep_labels=15 clique_frac=0.06
t=9903ms iter=233 REBUILD reject new_tc=21.7797 (was 21.7259)
t=9924ms iter=233 incumb=21.7259 ratchet=21.8943 best=21.7254 since_improve=168
t=9925ms iter=234 WAIST cost=19.0000 best_alt=15.0000 gap=4.0000 tried=5 sep_labels=15 clique_frac=0.06
t=9944ms iter=234 REBUILD reject new_tc=21.7274 (was 21.7259)
t=9965ms iter=234 incumb=21.7259 ratchet=21.8958 best=21.7254 since_improve=169
t=9966ms iter=235 WAIST cost=19.0000 best_alt=15.0000 gap=4.0000 tried=5 sep_labels=15 clique_frac=0.07
t=9985ms iter=235 REBUILD reject new_tc=21.7628 (was 21.7259)
t=10007ms iter=235 incumb=21.7259 ratchet=21.8358 best=21.7254 since_improve=170
t=10008ms iter=236 WAIST cost=19.0000 best_alt=15.0000 gap=4.0000 tried=5 sep_labels=15 clique_frac=0.05
t=10027ms iter=236 REBUILD reject new_tc=22.4094 (was 21.7259)
t=10056ms iter=236 incumb=21.7259 ratchet=21.8073 best=21.7247 since_improve=171
t=10057ms iter=237 WAIST cost=19.0000 best_alt=15.0000 gap=4.0000 tried=5 sep_labels=15 clique_frac=0.06
t=10076ms iter=237 REBUILD reject new_tc=21.7934 (was 21.7259)
t=10097ms iter=237 incumb=21.7259 ratchet=21.8558 best=21.7247 since_improve=172
t=10098ms iter=238 WAIST cost=19.0000 best_alt=16.0000 gap=3.0000 tried=5 sep_labels=16 clique_frac=0.07
t=10111ms iter=238 REBUILD reject new_tc=22.0314 (was 21.7259)
t=10132ms iter=238 incumb=21.7259 ratchet=21.7746 best=21.7247 since_improve=173
t=10133ms iter=239 WAIST cost=19.0000 best_alt=16.0000 gap=3.0000 tried=5 sep_labels=16 clique_frac=0.07
t=10147ms iter=239 REBUILD reject new_tc=22.3573 (was 21.7259)
t=10168ms iter=239 incumb=21.7259 ratchet=21.9376 best=21.7247 since_improve=174
t=10169ms iter=240 WAIST cost=19.0000 best_alt=15.0000 gap=4.0000 tried=5 sep_labels=15 clique_frac=0.02
t=10188ms iter=240 REBUILD reject new_tc=21.9019 (was 21.7259)
t=10209ms iter=240 incumb=21.7259 ratchet=21.9186 best=21.7247 since_improve=175
t=10210ms iter=241 WAIST cost=19.0000 best_alt=15.0000 gap=4.0000 tried=5 sep_labels=15 clique_frac=0.08
t=10230ms iter=241 REBUILD reject new_tc=22.2431 (was 21.7259)
t=10250ms iter=241 incumb=21.7259 ratchet=21.7607 best=21.7247 since_improve=176
t=10252ms iter=242 WAIST cost=19.0000 best_alt=16.0000 gap=3.0000 tried=5 sep_labels=16 clique_frac=0.07
t=10265ms iter=242 REBUILD reject new_tc=21.9499 (was 21.7259)
t=10286ms iter=242 incumb=21.7259 ratchet=21.7420 best=21.7247 since_improve=177
t=10287ms iter=243 WAIST cost=19.0000 best_alt=15.0000 gap=4.0000 tried=5 sep_labels=15 clique_frac=0.08
t=10307ms iter=243 REBUILD reject new_tc=21.8649 (was 21.7259)
t=10327ms iter=243 incumb=21.7259 ratchet=21.8967 best=21.7247 since_improve=178
t=10329ms iter=244 WAIST cost=19.0000 best_alt=15.0000 gap=4.0000 tried=5 sep_labels=15 clique_frac=0.08
t=10349ms iter=244 REBUILD reject new_tc=21.9065 (was 21.7259)
t=10369ms iter=244 incumb=21.7259 ratchet=21.8212 best=21.7247 since_improve=179
t=10370ms iter=245 WAIST cost=19.0000 best_alt=16.0000 gap=3.0000 tried=5 sep_labels=16 clique_frac=0.07
t=10384ms iter=245 REBUILD reject new_tc=22.1768 (was 21.7259)
t=10404ms iter=245 incumb=21.7259 ratchet=21.9307 best=21.7247 since_improve=180
t=10406ms iter=246 WAIST cost=19.0000 best_alt=15.0000 gap=4.0000 tried=5 sep_labels=15 clique_frac=0.07
t=10425ms iter=246 REBUILD reject new_tc=22.1084 (was 21.7259)
t=10446ms iter=246 incumb=21.7259 ratchet=21.8073 best=21.7247 since_improve=181
t=10447ms iter=247 WAIST cost=19.0000 best_alt=15.0000 gap=4.0000 tried=5 sep_labels=15 clique_frac=0.10
t=10467ms iter=247 REBUILD reject new_tc=21.8448 (was 21.7259)
t=10487ms iter=247 incumb=21.7259 ratchet=21.8555 best=21.7247 since_improve=182
t=10489ms iter=248 WAIST cost=19.0000 best_alt=16.0000 gap=3.0000 tried=5 sep_labels=16 clique_frac=0.07
t=10503ms iter=248 REBUILD reject new_tc=21.8285 (was 21.7259)
t=10523ms iter=248 incumb=21.7259 ratchet=21.7925 best=21.7247 since_improve=183
t=10524ms iter=249 WAIST cost=19.0000 best_alt=16.0000 gap=3.0000 tried=5 sep_labels=16 clique_frac=0.07
t=10538ms iter=249 REBUILD reject new_tc=22.1497 (was 21.7259)
t=10566ms iter=249 incumb=21.7259 ratchet=21.7660 best=21.7135 since_improve=184
t=10568ms iter=250 WAIST cost=19.0000 best_alt=15.0000 gap=4.0000 tried=5 sep_labels=15 clique_frac=0.02
t=10587ms iter=250 REBUILD reject new_tc=21.9191 (was 21.7259)
t=10607ms iter=250 incumb=21.7259 ratchet=21.9078 best=21.7135 since_improve=185
t=10608ms iter=251 WAIST cost=19.0000 best_alt=16.0000 gap=3.0000 tried=5 sep_labels=16 clique_frac=0.07
t=10622ms iter=251 REBUILD reject new_tc=22.1085 (was 21.7259)
t=10643ms iter=251 incumb=21.7259 ratchet=21.7693 best=21.7135 since_improve=186
t=10645ms iter=252 WAIST cost=19.0000 best_alt=15.0000 gap=4.0000 tried=5 sep_labels=15 clique_frac=0.07
t=10664ms iter=252 REBUILD reject new_tc=22.1504 (was 21.7259)
t=10685ms iter=252 incumb=21.7259 ratchet=21.7632 best=21.7135 since_improve=187
t=10686ms iter=253 WAIST cost=19.0000 best_alt=15.0000 gap=4.0000 tried=5 sep_labels=15 clique_frac=0.08
t=10706ms iter=253 REBUILD reject new_tc=21.9066 (was 21.7259)
t=10727ms iter=253 incumb=21.7259 ratchet=21.8339 best=21.7135 since_improve=188
t=10728ms iter=254 WAIST cost=19.0000 best_alt=15.0000 gap=4.0000 tried=5 sep_labels=15 clique_frac=0.05
t=10748ms iter=254 REBUILD reject new_tc=21.8019 (was 21.7259)
t=10768ms iter=254 incumb=21.7259 ratchet=21.8061 best=21.7135 since_improve=189
t=10770ms iter=255 WAIST cost=19.0000 best_alt=15.0000 gap=4.0000 tried=5 sep_labels=15 clique_frac=0.02
t=10789ms iter=255 REBUILD reject new_tc=22.2043 (was 21.7259)
t=10809ms iter=255 incumb=21.7259 ratchet=22.0276 best=21.7135 since_improve=190
t=10811ms iter=256 WAIST cost=19.0000 best_alt=15.0000 gap=4.0000 tried=5 sep_labels=15 clique_frac=0.05
t=10830ms iter=256 REBUILD reject new_tc=21.8921 (was 21.7259)
t=10851ms iter=256 incumb=21.7259 ratchet=21.8564 best=21.7135 since_improve=191
t=10852ms iter=257 WAIST cost=19.0000 best_alt=15.0000 gap=4.0000 tried=5 sep_labels=15 clique_frac=0.08
t=10871ms iter=257 REBUILD reject new_tc=22.2508 (was 21.7259)
t=10892ms iter=257 incumb=21.7259 ratchet=22.0212 best=21.7135 since_improve=192
t=10894ms iter=258 WAIST cost=19.0000 best_alt=15.0000 gap=4.0000 tried=5 sep_labels=15 clique_frac=0.08
t=10913ms iter=258 REBUILD reject new_tc=22.1176 (was 21.7259)
t=10934ms iter=258 incumb=21.7259 ratchet=21.8457 best=21.7135 since_improve=193
t=10935ms iter=259 WAIST cost=19.0000 best_alt=16.0000 gap=3.0000 tried=5 sep_labels=16 clique_frac=0.07
t=10949ms iter=259 REBUILD reject new_tc=22.4136 (was 21.7259)
t=10969ms iter=259 incumb=21.7259 ratchet=21.9316 best=21.7135 since_improve=194
t=10970ms iter=260 WAIST cost=19.0000 best_alt=15.0000 gap=4.0000 tried=5 sep_labels=15 clique_frac=0.10
t=10990ms iter=260 REBUILD reject new_tc=21.8670 (was 21.7259)
t=11010ms iter=260 incumb=21.7259 ratchet=21.7851 best=21.7135 since_improve=195
t=11011ms iter=261 WAIST cost=19.0000 best_alt=15.0000 gap=4.0000 tried=5 sep_labels=15 clique_frac=0.07
t=11031ms iter=261 REBUILD reject new_tc=21.7418 (was 21.7259)
t=11060ms iter=261 incumb=21.7259 ratchet=21.7165 best=21.7113 since_improve=0
t=11061ms iter=262 WAIST cost=19.0000 best_alt=16.0000 gap=3.0000 tried=5 sep_labels=16 clique_frac=0.06
t=11080ms iter=262 REBUILD reject new_tc=21.7566 (was 21.7165)
t=11100ms iter=262 incumb=21.7165 ratchet=21.7154 best=21.7113 since_improve=0
t=11101ms iter=263 WAIST cost=19.0000 best_alt=15.0000 gap=4.0000 tried=5 sep_labels=15 clique_frac=0.05
t=11121ms iter=263 REBUILD reject new_tc=21.9520 (was 21.7154)
t=11141ms iter=263 incumb=21.7154 ratchet=21.7835 best=21.7113 since_improve=1
t=11142ms iter=264 WAIST cost=19.0000 best_alt=15.0000 gap=4.0000 tried=5 sep_labels=15 clique_frac=0.05
t=11162ms iter=264 REBUILD reject new_tc=21.8115 (was 21.7154)
t=11182ms iter=264 incumb=21.7154 ratchet=21.8346 best=21.7113 since_improve=2
t=11184ms iter=265 WAIST cost=19.0000 best_alt=15.0000 gap=4.0000 tried=5 sep_labels=15 clique_frac=0.05
t=11203ms iter=265 REBUILD reject new_tc=21.7659 (was 21.7154)
t=11223ms iter=265 incumb=21.7154 ratchet=21.8487 best=21.7113 since_improve=3
t=11224ms iter=266 WAIST cost=19.0000 best_alt=15.0000 gap=4.0000 tried=5 sep_labels=15 clique_frac=0.05
t=11244ms iter=266 REBUILD reject new_tc=22.0425 (was 21.7154)
t=11265ms iter=266 incumb=21.7154 ratchet=21.9293 best=21.7113 since_improve=4
t=11266ms iter=267 WAIST cost=19.0000 best_alt=15.0000 gap=4.0000 tried=5 sep_labels=15 clique_frac=0.05
t=11285ms iter=267 REBUILD reject new_tc=22.1774 (was 21.7154)
t=11307ms iter=267 incumb=21.7154 ratchet=21.9091 best=21.7113 since_improve=5
t=11308ms iter=268 WAIST cost=19.0000 best_alt=15.0000 gap=4.0000 tried=5 sep_labels=15 clique_frac=0.05
t=11327ms iter=268 REBUILD reject new_tc=21.8626 (was 21.7154)
t=11348ms iter=268 incumb=21.7154 ratchet=21.7951 best=21.7113 since_improve=6
t=11349ms iter=269 WAIST cost=19.0000 best_alt=15.0000 gap=4.0000 tried=5 sep_labels=15 clique_frac=0.05
t=11369ms iter=269 REBUILD reject new_tc=21.8691 (was 21.7154)
t=11389ms iter=269 incumb=21.7154 ratchet=21.7425 best=21.7113 since_improve=7
t=11391ms iter=270 WAIST cost=19.0000 best_alt=15.0000 gap=4.0000 tried=5 sep_labels=15 clique_frac=0.05
t=11410ms iter=270 REBUILD reject new_tc=22.1767 (was 21.7154)
t=11430ms iter=270 incumb=21.7154 ratchet=21.9029 best=21.7113 since_improve=8
t=11432ms iter=271 WAIST cost=19.0000 best_alt=15.0000 gap=4.0000 tried=5 sep_labels=15 clique_frac=0.05
t=11451ms iter=271 REBUILD reject new_tc=21.9085 (was 21.7154)
t=11472ms iter=271 incumb=21.7154 ratchet=21.7573 best=21.7113 since_improve=9
t=11473ms iter=272 WAIST cost=19.0000 best_alt=15.0000 gap=4.0000 tried=5 sep_labels=15 clique_frac=0.05
t=11492ms iter=272 REBUILD reject new_tc=21.9664 (was 21.7154)
t=11513ms iter=272 incumb=21.7154 ratchet=21.7465 best=21.7113 since_improve=10
t=11514ms iter=273 WAIST cost=19.0000 best_alt=15.0000 gap=4.0000 tried=5 sep_labels=15 clique_frac=0.05
t=11533ms iter=273 REBUILD reject new_tc=22.3554 (was 21.7154)
t=11554ms iter=273 incumb=21.7154 ratchet=21.8332 best=21.7113 since_improve=11
t=11555ms iter=274 WAIST cost=19.0000 best_alt=15.0000 gap=4.0000 tried=5 sep_labels=15 clique_frac=0.05
t=11574ms iter=274 REBUILD reject new_tc=22.0025 (was 21.7154)
t=11595ms iter=274 incumb=21.7154 ratchet=21.9640 best=21.7113 since_improve=12
t=11597ms iter=275 WAIST cost=19.0000 best_alt=15.0000 gap=4.0000 tried=5 sep_labels=15 clique_frac=0.05
t=11616ms iter=275 REBUILD reject new_tc=21.9642 (was 21.7154)
t=11636ms iter=275 incumb=21.7154 ratchet=21.7580 best=21.7113 since_improve=13
t=11638ms iter=276 WAIST cost=19.0000 best_alt=15.0000 gap=4.0000 tried=5 sep_labels=15 clique_frac=0.05
t=11657ms iter=276 REBUILD reject new_tc=21.8182 (was 21.7154)
t=11678ms iter=276 incumb=21.7154 ratchet=21.8439 best=21.7113 since_improve=14
t=11679ms iter=277 WAIST cost=19.0000 best_alt=15.0000 gap=4.0000 tried=5 sep_labels=15 clique_frac=0.05
t=11698ms iter=277 REBUILD reject new_tc=21.8698 (was 21.7154)
t=11719ms iter=277 incumb=21.7154 ratchet=21.7529 best=21.7113 since_improve=15
t=11720ms iter=278 WAIST cost=19.0000 best_alt=15.0000 gap=4.0000 tried=5 sep_labels=15 clique_frac=0.05
t=11740ms iter=278 REBUILD reject new_tc=21.8060 (was 21.7154)
t=11761ms iter=278 incumb=21.7154 ratchet=21.7408 best=21.7113 since_improve=16
t=11762ms iter=279 WAIST cost=19.0000 best_alt=15.0000 gap=4.0000 tried=5 sep_labels=15 clique_frac=0.05
t=11781ms iter=279 REBUILD reject new_tc=21.8666 (was 21.7154)
t=11802ms iter=279 incumb=21.7154 ratchet=21.8462 best=21.7113 since_improve=17
t=11803ms iter=280 WAIST cost=19.0000 best_alt=15.0000 gap=4.0000 tried=5 sep_labels=15 clique_frac=0.05
t=11823ms iter=280 REBUILD reject new_tc=21.8250 (was 21.7154)
t=11843ms iter=280 incumb=21.7154 ratchet=21.8649 best=21.7113 since_improve=18
t=11844ms iter=281 WAIST cost=19.0000 best_alt=15.0000 gap=4.0000 tried=5 sep_labels=15 clique_frac=0.05
t=11863ms iter=281 REBUILD reject new_tc=22.0990 (was 21.7154)
t=11884ms iter=281 incumb=21.7154 ratchet=21.8178 best=21.7113 since_improve=19
t=11885ms iter=282 WAIST cost=19.0000 best_alt=15.0000 gap=4.0000 tried=5 sep_labels=15 clique_frac=0.05
t=11904ms iter=282 REBUILD reject new_tc=22.1348 (was 21.7154)
t=11925ms iter=282 incumb=21.7154 ratchet=21.8054 best=21.7113 since_improve=20
t=11927ms iter=283 WAIST cost=19.0000 best_alt=15.0000 gap=4.0000 tried=5 sep_labels=15 clique_frac=0.05
t=11946ms iter=283 REBUILD reject new_tc=21.7688 (was 21.7154)
t=11966ms iter=283 incumb=21.7154 ratchet=21.9054 best=21.7113 since_improve=21
t=11968ms iter=284 WAIST cost=19.0000 best_alt=15.0000 gap=4.0000 tried=5 sep_labels=15 clique_frac=0.05
t=11987ms iter=284 REBUILD reject new_tc=21.8168 (was 21.7154)
t=12007ms iter=284 incumb=21.7154 ratchet=21.8105 best=21.7113 since_improve=22
t=12009ms iter=285 WAIST cost=19.0000 best_alt=15.0000 gap=4.0000 tried=5 sep_labels=15 clique_frac=0.05
t=12028ms iter=285 REBUILD reject new_tc=22.1282 (was 21.7154)
t=12049ms iter=285 incumb=21.7154 ratchet=21.7404 best=21.7113 since_improve=23
t=12050ms iter=286 WAIST cost=19.0000 best_alt=15.0000 gap=4.0000 tried=5 sep_labels=15 clique_frac=0.05
t=12069ms iter=286 REBUILD reject new_tc=22.2614 (was 21.7154)
t=12089ms iter=286 incumb=21.7154 ratchet=21.7292 best=21.7113 since_improve=24
t=12091ms iter=287 WAIST cost=19.0000 best_alt=15.0000 gap=4.0000 tried=5 sep_labels=15 clique_frac=0.05
t=12110ms iter=287 REBUILD reject new_tc=22.2618 (was 21.7154)
t=12130ms iter=287 incumb=21.7154 ratchet=21.7529 best=21.7113 since_improve=25
t=12132ms iter=288 WAIST cost=19.0000 best_alt=15.0000 gap=4.0000 tried=5 sep_labels=15 clique_frac=0.05
t=12152ms iter=288 REBUILD reject new_tc=22.0856 (was 21.7154)
t=12172ms iter=288 incumb=21.7154 ratchet=21.7392 best=21.7113 since_improve=26
t=12173ms iter=289 WAIST cost=19.0000 best_alt=15.0000 gap=4.0000 tried=5 sep_labels=15 clique_frac=0.05
t=12192ms iter=289 REBUILD reject new_tc=22.4601 (was 21.7154)
t=12213ms iter=289 incumb=21.7154 ratchet=21.8580 best=21.7113 since_improve=27
t=12214ms iter=290 WAIST cost=19.0000 best_alt=15.0000 gap=4.0000 tried=5 sep_labels=15 clique_frac=0.05
t=12233ms iter=290 REBUILD reject new_tc=21.9964 (was 21.7154)
t=12254ms iter=290 incumb=21.7154 ratchet=21.7383 best=21.7113 since_improve=28
t=12255ms iter=291 WAIST cost=19.0000 best_alt=15.0000 gap=4.0000 tried=5 sep_labels=15 clique_frac=0.05
t=12274ms iter=291 REBUILD reject new_tc=21.9717 (was 21.7154)
t=12295ms iter=291 incumb=21.7154 ratchet=21.8483 best=21.7113 since_improve=29
t=12296ms iter=292 WAIST cost=19.0000 best_alt=15.0000 gap=4.0000 tried=5 sep_labels=15 clique_frac=0.05
t=12315ms iter=292 REBUILD reject new_tc=22.1789 (was 21.7154)
t=12336ms iter=292 incumb=21.7154 ratchet=21.7708 best=21.7113 since_improve=30
t=12338ms iter=293 WAIST cost=19.0000 best_alt=15.0000 gap=4.0000 tried=5 sep_labels=15 clique_frac=0.05
t=12357ms iter=293 REBUILD reject new_tc=21.9530 (was 21.7154)
t=12378ms iter=293 incumb=21.7154 ratchet=21.9020 best=21.7113 since_improve=31
t=12379ms iter=294 WAIST cost=19.0000 best_alt=15.0000 gap=4.0000 tried=5 sep_labels=15 clique_frac=0.05
t=12398ms iter=294 REBUILD reject new_tc=21.7816 (was 21.7154)
t=12419ms iter=294 incumb=21.7154 ratchet=21.8930 best=21.7113 since_improve=32
t=12420ms iter=295 WAIST cost=19.0000 best_alt=15.0000 gap=4.0000 tried=5 sep_labels=15 clique_frac=0.05
t=12440ms iter=295 REBUILD reject new_tc=22.2386 (was 21.7154)
t=12460ms iter=295 incumb=21.7154 ratchet=21.7703 best=21.7113 since_improve=33
t=12461ms iter=296 WAIST cost=19.0000 best_alt=15.0000 gap=4.0000 tried=5 sep_labels=15 clique_frac=0.05
t=12480ms iter=296 REBUILD reject new_tc=22.2263 (was 21.7154)
t=12501ms iter=296 incumb=21.7154 ratchet=21.7579 best=21.7113 since_improve=34
t=12502ms iter=297 WAIST cost=19.0000 best_alt=15.0000 gap=4.0000 tried=5 sep_labels=15 clique_frac=0.05
t=12521ms iter=297 REBUILD reject new_tc=21.8705 (was 21.7154)
t=12542ms iter=297 incumb=21.7154 ratchet=21.8468 best=21.7113 since_improve=35
t=12543ms iter=298 WAIST cost=19.0000 best_alt=15.0000 gap=4.0000 tried=5 sep_labels=15 clique_frac=0.05
t=12562ms iter=298 REBUILD reject new_tc=22.1783 (was 21.7154)
t=12583ms iter=298 incumb=21.7154 ratchet=21.8776 best=21.7113 since_improve=36
t=12584ms iter=299 WAIST cost=19.0000 best_alt=15.0000 gap=4.0000 tried=5 sep_labels=15 clique_frac=0.05
t=12604ms iter=299 REBUILD reject new_tc=22.0640 (was 21.7154)
t=12624ms iter=299 incumb=21.7154 ratchet=21.7425 best=21.7113 since_improve=37
t=12626ms iter=300 WAIST cost=19.0000 best_alt=15.0000 gap=4.0000 tried=5 sep_labels=15 clique_frac=0.05
t=12645ms iter=300 REBUILD reject new_tc=22.1769 (was 21.7154)
t=12665ms iter=300 incumb=21.7154 ratchet=21.8978 best=21.7113 since_improve=38
t=12666ms iter=301 WAIST cost=19.0000 best_alt=15.0000 gap=4.0000 tried=5 sep_labels=15 clique_frac=0.05
t=12685ms iter=301 REBUILD reject new_tc=22.3354 (was 21.7154)
t=12706ms iter=301 incumb=21.7154 ratchet=21.7810 best=21.7113 since_improve=39
t=12707ms iter=302 WAIST cost=19.0000 best_alt=15.0000 gap=4.0000 tried=5 sep_labels=15 clique_frac=0.05
t=12726ms iter=302 REBUILD reject new_tc=21.7818 (was 21.7154)
t=12747ms iter=302 incumb=21.7154 ratchet=21.7548 best=21.7113 since_improve=40
t=12748ms iter=303 WAIST cost=19.0000 best_alt=15.0000 gap=4.0000 tried=5 sep_labels=15 clique_frac=0.05
t=12767ms iter=303 REBUILD reject new_tc=22.2299 (was 21.7154)
t=12788ms iter=303 incumb=21.7154 ratchet=21.7952 best=21.7113 since_improve=41
t=12789ms iter=304 WAIST cost=19.0000 best_alt=15.0000 gap=4.0000 tried=5 sep_labels=15 clique_frac=0.05
t=12808ms iter=304 REBUILD reject new_tc=21.8711 (was 21.7154)
t=12830ms iter=304 incumb=21.7154 ratchet=21.8052 best=21.7113 since_improve=42
t=12831ms iter=305 WAIST cost=19.0000 best_alt=15.0000 gap=4.0000 tried=5 sep_labels=15 clique_frac=0.05
t=12851ms iter=305 REBUILD reject new_tc=21.8712 (was 21.7154)
t=12871ms iter=305 incumb=21.7154 ratchet=21.9228 best=21.7113 since_improve=43
t=12873ms iter=306 WAIST cost=19.0000 best_alt=15.0000 gap=4.0000 tried=5 sep_labels=15 clique_frac=0.05
t=12892ms iter=306 REBUILD reject new_tc=21.8055 (was 21.7154)
t=12913ms iter=306 incumb=21.7154 ratchet=21.8086 best=21.7113 since_improve=44
t=12914ms iter=307 WAIST cost=19.0000 best_alt=15.0000 gap=4.0000 tried=5 sep_labels=15 clique_frac=0.05
t=12933ms iter=307 REBUILD reject new_tc=22.1234 (was 21.7154)
t=12953ms iter=307 incumb=21.7154 ratchet=21.7526 best=21.7113 since_improve=45
t=12955ms iter=308 WAIST cost=19.0000 best_alt=15.0000 gap=4.0000 tried=5 sep_labels=15 clique_frac=0.05
t=12973ms iter=308 REBUILD reject new_tc=22.2658 (was 21.7154)
t=12994ms iter=308 incumb=21.7154 ratchet=21.8043 best=21.7113 since_improve=46
t=12995ms iter=309 WAIST cost=19.0000 best_alt=15.0000 gap=4.0000 tried=5 sep_labels=15 clique_frac=0.05
t=13014ms iter=309 REBUILD reject new_tc=21.9623 (was 21.7154)
t=13035ms iter=309 incumb=21.7154 ratchet=21.8023 best=21.7113 since_improve=47
t=13036ms iter=310 WAIST cost=19.0000 best_alt=15.0000 gap=4.0000 tried=5 sep_labels=15 clique_frac=0.05
t=13055ms iter=310 REBUILD reject new_tc=22.1004 (was 21.7154)
t=13076ms iter=310 incumb=21.7154 ratchet=21.9060 best=21.7113 since_improve=48
t=13077ms iter=311 WAIST cost=19.0000 best_alt=15.0000 gap=4.0000 tried=5 sep_labels=15 clique_frac=0.05
t=13097ms iter=311 REBUILD reject new_tc=21.7926 (was 21.7154)
t=13118ms iter=311 incumb=21.7154 ratchet=21.9791 best=21.7113 since_improve=49
t=13120ms iter=312 WAIST cost=19.0000 best_alt=15.0000 gap=4.0000 tried=5 sep_labels=15 clique_frac=0.05
t=13139ms iter=312 REBUILD reject new_tc=22.0702 (was 21.7154)
t=13160ms iter=312 incumb=21.7154 ratchet=21.8589 best=21.7113 since_improve=50
t=13161ms iter=313 WAIST cost=19.0000 best_alt=15.0000 gap=4.0000 tried=5 sep_labels=15 clique_frac=0.05
t=13180ms iter=313 REBUILD reject new_tc=22.5265 (was 21.7154)
t=13201ms iter=313 incumb=21.7154 ratchet=21.9849 best=21.7113 since_improve=51
t=13202ms iter=314 WAIST cost=19.0000 best_alt=15.0000 gap=4.0000 tried=5 sep_labels=15 clique_frac=0.05
t=13221ms iter=314 REBUILD reject new_tc=22.3583 (was 21.7154)
t=13242ms iter=314 incumb=21.7154 ratchet=21.7933 best=21.7113 since_improve=52
t=13243ms iter=315 WAIST cost=19.0000 best_alt=15.0000 gap=4.0000 tried=5 sep_labels=15 clique_frac=0.05
t=13263ms iter=315 REBUILD reject new_tc=21.9867 (was 21.7154)
t=13284ms iter=315 incumb=21.7154 ratchet=21.7678 best=21.7113 since_improve=53
t=13285ms iter=316 WAIST cost=19.0000 best_alt=15.0000 gap=4.0000 tried=5 sep_labels=15 clique_frac=0.05
t=13304ms iter=316 REBUILD reject new_tc=22.2613 (was 21.7154)
t=13325ms iter=316 incumb=21.7154 ratchet=21.8950 best=21.7113 since_improve=54
t=13326ms iter=317 WAIST cost=19.0000 best_alt=15.0000 gap=4.0000 tried=5 sep_labels=15 clique_frac=0.05
t=13346ms iter=317 REBUILD reject new_tc=22.2617 (was 21.7154)
t=13366ms iter=317 incumb=21.7154 ratchet=21.7524 best=21.7113 since_improve=55
t=13368ms iter=318 WAIST cost=19.0000 best_alt=15.0000 gap=4.0000 tried=5 sep_labels=15 clique_frac=0.05
t=13387ms iter=318 REBUILD reject new_tc=22.2622 (was 21.7154)
t=13407ms iter=318 incumb=21.7154 ratchet=21.8628 best=21.7113 since_improve=56
t=13409ms iter=319 WAIST cost=19.0000 best_alt=15.0000 gap=4.0000 tried=5 sep_labels=15 clique_frac=0.05
t=13428ms iter=319 REBUILD reject new_tc=22.0040 (was 21.7154)
t=13449ms iter=319 incumb=21.7154 ratchet=21.7532 best=21.7113 since_improve=57
t=13450ms iter=320 WAIST cost=19.0000 best_alt=15.0000 gap=4.0000 tried=5 sep_labels=15 clique_frac=0.05
t=13470ms iter=320 REBUILD reject new_tc=21.8311 (was 21.7154)
t=13491ms iter=320 incumb=21.7154 ratchet=21.7924 best=21.7113 since_improve=58
t=13492ms iter=321 WAIST cost=19.0000 best_alt=15.0000 gap=4.0000 tried=5 sep_labels=15 clique_frac=0.05
t=13512ms iter=321 REBUILD reject new_tc=22.1137 (was 21.7154)
t=13532ms iter=321 incumb=21.7154 ratchet=21.8066 best=21.7113 since_improve=59
t=13534ms iter=322 WAIST cost=19.0000 best_alt=15.0000 gap=4.0000 tried=5 sep_labels=15 clique_frac=0.05
t=13553ms iter=322 REBUILD reject new_tc=21.9974 (was 21.7154)
t=13574ms iter=322 incumb=21.7154 ratchet=21.7693 best=21.7113 since_improve=60
t=13575ms iter=323 WAIST cost=19.0000 best_alt=15.0000 gap=4.0000 tried=5 sep_labels=15 clique_frac=0.05
t=13594ms iter=323 REBUILD reject new_tc=22.3274 (was 21.7154)
t=13615ms iter=323 incumb=21.7154 ratchet=21.9094 best=21.7113 since_improve=61
t=13616ms iter=324 WAIST cost=19.0000 best_alt=15.0000 gap=4.0000 tried=5 sep_labels=15 clique_frac=0.05
t=13635ms iter=324 REBUILD reject new_tc=22.0771 (was 21.7154)
t=13655ms iter=324 incumb=21.7154 ratchet=21.9077 best=21.7113 since_improve=62
t=13657ms iter=325 WAIST cost=19.0000 best_alt=15.0000 gap=4.0000 tried=5 sep_labels=15 clique_frac=0.05
t=13676ms iter=325 REBUILD reject new_tc=21.9555 (was 21.7154)
t=13697ms iter=325 incumb=21.7154 ratchet=21.7429 best=21.7113 since_improve=63
t=13698ms iter=326 WAIST cost=19.0000 best_alt=15.0000 gap=4.0000 tried=5 sep_labels=15 clique_frac=0.05
t=13717ms iter=326 REBUILD reject new_tc=21.7730 (was 21.7154)
t=13737ms iter=326 incumb=21.7154 ratchet=21.7668 best=21.7113 since_improve=64
t=13739ms iter=327 WAIST cost=19.0000 best_alt=15.0000 gap=4.0000 tried=5 sep_labels=15 clique_frac=0.05
t=13758ms iter=327 REBUILD reject new_tc=22.0963 (was 21.7154)
t=13778ms iter=327 incumb=21.7154 ratchet=21.7812 best=21.7113 since_improve=65
t=13779ms iter=328 WAIST cost=19.0000 best_alt=15.0000 gap=4.0000 tried=5 sep_labels=15 clique_frac=0.05
t=13798ms iter=328 REBUILD reject new_tc=21.9504 (was 21.7154)
t=13819ms iter=328 incumb=21.7154 ratchet=21.7675 best=21.7113 since_improve=66
t=13821ms iter=329 WAIST cost=19.0000 best_alt=15.0000 gap=4.0000 tried=5 sep_labels=15 clique_frac=0.05
t=13840ms iter=329 REBUILD reject new_tc=22.0820 (was 21.7154)
t=13861ms iter=329 incumb=21.7154 ratchet=21.8573 best=21.7113 since_improve=67
t=13862ms iter=330 WAIST cost=19.0000 best_alt=15.0000 gap=4.0000 tried=5 sep_labels=15 clique_frac=0.05
t=13882ms iter=330 REBUILD reject new_tc=22.1484 (was 21.7154)
t=13902ms iter=330 incumb=21.7154 ratchet=21.7543 best=21.7113 since_improve=68
t=13904ms iter=331 WAIST cost=19.0000 best_alt=15.0000 gap=4.0000 tried=5 sep_labels=15 clique_frac=0.05
t=13923ms iter=331 REBUILD reject new_tc=22.1062 (was 21.7154)
t=13943ms iter=331 incumb=21.7154 ratchet=21.8555 best=21.7113 since_improve=69
t=13944ms iter=332 WAIST cost=19.0000 best_alt=15.0000 gap=4.0000 tried=5 sep_labels=15 clique_frac=0.05
t=13964ms iter=332 REBUILD reject new_tc=21.9849 (was 21.7154)
t=13984ms iter=332 incumb=21.7154 ratchet=21.7938 best=21.7113 since_improve=70
t=13986ms iter=333 WAIST cost=19.0000 best_alt=15.0000 gap=4.0000 tried=5 sep_labels=15 clique_frac=0.05
t=14005ms iter=333 REBUILD reject new_tc=22.1160 (was 21.7154)
t=14026ms iter=333 incumb=21.7154 ratchet=21.7571 best=21.7113 since_improve=71
t=14027ms iter=334 WAIST cost=19.0000 best_alt=15.0000 gap=4.0000 tried=5 sep_labels=15 clique_frac=0.05
t=14046ms iter=334 REBUILD reject new_tc=22.2101 (was 21.7154)
t=14066ms iter=334 incumb=21.7154 ratchet=21.8460 best=21.7113 since_improve=72
t=14068ms iter=335 WAIST cost=19.0000 best_alt=15.0000 gap=4.0000 tried=5 sep_labels=15 clique_frac=0.05
t=14087ms iter=335 REBUILD reject new_tc=22.3249 (was 21.7154)
t=14108ms iter=335 incumb=21.7154 ratchet=21.7787 best=21.7113 since_improve=73
t=14110ms iter=336 WAIST cost=19.0000 best_alt=15.0000 gap=4.0000 tried=5 sep_labels=15 clique_frac=0.05
t=14129ms iter=336 REBUILD reject new_tc=21.8356 (was 21.7154)
t=14149ms iter=336 incumb=21.7154 ratchet=21.7560 best=21.7113 since_improve=74
t=14151ms iter=337 WAIST cost=19.0000 best_alt=15.0000 gap=4.0000 tried=5 sep_labels=15 clique_frac=0.05
t=14170ms iter=337 REBUILD reject new_tc=22.2329 (was 21.7154)
t=14191ms iter=337 incumb=21.7154 ratchet=21.8809 best=21.7113 since_improve=75
t=14192ms iter=338 WAIST cost=19.0000 best_alt=15.0000 gap=4.0000 tried=5 sep_labels=15 clique_frac=0.05
t=14211ms iter=338 REBUILD reject new_tc=22.2653 (was 21.7154)
t=14231ms iter=338 incumb=21.7154 ratchet=22.0473 best=21.7113 since_improve=76
t=14233ms iter=339 WAIST cost=19.0000 best_alt=15.0000 gap=4.0000 tried=5 sep_labels=15 clique_frac=0.05
t=14252ms iter=339 REBUILD reject new_tc=21.9044 (was 21.7154)
t=14272ms iter=339 incumb=21.7154 ratchet=21.8070 best=21.7113 since_improve=77
t=14274ms iter=340 WAIST cost=19.0000 best_alt=15.0000 gap=4.0000 tried=5 sep_labels=15 clique_frac=0.05
t=14293ms iter=340 REBUILD reject new_tc=22.2506 (was 21.7154)
t=14314ms iter=340 incumb=21.7154 ratchet=21.9419 best=21.7113 since_improve=78
t=14315ms iter=341 WAIST cost=19.0000 best_alt=15.0000 gap=4.0000 tried=5 sep_labels=15 clique_frac=0.05
t=14334ms iter=341 REBUILD reject new_tc=21.8688 (was 21.7154)
t=14355ms iter=341 incumb=21.7154 ratchet=21.8053 best=21.7113 since_improve=79
t=14356ms iter=342 WAIST cost=19.0000 best_alt=15.0000 gap=4.0000 tried=5 sep_labels=15 clique_frac=0.05
t=14375ms iter=342 REBUILD reject new_tc=21.9597 (was 21.7154)
t=14396ms iter=342 incumb=21.7154 ratchet=21.7655 best=21.7113 since_improve=80
t=14397ms iter=343 WAIST cost=19.0000 best_alt=15.0000 gap=4.0000 tried=5 sep_labels=15 clique_frac=0.05
t=14417ms iter=343 REBUILD reject new_tc=21.8740 (was 21.7154)
t=14437ms iter=343 incumb=21.7154 ratchet=21.7523 best=21.7113 since_improve=81
t=14439ms iter=344 WAIST cost=19.0000 best_alt=15.0000 gap=4.0000 tried=5 sep_labels=15 clique_frac=0.05
t=14458ms iter=344 REBUILD reject new_tc=21.9512 (was 21.7154)
t=14478ms iter=344 incumb=21.7154 ratchet=21.9074 best=21.7113 since_improve=82
t=14480ms iter=345 WAIST cost=19.0000 best_alt=15.0000 gap=4.0000 tried=5 sep_labels=15 clique_frac=0.05
t=14499ms iter=345 REBUILD reject new_tc=21.8045 (was 21.7154)
t=14519ms iter=345 incumb=21.7154 ratchet=21.9217 best=21.7113 since_improve=83
t=14521ms iter=346 WAIST cost=19.0000 best_alt=15.0000 gap=4.0000 tried=5 sep_labels=15 clique_frac=0.05
t=14540ms iter=346 REBUILD reject new_tc=21.9534 (was 21.7154)
t=14560ms iter=346 incumb=21.7154 ratchet=21.8277 best=21.7113 since_improve=84
t=14562ms iter=347 WAIST cost=19.0000 best_alt=15.0000 gap=4.0000 tried=5 sep_labels=15 clique_frac=0.05
t=14581ms iter=347 REBUILD reject new_tc=22.3339 (was 21.7154)
t=14601ms iter=347 incumb=21.7154 ratchet=21.7553 best=21.7113 since_improve=85
t=14603ms iter=348 WAIST cost=19.0000 best_alt=15.0000 gap=4.0000 tried=5 sep_labels=15 clique_frac=0.05
t=14622ms iter=348 REBUILD reject new_tc=22.2614 (was 21.7154)
t=14642ms iter=348 incumb=21.7154 ratchet=21.8294 best=21.7113 since_improve=86
t=14643ms iter=349 WAIST cost=19.0000 best_alt=15.0000 gap=4.0000 tried=5 sep_labels=15 clique_frac=0.05
t=14663ms iter=349 REBUILD reject new_tc=22.3390 (was 21.7154)
t=14683ms iter=349 incumb=21.7154 ratchet=21.9415 best=21.7113 since_improve=87
t=14684ms iter=350 WAIST cost=19.0000 best_alt=15.0000 gap=4.0000 tried=5 sep_labels=15 clique_frac=0.05
t=14703ms iter=350 REBUILD reject new_tc=21.9636 (was 21.7154)
t=14724ms iter=350 incumb=21.7154 ratchet=21.7415 best=21.7113 since_improve=88
t=14726ms iter=351 WAIST cost=19.0000 best_alt=15.0000 gap=4.0000 tried=5 sep_labels=15 clique_frac=0.05
t=14745ms iter=351 REBUILD reject new_tc=21.9894 (was 21.7154)
t=14765ms iter=351 incumb=21.7154 ratchet=21.8060 best=21.7113 since_improve=89
t=14767ms iter=352 WAIST cost=19.0000 best_alt=15.0000 gap=4.0000 tried=5 sep_labels=15 clique_frac=0.05
t=14786ms iter=352 REBUILD reject new_tc=22.1177 (was 21.7154)
t=14806ms iter=352 incumb=21.7154 ratchet=21.8382 best=21.7113 since_improve=90
t=14808ms iter=353 WAIST cost=19.0000 best_alt=15.0000 gap=4.0000 tried=5 sep_labels=15 clique_frac=0.05
t=14827ms iter=353 REBUILD reject new_tc=22.0486 (was 21.7154)
t=14848ms iter=353 incumb=21.7154 ratchet=21.7667 best=21.7113 since_improve=91
t=14849ms iter=354 WAIST cost=19.0000 best_alt=15.0000 gap=4.0000 tried=5 sep_labels=15 clique_frac=0.05
t=14868ms iter=354 REBUILD reject new_tc=22.2539 (was 21.7154)
t=14889ms iter=354 incumb=21.7154 ratchet=21.8066 best=21.7113 since_improve=92
t=14890ms iter=355 WAIST cost=19.0000 best_alt=15.0000 gap=4.0000 tried=5 sep_labels=15 clique_frac=0.05
t=14909ms iter=355 REBUILD reject new_tc=21.8697 (was 21.7154)
t=14930ms iter=355 incumb=21.7154 ratchet=21.7683 best=21.7113 since_improve=93
t=14931ms iter=356 WAIST cost=19.0000 best_alt=15.0000 gap=4.0000 tried=5 sep_labels=15 clique_frac=0.05
t=14950ms iter=356 REBUILD reject new_tc=22.0008 (was 21.7154)
t=14971ms iter=356 incumb=21.7154 ratchet=21.9416 best=21.7113 since_improve=94
t=14972ms iter=357 WAIST cost=19.0000 best_alt=15.0000 gap=4.0000 tried=5 sep_labels=15 clique_frac=0.05
t=14991ms iter=357 REBUILD reject new_tc=22.1849 (was 21.7154)
t=15011ms iter=357 incumb=21.7154 ratchet=21.8054 best=21.7113 since_improve=95
t=15013ms iter=358 WAIST cost=19.0000 best_alt=15.0000 gap=4.0000 tried=5 sep_labels=15 clique_frac=0.05
t=15032ms iter=358 REBUILD reject new_tc=22.1814 (was 21.7154)
t=15052ms iter=358 incumb=21.7154 ratchet=22.0098 best=21.7113 since_improve=96
t=15054ms iter=359 WAIST cost=19.0000 best_alt=15.0000 gap=4.0000 tried=5 sep_labels=15 clique_frac=0.05
t=15073ms iter=359 REBUILD reject new_tc=22.0528 (was 21.7154)
t=15093ms iter=359 incumb=21.7154 ratchet=21.7452 best=21.7113 since_improve=97
t=15094ms iter=360 WAIST cost=19.0000 best_alt=15.0000 gap=4.0000 tried=5 sep_labels=15 clique_frac=0.05
t=15114ms iter=360 REBUILD reject new_tc=21.8244 (was 21.7154)
t=15134ms iter=360 incumb=21.7154 ratchet=21.8199 best=21.7113 since_improve=98
t=15135ms iter=361 WAIST cost=19.0000 best_alt=15.0000 gap=4.0000 tried=5 sep_labels=15 clique_frac=0.05
t=15154ms iter=361 REBUILD reject new_tc=22.3159 (was 21.7154)
t=15175ms iter=361 incumb=21.7154 ratchet=21.7790 best=21.7113 since_improve=99
t=15177ms iter=362 WAIST cost=19.0000 best_alt=15.0000 gap=4.0000 tried=5 sep_labels=15 clique_frac=0.05
t=15196ms iter=362 REBUILD reject new_tc=22.2545 (was 21.7154)
t=15217ms iter=362 incumb=21.7154 ratchet=21.8971 best=21.7113 since_improve=100
t=15218ms iter=363 WAIST cost=19.0000 best_alt=15.0000 gap=4.0000 tried=5 sep_labels=15 clique_frac=0.05
t=15237ms iter=363 REBUILD reject new_tc=22.0964 (was 21.7154)
t=15258ms iter=363 incumb=21.7154 ratchet=21.7682 best=21.7113 since_improve=101
t=15259ms iter=364 WAIST cost=19.0000 best_alt=15.0000 gap=4.0000 tried=5 sep_labels=15 clique_frac=0.05
t=15278ms iter=364 REBUILD reject new_tc=22.0857 (was 21.7154)
t=15298ms iter=364 incumb=21.7154 ratchet=21.8841 best=21.7113 since_improve=102
t=15300ms iter=365 WAIST cost=19.0000 best_alt=15.0000 gap=4.0000 tried=5 sep_labels=15 clique_frac=0.05
t=15319ms iter=365 REBUILD reject new_tc=21.7684 (was 21.7154)
t=15340ms iter=365 incumb=21.7154 ratchet=21.9475 best=21.7113 since_improve=103
t=15341ms iter=366 WAIST cost=19.0000 best_alt=15.0000 gap=4.0000 tried=5 sep_labels=15 clique_frac=0.05
t=15360ms iter=366 REBUILD reject new_tc=21.9534 (was 21.7154)
t=15381ms iter=366 incumb=21.7154 ratchet=21.8467 best=21.7113 since_improve=104
t=15382ms iter=367 WAIST cost=19.0000 best_alt=15.0000 gap=4.0000 tried=5 sep_labels=15 clique_frac=0.05
t=15401ms iter=367 REBUILD reject new_tc=21.9068 (was 21.7154)
t=15422ms iter=367 incumb=21.7154 ratchet=21.9023 best=21.7113 since_improve=105
t=15424ms iter=368 WAIST cost=19.0000 best_alt=15.0000 gap=4.0000 tried=5 sep_labels=15 clique_frac=0.05
t=15443ms iter=368 REBUILD reject new_tc=21.9800 (was 21.7154)
t=15464ms iter=368 incumb=21.7154 ratchet=21.8460 best=21.7113 since_improve=106
t=15465ms iter=369 WAIST cost=19.0000 best_alt=15.0000 gap=4.0000 tried=5 sep_labels=15 clique_frac=0.05
t=15484ms iter=369 REBUILD reject new_tc=21.7816 (was 21.7154)
t=15506ms iter=369 incumb=21.7154 ratchet=21.7930 best=21.7113 since_improve=107
t=15507ms iter=370 WAIST cost=19.0000 best_alt=15.0000 gap=4.0000 tried=5 sep_labels=15 clique_frac=0.05
t=15526ms iter=370 REBUILD reject new_tc=22.1251 (was 21.7154)
t=15547ms iter=370 incumb=21.7154 ratchet=21.8321 best=21.7113 since_improve=108
t=15548ms iter=371 WAIST cost=19.0000 best_alt=15.0000 gap=4.0000 tried=5 sep_labels=15 clique_frac=0.05
t=15567ms iter=371 REBUILD reject new_tc=22.1272 (was 21.7154)
t=15588ms iter=371 incumb=21.7154 ratchet=21.9769 best=21.7113 since_improve=109
t=15590ms iter=372 WAIST cost=19.0000 best_alt=15.0000 gap=4.0000 tried=5 sep_labels=15 clique_frac=0.05
t=15609ms iter=372 REBUILD reject new_tc=21.7796 (was 21.7154)
t=15630ms iter=372 incumb=21.7154 ratchet=21.7537 best=21.7113 since_improve=110
t=15631ms iter=373 WAIST cost=19.0000 best_alt=15.0000 gap=4.0000 tried=5 sep_labels=15 clique_frac=0.05
t=15650ms iter=373 REBUILD reject new_tc=21.7928 (was 21.7154)
t=15671ms iter=373 incumb=21.7154 ratchet=21.7691 best=21.7113 since_improve=111
t=15672ms iter=374 WAIST cost=19.0000 best_alt=15.0000 gap=4.0000 tried=5 sep_labels=15 clique_frac=0.05
t=15691ms iter=374 REBUILD reject new_tc=22.0174 (was 21.7154)
t=15711ms iter=374 incumb=21.7154 ratchet=21.9600 best=21.7113 since_improve=112
t=15713ms iter=375 WAIST cost=19.0000 best_alt=15.0000 gap=4.0000 tried=5 sep_labels=15 clique_frac=0.05
t=15732ms iter=375 REBUILD reject new_tc=21.9244 (was 21.7154)
t=15752ms iter=375 incumb=21.7154 ratchet=21.7939 best=21.7113 since_improve=113
t=15753ms iter=376 WAIST cost=19.0000 best_alt=15.0000 gap=4.0000 tried=5 sep_labels=15 clique_frac=0.05
t=15772ms iter=376 REBUILD reject new_tc=22.2611 (was 21.7154)
t=15793ms iter=376 incumb=21.7154 ratchet=21.9190 best=21.7113 since_improve=114
t=15794ms iter=377 WAIST cost=19.0000 best_alt=15.0000 gap=4.0000 tried=5 sep_labels=15 clique_frac=0.05
t=15813ms iter=377 REBUILD reject new_tc=21.9824 (was 21.7154)
t=15834ms iter=377 incumb=21.7154 ratchet=21.8486 best=21.7113 since_improve=115
t=15835ms iter=378 WAIST cost=19.0000 best_alt=15.0000 gap=4.0000 tried=5 sep_labels=15 clique_frac=0.05
t=15854ms iter=378 REBUILD reject new_tc=22.1794 (was 21.7154)
t=15874ms iter=378 incumb=21.7154 ratchet=21.8938 best=21.7113 since_improve=116
t=15876ms iter=379 WAIST cost=19.0000 best_alt=15.0000 gap=4.0000 tried=5 sep_labels=15 clique_frac=0.05
t=15895ms iter=379 REBUILD reject new_tc=21.8773 (was 21.7154)
t=15915ms iter=379 incumb=21.7154 ratchet=21.9594 best=21.7113 since_improve=117
t=15916ms iter=380 WAIST cost=19.0000 best_alt=15.0000 gap=4.0000 tried=5 sep_labels=15 clique_frac=0.05
t=15935ms iter=380 REBUILD reject new_tc=21.8866 (was 21.7154)
t=15956ms iter=380 incumb=21.7154 ratchet=21.7697 best=21.7113 since_improve=118
t=15957ms iter=381 WAIST cost=19.0000 best_alt=15.0000 gap=4.0000 tried=5 sep_labels=15 clique_frac=0.05
t=15976ms iter=381 REBUILD reject new_tc=22.1788 (was 21.7154)
t=15997ms iter=381 incumb=21.7154 ratchet=21.9676 best=21.7113 since_improve=119
t=15998ms iter=382 WAIST cost=19.0000 best_alt=15.0000 gap=4.0000 tried=5 sep_labels=15 clique_frac=0.05
t=16017ms iter=382 REBUILD reject new_tc=21.8711 (was 21.7154)
t=16037ms iter=382 incumb=21.7154 ratchet=21.8057 best=21.7113 since_improve=120
t=16039ms iter=383 WAIST cost=19.0000 best_alt=15.0000 gap=4.0000 tried=5 sep_labels=15 clique_frac=0.05
t=16058ms iter=383 REBUILD reject new_tc=21.9062 (was 21.7154)
t=16078ms iter=383 incumb=21.7154 ratchet=21.7534 best=21.7113 since_improve=121
t=16080ms iter=384 WAIST cost=19.0000 best_alt=15.0000 gap=4.0000 tried=5 sep_labels=15 clique_frac=0.05
t=16099ms iter=384 REBUILD reject new_tc=22.1092 (was 21.7154)
t=16119ms iter=384 incumb=21.7154 ratchet=21.9845 best=21.7113 since_improve=122
t=16121ms iter=385 WAIST cost=19.0000 best_alt=15.0000 gap=4.0000 tried=5 sep_labels=15 clique_frac=0.05
t=16140ms iter=385 REBUILD reject new_tc=22.3320 (was 21.7154)
t=16160ms iter=385 incumb=21.7154 ratchet=21.8073 best=21.7113 since_improve=123
t=16162ms iter=386 WAIST cost=19.0000 best_alt=15.0000 gap=4.0000 tried=5 sep_labels=15 clique_frac=0.05
t=16181ms iter=386 REBUILD reject new_tc=21.9636 (was 21.7154)
t=16201ms iter=386 incumb=21.7154 ratchet=21.7794 best=21.7113 since_improve=124
t=16203ms iter=387 WAIST cost=19.0000 best_alt=15.0000 gap=4.0000 tried=5 sep_labels=15 clique_frac=0.05
t=16222ms iter=387 REBUILD reject new_tc=22.2669 (was 21.7154)
t=16242ms iter=387 incumb=21.7154 ratchet=21.9307 best=21.7113 since_improve=125
t=16244ms iter=388 WAIST cost=19.0000 best_alt=15.0000 gap=4.0000 tried=5 sep_labels=15 clique_frac=0.05
t=16263ms iter=388 REBUILD reject new_tc=21.9187 (was 21.7154)
t=16284ms iter=388 incumb=21.7154 ratchet=21.8146 best=21.7113 since_improve=126
t=16285ms iter=389 WAIST cost=19.0000 best_alt=15.0000 gap=4.0000 tried=5 sep_labels=15 clique_frac=0.05
t=16305ms iter=389 REBUILD reject new_tc=22.1973 (was 21.7154)
t=16325ms iter=389 incumb=21.7154 ratchet=21.8040 best=21.7113 since_improve=127
t=16326ms iter=390 WAIST cost=19.0000 best_alt=15.0000 gap=4.0000 tried=5 sep_labels=15 clique_frac=0.05
t=16345ms iter=390 REBUILD reject new_tc=22.0826 (was 21.7154)
t=16366ms iter=390 incumb=21.7154 ratchet=21.9849 best=21.7113 since_improve=128
t=16367ms iter=391 WAIST cost=19.0000 best_alt=15.0000 gap=4.0000 tried=5 sep_labels=15 clique_frac=0.05
t=16386ms iter=391 REBUILD reject new_tc=22.1369 (was 21.7154)
t=16407ms iter=391 incumb=21.7154 ratchet=21.7411 best=21.7113 since_improve=129
t=16408ms iter=392 WAIST cost=19.0000 best_alt=15.0000 gap=4.0000 tried=5 sep_labels=15 clique_frac=0.05
t=16427ms iter=392 REBUILD reject new_tc=22.1783 (was 21.7154)
t=16448ms iter=392 incumb=21.7154 ratchet=21.7534 best=21.7113 since_improve=130
t=16449ms iter=393 WAIST cost=19.0000 best_alt=15.0000 gap=4.0000 tried=5 sep_labels=15 clique_frac=0.05
t=16468ms iter=393 REBUILD reject new_tc=22.2157 (was 21.7154)
t=16489ms iter=393 incumb=21.7154 ratchet=21.7917 best=21.7113 since_improve=131
t=16490ms iter=394 WAIST cost=19.0000 best_alt=15.0000 gap=4.0000 tried=5 sep_labels=15 clique_frac=0.05
t=16509ms iter=394 REBUILD reject new_tc=22.3390 (was 21.7154)
t=16530ms iter=394 incumb=21.7154 ratchet=21.8178 best=21.7113 since_improve=132
t=16531ms iter=395 WAIST cost=19.0000 best_alt=15.0000 gap=4.0000 tried=5 sep_labels=15 clique_frac=0.05
t=16550ms iter=395 REBUILD reject new_tc=22.1777 (was 21.7154)
t=16571ms iter=395 incumb=21.7154 ratchet=22.0008 best=21.7113 since_improve=133
t=16572ms iter=396 WAIST cost=19.0000 best_alt=15.0000 gap=4.0000 tried=5 sep_labels=15 clique_frac=0.05
t=16591ms iter=396 REBUILD reject new_tc=22.0433 (was 21.7154)
t=16612ms iter=396 incumb=21.7154 ratchet=21.8074 best=21.7113 since_improve=134
t=16613ms iter=397 WAIST cost=19.0000 best_alt=15.0000 gap=4.0000 tried=5 sep_labels=15 clique_frac=0.05
t=16633ms iter=397 REBUILD reject new_tc=21.9070 (was 21.7154)
t=16653ms iter=397 incumb=21.7154 ratchet=21.8032 best=21.7113 since_improve=135
t=16655ms iter=398 WAIST cost=19.0000 best_alt=15.0000 gap=4.0000 tried=5 sep_labels=15 clique_frac=0.05
t=16674ms iter=398 REBUILD reject new_tc=21.8754 (was 21.7154)
t=16695ms iter=398 incumb=21.7154 ratchet=21.8907 best=21.7113 since_improve=136
t=16696ms iter=399 WAIST cost=19.0000 best_alt=15.0000 gap=4.0000 tried=5 sep_labels=15 clique_frac=0.05
t=16716ms iter=399 REBUILD reject new_tc=22.1151 (was 21.7154)
t=16737ms iter=399 incumb=21.7154 ratchet=21.8047 best=21.7113 since_improve=137
t=16738ms iter=400 WAIST cost=19.0000 best_alt=15.0000 gap=4.0000 tried=5 sep_labels=15 clique_frac=0.05
t=16757ms iter=400 REBUILD reject new_tc=22.5556 (was 21.7154)
t=16777ms iter=400 incumb=21.7154 ratchet=21.7512 best=21.7113 since_improve=138
t=16779ms iter=401 WAIST cost=19.0000 best_alt=15.0000 gap=4.0000 tried=5 sep_labels=15 clique_frac=0.05
t=16798ms iter=401 REBUILD reject new_tc=21.9074 (was 21.7154)
t=16819ms iter=401 incumb=21.7154 ratchet=21.7387 best=21.7113 since_improve=139
t=16821ms iter=402 WAIST cost=19.0000 best_alt=15.0000 gap=4.0000 tried=5 sep_labels=15 clique_frac=0.05
t=16840ms iter=402 REBUILD reject new_tc=21.8806 (was 21.7154)
t=16861ms iter=402 incumb=21.7154 ratchet=21.7792 best=21.7113 since_improve=140
t=16862ms iter=403 WAIST cost=19.0000 best_alt=15.0000 gap=4.0000 tried=5 sep_labels=15 clique_frac=0.05
t=16881ms iter=403 REBUILD reject new_tc=21.8685 (was 21.7154)
t=16901ms iter=403 incumb=21.7154 ratchet=21.7542 best=21.7113 since_improve=141
t=16903ms iter=404 WAIST cost=19.0000 best_alt=15.0000 gap=4.0000 tried=5 sep_labels=15 clique_frac=0.05
t=16922ms iter=404 REBUILD reject new_tc=22.0194 (was 21.7154)
t=16942ms iter=404 incumb=21.7154 ratchet=21.8464 best=21.7113 since_improve=142
t=16944ms iter=405 WAIST cost=19.0000 best_alt=15.0000 gap=4.0000 tried=5 sep_labels=15 clique_frac=0.05
t=16963ms iter=405 REBUILD reject new_tc=22.1423 (was 21.7154)
t=16983ms iter=405 incumb=21.7154 ratchet=21.7680 best=21.7113 since_improve=143
t=16985ms iter=406 WAIST cost=19.0000 best_alt=15.0000 gap=4.0000 tried=5 sep_labels=15 clique_frac=0.05
t=17004ms iter=406 REBUILD reject new_tc=22.0366 (was 21.7154)
t=17024ms iter=406 incumb=21.7154 ratchet=21.7549 best=21.7113 since_improve=144
t=17026ms iter=407 WAIST cost=19.0000 best_alt=15.0000 gap=4.0000 tried=5 sep_labels=15 clique_frac=0.05
t=17045ms iter=407 REBUILD reject new_tc=21.9390 (was 21.7154)
t=17066ms iter=407 incumb=21.7154 ratchet=21.7915 best=21.7113 since_improve=145
t=17067ms iter=408 WAIST cost=19.0000 best_alt=15.0000 gap=4.0000 tried=5 sep_labels=15 clique_frac=0.05
t=17087ms iter=408 REBUILD reject new_tc=21.9532 (was 21.7154)
t=17107ms iter=408 incumb=21.7154 ratchet=21.7541 best=21.7113 since_improve=146
t=17109ms iter=409 WAIST cost=19.0000 best_alt=15.0000 gap=4.0000 tried=5 sep_labels=15 clique_frac=0.05
t=17128ms iter=409 REBUILD reject new_tc=21.8192 (was 21.7154)
t=17148ms iter=409 incumb=21.7154 ratchet=21.9405 best=21.7113 since_improve=147
t=17150ms iter=410 WAIST cost=19.0000 best_alt=15.0000 gap=4.0000 tried=5 sep_labels=15 clique_frac=0.05
t=17169ms iter=410 REBUILD reject new_tc=21.8686 (was 21.7154)
t=17190ms iter=410 incumb=21.7154 ratchet=21.8060 best=21.7113 since_improve=148
t=17192ms iter=411 WAIST cost=19.0000 best_alt=15.0000 gap=4.0000 tried=5 sep_labels=15 clique_frac=0.05
t=17211ms iter=411 REBUILD reject new_tc=21.8662 (was 21.7154)
t=17232ms iter=411 incumb=21.7154 ratchet=21.7538 best=21.7113 since_improve=149
t=17233ms iter=412 WAIST cost=19.0000 best_alt=15.0000 gap=4.0000 tried=5 sep_labels=15 clique_frac=0.05
t=17253ms iter=412 REBUILD reject new_tc=21.9568 (was 21.7154)
t=17273ms iter=412 incumb=21.7154 ratchet=21.7965 best=21.7113 since_improve=150
t=17275ms iter=413 WAIST cost=19.0000 best_alt=15.0000 gap=4.0000 tried=5 sep_labels=15 clique_frac=0.05
t=17294ms iter=413 REBUILD reject new_tc=22.3414 (was 21.7154)
t=17315ms iter=413 incumb=21.7154 ratchet=21.8481 best=21.7113 since_improve=151
t=17316ms iter=414 WAIST cost=19.0000 best_alt=15.0000 gap=4.0000 tried=5 sep_labels=15 clique_frac=0.05
t=17336ms iter=414 REBUILD reject new_tc=21.9555 (was 21.7154)
t=17356ms iter=414 incumb=21.7154 ratchet=21.7822 best=21.7113 since_improve=152
t=17357ms iter=415 WAIST cost=19.0000 best_alt=15.0000 gap=4.0000 tried=5 sep_labels=15 clique_frac=0.05
t=17376ms iter=415 REBUILD reject new_tc=22.1815 (was 21.7154)
t=17397ms iter=415 incumb=21.7154 ratchet=21.7588 best=21.7113 since_improve=153
t=17399ms iter=416 WAIST cost=19.0000 best_alt=15.0000 gap=4.0000 tried=5 sep_labels=15 clique_frac=0.05
t=17418ms iter=416 REBUILD reject new_tc=21.9044 (was 21.7154)
t=17439ms iter=416 incumb=21.7154 ratchet=21.7541 best=21.7113 since_improve=154
t=17440ms iter=417 WAIST cost=19.0000 best_alt=15.0000 gap=4.0000 tried=5 sep_labels=15 clique_frac=0.05
t=17459ms iter=417 REBUILD reject new_tc=22.0443 (was 21.7154)
t=17480ms iter=417 incumb=21.7154 ratchet=21.8970 best=21.7113 since_improve=155
t=17481ms iter=418 WAIST cost=19.0000 best_alt=15.0000 gap=4.0000 tried=5 sep_labels=15 clique_frac=0.05
t=17500ms iter=418 REBUILD reject new_tc=21.9385 (was 21.7154)
t=17522ms iter=418 incumb=21.7154 ratchet=21.9576 best=21.7113 since_improve=156
t=17523ms iter=419 WAIST cost=19.0000 best_alt=15.0000 gap=4.0000 tried=5 sep_labels=15 clique_frac=0.05
t=17542ms iter=419 REBUILD reject new_tc=22.2606 (was 21.7154)
t=17563ms iter=419 incumb=21.7154 ratchet=21.7558 best=21.7113 since_improve=157
t=17565ms iter=420 WAIST cost=19.0000 best_alt=15.0000 gap=4.0000 tried=5 sep_labels=15 clique_frac=0.05
t=17584ms iter=420 REBUILD reject new_tc=21.9649 (was 21.7154)
t=17604ms iter=420 incumb=21.7154 ratchet=21.9651 best=21.7113 since_improve=158
t=17606ms iter=421 WAIST cost=19.0000 best_alt=15.0000 gap=4.0000 tried=5 sep_labels=15 clique_frac=0.05
t=17625ms iter=421 REBUILD reject new_tc=22.0582 (was 21.7154)
t=17645ms iter=421 incumb=21.7154 ratchet=21.8173 best=21.7113 since_improve=159
t=17647ms iter=422 WAIST cost=19.0000 best_alt=15.0000 gap=4.0000 tried=5 sep_labels=15 clique_frac=0.05
t=17666ms iter=422 REBUILD reject new_tc=22.1533 (was 21.7154)
t=17686ms iter=422 incumb=21.7154 ratchet=21.8344 best=21.7113 since_improve=160
t=17688ms iter=423 WAIST cost=19.0000 best_alt=15.0000 gap=4.0000 tried=5 sep_labels=15 clique_frac=0.05
t=17707ms iter=423 REBUILD reject new_tc=21.8756 (was 21.7154)
t=17728ms iter=423 incumb=21.7154 ratchet=21.9095 best=21.7113 since_improve=161
t=17729ms iter=424 WAIST cost=19.0000 best_alt=15.0000 gap=4.0000 tried=5 sep_labels=15 clique_frac=0.05
t=17748ms iter=424 REBUILD reject new_tc=22.0512 (was 21.7154)
t=17769ms iter=424 incumb=21.7154 ratchet=21.7672 best=21.7113 since_improve=162
t=17771ms iter=425 WAIST cost=19.0000 best_alt=15.0000 gap=4.0000 tried=5 sep_labels=15 clique_frac=0.05
t=17790ms iter=425 REBUILD reject new_tc=21.8692 (was 21.7154)
t=17810ms iter=425 incumb=21.7154 ratchet=21.8328 best=21.7113 since_improve=163
t=17812ms iter=426 WAIST cost=19.0000 best_alt=15.0000 gap=4.0000 tried=5 sep_labels=15 clique_frac=0.05
t=17831ms iter=426 REBUILD reject new_tc=21.9170 (was 21.7154)
t=17852ms iter=426 incumb=21.7154 ratchet=21.7537 best=21.7113 since_improve=164
t=17854ms iter=427 WAIST cost=19.0000 best_alt=15.0000 gap=4.0000 tried=5 sep_labels=15 clique_frac=0.05
t=17873ms iter=427 REBUILD reject new_tc=22.2152 (was 21.7154)
t=17893ms iter=427 incumb=21.7154 ratchet=21.7392 best=21.7113 since_improve=165
t=17895ms iter=428 WAIST cost=19.0000 best_alt=15.0000 gap=4.0000 tried=5 sep_labels=15 clique_frac=0.05
t=17914ms iter=428 REBUILD reject new_tc=22.2606 (was 21.7154)
t=17934ms iter=428 incumb=21.7154 ratchet=21.7614 best=21.7113 since_improve=166
t=17935ms iter=429 WAIST cost=19.0000 best_alt=15.0000 gap=4.0000 tried=5 sep_labels=15 clique_frac=0.05
t=17954ms iter=429 REBUILD reject new_tc=21.9053 (was 21.7154)
t=17975ms iter=429 incumb=21.7154 ratchet=21.7849 best=21.7113 since_improve=167
t=17976ms iter=430 WAIST cost=19.0000 best_alt=15.0000 gap=4.0000 tried=5 sep_labels=15 clique_frac=0.05
t=17995ms iter=430 REBUILD reject new_tc=21.9048 (was 21.7154)
t=18016ms iter=430 incumb=21.7154 ratchet=21.7756 best=21.7113 since_improve=168
t=18017ms iter=431 WAIST cost=19.0000 best_alt=15.0000 gap=4.0000 tried=5 sep_labels=15 clique_frac=0.05
t=18036ms iter=431 REBUILD reject new_tc=22.0813 (was 21.7154)
t=18057ms iter=431 incumb=21.7154 ratchet=21.8857 best=21.7113 since_improve=169
t=18058ms iter=432 WAIST cost=19.0000 best_alt=15.0000 gap=4.0000 tried=5 sep_labels=15 clique_frac=0.05
t=18078ms iter=432 REBUILD reject new_tc=22.0254 (was 21.7154)
t=18098ms iter=432 incumb=21.7154 ratchet=21.8099 best=21.7113 since_improve=170
t=18100ms iter=433 WAIST cost=19.0000 best_alt=15.0000 gap=4.0000 tried=5 sep_labels=15 clique_frac=0.05
t=18119ms iter=433 REBUILD reject new_tc=22.4169 (was 21.7154)
t=18139ms iter=433 incumb=21.7154 ratchet=21.8089 best=21.7113 since_improve=171
t=18141ms iter=434 WAIST cost=19.0000 best_alt=15.0000 gap=4.0000 tried=5 sep_labels=15 clique_frac=0.05
t=18160ms iter=434 REBUILD reject new_tc=22.1774 (was 21.7154)
t=18180ms iter=434 incumb=21.7154 ratchet=21.7454 best=21.7113 since_improve=172
t=18182ms iter=435 WAIST cost=19.0000 best_alt=15.0000 gap=4.0000 tried=5 sep_labels=15 clique_frac=0.05
t=18201ms iter=435 REBUILD reject new_tc=21.9855 (was 21.7154)
t=18221ms iter=435 incumb=21.7154 ratchet=21.8827 best=21.7113 since_improve=173
t=18223ms iter=436 WAIST cost=19.0000 best_alt=15.0000 gap=4.0000 tried=5 sep_labels=15 clique_frac=0.05
t=18242ms iter=436 REBUILD reject new_tc=21.9249 (was 21.7154)
t=18263ms iter=436 incumb=21.7154 ratchet=21.9779 best=21.7113 since_improve=174
t=18265ms iter=437 WAIST cost=19.0000 best_alt=15.0000 gap=4.0000 tried=5 sep_labels=15 clique_frac=0.05
t=18284ms iter=437 REBUILD reject new_tc=22.1297 (was 21.7154)
t=18304ms iter=437 incumb=21.7154 ratchet=21.8197 best=21.7113 since_improve=175
t=18306ms iter=438 WAIST cost=19.0000 best_alt=15.0000 gap=4.0000 tried=5 sep_labels=15 clique_frac=0.05
t=18325ms iter=438 REBUILD reject new_tc=22.0138 (was 21.7154)
t=18345ms iter=438 incumb=21.7154 ratchet=21.9913 best=21.7113 since_improve=176
t=18347ms iter=439 WAIST cost=19.0000 best_alt=15.0000 gap=4.0000 tried=5 sep_labels=15 clique_frac=0.05
t=18365ms iter=439 REBUILD reject new_tc=22.3861 (was 21.7154)
t=18386ms iter=439 incumb=21.7154 ratchet=21.8186 best=21.7113 since_improve=177
t=18387ms iter=440 WAIST cost=19.0000 best_alt=15.0000 gap=4.0000 tried=5 sep_labels=15 clique_frac=0.05
t=18407ms iter=440 REBUILD reject new_tc=21.8660 (was 21.7154)
t=18427ms iter=440 incumb=21.7154 ratchet=21.7706 best=21.7113 since_improve=178
t=18429ms iter=441 WAIST cost=19.0000 best_alt=15.0000 gap=4.0000 tried=5 sep_labels=15 clique_frac=0.05
t=18448ms iter=441 REBUILD reject new_tc=21.9152 (was 21.7154)
t=18468ms iter=441 incumb=21.7154 ratchet=21.9089 best=21.7113 since_improve=179
t=18470ms iter=442 WAIST cost=19.0000 best_alt=15.0000 gap=4.0000 tried=5 sep_labels=15 clique_frac=0.05
t=18489ms iter=442 REBUILD reject new_tc=22.3271 (was 21.7154)
t=18509ms iter=442 incumb=21.7154 ratchet=21.8218 best=21.7113 since_improve=180
t=18511ms iter=443 WAIST cost=19.0000 best_alt=15.0000 gap=4.0000 tried=5 sep_labels=15 clique_frac=0.05
t=18530ms iter=443 REBUILD reject new_tc=22.1072 (was 21.7154)
t=18551ms iter=443 incumb=21.7154 ratchet=21.8373 best=21.7113 since_improve=181
t=18552ms iter=444 WAIST cost=19.0000 best_alt=15.0000 gap=4.0000 tried=5 sep_labels=15 clique_frac=0.05
t=18571ms iter=444 REBUILD reject new_tc=22.4490 (was 21.7154)
t=18592ms iter=444 incumb=21.7154 ratchet=21.9529 best=21.7113 since_improve=182
t=18593ms iter=445 WAIST cost=19.0000 best_alt=15.0000 gap=4.0000 tried=5 sep_labels=15 clique_frac=0.05
t=18612ms iter=445 REBUILD reject new_tc=21.8558 (was 21.7154)
t=18633ms iter=445 incumb=21.7154 ratchet=21.8195 best=21.7113 since_improve=183
t=18635ms iter=446 WAIST cost=19.0000 best_alt=15.0000 gap=4.0000 tried=5 sep_labels=15 clique_frac=0.05
t=18654ms iter=446 REBUILD reject new_tc=22.0821 (was 21.7154)
t=18674ms iter=446 incumb=21.7154 ratchet=21.7842 best=21.7113 since_improve=184
t=18675ms iter=447 WAIST cost=19.0000 best_alt=15.0000 gap=4.0000 tried=5 sep_labels=15 clique_frac=0.05
t=18694ms iter=447 REBUILD reject new_tc=21.8689 (was 21.7154)
t=18715ms iter=447 incumb=21.7154 ratchet=22.0055 best=21.7113 since_improve=185
t=18717ms iter=448 WAIST cost=19.0000 best_alt=15.0000 gap=4.0000 tried=5 sep_labels=15 clique_frac=0.05
t=18736ms iter=448 REBUILD reject new_tc=21.8720 (was 21.7154)
t=18757ms iter=448 incumb=21.7154 ratchet=21.7973 best=21.7113 since_improve=186
t=18758ms iter=449 WAIST cost=19.0000 best_alt=15.0000 gap=4.0000 tried=5 sep_labels=15 clique_frac=0.05
t=18778ms iter=449 REBUILD reject new_tc=21.8821 (was 21.7154)
t=18798ms iter=449 incumb=21.7154 ratchet=21.9059 best=21.7113 since_improve=187
t=18799ms iter=450 WAIST cost=19.0000 best_alt=15.0000 gap=4.0000 tried=5 sep_labels=15 clique_frac=0.05
t=18818ms iter=450 REBUILD reject new_tc=22.1779 (was 21.7154)
t=18839ms iter=450 incumb=21.7154 ratchet=21.8208 best=21.7113 since_improve=188
t=18840ms iter=451 WAIST cost=19.0000 best_alt=15.0000 gap=4.0000 tried=5 sep_labels=15 clique_frac=0.05
t=18859ms iter=451 REBUILD reject new_tc=21.9971 (was 21.7154)
t=18880ms iter=451 incumb=21.7154 ratchet=21.9438 best=21.7113 since_improve=189
t=18881ms iter=452 WAIST cost=19.0000 best_alt=15.0000 gap=4.0000 tried=5 sep_labels=15 clique_frac=0.05
t=18900ms iter=452 REBUILD reject new_tc=21.8423 (was 21.7154)
t=18921ms iter=452 incumb=21.7154 ratchet=21.7677 best=21.7113 since_improve=190
t=18923ms iter=453 WAIST cost=19.0000 best_alt=15.0000 gap=4.0000 tried=5 sep_labels=15 clique_frac=0.05
t=18942ms iter=453 REBUILD reject new_tc=22.0339 (was 21.7154)
t=18962ms iter=453 incumb=21.7154 ratchet=21.7797 best=21.7113 since_improve=191
t=18964ms iter=454 WAIST cost=19.0000 best_alt=15.0000 gap=4.0000 tried=5 sep_labels=15 clique_frac=0.05
t=18983ms iter=454 REBUILD reject new_tc=21.8693 (was 21.7154)
t=19003ms iter=454 incumb=21.7154 ratchet=21.8829 best=21.7113 since_improve=192
t=19005ms iter=455 WAIST cost=19.0000 best_alt=15.0000 gap=4.0000 tried=5 sep_labels=15 clique_frac=0.05
t=19024ms iter=455 REBUILD reject new_tc=22.1308 (was 21.7154)
t=19045ms iter=455 incumb=21.7154 ratchet=21.9322 best=21.7113 since_improve=193
t=19046ms iter=456 WAIST cost=19.0000 best_alt=15.0000 gap=4.0000 tried=5 sep_labels=15 clique_frac=0.05
t=19066ms iter=456 REBUILD reject new_tc=22.3044 (was 21.7154)
t=19086ms iter=456 incumb=21.7154 ratchet=21.7513 best=21.7113 since_improve=194
t=19088ms iter=457 WAIST cost=19.0000 best_alt=15.0000 gap=4.0000 tried=5 sep_labels=15 clique_frac=0.05
t=19107ms iter=457 REBUILD reject new_tc=21.9533 (was 21.7154)
t=19127ms iter=457 incumb=21.7154 ratchet=21.8629 best=21.7113 since_improve=195
t=19129ms iter=458 WAIST cost=19.0000 best_alt=15.0000 gap=4.0000 tried=5 sep_labels=15 clique_frac=0.05
t=19148ms iter=458 REBUILD reject new_tc=22.1764 (was 21.7154)
t=19169ms iter=458 incumb=21.7154 ratchet=21.7490 best=21.7113 since_improve=196
t=19170ms iter=459 WAIST cost=19.0000 best_alt=15.0000 gap=4.0000 tried=5 sep_labels=15 clique_frac=0.05
t=19190ms iter=459 REBUILD reject new_tc=22.3342 (was 21.7154)
t=19210ms iter=459 incumb=21.7154 ratchet=21.7289 best=21.7113 since_improve=197
t=19212ms iter=460 WAIST cost=19.0000 best_alt=15.0000 gap=4.0000 tried=5 sep_labels=15 clique_frac=0.05
t=19231ms iter=460 REBUILD reject new_tc=22.1007 (was 21.7154)
t=19251ms iter=460 incumb=21.7154 ratchet=21.8046 best=21.7113 since_improve=198
t=19253ms iter=461 WAIST cost=19.0000 best_alt=15.0000 gap=4.0000 tried=5 sep_labels=15 clique_frac=0.05
t=19272ms iter=461 REBUILD reject new_tc=21.9065 (was 21.7154)
t=19292ms iter=461 incumb=21.7154 ratchet=21.8458 best=21.7113 since_improve=199
t=19293ms iter=462 WAIST cost=19.0000 best_alt=15.0000 gap=4.0000 tried=5 sep_labels=15 clique_frac=0.05
t=19313ms iter=462 REBUILD reject new_tc=22.2877 (was 21.7154)
t=19333ms iter=462 incumb=21.7154 ratchet=21.8618 best=21.7113 since_improve=200
t=19334ms iter=463 WAIST cost=19.0000 best_alt=15.0000 gap=4.0000 tried=5 sep_labels=15 clique_frac=0.05
t=19353ms iter=463 REBUILD reject new_tc=22.2607 (was 21.7154)
t=19374ms iter=463 incumb=21.7154 ratchet=21.7532 best=21.7113 since_improve=201
t=19376ms iter=464 WAIST cost=19.0000 best_alt=15.0000 gap=4.0000 tried=5 sep_labels=15 clique_frac=0.05
t=19394ms iter=464 REBUILD reject new_tc=22.1379 (was 21.7154)
t=19415ms iter=464 incumb=21.7154 ratchet=21.8174 best=21.7113 since_improve=202
t=19417ms iter=465 WAIST cost=19.0000 best_alt=15.0000 gap=4.0000 tried=5 sep_labels=15 clique_frac=0.05
t=19436ms iter=465 REBUILD reject new_tc=22.2474 (was 21.7154)
t=19457ms iter=465 incumb=21.7154 ratchet=21.7538 best=21.7113 since_improve=203
t=19458ms iter=466 WAIST cost=19.0000 best_alt=15.0000 gap=4.0000 tried=5 sep_labels=15 clique_frac=0.05
t=19477ms iter=466 REBUILD reject new_tc=21.9527 (was 21.7154)
t=19498ms iter=466 incumb=21.7154 ratchet=21.7685 best=21.7113 since_improve=204
t=19499ms iter=467 WAIST cost=19.0000 best_alt=15.0000 gap=4.0000 tried=5 sep_labels=15 clique_frac=0.05
t=19518ms iter=467 REBUILD reject new_tc=22.3273 (was 21.7154)
t=19539ms iter=467 incumb=21.7154 ratchet=21.8431 best=21.7113 since_improve=205
t=19541ms iter=468 WAIST cost=19.0000 best_alt=15.0000 gap=4.0000 tried=5 sep_labels=15 clique_frac=0.05
t=19560ms iter=468 REBUILD reject new_tc=21.8958 (was 21.7154)
t=19581ms iter=468 incumb=21.7154 ratchet=21.7919 best=21.7113 since_improve=206
t=19582ms iter=469 WAIST cost=19.0000 best_alt=15.0000 gap=4.0000 tried=5 sep_labels=15 clique_frac=0.05
t=19601ms iter=469 REBUILD reject new_tc=22.2604 (was 21.7154)
t=19622ms iter=469 incumb=21.7154 ratchet=21.9178 best=21.7113 since_improve=207
t=19624ms iter=470 WAIST cost=19.0000 best_alt=15.0000 gap=4.0000 tried=5 sep_labels=15 clique_frac=0.05
t=19643ms iter=470 REBUILD reject new_tc=21.8706 (was 21.7154)
t=19663ms iter=470 incumb=21.7154 ratchet=21.9295 best=21.7113 since_improve=208
t=19665ms iter=471 WAIST cost=19.0000 best_alt=15.0000 gap=4.0000 tried=5 sep_labels=15 clique_frac=0.05
t=19684ms iter=471 REBUILD reject new_tc=22.3438 (was 21.7154)
t=19704ms iter=471 incumb=21.7154 ratchet=21.7415 best=21.7113 since_improve=209
t=19706ms iter=472 WAIST cost=19.0000 best_alt=15.0000 gap=4.0000 tried=5 sep_labels=15 clique_frac=0.05
t=19725ms iter=472 REBUILD reject new_tc=22.1795 (was 21.7154)
t=19745ms iter=472 incumb=21.7154 ratchet=21.7811 best=21.7113 since_improve=210
t=19747ms iter=473 WAIST cost=19.0000 best_alt=15.0000 gap=4.0000 tried=5 sep_labels=15 clique_frac=0.05
t=19766ms iter=473 REBUILD reject new_tc=21.9531 (was 21.7154)
t=19787ms iter=473 incumb=21.7154 ratchet=21.7598 best=21.7113 since_improve=211
t=19788ms iter=474 WAIST cost=19.0000 best_alt=15.0000 gap=4.0000 tried=5 sep_labels=15 clique_frac=0.05
t=19807ms iter=474 REBUILD reject new_tc=22.0965 (was 21.7154)
t=19828ms iter=474 incumb=21.7154 ratchet=21.7938 best=21.7113 since_improve=212
t=19830ms iter=475 WAIST cost=19.0000 best_alt=15.0000 gap=4.0000 tried=5 sep_labels=15 clique_frac=0.05
t=19849ms iter=475 REBUILD reject new_tc=22.3171 (was 21.7154)
t=19869ms iter=475 incumb=21.7154 ratchet=21.7639 best=21.7113 since_improve=213
t=19871ms iter=476 WAIST cost=19.0000 best_alt=15.0000 gap=4.0000 tried=5 sep_labels=15 clique_frac=0.05
t=19890ms iter=476 REBUILD reject new_tc=22.2065 (was 21.7154)
t=19910ms iter=476 incumb=21.7154 ratchet=21.7263 best=21.7113 since_improve=214
t=19912ms iter=477 WAIST cost=19.0000 best_alt=15.0000 gap=4.0000 tried=5 sep_labels=15 clique_frac=0.05
t=19931ms iter=477 REBUILD reject new_tc=22.2844 (was 21.7154)
t=19952ms iter=477 incumb=21.7154 ratchet=21.7803 best=21.7113 since_improve=215
t=19953ms iter=478 WAIST cost=19.0000 best_alt=15.0000 gap=4.0000 tried=5 sep_labels=15 clique_frac=0.05
t=19972ms iter=478 REBUILD reject new_tc=21.9073 (was 21.7154)
t=19993ms iter=478 incumb=21.7154 ratchet=21.7149 best=21.7113 since_improve=0
t=19994ms iter=479 WAIST cost=19.0000 best_alt=16.0000 gap=3.0000 tried=5 sep_labels=16 clique_frac=0.06
t=20008ms iter=479 REBUILD reject new_tc=21.9979 (was 21.7149)
t=20029ms iter=479 incumb=21.7149 ratchet=21.7547 best=21.7113 since_improve=1
t=20030ms iter=480 WAIST cost=19.0000 best_alt=16.0000 gap=3.0000 tried=5 sep_labels=16 clique_frac=0.06
t=20044ms iter=480 REBUILD reject new_tc=21.7978 (was 21.7149)
t=20065ms iter=480 incumb=21.7149 ratchet=21.8128 best=21.7113 since_improve=2
t=20066ms iter=481 WAIST cost=19.0000 best_alt=16.0000 gap=3.0000 tried=5 sep_labels=16 clique_frac=0.06
t=20080ms iter=481 REBUILD reject new_tc=22.8126 (was 21.7149)
t=20100ms iter=481 incumb=21.7149 ratchet=21.8582 best=21.7113 since_improve=3
t=20102ms iter=482 WAIST cost=19.0000 best_alt=16.0000 gap=3.0000 tried=5 sep_labels=16 clique_frac=0.06
t=20115ms iter=482 REBUILD reject new_tc=22.2705 (was 21.7149)
t=20136ms iter=482 incumb=21.7149 ratchet=21.9529 best=21.7113 since_improve=4
t=20137ms iter=483 WAIST cost=19.0000 best_alt=15.0000 gap=4.0000 tried=5 sep_labels=15 clique_frac=0.02
t=20156ms iter=483 REBUILD reject new_tc=22.1843 (was 21.7149)
t=20178ms iter=483 incumb=21.7149 ratchet=21.8067 best=21.7113 since_improve=5
t=20180ms iter=484 WAIST cost=19.0000 best_alt=15.0000 gap=4.0000 tried=5 sep_labels=15 clique_frac=0.08
t=20199ms iter=484 REBUILD reject new_tc=22.0141 (was 21.7149)
t=20219ms iter=484 incumb=21.7149 ratchet=21.9408 best=21.7113 since_improve=6
t=20221ms iter=485 WAIST cost=19.0000 best_alt=15.0000 gap=4.0000 tried=5 sep_labels=15 clique_frac=0.02
t=20240ms iter=485 REBUILD reject new_tc=21.9627 (was 21.7149)
t=20260ms iter=485 incumb=21.7149 ratchet=21.9263 best=21.7113 since_improve=7
t=20261ms iter=486 WAIST cost=19.0000 best_alt=15.0000 gap=4.0000 tried=5 sep_labels=15 clique_frac=0.02
t=20280ms iter=486 REBUILD reject new_tc=21.7786 (was 21.7149)
t=20301ms iter=486 incumb=21.7149 ratchet=21.8801 best=21.7113 since_improve=8
t=20302ms iter=487 WAIST cost=19.0000 best_alt=15.0000 gap=4.0000 tried=5 sep_labels=15 clique_frac=0.08
t=20322ms iter=487 REBUILD reject new_tc=22.0874 (was 21.7149)
t=20342ms iter=487 incumb=21.7149 ratchet=21.8491 best=21.7113 since_improve=9
t=20344ms iter=488 WAIST cost=19.0000 best_alt=16.0000 gap=3.0000 tried=5 sep_labels=16 clique_frac=0.06
t=20357ms iter=488 REBUILD reject new_tc=22.0859 (was 21.7149)
t=20378ms iter=488 incumb=21.7149 ratchet=21.9431 best=21.7113 since_improve=10
t=20379ms iter=489 WAIST cost=19.0000 best_alt=15.0000 gap=4.0000 tried=5 sep_labels=15 clique_frac=0.08
t=20399ms iter=489 REBUILD reject new_tc=22.1676 (was 21.7149)
t=20420ms iter=489 incumb=21.7149 ratchet=21.7680 best=21.7113 since_improve=11
t=20421ms iter=490 WAIST cost=19.0000 best_alt=15.0000 gap=4.0000 tried=5 sep_labels=15 clique_frac=0.08
t=20441ms iter=490 REBUILD reject new_tc=22.1673 (was 21.7149)
t=20461ms iter=490 incumb=21.7149 ratchet=21.7286 best=21.7113 since_improve=12
t=20463ms iter=491 WAIST cost=19.0000 best_alt=15.0000 gap=4.0000 tried=5 sep_labels=15 clique_frac=0.08
t=20482ms iter=491 REBUILD reject new_tc=21.8595 (was 21.7149)
t=20503ms iter=491 incumb=21.7149 ratchet=21.7565 best=21.7113 since_improve=13
t=20504ms iter=492 WAIST cost=19.0000 best_alt=15.0000 gap=4.0000 tried=5 sep_labels=15 clique_frac=0.08
t=20523ms iter=492 REBUILD reject new_tc=22.0868 (was 21.7149)
t=20543ms iter=492 incumb=21.7149 ratchet=21.8578 best=21.7113 since_improve=14
t=20545ms iter=493 WAIST cost=19.0000 best_alt=15.0000 gap=4.0000 tried=5 sep_labels=15 clique_frac=0.02
t=20564ms iter=493 REBUILD reject new_tc=22.3360 (was 21.7149)
t=20585ms iter=493 incumb=21.7149 ratchet=21.8508 best=21.7113 since_improve=15
t=20586ms iter=494 WAIST cost=19.0000 best_alt=15.0000 gap=4.0000 tried=5 sep_labels=15 clique_frac=0.05
t=20606ms iter=494 REBUILD reject new_tc=21.8586 (was 21.7149)
t=20626ms iter=494 incumb=21.7149 ratchet=21.7560 best=21.7113 since_improve=16
t=20627ms iter=495 WAIST cost=19.0000 best_alt=16.0000 gap=3.0000 tried=5 sep_labels=16 clique_frac=0.06
t=20641ms iter=495 REBUILD reject new_tc=21.7615 (was 21.7149)
t=20661ms iter=495 incumb=21.7149 ratchet=21.8199 best=21.7113 since_improve=17
t=20663ms iter=496 WAIST cost=19.0000 best_alt=15.0000 gap=4.0000 tried=5 sep_labels=15 clique_frac=0.08
t=20683ms iter=496 REBUILD reject new_tc=22.0781 (was 21.7149)
t=20704ms iter=496 incumb=21.7149 ratchet=21.8742 best=21.7113 since_improve=18
t=20705ms iter=497 WAIST cost=19.0000 best_alt=15.0000 gap=4.0000 tried=5 sep_labels=15 clique_frac=0.08
t=20725ms iter=497 REBUILD reject new_tc=22.3073 (was 21.7149)
t=20745ms iter=497 incumb=21.7149 ratchet=21.9182 best=21.7113 since_improve=19
t=20747ms iter=498 WAIST cost=19.0000 best_alt=15.0000 gap=4.0000 tried=5 sep_labels=15 clique_frac=0.10
t=20766ms iter=498 REBUILD reject new_tc=22.2142 (was 21.7149)
t=20787ms iter=498 incumb=21.7149 ratchet=21.8713 best=21.7113 since_improve=20
t=20788ms iter=499 WAIST cost=19.0000 best_alt=15.0000 gap=4.0000 tried=5 sep_labels=15 clique_frac=0.02
t=20807ms iter=499 REBUILD reject new_tc=22.4141 (was 21.7149)
t=20827ms iter=499 incumb=21.7149 ratchet=21.8041 best=21.7113 since_improve=21
t=20829ms iter=500 WAIST cost=19.0000 best_alt=15.0000 gap=4.0000 tried=5 sep_labels=15 clique_frac=0.05
t=20848ms iter=500 REBUILD reject new_tc=22.2196 (was 21.7149)
t=20869ms iter=500 incumb=21.7149 ratchet=21.7286 best=21.7113 since_improve=22
t=20871ms iter=501 WAIST cost=19.0000 best_alt=15.0000 gap=4.0000 tried=5 sep_labels=15 clique_frac=0.04
t=20890ms iter=501 REBUILD reject new_tc=21.7937 (was 21.7149)
t=20910ms iter=501 incumb=21.7149 ratchet=21.7434 best=21.7113 since_improve=23
t=20911ms iter=502 WAIST cost=19.0000 best_alt=16.0000 gap=3.0000 tried=5 sep_labels=16 clique_frac=0.06
t=20925ms iter=502 REBUILD reject new_tc=21.7508 (was 21.7149)
t=20946ms iter=502 incumb=21.7149 ratchet=22.0819 best=21.7113 since_improve=24
t=20947ms iter=503 WAIST cost=19.0000 best_alt=15.0000 gap=4.0000 tried=5 sep_labels=15 clique_frac=0.05
t=20967ms iter=503 REBUILD reject new_tc=22.1807 (was 21.7149)
t=20988ms iter=503 incumb=21.7149 ratchet=21.8595 best=21.7113 since_improve=25
t=20989ms iter=504 WAIST cost=19.0000 best_alt=15.0000 gap=4.0000 tried=5 sep_labels=15 clique_frac=0.08
t=21008ms iter=504 REBUILD reject new_tc=22.1688 (was 21.7149)
t=21029ms iter=504 incumb=21.7149 ratchet=21.8866 best=21.7113 since_improve=26
t=21030ms iter=505 WAIST cost=19.0000 best_alt=15.0000 gap=4.0000 tried=5 sep_labels=15 clique_frac=0.08
t=21049ms iter=505 REBUILD reject new_tc=21.8557 (was 21.7149)
t=21070ms iter=505 incumb=21.7149 ratchet=21.8326 best=21.7113 since_improve=27
t=21071ms iter=506 WAIST cost=19.0000 best_alt=16.0000 gap=3.0000 tried=5 sep_labels=16 clique_frac=0.06
t=21085ms iter=506 REBUILD reject new_tc=22.1159 (was 21.7149)
t=21106ms iter=506 incumb=21.7149 ratchet=22.1582 best=21.7113 since_improve=28
t=21107ms iter=507 WAIST cost=19.0000 best_alt=16.0000 gap=3.0000 tried=5 sep_labels=16 clique_frac=0.06
t=21121ms iter=507 REBUILD reject new_tc=21.9423 (was 21.7149)
t=21142ms iter=507 incumb=21.7149 ratchet=21.8426 best=21.7113 since_improve=29
t=21143ms iter=508 WAIST cost=19.0000 best_alt=15.0000 gap=4.0000 tried=5 sep_labels=15 clique_frac=0.08
t=21163ms iter=508 REBUILD reject new_tc=22.2433 (was 21.7149)
t=21184ms iter=508 incumb=21.7149 ratchet=21.8178 best=21.7113 since_improve=30
t=21185ms iter=509 WAIST cost=19.0000 best_alt=15.0000 gap=4.0000 tried=5 sep_labels=15 clique_frac=0.05
t=21205ms iter=509 REBUILD reject new_tc=22.2995 (was 21.7149)
t=21225ms iter=509 incumb=21.7149 ratchet=21.9172 best=21.7113 since_improve=31
t=21226ms iter=510 WAIST cost=19.0000 best_alt=15.0000 gap=4.0000 tried=5 sep_labels=15 clique_frac=0.05
t=21245ms iter=510 REBUILD reject new_tc=21.9044 (was 21.7149)
t=21266ms iter=510 incumb=21.7149 ratchet=21.7541 best=21.7113 since_improve=32
t=21267ms iter=511 WAIST cost=19.0000 best_alt=16.0000 gap=3.0000 tried=5 sep_labels=16 clique_frac=0.06
t=21281ms iter=511 REBUILD reject new_tc=21.8131 (was 21.7149)
t=21301ms iter=511 incumb=21.7149 ratchet=21.7703 best=21.7113 since_improve=33
t=21303ms iter=512 WAIST cost=19.0000 best_alt=15.0000 gap=4.0000 tried=5 sep_labels=15 clique_frac=0.02
t=21322ms iter=512 REBUILD reject new_tc=22.2081 (was 21.7149)
t=21343ms iter=512 incumb=21.7149 ratchet=21.7652 best=21.7113 since_improve=34
t=21344ms iter=513 WAIST cost=19.0000 best_alt=15.0000 gap=4.0000 tried=5 sep_labels=15 clique_frac=0.08
t=21364ms iter=513 REBUILD reject new_tc=21.8826 (was 21.7149)
t=21384ms iter=513 incumb=21.7149 ratchet=21.9191 best=21.7113 since_improve=35
t=21386ms iter=514 WAIST cost=19.0000 best_alt=15.0000 gap=4.0000 tried=5 sep_labels=15 clique_frac=0.08
t=21405ms iter=514 REBUILD reject new_tc=21.9530 (was 21.7149)
t=21425ms iter=514 incumb=21.7149 ratchet=21.7925 best=21.7113 since_improve=36
t=21427ms iter=515 WAIST cost=19.0000 best_alt=16.0000 gap=3.0000 tried=5 sep_labels=16 clique_frac=0.06
t=21441ms iter=515 REBUILD reject new_tc=21.9522 (was 21.7149)
t=21462ms iter=515 incumb=21.7149 ratchet=21.8193 best=21.7113 since_improve=37
t=21463ms iter=516 WAIST cost=19.0000 best_alt=15.0000 gap=4.0000 tried=5 sep_labels=15 clique_frac=0.08
t=21482ms iter=516 REBUILD reject new_tc=21.9855 (was 21.7149)
t=21503ms iter=516 incumb=21.7149 ratchet=21.9661 best=21.7113 since_improve=38
t=21504ms iter=517 WAIST cost=19.0000 best_alt=16.0000 gap=3.0000 tried=5 sep_labels=16 clique_frac=0.06
t=21519ms iter=517 REBUILD reject new_tc=21.8109 (was 21.7149)
t=21539ms iter=517 incumb=21.7149 ratchet=21.9473 best=21.7113 since_improve=39
t=21540ms iter=518 WAIST cost=19.0000 best_alt=16.0000 gap=3.0000 tried=5 sep_labels=16 clique_frac=0.06
t=21554ms iter=518 REBUILD reject new_tc=21.7426 (was 21.7149)
t=21575ms iter=518 incumb=21.7149 ratchet=21.7649 best=21.7113 since_improve=40
t=21576ms iter=519 WAIST cost=19.0000 best_alt=16.0000 gap=3.0000 tried=5 sep_labels=16 clique_frac=0.06
t=21590ms iter=519 REBUILD reject new_tc=21.7436 (was 21.7149)
t=21611ms iter=519 incumb=21.7149 ratchet=21.7650 best=21.7113 since_improve=41
t=21612ms iter=520 WAIST cost=19.0000 best_alt=15.0000 gap=4.0000 tried=5 sep_labels=15 clique_frac=0.02
t=21631ms iter=520 REBUILD reject new_tc=21.8775 (was 21.7149)
t=21652ms iter=520 incumb=21.7149 ratchet=21.8911 best=21.7113 since_improve=42
t=21653ms iter=521 WAIST cost=19.0000 best_alt=15.0000 gap=4.0000 tried=5 sep_labels=15 clique_frac=0.08
t=21672ms iter=521 REBUILD reject new_tc=22.0642 (was 21.7149)
t=21693ms iter=521 incumb=21.7149 ratchet=21.7527 best=21.7113 since_improve=43
t=21695ms iter=522 WAIST cost=19.0000 best_alt=16.0000 gap=3.0000 tried=5 sep_labels=16 clique_frac=0.06
t=21708ms iter=522 REBUILD reject new_tc=21.8547 (was 21.7149)
t=21729ms iter=522 incumb=21.7149 ratchet=21.7795 best=21.7113 since_improve=44
t=21730ms iter=523 WAIST cost=19.0000 best_alt=16.0000 gap=3.0000 tried=5 sep_labels=16 clique_frac=0.06
t=21744ms iter=523 REBUILD reject new_tc=21.7549 (was 21.7149)
t=21764ms iter=523 incumb=21.7149 ratchet=21.9378 best=21.7113 since_improve=45
t=21766ms iter=524 WAIST cost=19.0000 best_alt=15.0000 gap=4.0000 tried=5 sep_labels=15 clique_frac=0.08
t=21785ms iter=524 REBUILD reject new_tc=22.3001 (was 21.7149)
t=21805ms iter=524 incumb=21.7149 ratchet=21.7652 best=21.7113 since_improve=46
t=21806ms iter=525 WAIST cost=19.0000 best_alt=15.0000 gap=4.0000 tried=5 sep_labels=15 clique_frac=0.05
t=21826ms iter=525 REBUILD reject new_tc=22.1120 (was 21.7149)
t=21846ms iter=525 incumb=21.7149 ratchet=22.0724 best=21.7113 since_improve=47
t=21847ms iter=526 WAIST cost=19.0000 best_alt=15.0000 gap=4.0000 tried=5 sep_labels=15 clique_frac=0.10
t=21867ms iter=526 REBUILD reject new_tc=21.7929 (was 21.7149)
t=21887ms iter=526 incumb=21.7149 ratchet=21.9132 best=21.7113 since_improve=48
t=21889ms iter=527 WAIST cost=19.0000 best_alt=16.0000 gap=3.0000 tried=5 sep_labels=16 clique_frac=0.06
t=21902ms iter=527 REBUILD reject new_tc=21.7646 (was 21.7149)
t=21923ms iter=527 incumb=21.7149 ratchet=21.8651 best=21.7113 since_improve=49
t=21924ms iter=528 WAIST cost=19.0000 best_alt=15.0000 gap=4.0000 tried=5 sep_labels=15 clique_frac=0.05
t=21943ms iter=528 REBUILD reject new_tc=22.7800 (was 21.7149)
t=21963ms iter=528 incumb=21.7149 ratchet=21.8973 best=21.7113 since_improve=50
t=21965ms iter=529 WAIST cost=19.0000 best_alt=16.0000 gap=3.0000 tried=5 sep_labels=16 clique_frac=0.06
t=21979ms iter=529 REBUILD reject new_tc=21.9602 (was 21.7149)
t=21999ms iter=529 incumb=21.7149 ratchet=21.9592 best=21.7113 since_improve=51
t=22001ms iter=530 WAIST cost=19.0000 best_alt=15.0000 gap=4.0000 tried=5 sep_labels=15 clique_frac=0.08
t=22020ms iter=530 REBUILD reject new_tc=21.8072 (was 21.7149)
t=22041ms iter=530 incumb=21.7149 ratchet=21.8066 best=21.7113 since_improve=52
t=22043ms iter=531 WAIST cost=19.0000 best_alt=15.0000 gap=4.0000 tried=5 sep_labels=15 clique_frac=0.05
t=22062ms iter=531 REBUILD reject new_tc=21.8697 (was 21.7149)
t=22083ms iter=531 incumb=21.7149 ratchet=22.0284 best=21.7113 since_improve=53
t=22084ms iter=532 WAIST cost=19.0000 best_alt=15.0000 gap=4.0000 tried=5 sep_labels=15 clique_frac=0.10
t=22103ms iter=532 REBUILD reject new_tc=21.8116 (was 21.7149)
t=22124ms iter=532 incumb=21.7149 ratchet=21.7963 best=21.7113 since_improve=54
t=22125ms iter=533 WAIST cost=19.0000 best_alt=15.0000 gap=4.0000 tried=5 sep_labels=15 clique_frac=0.05
t=22145ms iter=533 REBUILD reject new_tc=22.1817 (was 21.7149)
t=22165ms iter=533 incumb=21.7149 ratchet=21.8940 best=21.7113 since_improve=55
t=22167ms iter=534 WAIST cost=19.0000 best_alt=15.0000 gap=4.0000 tried=5 sep_labels=15 clique_frac=0.10
t=22186ms iter=534 REBUILD reject new_tc=22.1271 (was 21.7149)
t=22207ms iter=534 incumb=21.7149 ratchet=21.7574 best=21.7113 since_improve=56
t=22208ms iter=535 WAIST cost=19.0000 best_alt=16.0000 gap=3.0000 tried=5 sep_labels=16 clique_frac=0.06
t=22222ms iter=535 REBUILD reject new_tc=22.5314 (was 21.7149)
t=22243ms iter=535 incumb=21.7149 ratchet=21.7555 best=21.7113 since_improve=57
t=22244ms iter=536 WAIST cost=19.0000 best_alt=16.0000 gap=3.0000 tried=5 sep_labels=16 clique_frac=0.06
t=22258ms iter=536 REBUILD reject new_tc=21.7481 (was 21.7149)
t=22278ms iter=536 incumb=21.7149 ratchet=21.9089 best=21.7113 since_improve=58
t=22279ms iter=537 WAIST cost=19.0000 best_alt=15.0000 gap=4.0000 tried=5 sep_labels=15 clique_frac=0.08
t=22299ms iter=537 REBUILD reject new_tc=22.0268 (was 21.7149)
t=22319ms iter=537 incumb=21.7149 ratchet=21.9557 best=21.7113 since_improve=59
t=22320ms iter=538 WAIST cost=19.0000 best_alt=16.0000 gap=3.0000 tried=5 sep_labels=16 clique_frac=0.06
t=22342ms iter=538 REBUILD reject new_tc=21.8938 (was 21.7149)
t=22364ms iter=538 incumb=21.7149 ratchet=21.7931 best=21.7113 since_improve=60
t=22365ms iter=539 WAIST cost=19.0000 best_alt=15.0000 gap=4.0000 tried=5 sep_labels=15 clique_frac=0.07
t=22384ms iter=539 REBUILD reject new_tc=21.8588 (was 21.7149)
t=22405ms iter=539 incumb=21.7149 ratchet=21.8320 best=21.7113 since_improve=61
t=22406ms iter=540 WAIST cost=19.0000 best_alt=15.0000 gap=4.0000 tried=5 sep_labels=15 clique_frac=0.08
t=22425ms iter=540 REBUILD reject new_tc=21.8568 (was 21.7149)
t=22446ms iter=540 incumb=21.7149 ratchet=21.8558 best=21.7113 since_improve=62
t=22447ms iter=541 WAIST cost=19.0000 best_alt=16.0000 gap=3.0000 tried=5 sep_labels=16 clique_frac=0.06
t=22461ms iter=541 REBUILD reject new_tc=21.7917 (was 21.7149)
t=22482ms iter=541 incumb=21.7149 ratchet=21.9107 best=21.7113 since_improve=63
t=22483ms iter=542 WAIST cost=19.0000 best_alt=16.0000 gap=3.0000 tried=5 sep_labels=16 clique_frac=0.06
t=22497ms iter=542 REBUILD reject new_tc=22.0868 (was 21.7149)
t=22517ms iter=542 incumb=21.7149 ratchet=21.8063 best=21.7113 since_improve=64
t=22519ms iter=543 WAIST cost=19.0000 best_alt=15.0000 gap=4.0000 tried=5 sep_labels=15 clique_frac=0.07
t=22538ms iter=543 REBUILD reject new_tc=22.0297 (was 21.7149)
t=22558ms iter=543 incumb=21.7149 ratchet=21.9411 best=21.7113 since_improve=65
t=22560ms iter=544 WAIST cost=19.0000 best_alt=15.0000 gap=4.0000 tried=5 sep_labels=15 clique_frac=0.02
t=22579ms iter=544 REBUILD reject new_tc=22.1148 (was 21.7149)
t=22600ms iter=544 incumb=21.7149 ratchet=21.8844 best=21.7113 since_improve=66
t=22601ms iter=545 WAIST cost=19.0000 best_alt=15.0000 gap=4.0000 tried=5 sep_labels=15 clique_frac=0.07
t=22620ms iter=545 REBUILD reject new_tc=22.1271 (was 21.7149)
t=22641ms iter=545 incumb=21.7149 ratchet=21.7563 best=21.7113 since_improve=67
t=22642ms iter=546 WAIST cost=19.0000 best_alt=15.0000 gap=4.0000 tried=5 sep_labels=15 clique_frac=0.07
t=22661ms iter=546 REBUILD reject new_tc=22.3261 (was 21.7149)
t=22682ms iter=546 incumb=21.7149 ratchet=21.8007 best=21.7113 since_improve=68
t=22683ms iter=547 WAIST cost=19.0000 best_alt=15.0000 gap=4.0000 tried=5 sep_labels=15 clique_frac=0.02
t=22702ms iter=547 REBUILD reject new_tc=21.9076 (was 21.7149)
t=22723ms iter=547 incumb=21.7149 ratchet=21.7415 best=21.7113 since_improve=69
t=22724ms iter=548 WAIST cost=19.0000 best_alt=15.0000 gap=4.0000 tried=5 sep_labels=15 clique_frac=0.05
t=22744ms iter=548 REBUILD reject new_tc=21.8683 (was 21.7149)
t=22764ms iter=548 incumb=21.7149 ratchet=21.7392 best=21.7113 since_improve=70
t=22766ms iter=549 WAIST cost=19.0000 best_alt=15.0000 gap=4.0000 tried=5 sep_labels=15 clique_frac=0.08
t=22785ms iter=549 REBUILD reject new_tc=21.8671 (was 21.7149)
t=22806ms iter=549 incumb=21.7149 ratchet=21.7531 best=21.7113 since_improve=71
t=22807ms iter=550 WAIST cost=19.0000 best_alt=15.0000 gap=4.0000 tried=5 sep_labels=15 clique_frac=0.08
t=22826ms iter=550 REBUILD reject new_tc=21.9407 (was 21.7149)
t=22848ms iter=550 incumb=21.7149 ratchet=21.8844 best=21.7113 since_improve=72
t=22849ms iter=551 WAIST cost=19.0000 best_alt=15.0000 gap=4.0000 tried=5 sep_labels=15 clique_frac=0.05
t=22868ms iter=551 REBUILD reject new_tc=21.8664 (was 21.7149)
t=22888ms iter=551 incumb=21.7149 ratchet=21.8712 best=21.7113 since_improve=73
t=22890ms iter=552 WAIST cost=19.0000 best_alt=16.0000 gap=3.0000 tried=5 sep_labels=16 clique_frac=0.06
t=22903ms iter=552 REBUILD reject new_tc=21.7411 (was 21.7149)
t=22924ms iter=552 incumb=21.7149 ratchet=21.9531 best=21.7113 since_improve=74
t=22925ms iter=553 WAIST cost=19.0000 best_alt=15.0000 gap=4.0000 tried=5 sep_labels=15 clique_frac=0.08
t=22945ms iter=553 REBUILD reject new_tc=22.0883 (was 21.7149)
t=22965ms iter=553 incumb=21.7149 ratchet=21.8811 best=21.7113 since_improve=75
t=22967ms iter=554 WAIST cost=19.0000 best_alt=15.0000 gap=4.0000 tried=5 sep_labels=15 clique_frac=0.05
t=22986ms iter=554 REBUILD reject new_tc=22.1839 (was 21.7149)
t=23007ms iter=554 incumb=21.7149 ratchet=21.7276 best=21.7113 since_improve=76
t=23008ms iter=555 WAIST cost=19.0000 best_alt=16.0000 gap=3.0000 tried=5 sep_labels=16 clique_frac=0.06
t=23022ms iter=555 REBUILD reject new_tc=22.1774 (was 21.7149)
t=23042ms iter=555 incumb=21.7149 ratchet=21.8953 best=21.7113 since_improve=77
t=23043ms iter=556 WAIST cost=19.0000 best_alt=15.0000 gap=4.0000 tried=5 sep_labels=15 clique_frac=0.07
t=23063ms iter=556 REBUILD reject new_tc=21.8458 (was 21.7149)
t=23083ms iter=556 incumb=21.7149 ratchet=22.0420 best=21.7113 since_improve=78
t=23085ms iter=557 WAIST cost=19.0000 best_alt=15.0000 gap=4.0000 tried=5 sep_labels=15 clique_frac=0.08
t=23104ms iter=557 REBUILD reject new_tc=22.1227 (was 21.7149)
t=23124ms iter=557 incumb=21.7149 ratchet=21.8027 best=21.7113 since_improve=79
t=23126ms iter=558 WAIST cost=19.0000 best_alt=15.0000 gap=4.0000 tried=5 sep_labels=15 clique_frac=0.08
t=23145ms iter=558 REBUILD reject new_tc=22.0226 (was 21.7149)
t=23166ms iter=558 incumb=21.7149 ratchet=21.7909 best=21.7113 since_improve=80
t=23167ms iter=559 WAIST cost=19.0000 best_alt=16.0000 gap=3.0000 tried=5 sep_labels=16 clique_frac=0.06
t=23181ms iter=559 REBUILD reject new_tc=22.1605 (was 21.7149)
t=23202ms iter=559 incumb=21.7149 ratchet=21.7439 best=21.7113 since_improve=81
t=23204ms iter=560 WAIST cost=19.0000 best_alt=15.0000 gap=4.0000 tried=5 sep_labels=15 clique_frac=0.02
t=23223ms iter=560 REBUILD reject new_tc=21.7911 (was 21.7149)
t=23243ms iter=560 incumb=21.7149 ratchet=21.7990 best=21.7113 since_improve=82
t=23244ms iter=561 WAIST cost=19.0000 best_alt=15.0000 gap=4.0000 tried=5 sep_labels=15 clique_frac=0.08
t=23264ms iter=561 REBUILD reject new_tc=22.0219 (was 21.7149)
t=23284ms iter=561 incumb=21.7149 ratchet=21.7350 best=21.7113 since_improve=83
t=23285ms iter=562 WAIST cost=19.0000 best_alt=15.0000 gap=4.0000 tried=5 sep_labels=15 clique_frac=0.08
t=23305ms iter=562 REBUILD reject new_tc=21.8563 (was 21.7149)
t=23325ms iter=562 incumb=21.7149 ratchet=21.8855 best=21.7113 since_improve=84
t=23327ms iter=563 WAIST cost=19.0000 best_alt=15.0000 gap=4.0000 tried=5 sep_labels=15 clique_frac=0.02
t=23346ms iter=563 REBUILD reject new_tc=22.0648 (was 21.7149)
t=23367ms iter=563 incumb=21.7149 ratchet=21.7347 best=21.7113 since_improve=85
t=23368ms iter=564 WAIST cost=19.0000 best_alt=15.0000 gap=4.0000 tried=5 sep_labels=15 clique_frac=0.02
t=23388ms iter=564 REBUILD reject new_tc=22.4911 (was 21.7149)
t=23408ms iter=564 incumb=21.7149 ratchet=21.9199 best=21.7113 since_improve=86
t=23410ms iter=565 WAIST cost=19.0000 best_alt=16.0000 gap=3.0000 tried=5 sep_labels=16 clique_frac=0.06
t=23424ms iter=565 REBUILD reject new_tc=21.9863 (was 21.7149)
t=23444ms iter=565 incumb=21.7149 ratchet=21.8646 best=21.7113 since_improve=87
t=23446ms iter=566 WAIST cost=19.0000 best_alt=15.0000 gap=4.0000 tried=5 sep_labels=15 clique_frac=0.04
t=23465ms iter=566 REBUILD reject new_tc=22.5059 (was 21.7149)
t=23486ms iter=566 incumb=21.7149 ratchet=21.7297 best=21.7113 since_improve=88
t=23487ms iter=567 WAIST cost=19.0000 best_alt=16.0000 gap=3.0000 tried=5 sep_labels=16 clique_frac=0.06
t=23501ms iter=567 REBUILD reject new_tc=22.4873 (was 21.7149)
t=23522ms iter=567 incumb=21.7149 ratchet=21.7529 best=21.7113 since_improve=89
t=23524ms iter=568 WAIST cost=19.0000 best_alt=15.0000 gap=4.0000 tried=5 sep_labels=15 clique_frac=0.08
t=23543ms iter=568 REBUILD reject new_tc=21.8582 (was 21.7149)
t=23564ms iter=568 incumb=21.7149 ratchet=21.7415 best=21.7113 since_improve=90
t=23565ms iter=569 WAIST cost=19.0000 best_alt=15.0000 gap=4.0000 tried=5 sep_labels=15 clique_frac=0.02
t=23584ms iter=569 REBUILD reject new_tc=21.8484 (was 21.7149)
t=23604ms iter=569 incumb=21.7149 ratchet=21.8186 best=21.7113 since_improve=91
t=23606ms iter=570 WAIST cost=19.0000 best_alt=15.0000 gap=4.0000 tried=5 sep_labels=15 clique_frac=0.04
t=23625ms iter=570 REBUILD reject new_tc=21.7652 (was 21.7149)
t=23646ms iter=570 incumb=21.7149 ratchet=21.7923 best=21.7113 since_improve=92
t=23647ms iter=571 WAIST cost=19.0000 best_alt=15.0000 gap=4.0000 tried=5 sep_labels=15 clique_frac=0.02
t=23666ms iter=571 REBUILD reject new_tc=21.9053 (was 21.7149)
t=23687ms iter=571 incumb=21.7149 ratchet=21.7754 best=21.7113 since_improve=93
t=23689ms iter=572 WAIST cost=19.0000 best_alt=15.0000 gap=4.0000 tried=5 sep_labels=15 clique_frac=0.05
t=23708ms iter=572 REBUILD reject new_tc=21.8181 (was 21.7149)
t=23729ms iter=572 incumb=21.7149 ratchet=21.7546 best=21.7113 since_improve=94
t=23730ms iter=573 WAIST cost=19.0000 best_alt=15.0000 gap=4.0000 tried=5 sep_labels=15 clique_frac=0.05
t=23750ms iter=573 REBUILD reject new_tc=21.9408 (was 21.7149)
t=23771ms iter=573 incumb=21.7149 ratchet=21.8101 best=21.7113 since_improve=95
t=23772ms iter=574 WAIST cost=19.0000 best_alt=16.0000 gap=3.0000 tried=5 sep_labels=16 clique_frac=0.06
t=23786ms iter=574 REBUILD reject new_tc=22.3344 (was 21.7149)
t=23807ms iter=574 incumb=21.7149 ratchet=21.8201 best=21.7113 since_improve=96
t=23808ms iter=575 WAIST cost=19.0000 best_alt=15.0000 gap=4.0000 tried=5 sep_labels=15 clique_frac=0.05
t=23827ms iter=575 REBUILD reject new_tc=21.9075 (was 21.7149)
t=23848ms iter=575 incumb=21.7149 ratchet=21.8431 best=21.7113 since_improve=97
t=23849ms iter=576 WAIST cost=19.0000 best_alt=16.0000 gap=3.0000 tried=5 sep_labels=16 clique_frac=0.06
t=23863ms iter=576 REBUILD reject new_tc=22.0325 (was 21.7149)
t=23884ms iter=576 incumb=21.7149 ratchet=21.7635 best=21.7113 since_improve=98
t=23886ms iter=577 WAIST cost=19.0000 best_alt=15.0000 gap=4.0000 tried=5 sep_labels=15 clique_frac=0.08
t=23905ms iter=577 REBUILD reject new_tc=21.8590 (was 21.7149)
t=23925ms iter=577 incumb=21.7149 ratchet=21.9250 best=21.7113 since_improve=99
t=23927ms iter=578 WAIST cost=19.0000 best_alt=16.0000 gap=3.0000 tried=5 sep_labels=16 clique_frac=0.06
t=23941ms iter=578 REBUILD reject new_tc=21.8139 (was 21.7149)
t=23961ms iter=578 incumb=21.7149 ratchet=21.8330 best=21.7113 since_improve=100
t=23963ms iter=579 WAIST cost=19.0000 best_alt=15.0000 gap=4.0000 tried=5 sep_labels=15 clique_frac=0.08
t=23982ms iter=579 REBUILD reject new_tc=22.1853 (was 21.7149)
t=24002ms iter=579 incumb=21.7149 ratchet=21.7824 best=21.7113 since_improve=101
t=24004ms iter=580 WAIST cost=19.0000 best_alt=15.0000 gap=4.0000 tried=5 sep_labels=15 clique_frac=0.05
t=24023ms iter=580 REBUILD reject new_tc=22.4302 (was 21.7149)
t=24043ms iter=580 incumb=21.7149 ratchet=21.8472 best=21.7113 since_improve=102
t=24044ms iter=581 WAIST cost=19.0000 best_alt=16.0000 gap=3.0000 tried=5 sep_labels=16 clique_frac=0.06
t=24058ms iter=581 REBUILD reject new_tc=22.1887 (was 21.7149)
t=24078ms iter=581 incumb=21.7149 ratchet=21.7558 best=21.7113 since_improve=103
t=24079ms iter=582 WAIST cost=19.0000 best_alt=15.0000 gap=4.0000 tried=5 sep_labels=15 clique_frac=0.05
t=24099ms iter=582 REBUILD reject new_tc=22.0868 (was 21.7149)
t=24119ms iter=582 incumb=21.7149 ratchet=21.7528 best=21.7113 since_improve=104
t=24120ms iter=583 WAIST cost=19.0000 best_alt=15.0000 gap=4.0000 tried=5 sep_labels=15 clique_frac=0.08
t=24140ms iter=583 REBUILD reject new_tc=21.9504 (was 21.7149)
t=24163ms iter=583 incumb=21.7149 ratchet=21.8446 best=21.7113 since_improve=105
t=24164ms iter=584 WAIST cost=19.0000 best_alt=15.0000 gap=4.0000 tried=5 sep_labels=15 clique_frac=0.05
t=24189ms iter=584 REBUILD reject new_tc=22.0879 (was 21.7149)
t=24209ms iter=584 incumb=21.7149 ratchet=21.8801 best=21.7113 since_improve=106
t=24210ms iter=585 WAIST cost=19.0000 best_alt=16.0000 gap=3.0000 tried=5 sep_labels=16 clique_frac=0.06
t=24228ms iter=585 REBUILD reject new_tc=22.3247 (was 21.7149)
t=24256ms iter=585 incumb=21.7149 ratchet=21.7533 best=21.7113 since_improve=107
t=24257ms iter=586 WAIST cost=19.0000 best_alt=15.0000 gap=4.0000 tried=5 sep_labels=15 clique_frac=0.08
t=24289ms iter=586 REBUILD reject new_tc=22.0309 (was 21.7149)
t=24317ms iter=586 incumb=21.7149 ratchet=21.7676 best=21.7113 since_improve=108
t=24319ms iter=587 WAIST cost=19.0000 best_alt=15.0000 gap=4.0000 tried=5 sep_labels=15 clique_frac=0.08
t=24338ms iter=587 REBUILD reject new_tc=22.1673 (was 21.7149)
t=24359ms iter=587 incumb=21.7149 ratchet=21.7782 best=21.7113 since_improve=109
t=24361ms iter=588 WAIST cost=19.0000 best_alt=16.0000 gap=3.0000 tried=5 sep_labels=16 clique_frac=0.06
t=24374ms iter=588 REBUILD reject new_tc=22.2508 (was 21.7149)
t=24395ms iter=588 incumb=21.7149 ratchet=21.8585 best=21.7113 since_improve=110
t=24397ms iter=589 WAIST cost=19.0000 best_alt=16.0000 gap=3.0000 tried=5 sep_labels=16 clique_frac=0.06
t=24411ms iter=589 REBUILD reject new_tc=22.1366 (was 21.7149)
t=24432ms iter=589 incumb=21.7149 ratchet=21.9063 best=21.7113 since_improve=111
t=24433ms iter=590 WAIST cost=19.0000 best_alt=16.0000 gap=3.0000 tried=5 sep_labels=16 clique_frac=0.06
t=24447ms iter=590 REBUILD reject new_tc=22.3501 (was 21.7149)
t=24467ms iter=590 incumb=21.7149 ratchet=21.8691 best=21.7113 since_improve=112
t=24469ms iter=591 WAIST cost=19.0000 best_alt=15.0000 gap=4.0000 tried=5 sep_labels=15 clique_frac=0.08
t=24488ms iter=591 REBUILD reject new_tc=21.8686 (was 21.7149)
t=24509ms iter=591 incumb=21.7149 ratchet=21.7538 best=21.7113 since_improve=113
t=24510ms iter=592 WAIST cost=19.0000 best_alt=16.0000 gap=3.0000 tried=5 sep_labels=16 clique_frac=0.06
t=24524ms iter=592 REBUILD reject new_tc=22.3340 (was 21.7149)
t=24544ms iter=592 incumb=21.7149 ratchet=21.8047 best=21.7113 since_improve=114
t=24546ms iter=593 WAIST cost=19.0000 best_alt=16.0000 gap=3.0000 tried=5 sep_labels=16 clique_frac=0.06
t=24559ms iter=593 REBUILD reject new_tc=22.2440 (was 21.7149)
t=24580ms iter=593 incumb=21.7149 ratchet=21.7276 best=21.7113 since_improve=115
t=24582ms iter=594 WAIST cost=19.0000 best_alt=15.0000 gap=4.0000 tried=5 sep_labels=15 clique_frac=0.04
t=24601ms iter=594 REBUILD reject new_tc=21.8055 (was 21.7149)
t=24622ms iter=594 incumb=21.7149 ratchet=21.8817 best=21.7113 since_improve=116
t=24623ms iter=595 WAIST cost=19.0000 best_alt=15.0000 gap=4.0000 tried=5 sep_labels=15 clique_frac=0.02
t=24642ms iter=595 REBUILD reject new_tc=22.3335 (was 21.7149)
t=24663ms iter=595 incumb=21.7149 ratchet=21.7563 best=21.7113 since_improve=117
t=24664ms iter=596 WAIST cost=19.0000 best_alt=16.0000 gap=3.0000 tried=5 sep_labels=16 clique_frac=0.06
t=24678ms iter=596 REBUILD reject new_tc=22.0218 (was 21.7149)
t=24699ms iter=596 incumb=21.7149 ratchet=21.9568 best=21.7113 since_improve=118
t=24701ms iter=597 WAIST cost=19.0000 best_alt=15.0000 gap=4.0000 tried=5 sep_labels=15 clique_frac=0.07
t=24720ms iter=597 REBUILD reject new_tc=22.3301 (was 21.7149)
t=24740ms iter=597 incumb=21.7149 ratchet=21.8355 best=21.7113 since_improve=119
t=24742ms iter=598 WAIST cost=19.0000 best_alt=16.0000 gap=3.0000 tried=5 sep_labels=16 clique_frac=0.06
t=24756ms iter=598 REBUILD reject new_tc=21.9499 (was 21.7149)
t=24777ms iter=598 incumb=21.7149 ratchet=21.7820 best=21.7113 since_improve=120
t=24778ms iter=599 WAIST cost=19.0000 best_alt=15.0000 gap=4.0000 tried=5 sep_labels=15 clique_frac=0.08
t=24797ms iter=599 REBUILD reject new_tc=21.9537 (was 21.7149)
t=24817ms iter=599 incumb=21.7149 ratchet=21.8961 best=21.7113 since_improve=121
t=24819ms iter=600 WAIST cost=19.0000 best_alt=15.0000 gap=4.0000 tried=5 sep_labels=15 clique_frac=0.10
t=24838ms iter=600 REBUILD reject new_tc=21.9984 (was 21.7149)
t=24859ms iter=600 incumb=21.7149 ratchet=21.7433 best=21.7113 since_improve=122
t=24860ms iter=601 WAIST cost=19.0000 best_alt=15.0000 gap=4.0000 tried=5 sep_labels=15 clique_frac=0.08
t=24879ms iter=601 REBUILD reject new_tc=22.1052 (was 21.7149)
t=24900ms iter=601 incumb=21.7149 ratchet=21.9245 best=21.7113 since_improve=123
t=24901ms iter=602 WAIST cost=19.0000 best_alt=15.0000 gap=4.0000 tried=5 sep_labels=15 clique_frac=0.05
t=24921ms iter=602 REBUILD reject new_tc=22.1985 (was 21.7149)
t=24941ms iter=602 incumb=21.7149 ratchet=21.7695 best=21.7113 since_improve=124
t=24943ms iter=603 WAIST cost=19.0000 best_alt=15.0000 gap=4.0000 tried=5 sep_labels=15 clique_frac=0.08
t=24962ms iter=603 REBUILD reject new_tc=21.8819 (was 21.7149)
t=24983ms iter=603 incumb=21.7149 ratchet=21.9299 best=21.7113 since_improve=125
t=24984ms iter=604 WAIST cost=19.0000 best_alt=15.0000 gap=4.0000 tried=5 sep_labels=15 clique_frac=0.02
t=25003ms iter=604 REBUILD reject new_tc=22.0066 (was 21.7149)
t=25024ms iter=604 incumb=21.7149 ratchet=21.8694 best=21.7113 since_improve=126
t=25025ms iter=605 WAIST cost=19.0000 best_alt=15.0000 gap=4.0000 tried=5 sep_labels=15 clique_frac=0.04
t=25044ms iter=605 REBUILD reject new_tc=22.2055 (was 21.7149)
t=25065ms iter=605 incumb=21.7149 ratchet=21.7664 best=21.7113 since_improve=127
t=25066ms iter=606 WAIST cost=19.0000 best_alt=15.0000 gap=4.0000 tried=5 sep_labels=15 clique_frac=0.08
t=25085ms iter=606 REBUILD reject new_tc=21.9976 (was 21.7149)
t=25106ms iter=606 incumb=21.7149 ratchet=21.7417 best=21.7113 since_improve=128
t=25107ms iter=607 WAIST cost=19.0000 best_alt=15.0000 gap=4.0000 tried=5 sep_labels=15 clique_frac=0.08
t=25127ms iter=607 REBUILD reject new_tc=21.8038 (was 21.7149)
t=25147ms iter=607 incumb=21.7149 ratchet=21.9948 best=21.7113 since_improve=129
t=25149ms iter=608 WAIST cost=19.0000 best_alt=15.0000 gap=4.0000 tried=5 sep_labels=15 clique_frac=0.07
t=25168ms iter=608 REBUILD reject new_tc=22.1653 (was 21.7149)
t=25189ms iter=608 incumb=21.7149 ratchet=21.9428 best=21.7113 since_improve=130
t=25190ms iter=609 WAIST cost=19.0000 best_alt=16.0000 gap=3.0000 tried=5 sep_labels=16 clique_frac=0.06
t=25204ms iter=609 REBUILD reject new_tc=21.7543 (was 21.7149)
t=25225ms iter=609 incumb=21.7149 ratchet=21.7415 best=21.7113 since_improve=131
t=25226ms iter=610 WAIST cost=19.0000 best_alt=15.0000 gap=4.0000 tried=5 sep_labels=15 clique_frac=0.07
t=25245ms iter=610 REBUILD reject new_tc=22.0654 (was 21.7149)
t=25266ms iter=610 incumb=21.7149 ratchet=21.7912 best=21.7113 since_improve=132
t=25268ms iter=611 WAIST cost=19.0000 best_alt=15.0000 gap=4.0000 tried=5 sep_labels=15 clique_frac=0.08
t=25287ms iter=611 REBUILD reject new_tc=22.3167 (was 21.7149)
t=25307ms iter=611 incumb=21.7149 ratchet=21.7926 best=21.7113 since_improve=133
t=25309ms iter=612 WAIST cost=19.0000 best_alt=15.0000 gap=4.0000 tried=5 sep_labels=15 clique_frac=0.05
t=25328ms iter=612 REBUILD reject new_tc=21.8667 (was 21.7149)
t=25349ms iter=612 incumb=21.7149 ratchet=21.8800 best=21.7113 since_improve=134
t=25350ms iter=613 WAIST cost=19.0000 best_alt=15.0000 gap=4.0000 tried=5 sep_labels=15 clique_frac=0.08
t=25369ms iter=613 REBUILD reject new_tc=21.9050 (was 21.7149)
t=25390ms iter=613 incumb=21.7149 ratchet=21.8827 best=21.7113 since_improve=135
t=25391ms iter=614 WAIST cost=19.0000 best_alt=15.0000 gap=4.0000 tried=5 sep_labels=15 clique_frac=0.08
t=25411ms iter=614 REBUILD reject new_tc=21.7680 (was 21.7149)
t=25432ms iter=614 incumb=21.7149 ratchet=21.8650 best=21.7113 since_improve=136
t=25433ms iter=615 WAIST cost=19.0000 best_alt=15.0000 gap=4.0000 tried=5 sep_labels=15 clique_frac=0.08
t=25452ms iter=615 REBUILD reject new_tc=21.8571 (was 21.7149)
t=25473ms iter=615 incumb=21.7149 ratchet=21.8685 best=21.7113 since_improve=137
t=25474ms iter=616 WAIST cost=19.0000 best_alt=15.0000 gap=4.0000 tried=5 sep_labels=15 clique_frac=0.04
t=25494ms iter=616 REBUILD reject new_tc=21.8335 (was 21.7149)
t=25514ms iter=616 incumb=21.7149 ratchet=21.8975 best=21.7113 since_improve=138
t=25515ms iter=617 WAIST cost=19.0000 best_alt=15.0000 gap=4.0000 tried=5 sep_labels=15 clique_frac=0.07
t=25535ms iter=617 REBUILD reject new_tc=21.7929 (was 21.7149)
t=25556ms iter=617 incumb=21.7149 ratchet=21.9197 best=21.7113 since_improve=139
t=25557ms iter=618 WAIST cost=19.0000 best_alt=15.0000 gap=4.0000 tried=5 sep_labels=15 clique_frac=0.05
t=25576ms iter=618 REBUILD reject new_tc=22.2328 (was 21.7149)
t=25597ms iter=618 incumb=21.7149 ratchet=21.7667 best=21.7113 since_improve=140
t=25599ms iter=619 WAIST cost=19.0000 best_alt=15.0000 gap=4.0000 tried=5 sep_labels=15 clique_frac=0.08
t=25618ms iter=619 REBUILD reject new_tc=22.1686 (was 21.7149)
t=25639ms iter=619 incumb=21.7149 ratchet=21.8164 best=21.7113 since_improve=141
t=25640ms iter=620 WAIST cost=19.0000 best_alt=16.0000 gap=3.0000 tried=5 sep_labels=16 clique_frac=0.06
t=25654ms iter=620 REBUILD reject new_tc=21.7426 (was 21.7149)
t=25675ms iter=620 incumb=21.7149 ratchet=21.7618 best=21.7113 since_improve=142
t=25676ms iter=621 WAIST cost=19.0000 best_alt=16.0000 gap=3.0000 tried=5 sep_labels=16 clique_frac=0.06
t=25690ms iter=621 REBUILD reject new_tc=22.1759 (was 21.7149)
t=25711ms iter=621 incumb=21.7149 ratchet=21.8143 best=21.7113 since_improve=143
t=25712ms iter=622 WAIST cost=19.0000 best_alt=15.0000 gap=4.0000 tried=5 sep_labels=15 clique_frac=0.08
t=25732ms iter=622 REBUILD reject new_tc=21.9850 (was 21.7149)
t=25752ms iter=622 incumb=21.7149 ratchet=21.7938 best=21.7113 since_improve=144
t=25753ms iter=623 WAIST cost=19.0000 best_alt=15.0000 gap=4.0000 tried=5 sep_labels=15 clique_frac=0.08
t=25773ms iter=623 REBUILD reject new_tc=21.9510 (was 21.7149)
t=25793ms iter=623 incumb=21.7149 ratchet=21.8846 best=21.7113 since_improve=145
t=25794ms iter=624 WAIST cost=19.0000 best_alt=16.0000 gap=3.0000 tried=5 sep_labels=16 clique_frac=0.06
t=25808ms iter=624 REBUILD reject new_tc=22.0213 (was 21.7149)
t=25829ms iter=624 incumb=21.7149 ratchet=21.9230 best=21.7113 since_improve=146
t=25831ms iter=625 WAIST cost=19.0000 best_alt=16.0000 gap=3.0000 tried=5 sep_labels=16 clique_frac=0.06
t=25845ms iter=625 REBUILD reject new_tc=21.7970 (was 21.7149)
t=25865ms iter=625 incumb=21.7149 ratchet=21.8060 best=21.7113 since_improve=147
t=25867ms iter=626 WAIST cost=19.0000 best_alt=15.0000 gap=4.0000 tried=5 sep_labels=15 clique_frac=0.02
t=25885ms iter=626 REBUILD reject new_tc=22.5230 (was 21.7149)
t=25905ms iter=626 incumb=21.7149 ratchet=21.8437 best=21.7113 since_improve=148
t=25907ms iter=627 WAIST cost=19.0000 best_alt=15.0000 gap=4.0000 tried=5 sep_labels=15 clique_frac=0.08
t=25926ms iter=627 REBUILD reject new_tc=21.8684 (was 21.7149)
t=25947ms iter=627 incumb=21.7149 ratchet=21.9066 best=21.7113 since_improve=149
t=25949ms iter=628 WAIST cost=19.0000 best_alt=15.0000 gap=4.0000 tried=5 sep_labels=15 clique_frac=0.10
t=25968ms iter=628 REBUILD reject new_tc=21.9068 (was 21.7149)
t=25989ms iter=628 incumb=21.7149 ratchet=21.8140 best=21.7113 since_improve=150
t=25990ms iter=629 WAIST cost=19.0000 best_alt=15.0000 gap=4.0000 tried=5 sep_labels=15 clique_frac=0.07
t=26009ms iter=629 REBUILD reject new_tc=21.7751 (was 21.7149)
t=26030ms iter=629 incumb=21.7149 ratchet=21.8270 best=21.7113 since_improve=151
t=26031ms iter=630 WAIST cost=19.0000 best_alt=16.0000 gap=3.0000 tried=5 sep_labels=16 clique_frac=0.06
t=26045ms iter=630 REBUILD reject new_tc=21.7500 (was 21.7149)
t=26066ms iter=630 incumb=21.7149 ratchet=21.8059 best=21.7113 since_improve=152
t=26067ms iter=631 WAIST cost=19.0000 best_alt=15.0000 gap=4.0000 tried=5 sep_labels=15 clique_frac=0.05
t=26086ms iter=631 REBUILD reject new_tc=22.2707 (was 21.7149)
t=26107ms iter=631 incumb=21.7149 ratchet=21.8321 best=21.7113 since_improve=153
t=26108ms iter=632 WAIST cost=19.0000 best_alt=16.0000 gap=3.0000 tried=5 sep_labels=16 clique_frac=0.06
t=26122ms iter=632 REBUILD reject new_tc=22.1207 (was 21.7149)
t=26143ms iter=632 incumb=21.7149 ratchet=21.7388 best=21.7113 since_improve=154
t=26144ms iter=633 WAIST cost=19.0000 best_alt=15.0000 gap=4.0000 tried=5 sep_labels=15 clique_frac=0.08
t=26164ms iter=633 REBUILD reject new_tc=21.7539 (was 21.7149)
t=26184ms iter=633 incumb=21.7149 ratchet=21.8929 best=21.7113 since_improve=155
t=26186ms iter=634 WAIST cost=19.0000 best_alt=15.0000 gap=4.0000 tried=5 sep_labels=15 clique_frac=0.10
t=26205ms iter=634 REBUILD reject new_tc=22.2847 (was 21.7149)
t=26226ms iter=634 incumb=21.7149 ratchet=21.8032 best=21.7113 since_improve=156
t=26227ms iter=635 WAIST cost=19.0000 best_alt=15.0000 gap=4.0000 tried=5 sep_labels=15 clique_frac=0.05
t=26246ms iter=635 REBUILD reject new_tc=22.1614 (was 21.7149)
t=26266ms iter=635 incumb=21.7149 ratchet=21.7422 best=21.7113 since_improve=157
t=26267ms iter=636 WAIST cost=19.0000 best_alt=16.0000 gap=3.0000 tried=5 sep_labels=16 clique_frac=0.06
t=26281ms iter=636 REBUILD reject new_tc=21.9045 (was 21.7149)
t=26301ms iter=636 incumb=21.7149 ratchet=21.8617 best=21.7113 since_improve=158
t=26303ms iter=637 WAIST cost=19.0000 best_alt=15.0000 gap=4.0000 tried=5 sep_labels=15 clique_frac=0.05
t=26322ms iter=637 REBUILD reject new_tc=21.8794 (was 21.7149)
t=26343ms iter=637 incumb=21.7149 ratchet=21.7877 best=21.7113 since_improve=159
t=26344ms iter=638 WAIST cost=19.0000 best_alt=15.0000 gap=4.0000 tried=5 sep_labels=15 clique_frac=0.02
t=26363ms iter=638 REBUILD reject new_tc=22.3490 (was 21.7149)
t=26383ms iter=638 incumb=21.7149 ratchet=21.9889 best=21.7113 since_improve=160
t=26385ms iter=639 WAIST cost=19.0000 best_alt=15.0000 gap=4.0000 tried=5 sep_labels=15 clique_frac=0.08
t=26404ms iter=639 REBUILD reject new_tc=21.8568 (was 21.7149)
t=26425ms iter=639 incumb=21.7149 ratchet=21.8075 best=21.7113 since_improve=161
t=26426ms iter=640 WAIST cost=19.0000 best_alt=16.0000 gap=3.0000 tried=5 sep_labels=16 clique_frac=0.06
t=26440ms iter=640 REBUILD reject new_tc=22.4114 (was 21.7149)
t=26460ms iter=640 incumb=21.7149 ratchet=21.7436 best=21.7113 since_improve=162
t=26462ms iter=641 WAIST cost=19.0000 best_alt=15.0000 gap=4.0000 tried=5 sep_labels=15 clique_frac=0.02
t=26480ms iter=641 REBUILD reject new_tc=22.1903 (was 21.7149)
t=26501ms iter=641 incumb=21.7149 ratchet=21.7519 best=21.7113 since_improve=163
t=26502ms iter=642 WAIST cost=19.0000 best_alt=15.0000 gap=4.0000 tried=5 sep_labels=15 clique_frac=0.05
t=26522ms iter=642 REBUILD reject new_tc=22.0757 (was 21.7149)
t=26543ms iter=642 incumb=21.7149 ratchet=21.7554 best=21.7113 since_improve=164
t=26544ms iter=643 WAIST cost=19.0000 best_alt=16.0000 gap=3.0000 tried=5 sep_labels=16 clique_frac=0.06
t=26558ms iter=643 REBUILD reject new_tc=21.7540 (was 21.7149)
t=26579ms iter=643 incumb=21.7149 ratchet=21.9011 best=21.7113 since_improve=165
t=26580ms iter=644 WAIST cost=19.0000 best_alt=15.0000 gap=4.0000 tried=5 sep_labels=15 clique_frac=0.10
t=26600ms iter=644 REBUILD reject new_tc=22.0435 (was 21.7149)
t=26620ms iter=644 incumb=21.7149 ratchet=21.7930 best=21.7113 since_improve=166
t=26622ms iter=645 WAIST cost=19.0000 best_alt=15.0000 gap=4.0000 tried=5 sep_labels=15 clique_frac=0.08
t=26641ms iter=645 REBUILD reject new_tc=21.9442 (was 21.7149)
t=26662ms iter=645 incumb=21.7149 ratchet=21.7263 best=21.7113 since_improve=167
t=26664ms iter=646 WAIST cost=19.0000 best_alt=15.0000 gap=4.0000 tried=5 sep_labels=15 clique_frac=0.10
t=26683ms iter=646 REBUILD reject new_tc=22.1309 (was 21.7149)
t=26704ms iter=646 incumb=21.7149 ratchet=21.9464 best=21.7113 since_improve=168
t=26705ms iter=647 WAIST cost=19.0000 best_alt=15.0000 gap=4.0000 tried=5 sep_labels=15 clique_frac=0.08
t=26725ms iter=647 REBUILD reject new_tc=21.9877 (was 21.7149)
t=26745ms iter=647 incumb=21.7149 ratchet=21.7405 best=21.7113 since_improve=169
t=26747ms iter=648 WAIST cost=19.0000 best_alt=15.0000 gap=4.0000 tried=5 sep_labels=15 clique_frac=0.05
t=26766ms iter=648 REBUILD reject new_tc=21.9353 (was 21.7149)
t=26787ms iter=648 incumb=21.7149 ratchet=21.7683 best=21.7113 since_improve=170
t=26788ms iter=649 WAIST cost=19.0000 best_alt=16.0000 gap=3.0000 tried=5 sep_labels=16 clique_frac=0.06
t=26802ms iter=649 REBUILD reject new_tc=21.8502 (was 21.7149)
t=26823ms iter=649 incumb=21.7149 ratchet=21.7754 best=21.7113 since_improve=171
t=26824ms iter=650 WAIST cost=19.0000 best_alt=15.0000 gap=4.0000 tried=5 sep_labels=15 clique_frac=0.05
t=26844ms iter=650 REBUILD reject new_tc=22.0348 (was 21.7149)
t=26864ms iter=650 incumb=21.7149 ratchet=21.9186 best=21.7113 since_improve=172
t=26866ms iter=651 WAIST cost=19.0000 best_alt=15.0000 gap=4.0000 tried=5 sep_labels=15 clique_frac=0.05
t=26885ms iter=651 REBUILD reject new_tc=22.7698 (was 21.7149)
t=26905ms iter=651 incumb=21.7149 ratchet=21.8974 best=21.7113 since_improve=173
t=26907ms iter=652 WAIST cost=19.0000 best_alt=15.0000 gap=4.0000 tried=5 sep_labels=15 clique_frac=0.02
t=26926ms iter=652 REBUILD reject new_tc=22.0443 (was 21.7149)
t=26946ms iter=652 incumb=21.7149 ratchet=21.7539 best=21.7113 since_improve=174
t=26948ms iter=653 WAIST cost=19.0000 best_alt=16.0000 gap=3.0000 tried=5 sep_labels=16 clique_frac=0.06
t=26962ms iter=653 REBUILD reject new_tc=21.7401 (was 21.7149)
t=26983ms iter=653 incumb=21.7149 ratchet=21.8198 best=21.7113 since_improve=175
t=26984ms iter=654 WAIST cost=19.0000 best_alt=16.0000 gap=3.0000 tried=5 sep_labels=16 clique_frac=0.06
t=26998ms iter=654 REBUILD reject new_tc=21.9734 (was 21.7149)
t=27018ms iter=654 incumb=21.7149 ratchet=21.8428 best=21.7113 since_improve=176
t=27020ms iter=655 WAIST cost=19.0000 best_alt=16.0000 gap=3.0000 tried=5 sep_labels=16 clique_frac=0.06
t=27033ms iter=655 REBUILD reject new_tc=21.9234 (was 21.7149)
t=27054ms iter=655 incumb=21.7149 ratchet=21.8328 best=21.7113 since_improve=177
t=27055ms iter=656 WAIST cost=19.0000 best_alt=15.0000 gap=4.0000 tried=5 sep_labels=15 clique_frac=0.05
t=27075ms iter=656 REBUILD reject new_tc=22.1056 (was 21.7149)
t=27095ms iter=656 incumb=21.7149 ratchet=21.7404 best=21.7113 since_improve=178
t=27097ms iter=657 WAIST cost=19.0000 best_alt=16.0000 gap=3.0000 tried=5 sep_labels=16 clique_frac=0.06
t=27111ms iter=657 REBUILD reject new_tc=21.7595 (was 21.7149)
t=27131ms iter=657 incumb=21.7149 ratchet=21.8567 best=21.7113 since_improve=179
t=27133ms iter=658 WAIST cost=19.0000 best_alt=15.0000 gap=4.0000 tried=5 sep_labels=15 clique_frac=0.10
t=27152ms iter=658 REBUILD reject new_tc=21.9044 (was 21.7149)
t=27173ms iter=658 incumb=21.7149 ratchet=21.8453 best=21.7113 since_improve=180
t=27174ms iter=659 WAIST cost=19.0000 best_alt=16.0000 gap=3.0000 tried=5 sep_labels=16 clique_frac=0.06
t=27188ms iter=659 REBUILD reject new_tc=21.7677 (was 21.7149)
t=27208ms iter=659 incumb=21.7149 ratchet=21.7821 best=21.7113 since_improve=181
t=27210ms iter=660 WAIST cost=19.0000 best_alt=15.0000 gap=4.0000 tried=5 sep_labels=15 clique_frac=0.04
t=27229ms iter=660 REBUILD reject new_tc=22.2335 (was 21.7149)
t=27250ms iter=660 incumb=21.7149 ratchet=22.0598 best=21.7113 since_improve=182
t=27251ms iter=661 WAIST cost=19.0000 best_alt=16.0000 gap=3.0000 tried=5 sep_labels=16 clique_frac=0.06
t=27265ms iter=661 REBUILD reject new_tc=22.4522 (was 21.7149)
t=27285ms iter=661 incumb=21.7149 ratchet=21.7910 best=21.7113 since_improve=183
t=27287ms iter=662 WAIST cost=19.0000 best_alt=15.0000 gap=4.0000 tried=5 sep_labels=15 clique_frac=0.08
t=27306ms iter=662 REBUILD reject new_tc=21.9068 (was 21.7149)
t=27327ms iter=662 incumb=21.7149 ratchet=21.7439 best=21.7113 since_improve=184
t=27328ms iter=663 WAIST cost=19.0000 best_alt=15.0000 gap=4.0000 tried=5 sep_labels=15 clique_frac=0.06
t=27348ms iter=663 REBUILD reject new_tc=21.7479 (was 21.7149)
t=27368ms iter=663 incumb=21.7149 ratchet=21.8172 best=21.7113 since_improve=185
t=27370ms iter=664 WAIST cost=19.0000 best_alt=15.0000 gap=4.0000 tried=5 sep_labels=15 clique_frac=0.08
t=27389ms iter=664 REBUILD reject new_tc=21.9538 (was 21.7149)
t=27410ms iter=664 incumb=21.7149 ratchet=21.8823 best=21.7113 since_improve=186
t=27411ms iter=665 WAIST cost=19.0000 best_alt=15.0000 gap=4.0000 tried=5 sep_labels=15 clique_frac=0.08
t=27431ms iter=665 REBUILD reject new_tc=21.8579 (was 21.7149)
t=27452ms iter=665 incumb=21.7149 ratchet=21.8562 best=21.7113 since_improve=187
t=27454ms iter=666 WAIST cost=19.0000 best_alt=15.0000 gap=4.0000 tried=5 sep_labels=15 clique_frac=0.08
t=27473ms iter=666 REBUILD reject new_tc=22.1783 (was 21.7149)
t=27494ms iter=666 incumb=21.7149 ratchet=21.7816 best=21.7113 since_improve=188
t=27495ms iter=667 WAIST cost=19.0000 best_alt=15.0000 gap=4.0000 tried=5 sep_labels=15 clique_frac=0.08
t=27515ms iter=667 REBUILD reject new_tc=22.0856 (was 21.7149)
t=27535ms iter=667 incumb=21.7149 ratchet=21.8311 best=21.7113 since_improve=189
t=27536ms iter=668 WAIST cost=19.0000 best_alt=15.0000 gap=4.0000 tried=5 sep_labels=15 clique_frac=0.08
t=27555ms iter=668 REBUILD reject new_tc=22.2458 (was 21.7149)
t=27576ms iter=668 incumb=21.7149 ratchet=21.7581 best=21.7113 since_improve=190
t=27577ms iter=669 WAIST cost=19.0000 best_alt=15.0000 gap=4.0000 tried=5 sep_labels=15 clique_frac=0.05
t=27597ms iter=669 REBUILD reject new_tc=22.1622 (was 21.7149)
t=27618ms iter=669 incumb=21.7149 ratchet=21.7509 best=21.7113 since_improve=191
t=27619ms iter=670 WAIST cost=19.0000 best_alt=15.0000 gap=4.0000 tried=5 sep_labels=15 clique_frac=0.08
t=27639ms iter=670 REBUILD reject new_tc=22.2529 (was 21.7149)
t=27659ms iter=670 incumb=21.7149 ratchet=21.8560 best=21.7113 since_improve=192
t=27661ms iter=671 WAIST cost=19.0000 best_alt=16.0000 gap=3.0000 tried=5 sep_labels=16 clique_frac=0.06
t=27675ms iter=671 REBUILD reject new_tc=21.7529 (was 21.7149)
t=27695ms iter=671 incumb=21.7149 ratchet=21.7658 best=21.7113 since_improve=193
t=27697ms iter=672 WAIST cost=19.0000 best_alt=15.0000 gap=4.0000 tried=5 sep_labels=15 clique_frac=0.08
t=27716ms iter=672 REBUILD reject new_tc=21.8282 (was 21.7149)
t=27737ms iter=672 incumb=21.7149 ratchet=21.7284 best=21.7113 since_improve=194
t=27738ms iter=673 WAIST cost=19.0000 best_alt=15.0000 gap=4.0000 tried=5 sep_labels=15 clique_frac=0.08
t=27758ms iter=673 REBUILD reject new_tc=22.0242 (was 21.7149)
t=27778ms iter=673 incumb=21.7149 ratchet=21.7551 best=21.7113 since_improve=195
t=27780ms iter=674 WAIST cost=19.0000 best_alt=15.0000 gap=4.0000 tried=5 sep_labels=15 clique_frac=0.08
t=27799ms iter=674 REBUILD reject new_tc=22.1660 (was 21.7149)
t=27820ms iter=674 incumb=21.7149 ratchet=21.9302 best=21.7113 since_improve=196
t=27822ms iter=675 WAIST cost=19.0000 best_alt=15.0000 gap=4.0000 tried=5 sep_labels=15 clique_frac=0.07
t=27842ms iter=675 REBUILD reject new_tc=21.8906 (was 21.7149)
t=27862ms iter=675 incumb=21.7149 ratchet=21.8904 best=21.7113 since_improve=197
t=27863ms iter=676 WAIST cost=19.0000 best_alt=15.0000 gap=4.0000 tried=5 sep_labels=15 clique_frac=0.08
t=27883ms iter=676 REBUILD reject new_tc=22.0875 (was 21.7149)
t=27903ms iter=676 incumb=21.7149 ratchet=21.7982 best=21.7113 since_improve=198
t=27904ms iter=677 WAIST cost=19.0000 best_alt=15.0000 gap=4.0000 tried=5 sep_labels=15 clique_frac=0.10
t=27923ms iter=677 REBUILD reject new_tc=22.4491 (was 21.7149)
t=27943ms iter=677 incumb=21.7149 ratchet=21.8069 best=21.7113 since_improve=199
t=27945ms iter=678 WAIST cost=19.0000 best_alt=15.0000 gap=4.0000 tried=5 sep_labels=15 clique_frac=0.10
t=27964ms iter=678 REBUILD reject new_tc=21.7393 (was 21.7149)
t=27984ms iter=678 incumb=21.7149 ratchet=21.8067 best=21.7113 since_improve=200
t=27986ms iter=679 WAIST cost=19.0000 best_alt=16.0000 gap=3.0000 tried=5 sep_labels=16 clique_frac=0.06
t=28000ms iter=679 REBUILD reject new_tc=22.6324 (was 21.7149)
t=28020ms iter=679 incumb=21.7149 ratchet=21.9328 best=21.7113 since_improve=201
t=28022ms iter=680 WAIST cost=19.0000 best_alt=15.0000 gap=4.0000 tried=5 sep_labels=15 clique_frac=0.10
t=28041ms iter=680 REBUILD reject new_tc=21.9040 (was 21.7149)
t=28062ms iter=680 incumb=21.7149 ratchet=21.8829 best=21.7113 since_improve=202
t=28063ms iter=681 WAIST cost=19.0000 best_alt=15.0000 gap=4.0000 tried=5 sep_labels=15 clique_frac=0.07
t=28082ms iter=681 REBUILD reject new_tc=21.8549 (was 21.7149)
t=28103ms iter=681 incumb=21.7149 ratchet=21.9933 best=21.7113 since_improve=203
t=28104ms iter=682 WAIST cost=19.0000 best_alt=15.0000 gap=4.0000 tried=5 sep_labels=15 clique_frac=0.02
t=28123ms iter=682 REBUILD reject new_tc=21.8188 (was 21.7149)
t=28145ms iter=682 incumb=21.7149 ratchet=22.1380 best=21.7113 since_improve=204
t=28146ms iter=683 WAIST cost=19.0000 best_alt=15.0000 gap=4.0000 tried=5 sep_labels=15 clique_frac=0.04
t=28166ms iter=683 REBUILD reject new_tc=21.7574 (was 21.7149)
t=28186ms iter=683 incumb=21.7149 ratchet=21.9611 best=21.7113 since_improve=205
t=28188ms iter=684 WAIST cost=19.0000 best_alt=16.0000 gap=3.0000 tried=5 sep_labels=16 clique_frac=0.06
t=28202ms iter=684 REBUILD reject new_tc=22.1659 (was 21.7149)
t=28223ms iter=684 incumb=21.7149 ratchet=21.8259 best=21.7113 since_improve=206
t=28224ms iter=685 WAIST cost=19.0000 best_alt=15.0000 gap=4.0000 tried=5 sep_labels=15 clique_frac=0.06
t=28243ms iter=685 REBUILD reject new_tc=21.7878 (was 21.7149)
t=28264ms iter=685 incumb=21.7149 ratchet=21.9785 best=21.7113 since_improve=207
t=28265ms iter=686 WAIST cost=19.0000 best_alt=15.0000 gap=4.0000 tried=5 sep_labels=15 clique_frac=0.08
t=28284ms iter=686 REBUILD reject new_tc=22.2423 (was 21.7149)
t=28305ms iter=686 incumb=21.7149 ratchet=21.7380 best=21.7113 since_improve=208
t=28306ms iter=687 WAIST cost=19.0000 best_alt=15.0000 gap=4.0000 tried=5 sep_labels=15 clique_frac=0.10
t=28326ms iter=687 REBUILD reject new_tc=22.1514 (was 21.7149)
t=28347ms iter=687 incumb=21.7149 ratchet=21.8934 best=21.7113 since_improve=209
t=28348ms iter=688 WAIST cost=19.0000 best_alt=15.0000 gap=4.0000 tried=5 sep_labels=15 clique_frac=0.08
t=28368ms iter=688 REBUILD reject new_tc=21.8681 (was 21.7149)
t=28388ms iter=688 incumb=21.7149 ratchet=21.8732 best=21.7113 since_improve=210
t=28389ms iter=689 WAIST cost=19.0000 best_alt=15.0000 gap=4.0000 tried=5 sep_labels=15 clique_frac=0.06
t=28409ms iter=689 REBUILD reject new_tc=22.3061 (was 21.7149)
t=28429ms iter=689 incumb=21.7149 ratchet=21.9178 best=21.7113 since_improve=211
t=28430ms iter=690 WAIST cost=19.0000 best_alt=16.0000 gap=3.0000 tried=5 sep_labels=16 clique_frac=0.06
t=28444ms iter=690 REBUILD reject new_tc=22.3330 (was 21.7149)
t=28465ms iter=690 incumb=21.7149 ratchet=21.7825 best=21.7113 since_improve=212
t=28466ms iter=691 WAIST cost=19.0000 best_alt=15.0000 gap=4.0000 tried=5 sep_labels=15 clique_frac=0.08
t=28486ms iter=691 REBUILD reject new_tc=21.8068 (was 21.7149)
t=28506ms iter=691 incumb=21.7149 ratchet=21.7263 best=21.7113 since_improve=213
t=28508ms iter=692 WAIST cost=19.0000 best_alt=15.0000 gap=4.0000 tried=5 sep_labels=15 clique_frac=0.08
t=28527ms iter=692 REBUILD reject new_tc=22.1722 (was 21.7149)
t=28548ms iter=692 incumb=21.7149 ratchet=21.8834 best=21.7113 since_improve=214
t=28550ms iter=693 WAIST cost=19.0000 best_alt=15.0000 gap=4.0000 tried=5 sep_labels=15 clique_frac=0.08
t=28569ms iter=693 REBUILD reject new_tc=22.1523 (was 21.7149)
t=28590ms iter=693 incumb=21.7149 ratchet=21.7753 best=21.7113 since_improve=215
t=28592ms iter=694 WAIST cost=19.0000 best_alt=15.0000 gap=4.0000 tried=5 sep_labels=15 clique_frac=0.07
t=28611ms iter=694 REBUILD reject new_tc=21.7483 (was 21.7149)
t=28632ms iter=694 incumb=21.7149 ratchet=21.7669 best=21.7113 since_improve=216
t=28633ms iter=695 WAIST cost=19.0000 best_alt=15.0000 gap=4.0000 tried=5 sep_labels=15 clique_frac=0.08
t=28652ms iter=695 REBUILD reject new_tc=21.8928 (was 21.7149)
t=28673ms iter=695 incumb=21.7149 ratchet=21.7915 best=21.7113 since_improve=217
t=28674ms iter=696 WAIST cost=19.0000 best_alt=16.0000 gap=3.0000 tried=5 sep_labels=16 clique_frac=0.06
t=28688ms iter=696 REBUILD reject new_tc=22.0320 (was 21.7149)
t=28709ms iter=696 incumb=21.7149 ratchet=21.7381 best=21.7113 since_improve=218
t=28710ms iter=697 WAIST cost=19.0000 best_alt=16.0000 gap=3.0000 tried=5 sep_labels=16 clique_frac=0.06
t=28724ms iter=697 REBUILD reject new_tc=21.8084 (was 21.7149)
t=28745ms iter=697 incumb=21.7149 ratchet=21.7939 best=21.7113 since_improve=219
t=28746ms iter=698 WAIST cost=19.0000 best_alt=15.0000 gap=4.0000 tried=5 sep_labels=15 clique_frac=0.06
t=28765ms iter=698 REBUILD reject new_tc=21.7796 (was 21.7149)
t=28786ms iter=698 incumb=21.7149 ratchet=21.8462 best=21.7113 since_improve=220
t=28787ms iter=699 WAIST cost=19.0000 best_alt=16.0000 gap=3.0000 tried=5 sep_labels=16 clique_frac=0.06
t=28801ms iter=699 REBUILD reject new_tc=21.9883 (was 21.7149)
t=28821ms iter=699 incumb=21.7149 ratchet=21.8940 best=21.7113 since_improve=221
t=28823ms iter=700 WAIST cost=19.0000 best_alt=15.0000 gap=4.0000 tried=5 sep_labels=15 clique_frac=0.02
t=28842ms iter=700 REBUILD reject new_tc=22.1443 (was 21.7149)
t=28862ms iter=700 incumb=21.7149 ratchet=21.8454 best=21.7113 since_improve=222
t=28863ms iter=701 WAIST cost=19.0000 best_alt=16.0000 gap=3.0000 tried=5 sep_labels=16 clique_frac=0.06
t=28877ms iter=701 REBUILD reject new_tc=22.1495 (was 21.7149)
t=28898ms iter=701 incumb=21.7149 ratchet=21.7515 best=21.7113 since_improve=223
t=28899ms iter=702 WAIST cost=19.0000 best_alt=16.0000 gap=3.0000 tried=5 sep_labels=16 clique_frac=0.06
t=28913ms iter=702 REBUILD reject new_tc=22.3332 (was 21.7149)
t=28933ms iter=702 incumb=21.7149 ratchet=21.8658 best=21.7113 since_improve=224
t=28935ms iter=703 WAIST cost=19.0000 best_alt=15.0000 gap=4.0000 tried=5 sep_labels=15 clique_frac=0.08
t=28954ms iter=703 REBUILD reject new_tc=21.9427 (was 21.7149)
t=28974ms iter=703 incumb=21.7149 ratchet=21.7390 best=21.7113 since_improve=225
t=28975ms iter=704 WAIST cost=19.0000 best_alt=16.0000 gap=3.0000 tried=5 sep_labels=16 clique_frac=0.06
t=28990ms iter=704 REBUILD reject new_tc=21.7628 (was 21.7149)
t=29011ms iter=704 incumb=21.7149 ratchet=21.7274 best=21.7113 since_improve=226
t=29012ms iter=705 WAIST cost=19.0000 best_alt=15.0000 gap=4.0000 tried=5 sep_labels=15 clique_frac=0.08
t=29031ms iter=705 REBUILD reject new_tc=22.0542 (was 21.7149)
t=29051ms iter=705 incumb=21.7149 ratchet=21.8582 best=21.7113 since_improve=227
t=29053ms iter=706 WAIST cost=19.0000 best_alt=15.0000 gap=4.0000 tried=5 sep_labels=15 clique_frac=0.02
t=29072ms iter=706 REBUILD reject new_tc=21.8688 (was 21.7149)
t=29092ms iter=706 incumb=21.7149 ratchet=21.7732 best=21.7113 since_improve=228
t=29094ms iter=707 WAIST cost=19.0000 best_alt=15.0000 gap=4.0000 tried=5 sep_labels=15 clique_frac=0.08
t=29113ms iter=707 REBUILD reject new_tc=22.1282 (was 21.7149)
t=29141ms iter=707 incumb=21.7149 ratchet=21.7166 best=21.7111 since_improve=229
t=29142ms iter=708 WAIST cost=19.0000 best_alt=15.0000 gap=4.0000 tried=5 sep_labels=15 clique_frac=0.08
t=29162ms iter=708 REBUILD reject new_tc=21.8696 (was 21.7149)
t=29182ms iter=708 incumb=21.7149 ratchet=21.7736 best=21.7111 since_improve=230
t=29184ms iter=709 WAIST cost=19.0000 best_alt=15.0000 gap=4.0000 tried=5 sep_labels=15 clique_frac=0.08
t=29203ms iter=709 REBUILD reject new_tc=22.2521 (was 21.7149)
t=29224ms iter=709 incumb=21.7149 ratchet=21.7688 best=21.7111 since_improve=231
t=29225ms iter=710 WAIST cost=19.0000 best_alt=16.0000 gap=3.0000 tried=5 sep_labels=16 clique_frac=0.06
t=29238ms iter=710 REBUILD reject new_tc=22.1619 (was 21.7149)
t=29259ms iter=710 incumb=21.7149 ratchet=21.8059 best=21.7111 since_improve=232
t=29261ms iter=711 WAIST cost=19.0000 best_alt=15.0000 gap=4.0000 tried=5 sep_labels=15 clique_frac=0.08
t=29280ms iter=711 REBUILD reject new_tc=21.7759 (was 21.7149)
t=29301ms iter=711 incumb=21.7149 ratchet=22.1242 best=21.7111 since_improve=233
t=29303ms iter=712 WAIST cost=19.0000 best_alt=15.0000 gap=4.0000 tried=5 sep_labels=15 clique_frac=0.02
t=29321ms iter=712 REBUILD reject new_tc=22.3032 (was 21.7149)
t=29342ms iter=712 incumb=21.7149 ratchet=21.7583 best=21.7111 since_improve=234
t=29343ms iter=713 WAIST cost=19.0000 best_alt=15.0000 gap=4.0000 tried=5 sep_labels=15 clique_frac=0.02
t=29362ms iter=713 REBUILD reject new_tc=22.0002 (was 21.7149)
t=29382ms iter=713 incumb=21.7149 ratchet=21.7679 best=21.7111 since_improve=235
t=29383ms iter=714 WAIST cost=19.0000 best_alt=16.0000 gap=3.0000 tried=5 sep_labels=16 clique_frac=0.06
t=29397ms iter=714 REBUILD reject new_tc=21.7507 (was 21.7149)
t=29418ms iter=714 incumb=21.7149 ratchet=21.7944 best=21.7111 since_improve=236
t=29419ms iter=715 WAIST cost=19.0000 best_alt=15.0000 gap=4.0000 tried=5 sep_labels=15 clique_frac=0.05
t=29438ms iter=715 REBUILD reject new_tc=22.7556 (was 21.7149)
t=29459ms iter=715 incumb=21.7149 ratchet=21.8540 best=21.7111 since_improve=237
t=29460ms iter=716 WAIST cost=19.0000 best_alt=15.0000 gap=4.0000 tried=5 sep_labels=15 clique_frac=0.05
t=29480ms iter=716 REBUILD reject new_tc=21.8069 (was 21.7149)
t=29501ms iter=716 incumb=21.7149 ratchet=21.9873 best=21.7111 since_improve=238
t=29502ms iter=717 WAIST cost=19.0000 best_alt=16.0000 gap=3.0000 tried=5 sep_labels=16 clique_frac=0.06
t=29516ms iter=717 REBUILD reject new_tc=22.2674 (was 21.7149)
t=29536ms iter=717 incumb=21.7149 ratchet=21.8489 best=21.7111 since_improve=239
t=29537ms iter=718 WAIST cost=19.0000 best_alt=16.0000 gap=3.0000 tried=5 sep_labels=16 clique_frac=0.06
t=29551ms iter=718 REBUILD reject new_tc=22.0231 (was 21.7149)
t=29572ms iter=718 incumb=21.7149 ratchet=21.7507 best=21.7111 since_improve=240
t=29573ms iter=719 WAIST cost=19.0000 best_alt=16.0000 gap=3.0000 tried=5 sep_labels=16 clique_frac=0.06
t=29587ms iter=719 REBUILD reject new_tc=21.7937 (was 21.7149)
t=29608ms iter=719 incumb=21.7149 ratchet=21.8583 best=21.7111 since_improve=241
t=29609ms iter=720 WAIST cost=19.0000 best_alt=15.0000 gap=4.0000 tried=5 sep_labels=15 clique_frac=0.06
t=29629ms iter=720 REBUILD reject new_tc=21.9270 (was 21.7149)
t=29649ms iter=720 incumb=21.7149 ratchet=21.8438 best=21.7111 since_improve=242
t=29650ms iter=721 WAIST cost=19.0000 best_alt=15.0000 gap=4.0000 tried=5 sep_labels=15 clique_frac=0.08
t=29670ms iter=721 REBUILD reject new_tc=22.0303 (was 21.7149)
t=29690ms iter=721 incumb=21.7149 ratchet=21.7672 best=21.7111 since_improve=243
t=29691ms iter=722 WAIST cost=19.0000 best_alt=15.0000 gap=4.0000 tried=5 sep_labels=15 clique_frac=0.08
t=29710ms iter=722 REBUILD reject new_tc=22.2547 (was 21.7149)
t=29730ms iter=722 incumb=21.7149 ratchet=21.8594 best=21.7111 since_improve=244
t=29732ms iter=723 WAIST cost=19.0000 best_alt=15.0000 gap=4.0000 tried=5 sep_labels=15 clique_frac=0.05
t=29751ms iter=723 REBUILD reject new_tc=21.8211 (was 21.7149)
t=29772ms iter=723 incumb=21.7149 ratchet=21.7715 best=21.7111 since_improve=245
t=29773ms iter=724 WAIST cost=19.0000 best_alt=16.0000 gap=3.0000 tried=5 sep_labels=16 clique_frac=0.06
t=29787ms iter=724 REBUILD reject new_tc=21.8535 (was 21.7149)
t=29807ms iter=724 incumb=21.7149 ratchet=21.7576 best=21.7111 since_improve=246
t=29808ms iter=725 WAIST cost=19.0000 best_alt=15.0000 gap=4.0000 tried=5 sep_labels=15 clique_frac=0.08
t=29827ms iter=725 REBUILD reject new_tc=22.2144 (was 21.7149)
t=29848ms iter=725 incumb=21.7149 ratchet=21.7525 best=21.7111 since_improve=247
t=29849ms iter=726 WAIST cost=19.0000 best_alt=15.0000 gap=4.0000 tried=5 sep_labels=15 clique_frac=0.07
t=29868ms iter=726 REBUILD reject new_tc=22.0864 (was 21.7149)
t=29889ms iter=726 incumb=21.7149 ratchet=21.8818 best=21.7111 since_improve=248
t=29890ms iter=727 WAIST cost=19.0000 best_alt=15.0000 gap=4.0000 tried=5 sep_labels=15 clique_frac=0.10
t=29909ms iter=727 REBUILD reject new_tc=22.0961 (was 21.7149)
t=29930ms iter=727 incumb=21.7149 ratchet=21.7409 best=21.7111 since_improve=249
t=29931ms iter=728 WAIST cost=19.0000 best_alt=15.0000 gap=4.0000 tried=5 sep_labels=15 clique_frac=0.08
t=29950ms iter=728 REBUILD reject new_tc=22.2527 (was 21.7149)
t=29970ms iter=728 incumb=21.7149 ratchet=21.7476 best=21.7111 since_improve=250
t=29972ms iter=729 WAIST cost=19.0000 best_alt=15.0000 gap=4.0000 tried=5 sep_labels=15 clique_frac=0.07
t=29991ms iter=729 REBUILD reject new_tc=21.7496 (was 21.7149)
t=30012ms iter=729 incumb=21.7149 ratchet=21.8220 best=21.7111 since_improve=251
t=30013ms iter=730 WAIST cost=19.0000 best_alt=16.0000 gap=3.0000 tried=5 sep_labels=16 clique_frac=0.06
t=30027ms iter=730 REBUILD reject new_tc=22.1858 (was 21.7149)
t=30047ms iter=730 incumb=21.7149 ratchet=21.8487 best=21.7111 since_improve=252
t=30048ms iter=731 WAIST cost=19.0000 best_alt=15.0000 gap=4.0000 tried=5 sep_labels=15 clique_frac=0.04
t=30067ms iter=731 REBUILD reject new_tc=21.8943 (was 21.7149)
t=30088ms iter=731 incumb=21.7149 ratchet=21.8490 best=21.7111 since_improve=253
t=30089ms iter=732 WAIST cost=19.0000 best_alt=15.0000 gap=4.0000 tried=5 sep_labels=15 clique_frac=0.08
t=30108ms iter=732 REBUILD reject new_tc=22.0234 (was 21.7149)
t=30129ms iter=732 incumb=21.7149 ratchet=21.7535 best=21.7111 since_improve=254
t=30130ms iter=733 WAIST cost=19.0000 best_alt=16.0000 gap=3.0000 tried=5 sep_labels=16 clique_frac=0.06
t=30144ms iter=733 REBUILD reject new_tc=21.7991 (was 21.7149)
t=30165ms iter=733 incumb=21.7149 ratchet=21.8044 best=21.7111 since_improve=255
t=30166ms iter=734 WAIST cost=19.0000 best_alt=16.0000 gap=3.0000 tried=5 sep_labels=16 clique_frac=0.06
t=30180ms iter=734 REBUILD reject new_tc=21.9568 (was 21.7149)
t=30200ms iter=734 incumb=21.7149 ratchet=21.8101 best=21.7111 since_improve=256
t=30202ms iter=735 WAIST cost=19.0000 best_alt=15.0000 gap=4.0000 tried=5 sep_labels=15 clique_frac=0.08
t=30221ms iter=735 REBUILD reject new_tc=21.7957 (was 21.7149)
t=30242ms iter=735 incumb=21.7149 ratchet=21.7915 best=21.7111 since_improve=257
t=30243ms iter=736 WAIST cost=19.0000 best_alt=16.0000 gap=3.0000 tried=5 sep_labels=16 clique_frac=0.06
t=30257ms iter=736 REBUILD reject new_tc=22.0215 (was 21.7149)
t=30278ms iter=736 incumb=21.7149 ratchet=21.8823 best=21.7111 since_improve=258
t=30279ms iter=737 WAIST cost=19.0000 best_alt=16.0000 gap=3.0000 tried=5 sep_labels=16 clique_frac=0.06
t=30293ms iter=737 REBUILD reject new_tc=22.3245 (was 21.7149)
t=30314ms iter=737 incumb=21.7149 ratchet=21.7941 best=21.7111 since_improve=259
t=30315ms iter=738 WAIST cost=19.0000 best_alt=15.0000 gap=4.0000 tried=5 sep_labels=15 clique_frac=0.08
t=30335ms iter=738 REBUILD reject new_tc=21.9788 (was 21.7149)
t=30355ms iter=738 incumb=21.7149 ratchet=22.0099 best=21.7111 since_improve=260
t=30356ms iter=739 WAIST cost=19.0000 best_alt=15.0000 gap=4.0000 tried=5 sep_labels=15 clique_frac=0.08
t=30376ms iter=739 REBUILD reject new_tc=22.0880 (was 21.7149)
t=30396ms iter=739 incumb=21.7149 ratchet=21.8334 best=21.7111 since_improve=261
t=30397ms iter=740 WAIST cost=19.0000 best_alt=16.0000 gap=3.0000 tried=5 sep_labels=16 clique_frac=0.06
t=30411ms iter=740 REBUILD reject new_tc=21.8480 (was 21.7149)
t=30432ms iter=740 incumb=21.7149 ratchet=21.9992 best=21.7111 since_improve=262
t=30434ms iter=741 WAIST cost=19.0000 best_alt=16.0000 gap=3.0000 tried=5 sep_labels=16 clique_frac=0.06
t=30448ms iter=741 REBUILD reject new_tc=22.1094 (was 21.7149)
t=30468ms iter=741 incumb=21.7149 ratchet=21.7803 best=21.7111 since_improve=263
t=30470ms iter=742 WAIST cost=19.0000 best_alt=16.0000 gap=3.0000 tried=5 sep_labels=16 clique_frac=0.06
t=30483ms iter=742 REBUILD reject new_tc=22.3335 (was 21.7149)
t=30504ms iter=742 incumb=21.7149 ratchet=21.9302 best=21.7111 since_improve=264
t=30505ms iter=743 WAIST cost=19.0000 best_alt=15.0000 gap=4.0000 tried=5 sep_labels=15 clique_frac=0.05
t=30525ms iter=743 REBUILD reject new_tc=21.8544 (was 21.7149)
t=30546ms iter=743 incumb=21.7149 ratchet=21.8397 best=21.7111 since_improve=265
t=30548ms iter=744 WAIST cost=19.0000 best_alt=15.0000 gap=4.0000 tried=5 sep_labels=15 clique_frac=0.08
t=30567ms iter=744 REBUILD reject new_tc=22.3247 (was 21.7149)
t=30587ms iter=744 incumb=21.7149 ratchet=21.9313 best=21.7111 since_improve=266
t=30588ms iter=745 WAIST cost=19.0000 best_alt=15.0000 gap=4.0000 tried=5 sep_labels=15 clique_frac=0.04
t=30607ms iter=745 REBUILD reject new_tc=22.1324 (was 21.7149)
t=30628ms iter=745 incumb=21.7149 ratchet=21.9561 best=21.7111 since_improve=267
t=30629ms iter=746 WAIST cost=19.0000 best_alt=16.0000 gap=3.0000 tried=5 sep_labels=16 clique_frac=0.06
t=30643ms iter=746 REBUILD reject new_tc=22.0865 (was 21.7149)
t=30664ms iter=746 incumb=21.7149 ratchet=21.8941 best=21.7111 since_improve=268
t=30665ms iter=747 WAIST cost=19.0000 best_alt=15.0000 gap=4.0000 tried=5 sep_labels=15 clique_frac=0.08
t=30684ms iter=747 REBUILD reject new_tc=22.1204 (was 21.7149)
t=30705ms iter=747 incumb=21.7149 ratchet=21.8946 best=21.7111 since_improve=269
t=30706ms iter=748 WAIST cost=19.0000 best_alt=15.0000 gap=4.0000 tried=5 sep_labels=15 clique_frac=0.10
t=30726ms iter=748 REBUILD reject new_tc=21.8556 (was 21.7149)
t=30747ms iter=748 incumb=21.7149 ratchet=21.7293 best=21.7111 since_improve=270
t=30748ms iter=749 WAIST cost=19.0000 best_alt=15.0000 gap=4.0000 tried=5 sep_labels=15 clique_frac=0.05
t=30767ms iter=749 REBUILD reject new_tc=22.4397 (was 21.7149)
t=30788ms iter=749 incumb=21.7149 ratchet=21.8533 best=21.7111 since_improve=271
t=30789ms iter=750 WAIST cost=19.0000 best_alt=16.0000 gap=3.0000 tried=5 sep_labels=16 clique_frac=0.06
t=30803ms iter=750 REBUILD reject new_tc=21.7545 (was 21.7149)
t=30824ms iter=750 incumb=21.7149 ratchet=21.7541 best=21.7111 since_improve=272
t=30825ms iter=751 WAIST cost=19.0000 best_alt=15.0000 gap=4.0000 tried=5 sep_labels=15 clique_frac=0.08
t=30844ms iter=751 REBUILD reject new_tc=22.2999 (was 21.7149)
t=30865ms iter=751 incumb=21.7149 ratchet=21.8176 best=21.7111 since_improve=273
t=30866ms iter=752 WAIST cost=19.0000 best_alt=16.0000 gap=3.0000 tried=5 sep_labels=16 clique_frac=0.06
t=30880ms iter=752 REBUILD reject new_tc=22.3388 (was 21.7149)
t=30901ms iter=752 incumb=21.7149 ratchet=21.7442 best=21.7111 since_improve=274
t=30902ms iter=753 WAIST cost=19.0000 best_alt=16.0000 gap=3.0000 tried=5 sep_labels=16 clique_frac=0.06
t=30916ms iter=753 REBUILD reject new_tc=22.1032 (was 21.7149)
t=30936ms iter=753 incumb=21.7149 ratchet=21.7714 best=21.7111 since_improve=275
t=30938ms iter=754 WAIST cost=19.0000 best_alt=16.0000 gap=3.0000 tried=5 sep_labels=16 clique_frac=0.06
t=30951ms iter=754 REBUILD reject new_tc=22.2569 (was 21.7149)
t=30972ms iter=754 incumb=21.7149 ratchet=21.9660 best=21.7111 since_improve=276
t=30974ms iter=755 WAIST cost=19.0000 best_alt=15.0000 gap=4.0000 tried=5 sep_labels=15 clique_frac=0.07
t=30993ms iter=755 REBUILD reject new_tc=21.8653 (was 21.7149)
t=31014ms iter=755 incumb=21.7149 ratchet=21.8952 best=21.7111 since_improve=277
t=31016ms iter=756 WAIST cost=19.0000 best_alt=15.0000 gap=4.0000 tried=5 sep_labels=15 clique_frac=0.08
t=31035ms iter=756 REBUILD reject new_tc=21.7529 (was 21.7149)
t=31056ms iter=756 incumb=21.7149 ratchet=21.8924 best=21.7111 since_improve=278
t=31057ms iter=757 WAIST cost=19.0000 best_alt=16.0000 gap=3.0000 tried=5 sep_labels=16 clique_frac=0.06
t=31071ms iter=757 REBUILD reject new_tc=21.9406 (was 21.7149)
t=31092ms iter=757 incumb=21.7149 ratchet=21.8198 best=21.7111 since_improve=279
t=31093ms iter=758 WAIST cost=19.0000 best_alt=15.0000 gap=4.0000 tried=5 sep_labels=15 clique_frac=0.02
t=31112ms iter=758 REBUILD reject new_tc=21.8699 (was 21.7149)
t=31132ms iter=758 incumb=21.7149 ratchet=22.0147 best=21.7111 since_improve=280
t=31134ms iter=759 WAIST cost=19.0000 best_alt=15.0000 gap=4.0000 tried=5 sep_labels=15 clique_frac=0.08
t=31153ms iter=759 REBUILD reject new_tc=22.3943 (was 21.7149)
t=31174ms iter=759 incumb=21.7149 ratchet=21.7557 best=21.7111 since_improve=281
t=31176ms iter=760 WAIST cost=19.0000 best_alt=15.0000 gap=4.0000 tried=5 sep_labels=15 clique_frac=0.10
t=31195ms iter=760 REBUILD reject new_tc=21.8934 (was 21.7149)
t=31215ms iter=760 incumb=21.7149 ratchet=21.7778 best=21.7111 since_improve=282
t=31217ms iter=761 WAIST cost=19.0000 best_alt=15.0000 gap=4.0000 tried=5 sep_labels=15 clique_frac=0.07
t=31236ms iter=761 REBUILD reject new_tc=22.3318 (was 21.7149)
t=31256ms iter=761 incumb=21.7149 ratchet=22.0323 best=21.7111 since_improve=283
t=31258ms iter=762 WAIST cost=19.0000 best_alt=15.0000 gap=4.0000 tried=5 sep_labels=15 clique_frac=0.06
t=31277ms iter=762 REBUILD reject new_tc=21.7910 (was 21.7149)
t=31298ms iter=762 incumb=21.7149 ratchet=21.9019 best=21.7111 since_improve=284
t=31299ms iter=763 WAIST cost=19.0000 best_alt=15.0000 gap=4.0000 tried=5 sep_labels=15 clique_frac=0.05
t=31319ms iter=763 REBUILD reject new_tc=22.2657 (was 21.7149)
t=31339ms iter=763 incumb=21.7149 ratchet=22.0043 best=21.7111 since_improve=285
t=31341ms iter=764 WAIST cost=19.0000 best_alt=16.0000 gap=3.0000 tried=5 sep_labels=16 clique_frac=0.06
t=31355ms iter=764 REBUILD reject new_tc=22.1506 (was 21.7149)
t=31375ms iter=764 incumb=21.7149 ratchet=22.1461 best=21.7111 since_improve=286
t=31376ms iter=765 WAIST cost=19.0000 best_alt=15.0000 gap=4.0000 tried=5 sep_labels=15 clique_frac=0.06
t=31396ms iter=765 REBUILD reject new_tc=22.0116 (was 21.7149)
t=31416ms iter=765 incumb=21.7149 ratchet=21.7425 best=21.7111 since_improve=287
t=31418ms iter=766 WAIST cost=19.0000 best_alt=16.0000 gap=3.0000 tried=5 sep_labels=16 clique_frac=0.06
t=31432ms iter=766 REBUILD reject new_tc=22.3194 (was 21.7149)
t=31452ms iter=766 incumb=21.7149 ratchet=21.9290 best=21.7111 since_improve=288
t=31453ms iter=767 WAIST cost=19.0000 best_alt=15.0000 gap=4.0000 tried=5 sep_labels=15 clique_frac=0.05
t=31473ms iter=767 REBUILD reject new_tc=21.9718 (was 21.7149)
t=31493ms iter=767 incumb=21.7149 ratchet=21.7418 best=21.7111 since_improve=289
t=31495ms iter=768 WAIST cost=19.0000 best_alt=15.0000 gap=4.0000 tried=5 sep_labels=15 clique_frac=0.08
t=31514ms iter=768 REBUILD reject new_tc=22.1691 (was 21.7149)
t=31534ms iter=768 incumb=21.7149 ratchet=21.7572 best=21.7111 since_improve=290
t=31535ms iter=769 WAIST cost=19.0000 best_alt=15.0000 gap=4.0000 tried=5 sep_labels=15 clique_frac=0.08
t=31555ms iter=769 REBUILD reject new_tc=21.8947 (was 21.7149)
t=31576ms iter=769 incumb=21.7149 ratchet=21.8077 best=21.7111 since_improve=291
t=31577ms iter=770 WAIST cost=19.0000 best_alt=15.0000 gap=4.0000 tried=5 sep_labels=15 clique_frac=0.02
t=31596ms iter=770 REBUILD reject new_tc=21.8271 (was 21.7149)
t=31617ms iter=770 incumb=21.7149 ratchet=21.7938 best=21.7111 since_improve=292
t=31618ms iter=771 WAIST cost=19.0000 best_alt=15.0000 gap=4.0000 tried=5 sep_labels=15 clique_frac=0.08
t=31637ms iter=771 REBUILD reject new_tc=21.8075 (was 21.7149)
t=31657ms iter=771 incumb=21.7149 ratchet=21.8000 best=21.7111 since_improve=293
t=31659ms iter=772 WAIST cost=19.0000 best_alt=15.0000 gap=4.0000 tried=5 sep_labels=15 clique_frac=0.05
t=31678ms iter=772 REBUILD reject new_tc=22.2622 (was 21.7149)
t=31699ms iter=772 incumb=21.7149 ratchet=21.8306 best=21.7111 since_improve=294
t=31701ms iter=773 WAIST cost=19.0000 best_alt=16.0000 gap=3.0000 tried=5 sep_labels=16 clique_frac=0.06
t=31715ms iter=773 REBUILD reject new_tc=21.8695 (was 21.7149)
t=31736ms iter=773 incumb=21.7149 ratchet=22.0424 best=21.7111 since_improve=295
t=31737ms iter=774 WAIST cost=19.0000 best_alt=15.0000 gap=4.0000 tried=5 sep_labels=15 clique_frac=0.05
t=31756ms iter=774 REBUILD reject new_tc=22.2538 (was 21.7149)
t=31776ms iter=774 incumb=21.7149 ratchet=21.7667 best=21.7111 since_improve=296
t=31778ms iter=775 WAIST cost=19.0000 best_alt=15.0000 gap=4.0000 tried=5 sep_labels=15 clique_frac=0.10
t=31797ms iter=775 REBUILD reject new_tc=22.1264 (was 21.7149)
t=31817ms iter=775 incumb=21.7149 ratchet=21.8330 best=21.7111 since_improve=297
t=31819ms iter=776 WAIST cost=19.0000 best_alt=15.0000 gap=4.0000 tried=5 sep_labels=15 clique_frac=0.06
t=31838ms iter=776 REBUILD reject new_tc=22.0777 (was 21.7149)
t=31859ms iter=776 incumb=21.7149 ratchet=21.8825 best=21.7111 since_improve=298
t=31861ms iter=777 WAIST cost=19.0000 best_alt=15.0000 gap=4.0000 tried=5 sep_labels=15 clique_frac=0.08
t=31880ms iter=777 REBUILD reject new_tc=22.0801 (was 21.7149)
t=31901ms iter=777 incumb=21.7149 ratchet=21.8957 best=21.7111 since_improve=299
t=31902ms iter=778 WAIST cost=19.0000 best_alt=16.0000 gap=3.0000 tried=5 sep_labels=16 clique_frac=0.06
t=31916ms iter=778 REBUILD reject new_tc=21.9284 (was 21.7149)
t=31937ms iter=778 incumb=21.7149 ratchet=21.7380 best=21.7111 since_improve=300
t=31938ms iter=779 WAIST cost=19.0000 best_alt=16.0000 gap=3.0000 tried=5 sep_labels=16 clique_frac=0.06
t=31953ms iter=779 REBUILD reject new_tc=22.3284 (was 21.7149)
t=31973ms iter=779 incumb=21.7149 ratchet=21.7560 best=21.7111 since_improve=301
t=31974ms iter=780 WAIST cost=19.0000 best_alt=16.0000 gap=3.0000 tried=5 sep_labels=16 clique_frac=0.06
t=31988ms iter=780 REBUILD reject new_tc=22.0989 (was 21.7149)
t=32009ms iter=780 incumb=21.7149 ratchet=21.8085 best=21.7111 since_improve=302
t=32010ms iter=781 WAIST cost=19.0000 best_alt=16.0000 gap=3.0000 tried=5 sep_labels=16 clique_frac=0.06
t=32024ms iter=781 REBUILD reject new_tc=22.0854 (was 21.7149)
t=32044ms iter=781 incumb=21.7149 ratchet=21.8952 best=21.7111 since_improve=303
t=32045ms iter=782 WAIST cost=19.0000 best_alt=16.0000 gap=3.0000 tried=5 sep_labels=16 clique_frac=0.06
t=32059ms iter=782 REBUILD reject new_tc=22.0881 (was 21.7149)
t=32080ms iter=782 incumb=21.7149 ratchet=21.7532 best=21.7111 since_improve=304
t=32081ms iter=783 WAIST cost=19.0000 best_alt=15.0000 gap=4.0000 tried=5 sep_labels=15 clique_frac=0.07
t=32101ms iter=783 REBUILD reject new_tc=22.1676 (was 21.7149)
t=32121ms iter=783 incumb=21.7149 ratchet=21.8101 best=21.7111 since_improve=305
t=32123ms iter=784 WAIST cost=19.0000 best_alt=15.0000 gap=4.0000 tried=5 sep_labels=15 clique_frac=0.10
t=32143ms iter=784 REBUILD reject new_tc=21.7928 (was 21.7149)
t=32163ms iter=784 incumb=21.7149 ratchet=21.8453 best=21.7111 since_improve=306
t=32164ms iter=785 WAIST cost=19.0000 best_alt=15.0000 gap=4.0000 tried=5 sep_labels=15 clique_frac=0.10
t=32184ms iter=785 REBUILD reject new_tc=21.8923 (was 21.7149)
t=32204ms iter=785 incumb=21.7149 ratchet=21.8418 best=21.7111 since_improve=307
t=32206ms iter=786 WAIST cost=19.0000 best_alt=16.0000 gap=3.0000 tried=5 sep_labels=16 clique_frac=0.06
t=32219ms iter=786 REBUILD reject new_tc=22.3328 (was 21.7149)
t=32240ms iter=786 incumb=21.7149 ratchet=21.7730 best=21.7111 since_improve=308
t=32241ms iter=787 WAIST cost=19.0000 best_alt=16.0000 gap=3.0000 tried=5 sep_labels=16 clique_frac=0.06
t=32255ms iter=787 REBUILD reject new_tc=21.7449 (was 21.7149)
t=32275ms iter=787 incumb=21.7149 ratchet=21.9336 best=21.7111 since_improve=309
t=32277ms iter=788 WAIST cost=19.0000 best_alt=15.0000 gap=4.0000 tried=5 sep_labels=15 clique_frac=0.07
t=32296ms iter=788 REBUILD reject new_tc=22.1304 (was 21.7149)
t=32317ms iter=788 incumb=21.7149 ratchet=21.7900 best=21.7111 since_improve=310
t=32319ms iter=789 WAIST cost=19.0000 best_alt=15.0000 gap=4.0000 tried=5 sep_labels=15 clique_frac=0.08
t=32338ms iter=789 REBUILD reject new_tc=22.1647 (was 21.7149)
t=32359ms iter=789 incumb=21.7149 ratchet=21.7969 best=21.7111 since_improve=311
t=32360ms iter=790 WAIST cost=19.0000 best_alt=16.0000 gap=3.0000 tried=5 sep_labels=16 clique_frac=0.06
t=32374ms iter=790 REBUILD reject new_tc=22.1852 (was 21.7149)
t=32394ms iter=790 incumb=21.7149 ratchet=21.8561 best=21.7111 since_improve=312
t=32395ms iter=791 WAIST cost=19.0000 best_alt=15.0000 gap=4.0000 tried=5 sep_labels=15 clique_frac=0.08
t=32415ms iter=791 REBUILD reject new_tc=22.4295 (was 21.7149)
t=32435ms iter=791 incumb=21.7149 ratchet=21.9594 best=21.7111 since_improve=313
t=32437ms iter=792 WAIST cost=19.0000 best_alt=15.0000 gap=4.0000 tried=5 sep_labels=15 clique_frac=0.04
t=32457ms iter=792 REBUILD reject new_tc=22.1386 (was 21.7149)
t=32477ms iter=792 incumb=21.7149 ratchet=21.7540 best=21.7111 since_improve=314
t=32479ms iter=793 WAIST cost=19.0000 best_alt=15.0000 gap=4.0000 tried=5 sep_labels=15 clique_frac=0.08
t=32498ms iter=793 REBUILD reject new_tc=22.2929 (was 21.7149)
t=32519ms iter=793 incumb=21.7149 ratchet=21.8034 best=21.7111 since_improve=315
t=32520ms iter=794 WAIST cost=19.0000 best_alt=15.0000 gap=4.0000 tried=5 sep_labels=15 clique_frac=0.08
t=32539ms iter=794 REBUILD reject new_tc=22.2079 (was 21.7149)
t=32560ms iter=794 incumb=21.7149 ratchet=21.7785 best=21.7111 since_improve=316
t=32561ms iter=795 WAIST cost=19.0000 best_alt=16.0000 gap=3.0000 tried=5 sep_labels=16 clique_frac=0.06
t=32575ms iter=795 REBUILD reject new_tc=22.3596 (was 21.7149)
t=32596ms iter=795 incumb=21.7149 ratchet=21.9321 best=21.7111 since_improve=317
t=32597ms iter=796 WAIST cost=19.0000 best_alt=15.0000 gap=4.0000 tried=5 sep_labels=15 clique_frac=0.07
t=32616ms iter=796 REBUILD reject new_tc=21.8562 (was 21.7149)
t=32637ms iter=796 incumb=21.7149 ratchet=21.7538 best=21.7111 since_improve=318
t=32638ms iter=797 WAIST cost=19.0000 best_alt=16.0000 gap=3.0000 tried=5 sep_labels=16 clique_frac=0.06
t=32652ms iter=797 REBUILD reject new_tc=21.7496 (was 21.7149)
t=32672ms iter=797 incumb=21.7149 ratchet=21.7957 best=21.7111 since_improve=319
t=32674ms iter=798 WAIST cost=19.0000 best_alt=16.0000 gap=3.0000 tried=5 sep_labels=16 clique_frac=0.06
t=32687ms iter=798 REBUILD reject new_tc=21.9485 (was 21.7149)
t=32708ms iter=798 incumb=21.7149 ratchet=21.8598 best=21.7111 since_improve=320
t=32709ms iter=799 WAIST cost=19.0000 best_alt=16.0000 gap=3.0000 tried=5 sep_labels=16 clique_frac=0.06
t=32723ms iter=799 REBUILD reject new_tc=21.7530 (was 21.7149)
t=32743ms iter=799 incumb=21.7149 ratchet=21.7920 best=21.7111 since_improve=321
t=32745ms iter=800 WAIST cost=19.0000 best_alt=16.0000 gap=3.0000 tried=5 sep_labels=16 clique_frac=0.06
t=32759ms iter=800 REBUILD reject new_tc=21.9305 (was 21.7149)
t=32779ms iter=800 incumb=21.7149 ratchet=21.7957 best=21.7111 since_improve=322
t=32781ms iter=801 WAIST cost=19.0000 best_alt=16.0000 gap=3.0000 tried=5 sep_labels=16 clique_frac=0.06
t=32795ms iter=801 REBUILD reject new_tc=22.0213 (was 21.7149)
t=32814ms iter=801 incumb=21.7149 ratchet=21.8455 best=21.7111 since_improve=323
t=32816ms iter=802 WAIST cost=19.0000 best_alt=15.0000 gap=4.0000 tried=5 sep_labels=15 clique_frac=0.05
t=32835ms iter=802 REBUILD reject new_tc=21.8679 (was 21.7149)
t=32856ms iter=802 incumb=21.7149 ratchet=21.8061 best=21.7111 since_improve=324
t=32858ms iter=803 WAIST cost=19.0000 best_alt=15.0000 gap=4.0000 tried=5 sep_labels=15 clique_frac=0.05
t=32878ms iter=803 REBUILD reject new_tc=21.7666 (was 21.7149)
t=32898ms iter=803 incumb=21.7149 ratchet=21.7798 best=21.7111 since_improve=325
t=32899ms iter=804 WAIST cost=19.0000 best_alt=15.0000 gap=4.0000 tried=5 sep_labels=15 clique_frac=0.06
t=32919ms iter=804 REBUILD reject new_tc=21.7540 (was 21.7149)
t=32939ms iter=804 incumb=21.7149 ratchet=22.0009 best=21.7111 since_improve=326
t=32941ms iter=805 WAIST cost=19.0000 best_alt=15.0000 gap=4.0000 tried=5 sep_labels=15 clique_frac=0.05
t=32960ms iter=805 REBUILD reject new_tc=22.1768 (was 21.7149)
t=32981ms iter=805 incumb=21.7149 ratchet=21.8407 best=21.7111 since_improve=327
t=32982ms iter=806 WAIST cost=19.0000 best_alt=16.0000 gap=3.0000 tried=5 sep_labels=16 clique_frac=0.06
t=32995ms iter=806 REBUILD reject new_tc=21.8844 (was 21.7149)
t=33016ms iter=806 incumb=21.7149 ratchet=21.7955 best=21.7111 since_improve=328
t=33017ms iter=807 WAIST cost=19.0000 best_alt=15.0000 gap=4.0000 tried=5 sep_labels=15 clique_frac=0.07
t=33036ms iter=807 REBUILD reject new_tc=21.7390 (was 21.7149)
t=33057ms iter=807 incumb=21.7149 ratchet=21.9522 best=21.7111 since_improve=329
t=33058ms iter=808 WAIST cost=19.0000 best_alt=16.0000 gap=3.0000 tried=5 sep_labels=16 clique_frac=0.06
t=33072ms iter=808 REBUILD reject new_tc=22.0864 (was 21.7149)
t=33093ms iter=808 incumb=21.7149 ratchet=21.8430 best=21.7111 since_improve=330
t=33094ms iter=809 WAIST cost=19.0000 best_alt=15.0000 gap=4.0000 tried=5 sep_labels=15 clique_frac=0.08
t=33113ms iter=809 REBUILD reject new_tc=22.0808 (was 21.7149)
t=33134ms iter=809 incumb=21.7149 ratchet=21.8052 best=21.7111 since_improve=331
t=33135ms iter=810 WAIST cost=19.0000 best_alt=15.0000 gap=4.0000 tried=5 sep_labels=15 clique_frac=0.08
t=33155ms iter=810 REBUILD reject new_tc=22.1061 (was 21.7149)
t=33175ms iter=810 incumb=21.7149 ratchet=21.7398 best=21.7111 since_improve=332
t=33177ms iter=811 WAIST cost=19.0000 best_alt=15.0000 gap=4.0000 tried=5 sep_labels=15 clique_frac=0.05
t=33196ms iter=811 REBUILD reject new_tc=22.2605 (was 21.7149)
t=33216ms iter=811 incumb=21.7149 ratchet=21.7650 best=21.7111 since_improve=333
t=33218ms iter=812 WAIST cost=19.0000 best_alt=15.0000 gap=4.0000 tried=5 sep_labels=15 clique_frac=0.07
t=33237ms iter=812 REBUILD reject new_tc=21.8963 (was 21.7149)
t=33258ms iter=812 incumb=21.7149 ratchet=21.9791 best=21.7111 since_improve=334
t=33259ms iter=813 WAIST cost=19.0000 best_alt=16.0000 gap=3.0000 tried=5 sep_labels=16 clique_frac=0.06
t=33273ms iter=813 REBUILD reject new_tc=21.7619 (was 21.7149)
t=33294ms iter=813 incumb=21.7149 ratchet=21.7668 best=21.7111 since_improve=335
t=33295ms iter=814 WAIST cost=19.0000 best_alt=15.0000 gap=4.0000 tried=5 sep_labels=15 clique_frac=0.07
t=33314ms iter=814 REBUILD reject new_tc=21.9528 (was 21.7149)
t=33335ms iter=814 incumb=21.7149 ratchet=21.7447 best=21.7111 since_improve=336
t=33337ms iter=815 WAIST cost=19.0000 best_alt=16.0000 gap=3.0000 tried=5 sep_labels=16 clique_frac=0.06
t=33351ms iter=815 REBUILD reject new_tc=21.8439 (was 21.7149)
t=33371ms iter=815 incumb=21.7149 ratchet=21.7480 best=21.7111 since_improve=337
t=33372ms iter=816 WAIST cost=19.0000 best_alt=16.0000 gap=3.0000 tried=5 sep_labels=16 clique_frac=0.06
t=33386ms iter=816 REBUILD reject new_tc=21.9528 (was 21.7149)
t=33406ms iter=816 incumb=21.7149 ratchet=21.8021 best=21.7111 since_improve=338
t=33408ms iter=817 WAIST cost=19.0000 best_alt=15.0000 gap=4.0000 tried=5 sep_labels=15 clique_frac=0.10
t=33427ms iter=817 REBUILD reject new_tc=21.8061 (was 21.7149)
t=33448ms iter=817 incumb=21.7149 ratchet=21.7553 best=21.7111 since_improve=339
t=33449ms iter=818 WAIST cost=19.0000 best_alt=15.0000 gap=4.0000 tried=5 sep_labels=15 clique_frac=0.05
t=33468ms iter=818 REBUILD reject new_tc=22.1618 (was 21.7149)
t=33489ms iter=818 incumb=21.7149 ratchet=21.8584 best=21.7111 since_improve=340
t=33490ms iter=819 WAIST cost=19.0000 best_alt=15.0000 gap=4.0000 tried=5 sep_labels=15 clique_frac=0.08
t=33509ms iter=819 REBUILD reject new_tc=22.0866 (was 21.7149)
t=33530ms iter=819 incumb=21.7149 ratchet=21.7386 best=21.7111 since_improve=341
t=33531ms iter=820 WAIST cost=19.0000 best_alt=16.0000 gap=3.0000 tried=5 sep_labels=16 clique_frac=0.06
t=33545ms iter=820 REBUILD reject new_tc=22.0908 (was 21.7149)
t=33565ms iter=820 incumb=21.7149 ratchet=21.7940 best=21.7111 since_improve=342
t=33567ms iter=821 WAIST cost=19.0000 best_alt=16.0000 gap=3.0000 tried=5 sep_labels=16 clique_frac=0.06
t=33581ms iter=821 REBUILD reject new_tc=22.1754 (was 21.7149)
t=33601ms iter=821 incumb=21.7149 ratchet=21.7798 best=21.7111 since_improve=343
t=33602ms iter=822 WAIST cost=19.0000 best_alt=16.0000 gap=3.0000 tried=5 sep_labels=16 clique_frac=0.06
t=33616ms iter=822 REBUILD reject new_tc=21.8064 (was 21.7149)
t=33637ms iter=822 incumb=21.7149 ratchet=21.8052 best=21.7111 since_improve=344
t=33638ms iter=823 WAIST cost=19.0000 best_alt=16.0000 gap=3.0000 tried=5 sep_labels=16 clique_frac=0.06
t=33652ms iter=823 REBUILD reject new_tc=21.9626 (was 21.7149)
t=33673ms iter=823 incumb=21.7149 ratchet=21.8592 best=21.7111 since_improve=345
t=33674ms iter=824 WAIST cost=19.0000 best_alt=15.0000 gap=4.0000 tried=5 sep_labels=15 clique_frac=0.02
t=33693ms iter=824 REBUILD reject new_tc=22.0408 (was 21.7149)
t=33714ms iter=824 incumb=21.7149 ratchet=21.8560 best=21.7111 since_improve=346
t=33715ms iter=825 WAIST cost=19.0000 best_alt=16.0000 gap=3.0000 tried=5 sep_labels=16 clique_frac=0.06
t=33729ms iter=825 REBUILD reject new_tc=21.7477 (was 21.7149)
t=33749ms iter=825 incumb=21.7149 ratchet=21.7835 best=21.7111 since_improve=347
t=33750ms iter=826 WAIST cost=19.0000 best_alt=15.0000 gap=4.0000 tried=5 sep_labels=15 clique_frac=0.07
t=33770ms iter=826 REBUILD reject new_tc=21.8440 (was 21.7149)
t=33790ms iter=826 incumb=21.7149 ratchet=21.9426 best=21.7111 since_improve=348
t=33791ms iter=827 WAIST cost=19.0000 best_alt=15.0000 gap=4.0000 tried=5 sep_labels=15 clique_frac=0.06
t=33811ms iter=827 REBUILD reject new_tc=22.0110 (was 21.7149)
t=33831ms iter=827 incumb=21.7149 ratchet=21.8582 best=21.7111 since_improve=349
t=33832ms iter=828 WAIST cost=19.0000 best_alt=16.0000 gap=3.0000 tried=5 sep_labels=16 clique_frac=0.06
t=33846ms iter=828 REBUILD reject new_tc=21.8875 (was 21.7149)
t=33866ms iter=828 incumb=21.7149 ratchet=21.7832 best=21.7111 since_improve=350
t=33868ms iter=829 WAIST cost=19.0000 best_alt=16.0000 gap=3.0000 tried=5 sep_labels=16 clique_frac=0.06
t=33881ms iter=829 REBUILD reject new_tc=21.9393 (was 21.7149)
t=33902ms iter=829 incumb=21.7149 ratchet=21.8337 best=21.7111 since_improve=351
t=33904ms iter=830 WAIST cost=19.0000 best_alt=15.0000 gap=4.0000 tried=5 sep_labels=15 clique_frac=0.08
t=33923ms iter=830 REBUILD reject new_tc=22.0867 (was 21.7149)
t=33944ms iter=830 incumb=21.7149 ratchet=21.7524 best=21.7111 since_improve=352
t=33945ms iter=831 WAIST cost=19.0000 best_alt=16.0000 gap=3.0000 tried=5 sep_labels=16 clique_frac=0.06
t=33959ms iter=831 REBUILD reject new_tc=21.7883 (was 21.7149)
t=33979ms iter=831 incumb=21.7149 ratchet=21.7831 best=21.7111 since_improve=353
t=33981ms iter=832 WAIST cost=19.0000 best_alt=16.0000 gap=3.0000 tried=5 sep_labels=16 clique_frac=0.06
t=33995ms iter=832 REBUILD reject new_tc=22.1266 (was 21.7149)
t=34015ms iter=832 incumb=21.7149 ratchet=22.0299 best=21.7111 since_improve=354
t=34017ms iter=833 WAIST cost=19.0000 best_alt=15.0000 gap=4.0000 tried=5 sep_labels=15 clique_frac=0.08
t=34036ms iter=833 REBUILD reject new_tc=21.8690 (was 21.7149)
t=34057ms iter=833 incumb=21.7149 ratchet=21.9311 best=21.7111 since_improve=355
t=34058ms iter=834 WAIST cost=19.0000 best_alt=15.0000 gap=4.0000 tried=5 sep_labels=15 clique_frac=0.08
t=34078ms iter=834 REBUILD reject new_tc=22.0305 (was 21.7149)
t=34098ms iter=834 incumb=21.7149 ratchet=21.9180 best=21.7111 since_improve=356
t=34099ms iter=835 WAIST cost=19.0000 best_alt=15.0000 gap=4.0000 tried=5 sep_labels=15 clique_frac=0.10
t=34119ms iter=835 REBUILD reject new_tc=21.8982 (was 21.7149)
t=34139ms iter=835 incumb=21.7149 ratchet=21.8319 best=21.7111 since_improve=357
t=34141ms iter=836 WAIST cost=19.0000 best_alt=16.0000 gap=3.0000 tried=5 sep_labels=16 clique_frac=0.06
t=34154ms iter=836 REBUILD reject new_tc=21.7523 (was 21.7149)
t=34176ms iter=836 incumb=21.7149 ratchet=21.8080 best=21.7111 since_improve=358
t=34177ms iter=837 WAIST cost=19.0000 best_alt=16.0000 gap=3.0000 tried=5 sep_labels=16 clique_frac=0.06
t=34191ms iter=837 REBUILD reject new_tc=21.7545 (was 21.7149)
t=34212ms iter=837 incumb=21.7149 ratchet=21.8934 best=21.7111 since_improve=359
t=34213ms iter=838 WAIST cost=19.0000 best_alt=15.0000 gap=4.0000 tried=5 sep_labels=15 clique_frac=0.08
t=34233ms iter=838 REBUILD reject new_tc=22.2003 (was 21.7149)
t=34253ms iter=838 incumb=21.7149 ratchet=21.7688 best=21.7111 since_improve=360
t=34255ms iter=839 WAIST cost=19.0000 best_alt=15.0000 gap=4.0000 tried=5 sep_labels=15 clique_frac=0.08
t=34274ms iter=839 REBUILD reject new_tc=21.7532 (was 21.7149)
t=34294ms iter=839 incumb=21.7149 ratchet=21.8060 best=21.7111 since_improve=361
t=34296ms iter=840 WAIST cost=19.0000 best_alt=16.0000 gap=3.0000 tried=5 sep_labels=16 clique_frac=0.06
t=34310ms iter=840 REBUILD reject new_tc=22.0761 (was 21.7149)
t=34330ms iter=840 incumb=21.7149 ratchet=21.7407 best=21.7111 since_improve=362
t=34331ms iter=841 WAIST cost=19.0000 best_alt=15.0000 gap=4.0000 tried=5 sep_labels=15 clique_frac=0.07
t=34350ms iter=841 REBUILD reject new_tc=22.2561 (was 21.7149)
t=34371ms iter=841 incumb=21.7149 ratchet=21.8343 best=21.7111 since_improve=363
t=34372ms iter=842 WAIST cost=19.0000 best_alt=16.0000 gap=3.0000 tried=5 sep_labels=16 clique_frac=0.06
t=34386ms iter=842 REBUILD reject new_tc=21.9498 (was 21.7149)
t=34407ms iter=842 incumb=21.7149 ratchet=21.8988 best=21.7111 since_improve=364
t=34408ms iter=843 WAIST cost=19.0000 best_alt=15.0000 gap=4.0000 tried=5 sep_labels=15 clique_frac=0.08
t=34428ms iter=843 REBUILD reject new_tc=21.8565 (was 21.7149)
t=34449ms iter=843 incumb=21.7149 ratchet=21.8982 best=21.7111 since_improve=365
t=34450ms iter=844 WAIST cost=19.0000 best_alt=15.0000 gap=4.0000 tried=5 sep_labels=15 clique_frac=0.05
t=34470ms iter=844 REBUILD reject new_tc=21.9512 (was 21.7149)
t=34490ms iter=844 incumb=21.7149 ratchet=21.7681 best=21.7111 since_improve=366
t=34491ms iter=845 WAIST cost=19.0000 best_alt=16.0000 gap=3.0000 tried=5 sep_labels=16 clique_frac=0.06
t=34505ms iter=845 REBUILD reject new_tc=22.1767 (was 21.7149)
t=34526ms iter=845 incumb=21.7149 ratchet=21.9176 best=21.7111 since_improve=367
t=34527ms iter=846 WAIST cost=19.0000 best_alt=16.0000 gap=3.0000 tried=5 sep_labels=16 clique_frac=0.06
t=34541ms iter=846 REBUILD reject new_tc=22.0880 (was 21.7149)
t=34561ms iter=846 incumb=21.7149 ratchet=21.8734 best=21.7111 since_improve=368
t=34563ms iter=847 WAIST cost=19.0000 best_alt=15.0000 gap=4.0000 tried=5 sep_labels=15 clique_frac=0.08
t=34582ms iter=847 REBUILD reject new_tc=21.9909 (was 21.7149)
t=34602ms iter=847 incumb=21.7149 ratchet=21.8036 best=21.7111 since_improve=369
t=34604ms iter=848 WAIST cost=19.0000 best_alt=16.0000 gap=3.0000 tried=5 sep_labels=16 clique_frac=0.06
t=34618ms iter=848 REBUILD reject new_tc=21.9352 (was 21.7149)
t=34638ms iter=848 incumb=21.7149 ratchet=21.8160 best=21.7111 since_improve=370
t=34639ms iter=849 WAIST cost=19.0000 best_alt=16.0000 gap=3.0000 tried=5 sep_labels=16 clique_frac=0.06
t=34653ms iter=849 REBUILD reject new_tc=22.2059 (was 21.7149)
t=34673ms iter=849 incumb=21.7149 ratchet=21.8225 best=21.7111 since_improve=371
t=34674ms iter=850 WAIST cost=19.0000 best_alt=15.0000 gap=4.0000 tried=5 sep_labels=15 clique_frac=0.08
t=34694ms iter=850 REBUILD reject new_tc=22.2975 (was 21.7149)
t=34715ms iter=850 incumb=21.7149 ratchet=21.7795 best=21.7111 since_improve=372
t=34716ms iter=851 WAIST cost=19.0000 best_alt=15.0000 gap=4.0000 tried=5 sep_labels=15 clique_frac=0.05
t=34736ms iter=851 REBUILD reject new_tc=22.2613 (was 21.7149)
t=34757ms iter=851 incumb=21.7149 ratchet=21.7281 best=21.7111 since_improve=373
t=34758ms iter=852 WAIST cost=19.0000 best_alt=15.0000 gap=4.0000 tried=5 sep_labels=15 clique_frac=0.08
t=34778ms iter=852 REBUILD reject new_tc=21.7659 (was 21.7149)
t=34798ms iter=852 incumb=21.7149 ratchet=22.1107 best=21.7111 since_improve=374
t=34800ms iter=853 WAIST cost=19.0000 best_alt=15.0000 gap=4.0000 tried=5 sep_labels=15 clique_frac=0.04
t=34819ms iter=853 REBUILD reject new_tc=22.1302 (was 21.7149)
t=34840ms iter=853 incumb=21.7149 ratchet=21.8981 best=21.7111 since_improve=375
t=34842ms iter=854 WAIST cost=19.0000 best_alt=15.0000 gap=4.0000 tried=5 sep_labels=15 clique_frac=0.08
t=34861ms iter=854 REBUILD reject new_tc=22.2082 (was 21.7149)
t=34882ms iter=854 incumb=21.7149 ratchet=21.7673 best=21.7111 since_improve=376
t=34883ms iter=855 WAIST cost=19.0000 best_alt=15.0000 gap=4.0000 tried=5 sep_labels=15 clique_frac=0.02
t=34902ms iter=855 REBUILD reject new_tc=21.8182 (was 21.7149)
t=34923ms iter=855 incumb=21.7149 ratchet=21.7680 best=21.7111 since_improve=377
t=34924ms iter=856 WAIST cost=19.0000 best_alt=15.0000 gap=4.0000 tried=5 sep_labels=15 clique_frac=0.08
t=34943ms iter=856 REBUILD reject new_tc=22.3089 (was 21.7149)
t=34964ms iter=856 incumb=21.7149 ratchet=21.7918 best=21.7111 since_improve=378
t=34965ms iter=857 WAIST cost=19.0000 best_alt=15.0000 gap=4.0000 tried=5 sep_labels=15 clique_frac=0.08
t=34985ms iter=857 REBUILD reject new_tc=21.7537 (was 21.7149)
t=35005ms iter=857 incumb=21.7149 ratchet=21.7538 best=21.7111 since_improve=379
t=35007ms iter=858 WAIST cost=19.0000 best_alt=16.0000 gap=3.0000 tried=5 sep_labels=16 clique_frac=0.06
t=35021ms iter=858 REBUILD reject new_tc=22.1022 (was 21.7149)
t=35042ms iter=858 incumb=21.7149 ratchet=21.8935 best=21.7111 since_improve=380
t=35043ms iter=859 WAIST cost=19.0000 best_alt=15.0000 gap=4.0000 tried=5 sep_labels=15 clique_frac=0.10
t=35063ms iter=859 REBUILD reject new_tc=22.0397 (was 21.7149)
t=35083ms iter=859 incumb=21.7149 ratchet=21.7785 best=21.7111 since_improve=381
t=35085ms iter=860 WAIST cost=19.0000 best_alt=16.0000 gap=3.0000 tried=5 sep_labels=16 clique_frac=0.06
t=35099ms iter=860 REBUILD reject new_tc=22.0219 (was 21.7149)
t=35119ms iter=860 incumb=21.7149 ratchet=21.8942 best=21.7111 since_improve=382
t=35120ms iter=861 WAIST cost=19.0000 best_alt=16.0000 gap=3.0000 tried=5 sep_labels=16 clique_frac=0.06
t=35134ms iter=861 REBUILD reject new_tc=22.1737 (was 21.7149)
t=35155ms iter=861 incumb=21.7149 ratchet=21.8440 best=21.7111 since_improve=383
t=35156ms iter=862 WAIST cost=19.0000 best_alt=15.0000 gap=4.0000 tried=5 sep_labels=15 clique_frac=0.08
t=35176ms iter=862 REBUILD reject new_tc=22.0430 (was 21.7149)
t=35196ms iter=862 incumb=21.7149 ratchet=21.8861 best=21.7111 since_improve=384
t=35197ms iter=863 WAIST cost=19.0000 best_alt=16.0000 gap=3.0000 tried=5 sep_labels=16 clique_frac=0.06
t=35211ms iter=863 REBUILD reject new_tc=21.7920 (was 21.7149)
t=35232ms iter=863 incumb=21.7149 ratchet=21.8860 best=21.7111 since_improve=385
t=35233ms iter=864 WAIST cost=19.0000 best_alt=16.0000 gap=3.0000 tried=5 sep_labels=16 clique_frac=0.06
t=35247ms iter=864 REBUILD reject new_tc=21.7535 (was 21.7149)
t=35268ms iter=864 incumb=21.7149 ratchet=21.7708 best=21.7111 since_improve=386
t=35269ms iter=865 WAIST cost=19.0000 best_alt=16.0000 gap=3.0000 tried=5 sep_labels=16 clique_frac=0.06
t=35283ms iter=865 REBUILD reject new_tc=22.0317 (was 21.7149)
t=35303ms iter=865 incumb=21.7149 ratchet=21.7531 best=21.7111 since_improve=387
t=35304ms iter=866 WAIST cost=19.0000 best_alt=15.0000 gap=4.0000 tried=5 sep_labels=15 clique_frac=0.07
t=35323ms iter=866 REBUILD reject new_tc=22.3164 (was 21.7149)
t=35344ms iter=866 incumb=21.7149 ratchet=21.9287 best=21.7111 since_improve=388
t=35346ms iter=867 WAIST cost=19.0000 best_alt=15.0000 gap=4.0000 tried=5 sep_labels=15 clique_frac=0.08
t=35365ms iter=867 REBUILD reject new_tc=21.8694 (was 21.7149)
t=35386ms iter=867 incumb=21.7149 ratchet=21.8914 best=21.7111 since_improve=389
t=35387ms iter=868 WAIST cost=19.0000 best_alt=16.0000 gap=3.0000 tried=5 sep_labels=16 clique_frac=0.06
t=35401ms iter=868 REBUILD reject new_tc=21.7526 (was 21.7149)
t=35421ms iter=868 incumb=21.7149 ratchet=21.8454 best=21.7111 since_improve=390
t=35423ms iter=869 WAIST cost=19.0000 best_alt=15.0000 gap=4.0000 tried=5 sep_labels=15 clique_frac=0.06
t=35442ms iter=869 REBUILD reject new_tc=22.2337 (was 21.7149)
t=35462ms iter=869 incumb=21.7149 ratchet=21.9320 best=21.7111 since_improve=391
t=35464ms iter=870 WAIST cost=19.0000 best_alt=16.0000 gap=3.0000 tried=5 sep_labels=16 clique_frac=0.06
t=35478ms iter=870 REBUILD reject new_tc=21.7412 (was 21.7149)
t=35498ms iter=870 incumb=21.7149 ratchet=21.8879 best=21.7111 since_improve=392
t=35500ms iter=871 WAIST cost=19.0000 best_alt=15.0000 gap=4.0000 tried=5 sep_labels=15 clique_frac=0.10
t=35519ms iter=871 REBUILD reject new_tc=21.9301 (was 21.7149)
t=35540ms iter=871 incumb=21.7149 ratchet=21.8198 best=21.7111 since_improve=393
t=35541ms iter=872 WAIST cost=19.0000 best_alt=15.0000 gap=4.0000 tried=5 sep_labels=15 clique_frac=0.08
t=35561ms iter=872 REBUILD reject new_tc=22.0303 (was 21.7149)
t=35581ms iter=872 incumb=21.7149 ratchet=21.8216 best=21.7111 since_improve=394
t=35582ms iter=873 WAIST cost=19.0000 best_alt=16.0000 gap=3.0000 tried=5 sep_labels=16 clique_frac=0.06
t=35596ms iter=873 REBUILD reject new_tc=22.0097 (was 21.7149)
t=35617ms iter=873 incumb=21.7149 ratchet=21.8202 best=21.7111 since_improve=395
t=35619ms iter=874 WAIST cost=19.0000 best_alt=15.0000 gap=4.0000 tried=5 sep_labels=15 clique_frac=0.02
t=35637ms iter=874 REBUILD reject new_tc=22.2167 (was 21.7149)
t=35658ms iter=874 incumb=21.7149 ratchet=21.8694 best=21.7111 since_improve=396
t=35660ms iter=875 WAIST cost=19.0000 best_alt=15.0000 gap=4.0000 tried=5 sep_labels=15 clique_frac=0.02
t=35679ms iter=875 REBUILD reject new_tc=22.3363 (was 21.7149)
t=35699ms iter=875 incumb=21.7149 ratchet=21.7559 best=21.7111 since_improve=397
t=35701ms iter=876 WAIST cost=19.0000 best_alt=15.0000 gap=4.0000 tried=5 sep_labels=15 clique_frac=0.08
t=35720ms iter=876 REBUILD reject new_tc=22.1689 (was 21.7149)
t=35741ms iter=876 incumb=21.7149 ratchet=21.8060 best=21.7111 since_improve=398
t=35742ms iter=877 WAIST cost=19.0000 best_alt=16.0000 gap=3.0000 tried=5 sep_labels=16 clique_frac=0.06
t=35756ms iter=877 REBUILD reject new_tc=22.0373 (was 21.7149)
t=35777ms iter=877 incumb=21.7149 ratchet=21.7807 best=21.7111 since_improve=399
t=35778ms iter=878 WAIST cost=19.0000 best_alt=16.0000 gap=3.0000 tried=5 sep_labels=16 clique_frac=0.06
t=35792ms iter=878 REBUILD reject new_tc=21.9493 (was 21.7149)
t=35812ms iter=878 incumb=21.7149 ratchet=21.8785 best=21.7111 since_improve=400
t=35813ms iter=879 WAIST cost=19.0000 best_alt=15.0000 gap=4.0000 tried=5 sep_labels=15 clique_frac=0.07
t=35832ms iter=879 REBUILD reject new_tc=21.9663 (was 21.7149)
t=35853ms iter=879 incumb=21.7149 ratchet=21.7929 best=21.7111 since_improve=401
t=35855ms iter=880 WAIST cost=19.0000 best_alt=15.0000 gap=4.0000 tried=5 sep_labels=15 clique_frac=0.05
t=35874ms iter=880 REBUILD reject new_tc=22.0423 (was 21.7149)
t=35895ms iter=880 incumb=21.7149 ratchet=21.9671 best=21.7111 since_improve=402
t=35896ms iter=881 WAIST cost=19.0000 best_alt=16.0000 gap=3.0000 tried=5 sep_labels=16 clique_frac=0.06
t=35910ms iter=881 REBUILD reject new_tc=22.6778 (was 21.7149)
t=35930ms iter=881 incumb=21.7149 ratchet=21.9052 best=21.7111 since_improve=403
t=35932ms iter=882 WAIST cost=19.0000 best_alt=15.0000 gap=4.0000 tried=5 sep_labels=15 clique_frac=0.05
t=35951ms iter=882 REBUILD reject new_tc=22.1606 (was 21.7149)
t=35972ms iter=882 incumb=21.7149 ratchet=21.8560 best=21.7111 since_improve=404
t=35974ms iter=883 WAIST cost=19.0000 best_alt=15.0000 gap=4.0000 tried=5 sep_labels=15 clique_frac=0.07
t=35993ms iter=883 REBUILD reject new_tc=21.7951 (was 21.7149)
t=36014ms iter=883 incumb=21.7149 ratchet=21.9213 best=21.7111 since_improve=405
t=36015ms iter=884 WAIST cost=19.0000 best_alt=15.0000 gap=4.0000 tried=5 sep_labels=15 clique_frac=0.05
t=36035ms iter=884 REBUILD reject new_tc=21.8043 (was 21.7149)
t=36055ms iter=884 incumb=21.7149 ratchet=21.8961 best=21.7111 since_improve=406
t=36057ms iter=885 WAIST cost=19.0000 best_alt=15.0000 gap=4.0000 tried=5 sep_labels=15 clique_frac=0.08
t=36076ms iter=885 REBUILD reject new_tc=22.2573 (was 21.7149)
t=36096ms iter=885 incumb=21.7149 ratchet=21.9875 best=21.7111 since_improve=407
t=36097ms iter=886 WAIST cost=19.0000 best_alt=16.0000 gap=3.0000 tried=5 sep_labels=16 clique_frac=0.06
t=36111ms iter=886 REBUILD reject new_tc=22.3244 (was 21.7149)
t=36132ms iter=886 incumb=21.7149 ratchet=21.8953 best=21.7111 since_improve=408
t=36133ms iter=887 WAIST cost=19.0000 best_alt=15.0000 gap=4.0000 tried=5 sep_labels=15 clique_frac=0.08
t=36152ms iter=887 REBUILD reject new_tc=22.1750 (was 21.7149)
t=36173ms iter=887 incumb=21.7149 ratchet=21.8075 best=21.7111 since_improve=409
t=36175ms iter=888 WAIST cost=19.0000 best_alt=15.0000 gap=4.0000 tried=5 sep_labels=15 clique_frac=0.05
t=36194ms iter=888 REBUILD reject new_tc=22.0833 (was 21.7149)
t=36215ms iter=888 incumb=21.7149 ratchet=21.7465 best=21.7111 since_improve=410
t=36216ms iter=889 WAIST cost=19.0000 best_alt=15.0000 gap=4.0000 tried=5 sep_labels=15 clique_frac=0.08
t=36236ms iter=889 REBUILD reject new_tc=21.9444 (was 21.7149)
t=36256ms iter=889 incumb=21.7149 ratchet=21.8438 best=21.7111 since_improve=411
t=36258ms iter=890 WAIST cost=19.0000 best_alt=15.0000 gap=4.0000 tried=5 sep_labels=15 clique_frac=0.10
t=36277ms iter=890 REBUILD reject new_tc=21.9022 (was 21.7149)
t=36298ms iter=890 incumb=21.7149 ratchet=22.0061 best=21.7111 since_improve=412
t=36299ms iter=891 WAIST cost=19.0000 best_alt=15.0000 gap=4.0000 tried=5 sep_labels=15 clique_frac=0.05
t=36318ms iter=891 REBUILD reject new_tc=22.1781 (was 21.7149)
t=36339ms iter=891 incumb=21.7149 ratchet=21.7415 best=21.7111 since_improve=413
t=36340ms iter=892 WAIST cost=19.0000 best_alt=16.0000 gap=3.0000 tried=5 sep_labels=16 clique_frac=0.06
t=36354ms iter=892 REBUILD reject new_tc=22.0232 (was 21.7149)
t=36375ms iter=892 incumb=21.7149 ratchet=21.7683 best=21.7111 since_improve=414
t=36376ms iter=893 WAIST cost=19.0000 best_alt=15.0000 gap=4.0000 tried=5 sep_labels=15 clique_frac=0.05
t=36395ms iter=893 REBUILD reject new_tc=21.8732 (was 21.7149)
t=36416ms iter=893 incumb=21.7149 ratchet=21.8840 best=21.7111 since_improve=415
t=36417ms iter=894 WAIST cost=19.0000 best_alt=15.0000 gap=4.0000 tried=5 sep_labels=15 clique_frac=0.08
t=36436ms iter=894 REBUILD reject new_tc=21.9089 (was 21.7149)
t=36457ms iter=894 incumb=21.7149 ratchet=21.7543 best=21.7111 since_improve=416
t=36458ms iter=895 WAIST cost=19.0000 best_alt=15.0000 gap=4.0000 tried=5 sep_labels=15 clique_frac=0.07
t=36478ms iter=895 REBUILD reject new_tc=21.9377 (was 21.7149)
t=36498ms iter=895 incumb=21.7149 ratchet=21.7970 best=21.7111 since_improve=417
t=36500ms iter=896 WAIST cost=19.0000 best_alt=15.0000 gap=4.0000 tried=5 sep_labels=15 clique_frac=0.06
t=36519ms iter=896 REBUILD reject new_tc=21.7956 (was 21.7149)
t=36539ms iter=896 incumb=21.7149 ratchet=21.7251 best=21.7111 since_improve=418
t=36541ms iter=897 WAIST cost=19.0000 best_alt=15.0000 gap=4.0000 tried=5 sep_labels=15 clique_frac=0.08
t=36560ms iter=897 REBUILD reject new_tc=22.0309 (was 21.7149)
t=36581ms iter=897 incumb=21.7149 ratchet=21.7544 best=21.7111 since_improve=419
t=36582ms iter=898 WAIST cost=19.0000 best_alt=15.0000 gap=4.0000 tried=5 sep_labels=15 clique_frac=0.07
t=36601ms iter=898 REBUILD reject new_tc=22.1267 (was 21.7149)
t=36622ms iter=898 incumb=21.7149 ratchet=21.7679 best=21.7111 since_improve=420
t=36623ms iter=899 WAIST cost=19.0000 best_alt=15.0000 gap=4.0000 tried=5 sep_labels=15 clique_frac=0.08
t=36643ms iter=899 REBUILD reject new_tc=21.8665 (was 21.7149)
t=36663ms iter=899 incumb=21.7149 ratchet=21.8013 best=21.7111 since_improve=421
t=36665ms iter=900 WAIST cost=19.0000 best_alt=15.0000 gap=4.0000 tried=5 sep_labels=15 clique_frac=0.10
t=36685ms iter=900 REBUILD reject new_tc=21.8453 (was 21.7149)
t=36705ms iter=900 incumb=21.7149 ratchet=21.7639 best=21.7111 since_improve=422
t=36706ms iter=901 WAIST cost=19.0000 best_alt=16.0000 gap=3.0000 tried=5 sep_labels=16 clique_frac=0.06
t=36720ms iter=901 REBUILD reject new_tc=22.2549 (was 21.7149)
t=36741ms iter=901 incumb=21.7149 ratchet=21.8186 best=21.7111 since_improve=423
t=36743ms iter=902 WAIST cost=19.0000 best_alt=15.0000 gap=4.0000 tried=5 sep_labels=15 clique_frac=0.08
t=36762ms iter=902 REBUILD reject new_tc=21.8071 (was 21.7149)
t=36782ms iter=902 incumb=21.7149 ratchet=21.9243 best=21.7111 since_improve=424
t=36784ms iter=903 WAIST cost=19.0000 best_alt=15.0000 gap=4.0000 tried=5 sep_labels=15 clique_frac=0.08
t=36803ms iter=903 REBUILD reject new_tc=22.1224 (was 21.7149)
t=36823ms iter=903 incumb=21.7149 ratchet=22.1820 best=21.7111 since_improve=425
t=36825ms iter=904 WAIST cost=19.0000 best_alt=15.0000 gap=4.0000 tried=5 sep_labels=15 clique_frac=0.06
t=36844ms iter=904 REBUILD reject new_tc=22.1553 (was 21.7149)
t=36865ms iter=904 incumb=21.7149 ratchet=21.9229 best=21.7111 since_improve=426
t=36866ms iter=905 WAIST cost=19.0000 best_alt=16.0000 gap=3.0000 tried=5 sep_labels=16 clique_frac=0.06
t=36880ms iter=905 REBUILD reject new_tc=22.1705 (was 21.7149)
t=36901ms iter=905 incumb=21.7149 ratchet=21.8100 best=21.7111 since_improve=427
t=36902ms iter=906 WAIST cost=19.0000 best_alt=15.0000 gap=4.0000 tried=5 sep_labels=15 clique_frac=0.06
t=36922ms iter=906 REBUILD reject new_tc=22.0752 (was 21.7149)
t=36942ms iter=906 incumb=21.7149 ratchet=22.0331 best=21.7111 since_improve=428
t=36943ms iter=907 WAIST cost=19.0000 best_alt=15.0000 gap=4.0000 tried=5 sep_labels=15 clique_frac=0.10
t=36963ms iter=907 REBUILD reject new_tc=21.9784 (was 21.7149)
t=36983ms iter=907 incumb=21.7149 ratchet=21.7275 best=21.7111 since_improve=429
t=36985ms iter=908 WAIST cost=19.0000 best_alt=15.0000 gap=4.0000 tried=5 sep_labels=15 clique_frac=0.08
t=37004ms iter=908 REBUILD reject new_tc=21.8608 (was 21.7149)
t=37024ms iter=908 incumb=21.7149 ratchet=21.8833 best=21.7111 since_improve=430
t=37026ms iter=909 WAIST cost=19.0000 best_alt=16.0000 gap=3.0000 tried=5 sep_labels=16 clique_frac=0.06
t=37039ms iter=909 REBUILD reject new_tc=21.7425 (was 21.7149)
t=37060ms iter=909 incumb=21.7149 ratchet=21.8405 best=21.7111 since_improve=431
t=37061ms iter=910 WAIST cost=19.0000 best_alt=16.0000 gap=3.0000 tried=5 sep_labels=16 clique_frac=0.06
t=37075ms iter=910 REBUILD reject new_tc=21.7474 (was 21.7149)
t=37096ms iter=910 incumb=21.7149 ratchet=21.7958 best=21.7111 since_improve=432
t=37098ms iter=911 WAIST cost=19.0000 best_alt=15.0000 gap=4.0000 tried=5 sep_labels=15 clique_frac=0.04
t=37117ms iter=911 REBUILD reject new_tc=21.8571 (was 21.7149)
t=37137ms iter=911 incumb=21.7149 ratchet=21.9424 best=21.7111 since_improve=433
t=37139ms iter=912 WAIST cost=19.0000 best_alt=15.0000 gap=4.0000 tried=5 sep_labels=15 clique_frac=0.08
t=37158ms iter=912 REBUILD reject new_tc=22.1676 (was 21.7149)
t=37179ms iter=912 incumb=21.7149 ratchet=21.7397 best=21.7111 since_improve=434
t=37180ms iter=913 WAIST cost=19.0000 best_alt=15.0000 gap=4.0000 tried=5 sep_labels=15 clique_frac=0.08
t=37199ms iter=913 REBUILD reject new_tc=22.1276 (was 21.7149)
t=37220ms iter=913 incumb=21.7149 ratchet=21.8830 best=21.7111 since_improve=435
t=37221ms iter=914 WAIST cost=19.0000 best_alt=15.0000 gap=4.0000 tried=5 sep_labels=15 clique_frac=0.08
t=37240ms iter=914 REBUILD reject new_tc=22.1677 (was 21.7149)
t=37261ms iter=914 incumb=21.7149 ratchet=21.8100 best=21.7111 since_improve=436
t=37262ms iter=915 WAIST cost=19.0000 best_alt=15.0000 gap=4.0000 tried=5 sep_labels=15 clique_frac=0.05
t=37281ms iter=915 REBUILD reject new_tc=22.1984 (was 21.7149)
t=37302ms iter=915 incumb=21.7149 ratchet=21.7419 best=21.7111 since_improve=437
t=37304ms iter=916 WAIST cost=19.0000 best_alt=15.0000 gap=4.0000 tried=5 sep_labels=15 clique_frac=0.05
t=37323ms iter=916 REBUILD reject new_tc=21.9365 (was 21.7149)
t=37344ms iter=916 incumb=21.7149 ratchet=21.8829 best=21.7111 since_improve=438
t=37345ms iter=917 WAIST cost=19.0000 best_alt=15.0000 gap=4.0000 tried=5 sep_labels=15 clique_frac=0.05
t=37365ms iter=917 REBUILD reject new_tc=22.2163 (was 21.7149)
t=37385ms iter=917 incumb=21.7149 ratchet=21.7389 best=21.7111 since_improve=439
t=37387ms iter=918 WAIST cost=19.0000 best_alt=15.0000 gap=4.0000 tried=5 sep_labels=15 clique_frac=0.05
t=37406ms iter=918 REBUILD reject new_tc=21.8094 (was 21.7149)
t=37427ms iter=918 incumb=21.7149 ratchet=21.8568 best=21.7111 since_improve=440
t=37428ms iter=919 WAIST cost=19.0000 best_alt=16.0000 gap=3.0000 tried=5 sep_labels=16 clique_frac=0.06
t=37442ms iter=919 REBUILD reject new_tc=21.7615 (was 21.7149)
t=37463ms iter=919 incumb=21.7149 ratchet=21.7796 best=21.7111 since_improve=441
t=37464ms iter=920 WAIST cost=19.0000 best_alt=15.0000 gap=4.0000 tried=5 sep_labels=15 clique_frac=0.08
t=37484ms iter=920 REBUILD reject new_tc=22.1436 (was 21.7149)
t=37504ms iter=920 incumb=21.7149 ratchet=21.7325 best=21.7111 since_improve=442
t=37506ms iter=921 WAIST cost=19.0000 best_alt=15.0000 gap=4.0000 tried=5 sep_labels=15 clique_frac=0.08
t=37525ms iter=921 REBUILD reject new_tc=21.8557 (was 21.7149)
t=37545ms iter=921 incumb=21.7149 ratchet=21.7689 best=21.7111 since_improve=443
t=37546ms iter=922 WAIST cost=19.0000 best_alt=16.0000 gap=3.0000 tried=5 sep_labels=16 clique_frac=0.06
t=37560ms iter=922 REBUILD reject new_tc=22.2514 (was 21.7149)
t=37581ms iter=922 incumb=21.7149 ratchet=21.8701 best=21.7111 since_improve=444
t=37582ms iter=923 WAIST cost=19.0000 best_alt=16.0000 gap=3.0000 tried=5 sep_labels=16 clique_frac=0.06
t=37596ms iter=923 REBUILD reject new_tc=22.0989 (was 21.7149)
t=37617ms iter=923 incumb=21.7149 ratchet=21.7665 best=21.7111 since_improve=445
t=37618ms iter=924 WAIST cost=19.0000 best_alt=15.0000 gap=4.0000 tried=5 sep_labels=15 clique_frac=0.05
t=37638ms iter=924 REBUILD reject new_tc=21.8287 (was 21.7149)
t=37659ms iter=924 incumb=21.7149 ratchet=21.8171 best=21.7111 since_improve=446
t=37660ms iter=925 WAIST cost=19.0000 best_alt=16.0000 gap=3.0000 tried=5 sep_labels=16 clique_frac=0.06
t=37674ms iter=925 REBUILD reject new_tc=21.8090 (was 21.7149)
t=37694ms iter=925 incumb=21.7149 ratchet=21.8954 best=21.7111 since_improve=447
t=37696ms iter=926 WAIST cost=19.0000 best_alt=16.0000 gap=3.0000 tried=5 sep_labels=16 clique_frac=0.06
t=37709ms iter=926 REBUILD reject new_tc=22.0954 (was 21.7149)
t=37730ms iter=926 incumb=21.7149 ratchet=21.7406 best=21.7111 since_improve=448
t=37732ms iter=927 WAIST cost=19.0000 best_alt=16.0000 gap=3.0000 tried=5 sep_labels=16 clique_frac=0.06
t=37746ms iter=927 REBUILD reject new_tc=21.9480 (was 21.7149)
t=37766ms iter=927 incumb=21.7149 ratchet=21.8490 best=21.7111 since_improve=449
t=37768ms iter=928 WAIST cost=19.0000 best_alt=15.0000 gap=4.0000 tried=5 sep_labels=15 clique_frac=0.08
t=37787ms iter=928 REBUILD reject new_tc=22.0696 (was 21.7149)
t=37807ms iter=928 incumb=21.7149 ratchet=21.7634 best=21.7111 since_improve=450
t=37809ms iter=929 WAIST cost=19.0000 best_alt=15.0000 gap=4.0000 tried=5 sep_labels=15 clique_frac=0.02
t=37827ms iter=929 REBUILD reject new_tc=22.0859 (was 21.7149)
t=37848ms iter=929 incumb=21.7149 ratchet=21.8657 best=21.7111 since_improve=451
t=37849ms iter=930 WAIST cost=19.0000 best_alt=15.0000 gap=4.0000 tried=5 sep_labels=15 clique_frac=0.04
t=37869ms iter=930 REBUILD reject new_tc=21.7650 (was 21.7149)
t=37889ms iter=930 incumb=21.7149 ratchet=21.9058 best=21.7111 since_improve=452
t=37891ms iter=931 WAIST cost=19.0000 best_alt=15.0000 gap=4.0000 tried=5 sep_labels=15 clique_frac=0.08
t=37910ms iter=931 REBUILD reject new_tc=21.9085 (was 21.7149)
t=37931ms iter=931 incumb=21.7149 ratchet=21.7526 best=21.7111 since_improve=453
t=37933ms iter=932 WAIST cost=19.0000 best_alt=15.0000 gap=4.0000 tried=5 sep_labels=15 clique_frac=0.10
t=37952ms iter=932 REBUILD reject new_tc=22.1265 (was 21.7149)
t=37972ms iter=932 incumb=21.7149 ratchet=21.9064 best=21.7111 since_improve=454
t=37974ms iter=933 WAIST cost=19.0000 best_alt=15.0000 gap=4.0000 tried=5 sep_labels=15 clique_frac=0.02
t=37993ms iter=933 REBUILD reject new_tc=21.8325 (was 21.7149)
t=38014ms iter=933 incumb=21.7149 ratchet=21.7530 best=21.7111 since_improve=455
t=38016ms iter=934 WAIST cost=19.0000 best_alt=15.0000 gap=4.0000 tried=5 sep_labels=15 clique_frac=0.05
t=38035ms iter=934 REBUILD reject new_tc=22.2063 (was 21.7149)
t=38055ms iter=934 incumb=21.7149 ratchet=21.7782 best=21.7111 since_improve=456
t=38057ms iter=935 WAIST cost=19.0000 best_alt=15.0000 gap=4.0000 tried=5 sep_labels=15 clique_frac=0.07
t=38076ms iter=935 REBUILD reject new_tc=21.7920 (was 21.7149)
t=38097ms iter=935 incumb=21.7149 ratchet=21.7281 best=21.7111 since_improve=457
t=38098ms iter=936 WAIST cost=19.0000 best_alt=15.0000 gap=4.0000 tried=5 sep_labels=15 clique_frac=0.05
t=38118ms iter=936 REBUILD reject new_tc=22.1396 (was 21.7149)
t=38138ms iter=936 incumb=21.7149 ratchet=21.7683 best=21.7111 since_improve=458
t=38140ms iter=937 WAIST cost=19.0000 best_alt=15.0000 gap=4.0000 tried=5 sep_labels=15 clique_frac=0.08
t=38159ms iter=937 REBUILD reject new_tc=21.8723 (was 21.7149)
t=38180ms iter=937 incumb=21.7149 ratchet=21.8447 best=21.7111 since_improve=459
t=38181ms iter=938 WAIST cost=19.0000 best_alt=15.0000 gap=4.0000 tried=5 sep_labels=15 clique_frac=0.08
t=38201ms iter=938 REBUILD reject new_tc=21.8668 (was 21.7149)
t=38222ms iter=938 incumb=21.7149 ratchet=21.7592 best=21.7111 since_improve=460
t=38223ms iter=939 WAIST cost=19.0000 best_alt=16.0000 gap=3.0000 tried=5 sep_labels=16 clique_frac=0.06
t=38237ms iter=939 REBUILD reject new_tc=21.7516 (was 21.7149)
t=38258ms iter=939 incumb=21.7149 ratchet=21.8857 best=21.7111 since_improve=461
t=38259ms iter=940 WAIST cost=19.0000 best_alt=16.0000 gap=3.0000 tried=5 sep_labels=16 clique_frac=0.06
t=38273ms iter=940 REBUILD reject new_tc=22.1043 (was 21.7149)
t=38293ms iter=940 incumb=21.7149 ratchet=21.7694 best=21.7111 since_improve=462
t=38294ms iter=941 WAIST cost=19.0000 best_alt=16.0000 gap=3.0000 tried=5 sep_labels=16 clique_frac=0.06
t=38308ms iter=941 REBUILD reject new_tc=22.0460 (was 21.7149)
t=38329ms iter=941 incumb=21.7149 ratchet=21.8449 best=21.7111 since_improve=463
t=38331ms iter=942 WAIST cost=19.0000 best_alt=15.0000 gap=4.0000 tried=5 sep_labels=15 clique_frac=0.08
t=38350ms iter=942 REBUILD reject new_tc=22.2622 (was 21.7149)
t=38371ms iter=942 incumb=21.7149 ratchet=21.7823 best=21.7111 since_improve=464
t=38372ms iter=943 WAIST cost=19.0000 best_alt=15.0000 gap=4.0000 tried=5 sep_labels=15 clique_frac=0.02
t=38391ms iter=943 REBUILD reject new_tc=21.8567 (was 21.7149)
t=38412ms iter=943 incumb=21.7149 ratchet=21.8735 best=21.7111 since_improve=465
t=38413ms iter=944 WAIST cost=19.0000 best_alt=15.0000 gap=4.0000 tried=5 sep_labels=15 clique_frac=0.02
t=38432ms iter=944 REBUILD reject new_tc=22.4485 (was 21.7149)
t=38453ms iter=944 incumb=21.7149 ratchet=21.7403 best=21.7111 since_improve=466
t=38454ms iter=945 WAIST cost=19.0000 best_alt=15.0000 gap=4.0000 tried=5 sep_labels=15 clique_frac=0.07
t=38473ms iter=945 REBUILD reject new_tc=21.7588 (was 21.7149)
t=38494ms iter=945 incumb=21.7149 ratchet=21.7390 best=21.7111 since_improve=467
t=38495ms iter=946 WAIST cost=19.0000 best_alt=16.0000 gap=3.0000 tried=5 sep_labels=16 clique_frac=0.06
t=38509ms iter=946 REBUILD reject new_tc=21.7499 (was 21.7149)
t=38529ms iter=946 incumb=21.7149 ratchet=21.9097 best=21.7111 since_improve=468
t=38531ms iter=947 WAIST cost=19.0000 best_alt=15.0000 gap=4.0000 tried=5 sep_labels=15 clique_frac=0.02
t=38550ms iter=947 REBUILD reject new_tc=22.3351 (was 21.7149)
t=38570ms iter=947 incumb=21.7149 ratchet=21.7668 best=21.7111 since_improve=469
t=38572ms iter=948 WAIST cost=19.0000 best_alt=16.0000 gap=3.0000 tried=5 sep_labels=16 clique_frac=0.06
t=38586ms iter=948 REBUILD reject new_tc=22.1359 (was 21.7149)
t=38606ms iter=948 incumb=21.7149 ratchet=21.7684 best=21.7111 since_improve=470
t=38607ms iter=949 WAIST cost=19.0000 best_alt=15.0000 gap=4.0000 tried=5 sep_labels=15 clique_frac=0.06
t=38627ms iter=949 REBUILD reject new_tc=22.1591 (was 21.7149)
t=38647ms iter=949 incumb=21.7149 ratchet=22.1733 best=21.7111 since_improve=471
t=38649ms iter=950 WAIST cost=19.0000 best_alt=15.0000 gap=4.0000 tried=5 sep_labels=15 clique_frac=0.06
t=38668ms iter=950 REBUILD reject new_tc=21.7389 (was 21.7149)
t=38689ms iter=950 incumb=21.7149 ratchet=21.8587 best=21.7111 since_improve=472
t=38690ms iter=951 WAIST cost=19.0000 best_alt=15.0000 gap=4.0000 tried=5 sep_labels=15 clique_frac=0.07
t=38710ms iter=951 REBUILD reject new_tc=21.8567 (was 21.7149)
t=38730ms iter=951 incumb=21.7149 ratchet=21.8827 best=21.7111 since_improve=473
t=38731ms iter=952 WAIST cost=19.0000 best_alt=16.0000 gap=3.0000 tried=5 sep_labels=16 clique_frac=0.06
t=38745ms iter=952 REBUILD reject new_tc=22.1241 (was 21.7149)
t=38766ms iter=952 incumb=21.7149 ratchet=21.8881 best=21.7111 since_improve=474
t=38768ms iter=953 WAIST cost=19.0000 best_alt=16.0000 gap=3.0000 tried=5 sep_labels=16 clique_frac=0.06
t=38782ms iter=953 REBUILD reject new_tc=22.3812 (was 21.7149)
t=38803ms iter=953 incumb=21.7149 ratchet=21.9059 best=21.7111 since_improve=475
t=38804ms iter=954 WAIST cost=19.0000 best_alt=16.0000 gap=3.0000 tried=5 sep_labels=16 clique_frac=0.06
t=38818ms iter=954 REBUILD reject new_tc=22.0216 (was 21.7149)
t=38838ms iter=954 incumb=21.7149 ratchet=21.8606 best=21.7111 since_improve=476
t=38840ms iter=955 WAIST cost=19.0000 best_alt=15.0000 gap=4.0000 tried=5 sep_labels=15 clique_frac=0.10
t=38859ms iter=955 REBUILD reject new_tc=21.8930 (was 21.7149)
t=38880ms iter=955 incumb=21.7149 ratchet=21.7305 best=21.7111 since_improve=477
t=38881ms iter=956 WAIST cost=19.0000 best_alt=15.0000 gap=4.0000 tried=5 sep_labels=15 clique_frac=0.05
t=38900ms iter=956 REBUILD reject new_tc=22.3083 (was 21.7149)
t=38920ms iter=956 incumb=21.7149 ratchet=21.8053 best=21.7111 since_improve=478
t=38921ms iter=957 WAIST cost=19.0000 best_alt=15.0000 gap=4.0000 tried=5 sep_labels=15 clique_frac=0.08
t=38941ms iter=957 REBUILD reject new_tc=22.0417 (was 21.7149)
t=38961ms iter=957 incumb=21.7149 ratchet=21.8456 best=21.7111 since_improve=479
t=38963ms iter=958 WAIST cost=19.0000 best_alt=15.0000 gap=4.0000 tried=5 sep_labels=15 clique_frac=0.08
t=38982ms iter=958 REBUILD reject new_tc=22.3204 (was 21.7149)
t=39002ms iter=958 incumb=21.7149 ratchet=21.7568 best=21.7111 since_improve=480
t=39004ms iter=959 WAIST cost=19.0000 best_alt=15.0000 gap=4.0000 tried=5 sep_labels=15 clique_frac=0.08
t=39023ms iter=959 REBUILD reject new_tc=21.8097 (was 21.7149)
t=39044ms iter=959 incumb=21.7149 ratchet=21.8324 best=21.7111 since_improve=481
t=39045ms iter=960 WAIST cost=19.0000 best_alt=15.0000 gap=4.0000 tried=5 sep_labels=15 clique_frac=0.05
t=39064ms iter=960 REBUILD reject new_tc=21.9088 (was 21.7149)
t=39085ms iter=960 incumb=21.7149 ratchet=21.8460 best=21.7111 since_improve=482
t=39087ms iter=961 WAIST cost=19.0000 best_alt=15.0000 gap=4.0000 tried=5 sep_labels=15 clique_frac=0.08
t=39106ms iter=961 REBUILD reject new_tc=22.0277 (was 21.7149)
t=39127ms iter=961 incumb=21.7149 ratchet=21.7296 best=21.7111 since_improve=483
t=39128ms iter=962 WAIST cost=19.0000 best_alt=15.0000 gap=4.0000 tried=5 sep_labels=15 clique_frac=0.05
t=39147ms iter=962 REBUILD reject new_tc=21.9368 (was 21.7149)
t=39168ms iter=962 incumb=21.7149 ratchet=21.8423 best=21.7111 since_improve=484
t=39169ms iter=963 WAIST cost=19.0000 best_alt=15.0000 gap=4.0000 tried=5 sep_labels=15 clique_frac=0.07
t=39189ms iter=963 REBUILD reject new_tc=22.3152 (was 21.7149)
t=39210ms iter=963 incumb=21.7149 ratchet=21.8847 best=21.7111 since_improve=485
t=39211ms iter=964 WAIST cost=19.0000 best_alt=15.0000 gap=4.0000 tried=5 sep_labels=15 clique_frac=0.10
t=39230ms iter=964 REBUILD reject new_tc=21.8449 (was 21.7149)
t=39251ms iter=964 incumb=21.7149 ratchet=21.7541 best=21.7111 since_improve=486
t=39253ms iter=965 WAIST cost=19.0000 best_alt=16.0000 gap=3.0000 tried=5 sep_labels=16 clique_frac=0.06
t=39266ms iter=965 REBUILD reject new_tc=21.8141 (was 21.7149)
t=39287ms iter=965 incumb=21.7149 ratchet=21.8813 best=21.7111 since_improve=487
t=39289ms iter=966 WAIST cost=19.0000 best_alt=15.0000 gap=4.0000 tried=5 sep_labels=15 clique_frac=0.08
t=39308ms iter=966 REBUILD reject new_tc=22.3601 (was 21.7149)
t=39328ms iter=966 incumb=21.7149 ratchet=21.9553 best=21.7111 since_improve=488
t=39330ms iter=967 WAIST cost=19.0000 best_alt=15.0000 gap=4.0000 tried=5 sep_labels=15 clique_frac=0.10
t=39349ms iter=967 REBUILD reject new_tc=22.2342 (was 21.7149)
t=39369ms iter=967 incumb=21.7149 ratchet=21.7940 best=21.7111 since_improve=489
t=39371ms iter=968 WAIST cost=19.0000 best_alt=15.0000 gap=4.0000 tried=5 sep_labels=15 clique_frac=0.10
t=39390ms iter=968 REBUILD reject new_tc=21.8451 (was 21.7149)
t=39410ms iter=968 incumb=21.7149 ratchet=21.7735 best=21.7111 since_improve=490
t=39412ms iter=969 WAIST cost=19.0000 best_alt=15.0000 gap=4.0000 tried=5 sep_labels=15 clique_frac=0.05
t=39431ms iter=969 REBUILD reject new_tc=22.2604 (was 21.7149)
t=39452ms iter=969 incumb=21.7149 ratchet=21.7563 best=21.7111 since_improve=491
t=39453ms iter=970 WAIST cost=19.0000 best_alt=15.0000 gap=4.0000 tried=5 sep_labels=15 clique_frac=0.08
t=39472ms iter=970 REBUILD reject new_tc=21.8941 (was 21.7149)
t=39493ms iter=970 incumb=21.7149 ratchet=21.8436 best=21.7111 since_improve=492
t=39494ms iter=971 WAIST cost=19.0000 best_alt=15.0000 gap=4.0000 tried=5 sep_labels=15 clique_frac=0.06
t=39514ms iter=971 REBUILD reject new_tc=21.7483 (was 21.7149)
t=39534ms iter=971 incumb=21.7149 ratchet=21.7413 best=21.7111 since_improve=493
t=39535ms iter=972 WAIST cost=19.0000 best_alt=15.0000 gap=4.0000 tried=5 sep_labels=15 clique_frac=0.05
t=39554ms iter=972 REBUILD reject new_tc=22.3964 (was 21.7149)
t=39574ms iter=972 incumb=21.7149 ratchet=21.7258 best=21.7111 since_improve=494
t=39576ms iter=973 WAIST cost=19.0000 best_alt=16.0000 gap=3.0000 tried=5 sep_labels=16 clique_frac=0.06
t=39589ms iter=973 REBUILD reject new_tc=22.1689 (was 21.7149)
t=39610ms iter=973 incumb=21.7149 ratchet=21.9557 best=21.7111 since_improve=495
t=39611ms iter=974 WAIST cost=19.0000 best_alt=15.0000 gap=4.0000 tried=5 sep_labels=15 clique_frac=0.08
t=39631ms iter=974 REBUILD reject new_tc=21.7656 (was 21.7149)
t=39651ms iter=974 incumb=21.7149 ratchet=21.7410 best=21.7111 since_improve=496
t=39653ms iter=975 WAIST cost=19.0000 best_alt=16.0000 gap=3.0000 tried=5 sep_labels=16 clique_frac=0.06
t=39667ms iter=975 REBUILD reject new_tc=22.1064 (was 21.7149)
t=39688ms iter=975 incumb=21.7149 ratchet=21.8588 best=21.7111 since_improve=497
t=39689ms iter=976 WAIST cost=19.0000 best_alt=15.0000 gap=4.0000 tried=5 sep_labels=15 clique_frac=0.08
t=39709ms iter=976 REBUILD reject new_tc=21.9851 (was 21.7149)
t=39729ms iter=976 incumb=21.7149 ratchet=21.8475 best=21.7111 since_improve=498
t=39731ms iter=977 WAIST cost=19.0000 best_alt=15.0000 gap=4.0000 tried=5 sep_labels=15 clique_frac=0.08
t=39751ms iter=977 REBUILD reject new_tc=21.9079 (was 21.7149)
t=39772ms iter=977 incumb=21.7149 ratchet=21.8706 best=21.7111 since_improve=499
t=39773ms iter=978 WAIST cost=19.0000 best_alt=15.0000 gap=4.0000 tried=5 sep_labels=15 clique_frac=0.07
t=39792ms iter=978 REBUILD reject new_tc=21.7654 (was 21.7149)
t=39813ms iter=978 incumb=21.7149 ratchet=21.8968 best=21.7111 since_improve=500
t=39815ms iter=979 WAIST cost=19.0000 best_alt=16.0000 gap=3.0000 tried=5 sep_labels=16 clique_frac=0.06
t=39829ms iter=979 REBUILD reject new_tc=22.1794 (was 21.7149)
t=39850ms iter=979 incumb=21.7149 ratchet=21.9415 best=21.7111 since_improve=501
t=39851ms iter=980 WAIST cost=19.0000 best_alt=15.0000 gap=4.0000 tried=5 sep_labels=15 clique_frac=0.06
t=39870ms iter=980 REBUILD reject new_tc=22.3151 (was 21.7149)
t=39891ms iter=980 incumb=21.7149 ratchet=21.8076 best=21.7111 since_improve=502
t=39892ms iter=981 WAIST cost=19.0000 best_alt=15.0000 gap=4.0000 tried=5 sep_labels=15 clique_frac=0.08
t=39912ms iter=981 REBUILD reject new_tc=22.3167 (was 21.7149)
t=39932ms iter=981 incumb=21.7149 ratchet=21.7976 best=21.7111 since_improve=503
t=39933ms iter=982 WAIST cost=19.0000 best_alt=16.0000 gap=3.0000 tried=5 sep_labels=16 clique_frac=0.06
t=39947ms iter=982 REBUILD reject new_tc=21.8788 (was 21.7149)
t=39968ms iter=982 incumb=21.7149 ratchet=21.7672 best=21.7111 since_improve=504
t=39969ms iter=983 WAIST cost=19.0000 best_alt=15.0000 gap=4.0000 tried=5 sep_labels=15 clique_frac=0.08
t=39988ms iter=983 REBUILD reject new_tc=22.1127 (was 21.7149)
t=40009ms iter=983 incumb=21.7149 ratchet=21.7385 best=21.7111 since_improve=505
t=40010ms iter=984 WAIST cost=19.0000 best_alt=15.0000 gap=4.0000 tried=5 sep_labels=15 clique_frac=0.04
t=40030ms iter=984 REBUILD reject new_tc=21.8044 (was 21.7149)
t=40050ms iter=984 incumb=21.7149 ratchet=21.8299 best=21.7111 since_improve=506
t=40052ms iter=985 WAIST cost=19.0000 best_alt=16.0000 gap=3.0000 tried=5 sep_labels=16 clique_frac=0.06
t=40066ms iter=985 REBUILD reject new_tc=22.0915 (was 21.7149)
t=40086ms iter=985 incumb=21.7149 ratchet=22.0029 best=21.7111 since_improve=507
t=40088ms iter=986 WAIST cost=19.0000 best_alt=15.0000 gap=4.0000 tried=5 sep_labels=15 clique_frac=0.04
t=40107ms iter=986 REBUILD reject new_tc=21.8155 (was 21.7149)
t=40127ms iter=986 incumb=21.7149 ratchet=21.9415 best=21.7111 since_improve=508
t=40129ms iter=987 WAIST cost=19.0000 best_alt=15.0000 gap=4.0000 tried=5 sep_labels=15 clique_frac=0.05
t=40148ms iter=987 REBUILD reject new_tc=22.1882 (was 21.7149)
t=40169ms iter=987 incumb=21.7149 ratchet=21.7576 best=21.7111 since_improve=509
t=40170ms iter=988 WAIST cost=19.0000 best_alt=15.0000 gap=4.0000 tried=5 sep_labels=15 clique_frac=0.04
t=40189ms iter=988 REBUILD reject new_tc=21.8068 (was 21.7149)
t=40210ms iter=988 incumb=21.7149 ratchet=21.7541 best=21.7111 since_improve=510
t=40211ms iter=989 WAIST cost=19.0000 best_alt=15.0000 gap=4.0000 tried=5 sep_labels=15 clique_frac=0.02
t=40230ms iter=989 REBUILD reject new_tc=21.8673 (was 21.7149)
t=40251ms iter=989 incumb=21.7149 ratchet=21.9181 best=21.7111 since_improve=511
t=40252ms iter=990 WAIST cost=19.0000 best_alt=16.0000 gap=3.0000 tried=5 sep_labels=16 clique_frac=0.06
t=40266ms iter=990 REBUILD reject new_tc=21.9749 (was 21.7149)
t=40286ms iter=990 incumb=21.7149 ratchet=21.7684 best=21.7111 since_improve=512
t=40288ms iter=991 WAIST cost=19.0000 best_alt=15.0000 gap=4.0000 tried=5 sep_labels=15 clique_frac=0.05
t=40307ms iter=991 REBUILD reject new_tc=22.3148 (was 21.7149)
t=40328ms iter=991 incumb=21.7149 ratchet=21.7386 best=21.7111 since_improve=513
t=40329ms iter=992 WAIST cost=19.0000 best_alt=15.0000 gap=4.0000 tried=5 sep_labels=15 clique_frac=0.05
t=40349ms iter=992 REBUILD reject new_tc=21.8539 (was 21.7149)
t=40369ms iter=992 incumb=21.7149 ratchet=21.7582 best=21.7111 since_improve=514
t=40370ms iter=993 WAIST cost=19.0000 best_alt=15.0000 gap=4.0000 tried=5 sep_labels=15 clique_frac=0.06
t=40390ms iter=993 REBUILD reject new_tc=21.7427 (was 21.7149)
t=40410ms iter=993 incumb=21.7149 ratchet=21.7910 best=21.7111 since_improve=515
t=40412ms iter=994 WAIST cost=19.0000 best_alt=15.0000 gap=4.0000 tried=5 sep_labels=15 clique_frac=0.07
t=40431ms iter=994 REBUILD reject new_tc=21.7541 (was 21.7149)
t=40452ms iter=994 incumb=21.7149 ratchet=21.8155 best=21.7111 since_improve=516
t=40453ms iter=995 WAIST cost=19.0000 best_alt=15.0000 gap=4.0000 tried=5 sep_labels=15 clique_frac=0.08
t=40472ms iter=995 REBUILD reject new_tc=22.0673 (was 21.7149)
t=40493ms iter=995 incumb=21.7149 ratchet=21.8308 best=21.7111 since_improve=517
t=40495ms iter=996 WAIST cost=19.0000 best_alt=15.0000 gap=4.0000 tried=5 sep_labels=15 clique_frac=0.05
t=40514ms iter=996 REBUILD reject new_tc=21.9005 (was 21.7149)
t=40535ms iter=996 incumb=21.7149 ratchet=21.9093 best=21.7111 since_improve=518
t=40536ms iter=997 WAIST cost=19.0000 best_alt=15.0000 gap=4.0000 tried=5 sep_labels=15 clique_frac=0.08
t=40555ms iter=997 REBUILD reject new_tc=21.8946 (was 21.7149)
t=40576ms iter=997 incumb=21.7149 ratchet=21.8560 best=21.7111 since_improve=519
t=40577ms iter=998 WAIST cost=19.0000 best_alt=15.0000 gap=4.0000 tried=5 sep_labels=15 clique_frac=0.05
t=40597ms iter=998 REBUILD reject new_tc=22.0338 (was 21.7149)
t=40617ms iter=998 incumb=21.7149 ratchet=21.8446 best=21.7111 since_improve=520
t=40618ms iter=999 WAIST cost=19.0000 best_alt=15.0000 gap=4.0000 tried=5 sep_labels=15 clique_frac=0.05
t=40637ms iter=999 REBUILD reject new_tc=21.8521 (was 21.7149)
t=40658ms iter=999 incumb=21.7149 ratchet=21.8938 best=21.7111 since_improve=521
t=40659ms iter=1000 WAIST cost=19.0000 best_alt=15.0000 gap=4.0000 tried=5 sep_labels=15 clique_frac=0.10
t=40678ms iter=1000 REBUILD reject new_tc=21.8537 (was 21.7149)
t=40699ms iter=1000 incumb=21.7149 ratchet=21.9055 best=21.7111 since_improve=522
t=40700ms iter=1001 WAIST cost=19.0000 best_alt=15.0000 gap=4.0000 tried=5 sep_labels=15 clique_frac=0.07
t=40720ms iter=1001 REBUILD reject new_tc=21.8661 (was 21.7149)
t=40740ms iter=1001 incumb=21.7149 ratchet=21.7684 best=21.7111 since_improve=523
t=40741ms iter=1002 WAIST cost=19.0000 best_alt=16.0000 gap=3.0000 tried=5 sep_labels=16 clique_frac=0.06
t=40755ms iter=1002 REBUILD reject new_tc=22.2839 (was 21.7149)
t=40776ms iter=1002 incumb=21.7149 ratchet=21.9086 best=21.7111 since_improve=524
t=40777ms iter=1003 WAIST cost=19.0000 best_alt=15.0000 gap=4.0000 tried=5 sep_labels=15 clique_frac=0.08
t=40796ms iter=1003 REBUILD reject new_tc=22.2921 (was 21.7149)
t=40817ms iter=1003 incumb=21.7149 ratchet=21.9168 best=21.7111 since_improve=525
t=40818ms iter=1004 WAIST cost=19.0000 best_alt=16.0000 gap=3.0000 tried=5 sep_labels=16 clique_frac=0.06
t=40832ms iter=1004 REBUILD reject new_tc=22.1275 (was 21.7149)
t=40853ms iter=1004 incumb=21.7149 ratchet=21.9467 best=21.7111 since_improve=526
t=40854ms iter=1005 WAIST cost=19.0000 best_alt=15.0000 gap=4.0000 tried=5 sep_labels=15 clique_frac=0.05
t=40873ms iter=1005 REBUILD reject new_tc=22.3352 (was 21.7149)
t=40894ms iter=1005 incumb=21.7149 ratchet=21.8446 best=21.7111 since_improve=527
t=40895ms iter=1006 WAIST cost=19.0000 best_alt=15.0000 gap=4.0000 tried=5 sep_labels=15 clique_frac=0.10
t=40914ms iter=1006 REBUILD reject new_tc=22.3714 (was 21.7149)
t=40934ms iter=1006 incumb=21.7149 ratchet=21.8947 best=21.7111 since_improve=528
t=40935ms iter=1007 WAIST cost=19.0000 best_alt=16.0000 gap=3.0000 tried=5 sep_labels=16 clique_frac=0.06
t=40949ms iter=1007 REBUILD reject new_tc=22.1030 (was 21.7149)
t=40969ms iter=1007 incumb=21.7149 ratchet=21.7296 best=21.7111 since_improve=529
t=40970ms iter=1008 WAIST cost=19.0000 best_alt=15.0000 gap=4.0000 tried=5 sep_labels=15 clique_frac=0.05
t=40990ms iter=1008 REBUILD reject new_tc=22.2033 (was 21.7149)
t=41010ms iter=1008 incumb=21.7149 ratchet=21.8402 best=21.7111 since_improve=530
t=41011ms iter=1009 WAIST cost=19.0000 best_alt=15.0000 gap=4.0000 tried=5 sep_labels=15 clique_frac=0.05
t=41031ms iter=1009 REBUILD reject new_tc=22.3161 (was 21.7149)
t=41051ms iter=1009 incumb=21.7149 ratchet=21.8094 best=21.7111 since_improve=531
t=41053ms iter=1010 WAIST cost=19.0000 best_alt=16.0000 gap=3.0000 tried=5 sep_labels=16 clique_frac=0.06
t=41067ms iter=1010 REBUILD reject new_tc=21.9946 (was 21.7149)
t=41087ms iter=1010 incumb=21.7149 ratchet=21.8809 best=21.7111 since_improve=532
t=41089ms iter=1011 WAIST cost=19.0000 best_alt=15.0000 gap=4.0000 tried=5 sep_labels=15 clique_frac=0.04
t=41108ms iter=1011 REBUILD reject new_tc=22.1355 (was 21.7149)
t=41129ms iter=1011 incumb=21.7149 ratchet=21.7538 best=21.7111 since_improve=533
t=41130ms iter=1012 WAIST cost=19.0000 best_alt=15.0000 gap=4.0000 tried=5 sep_labels=15 clique_frac=0.06
t=41150ms iter=1012 REBUILD reject new_tc=21.7266 (was 21.7149)
t=41171ms iter=1012 incumb=21.7149 ratchet=21.7936 best=21.7111 since_improve=534
t=41172ms iter=1013 WAIST cost=19.0000 best_alt=15.0000 gap=4.0000 tried=5 sep_labels=15 clique_frac=0.06
t=41191ms iter=1013 REBUILD reject new_tc=21.8289 (was 21.7149)
t=41212ms iter=1013 incumb=21.7149 ratchet=21.7918 best=21.7111 since_improve=535
t=41213ms iter=1014 WAIST cost=19.0000 best_alt=16.0000 gap=3.0000 tried=5 sep_labels=16 clique_frac=0.06
t=41227ms iter=1014 REBUILD reject new_tc=22.2806 (was 21.7149)
t=41247ms iter=1014 incumb=21.7149 ratchet=21.7525 best=21.7111 since_improve=536
t=41249ms iter=1015 WAIST cost=19.0000 best_alt=15.0000 gap=4.0000 tried=5 sep_labels=15 clique_frac=0.02
t=41268ms iter=1015 REBUILD reject new_tc=22.4036 (was 21.7149)
t=41288ms iter=1015 incumb=21.7149 ratchet=21.7531 best=21.7111 since_improve=537
t=41290ms iter=1016 WAIST cost=19.0000 best_alt=16.0000 gap=3.0000 tried=5 sep_labels=16 clique_frac=0.06
t=41304ms iter=1016 REBUILD reject new_tc=22.0942 (was 21.7149)
t=41324ms iter=1016 incumb=21.7149 ratchet=21.7282 best=21.7111 since_improve=538
t=41325ms iter=1017 WAIST cost=19.0000 best_alt=16.0000 gap=3.0000 tried=5 sep_labels=16 clique_frac=0.06
t=41339ms iter=1017 REBUILD reject new_tc=22.2443 (was 21.7149)
t=41360ms iter=1017 incumb=21.7149 ratchet=21.8190 best=21.7111 since_improve=539
t=41361ms iter=1018 WAIST cost=19.0000 best_alt=15.0000 gap=4.0000 tried=5 sep_labels=15 clique_frac=0.07
t=41380ms iter=1018 REBUILD reject new_tc=21.8689 (was 21.7149)
t=41400ms iter=1018 incumb=21.7149 ratchet=21.7817 best=21.7111 since_improve=540
t=41402ms iter=1019 WAIST cost=19.0000 best_alt=15.0000 gap=4.0000 tried=5 sep_labels=15 clique_frac=0.02
t=41420ms iter=1019 REBUILD reject new_tc=22.1179 (was 21.7149)
t=41441ms iter=1019 incumb=21.7149 ratchet=21.7650 best=21.7111 since_improve=541
t=41443ms iter=1020 WAIST cost=19.0000 best_alt=15.0000 gap=4.0000 tried=5 sep_labels=15 clique_frac=0.08
t=41462ms iter=1020 REBUILD reject new_tc=21.9421 (was 21.7149)
t=41483ms iter=1020 incumb=21.7149 ratchet=21.8177 best=21.7111 since_improve=542
t=41484ms iter=1021 WAIST cost=19.0000 best_alt=16.0000 gap=3.0000 tried=5 sep_labels=16 clique_frac=0.06
t=41498ms iter=1021 REBUILD reject new_tc=22.2498 (was 21.7149)
t=41518ms iter=1021 incumb=21.7149 ratchet=21.7691 best=21.7111 since_improve=543
t=41520ms iter=1022 WAIST cost=19.0000 best_alt=16.0000 gap=3.0000 tried=5 sep_labels=16 clique_frac=0.06
t=41534ms iter=1022 REBUILD reject new_tc=21.7644 (was 21.7149)
t=41554ms iter=1022 incumb=21.7149 ratchet=21.8825 best=21.7111 since_improve=544
t=41555ms iter=1023 WAIST cost=19.0000 best_alt=15.0000 gap=4.0000 tried=5 sep_labels=15 clique_frac=0.10
t=41575ms iter=1023 REBUILD reject new_tc=21.9809 (was 21.7149)
t=41596ms iter=1023 incumb=21.7149 ratchet=21.8202 best=21.7111 since_improve=545
t=41597ms iter=1024 WAIST cost=19.0000 best_alt=16.0000 gap=3.0000 tried=5 sep_labels=16 clique_frac=0.06
t=41611ms iter=1024 REBUILD reject new_tc=21.8062 (was 21.7149)
t=41631ms iter=1024 incumb=21.7149 ratchet=21.7407 best=21.7111 since_improve=546
t=41633ms iter=1025 WAIST cost=19.0000 best_alt=16.0000 gap=3.0000 tried=5 sep_labels=16 clique_frac=0.06
t=41647ms iter=1025 REBUILD reject new_tc=22.2614 (was 21.7149)
t=41667ms iter=1025 incumb=21.7149 ratchet=21.8437 best=21.7111 since_improve=547
t=41668ms iter=1026 WAIST cost=19.0000 best_alt=16.0000 gap=3.0000 tried=5 sep_labels=16 clique_frac=0.06
t=41682ms iter=1026 REBUILD reject new_tc=21.7529 (was 21.7149)
t=41703ms iter=1026 incumb=21.7149 ratchet=21.9031 best=21.7111 since_improve=548
t=41704ms iter=1027 WAIST cost=19.0000 best_alt=15.0000 gap=4.0000 tried=5 sep_labels=15 clique_frac=0.08
t=41724ms iter=1027 REBUILD reject new_tc=22.0961 (was 21.7149)
t=41744ms iter=1027 incumb=21.7149 ratchet=21.9888 best=21.7111 since_improve=549
t=41746ms iter=1028 WAIST cost=19.0000 best_alt=15.0000 gap=4.0000 tried=5 sep_labels=15 clique_frac=0.06
t=41765ms iter=1028 REBUILD reject new_tc=21.7443 (was 21.7149)
t=41786ms iter=1028 incumb=21.7149 ratchet=21.8093 best=21.7111 since_improve=550
t=41787ms iter=1029 WAIST cost=19.0000 best_alt=15.0000 gap=4.0000 tried=5 sep_labels=15 clique_frac=0.08
t=41806ms iter=1029 REBUILD reject new_tc=22.2152 (was 21.7149)
t=41826ms iter=1029 incumb=21.7149 ratchet=21.7831 best=21.7111 since_improve=551
t=41828ms iter=1030 WAIST cost=19.0000 best_alt=15.0000 gap=4.0000 tried=5 sep_labels=15 clique_frac=0.08
t=41847ms iter=1030 REBUILD reject new_tc=22.0180 (was 21.7149)
t=41868ms iter=1030 incumb=21.7149 ratchet=21.7656 best=21.7111 since_improve=552
t=41869ms iter=1031 WAIST cost=19.0000 best_alt=16.0000 gap=3.0000 tried=5 sep_labels=16 clique_frac=0.06
t=41883ms iter=1031 REBUILD reject new_tc=21.9417 (was 21.7149)
t=41903ms iter=1031 incumb=21.7149 ratchet=21.8721 best=21.7111 since_improve=553
t=41904ms iter=1032 WAIST cost=19.0000 best_alt=16.0000 gap=3.0000 tried=5 sep_labels=16 clique_frac=0.06
t=41918ms iter=1032 REBUILD reject new_tc=21.7666 (was 21.7149)
t=41938ms iter=1032 incumb=21.7149 ratchet=21.7902 best=21.7111 since_improve=554
t=41940ms iter=1033 WAIST cost=19.0000 best_alt=16.0000 gap=3.0000 tried=5 sep_labels=16 clique_frac=0.06
t=41954ms iter=1033 REBUILD reject new_tc=22.0216 (was 21.7149)
t=41974ms iter=1033 incumb=21.7149 ratchet=21.8323 best=21.7111 since_improve=555
t=41976ms iter=1034 WAIST cost=19.0000 best_alt=15.0000 gap=4.0000 tried=5 sep_labels=15 clique_frac=0.08
t=41995ms iter=1034 REBUILD reject new_tc=21.7610 (was 21.7149)
t=42016ms iter=1034 incumb=21.7149 ratchet=21.7516 best=21.7111 since_improve=556
t=42018ms iter=1035 WAIST cost=19.0000 best_alt=15.0000 gap=4.0000 tried=5 sep_labels=15 clique_frac=0.08
t=42037ms iter=1035 REBUILD reject new_tc=21.9569 (was 21.7149)
t=42058ms iter=1035 incumb=21.7149 ratchet=21.8862 best=21.7111 since_improve=557
t=42059ms iter=1036 WAIST cost=19.0000 best_alt=16.0000 gap=3.0000 tried=5 sep_labels=16 clique_frac=0.06
t=42073ms iter=1036 REBUILD reject new_tc=22.2709 (was 21.7149)
t=42094ms iter=1036 incumb=21.7149 ratchet=21.8805 best=21.7111 since_improve=558
t=42095ms iter=1037 WAIST cost=19.0000 best_alt=15.0000 gap=4.0000 tried=5 sep_labels=15 clique_frac=0.05
t=42114ms iter=1037 REBUILD reject new_tc=21.8662 (was 21.7149)
t=42135ms iter=1037 incumb=21.7149 ratchet=21.7569 best=21.7111 since_improve=559
t=42137ms iter=1038 WAIST cost=19.0000 best_alt=15.0000 gap=4.0000 tried=5 sep_labels=15 clique_frac=0.08
t=42156ms iter=1038 REBUILD reject new_tc=21.8562 (was 21.7149)
t=42177ms iter=1038 incumb=21.7149 ratchet=21.8948 best=21.7111 since_improve=560
t=42178ms iter=1039 WAIST cost=19.0000 best_alt=15.0000 gap=4.0000 tried=5 sep_labels=15 clique_frac=0.05
t=42197ms iter=1039 REBUILD reject new_tc=22.7303 (was 21.7149)
t=42218ms iter=1039 incumb=21.7149 ratchet=21.7688 best=21.7111 since_improve=561
t=42219ms iter=1040 WAIST cost=19.0000 best_alt=15.0000 gap=4.0000 tried=5 sep_labels=15 clique_frac=0.08
t=42239ms iter=1040 REBUILD reject new_tc=21.8917 (was 21.7149)
t=42260ms iter=1040 incumb=21.7149 ratchet=21.7919 best=21.7111 since_improve=562
t=42261ms iter=1041 WAIST cost=19.0000 best_alt=16.0000 gap=3.0000 tried=5 sep_labels=16 clique_frac=0.06
t=42275ms iter=1041 REBUILD reject new_tc=22.4348 (was 21.7149)
t=42296ms iter=1041 incumb=21.7149 ratchet=21.7514 best=21.7111 since_improve=563
t=42297ms iter=1042 WAIST cost=19.0000 best_alt=15.0000 gap=4.0000 tried=5 sep_labels=15 clique_frac=0.08
t=42317ms iter=1042 REBUILD reject new_tc=22.1152 (was 21.7149)
t=42337ms iter=1042 incumb=21.7149 ratchet=21.9122 best=21.7111 since_improve=564
t=42339ms iter=1043 WAIST cost=19.0000 best_alt=16.0000 gap=3.0000 tried=5 sep_labels=16 clique_frac=0.06
t=42353ms iter=1043 REBUILD reject new_tc=21.7385 (was 21.7149)
t=42374ms iter=1043 incumb=21.7149 ratchet=21.9218 best=21.7111 since_improve=565
t=42375ms iter=1044 WAIST cost=19.0000 best_alt=15.0000 gap=4.0000 tried=5 sep_labels=15 clique_frac=0.08
t=42395ms iter=1044 REBUILD reject new_tc=22.0867 (was 21.7149)
t=42417ms iter=1044 incumb=21.7149 ratchet=21.7396 best=21.7111 since_improve=566
t=42418ms iter=1045 WAIST cost=19.0000 best_alt=15.0000 gap=4.0000 tried=5 sep_labels=15 clique_frac=0.05
t=42438ms iter=1045 REBUILD reject new_tc=22.1652 (was 21.7149)
t=42458ms iter=1045 incumb=21.7149 ratchet=21.8941 best=21.7111 since_improve=567
t=42460ms iter=1046 WAIST cost=19.0000 best_alt=15.0000 gap=4.0000 tried=5 sep_labels=15 clique_frac=0.08
t=42479ms iter=1046 REBUILD reject new_tc=21.9753 (was 21.7149)
t=42500ms iter=1046 incumb=21.7149 ratchet=21.9436 best=21.7111 since_improve=568
t=42501ms iter=1047 WAIST cost=19.0000 best_alt=15.0000 gap=4.0000 tried=5 sep_labels=15 clique_frac=0.07
t=42520ms iter=1047 REBUILD reject new_tc=21.9380 (was 21.7149)
t=42540ms iter=1047 incumb=21.7149 ratchet=21.7969 best=21.7111 since_improve=569
t=42542ms iter=1048 WAIST cost=19.0000 best_alt=15.0000 gap=4.0000 tried=5 sep_labels=15 clique_frac=0.02
t=42561ms iter=1048 REBUILD reject new_tc=22.1184 (was 21.7149)
t=42582ms iter=1048 incumb=21.7149 ratchet=21.7396 best=21.7111 since_improve=570
t=42583ms iter=1049 WAIST cost=19.0000 best_alt=15.0000 gap=4.0000 tried=5 sep_labels=15 clique_frac=0.05
t=42603ms iter=1049 REBUILD reject new_tc=22.2314 (was 21.7149)
t=42623ms iter=1049 incumb=21.7149 ratchet=21.7831 best=21.7111 since_improve=571
t=42625ms iter=1050 WAIST cost=19.0000 best_alt=16.0000 gap=3.0000 tried=5 sep_labels=16 clique_frac=0.06
t=42638ms iter=1050 REBUILD reject new_tc=21.8486 (was 21.7149)
t=42659ms iter=1050 incumb=21.7149 ratchet=21.9322 best=21.7111 since_improve=572
t=42660ms iter=1051 WAIST cost=19.0000 best_alt=16.0000 gap=3.0000 tried=5 sep_labels=16 clique_frac=0.06
t=42674ms iter=1051 REBUILD reject new_tc=22.2521 (was 21.7149)
t=42695ms iter=1051 incumb=21.7149 ratchet=21.7540 best=21.7111 since_improve=573
t=42697ms iter=1052 WAIST cost=19.0000 best_alt=15.0000 gap=4.0000 tried=5 sep_labels=15 clique_frac=0.04
t=42716ms iter=1052 REBUILD reject new_tc=21.8050 (was 21.7149)
t=42737ms iter=1052 incumb=21.7149 ratchet=21.8335 best=21.7111 since_improve=574
t=42738ms iter=1053 WAIST cost=19.0000 best_alt=15.0000 gap=4.0000 tried=5 sep_labels=15 clique_frac=0.05
t=42758ms iter=1053 REBUILD reject new_tc=21.8551 (was 21.7149)
t=42778ms iter=1053 incumb=21.7149 ratchet=21.7405 best=21.7111 since_improve=575
t=42779ms iter=1054 WAIST cost=19.0000 best_alt=15.0000 gap=4.0000 tried=5 sep_labels=15 clique_frac=0.08
t=42799ms iter=1054 REBUILD reject new_tc=21.7531 (was 21.7149)
t=42819ms iter=1054 incumb=21.7149 ratchet=21.8572 best=21.7111 since_improve=576
t=42821ms iter=1055 WAIST cost=19.0000 best_alt=15.0000 gap=4.0000 tried=5 sep_labels=15 clique_frac=0.07
t=42840ms iter=1055 REBUILD reject new_tc=21.7651 (was 21.7149)
t=42860ms iter=1055 incumb=21.7149 ratchet=21.8355 best=21.7111 since_improve=577
t=42862ms iter=1056 WAIST cost=19.0000 best_alt=15.0000 gap=4.0000 tried=5 sep_labels=15 clique_frac=0.02
t=42881ms iter=1056 REBUILD reject new_tc=21.9941 (was 21.7149)
t=42902ms iter=1056 incumb=21.7149 ratchet=21.7934 best=21.7111 since_improve=578
t=42903ms iter=1057 WAIST cost=19.0000 best_alt=15.0000 gap=4.0000 tried=5 sep_labels=15 clique_frac=0.08
t=42922ms iter=1057 REBUILD reject new_tc=22.1755 (was 21.7149)
t=42943ms iter=1057 incumb=21.7149 ratchet=21.7683 best=21.7111 since_improve=579
t=42944ms iter=1058 WAIST cost=19.0000 best_alt=16.0000 gap=3.0000 tried=5 sep_labels=16 clique_frac=0.06
t=42958ms iter=1058 REBUILD reject new_tc=22.1590 (was 21.7149)
t=42979ms iter=1058 incumb=21.7149 ratchet=21.7948 best=21.7111 since_improve=580
t=42981ms iter=1059 WAIST cost=19.0000 best_alt=16.0000 gap=3.0000 tried=5 sep_labels=16 clique_frac=0.06
t=42994ms iter=1059 REBUILD reject new_tc=21.7616 (was 21.7149)
t=43015ms iter=1059 incumb=21.7149 ratchet=21.9640 best=21.7111 since_improve=581
t=43016ms iter=1060 WAIST cost=19.0000 best_alt=15.0000 gap=4.0000 tried=5 sep_labels=15 clique_frac=0.05
t=43036ms iter=1060 REBUILD reject new_tc=22.1666 (was 21.7149)
t=43056ms iter=1060 incumb=21.7149 ratchet=21.8358 best=21.7111 since_improve=582
t=43058ms iter=1061 WAIST cost=19.0000 best_alt=15.0000 gap=4.0000 tried=5 sep_labels=15 clique_frac=0.08
t=43077ms iter=1061 REBUILD reject new_tc=21.8919 (was 21.7149)
t=43098ms iter=1061 incumb=21.7149 ratchet=21.8835 best=21.7111 since_improve=583
t=43099ms iter=1062 WAIST cost=19.0000 best_alt=15.0000 gap=4.0000 tried=5 sep_labels=15 clique_frac=0.05
t=43118ms iter=1062 REBUILD reject new_tc=22.2682 (was 21.7149)
t=43139ms iter=1062 incumb=21.7149 ratchet=21.8194 best=21.7111 since_improve=584
t=43141ms iter=1063 WAIST cost=19.0000 best_alt=15.0000 gap=4.0000 tried=5 sep_labels=15 clique_frac=0.07
t=43160ms iter=1063 REBUILD reject new_tc=21.7808 (was 21.7149)
t=43181ms iter=1063 incumb=21.7149 ratchet=21.9055 best=21.7111 since_improve=585
t=43183ms iter=1064 WAIST cost=19.0000 best_alt=16.0000 gap=3.0000 tried=5 sep_labels=16 clique_frac=0.06
t=43196ms iter=1064 REBUILD reject new_tc=21.8446 (was 21.7149)
t=43217ms iter=1064 incumb=21.7149 ratchet=21.8772 best=21.7111 since_improve=586
t=43219ms iter=1065 WAIST cost=19.0000 best_alt=15.0000 gap=4.0000 tried=5 sep_labels=15 clique_frac=0.05
t=43238ms iter=1065 REBUILD reject new_tc=21.9049 (was 21.7149)
t=43258ms iter=1065 incumb=21.7149 ratchet=21.7935 best=21.7111 since_improve=587
t=43259ms iter=1066 WAIST cost=19.0000 best_alt=16.0000 gap=3.0000 tried=5 sep_labels=16 clique_frac=0.06
t=43273ms iter=1066 REBUILD reject new_tc=22.6939 (was 21.7149)
t=43293ms iter=1066 incumb=21.7149 ratchet=21.7972 best=21.7111 since_improve=588
t=43295ms iter=1067 WAIST cost=19.0000 best_alt=15.0000 gap=4.0000 tried=5 sep_labels=15 clique_frac=0.08
t=43314ms iter=1067 REBUILD reject new_tc=21.8935 (was 21.7149)
t=43334ms iter=1067 incumb=21.7149 ratchet=21.7514 best=21.7111 since_improve=589
t=43336ms iter=1068 WAIST cost=19.0000 best_alt=15.0000 gap=4.0000 tried=5 sep_labels=15 clique_frac=0.02
t=43354ms iter=1068 REBUILD reject new_tc=22.3595 (was 21.7149)
t=43375ms iter=1068 incumb=21.7149 ratchet=21.7785 best=21.7111 since_improve=590
t=43376ms iter=1069 WAIST cost=19.0000 best_alt=15.0000 gap=4.0000 tried=5 sep_labels=15 clique_frac=0.08
t=43395ms iter=1069 REBUILD reject new_tc=22.3273 (was 21.7149)
t=43416ms iter=1069 incumb=21.7149 ratchet=21.8322 best=21.7111 since_improve=591
t=43417ms iter=1070 WAIST cost=19.0000 best_alt=15.0000 gap=4.0000 tried=5 sep_labels=15 clique_frac=0.04
t=43436ms iter=1070 REBUILD reject new_tc=21.9932 (was 21.7149)
t=43457ms iter=1070 incumb=21.7149 ratchet=21.7555 best=21.7111 since_improve=592
t=43458ms iter=1071 WAIST cost=19.0000 best_alt=16.0000 gap=3.0000 tried=5 sep_labels=16 clique_frac=0.06
t=43472ms iter=1071 REBUILD reject new_tc=22.0212 (was 21.7149)
t=43492ms iter=1071 incumb=21.7149 ratchet=21.8363 best=21.7111 since_improve=593
t=43494ms iter=1072 WAIST cost=19.0000 best_alt=16.0000 gap=3.0000 tried=5 sep_labels=16 clique_frac=0.06
t=43507ms iter=1072 REBUILD reject new_tc=22.0331 (was 21.7149)
t=43528ms iter=1072 incumb=21.7149 ratchet=21.8305 best=21.7111 since_improve=594
t=43529ms iter=1073 WAIST cost=19.0000 best_alt=15.0000 gap=4.0000 tried=5 sep_labels=15 clique_frac=0.10
t=43548ms iter=1073 REBUILD reject new_tc=21.8537 (was 21.7149)
t=43569ms iter=1073 incumb=21.7149 ratchet=21.7683 best=21.7111 since_improve=595
t=43571ms iter=1074 WAIST cost=19.0000 best_alt=15.0000 gap=4.0000 tried=5 sep_labels=15 clique_frac=0.05
t=43590ms iter=1074 REBUILD reject new_tc=21.8785 (was 21.7149)
t=43611ms iter=1074 incumb=21.7149 ratchet=21.7662 best=21.7111 since_improve=596
t=43612ms iter=1075 WAIST cost=19.0000 best_alt=15.0000 gap=4.0000 tried=5 sep_labels=15 clique_frac=0.08
t=43631ms iter=1075 REBUILD reject new_tc=21.8686 (was 21.7149)
t=43652ms iter=1075 incumb=21.7149 ratchet=21.8845 best=21.7111 since_improve=597
t=43654ms iter=1076 WAIST cost=19.0000 best_alt=15.0000 gap=4.0000 tried=5 sep_labels=15 clique_frac=0.06
t=43673ms iter=1076 REBUILD reject new_tc=21.7433 (was 21.7149)
t=43694ms iter=1076 incumb=21.7149 ratchet=21.7397 best=21.7111 since_improve=598
t=43695ms iter=1077 WAIST cost=19.0000 best_alt=16.0000 gap=3.0000 tried=5 sep_labels=16 clique_frac=0.06
t=43709ms iter=1077 REBUILD reject new_tc=22.0854 (was 21.7149)
t=43729ms iter=1077 incumb=21.7149 ratchet=21.8529 best=21.7111 since_improve=599
t=43731ms iter=1078 WAIST cost=19.0000 best_alt=15.0000 gap=4.0000 tried=5 sep_labels=15 clique_frac=0.05
t=43750ms iter=1078 REBUILD reject new_tc=22.1579 (was 21.7149)
t=43770ms iter=1078 incumb=21.7149 ratchet=21.8708 best=21.7111 since_improve=600
t=43772ms iter=1079 WAIST cost=19.0000 best_alt=15.0000 gap=4.0000 tried=5 sep_labels=15 clique_frac=0.02
t=43791ms iter=1079 REBUILD reject new_tc=22.2753 (was 21.7149)
t=43811ms iter=1079 incumb=21.7149 ratchet=21.8543 best=21.7111 since_improve=601
t=43812ms iter=1080 WAIST cost=19.0000 best_alt=16.0000 gap=3.0000 tried=5 sep_labels=16 clique_frac=0.06
t=43826ms iter=1080 REBUILD reject new_tc=21.7957 (was 21.7149)
t=43847ms iter=1080 incumb=21.7149 ratchet=21.7292 best=21.7111 since_improve=602
t=43848ms iter=1081 WAIST cost=19.0000 best_alt=15.0000 gap=4.0000 tried=5 sep_labels=15 clique_frac=0.07
t=43868ms iter=1081 REBUILD reject new_tc=22.0448 (was 21.7149)
t=43888ms iter=1081 incumb=21.7149 ratchet=21.8123 best=21.7111 since_improve=603
t=43890ms iter=1082 WAIST cost=19.0000 best_alt=15.0000 gap=4.0000 tried=5 sep_labels=15 clique_frac=0.05
t=43909ms iter=1082 REBUILD reject new_tc=22.3261 (was 21.7149)
t=43929ms iter=1082 incumb=21.7149 ratchet=21.9945 best=21.7111 since_improve=604
t=43931ms iter=1083 WAIST cost=19.0000 best_alt=15.0000 gap=4.0000 tried=5 sep_labels=15 clique_frac=0.07
t=43950ms iter=1083 REBUILD reject new_tc=22.2201 (was 21.7149)
t=43971ms iter=1083 incumb=21.7149 ratchet=21.8706 best=21.7111 since_improve=605
t=43972ms iter=1084 WAIST cost=19.0000 best_alt=16.0000 gap=3.0000 tried=5 sep_labels=16 clique_frac=0.06
t=43986ms iter=1084 REBUILD reject new_tc=21.7651 (was 21.7149)
t=44006ms iter=1084 incumb=21.7149 ratchet=21.9487 best=21.7111 since_improve=606
t=44007ms iter=1085 WAIST cost=19.0000 best_alt=16.0000 gap=3.0000 tried=5 sep_labels=16 clique_frac=0.06
t=44021ms iter=1085 REBUILD reject new_tc=21.7623 (was 21.7149)
t=44042ms iter=1085 incumb=21.7149 ratchet=21.8299 best=21.7111 since_improve=607
t=44044ms iter=1086 WAIST cost=19.0000 best_alt=15.0000 gap=4.0000 tried=5 sep_labels=15 clique_frac=0.02
t=44062ms iter=1086 REBUILD reject new_tc=22.2036 (was 21.7149)
t=44083ms iter=1086 incumb=21.7149 ratchet=21.7783 best=21.7111 since_improve=608
t=44085ms iter=1087 WAIST cost=19.0000 best_alt=15.0000 gap=4.0000 tried=5 sep_labels=15 clique_frac=0.08
t=44104ms iter=1087 REBUILD reject new_tc=22.3261 (was 21.7149)
t=44125ms iter=1087 incumb=21.7149 ratchet=21.8310 best=21.7111 since_improve=609
t=44126ms iter=1088 WAIST cost=19.0000 best_alt=15.0000 gap=4.0000 tried=5 sep_labels=15 clique_frac=0.10
t=44146ms iter=1088 REBUILD reject new_tc=22.0130 (was 21.7149)
t=44167ms iter=1088 incumb=21.7149 ratchet=21.8059 best=21.7111 since_improve=610
t=44168ms iter=1089 WAIST cost=19.0000 best_alt=15.0000 gap=4.0000 tried=5 sep_labels=15 clique_frac=0.05
t=44188ms iter=1089 REBUILD reject new_tc=22.4027 (was 21.7149)
t=44208ms iter=1089 incumb=21.7149 ratchet=21.8830 best=21.7111 since_improve=611
t=44209ms iter=1090 WAIST cost=19.0000 best_alt=16.0000 gap=3.0000 tried=5 sep_labels=16 clique_frac=0.06
t=44223ms iter=1090 REBUILD reject new_tc=22.1794 (was 21.7149)
t=44243ms iter=1090 incumb=21.7149 ratchet=21.8638 best=21.7111 since_improve=612
t=44245ms iter=1091 WAIST cost=19.0000 best_alt=15.0000 gap=4.0000 tried=5 sep_labels=15 clique_frac=0.08
t=44264ms iter=1091 REBUILD reject new_tc=22.0523 (was 21.7149)
t=44284ms iter=1091 incumb=21.7149 ratchet=21.8336 best=21.7111 since_improve=613
t=44286ms iter=1092 WAIST cost=19.0000 best_alt=15.0000 gap=4.0000 tried=5 sep_labels=15 clique_frac=0.04
t=44305ms iter=1092 REBUILD reject new_tc=21.7930 (was 21.7149)
t=44325ms iter=1092 incumb=21.7149 ratchet=21.8724 best=21.7111 since_improve=614
t=44326ms iter=1093 WAIST cost=19.0000 best_alt=15.0000 gap=4.0000 tried=5 sep_labels=15 clique_frac=0.08
t=44346ms iter=1093 REBUILD reject new_tc=22.1710 (was 21.7149)
t=44366ms iter=1093 incumb=21.7149 ratchet=21.7307 best=21.7111 since_improve=615
t=44367ms iter=1094 WAIST cost=19.0000 best_alt=15.0000 gap=4.0000 tried=5 sep_labels=15 clique_frac=0.08
t=44386ms iter=1094 REBUILD reject new_tc=22.1847 (was 21.7149)
t=44407ms iter=1094 incumb=21.7149 ratchet=21.7512 best=21.7111 since_improve=616
t=44408ms iter=1095 WAIST cost=19.0000 best_alt=15.0000 gap=4.0000 tried=5 sep_labels=15 clique_frac=0.06
t=44428ms iter=1095 REBUILD reject new_tc=22.1582 (was 21.7149)
t=44448ms iter=1095 incumb=21.7149 ratchet=21.7400 best=21.7111 since_improve=617
t=44449ms iter=1096 WAIST cost=19.0000 best_alt=16.0000 gap=3.0000 tried=5 sep_labels=16 clique_frac=0.06
t=44463ms iter=1096 REBUILD reject new_tc=22.0889 (was 21.7149)
t=44483ms iter=1096 incumb=21.7149 ratchet=21.7690 best=21.7111 since_improve=618
t=44484ms iter=1097 WAIST cost=19.0000 best_alt=15.0000 gap=4.0000 tried=5 sep_labels=15 clique_frac=0.08
t=44504ms iter=1097 REBUILD reject new_tc=22.1733 (was 21.7149)
t=44524ms iter=1097 incumb=21.7149 ratchet=21.7420 best=21.7111 since_improve=619
t=44526ms iter=1098 WAIST cost=19.0000 best_alt=16.0000 gap=3.0000 tried=5 sep_labels=16 clique_frac=0.06
t=44540ms iter=1098 REBUILD reject new_tc=21.7530 (was 21.7149)
t=44560ms iter=1098 incumb=21.7149 ratchet=21.8058 best=21.7111 since_improve=620
t=44561ms iter=1099 WAIST cost=19.0000 best_alt=16.0000 gap=3.0000 tried=5 sep_labels=16 clique_frac=0.06
t=44575ms iter=1099 REBUILD reject new_tc=21.7423 (was 21.7149)
t=44596ms iter=1099 incumb=21.7149 ratchet=21.8853 best=21.7111 since_improve=621
t=44597ms iter=1100 WAIST cost=19.0000 best_alt=16.0000 gap=3.0000 tried=5 sep_labels=16 clique_frac=0.06
t=44611ms iter=1100 REBUILD reject new_tc=21.7392 (was 21.7149)
t=44632ms iter=1100 incumb=21.7149 ratchet=22.0699 best=21.7111 since_improve=622
t=44633ms iter=1101 WAIST cost=19.0000 best_alt=16.0000 gap=3.0000 tried=5 sep_labels=16 clique_frac=0.06
t=44647ms iter=1101 REBUILD reject new_tc=22.0196 (was 21.7149)
t=44668ms iter=1101 incumb=21.7149 ratchet=21.7430 best=21.7111 since_improve=623
t=44669ms iter=1102 WAIST cost=19.0000 best_alt=15.0000 gap=4.0000 tried=5 sep_labels=15 clique_frac=0.08
t=44689ms iter=1102 REBUILD reject new_tc=22.2531 (was 21.7149)
t=44709ms iter=1102 incumb=21.7149 ratchet=22.0236 best=21.7111 since_improve=624
t=44710ms iter=1103 WAIST cost=19.0000 best_alt=15.0000 gap=4.0000 tried=5 sep_labels=15 clique_frac=0.08
t=44730ms iter=1103 REBUILD reject new_tc=22.0659 (was 21.7149)
t=44751ms iter=1103 incumb=21.7149 ratchet=21.8065 best=21.7111 since_improve=625
t=44752ms iter=1104 WAIST cost=19.0000 best_alt=16.0000 gap=3.0000 tried=5 sep_labels=16 clique_frac=0.06
t=44766ms iter=1104 REBUILD reject new_tc=22.2531 (was 21.7149)
t=44787ms iter=1104 incumb=21.7149 ratchet=21.8060 best=21.7111 since_improve=626
t=44788ms iter=1105 WAIST cost=19.0000 best_alt=16.0000 gap=3.0000 tried=5 sep_labels=16 clique_frac=0.06
t=44802ms iter=1105 REBUILD reject new_tc=22.2433 (was 21.7149)
t=44822ms iter=1105 incumb=21.7149 ratchet=21.9064 best=21.7111 since_improve=627
t=44824ms iter=1106 WAIST cost=19.0000 best_alt=15.0000 gap=4.0000 tried=5 sep_labels=15 clique_frac=0.05
t=44843ms iter=1106 REBUILD reject new_tc=22.1375 (was 21.7149)
t=44863ms iter=1106 incumb=21.7149 ratchet=21.7967 best=21.7111 since_improve=628
t=44865ms iter=1107 WAIST cost=19.0000 best_alt=15.0000 gap=4.0000 tried=5 sep_labels=15 clique_frac=0.06
t=44884ms iter=1107 REBUILD reject new_tc=21.7253 (was 21.7149)
t=44905ms iter=1107 incumb=21.7149 ratchet=21.9305 best=21.7111 since_improve=629
t=44907ms iter=1108 WAIST cost=19.0000 best_alt=15.0000 gap=4.0000 tried=5 sep_labels=15 clique_frac=0.07
t=44926ms iter=1108 REBUILD reject new_tc=22.2249 (was 21.7149)
t=44947ms iter=1108 incumb=21.7149 ratchet=21.8817 best=21.7111 since_improve=630
t=44949ms iter=1109 WAIST cost=19.0000 best_alt=16.0000 gap=3.0000 tried=5 sep_labels=16 clique_frac=0.06
t=44963ms iter=1109 REBUILD reject new_tc=21.8874 (was 21.7149)
t=44984ms iter=1109 incumb=21.7149 ratchet=21.8451 best=21.7111 since_improve=631
t=44985ms iter=1110 WAIST cost=19.0000 best_alt=15.0000 gap=4.0000 tried=5 sep_labels=15 clique_frac=0.07
t=45004ms iter=1110 REBUILD reject new_tc=21.9825 (was 21.7149)
t=45024ms iter=1110 incumb=21.7149 ratchet=21.9084 best=21.7111 since_improve=632
t=45026ms iter=1111 WAIST cost=19.0000 best_alt=15.0000 gap=4.0000 tried=5 sep_labels=15 clique_frac=0.07
t=45045ms iter=1111 REBUILD reject new_tc=22.0412 (was 21.7149)
t=45066ms iter=1111 incumb=21.7149 ratchet=21.9052 best=21.7111 since_improve=633
t=45067ms iter=1112 WAIST cost=19.0000 best_alt=16.0000 gap=3.0000 tried=5 sep_labels=16 clique_frac=0.06
t=45081ms iter=1112 REBUILD reject new_tc=21.8136 (was 21.7149)
t=45102ms iter=1112 incumb=21.7149 ratchet=21.8460 best=21.7111 since_improve=634
t=45103ms iter=1113 WAIST cost=19.0000 best_alt=16.0000 gap=3.0000 tried=5 sep_labels=16 clique_frac=0.06
t=45117ms iter=1113 REBUILD reject new_tc=22.0909 (was 21.7149)
t=45137ms iter=1113 incumb=21.7149 ratchet=21.9757 best=21.7111 since_improve=635
t=45139ms iter=1114 WAIST cost=19.0000 best_alt=15.0000 gap=4.0000 tried=5 sep_labels=15 clique_frac=0.02
t=45162ms iter=1114 REBUILD reject new_tc=22.4124 (was 21.7149)
t=45185ms iter=1114 incumb=21.7149 ratchet=21.9862 best=21.7111 since_improve=636
t=45187ms iter=1115 WAIST cost=19.0000 best_alt=15.0000 gap=4.0000 tried=5 sep_labels=15 clique_frac=0.08
t=45206ms iter=1115 REBUILD reject new_tc=21.8578 (was 21.7149)
t=45227ms iter=1115 incumb=21.7149 ratchet=21.8180 best=21.7111 since_improve=637
t=45228ms iter=1116 WAIST cost=19.0000 best_alt=16.0000 gap=3.0000 tried=5 sep_labels=16 clique_frac=0.06
t=45242ms iter=1116 REBUILD reject new_tc=22.5653 (was 21.7149)
t=45262ms iter=1116 incumb=21.7149 ratchet=21.8308 best=21.7111 since_improve=638
t=45264ms iter=1117 WAIST cost=19.0000 best_alt=15.0000 gap=4.0000 tried=5 sep_labels=15 clique_frac=0.06
t=45283ms iter=1117 REBUILD reject new_tc=22.2321 (was 21.7149)
t=45304ms iter=1117 incumb=21.7149 ratchet=21.9952 best=21.7111 since_improve=639
t=45306ms iter=1118 WAIST cost=19.0000 best_alt=15.0000 gap=4.0000 tried=5 sep_labels=15 clique_frac=0.08
t=45325ms iter=1118 REBUILD reject new_tc=21.9411 (was 21.7149)
t=45346ms iter=1118 incumb=21.7149 ratchet=21.8027 best=21.7111 since_improve=640
t=45347ms iter=1119 WAIST cost=19.0000 best_alt=16.0000 gap=3.0000 tried=5 sep_labels=16 clique_frac=0.06
t=45361ms iter=1119 REBUILD reject new_tc=21.8427 (was 21.7149)
t=45381ms iter=1119 incumb=21.7149 ratchet=21.8460 best=21.7111 since_improve=641
t=45383ms iter=1120 WAIST cost=19.0000 best_alt=15.0000 gap=4.0000 tried=5 sep_labels=15 clique_frac=0.05
t=45402ms iter=1120 REBUILD reject new_tc=22.2494 (was 21.7149)
t=45423ms iter=1120 incumb=21.7149 ratchet=21.7816 best=21.7111 since_improve=642
t=45424ms iter=1121 WAIST cost=19.0000 best_alt=15.0000 gap=4.0000 tried=5 sep_labels=15 clique_frac=0.05
t=45444ms iter=1121 REBUILD reject new_tc=21.9123 (was 21.7149)
t=45465ms iter=1121 incumb=21.7149 ratchet=21.8520 best=21.7111 since_improve=643
t=45466ms iter=1122 WAIST cost=19.0000 best_alt=16.0000 gap=3.0000 tried=5 sep_labels=16 clique_frac=0.06
t=45480ms iter=1122 REBUILD reject new_tc=21.7418 (was 21.7149)
t=45501ms iter=1122 incumb=21.7149 ratchet=21.7956 best=21.7111 since_improve=644
t=45502ms iter=1123 WAIST cost=19.0000 best_alt=15.0000 gap=4.0000 tried=5 sep_labels=15 clique_frac=0.08
t=45522ms iter=1123 REBUILD reject new_tc=21.8571 (was 21.7149)
t=45542ms iter=1123 incumb=21.7149 ratchet=21.8821 best=21.7111 since_improve=645
t=45544ms iter=1124 WAIST cost=19.0000 best_alt=15.0000 gap=4.0000 tried=5 sep_labels=15 clique_frac=0.08
t=45563ms iter=1124 REBUILD reject new_tc=21.8567 (was 21.7149)
t=45584ms iter=1124 incumb=21.7149 ratchet=21.7403 best=21.7111 since_improve=646
t=45586ms iter=1125 WAIST cost=19.0000 best_alt=16.0000 gap=3.0000 tried=5 sep_labels=16 clique_frac=0.06
t=45600ms iter=1125 REBUILD reject new_tc=21.8218 (was 21.7149)
t=45620ms iter=1125 incumb=21.7149 ratchet=21.7387 best=21.7111 since_improve=647
t=45622ms iter=1126 WAIST cost=19.0000 best_alt=16.0000 gap=3.0000 tried=5 sep_labels=16 clique_frac=0.06
t=45636ms iter=1126 REBUILD reject new_tc=22.3342 (was 21.7149)
t=45657ms iter=1126 incumb=21.7149 ratchet=21.8348 best=21.7111 since_improve=648
t=45658ms iter=1127 WAIST cost=19.0000 best_alt=16.0000 gap=3.0000 tried=5 sep_labels=16 clique_frac=0.06
t=45672ms iter=1127 REBUILD reject new_tc=21.7601 (was 21.7149)
t=45692ms iter=1127 incumb=21.7149 ratchet=21.9657 best=21.7111 since_improve=649
t=45693ms iter=1128 WAIST cost=19.0000 best_alt=16.0000 gap=3.0000 tried=5 sep_labels=16 clique_frac=0.06
t=45708ms iter=1128 REBUILD reject new_tc=21.7661 (was 21.7149)
t=45729ms iter=1128 incumb=21.7149 ratchet=21.7407 best=21.7111 since_improve=650
t=45730ms iter=1129 WAIST cost=19.0000 best_alt=15.0000 gap=4.0000 tried=5 sep_labels=15 clique_frac=0.07
t=45750ms iter=1129 REBUILD reject new_tc=22.0871 (was 21.7149)
t=45771ms iter=1129 incumb=21.7149 ratchet=21.9165 best=21.7111 since_improve=651
t=45772ms iter=1130 WAIST cost=19.0000 best_alt=16.0000 gap=3.0000 tried=5 sep_labels=16 clique_frac=0.06
t=45786ms iter=1130 REBUILD reject new_tc=21.8946 (was 21.7149)
t=45807ms iter=1130 incumb=21.7149 ratchet=21.7803 best=21.7111 since_improve=652
t=45809ms iter=1131 WAIST cost=19.0000 best_alt=15.0000 gap=4.0000 tried=5 sep_labels=15 clique_frac=0.08
t=45828ms iter=1131 REBUILD reject new_tc=21.8933 (was 21.7149)
t=45849ms iter=1131 incumb=21.7149 ratchet=21.7660 best=21.7111 since_improve=653
t=45850ms iter=1132 WAIST cost=19.0000 best_alt=15.0000 gap=4.0000 tried=5 sep_labels=15 clique_frac=0.08
t=45869ms iter=1132 REBUILD reject new_tc=21.7557 (was 21.7149)
t=45890ms iter=1132 incumb=21.7149 ratchet=21.7533 best=21.7111 since_improve=654
t=45891ms iter=1133 WAIST cost=19.0000 best_alt=16.0000 gap=3.0000 tried=5 sep_labels=16 clique_frac=0.06
t=45905ms iter=1133 REBUILD reject new_tc=22.1864 (was 21.7149)
t=45925ms iter=1133 incumb=21.7149 ratchet=21.7793 best=21.7111 since_improve=655
t=45927ms iter=1134 WAIST cost=19.0000 best_alt=15.0000 gap=4.0000 tried=5 sep_labels=15 clique_frac=0.02
t=45946ms iter=1134 REBUILD reject new_tc=22.3262 (was 21.7149)
t=45966ms iter=1134 incumb=21.7149 ratchet=21.7531 best=21.7111 since_improve=656
t=45967ms iter=1135 WAIST cost=19.0000 best_alt=15.0000 gap=4.0000 tried=5 sep_labels=15 clique_frac=0.04
t=45987ms iter=1135 REBUILD reject new_tc=21.7929 (was 21.7149)
t=46007ms iter=1135 incumb=21.7149 ratchet=21.7789 best=21.7111 since_improve=657
t=46008ms iter=1136 WAIST cost=19.0000 best_alt=16.0000 gap=3.0000 tried=5 sep_labels=16 clique_frac=0.06
t=46023ms iter=1136 REBUILD reject new_tc=21.8079 (was 21.7149)
t=46043ms iter=1136 incumb=21.7149 ratchet=21.7729 best=21.7111 since_improve=658
t=46044ms iter=1137 WAIST cost=19.0000 best_alt=15.0000 gap=4.0000 tried=5 sep_labels=15 clique_frac=0.06
t=46064ms iter=1137 REBUILD reject new_tc=22.3147 (was 21.7149)
t=46084ms iter=1137 incumb=21.7149 ratchet=21.9285 best=21.7111 since_improve=659
t=46085ms iter=1138 WAIST cost=19.0000 best_alt=16.0000 gap=3.0000 tried=5 sep_labels=16 clique_frac=0.06
t=46099ms iter=1138 REBUILD reject new_tc=21.8072 (was 21.7149)
t=46120ms iter=1138 incumb=21.7149 ratchet=21.8948 best=21.7111 since_improve=660
t=46121ms iter=1139 WAIST cost=19.0000 best_alt=16.0000 gap=3.0000 tried=5 sep_labels=16 clique_frac=0.06
t=46135ms iter=1139 REBUILD reject new_tc=22.2510 (was 21.7149)
t=46156ms iter=1139 incumb=21.7149 ratchet=21.8002 best=21.7111 since_improve=661
t=46157ms iter=1140 WAIST cost=19.0000 best_alt=15.0000 gap=4.0000 tried=5 sep_labels=15 clique_frac=0.10
t=46176ms iter=1140 REBUILD reject new_tc=21.8078 (was 21.7149)
t=46198ms iter=1140 incumb=21.7149 ratchet=22.0516 best=21.7111 since_improve=662
t=46199ms iter=1141 WAIST cost=19.0000 best_alt=15.0000 gap=4.0000 tried=5 sep_labels=15 clique_frac=0.08
t=46218ms iter=1141 REBUILD reject new_tc=21.8754 (was 21.7149)
t=46239ms iter=1141 incumb=21.7149 ratchet=21.8326 best=21.7111 since_improve=663
t=46240ms iter=1142 WAIST cost=19.0000 best_alt=16.0000 gap=3.0000 tried=5 sep_labels=16 clique_frac=0.06
t=46254ms iter=1142 REBUILD reject new_tc=21.9667 (was 21.7149)
t=46274ms iter=1142 incumb=21.7149 ratchet=21.8832 best=21.7111 since_improve=664
t=46276ms iter=1143 WAIST cost=19.0000 best_alt=15.0000 gap=4.0000 tried=5 sep_labels=15 clique_frac=0.02
t=46294ms iter=1143 REBUILD reject new_tc=22.1853 (was 21.7149)
t=46315ms iter=1143 incumb=21.7149 ratchet=22.0437 best=21.7111 since_improve=665
t=46316ms iter=1144 WAIST cost=19.0000 best_alt=15.0000 gap=4.0000 tried=5 sep_labels=15 clique_frac=0.08
t=46335ms iter=1144 REBUILD reject new_tc=22.1712 (was 21.7149)
t=46356ms iter=1144 incumb=21.7149 ratchet=21.8494 best=21.7111 since_improve=666
t=46357ms iter=1145 WAIST cost=19.0000 best_alt=15.0000 gap=4.0000 tried=5 sep_labels=15 clique_frac=0.10
t=46376ms iter=1145 REBUILD reject new_tc=21.8661 (was 21.7149)
t=46397ms iter=1145 incumb=21.7149 ratchet=21.9421 best=21.7111 since_improve=667
t=46399ms iter=1146 WAIST cost=19.0000 best_alt=15.0000 gap=4.0000 tried=5 sep_labels=15 clique_frac=0.08
t=46418ms iter=1146 REBUILD reject new_tc=22.1686 (was 21.7149)
t=46439ms iter=1146 incumb=21.7149 ratchet=21.7401 best=21.7111 since_improve=668
t=46440ms iter=1147 WAIST cost=19.0000 best_alt=16.0000 gap=3.0000 tried=5 sep_labels=16 clique_frac=0.06
t=46454ms iter=1147 REBUILD reject new_tc=21.7966 (was 21.7149)
t=46474ms iter=1147 incumb=21.7149 ratchet=21.7386 best=21.7111 since_improve=669
t=46476ms iter=1148 WAIST cost=19.0000 best_alt=15.0000 gap=4.0000 tried=5 sep_labels=15 clique_frac=0.08
t=46495ms iter=1148 REBUILD reject new_tc=21.9410 (was 21.7149)
t=46516ms iter=1148 incumb=21.7149 ratchet=21.7547 best=21.7111 since_improve=670
t=46517ms iter=1149 WAIST cost=19.0000 best_alt=16.0000 gap=3.0000 tried=5 sep_labels=16 clique_frac=0.06
t=46531ms iter=1149 REBUILD reject new_tc=22.0711 (was 21.7149)
t=46551ms iter=1149 incumb=21.7149 ratchet=21.8817 best=21.7111 since_improve=671
t=46553ms iter=1150 WAIST cost=19.0000 best_alt=15.0000 gap=4.0000 tried=5 sep_labels=15 clique_frac=0.07
t=46572ms iter=1150 REBUILD reject new_tc=22.0880 (was 21.7149)
t=46592ms iter=1150 incumb=21.7149 ratchet=21.7973 best=21.7111 since_improve=672
t=46593ms iter=1151 WAIST cost=19.0000 best_alt=15.0000 gap=4.0000 tried=5 sep_labels=15 clique_frac=0.08
t=46613ms iter=1151 REBUILD reject new_tc=21.9421 (was 21.7149)
t=46634ms iter=1151 incumb=21.7149 ratchet=21.9875 best=21.7111 since_improve=673
t=46635ms iter=1152 WAIST cost=19.0000 best_alt=16.0000 gap=3.0000 tried=5 sep_labels=16 clique_frac=0.06
t=46649ms iter=1152 REBUILD reject new_tc=21.7925 (was 21.7149)
t=46670ms iter=1152 incumb=21.7149 ratchet=21.7327 best=21.7111 since_improve=674
t=46671ms iter=1153 WAIST cost=19.0000 best_alt=15.0000 gap=4.0000 tried=5 sep_labels=15 clique_frac=0.08
t=46691ms iter=1153 REBUILD reject new_tc=22.0301 (was 21.7149)
t=46711ms iter=1153 incumb=21.7149 ratchet=21.7699 best=21.7111 since_improve=675
t=46712ms iter=1154 WAIST cost=19.0000 best_alt=16.0000 gap=3.0000 tried=5 sep_labels=16 clique_frac=0.06
t=46726ms iter=1154 REBUILD reject new_tc=21.7961 (was 21.7149)
t=46747ms iter=1154 incumb=21.7149 ratchet=21.8234 best=21.7111 since_improve=676
t=46748ms iter=1155 WAIST cost=19.0000 best_alt=16.0000 gap=3.0000 tried=5 sep_labels=16 clique_frac=0.06
t=46762ms iter=1155 REBUILD reject new_tc=22.3327 (was 21.7149)
t=46783ms iter=1155 incumb=21.7149 ratchet=21.7541 best=21.7111 since_improve=677
t=46784ms iter=1156 WAIST cost=19.0000 best_alt=16.0000 gap=3.0000 tried=5 sep_labels=16 clique_frac=0.06
t=46798ms iter=1156 REBUILD reject new_tc=22.0877 (was 21.7149)
t=46819ms iter=1156 incumb=21.7149 ratchet=21.8317 best=21.7111 since_improve=678
t=46821ms iter=1157 WAIST cost=19.0000 best_alt=15.0000 gap=4.0000 tried=5 sep_labels=15 clique_frac=0.06
t=46840ms iter=1157 REBUILD reject new_tc=21.7454 (was 21.7149)
t=46861ms iter=1157 incumb=21.7149 ratchet=21.7266 best=21.7111 since_improve=679
t=46862ms iter=1158 WAIST cost=19.0000 best_alt=16.0000 gap=3.0000 tried=5 sep_labels=16 clique_frac=0.06
t=46876ms iter=1158 REBUILD reject new_tc=21.8934 (was 21.7149)
t=46897ms iter=1158 incumb=21.7149 ratchet=22.0431 best=21.7111 since_improve=680
t=46898ms iter=1159 WAIST cost=19.0000 best_alt=16.0000 gap=3.0000 tried=5 sep_labels=16 clique_frac=0.06
t=46912ms iter=1159 REBUILD reject new_tc=22.1983 (was 21.7149)
t=46932ms iter=1159 incumb=21.7149 ratchet=21.7261 best=21.7111 since_improve=681
t=46934ms iter=1160 WAIST cost=19.0000 best_alt=15.0000 gap=4.0000 tried=5 sep_labels=15 clique_frac=0.10
t=46953ms iter=1160 REBUILD reject new_tc=22.0895 (was 21.7149)
t=46973ms iter=1160 incumb=21.7149 ratchet=21.8503 best=21.7111 since_improve=682
t=46975ms iter=1161 WAIST cost=19.0000 best_alt=15.0000 gap=4.0000 tried=5 sep_labels=15 clique_frac=0.08
t=46994ms iter=1161 REBUILD reject new_tc=21.8587 (was 21.7149)
t=47015ms iter=1161 incumb=21.7149 ratchet=21.8472 best=21.7111 since_improve=683
t=47016ms iter=1162 WAIST cost=19.0000 best_alt=15.0000 gap=4.0000 tried=5 sep_labels=15 clique_frac=0.05
t=47036ms iter=1162 REBUILD reject new_tc=21.9993 (was 21.7149)
t=47056ms iter=1162 incumb=21.7149 ratchet=22.0713 best=21.7111 since_improve=684
t=47057ms iter=1163 WAIST cost=19.0000 best_alt=15.0000 gap=4.0000 tried=5 sep_labels=15 clique_frac=0.08
t=47077ms iter=1163 REBUILD reject new_tc=21.8580 (was 21.7149)
t=47098ms iter=1163 incumb=21.7149 ratchet=22.1116 best=21.7111 since_improve=685
t=47099ms iter=1164 WAIST cost=19.0000 best_alt=16.0000 gap=3.0000 tried=5 sep_labels=16 clique_frac=0.06
t=47113ms iter=1164 REBUILD reject new_tc=22.1662 (was 21.7149)
t=47134ms iter=1164 incumb=21.7149 ratchet=21.8055 best=21.7111 since_improve=686
t=47135ms iter=1165 WAIST cost=19.0000 best_alt=15.0000 gap=4.0000 tried=5 sep_labels=15 clique_frac=0.07
t=47154ms iter=1165 REBUILD reject new_tc=21.7422 (was 21.7149)
t=47175ms iter=1165 incumb=21.7149 ratchet=21.8463 best=21.7111 since_improve=687
t=47176ms iter=1166 WAIST cost=19.0000 best_alt=15.0000 gap=4.0000 tried=5 sep_labels=15 clique_frac=0.08
t=47196ms iter=1166 REBUILD reject new_tc=22.1699 (was 21.7149)
t=47216ms iter=1166 incumb=21.7149 ratchet=21.7514 best=21.7111 since_improve=688
t=47217ms iter=1167 WAIST cost=19.0000 best_alt=15.0000 gap=4.0000 tried=5 sep_labels=15 clique_frac=0.02
t=47236ms iter=1167 REBUILD reject new_tc=22.1786 (was 21.7149)
t=47257ms iter=1167 incumb=21.7149 ratchet=21.8591 best=21.7111 since_improve=689
t=47258ms iter=1168 WAIST cost=19.0000 best_alt=15.0000 gap=4.0000 tried=5 sep_labels=15 clique_frac=0.08
t=47277ms iter=1168 REBUILD reject new_tc=21.8548 (was 21.7149)
t=47298ms iter=1168 incumb=21.7149 ratchet=21.8371 best=21.7111 since_improve=690
t=47299ms iter=1169 WAIST cost=19.0000 best_alt=15.0000 gap=4.0000 tried=5 sep_labels=15 clique_frac=0.02
t=47318ms iter=1169 REBUILD reject new_tc=22.3591 (was 21.7149)
t=47339ms iter=1169 incumb=21.7149 ratchet=21.8133 best=21.7111 since_improve=691
t=47340ms iter=1170 WAIST cost=19.0000 best_alt=16.0000 gap=3.0000 tried=5 sep_labels=16 clique_frac=0.06
t=47354ms iter=1170 REBUILD reject new_tc=21.7636 (was 21.7149)
t=47374ms iter=1170 incumb=21.7149 ratchet=21.7395 best=21.7111 since_improve=692
t=47376ms iter=1171 WAIST cost=19.0000 best_alt=15.0000 gap=4.0000 tried=5 sep_labels=15 clique_frac=0.05
t=47395ms iter=1171 REBUILD reject new_tc=22.1870 (was 21.7149)
t=47416ms iter=1171 incumb=21.7149 ratchet=21.8484 best=21.7111 since_improve=693
t=47417ms iter=1172 WAIST cost=19.0000 best_alt=15.0000 gap=4.0000 tried=5 sep_labels=15 clique_frac=0.08
t=47437ms iter=1172 REBUILD reject new_tc=22.1708 (was 21.7149)
t=47458ms iter=1172 incumb=21.7149 ratchet=21.8443 best=21.7111 since_improve=694
t=47460ms iter=1173 WAIST cost=19.0000 best_alt=15.0000 gap=4.0000 tried=5 sep_labels=15 clique_frac=0.02
t=47479ms iter=1173 REBUILD reject new_tc=21.8180 (was 21.7149)
t=47499ms iter=1173 incumb=21.7149 ratchet=21.8929 best=21.7111 since_improve=695
t=47500ms iter=1174 WAIST cost=19.0000 best_alt=16.0000 gap=3.0000 tried=5 sep_labels=16 clique_frac=0.06
t=47515ms iter=1174 REBUILD reject new_tc=21.8597 (was 21.7149)
t=47535ms iter=1174 incumb=21.7149 ratchet=21.8568 best=21.7111 since_improve=696
t=47536ms iter=1175 WAIST cost=19.0000 best_alt=16.0000 gap=3.0000 tried=5 sep_labels=16 clique_frac=0.06
t=47550ms iter=1175 REBUILD reject new_tc=22.3418 (was 21.7149)
t=47571ms iter=1175 incumb=21.7149 ratchet=21.8529 best=21.7111 since_improve=697
t=47572ms iter=1176 WAIST cost=19.0000 best_alt=15.0000 gap=4.0000 tried=5 sep_labels=15 clique_frac=0.08
t=47592ms iter=1176 REBUILD reject new_tc=21.8562 (was 21.7149)
t=47612ms iter=1176 incumb=21.7149 ratchet=21.7546 best=21.7111 since_improve=698
t=47614ms iter=1177 WAIST cost=19.0000 best_alt=16.0000 gap=3.0000 tried=5 sep_labels=16 clique_frac=0.06
t=47628ms iter=1177 REBUILD reject new_tc=22.1075 (was 21.7149)
t=47648ms iter=1177 incumb=21.7149 ratchet=21.7426 best=21.7111 since_improve=699
t=47649ms iter=1178 WAIST cost=19.0000 best_alt=15.0000 gap=4.0000 tried=5 sep_labels=15 clique_frac=0.08
t=47669ms iter=1178 REBUILD reject new_tc=21.9291 (was 21.7149)
t=47689ms iter=1178 incumb=21.7149 ratchet=21.8369 best=21.7111 since_improve=700
t=47691ms iter=1179 WAIST cost=19.0000 best_alt=15.0000 gap=4.0000 tried=5 sep_labels=15 clique_frac=0.10
t=47710ms iter=1179 REBUILD reject new_tc=21.9395 (was 21.7149)
t=47730ms iter=1179 incumb=21.7149 ratchet=21.8871 best=21.7111 since_improve=701
t=47732ms iter=1180 WAIST cost=19.0000 best_alt=16.0000 gap=3.0000 tried=5 sep_labels=16 clique_frac=0.06
t=47746ms iter=1180 REBUILD reject new_tc=22.0340 (was 21.7149)
t=47767ms iter=1180 incumb=21.7149 ratchet=21.8668 best=21.7111 since_improve=702
t=47768ms iter=1181 WAIST cost=19.0000 best_alt=15.0000 gap=4.0000 tried=5 sep_labels=15 clique_frac=0.08
t=47787ms iter=1181 REBUILD reject new_tc=21.8545 (was 21.7149)
t=47807ms iter=1181 incumb=21.7149 ratchet=21.7532 best=21.7111 since_improve=703
t=47809ms iter=1182 WAIST cost=19.0000 best_alt=15.0000 gap=4.0000 tried=5 sep_labels=15 clique_frac=0.02
t=47828ms iter=1182 REBUILD reject new_tc=21.9059 (was 21.7149)
t=47848ms iter=1182 incumb=21.7149 ratchet=21.8087 best=21.7111 since_improve=704
t=47850ms iter=1183 WAIST cost=19.0000 best_alt=15.0000 gap=4.0000 tried=5 sep_labels=15 clique_frac=0.07
t=47869ms iter=1183 REBUILD reject new_tc=21.7876 (was 21.7149)
t=47890ms iter=1183 incumb=21.7149 ratchet=21.7550 best=21.7111 since_improve=705
t=47891ms iter=1184 WAIST cost=19.0000 best_alt=15.0000 gap=4.0000 tried=5 sep_labels=15 clique_frac=0.05
t=47910ms iter=1184 REBUILD reject new_tc=21.8687 (was 21.7149)
t=47931ms iter=1184 incumb=21.7149 ratchet=21.7476 best=21.7111 since_improve=706
t=47932ms iter=1185 WAIST cost=19.0000 best_alt=16.0000 gap=3.0000 tried=5 sep_labels=16 clique_frac=0.06
t=47946ms iter=1185 REBUILD reject new_tc=22.0918 (was 21.7149)
t=47966ms iter=1185 incumb=21.7149 ratchet=21.7584 best=21.7111 since_improve=707
t=47968ms iter=1186 WAIST cost=19.0000 best_alt=15.0000 gap=4.0000 tried=5 sep_labels=15 clique_frac=0.05
t=47987ms iter=1186 REBUILD reject new_tc=21.9840 (was 21.7149)
t=48008ms iter=1186 incumb=21.7149 ratchet=21.8661 best=21.7111 since_improve=708
t=48009ms iter=1187 WAIST cost=19.0000 best_alt=15.0000 gap=4.0000 tried=5 sep_labels=15 clique_frac=0.05
t=48029ms iter=1187 REBUILD reject new_tc=21.8272 (was 21.7149)
t=48050ms iter=1187 incumb=21.7149 ratchet=21.8599 best=21.7111 since_improve=709
t=48051ms iter=1188 WAIST cost=19.0000 best_alt=15.0000 gap=4.0000 tried=5 sep_labels=15 clique_frac=0.04
t=48070ms iter=1188 REBUILD reject new_tc=21.9033 (was 21.7149)
t=48090ms iter=1188 incumb=21.7149 ratchet=21.8192 best=21.7111 since_improve=710
t=48092ms iter=1189 WAIST cost=19.0000 best_alt=15.0000 gap=4.0000 tried=5 sep_labels=15 clique_frac=0.10
t=48111ms iter=1189 REBUILD reject new_tc=22.2044 (was 21.7149)
t=48132ms iter=1189 incumb=21.7149 ratchet=21.8457 best=21.7111 since_improve=711
t=48133ms iter=1190 WAIST cost=19.0000 best_alt=16.0000 gap=3.0000 tried=5 sep_labels=16 clique_frac=0.06
t=48147ms iter=1190 REBUILD reject new_tc=21.7568 (was 21.7149)
t=48168ms iter=1190 incumb=21.7149 ratchet=22.0313 best=21.7111 since_improve=712
t=48170ms iter=1191 WAIST cost=19.0000 best_alt=15.0000 gap=4.0000 tried=5 sep_labels=15 clique_frac=0.02
t=48189ms iter=1191 REBUILD reject new_tc=21.7800 (was 21.7149)
t=48210ms iter=1191 incumb=21.7149 ratchet=21.8015 best=21.7111 since_improve=713
t=48211ms iter=1192 WAIST cost=19.0000 best_alt=15.0000 gap=4.0000 tried=5 sep_labels=15 clique_frac=0.08
t=48231ms iter=1192 REBUILD reject new_tc=22.0300 (was 21.7149)
t=48251ms iter=1192 incumb=21.7149 ratchet=21.7422 best=21.7111 since_improve=714
t=48252ms iter=1193 WAIST cost=19.0000 best_alt=15.0000 gap=4.0000 tried=5 sep_labels=15 clique_frac=0.08
t=48272ms iter=1193 REBUILD reject new_tc=21.8571 (was 21.7149)
t=48293ms iter=1193 incumb=21.7149 ratchet=22.0218 best=21.7111 since_improve=715
t=48294ms iter=1194 WAIST cost=19.0000 best_alt=15.0000 gap=4.0000 tried=5 sep_labels=15 clique_frac=0.08
t=48313ms iter=1194 REBUILD reject new_tc=22.1716 (was 21.7149)
t=48333ms iter=1194 incumb=21.7149 ratchet=21.8099 best=21.7111 since_improve=716
t=48335ms iter=1195 WAIST cost=19.0000 best_alt=15.0000 gap=4.0000 tried=5 sep_labels=15 clique_frac=0.05
t=48354ms iter=1195 REBUILD reject new_tc=21.7675 (was 21.7149)
t=48375ms iter=1195 incumb=21.7149 ratchet=21.9645 best=21.7111 since_improve=717
t=48376ms iter=1196 WAIST cost=19.0000 best_alt=15.0000 gap=4.0000 tried=5 sep_labels=15 clique_frac=0.05
t=48395ms iter=1196 REBUILD reject new_tc=22.1765 (was 21.7149)
t=48416ms iter=1196 incumb=21.7149 ratchet=21.7389 best=21.7111 since_improve=718
t=48417ms iter=1197 WAIST cost=19.0000 best_alt=15.0000 gap=4.0000 tried=5 sep_labels=15 clique_frac=0.08
t=48436ms iter=1197 REBUILD reject new_tc=22.1701 (was 21.7149)
t=48457ms iter=1197 incumb=21.7149 ratchet=21.7541 best=21.7111 since_improve=719
t=48458ms iter=1198 WAIST cost=19.0000 best_alt=15.0000 gap=4.0000 tried=5 sep_labels=15 clique_frac=0.07
t=48477ms iter=1198 REBUILD reject new_tc=21.8080 (was 21.7149)
t=48498ms iter=1198 incumb=21.7149 ratchet=21.8724 best=21.7111 since_improve=720
t=48500ms iter=1199 WAIST cost=19.0000 best_alt=15.0000 gap=4.0000 tried=5 sep_labels=15 clique_frac=0.10
t=48519ms iter=1199 REBUILD reject new_tc=21.8929 (was 21.7149)
t=48540ms iter=1199 incumb=21.7149 ratchet=21.8521 best=21.7111 since_improve=721
t=48541ms iter=1200 WAIST cost=19.0000 best_alt=15.0000 gap=4.0000 tried=5 sep_labels=15 clique_frac=0.08
t=48561ms iter=1200 REBUILD reject new_tc=21.9421 (was 21.7149)
t=48581ms iter=1200 incumb=21.7149 ratchet=21.7310 best=21.7111 since_improve=722
t=48582ms iter=1201 WAIST cost=19.0000 best_alt=15.0000 gap=4.0000 tried=5 sep_labels=15 clique_frac=0.08
t=48601ms iter=1201 REBUILD reject new_tc=22.0719 (was 21.7149)
t=48622ms iter=1201 incumb=21.7149 ratchet=21.7694 best=21.7111 since_improve=723
t=48623ms iter=1202 WAIST cost=19.0000 best_alt=15.0000 gap=4.0000 tried=5 sep_labels=15 clique_frac=0.08
t=48643ms iter=1202 REBUILD reject new_tc=21.8610 (was 21.7149)
t=48663ms iter=1202 incumb=21.7149 ratchet=22.0200 best=21.7111 since_improve=724
t=48665ms iter=1203 WAIST cost=19.0000 best_alt=15.0000 gap=4.0000 tried=5 sep_labels=15 clique_frac=0.04
t=48684ms iter=1203 REBUILD reject new_tc=21.8101 (was 21.7149)
t=48705ms iter=1203 incumb=21.7149 ratchet=21.8457 best=21.7111 since_improve=725
t=48706ms iter=1204 WAIST cost=19.0000 best_alt=15.0000 gap=4.0000 tried=5 sep_labels=15 clique_frac=0.07
t=48725ms iter=1204 REBUILD reject new_tc=21.9824 (was 21.7149)
t=48746ms iter=1204 incumb=21.7149 ratchet=21.7413 best=21.7111 since_improve=726
t=48748ms iter=1205 WAIST cost=19.0000 best_alt=15.0000 gap=4.0000 tried=5 sep_labels=15 clique_frac=0.08
t=48767ms iter=1205 REBUILD reject new_tc=22.3445 (was 21.7149)
t=48787ms iter=1205 incumb=21.7149 ratchet=21.8582 best=21.7111 since_improve=727
t=48789ms iter=1206 WAIST cost=19.0000 best_alt=15.0000 gap=4.0000 tried=5 sep_labels=15 clique_frac=0.08
t=48808ms iter=1206 REBUILD reject new_tc=21.8581 (was 21.7149)
t=48829ms iter=1206 incumb=21.7149 ratchet=21.9319 best=21.7111 since_improve=728
t=48830ms iter=1207 WAIST cost=19.0000 best_alt=15.0000 gap=4.0000 tried=5 sep_labels=15 clique_frac=0.05
t=48850ms iter=1207 REBUILD reject new_tc=22.0081 (was 21.7149)
t=48870ms iter=1207 incumb=21.7149 ratchet=21.9312 best=21.7111 since_improve=729
t=48871ms iter=1208 WAIST cost=19.0000 best_alt=16.0000 gap=3.0000 tried=5 sep_labels=16 clique_frac=0.06
t=48885ms iter=1208 REBUILD reject new_tc=22.1391 (was 21.7149)
t=48906ms iter=1208 incumb=21.7149 ratchet=21.9099 best=21.7111 since_improve=730
t=48908ms iter=1209 WAIST cost=19.0000 best_alt=15.0000 gap=4.0000 tried=5 sep_labels=15 clique_frac=0.08
t=48927ms iter=1209 REBUILD reject new_tc=21.8586 (was 21.7149)
t=48948ms iter=1209 incumb=21.7149 ratchet=21.8717 best=21.7111 since_improve=731
t=48949ms iter=1210 WAIST cost=19.0000 best_alt=15.0000 gap=4.0000 tried=5 sep_labels=15 clique_frac=0.05
t=48969ms iter=1210 REBUILD reject new_tc=21.9292 (was 21.7149)
t=48989ms iter=1210 incumb=21.7149 ratchet=21.7546 best=21.7111 since_improve=732
t=48990ms iter=1211 WAIST cost=19.0000 best_alt=16.0000 gap=3.0000 tried=5 sep_labels=16 clique_frac=0.06
t=49005ms iter=1211 REBUILD reject new_tc=21.7543 (was 21.7149)
t=49025ms iter=1211 incumb=21.7149 ratchet=21.8854 best=21.7111 since_improve=733
t=49026ms iter=1212 WAIST cost=19.0000 best_alt=15.0000 gap=4.0000 tried=5 sep_labels=15 clique_frac=0.08
t=49046ms iter=1212 REBUILD reject new_tc=22.1063 (was 21.7149)
t=49066ms iter=1212 incumb=21.7149 ratchet=21.8333 best=21.7111 since_improve=734
t=49068ms iter=1213 WAIST cost=19.0000 best_alt=16.0000 gap=3.0000 tried=5 sep_labels=16 clique_frac=0.06
t=49081ms iter=1213 REBUILD reject new_tc=22.3063 (was 21.7149)
t=49102ms iter=1213 incumb=21.7149 ratchet=21.7467 best=21.7111 since_improve=735
t=49103ms iter=1214 WAIST cost=19.0000 best_alt=16.0000 gap=3.0000 tried=5 sep_labels=16 clique_frac=0.06
t=49117ms iter=1214 REBUILD reject new_tc=22.0949 (was 21.7149)
t=49137ms iter=1214 incumb=21.7149 ratchet=21.7428 best=21.7111 since_improve=736
t=49138ms iter=1215 WAIST cost=19.0000 best_alt=16.0000 gap=3.0000 tried=5 sep_labels=16 clique_frac=0.06
t=49152ms iter=1215 REBUILD reject new_tc=22.2705 (was 21.7149)
t=49173ms iter=1215 incumb=21.7149 ratchet=21.8203 best=21.7111 since_improve=737
t=49174ms iter=1216 WAIST cost=19.0000 best_alt=15.0000 gap=4.0000 tried=5 sep_labels=15 clique_frac=0.07
t=49194ms iter=1216 REBUILD reject new_tc=21.7678 (was 21.7149)
t=49214ms iter=1216 incumb=21.7149 ratchet=21.8076 best=21.7111 since_improve=738
t=49216ms iter=1217 WAIST cost=19.0000 best_alt=15.0000 gap=4.0000 tried=5 sep_labels=15 clique_frac=0.05
t=49235ms iter=1217 REBUILD reject new_tc=22.1769 (was 21.7149)
t=49255ms iter=1217 incumb=21.7149 ratchet=21.7701 best=21.7111 since_improve=739
t=49256ms iter=1218 WAIST cost=19.0000 best_alt=15.0000 gap=4.0000 tried=5 sep_labels=15 clique_frac=0.05
t=49276ms iter=1218 REBUILD reject new_tc=22.6327 (was 21.7149)
t=49296ms iter=1218 incumb=21.7149 ratchet=21.8059 best=21.7111 since_improve=740
t=49298ms iter=1219 WAIST cost=19.0000 best_alt=15.0000 gap=4.0000 tried=5 sep_labels=15 clique_frac=0.08
t=49317ms iter=1219 REBUILD reject new_tc=21.9360 (was 21.7149)
t=49338ms iter=1219 incumb=21.7149 ratchet=21.8207 best=21.7111 since_improve=741
t=49339ms iter=1220 WAIST cost=19.0000 best_alt=16.0000 gap=3.0000 tried=5 sep_labels=16 clique_frac=0.06
t=49353ms iter=1220 REBUILD reject new_tc=22.1063 (was 21.7149)
t=49374ms iter=1220 incumb=21.7149 ratchet=21.7385 best=21.7111 since_improve=742
t=49375ms iter=1221 WAIST cost=19.0000 best_alt=15.0000 gap=4.0000 tried=5 sep_labels=15 clique_frac=0.02
t=49394ms iter=1221 REBUILD reject new_tc=22.5466 (was 21.7149)
t=49414ms iter=1221 incumb=21.7149 ratchet=21.7800 best=21.7111 since_improve=743
t=49416ms iter=1222 WAIST cost=19.0000 best_alt=15.0000 gap=4.0000 tried=5 sep_labels=15 clique_frac=0.02
t=49434ms iter=1222 REBUILD reject new_tc=22.1462 (was 21.7149)
t=49455ms iter=1222 incumb=21.7149 ratchet=21.8707 best=21.7111 since_improve=744
t=49457ms iter=1223 WAIST cost=19.0000 best_alt=15.0000 gap=4.0000 tried=5 sep_labels=15 clique_frac=0.08
t=49476ms iter=1223 REBUILD reject new_tc=22.1712 (was 21.7149)
t=49497ms iter=1223 incumb=21.7149 ratchet=21.8834 best=21.7111 since_improve=745
t=49498ms iter=1224 WAIST cost=19.0000 best_alt=15.0000 gap=4.0000 tried=5 sep_labels=15 clique_frac=0.08
t=49518ms iter=1224 REBUILD reject new_tc=22.0546 (was 21.7149)
t=49538ms iter=1224 incumb=21.7149 ratchet=21.8820 best=21.7111 since_improve=746
t=49539ms iter=1225 WAIST cost=19.0000 best_alt=16.0000 gap=3.0000 tried=5 sep_labels=16 clique_frac=0.06
t=49553ms iter=1225 REBUILD reject new_tc=22.3601 (was 21.7149)
t=49573ms iter=1225 incumb=21.7149 ratchet=21.7437 best=21.7111 since_improve=747
t=49575ms iter=1226 WAIST cost=19.0000 best_alt=15.0000 gap=4.0000 tried=5 sep_labels=15 clique_frac=0.08
t=49594ms iter=1226 REBUILD reject new_tc=21.8661 (was 21.7149)
t=49615ms iter=1226 incumb=21.7149 ratchet=21.8346 best=21.7111 since_improve=748
t=49616ms iter=1227 WAIST cost=19.0000 best_alt=16.0000 gap=3.0000 tried=5 sep_labels=16 clique_frac=0.06
t=49630ms iter=1227 REBUILD reject new_tc=21.7744 (was 21.7149)
t=49651ms iter=1227 incumb=21.7149 ratchet=21.7930 best=21.7111 since_improve=749
t=49653ms iter=1228 WAIST cost=19.0000 best_alt=15.0000 gap=4.0000 tried=5 sep_labels=15 clique_frac=0.07
t=49672ms iter=1228 REBUILD reject new_tc=21.7974 (was 21.7149)
t=49693ms iter=1228 incumb=21.7149 ratchet=21.8065 best=21.7111 since_improve=750
t=49694ms iter=1229 WAIST cost=19.0000 best_alt=15.0000 gap=4.0000 tried=5 sep_labels=15 clique_frac=0.05
t=49713ms iter=1229 REBUILD reject new_tc=22.5304 (was 21.7149)
t=49734ms iter=1229 incumb=21.7149 ratchet=21.7512 best=21.7111 since_improve=751
t=49736ms iter=1230 WAIST cost=19.0000 best_alt=15.0000 gap=4.0000 tried=5 sep_labels=15 clique_frac=0.02
t=49755ms iter=1230 REBUILD reject new_tc=22.4257 (was 21.7149)
t=49775ms iter=1230 incumb=21.7149 ratchet=21.8326 best=21.7111 since_improve=752
t=49777ms iter=1231 WAIST cost=19.0000 best_alt=15.0000 gap=4.0000 tried=5 sep_labels=15 clique_frac=0.04
t=49796ms iter=1231 REBUILD reject new_tc=21.7571 (was 21.7149)
t=49816ms iter=1231 incumb=21.7149 ratchet=21.8812 best=21.7111 since_improve=753
t=49817ms iter=1232 WAIST cost=19.0000 best_alt=15.0000 gap=4.0000 tried=5 sep_labels=15 clique_frac=0.08
t=49837ms iter=1232 REBUILD reject new_tc=22.2985 (was 21.7149)
t=49857ms iter=1232 incumb=21.7149 ratchet=21.8449 best=21.7111 since_improve=754
t=49859ms iter=1233 WAIST cost=19.0000 best_alt=15.0000 gap=4.0000 tried=5 sep_labels=15 clique_frac=0.07
t=49878ms iter=1233 REBUILD reject new_tc=21.9606 (was 21.7149)
t=49899ms iter=1233 incumb=21.7149 ratchet=21.7794 best=21.7111 since_improve=755
t=49900ms iter=1234 WAIST cost=19.0000 best_alt=15.0000 gap=4.0000 tried=5 sep_labels=15 clique_frac=0.05
t=49920ms iter=1234 REBUILD reject new_tc=22.3614 (was 21.7149)
t=49940ms iter=1234 incumb=21.7149 ratchet=21.8057 best=21.7111 since_improve=756
t=49942ms iter=1235 WAIST cost=19.0000 best_alt=15.0000 gap=4.0000 tried=5 sep_labels=15 clique_frac=0.05
t=49961ms iter=1235 REBUILD reject new_tc=22.1193 (was 21.7149)
t=49981ms iter=1235 incumb=21.7149 ratchet=21.9070 best=21.7111 since_improve=757
t=49983ms iter=1236 WAIST cost=19.0000 best_alt=16.0000 gap=3.0000 tried=5 sep_labels=16 clique_frac=0.06
t=49997ms iter=1236 REBUILD reject new_tc=21.7407 (was 21.7149)
t=50017ms iter=1236 incumb=21.7149 ratchet=21.8189 best=21.7111 since_improve=758
t=50019ms iter=1237 WAIST cost=19.0000 best_alt=15.0000 gap=4.0000 tried=5 sep_labels=15 clique_frac=0.08
t=50038ms iter=1237 REBUILD reject new_tc=21.8921 (was 21.7149)
t=50059ms iter=1237 incumb=21.7149 ratchet=21.8071 best=21.7111 since_improve=759
t=50060ms iter=1238 WAIST cost=19.0000 best_alt=15.0000 gap=4.0000 tried=5 sep_labels=15 clique_frac=0.08
t=50080ms iter=1238 REBUILD reject new_tc=22.0895 (was 21.7149)
t=50100ms iter=1238 incumb=21.7149 ratchet=22.0923 best=21.7111 since_improve=760
t=50102ms iter=1239 WAIST cost=19.0000 best_alt=15.0000 gap=4.0000 tried=5 sep_labels=15 clique_frac=0.04
t=50121ms iter=1239 REBUILD reject new_tc=21.7936 (was 21.7149)
t=50142ms iter=1239 incumb=21.7149 ratchet=21.7316 best=21.7111 since_improve=761
t=50143ms iter=1240 WAIST cost=19.0000 best_alt=16.0000 gap=3.0000 tried=5 sep_labels=16 clique_frac=0.06
t=50157ms iter=1240 REBUILD reject new_tc=22.2572 (was 21.7149)
t=50178ms iter=1240 incumb=21.7149 ratchet=21.9526 best=21.7111 since_improve=762
t=50179ms iter=1241 WAIST cost=19.0000 best_alt=15.0000 gap=4.0000 tried=5 sep_labels=15 clique_frac=0.07
t=50199ms iter=1241 REBUILD reject new_tc=22.2141 (was 21.7149)
t=50219ms iter=1241 incumb=21.7149 ratchet=21.7475 best=21.7111 since_improve=763
t=50221ms iter=1242 WAIST cost=19.0000 best_alt=15.0000 gap=4.0000 tried=5 sep_labels=15 clique_frac=0.07
t=50240ms iter=1242 REBUILD reject new_tc=21.9029 (was 21.7149)
t=50260ms iter=1242 incumb=21.7149 ratchet=22.0250 best=21.7111 since_improve=764
t=50262ms iter=1243 WAIST cost=19.0000 best_alt=16.0000 gap=3.0000 tried=5 sep_labels=16 clique_frac=0.06
t=50276ms iter=1243 REBUILD reject new_tc=22.0840 (was 21.7149)
t=50296ms iter=1243 incumb=21.7149 ratchet=21.7914 best=21.7111 since_improve=765
t=50297ms iter=1244 WAIST cost=19.0000 best_alt=16.0000 gap=3.0000 tried=5 sep_labels=16 clique_frac=0.06
t=50311ms iter=1244 REBUILD reject new_tc=22.0317 (was 21.7149)
t=50332ms iter=1244 incumb=21.7149 ratchet=21.7548 best=21.7111 since_improve=766
t=50333ms iter=1245 WAIST cost=19.0000 best_alt=15.0000 gap=4.0000 tried=5 sep_labels=15 clique_frac=0.08
t=50352ms iter=1245 REBUILD reject new_tc=22.1452 (was 21.7149)
t=50373ms iter=1245 incumb=21.7149 ratchet=21.8855 best=21.7111 since_improve=767
t=50375ms iter=1246 WAIST cost=19.0000 best_alt=15.0000 gap=4.0000 tried=5 sep_labels=15 clique_frac=0.08
t=50394ms iter=1246 REBUILD reject new_tc=22.0866 (was 21.7149)
t=50415ms iter=1246 incumb=21.7149 ratchet=21.7543 best=21.7111 since_improve=768
t=50416ms iter=1247 WAIST cost=19.0000 best_alt=15.0000 gap=4.0000 tried=5 sep_labels=15 clique_frac=0.10
t=50435ms iter=1247 REBUILD reject new_tc=21.8454 (was 21.7149)
t=50456ms iter=1247 incumb=21.7149 ratchet=21.8088 best=21.7111 since_improve=769
t=50457ms iter=1248 WAIST cost=19.0000 best_alt=15.0000 gap=4.0000 tried=5 sep_labels=15 clique_frac=0.02
t=50476ms iter=1248 REBUILD reject new_tc=22.5105 (was 21.7149)
t=50496ms iter=1248 incumb=21.7149 ratchet=21.8444 best=21.7111 since_improve=770
t=50498ms iter=1249 WAIST cost=19.0000 best_alt=15.0000 gap=4.0000 tried=5 sep_labels=15 clique_frac=0.08
t=50517ms iter=1249 REBUILD reject new_tc=22.1667 (was 21.7149)
t=50538ms iter=1249 incumb=21.7149 ratchet=21.9645 best=21.7111 since_improve=771
t=50539ms iter=1250 WAIST cost=19.0000 best_alt=15.0000 gap=4.0000 tried=5 sep_labels=15 clique_frac=0.08
t=50558ms iter=1250 REBUILD reject new_tc=22.3095 (was 21.7149)
t=50579ms iter=1250 incumb=21.7149 ratchet=21.8678 best=21.7111 since_improve=772
t=50581ms iter=1251 WAIST cost=19.0000 best_alt=16.0000 gap=3.0000 tried=5 sep_labels=16 clique_frac=0.06
t=50594ms iter=1251 REBUILD reject new_tc=21.8837 (was 21.7149)
t=50615ms iter=1251 incumb=21.7149 ratchet=21.8453 best=21.7111 since_improve=773
t=50616ms iter=1252 WAIST cost=19.0000 best_alt=16.0000 gap=3.0000 tried=5 sep_labels=16 clique_frac=0.06
t=50630ms iter=1252 REBUILD reject new_tc=22.3261 (was 21.7149)
t=50653ms iter=1252 incumb=21.7149 ratchet=21.7423 best=21.7111 since_improve=774
t=50654ms iter=1253 WAIST cost=19.0000 best_alt=15.0000 gap=4.0000 tried=5 sep_labels=15 clique_frac=0.05
t=50674ms iter=1253 REBUILD reject new_tc=21.9164 (was 21.7149)
t=50694ms iter=1253 incumb=21.7149 ratchet=21.7942 best=21.7111 since_improve=775
t=50696ms iter=1254 WAIST cost=19.0000 best_alt=15.0000 gap=4.0000 tried=5 sep_labels=15 clique_frac=0.08
t=50715ms iter=1254 REBUILD reject new_tc=22.2616 (was 21.7149)
t=50735ms iter=1254 incumb=21.7149 ratchet=21.8873 best=21.7111 since_improve=776
t=50736ms iter=1255 WAIST cost=19.0000 best_alt=16.0000 gap=3.0000 tried=5 sep_labels=16 clique_frac=0.06
t=50751ms iter=1255 REBUILD reject new_tc=22.1672 (was 21.7149)
t=50782ms iter=1255 incumb=21.7149 ratchet=21.8307 best=21.7111 since_improve=777
t=50783ms iter=1256 WAIST cost=19.0000 best_alt=15.0000 gap=4.0000 tried=5 sep_labels=15 clique_frac=0.08
t=50803ms iter=1256 REBUILD reject new_tc=22.0056 (was 21.7149)
t=50823ms iter=1256 incumb=21.7149 ratchet=21.9651 best=21.7111 since_improve=778
t=50824ms iter=1257 WAIST cost=19.0000 best_alt=15.0000 gap=4.0000 tried=5 sep_labels=15 clique_frac=0.07
t=50844ms iter=1257 REBUILD reject new_tc=21.8648 (was 21.7149)
t=50866ms iter=1257 incumb=21.7149 ratchet=21.7520 best=21.7111 since_improve=779
t=50867ms iter=1258 WAIST cost=19.0000 best_alt=15.0000 gap=4.0000 tried=5 sep_labels=15 clique_frac=0.07
t=50887ms iter=1258 REBUILD reject new_tc=21.7532 (was 21.7149)
t=50908ms iter=1258 incumb=21.7149 ratchet=21.9432 best=21.7111 since_improve=780
t=50909ms iter=1259 WAIST cost=19.0000 best_alt=16.0000 gap=3.0000 tried=5 sep_labels=16 clique_frac=0.06
t=50923ms iter=1259 REBUILD reject new_tc=22.3334 (was 21.7149)
t=50943ms iter=1259 incumb=21.7149 ratchet=21.7670 best=21.7111 since_improve=781
t=50945ms iter=1260 WAIST cost=19.0000 best_alt=15.0000 gap=4.0000 tried=5 sep_labels=15 clique_frac=0.08
t=50964ms iter=1260 REBUILD reject new_tc=22.2900 (was 21.7149)
t=50984ms iter=1260 incumb=21.7149 ratchet=21.7854 best=21.7111 since_improve=782
t=50986ms iter=1261 WAIST cost=19.0000 best_alt=15.0000 gap=4.0000 tried=5 sep_labels=15 clique_frac=0.08
t=51005ms iter=1261 REBUILD reject new_tc=21.9532 (was 21.7149)
t=51026ms iter=1261 incumb=21.7149 ratchet=21.7526 best=21.7111 since_improve=783
t=51027ms iter=1262 WAIST cost=19.0000 best_alt=16.0000 gap=3.0000 tried=5 sep_labels=16 clique_frac=0.06
t=51041ms iter=1262 REBUILD reject new_tc=21.8867 (was 21.7149)
t=51062ms iter=1262 incumb=21.7149 ratchet=21.8433 best=21.7111 since_improve=784
t=51063ms iter=1263 WAIST cost=19.0000 best_alt=16.0000 gap=3.0000 tried=5 sep_labels=16 clique_frac=0.06
t=51077ms iter=1263 REBUILD reject new_tc=22.4028 (was 21.7149)
t=51097ms iter=1263 incumb=21.7149 ratchet=21.7647 best=21.7111 since_improve=785
t=51099ms iter=1264 WAIST cost=19.0000 best_alt=15.0000 gap=4.0000 tried=5 sep_labels=15 clique_frac=0.08
t=51118ms iter=1264 REBUILD reject new_tc=22.1096 (was 21.7149)
t=51139ms iter=1264 incumb=21.7149 ratchet=21.7564 best=21.7111 since_improve=786
t=51140ms iter=1265 WAIST cost=19.0000 best_alt=16.0000 gap=3.0000 tried=5 sep_labels=16 clique_frac=0.06
t=51154ms iter=1265 REBUILD reject new_tc=22.0189 (was 21.7149)
t=51175ms iter=1265 incumb=21.7149 ratchet=21.8062 best=21.7111 since_improve=787
t=51176ms iter=1266 WAIST cost=19.0000 best_alt=16.0000 gap=3.0000 tried=5 sep_labels=16 clique_frac=0.06
t=51190ms iter=1266 REBUILD reject new_tc=22.0625 (was 21.7149)
t=51211ms iter=1266 incumb=21.7149 ratchet=21.8692 best=21.7111 since_improve=788
t=51212ms iter=1267 WAIST cost=19.0000 best_alt=16.0000 gap=3.0000 tried=5 sep_labels=16 clique_frac=0.06
t=51226ms iter=1267 REBUILD reject new_tc=22.0858 (was 21.7149)
t=51247ms iter=1267 incumb=21.7149 ratchet=21.7687 best=21.7111 since_improve=789
t=51248ms iter=1268 WAIST cost=19.0000 best_alt=15.0000 gap=4.0000 tried=5 sep_labels=15 clique_frac=0.02
t=51267ms iter=1268 REBUILD reject new_tc=21.9283 (was 21.7149)
t=51288ms iter=1268 incumb=21.7149 ratchet=21.7417 best=21.7111 since_improve=790
t=51289ms iter=1269 WAIST cost=19.0000 best_alt=15.0000 gap=4.0000 tried=5 sep_labels=15 clique_frac=0.02
t=51308ms iter=1269 REBUILD reject new_tc=21.9153 (was 21.7149)
t=51329ms iter=1269 incumb=21.7149 ratchet=21.8589 best=21.7111 since_improve=791
t=51330ms iter=1270 WAIST cost=19.0000 best_alt=15.0000 gap=4.0000 tried=5 sep_labels=15 clique_frac=0.05
t=51350ms iter=1270 REBUILD reject new_tc=21.8151 (was 21.7149)
t=51371ms iter=1270 incumb=21.7149 ratchet=21.7984 best=21.7111 since_improve=792
t=51372ms iter=1271 WAIST cost=19.0000 best_alt=16.0000 gap=3.0000 tried=5 sep_labels=16 clique_frac=0.06
t=51386ms iter=1271 REBUILD reject new_tc=22.0351 (was 21.7149)
t=51406ms iter=1271 incumb=21.7149 ratchet=21.7668 best=21.7111 since_improve=793
t=51407ms iter=1272 WAIST cost=19.0000 best_alt=15.0000 gap=4.0000 tried=5 sep_labels=15 clique_frac=0.06
t=51427ms iter=1272 REBUILD reject new_tc=21.7617 (was 21.7149)
t=51448ms iter=1272 incumb=21.7149 ratchet=21.8432 best=21.7111 since_improve=794
t=51449ms iter=1273 WAIST cost=19.0000 best_alt=15.0000 gap=4.0000 tried=5 sep_labels=15 clique_frac=0.08
t=51469ms iter=1273 REBUILD reject new_tc=21.9416 (was 21.7149)
t=51489ms iter=1273 incumb=21.7149 ratchet=21.9207 best=21.7111 since_improve=795
t=51490ms iter=1274 WAIST cost=19.0000 best_alt=15.0000 gap=4.0000 tried=5 sep_labels=15 clique_frac=0.07
t=51510ms iter=1274 REBUILD reject new_tc=22.1264 (was 21.7149)
t=51530ms iter=1274 incumb=21.7149 ratchet=21.7403 best=21.7111 since_improve=796
t=51531ms iter=1275 WAIST cost=19.0000 best_alt=15.0000 gap=4.0000 tried=5 sep_labels=15 clique_frac=0.08
t=51551ms iter=1275 REBUILD reject new_tc=22.1703 (was 21.7149)
t=51572ms iter=1275 incumb=21.7149 ratchet=21.7409 best=21.7111 since_improve=797
t=51573ms iter=1276 WAIST cost=19.0000 best_alt=15.0000 gap=4.0000 tried=5 sep_labels=15 clique_frac=0.07
t=51593ms iter=1276 REBUILD reject new_tc=22.1069 (was 21.7149)
t=51613ms iter=1276 incumb=21.7149 ratchet=21.8396 best=21.7111 since_improve=798
t=51615ms iter=1277 WAIST cost=19.0000 best_alt=15.0000 gap=4.0000 tried=5 sep_labels=15 clique_frac=0.08
t=51634ms iter=1277 REBUILD reject new_tc=21.8604 (was 21.7149)
t=51655ms iter=1277 incumb=21.7149 ratchet=21.7553 best=21.7111 since_improve=799
t=51656ms iter=1278 WAIST cost=19.0000 best_alt=15.0000 gap=4.0000 tried=5 sep_labels=15 clique_frac=0.08
t=51676ms iter=1278 REBUILD reject new_tc=21.8916 (was 21.7149)
t=51697ms iter=1278 incumb=21.7149 ratchet=21.8574 best=21.7111 since_improve=800
t=51698ms iter=1279 WAIST cost=19.0000 best_alt=16.0000 gap=3.0000 tried=5 sep_labels=16 clique_frac=0.06
t=51712ms iter=1279 REBUILD reject new_tc=21.9142 (was 21.7149)
t=51732ms iter=1279 incumb=21.7149 ratchet=21.8703 best=21.7111 since_improve=801
t=51734ms iter=1280 WAIST cost=19.0000 best_alt=15.0000 gap=4.0000 tried=5 sep_labels=15 clique_frac=0.02
t=51753ms iter=1280 REBUILD reject new_tc=22.2561 (was 21.7149)
t=51773ms iter=1280 incumb=21.7149 ratchet=21.7981 best=21.7111 since_improve=802
t=51775ms iter=1281 WAIST cost=19.0000 best_alt=16.0000 gap=3.0000 tried=5 sep_labels=16 clique_frac=0.06
t=51789ms iter=1281 REBUILD reject new_tc=21.7944 (was 21.7149)
t=51810ms iter=1281 incumb=21.7149 ratchet=21.7755 best=21.7111 since_improve=803
t=51811ms iter=1282 WAIST cost=19.0000 best_alt=16.0000 gap=3.0000 tried=5 sep_labels=16 clique_frac=0.06
t=51825ms iter=1282 REBUILD reject new_tc=21.7519 (was 21.7149)
t=51845ms iter=1282 incumb=21.7149 ratchet=21.8009 best=21.7111 since_improve=804
t=51846ms iter=1283 WAIST cost=19.0000 best_alt=15.0000 gap=4.0000 tried=5 sep_labels=15 clique_frac=0.07
t=51866ms iter=1283 REBUILD reject new_tc=22.0854 (was 21.7149)
t=51886ms iter=1283 incumb=21.7149 ratchet=21.8985 best=21.7111 since_improve=805
t=51887ms iter=1284 WAIST cost=19.0000 best_alt=15.0000 gap=4.0000 tried=5 sep_labels=15 clique_frac=0.05
t=51907ms iter=1284 REBUILD reject new_tc=21.9882 (was 21.7149)
t=51927ms iter=1284 incumb=21.7149 ratchet=21.8426 best=21.7111 since_improve=806
t=51929ms iter=1285 WAIST cost=19.0000 best_alt=16.0000 gap=3.0000 tried=5 sep_labels=16 clique_frac=0.06
t=51943ms iter=1285 REBUILD reject new_tc=21.7411 (was 21.7149)
t=51963ms iter=1285 incumb=21.7149 ratchet=21.8448 best=21.7111 since_improve=807
t=51964ms iter=1286 WAIST cost=19.0000 best_alt=16.0000 gap=3.0000 tried=5 sep_labels=16 clique_frac=0.06
t=51978ms iter=1286 REBUILD reject new_tc=22.1674 (was 21.7149)
t=51999ms iter=1286 incumb=21.7149 ratchet=21.9350 best=21.7111 since_improve=808
t=52001ms iter=1287 WAIST cost=19.0000 best_alt=15.0000 gap=4.0000 tried=5 sep_labels=15 clique_frac=0.02
t=52020ms iter=1287 REBUILD reject new_tc=21.9043 (was 21.7149)
t=52040ms iter=1287 incumb=21.7149 ratchet=22.0817 best=21.7111 since_improve=809
t=52042ms iter=1288 WAIST cost=19.0000 best_alt=15.0000 gap=4.0000 tried=5 sep_labels=15 clique_frac=0.10
t=52061ms iter=1288 REBUILD reject new_tc=22.0630 (was 21.7149)
t=52082ms iter=1288 incumb=21.7149 ratchet=21.9710 best=21.7111 since_improve=810
t=52083ms iter=1289 WAIST cost=19.0000 best_alt=16.0000 gap=3.0000 tried=5 sep_labels=16 clique_frac=0.06
t=52097ms iter=1289 REBUILD reject new_tc=21.7899 (was 21.7149)
t=52117ms iter=1289 incumb=21.7149 ratchet=21.7343 best=21.7111 since_improve=811
t=52119ms iter=1290 WAIST cost=19.0000 best_alt=15.0000 gap=4.0000 tried=5 sep_labels=15 clique_frac=0.05
t=52138ms iter=1290 REBUILD reject new_tc=22.2604 (was 21.7149)
t=52158ms iter=1290 incumb=21.7149 ratchet=21.9665 best=21.7111 since_improve=812
t=52159ms iter=1291 WAIST cost=19.0000 best_alt=15.0000 gap=4.0000 tried=5 sep_labels=15 clique_frac=0.02
t=52178ms iter=1291 REBUILD reject new_tc=21.8335 (was 21.7149)
t=52199ms iter=1291 incumb=21.7149 ratchet=21.7916 best=21.7111 since_improve=813
t=52200ms iter=1292 WAIST cost=19.0000 best_alt=15.0000 gap=4.0000 tried=5 sep_labels=15 clique_frac=0.02
t=52219ms iter=1292 REBUILD reject new_tc=22.0735 (was 21.7149)
t=52240ms iter=1292 incumb=21.7149 ratchet=21.8446 best=21.7111 since_improve=814
t=52241ms iter=1293 WAIST cost=19.0000 best_alt=15.0000 gap=4.0000 tried=5 sep_labels=15 clique_frac=0.05
t=52261ms iter=1293 REBUILD reject new_tc=22.0744 (was 21.7149)
t=52281ms iter=1293 incumb=21.7149 ratchet=21.7926 best=21.7111 since_improve=815
t=52283ms iter=1294 WAIST cost=19.0000 best_alt=16.0000 gap=3.0000 tried=5 sep_labels=16 clique_frac=0.06
t=52296ms iter=1294 REBUILD reject new_tc=22.1758 (was 21.7149)
t=52317ms iter=1294 incumb=21.7149 ratchet=21.7518 best=21.7111 since_improve=816
t=52319ms iter=1295 WAIST cost=19.0000 best_alt=15.0000 gap=4.0000 tried=5 sep_labels=15 clique_frac=0.02
t=52338ms iter=1295 REBUILD reject new_tc=21.8243 (was 21.7149)
t=52359ms iter=1295 incumb=21.7149 ratchet=21.7256 best=21.7111 since_improve=817
t=52360ms iter=1296 WAIST cost=19.0000 best_alt=15.0000 gap=4.0000 tried=5 sep_labels=15 clique_frac=0.10
t=52380ms iter=1296 REBUILD reject new_tc=22.2160 (was 21.7149)
t=52399ms iter=1296 incumb=21.7149 ratchet=21.9651 best=21.7111 since_improve=818
t=52401ms iter=1297 WAIST cost=19.0000 best_alt=15.0000 gap=4.0000 tried=5 sep_labels=15 clique_frac=0.02
t=52420ms iter=1297 REBUILD reject new_tc=22.2801 (was 21.7149)
t=52440ms iter=1297 incumb=21.7149 ratchet=21.7436 best=21.7111 since_improve=819
t=52442ms iter=1298 WAIST cost=19.0000 best_alt=16.0000 gap=3.0000 tried=5 sep_labels=16 clique_frac=0.06
t=52456ms iter=1298 REBUILD reject new_tc=21.7397 (was 21.7149)
t=52476ms iter=1298 incumb=21.7149 ratchet=21.7261 best=21.7111 since_improve=820
t=52478ms iter=1299 WAIST cost=19.0000 best_alt=15.0000 gap=4.0000 tried=5 sep_labels=15 clique_frac=0.04
t=52497ms iter=1299 REBUILD reject new_tc=21.7653 (was 21.7149)
t=52517ms iter=1299 incumb=21.7149 ratchet=21.8172 best=21.7111 since_improve=821
t=52519ms iter=1300 WAIST cost=19.0000 best_alt=16.0000 gap=3.0000 tried=5 sep_labels=16 clique_frac=0.06
t=52532ms iter=1300 REBUILD reject new_tc=22.6969 (was 21.7149)
t=52553ms iter=1300 incumb=21.7149 ratchet=21.7525 best=21.7111 since_improve=822
t=52554ms iter=1301 WAIST cost=19.0000 best_alt=16.0000 gap=3.0000 tried=5 sep_labels=16 clique_frac=0.06
t=52568ms iter=1301 REBUILD reject new_tc=22.0881 (was 21.7149)
t=52589ms iter=1301 incumb=21.7149 ratchet=21.7688 best=21.7111 since_improve=823
t=52590ms iter=1302 WAIST cost=19.0000 best_alt=15.0000 gap=4.0000 tried=5 sep_labels=15 clique_frac=0.08
t=52609ms iter=1302 REBUILD reject new_tc=22.1693 (was 21.7149)
t=52629ms iter=1302 incumb=21.7149 ratchet=21.8842 best=21.7111 since_improve=824
t=52630ms iter=1303 WAIST cost=19.0000 best_alt=15.0000 gap=4.0000 tried=5 sep_labels=15 clique_frac=0.10
t=52649ms iter=1303 REBUILD reject new_tc=22.1736 (was 21.7149)
t=52670ms iter=1303 incumb=21.7149 ratchet=21.7443 best=21.7111 since_improve=825
t=52672ms iter=1304 WAIST cost=19.0000 best_alt=15.0000 gap=4.0000 tried=5 sep_labels=15 clique_frac=0.10
t=52691ms iter=1304 REBUILD reject new_tc=21.8970 (was 21.7149)
t=52712ms iter=1304 incumb=21.7149 ratchet=21.8573 best=21.7111 since_improve=826
t=52713ms iter=1305 WAIST cost=19.0000 best_alt=15.0000 gap=4.0000 tried=5 sep_labels=15 clique_frac=0.08
t=52733ms iter=1305 REBUILD reject new_tc=22.1700 (was 21.7149)
t=52754ms iter=1305 incumb=21.7149 ratchet=21.7466 best=21.7111 since_improve=827
t=52755ms iter=1306 WAIST cost=19.0000 best_alt=16.0000 gap=3.0000 tried=5 sep_labels=16 clique_frac=0.06
t=52769ms iter=1306 REBUILD reject new_tc=21.7539 (was 21.7149)
t=52789ms iter=1306 incumb=21.7149 ratchet=22.0341 best=21.7111 since_improve=828
t=52791ms iter=1307 WAIST cost=19.0000 best_alt=15.0000 gap=4.0000 tried=5 sep_labels=15 clique_frac=0.07
t=52810ms iter=1307 REBUILD reject new_tc=21.9777 (was 21.7149)
t=52831ms iter=1307 incumb=21.7149 ratchet=21.8986 best=21.7111 since_improve=829
t=52832ms iter=1308 WAIST cost=19.0000 best_alt=16.0000 gap=3.0000 tried=5 sep_labels=16 clique_frac=0.06
t=52846ms iter=1308 REBUILD reject new_tc=22.1586 (was 21.7149)
t=52866ms iter=1308 incumb=21.7149 ratchet=21.9066 best=21.7111 since_improve=830
t=52867ms iter=1309 WAIST cost=19.0000 best_alt=16.0000 gap=3.0000 tried=5 sep_labels=16 clique_frac=0.06
t=52882ms iter=1309 REBUILD reject new_tc=21.8489 (was 21.7149)
t=52902ms iter=1309 incumb=21.7149 ratchet=21.7939 best=21.7111 since_improve=831
t=52904ms iter=1310 WAIST cost=19.0000 best_alt=15.0000 gap=4.0000 tried=5 sep_labels=15 clique_frac=0.06
t=52923ms iter=1310 REBUILD reject new_tc=21.7295 (was 21.7149)
t=52944ms iter=1310 incumb=21.7149 ratchet=21.8092 best=21.7111 since_improve=832
t=52945ms iter=1311 WAIST cost=19.0000 best_alt=15.0000 gap=4.0000 tried=5 sep_labels=15 clique_frac=0.08
t=52965ms iter=1311 REBUILD reject new_tc=21.9336 (was 21.7149)
t=52985ms iter=1311 incumb=21.7149 ratchet=21.8458 best=21.7111 since_improve=833
t=52987ms iter=1312 WAIST cost=19.0000 best_alt=15.0000 gap=4.0000 tried=5 sep_labels=15 clique_frac=0.10
t=53006ms iter=1312 REBUILD reject new_tc=22.0440 (was 21.7149)
t=53026ms iter=1312 incumb=21.7149 ratchet=21.7546 best=21.7111 since_improve=834
t=53028ms iter=1313 WAIST cost=19.0000 best_alt=15.0000 gap=4.0000 tried=5 sep_labels=15 clique_frac=0.10
t=53047ms iter=1313 REBUILD reject new_tc=22.2147 (was 21.7149)
t=53067ms iter=1313 incumb=21.7149 ratchet=21.8619 best=21.7111 since_improve=835
t=53069ms iter=1314 WAIST cost=19.0000 best_alt=15.0000 gap=4.0000 tried=5 sep_labels=15 clique_frac=0.05
t=53088ms iter=1314 REBUILD reject new_tc=21.8631 (was 21.7149)
t=53109ms iter=1314 incumb=21.7149 ratchet=21.7569 best=21.7111 since_improve=836
t=53110ms iter=1315 WAIST cost=19.0000 best_alt=15.0000 gap=4.0000 tried=5 sep_labels=15 clique_frac=0.07
t=53130ms iter=1315 REBUILD reject new_tc=22.1689 (was 21.7149)
t=53150ms iter=1315 incumb=21.7149 ratchet=21.8199 best=21.7111 since_improve=837
t=53152ms iter=1316 WAIST cost=19.0000 best_alt=15.0000 gap=4.0000 tried=5 sep_labels=15 clique_frac=0.08
t=53171ms iter=1316 REBUILD reject new_tc=21.9474 (was 21.7149)
t=53191ms iter=1316 incumb=21.7149 ratchet=21.8585 best=21.7111 since_improve=838
t=53192ms iter=1317 WAIST cost=19.0000 best_alt=15.0000 gap=4.0000 tried=5 sep_labels=15 clique_frac=0.08
t=53212ms iter=1317 REBUILD reject new_tc=22.1974 (was 21.7149)
t=53232ms iter=1317 incumb=21.7149 ratchet=21.8702 best=21.7111 since_improve=839
t=53234ms iter=1318 WAIST cost=19.0000 best_alt=15.0000 gap=4.0000 tried=5 sep_labels=15 clique_frac=0.05
t=53253ms iter=1318 REBUILD reject new_tc=22.2180 (was 21.7149)
t=53274ms iter=1318 incumb=21.7149 ratchet=21.8199 best=21.7111 since_improve=840
t=53275ms iter=1319 WAIST cost=19.0000 best_alt=16.0000 gap=3.0000 tried=5 sep_labels=16 clique_frac=0.06
t=53289ms iter=1319 REBUILD reject new_tc=22.0968 (was 21.7149)
t=53310ms iter=1319 incumb=21.7149 ratchet=22.0040 best=21.7111 since_improve=841
t=53312ms iter=1320 WAIST cost=19.0000 best_alt=16.0000 gap=3.0000 tried=5 sep_labels=16 clique_frac=0.06
t=53326ms iter=1320 REBUILD reject new_tc=22.1559 (was 21.7149)
t=53346ms iter=1320 incumb=21.7149 ratchet=21.7401 best=21.7111 since_improve=842
t=53348ms iter=1321 WAIST cost=19.0000 best_alt=16.0000 gap=3.0000 tried=5 sep_labels=16 clique_frac=0.06
t=53361ms iter=1321 REBUILD reject new_tc=21.7410 (was 21.7149)
t=53382ms iter=1321 incumb=21.7149 ratchet=21.7289 best=21.7111 since_improve=843
t=53383ms iter=1322 WAIST cost=19.0000 best_alt=15.0000 gap=4.0000 tried=5 sep_labels=15 clique_frac=0.08
t=53403ms iter=1322 REBUILD reject new_tc=21.8681 (was 21.7149)
t=53424ms iter=1322 incumb=21.7149 ratchet=21.8027 best=21.7111 since_improve=844
t=53425ms iter=1323 WAIST cost=19.0000 best_alt=15.0000 gap=4.0000 tried=5 sep_labels=15 clique_frac=0.10
t=53445ms iter=1323 REBUILD reject new_tc=21.8106 (was 21.7149)
t=53465ms iter=1323 incumb=21.7149 ratchet=21.7435 best=21.7111 since_improve=845
t=53467ms iter=1324 WAIST cost=19.0000 best_alt=15.0000 gap=4.0000 tried=5 sep_labels=15 clique_frac=0.02
t=53486ms iter=1324 REBUILD reject new_tc=21.7836 (was 21.7149)
t=53507ms iter=1324 incumb=21.7149 ratchet=21.7948 best=21.7111 since_improve=846
t=53508ms iter=1325 WAIST cost=19.0000 best_alt=15.0000 gap=4.0000 tried=5 sep_labels=15 clique_frac=0.07
t=53528ms iter=1325 REBUILD reject new_tc=21.7627 (was 21.7149)
t=53548ms iter=1325 incumb=21.7149 ratchet=21.8461 best=21.7111 since_improve=847
t=53550ms iter=1326 WAIST cost=19.0000 best_alt=16.0000 gap=3.0000 tried=5 sep_labels=16 clique_frac=0.06
t=53564ms iter=1326 REBUILD reject new_tc=22.2195 (was 21.7149)
t=53584ms iter=1326 incumb=21.7149 ratchet=21.8417 best=21.7111 since_improve=848
t=53586ms iter=1327 WAIST cost=19.0000 best_alt=16.0000 gap=3.0000 tried=5 sep_labels=16 clique_frac=0.06
t=53599ms iter=1327 REBUILD reject new_tc=22.0890 (was 21.7149)
t=53620ms iter=1327 incumb=21.7149 ratchet=21.8833 best=21.7111 since_improve=849
t=53622ms iter=1328 WAIST cost=19.0000 best_alt=16.0000 gap=3.0000 tried=5 sep_labels=16 clique_frac=0.06
t=53636ms iter=1328 REBUILD reject new_tc=22.2067 (was 21.7149)
t=53656ms iter=1328 incumb=21.7149 ratchet=21.8434 best=21.7111 since_improve=850
t=53657ms iter=1329 WAIST cost=19.0000 best_alt=15.0000 gap=4.0000 tried=5 sep_labels=15 clique_frac=0.02
t=53676ms iter=1329 REBUILD reject new_tc=21.8305 (was 21.7149)
t=53697ms iter=1329 incumb=21.7149 ratchet=21.8686 best=21.7111 since_improve=851
t=53698ms iter=1330 WAIST cost=19.0000 best_alt=16.0000 gap=3.0000 tried=5 sep_labels=16 clique_frac=0.06
t=53712ms iter=1330 REBUILD reject new_tc=21.8118 (was 21.7149)
t=53733ms iter=1330 incumb=21.7149 ratchet=21.8234 best=21.7111 since_improve=852
t=53735ms iter=1331 WAIST cost=19.0000 best_alt=15.0000 gap=4.0000 tried=5 sep_labels=15 clique_frac=0.06
t=53754ms iter=1331 REBUILD reject new_tc=21.7268 (was 21.7149)
t=53775ms iter=1331 incumb=21.7149 ratchet=21.7279 best=21.7111 since_improve=853
t=53776ms iter=1332 WAIST cost=19.0000 best_alt=15.0000 gap=4.0000 tried=5 sep_labels=15 clique_frac=0.10
t=53796ms iter=1332 REBUILD reject new_tc=21.9863 (was 21.7149)
t=53816ms iter=1332 incumb=21.7149 ratchet=21.7416 best=21.7111 since_improve=854
t=53818ms iter=1333 WAIST cost=19.0000 best_alt=16.0000 gap=3.0000 tried=5 sep_labels=16 clique_frac=0.06
t=53832ms iter=1333 REBUILD reject new_tc=22.1193 (was 21.7149)
t=53853ms iter=1333 incumb=21.7149 ratchet=21.9001 best=21.7111 since_improve=855
t=53854ms iter=1334 WAIST cost=19.0000 best_alt=15.0000 gap=4.0000 tried=5 sep_labels=15 clique_frac=0.08
t=53873ms iter=1334 REBUILD reject new_tc=21.9538 (was 21.7149)
t=53894ms iter=1334 incumb=21.7149 ratchet=21.7833 best=21.7111 since_improve=856
t=53895ms iter=1335 WAIST cost=19.0000 best_alt=15.0000 gap=4.0000 tried=5 sep_labels=15 clique_frac=0.08
t=53915ms iter=1335 REBUILD reject new_tc=21.8562 (was 21.7149)
t=53935ms iter=1335 incumb=21.7149 ratchet=21.9304 best=21.7111 since_improve=857
t=53936ms iter=1336 WAIST cost=19.0000 best_alt=16.0000 gap=3.0000 tried=5 sep_labels=16 clique_frac=0.06
t=53950ms iter=1336 REBUILD reject new_tc=22.2449 (was 21.7149)
t=53971ms iter=1336 incumb=21.7149 ratchet=21.7532 best=21.7111 since_improve=858
t=53973ms iter=1337 WAIST cost=19.0000 best_alt=15.0000 gap=4.0000 tried=5 sep_labels=15 clique_frac=0.08
t=53992ms iter=1337 REBUILD reject new_tc=22.0888 (was 21.7149)
t=54013ms iter=1337 incumb=21.7149 ratchet=21.9895 best=21.7111 since_improve=859
t=54014ms iter=1338 WAIST cost=19.0000 best_alt=15.0000 gap=4.0000 tried=5 sep_labels=15 clique_frac=0.10
t=54034ms iter=1338 REBUILD reject new_tc=21.7665 (was 21.7149)
t=54054ms iter=1338 incumb=21.7149 ratchet=21.7425 best=21.7111 since_improve=860
t=54055ms iter=1339 WAIST cost=19.0000 best_alt=15.0000 gap=4.0000 tried=5 sep_labels=15 clique_frac=0.10
t=54074ms iter=1339 REBUILD reject new_tc=21.8460 (was 21.7149)
t=54095ms iter=1339 incumb=21.7149 ratchet=21.8449 best=21.7111 since_improve=861
t=54097ms iter=1340 WAIST cost=19.0000 best_alt=15.0000 gap=4.0000 tried=5 sep_labels=15 clique_frac=0.05
t=54116ms iter=1340 REBUILD reject new_tc=22.1381 (was 21.7149)
t=54136ms iter=1340 incumb=21.7149 ratchet=21.9076 best=21.7111 since_improve=862
t=54137ms iter=1341 WAIST cost=19.0000 best_alt=16.0000 gap=3.0000 tried=5 sep_labels=16 clique_frac=0.06
t=54151ms iter=1341 REBUILD reject new_tc=22.1360 (was 21.7149)
t=54172ms iter=1341 incumb=21.7149 ratchet=21.7550 best=21.7111 since_improve=863
t=54173ms iter=1342 WAIST cost=19.0000 best_alt=15.0000 gap=4.0000 tried=5 sep_labels=15 clique_frac=0.05
t=54192ms iter=1342 REBUILD reject new_tc=22.1976 (was 21.7149)
t=54213ms iter=1342 incumb=21.7149 ratchet=21.8168 best=21.7111 since_improve=864
t=54215ms iter=1343 WAIST cost=19.0000 best_alt=15.0000 gap=4.0000 tried=5 sep_labels=15 clique_frac=0.07
t=54234ms iter=1343 REBUILD reject new_tc=21.9851 (was 21.7149)
t=54254ms iter=1343 incumb=21.7149 ratchet=21.8177 best=21.7111 since_improve=865
t=54255ms iter=1344 WAIST cost=19.0000 best_alt=15.0000 gap=4.0000 tried=5 sep_labels=15 clique_frac=0.07
t=54275ms iter=1344 REBUILD reject new_tc=22.2350 (was 21.7149)
t=54295ms iter=1344 incumb=21.7149 ratchet=21.7550 best=21.7111 since_improve=866
t=54296ms iter=1345 WAIST cost=19.0000 best_alt=15.0000 gap=4.0000 tried=5 sep_labels=15 clique_frac=0.08
t=54316ms iter=1345 REBUILD reject new_tc=21.8546 (was 21.7149)
t=54336ms iter=1345 incumb=21.7149 ratchet=21.9203 best=21.7111 since_improve=867
t=54338ms iter=1346 WAIST cost=19.0000 best_alt=15.0000 gap=4.0000 tried=5 sep_labels=15 clique_frac=0.10
t=54357ms iter=1346 REBUILD reject new_tc=21.7519 (was 21.7149)
t=54378ms iter=1346 incumb=21.7149 ratchet=21.7660 best=21.7111 since_improve=868
t=54379ms iter=1347 WAIST cost=19.0000 best_alt=15.0000 gap=4.0000 tried=5 sep_labels=15 clique_frac=0.08
t=54398ms iter=1347 REBUILD reject new_tc=21.9474 (was 21.7149)
t=54419ms iter=1347 incumb=21.7149 ratchet=21.7524 best=21.7111 since_improve=869
t=54420ms iter=1348 WAIST cost=19.0000 best_alt=15.0000 gap=4.0000 tried=5 sep_labels=15 clique_frac=0.07
t=54439ms iter=1348 REBUILD reject new_tc=21.9085 (was 21.7149)
t=54460ms iter=1348 incumb=21.7149 ratchet=21.7620 best=21.7111 since_improve=870
t=54461ms iter=1349 WAIST cost=19.0000 best_alt=16.0000 gap=3.0000 tried=5 sep_labels=16 clique_frac=0.06
t=54475ms iter=1349 REBUILD reject new_tc=22.3247 (was 21.7149)
t=54495ms iter=1349 incumb=21.7149 ratchet=21.7809 best=21.7111 since_improve=871
t=54497ms iter=1350 WAIST cost=19.0000 best_alt=16.0000 gap=3.0000 tried=5 sep_labels=16 clique_frac=0.06
t=54511ms iter=1350 REBUILD reject new_tc=22.3591 (was 21.7149)
t=54532ms iter=1350 incumb=21.7149 ratchet=21.7803 best=21.7111 since_improve=872
t=54533ms iter=1351 WAIST cost=19.0000 best_alt=15.0000 gap=4.0000 tried=5 sep_labels=15 clique_frac=0.08
t=54553ms iter=1351 REBUILD reject new_tc=22.4403 (was 21.7149)
t=54573ms iter=1351 incumb=21.7149 ratchet=21.7794 best=21.7111 since_improve=873
t=54574ms iter=1352 WAIST cost=19.0000 best_alt=15.0000 gap=4.0000 tried=5 sep_labels=15 clique_frac=0.02
t=54593ms iter=1352 REBUILD reject new_tc=22.4278 (was 21.7149)
t=54614ms iter=1352 incumb=21.7149 ratchet=21.7524 best=21.7111 since_improve=874
t=54615ms iter=1353 WAIST cost=19.0000 best_alt=15.0000 gap=4.0000 tried=5 sep_labels=15 clique_frac=0.02
t=54634ms iter=1353 REBUILD reject new_tc=22.1178 (was 21.7149)
t=54654ms iter=1353 incumb=21.7149 ratchet=21.7530 best=21.7111 since_improve=875
t=54655ms iter=1354 WAIST cost=19.0000 best_alt=15.0000 gap=4.0000 tried=5 sep_labels=15 clique_frac=0.07
t=54674ms iter=1354 REBUILD reject new_tc=21.7533 (was 21.7149)
t=54695ms iter=1354 incumb=21.7149 ratchet=21.7402 best=21.7111 since_improve=876
t=54696ms iter=1355 WAIST cost=19.0000 best_alt=15.0000 gap=4.0000 tried=5 sep_labels=15 clique_frac=0.02
t=54715ms iter=1355 REBUILD reject new_tc=22.1983 (was 21.7149)
t=54735ms iter=1355 incumb=21.7149 ratchet=21.8792 best=21.7111 since_improve=877
t=54737ms iter=1356 WAIST cost=19.0000 best_alt=16.0000 gap=3.0000 tried=5 sep_labels=16 clique_frac=0.06
t=54751ms iter=1356 REBUILD reject new_tc=22.3860 (was 21.7149)
t=54771ms iter=1356 incumb=21.7149 ratchet=21.8170 best=21.7111 since_improve=878
t=54772ms iter=1357 WAIST cost=19.0000 best_alt=16.0000 gap=3.0000 tried=5 sep_labels=16 clique_frac=0.06
t=54786ms iter=1357 REBUILD reject new_tc=21.8972 (was 21.7149)
t=54807ms iter=1357 incumb=21.7149 ratchet=21.7401 best=21.7111 since_improve=879
t=54808ms iter=1358 WAIST cost=19.0000 best_alt=16.0000 gap=3.0000 tried=5 sep_labels=16 clique_frac=0.06
t=54822ms iter=1358 REBUILD reject new_tc=22.2739 (was 21.7149)
t=54843ms iter=1358 incumb=21.7149 ratchet=21.8852 best=21.7111 since_improve=880
t=54844ms iter=1359 WAIST cost=19.0000 best_alt=15.0000 gap=4.0000 tried=5 sep_labels=15 clique_frac=0.08
t=54864ms iter=1359 REBUILD reject new_tc=21.9399 (was 21.7149)
t=54884ms iter=1359 incumb=21.7149 ratchet=21.8074 best=21.7111 since_improve=881
t=54885ms iter=1360 WAIST cost=19.0000 best_alt=15.0000 gap=4.0000 tried=5 sep_labels=15 clique_frac=0.08
t=54905ms iter=1360 REBUILD reject new_tc=22.1798 (was 21.7149)
t=54925ms iter=1360 incumb=21.7149 ratchet=21.8940 best=21.7111 since_improve=882
t=54926ms iter=1361 WAIST cost=19.0000 best_alt=15.0000 gap=4.0000 tried=5 sep_labels=15 clique_frac=0.08
t=54945ms iter=1361 REBUILD reject new_tc=21.9062 (was 21.7149)
t=54966ms iter=1361 incumb=21.7149 ratchet=21.8203 best=21.7111 since_improve=883
t=54967ms iter=1362 WAIST cost=19.0000 best_alt=15.0000 gap=4.0000 tried=5 sep_labels=15 clique_frac=0.06
t=54986ms iter=1362 REBUILD reject new_tc=22.1561 (was 21.7149)
t=55007ms iter=1362 incumb=21.7149 ratchet=21.9196 best=21.7111 since_improve=884
t=55008ms iter=1363 WAIST cost=19.0000 best_alt=15.0000 gap=4.0000 tried=5 sep_labels=15 clique_frac=0.02
t=55027ms iter=1363 REBUILD reject new_tc=22.0397 (was 21.7149)
t=55047ms iter=1363 incumb=21.7149 ratchet=21.8700 best=21.7111 since_improve=885
t=55049ms iter=1364 WAIST cost=19.0000 best_alt=15.0000 gap=4.0000 tried=5 sep_labels=15 clique_frac=0.08
t=55068ms iter=1364 REBUILD reject new_tc=22.0227 (was 21.7149)
t=55089ms iter=1364 incumb=21.7149 ratchet=21.8184 best=21.7111 since_improve=886
t=55090ms iter=1365 WAIST cost=19.0000 best_alt=15.0000 gap=4.0000 tried=5 sep_labels=15 clique_frac=0.10
t=55110ms iter=1365 REBUILD reject new_tc=21.9438 (was 21.7149)
t=55130ms iter=1365 incumb=21.7149 ratchet=21.7624 best=21.7111 since_improve=887
t=55132ms iter=1366 WAIST cost=19.0000 best_alt=16.0000 gap=3.0000 tried=5 sep_labels=16 clique_frac=0.06
t=55146ms iter=1366 REBUILD reject new_tc=21.7432 (was 21.7149)
t=55166ms iter=1366 incumb=21.7149 ratchet=21.7804 best=21.7111 since_improve=888
t=55167ms iter=1367 WAIST cost=19.0000 best_alt=15.0000 gap=4.0000 tried=5 sep_labels=15 clique_frac=0.05
t=55186ms iter=1367 REBUILD reject new_tc=22.1860 (was 21.7149)
t=55207ms iter=1367 incumb=21.7149 ratchet=21.7668 best=21.7111 since_improve=889
t=55209ms iter=1368 WAIST cost=19.0000 best_alt=15.0000 gap=4.0000 tried=5 sep_labels=15 clique_frac=0.08
t=55228ms iter=1368 REBUILD reject new_tc=21.9390 (was 21.7149)
t=55249ms iter=1368 incumb=21.7149 ratchet=21.8144 best=21.7111 since_improve=890
t=55250ms iter=1369 WAIST cost=19.0000 best_alt=15.0000 gap=4.0000 tried=5 sep_labels=15 clique_frac=0.05
t=55270ms iter=1369 REBUILD reject new_tc=21.7932 (was 21.7149)
t=55290ms iter=1369 incumb=21.7149 ratchet=21.7451 best=21.7111 since_improve=891
t=55291ms iter=1370 WAIST cost=19.0000 best_alt=16.0000 gap=3.0000 tried=5 sep_labels=16 clique_frac=0.06
t=55305ms iter=1370 REBUILD reject new_tc=22.0247 (was 21.7149)
t=55325ms iter=1370 incumb=21.7149 ratchet=21.7525 best=21.7111 since_improve=892
t=55327ms iter=1371 WAIST cost=19.0000 best_alt=15.0000 gap=4.0000 tried=5 sep_labels=15 clique_frac=0.07
t=55346ms iter=1371 REBUILD reject new_tc=22.1680 (was 21.7149)
t=55367ms iter=1371 incumb=21.7149 ratchet=21.8715 best=21.7111 since_improve=893
t=55369ms iter=1372 WAIST cost=19.0000 best_alt=15.0000 gap=4.0000 tried=5 sep_labels=15 clique_frac=0.08
t=55388ms iter=1372 REBUILD reject new_tc=22.1699 (was 21.7149)
t=55409ms iter=1372 incumb=21.7149 ratchet=21.7617 best=21.7111 since_improve=894
t=55410ms iter=1373 WAIST cost=19.0000 best_alt=15.0000 gap=4.0000 tried=5 sep_labels=15 clique_frac=0.07
t=55429ms iter=1373 REBUILD reject new_tc=22.2522 (was 21.7149)
t=55450ms iter=1373 incumb=21.7149 ratchet=22.0459 best=21.7111 since_improve=895
t=55451ms iter=1374 WAIST cost=19.0000 best_alt=15.0000 gap=4.0000 tried=5 sep_labels=15 clique_frac=0.05
t=55471ms iter=1374 REBUILD reject new_tc=22.1197 (was 21.7149)
t=55492ms iter=1374 incumb=21.7149 ratchet=21.9064 best=21.7111 since_improve=896
t=55493ms iter=1375 WAIST cost=19.0000 best_alt=15.0000 gap=4.0000 tried=5 sep_labels=15 clique_frac=0.05
t=55513ms iter=1375 REBUILD reject new_tc=21.8524 (was 21.7149)
t=55534ms iter=1375 incumb=21.7149 ratchet=21.9178 best=21.7111 since_improve=897
t=55535ms iter=1376 WAIST cost=19.0000 best_alt=15.0000 gap=4.0000 tried=5 sep_labels=15 clique_frac=0.08
t=55554ms iter=1376 REBUILD reject new_tc=21.9525 (was 21.7149)
t=55575ms iter=1376 incumb=21.7149 ratchet=21.7538 best=21.7111 since_improve=898
t=55576ms iter=1377 WAIST cost=19.0000 best_alt=15.0000 gap=4.0000 tried=5 sep_labels=15 clique_frac=0.08
t=55595ms iter=1377 REBUILD reject new_tc=22.0323 (was 21.7149)
t=55616ms iter=1377 incumb=21.7149 ratchet=21.7397 best=21.7111 since_improve=899
t=55618ms iter=1378 WAIST cost=19.0000 best_alt=15.0000 gap=4.0000 tried=5 sep_labels=15 clique_frac=0.02
t=55636ms iter=1378 REBUILD reject new_tc=22.0811 (was 21.7149)
t=55657ms iter=1378 incumb=21.7149 ratchet=21.7664 best=21.7111 since_improve=900
t=55659ms iter=1379 WAIST cost=19.0000 best_alt=15.0000 gap=4.0000 tried=5 sep_labels=15 clique_frac=0.05
t=55678ms iter=1379 REBUILD reject new_tc=22.3761 (was 21.7149)
t=55699ms iter=1379 incumb=21.7149 ratchet=21.9020 best=21.7111 since_improve=901
t=55700ms iter=1380 WAIST cost=19.0000 best_alt=15.0000 gap=4.0000 tried=5 sep_labels=15 clique_frac=0.08
t=55719ms iter=1380 REBUILD reject new_tc=21.8576 (was 21.7149)
t=55740ms iter=1380 incumb=21.7149 ratchet=21.9052 best=21.7111 since_improve=902
t=55741ms iter=1381 WAIST cost=19.0000 best_alt=15.0000 gap=4.0000 tried=5 sep_labels=15 clique_frac=0.04
t=55761ms iter=1381 REBUILD reject new_tc=22.2066 (was 21.7149)
t=55781ms iter=1381 incumb=21.7149 ratchet=21.8170 best=21.7111 since_improve=903
t=55783ms iter=1382 WAIST cost=19.0000 best_alt=16.0000 gap=3.0000 tried=5 sep_labels=16 clique_frac=0.06
t=55797ms iter=1382 REBUILD reject new_tc=21.9299 (was 21.7149)
t=55817ms iter=1382 incumb=21.7149 ratchet=21.8736 best=21.7111 since_improve=904
t=55818ms iter=1383 WAIST cost=19.0000 best_alt=15.0000 gap=4.0000 tried=5 sep_labels=15 clique_frac=0.08
t=55838ms iter=1383 REBUILD reject new_tc=21.8923 (was 21.7149)
t=55859ms iter=1383 incumb=21.7149 ratchet=21.7633 best=21.7111 since_improve=905
t=55860ms iter=1384 WAIST cost=19.0000 best_alt=16.0000 gap=3.0000 tried=5 sep_labels=16 clique_frac=0.06
t=55874ms iter=1384 REBUILD reject new_tc=21.7964 (was 21.7149)
t=55894ms iter=1384 incumb=21.7149 ratchet=21.8591 best=21.7111 since_improve=906
t=55896ms iter=1385 WAIST cost=19.0000 best_alt=16.0000 gap=3.0000 tried=5 sep_labels=16 clique_frac=0.06
t=55910ms iter=1385 REBUILD reject new_tc=21.9801 (was 21.7149)
t=55930ms iter=1385 incumb=21.7149 ratchet=21.8045 best=21.7111 since_improve=907
t=55931ms iter=1386 WAIST cost=19.0000 best_alt=15.0000 gap=4.0000 tried=5 sep_labels=15 clique_frac=0.06
t=55951ms iter=1386 REBUILD reject new_tc=21.9759 (was 21.7149)
t=55971ms iter=1386 incumb=21.7149 ratchet=21.8326 best=21.7111 since_improve=908
t=55972ms iter=1387 WAIST cost=19.0000 best_alt=15.0000 gap=4.0000 tried=5 sep_labels=15 clique_frac=0.05
t=55991ms iter=1387 REBUILD reject new_tc=22.2398 (was 21.7149)
t=56012ms iter=1387 incumb=21.7149 ratchet=22.1408 best=21.7111 since_improve=909
t=56014ms iter=1388 WAIST cost=19.0000 best_alt=16.0000 gap=3.0000 tried=5 sep_labels=16 clique_frac=0.06
t=56027ms iter=1388 REBUILD reject new_tc=21.8683 (was 21.7149)
t=56048ms iter=1388 incumb=21.7149 ratchet=21.7554 best=21.7111 since_improve=910
t=56049ms iter=1389 WAIST cost=19.0000 best_alt=16.0000 gap=3.0000 tried=5 sep_labels=16 clique_frac=0.06
t=56063ms iter=1389 REBUILD reject new_tc=22.1889 (was 21.7149)
t=56084ms iter=1389 incumb=21.7149 ratchet=21.8469 best=21.7111 since_improve=911
t=56085ms iter=1390 WAIST cost=19.0000 best_alt=15.0000 gap=4.0000 tried=5 sep_labels=15 clique_frac=0.07
t=56105ms iter=1390 REBUILD reject new_tc=22.2123 (was 21.7149)
t=56126ms iter=1390 incumb=21.7149 ratchet=21.9555 best=21.7111 since_improve=912
t=56128ms iter=1391 WAIST cost=19.0000 best_alt=15.0000 gap=4.0000 tried=5 sep_labels=15 clique_frac=0.06
t=56147ms iter=1391 REBUILD reject new_tc=22.2554 (was 21.7149)
t=56167ms iter=1391 incumb=21.7149 ratchet=21.9042 best=21.7111 since_improve=913
t=56168ms iter=1392 WAIST cost=19.0000 best_alt=15.0000 gap=4.0000 tried=5 sep_labels=15 clique_frac=0.06
t=56188ms iter=1392 REBUILD reject new_tc=21.7513 (was 21.7149)
t=56209ms iter=1392 incumb=21.7149 ratchet=21.7938 best=21.7111 since_improve=914
t=56210ms iter=1393 WAIST cost=19.0000 best_alt=15.0000 gap=4.0000 tried=5 sep_labels=15 clique_frac=0.02
t=56229ms iter=1393 REBUILD reject new_tc=21.9554 (was 21.7149)
t=56250ms iter=1393 incumb=21.7149 ratchet=21.8308 best=21.7111 since_improve=915
t=56251ms iter=1394 WAIST cost=19.0000 best_alt=15.0000 gap=4.0000 tried=5 sep_labels=15 clique_frac=0.02
t=56270ms iter=1394 REBUILD reject new_tc=22.2761 (was 21.7149)
t=56290ms iter=1394 incumb=21.7149 ratchet=21.9068 best=21.7111 since_improve=916
t=56292ms iter=1395 WAIST cost=19.0000 best_alt=16.0000 gap=3.0000 tried=5 sep_labels=16 clique_frac=0.06
t=56306ms iter=1395 REBUILD reject new_tc=21.8072 (was 21.7149)
t=56326ms iter=1395 incumb=21.7149 ratchet=21.7658 best=21.7111 since_improve=917
t=56327ms iter=1396 WAIST cost=19.0000 best_alt=16.0000 gap=3.0000 tried=5 sep_labels=16 clique_frac=0.06
t=56341ms iter=1396 REBUILD reject new_tc=21.7416 (was 21.7149)
t=56362ms iter=1396 incumb=21.7149 ratchet=21.9426 best=21.7111 since_improve=918
t=56363ms iter=1397 WAIST cost=19.0000 best_alt=15.0000 gap=4.0000 tried=5 sep_labels=15 clique_frac=0.05
t=56382ms iter=1397 REBUILD reject new_tc=21.7684 (was 21.7149)
t=56403ms iter=1397 incumb=21.7149 ratchet=21.7273 best=21.7111 since_improve=919
t=56404ms iter=1398 WAIST cost=19.0000 best_alt=16.0000 gap=3.0000 tried=5 sep_labels=16 clique_frac=0.06
t=56418ms iter=1398 REBUILD reject new_tc=21.7446 (was 21.7149)
t=56438ms iter=1398 incumb=21.7149 ratchet=21.7394 best=21.7111 since_improve=920
t=56440ms iter=1399 WAIST cost=19.0000 best_alt=15.0000 gap=4.0000 tried=5 sep_labels=15 clique_frac=0.02
t=56458ms iter=1399 REBUILD reject new_tc=22.2808 (was 21.7149)
t=56479ms iter=1399 incumb=21.7149 ratchet=21.7399 best=21.7111 since_improve=921
t=56480ms iter=1400 WAIST cost=19.0000 best_alt=16.0000 gap=3.0000 tried=5 sep_labels=16 clique_frac=0.06
t=56494ms iter=1400 REBUILD reject new_tc=21.7393 (was 21.7149)
t=56515ms iter=1400 incumb=21.7149 ratchet=22.0063 best=21.7111 since_improve=922
t=56516ms iter=1401 WAIST cost=19.0000 best_alt=15.0000 gap=4.0000 tried=5 sep_labels=15 clique_frac=0.05
t=56535ms iter=1401 REBUILD reject new_tc=22.0172 (was 21.7149)
t=56556ms iter=1401 incumb=21.7149 ratchet=21.7537 best=21.7111 since_improve=923
t=56558ms iter=1402 WAIST cost=19.0000 best_alt=16.0000 gap=3.0000 tried=5 sep_labels=16 clique_frac=0.06
t=56572ms iter=1402 REBUILD reject new_tc=22.3998 (was 21.7149)
t=56593ms iter=1402 incumb=21.7149 ratchet=21.8965 best=21.7111 since_improve=924
t=56594ms iter=1403 WAIST cost=19.0000 best_alt=15.0000 gap=4.0000 tried=5 sep_labels=15 clique_frac=0.02
t=56613ms iter=1403 REBUILD reject new_tc=22.1795 (was 21.7149)
t=56633ms iter=1403 incumb=21.7149 ratchet=21.7671 best=21.7111 since_improve=925
t=56634ms iter=1404 WAIST cost=19.0000 best_alt=15.0000 gap=4.0000 tried=5 sep_labels=15 clique_frac=0.10
t=56654ms iter=1404 REBUILD reject new_tc=22.2045 (was 21.7149)
t=56675ms iter=1404 incumb=21.7149 ratchet=21.8204 best=21.7111 since_improve=926
t=56676ms iter=1405 WAIST cost=19.0000 best_alt=15.0000 gap=4.0000 tried=5 sep_labels=15 clique_frac=0.05
t=56696ms iter=1405 REBUILD reject new_tc=21.8059 (was 21.7149)
t=56716ms iter=1405 incumb=21.7149 ratchet=21.8599 best=21.7111 since_improve=927
t=56718ms iter=1406 WAIST cost=19.0000 best_alt=16.0000 gap=3.0000 tried=5 sep_labels=16 clique_frac=0.06
t=56731ms iter=1406 REBUILD reject new_tc=21.7580 (was 21.7149)
t=56752ms iter=1406 incumb=21.7149 ratchet=21.8078 best=21.7111 since_improve=928
t=56753ms iter=1407 WAIST cost=19.0000 best_alt=15.0000 gap=4.0000 tried=5 sep_labels=15 clique_frac=0.07
t=56773ms iter=1407 REBUILD reject new_tc=22.1254 (was 21.7149)
t=56793ms iter=1407 incumb=21.7149 ratchet=21.7673 best=21.7111 since_improve=929
t=56794ms iter=1408 WAIST cost=19.0000 best_alt=16.0000 gap=3.0000 tried=5 sep_labels=16 clique_frac=0.06
t=56808ms iter=1408 REBUILD reject new_tc=21.7651 (was 21.7149)
t=56829ms iter=1408 incumb=21.7149 ratchet=21.8873 best=21.7111 since_improve=930
t=56830ms iter=1409 WAIST cost=19.0000 best_alt=15.0000 gap=4.0000 tried=5 sep_labels=15 clique_frac=0.08
t=56849ms iter=1409 REBUILD reject new_tc=22.1396 (was 21.7149)
t=56870ms iter=1409 incumb=21.7149 ratchet=21.7684 best=21.7111 since_improve=931
t=56871ms iter=1410 WAIST cost=19.0000 best_alt=15.0000 gap=4.0000 tried=5 sep_labels=15 clique_frac=0.02
t=56890ms iter=1410 REBUILD reject new_tc=22.4520 (was 21.7149)
t=56911ms iter=1410 incumb=21.7149 ratchet=21.8919 best=21.7111 since_improve=932
t=56912ms iter=1411 WAIST cost=19.0000 best_alt=15.0000 gap=4.0000 tried=5 sep_labels=15 clique_frac=0.05
t=56932ms iter=1411 REBUILD reject new_tc=21.8711 (was 21.7149)
t=56952ms iter=1411 incumb=21.7149 ratchet=21.8510 best=21.7111 since_improve=933
t=56953ms iter=1412 WAIST cost=19.0000 best_alt=15.0000 gap=4.0000 tried=5 sep_labels=15 clique_frac=0.10
t=56972ms iter=1412 REBUILD reject new_tc=21.7930 (was 21.7149)
t=56993ms iter=1412 incumb=21.7149 ratchet=21.8215 best=21.7111 since_improve=934
t=56994ms iter=1413 WAIST cost=19.0000 best_alt=16.0000 gap=3.0000 tried=5 sep_labels=16 clique_frac=0.06
t=57008ms iter=1413 REBUILD reject new_tc=21.8455 (was 21.7149)
t=57029ms iter=1413 incumb=21.7149 ratchet=22.0327 best=21.7111 since_improve=935
t=57030ms iter=1414 WAIST cost=19.0000 best_alt=16.0000 gap=3.0000 tried=5 sep_labels=16 clique_frac=0.06
t=57044ms iter=1414 REBUILD reject new_tc=22.2023 (was 21.7149)
t=57064ms iter=1414 incumb=21.7149 ratchet=21.7528 best=21.7111 since_improve=936
t=57065ms iter=1415 WAIST cost=19.0000 best_alt=15.0000 gap=4.0000 tried=5 sep_labels=15 clique_frac=0.04
t=57084ms iter=1415 REBUILD reject new_tc=21.9907 (was 21.7149)
t=57105ms iter=1415 incumb=21.7149 ratchet=21.7630 best=21.7111 since_improve=937
t=57107ms iter=1416 WAIST cost=19.0000 best_alt=15.0000 gap=4.0000 tried=5 sep_labels=15 clique_frac=0.08
t=57126ms iter=1416 REBUILD reject new_tc=21.9454 (was 21.7149)
t=57147ms iter=1416 incumb=21.7149 ratchet=21.8196 best=21.7111 since_improve=938
t=57148ms iter=1417 WAIST cost=19.0000 best_alt=15.0000 gap=4.0000 tried=5 sep_labels=15 clique_frac=0.07
t=57167ms iter=1417 REBUILD reject new_tc=21.9472 (was 21.7149)
t=57188ms iter=1417 incumb=21.7149 ratchet=21.7957 best=21.7111 since_improve=939
t=57189ms iter=1418 WAIST cost=19.0000 best_alt=15.0000 gap=4.0000 tried=5 sep_labels=15 clique_frac=0.05
t=57208ms iter=1418 REBUILD reject new_tc=21.8455 (was 21.7149)
t=57229ms iter=1418 incumb=21.7149 ratchet=21.9704 best=21.7111 since_improve=940
t=57230ms iter=1419 WAIST cost=19.0000 best_alt=15.0000 gap=4.0000 tried=5 sep_labels=15 clique_frac=0.07
t=57249ms iter=1419 REBUILD reject new_tc=22.0860 (was 21.7149)
t=57269ms iter=1419 incumb=21.7149 ratchet=21.7165 best=21.7111 since_improve=941
t=57271ms iter=1420 WAIST cost=19.0000 best_alt=16.0000 gap=3.0000 tried=5 sep_labels=16 clique_frac=0.06
t=57285ms iter=1420 REBUILD reject new_tc=22.4050 (was 21.7149)
t=57305ms iter=1420 incumb=21.7149 ratchet=22.1409 best=21.7111 since_improve=942
t=57307ms iter=1421 WAIST cost=19.0000 best_alt=15.0000 gap=4.0000 tried=5 sep_labels=15 clique_frac=0.04
t=57326ms iter=1421 REBUILD reject new_tc=22.0379 (was 21.7149)
t=57347ms iter=1421 incumb=21.7149 ratchet=21.7678 best=21.7111 since_improve=943
t=57348ms iter=1422 WAIST cost=19.0000 best_alt=16.0000 gap=3.0000 tried=5 sep_labels=16 clique_frac=0.06
t=57362ms iter=1422 REBUILD reject new_tc=21.7618 (was 21.7149)
t=57383ms iter=1422 incumb=21.7149 ratchet=21.8691 best=21.7111 since_improve=944
t=57384ms iter=1423 WAIST cost=19.0000 best_alt=15.0000 gap=4.0000 tried=5 sep_labels=15 clique_frac=0.02
t=57403ms iter=1423 REBUILD reject new_tc=21.8172 (was 21.7149)
t=57424ms iter=1423 incumb=21.7149 ratchet=21.8486 best=21.7111 since_improve=945
t=57426ms iter=1424 WAIST cost=19.0000 best_alt=16.0000 gap=3.0000 tried=5 sep_labels=16 clique_frac=0.06
t=57440ms iter=1424 REBUILD reject new_tc=22.3235 (was 21.7149)
t=57461ms iter=1424 incumb=21.7149 ratchet=21.8319 best=21.7111 since_improve=946
t=57462ms iter=1425 WAIST cost=19.0000 best_alt=15.0000 gap=4.0000 tried=5 sep_labels=15 clique_frac=0.07
t=57481ms iter=1425 REBUILD reject new_tc=21.7534 (was 21.7149)
t=57502ms iter=1425 incumb=21.7149 ratchet=21.7964 best=21.7111 since_improve=947
t=57504ms iter=1426 WAIST cost=19.0000 best_alt=15.0000 gap=4.0000 tried=5 sep_labels=15 clique_frac=0.02
t=57523ms iter=1426 REBUILD reject new_tc=22.1182 (was 21.7149)
t=57543ms iter=1426 incumb=21.7149 ratchet=21.8025 best=21.7111 since_improve=948
t=57545ms iter=1427 WAIST cost=19.0000 best_alt=15.0000 gap=4.0000 tried=5 sep_labels=15 clique_frac=0.04
t=57564ms iter=1427 REBUILD reject new_tc=21.8004 (was 21.7149)
t=57584ms iter=1427 incumb=21.7149 ratchet=21.8070 best=21.7111 since_improve=949
t=57586ms iter=1428 WAIST cost=19.0000 best_alt=16.0000 gap=3.0000 tried=5 sep_labels=16 clique_frac=0.06
t=57600ms iter=1428 REBUILD reject new_tc=22.3869 (was 21.7149)
t=57620ms iter=1428 incumb=21.7149 ratchet=21.7912 best=21.7111 since_improve=950
t=57622ms iter=1429 WAIST cost=19.0000 best_alt=15.0000 gap=4.0000 tried=5 sep_labels=15 clique_frac=0.05
t=57641ms iter=1429 REBUILD reject new_tc=21.8191 (was 21.7149)
t=57661ms iter=1429 incumb=21.7149 ratchet=21.7551 best=21.7111 since_improve=951
t=57663ms iter=1430 WAIST cost=19.0000 best_alt=16.0000 gap=3.0000 tried=5 sep_labels=16 clique_frac=0.06
t=57676ms iter=1430 REBUILD reject new_tc=22.3333 (was 21.7149)
t=57697ms iter=1430 incumb=21.7149 ratchet=21.9773 best=21.7111 since_improve=952
t=57698ms iter=1431 WAIST cost=19.0000 best_alt=16.0000 gap=3.0000 tried=5 sep_labels=16 clique_frac=0.06
t=57712ms iter=1431 REBUILD reject new_tc=22.1760 (was 21.7149)
t=57732ms iter=1431 incumb=21.7149 ratchet=22.0238 best=21.7111 since_improve=953
t=57734ms iter=1432 WAIST cost=19.0000 best_alt=15.0000 gap=4.0000 tried=5 sep_labels=15 clique_frac=0.07
t=57753ms iter=1432 REBUILD reject new_tc=22.2149 (was 21.7149)
t=57774ms iter=1432 incumb=21.7149 ratchet=21.7560 best=21.7111 since_improve=954
t=57775ms iter=1433 WAIST cost=19.0000 best_alt=15.0000 gap=4.0000 tried=5 sep_labels=15 clique_frac=0.08
t=57794ms iter=1433 REBUILD reject new_tc=22.2072 (was 21.7149)
t=57815ms iter=1433 incumb=21.7149 ratchet=21.9761 best=21.7111 since_improve=955
t=57817ms iter=1434 WAIST cost=19.0000 best_alt=15.0000 gap=4.0000 tried=5 sep_labels=15 clique_frac=0.10
t=57836ms iter=1434 REBUILD reject new_tc=22.1275 (was 21.7149)
t=57857ms iter=1434 incumb=21.7149 ratchet=21.9180 best=21.7111 since_improve=956
t=57858ms iter=1435 WAIST cost=19.0000 best_alt=15.0000 gap=4.0000 tried=5 sep_labels=15 clique_frac=0.02
t=57877ms iter=1435 REBUILD reject new_tc=22.3287 (was 21.7149)
t=57898ms iter=1435 incumb=21.7149 ratchet=22.1296 best=21.7111 since_improve=957
t=57899ms iter=1436 WAIST cost=19.0000 best_alt=15.0000 gap=4.0000 tried=5 sep_labels=15 clique_frac=0.08
t=57919ms iter=1436 REBUILD reject new_tc=21.8566 (was 21.7149)
t=57940ms iter=1436 incumb=21.7149 ratchet=21.7526 best=21.7111 since_improve=958
t=57941ms iter=1437 WAIST cost=19.0000 best_alt=15.0000 gap=4.0000 tried=5 sep_labels=15 clique_frac=0.08
t=57960ms iter=1437 REBUILD reject new_tc=22.0214 (was 21.7149)
t=57981ms iter=1437 incumb=21.7149 ratchet=21.9181 best=21.7111 since_improve=959
t=57982ms iter=1438 WAIST cost=19.0000 best_alt=15.0000 gap=4.0000 tried=5 sep_labels=15 clique_frac=0.08
t=58001ms iter=1438 REBUILD reject new_tc=22.1110 (was 21.7149)
t=58022ms iter=1438 incumb=21.7149 ratchet=21.8169 best=21.7111 since_improve=960
t=58024ms iter=1439 WAIST cost=19.0000 best_alt=15.0000 gap=4.0000 tried=5 sep_labels=15 clique_frac=0.05
t=58043ms iter=1439 REBUILD reject new_tc=22.3553 (was 21.7149)
t=58063ms iter=1439 incumb=21.7149 ratchet=21.8066 best=21.7111 since_improve=961
t=58064ms iter=1440 WAIST cost=19.0000 best_alt=15.0000 gap=4.0000 tried=5 sep_labels=15 clique_frac=0.07
t=58084ms iter=1440 REBUILD reject new_tc=22.0174 (was 21.7149)
t=58104ms iter=1440 incumb=21.7149 ratchet=21.8448 best=21.7111 since_improve=962
t=58106ms iter=1441 WAIST cost=19.0000 best_alt=16.0000 gap=3.0000 tried=5 sep_labels=16 clique_frac=0.06
t=58120ms iter=1441 REBUILD reject new_tc=21.7968 (was 21.7149)
t=58140ms iter=1441 incumb=21.7149 ratchet=21.8585 best=21.7111 since_improve=963
t=58142ms iter=1442 WAIST cost=19.0000 best_alt=16.0000 gap=3.0000 tried=5 sep_labels=16 clique_frac=0.06
t=58155ms iter=1442 REBUILD reject new_tc=22.2866 (was 21.7149)
t=58176ms iter=1442 incumb=21.7149 ratchet=21.9698 best=21.7111 since_improve=964
t=58177ms iter=1443 WAIST cost=19.0000 best_alt=16.0000 gap=3.0000 tried=5 sep_labels=16 clique_frac=0.06
t=58192ms iter=1443 REBUILD reject new_tc=22.2606 (was 21.7149)
t=58212ms iter=1443 incumb=21.7149 ratchet=21.7678 best=21.7111 since_improve=965
t=58214ms iter=1444 WAIST cost=19.0000 best_alt=15.0000 gap=4.0000 tried=5 sep_labels=15 clique_frac=0.04
t=58233ms iter=1444 REBUILD reject new_tc=21.8209 (was 21.7149)
t=58253ms iter=1444 incumb=21.7149 ratchet=21.7681 best=21.7111 since_improve=966
t=58254ms iter=1445 WAIST cost=19.0000 best_alt=15.0000 gap=4.0000 tried=5 sep_labels=15 clique_frac=0.08
t=58274ms iter=1445 REBUILD reject new_tc=21.7538 (was 21.7149)
t=58294ms iter=1445 incumb=21.7149 ratchet=21.8984 best=21.7111 since_improve=967
t=58296ms iter=1446 WAIST cost=19.0000 best_alt=15.0000 gap=4.0000 tried=5 sep_labels=15 clique_frac=0.05
t=58315ms iter=1446 REBUILD reject new_tc=22.1418 (was 21.7149)
t=58336ms iter=1446 incumb=21.7149 ratchet=22.0696 best=21.7111 since_improve=968
t=58337ms iter=1447 WAIST cost=19.0000 best_alt=16.0000 gap=3.0000 tried=5 sep_labels=16 clique_frac=0.06
t=58351ms iter=1447 REBUILD reject new_tc=22.0240 (was 21.7149)
t=58372ms iter=1447 incumb=21.7149 ratchet=21.7267 best=21.7111 since_improve=969
t=58373ms iter=1448 WAIST cost=19.0000 best_alt=15.0000 gap=4.0000 tried=5 sep_labels=15 clique_frac=0.08
t=58393ms iter=1448 REBUILD reject new_tc=21.8933 (was 21.7149)
t=58414ms iter=1448 incumb=21.7149 ratchet=22.1310 best=21.7111 since_improve=970
t=58415ms iter=1449 WAIST cost=19.0000 best_alt=16.0000 gap=3.0000 tried=5 sep_labels=16 clique_frac=0.06
t=58429ms iter=1449 REBUILD reject new_tc=21.7919 (was 21.7149)
t=58449ms iter=1449 incumb=21.7149 ratchet=21.8204 best=21.7111 since_improve=971
t=58450ms iter=1450 WAIST cost=19.0000 best_alt=16.0000 gap=3.0000 tried=5 sep_labels=16 clique_frac=0.06
t=58464ms iter=1450 REBUILD reject new_tc=21.8171 (was 21.7149)
t=58485ms iter=1450 incumb=21.7149 ratchet=21.8471 best=21.7111 since_improve=972
t=58486ms iter=1451 WAIST cost=19.0000 best_alt=15.0000 gap=4.0000 tried=5 sep_labels=15 clique_frac=0.08
t=58505ms iter=1451 REBUILD reject new_tc=21.9253 (was 21.7149)
t=58525ms iter=1451 incumb=21.7149 ratchet=21.9443 best=21.7111 since_improve=973
t=58527ms iter=1452 WAIST cost=19.0000 best_alt=15.0000 gap=4.0000 tried=5 sep_labels=15 clique_frac=0.07
t=58546ms iter=1452 REBUILD reject new_tc=21.8080 (was 21.7149)
t=58572ms iter=1452 incumb=21.7149 ratchet=21.7536 best=21.7111 since_improve=974
t=58575ms iter=1453 WAIST cost=19.0000 best_alt=16.0000 gap=3.0000 tried=5 sep_labels=16 clique_frac=0.06
t=58600ms iter=1453 REBUILD reject new_tc=21.8528 (was 21.7149)
t=58631ms iter=1453 incumb=21.7149 ratchet=21.7379 best=21.7111 since_improve=975
t=58633ms iter=1454 WAIST cost=19.0000 best_alt=15.0000 gap=4.0000 tried=5 sep_labels=15 clique_frac=0.07
t=58652ms iter=1454 REBUILD reject new_tc=22.0861 (was 21.7149)
t=58673ms iter=1454 incumb=21.7149 ratchet=21.8097 best=21.7111 since_improve=976
t=58675ms iter=1455 WAIST cost=19.0000 best_alt=16.0000 gap=3.0000 tried=5 sep_labels=16 clique_frac=0.06
t=58689ms iter=1455 REBUILD reject new_tc=22.2522 (was 21.7149)
t=58709ms iter=1455 incumb=21.7149 ratchet=21.8963 best=21.7111 since_improve=977
t=58710ms iter=1456 WAIST cost=19.0000 best_alt=16.0000 gap=3.0000 tried=5 sep_labels=16 clique_frac=0.06
t=58724ms iter=1456 REBUILD reject new_tc=22.0402 (was 21.7149)
t=58745ms iter=1456 incumb=21.7149 ratchet=21.7521 best=21.7111 since_improve=978
t=58746ms iter=1457 WAIST cost=19.0000 best_alt=16.0000 gap=3.0000 tried=5 sep_labels=16 clique_frac=0.06
t=58760ms iter=1457 REBUILD reject new_tc=21.9389 (was 21.7149)
t=58781ms iter=1457 incumb=21.7149 ratchet=22.0034 best=21.7111 since_improve=979
t=58782ms iter=1458 WAIST cost=19.0000 best_alt=15.0000 gap=4.0000 tried=5 sep_labels=15 clique_frac=0.08
t=58801ms iter=1458 REBUILD reject new_tc=21.8559 (was 21.7149)
t=58822ms iter=1458 incumb=21.7149 ratchet=21.8185 best=21.7111 since_improve=980
t=58823ms iter=1459 WAIST cost=19.0000 best_alt=15.0000 gap=4.0000 tried=5 sep_labels=15 clique_frac=0.08
t=58843ms iter=1459 REBUILD reject new_tc=22.3332 (was 21.7149)
t=58863ms iter=1459 incumb=21.7149 ratchet=21.8443 best=21.7111 since_improve=981
t=58864ms iter=1460 WAIST cost=19.0000 best_alt=16.0000 gap=3.0000 tried=5 sep_labels=16 clique_frac=0.06
t=58878ms iter=1460 REBUILD reject new_tc=22.1093 (was 21.7149)
t=58899ms iter=1460 incumb=21.7149 ratchet=22.0142 best=21.7111 since_improve=982
t=58900ms iter=1461 WAIST cost=19.0000 best_alt=15.0000 gap=4.0000 tried=5 sep_labels=15 clique_frac=0.08
t=58919ms iter=1461 REBUILD reject new_tc=21.9154 (was 21.7149)
t=58939ms iter=1461 incumb=21.7149 ratchet=21.7811 best=21.7111 since_improve=983
t=58941ms iter=1462 WAIST cost=19.0000 best_alt=16.0000 gap=3.0000 tried=5 sep_labels=16 clique_frac=0.06
t=58954ms iter=1462 REBUILD reject new_tc=21.8046 (was 21.7149)
t=58975ms iter=1462 incumb=21.7149 ratchet=21.7583 best=21.7111 since_improve=984
t=58976ms iter=1463 WAIST cost=19.0000 best_alt=15.0000 gap=4.0000 tried=5 sep_labels=15 clique_frac=0.08
t=58996ms iter=1463 REBUILD reject new_tc=21.8568 (was 21.7149)
t=59016ms iter=1463 incumb=21.7149 ratchet=21.8300 best=21.7111 since_improve=985
t=59018ms iter=1464 WAIST cost=19.0000 best_alt=16.0000 gap=3.0000 tried=5 sep_labels=16 clique_frac=0.06
t=59032ms iter=1464 REBUILD reject new_tc=22.1044 (was 21.7149)
t=59052ms iter=1464 incumb=21.7149 ratchet=21.9222 best=21.7111 since_improve=986
t=59054ms iter=1465 WAIST cost=19.0000 best_alt=15.0000 gap=4.0000 tried=5 sep_labels=15 clique_frac=0.06
t=59073ms iter=1465 REBUILD reject new_tc=22.1557 (was 21.7149)
t=59094ms iter=1465 incumb=21.7149 ratchet=21.7534 best=21.7111 since_improve=987
t=59095ms iter=1466 WAIST cost=19.0000 best_alt=15.0000 gap=4.0000 tried=5 sep_labels=15 clique_frac=0.05
t=59115ms iter=1466 REBUILD reject new_tc=21.9395 (was 21.7149)
t=59136ms iter=1466 incumb=21.7149 ratchet=21.7914 best=21.7111 since_improve=988
t=59138ms iter=1467 WAIST cost=19.0000 best_alt=15.0000 gap=4.0000 tried=5 sep_labels=15 clique_frac=0.02
t=59156ms iter=1467 REBUILD reject new_tc=22.4436 (was 21.7149)
t=59177ms iter=1467 incumb=21.7149 ratchet=21.8489 best=21.7111 since_improve=989
t=59178ms iter=1468 WAIST cost=19.0000 best_alt=15.0000 gap=4.0000 tried=5 sep_labels=15 clique_frac=0.04
t=59207ms iter=1468 REBUILD reject new_tc=22.0653 (was 21.7149)
t=59228ms iter=1468 incumb=21.7149 ratchet=21.8463 best=21.7111 since_improve=990
t=59230ms iter=1469 WAIST cost=19.0000 best_alt=16.0000 gap=3.0000 tried=5 sep_labels=16 clique_frac=0.06
t=59244ms iter=1469 REBUILD reject new_tc=21.8520 (was 21.7149)
t=59265ms iter=1469 incumb=21.7149 ratchet=21.8828 best=21.7111 since_improve=991
t=59266ms iter=1470 WAIST cost=19.0000 best_alt=15.0000 gap=4.0000 tried=5 sep_labels=15 clique_frac=0.02
t=59285ms iter=1470 REBUILD reject new_tc=21.9023 (was 21.7149)
t=59305ms iter=1470 incumb=21.7149 ratchet=21.8389 best=21.7111 since_improve=992
t=59307ms iter=1471 WAIST cost=19.0000 best_alt=16.0000 gap=3.0000 tried=5 sep_labels=16 clique_frac=0.06
t=59321ms iter=1471 REBUILD reject new_tc=22.2554 (was 21.7149)
t=59341ms iter=1471 incumb=21.7149 ratchet=21.9553 best=21.7111 since_improve=993
t=59342ms iter=1472 WAIST cost=19.0000 best_alt=15.0000 gap=4.0000 tried=5 sep_labels=15 clique_frac=0.08
t=59362ms iter=1472 REBUILD reject new_tc=21.9446 (was 21.7149)
t=59383ms iter=1472 incumb=21.7149 ratchet=21.9089 best=21.7111 since_improve=994
t=59384ms iter=1473 WAIST cost=19.0000 best_alt=15.0000 gap=4.0000 tried=5 sep_labels=15 clique_frac=0.02
t=59403ms iter=1473 REBUILD reject new_tc=22.2657 (was 21.7149)
t=59424ms iter=1473 incumb=21.7149 ratchet=21.9283 best=21.7111 since_improve=995
t=59425ms iter=1474 WAIST cost=19.0000 best_alt=16.0000 gap=3.0000 tried=5 sep_labels=16 clique_frac=0.06
t=59439ms iter=1474 REBUILD reject new_tc=22.2208 (was 21.7149)
t=59460ms iter=1474 incumb=21.7149 ratchet=21.7405 best=21.7111 since_improve=996
t=59461ms iter=1475 WAIST cost=19.0000 best_alt=15.0000 gap=4.0000 tried=5 sep_labels=15 clique_frac=0.05
t=59481ms iter=1475 REBUILD reject new_tc=22.3908 (was 21.7149)
t=59501ms iter=1475 incumb=21.7149 ratchet=21.8055 best=21.7111 since_improve=997
t=59503ms iter=1476 WAIST cost=19.0000 best_alt=15.0000 gap=4.0000 tried=5 sep_labels=15 clique_frac=0.08
t=59522ms iter=1476 REBUILD reject new_tc=22.1058 (was 21.7149)
t=59543ms iter=1476 incumb=21.7149 ratchet=21.8180 best=21.7111 since_improve=998
t=59544ms iter=1477 WAIST cost=19.0000 best_alt=15.0000 gap=4.0000 tried=5 sep_labels=15 clique_frac=0.08
t=59564ms iter=1477 REBUILD reject new_tc=22.1078 (was 21.7149)
t=59584ms iter=1477 incumb=21.7149 ratchet=21.7572 best=21.7111 since_improve=999
t=59586ms iter=1478 WAIST cost=19.0000 best_alt=15.0000 gap=4.0000 tried=5 sep_labels=15 clique_frac=0.08
t=59605ms iter=1478 REBUILD reject new_tc=21.9394 (was 21.7149)
t=59626ms iter=1478 incumb=21.7149 ratchet=21.7916 best=21.7111 since_improve=1000
t=59628ms iter=1479 WAIST cost=19.0000 best_alt=15.0000 gap=4.0000 tried=5 sep_labels=15 clique_frac=0.05
t=59647ms iter=1479 REBUILD reject new_tc=21.9051 (was 21.7149)
t=59668ms iter=1479 incumb=21.7149 ratchet=21.9163 best=21.7111 since_improve=1001
t=59669ms iter=1480 WAIST cost=19.0000 best_alt=15.0000 gap=4.0000 tried=5 sep_labels=15 clique_frac=0.08
t=59689ms iter=1480 REBUILD reject new_tc=21.9051 (was 21.7149)
t=59710ms iter=1480 incumb=21.7149 ratchet=21.7531 best=21.7111 since_improve=1002
t=59711ms iter=1481 WAIST cost=19.0000 best_alt=15.0000 gap=4.0000 tried=5 sep_labels=15 clique_frac=0.08
t=59730ms iter=1481 REBUILD reject new_tc=22.0889 (was 21.7149)
t=59751ms iter=1481 incumb=21.7149 ratchet=22.1802 best=21.7111 since_improve=1003
t=59752ms iter=1482 WAIST cost=19.0000 best_alt=16.0000 gap=3.0000 tried=5 sep_labels=16 clique_frac=0.06
t=59766ms iter=1482 REBUILD reject new_tc=21.8556 (was 21.7149)
t=59787ms iter=1482 incumb=21.7149 ratchet=21.8022 best=21.7111 since_improve=1004
t=59788ms iter=1483 WAIST cost=19.0000 best_alt=15.0000 gap=4.0000 tried=5 sep_labels=15 clique_frac=0.02
t=59807ms iter=1483 REBUILD reject new_tc=21.8188 (was 21.7149)
t=59827ms iter=1483 incumb=21.7149 ratchet=21.7919 best=21.7111 since_improve=1005
t=59829ms iter=1484 WAIST cost=19.0000 best_alt=15.0000 gap=4.0000 tried=5 sep_labels=15 clique_frac=0.10
t=59848ms iter=1484 REBUILD reject new_tc=22.0722 (was 21.7149)
t=59869ms iter=1484 incumb=21.7149 ratchet=21.7634 best=21.7111 since_improve=1006
t=59870ms iter=1485 WAIST cost=19.0000 best_alt=15.0000 gap=4.0000 tried=5 sep_labels=15 clique_frac=0.08
t=59890ms iter=1485 REBUILD reject new_tc=21.9438 (was 21.7149)
t=59910ms iter=1485 incumb=21.7149 ratchet=21.8798 best=21.7111 since_improve=1007
t=59912ms iter=1486 WAIST cost=19.0000 best_alt=15.0000 gap=4.0000 tried=5 sep_labels=15 clique_frac=0.08
t=59931ms iter=1486 REBUILD reject new_tc=21.9999 (was 21.7149)
t=59952ms iter=1486 incumb=21.7149 ratchet=21.7542 best=21.7111 since_improve=1008
t=59953ms iter=1487 WAIST cost=19.0000 best_alt=15.0000 gap=4.0000 tried=5 sep_labels=15 clique_frac=0.08
t=59972ms iter=1487 REBUILD reject new_tc=21.9474 (was 21.7149)
t=59993ms iter=1487 incumb=21.7149 ratchet=22.0852 best=21.7111 since_improve=1009
t=59994ms iter=1488 WAIST cost=19.0000 best_alt=15.0000 gap=4.0000 tried=5 sep_labels=15 clique_frac=0.08
t=60013ms iter=1488 REBUILD reject new_tc=21.9428 (was 21.7149)
t=60034ms iter=1488 incumb=21.7149 ratchet=21.8467 best=21.7111 since_improve=1010
t=60035ms iter=1489 WAIST cost=19.0000 best_alt=16.0000 gap=3.0000 tried=5 sep_labels=16 clique_frac=0.06
t=60049ms iter=1489 REBUILD reject new_tc=21.8906 (was 21.7149)
t=60070ms iter=1489 incumb=21.7149 ratchet=21.7539 best=21.7111 since_improve=1011
t=60071ms iter=1490 WAIST cost=19.0000 best_alt=15.0000 gap=4.0000 tried=5 sep_labels=15 clique_frac=0.08
t=60091ms iter=1490 REBUILD reject new_tc=21.8051 (was 21.7149)
t=60111ms iter=1490 incumb=21.7149 ratchet=21.9903 best=21.7111 since_improve=1012
t=60112ms iter=1491 WAIST cost=19.0000 best_alt=15.0000 gap=4.0000 tried=5 sep_labels=15 clique_frac=0.08
t=60132ms iter=1491 REBUILD reject new_tc=21.8069 (was 21.7149)
t=60152ms iter=1491 incumb=21.7149 ratchet=21.9288 best=21.7111 since_improve=1013
t=60153ms iter=1492 WAIST cost=19.0000 best_alt=15.0000 gap=4.0000 tried=5 sep_labels=15 clique_frac=0.08
t=60173ms iter=1492 REBUILD reject new_tc=22.1205 (was 21.7149)
t=60193ms iter=1492 incumb=21.7149 ratchet=21.8190 best=21.7111 since_improve=1014
t=60195ms iter=1493 WAIST cost=19.0000 best_alt=15.0000 gap=4.0000 tried=5 sep_labels=15 clique_frac=0.08
t=60214ms iter=1493 REBUILD reject new_tc=22.0254 (was 21.7149)
t=60234ms iter=1493 incumb=21.7149 ratchet=21.8606 best=21.7111 since_improve=1015
t=60235ms iter=1494 WAIST cost=19.0000 best_alt=15.0000 gap=4.0000 tried=5 sep_labels=15 clique_frac=0.08
t=60255ms iter=1494 REBUILD reject new_tc=22.1695 (was 21.7149)
t=60275ms iter=1494 incumb=21.7149 ratchet=21.9180 best=21.7111 since_improve=1016
t=60276ms iter=1495 WAIST cost=19.0000 best_alt=16.0000 gap=3.0000 tried=5 sep_labels=16 clique_frac=0.06
t=60290ms iter=1495 REBUILD reject new_tc=21.7949 (was 21.7149)
t=60311ms iter=1495 incumb=21.7149 ratchet=21.7656 best=21.7111 since_improve=1017
t=60312ms iter=1496 WAIST cost=19.0000 best_alt=15.0000 gap=4.0000 tried=5 sep_labels=15 clique_frac=0.08
t=60332ms iter=1496 REBUILD reject new_tc=21.8565 (was 21.7149)
t=60352ms iter=1496 incumb=21.7149 ratchet=21.7309 best=21.7111 since_improve=1018
t=60353ms iter=1497 WAIST cost=19.0000 best_alt=15.0000 gap=4.0000 tried=5 sep_labels=15 clique_frac=0.10
t=60373ms iter=1497 REBUILD reject new_tc=22.0430 (was 21.7149)
t=60394ms iter=1497 incumb=21.7149 ratchet=21.8093 best=21.7111 since_improve=1019
t=60395ms iter=1498 WAIST cost=19.0000 best_alt=15.0000 gap=4.0000 tried=5 sep_labels=15 clique_frac=0.10
t=60414ms iter=1498 REBUILD reject new_tc=21.9037 (was 21.7149)
t=60435ms iter=1498 incumb=21.7149 ratchet=21.8201 best=21.7111 since_improve=1020
t=60436ms iter=1499 WAIST cost=19.0000 best_alt=15.0000 gap=4.0000 tried=5 sep_labels=15 clique_frac=0.02
t=60455ms iter=1499 REBUILD reject new_tc=22.0716 (was 21.7149)
t=60476ms iter=1499 incumb=21.7149 ratchet=21.7539 best=21.7111 since_improve=1021
t=60477ms iter=1500 WAIST cost=19.0000 best_alt=15.0000 gap=4.0000 tried=5 sep_labels=15 clique_frac=0.04
t=60496ms iter=1500 REBUILD reject new_tc=22.7988 (was 21.7149)
t=60517ms iter=1500 incumb=21.7149 ratchet=21.7667 best=21.7111 since_improve=1022
t=60518ms iter=1501 WAIST cost=19.0000 best_alt=15.0000 gap=4.0000 tried=5 sep_labels=15 clique_frac=0.07
t=60538ms iter=1501 REBUILD reject new_tc=21.7551 (was 21.7149)
t=60559ms iter=1501 incumb=21.7149 ratchet=21.9157 best=21.7111 since_improve=1023
t=60560ms iter=1502 WAIST cost=19.0000 best_alt=15.0000 gap=4.0000 tried=5 sep_labels=15 clique_frac=0.02
t=60579ms iter=1502 REBUILD reject new_tc=22.2547 (was 21.7149)
t=60600ms iter=1502 incumb=21.7149 ratchet=22.1249 best=21.7111 since_improve=1024
t=60601ms iter=1503 WAIST cost=19.0000 best_alt=15.0000 gap=4.0000 tried=5 sep_labels=15 clique_frac=0.08
t=60620ms iter=1503 REBUILD reject new_tc=22.2139 (was 21.7149)
t=60640ms iter=1503 incumb=21.7149 ratchet=21.7577 best=21.7111 since_improve=1025
t=60642ms iter=1504 WAIST cost=19.0000 best_alt=15.0000 gap=4.0000 tried=5 sep_labels=15 clique_frac=0.05
t=60661ms iter=1504 REBUILD reject new_tc=22.8181 (was 21.7149)
t=60681ms iter=1504 incumb=21.7149 ratchet=21.7915 best=21.7111 since_improve=1026
t=60683ms iter=1505 WAIST cost=19.0000 best_alt=15.0000 gap=4.0000 tried=5 sep_labels=15 clique_frac=0.08
t=60702ms iter=1505 REBUILD reject new_tc=22.1583 (was 21.7149)
t=60723ms iter=1505 incumb=21.7149 ratchet=21.7698 best=21.7111 since_improve=1027
t=60724ms iter=1506 WAIST cost=19.0000 best_alt=15.0000 gap=4.0000 tried=5 sep_labels=15 clique_frac=0.02
t=60743ms iter=1506 REBUILD reject new_tc=22.3081 (was 21.7149)
t=60763ms iter=1506 incumb=21.7149 ratchet=21.8572 best=21.7111 since_improve=1028
t=60765ms iter=1507 WAIST cost=19.0000 best_alt=15.0000 gap=4.0000 tried=5 sep_labels=15 clique_frac=0.10
t=60784ms iter=1507 REBUILD reject new_tc=21.8451 (was 21.7149)
t=60806ms iter=1507 incumb=21.7149 ratchet=21.7527 best=21.7111 since_improve=1029
t=60807ms iter=1508 WAIST cost=19.0000 best_alt=15.0000 gap=4.0000 tried=5 sep_labels=15 clique_frac=0.10
t=60826ms iter=1508 REBUILD reject new_tc=21.7935 (was 21.7149)
t=60847ms iter=1508 incumb=21.7149 ratchet=21.8981 best=21.7111 since_improve=1030
t=60849ms iter=1509 WAIST cost=19.0000 best_alt=16.0000 gap=3.0000 tried=5 sep_labels=16 clique_frac=0.06
t=60863ms iter=1509 REBUILD reject new_tc=21.8121 (was 21.7149)
t=60883ms iter=1509 incumb=21.7149 ratchet=22.0941 best=21.7111 since_improve=1031
t=60885ms iter=1510 WAIST cost=19.0000 best_alt=16.0000 gap=3.0000 tried=5 sep_labels=16 clique_frac=0.06
t=60899ms iter=1510 REBUILD reject new_tc=21.7548 (was 21.7149)
t=60920ms iter=1510 incumb=21.7149 ratchet=21.7541 best=21.7111 since_improve=1032
t=60921ms iter=1511 WAIST cost=19.0000 best_alt=15.0000 gap=4.0000 tried=5 sep_labels=15 clique_frac=0.06
t=60940ms iter=1511 REBUILD reject new_tc=21.7797 (was 21.7149)
t=60961ms iter=1511 incumb=21.7149 ratchet=21.7921 best=21.7111 since_improve=1033
t=60962ms iter=1512 WAIST cost=19.0000 best_alt=15.0000 gap=4.0000 tried=5 sep_labels=15 clique_frac=0.06
t=60981ms iter=1512 REBUILD reject new_tc=21.8569 (was 21.7149)
t=61002ms iter=1512 incumb=21.7149 ratchet=21.9359 best=21.7111 since_improve=1034
t=61003ms iter=1513 WAIST cost=19.0000 best_alt=16.0000 gap=3.0000 tried=5 sep_labels=16 clique_frac=0.06
t=61017ms iter=1513 REBUILD reject new_tc=22.3349 (was 21.7149)
t=61037ms iter=1513 incumb=21.7149 ratchet=21.7913 best=21.7111 since_improve=1035
t=61038ms iter=1514 WAIST cost=19.0000 best_alt=15.0000 gap=4.0000 tried=5 sep_labels=15 clique_frac=0.08
t=61058ms iter=1514 REBUILD reject new_tc=21.9758 (was 21.7149)
t=61078ms iter=1514 incumb=21.7149 ratchet=21.7951 best=21.7111 since_improve=1036
t=61080ms iter=1515 WAIST cost=19.0000 best_alt=15.0000 gap=4.0000 tried=5 sep_labels=15 clique_frac=0.08
t=61099ms iter=1515 REBUILD reject new_tc=21.9554 (was 21.7149)
t=61120ms iter=1515 incumb=21.7149 ratchet=21.7475 best=21.7111 since_improve=1037
t=61121ms iter=1516 WAIST cost=19.0000 best_alt=15.0000 gap=4.0000 tried=5 sep_labels=15 clique_frac=0.06
t=61140ms iter=1516 REBUILD reject new_tc=21.7399 (was 21.7149)
t=61160ms iter=1516 incumb=21.7149 ratchet=21.7807 best=21.7111 since_improve=1038
t=61162ms iter=1517 WAIST cost=19.0000 best_alt=15.0000 gap=4.0000 tried=5 sep_labels=15 clique_frac=0.06
t=61181ms iter=1517 REBUILD reject new_tc=21.8337 (was 21.7149)
t=61202ms iter=1517 incumb=21.7149 ratchet=21.8479 best=21.7111 since_improve=1039
t=61203ms iter=1518 WAIST cost=19.0000 best_alt=16.0000 gap=3.0000 tried=5 sep_labels=16 clique_frac=0.06
t=61217ms iter=1518 REBUILD reject new_tc=22.1689 (was 21.7149)
t=61237ms iter=1518 incumb=21.7149 ratchet=21.7291 best=21.7111 since_improve=1040
t=61239ms iter=1519 WAIST cost=19.0000 best_alt=16.0000 gap=3.0000 tried=5 sep_labels=16 clique_frac=0.06
t=61253ms iter=1519 REBUILD reject new_tc=22.2517 (was 21.7149)
t=61274ms iter=1519 incumb=21.7149 ratchet=21.8621 best=21.7111 since_improve=1041
t=61275ms iter=1520 WAIST cost=19.0000 best_alt=15.0000 gap=4.0000 tried=5 sep_labels=15 clique_frac=0.05
t=61294ms iter=1520 REBUILD reject new_tc=21.7803 (was 21.7149)
t=61315ms iter=1520 incumb=21.7149 ratchet=22.0136 best=21.7111 since_improve=1042
t=61316ms iter=1521 WAIST cost=19.0000 best_alt=15.0000 gap=4.0000 tried=5 sep_labels=15 clique_frac=0.08
t=61335ms iter=1521 REBUILD reject new_tc=22.0346 (was 21.7149)
t=61356ms iter=1521 incumb=21.7149 ratchet=21.8946 best=21.7111 since_improve=1043
t=61357ms iter=1522 WAIST cost=19.0000 best_alt=15.0000 gap=4.0000 tried=5 sep_labels=15 clique_frac=0.08
t=61377ms iter=1522 REBUILD reject new_tc=22.2230 (was 21.7149)
t=61398ms iter=1522 incumb=21.7149 ratchet=21.8325 best=21.7111 since_improve=1044
t=61399ms iter=1523 WAIST cost=19.0000 best_alt=16.0000 gap=3.0000 tried=5 sep_labels=16 clique_frac=0.06
t=61413ms iter=1523 REBUILD reject new_tc=22.0962 (was 21.7149)
t=61434ms iter=1523 incumb=21.7149 ratchet=21.8631 best=21.7111 since_improve=1045
t=61435ms iter=1524 WAIST cost=19.0000 best_alt=15.0000 gap=4.0000 tried=5 sep_labels=15 clique_frac=0.05
t=61454ms iter=1524 REBUILD reject new_tc=21.9388 (was 21.7149)
t=61475ms iter=1524 incumb=21.7149 ratchet=21.8465 best=21.7111 since_improve=1046
t=61476ms iter=1525 WAIST cost=19.0000 best_alt=15.0000 gap=4.0000 tried=5 sep_labels=15 clique_frac=0.08
t=61495ms iter=1525 REBUILD reject new_tc=21.7918 (was 21.7149)
t=61516ms iter=1525 incumb=21.7149 ratchet=21.8082 best=21.7111 since_improve=1047
t=61517ms iter=1526 WAIST cost=19.0000 best_alt=16.0000 gap=3.0000 tried=5 sep_labels=16 clique_frac=0.06
t=61531ms iter=1526 REBUILD reject new_tc=22.1670 (was 21.7149)
t=61552ms iter=1526 incumb=21.7149 ratchet=21.7280 best=21.7111 since_improve=1048
t=61553ms iter=1527 WAIST cost=19.0000 best_alt=16.0000 gap=3.0000 tried=5 sep_labels=16 clique_frac=0.06
t=61567ms iter=1527 REBUILD reject new_tc=22.3434 (was 21.7149)
t=61587ms iter=1527 incumb=21.7149 ratchet=21.7954 best=21.7111 since_improve=1049
t=61589ms iter=1528 WAIST cost=19.0000 best_alt=16.0000 gap=3.0000 tried=5 sep_labels=16 clique_frac=0.06
t=61602ms iter=1528 REBUILD reject new_tc=22.0126 (was 21.7149)
t=61623ms iter=1528 incumb=21.7149 ratchet=21.9176 best=21.7111 since_improve=1050
t=61625ms iter=1529 WAIST cost=19.0000 best_alt=15.0000 gap=4.0000 tried=5 sep_labels=15 clique_frac=0.08
t=61644ms iter=1529 REBUILD reject new_tc=22.1794 (was 21.7149)
t=61664ms iter=1529 incumb=21.7149 ratchet=21.7791 best=21.7111 since_improve=1051
t=61666ms iter=1530 WAIST cost=19.0000 best_alt=15.0000 gap=4.0000 tried=5 sep_labels=15 clique_frac=0.02
t=61685ms iter=1530 REBUILD reject new_tc=21.7805 (was 21.7149)
t=61705ms iter=1530 incumb=21.7149 ratchet=21.7669 best=21.7111 since_improve=1052
t=61707ms iter=1531 WAIST cost=19.0000 best_alt=15.0000 gap=4.0000 tried=5 sep_labels=15 clique_frac=0.02
t=61726ms iter=1531 REBUILD reject new_tc=22.2547 (was 21.7149)
t=61746ms iter=1531 incumb=21.7149 ratchet=21.8199 best=21.7111 since_improve=1053
t=61747ms iter=1532 WAIST cost=19.0000 best_alt=15.0000 gap=4.0000 tried=5 sep_labels=15 clique_frac=0.05
t=61767ms iter=1532 REBUILD reject new_tc=22.1329 (was 21.7149)
t=61787ms iter=1532 incumb=21.7149 ratchet=21.8703 best=21.7111 since_improve=1054
t=61788ms iter=1533 WAIST cost=19.0000 best_alt=15.0000 gap=4.0000 tried=5 sep_labels=15 clique_frac=0.02
t=61807ms iter=1533 REBUILD reject new_tc=21.7800 (was 21.7149)
t=61828ms iter=1533 incumb=21.7149 ratchet=21.7652 best=21.7111 since_improve=1055
t=61830ms iter=1534 WAIST cost=19.0000 best_alt=15.0000 gap=4.0000 tried=5 sep_labels=15 clique_frac=0.05
t=61849ms iter=1534 REBUILD reject new_tc=22.2327 (was 21.7149)
t=61870ms iter=1534 incumb=21.7149 ratchet=21.8566 best=21.7111 since_improve=1056
t=61871ms iter=1535 WAIST cost=19.0000 best_alt=15.0000 gap=4.0000 tried=5 sep_labels=15 clique_frac=0.08
t=61890ms iter=1535 REBUILD reject new_tc=21.9452 (was 21.7149)
t=61911ms iter=1535 incumb=21.7149 ratchet=21.7788 best=21.7111 since_improve=1057
t=61913ms iter=1536 WAIST cost=19.0000 best_alt=15.0000 gap=4.0000 tried=5 sep_labels=15 clique_frac=0.06
t=61932ms iter=1536 REBUILD reject new_tc=21.7311 (was 21.7149)
t=61953ms iter=1536 incumb=21.7149 ratchet=21.8570 best=21.7111 since_improve=1058
t=61954ms iter=1537 WAIST cost=19.0000 best_alt=16.0000 gap=3.0000 tried=5 sep_labels=16 clique_frac=0.06
t=61968ms iter=1537 REBUILD reject new_tc=21.9395 (was 21.7149)
t=61988ms iter=1537 incumb=21.7149 ratchet=21.8557 best=21.7111 since_improve=1059
t=61990ms iter=1538 WAIST cost=19.0000 best_alt=16.0000 gap=3.0000 tried=5 sep_labels=16 clique_frac=0.06
t=62004ms iter=1538 REBUILD reject new_tc=22.1756 (was 21.7149)
t=62024ms iter=1538 incumb=21.7149 ratchet=22.1014 best=21.7111 since_improve=1060
t=62025ms iter=1539 WAIST cost=19.0000 best_alt=16.0000 gap=3.0000 tried=5 sep_labels=16 clique_frac=0.06
t=62039ms iter=1539 REBUILD reject new_tc=21.7388 (was 21.7149)
t=62060ms iter=1539 incumb=21.7149 ratchet=21.9000 best=21.7111 since_improve=1061
t=62061ms iter=1540 WAIST cost=19.0000 best_alt=16.0000 gap=3.0000 tried=5 sep_labels=16 clique_frac=0.06
t=62075ms iter=1540 REBUILD reject new_tc=22.0882 (was 21.7149)
t=62096ms iter=1540 incumb=21.7149 ratchet=21.8488 best=21.7111 since_improve=1062
t=62097ms iter=1541 WAIST cost=19.0000 best_alt=15.0000 gap=4.0000 tried=5 sep_labels=15 clique_frac=0.05
t=62117ms iter=1541 REBUILD reject new_tc=22.1484 (was 21.7149)
t=62137ms iter=1541 incumb=21.7149 ratchet=21.9013 best=21.7111 since_improve=1063
t=62139ms iter=1542 WAIST cost=19.0000 best_alt=15.0000 gap=4.0000 tried=5 sep_labels=15 clique_frac=0.08
t=62158ms iter=1542 REBUILD reject new_tc=22.1664 (was 21.7149)
t=62178ms iter=1542 incumb=21.7149 ratchet=21.8498 best=21.7111 since_improve=1064
t=62180ms iter=1543 WAIST cost=19.0000 best_alt=16.0000 gap=3.0000 tried=5 sep_labels=16 clique_frac=0.06
t=62194ms iter=1543 REBUILD reject new_tc=22.2623 (was 21.7149)
t=62214ms iter=1543 incumb=21.7149 ratchet=21.8321 best=21.7111 since_improve=1065
t=62216ms iter=1544 WAIST cost=19.0000 best_alt=15.0000 gap=4.0000 tried=5 sep_labels=15 clique_frac=0.08
t=62235ms iter=1544 REBUILD reject new_tc=22.2985 (was 21.7149)
t=62255ms iter=1544 incumb=21.7149 ratchet=21.9297 best=21.7111 since_improve=1066
t=62257ms iter=1545 WAIST cost=19.0000 best_alt=15.0000 gap=4.0000 tried=5 sep_labels=15 clique_frac=0.05
t=62276ms iter=1545 REBUILD reject new_tc=22.3342 (was 21.7149)
t=62297ms iter=1545 incumb=21.7149 ratchet=21.7540 best=21.7111 since_improve=1067
t=62298ms iter=1546 WAIST cost=19.0000 best_alt=16.0000 gap=3.0000 tried=5 sep_labels=16 clique_frac=0.06
t=62312ms iter=1546 REBUILD reject new_tc=22.3112 (was 21.7149)
t=62332ms iter=1546 incumb=21.7149 ratchet=21.8094 best=21.7111 since_improve=1068
t=62334ms iter=1547 WAIST cost=19.0000 best_alt=15.0000 gap=4.0000 tried=5 sep_labels=15 clique_frac=0.04
t=62353ms iter=1547 REBUILD reject new_tc=21.7845 (was 21.7149)
t=62373ms iter=1547 incumb=21.7149 ratchet=21.8197 best=21.7111 since_improve=1069
t=62374ms iter=1548 WAIST cost=19.0000 best_alt=16.0000 gap=3.0000 tried=5 sep_labels=16 clique_frac=0.06
t=62388ms iter=1548 REBUILD reject new_tc=21.8597 (was 21.7149)
t=62409ms iter=1548 incumb=21.7149 ratchet=21.7648 best=21.7111 since_improve=1070
t=62410ms iter=1549 WAIST cost=19.0000 best_alt=15.0000 gap=4.0000 tried=5 sep_labels=15 clique_frac=0.10
t=62429ms iter=1549 REBUILD reject new_tc=22.0700 (was 21.7149)
t=62450ms iter=1549 incumb=21.7149 ratchet=21.7654 best=21.7111 since_improve=1071
t=62452ms iter=1550 WAIST cost=19.0000 best_alt=15.0000 gap=4.0000 tried=5 sep_labels=15 clique_frac=0.10
t=62471ms iter=1550 REBUILD reject new_tc=22.2155 (was 21.7149)
t=62492ms iter=1550 incumb=21.7149 ratchet=21.9651 best=21.7111 since_improve=1072
t=62493ms iter=1551 WAIST cost=19.0000 best_alt=16.0000 gap=3.0000 tried=5 sep_labels=16 clique_frac=0.06
t=62507ms iter=1551 REBUILD reject new_tc=22.1686 (was 21.7149)
t=62528ms iter=1551 incumb=21.7149 ratchet=21.8726 best=21.7111 since_improve=1073
t=62529ms iter=1552 WAIST cost=19.0000 best_alt=15.0000 gap=4.0000 tried=5 sep_labels=15 clique_frac=0.02
t=62548ms iter=1552 REBUILD reject new_tc=22.3923 (was 21.7149)
t=62569ms iter=1552 incumb=21.7149 ratchet=21.7988 best=21.7111 since_improve=1074
t=62570ms iter=1553 WAIST cost=19.0000 best_alt=15.0000 gap=4.0000 tried=5 sep_labels=15 clique_frac=0.10
t=62589ms iter=1553 REBUILD reject new_tc=21.7415 (was 21.7149)
t=62610ms iter=1553 incumb=21.7149 ratchet=21.8049 best=21.7111 since_improve=1075
t=62611ms iter=1554 WAIST cost=19.0000 best_alt=15.0000 gap=4.0000 tried=5 sep_labels=15 clique_frac=0.02
t=62630ms iter=1554 REBUILD reject new_tc=21.9233 (was 21.7149)
t=62650ms iter=1554 incumb=21.7149 ratchet=21.7546 best=21.7111 since_improve=1076
t=62652ms iter=1555 WAIST cost=19.0000 best_alt=15.0000 gap=4.0000 tried=5 sep_labels=15 clique_frac=0.08
t=62671ms iter=1555 REBUILD reject new_tc=22.1681 (was 21.7149)
t=62691ms iter=1555 incumb=21.7149 ratchet=21.8486 best=21.7111 since_improve=1077
t=62692ms iter=1556 WAIST cost=19.0000 best_alt=15.0000 gap=4.0000 tried=5 sep_labels=15 clique_frac=0.05
t=62712ms iter=1556 REBUILD reject new_tc=22.2926 (was 21.7149)
t=62732ms iter=1556 incumb=21.7149 ratchet=21.8952 best=21.7111 since_improve=1078
t=62733ms iter=1557 WAIST cost=19.0000 best_alt=16.0000 gap=3.0000 tried=5 sep_labels=16 clique_frac=0.06
t=62747ms iter=1557 REBUILD reject new_tc=21.7987 (was 21.7149)
t=62768ms iter=1557 incumb=21.7149 ratchet=21.7435 best=21.7111 since_improve=1079
t=62769ms iter=1558 WAIST cost=19.0000 best_alt=15.0000 gap=4.0000 tried=5 sep_labels=15 clique_frac=0.08
t=62788ms iter=1558 REBUILD reject new_tc=22.0880 (was 21.7149)
t=62809ms iter=1558 incumb=21.7149 ratchet=21.8928 best=21.7111 since_improve=1080
t=62810ms iter=1559 WAIST cost=19.0000 best_alt=15.0000 gap=4.0000 tried=5 sep_labels=15 clique_frac=0.07
t=62829ms iter=1559 REBUILD reject new_tc=22.2907 (was 21.7149)
t=62849ms iter=1559 incumb=21.7149 ratchet=21.7437 best=21.7111 since_improve=1081
t=62851ms iter=1560 WAIST cost=19.0000 best_alt=15.0000 gap=4.0000 tried=5 sep_labels=15 clique_frac=0.07
t=62870ms iter=1560 REBUILD reject new_tc=22.0238 (was 21.7149)
t=62891ms iter=1560 incumb=21.7149 ratchet=22.0454 best=21.7111 since_improve=1082
t=62892ms iter=1561 WAIST cost=19.0000 best_alt=16.0000 gap=3.0000 tried=5 sep_labels=16 clique_frac=0.06
t=62906ms iter=1561 REBUILD reject new_tc=21.7502 (was 21.7149)
t=62927ms iter=1561 incumb=21.7149 ratchet=21.7941 best=21.7111 since_improve=1083
t=62928ms iter=1562 WAIST cost=19.0000 best_alt=15.0000 gap=4.0000 tried=5 sep_labels=15 clique_frac=0.06
t=62954ms iter=1562 REBUILD reject new_tc=21.7284 (was 21.7149)
t=62974ms iter=1562 incumb=21.7149 ratchet=21.8191 best=21.7111 since_improve=1084
t=62975ms iter=1563 WAIST cost=19.0000 best_alt=16.0000 gap=3.0000 tried=5 sep_labels=16 clique_frac=0.06
t=62990ms iter=1563 REBUILD reject new_tc=21.8094 (was 21.7149)
t=63010ms iter=1563 incumb=21.7149 ratchet=21.7533 best=21.7111 since_improve=1085
t=63011ms iter=1564 WAIST cost=19.0000 best_alt=15.0000 gap=4.0000 tried=5 sep_labels=15 clique_frac=0.10
t=63031ms iter=1564 REBUILD reject new_tc=22.2132 (was 21.7149)
t=63051ms iter=1564 incumb=21.7149 ratchet=21.7528 best=21.7111 since_improve=1086
t=63052ms iter=1565 WAIST cost=19.0000 best_alt=15.0000 gap=4.0000 tried=5 sep_labels=15 clique_frac=0.07
t=63072ms iter=1565 REBUILD reject new_tc=21.8926 (was 21.7149)
t=63092ms iter=1565 incumb=21.7149 ratchet=21.9160 best=21.7111 since_improve=1087
t=63093ms iter=1566 WAIST cost=19.0000 best_alt=16.0000 gap=3.0000 tried=5 sep_labels=16 clique_frac=0.06
t=63107ms iter=1566 REBUILD reject new_tc=22.0303 (was 21.7149)
t=63128ms iter=1566 incumb=21.7149 ratchet=21.7528 best=21.7111 since_improve=1088
t=63129ms iter=1567 WAIST cost=19.0000 best_alt=15.0000 gap=4.0000 tried=5 sep_labels=15 clique_frac=0.08
t=63149ms iter=1567 REBUILD reject new_tc=21.8934 (was 21.7149)
t=63170ms iter=1567 incumb=21.7149 ratchet=21.7621 best=21.7111 since_improve=1089
t=63171ms iter=1568 WAIST cost=19.0000 best_alt=15.0000 gap=4.0000 tried=5 sep_labels=15 clique_frac=0.08
t=63191ms iter=1568 REBUILD reject new_tc=21.9414 (was 21.7149)
t=63211ms iter=1568 incumb=21.7149 ratchet=21.8051 best=21.7111 since_improve=1090
t=63213ms iter=1569 WAIST cost=19.0000 best_alt=15.0000 gap=4.0000 tried=5 sep_labels=15 clique_frac=0.06
t=63232ms iter=1569 REBUILD reject new_tc=21.7926 (was 21.7149)
t=63253ms iter=1569 incumb=21.7149 ratchet=21.7561 best=21.7111 since_improve=1091
t=63254ms iter=1570 WAIST cost=19.0000 best_alt=15.0000 gap=4.0000 tried=5 sep_labels=15 clique_frac=0.07
t=63274ms iter=1570 REBUILD reject new_tc=21.8911 (was 21.7149)
t=63295ms iter=1570 incumb=21.7149 ratchet=21.8126 best=21.7111 since_improve=1092
t=63296ms iter=1571 WAIST cost=19.0000 best_alt=15.0000 gap=4.0000 tried=5 sep_labels=15 clique_frac=0.08
t=63315ms iter=1571 REBUILD reject new_tc=22.0313 (was 21.7149)
t=63336ms iter=1571 incumb=21.7149 ratchet=21.8464 best=21.7111 since_improve=1093
t=63337ms iter=1572 WAIST cost=19.0000 best_alt=15.0000 gap=4.0000 tried=5 sep_labels=15 clique_frac=0.08
t=63357ms iter=1572 REBUILD reject new_tc=21.9439 (was 21.7149)
t=63377ms iter=1572 incumb=21.7149 ratchet=21.8681 best=21.7111 since_improve=1094
t=63379ms iter=1573 WAIST cost=19.0000 best_alt=16.0000 gap=3.0000 tried=5 sep_labels=16 clique_frac=0.06
t=63392ms iter=1573 REBUILD reject new_tc=21.8115 (was 21.7149)
t=63413ms iter=1573 incumb=21.7149 ratchet=21.9083 best=21.7111 since_improve=1095
t=63414ms iter=1574 WAIST cost=19.0000 best_alt=15.0000 gap=4.0000 tried=5 sep_labels=15 clique_frac=0.08
t=63434ms iter=1574 REBUILD reject new_tc=22.1854 (was 21.7149)
t=63455ms iter=1574 incumb=21.7149 ratchet=21.8707 best=21.7111 since_improve=1096
t=63456ms iter=1575 WAIST cost=19.0000 best_alt=15.0000 gap=4.0000 tried=5 sep_labels=15 clique_frac=0.02
t=63475ms iter=1575 REBUILD reject new_tc=22.1170 (was 21.7149)
t=63495ms iter=1575 incumb=21.7149 ratchet=21.8195 best=21.7111 since_improve=1097
t=63497ms iter=1576 WAIST cost=19.0000 best_alt=15.0000 gap=4.0000 tried=5 sep_labels=15 clique_frac=0.08
t=63516ms iter=1576 REBUILD reject new_tc=22.1182 (was 21.7149)
t=63537ms iter=1576 incumb=21.7149 ratchet=21.8326 best=21.7111 since_improve=1098
t=63538ms iter=1577 WAIST cost=19.0000 best_alt=16.0000 gap=3.0000 tried=5 sep_labels=16 clique_frac=0.06
t=63552ms iter=1577 REBUILD reject new_tc=21.7645 (was 21.7149)
t=63572ms iter=1577 incumb=21.7149 ratchet=21.7558 best=21.7111 since_improve=1099
t=63574ms iter=1578 WAIST cost=19.0000 best_alt=15.0000 gap=4.0000 tried=5 sep_labels=15 clique_frac=0.02
t=63593ms iter=1578 REBUILD reject new_tc=21.8651 (was 21.7149)
t=63613ms iter=1578 incumb=21.7149 ratchet=21.8435 best=21.7111 since_improve=1100
t=63614ms iter=1579 WAIST cost=19.0000 best_alt=15.0000 gap=4.0000 tried=5 sep_labels=15 clique_frac=0.05
t=63634ms iter=1579 REBUILD reject new_tc=22.0303 (was 21.7149)
t=63655ms iter=1579 incumb=21.7149 ratchet=21.9293 best=21.7111 since_improve=1101
t=63656ms iter=1580 WAIST cost=19.0000 best_alt=15.0000 gap=4.0000 tried=5 sep_labels=15 clique_frac=0.10
t=63675ms iter=1580 REBUILD reject new_tc=22.0429 (was 21.7149)
t=63696ms iter=1580 incumb=21.7149 ratchet=21.7468 best=21.7111 since_improve=1102
t=63697ms iter=1581 WAIST cost=19.0000 best_alt=15.0000 gap=4.0000 tried=5 sep_labels=15 clique_frac=0.02
t=63716ms iter=1581 REBUILD reject new_tc=21.8665 (was 21.7149)
t=63737ms iter=1581 incumb=21.7149 ratchet=21.9459 best=21.7111 since_improve=1103
t=63738ms iter=1582 WAIST cost=19.0000 best_alt=15.0000 gap=4.0000 tried=5 sep_labels=15 clique_frac=0.06
t=63758ms iter=1582 REBUILD reject new_tc=22.0746 (was 21.7149)
t=63778ms iter=1582 incumb=21.7149 ratchet=21.8856 best=21.7111 since_improve=1104
t=63779ms iter=1583 WAIST cost=19.0000 best_alt=16.0000 gap=3.0000 tried=5 sep_labels=16 clique_frac=0.06
t=63793ms iter=1583 REBUILD reject new_tc=21.9075 (was 21.7149)
t=63814ms iter=1583 incumb=21.7149 ratchet=21.8439 best=21.7111 since_improve=1105
t=63815ms iter=1584 WAIST cost=19.0000 best_alt=16.0000 gap=3.0000 tried=5 sep_labels=16 clique_frac=0.06
t=63829ms iter=1584 REBUILD reject new_tc=21.8511 (was 21.7149)
t=63849ms iter=1584 incumb=21.7149 ratchet=21.7391 best=21.7111 since_improve=1106
t=63851ms iter=1585 WAIST cost=19.0000 best_alt=15.0000 gap=4.0000 tried=5 sep_labels=15 clique_frac=0.05
t=63870ms iter=1585 REBUILD reject new_tc=22.0077 (was 21.7149)
t=63891ms iter=1585 incumb=21.7149 ratchet=21.9170 best=21.7111 since_improve=1107
t=63892ms iter=1586 WAIST cost=19.0000 best_alt=15.0000 gap=4.0000 tried=5 sep_labels=15 clique_frac=0.05
t=63912ms iter=1586 REBUILD reject new_tc=21.9401 (was 21.7149)
t=63932ms iter=1586 incumb=21.7149 ratchet=21.8443 best=21.7111 since_improve=1108
t=63934ms iter=1587 WAIST cost=19.0000 best_alt=15.0000 gap=4.0000 tried=5 sep_labels=15 clique_frac=0.05
t=63953ms iter=1587 REBUILD reject new_tc=22.7514 (was 21.7149)
t=63973ms iter=1587 incumb=21.7149 ratchet=21.7133 best=21.7111 since_improve=0
t=63974ms iter=1588 WAIST cost=19.0000 best_alt=16.0000 gap=3.0000 tried=5 sep_labels=16 clique_frac=0.06
t=63993ms iter=1588 REBUILD reject new_tc=21.7513 (was 21.7133)
t=64013ms iter=1588 incumb=21.7133 ratchet=21.8976 best=21.7111 since_improve=1
t=64014ms iter=1589 WAIST cost=19.0000 best_alt=15.0000 gap=4.0000 tried=5 sep_labels=15 clique_frac=0.05
t=64034ms iter=1589 REBUILD reject new_tc=22.2168 (was 21.7133)
t=64055ms iter=1589 incumb=21.7133 ratchet=21.8220 best=21.7111 since_improve=2
t=64056ms iter=1590 WAIST cost=19.0000 best_alt=15.0000 gap=4.0000 tried=5 sep_labels=15 clique_frac=0.05
t=64076ms iter=1590 REBUILD reject new_tc=21.8619 (was 21.7133)
t=64096ms iter=1590 incumb=21.7133 ratchet=21.7703 best=21.7111 since_improve=3
t=64098ms iter=1591 WAIST cost=19.0000 best_alt=15.0000 gap=4.0000 tried=5 sep_labels=15 clique_frac=0.08
t=64117ms iter=1591 REBUILD reject new_tc=21.7678 (was 21.7133)
t=64138ms iter=1591 incumb=21.7133 ratchet=21.8426 best=21.7111 since_improve=4
t=64139ms iter=1592 WAIST cost=19.0000 best_alt=15.0000 gap=4.0000 tried=5 sep_labels=15 clique_frac=0.05
t=64159ms iter=1592 REBUILD reject new_tc=22.1010 (was 21.7133)
t=64180ms iter=1592 incumb=21.7133 ratchet=21.7985 best=21.7111 since_improve=5
t=64181ms iter=1593 WAIST cost=19.0000 best_alt=15.0000 gap=4.0000 tried=5 sep_labels=15 clique_frac=0.05
t=64200ms iter=1593 REBUILD reject new_tc=21.8080 (was 21.7133)
t=64221ms iter=1593 incumb=21.7133 ratchet=21.7803 best=21.7111 since_improve=6
t=64222ms iter=1594 WAIST cost=19.0000 best_alt=16.0000 gap=3.0000 tried=5 sep_labels=16 clique_frac=0.06
t=64241ms iter=1594 REBUILD reject new_tc=22.3222 (was 21.7133)
t=64261ms iter=1594 incumb=21.7133 ratchet=21.8223 best=21.7111 since_improve=7
t=64263ms iter=1595 WAIST cost=19.0000 best_alt=16.0000 gap=3.0000 tried=5 sep_labels=16 clique_frac=0.06
t=64281ms iter=1595 REBUILD reject new_tc=22.0853 (was 21.7133)
t=64302ms iter=1595 incumb=21.7133 ratchet=21.8962 best=21.7111 since_improve=8
t=64303ms iter=1596 WAIST cost=19.0000 best_alt=15.0000 gap=4.0000 tried=5 sep_labels=15 clique_frac=0.10
t=64322ms iter=1596 REBUILD reject new_tc=22.2134 (was 21.7133)
t=64343ms iter=1596 incumb=21.7133 ratchet=21.8441 best=21.7111 since_improve=9
t=64344ms iter=1597 WAIST cost=19.0000 best_alt=16.0000 gap=3.0000 tried=5 sep_labels=16 clique_frac=0.06
t=64363ms iter=1597 REBUILD reject new_tc=21.7920 (was 21.7133)
t=64383ms iter=1597 incumb=21.7133 ratchet=21.9227 best=21.7111 since_improve=10
t=64384ms iter=1598 WAIST cost=19.0000 best_alt=15.0000 gap=4.0000 tried=5 sep_labels=15 clique_frac=0.05
t=64404ms iter=1598 REBUILD reject new_tc=21.7691 (was 21.7133)
t=64424ms iter=1598 incumb=21.7133 ratchet=21.8540 best=21.7111 since_improve=11
t=64426ms iter=1599 WAIST cost=19.0000 best_alt=15.0000 gap=4.0000 tried=5 sep_labels=15 clique_frac=0.02
t=64445ms iter=1599 REBUILD reject new_tc=22.0419 (was 21.7133)
t=64466ms iter=1599 incumb=21.7133 ratchet=21.8882 best=21.7111 since_improve=12
t=64467ms iter=1600 WAIST cost=19.0000 best_alt=16.0000 gap=3.0000 tried=5 sep_labels=16 clique_frac=0.06
t=64486ms iter=1600 REBUILD reject new_tc=21.8071 (was 21.7133)
t=64506ms iter=1600 incumb=21.7133 ratchet=21.8449 best=21.7111 since_improve=13
t=64508ms iter=1601 WAIST cost=19.0000 best_alt=15.0000 gap=4.0000 tried=5 sep_labels=15 clique_frac=0.08
t=64527ms iter=1601 REBUILD reject new_tc=22.0006 (was 21.7133)
t=64547ms iter=1601 incumb=21.7133 ratchet=21.8339 best=21.7111 since_improve=14
t=64549ms iter=1602 WAIST cost=19.0000 best_alt=15.0000 gap=4.0000 tried=5 sep_labels=15 clique_frac=0.08
t=64568ms iter=1602 REBUILD reject new_tc=21.8170 (was 21.7133)
t=64588ms iter=1602 incumb=21.7133 ratchet=21.8678 best=21.7111 since_improve=15
t=64590ms iter=1603 WAIST cost=19.0000 best_alt=15.0000 gap=4.0000 tried=5 sep_labels=15 clique_frac=0.05
t=64609ms iter=1603 REBUILD reject new_tc=22.1797 (was 21.7133)
t=64630ms iter=1603 incumb=21.7133 ratchet=21.7858 best=21.7111 since_improve=16
t=64631ms iter=1604 WAIST cost=19.0000 best_alt=16.0000 gap=3.0000 tried=5 sep_labels=16 clique_frac=0.06
t=64650ms iter=1604 REBUILD reject new_tc=21.7406 (was 21.7133)
t=64670ms iter=1604 incumb=21.7133 ratchet=21.7939 best=21.7111 since_improve=17
t=64671ms iter=1605 WAIST cost=19.0000 best_alt=16.0000 gap=3.0000 tried=5 sep_labels=16 clique_frac=0.06
t=64690ms iter=1605 REBUILD reject new_tc=21.7692 (was 21.7133)
t=64710ms iter=1605 incumb=21.7133 ratchet=21.8414 best=21.7111 since_improve=18
t=64712ms iter=1606 WAIST cost=19.0000 best_alt=15.0000 gap=4.0000 tried=5 sep_labels=15 clique_frac=0.05
t=64732ms iter=1606 REBUILD reject new_tc=21.8664 (was 21.7133)
t=64753ms iter=1606 incumb=21.7133 ratchet=21.8340 best=21.7111 since_improve=19
t=64754ms iter=1607 WAIST cost=19.0000 best_alt=16.0000 gap=3.0000 tried=5 sep_labels=16 clique_frac=0.06
t=64773ms iter=1607 REBUILD reject new_tc=21.7392 (was 21.7133)
t=64793ms iter=1607 incumb=21.7133 ratchet=21.7534 best=21.7111 since_improve=20
t=64795ms iter=1608 WAIST cost=19.0000 best_alt=15.0000 gap=4.0000 tried=5 sep_labels=15 clique_frac=0.06
t=64814ms iter=1608 REBUILD reject new_tc=21.7305 (was 21.7133)
t=64834ms iter=1608 incumb=21.7133 ratchet=21.8197 best=21.7111 since_improve=21
t=64836ms iter=1609 WAIST cost=19.0000 best_alt=15.0000 gap=4.0000 tried=5 sep_labels=15 clique_frac=0.05
t=64855ms iter=1609 REBUILD reject new_tc=21.8661 (was 21.7133)
t=64876ms iter=1609 incumb=21.7133 ratchet=21.8848 best=21.7111 since_improve=22
t=64877ms iter=1610 WAIST cost=19.0000 best_alt=16.0000 gap=3.0000 tried=5 sep_labels=16 clique_frac=0.06
t=64896ms iter=1610 REBUILD reject new_tc=21.7921 (was 21.7133)
t=64917ms iter=1610 incumb=21.7133 ratchet=21.7586 best=21.7111 since_improve=23
t=64918ms iter=1611 WAIST cost=19.0000 best_alt=16.0000 gap=3.0000 tried=5 sep_labels=16 clique_frac=0.06
t=64937ms iter=1611 REBUILD reject new_tc=21.7380 (was 21.7133)
t=64957ms iter=1611 incumb=21.7133 ratchet=21.8492 best=21.7111 since_improve=24
t=64958ms iter=1612 WAIST cost=19.0000 best_alt=16.0000 gap=3.0000 tried=5 sep_labels=16 clique_frac=0.06
t=64977ms iter=1612 REBUILD reject new_tc=21.7539 (was 21.7133)
t=64997ms iter=1612 incumb=21.7133 ratchet=21.7537 best=21.7111 since_improve=25
t=64998ms iter=1613 WAIST cost=19.0000 best_alt=15.0000 gap=4.0000 tried=5 sep_labels=15 clique_frac=0.05
t=65018ms iter=1613 REBUILD reject new_tc=22.1427 (was 21.7133)
t=65038ms iter=1613 incumb=21.7133 ratchet=21.9780 best=21.7111 since_improve=26
t=65039ms iter=1614 WAIST cost=19.0000 best_alt=16.0000 gap=3.0000 tried=5 sep_labels=16 clique_frac=0.06
t=65058ms iter=1614 REBUILD reject new_tc=21.7991 (was 21.7133)
t=65078ms iter=1614 incumb=21.7133 ratchet=21.9322 best=21.7111 since_improve=27
t=65080ms iter=1615 WAIST cost=19.0000 best_alt=15.0000 gap=4.0000 tried=5 sep_labels=15 clique_frac=0.10
t=65099ms iter=1615 REBUILD reject new_tc=21.8940 (was 21.7133)
t=65120ms iter=1615 incumb=21.7133 ratchet=21.8928 best=21.7111 since_improve=28
t=65121ms iter=1616 WAIST cost=19.0000 best_alt=16.0000 gap=3.0000 tried=5 sep_labels=16 clique_frac=0.06
t=65140ms iter=1616 REBUILD reject new_tc=21.7413 (was 21.7133)
t=65161ms iter=1616 incumb=21.7133 ratchet=22.2079 best=21.7111 since_improve=29
t=65162ms iter=1617 WAIST cost=19.0000 best_alt=16.0000 gap=3.0000 tried=5 sep_labels=16 clique_frac=0.06
t=65181ms iter=1617 REBUILD reject new_tc=21.8439 (was 21.7133)
t=65201ms iter=1617 incumb=21.7133 ratchet=21.7858 best=21.7111 since_improve=30
t=65203ms iter=1618 WAIST cost=19.0000 best_alt=15.0000 gap=4.0000 tried=5 sep_labels=15 clique_frac=0.05
t=65222ms iter=1618 REBUILD reject new_tc=21.8899 (was 21.7133)
t=65243ms iter=1618 incumb=21.7133 ratchet=22.0903 best=21.7111 since_improve=31
t=65244ms iter=1619 WAIST cost=19.0000 best_alt=15.0000 gap=4.0000 tried=5 sep_labels=15 clique_frac=0.05
t=65263ms iter=1619 REBUILD reject new_tc=22.0841 (was 21.7133)
t=65284ms iter=1619 incumb=21.7133 ratchet=21.9218 best=21.7111 since_improve=32
t=65285ms iter=1620 WAIST cost=19.0000 best_alt=15.0000 gap=4.0000 tried=5 sep_labels=15 clique_frac=0.08
t=65305ms iter=1620 REBUILD reject new_tc=21.8773 (was 21.7133)
t=65325ms iter=1620 incumb=21.7133 ratchet=21.8804 best=21.7111 since_improve=33
t=65327ms iter=1621 WAIST cost=19.0000 best_alt=15.0000 gap=4.0000 tried=5 sep_labels=15 clique_frac=0.05
t=65346ms iter=1621 REBUILD reject new_tc=22.2503 (was 21.7133)
t=65367ms iter=1621 incumb=21.7133 ratchet=21.8179 best=21.7111 since_improve=34
t=65369ms iter=1622 WAIST cost=19.0000 best_alt=16.0000 gap=3.0000 tried=5 sep_labels=16 clique_frac=0.06
t=65387ms iter=1622 REBUILD reject new_tc=21.7407 (was 21.7133)
t=65408ms iter=1622 incumb=21.7133 ratchet=21.8205 best=21.7111 since_improve=35
t=65409ms iter=1623 WAIST cost=19.0000 best_alt=15.0000 gap=4.0000 tried=5 sep_labels=15 clique_frac=0.08
t=65428ms iter=1623 REBUILD reject new_tc=22.0397 (was 21.7133)
t=65449ms iter=1623 incumb=21.7133 ratchet=21.9024 best=21.7111 since_improve=36
t=65451ms iter=1624 WAIST cost=19.0000 best_alt=16.0000 gap=3.0000 tried=5 sep_labels=16 clique_frac=0.06
t=65469ms iter=1624 REBUILD reject new_tc=21.7428 (was 21.7133)
t=65490ms iter=1624 incumb=21.7133 ratchet=21.7541 best=21.7111 since_improve=37
t=65491ms iter=1625 WAIST cost=19.0000 best_alt=15.0000 gap=4.0000 tried=5 sep_labels=15 clique_frac=0.10
t=65511ms iter=1625 REBUILD reject new_tc=21.9734 (was 21.7133)
t=65532ms iter=1625 incumb=21.7133 ratchet=21.8109 best=21.7111 since_improve=38
t=65533ms iter=1626 WAIST cost=19.0000 best_alt=16.0000 gap=3.0000 tried=5 sep_labels=16 clique_frac=0.06
t=65552ms iter=1626 REBUILD reject new_tc=21.9646 (was 21.7133)
t=65573ms iter=1626 incumb=21.7133 ratchet=21.8470 best=21.7111 since_improve=39
t=65574ms iter=1627 WAIST cost=19.0000 best_alt=15.0000 gap=4.0000 tried=5 sep_labels=15 clique_frac=0.05
t=65594ms iter=1627 REBUILD reject new_tc=22.1766 (was 21.7133)
t=65615ms iter=1627 incumb=21.7133 ratchet=21.7940 best=21.7111 since_improve=40
t=65616ms iter=1628 WAIST cost=19.0000 best_alt=16.0000 gap=3.0000 tried=5 sep_labels=16 clique_frac=0.06
t=65635ms iter=1628 REBUILD reject new_tc=21.7500 (was 21.7133)
t=65655ms iter=1628 incumb=21.7133 ratchet=21.7259 best=21.7111 since_improve=41
t=65656ms iter=1629 WAIST cost=19.0000 best_alt=16.0000 gap=3.0000 tried=5 sep_labels=16 clique_frac=0.06
t=65675ms iter=1629 REBUILD reject new_tc=22.0193 (was 21.7133)
t=65695ms iter=1629 incumb=21.7133 ratchet=21.7681 best=21.7111 since_improve=42
t=65697ms iter=1630 WAIST cost=19.0000 best_alt=15.0000 gap=4.0000 tried=5 sep_labels=15 clique_frac=0.05
t=65716ms iter=1630 REBUILD reject new_tc=21.9992 (was 21.7133)
t=65736ms iter=1630 incumb=21.7133 ratchet=21.8623 best=21.7111 since_improve=43
t=65737ms iter=1631 WAIST cost=19.0000 best_alt=15.0000 gap=4.0000 tried=5 sep_labels=15 clique_frac=0.05
t=65757ms iter=1631 REBUILD reject new_tc=22.2232 (was 21.7133)
t=65778ms iter=1631 incumb=21.7133 ratchet=21.8444 best=21.7111 since_improve=44
t=65779ms iter=1632 WAIST cost=19.0000 best_alt=16.0000 gap=3.0000 tried=5 sep_labels=16 clique_frac=0.06
t=65798ms iter=1632 REBUILD reject new_tc=22.0276 (was 21.7133)
t=65819ms iter=1632 incumb=21.7133 ratchet=21.9250 best=21.7111 since_improve=45
t=65820ms iter=1633 WAIST cost=19.0000 best_alt=15.0000 gap=4.0000 tried=5 sep_labels=15 clique_frac=0.08
t=65839ms iter=1633 REBUILD reject new_tc=21.9415 (was 21.7133)
t=65860ms iter=1633 incumb=21.7133 ratchet=21.8085 best=21.7111 since_improve=46
t=65861ms iter=1634 WAIST cost=19.0000 best_alt=15.0000 gap=4.0000 tried=5 sep_labels=15 clique_frac=0.05
t=65880ms iter=1634 REBUILD reject new_tc=22.3931 (was 21.7133)
t=65901ms iter=1634 incumb=21.7133 ratchet=21.8658 best=21.7111 since_improve=47
t=65903ms iter=1635 WAIST cost=19.0000 best_alt=15.0000 gap=4.0000 tried=5 sep_labels=15 clique_frac=0.05
t=65922ms iter=1635 REBUILD reject new_tc=22.1027 (was 21.7133)
t=65943ms iter=1635 incumb=21.7133 ratchet=21.8189 best=21.7111 since_improve=48
t=65944ms iter=1636 WAIST cost=19.0000 best_alt=15.0000 gap=4.0000 tried=5 sep_labels=15 clique_frac=0.05
t=65964ms iter=1636 REBUILD reject new_tc=22.2707 (was 21.7133)
t=65984ms iter=1636 incumb=21.7133 ratchet=21.9248 best=21.7111 since_improve=49
t=65986ms iter=1637 WAIST cost=19.0000 best_alt=16.0000 gap=3.0000 tried=5 sep_labels=16 clique_frac=0.06
t=66004ms iter=1637 REBUILD reject new_tc=21.7434 (was 21.7133)
t=66025ms iter=1637 incumb=21.7133 ratchet=21.8431 best=21.7111 since_improve=50
t=66026ms iter=1638 WAIST cost=19.0000 best_alt=15.0000 gap=4.0000 tried=5 sep_labels=15 clique_frac=0.05
t=66046ms iter=1638 REBUILD reject new_tc=22.3971 (was 21.7133)
t=66067ms iter=1638 incumb=21.7133 ratchet=21.7949 best=21.7111 since_improve=51
t=66068ms iter=1639 WAIST cost=19.0000 best_alt=15.0000 gap=4.0000 tried=5 sep_labels=15 clique_frac=0.05
t=66088ms iter=1639 REBUILD reject new_tc=22.1501 (was 21.7133)
t=66109ms iter=1639 incumb=21.7133 ratchet=21.9758 best=21.7111 since_improve=52
t=66110ms iter=1640 WAIST cost=19.0000 best_alt=15.0000 gap=4.0000 tried=5 sep_labels=15 clique_frac=0.08
t=66130ms iter=1640 REBUILD reject new_tc=21.8569 (was 21.7133)
t=66151ms iter=1640 incumb=21.7133 ratchet=21.9410 best=21.7111 since_improve=53
t=66152ms iter=1641 WAIST cost=19.0000 best_alt=16.0000 gap=3.0000 tried=5 sep_labels=16 clique_frac=0.06
t=66171ms iter=1641 REBUILD reject new_tc=21.8696 (was 21.7133)
t=66191ms iter=1641 incumb=21.7133 ratchet=21.9365 best=21.7111 since_improve=54
t=66192ms iter=1642 WAIST cost=19.0000 best_alt=16.0000 gap=3.0000 tried=5 sep_labels=16 clique_frac=0.06
t=66211ms iter=1642 REBUILD reject new_tc=21.7391 (was 21.7133)
t=66232ms iter=1642 incumb=21.7133 ratchet=21.8281 best=21.7111 since_improve=55
t=66233ms iter=1643 WAIST cost=19.0000 best_alt=16.0000 gap=3.0000 tried=5 sep_labels=16 clique_frac=0.06
t=66252ms iter=1643 REBUILD reject new_tc=22.0864 (was 21.7133)
t=66272ms iter=1643 incumb=21.7133 ratchet=21.8509 best=21.7111 since_improve=56
t=66273ms iter=1644 WAIST cost=19.0000 best_alt=15.0000 gap=4.0000 tried=5 sep_labels=15 clique_frac=0.06
t=66292ms iter=1644 REBUILD reject new_tc=21.7796 (was 21.7133)
t=66313ms iter=1644 incumb=21.7133 ratchet=21.8091 best=21.7111 since_improve=57
t=66314ms iter=1645 WAIST cost=19.0000 best_alt=15.0000 gap=4.0000 tried=5 sep_labels=15 clique_frac=0.05
t=66334ms iter=1645 REBUILD reject new_tc=22.4684 (was 21.7133)
t=66354ms iter=1645 incumb=21.7133 ratchet=21.9558 best=21.7111 since_improve=58
t=66356ms iter=1646 WAIST cost=19.0000 best_alt=16.0000 gap=3.0000 tried=5 sep_labels=16 clique_frac=0.06
t=66374ms iter=1646 REBUILD reject new_tc=22.0236 (was 21.7133)
t=66395ms iter=1646 incumb=21.7133 ratchet=21.8824 best=21.7111 since_improve=59
t=66396ms iter=1647 WAIST cost=19.0000 best_alt=15.0000 gap=4.0000 tried=5 sep_labels=15 clique_frac=0.02
t=66415ms iter=1647 REBUILD reject new_tc=22.2605 (was 21.7133)
t=66436ms iter=1647 incumb=21.7133 ratchet=21.8722 best=21.7111 since_improve=60
t=66437ms iter=1648 WAIST cost=19.0000 best_alt=15.0000 gap=4.0000 tried=5 sep_labels=15 clique_frac=0.10
t=66457ms iter=1648 REBUILD reject new_tc=21.8988 (was 21.7133)
t=66477ms iter=1648 incumb=21.7133 ratchet=21.8058 best=21.7111 since_improve=61
t=66479ms iter=1649 WAIST cost=19.0000 best_alt=15.0000 gap=4.0000 tried=5 sep_labels=15 clique_frac=0.08
t=66498ms iter=1649 REBUILD reject new_tc=21.8727 (was 21.7133)
t=66519ms iter=1649 incumb=21.7133 ratchet=21.8941 best=21.7111 since_improve=62
t=66520ms iter=1650 WAIST cost=19.0000 best_alt=15.0000 gap=4.0000 tried=5 sep_labels=15 clique_frac=0.10
t=66540ms iter=1650 REBUILD reject new_tc=21.8467 (was 21.7133)
t=66560ms iter=1650 incumb=21.7133 ratchet=21.8842 best=21.7111 since_improve=63
t=66562ms iter=1651 WAIST cost=19.0000 best_alt=16.0000 gap=3.0000 tried=5 sep_labels=16 clique_frac=0.06
t=66580ms iter=1651 REBUILD reject new_tc=22.1697 (was 21.7133)
t=66601ms iter=1651 incumb=21.7133 ratchet=21.9090 best=21.7111 since_improve=64
t=66602ms iter=1652 WAIST cost=19.0000 best_alt=15.0000 gap=4.0000 tried=5 sep_labels=15 clique_frac=0.05
t=66621ms iter=1652 REBUILD reject new_tc=21.8774 (was 21.7133)
t=66642ms iter=1652 incumb=21.7133 ratchet=21.7950 best=21.7111 since_improve=65
t=66644ms iter=1653 WAIST cost=19.0000 best_alt=15.0000 gap=4.0000 tried=5 sep_labels=15 clique_frac=0.05
t=66663ms iter=1653 REBUILD reject new_tc=22.1763 (was 21.7133)
t=66684ms iter=1653 incumb=21.7133 ratchet=21.7523 best=21.7111 since_improve=66
t=66685ms iter=1654 WAIST cost=19.0000 best_alt=15.0000 gap=4.0000 tried=5 sep_labels=15 clique_frac=0.08
t=66705ms iter=1654 REBUILD reject new_tc=21.9407 (was 21.7133)
t=66726ms iter=1654 incumb=21.7133 ratchet=21.9263 best=21.7111 since_improve=67
t=66727ms iter=1655 WAIST cost=19.0000 best_alt=15.0000 gap=4.0000 tried=5 sep_labels=15 clique_frac=0.05
t=66747ms iter=1655 REBUILD reject new_tc=22.2324 (was 21.7133)
t=66768ms iter=1655 incumb=21.7133 ratchet=21.7560 best=21.7111 since_improve=68
t=66769ms iter=1656 WAIST cost=19.0000 best_alt=15.0000 gap=4.0000 tried=5 sep_labels=15 clique_frac=0.05
t=66788ms iter=1656 REBUILD reject new_tc=22.2873 (was 21.7133)
t=66809ms iter=1656 incumb=21.7133 ratchet=21.9223 best=21.7111 since_improve=69
t=66811ms iter=1657 WAIST cost=19.0000 best_alt=15.0000 gap=4.0000 tried=5 sep_labels=15 clique_frac=0.10
t=66830ms iter=1657 REBUILD reject new_tc=21.8463 (was 21.7133)
t=66850ms iter=1657 incumb=21.7133 ratchet=21.9333 best=21.7111 since_improve=70
t=66852ms iter=1658 WAIST cost=19.0000 best_alt=15.0000 gap=4.0000 tried=5 sep_labels=15 clique_frac=0.05
t=66871ms iter=1658 REBUILD reject new_tc=21.8681 (was 21.7133)
t=66892ms iter=1658 incumb=21.7133 ratchet=21.7544 best=21.7111 since_improve=71
t=66893ms iter=1659 WAIST cost=19.0000 best_alt=15.0000 gap=4.0000 tried=5 sep_labels=15 clique_frac=0.05
t=66913ms iter=1659 REBUILD reject new_tc=22.0759 (was 21.7133)
t=66933ms iter=1659 incumb=21.7133 ratchet=21.7411 best=21.7111 since_improve=72
t=66935ms iter=1660 WAIST cost=19.0000 best_alt=15.0000 gap=4.0000 tried=5 sep_labels=15 clique_frac=0.05
t=66954ms iter=1660 REBUILD reject new_tc=21.8654 (was 21.7133)
t=66974ms iter=1660 incumb=21.7133 ratchet=21.9358 best=21.7111 since_improve=73
t=66976ms iter=1661 WAIST cost=19.0000 best_alt=16.0000 gap=3.0000 tried=5 sep_labels=16 clique_frac=0.06
t=66994ms iter=1661 REBUILD reject new_tc=21.8016 (was 21.7133)
t=67015ms iter=1661 incumb=21.7133 ratchet=21.8216 best=21.7111 since_improve=74
t=67016ms iter=1662 WAIST cost=19.0000 best_alt=16.0000 gap=3.0000 tried=5 sep_labels=16 clique_frac=0.06
t=67035ms iter=1662 REBUILD reject new_tc=21.7954 (was 21.7133)
t=67056ms iter=1662 incumb=21.7133 ratchet=21.8082 best=21.7111 since_improve=75
t=67057ms iter=1663 WAIST cost=19.0000 best_alt=16.0000 gap=3.0000 tried=5 sep_labels=16 clique_frac=0.06
t=67075ms iter=1663 REBUILD reject new_tc=21.7387 (was 21.7133)
t=67095ms iter=1663 incumb=21.7133 ratchet=21.8478 best=21.7111 since_improve=76
t=67097ms iter=1664 WAIST cost=19.0000 best_alt=15.0000 gap=4.0000 tried=5 sep_labels=15 clique_frac=0.05
t=67116ms iter=1664 REBUILD reject new_tc=22.1526 (was 21.7133)
t=67136ms iter=1664 incumb=21.7133 ratchet=21.9612 best=21.7111 since_improve=77
t=67138ms iter=1665 WAIST cost=19.0000 best_alt=16.0000 gap=3.0000 tried=5 sep_labels=16 clique_frac=0.06
t=67156ms iter=1665 REBUILD reject new_tc=21.7522 (was 21.7133)
t=67177ms iter=1665 incumb=21.7133 ratchet=21.7761 best=21.7111 since_improve=78
t=67178ms iter=1666 WAIST cost=19.0000 best_alt=16.0000 gap=3.0000 tried=5 sep_labels=16 clique_frac=0.06
t=67196ms iter=1666 REBUILD reject new_tc=21.9502 (was 21.7133)
t=67217ms iter=1666 incumb=21.7133 ratchet=21.8866 best=21.7111 since_improve=79
t=67218ms iter=1667 WAIST cost=19.0000 best_alt=15.0000 gap=4.0000 tried=5 sep_labels=15 clique_frac=0.05
t=67238ms iter=1667 REBUILD reject new_tc=21.9102 (was 21.7133)
t=67259ms iter=1667 incumb=21.7133 ratchet=21.9258 best=21.7111 since_improve=80
t=67260ms iter=1668 WAIST cost=19.0000 best_alt=16.0000 gap=3.0000 tried=5 sep_labels=16 clique_frac=0.06
t=67278ms iter=1668 REBUILD reject new_tc=21.7532 (was 21.7133)
t=67299ms iter=1668 incumb=21.7133 ratchet=21.7694 best=21.7111 since_improve=81
t=67300ms iter=1669 WAIST cost=19.0000 best_alt=15.0000 gap=4.0000 tried=5 sep_labels=15 clique_frac=0.05
t=67320ms iter=1669 REBUILD reject new_tc=22.2824 (was 21.7133)
t=67341ms iter=1669 incumb=21.7133 ratchet=21.7405 best=21.7111 since_improve=82
t=67342ms iter=1670 WAIST cost=19.0000 best_alt=15.0000 gap=4.0000 tried=5 sep_labels=15 clique_frac=0.05
t=67362ms iter=1670 REBUILD reject new_tc=22.1247 (was 21.7133)
t=67382ms iter=1670 incumb=21.7133 ratchet=21.7984 best=21.7111 since_improve=83
t=67384ms iter=1671 WAIST cost=19.0000 best_alt=15.0000 gap=4.0000 tried=5 sep_labels=15 clique_frac=0.05
t=67403ms iter=1671 REBUILD reject new_tc=21.8931 (was 21.7133)
t=67424ms iter=1671 incumb=21.7133 ratchet=22.0054 best=21.7111 since_improve=84
t=67426ms iter=1672 WAIST cost=19.0000 best_alt=15.0000 gap=4.0000 tried=5 sep_labels=15 clique_frac=0.05
t=67445ms iter=1672 REBUILD reject new_tc=21.8802 (was 21.7133)
t=67465ms iter=1672 incumb=21.7133 ratchet=21.7790 best=21.7111 since_improve=85
t=67467ms iter=1673 WAIST cost=19.0000 best_alt=15.0000 gap=4.0000 tried=5 sep_labels=15 clique_frac=0.08
t=67486ms iter=1673 REBUILD reject new_tc=22.1439 (was 21.7133)
t=67506ms iter=1673 incumb=21.7133 ratchet=22.0020 best=21.7111 since_improve=86
t=67508ms iter=1674 WAIST cost=19.0000 best_alt=15.0000 gap=4.0000 tried=5 sep_labels=15 clique_frac=0.05
t=67527ms iter=1674 REBUILD reject new_tc=21.9252 (was 21.7133)
t=67548ms iter=1674 incumb=21.7133 ratchet=21.7305 best=21.7111 since_improve=87
t=67549ms iter=1675 WAIST cost=19.0000 best_alt=15.0000 gap=4.0000 tried=5 sep_labels=15 clique_frac=0.10
t=67568ms iter=1675 REBUILD reject new_tc=21.8311 (was 21.7133)
t=67589ms iter=1675 incumb=21.7133 ratchet=21.7927 best=21.7111 since_improve=88
t=67590ms iter=1676 WAIST cost=19.0000 best_alt=16.0000 gap=3.0000 tried=5 sep_labels=16 clique_frac=0.06
t=67608ms iter=1676 REBUILD reject new_tc=21.7532 (was 21.7133)
t=67629ms iter=1676 incumb=21.7133 ratchet=22.0275 best=21.7111 since_improve=89
t=67630ms iter=1677 WAIST cost=19.0000 best_alt=16.0000 gap=3.0000 tried=5 sep_labels=16 clique_frac=0.06
t=67649ms iter=1677 REBUILD reject new_tc=22.0267 (was 21.7133)
t=67669ms iter=1677 incumb=21.7133 ratchet=21.9331 best=21.7111 since_improve=90
t=67670ms iter=1678 WAIST cost=19.0000 best_alt=15.0000 gap=4.0000 tried=5 sep_labels=15 clique_frac=0.07
t=67689ms iter=1678 REBUILD reject new_tc=22.2486 (was 21.7133)
t=67710ms iter=1678 incumb=21.7133 ratchet=22.0821 best=21.7111 since_improve=91
t=67711ms iter=1679 WAIST cost=19.0000 best_alt=15.0000 gap=4.0000 tried=5 sep_labels=15 clique_frac=0.06
t=67731ms iter=1679 REBUILD reject new_tc=21.7262 (was 21.7133)
t=67752ms iter=1679 incumb=21.7133 ratchet=21.8956 best=21.7111 since_improve=92
t=67753ms iter=1680 WAIST cost=19.0000 best_alt=15.0000 gap=4.0000 tried=5 sep_labels=15 clique_frac=0.05
t=67773ms iter=1680 REBUILD reject new_tc=22.0849 (was 21.7133)
t=67793ms iter=1680 incumb=21.7133 ratchet=21.9060 best=21.7111 since_improve=93
t=67794ms iter=1681 WAIST cost=19.0000 best_alt=16.0000 gap=3.0000 tried=5 sep_labels=16 clique_frac=0.06
t=67813ms iter=1681 REBUILD reject new_tc=21.7686 (was 21.7133)
t=67833ms iter=1681 incumb=21.7133 ratchet=21.9191 best=21.7111 since_improve=94
t=67835ms iter=1682 WAIST cost=19.0000 best_alt=15.0000 gap=4.0000 tried=5 sep_labels=15 clique_frac=0.08
t=67854ms iter=1682 REBUILD reject new_tc=21.8662 (was 21.7133)
t=67875ms iter=1682 incumb=21.7133 ratchet=21.7794 best=21.7111 since_improve=95
t=67876ms iter=1683 WAIST cost=19.0000 best_alt=15.0000 gap=4.0000 tried=5 sep_labels=15 clique_frac=0.10
t=67895ms iter=1683 REBUILD reject new_tc=21.8550 (was 21.7133)
t=67916ms iter=1683 incumb=21.7133 ratchet=21.8133 best=21.7111 since_improve=96
t=67917ms iter=1684 WAIST cost=19.0000 best_alt=15.0000 gap=4.0000 tried=5 sep_labels=15 clique_frac=0.05
t=67937ms iter=1684 REBUILD reject new_tc=22.2405 (was 21.7133)
t=67958ms iter=1684 incumb=21.7133 ratchet=21.8704 best=21.7111 since_improve=97
t=67959ms iter=1685 WAIST cost=19.0000 best_alt=16.0000 gap=3.0000 tried=5 sep_labels=16 clique_frac=0.06
t=67978ms iter=1685 REBUILD reject new_tc=22.0972 (was 21.7133)
t=67998ms iter=1685 incumb=21.7133 ratchet=21.8567 best=21.7111 since_improve=98
t=68000ms iter=1686 WAIST cost=19.0000 best_alt=15.0000 gap=4.0000 tried=5 sep_labels=15 clique_frac=0.05
t=68019ms iter=1686 REBUILD reject new_tc=21.8552 (was 21.7133)
t=68039ms iter=1686 incumb=21.7133 ratchet=21.8461 best=21.7111 since_improve=99
t=68040ms iter=1687 WAIST cost=19.0000 best_alt=16.0000 gap=3.0000 tried=5 sep_labels=16 clique_frac=0.06
t=68059ms iter=1687 REBUILD reject new_tc=22.2445 (was 21.7133)
t=68079ms iter=1687 incumb=21.7133 ratchet=21.9165 best=21.7111 since_improve=100
t=68081ms iter=1688 WAIST cost=19.0000 best_alt=15.0000 gap=4.0000 tried=5 sep_labels=15 clique_frac=0.08
t=68100ms iter=1688 REBUILD reject new_tc=21.8659 (was 21.7133)
t=68121ms iter=1688 incumb=21.7133 ratchet=21.8959 best=21.7111 since_improve=101
t=68122ms iter=1689 WAIST cost=19.0000 best_alt=15.0000 gap=4.0000 tried=5 sep_labels=15 clique_frac=0.08
t=68141ms iter=1689 REBUILD reject new_tc=22.0725 (was 21.7133)
t=68162ms iter=1689 incumb=21.7133 ratchet=22.0508 best=21.7111 since_improve=102
t=68163ms iter=1690 WAIST cost=19.0000 best_alt=16.0000 gap=3.0000 tried=5 sep_labels=16 clique_frac=0.06
t=68181ms iter=1690 REBUILD reject new_tc=21.7655 (was 21.7133)
t=68202ms iter=1690 incumb=21.7133 ratchet=21.8929 best=21.7111 since_improve=103
t=68203ms iter=1691 WAIST cost=19.0000 best_alt=15.0000 gap=4.0000 tried=5 sep_labels=15 clique_frac=0.05
t=68223ms iter=1691 REBUILD reject new_tc=22.1354 (was 21.7133)
t=68243ms iter=1691 incumb=21.7133 ratchet=21.7825 best=21.7111 since_improve=104
t=68245ms iter=1692 WAIST cost=19.0000 best_alt=15.0000 gap=4.0000 tried=5 sep_labels=15 clique_frac=0.05
t=68264ms iter=1692 REBUILD reject new_tc=22.3321 (was 21.7133)
t=68285ms iter=1692 incumb=21.7133 ratchet=22.0649 best=21.7111 since_improve=105
t=68286ms iter=1693 WAIST cost=19.0000 best_alt=15.0000 gap=4.0000 tried=5 sep_labels=15 clique_frac=0.08
t=68306ms iter=1693 REBUILD reject new_tc=22.1457 (was 21.7133)
t=68326ms iter=1693 incumb=21.7133 ratchet=21.9377 best=21.7111 since_improve=106
t=68327ms iter=1694 WAIST cost=19.0000 best_alt=15.0000 gap=4.0000 tried=5 sep_labels=15 clique_frac=0.10
t=68347ms iter=1694 REBUILD reject new_tc=22.1158 (was 21.7133)
t=68367ms iter=1694 incumb=21.7133 ratchet=21.7273 best=21.7111 since_improve=107
t=68369ms iter=1695 WAIST cost=19.0000 best_alt=15.0000 gap=4.0000 tried=5 sep_labels=15 clique_frac=0.08
t=68388ms iter=1695 REBUILD reject new_tc=21.9030 (was 21.7133)
t=68409ms iter=1695 incumb=21.7133 ratchet=21.8065 best=21.7111 since_improve=108
t=68410ms iter=1696 WAIST cost=19.0000 best_alt=16.0000 gap=3.0000 tried=5 sep_labels=16 clique_frac=0.06
t=68428ms iter=1696 REBUILD reject new_tc=21.8453 (was 21.7133)
t=68449ms iter=1696 incumb=21.7133 ratchet=21.7786 best=21.7111 since_improve=109
t=68450ms iter=1697 WAIST cost=19.0000 best_alt=15.0000 gap=4.0000 tried=5 sep_labels=15 clique_frac=0.08
t=68470ms iter=1697 REBUILD reject new_tc=22.3886 (was 21.7133)
t=68490ms iter=1697 incumb=21.7133 ratchet=21.7546 best=21.7111 since_improve=110
t=68492ms iter=1698 WAIST cost=19.0000 best_alt=16.0000 gap=3.0000 tried=5 sep_labels=16 clique_frac=0.06
t=68510ms iter=1698 REBUILD reject new_tc=22.2692 (was 21.7133)
t=68531ms iter=1698 incumb=21.7133 ratchet=21.8467 best=21.7111 since_improve=111
t=68533ms iter=1699 WAIST cost=19.0000 best_alt=15.0000 gap=4.0000 tried=5 sep_labels=15 clique_frac=0.05
t=68552ms iter=1699 REBUILD reject new_tc=22.0220 (was 21.7133)
t=68573ms iter=1699 incumb=21.7133 ratchet=21.8323 best=21.7111 since_improve=112
t=68574ms iter=1700 WAIST cost=19.0000 best_alt=16.0000 gap=3.0000 tried=5 sep_labels=16 clique_frac=0.06
t=68593ms iter=1700 REBUILD reject new_tc=21.7399 (was 21.7133)
t=68614ms iter=1700 incumb=21.7133 ratchet=21.8527 best=21.7111 since_improve=113
t=68615ms iter=1701 WAIST cost=19.0000 best_alt=16.0000 gap=3.0000 tried=5 sep_labels=16 clique_frac=0.06
t=68633ms iter=1701 REBUILD reject new_tc=21.7548 (was 21.7133)
t=68654ms iter=1701 incumb=21.7133 ratchet=21.8041 best=21.7111 since_improve=114
t=68655ms iter=1702 WAIST cost=19.0000 best_alt=15.0000 gap=4.0000 tried=5 sep_labels=15 clique_frac=0.05
t=68675ms iter=1702 REBUILD reject new_tc=21.9538 (was 21.7133)
t=68696ms iter=1702 incumb=21.7133 ratchet=21.9202 best=21.7111 since_improve=115
t=68697ms iter=1703 WAIST cost=19.0000 best_alt=16.0000 gap=3.0000 tried=5 sep_labels=16 clique_frac=0.06
t=68716ms iter=1703 REBUILD reject new_tc=21.8180 (was 21.7133)
t=68736ms iter=1703 incumb=21.7133 ratchet=22.0408 best=21.7111 since_improve=116
t=68738ms iter=1704 WAIST cost=19.0000 best_alt=16.0000 gap=3.0000 tried=5 sep_labels=16 clique_frac=0.06
t=68757ms iter=1704 REBUILD reject new_tc=21.8011 (was 21.7133)
t=68777ms iter=1704 incumb=21.7133 ratchet=21.7963 best=21.7111 since_improve=117
t=68779ms iter=1705 WAIST cost=19.0000 best_alt=16.0000 gap=3.0000 tried=5 sep_labels=16 clique_frac=0.06
t=68797ms iter=1705 REBUILD reject new_tc=21.7765 (was 21.7133)
t=68818ms iter=1705 incumb=21.7133 ratchet=21.9651 best=21.7111 since_improve=118
t=68819ms iter=1706 WAIST cost=19.0000 best_alt=15.0000 gap=4.0000 tried=5 sep_labels=15 clique_frac=0.07
t=68838ms iter=1706 REBUILD reject new_tc=21.7384 (was 21.7133)
t=68859ms iter=1706 incumb=21.7133 ratchet=21.7398 best=21.7111 since_improve=119
t=68860ms iter=1707 WAIST cost=19.0000 best_alt=16.0000 gap=3.0000 tried=5 sep_labels=16 clique_frac=0.06
t=68879ms iter=1707 REBUILD reject new_tc=21.7533 (was 21.7133)
t=68899ms iter=1707 incumb=21.7133 ratchet=21.7905 best=21.7111 since_improve=120
t=68901ms iter=1708 WAIST cost=19.0000 best_alt=15.0000 gap=4.0000 tried=5 sep_labels=15 clique_frac=0.05
t=68920ms iter=1708 REBUILD reject new_tc=21.9784 (was 21.7133)
t=68942ms iter=1708 incumb=21.7133 ratchet=21.9437 best=21.7111 since_improve=121
t=68943ms iter=1709 WAIST cost=19.0000 best_alt=16.0000 gap=3.0000 tried=5 sep_labels=16 clique_frac=0.06
t=68962ms iter=1709 REBUILD reject new_tc=22.2603 (was 21.7133)
t=68982ms iter=1709 incumb=21.7133 ratchet=21.7407 best=21.7111 since_improve=122
t=68983ms iter=1710 WAIST cost=19.0000 best_alt=15.0000 gap=4.0000 tried=5 sep_labels=15 clique_frac=0.10
t=69003ms iter=1710 REBUILD reject new_tc=21.9680 (was 21.7133)
t=69023ms iter=1710 incumb=21.7133 ratchet=21.7859 best=21.7111 since_improve=123
t=69024ms iter=1711 WAIST cost=19.0000 best_alt=15.0000 gap=4.0000 tried=5 sep_labels=15 clique_frac=0.05
t=69044ms iter=1711 REBUILD reject new_tc=22.2718 (was 21.7133)
t=69064ms iter=1711 incumb=21.7133 ratchet=21.8853 best=21.7111 since_improve=124
t=69066ms iter=1712 WAIST cost=19.0000 best_alt=15.0000 gap=4.0000 tried=5 sep_labels=15 clique_frac=0.08
t=69085ms iter=1712 REBUILD reject new_tc=22.0702 (was 21.7133)
t=69105ms iter=1712 incumb=21.7133 ratchet=21.9313 best=21.7111 since_improve=125
t=69107ms iter=1713 WAIST cost=19.0000 best_alt=16.0000 gap=3.0000 tried=5 sep_labels=16 clique_frac=0.06
t=69125ms iter=1713 REBUILD reject new_tc=21.9109 (was 21.7133)
t=69145ms iter=1713 incumb=21.7133 ratchet=21.7644 best=21.7111 since_improve=126
t=69147ms iter=1714 WAIST cost=19.0000 best_alt=15.0000 gap=4.0000 tried=5 sep_labels=15 clique_frac=0.08
t=69166ms iter=1714 REBUILD reject new_tc=22.2606 (was 21.7133)
t=69186ms iter=1714 incumb=21.7133 ratchet=22.2368 best=21.7111 since_improve=127
t=69187ms iter=1715 WAIST cost=19.0000 best_alt=16.0000 gap=3.0000 tried=5 sep_labels=16 clique_frac=0.06
t=69206ms iter=1715 REBUILD reject new_tc=21.7760 (was 21.7133)
t=69226ms iter=1715 incumb=21.7133 ratchet=21.9867 best=21.7111 since_improve=128
t=69227ms iter=1716 WAIST cost=19.0000 best_alt=16.0000 gap=3.0000 tried=5 sep_labels=16 clique_frac=0.06
t=69246ms iter=1716 REBUILD reject new_tc=21.7434 (was 21.7133)
t=69266ms iter=1716 incumb=21.7133 ratchet=21.9266 best=21.7111 since_improve=129
t=69268ms iter=1717 WAIST cost=19.0000 best_alt=15.0000 gap=4.0000 tried=5 sep_labels=15 clique_frac=0.05
t=69287ms iter=1717 REBUILD reject new_tc=22.1267 (was 21.7133)
t=69308ms iter=1717 incumb=21.7133 ratchet=21.7579 best=21.7111 since_improve=130
t=69309ms iter=1718 WAIST cost=19.0000 best_alt=15.0000 gap=4.0000 tried=5 sep_labels=15 clique_frac=0.10
t=69329ms iter=1718 REBUILD reject new_tc=21.7423 (was 21.7133)
t=69350ms iter=1718 incumb=21.7133 ratchet=21.9564 best=21.7111 since_improve=131
t=69351ms iter=1719 WAIST cost=19.0000 best_alt=15.0000 gap=4.0000 tried=5 sep_labels=15 clique_frac=0.05
t=69370ms iter=1719 REBUILD reject new_tc=21.8519 (was 21.7133)
t=69391ms iter=1719 incumb=21.7133 ratchet=21.8264 best=21.7111 since_improve=132
t=69393ms iter=1720 WAIST cost=19.0000 best_alt=15.0000 gap=4.0000 tried=5 sep_labels=15 clique_frac=0.10
t=69412ms iter=1720 REBUILD reject new_tc=21.7891 (was 21.7133)
t=69433ms iter=1720 incumb=21.7133 ratchet=21.7989 best=21.7111 since_improve=133
t=69434ms iter=1721 WAIST cost=19.0000 best_alt=15.0000 gap=4.0000 tried=5 sep_labels=15 clique_frac=0.10
t=69454ms iter=1721 REBUILD reject new_tc=21.8787 (was 21.7133)
t=69475ms iter=1721 incumb=21.7133 ratchet=21.7928 best=21.7111 since_improve=134
t=69476ms iter=1722 WAIST cost=19.0000 best_alt=16.0000 gap=3.0000 tried=5 sep_labels=16 clique_frac=0.06
t=69495ms iter=1722 REBUILD reject new_tc=21.7496 (was 21.7133)
t=69515ms iter=1722 incumb=21.7133 ratchet=21.9289 best=21.7111 since_improve=135
t=69516ms iter=1723 WAIST cost=19.0000 best_alt=16.0000 gap=3.0000 tried=5 sep_labels=16 clique_frac=0.06
t=69535ms iter=1723 REBUILD reject new_tc=21.7542 (was 21.7133)
t=69556ms iter=1723 incumb=21.7133 ratchet=21.7936 best=21.7111 since_improve=136
t=69557ms iter=1724 WAIST cost=19.0000 best_alt=15.0000 gap=4.0000 tried=5 sep_labels=15 clique_frac=0.05
t=69576ms iter=1724 REBUILD reject new_tc=21.9506 (was 21.7133)
t=69597ms iter=1724 incumb=21.7133 ratchet=21.7673 best=21.7111 since_improve=137
t=69599ms iter=1725 WAIST cost=19.0000 best_alt=15.0000 gap=4.0000 tried=5 sep_labels=15 clique_frac=0.08
t=69618ms iter=1725 REBUILD reject new_tc=21.9111 (was 21.7133)
t=69639ms iter=1725 incumb=21.7133 ratchet=21.9417 best=21.7111 since_improve=138
t=69640ms iter=1726 WAIST cost=19.0000 best_alt=15.0000 gap=4.0000 tried=5 sep_labels=15 clique_frac=0.05
t=69659ms iter=1726 REBUILD reject new_tc=22.2814 (was 21.7133)
t=69680ms iter=1726 incumb=21.7133 ratchet=21.8947 best=21.7111 since_improve=139
t=69681ms iter=1727 WAIST cost=19.0000 best_alt=16.0000 gap=3.0000 tried=5 sep_labels=16 clique_frac=0.06
t=69700ms iter=1727 REBUILD reject new_tc=22.0965 (was 21.7133)
t=69721ms iter=1727 incumb=21.7133 ratchet=21.7254 best=21.7111 since_improve=140
t=69722ms iter=1728 WAIST cost=19.0000 best_alt=16.0000 gap=3.0000 tried=5 sep_labels=16 clique_frac=0.06
t=69741ms iter=1728 REBUILD reject new_tc=21.7622 (was 21.7133)
t=69761ms iter=1728 incumb=21.7133 ratchet=21.7840 best=21.7111 since_improve=141
t=69763ms iter=1729 WAIST cost=19.0000 best_alt=15.0000 gap=4.0000 tried=5 sep_labels=15 clique_frac=0.05
t=69782ms iter=1729 REBUILD reject new_tc=22.2619 (was 21.7133)
t=69803ms iter=1729 incumb=21.7133 ratchet=21.8949 best=21.7111 since_improve=142
t=69804ms iter=1730 WAIST cost=19.0000 best_alt=15.0000 gap=4.0000 tried=5 sep_labels=15 clique_frac=0.05
t=69824ms iter=1730 REBUILD reject new_tc=22.1875 (was 21.7133)
t=69844ms iter=1730 incumb=21.7133 ratchet=21.7943 best=21.7111 since_improve=143
t=69846ms iter=1731 WAIST cost=19.0000 best_alt=16.0000 gap=3.0000 tried=5 sep_labels=16 clique_frac=0.06
t=69864ms iter=1731 REBUILD reject new_tc=22.0962 (was 21.7133)
t=69885ms iter=1731 incumb=21.7133 ratchet=21.8055 best=21.7111 since_improve=144
t=69886ms iter=1732 WAIST cost=19.0000 best_alt=15.0000 gap=4.0000 tried=5 sep_labels=15 clique_frac=0.08
t=69906ms iter=1732 REBUILD reject new_tc=22.1185 (was 21.7133)
t=69926ms iter=1732 incumb=21.7133 ratchet=21.7409 best=21.7111 since_improve=145
t=69928ms iter=1733 WAIST cost=19.0000 best_alt=16.0000 gap=3.0000 tried=5 sep_labels=16 clique_frac=0.06
t=69946ms iter=1733 REBUILD reject new_tc=21.7732 (was 21.7133)
t=69967ms iter=1733 incumb=21.7133 ratchet=21.7528 best=21.7111 since_improve=146
t=69968ms iter=1734 WAIST cost=19.0000 best_alt=15.0000 gap=4.0000 tried=5 sep_labels=15 clique_frac=0.05
t=69988ms iter=1734 REBUILD reject new_tc=22.2999 (was 21.7133)
t=70009ms iter=1734 incumb=21.7133 ratchet=21.8730 best=21.7111 since_improve=147
t=70010ms iter=1735 WAIST cost=19.0000 best_alt=16.0000 gap=3.0000 tried=5 sep_labels=16 clique_frac=0.06
t=70028ms iter=1735 REBUILD reject new_tc=21.7440 (was 21.7133)
t=70049ms iter=1735 incumb=21.7133 ratchet=21.9489 best=21.7111 since_improve=148
t=70050ms iter=1736 WAIST cost=19.0000 best_alt=16.0000 gap=3.0000 tried=5 sep_labels=16 clique_frac=0.06
t=70069ms iter=1736 REBUILD reject new_tc=21.7536 (was 21.7133)
t=70089ms iter=1736 incumb=21.7133 ratchet=21.8987 best=21.7111 since_improve=149
t=70090ms iter=1737 WAIST cost=19.0000 best_alt=15.0000 gap=4.0000 tried=5 sep_labels=15 clique_frac=0.10
t=70110ms iter=1737 REBUILD reject new_tc=21.9395 (was 21.7133)
t=70130ms iter=1737 incumb=21.7133 ratchet=22.1713 best=21.7111 since_improve=150
t=70132ms iter=1738 WAIST cost=19.0000 best_alt=15.0000 gap=4.0000 tried=5 sep_labels=15 clique_frac=0.06
t=70151ms iter=1738 REBUILD reject new_tc=22.2430 (was 21.7133)
t=70171ms iter=1738 incumb=21.7133 ratchet=21.8946 best=21.7111 since_improve=151
t=70173ms iter=1739 WAIST cost=19.0000 best_alt=15.0000 gap=4.0000 tried=5 sep_labels=15 clique_frac=0.08
t=70192ms iter=1739 REBUILD reject new_tc=21.8564 (was 21.7133)
t=70212ms iter=1739 incumb=21.7133 ratchet=21.9547 best=21.7111 since_improve=152
t=70214ms iter=1740 WAIST cost=19.0000 best_alt=15.0000 gap=4.0000 tried=5 sep_labels=15 clique_frac=0.05
t=70233ms iter=1740 REBUILD reject new_tc=21.9609 (was 21.7133)
t=70254ms iter=1740 incumb=21.7133 ratchet=21.8939 best=21.7111 since_improve=153
t=70255ms iter=1741 WAIST cost=19.0000 best_alt=16.0000 gap=3.0000 tried=5 sep_labels=16 clique_frac=0.06
t=70274ms iter=1741 REBUILD reject new_tc=21.7922 (was 21.7133)
t=70295ms iter=1741 incumb=21.7133 ratchet=21.7927 best=21.7111 since_improve=154
t=70296ms iter=1742 WAIST cost=19.0000 best_alt=15.0000 gap=4.0000 tried=5 sep_labels=15 clique_frac=0.08
t=70316ms iter=1742 REBUILD reject new_tc=22.1782 (was 21.7133)
t=70336ms iter=1742 incumb=21.7133 ratchet=21.9019 best=21.7111 since_improve=155
t=70337ms iter=1743 WAIST cost=19.0000 best_alt=16.0000 gap=3.0000 tried=5 sep_labels=16 clique_frac=0.06
t=70356ms iter=1743 REBUILD reject new_tc=21.7548 (was 21.7133)
t=70376ms iter=1743 incumb=21.7133 ratchet=21.8684 best=21.7111 since_improve=156
t=70377ms iter=1744 WAIST cost=19.0000 best_alt=16.0000 gap=3.0000 tried=5 sep_labels=16 clique_frac=0.06
t=70396ms iter=1744 REBUILD reject new_tc=21.7395 (was 21.7133)
t=70417ms iter=1744 incumb=21.7133 ratchet=21.8592 best=21.7111 since_improve=157
t=70418ms iter=1745 WAIST cost=19.0000 best_alt=16.0000 gap=3.0000 tried=5 sep_labels=16 clique_frac=0.06
t=70437ms iter=1745 REBUILD reject new_tc=22.1744 (was 21.7133)
t=70457ms iter=1745 incumb=21.7133 ratchet=21.9263 best=21.7111 since_improve=158
t=70459ms iter=1746 WAIST cost=19.0000 best_alt=16.0000 gap=3.0000 tried=5 sep_labels=16 clique_frac=0.06
t=70477ms iter=1746 REBUILD reject new_tc=21.7529 (was 21.7133)
t=70498ms iter=1746 incumb=21.7133 ratchet=22.0248 best=21.7111 since_improve=159
t=70499ms iter=1747 WAIST cost=19.0000 best_alt=16.0000 gap=3.0000 tried=5 sep_labels=16 clique_frac=0.06
t=70518ms iter=1747 REBUILD reject new_tc=21.7463 (was 21.7133)
t=70539ms iter=1747 incumb=21.7133 ratchet=21.7543 best=21.7111 since_improve=160
t=70540ms iter=1748 WAIST cost=19.0000 best_alt=15.0000 gap=4.0000 tried=5 sep_labels=15 clique_frac=0.05
t=70559ms iter=1748 REBUILD reject new_tc=21.9519 (was 21.7133)
t=70579ms iter=1748 incumb=21.7133 ratchet=21.8514 best=21.7111 since_improve=161
t=70580ms iter=1749 WAIST cost=19.0000 best_alt=15.0000 gap=4.0000 tried=5 sep_labels=15 clique_frac=0.10
t=70600ms iter=1749 REBUILD reject new_tc=21.8835 (was 21.7133)
t=70620ms iter=1749 incumb=21.7133 ratchet=21.7727 best=21.7111 since_improve=162
t=70621ms iter=1750 WAIST cost=19.0000 best_alt=16.0000 gap=3.0000 tried=5 sep_labels=16 clique_frac=0.06
t=70640ms iter=1750 REBUILD reject new_tc=21.7474 (was 21.7133)
t=70660ms iter=1750 incumb=21.7133 ratchet=21.9187 best=21.7111 since_improve=163
t=70661ms iter=1751 WAIST cost=19.0000 best_alt=16.0000 gap=3.0000 tried=5 sep_labels=16 clique_frac=0.06
t=70680ms iter=1751 REBUILD reject new_tc=21.7665 (was 21.7133)
t=70701ms iter=1751 incumb=21.7133 ratchet=21.7511 best=21.7111 since_improve=164
t=70702ms iter=1752 WAIST cost=19.0000 best_alt=15.0000 gap=4.0000 tried=5 sep_labels=15 clique_frac=0.02
t=70721ms iter=1752 REBUILD reject new_tc=21.7944 (was 21.7133)
t=70742ms iter=1752 incumb=21.7133 ratchet=21.8359 best=21.7111 since_improve=165
t=70743ms iter=1753 WAIST cost=19.0000 best_alt=15.0000 gap=4.0000 tried=5 sep_labels=15 clique_frac=0.05
t=70763ms iter=1753 REBUILD reject new_tc=22.2329 (was 21.7133)
t=70784ms iter=1753 incumb=21.7133 ratchet=21.8708 best=21.7111 since_improve=166
t=70785ms iter=1754 WAIST cost=19.0000 best_alt=15.0000 gap=4.0000 tried=5 sep_labels=15 clique_frac=0.10
t=70804ms iter=1754 REBUILD reject new_tc=22.2145 (was 21.7133)
t=70824ms iter=1754 incumb=21.7133 ratchet=21.7681 best=21.7111 since_improve=167
t=70826ms iter=1755 WAIST cost=19.0000 best_alt=15.0000 gap=4.0000 tried=5 sep_labels=15 clique_frac=0.05
t=70845ms iter=1755 REBUILD reject new_tc=22.1413 (was 21.7133)
t=70866ms iter=1755 incumb=21.7133 ratchet=21.9409 best=21.7111 since_improve=168
t=70867ms iter=1756 WAIST cost=19.0000 best_alt=15.0000 gap=4.0000 tried=5 sep_labels=15 clique_frac=0.05
t=70887ms iter=1756 REBUILD reject new_tc=22.1532 (was 21.7133)
t=70907ms iter=1756 incumb=21.7133 ratchet=21.8810 best=21.7111 since_improve=169
t=70909ms iter=1757 WAIST cost=19.0000 best_alt=15.0000 gap=4.0000 tried=5 sep_labels=15 clique_frac=0.05
t=70928ms iter=1757 REBUILD reject new_tc=21.8180 (was 21.7133)
t=70949ms iter=1757 incumb=21.7133 ratchet=21.8969 best=21.7111 since_improve=170
t=70951ms iter=1758 WAIST cost=19.0000 best_alt=15.0000 gap=4.0000 tried=5 sep_labels=15 clique_frac=0.08
t=70970ms iter=1758 REBUILD reject new_tc=21.9165 (was 21.7133)
t=70991ms iter=1758 incumb=21.7133 ratchet=21.8551 best=21.7111 since_improve=171
t=70992ms iter=1759 WAIST cost=19.0000 best_alt=16.0000 gap=3.0000 tried=5 sep_labels=16 clique_frac=0.06
t=71011ms iter=1759 REBUILD reject new_tc=21.7925 (was 21.7133)
t=71031ms iter=1759 incumb=21.7133 ratchet=21.8193 best=21.7111 since_improve=172
t=71033ms iter=1760 WAIST cost=19.0000 best_alt=16.0000 gap=3.0000 tried=5 sep_labels=16 clique_frac=0.06
t=71051ms iter=1760 REBUILD reject new_tc=21.8563 (was 21.7133)
t=71072ms iter=1760 incumb=21.7133 ratchet=21.8834 best=21.7111 since_improve=173
t=71073ms iter=1761 WAIST cost=19.0000 best_alt=16.0000 gap=3.0000 tried=5 sep_labels=16 clique_frac=0.06
t=71091ms iter=1761 REBUILD reject new_tc=21.7649 (was 21.7133)
t=71112ms iter=1761 incumb=21.7133 ratchet=21.7391 best=21.7111 since_improve=174
t=71113ms iter=1762 WAIST cost=19.0000 best_alt=16.0000 gap=3.0000 tried=5 sep_labels=16 clique_frac=0.06
t=71132ms iter=1762 REBUILD reject new_tc=21.7390 (was 21.7133)
t=71152ms iter=1762 incumb=21.7133 ratchet=21.9059 best=21.7111 since_improve=175
t=71153ms iter=1763 WAIST cost=19.0000 best_alt=15.0000 gap=4.0000 tried=5 sep_labels=15 clique_frac=0.06
t=71173ms iter=1763 REBUILD reject new_tc=21.7877 (was 21.7133)
t=71194ms iter=1763 incumb=21.7133 ratchet=21.8705 best=21.7111 since_improve=176
t=71195ms iter=1764 WAIST cost=19.0000 best_alt=15.0000 gap=4.0000 tried=5 sep_labels=15 clique_frac=0.08
t=71214ms iter=1764 REBUILD reject new_tc=21.7880 (was 21.7133)
t=71234ms iter=1764 incumb=21.7133 ratchet=22.0126 best=21.7111 since_improve=177
t=71236ms iter=1765 WAIST cost=19.0000 best_alt=16.0000 gap=3.0000 tried=5 sep_labels=16 clique_frac=0.06
t=71254ms iter=1765 REBUILD reject new_tc=21.7546 (was 21.7133)
t=71275ms iter=1765 incumb=21.7133 ratchet=21.8025 best=21.7111 since_improve=178
t=71276ms iter=1766 WAIST cost=19.0000 best_alt=15.0000 gap=4.0000 tried=5 sep_labels=15 clique_frac=0.07
t=71295ms iter=1766 REBUILD reject new_tc=22.1667 (was 21.7133)
t=71315ms iter=1766 incumb=21.7133 ratchet=21.8041 best=21.7111 since_improve=179
t=71317ms iter=1767 WAIST cost=19.0000 best_alt=15.0000 gap=4.0000 tried=5 sep_labels=15 clique_frac=0.08
t=71336ms iter=1767 REBUILD reject new_tc=21.7581 (was 21.7133)
t=71356ms iter=1767 incumb=21.7133 ratchet=21.8447 best=21.7111 since_improve=180
t=71358ms iter=1768 WAIST cost=19.0000 best_alt=15.0000 gap=4.0000 tried=5 sep_labels=15 clique_frac=0.10
t=71377ms iter=1768 REBUILD reject new_tc=22.0436 (was 21.7133)
t=71398ms iter=1768 incumb=21.7133 ratchet=21.7822 best=21.7111 since_improve=181
t=71399ms iter=1769 WAIST cost=19.0000 best_alt=15.0000 gap=4.0000 tried=5 sep_labels=15 clique_frac=0.02
t=71418ms iter=1769 REBUILD reject new_tc=22.2652 (was 21.7133)
t=71439ms iter=1769 incumb=21.7133 ratchet=21.8847 best=21.7111 since_improve=182
t=71440ms iter=1770 WAIST cost=19.0000 best_alt=16.0000 gap=3.0000 tried=5 sep_labels=16 clique_frac=0.06
t=71459ms iter=1770 REBUILD reject new_tc=21.7635 (was 21.7133)
t=71480ms iter=1770 incumb=21.7133 ratchet=21.8954 best=21.7111 since_improve=183
t=71481ms iter=1771 WAIST cost=19.0000 best_alt=15.0000 gap=4.0000 tried=5 sep_labels=15 clique_frac=0.08
t=71501ms iter=1771 REBUILD reject new_tc=21.9088 (was 21.7133)
t=71522ms iter=1771 incumb=21.7133 ratchet=21.8443 best=21.7111 since_improve=184
t=71523ms iter=1772 WAIST cost=19.0000 best_alt=15.0000 gap=4.0000 tried=5 sep_labels=15 clique_frac=0.06
t=71543ms iter=1772 REBUILD reject new_tc=21.7255 (was 21.7133)
t=71563ms iter=1772 incumb=21.7133 ratchet=21.9183 best=21.7111 since_improve=185
t=71564ms iter=1773 WAIST cost=19.0000 best_alt=15.0000 gap=4.0000 tried=5 sep_labels=15 clique_frac=0.06
t=71583ms iter=1773 REBUILD reject new_tc=22.1790 (was 21.7133)
t=71604ms iter=1773 incumb=21.7133 ratchet=21.8935 best=21.7111 since_improve=186
t=71605ms iter=1774 WAIST cost=19.0000 best_alt=15.0000 gap=4.0000 tried=5 sep_labels=15 clique_frac=0.10
t=71625ms iter=1774 REBUILD reject new_tc=21.8457 (was 21.7133)
t=71647ms iter=1774 incumb=21.7133 ratchet=21.8941 best=21.7111 since_improve=187
t=71648ms iter=1775 WAIST cost=19.0000 best_alt=16.0000 gap=3.0000 tried=5 sep_labels=16 clique_frac=0.06
t=71666ms iter=1775 REBUILD reject new_tc=21.7536 (was 21.7133)
t=71687ms iter=1775 incumb=21.7133 ratchet=21.9085 best=21.7111 since_improve=188
t=71689ms iter=1776 WAIST cost=19.0000 best_alt=15.0000 gap=4.0000 tried=5 sep_labels=15 clique_frac=0.05
t=71708ms iter=1776 REBUILD reject new_tc=21.9892 (was 21.7133)
t=71729ms iter=1776 incumb=21.7133 ratchet=21.8461 best=21.7111 since_improve=189
t=71730ms iter=1777 WAIST cost=19.0000 best_alt=15.0000 gap=4.0000 tried=5 sep_labels=15 clique_frac=0.08
t=71749ms iter=1777 REBUILD reject new_tc=21.7690 (was 21.7133)
t=71770ms iter=1777 incumb=21.7133 ratchet=22.0963 best=21.7111 since_improve=190
t=71771ms iter=1778 WAIST cost=19.0000 best_alt=15.0000 gap=4.0000 tried=5 sep_labels=15 clique_frac=0.08
t=71790ms iter=1778 REBUILD reject new_tc=21.9030 (was 21.7133)
t=71812ms iter=1778 incumb=21.7133 ratchet=21.7387 best=21.7111 since_improve=191
t=71813ms iter=1779 WAIST cost=19.0000 best_alt=15.0000 gap=4.0000 tried=5 sep_labels=15 clique_frac=0.05
t=71833ms iter=1779 REBUILD reject new_tc=21.8488 (was 21.7133)
t=71853ms iter=1779 incumb=21.7133 ratchet=21.7539 best=21.7111 since_improve=192
t=71854ms iter=1780 WAIST cost=19.0000 best_alt=15.0000 gap=4.0000 tried=5 sep_labels=15 clique_frac=0.05
t=71874ms iter=1780 REBUILD reject new_tc=21.8713 (was 21.7133)
t=71895ms iter=1780 incumb=21.7133 ratchet=21.8510 best=21.7111 since_improve=193
t=71896ms iter=1781 WAIST cost=19.0000 best_alt=16.0000 gap=3.0000 tried=5 sep_labels=16 clique_frac=0.06
t=71915ms iter=1781 REBUILD reject new_tc=22.0197 (was 21.7133)
t=71936ms iter=1781 incumb=21.7133 ratchet=21.7681 best=21.7111 since_improve=194
t=71937ms iter=1782 WAIST cost=19.0000 best_alt=15.0000 gap=4.0000 tried=5 sep_labels=15 clique_frac=0.08
t=71957ms iter=1782 REBUILD reject new_tc=22.1371 (was 21.7133)
t=71977ms iter=1782 incumb=21.7133 ratchet=21.9482 best=21.7111 since_improve=195
t=71978ms iter=1783 WAIST cost=19.0000 best_alt=15.0000 gap=4.0000 tried=5 sep_labels=15 clique_frac=0.05
t=71998ms iter=1783 REBUILD reject new_tc=22.0163 (was 21.7133)
t=72019ms iter=1783 incumb=21.7133 ratchet=21.8565 best=21.7111 since_improve=196
t=72020ms iter=1784 WAIST cost=19.0000 best_alt=15.0000 gap=4.0000 tried=5 sep_labels=15 clique_frac=0.08
t=72040ms iter=1784 REBUILD reject new_tc=21.8078 (was 21.7133)
t=72060ms iter=1784 incumb=21.7133 ratchet=21.7549 best=21.7111 since_improve=197
t=72062ms iter=1785 WAIST cost=19.0000 best_alt=16.0000 gap=3.0000 tried=5 sep_labels=16 clique_frac=0.06
t=72080ms iter=1785 REBUILD reject new_tc=21.7648 (was 21.7133)
t=72102ms iter=1785 incumb=21.7133 ratchet=22.1543 best=21.7111 since_improve=198
t=72103ms iter=1786 WAIST cost=19.0000 best_alt=16.0000 gap=3.0000 tried=5 sep_labels=16 clique_frac=0.06
t=72122ms iter=1786 REBUILD reject new_tc=22.0211 (was 21.7133)
t=72143ms iter=1786 incumb=21.7133 ratchet=21.9186 best=21.7111 since_improve=199
t=72144ms iter=1787 WAIST cost=19.0000 best_alt=15.0000 gap=4.0000 tried=5 sep_labels=15 clique_frac=0.05
t=72164ms iter=1787 REBUILD reject new_tc=21.8663 (was 21.7133)
t=72184ms iter=1787 incumb=21.7133 ratchet=21.7552 best=21.7111 since_improve=200
t=72185ms iter=1788 WAIST cost=19.0000 best_alt=15.0000 gap=4.0000 tried=5 sep_labels=15 clique_frac=0.05
t=72205ms iter=1788 REBUILD reject new_tc=22.2704 (was 21.7133)
t=72226ms iter=1788 incumb=21.7133 ratchet=21.7821 best=21.7111 since_improve=201
t=72228ms iter=1789 WAIST cost=19.0000 best_alt=15.0000 gap=4.0000 tried=5 sep_labels=15 clique_frac=0.02
t=72246ms iter=1789 REBUILD reject new_tc=21.8716 (was 21.7133)
t=72267ms iter=1789 incumb=21.7133 ratchet=22.0003 best=21.7111 since_improve=202
t=72268ms iter=1790 WAIST cost=19.0000 best_alt=16.0000 gap=3.0000 tried=5 sep_labels=16 clique_frac=0.06
t=72287ms iter=1790 REBUILD reject new_tc=21.7795 (was 21.7133)
t=72308ms iter=1790 incumb=21.7133 ratchet=21.8454 best=21.7111 since_improve=203
t=72309ms iter=1791 WAIST cost=19.0000 best_alt=16.0000 gap=3.0000 tried=5 sep_labels=16 clique_frac=0.06
t=72327ms iter=1791 REBUILD reject new_tc=21.7388 (was 21.7133)
t=72348ms iter=1791 incumb=21.7133 ratchet=21.8206 best=21.7111 since_improve=204
t=72350ms iter=1792 WAIST cost=19.0000 best_alt=15.0000 gap=4.0000 tried=5 sep_labels=15 clique_frac=0.05
t=72369ms iter=1792 REBUILD reject new_tc=22.1436 (was 21.7133)
t=72390ms iter=1792 incumb=21.7133 ratchet=21.7922 best=21.7111 since_improve=205
t=72391ms iter=1793 WAIST cost=19.0000 best_alt=15.0000 gap=4.0000 tried=5 sep_labels=15 clique_frac=0.10
t=72410ms iter=1793 REBUILD reject new_tc=21.9904 (was 21.7133)
t=72431ms iter=1793 incumb=21.7133 ratchet=21.7528 best=21.7111 since_improve=206
t=72432ms iter=1794 WAIST cost=19.0000 best_alt=15.0000 gap=4.0000 tried=5 sep_labels=15 clique_frac=0.10
t=72452ms iter=1794 REBUILD reject new_tc=21.9705 (was 21.7133)
t=72472ms iter=1794 incumb=21.7133 ratchet=21.7424 best=21.7111 since_improve=207
t=72473ms iter=1795 WAIST cost=19.0000 best_alt=16.0000 gap=3.0000 tried=5 sep_labels=16 clique_frac=0.06
t=72492ms iter=1795 REBUILD reject new_tc=21.7423 (was 21.7133)
t=72512ms iter=1795 incumb=21.7133 ratchet=21.8345 best=21.7111 since_improve=208
t=72513ms iter=1796 WAIST cost=19.0000 best_alt=15.0000 gap=4.0000 tried=5 sep_labels=15 clique_frac=0.02
t=72532ms iter=1796 REBUILD reject new_tc=22.0403 (was 21.7133)
t=72552ms iter=1796 incumb=21.7133 ratchet=21.8316 best=21.7111 since_improve=209
t=72554ms iter=1797 WAIST cost=19.0000 best_alt=16.0000 gap=3.0000 tried=5 sep_labels=16 clique_frac=0.06
t=72573ms iter=1797 REBUILD reject new_tc=21.7418 (was 21.7133)
t=72593ms iter=1797 incumb=21.7133 ratchet=21.7542 best=21.7111 since_improve=210
t=72594ms iter=1798 WAIST cost=19.0000 best_alt=15.0000 gap=4.0000 tried=5 sep_labels=15 clique_frac=0.06
t=72614ms iter=1798 REBUILD reject new_tc=21.7295 (was 21.7133)
t=72634ms iter=1798 incumb=21.7133 ratchet=21.8364 best=21.7111 since_improve=211
t=72636ms iter=1799 WAIST cost=19.0000 best_alt=15.0000 gap=4.0000 tried=5 sep_labels=15 clique_frac=0.05
t=72655ms iter=1799 REBUILD reject new_tc=22.2747 (was 21.7133)
t=72676ms iter=1799 incumb=21.7133 ratchet=21.9998 best=21.7111 since_improve=212
t=72677ms iter=1800 WAIST cost=19.0000 best_alt=16.0000 gap=3.0000 tried=5 sep_labels=16 clique_frac=0.06
t=72696ms iter=1800 REBUILD reject new_tc=22.1656 (was 21.7133)
t=72716ms iter=1800 incumb=21.7133 ratchet=21.7882 best=21.7111 since_improve=213
t=72717ms iter=1801 WAIST cost=19.0000 best_alt=15.0000 gap=4.0000 tried=5 sep_labels=15 clique_frac=0.06
t=72737ms iter=1801 REBUILD reject new_tc=21.7931 (was 21.7133)
t=72757ms iter=1801 incumb=21.7133 ratchet=21.7819 best=21.7111 since_improve=214
t=72758ms iter=1802 WAIST cost=19.0000 best_alt=16.0000 gap=3.0000 tried=5 sep_labels=16 clique_frac=0.06
t=72777ms iter=1802 REBUILD reject new_tc=21.7487 (was 21.7133)
t=72798ms iter=1802 incumb=21.7133 ratchet=22.0388 best=21.7111 since_improve=215
t=72799ms iter=1803 WAIST cost=19.0000 best_alt=16.0000 gap=3.0000 tried=5 sep_labels=16 clique_frac=0.06
t=72817ms iter=1803 REBUILD reject new_tc=22.0964 (was 21.7133)
t=72838ms iter=1803 incumb=21.7133 ratchet=21.8194 best=21.7111 since_improve=216
t=72839ms iter=1804 WAIST cost=19.0000 best_alt=16.0000 gap=3.0000 tried=5 sep_labels=16 clique_frac=0.06
t=72858ms iter=1804 REBUILD reject new_tc=21.7489 (was 21.7133)
t=72879ms iter=1804 incumb=21.7133 ratchet=21.7663 best=21.7111 since_improve=217
t=72880ms iter=1805 WAIST cost=19.0000 best_alt=16.0000 gap=3.0000 tried=5 sep_labels=16 clique_frac=0.06
t=72898ms iter=1805 REBUILD reject new_tc=21.7420 (was 21.7133)
t=72918ms iter=1805 incumb=21.7133 ratchet=22.1299 best=21.7111 since_improve=218
t=72920ms iter=1806 WAIST cost=19.0000 best_alt=15.0000 gap=4.0000 tried=5 sep_labels=15 clique_frac=0.08
t=72940ms iter=1806 REBUILD reject new_tc=21.9064 (was 21.7133)
t=72960ms iter=1806 incumb=21.7133 ratchet=21.8452 best=21.7111 since_improve=219
t=72961ms iter=1807 WAIST cost=19.0000 best_alt=15.0000 gap=4.0000 tried=5 sep_labels=15 clique_frac=0.08
t=72981ms iter=1807 REBUILD reject new_tc=22.0318 (was 21.7133)
t=73002ms iter=1807 incumb=21.7133 ratchet=21.7691 best=21.7111 since_improve=220
t=73003ms iter=1808 WAIST cost=19.0000 best_alt=16.0000 gap=3.0000 tried=5 sep_labels=16 clique_frac=0.06
t=73022ms iter=1808 REBUILD reject new_tc=21.8048 (was 21.7133)
t=73042ms iter=1808 incumb=21.7133 ratchet=21.8279 best=21.7111 since_improve=221
t=73044ms iter=1809 WAIST cost=19.0000 best_alt=15.0000 gap=4.0000 tried=5 sep_labels=15 clique_frac=0.10
t=73063ms iter=1809 REBUILD reject new_tc=21.8325 (was 21.7133)
t=73084ms iter=1809 incumb=21.7133 ratchet=21.7802 best=21.7111 since_improve=222
t=73085ms iter=1810 WAIST cost=19.0000 best_alt=15.0000 gap=4.0000 tried=5 sep_labels=15 clique_frac=0.10
t=73105ms iter=1810 REBUILD reject new_tc=21.7551 (was 21.7133)
t=73125ms iter=1810 incumb=21.7133 ratchet=21.8072 best=21.7111 since_improve=223
t=73126ms iter=1811 WAIST cost=19.0000 best_alt=15.0000 gap=4.0000 tried=5 sep_labels=15 clique_frac=0.08
t=73146ms iter=1811 REBUILD reject new_tc=22.0885 (was 21.7133)
t=73167ms iter=1811 incumb=21.7133 ratchet=21.8191 best=21.7111 since_improve=224
t=73169ms iter=1812 WAIST cost=19.0000 best_alt=16.0000 gap=3.0000 tried=5 sep_labels=16 clique_frac=0.06
t=73187ms iter=1812 REBUILD reject new_tc=21.9470 (was 21.7133)
t=73208ms iter=1812 incumb=21.7133 ratchet=21.8560 best=21.7111 since_improve=225
t=73210ms iter=1813 WAIST cost=19.0000 best_alt=16.0000 gap=3.0000 tried=5 sep_labels=16 clique_frac=0.06
t=73228ms iter=1813 REBUILD reject new_tc=22.0864 (was 21.7133)
t=73249ms iter=1813 incumb=21.7133 ratchet=21.7818 best=21.7111 since_improve=226
t=73250ms iter=1814 WAIST cost=19.0000 best_alt=16.0000 gap=3.0000 tried=5 sep_labels=16 clique_frac=0.06
t=73269ms iter=1814 REBUILD reject new_tc=22.0961 (was 21.7133)
t=73290ms iter=1814 incumb=21.7133 ratchet=22.0476 best=21.7111 since_improve=227
t=73291ms iter=1815 WAIST cost=19.0000 best_alt=15.0000 gap=4.0000 tried=5 sep_labels=15 clique_frac=0.05
t=73310ms iter=1815 REBUILD reject new_tc=22.2319 (was 21.7133)
t=73331ms iter=1815 incumb=21.7133 ratchet=21.7692 best=21.7111 since_improve=228
t=73332ms iter=1816 WAIST cost=19.0000 best_alt=16.0000 gap=3.0000 tried=5 sep_labels=16 clique_frac=0.06
t=73350ms iter=1816 REBUILD reject new_tc=21.7543 (was 21.7133)
t=73372ms iter=1816 incumb=21.7133 ratchet=21.7665 best=21.7111 since_improve=229
t=73373ms iter=1817 WAIST cost=19.0000 best_alt=16.0000 gap=3.0000 tried=5 sep_labels=16 clique_frac=0.06
t=73391ms iter=1817 REBUILD reject new_tc=21.7524 (was 21.7133)
t=73412ms iter=1817 incumb=21.7133 ratchet=21.9029 best=21.7111 since_improve=230
t=73413ms iter=1818 WAIST cost=19.0000 best_alt=15.0000 gap=4.0000 tried=5 sep_labels=15 clique_frac=0.07
t=73432ms iter=1818 REBUILD reject new_tc=22.2597 (was 21.7133)
t=73453ms iter=1818 incumb=21.7133 ratchet=21.7812 best=21.7111 since_improve=231
t=73454ms iter=1819 WAIST cost=19.0000 best_alt=15.0000 gap=4.0000 tried=5 sep_labels=15 clique_frac=0.10
t=73474ms iter=1819 REBUILD reject new_tc=21.7516 (was 21.7133)
t=73495ms iter=1819 incumb=21.7133 ratchet=21.9232 best=21.7111 since_improve=232
t=73496ms iter=1820 WAIST cost=19.0000 best_alt=15.0000 gap=4.0000 tried=5 sep_labels=15 clique_frac=0.05
t=73516ms iter=1820 REBUILD reject new_tc=21.8634 (was 21.7133)
t=73537ms iter=1820 incumb=21.7133 ratchet=22.0106 best=21.7111 since_improve=233
t=73538ms iter=1821 WAIST cost=19.0000 best_alt=16.0000 gap=3.0000 tried=5 sep_labels=16 clique_frac=0.06
t=73556ms iter=1821 REBUILD reject new_tc=21.7648 (was 21.7133)
t=73577ms iter=1821 incumb=21.7133 ratchet=22.0444 best=21.7111 since_improve=234
t=73579ms iter=1822 WAIST cost=19.0000 best_alt=16.0000 gap=3.0000 tried=5 sep_labels=16 clique_frac=0.06
t=73597ms iter=1822 REBUILD reject new_tc=21.7538 (was 21.7133)
t=73618ms iter=1822 incumb=21.7133 ratchet=21.8798 best=21.7111 since_improve=235
t=73620ms iter=1823 WAIST cost=19.0000 best_alt=16.0000 gap=3.0000 tried=5 sep_labels=16 clique_frac=0.06
t=73638ms iter=1823 REBUILD reject new_tc=21.7394 (was 21.7133)
t=73659ms iter=1823 incumb=21.7133 ratchet=21.7837 best=21.7111 since_improve=236
t=73660ms iter=1824 WAIST cost=19.0000 best_alt=15.0000 gap=4.0000 tried=5 sep_labels=15 clique_frac=0.05
t=73680ms iter=1824 REBUILD reject new_tc=22.2437 (was 21.7133)
t=73700ms iter=1824 incumb=21.7133 ratchet=21.8054 best=21.7111 since_improve=237
t=73701ms iter=1825 WAIST cost=19.0000 best_alt=15.0000 gap=4.0000 tried=5 sep_labels=15 clique_frac=0.10
t=73721ms iter=1825 REBUILD reject new_tc=22.0437 (was 21.7133)
t=73742ms iter=1825 incumb=21.7133 ratchet=21.7397 best=21.7111 since_improve=238
t=73743ms iter=1826 WAIST cost=19.0000 best_alt=15.0000 gap=4.0000 tried=5 sep_labels=15 clique_frac=0.05
t=73762ms iter=1826 REBUILD reject new_tc=21.8413 (was 21.7133)
t=73783ms iter=1826 incumb=21.7133 ratchet=21.7959 best=21.7111 since_improve=239
t=73784ms iter=1827 WAIST cost=19.0000 best_alt=15.0000 gap=4.0000 tried=5 sep_labels=15 clique_frac=0.10
t=73804ms iter=1827 REBUILD reject new_tc=21.9767 (was 21.7133)
t=73824ms iter=1827 incumb=21.7133 ratchet=21.7735 best=21.7111 since_improve=240
t=73825ms iter=1828 WAIST cost=19.0000 best_alt=16.0000 gap=3.0000 tried=5 sep_labels=16 clique_frac=0.06
t=73844ms iter=1828 REBUILD reject new_tc=21.7665 (was 21.7133)
t=73865ms iter=1828 incumb=21.7133 ratchet=22.0154 best=21.7111 since_improve=241
t=73866ms iter=1829 WAIST cost=19.0000 best_alt=16.0000 gap=3.0000 tried=5 sep_labels=16 clique_frac=0.06
t=73885ms iter=1829 REBUILD reject new_tc=21.7527 (was 21.7133)
t=73905ms iter=1829 incumb=21.7133 ratchet=21.9535 best=21.7111 since_improve=242
t=73906ms iter=1830 WAIST cost=19.0000 best_alt=15.0000 gap=4.0000 tried=5 sep_labels=15 clique_frac=0.05
t=73926ms iter=1830 REBUILD reject new_tc=21.9625 (was 21.7133)
t=73946ms iter=1830 incumb=21.7133 ratchet=21.8843 best=21.7111 since_improve=243
t=73948ms iter=1831 WAIST cost=19.0000 best_alt=15.0000 gap=4.0000 tried=5 sep_labels=15 clique_frac=0.02
t=73967ms iter=1831 REBUILD reject new_tc=21.8368 (was 21.7133)
t=73988ms iter=1831 incumb=21.7133 ratchet=21.7836 best=21.7111 since_improve=244
t=73989ms iter=1832 WAIST cost=19.0000 best_alt=15.0000 gap=4.0000 tried=5 sep_labels=15 clique_frac=0.08
t=74009ms iter=1832 REBUILD reject new_tc=21.9037 (was 21.7133)
t=74029ms iter=1832 incumb=21.7133 ratchet=21.9952 best=21.7111 since_improve=245
t=74031ms iter=1833 WAIST cost=19.0000 best_alt=15.0000 gap=4.0000 tried=5 sep_labels=15 clique_frac=0.05
t=74050ms iter=1833 REBUILD reject new_tc=22.2757 (was 21.7133)
t=74071ms iter=1833 incumb=21.7133 ratchet=21.7919 best=21.7111 since_improve=246
t=74072ms iter=1834 WAIST cost=19.0000 best_alt=15.0000 gap=4.0000 tried=5 sep_labels=15 clique_frac=0.02
t=74091ms iter=1834 REBUILD reject new_tc=22.0494 (was 21.7133)
t=74111ms iter=1834 incumb=21.7133 ratchet=21.8435 best=21.7111 since_improve=247
t=74113ms iter=1835 WAIST cost=19.0000 best_alt=16.0000 gap=3.0000 tried=5 sep_labels=16 clique_frac=0.06
t=74132ms iter=1835 REBUILD reject new_tc=22.1671 (was 21.7133)
t=74152ms iter=1835 incumb=21.7133 ratchet=21.7700 best=21.7111 since_improve=248
t=74153ms iter=1836 WAIST cost=19.0000 best_alt=15.0000 gap=4.0000 tried=5 sep_labels=15 clique_frac=0.08
t=74172ms iter=1836 REBUILD reject new_tc=22.0711 (was 21.7133)
t=74193ms iter=1836 incumb=21.7133 ratchet=21.7936 best=21.7111 since_improve=249
t=74195ms iter=1837 WAIST cost=19.0000 best_alt=15.0000 gap=4.0000 tried=5 sep_labels=15 clique_frac=0.05
t=74214ms iter=1837 REBUILD reject new_tc=21.8709 (was 21.7133)
t=74235ms iter=1837 incumb=21.7133 ratchet=22.0356 best=21.7111 since_improve=250
t=74236ms iter=1838 WAIST cost=19.0000 best_alt=16.0000 gap=3.0000 tried=5 sep_labels=16 clique_frac=0.06
t=74254ms iter=1838 REBUILD reject new_tc=21.8023 (was 21.7133)
t=74275ms iter=1838 incumb=21.7133 ratchet=21.8441 best=21.7111 since_improve=251
t=74276ms iter=1839 WAIST cost=19.0000 best_alt=15.0000 gap=4.0000 tried=5 sep_labels=15 clique_frac=0.06
t=74295ms iter=1839 REBUILD reject new_tc=21.7385 (was 21.7133)
t=74316ms iter=1839 incumb=21.7133 ratchet=21.9217 best=21.7111 since_improve=252
t=74318ms iter=1840 WAIST cost=19.0000 best_alt=16.0000 gap=3.0000 tried=5 sep_labels=16 clique_frac=0.06
t=74336ms iter=1840 REBUILD reject new_tc=21.7401 (was 21.7133)
t=74357ms iter=1840 incumb=21.7133 ratchet=21.8827 best=21.7111 since_improve=253
t=74358ms iter=1841 WAIST cost=19.0000 best_alt=16.0000 gap=3.0000 tried=5 sep_labels=16 clique_frac=0.06
t=74377ms iter=1841 REBUILD reject new_tc=21.7531 (was 21.7133)
t=74397ms iter=1841 incumb=21.7133 ratchet=21.9549 best=21.7111 since_improve=254
t=74399ms iter=1842 WAIST cost=19.0000 best_alt=15.0000 gap=4.0000 tried=5 sep_labels=15 clique_frac=0.07
t=74418ms iter=1842 REBUILD reject new_tc=21.7452 (was 21.7133)
t=74438ms iter=1842 incumb=21.7133 ratchet=21.7272 best=21.7111 since_improve=255
t=74439ms iter=1843 WAIST cost=19.0000 best_alt=15.0000 gap=4.0000 tried=5 sep_labels=15 clique_frac=0.05
t=74459ms iter=1843 REBUILD reject new_tc=22.2333 (was 21.7133)
t=74479ms iter=1843 incumb=21.7133 ratchet=21.7287 best=21.7111 since_improve=256
t=74480ms iter=1844 WAIST cost=19.0000 best_alt=15.0000 gap=4.0000 tried=5 sep_labels=15 clique_frac=0.05
t=74500ms iter=1844 REBUILD reject new_tc=21.9995 (was 21.7133)
t=74520ms iter=1844 incumb=21.7133 ratchet=21.7199 best=21.7111 since_improve=257
t=74522ms iter=1845 WAIST cost=19.0000 best_alt=16.0000 gap=3.0000 tried=5 sep_labels=16 clique_frac=0.06
t=74540ms iter=1845 REBUILD reject new_tc=21.7567 (was 21.7133)
t=74560ms iter=1845 incumb=21.7133 ratchet=22.0036 best=21.7111 since_improve=258
t=74561ms iter=1846 WAIST cost=19.0000 best_alt=16.0000 gap=3.0000 tried=5 sep_labels=16 clique_frac=0.06
t=74580ms iter=1846 REBUILD reject new_tc=22.2575 (was 21.7133)
t=74600ms iter=1846 incumb=21.7133 ratchet=21.7908 best=21.7111 since_improve=259
t=74601ms iter=1847 WAIST cost=19.0000 best_alt=15.0000 gap=4.0000 tried=5 sep_labels=15 clique_frac=0.05
t=74621ms iter=1847 REBUILD reject new_tc=22.0521 (was 21.7133)
t=74641ms iter=1847 incumb=21.7133 ratchet=21.7387 best=21.7111 since_improve=260
t=74642ms iter=1848 WAIST cost=19.0000 best_alt=15.0000 gap=4.0000 tried=5 sep_labels=15 clique_frac=0.10
t=74661ms iter=1848 REBUILD reject new_tc=22.2330 (was 21.7133)
t=74682ms iter=1848 incumb=21.7133 ratchet=22.0779 best=21.7111 since_improve=261
t=74684ms iter=1849 WAIST cost=19.0000 best_alt=16.0000 gap=3.0000 tried=5 sep_labels=16 clique_frac=0.06
t=74702ms iter=1849 REBUILD reject new_tc=21.7676 (was 21.7133)
t=74723ms iter=1849 incumb=21.7133 ratchet=21.7386 best=21.7111 since_improve=262
t=74724ms iter=1850 WAIST cost=19.0000 best_alt=15.0000 gap=4.0000 tried=5 sep_labels=15 clique_frac=0.05
t=74744ms iter=1850 REBUILD reject new_tc=21.9479 (was 21.7133)
t=74765ms iter=1850 incumb=21.7133 ratchet=21.7540 best=21.7111 since_improve=263
t=74766ms iter=1851 WAIST cost=19.0000 best_alt=15.0000 gap=4.0000 tried=5 sep_labels=15 clique_frac=0.07
t=74786ms iter=1851 REBUILD reject new_tc=21.7571 (was 21.7133)
t=74807ms iter=1851 incumb=21.7133 ratchet=21.9762 best=21.7111 since_improve=264
t=74808ms iter=1852 WAIST cost=19.0000 best_alt=15.0000 gap=4.0000 tried=5 sep_labels=15 clique_frac=0.05
t=74827ms iter=1852 REBUILD reject new_tc=22.4106 (was 21.7133)
t=74847ms iter=1852 incumb=21.7133 ratchet=21.8812 best=21.7111 since_improve=265
t=74849ms iter=1853 WAIST cost=19.0000 best_alt=16.0000 gap=3.0000 tried=5 sep_labels=16 clique_frac=0.06
t=74867ms iter=1853 REBUILD reject new_tc=21.7657 (was 21.7133)
t=74888ms iter=1853 incumb=21.7133 ratchet=21.7386 best=21.7111 since_improve=266
t=74889ms iter=1854 WAIST cost=19.0000 best_alt=15.0000 gap=4.0000 tried=5 sep_labels=15 clique_frac=0.02
t=74908ms iter=1854 REBUILD reject new_tc=21.9889 (was 21.7133)
t=74928ms iter=1854 incumb=21.7133 ratchet=21.9198 best=21.7111 since_improve=267
t=74930ms iter=1855 WAIST cost=19.0000 best_alt=15.0000 gap=4.0000 tried=5 sep_labels=15 clique_frac=0.05
t=74949ms iter=1855 REBUILD reject new_tc=21.9515 (was 21.7133)
t=74970ms iter=1855 incumb=21.7133 ratchet=21.9074 best=21.7111 since_improve=268
t=74971ms iter=1856 WAIST cost=19.0000 best_alt=16.0000 gap=3.0000 tried=5 sep_labels=16 clique_frac=0.06
t=74989ms iter=1856 REBUILD reject new_tc=22.0304 (was 21.7133)
t=75010ms iter=1856 incumb=21.7133 ratchet=21.8708 best=21.7111 since_improve=269
t=75011ms iter=1857 WAIST cost=19.0000 best_alt=16.0000 gap=3.0000 tried=5 sep_labels=16 clique_frac=0.06
t=75030ms iter=1857 REBUILD reject new_tc=21.7433 (was 21.7133)
t=75050ms iter=1857 incumb=21.7133 ratchet=21.7959 best=21.7111 since_improve=270
t=75052ms iter=1858 WAIST cost=19.0000 best_alt=15.0000 gap=4.0000 tried=5 sep_labels=15 clique_frac=0.05
t=75071ms iter=1858 REBUILD reject new_tc=21.9026 (was 21.7133)
t=75091ms iter=1858 incumb=21.7133 ratchet=21.7810 best=21.7111 since_improve=271
t=75093ms iter=1859 WAIST cost=19.0000 best_alt=15.0000 gap=4.0000 tried=5 sep_labels=15 clique_frac=0.05
t=75112ms iter=1859 REBUILD reject new_tc=21.9739 (was 21.7133)
t=75133ms iter=1859 incumb=21.7133 ratchet=21.8066 best=21.7111 since_improve=272
t=75134ms iter=1860 WAIST cost=19.0000 best_alt=16.0000 gap=3.0000 tried=5 sep_labels=16 clique_frac=0.06
t=75153ms iter=1860 REBUILD reject new_tc=22.1757 (was 21.7133)
t=75173ms iter=1860 incumb=21.7133 ratchet=21.9494 best=21.7111 since_improve=273
t=75175ms iter=1861 WAIST cost=19.0000 best_alt=16.0000 gap=3.0000 tried=5 sep_labels=16 clique_frac=0.06
t=75193ms iter=1861 REBUILD reject new_tc=22.0859 (was 21.7133)
t=75214ms iter=1861 incumb=21.7133 ratchet=21.9413 best=21.7111 since_improve=274
t=75215ms iter=1862 WAIST cost=19.0000 best_alt=16.0000 gap=3.0000 tried=5 sep_labels=16 clique_frac=0.06
t=75234ms iter=1862 REBUILD reject new_tc=22.3164 (was 21.7133)
t=75255ms iter=1862 incumb=21.7133 ratchet=21.9063 best=21.7111 since_improve=275
t=75257ms iter=1863 WAIST cost=19.0000 best_alt=16.0000 gap=3.0000 tried=5 sep_labels=16 clique_frac=0.06
t=75275ms iter=1863 REBUILD reject new_tc=21.7388 (was 21.7133)
t=75295ms iter=1863 incumb=21.7133 ratchet=21.7881 best=21.7111 since_improve=276
t=75297ms iter=1864 WAIST cost=19.0000 best_alt=15.0000 gap=4.0000 tried=5 sep_labels=15 clique_frac=0.05
t=75316ms iter=1864 REBUILD reject new_tc=21.8670 (was 21.7133)
t=75337ms iter=1864 incumb=21.7133 ratchet=21.8409 best=21.7111 since_improve=277
t=75338ms iter=1865 WAIST cost=19.0000 best_alt=15.0000 gap=4.0000 tried=5 sep_labels=15 clique_frac=0.06
t=75357ms iter=1865 REBUILD reject new_tc=22.0784 (was 21.7133)
t=75378ms iter=1865 incumb=21.7133 ratchet=21.8068 best=21.7111 since_improve=278
t=75379ms iter=1866 WAIST cost=19.0000 best_alt=15.0000 gap=4.0000 tried=5 sep_labels=15 clique_frac=0.06
t=75398ms iter=1866 REBUILD reject new_tc=21.7257 (was 21.7133)
t=75419ms iter=1866 incumb=21.7133 ratchet=21.8050 best=21.7111 since_improve=279
t=75420ms iter=1867 WAIST cost=19.0000 best_alt=15.0000 gap=4.0000 tried=5 sep_labels=15 clique_frac=0.05
t=75439ms iter=1867 REBUILD reject new_tc=22.1674 (was 21.7133)
t=75460ms iter=1867 incumb=21.7133 ratchet=21.8078 best=21.7111 since_improve=280
t=75461ms iter=1868 WAIST cost=19.0000 best_alt=15.0000 gap=4.0000 tried=5 sep_labels=15 clique_frac=0.08
t=75481ms iter=1868 REBUILD reject new_tc=22.0763 (was 21.7133)
t=75501ms iter=1868 incumb=21.7133 ratchet=21.9275 best=21.7111 since_improve=281
t=75503ms iter=1869 WAIST cost=19.0000 best_alt=16.0000 gap=3.0000 tried=5 sep_labels=16 clique_frac=0.06
t=75522ms iter=1869 REBUILD reject new_tc=21.7383 (was 21.7133)
t=75542ms iter=1869 incumb=21.7133 ratchet=21.8042 best=21.7111 since_improve=282
t=75544ms iter=1870 WAIST cost=19.0000 best_alt=16.0000 gap=3.0000 tried=5 sep_labels=16 clique_frac=0.06
t=75562ms iter=1870 REBUILD reject new_tc=21.7432 (was 21.7133)
t=75583ms iter=1870 incumb=21.7133 ratchet=21.7551 best=21.7111 since_improve=283
t=75585ms iter=1871 WAIST cost=19.0000 best_alt=15.0000 gap=4.0000 tried=5 sep_labels=15 clique_frac=0.05
t=75605ms iter=1871 REBUILD reject new_tc=22.1404 (was 21.7133)
t=75625ms iter=1871 incumb=21.7133 ratchet=21.8189 best=21.7111 since_improve=284
t=75626ms iter=1872 WAIST cost=19.0000 best_alt=15.0000 gap=4.0000 tried=5 sep_labels=15 clique_frac=0.05
t=75646ms iter=1872 REBUILD reject new_tc=21.9046 (was 21.7133)
t=75666ms iter=1872 incumb=21.7133 ratchet=21.9553 best=21.7111 since_improve=285
t=75668ms iter=1873 WAIST cost=19.0000 best_alt=16.0000 gap=3.0000 tried=5 sep_labels=16 clique_frac=0.06
t=75687ms iter=1873 REBUILD reject new_tc=22.0954 (was 21.7133)
t=75707ms iter=1873 incumb=21.7133 ratchet=21.8911 best=21.7111 since_improve=286
t=75708ms iter=1874 WAIST cost=19.0000 best_alt=15.0000 gap=4.0000 tried=5 sep_labels=15 clique_frac=0.05
t=75728ms iter=1874 REBUILD reject new_tc=22.1792 (was 21.7133)
t=75748ms iter=1874 incumb=21.7133 ratchet=21.9565 best=21.7111 since_improve=287
t=75750ms iter=1875 WAIST cost=19.0000 best_alt=15.0000 gap=4.0000 tried=5 sep_labels=15 clique_frac=0.05
t=75769ms iter=1875 REBUILD reject new_tc=22.1428 (was 21.7133)
t=75790ms iter=1875 incumb=21.7133 ratchet=21.9758 best=21.7111 since_improve=288
t=75791ms iter=1876 WAIST cost=19.0000 best_alt=15.0000 gap=4.0000 tried=5 sep_labels=15 clique_frac=0.05
t=75811ms iter=1876 REBUILD reject new_tc=21.8927 (was 21.7133)
t=75831ms iter=1876 incumb=21.7133 ratchet=21.7255 best=21.7111 since_improve=289
t=75832ms iter=1877 WAIST cost=19.0000 best_alt=15.0000 gap=4.0000 tried=5 sep_labels=15 clique_frac=0.06
t=75852ms iter=1877 REBUILD reject new_tc=21.7838 (was 21.7133)
t=75873ms iter=1877 incumb=21.7133 ratchet=21.7299 best=21.7111 since_improve=290
t=75874ms iter=1878 WAIST cost=19.0000 best_alt=16.0000 gap=3.0000 tried=5 sep_labels=16 clique_frac=0.06
t=75893ms iter=1878 REBUILD reject new_tc=21.7555 (was 21.7133)
t=75913ms iter=1878 incumb=21.7133 ratchet=21.7525 best=21.7111 since_improve=291
t=75914ms iter=1879 WAIST cost=19.0000 best_alt=16.0000 gap=3.0000 tried=5 sep_labels=16 clique_frac=0.06
t=75933ms iter=1879 REBUILD reject new_tc=22.1092 (was 21.7133)
t=75954ms iter=1879 incumb=21.7133 ratchet=21.9292 best=21.7111 since_improve=292
t=75955ms iter=1880 WAIST cost=19.0000 best_alt=16.0000 gap=3.0000 tried=5 sep_labels=16 clique_frac=0.06
t=75974ms iter=1880 REBUILD reject new_tc=22.0907 (was 21.7133)
t=75995ms iter=1880 incumb=21.7133 ratchet=21.8158 best=21.7111 since_improve=293
t=75997ms iter=1881 WAIST cost=19.0000 best_alt=16.0000 gap=3.0000 tried=5 sep_labels=16 clique_frac=0.06
t=76015ms iter=1881 REBUILD reject new_tc=21.7615 (was 21.7133)
t=76036ms iter=1881 incumb=21.7133 ratchet=21.7921 best=21.7111 since_improve=294
t=76037ms iter=1882 WAIST cost=19.0000 best_alt=16.0000 gap=3.0000 tried=5 sep_labels=16 clique_frac=0.06
t=76056ms iter=1882 REBUILD reject new_tc=22.0881 (was 21.7133)
t=76076ms iter=1882 incumb=21.7133 ratchet=21.9354 best=21.7111 since_improve=295
t=76077ms iter=1883 WAIST cost=19.0000 best_alt=15.0000 gap=4.0000 tried=5 sep_labels=15 clique_frac=0.05
t=76097ms iter=1883 REBUILD reject new_tc=21.8895 (was 21.7133)
t=76117ms iter=1883 incumb=21.7133 ratchet=22.0779 best=21.7111 since_improve=296
t=76119ms iter=1884 WAIST cost=19.0000 best_alt=15.0000 gap=4.0000 tried=5 sep_labels=15 clique_frac=0.10
t=76138ms iter=1884 REBUILD reject new_tc=22.2799 (was 21.7133)
t=76158ms iter=1884 incumb=21.7133 ratchet=21.8992 best=21.7111 since_improve=297
t=76160ms iter=1885 WAIST cost=19.0000 best_alt=15.0000 gap=4.0000 tried=5 sep_labels=15 clique_frac=0.05
t=76179ms iter=1885 REBUILD reject new_tc=21.9241 (was 21.7133)
t=76199ms iter=1885 incumb=21.7133 ratchet=21.7948 best=21.7111 since_improve=298
t=76201ms iter=1886 WAIST cost=19.0000 best_alt=16.0000 gap=3.0000 tried=5 sep_labels=16 clique_frac=0.06
t=76219ms iter=1886 REBUILD reject new_tc=22.0933 (was 21.7133)
t=76240ms iter=1886 incumb=21.7133 ratchet=21.7547 best=21.7111 since_improve=299
t=76241ms iter=1887 WAIST cost=19.0000 best_alt=15.0000 gap=4.0000 tried=5 sep_labels=15 clique_frac=0.05
t=76260ms iter=1887 REBUILD reject new_tc=22.5325 (was 21.7133)
t=76281ms iter=1887 incumb=21.7133 ratchet=21.8342 best=21.7111 since_improve=300
t=76282ms iter=1888 WAIST cost=19.0000 best_alt=15.0000 gap=4.0000 tried=5 sep_labels=15 clique_frac=0.05
t=76302ms iter=1888 REBUILD reject new_tc=21.8704 (was 21.7133)
t=76323ms iter=1888 incumb=21.7133 ratchet=21.7423 best=21.7111 since_improve=301
t=76324ms iter=1889 WAIST cost=19.0000 best_alt=15.0000 gap=4.0000 tried=5 sep_labels=15 clique_frac=0.05
t=76343ms iter=1889 REBUILD reject new_tc=21.8710 (was 21.7133)
t=76363ms iter=1889 incumb=21.7133 ratchet=21.8415 best=21.7111 since_improve=302
t=76365ms iter=1890 WAIST cost=19.0000 best_alt=15.0000 gap=4.0000 tried=5 sep_labels=15 clique_frac=0.10
t=76385ms iter=1890 REBUILD reject new_tc=21.9062 (was 21.7133)
t=76405ms iter=1890 incumb=21.7133 ratchet=21.8937 best=21.7111 since_improve=303
t=76406ms iter=1891 WAIST cost=19.0000 best_alt=16.0000 gap=3.0000 tried=5 sep_labels=16 clique_frac=0.06
t=76425ms iter=1891 REBUILD reject new_tc=22.1182 (was 21.7133)
t=76445ms iter=1891 incumb=21.7133 ratchet=21.7427 best=21.7111 since_improve=304
t=76447ms iter=1892 WAIST cost=19.0000 best_alt=15.0000 gap=4.0000 tried=5 sep_labels=15 clique_frac=0.08
t=76466ms iter=1892 REBUILD reject new_tc=21.8909 (was 21.7133)
t=76487ms iter=1892 incumb=21.7133 ratchet=21.7643 best=21.7111 since_improve=305
t=76488ms iter=1893 WAIST cost=19.0000 best_alt=15.0000 gap=4.0000 tried=5 sep_labels=15 clique_frac=0.05
t=76508ms iter=1893 REBUILD reject new_tc=22.1403 (was 21.7133)
t=76528ms iter=1893 incumb=21.7133 ratchet=21.8803 best=21.7111 since_improve=306
t=76530ms iter=1894 WAIST cost=19.0000 best_alt=15.0000 gap=4.0000 tried=5 sep_labels=15 clique_frac=0.10
t=76549ms iter=1894 REBUILD reject new_tc=21.8953 (was 21.7133)
t=76570ms iter=1894 incumb=21.7133 ratchet=21.7936 best=21.7111 since_improve=307
t=76571ms iter=1895 WAIST cost=19.0000 best_alt=16.0000 gap=3.0000 tried=5 sep_labels=16 clique_frac=0.06
t=76590ms iter=1895 REBUILD reject new_tc=22.0218 (was 21.7133)
t=76611ms iter=1895 incumb=21.7133 ratchet=21.8455 best=21.7111 since_improve=308
t=76612ms iter=1896 WAIST cost=19.0000 best_alt=15.0000 gap=4.0000 tried=5 sep_labels=15 clique_frac=0.05
t=76632ms iter=1896 REBUILD reject new_tc=22.1201 (was 21.7133)
t=76652ms iter=1896 incumb=21.7133 ratchet=21.8262 best=21.7111 since_improve=309
t=76653ms iter=1897 WAIST cost=19.0000 best_alt=15.0000 gap=4.0000 tried=5 sep_labels=15 clique_frac=0.05
t=76673ms iter=1897 REBUILD reject new_tc=22.0376 (was 21.7133)
t=76694ms iter=1897 incumb=21.7133 ratchet=21.9246 best=21.7111 since_improve=310
t=76695ms iter=1898 WAIST cost=19.0000 best_alt=15.0000 gap=4.0000 tried=5 sep_labels=15 clique_frac=0.05
t=76714ms iter=1898 REBUILD reject new_tc=22.1963 (was 21.7133)
t=76735ms iter=1898 incumb=21.7133 ratchet=21.8824 best=21.7111 since_improve=311
t=76736ms iter=1899 WAIST cost=19.0000 best_alt=15.0000 gap=4.0000 tried=5 sep_labels=15 clique_frac=0.05
t=76756ms iter=1899 REBUILD reject new_tc=21.9511 (was 21.7133)
t=76776ms iter=1899 incumb=21.7133 ratchet=21.8061 best=21.7111 since_improve=312
t=76778ms iter=1900 WAIST cost=19.0000 best_alt=15.0000 gap=4.0000 tried=5 sep_labels=15 clique_frac=0.10
t=76797ms iter=1900 REBUILD reject new_tc=21.9880 (was 21.7133)
t=76818ms iter=1900 incumb=21.7133 ratchet=21.8313 best=21.7111 since_improve=313
t=76819ms iter=1901 WAIST cost=19.0000 best_alt=15.0000 gap=4.0000 tried=5 sep_labels=15 clique_frac=0.05
t=76838ms iter=1901 REBUILD reject new_tc=22.2656 (was 21.7133)
t=76860ms iter=1901 incumb=21.7133 ratchet=21.9370 best=21.7111 since_improve=314
t=76861ms iter=1902 WAIST cost=19.0000 best_alt=16.0000 gap=3.0000 tried=5 sep_labels=16 clique_frac=0.06
t=76880ms iter=1902 REBUILD reject new_tc=21.7658 (was 21.7133)
t=76900ms iter=1902 incumb=21.7133 ratchet=21.9724 best=21.7111 since_improve=315
t=76902ms iter=1903 WAIST cost=19.0000 best_alt=15.0000 gap=4.0000 tried=5 sep_labels=15 clique_frac=0.10
t=76921ms iter=1903 REBUILD reject new_tc=22.3623 (was 21.7133)
t=76942ms iter=1903 incumb=21.7133 ratchet=21.8800 best=21.7111 since_improve=316
t=76944ms iter=1904 WAIST cost=19.0000 best_alt=15.0000 gap=4.0000 tried=5 sep_labels=15 clique_frac=0.08
t=76963ms iter=1904 REBUILD reject new_tc=22.1406 (was 21.7133)
t=76984ms iter=1904 incumb=21.7133 ratchet=21.8082 best=21.7111 since_improve=317
t=76985ms iter=1905 WAIST cost=19.0000 best_alt=16.0000 gap=3.0000 tried=5 sep_labels=16 clique_frac=0.06
t=77004ms iter=1905 REBUILD reject new_tc=22.2521 (was 21.7133)
t=77024ms iter=1905 incumb=21.7133 ratchet=21.8479 best=21.7111 since_improve=318
t=77026ms iter=1906 WAIST cost=19.0000 best_alt=15.0000 gap=4.0000 tried=5 sep_labels=15 clique_frac=0.07
t=77045ms iter=1906 REBUILD reject new_tc=22.1233 (was 21.7133)
t=77066ms iter=1906 incumb=21.7133 ratchet=21.9311 best=21.7111 since_improve=319
t=77067ms iter=1907 WAIST cost=19.0000 best_alt=15.0000 gap=4.0000 tried=5 sep_labels=15 clique_frac=0.10
t=77087ms iter=1907 REBUILD reject new_tc=21.8325 (was 21.7133)
t=77108ms iter=1907 incumb=21.7133 ratchet=21.7583 best=21.7111 since_improve=320
t=77109ms iter=1908 WAIST cost=19.0000 best_alt=16.0000 gap=3.0000 tried=5 sep_labels=16 clique_frac=0.06
t=77128ms iter=1908 REBUILD reject new_tc=21.7527 (was 21.7133)
t=77148ms iter=1908 incumb=21.7133 ratchet=21.8046 best=21.7111 since_improve=321
t=77149ms iter=1909 WAIST cost=19.0000 best_alt=16.0000 gap=3.0000 tried=5 sep_labels=16 clique_frac=0.06
t=77168ms iter=1909 REBUILD reject new_tc=21.8540 (was 21.7133)
t=77188ms iter=1909 incumb=21.7133 ratchet=21.9279 best=21.7111 since_improve=322
t=77190ms iter=1910 WAIST cost=19.0000 best_alt=15.0000 gap=4.0000 tried=5 sep_labels=15 clique_frac=0.10
t=77209ms iter=1910 REBUILD reject new_tc=21.8448 (was 21.7133)
t=77230ms iter=1910 incumb=21.7133 ratchet=21.7428 best=21.7111 since_improve=323
t=77231ms iter=1911 WAIST cost=19.0000 best_alt=15.0000 gap=4.0000 tried=5 sep_labels=15 clique_frac=0.08
t=77250ms iter=1911 REBUILD reject new_tc=22.1384 (was 21.7133)
t=77271ms iter=1911 incumb=21.7133 ratchet=21.8184 best=21.7111 since_improve=324
t=77272ms iter=1912 WAIST cost=19.0000 best_alt=15.0000 gap=4.0000 tried=5 sep_labels=15 clique_frac=0.08
t=77291ms iter=1912 REBUILD reject new_tc=22.2460 (was 21.7133)
t=77312ms iter=1912 incumb=21.7133 ratchet=21.8911 best=21.7111 since_improve=325
t=77314ms iter=1913 WAIST cost=19.0000 best_alt=16.0000 gap=3.0000 tried=5 sep_labels=16 clique_frac=0.06
t=77332ms iter=1913 REBUILD reject new_tc=22.1000 (was 21.7133)
t=77353ms iter=1913 incumb=21.7133 ratchet=21.8925 best=21.7111 since_improve=326
t=77355ms iter=1914 WAIST cost=19.0000 best_alt=15.0000 gap=4.0000 tried=5 sep_labels=15 clique_frac=0.05
t=77374ms iter=1914 REBUILD reject new_tc=22.2600 (was 21.7133)
t=77394ms iter=1914 incumb=21.7133 ratchet=21.7864 best=21.7111 since_improve=327
t=77396ms iter=1915 WAIST cost=19.0000 best_alt=15.0000 gap=4.0000 tried=5 sep_labels=15 clique_frac=0.05
t=77415ms iter=1915 REBUILD reject new_tc=21.9948 (was 21.7133)
t=77436ms iter=1915 incumb=21.7133 ratchet=21.7135 best=21.7111 since_improve=328
t=77438ms iter=1916 WAIST cost=19.0000 best_alt=15.0000 gap=4.0000 tried=5 sep_labels=15 clique_frac=0.10
t=77457ms iter=1916 REBUILD reject new_tc=21.8791 (was 21.7133)
t=77478ms iter=1916 incumb=21.7133 ratchet=22.0707 best=21.7111 since_improve=329
t=77479ms iter=1917 WAIST cost=19.0000 best_alt=15.0000 gap=4.0000 tried=5 sep_labels=15 clique_frac=0.05
t=77499ms iter=1917 REBUILD reject new_tc=21.8566 (was 21.7133)
t=77519ms iter=1917 incumb=21.7133 ratchet=21.9442 best=21.7111 since_improve=330
t=77520ms iter=1918 WAIST cost=19.0000 best_alt=15.0000 gap=4.0000 tried=5 sep_labels=15 clique_frac=0.02
t=77539ms iter=1918 REBUILD reject new_tc=21.8263 (was 21.7133)
t=77560ms iter=1918 incumb=21.7133 ratchet=21.9074 best=21.7111 since_improve=331
t=77561ms iter=1919 WAIST cost=19.0000 best_alt=16.0000 gap=3.0000 tried=5 sep_labels=16 clique_frac=0.06
t=77580ms iter=1919 REBUILD reject new_tc=21.7580 (was 21.7133)
t=77601ms iter=1919 incumb=21.7133 ratchet=21.7595 best=21.7111 since_improve=332
t=77602ms iter=1920 WAIST cost=19.0000 best_alt=15.0000 gap=4.0000 tried=5 sep_labels=15 clique_frac=0.08
t=77621ms iter=1920 REBUILD reject new_tc=21.9057 (was 21.7133)
t=77642ms iter=1920 incumb=21.7133 ratchet=21.9050 best=21.7111 since_improve=333
t=77643ms iter=1921 WAIST cost=19.0000 best_alt=15.0000 gap=4.0000 tried=5 sep_labels=15 clique_frac=0.05
t=77663ms iter=1921 REBUILD reject new_tc=22.1145 (was 21.7133)
t=77684ms iter=1921 incumb=21.7133 ratchet=21.8780 best=21.7111 since_improve=334
t=77685ms iter=1922 WAIST cost=19.0000 best_alt=16.0000 gap=3.0000 tried=5 sep_labels=16 clique_frac=0.06
t=77703ms iter=1922 REBUILD reject new_tc=21.7418 (was 21.7133)
t=77724ms iter=1922 incumb=21.7133 ratchet=21.8214 best=21.7111 since_improve=335
t=77725ms iter=1923 WAIST cost=19.0000 best_alt=15.0000 gap=4.0000 tried=5 sep_labels=15 clique_frac=0.10
t=77745ms iter=1923 REBUILD reject new_tc=21.8556 (was 21.7133)
t=77765ms iter=1923 incumb=21.7133 ratchet=21.8096 best=21.7111 since_improve=336
t=77767ms iter=1924 WAIST cost=19.0000 best_alt=16.0000 gap=3.0000 tried=5 sep_labels=16 clique_frac=0.06
t=77785ms iter=1924 REBUILD reject new_tc=21.7442 (was 21.7133)
t=77806ms iter=1924 incumb=21.7133 ratchet=21.9803 best=21.7111 since_improve=337
t=77807ms iter=1925 WAIST cost=19.0000 best_alt=15.0000 gap=4.0000 tried=5 sep_labels=15 clique_frac=0.10
t=77826ms iter=1925 REBUILD reject new_tc=21.8332 (was 21.7133)
t=77847ms iter=1925 incumb=21.7133 ratchet=21.8562 best=21.7111 since_improve=338
t=77848ms iter=1926 WAIST cost=19.0000 best_alt=15.0000 gap=4.0000 tried=5 sep_labels=15 clique_frac=0.07
t=77867ms iter=1926 REBUILD reject new_tc=21.8041 (was 21.7133)
t=77889ms iter=1926 incumb=21.7133 ratchet=21.7833 best=21.7111 since_improve=339
t=77890ms iter=1927 WAIST cost=19.0000 best_alt=15.0000 gap=4.0000 tried=5 sep_labels=15 clique_frac=0.05
t=77909ms iter=1927 REBUILD reject new_tc=21.8651 (was 21.7133)
t=77931ms iter=1927 incumb=21.7133 ratchet=21.7812 best=21.7111 since_improve=340
t=77932ms iter=1928 WAIST cost=19.0000 best_alt=15.0000 gap=4.0000 tried=5 sep_labels=15 clique_frac=0.05
t=77952ms iter=1928 REBUILD reject new_tc=22.2345 (was 21.7133)
t=77973ms iter=1928 incumb=21.7133 ratchet=21.7563 best=21.7111 since_improve=341
t=77974ms iter=1929 WAIST cost=19.0000 best_alt=15.0000 gap=4.0000 tried=5 sep_labels=15 clique_frac=0.05
t=77994ms iter=1929 REBUILD reject new_tc=22.2451 (was 21.7133)
t=78015ms iter=1929 incumb=21.7133 ratchet=21.8943 best=21.7111 since_improve=342
t=78016ms iter=1930 WAIST cost=19.0000 best_alt=15.0000 gap=4.0000 tried=5 sep_labels=15 clique_frac=0.08
t=78035ms iter=1930 REBUILD reject new_tc=22.0538 (was 21.7133)
t=78057ms iter=1930 incumb=21.7133 ratchet=22.1117 best=21.7111 since_improve=343
t=78058ms iter=1931 WAIST cost=19.0000 best_alt=16.0000 gap=3.0000 tried=5 sep_labels=16 clique_frac=0.06
t=78077ms iter=1931 REBUILD reject new_tc=22.0966 (was 21.7133)
t=78098ms iter=1931 incumb=21.7133 ratchet=21.8574 best=21.7111 since_improve=344
t=78099ms iter=1932 WAIST cost=19.0000 best_alt=16.0000 gap=3.0000 tried=5 sep_labels=16 clique_frac=0.06
t=78118ms iter=1932 REBUILD reject new_tc=21.8094 (was 21.7133)
t=78139ms iter=1932 incumb=21.7133 ratchet=21.8532 best=21.7111 since_improve=345
t=78140ms iter=1933 WAIST cost=19.0000 best_alt=15.0000 gap=4.0000 tried=5 sep_labels=15 clique_frac=0.05
t=78160ms iter=1933 REBUILD reject new_tc=21.9493 (was 21.7133)
t=78181ms iter=1933 incumb=21.7133 ratchet=21.8447 best=21.7111 since_improve=346
t=78182ms iter=1934 WAIST cost=19.0000 best_alt=16.0000 gap=3.0000 tried=5 sep_labels=16 clique_frac=0.06
t=78200ms iter=1934 REBUILD reject new_tc=22.0253 (was 21.7133)
t=78221ms iter=1934 incumb=21.7133 ratchet=21.7267 best=21.7111 since_improve=347
t=78223ms iter=1935 WAIST cost=19.0000 best_alt=15.0000 gap=4.0000 tried=5 sep_labels=15 clique_frac=0.05
t=78243ms iter=1935 REBUILD reject new_tc=22.1133 (was 21.7133)
t=78263ms iter=1935 incumb=21.7133 ratchet=21.8298 best=21.7111 since_improve=348
t=78264ms iter=1936 WAIST cost=19.0000 best_alt=15.0000 gap=4.0000 tried=5 sep_labels=15 clique_frac=0.05
t=78284ms iter=1936 REBUILD reject new_tc=22.0849 (was 21.7133)
t=78305ms iter=1936 incumb=21.7133 ratchet=21.8828 best=21.7111 since_improve=349
t=78307ms iter=1937 WAIST cost=19.0000 best_alt=15.0000 gap=4.0000 tried=5 sep_labels=15 clique_frac=0.05
t=78326ms iter=1937 REBUILD reject new_tc=22.1560 (was 21.7133)
t=78347ms iter=1937 incumb=21.7133 ratchet=21.8979 best=21.7111 since_improve=350
t=78348ms iter=1938 WAIST cost=19.0000 best_alt=15.0000 gap=4.0000 tried=5 sep_labels=15 clique_frac=0.05
t=78367ms iter=1938 REBUILD reject new_tc=21.8223 (was 21.7133)
t=78388ms iter=1938 incumb=21.7133 ratchet=21.7425 best=21.7111 since_improve=351
t=78390ms iter=1939 WAIST cost=19.0000 best_alt=15.0000 gap=4.0000 tried=5 sep_labels=15 clique_frac=0.02
t=78409ms iter=1939 REBUILD reject new_tc=21.8781 (was 21.7133)
t=78429ms iter=1939 incumb=21.7133 ratchet=21.8076 best=21.7111 since_improve=352
t=78430ms iter=1940 WAIST cost=19.0000 best_alt=16.0000 gap=3.0000 tried=5 sep_labels=16 clique_frac=0.06
t=78449ms iter=1940 REBUILD reject new_tc=21.7966 (was 21.7133)
t=78470ms iter=1940 incumb=21.7133 ratchet=21.7404 best=21.7111 since_improve=353
t=78471ms iter=1941 WAIST cost=19.0000 best_alt=16.0000 gap=3.0000 tried=5 sep_labels=16 clique_frac=0.06
t=78490ms iter=1941 REBUILD reject new_tc=21.7409 (was 21.7133)
t=78511ms iter=1941 incumb=21.7133 ratchet=21.9054 best=21.7111 since_improve=354
t=78512ms iter=1942 WAIST cost=19.0000 best_alt=15.0000 gap=4.0000 tried=5 sep_labels=15 clique_frac=0.05
t=78532ms iter=1942 REBUILD reject new_tc=22.1804 (was 21.7133)
t=78552ms iter=1942 incumb=21.7133 ratchet=21.7915 best=21.7111 since_improve=355
t=78553ms iter=1943 WAIST cost=19.0000 best_alt=16.0000 gap=3.0000 tried=5 sep_labels=16 clique_frac=0.06
t=78572ms iter=1943 REBUILD reject new_tc=22.2525 (was 21.7133)
t=78593ms iter=1943 incumb=21.7133 ratchet=22.1424 best=21.7111 since_improve=356
t=78594ms iter=1944 WAIST cost=19.0000 best_alt=15.0000 gap=4.0000 tried=5 sep_labels=15 clique_frac=0.05
t=78614ms iter=1944 REBUILD reject new_tc=21.9394 (was 21.7133)
t=78634ms iter=1944 incumb=21.7133 ratchet=21.8444 best=21.7111 since_improve=357
t=78636ms iter=1945 WAIST cost=19.0000 best_alt=15.0000 gap=4.0000 tried=5 sep_labels=15 clique_frac=0.05
t=78655ms iter=1945 REBUILD reject new_tc=22.8144 (was 21.7133)
t=78676ms iter=1945 incumb=21.7133 ratchet=21.7799 best=21.7111 since_improve=358
t=78677ms iter=1946 WAIST cost=19.0000 best_alt=16.0000 gap=3.0000 tried=5 sep_labels=16 clique_frac=0.06
t=78696ms iter=1946 REBUILD reject new_tc=21.7484 (was 21.7133)
t=78716ms iter=1946 incumb=21.7133 ratchet=21.9762 best=21.7111 since_improve=359
t=78718ms iter=1947 WAIST cost=19.0000 best_alt=16.0000 gap=3.0000 tried=5 sep_labels=16 clique_frac=0.06
t=78736ms iter=1947 REBUILD reject new_tc=22.1906 (was 21.7133)
t=78757ms iter=1947 incumb=21.7133 ratchet=21.7390 best=21.7111 since_improve=360
t=78758ms iter=1948 WAIST cost=19.0000 best_alt=15.0000 gap=4.0000 tried=5 sep_labels=15 clique_frac=0.08
t=78777ms iter=1948 REBUILD reject new_tc=22.1386 (was 21.7133)
t=78798ms iter=1948 incumb=21.7133 ratchet=21.7823 best=21.7111 since_improve=361
t=78800ms iter=1949 WAIST cost=19.0000 best_alt=15.0000 gap=4.0000 tried=5 sep_labels=15 clique_frac=0.05
t=78819ms iter=1949 REBUILD reject new_tc=22.3331 (was 21.7133)
t=78840ms iter=1949 incumb=21.7133 ratchet=21.8074 best=21.7111 since_improve=362
t=78842ms iter=1950 WAIST cost=19.0000 best_alt=15.0000 gap=4.0000 tried=5 sep_labels=15 clique_frac=0.02
t=78861ms iter=1950 REBUILD reject new_tc=21.8180 (was 21.7133)
t=78882ms iter=1950 incumb=21.7133 ratchet=21.7967 best=21.7111 since_improve=363
t=78883ms iter=1951 WAIST cost=19.0000 best_alt=15.0000 gap=4.0000 tried=5 sep_labels=15 clique_frac=0.08
t=78902ms iter=1951 REBUILD reject new_tc=21.8693 (was 21.7133)
t=78923ms iter=1951 incumb=21.7133 ratchet=21.8750 best=21.7111 since_improve=364
t=78925ms iter=1952 WAIST cost=19.0000 best_alt=15.0000 gap=4.0000 tried=5 sep_labels=15 clique_frac=0.05
t=78944ms iter=1952 REBUILD reject new_tc=22.0751 (was 21.7133)
t=78965ms iter=1952 incumb=21.7133 ratchet=21.8525 best=21.7111 since_improve=365
t=78966ms iter=1953 WAIST cost=19.0000 best_alt=15.0000 gap=4.0000 tried=5 sep_labels=15 clique_frac=0.08
t=78986ms iter=1953 REBUILD reject new_tc=21.9758 (was 21.7133)
t=79006ms iter=1953 incumb=21.7133 ratchet=21.9420 best=21.7111 since_improve=366
t=79007ms iter=1954 WAIST cost=19.0000 best_alt=16.0000 gap=3.0000 tried=5 sep_labels=16 clique_frac=0.06
t=79026ms iter=1954 REBUILD reject new_tc=21.7796 (was 21.7133)
t=79047ms iter=1954 incumb=21.7133 ratchet=21.8321 best=21.7111 since_improve=367
t=79048ms iter=1955 WAIST cost=19.0000 best_alt=16.0000 gap=3.0000 tried=5 sep_labels=16 clique_frac=0.06
t=79066ms iter=1955 REBUILD reject new_tc=22.3242 (was 21.7133)
t=79087ms iter=1955 incumb=21.7133 ratchet=22.0187 best=21.7111 since_improve=368
t=79089ms iter=1956 WAIST cost=19.0000 best_alt=15.0000 gap=4.0000 tried=5 sep_labels=15 clique_frac=0.06
t=79108ms iter=1956 REBUILD reject new_tc=22.0954 (was 21.7133)
t=79129ms iter=1956 incumb=21.7133 ratchet=22.1988 best=21.7111 since_improve=369
t=79130ms iter=1957 WAIST cost=19.0000 best_alt=15.0000 gap=4.0000 tried=5 sep_labels=15 clique_frac=0.10
t=79150ms iter=1957 REBUILD reject new_tc=22.0213 (was 21.7133)
t=79171ms iter=1957 incumb=21.7133 ratchet=21.8833 best=21.7111 since_improve=370
t=79172ms iter=1958 WAIST cost=19.0000 best_alt=15.0000 gap=4.0000 tried=5 sep_labels=15 clique_frac=0.08
t=79191ms iter=1958 REBUILD reject new_tc=21.9410 (was 21.7133)
t=79212ms iter=1958 incumb=21.7133 ratchet=21.7407 best=21.7111 since_improve=371
t=79213ms iter=1959 WAIST cost=19.0000 best_alt=15.0000 gap=4.0000 tried=5 sep_labels=15 clique_frac=0.10
t=79233ms iter=1959 REBUILD reject new_tc=21.8930 (was 21.7133)
t=79254ms iter=1959 incumb=21.7133 ratchet=21.9655 best=21.7111 since_improve=372
t=79255ms iter=1960 WAIST cost=19.0000 best_alt=16.0000 gap=3.0000 tried=5 sep_labels=16 clique_frac=0.06
t=79273ms iter=1960 REBUILD reject new_tc=21.8434 (was 21.7133)
t=79294ms iter=1960 incumb=21.7133 ratchet=21.8227 best=21.7111 since_improve=373
t=79296ms iter=1961 WAIST cost=19.0000 best_alt=15.0000 gap=4.0000 tried=5 sep_labels=15 clique_frac=0.05
t=79315ms iter=1961 REBUILD reject new_tc=21.9111 (was 21.7133)
t=79336ms iter=1961 incumb=21.7133 ratchet=21.9416 best=21.7111 since_improve=374
t=79337ms iter=1962 WAIST cost=19.0000 best_alt=15.0000 gap=4.0000 tried=5 sep_labels=15 clique_frac=0.05
t=79357ms iter=1962 REBUILD reject new_tc=21.9577 (was 21.7133)
t=79377ms iter=1962 incumb=21.7133 ratchet=21.8050 best=21.7111 since_improve=375
t=79378ms iter=1963 WAIST cost=19.0000 best_alt=15.0000 gap=4.0000 tried=5 sep_labels=15 clique_frac=0.08
t=79398ms iter=1963 REBUILD reject new_tc=21.8732 (was 21.7133)
t=79419ms iter=1963 incumb=21.7133 ratchet=21.7650 best=21.7111 since_improve=376
t=79420ms iter=1964 WAIST cost=19.0000 best_alt=15.0000 gap=4.0000 tried=5 sep_labels=15 clique_frac=0.02
t=79440ms iter=1964 REBUILD reject new_tc=21.8425 (was 21.7133)
t=79460ms iter=1964 incumb=21.7133 ratchet=21.8910 best=21.7111 since_improve=377
t=79462ms iter=1965 WAIST cost=19.0000 best_alt=15.0000 gap=4.0000 tried=5 sep_labels=15 clique_frac=0.05
t=79481ms iter=1965 REBUILD reject new_tc=21.9484 (was 21.7133)
t=79502ms iter=1965 incumb=21.7133 ratchet=21.8610 best=21.7111 since_improve=378
t=79503ms iter=1966 WAIST cost=19.0000 best_alt=16.0000 gap=3.0000 tried=5 sep_labels=16 clique_frac=0.06
t=79522ms iter=1966 REBUILD reject new_tc=21.7419 (was 21.7133)
t=79543ms iter=1966 incumb=21.7133 ratchet=21.8211 best=21.7111 since_improve=379
t=79544ms iter=1967 WAIST cost=19.0000 best_alt=15.0000 gap=4.0000 tried=5 sep_labels=15 clique_frac=0.05
t=79564ms iter=1967 REBUILD reject new_tc=21.9536 (was 21.7133)
t=79585ms iter=1967 incumb=21.7133 ratchet=22.0001 best=21.7111 since_improve=380
t=79586ms iter=1968 WAIST cost=19.0000 best_alt=15.0000 gap=4.0000 tried=5 sep_labels=15 clique_frac=0.05
t=79606ms iter=1968 REBUILD reject new_tc=21.9393 (was 21.7133)
t=79626ms iter=1968 incumb=21.7133 ratchet=21.8857 best=21.7111 since_improve=381
t=79628ms iter=1969 WAIST cost=19.0000 best_alt=16.0000 gap=3.0000 tried=5 sep_labels=16 clique_frac=0.06
t=79646ms iter=1969 REBUILD reject new_tc=21.7395 (was 21.7133)
t=79667ms iter=1969 incumb=21.7133 ratchet=21.7980 best=21.7111 since_improve=382
t=79669ms iter=1970 WAIST cost=19.0000 best_alt=15.0000 gap=4.0000 tried=5 sep_labels=15 clique_frac=0.05
t=79688ms iter=1970 REBUILD reject new_tc=22.2904 (was 21.7133)
t=79708ms iter=1970 incumb=21.7133 ratchet=21.8336 best=21.7111 since_improve=383
t=79709ms iter=1971 WAIST cost=19.0000 best_alt=16.0000 gap=3.0000 tried=5 sep_labels=16 clique_frac=0.06
t=79728ms iter=1971 REBUILD reject new_tc=21.9386 (was 21.7133)
t=79748ms iter=1971 incumb=21.7133 ratchet=21.8457 best=21.7111 since_improve=384
t=79749ms iter=1972 WAIST cost=19.0000 best_alt=16.0000 gap=3.0000 tried=5 sep_labels=16 clique_frac=0.06
t=79768ms iter=1972 REBUILD reject new_tc=21.8967 (was 21.7133)
t=79789ms iter=1972 incumb=21.7133 ratchet=21.8062 best=21.7111 since_improve=385
t=79790ms iter=1973 WAIST cost=19.0000 best_alt=16.0000 gap=3.0000 tried=5 sep_labels=16 clique_frac=0.06
t=79809ms iter=1973 REBUILD reject new_tc=21.7384 (was 21.7133)
t=79829ms iter=1973 incumb=21.7133 ratchet=21.9411 best=21.7111 since_improve=386
t=79831ms iter=1974 WAIST cost=19.0000 best_alt=16.0000 gap=3.0000 tried=5 sep_labels=16 clique_frac=0.06
t=79849ms iter=1974 REBUILD reject new_tc=21.8072 (was 21.7133)
t=79869ms iter=1974 incumb=21.7133 ratchet=21.8873 best=21.7111 since_improve=387
t=79871ms iter=1975 WAIST cost=19.0000 best_alt=16.0000 gap=3.0000 tried=5 sep_labels=16 clique_frac=0.06
t=79889ms iter=1975 REBUILD reject new_tc=21.9767 (was 21.7133)
t=79909ms iter=1975 incumb=21.7133 ratchet=22.0797 best=21.7111 since_improve=388
t=79911ms iter=1976 WAIST cost=19.0000 best_alt=15.0000 gap=4.0000 tried=5 sep_labels=15 clique_frac=0.05
t=79930ms iter=1976 REBUILD reject new_tc=22.2530 (was 21.7133)
t=79951ms iter=1976 incumb=21.7133 ratchet=21.8423 best=21.7111 since_improve=389
t=79952ms iter=1977 WAIST cost=19.0000 best_alt=15.0000 gap=4.0000 tried=5 sep_labels=15 clique_frac=0.08
t=79972ms iter=1977 REBUILD reject new_tc=21.8412 (was 21.7133)
t=79993ms iter=1977 incumb=21.7133 ratchet=21.7416 best=21.7111 since_improve=390
t=79994ms iter=1978 WAIST cost=19.0000 best_alt=16.0000 gap=3.0000 tried=5 sep_labels=16 clique_frac=0.06
t=80013ms iter=1978 REBUILD reject new_tc=21.8055 (was 21.7133)
t=80033ms iter=1978 incumb=21.7133 ratchet=21.7940 best=21.7111 since_improve=391
t=80035ms iter=1979 WAIST cost=19.0000 best_alt=15.0000 gap=4.0000 tried=5 sep_labels=15 clique_frac=0.06
t=80054ms iter=1979 REBUILD reject new_tc=21.7939 (was 21.7133)
t=80074ms iter=1979 incumb=21.7133 ratchet=21.7944 best=21.7111 since_improve=392
t=80076ms iter=1980 WAIST cost=19.0000 best_alt=15.0000 gap=4.0000 tried=5 sep_labels=15 clique_frac=0.05
t=80095ms iter=1980 REBUILD reject new_tc=21.8834 (was 21.7133)
t=80116ms iter=1980 incumb=21.7133 ratchet=21.8477 best=21.7111 since_improve=393
t=80118ms iter=1981 WAIST cost=19.0000 best_alt=15.0000 gap=4.0000 tried=5 sep_labels=15 clique_frac=0.05
t=80137ms iter=1981 REBUILD reject new_tc=22.2151 (was 21.7133)
t=80158ms iter=1981 incumb=21.7133 ratchet=21.7790 best=21.7111 since_improve=394
t=80159ms iter=1982 WAIST cost=19.0000 best_alt=15.0000 gap=4.0000 tried=5 sep_labels=15 clique_frac=0.05
t=80179ms iter=1982 REBUILD reject new_tc=22.2327 (was 21.7133)
t=80199ms iter=1982 incumb=21.7133 ratchet=21.8720 best=21.7111 since_improve=395
t=80201ms iter=1983 WAIST cost=19.0000 best_alt=15.0000 gap=4.0000 tried=5 sep_labels=15 clique_frac=0.02
t=80220ms iter=1983 REBUILD reject new_tc=21.8200 (was 21.7133)
t=80240ms iter=1983 incumb=21.7133 ratchet=21.7582 best=21.7111 since_improve=396
t=80242ms iter=1984 WAIST cost=19.0000 best_alt=16.0000 gap=3.0000 tried=5 sep_labels=16 clique_frac=0.06
t=80260ms iter=1984 REBUILD reject new_tc=22.0868 (was 21.7133)
t=80281ms iter=1984 incumb=21.7133 ratchet=21.9392 best=21.7111 since_improve=397
t=80282ms iter=1985 WAIST cost=19.0000 best_alt=16.0000 gap=3.0000 tried=5 sep_labels=16 clique_frac=0.06
t=80301ms iter=1985 REBUILD reject new_tc=21.8045 (was 21.7133)
t=80321ms iter=1985 incumb=21.7133 ratchet=21.8959 best=21.7111 since_improve=398
t=80322ms iter=1986 WAIST cost=19.0000 best_alt=15.0000 gap=4.0000 tried=5 sep_labels=15 clique_frac=0.05
t=80342ms iter=1986 REBUILD reject new_tc=22.1120 (was 21.7133)
t=80362ms iter=1986 incumb=21.7133 ratchet=21.9314 best=21.7111 since_improve=399
t=80364ms iter=1987 WAIST cost=19.0000 best_alt=16.0000 gap=3.0000 tried=5 sep_labels=16 clique_frac=0.06
t=80382ms iter=1987 REBUILD reject new_tc=21.8566 (was 21.7133)
t=80403ms iter=1987 incumb=21.7133 ratchet=21.8930 best=21.7111 since_improve=400
t=80404ms iter=1988 WAIST cost=19.0000 best_alt=16.0000 gap=3.0000 tried=5 sep_labels=16 clique_frac=0.06
t=80423ms iter=1988 REBUILD reject new_tc=22.2512 (was 21.7133)
t=80444ms iter=1988 incumb=21.7133 ratchet=21.8587 best=21.7111 since_improve=401
t=80445ms iter=1989 WAIST cost=19.0000 best_alt=16.0000 gap=3.0000 tried=5 sep_labels=16 clique_frac=0.06
t=80463ms iter=1989 REBUILD reject new_tc=21.7682 (was 21.7133)
t=80484ms iter=1989 incumb=21.7133 ratchet=21.9416 best=21.7111 since_improve=402
t=80485ms iter=1990 WAIST cost=19.0000 best_alt=16.0000 gap=3.0000 tried=5 sep_labels=16 clique_frac=0.06
t=80504ms iter=1990 REBUILD reject new_tc=22.1824 (was 21.7133)
t=80525ms iter=1990 incumb=21.7133 ratchet=21.7654 best=21.7111 since_improve=403
t=80526ms iter=1991 WAIST cost=19.0000 best_alt=15.0000 gap=4.0000 tried=5 sep_labels=15 clique_frac=0.08
t=80545ms iter=1991 REBUILD reject new_tc=22.2172 (was 21.7133)
t=80566ms iter=1991 incumb=21.7133 ratchet=21.8925 best=21.7111 since_improve=404
t=80567ms iter=1992 WAIST cost=19.0000 best_alt=16.0000 gap=3.0000 tried=5 sep_labels=16 clique_frac=0.06
t=80586ms iter=1992 REBUILD reject new_tc=21.7502 (was 21.7133)
t=80606ms iter=1992 incumb=21.7133 ratchet=21.8723 best=21.7111 since_improve=405
t=80607ms iter=1993 WAIST cost=19.0000 best_alt=15.0000 gap=4.0000 tried=5 sep_labels=15 clique_frac=0.05
t=80627ms iter=1993 REBUILD reject new_tc=21.9456 (was 21.7133)
t=80648ms iter=1993 incumb=21.7133 ratchet=21.8152 best=21.7111 since_improve=406
t=80649ms iter=1994 WAIST cost=19.0000 best_alt=15.0000 gap=4.0000 tried=5 sep_labels=15 clique_frac=0.05
t=80669ms iter=1994 REBUILD reject new_tc=22.2212 (was 21.7133)
t=80690ms iter=1994 incumb=21.7133 ratchet=22.0563 best=21.7111 since_improve=407
t=80691ms iter=1995 WAIST cost=19.0000 best_alt=15.0000 gap=4.0000 tried=5 sep_labels=15 clique_frac=0.07
t=80710ms iter=1995 REBUILD reject new_tc=21.7397 (was 21.7133)
t=80731ms iter=1995 incumb=21.7133 ratchet=21.7535 best=21.7111 since_improve=408
t=80732ms iter=1996 WAIST cost=19.0000 best_alt=16.0000 gap=3.0000 tried=5 sep_labels=16 clique_frac=0.06
t=80751ms iter=1996 REBUILD reject new_tc=21.8245 (was 21.7133)
t=80771ms iter=1996 incumb=21.7133 ratchet=21.8903 best=21.7111 since_improve=409
t=80773ms iter=1997 WAIST cost=19.0000 best_alt=15.0000 gap=4.0000 tried=5 sep_labels=15 clique_frac=0.05
t=80792ms iter=1997 REBUILD reject new_tc=21.9984 (was 21.7133)
t=80813ms iter=1997 incumb=21.7133 ratchet=21.9370 best=21.7111 since_improve=410
t=80815ms iter=1998 WAIST cost=19.0000 best_alt=15.0000 gap=4.0000 tried=5 sep_labels=15 clique_frac=0.07
t=80834ms iter=1998 REBUILD reject new_tc=21.7408 (was 21.7133)
t=80855ms iter=1998 incumb=21.7133 ratchet=22.0334 best=21.7111 since_improve=411
t=80856ms iter=1999 WAIST cost=19.0000 best_alt=15.0000 gap=4.0000 tried=5 sep_labels=15 clique_frac=0.06
t=80876ms iter=1999 REBUILD reject new_tc=21.7812 (was 21.7133)
t=80896ms iter=1999 incumb=21.7133 ratchet=22.0214 best=21.7111 since_improve=412
t=80898ms iter=2000 WAIST cost=19.0000 best_alt=15.0000 gap=4.0000 tried=5 sep_labels=15 clique_frac=0.07
t=80917ms iter=2000 REBUILD reject new_tc=21.7432 (was 21.7133)
t=80937ms iter=2000 incumb=21.7133 ratchet=21.8003 best=21.7111 since_improve=413
t=80939ms iter=2001 WAIST cost=19.0000 best_alt=15.0000 gap=4.0000 tried=5 sep_labels=15 clique_frac=0.05
t=80958ms iter=2001 REBUILD reject new_tc=22.2844 (was 21.7133)
t=80979ms iter=2001 incumb=21.7133 ratchet=21.8465 best=21.7111 since_improve=414
t=80980ms iter=2002 WAIST cost=19.0000 best_alt=16.0000 gap=3.0000 tried=5 sep_labels=16 clique_frac=0.06
t=80999ms iter=2002 REBUILD reject new_tc=22.0319 (was 21.7133)
t=81019ms iter=2002 incumb=21.7133 ratchet=21.8672 best=21.7111 since_improve=415
t=81021ms iter=2003 WAIST cost=19.0000 best_alt=16.0000 gap=3.0000 tried=5 sep_labels=16 clique_frac=0.06
t=81039ms iter=2003 REBUILD reject new_tc=21.7525 (was 21.7133)
t=81060ms iter=2003 incumb=21.7133 ratchet=21.7940 best=21.7111 since_improve=416
t=81061ms iter=2004 WAIST cost=19.0000 best_alt=16.0000 gap=3.0000 tried=5 sep_labels=16 clique_frac=0.06
t=81080ms iter=2004 REBUILD reject new_tc=21.7521 (was 21.7133)
t=81100ms iter=2004 incumb=21.7133 ratchet=21.9368 best=21.7111 since_improve=417
t=81101ms iter=2005 WAIST cost=19.0000 best_alt=16.0000 gap=3.0000 tried=5 sep_labels=16 clique_frac=0.06
t=81120ms iter=2005 REBUILD reject new_tc=21.7416 (was 21.7133)
t=81140ms iter=2005 incumb=21.7133 ratchet=21.7924 best=21.7111 since_improve=418
t=81141ms iter=2006 WAIST cost=19.0000 best_alt=16.0000 gap=3.0000 tried=5 sep_labels=16 clique_frac=0.06
t=81160ms iter=2006 REBUILD reject new_tc=21.7533 (was 21.7133)
t=81181ms iter=2006 incumb=21.7133 ratchet=21.8817 best=21.7111 since_improve=419
t=81182ms iter=2007 WAIST cost=19.0000 best_alt=15.0000 gap=4.0000 tried=5 sep_labels=15 clique_frac=0.05
t=81202ms iter=2007 REBUILD reject new_tc=22.2701 (was 21.7133)
t=81222ms iter=2007 incumb=21.7133 ratchet=21.7669 best=21.7111 since_improve=420
t=81223ms iter=2008 WAIST cost=19.0000 best_alt=15.0000 gap=4.0000 tried=5 sep_labels=15 clique_frac=0.05
t=81243ms iter=2008 REBUILD reject new_tc=22.0010 (was 21.7133)
t=81264ms iter=2008 incumb=21.7133 ratchet=21.7900 best=21.7111 since_improve=421
t=81265ms iter=2009 WAIST cost=19.0000 best_alt=16.0000 gap=3.0000 tried=5 sep_labels=16 clique_frac=0.06
t=81284ms iter=2009 REBUILD reject new_tc=22.1169 (was 21.7133)
t=81304ms iter=2009 incumb=21.7133 ratchet=21.9793 best=21.7111 since_improve=422
t=81305ms iter=2010 WAIST cost=19.0000 best_alt=16.0000 gap=3.0000 tried=5 sep_labels=16 clique_frac=0.06
t=81324ms iter=2010 REBUILD reject new_tc=22.0998 (was 21.7133)
t=81344ms iter=2010 incumb=21.7133 ratchet=21.7665 best=21.7111 since_improve=423
t=81345ms iter=2011 WAIST cost=19.0000 best_alt=16.0000 gap=3.0000 tried=5 sep_labels=16 clique_frac=0.06
t=81364ms iter=2011 REBUILD reject new_tc=21.7533 (was 21.7133)
t=81384ms iter=2011 incumb=21.7133 ratchet=21.7536 best=21.7111 since_improve=424
t=81385ms iter=2012 WAIST cost=19.0000 best_alt=16.0000 gap=3.0000 tried=5 sep_labels=16 clique_frac=0.06
t=81404ms iter=2012 REBUILD reject new_tc=21.7411 (was 21.7133)
t=81424ms iter=2012 incumb=21.7133 ratchet=21.7946 best=21.7111 since_improve=425
t=81426ms iter=2013 WAIST cost=19.0000 best_alt=16.0000 gap=3.0000 tried=5 sep_labels=16 clique_frac=0.06
t=81445ms iter=2013 REBUILD reject new_tc=21.7586 (was 21.7133)
t=81465ms iter=2013 incumb=21.7133 ratchet=21.8334 best=21.7111 since_improve=426
t=81466ms iter=2014 WAIST cost=19.0000 best_alt=16.0000 gap=3.0000 tried=5 sep_labels=16 clique_frac=0.06
t=81485ms iter=2014 REBUILD reject new_tc=21.7723 (was 21.7133)
t=81506ms iter=2014 incumb=21.7133 ratchet=21.8957 best=21.7111 since_improve=427
t=81507ms iter=2015 WAIST cost=19.0000 best_alt=15.0000 gap=4.0000 tried=5 sep_labels=15 clique_frac=0.05
t=81527ms iter=2015 REBUILD reject new_tc=21.9322 (was 21.7133)
t=81547ms iter=2015 incumb=21.7133 ratchet=21.9968 best=21.7111 since_improve=428
t=81549ms iter=2016 WAIST cost=19.0000 best_alt=15.0000 gap=4.0000 tried=5 sep_labels=15 clique_frac=0.10
t=81569ms iter=2016 REBUILD reject new_tc=21.8951 (was 21.7133)
t=81590ms iter=2016 incumb=21.7133 ratchet=21.7528 best=21.7111 since_improve=429
t=81591ms iter=2017 WAIST cost=19.0000 best_alt=15.0000 gap=4.0000 tried=5 sep_labels=15 clique_frac=0.05
t=81610ms iter=2017 REBUILD reject new_tc=22.2554 (was 21.7133)
t=81631ms iter=2017 incumb=21.7133 ratchet=21.8931 best=21.7111 since_improve=430
t=81632ms iter=2018 WAIST cost=19.0000 best_alt=16.0000 gap=3.0000 tried=5 sep_labels=16 clique_frac=0.06
t=81651ms iter=2018 REBUILD reject new_tc=21.7758 (was 21.7133)
t=81671ms iter=2018 incumb=21.7133 ratchet=21.7390 best=21.7111 since_improve=431
t=81673ms iter=2019 WAIST cost=19.0000 best_alt=16.0000 gap=3.0000 tried=5 sep_labels=16 clique_frac=0.06
t=81691ms iter=2019 REBUILD reject new_tc=22.3238 (was 21.7133)
t=81712ms iter=2019 incumb=21.7133 ratchet=21.8683 best=21.7111 since_improve=432
t=81713ms iter=2020 WAIST cost=19.0000 best_alt=15.0000 gap=4.0000 tried=5 sep_labels=15 clique_frac=0.02
t=81732ms iter=2020 REBUILD reject new_tc=21.8693 (was 21.7133)
t=81753ms iter=2020 incumb=21.7133 ratchet=21.7339 best=21.7111 since_improve=433
t=81754ms iter=2021 WAIST cost=19.0000 best_alt=16.0000 gap=3.0000 tried=5 sep_labels=16 clique_frac=0.06
t=81773ms iter=2021 REBUILD reject new_tc=21.7397 (was 21.7133)
t=81794ms iter=2021 incumb=21.7133 ratchet=21.7560 best=21.7111 since_improve=434
t=81795ms iter=2022 WAIST cost=19.0000 best_alt=15.0000 gap=4.0000 tried=5 sep_labels=15 clique_frac=0.06
t=81815ms iter=2022 REBUILD reject new_tc=21.8332 (was 21.7133)
t=81836ms iter=2022 incumb=21.7133 ratchet=21.9529 best=21.7111 since_improve=435
t=81837ms iter=2023 WAIST cost=19.0000 best_alt=16.0000 gap=3.0000 tried=5 sep_labels=16 clique_frac=0.06
t=81856ms iter=2023 REBUILD reject new_tc=22.0214 (was 21.7133)
t=81877ms iter=2023 incumb=21.7133 ratchet=21.8838 best=21.7111 since_improve=436
t=81879ms iter=2024 WAIST cost=19.0000 best_alt=15.0000 gap=4.0000 tried=5 sep_labels=15 clique_frac=0.05
t=81898ms iter=2024 REBUILD reject new_tc=21.9004 (was 21.7133)
t=81919ms iter=2024 incumb=21.7133 ratchet=21.8573 best=21.7111 since_improve=437
t=81921ms iter=2025 WAIST cost=19.0000 best_alt=15.0000 gap=4.0000 tried=5 sep_labels=15 clique_frac=0.05
t=81940ms iter=2025 REBUILD reject new_tc=22.0112 (was 21.7133)
t=81960ms iter=2025 incumb=21.7133 ratchet=21.9447 best=21.7111 since_improve=438
t=81962ms iter=2026 WAIST cost=19.0000 best_alt=15.0000 gap=4.0000 tried=5 sep_labels=15 clique_frac=0.05
t=81981ms iter=2026 REBUILD reject new_tc=21.8286 (was 21.7133)
t=82001ms iter=2026 incumb=21.7133 ratchet=22.0742 best=21.7111 since_improve=439
t=82003ms iter=2027 WAIST cost=19.0000 best_alt=16.0000 gap=3.0000 tried=5 sep_labels=16 clique_frac=0.06
t=82021ms iter=2027 REBUILD reject new_tc=21.7544 (was 21.7133)
t=82041ms iter=2027 incumb=21.7133 ratchet=21.7544 best=21.7111 since_improve=440
t=82043ms iter=2028 WAIST cost=19.0000 best_alt=16.0000 gap=3.0000 tried=5 sep_labels=16 clique_frac=0.06
t=82061ms iter=2028 REBUILD reject new_tc=21.7660 (was 21.7133)
t=82082ms iter=2028 incumb=21.7133 ratchet=21.8117 best=21.7111 since_improve=441
t=82083ms iter=2029 WAIST cost=19.0000 best_alt=16.0000 gap=3.0000 tried=5 sep_labels=16 clique_frac=0.06
t=82102ms iter=2029 REBUILD reject new_tc=21.8713 (was 21.7133)
t=82123ms iter=2029 incumb=21.7133 ratchet=21.8811 best=21.7111 since_improve=442
t=82124ms iter=2030 WAIST cost=19.0000 best_alt=15.0000 gap=4.0000 tried=5 sep_labels=15 clique_frac=0.05
t=82144ms iter=2030 REBUILD reject new_tc=22.2200 (was 21.7133)
t=82165ms iter=2030 incumb=21.7133 ratchet=21.7297 best=21.7111 since_improve=443
t=82166ms iter=2031 WAIST cost=19.0000 best_alt=15.0000 gap=4.0000 tried=5 sep_labels=15 clique_frac=0.05
t=82186ms iter=2031 REBUILD reject new_tc=22.1136 (was 21.7133)
t=82206ms iter=2031 incumb=21.7133 ratchet=21.8473 best=21.7111 since_improve=444
t=82208ms iter=2032 WAIST cost=19.0000 best_alt=16.0000 gap=3.0000 tried=5 sep_labels=16 clique_frac=0.06
t=82226ms iter=2032 REBUILD reject new_tc=22.0210 (was 21.7133)
t=82246ms iter=2032 incumb=21.7133 ratchet=21.9176 best=21.7111 since_improve=445
t=82248ms iter=2033 WAIST cost=19.0000 best_alt=16.0000 gap=3.0000 tried=5 sep_labels=16 clique_frac=0.06
t=82266ms iter=2033 REBUILD reject new_tc=21.7489 (was 21.7133)
t=82287ms iter=2033 incumb=21.7133 ratchet=21.9305 best=21.7111 since_improve=446
t=82289ms iter=2034 WAIST cost=19.0000 best_alt=16.0000 gap=3.0000 tried=5 sep_labels=16 clique_frac=0.06
t=82307ms iter=2034 REBUILD reject new_tc=21.9710 (was 21.7133)
t=82328ms iter=2034 incumb=21.7133 ratchet=21.9049 best=21.7111 since_improve=447
t=82329ms iter=2035 WAIST cost=19.0000 best_alt=16.0000 gap=3.0000 tried=5 sep_labels=16 clique_frac=0.06
t=82348ms iter=2035 REBUILD reject new_tc=22.0973 (was 21.7133)
t=82368ms iter=2035 incumb=21.7133 ratchet=22.1289 best=21.7111 since_improve=448
t=82370ms iter=2036 WAIST cost=19.0000 best_alt=16.0000 gap=3.0000 tried=5 sep_labels=16 clique_frac=0.06
t=82388ms iter=2036 REBUILD reject new_tc=22.3095 (was 21.7133)
t=82409ms iter=2036 incumb=21.7133 ratchet=21.8328 best=21.7111 since_improve=449
t=82411ms iter=2037 WAIST cost=19.0000 best_alt=15.0000 gap=4.0000 tried=5 sep_labels=15 clique_frac=0.05
t=82430ms iter=2037 REBUILD reject new_tc=21.7700 (was 21.7133)
t=82451ms iter=2037 incumb=21.7133 ratchet=22.0839 best=21.7111 since_improve=450
t=82452ms iter=2038 WAIST cost=19.0000 best_alt=15.0000 gap=4.0000 tried=5 sep_labels=15 clique_frac=0.05
t=82472ms iter=2038 REBUILD reject new_tc=21.8724 (was 21.7133)
t=82492ms iter=2038 incumb=21.7133 ratchet=21.7688 best=21.7111 since_improve=451
t=82494ms iter=2039 WAIST cost=19.0000 best_alt=16.0000 gap=3.0000 tried=5 sep_labels=16 clique_frac=0.06
t=82512ms iter=2039 REBUILD reject new_tc=21.7691 (was 21.7133)
t=82533ms iter=2039 incumb=21.7133 ratchet=21.8958 best=21.7111 since_improve=452
t=82534ms iter=2040 WAIST cost=19.0000 best_alt=15.0000 gap=4.0000 tried=5 sep_labels=15 clique_frac=0.10
t=82554ms iter=2040 REBUILD reject new_tc=21.8462 (was 21.7133)
t=82575ms iter=2040 incumb=21.7133 ratchet=21.7749 best=21.7111 since_improve=453
t=82576ms iter=2041 WAIST cost=19.0000 best_alt=15.0000 gap=4.0000 tried=5 sep_labels=15 clique_frac=0.05
t=82596ms iter=2041 REBUILD reject new_tc=21.8519 (was 21.7133)
t=82617ms iter=2041 incumb=21.7133 ratchet=21.7980 best=21.7111 since_improve=454
t=82618ms iter=2042 WAIST cost=19.0000 best_alt=15.0000 gap=4.0000 tried=5 sep_labels=15 clique_frac=0.10
t=82638ms iter=2042 REBUILD reject new_tc=22.1296 (was 21.7133)
t=82658ms iter=2042 incumb=21.7133 ratchet=22.0989 best=21.7111 since_improve=455
t=82660ms iter=2043 WAIST cost=19.0000 best_alt=16.0000 gap=3.0000 tried=5 sep_labels=16 clique_frac=0.06
t=82678ms iter=2043 REBUILD reject new_tc=21.7401 (was 21.7133)
t=82699ms iter=2043 incumb=21.7133 ratchet=21.7373 best=21.7111 since_improve=456
t=82700ms iter=2044 WAIST cost=19.0000 best_alt=15.0000 gap=4.0000 tried=5 sep_labels=15 clique_frac=0.08
t=82719ms iter=2044 REBUILD reject new_tc=21.8090 (was 21.7133)
t=82740ms iter=2044 incumb=21.7133 ratchet=21.7807 best=21.7111 since_improve=457
t=82741ms iter=2045 WAIST cost=19.0000 best_alt=16.0000 gap=3.0000 tried=5 sep_labels=16 clique_frac=0.06
t=82760ms iter=2045 REBUILD reject new_tc=21.7418 (was 21.7133)
t=82781ms iter=2045 incumb=21.7133 ratchet=21.7566 best=21.7111 since_improve=458
t=82782ms iter=2046 WAIST cost=19.0000 best_alt=16.0000 gap=3.0000 tried=5 sep_labels=16 clique_frac=0.06
t=82801ms iter=2046 REBUILD reject new_tc=21.7494 (was 21.7133)
t=82821ms iter=2046 incumb=21.7133 ratchet=22.1504 best=21.7111 since_improve=459
t=82823ms iter=2047 WAIST cost=19.0000 best_alt=15.0000 gap=4.0000 tried=5 sep_labels=15 clique_frac=0.05
t=82842ms iter=2047 REBUILD reject new_tc=21.9064 (was 21.7133)
t=82863ms iter=2047 incumb=21.7133 ratchet=22.0237 best=21.7111 since_improve=460
t=82865ms iter=2048 WAIST cost=19.0000 best_alt=16.0000 gap=3.0000 tried=5 sep_labels=16 clique_frac=0.06
t=82883ms iter=2048 REBUILD reject new_tc=22.0868 (was 21.7133)
t=82904ms iter=2048 incumb=21.7133 ratchet=21.8564 best=21.7111 since_improve=461
t=82905ms iter=2049 WAIST cost=19.0000 best_alt=15.0000 gap=4.0000 tried=5 sep_labels=15 clique_frac=0.05
t=82924ms iter=2049 REBUILD reject new_tc=21.8022 (was 21.7133)
t=82945ms iter=2049 incumb=21.7133 ratchet=21.9216 best=21.7111 since_improve=462
t=82946ms iter=2050 WAIST cost=19.0000 best_alt=15.0000 gap=4.0000 tried=5 sep_labels=15 clique_frac=0.05
t=82966ms iter=2050 REBUILD reject new_tc=21.8783 (was 21.7133)
t=82986ms iter=2050 incumb=21.7133 ratchet=21.8450 best=21.7111 since_improve=463
t=82988ms iter=2051 WAIST cost=19.0000 best_alt=15.0000 gap=4.0000 tried=5 sep_labels=15 clique_frac=0.05
t=83008ms iter=2051 REBUILD reject new_tc=21.9496 (was 21.7133)
t=83028ms iter=2051 incumb=21.7133 ratchet=21.8951 best=21.7111 since_improve=464
t=83030ms iter=2052 WAIST cost=19.0000 best_alt=16.0000 gap=3.0000 tried=5 sep_labels=16 clique_frac=0.06
t=83048ms iter=2052 REBUILD reject new_tc=22.0858 (was 21.7133)
t=83068ms iter=2052 incumb=21.7133 ratchet=21.7602 best=21.7111 since_improve=465
t=83070ms iter=2053 WAIST cost=19.0000 best_alt=16.0000 gap=3.0000 tried=5 sep_labels=16 clique_frac=0.06
t=83088ms iter=2053 REBUILD reject new_tc=21.7540 (was 21.7133)
t=83108ms iter=2053 incumb=21.7133 ratchet=21.7557 best=21.7111 since_improve=466
t=83110ms iter=2054 WAIST cost=19.0000 best_alt=15.0000 gap=4.0000 tried=5 sep_labels=15 clique_frac=0.02
t=83129ms iter=2054 REBUILD reject new_tc=21.8173 (was 21.7133)
t=83150ms iter=2054 incumb=21.7133 ratchet=21.9312 best=21.7111 since_improve=467
t=83151ms iter=2055 WAIST cost=19.0000 best_alt=15.0000 gap=4.0000 tried=5 sep_labels=15 clique_frac=0.05
t=83171ms iter=2055 REBUILD reject new_tc=21.8702 (was 21.7133)
t=83191ms iter=2055 incumb=21.7133 ratchet=21.7472 best=21.7111 since_improve=468
t=83193ms iter=2056 WAIST cost=19.0000 best_alt=16.0000 gap=3.0000 tried=5 sep_labels=16 clique_frac=0.06
t=83211ms iter=2056 REBUILD reject new_tc=22.1883 (was 21.7133)
t=83232ms iter=2056 incumb=21.7133 ratchet=21.7681 best=21.7111 since_improve=469
t=83233ms iter=2057 WAIST cost=19.0000 best_alt=16.0000 gap=3.0000 tried=5 sep_labels=16 clique_frac=0.06
t=83252ms iter=2057 REBUILD reject new_tc=21.7404 (was 21.7133)
t=83273ms iter=2057 incumb=21.7133 ratchet=21.8760 best=21.7111 since_improve=470
t=83274ms iter=2058 WAIST cost=19.0000 best_alt=15.0000 gap=4.0000 tried=5 sep_labels=15 clique_frac=0.05
t=83294ms iter=2058 REBUILD reject new_tc=22.1678 (was 21.7133)
t=83314ms iter=2058 incumb=21.7133 ratchet=21.8974 best=21.7111 since_improve=471
t=83315ms iter=2059 WAIST cost=19.0000 best_alt=16.0000 gap=3.0000 tried=5 sep_labels=16 clique_frac=0.06
t=83334ms iter=2059 REBUILD reject new_tc=22.2531 (was 21.7133)
t=83354ms iter=2059 incumb=21.7133 ratchet=21.7548 best=21.7111 since_improve=472
t=83356ms iter=2060 WAIST cost=19.0000 best_alt=15.0000 gap=4.0000 tried=5 sep_labels=15 clique_frac=0.08
t=83375ms iter=2060 REBUILD reject new_tc=21.8567 (was 21.7133)
t=83395ms iter=2060 incumb=21.7133 ratchet=21.8186 best=21.7111 since_improve=473
t=83397ms iter=2061 WAIST cost=19.0000 best_alt=16.0000 gap=3.0000 tried=5 sep_labels=16 clique_frac=0.06
t=83415ms iter=2061 REBUILD reject new_tc=22.0328 (was 21.7133)
t=83436ms iter=2061 incumb=21.7133 ratchet=21.7410 best=21.7111 since_improve=474
t=83437ms iter=2062 WAIST cost=19.0000 best_alt=15.0000 gap=4.0000 tried=5 sep_labels=15 clique_frac=0.02
t=83457ms iter=2062 REBUILD reject new_tc=22.1801 (was 21.7133)
t=83481ms iter=2062 incumb=21.7133 ratchet=21.8948 best=21.7111 since_improve=475
t=83482ms iter=2063 WAIST cost=19.0000 best_alt=16.0000 gap=3.0000 tried=5 sep_labels=16 clique_frac=0.06
t=83501ms iter=2063 REBUILD reject new_tc=21.7530 (was 21.7133)
t=83522ms iter=2063 incumb=21.7133 ratchet=21.8194 best=21.7111 since_improve=476
t=83523ms iter=2064 WAIST cost=19.0000 best_alt=16.0000 gap=3.0000 tried=5 sep_labels=16 clique_frac=0.06
t=83542ms iter=2064 REBUILD reject new_tc=21.8037 (was 21.7133)
t=83563ms iter=2064 incumb=21.7133 ratchet=21.7562 best=21.7111 since_improve=477
t=83564ms iter=2065 WAIST cost=19.0000 best_alt=15.0000 gap=4.0000 tried=5 sep_labels=15 clique_frac=0.05
t=83583ms iter=2065 REBUILD reject new_tc=22.1021 (was 21.7133)
t=83604ms iter=2065 incumb=21.7133 ratchet=21.8148 best=21.7111 since_improve=478
t=83606ms iter=2066 WAIST cost=19.0000 best_alt=16.0000 gap=3.0000 tried=5 sep_labels=16 clique_frac=0.06
t=83624ms iter=2066 REBUILD reject new_tc=22.3242 (was 21.7133)
t=83645ms iter=2066 incumb=21.7133 ratchet=22.0219 best=21.7111 since_improve=479
t=83646ms iter=2067 WAIST cost=19.0000 best_alt=16.0000 gap=3.0000 tried=5 sep_labels=16 clique_frac=0.06
t=83665ms iter=2067 REBUILD reject new_tc=21.9509 (was 21.7133)
t=83686ms iter=2067 incumb=21.7133 ratchet=21.8199 best=21.7111 since_improve=480
t=83687ms iter=2068 WAIST cost=19.0000 best_alt=15.0000 gap=4.0000 tried=5 sep_labels=15 clique_frac=0.02
t=83706ms iter=2068 REBUILD reject new_tc=22.1386 (was 21.7133)
t=83726ms iter=2068 incumb=21.7133 ratchet=21.9303 best=21.7111 since_improve=481
t=83728ms iter=2069 WAIST cost=19.0000 best_alt=16.0000 gap=3.0000 tried=5 sep_labels=16 clique_frac=0.06
t=83746ms iter=2069 REBUILD reject new_tc=22.0969 (was 21.7133)
t=83767ms iter=2069 incumb=21.7133 ratchet=21.8791 best=21.7111 since_improve=482
t=83769ms iter=2070 WAIST cost=19.0000 best_alt=15.0000 gap=4.0000 tried=5 sep_labels=15 clique_frac=0.05
t=83787ms iter=2070 REBUILD reject new_tc=22.2975 (was 21.7133)
t=83808ms iter=2070 incumb=21.7133 ratchet=21.7524 best=21.7111 since_improve=483
t=83809ms iter=2071 WAIST cost=19.0000 best_alt=16.0000 gap=3.0000 tried=5 sep_labels=16 clique_frac=0.06
t=83828ms iter=2071 REBUILD reject new_tc=22.2518 (was 21.7133)
t=83848ms iter=2071 incumb=21.7133 ratchet=21.8316 best=21.7111 since_improve=484
t=83850ms iter=2072 WAIST cost=19.0000 best_alt=16.0000 gap=3.0000 tried=5 sep_labels=16 clique_frac=0.06
t=83868ms iter=2072 REBUILD reject new_tc=22.0245 (was 21.7133)
t=83889ms iter=2072 incumb=21.7133 ratchet=21.7924 best=21.7111 since_improve=485
t=83890ms iter=2073 WAIST cost=19.0000 best_alt=15.0000 gap=4.0000 tried=5 sep_labels=15 clique_frac=0.05
t=83909ms iter=2073 REBUILD reject new_tc=21.8402 (was 21.7133)
t=83929ms iter=2073 incumb=21.7133 ratchet=21.7629 best=21.7111 since_improve=486
t=83931ms iter=2074 WAIST cost=19.0000 best_alt=15.0000 gap=4.0000 tried=5 sep_labels=15 clique_frac=0.05
t=83951ms iter=2074 REBUILD reject new_tc=21.8868 (was 21.7133)
t=83972ms iter=2074 incumb=21.7133 ratchet=21.8725 best=21.7111 since_improve=487
t=83973ms iter=2075 WAIST cost=19.0000 best_alt=15.0000 gap=4.0000 tried=5 sep_labels=15 clique_frac=0.06
t=83992ms iter=2075 REBUILD reject new_tc=22.0097 (was 21.7133)
t=84012ms iter=2075 incumb=21.7133 ratchet=21.7408 best=21.7111 since_improve=488
t=84013ms iter=2076 WAIST cost=19.0000 best_alt=15.0000 gap=4.0000 tried=5 sep_labels=15 clique_frac=0.10
t=84033ms iter=2076 REBUILD reject new_tc=22.1280 (was 21.7133)
t=84053ms iter=2076 incumb=21.7133 ratchet=21.7928 best=21.7111 since_improve=489
t=84054ms iter=2077 WAIST cost=19.0000 best_alt=16.0000 gap=3.0000 tried=5 sep_labels=16 clique_frac=0.06
t=84073ms iter=2077 REBUILD reject new_tc=21.7426 (was 21.7133)
t=84093ms iter=2077 incumb=21.7133 ratchet=21.9983 best=21.7111 since_improve=490
t=84095ms iter=2078 WAIST cost=19.0000 best_alt=15.0000 gap=4.0000 tried=5 sep_labels=15 clique_frac=0.08
t=84114ms iter=2078 REBUILD reject new_tc=21.8709 (was 21.7133)
t=84134ms iter=2078 incumb=21.7133 ratchet=21.7931 best=21.7111 since_improve=491
t=84135ms iter=2079 WAIST cost=19.0000 best_alt=15.0000 gap=4.0000 tried=5 sep_labels=15 clique_frac=0.08
t=84155ms iter=2079 REBUILD reject new_tc=21.8575 (was 21.7133)
t=84176ms iter=2079 incumb=21.7133 ratchet=21.8741 best=21.7111 since_improve=492
t=84177ms iter=2080 WAIST cost=19.0000 best_alt=15.0000 gap=4.0000 tried=5 sep_labels=15 clique_frac=0.05
t=84197ms iter=2080 REBUILD reject new_tc=22.3411 (was 21.7133)
t=84217ms iter=2080 incumb=21.7133 ratchet=21.9869 best=21.7111 since_improve=493
t=84218ms iter=2081 WAIST cost=19.0000 best_alt=15.0000 gap=4.0000 tried=5 sep_labels=15 clique_frac=0.05
t=84238ms iter=2081 REBUILD reject new_tc=22.1665 (was 21.7133)
t=84259ms iter=2081 incumb=21.7133 ratchet=21.7680 best=21.7111 since_improve=494
t=84260ms iter=2082 WAIST cost=19.0000 best_alt=16.0000 gap=3.0000 tried=5 sep_labels=16 clique_frac=0.06
t=84278ms iter=2082 REBUILD reject new_tc=21.7431 (was 21.7133)
t=84299ms iter=2082 incumb=21.7133 ratchet=21.7681 best=21.7111 since_improve=495
t=84300ms iter=2083 WAIST cost=19.0000 best_alt=16.0000 gap=3.0000 tried=5 sep_labels=16 clique_frac=0.06
t=84319ms iter=2083 REBUILD reject new_tc=22.0210 (was 21.7133)
t=84339ms iter=2083 incumb=21.7133 ratchet=21.7943 best=21.7111 since_improve=496
t=84340ms iter=2084 WAIST cost=19.0000 best_alt=15.0000 gap=4.0000 tried=5 sep_labels=15 clique_frac=0.10
t=84360ms iter=2084 REBUILD reject new_tc=22.2811 (was 21.7133)
t=84381ms iter=2084 incumb=21.7133 ratchet=21.8052 best=21.7111 since_improve=497
t=84382ms iter=2085 WAIST cost=19.0000 best_alt=15.0000 gap=4.0000 tried=5 sep_labels=15 clique_frac=0.08
t=84401ms iter=2085 REBUILD reject new_tc=22.2223 (was 21.7133)
t=84422ms iter=2085 incumb=21.7133 ratchet=21.7795 best=21.7111 since_improve=498
t=84423ms iter=2086 WAIST cost=19.0000 best_alt=16.0000 gap=3.0000 tried=5 sep_labels=16 clique_frac=0.06
t=84442ms iter=2086 REBUILD reject new_tc=21.7557 (was 21.7133)
t=84463ms iter=2086 incumb=21.7133 ratchet=21.8501 best=21.7111 since_improve=499
t=84464ms iter=2087 WAIST cost=19.0000 best_alt=16.0000 gap=3.0000 tried=5 sep_labels=16 clique_frac=0.06
t=84483ms iter=2087 REBUILD reject new_tc=22.2516 (was 21.7133)
t=84503ms iter=2087 incumb=21.7133 ratchet=21.7403 best=21.7111 since_improve=500
t=84505ms iter=2088 WAIST cost=19.0000 best_alt=16.0000 gap=3.0000 tried=5 sep_labels=16 clique_frac=0.06
t=84523ms iter=2088 REBUILD reject new_tc=21.7519 (was 21.7133)
t=84544ms iter=2088 incumb=21.7133 ratchet=21.8360 best=21.7111 since_improve=501
t=84545ms iter=2089 WAIST cost=19.0000 best_alt=15.0000 gap=4.0000 tried=5 sep_labels=15 clique_frac=0.07
t=84565ms iter=2089 REBUILD reject new_tc=21.7393 (was 21.7133)
t=84585ms iter=2089 incumb=21.7133 ratchet=21.8433 best=21.7111 since_improve=502
t=84587ms iter=2090 WAIST cost=19.0000 best_alt=16.0000 gap=3.0000 tried=5 sep_labels=16 clique_frac=0.06
t=84605ms iter=2090 REBUILD reject new_tc=21.7528 (was 21.7133)
t=84626ms iter=2090 incumb=21.7133 ratchet=21.8229 best=21.7111 since_improve=503
t=84627ms iter=2091 WAIST cost=19.0000 best_alt=15.0000 gap=4.0000 tried=5 sep_labels=15 clique_frac=0.06
t=84647ms iter=2091 REBUILD reject new_tc=21.7656 (was 21.7133)
t=84667ms iter=2091 incumb=21.7133 ratchet=21.7581 best=21.7111 since_improve=504
t=84668ms iter=2092 WAIST cost=19.0000 best_alt=15.0000 gap=4.0000 tried=5 sep_labels=15 clique_frac=0.10
t=84688ms iter=2092 REBUILD reject new_tc=21.8810 (was 21.7133)
t=84709ms iter=2092 incumb=21.7133 ratchet=21.8954 best=21.7111 since_improve=505
t=84711ms iter=2093 WAIST cost=19.0000 best_alt=15.0000 gap=4.0000 tried=5 sep_labels=15 clique_frac=0.05
t=84730ms iter=2093 REBUILD reject new_tc=22.2532 (was 21.7133)
t=84751ms iter=2093 incumb=21.7133 ratchet=21.9210 best=21.7111 since_improve=506
t=84752ms iter=2094 WAIST cost=19.0000 best_alt=16.0000 gap=3.0000 tried=5 sep_labels=16 clique_frac=0.06
t=84771ms iter=2094 REBUILD reject new_tc=22.1562 (was 21.7133)
t=84792ms iter=2094 incumb=21.7133 ratchet=21.8581 best=21.7111 since_improve=507
t=84793ms iter=2095 WAIST cost=19.0000 best_alt=16.0000 gap=3.0000 tried=5 sep_labels=16 clique_frac=0.06
t=84812ms iter=2095 REBUILD reject new_tc=21.7574 (was 21.7133)
t=84832ms iter=2095 incumb=21.7133 ratchet=22.0163 best=21.7111 since_improve=508
t=84833ms iter=2096 WAIST cost=19.0000 best_alt=15.0000 gap=4.0000 tried=5 sep_labels=15 clique_frac=0.06
t=84853ms iter=2096 REBUILD reject new_tc=21.8770 (was 21.7133)
t=84873ms iter=2096 incumb=21.7133 ratchet=21.7848 best=21.7111 since_improve=509
t=84875ms iter=2097 WAIST cost=19.0000 best_alt=15.0000 gap=4.0000 tried=5 sep_labels=15 clique_frac=0.10
t=84894ms iter=2097 REBUILD reject new_tc=22.1283 (was 21.7133)
t=84915ms iter=2097 incumb=21.7133 ratchet=21.8348 best=21.7111 since_improve=510
t=84916ms iter=2098 WAIST cost=19.0000 best_alt=15.0000 gap=4.0000 tried=5 sep_labels=15 clique_frac=0.05
t=84935ms iter=2098 REBUILD reject new_tc=22.0039 (was 21.7133)
t=84956ms iter=2098 incumb=21.7133 ratchet=21.8601 best=21.7111 since_improve=511
t=84957ms iter=2099 WAIST cost=19.0000 best_alt=16.0000 gap=3.0000 tried=5 sep_labels=16 clique_frac=0.06
t=84976ms iter=2099 REBUILD reject new_tc=21.7428 (was 21.7133)
t=84996ms iter=2099 incumb=21.7133 ratchet=21.7396 best=21.7111 since_improve=512
t=84998ms iter=2100 WAIST cost=19.0000 best_alt=15.0000 gap=4.0000 tried=5 sep_labels=15 clique_frac=0.10
t=85017ms iter=2100 REBUILD reject new_tc=22.2892 (was 21.7133)
t=85038ms iter=2100 incumb=21.7133 ratchet=21.8327 best=21.7111 since_improve=513
t=85039ms iter=2101 WAIST cost=19.0000 best_alt=15.0000 gap=4.0000 tried=5 sep_labels=15 clique_frac=0.05
t=85058ms iter=2101 REBUILD reject new_tc=22.1186 (was 21.7133)
t=85079ms iter=2101 incumb=21.7133 ratchet=21.7934 best=21.7111 since_improve=514
t=85080ms iter=2102 WAIST cost=19.0000 best_alt=15.0000 gap=4.0000 tried=5 sep_labels=15 clique_frac=0.05
t=85100ms iter=2102 REBUILD reject new_tc=21.8696 (was 21.7133)
t=85121ms iter=2102 incumb=21.7133 ratchet=21.8459 best=21.7111 since_improve=515
t=85122ms iter=2103 WAIST cost=19.0000 best_alt=15.0000 gap=4.0000 tried=5 sep_labels=15 clique_frac=0.05
t=85141ms iter=2103 REBUILD reject new_tc=22.2641 (was 21.7133)
t=85162ms iter=2103 incumb=21.7133 ratchet=21.7467 best=21.7111 since_improve=516
t=85163ms iter=2104 WAIST cost=19.0000 best_alt=15.0000 gap=4.0000 tried=5 sep_labels=15 clique_frac=0.07
t=85183ms iter=2104 REBUILD reject new_tc=21.9395 (was 21.7133)
t=85204ms iter=2104 incumb=21.7133 ratchet=22.1686 best=21.7111 since_improve=517
t=85205ms iter=2105 WAIST cost=19.0000 best_alt=16.0000 gap=3.0000 tried=5 sep_labels=16 clique_frac=0.06
t=85223ms iter=2105 REBUILD reject new_tc=21.7558 (was 21.7133)
t=85243ms iter=2105 incumb=21.7133 ratchet=21.7699 best=21.7111 since_improve=518
t=85245ms iter=2106 WAIST cost=19.0000 best_alt=15.0000 gap=4.0000 tried=5 sep_labels=15 clique_frac=0.05
t=85264ms iter=2106 REBUILD reject new_tc=22.1222 (was 21.7133)
t=85284ms iter=2106 incumb=21.7133 ratchet=21.7810 best=21.7111 since_improve=519
t=85285ms iter=2107 WAIST cost=19.0000 best_alt=15.0000 gap=4.0000 tried=5 sep_labels=15 clique_frac=0.05
t=85305ms iter=2107 REBUILD reject new_tc=22.0983 (was 21.7133)
t=85326ms iter=2107 incumb=21.7133 ratchet=21.7289 best=21.7111 since_improve=520
t=85327ms iter=2108 WAIST cost=19.0000 best_alt=16.0000 gap=3.0000 tried=5 sep_labels=16 clique_frac=0.06
t=85346ms iter=2108 REBUILD reject new_tc=21.8833 (was 21.7133)
t=85366ms iter=2108 incumb=21.7133 ratchet=21.8412 best=21.7111 since_improve=521
t=85368ms iter=2109 WAIST cost=19.0000 best_alt=16.0000 gap=3.0000 tried=5 sep_labels=16 clique_frac=0.06
t=85386ms iter=2109 REBUILD reject new_tc=21.9489 (was 21.7133)
t=85407ms iter=2109 incumb=21.7133 ratchet=21.9364 best=21.7111 since_improve=522
t=85408ms iter=2110 WAIST cost=19.0000 best_alt=16.0000 gap=3.0000 tried=5 sep_labels=16 clique_frac=0.06
t=85427ms iter=2110 REBUILD reject new_tc=21.7408 (was 21.7133)
t=85448ms iter=2110 incumb=21.7133 ratchet=21.7399 best=21.7111 since_improve=523
t=85449ms iter=2111 WAIST cost=19.0000 best_alt=16.0000 gap=3.0000 tried=5 sep_labels=16 clique_frac=0.06
t=85468ms iter=2111 REBUILD reject new_tc=22.3501 (was 21.7133)
t=85489ms iter=2111 incumb=21.7133 ratchet=21.7412 best=21.7111 since_improve=524
t=85490ms iter=2112 WAIST cost=19.0000 best_alt=16.0000 gap=3.0000 tried=5 sep_labels=16 clique_frac=0.06
t=85508ms iter=2112 REBUILD reject new_tc=22.0206 (was 21.7133)
t=85529ms iter=2112 incumb=21.7133 ratchet=21.7689 best=21.7111 since_improve=525
t=85530ms iter=2113 WAIST cost=19.0000 best_alt=16.0000 gap=3.0000 tried=5 sep_labels=16 clique_frac=0.06
t=85548ms iter=2113 REBUILD reject new_tc=21.7525 (was 21.7133)
t=85569ms iter=2113 incumb=21.7133 ratchet=21.7951 best=21.7111 since_improve=526
t=85571ms iter=2114 WAIST cost=19.0000 best_alt=15.0000 gap=4.0000 tried=5 sep_labels=15 clique_frac=0.10
t=85590ms iter=2114 REBUILD reject new_tc=22.1415 (was 21.7133)
t=85611ms iter=2114 incumb=21.7133 ratchet=21.7545 best=21.7111 since_improve=527
t=85612ms iter=2115 WAIST cost=19.0000 best_alt=15.0000 gap=4.0000 tried=5 sep_labels=15 clique_frac=0.08
t=85631ms iter=2115 REBUILD reject new_tc=21.7605 (was 21.7133)
t=85652ms iter=2115 incumb=21.7133 ratchet=21.9163 best=21.7111 since_improve=528
t=85654ms iter=2116 WAIST cost=19.0000 best_alt=15.0000 gap=4.0000 tried=5 sep_labels=15 clique_frac=0.10
t=85673ms iter=2116 REBUILD reject new_tc=21.8444 (was 21.7133)
t=85694ms iter=2116 incumb=21.7133 ratchet=21.7265 best=21.7111 since_improve=529
t=85695ms iter=2117 WAIST cost=19.0000 best_alt=16.0000 gap=3.0000 tried=5 sep_labels=16 clique_frac=0.06
t=85714ms iter=2117 REBUILD reject new_tc=21.7540 (was 21.7133)
t=85735ms iter=2117 incumb=21.7133 ratchet=21.8937 best=21.7111 since_improve=530
t=85736ms iter=2118 WAIST cost=19.0000 best_alt=15.0000 gap=4.0000 tried=5 sep_labels=15 clique_frac=0.05
t=85755ms iter=2118 REBUILD reject new_tc=22.1470 (was 21.7133)
t=85775ms iter=2118 incumb=21.7133 ratchet=21.8942 best=21.7111 since_improve=531
t=85777ms iter=2119 WAIST cost=19.0000 best_alt=16.0000 gap=3.0000 tried=5 sep_labels=16 clique_frac=0.06
t=85795ms iter=2119 REBUILD reject new_tc=21.8043 (was 21.7133)
t=85816ms iter=2119 incumb=21.7133 ratchet=21.7541 best=21.7111 since_improve=532
t=85818ms iter=2120 WAIST cost=19.0000 best_alt=15.0000 gap=4.0000 tried=5 sep_labels=15 clique_frac=0.05
t=85837ms iter=2120 REBUILD reject new_tc=22.2267 (was 21.7133)
t=85859ms iter=2120 incumb=21.7133 ratchet=21.7795 best=21.7111 since_improve=533
t=85860ms iter=2121 WAIST cost=19.0000 best_alt=16.0000 gap=3.0000 tried=5 sep_labels=16 clique_frac=0.06
t=85879ms iter=2121 REBUILD reject new_tc=21.7540 (was 21.7133)
t=85899ms iter=2121 incumb=21.7133 ratchet=21.8042 best=21.7111 since_improve=534
t=85900ms iter=2122 WAIST cost=19.0000 best_alt=15.0000 gap=4.0000 tried=5 sep_labels=15 clique_frac=0.05
t=85919ms iter=2122 REBUILD reject new_tc=21.8597 (was 21.7133)
t=85940ms iter=2122 incumb=21.7133 ratchet=22.0750 best=21.7111 since_improve=535
t=85941ms iter=2123 WAIST cost=19.0000 best_alt=16.0000 gap=3.0000 tried=5 sep_labels=16 clique_frac=0.06
t=85960ms iter=2123 REBUILD reject new_tc=22.0872 (was 21.7133)
t=85980ms iter=2123 incumb=21.7133 ratchet=22.1299 best=21.7111 since_improve=536
t=85982ms iter=2124 WAIST cost=19.0000 best_alt=16.0000 gap=3.0000 tried=5 sep_labels=16 clique_frac=0.06
t=86000ms iter=2124 REBUILD reject new_tc=21.7925 (was 21.7133)
t=86021ms iter=2124 incumb=21.7133 ratchet=21.9031 best=21.7111 since_improve=537
t=86023ms iter=2125 WAIST cost=19.0000 best_alt=15.0000 gap=4.0000 tried=5 sep_labels=15 clique_frac=0.10
t=86042ms iter=2125 REBUILD reject new_tc=22.3246 (was 21.7133)
t=86063ms iter=2125 incumb=21.7133 ratchet=21.7964 best=21.7111 since_improve=538
t=86064ms iter=2126 WAIST cost=19.0000 best_alt=16.0000 gap=3.0000 tried=5 sep_labels=16 clique_frac=0.06
t=86083ms iter=2126 REBUILD reject new_tc=21.7929 (was 21.7133)
t=86104ms iter=2126 incumb=21.7133 ratchet=21.8921 best=21.7111 since_improve=539
t=86105ms iter=2127 WAIST cost=19.0000 best_alt=15.0000 gap=4.0000 tried=5 sep_labels=15 clique_frac=0.08
t=86124ms iter=2127 REBUILD reject new_tc=21.8578 (was 21.7133)
t=86145ms iter=2127 incumb=21.7133 ratchet=21.7534 best=21.7111 since_improve=540
t=86146ms iter=2128 WAIST cost=19.0000 best_alt=16.0000 gap=3.0000 tried=5 sep_labels=16 clique_frac=0.06
t=86165ms iter=2128 REBUILD reject new_tc=21.7437 (was 21.7133)
t=86186ms iter=2128 incumb=21.7133 ratchet=21.8565 best=21.7111 since_improve=541
t=86187ms iter=2129 WAIST cost=19.0000 best_alt=16.0000 gap=3.0000 tried=5 sep_labels=16 clique_frac=0.06
t=86206ms iter=2129 REBUILD reject new_tc=22.1801 (was 21.7133)
t=86227ms iter=2129 incumb=21.7133 ratchet=21.8624 best=21.7111 since_improve=542
t=86228ms iter=2130 WAIST cost=19.0000 best_alt=15.0000 gap=4.0000 tried=5 sep_labels=15 clique_frac=0.02
t=86247ms iter=2130 REBUILD reject new_tc=22.1192 (was 21.7133)
t=86268ms iter=2130 incumb=21.7133 ratchet=21.7703 best=21.7111 since_improve=543
t=86269ms iter=2131 WAIST cost=19.0000 best_alt=15.0000 gap=4.0000 tried=5 sep_labels=15 clique_frac=0.05
t=86289ms iter=2131 REBUILD reject new_tc=21.7839 (was 21.7133)
t=86310ms iter=2131 incumb=21.7133 ratchet=21.8577 best=21.7111 since_improve=544
t=86311ms iter=2132 WAIST cost=19.0000 best_alt=15.0000 gap=4.0000 tried=5 sep_labels=15 clique_frac=0.05
t=86331ms iter=2132 REBUILD reject new_tc=22.2649 (was 21.7133)
t=86352ms iter=2132 incumb=21.7133 ratchet=21.8934 best=21.7111 since_improve=545
t=86353ms iter=2133 WAIST cost=19.0000 best_alt=15.0000 gap=4.0000 tried=5 sep_labels=15 clique_frac=0.08
t=86372ms iter=2133 REBUILD reject new_tc=21.7810 (was 21.7133)
t=86392ms iter=2133 incumb=21.7133 ratchet=21.9306 best=21.7111 since_improve=546
t=86394ms iter=2134 WAIST cost=19.0000 best_alt=15.0000 gap=4.0000 tried=5 sep_labels=15 clique_frac=0.05
t=86413ms iter=2134 REBUILD reject new_tc=22.3325 (was 21.7133)
t=86434ms iter=2134 incumb=21.7133 ratchet=22.0213 best=21.7111 since_improve=547
t=86436ms iter=2135 WAIST cost=19.0000 best_alt=16.0000 gap=3.0000 tried=5 sep_labels=16 clique_frac=0.06
t=86455ms iter=2135 REBUILD reject new_tc=21.7556 (was 21.7133)
t=86476ms iter=2135 incumb=21.7133 ratchet=21.8700 best=21.7111 since_improve=548
t=86477ms iter=2136 WAIST cost=19.0000 best_alt=16.0000 gap=3.0000 tried=5 sep_labels=16 clique_frac=0.06
t=86496ms iter=2136 REBUILD reject new_tc=21.7571 (was 21.7133)
t=86516ms iter=2136 incumb=21.7133 ratchet=21.8547 best=21.7111 since_improve=549
t=86517ms iter=2137 WAIST cost=19.0000 best_alt=15.0000 gap=4.0000 tried=5 sep_labels=15 clique_frac=0.05
t=86537ms iter=2137 REBUILD reject new_tc=22.3039 (was 21.7133)
t=86564ms iter=2137 incumb=21.7133 ratchet=21.7725 best=21.7111 since_improve=550
t=86565ms iter=2138 WAIST cost=19.0000 best_alt=16.0000 gap=3.0000 tried=5 sep_labels=16 clique_frac=0.06
t=86583ms iter=2138 REBUILD reject new_tc=21.7656 (was 21.7133)
t=86604ms iter=2138 incumb=21.7133 ratchet=21.7425 best=21.7111 since_improve=551
t=86605ms iter=2139 WAIST cost=19.0000 best_alt=15.0000 gap=4.0000 tried=5 sep_labels=15 clique_frac=0.05
t=86625ms iter=2139 REBUILD reject new_tc=22.0762 (was 21.7133)
t=86646ms iter=2139 incumb=21.7133 ratchet=21.8436 best=21.7111 since_improve=552
t=86647ms iter=2140 WAIST cost=19.0000 best_alt=16.0000 gap=3.0000 tried=5 sep_labels=16 clique_frac=0.06
t=86666ms iter=2140 REBUILD reject new_tc=21.8814 (was 21.7133)
t=86687ms iter=2140 incumb=21.7133 ratchet=21.7798 best=21.7111 since_improve=553
t=86688ms iter=2141 WAIST cost=19.0000 best_alt=15.0000 gap=4.0000 tried=5 sep_labels=15 clique_frac=0.02
t=86707ms iter=2141 REBUILD reject new_tc=22.1882 (was 21.7133)
t=86727ms iter=2141 incumb=21.7133 ratchet=21.7393 best=21.7111 since_improve=554
t=86728ms iter=2142 WAIST cost=19.0000 best_alt=15.0000 gap=4.0000 tried=5 sep_labels=15 clique_frac=0.08
t=86748ms iter=2142 REBUILD reject new_tc=21.7787 (was 21.7133)
t=86768ms iter=2142 incumb=21.7133 ratchet=21.7956 best=21.7111 since_improve=555
t=86770ms iter=2143 WAIST cost=19.0000 best_alt=16.0000 gap=3.0000 tried=5 sep_labels=16 clique_frac=0.06
t=86788ms iter=2143 REBUILD reject new_tc=21.8122 (was 21.7133)
t=86809ms iter=2143 incumb=21.7133 ratchet=21.8067 best=21.7111 since_improve=556
t=86810ms iter=2144 WAIST cost=19.0000 best_alt=16.0000 gap=3.0000 tried=5 sep_labels=16 clique_frac=0.06
t=86829ms iter=2144 REBUILD reject new_tc=21.8640 (was 21.7133)
t=86851ms iter=2144 incumb=21.7133 ratchet=22.0430 best=21.7111 since_improve=557
t=86852ms iter=2145 WAIST cost=19.0000 best_alt=15.0000 gap=4.0000 tried=5 sep_labels=15 clique_frac=0.06
t=86871ms iter=2145 REBUILD reject new_tc=21.7409 (was 21.7133)
t=86892ms iter=2145 incumb=21.7133 ratchet=21.9800 best=21.7111 since_improve=558
t=86893ms iter=2146 WAIST cost=19.0000 best_alt=16.0000 gap=3.0000 tried=5 sep_labels=16 clique_frac=0.06
t=86912ms iter=2146 REBUILD reject new_tc=21.7425 (was 21.7133)
t=86932ms iter=2146 incumb=21.7133 ratchet=21.7543 best=21.7111 since_improve=559
t=86934ms iter=2147 WAIST cost=19.0000 best_alt=15.0000 gap=4.0000 tried=5 sep_labels=15 clique_frac=0.05
t=86953ms iter=2147 REBUILD reject new_tc=22.1853 (was 21.7133)
t=86973ms iter=2147 incumb=21.7133 ratchet=21.8957 best=21.7111 since_improve=560
t=86974ms iter=2148 WAIST cost=19.0000 best_alt=15.0000 gap=4.0000 tried=5 sep_labels=15 clique_frac=0.05
t=86994ms iter=2148 REBUILD reject new_tc=22.2693 (was 21.7133)
t=87015ms iter=2148 incumb=21.7133 ratchet=21.7655 best=21.7111 since_improve=561
t=87016ms iter=2149 WAIST cost=19.0000 best_alt=15.0000 gap=4.0000 tried=5 sep_labels=15 clique_frac=0.05
t=87035ms iter=2149 REBUILD reject new_tc=22.4923 (was 21.7133)
t=87056ms iter=2149 incumb=21.7133 ratchet=21.7133 best=21.7111 since_improve=0
t=87057ms iter=2150 WAIST cost=19.0000 best_alt=16.0000 gap=3.0000 tried=5 sep_labels=16 clique_frac=0.06
t=87076ms iter=2150 REBUILD reject new_tc=22.0860 (was 21.7133)
t=87096ms iter=2150 incumb=21.7133 ratchet=21.8002 best=21.7111 since_improve=1
t=87098ms iter=2151 WAIST cost=19.0000 best_alt=15.0000 gap=4.0000 tried=5 sep_labels=15 clique_frac=0.05
t=87118ms iter=2151 REBUILD reject new_tc=22.2447 (was 21.7133)
t=87142ms iter=2151 incumb=21.7133 ratchet=21.7790 best=21.7111 since_improve=2
t=87143ms iter=2152 WAIST cost=19.0000 best_alt=15.0000 gap=4.0000 tried=5 sep_labels=15 clique_frac=0.02
t=87163ms iter=2152 REBUILD reject new_tc=22.5515 (was 21.7133)
t=87184ms iter=2152 incumb=21.7133 ratchet=21.7414 best=21.7111 since_improve=3
t=87185ms iter=2153 WAIST cost=19.0000 best_alt=16.0000 gap=3.0000 tried=5 sep_labels=16 clique_frac=0.06
t=87203ms iter=2153 REBUILD reject new_tc=21.7809 (was 21.7133)
t=87225ms iter=2153 incumb=21.7133 ratchet=22.0215 best=21.7111 since_improve=4
t=87226ms iter=2154 WAIST cost=19.0000 best_alt=16.0000 gap=3.0000 tried=5 sep_labels=16 clique_frac=0.06
t=87245ms iter=2154 REBUILD reject new_tc=22.0222 (was 21.7133)
t=87266ms iter=2154 incumb=21.7133 ratchet=21.9959 best=21.7111 since_improve=5
t=87267ms iter=2155 WAIST cost=19.0000 best_alt=15.0000 gap=4.0000 tried=5 sep_labels=15 clique_frac=0.10
t=87286ms iter=2155 REBUILD reject new_tc=22.0637 (was 21.7133)
t=87300ms iter=2155 incumb=21.7133 ratchet=21.8038 best=21.7111 since_improve=6
t_final=87307ms tc_reduced=21.7111 tc_full=21.7402 leaves=403
surgery summary: calls=2155 cheaper_cuts=2155 rebuild_accepts=1 waist_min_hits=0
