probe: instance=uai_Promedus_14 n_orig=828 n=184 fusible=0.7778 nlabels=241 t=4ms
seed_greedy tc=25.8861 t=505ms
t=523ms iter=1 WAIST cost=23.0000 best_alt=13.0000 gap=10.0000 tried=5 sep_labels=13 clique_frac=0.03
t=560ms iter=1 REBUILD ACCEPT new_tc=23.5468 (was 23.9790)
t=589ms iter=1 incumb=23.5468 ratchet=23.5358 best=23.4776 since_improve=0
t=592ms iter=2 WAIST cost=23.0000 best_alt=12.0000 gap=11.0000 tried=5 sep_labels=12 clique_frac=0.02
t=631ms iter=2 REBUILD ACCEPT new_tc=23.4898 (was 23.5358)
t=659ms iter=2 incumb=23.4898 ratchet=23.8984 best=23.4776 since_improve=1
t=662ms iter=3 WAIST cost=23.0000 best_alt=11.0000 gap=12.0000 tried=5 sep_labels=11 clique_frac=0.02
t=691ms iter=3 REBUILD reject new_tc=23.7764 (was 23.4898)
t=720ms iter=3 incumb=23.4898 ratchet=23.4795 best=23.4776 since_improve=0
t=723ms iter=4 WAIST cost=23.0000 best_alt=12.0000 gap=11.0000 tried=5 sep_labels=12 clique_frac=0.02
t=751ms iter=4 REBUILD reject new_tc=23.5228 (was 23.4795)
t=800ms iter=4 incumb=23.4795 ratchet=23.4713 best=23.4713 since_improve=0
t=805ms iter=5 WAIST cost=23.0000 best_alt=15.0000 gap=8.0000 tried=5 sep_labels=15 clique_frac=0.02
t=842ms iter=5 REBUILD ACCEPT new_tc=23.3570 (was 23.4713)
t=872ms iter=5 incumb=23.3570 ratchet=23.3071 best=23.3071 since_improve=0
t=874ms iter=6 WAIST cost=23.0000 best_alt=14.0000 gap=9.0000 tried=5 sep_labels=14 clique_frac=0.01
t=901ms iter=6 REBUILD reject new_tc=23.5102 (was 23.3071)
t=929ms iter=6 incumb=23.3071 ratchet=23.3557 best=23.3071 since_improve=1
t=932ms iter=7 WAIST cost=23.0000 best_alt=14.0000 gap=9.0000 tried=5 sep_labels=14 clique_frac=0.01
t=958ms iter=7 REBUILD reject new_tc=23.6850 (was 23.3071)
t=986ms iter=7 incumb=23.3071 ratchet=23.3305 best=23.3071 since_improve=2
t=988ms iter=8 WAIST cost=23.0000 best_alt=14.0000 gap=9.0000 tried=5 sep_labels=14 clique_frac=0.01
t=1014ms iter=8 REBUILD reject new_tc=23.8539 (was 23.3071)
t=1055ms iter=8 incumb=23.3071 ratchet=23.4913 best=23.3070 since_improve=3
t=1057ms iter=9 WAIST cost=23.0000 best_alt=12.0000 gap=11.0000 tried=5 sep_labels=12 clique_frac=0.00
t=1084ms iter=9 REBUILD reject new_tc=23.5503 (was 23.3071)
t=1112ms iter=9 incumb=23.3071 ratchet=23.3645 best=23.3070 since_improve=4
t=1115ms iter=10 WAIST cost=23.0000 best_alt=13.0000 gap=10.0000 tried=5 sep_labels=13 clique_frac=0.00
t=1141ms iter=10 REBUILD reject new_tc=23.4706 (was 23.3071)
t=1172ms iter=10 incumb=23.3071 ratchet=23.3710 best=23.3070 since_improve=5
t=1174ms iter=11 WAIST cost=23.0000 best_alt=14.0000 gap=9.0000 tried=5 sep_labels=14 clique_frac=0.01
t=1202ms iter=11 REBUILD reject new_tc=23.3526 (was 23.3071)
t=1230ms iter=11 incumb=23.3071 ratchet=23.4840 best=23.3070 since_improve=6
t=1232ms iter=12 WAIST cost=23.0000 best_alt=14.0000 gap=9.0000 tried=5 sep_labels=14 clique_frac=0.01
t=1259ms iter=12 REBUILD reject new_tc=23.4010 (was 23.3071)
t=1287ms iter=12 incumb=23.3071 ratchet=23.3295 best=23.3070 since_improve=7
t=1289ms iter=13 WAIST cost=23.0000 best_alt=14.0000 gap=9.0000 tried=5 sep_labels=14 clique_frac=0.01
t=1315ms iter=13 REBUILD reject new_tc=23.6775 (was 23.3071)
t=1344ms iter=13 incumb=23.3071 ratchet=23.4498 best=23.3070 since_improve=8
t=1346ms iter=14 WAIST cost=23.0000 best_alt=13.0000 gap=10.0000 tried=5 sep_labels=13 clique_frac=0.01
t=1373ms iter=14 REBUILD reject new_tc=23.3279 (was 23.3071)
t=1401ms iter=14 incumb=23.3071 ratchet=23.3464 best=23.3070 since_improve=9
t=1403ms iter=15 WAIST cost=23.0000 best_alt=14.0000 gap=9.0000 tried=5 sep_labels=14 clique_frac=0.01
t=1430ms iter=15 REBUILD reject new_tc=23.5196 (was 23.3071)
t=1459ms iter=15 incumb=23.3071 ratchet=23.3316 best=23.3070 since_improve=10
t=1462ms iter=16 WAIST cost=23.0000 best_alt=14.0000 gap=9.0000 tried=5 sep_labels=14 clique_frac=0.01
t=1488ms iter=16 REBUILD reject new_tc=23.6848 (was 23.3071)
t=1517ms iter=16 incumb=23.3071 ratchet=23.5049 best=23.3070 since_improve=11
t=1519ms iter=17 WAIST cost=23.0000 best_alt=14.0000 gap=9.0000 tried=5 sep_labels=14 clique_frac=0.01
t=1546ms iter=17 REBUILD reject new_tc=23.7778 (was 23.3071)
t=1574ms iter=17 incumb=23.3071 ratchet=23.3302 best=23.3070 since_improve=12
t=1577ms iter=18 WAIST cost=23.0000 best_alt=13.0000 gap=10.0000 tried=5 sep_labels=13 clique_frac=0.01
t=1604ms iter=18 REBUILD reject new_tc=23.3481 (was 23.3071)
t=1633ms iter=18 incumb=23.3071 ratchet=23.4852 best=23.3070 since_improve=13
t=1635ms iter=19 WAIST cost=23.0000 best_alt=14.0000 gap=9.0000 tried=5 sep_labels=14 clique_frac=0.01
t=1662ms iter=19 REBUILD reject new_tc=23.3994 (was 23.3071)
t=1689ms iter=19 incumb=23.3071 ratchet=23.3437 best=23.3070 since_improve=14
t=1692ms iter=20 WAIST cost=23.0000 best_alt=14.0000 gap=9.0000 tried=5 sep_labels=14 clique_frac=0.01
t=1719ms iter=20 REBUILD reject new_tc=23.5252 (was 23.3071)
t=1747ms iter=20 incumb=23.3071 ratchet=23.3330 best=23.3070 since_improve=15
t=1749ms iter=21 WAIST cost=23.0000 best_alt=14.0000 gap=9.0000 tried=5 sep_labels=14 clique_frac=0.01
t=1777ms iter=21 REBUILD reject new_tc=23.4264 (was 23.3071)
t=1805ms iter=21 incumb=23.3071 ratchet=23.5605 best=23.3070 since_improve=16
t=1808ms iter=22 WAIST cost=23.0000 best_alt=14.0000 gap=9.0000 tried=5 sep_labels=14 clique_frac=0.01
t=1835ms iter=22 REBUILD reject new_tc=23.5582 (was 23.3071)
t=1863ms iter=22 incumb=23.3071 ratchet=23.3096 best=23.3070 since_improve=17
t=1866ms iter=23 WAIST cost=23.0000 best_alt=13.0000 gap=10.0000 tried=5 sep_labels=13 clique_frac=0.00
t=1893ms iter=23 REBUILD reject new_tc=23.3944 (was 23.3071)
t=1922ms iter=23 incumb=23.3071 ratchet=23.4719 best=23.3070 since_improve=18
t=1924ms iter=24 WAIST cost=23.0000 best_alt=14.0000 gap=9.0000 tried=5 sep_labels=14 clique_frac=0.01
t=1950ms iter=24 REBUILD reject new_tc=23.6944 (was 23.3071)
t=1979ms iter=24 incumb=23.3071 ratchet=23.3276 best=23.3070 since_improve=19
t=1982ms iter=25 WAIST cost=23.0000 best_alt=14.0000 gap=9.0000 tried=5 sep_labels=14 clique_frac=0.01
t=2008ms iter=25 REBUILD reject new_tc=23.6962 (was 23.3071)
t=2037ms iter=25 incumb=23.3071 ratchet=23.4576 best=23.3070 since_improve=20
t=2040ms iter=26 WAIST cost=23.0000 best_alt=14.0000 gap=9.0000 tried=5 sep_labels=14 clique_frac=0.01
t=2066ms iter=26 REBUILD reject new_tc=23.9121 (was 23.3071)
t=2097ms iter=26 incumb=23.3071 ratchet=23.4784 best=23.3070 since_improve=21
t=2099ms iter=27 WAIST cost=23.0000 best_alt=12.0000 gap=11.0000 tried=5 sep_labels=12 clique_frac=0.00
t=2126ms iter=27 REBUILD reject new_tc=23.4803 (was 23.3071)
t=2154ms iter=27 incumb=23.3071 ratchet=23.3222 best=23.3070 since_improve=22
t=2156ms iter=28 WAIST cost=23.0000 best_alt=14.0000 gap=9.0000 tried=5 sep_labels=14 clique_frac=0.01
t=2183ms iter=28 REBUILD reject new_tc=23.4057 (was 23.3071)
t=2212ms iter=28 incumb=23.3071 ratchet=23.4077 best=23.3070 since_improve=23
t=2216ms iter=29 WAIST cost=23.0000 best_alt=14.0000 gap=9.0000 tried=5 sep_labels=14 clique_frac=0.01
t=2242ms iter=29 REBUILD reject new_tc=23.6184 (was 23.3071)
t=2272ms iter=29 incumb=23.3071 ratchet=23.3749 best=23.3070 since_improve=24
t=2274ms iter=30 WAIST cost=23.0000 best_alt=14.0000 gap=9.0000 tried=5 sep_labels=14 clique_frac=0.01
t=2301ms iter=30 REBUILD reject new_tc=23.6888 (was 23.3071)
t=2329ms iter=30 incumb=23.3071 ratchet=23.4891 best=23.3070 since_improve=25
t=2332ms iter=31 WAIST cost=23.0000 best_alt=13.0000 gap=10.0000 tried=5 sep_labels=13 clique_frac=0.03
t=2359ms iter=31 REBUILD reject new_tc=23.3131 (was 23.3071)
t=2387ms iter=31 incumb=23.3071 ratchet=23.3702 best=23.3070 since_improve=26
t=2390ms iter=32 WAIST cost=23.0000 best_alt=13.0000 gap=10.0000 tried=5 sep_labels=13 clique_frac=0.00
t=2417ms iter=32 REBUILD reject new_tc=23.4085 (was 23.3071)
t=2445ms iter=32 incumb=23.3071 ratchet=23.3111 best=23.3070 since_improve=27
t=2448ms iter=33 WAIST cost=23.0000 best_alt=14.0000 gap=9.0000 tried=5 sep_labels=14 clique_frac=0.01
t=2474ms iter=33 REBUILD reject new_tc=23.6889 (was 23.3071)
t=2503ms iter=33 incumb=23.3071 ratchet=23.9129 best=23.3070 since_improve=28
t=2505ms iter=34 WAIST cost=23.0000 best_alt=14.0000 gap=9.0000 tried=5 sep_labels=14 clique_frac=0.01
t=2532ms iter=34 REBUILD reject new_tc=23.4132 (was 23.3071)
t=2561ms iter=34 incumb=23.3071 ratchet=23.3548 best=23.3070 since_improve=29
t=2563ms iter=35 WAIST cost=23.0000 best_alt=14.0000 gap=9.0000 tried=5 sep_labels=14 clique_frac=0.01
t=2589ms iter=35 REBUILD reject new_tc=23.7788 (was 23.3071)
t=2618ms iter=35 incumb=23.3071 ratchet=23.3329 best=23.3070 since_improve=30
t=2621ms iter=36 WAIST cost=23.0000 best_alt=12.0000 gap=11.0000 tried=5 sep_labels=12 clique_frac=0.00
t=2649ms iter=36 REBUILD reject new_tc=23.3612 (was 23.3071)
t=2677ms iter=36 incumb=23.3071 ratchet=23.4233 best=23.3070 since_improve=31
t=2679ms iter=37 WAIST cost=23.0000 best_alt=13.0000 gap=10.0000 tried=5 sep_labels=13 clique_frac=0.01
t=2706ms iter=37 REBUILD reject new_tc=23.8967 (was 23.3071)
t=2735ms iter=37 incumb=23.3071 ratchet=23.4653 best=23.3070 since_improve=32
t=2738ms iter=38 WAIST cost=23.0000 best_alt=13.0000 gap=10.0000 tried=5 sep_labels=13 clique_frac=0.01
t=2764ms iter=38 REBUILD reject new_tc=23.3687 (was 23.3071)
t=2793ms iter=38 incumb=23.3071 ratchet=23.4640 best=23.3070 since_improve=33
t=2795ms iter=39 WAIST cost=23.0000 best_alt=14.0000 gap=9.0000 tried=5 sep_labels=14 clique_frac=0.01
t=2821ms iter=39 REBUILD reject new_tc=23.6839 (was 23.3071)
t=2850ms iter=39 incumb=23.3071 ratchet=23.3377 best=23.3070 since_improve=34
t=2852ms iter=40 WAIST cost=23.0000 best_alt=14.0000 gap=9.0000 tried=5 sep_labels=14 clique_frac=0.01
t=2879ms iter=40 REBUILD reject new_tc=23.3973 (was 23.3071)
t=2907ms iter=40 incumb=23.3071 ratchet=23.4437 best=23.3070 since_improve=35
t=2909ms iter=41 WAIST cost=23.0000 best_alt=14.0000 gap=9.0000 tried=5 sep_labels=14 clique_frac=0.01
t=2936ms iter=41 REBUILD reject new_tc=23.4844 (was 23.3071)
t=2964ms iter=41 incumb=23.3071 ratchet=23.3268 best=23.3070 since_improve=36
t=2966ms iter=42 WAIST cost=23.0000 best_alt=12.0000 gap=11.0000 tried=5 sep_labels=12 clique_frac=0.00
t=2993ms iter=42 REBUILD reject new_tc=23.4806 (was 23.3071)
t=3022ms iter=42 incumb=23.3071 ratchet=23.5799 best=23.3070 since_improve=37
t=3024ms iter=43 WAIST cost=23.0000 best_alt=14.0000 gap=9.0000 tried=5 sep_labels=14 clique_frac=0.01
t=3050ms iter=43 REBUILD reject new_tc=23.6398 (was 23.3071)
t=3080ms iter=43 incumb=23.3071 ratchet=23.3263 best=23.3070 since_improve=38
t=3082ms iter=44 WAIST cost=23.0000 best_alt=14.0000 gap=9.0000 tried=5 sep_labels=14 clique_frac=0.01
t=3108ms iter=44 REBUILD reject new_tc=23.5666 (was 23.3071)
t=3136ms iter=44 incumb=23.3071 ratchet=23.6156 best=23.3070 since_improve=39
t=3138ms iter=45 WAIST cost=23.0000 best_alt=13.0000 gap=10.0000 tried=5 sep_labels=13 clique_frac=0.01
t=3166ms iter=45 REBUILD reject new_tc=24.0626 (was 23.3071)
t=3195ms iter=45 incumb=23.3071 ratchet=23.3278 best=23.3070 since_improve=40
t=3197ms iter=46 WAIST cost=23.0000 best_alt=14.0000 gap=9.0000 tried=5 sep_labels=14 clique_frac=0.01
t=3224ms iter=46 REBUILD reject new_tc=23.3960 (was 23.3071)
t=3253ms iter=46 incumb=23.3071 ratchet=23.3414 best=23.3070 since_improve=41
t=3256ms iter=47 WAIST cost=23.0000 best_alt=13.0000 gap=10.0000 tried=5 sep_labels=13 clique_frac=0.01
t=3283ms iter=47 REBUILD reject new_tc=23.3386 (was 23.3071)
t=3313ms iter=47 incumb=23.3071 ratchet=23.3265 best=23.3070 since_improve=42
t=3315ms iter=48 WAIST cost=23.0000 best_alt=12.0000 gap=11.0000 tried=5 sep_labels=12 clique_frac=0.00
t=3341ms iter=48 REBUILD reject new_tc=23.3527 (was 23.3071)
t=3370ms iter=48 incumb=23.3071 ratchet=23.3247 best=23.3070 since_improve=43
t=3373ms iter=49 WAIST cost=23.0000 best_alt=14.0000 gap=9.0000 tried=5 sep_labels=14 clique_frac=0.01
t=3399ms iter=49 REBUILD reject new_tc=23.3744 (was 23.3071)
t=3428ms iter=49 incumb=23.3071 ratchet=23.3555 best=23.3070 since_improve=44
t=3431ms iter=50 WAIST cost=23.0000 best_alt=14.0000 gap=9.0000 tried=5 sep_labels=14 clique_frac=0.01
t=3457ms iter=50 REBUILD reject new_tc=23.3661 (was 23.3071)
t=3485ms iter=50 incumb=23.3071 ratchet=23.4966 best=23.3070 since_improve=45
t=3487ms iter=51 WAIST cost=23.0000 best_alt=13.0000 gap=10.0000 tried=5 sep_labels=13 clique_frac=0.03
t=3515ms iter=51 REBUILD reject new_tc=23.5504 (was 23.3071)
t=3543ms iter=51 incumb=23.3071 ratchet=23.3306 best=23.3070 since_improve=46
t=3546ms iter=52 WAIST cost=23.0000 best_alt=14.0000 gap=9.0000 tried=5 sep_labels=14 clique_frac=0.01
t=3572ms iter=52 REBUILD reject new_tc=23.5191 (was 23.3071)
t=3601ms iter=52 incumb=23.3071 ratchet=23.4652 best=23.3070 since_improve=47
t=3604ms iter=53 WAIST cost=23.0000 best_alt=14.0000 gap=9.0000 tried=5 sep_labels=14 clique_frac=0.01
t=3630ms iter=53 REBUILD reject new_tc=23.7968 (was 23.3071)
t=3658ms iter=53 incumb=23.3071 ratchet=23.3280 best=23.3070 since_improve=48
t=3661ms iter=54 WAIST cost=23.0000 best_alt=13.0000 gap=10.0000 tried=5 sep_labels=13 clique_frac=0.00
t=3688ms iter=54 REBUILD reject new_tc=23.3779 (was 23.3071)
t=3718ms iter=54 incumb=23.3071 ratchet=23.3297 best=23.3070 since_improve=49
t=3721ms iter=55 WAIST cost=23.0000 best_alt=14.0000 gap=9.0000 tried=5 sep_labels=14 clique_frac=0.01
t=3747ms iter=55 REBUILD reject new_tc=23.7362 (was 23.3071)
t=3775ms iter=55 incumb=23.3071 ratchet=23.4762 best=23.3070 since_improve=50
t=3778ms iter=56 WAIST cost=23.0000 best_alt=13.0000 gap=10.0000 tried=5 sep_labels=13 clique_frac=0.03
t=3806ms iter=56 REBUILD reject new_tc=23.7646 (was 23.3071)
t=3834ms iter=56 incumb=23.3071 ratchet=23.3245 best=23.3070 since_improve=51
t=3836ms iter=57 WAIST cost=23.0000 best_alt=14.0000 gap=9.0000 tried=5 sep_labels=14 clique_frac=0.01
t=3863ms iter=57 REBUILD reject new_tc=23.4061 (was 23.3071)
t=3892ms iter=57 incumb=23.3071 ratchet=23.4882 best=23.3070 since_improve=52
t=3894ms iter=58 WAIST cost=23.0000 best_alt=12.0000 gap=11.0000 tried=5 sep_labels=12 clique_frac=0.00
t=3922ms iter=58 REBUILD reject new_tc=23.4534 (was 23.3071)
t=3950ms iter=58 incumb=23.3071 ratchet=23.4040 best=23.3070 since_improve=53
t=3953ms iter=59 WAIST cost=23.0000 best_alt=14.0000 gap=9.0000 tried=5 sep_labels=14 clique_frac=0.01
t=3979ms iter=59 REBUILD reject new_tc=23.4887 (was 23.3071)
t=4021ms iter=59 incumb=23.3071 ratchet=23.4596 best=23.3053 since_improve=54
t=4023ms iter=60 WAIST cost=23.0000 best_alt=12.0000 gap=11.0000 tried=5 sep_labels=12 clique_frac=0.00
t=4051ms iter=60 REBUILD reject new_tc=23.3244 (was 23.3071)
t=4079ms iter=60 incumb=23.3071 ratchet=23.4609 best=23.3053 since_improve=55
t=4082ms iter=61 WAIST cost=23.0000 best_alt=14.0000 gap=9.0000 tried=5 sep_labels=14 clique_frac=0.01
t=4110ms iter=61 REBUILD reject new_tc=23.4886 (was 23.3071)
t=4139ms iter=61 incumb=23.3071 ratchet=23.3556 best=23.3053 since_improve=56
t=4141ms iter=62 WAIST cost=23.0000 best_alt=12.0000 gap=11.0000 tried=5 sep_labels=12 clique_frac=0.00
t=4168ms iter=62 REBUILD reject new_tc=24.1423 (was 23.3071)
t=4196ms iter=62 incumb=23.3071 ratchet=23.3138 best=23.3053 since_improve=57
t=4199ms iter=63 WAIST cost=23.0000 best_alt=12.0000 gap=11.0000 tried=5 sep_labels=12 clique_frac=0.00
t=4227ms iter=63 REBUILD reject new_tc=23.4020 (was 23.3071)
t=4254ms iter=63 incumb=23.3071 ratchet=23.3456 best=23.3053 since_improve=58
t=4257ms iter=64 WAIST cost=23.0000 best_alt=14.0000 gap=9.0000 tried=5 sep_labels=14 clique_frac=0.01
t=4284ms iter=64 REBUILD reject new_tc=23.4088 (was 23.3071)
t=4313ms iter=64 incumb=23.3071 ratchet=23.3812 best=23.3053 since_improve=59
t=4315ms iter=65 WAIST cost=23.0000 best_alt=14.0000 gap=9.0000 tried=5 sep_labels=14 clique_frac=0.01
t=4342ms iter=65 REBUILD reject new_tc=23.4143 (was 23.3071)
t=4370ms iter=65 incumb=23.3071 ratchet=23.8875 best=23.3053 since_improve=60
t=4372ms iter=66 WAIST cost=23.0000 best_alt=12.0000 gap=11.0000 tried=5 sep_labels=12 clique_frac=0.00
t=4399ms iter=66 REBUILD reject new_tc=23.8942 (was 23.3071)
t=4428ms iter=66 incumb=23.3071 ratchet=23.4578 best=23.3053 since_improve=61
t=4430ms iter=67 WAIST cost=23.0000 best_alt=14.0000 gap=9.0000 tried=5 sep_labels=14 clique_frac=0.01
t=4457ms iter=67 REBUILD reject new_tc=23.4841 (was 23.3071)
t=4485ms iter=67 incumb=23.3071 ratchet=23.4583 best=23.3053 since_improve=62
t=4487ms iter=68 WAIST cost=23.0000 best_alt=13.0000 gap=10.0000 tried=5 sep_labels=13 clique_frac=0.01
t=4515ms iter=68 REBUILD reject new_tc=23.3232 (was 23.3071)
t=4544ms iter=68 incumb=23.3071 ratchet=23.4937 best=23.3053 since_improve=63
t=4546ms iter=69 WAIST cost=23.0000 best_alt=14.0000 gap=9.0000 tried=5 sep_labels=14 clique_frac=0.01
t=4572ms iter=69 REBUILD reject new_tc=23.6048 (was 23.3071)
t=4599ms iter=69 incumb=23.3071 ratchet=23.3335 best=23.3053 since_improve=64
t=4602ms iter=70 WAIST cost=23.0000 best_alt=14.0000 gap=9.0000 tried=5 sep_labels=14 clique_frac=0.01
t=4629ms iter=70 REBUILD reject new_tc=23.7747 (was 23.3071)
t=4657ms iter=70 incumb=23.3071 ratchet=23.6633 best=23.3053 since_improve=65
t=4659ms iter=71 WAIST cost=23.0000 best_alt=13.0000 gap=10.0000 tried=5 sep_labels=13 clique_frac=0.01
t=4686ms iter=71 REBUILD reject new_tc=23.5513 (was 23.3071)
t=4715ms iter=71 incumb=23.3071 ratchet=23.3816 best=23.3053 since_improve=66
t=4717ms iter=72 WAIST cost=23.0000 best_alt=12.0000 gap=11.0000 tried=5 sep_labels=12 clique_frac=0.00
t=4744ms iter=72 REBUILD reject new_tc=23.8790 (was 23.3071)
t=4773ms iter=72 incumb=23.3071 ratchet=23.3293 best=23.3053 since_improve=67
t=4775ms iter=73 WAIST cost=23.0000 best_alt=14.0000 gap=9.0000 tried=5 sep_labels=14 clique_frac=0.01
t=4802ms iter=73 REBUILD reject new_tc=23.6844 (was 23.3071)
t=4829ms iter=73 incumb=23.3071 ratchet=23.6860 best=23.3053 since_improve=68
t=4832ms iter=74 WAIST cost=23.0000 best_alt=14.0000 gap=9.0000 tried=5 sep_labels=14 clique_frac=0.01
t=4858ms iter=74 REBUILD reject new_tc=23.3810 (was 23.3071)
t=4887ms iter=74 incumb=23.3071 ratchet=23.3303 best=23.3053 since_improve=69
t=4889ms iter=75 WAIST cost=23.0000 best_alt=14.0000 gap=9.0000 tried=5 sep_labels=14 clique_frac=0.01
t=4915ms iter=75 REBUILD reject new_tc=23.7745 (was 23.3071)
t=4945ms iter=75 incumb=23.3071 ratchet=23.7083 best=23.3053 since_improve=70
t=4947ms iter=76 WAIST cost=23.0000 best_alt=14.0000 gap=9.0000 tried=5 sep_labels=14 clique_frac=0.01
t=4974ms iter=76 REBUILD reject new_tc=23.6107 (was 23.3071)
t=5002ms iter=76 incumb=23.3071 ratchet=23.3171 best=23.3053 since_improve=71
t=5005ms iter=77 WAIST cost=23.0000 best_alt=13.0000 gap=10.0000 tried=5 sep_labels=13 clique_frac=0.00
t=5032ms iter=77 REBUILD reject new_tc=23.5040 (was 23.3071)
t=5060ms iter=77 incumb=23.3071 ratchet=23.3340 best=23.3053 since_improve=72
t=5062ms iter=78 WAIST cost=23.0000 best_alt=14.0000 gap=9.0000 tried=5 sep_labels=14 clique_frac=0.01
t=5089ms iter=78 REBUILD reject new_tc=23.4048 (was 23.3071)
t=5117ms iter=78 incumb=23.3071 ratchet=23.3634 best=23.3053 since_improve=73
t=5119ms iter=79 WAIST cost=23.0000 best_alt=14.0000 gap=9.0000 tried=5 sep_labels=14 clique_frac=0.01
t=5145ms iter=79 REBUILD reject new_tc=23.6839 (was 23.3071)
t=5175ms iter=79 incumb=23.3071 ratchet=23.3769 best=23.3053 since_improve=74
t=5177ms iter=80 WAIST cost=23.0000 best_alt=12.0000 gap=11.0000 tried=5 sep_labels=12 clique_frac=0.00
t=5204ms iter=80 REBUILD reject new_tc=23.3270 (was 23.3071)
t=5232ms iter=80 incumb=23.3071 ratchet=23.5552 best=23.3053 since_improve=75
t=5235ms iter=81 WAIST cost=23.0000 best_alt=14.0000 gap=9.0000 tried=5 sep_labels=14 clique_frac=0.01
t=5261ms iter=81 REBUILD reject new_tc=23.6846 (was 23.3071)
t=5289ms iter=81 incumb=23.3071 ratchet=23.4597 best=23.3053 since_improve=76
t=5291ms iter=82 WAIST cost=23.0000 best_alt=14.0000 gap=9.0000 tried=5 sep_labels=14 clique_frac=0.01
t=5318ms iter=82 REBUILD reject new_tc=23.3992 (was 23.3071)
t=5347ms iter=82 incumb=23.3071 ratchet=23.4310 best=23.3053 since_improve=77
t=5349ms iter=83 WAIST cost=23.0000 best_alt=14.0000 gap=9.0000 tried=5 sep_labels=14 clique_frac=0.01
t=5376ms iter=83 REBUILD reject new_tc=23.6949 (was 23.3071)
t=5403ms iter=83 incumb=23.3071 ratchet=23.3658 best=23.3053 since_improve=78
t=5406ms iter=84 WAIST cost=23.0000 best_alt=14.0000 gap=9.0000 tried=5 sep_labels=14 clique_frac=0.01
t=5432ms iter=84 REBUILD reject new_tc=23.7152 (was 23.3071)
t=5460ms iter=84 incumb=23.3071 ratchet=23.3266 best=23.3053 since_improve=79
t=5462ms iter=85 WAIST cost=23.0000 best_alt=12.0000 gap=11.0000 tried=5 sep_labels=12 clique_frac=0.00
t=5489ms iter=85 REBUILD reject new_tc=24.1013 (was 23.3071)
t=5521ms iter=85 incumb=23.3071 ratchet=23.3384 best=23.3053 since_improve=80
t=5523ms iter=86 WAIST cost=23.0000 best_alt=14.0000 gap=9.0000 tried=5 sep_labels=14 clique_frac=0.01
t=5550ms iter=86 REBUILD reject new_tc=23.6845 (was 23.3071)
t=5578ms iter=86 incumb=23.3071 ratchet=23.3314 best=23.3053 since_improve=81
t=5580ms iter=87 WAIST cost=23.0000 best_alt=12.0000 gap=11.0000 tried=5 sep_labels=12 clique_frac=0.00
t=5608ms iter=87 REBUILD reject new_tc=23.3904 (was 23.3071)
t=5635ms iter=87 incumb=23.3071 ratchet=23.3283 best=23.3053 since_improve=82
t=5638ms iter=88 WAIST cost=23.0000 best_alt=12.0000 gap=11.0000 tried=5 sep_labels=12 clique_frac=0.00
t=5665ms iter=88 REBUILD reject new_tc=23.5483 (was 23.3071)
t=5693ms iter=88 incumb=23.3071 ratchet=23.3748 best=23.3053 since_improve=83
t=5696ms iter=89 WAIST cost=23.0000 best_alt=14.0000 gap=9.0000 tried=5 sep_labels=14 clique_frac=0.01
t=5722ms iter=89 REBUILD reject new_tc=23.8778 (was 23.3071)
t=5750ms iter=89 incumb=23.3071 ratchet=23.3663 best=23.3053 since_improve=84
t=5753ms iter=90 WAIST cost=23.0000 best_alt=13.0000 gap=10.0000 tried=5 sep_labels=13 clique_frac=0.00
t=5780ms iter=90 REBUILD reject new_tc=23.4672 (was 23.3071)
t=5808ms iter=90 incumb=23.3071 ratchet=23.4578 best=23.3053 since_improve=85
t=5811ms iter=91 WAIST cost=23.0000 best_alt=12.0000 gap=11.0000 tried=5 sep_labels=12 clique_frac=0.00
t=5837ms iter=91 REBUILD reject new_tc=24.0208 (was 23.3071)
t=5865ms iter=91 incumb=23.3071 ratchet=23.4555 best=23.3053 since_improve=86
t=5868ms iter=92 WAIST cost=23.0000 best_alt=14.0000 gap=9.0000 tried=5 sep_labels=14 clique_frac=0.01
t=5894ms iter=92 REBUILD reject new_tc=23.6818 (was 23.3071)
t=5923ms iter=92 incumb=23.3071 ratchet=23.4316 best=23.3053 since_improve=87
t=5925ms iter=93 WAIST cost=23.0000 best_alt=12.0000 gap=11.0000 tried=5 sep_labels=12 clique_frac=0.00
t=5951ms iter=93 REBUILD reject new_tc=23.4972 (was 23.3071)
t=5980ms iter=93 incumb=23.3071 ratchet=23.3561 best=23.3053 since_improve=88
t=5982ms iter=94 WAIST cost=23.0000 best_alt=14.0000 gap=9.0000 tried=5 sep_labels=14 clique_frac=0.01
t=6009ms iter=94 REBUILD reject new_tc=23.5245 (was 23.3071)
t=6037ms iter=94 incumb=23.3071 ratchet=23.4603 best=23.3053 since_improve=89
t=6039ms iter=95 WAIST cost=23.0000 best_alt=14.0000 gap=9.0000 tried=5 sep_labels=14 clique_frac=0.01
t=6065ms iter=95 REBUILD reject new_tc=23.5127 (was 23.3071)
t=6094ms iter=95 incumb=23.3071 ratchet=23.4103 best=23.3053 since_improve=90
t=6096ms iter=96 WAIST cost=23.0000 best_alt=14.0000 gap=9.0000 tried=5 sep_labels=14 clique_frac=0.01
t=6123ms iter=96 REBUILD reject new_tc=23.6827 (was 23.3071)
t=6151ms iter=96 incumb=23.3071 ratchet=23.3457 best=23.3053 since_improve=91
t=6154ms iter=97 WAIST cost=23.0000 best_alt=12.0000 gap=11.0000 tried=5 sep_labels=12 clique_frac=0.00
t=6181ms iter=97 REBUILD reject new_tc=23.5052 (was 23.3071)
t=6210ms iter=97 incumb=23.3071 ratchet=23.3286 best=23.3053 since_improve=92
t=6212ms iter=98 WAIST cost=23.0000 best_alt=14.0000 gap=9.0000 tried=5 sep_labels=14 clique_frac=0.01
t=6238ms iter=98 REBUILD reject new_tc=23.4391 (was 23.3071)
t=6267ms iter=98 incumb=23.3071 ratchet=23.4481 best=23.3053 since_improve=93
t=6270ms iter=99 WAIST cost=23.0000 best_alt=12.0000 gap=11.0000 tried=5 sep_labels=12 clique_frac=0.00
t=6296ms iter=99 REBUILD reject new_tc=23.5555 (was 23.3071)
t=6340ms iter=99 incumb=23.3071 ratchet=23.3143 best=23.3021 since_improve=94
t=6343ms iter=100 WAIST cost=23.0000 best_alt=14.0000 gap=9.0000 tried=5 sep_labels=14 clique_frac=0.01
t=6369ms iter=100 REBUILD reject new_tc=23.6767 (was 23.3071)
t=6397ms iter=100 incumb=23.3071 ratchet=23.3991 best=23.3021 since_improve=95
t=6400ms iter=101 WAIST cost=23.0000 best_alt=14.0000 gap=9.0000 tried=5 sep_labels=14 clique_frac=0.01
t=6426ms iter=101 REBUILD reject new_tc=23.6946 (was 23.3071)
t=6455ms iter=101 incumb=23.3071 ratchet=23.3431 best=23.3021 since_improve=96
t=6458ms iter=102 WAIST cost=23.0000 best_alt=14.0000 gap=9.0000 tried=5 sep_labels=14 clique_frac=0.01
t=6485ms iter=102 REBUILD reject new_tc=23.3865 (was 23.3071)
t=6515ms iter=102 incumb=23.3071 ratchet=23.3260 best=23.3021 since_improve=97
t=6517ms iter=103 WAIST cost=23.0000 best_alt=14.0000 gap=9.0000 tried=5 sep_labels=14 clique_frac=0.01
t=6543ms iter=103 REBUILD reject new_tc=23.6845 (was 23.3071)
t=6584ms iter=103 incumb=23.3071 ratchet=23.3189 best=23.3016 since_improve=98
t=6587ms iter=104 WAIST cost=23.0000 best_alt=12.0000 gap=11.0000 tried=5 sep_labels=12 clique_frac=0.00
t=6613ms iter=104 REBUILD reject new_tc=23.9013 (was 23.3071)
t=6643ms iter=104 incumb=23.3071 ratchet=23.3410 best=23.3016 since_improve=99
t=6645ms iter=105 WAIST cost=23.0000 best_alt=13.0000 gap=10.0000 tried=5 sep_labels=13 clique_frac=0.00
t=6672ms iter=105 REBUILD reject new_tc=23.3336 (was 23.3071)
t=6701ms iter=105 incumb=23.3071 ratchet=23.3210 best=23.3016 since_improve=100
t=6703ms iter=106 WAIST cost=23.0000 best_alt=14.0000 gap=9.0000 tried=5 sep_labels=14 clique_frac=0.01
t=6730ms iter=106 REBUILD reject new_tc=23.6872 (was 23.3071)
t=6760ms iter=106 incumb=23.3071 ratchet=23.3337 best=23.3016 since_improve=101
t=6762ms iter=107 WAIST cost=23.0000 best_alt=14.0000 gap=9.0000 tried=5 sep_labels=14 clique_frac=0.01
t=6788ms iter=107 REBUILD reject new_tc=23.7757 (was 23.3071)
t=6817ms iter=107 incumb=23.3071 ratchet=23.3712 best=23.3016 since_improve=102
t=6820ms iter=108 WAIST cost=23.0000 best_alt=14.0000 gap=9.0000 tried=5 sep_labels=14 clique_frac=0.01
t=6846ms iter=108 REBUILD reject new_tc=23.5960 (was 23.3071)
t=6874ms iter=108 incumb=23.3071 ratchet=23.3562 best=23.3016 since_improve=103
t=6876ms iter=109 WAIST cost=23.0000 best_alt=14.0000 gap=9.0000 tried=5 sep_labels=14 clique_frac=0.01
t=6902ms iter=109 REBUILD reject new_tc=24.0862 (was 23.3071)
t=6930ms iter=109 incumb=23.3071 ratchet=23.4578 best=23.3016 since_improve=104
t=6932ms iter=110 WAIST cost=23.0000 best_alt=14.0000 gap=9.0000 tried=5 sep_labels=14 clique_frac=0.01
t=6959ms iter=110 REBUILD reject new_tc=23.6848 (was 23.3071)
t=6988ms iter=110 incumb=23.3071 ratchet=23.3284 best=23.3016 since_improve=105
t=6990ms iter=111 WAIST cost=23.0000 best_alt=14.0000 gap=9.0000 tried=5 sep_labels=14 clique_frac=0.01
t=7016ms iter=111 REBUILD reject new_tc=23.6014 (was 23.3071)
t=7045ms iter=111 incumb=23.3071 ratchet=23.3451 best=23.3016 since_improve=106
t=7047ms iter=112 WAIST cost=23.0000 best_alt=14.0000 gap=9.0000 tried=5 sep_labels=14 clique_frac=0.01
t=7073ms iter=112 REBUILD reject new_tc=23.3693 (was 23.3071)
t=7103ms iter=112 incumb=23.3071 ratchet=23.3285 best=23.3016 since_improve=107
t=7105ms iter=113 WAIST cost=23.0000 best_alt=13.0000 gap=10.0000 tried=5 sep_labels=13 clique_frac=0.03
t=7132ms iter=113 REBUILD reject new_tc=23.7744 (was 23.3071)
t=7160ms iter=113 incumb=23.3071 ratchet=23.4552 best=23.3016 since_improve=108
t=7162ms iter=114 WAIST cost=23.0000 best_alt=14.0000 gap=9.0000 tried=5 sep_labels=14 clique_frac=0.01
t=7188ms iter=114 REBUILD reject new_tc=23.3698 (was 23.3071)
t=7217ms iter=114 incumb=23.3071 ratchet=23.3322 best=23.3016 since_improve=109
t=7219ms iter=115 WAIST cost=23.0000 best_alt=14.0000 gap=9.0000 tried=5 sep_labels=14 clique_frac=0.01
t=7245ms iter=115 REBUILD reject new_tc=23.4002 (was 23.3071)
t=7274ms iter=115 incumb=23.3071 ratchet=23.3915 best=23.3016 since_improve=110
t=7277ms iter=116 WAIST cost=23.0000 best_alt=12.0000 gap=11.0000 tried=5 sep_labels=12 clique_frac=0.00
t=7303ms iter=116 REBUILD reject new_tc=23.4914 (was 23.3071)
t=7332ms iter=116 incumb=23.3071 ratchet=23.3429 best=23.3016 since_improve=111
t=7334ms iter=117 WAIST cost=23.0000 best_alt=14.0000 gap=9.0000 tried=5 sep_labels=14 clique_frac=0.01
t=7361ms iter=117 REBUILD reject new_tc=23.6845 (was 23.3071)
t=7390ms iter=117 incumb=23.3071 ratchet=23.4249 best=23.3016 since_improve=112
t=7393ms iter=118 WAIST cost=23.0000 best_alt=14.0000 gap=9.0000 tried=5 sep_labels=14 clique_frac=0.01
t=7419ms iter=118 REBUILD reject new_tc=23.7967 (was 23.3071)
t=7448ms iter=118 incumb=23.3071 ratchet=23.3643 best=23.3016 since_improve=113
t=7451ms iter=119 WAIST cost=23.0000 best_alt=12.0000 gap=11.0000 tried=5 sep_labels=12 clique_frac=0.00
t=7477ms iter=119 REBUILD reject new_tc=23.4890 (was 23.3071)
t=7506ms iter=119 incumb=23.3071 ratchet=23.4567 best=23.3016 since_improve=114
t=7509ms iter=120 WAIST cost=23.0000 best_alt=13.0000 gap=10.0000 tried=5 sep_labels=13 clique_frac=0.00
t=7536ms iter=120 REBUILD reject new_tc=23.3632 (was 23.3071)
t=7565ms iter=120 incumb=23.3071 ratchet=23.3380 best=23.3016 since_improve=115
t=7567ms iter=121 WAIST cost=23.0000 best_alt=14.0000 gap=9.0000 tried=5 sep_labels=14 clique_frac=0.01
t=7594ms iter=121 REBUILD reject new_tc=23.3721 (was 23.3071)
t=7624ms iter=121 incumb=23.3071 ratchet=23.3758 best=23.3016 since_improve=116
t=7626ms iter=122 WAIST cost=23.0000 best_alt=14.0000 gap=9.0000 tried=5 sep_labels=14 clique_frac=0.01
t=7653ms iter=122 REBUILD reject new_tc=23.5217 (was 23.3071)
t=7682ms iter=122 incumb=23.3071 ratchet=23.3270 best=23.3016 since_improve=117
t=7685ms iter=123 WAIST cost=23.0000 best_alt=12.0000 gap=11.0000 tried=5 sep_labels=12 clique_frac=0.00
t=7711ms iter=123 REBUILD reject new_tc=23.4580 (was 23.3071)
t=7740ms iter=123 incumb=23.3071 ratchet=23.3459 best=23.3016 since_improve=118
t=7742ms iter=124 WAIST cost=23.0000 best_alt=14.0000 gap=9.0000 tried=5 sep_labels=14 clique_frac=0.01
t=7768ms iter=124 REBUILD reject new_tc=23.4750 (was 23.3071)
t=7797ms iter=124 incumb=23.3071 ratchet=23.4575 best=23.3016 since_improve=119
t=7799ms iter=125 WAIST cost=23.0000 best_alt=14.0000 gap=9.0000 tried=5 sep_labels=14 clique_frac=0.01
t=7825ms iter=125 REBUILD reject new_tc=23.6844 (was 23.3071)
t=7854ms iter=125 incumb=23.3071 ratchet=23.4427 best=23.3016 since_improve=120
t=7856ms iter=126 WAIST cost=23.0000 best_alt=12.0000 gap=11.0000 tried=5 sep_labels=12 clique_frac=0.00
t=7883ms iter=126 REBUILD reject new_tc=23.3574 (was 23.3071)
t=7912ms iter=126 incumb=23.3071 ratchet=23.6257 best=23.3016 since_improve=121
t=7915ms iter=127 WAIST cost=23.0000 best_alt=13.0000 gap=10.0000 tried=5 sep_labels=13 clique_frac=0.00
t=7942ms iter=127 REBUILD reject new_tc=23.3572 (was 23.3071)
t=7971ms iter=127 incumb=23.3071 ratchet=23.3258 best=23.3016 since_improve=122
t=7973ms iter=128 WAIST cost=23.0000 best_alt=13.0000 gap=10.0000 tried=5 sep_labels=13 clique_frac=0.00
t=8000ms iter=128 REBUILD reject new_tc=23.4996 (was 23.3071)
t=8028ms iter=128 incumb=23.3071 ratchet=23.4669 best=23.3016 since_improve=123
t=8031ms iter=129 WAIST cost=23.0000 best_alt=14.0000 gap=9.0000 tried=5 sep_labels=14 clique_frac=0.01
t=8056ms iter=129 REBUILD reject new_tc=23.8100 (was 23.3071)
t=8085ms iter=129 incumb=23.3071 ratchet=23.6973 best=23.3016 since_improve=124
t=8088ms iter=130 WAIST cost=23.0000 best_alt=14.0000 gap=9.0000 tried=5 sep_labels=14 clique_frac=0.01
t=8114ms iter=130 REBUILD reject new_tc=23.6845 (was 23.3071)
t=8142ms iter=130 incumb=23.3071 ratchet=23.3310 best=23.3016 since_improve=125
t=8144ms iter=131 WAIST cost=23.0000 best_alt=14.0000 gap=9.0000 tried=5 sep_labels=14 clique_frac=0.01
t=8171ms iter=131 REBUILD reject new_tc=23.4832 (was 23.3071)
t=8200ms iter=131 incumb=23.3071 ratchet=23.3256 best=23.3016 since_improve=126
t=8203ms iter=132 WAIST cost=23.0000 best_alt=13.0000 gap=10.0000 tried=5 sep_labels=13 clique_frac=0.00
t=8229ms iter=132 REBUILD reject new_tc=23.3563 (was 23.3071)
t=8258ms iter=132 incumb=23.3071 ratchet=23.4027 best=23.3016 since_improve=127
t=8260ms iter=133 WAIST cost=23.0000 best_alt=13.0000 gap=10.0000 tried=5 sep_labels=13 clique_frac=0.03
t=8287ms iter=133 REBUILD reject new_tc=24.6336 (was 23.3071)
t=8315ms iter=133 incumb=23.3071 ratchet=23.4581 best=23.3016 since_improve=128
t=8317ms iter=134 WAIST cost=23.0000 best_alt=14.0000 gap=9.0000 tried=5 sep_labels=14 clique_frac=0.01
t=8344ms iter=134 REBUILD reject new_tc=23.6950 (was 23.3071)
t=8374ms iter=134 incumb=23.3071 ratchet=23.3184 best=23.3016 since_improve=129
t=8376ms iter=135 WAIST cost=23.0000 best_alt=12.0000 gap=11.0000 tried=5 sep_labels=12 clique_frac=0.00
t=8403ms iter=135 REBUILD reject new_tc=23.3749 (was 23.3071)
t=8431ms iter=135 incumb=23.3071 ratchet=23.3283 best=23.3016 since_improve=130
t=8434ms iter=136 WAIST cost=23.0000 best_alt=14.0000 gap=9.0000 tried=5 sep_labels=14 clique_frac=0.01
t=8460ms iter=136 REBUILD reject new_tc=23.6776 (was 23.3071)
t=8488ms iter=136 incumb=23.3071 ratchet=23.4554 best=23.3016 since_improve=131
t=8490ms iter=137 WAIST cost=23.0000 best_alt=14.0000 gap=9.0000 tried=5 sep_labels=14 clique_frac=0.01
t=8517ms iter=137 REBUILD reject new_tc=23.3990 (was 23.3071)
t=8544ms iter=137 incumb=23.3071 ratchet=23.4844 best=23.3016 since_improve=132
t=8547ms iter=138 WAIST cost=23.0000 best_alt=14.0000 gap=9.0000 tried=5 sep_labels=14 clique_frac=0.01
t=8574ms iter=138 REBUILD reject new_tc=23.3697 (was 23.3071)
t=8603ms iter=138 incumb=23.3071 ratchet=23.5018 best=23.3016 since_improve=133
t=8606ms iter=139 WAIST cost=23.0000 best_alt=14.0000 gap=9.0000 tried=5 sep_labels=14 clique_frac=0.01
t=8633ms iter=139 REBUILD reject new_tc=23.3626 (was 23.3071)
t=8661ms iter=139 incumb=23.3071 ratchet=23.5337 best=23.3016 since_improve=134
t=8664ms iter=140 WAIST cost=23.0000 best_alt=14.0000 gap=9.0000 tried=5 sep_labels=14 clique_frac=0.01
t=8690ms iter=140 REBUILD reject new_tc=23.3955 (was 23.3071)
t=8718ms iter=140 incumb=23.3071 ratchet=23.4778 best=23.3016 since_improve=135
t=8721ms iter=141 WAIST cost=23.0000 best_alt=14.0000 gap=9.0000 tried=5 sep_labels=14 clique_frac=0.01
t=8748ms iter=141 REBUILD reject new_tc=23.5286 (was 23.3071)
t=8776ms iter=141 incumb=23.3071 ratchet=23.3327 best=23.3016 since_improve=136
t=8779ms iter=142 WAIST cost=23.0000 best_alt=14.0000 gap=9.0000 tried=5 sep_labels=14 clique_frac=0.01
t=8805ms iter=142 REBUILD reject new_tc=23.6995 (was 23.3071)
t=8834ms iter=142 incumb=23.3071 ratchet=23.3274 best=23.3016 since_improve=137
t=8836ms iter=143 WAIST cost=23.0000 best_alt=14.0000 gap=9.0000 tried=5 sep_labels=14 clique_frac=0.01
t=8863ms iter=143 REBUILD reject new_tc=23.4822 (was 23.3071)
t=8891ms iter=143 incumb=23.3071 ratchet=23.3279 best=23.3016 since_improve=138
t=8893ms iter=144 WAIST cost=23.0000 best_alt=14.0000 gap=9.0000 tried=5 sep_labels=14 clique_frac=0.01
t=8919ms iter=144 REBUILD reject new_tc=23.6935 (was 23.3071)
t=8947ms iter=144 incumb=23.3071 ratchet=23.3293 best=23.3016 since_improve=139
t=8950ms iter=145 WAIST cost=23.0000 best_alt=14.0000 gap=9.0000 tried=5 sep_labels=14 clique_frac=0.01
t=8977ms iter=145 REBUILD reject new_tc=23.3534 (was 23.3071)
t=9005ms iter=145 incumb=23.3071 ratchet=23.3806 best=23.3016 since_improve=140
t=9007ms iter=146 WAIST cost=23.0000 best_alt=14.0000 gap=9.0000 tried=5 sep_labels=14 clique_frac=0.01
t=9033ms iter=146 REBUILD reject new_tc=23.6889 (was 23.3071)
t=9061ms iter=146 incumb=23.3071 ratchet=23.3271 best=23.3016 since_improve=141
t=9064ms iter=147 WAIST cost=23.0000 best_alt=13.0000 gap=10.0000 tried=5 sep_labels=13 clique_frac=0.03
t=9091ms iter=147 REBUILD reject new_tc=23.3429 (was 23.3071)
t=9119ms iter=147 incumb=23.3071 ratchet=23.3496 best=23.3016 since_improve=142
t=9121ms iter=148 WAIST cost=23.0000 best_alt=14.0000 gap=9.0000 tried=5 sep_labels=14 clique_frac=0.01
t=9148ms iter=148 REBUILD reject new_tc=23.5180 (was 23.3071)
t=9177ms iter=148 incumb=23.3071 ratchet=23.3498 best=23.3016 since_improve=143
t=9179ms iter=149 WAIST cost=23.0000 best_alt=14.0000 gap=9.0000 tried=5 sep_labels=14 clique_frac=0.01
t=9205ms iter=149 REBUILD reject new_tc=23.7166 (was 23.3071)
t=9233ms iter=149 incumb=23.3071 ratchet=23.4850 best=23.3016 since_improve=144
t=9235ms iter=150 WAIST cost=23.0000 best_alt=12.0000 gap=11.0000 tried=5 sep_labels=12 clique_frac=0.00
t=9262ms iter=150 REBUILD reject new_tc=24.4298 (was 23.3071)
t=9290ms iter=150 incumb=23.3071 ratchet=23.5511 best=23.3016 since_improve=145
t=9292ms iter=151 WAIST cost=23.0000 best_alt=14.0000 gap=9.0000 tried=5 sep_labels=14 clique_frac=0.01
t=9319ms iter=151 REBUILD reject new_tc=23.6936 (was 23.3071)
t=9347ms iter=151 incumb=23.3071 ratchet=23.3220 best=23.3016 since_improve=146
t=9350ms iter=152 WAIST cost=23.0000 best_alt=14.0000 gap=9.0000 tried=5 sep_labels=14 clique_frac=0.01
t=9377ms iter=152 REBUILD reject new_tc=23.3698 (was 23.3071)
t=9405ms iter=152 incumb=23.3071 ratchet=23.3127 best=23.3016 since_improve=147
t=9408ms iter=153 WAIST cost=23.0000 best_alt=12.0000 gap=11.0000 tried=5 sep_labels=12 clique_frac=0.00
t=9435ms iter=153 REBUILD reject new_tc=23.4502 (was 23.3071)
t=9464ms iter=153 incumb=23.3071 ratchet=23.3688 best=23.3016 since_improve=148
t=9467ms iter=154 WAIST cost=23.0000 best_alt=13.0000 gap=10.0000 tried=5 sep_labels=13 clique_frac=0.00
t=9494ms iter=154 REBUILD reject new_tc=23.3563 (was 23.3071)
t=9523ms iter=154 incumb=23.3071 ratchet=23.3273 best=23.3016 since_improve=149
t=9526ms iter=155 WAIST cost=23.0000 best_alt=13.0000 gap=10.0000 tried=5 sep_labels=13 clique_frac=0.00
t=9554ms iter=155 REBUILD reject new_tc=23.3565 (was 23.3071)
t=9584ms iter=155 incumb=23.3071 ratchet=23.3670 best=23.3016 since_improve=150
t=9586ms iter=156 WAIST cost=23.0000 best_alt=12.0000 gap=11.0000 tried=5 sep_labels=12 clique_frac=0.00
t=9613ms iter=156 REBUILD reject new_tc=23.3911 (was 23.3071)
t=9642ms iter=156 incumb=23.3071 ratchet=23.3364 best=23.3016 since_improve=151
t=9644ms iter=157 WAIST cost=23.0000 best_alt=14.0000 gap=9.0000 tried=5 sep_labels=14 clique_frac=0.01
t=9670ms iter=157 REBUILD reject new_tc=23.6538 (was 23.3071)
t=9698ms iter=157 incumb=23.3071 ratchet=23.4048 best=23.3016 since_improve=152
t=9700ms iter=158 WAIST cost=23.0000 best_alt=14.0000 gap=9.0000 tried=5 sep_labels=14 clique_frac=0.01
t=9727ms iter=158 REBUILD reject new_tc=23.7072 (was 23.3071)
t=9754ms iter=158 incumb=23.3071 ratchet=23.6301 best=23.3016 since_improve=153
t=9757ms iter=159 WAIST cost=23.0000 best_alt=14.0000 gap=9.0000 tried=5 sep_labels=14 clique_frac=0.01
t=9784ms iter=159 REBUILD reject new_tc=23.4361 (was 23.3071)
t=9812ms iter=159 incumb=23.3071 ratchet=23.3326 best=23.3016 since_improve=154
t=9814ms iter=160 WAIST cost=23.0000 best_alt=14.0000 gap=9.0000 tried=5 sep_labels=14 clique_frac=0.01
t=9841ms iter=160 REBUILD reject new_tc=23.3699 (was 23.3071)
t=9871ms iter=160 incumb=23.3071 ratchet=23.3413 best=23.3016 since_improve=155
t=9874ms iter=161 WAIST cost=23.0000 best_alt=12.0000 gap=11.0000 tried=5 sep_labels=12 clique_frac=0.00
t=9901ms iter=161 REBUILD reject new_tc=23.5768 (was 23.3071)
t=9930ms iter=161 incumb=23.3071 ratchet=23.3205 best=23.3016 since_improve=156
t=9932ms iter=162 WAIST cost=23.0000 best_alt=14.0000 gap=9.0000 tried=5 sep_labels=14 clique_frac=0.01
t=9958ms iter=162 REBUILD reject new_tc=23.5283 (was 23.3071)
t=9990ms iter=162 incumb=23.3071 ratchet=23.3288 best=23.3016 since_improve=157
t=9993ms iter=163 WAIST cost=23.0000 best_alt=12.0000 gap=11.0000 tried=5 sep_labels=12 clique_frac=0.00
t=10020ms iter=163 REBUILD reject new_tc=23.4875 (was 23.3071)
t=10048ms iter=163 incumb=23.3071 ratchet=23.3315 best=23.3016 since_improve=158
t=10051ms iter=164 WAIST cost=23.0000 best_alt=14.0000 gap=9.0000 tried=5 sep_labels=14 clique_frac=0.01
t=10077ms iter=164 REBUILD reject new_tc=23.4962 (was 23.3071)
t=10105ms iter=164 incumb=23.3071 ratchet=23.3298 best=23.3016 since_improve=159
t=10107ms iter=165 WAIST cost=23.0000 best_alt=14.0000 gap=9.0000 tried=5 sep_labels=14 clique_frac=0.01
t=10134ms iter=165 REBUILD reject new_tc=23.3973 (was 23.3071)
t=10162ms iter=165 incumb=23.3071 ratchet=23.3275 best=23.3016 since_improve=160
t=10165ms iter=166 WAIST cost=23.0000 best_alt=14.0000 gap=9.0000 tried=5 sep_labels=14 clique_frac=0.01
t=10192ms iter=166 REBUILD reject new_tc=23.4220 (was 23.3071)
t=10222ms iter=166 incumb=23.3071 ratchet=23.4080 best=23.3016 since_improve=161
t=10224ms iter=167 WAIST cost=23.0000 best_alt=13.0000 gap=10.0000 tried=5 sep_labels=13 clique_frac=0.01
t=10251ms iter=167 REBUILD reject new_tc=23.3427 (was 23.3071)
t=10280ms iter=167 incumb=23.3071 ratchet=23.4862 best=23.3016 since_improve=162
t=10282ms iter=168 WAIST cost=23.0000 best_alt=13.0000 gap=10.0000 tried=5 sep_labels=13 clique_frac=0.01
t=10310ms iter=168 REBUILD reject new_tc=23.9723 (was 23.3071)
t=10339ms iter=168 incumb=23.3071 ratchet=23.3315 best=23.3016 since_improve=163
t=10342ms iter=169 WAIST cost=23.0000 best_alt=13.0000 gap=10.0000 tried=5 sep_labels=13 clique_frac=0.00
t=10369ms iter=169 REBUILD reject new_tc=23.6968 (was 23.3071)
t=10398ms iter=169 incumb=23.3071 ratchet=23.3552 best=23.3016 since_improve=164
t=10401ms iter=170 WAIST cost=23.0000 best_alt=14.0000 gap=9.0000 tried=5 sep_labels=14 clique_frac=0.01
t=10426ms iter=170 REBUILD reject new_tc=23.6846 (was 23.3071)
t=10455ms iter=170 incumb=23.3071 ratchet=23.5195 best=23.3016 since_improve=165
t=10457ms iter=171 WAIST cost=23.0000 best_alt=13.0000 gap=10.0000 tried=5 sep_labels=13 clique_frac=0.00
t=10484ms iter=171 REBUILD reject new_tc=23.4956 (was 23.3071)
t=10512ms iter=171 incumb=23.3071 ratchet=23.3413 best=23.3016 since_improve=166
t=10515ms iter=172 WAIST cost=23.0000 best_alt=14.0000 gap=9.0000 tried=5 sep_labels=14 clique_frac=0.01
t=10541ms iter=172 REBUILD reject new_tc=23.6769 (was 23.3071)
t=10570ms iter=172 incumb=23.3071 ratchet=23.3450 best=23.3016 since_improve=167
t=10573ms iter=173 WAIST cost=23.0000 best_alt=14.0000 gap=9.0000 tried=5 sep_labels=14 clique_frac=0.01
t=10599ms iter=173 REBUILD reject new_tc=23.6849 (was 23.3071)
t=10628ms iter=173 incumb=23.3071 ratchet=23.4583 best=23.3016 since_improve=168
t=10631ms iter=174 WAIST cost=23.0000 best_alt=13.0000 gap=10.0000 tried=5 sep_labels=13 clique_frac=0.03
t=10657ms iter=174 REBUILD reject new_tc=23.5479 (was 23.3071)
t=10687ms iter=174 incumb=23.3071 ratchet=23.3302 best=23.3016 since_improve=169
t=10689ms iter=175 WAIST cost=23.0000 best_alt=14.0000 gap=9.0000 tried=5 sep_labels=14 clique_frac=0.01
t=10715ms iter=175 REBUILD reject new_tc=24.5155 (was 23.3071)
t=10743ms iter=175 incumb=23.3071 ratchet=24.5038 best=23.3016 since_improve=170
t=10745ms iter=176 WAIST cost=23.0000 best_alt=13.0000 gap=10.0000 tried=5 sep_labels=13 clique_frac=0.03
t=10772ms iter=176 REBUILD reject new_tc=23.3571 (was 23.3071)
t=10802ms iter=176 incumb=23.3071 ratchet=23.3762 best=23.3016 since_improve=171
t=10804ms iter=177 WAIST cost=23.0000 best_alt=14.0000 gap=9.0000 tried=5 sep_labels=14 clique_frac=0.01
t=10831ms iter=177 REBUILD reject new_tc=23.6874 (was 23.3071)
t=10860ms iter=177 incumb=23.3071 ratchet=23.3278 best=23.3016 since_improve=172
t=10862ms iter=178 WAIST cost=23.0000 best_alt=14.0000 gap=9.0000 tried=5 sep_labels=14 clique_frac=0.01
t=10889ms iter=178 REBUILD reject new_tc=23.4471 (was 23.3071)
t=10918ms iter=178 incumb=23.3071 ratchet=23.3241 best=23.3016 since_improve=173
t=10920ms iter=179 WAIST cost=23.0000 best_alt=14.0000 gap=9.0000 tried=5 sep_labels=14 clique_frac=0.01
t=10947ms iter=179 REBUILD reject new_tc=23.6876 (was 23.3071)
t=10976ms iter=179 incumb=23.3071 ratchet=23.3819 best=23.3016 since_improve=174
t=10978ms iter=180 WAIST cost=23.0000 best_alt=14.0000 gap=9.0000 tried=5 sep_labels=14 clique_frac=0.01
t=11005ms iter=180 REBUILD reject new_tc=23.6912 (was 23.3071)
t=11034ms iter=180 incumb=23.3071 ratchet=23.3084 best=23.3016 since_improve=175
t=11037ms iter=181 WAIST cost=23.0000 best_alt=14.0000 gap=9.0000 tried=5 sep_labels=14 clique_frac=0.01
t=11064ms iter=181 REBUILD reject new_tc=23.5187 (was 23.3071)
t=11092ms iter=181 incumb=23.3071 ratchet=23.4557 best=23.3016 since_improve=176
t=11095ms iter=182 WAIST cost=23.0000 best_alt=14.0000 gap=9.0000 tried=5 sep_labels=14 clique_frac=0.01
t=11121ms iter=182 REBUILD reject new_tc=24.3048 (was 23.3071)
t=11150ms iter=182 incumb=23.3071 ratchet=23.4610 best=23.3016 since_improve=177
t=11153ms iter=183 WAIST cost=23.0000 best_alt=14.0000 gap=9.0000 tried=5 sep_labels=14 clique_frac=0.01
t=11179ms iter=183 REBUILD reject new_tc=24.8434 (was 23.3071)
t=11208ms iter=183 incumb=23.3071 ratchet=23.3313 best=23.3016 since_improve=178
t=11211ms iter=184 WAIST cost=23.0000 best_alt=12.0000 gap=11.0000 tried=5 sep_labels=12 clique_frac=0.00
t=11238ms iter=184 REBUILD reject new_tc=23.3374 (was 23.3071)
t=11266ms iter=184 incumb=23.3071 ratchet=23.3983 best=23.3016 since_improve=179
t=11268ms iter=185 WAIST cost=23.0000 best_alt=14.0000 gap=9.0000 tried=5 sep_labels=14 clique_frac=0.01
t=11294ms iter=185 REBUILD reject new_tc=23.3802 (was 23.3071)
t=11322ms iter=185 incumb=23.3071 ratchet=23.4940 best=23.3016 since_improve=180
t=11325ms iter=186 WAIST cost=23.0000 best_alt=14.0000 gap=9.0000 tried=5 sep_labels=14 clique_frac=0.01
t=11352ms iter=186 REBUILD reject new_tc=23.5222 (was 23.3071)
t=11380ms iter=186 incumb=23.3071 ratchet=23.3348 best=23.3016 since_improve=181
t=11382ms iter=187 WAIST cost=23.0000 best_alt=12.0000 gap=11.0000 tried=5 sep_labels=12 clique_frac=0.00
t=11408ms iter=187 REBUILD reject new_tc=23.4132 (was 23.3071)
t=11436ms iter=187 incumb=23.3071 ratchet=23.3271 best=23.3016 since_improve=182
t=11439ms iter=188 WAIST cost=23.0000 best_alt=14.0000 gap=9.0000 tried=5 sep_labels=14 clique_frac=0.01
t=11465ms iter=188 REBUILD reject new_tc=23.5362 (was 23.3071)
t=11494ms iter=188 incumb=23.3071 ratchet=23.3979 best=23.3016 since_improve=183
t=11497ms iter=189 WAIST cost=23.0000 best_alt=12.0000 gap=11.0000 tried=5 sep_labels=12 clique_frac=0.00
t=11523ms iter=189 REBUILD reject new_tc=23.7530 (was 23.3071)
t=11552ms iter=189 incumb=23.3071 ratchet=23.3679 best=23.3016 since_improve=184
t=11554ms iter=190 WAIST cost=23.0000 best_alt=14.0000 gap=9.0000 tried=5 sep_labels=14 clique_frac=0.01
t=11581ms iter=190 REBUILD reject new_tc=23.5279 (was 23.3071)
t=11609ms iter=190 incumb=23.3071 ratchet=23.3663 best=23.3016 since_improve=185
t=11612ms iter=191 WAIST cost=23.0000 best_alt=14.0000 gap=9.0000 tried=5 sep_labels=14 clique_frac=0.01
t=11639ms iter=191 REBUILD reject new_tc=23.5228 (was 23.3071)
t=11667ms iter=191 incumb=23.3071 ratchet=23.3368 best=23.3016 since_improve=186
t=11670ms iter=192 WAIST cost=23.0000 best_alt=14.0000 gap=9.0000 tried=5 sep_labels=14 clique_frac=0.01
t=11696ms iter=192 REBUILD reject new_tc=23.7080 (was 23.3071)
t=11724ms iter=192 incumb=23.3071 ratchet=23.4014 best=23.3016 since_improve=187
t=11726ms iter=193 WAIST cost=23.0000 best_alt=14.0000 gap=9.0000 tried=5 sep_labels=14 clique_frac=0.01
t=11752ms iter=193 REBUILD reject new_tc=23.7747 (was 23.3071)
t=11781ms iter=193 incumb=23.3071 ratchet=23.3317 best=23.3016 since_improve=188
t=11783ms iter=194 WAIST cost=23.0000 best_alt=14.0000 gap=9.0000 tried=5 sep_labels=14 clique_frac=0.01
t=11810ms iter=194 REBUILD reject new_tc=23.5000 (was 23.3071)
t=11838ms iter=194 incumb=23.3071 ratchet=23.3280 best=23.3016 since_improve=189
t=11841ms iter=195 WAIST cost=23.0000 best_alt=13.0000 gap=10.0000 tried=5 sep_labels=13 clique_frac=0.01
t=11868ms iter=195 REBUILD reject new_tc=23.3472 (was 23.3071)
t=11897ms iter=195 incumb=23.3071 ratchet=23.3497 best=23.3016 since_improve=190
t=11900ms iter=196 WAIST cost=23.0000 best_alt=14.0000 gap=9.0000 tried=5 sep_labels=14 clique_frac=0.01
t=11927ms iter=196 REBUILD reject new_tc=23.3735 (was 23.3071)
t=11956ms iter=196 incumb=23.3071 ratchet=23.4923 best=23.3016 since_improve=191
t=11958ms iter=197 WAIST cost=23.0000 best_alt=14.0000 gap=9.0000 tried=5 sep_labels=14 clique_frac=0.01
t=11985ms iter=197 REBUILD reject new_tc=23.3705 (was 23.3071)
t=12014ms iter=197 incumb=23.3071 ratchet=23.3416 best=23.3016 since_improve=192
t=12016ms iter=198 WAIST cost=23.0000 best_alt=12.0000 gap=11.0000 tried=5 sep_labels=12 clique_frac=0.00
t=12043ms iter=198 REBUILD reject new_tc=23.4008 (was 23.3071)
t=12071ms iter=198 incumb=23.3071 ratchet=23.3290 best=23.3016 since_improve=193
t=12074ms iter=199 WAIST cost=23.0000 best_alt=13.0000 gap=10.0000 tried=5 sep_labels=13 clique_frac=0.00
t=12101ms iter=199 REBUILD reject new_tc=23.3324 (was 23.3071)
t=12130ms iter=199 incumb=23.3071 ratchet=23.3215 best=23.3016 since_improve=194
t=12133ms iter=200 WAIST cost=23.0000 best_alt=13.0000 gap=10.0000 tried=5 sep_labels=13 clique_frac=0.01
t=12160ms iter=200 REBUILD reject new_tc=23.3461 (was 23.3071)
t=12189ms iter=200 incumb=23.3071 ratchet=23.3292 best=23.3016 since_improve=195
t=12192ms iter=201 WAIST cost=23.0000 best_alt=13.0000 gap=10.0000 tried=5 sep_labels=13 clique_frac=0.01
t=12219ms iter=201 REBUILD reject new_tc=23.3356 (was 23.3071)
t=12248ms iter=201 incumb=23.3071 ratchet=23.5039 best=23.3016 since_improve=196
t=12250ms iter=202 WAIST cost=23.0000 best_alt=14.0000 gap=9.0000 tried=5 sep_labels=14 clique_frac=0.01
t=12276ms iter=202 REBUILD reject new_tc=23.6849 (was 23.3071)
t=12306ms iter=202 incumb=23.3071 ratchet=23.5951 best=23.3016 since_improve=197
t=12308ms iter=203 WAIST cost=23.0000 best_alt=13.0000 gap=10.0000 tried=5 sep_labels=13 clique_frac=0.01
t=12336ms iter=203 REBUILD reject new_tc=23.3363 (was 23.3071)
t=12364ms iter=203 incumb=23.3071 ratchet=23.3327 best=23.3016 since_improve=198
t=12366ms iter=204 WAIST cost=23.0000 best_alt=14.0000 gap=9.0000 tried=5 sep_labels=14 clique_frac=0.01
t=12393ms iter=204 REBUILD reject new_tc=23.3871 (was 23.3071)
t=12422ms iter=204 incumb=23.3071 ratchet=23.3433 best=23.3016 since_improve=199
t=12425ms iter=205 WAIST cost=23.0000 best_alt=14.0000 gap=9.0000 tried=5 sep_labels=14 clique_frac=0.01
t=12451ms iter=205 REBUILD reject new_tc=23.6858 (was 23.3071)
t=12480ms iter=205 incumb=23.3071 ratchet=23.4728 best=23.3016 since_improve=200
t=12482ms iter=206 WAIST cost=23.0000 best_alt=14.0000 gap=9.0000 tried=5 sep_labels=14 clique_frac=0.01
t=12508ms iter=206 REBUILD reject new_tc=23.7747 (was 23.3071)
t=12549ms iter=206 incumb=23.3071 ratchet=23.3090 best=23.3014 since_improve=201
t=12551ms iter=207 WAIST cost=23.0000 best_alt=14.0000 gap=9.0000 tried=5 sep_labels=14 clique_frac=0.01
t=12577ms iter=207 REBUILD reject new_tc=23.6778 (was 23.3071)
t=12605ms iter=207 incumb=23.3071 ratchet=23.3566 best=23.3014 since_improve=202
t=12608ms iter=208 WAIST cost=23.0000 best_alt=14.0000 gap=9.0000 tried=5 sep_labels=14 clique_frac=0.01
t=12634ms iter=208 REBUILD reject new_tc=23.3920 (was 23.3071)
t=12662ms iter=208 incumb=23.3071 ratchet=23.3500 best=23.3014 since_improve=203
t=12665ms iter=209 WAIST cost=23.0000 best_alt=12.0000 gap=11.0000 tried=5 sep_labels=12 clique_frac=0.00
t=12692ms iter=209 REBUILD reject new_tc=23.8724 (was 23.3071)
t=12720ms iter=209 incumb=23.3071 ratchet=23.3925 best=23.3014 since_improve=204
t=12723ms iter=210 WAIST cost=23.0000 best_alt=12.0000 gap=11.0000 tried=5 sep_labels=12 clique_frac=0.00
t=12749ms iter=210 REBUILD reject new_tc=23.4341 (was 23.3071)
t=12777ms iter=210 incumb=23.3071 ratchet=23.3319 best=23.3014 since_improve=205
t=12780ms iter=211 WAIST cost=23.0000 best_alt=13.0000 gap=10.0000 tried=5 sep_labels=13 clique_frac=0.01
t=12808ms iter=211 REBUILD reject new_tc=23.3417 (was 23.3071)
t=12837ms iter=211 incumb=23.3071 ratchet=23.3644 best=23.3014 since_improve=206
t=12839ms iter=212 WAIST cost=23.0000 best_alt=14.0000 gap=9.0000 tried=5 sep_labels=14 clique_frac=0.01
t=12866ms iter=212 REBUILD reject new_tc=23.3691 (was 23.3071)
t=12896ms iter=212 incumb=23.3071 ratchet=23.5264 best=23.3014 since_improve=207
t=12898ms iter=213 WAIST cost=23.0000 best_alt=12.0000 gap=11.0000 tried=5 sep_labels=12 clique_frac=0.00
t=12925ms iter=213 REBUILD reject new_tc=24.5706 (was 23.3071)
t=12955ms iter=213 incumb=23.3071 ratchet=23.4679 best=23.3014 since_improve=208
t=12957ms iter=214 WAIST cost=23.0000 best_alt=14.0000 gap=9.0000 tried=5 sep_labels=14 clique_frac=0.01
t=12984ms iter=214 REBUILD reject new_tc=23.6951 (was 23.3071)
t=13012ms iter=214 incumb=23.3071 ratchet=23.4573 best=23.3014 since_improve=209
t=13015ms iter=215 WAIST cost=23.0000 best_alt=14.0000 gap=9.0000 tried=5 sep_labels=14 clique_frac=0.01
t=13041ms iter=215 REBUILD reject new_tc=23.4304 (was 23.3071)
t=13070ms iter=215 incumb=23.3071 ratchet=23.3977 best=23.3014 since_improve=210
t=13073ms iter=216 WAIST cost=23.0000 best_alt=14.0000 gap=9.0000 tried=5 sep_labels=14 clique_frac=0.01
t=13099ms iter=216 REBUILD reject new_tc=23.6214 (was 23.3071)
t=13130ms iter=216 incumb=23.3071 ratchet=23.3421 best=23.3014 since_improve=211
t=13132ms iter=217 WAIST cost=23.0000 best_alt=13.0000 gap=10.0000 tried=5 sep_labels=13 clique_frac=0.01
t=13160ms iter=217 REBUILD reject new_tc=23.4897 (was 23.3071)
t=13188ms iter=217 incumb=23.3071 ratchet=23.4734 best=23.3014 since_improve=212
t=13191ms iter=218 WAIST cost=23.0000 best_alt=14.0000 gap=9.0000 tried=5 sep_labels=14 clique_frac=0.01
t=13218ms iter=218 REBUILD reject new_tc=23.4030 (was 23.3071)
t=13246ms iter=218 incumb=23.3071 ratchet=23.3951 best=23.3014 since_improve=213
t=13249ms iter=219 WAIST cost=23.0000 best_alt=14.0000 gap=9.0000 tried=5 sep_labels=14 clique_frac=0.01
t=13275ms iter=219 REBUILD reject new_tc=23.5198 (was 23.3071)
t=13303ms iter=219 incumb=23.3071 ratchet=23.4737 best=23.3014 since_improve=214
t=13306ms iter=220 WAIST cost=23.0000 best_alt=14.0000 gap=9.0000 tried=5 sep_labels=14 clique_frac=0.01
t=13333ms iter=220 REBUILD reject new_tc=23.3984 (was 23.3071)
t=13361ms iter=220 incumb=23.3071 ratchet=23.3336 best=23.3014 since_improve=215
t=13364ms iter=221 WAIST cost=23.0000 best_alt=14.0000 gap=9.0000 tried=5 sep_labels=14 clique_frac=0.01
t=13390ms iter=221 REBUILD reject new_tc=23.5128 (was 23.3071)
t=13419ms iter=221 incumb=23.3071 ratchet=23.3292 best=23.3014 since_improve=216
t=13421ms iter=222 WAIST cost=23.0000 best_alt=14.0000 gap=9.0000 tried=5 sep_labels=14 clique_frac=0.01
t=13448ms iter=222 REBUILD reject new_tc=24.0735 (was 23.3071)
t=13477ms iter=222 incumb=23.3071 ratchet=23.4632 best=23.3014 since_improve=217
t=13479ms iter=223 WAIST cost=23.0000 best_alt=14.0000 gap=9.0000 tried=5 sep_labels=14 clique_frac=0.01
t=13505ms iter=223 REBUILD reject new_tc=23.7747 (was 23.3071)
t=13534ms iter=223 incumb=23.3071 ratchet=23.3497 best=23.3014 since_improve=218
t=13537ms iter=224 WAIST cost=23.0000 best_alt=14.0000 gap=9.0000 tried=5 sep_labels=14 clique_frac=0.01
t=13563ms iter=224 REBUILD reject new_tc=23.6945 (was 23.3071)
t=13592ms iter=224 incumb=23.3071 ratchet=23.3722 best=23.3014 since_improve=219
t=13595ms iter=225 WAIST cost=23.0000 best_alt=13.0000 gap=10.0000 tried=5 sep_labels=13 clique_frac=0.01
t=13622ms iter=225 REBUILD reject new_tc=23.7580 (was 23.3071)
t=13652ms iter=225 incumb=23.3071 ratchet=23.4334 best=23.3014 since_improve=220
t=13654ms iter=226 WAIST cost=23.0000 best_alt=14.0000 gap=9.0000 tried=5 sep_labels=14 clique_frac=0.01
t=13681ms iter=226 REBUILD reject new_tc=23.4059 (was 23.3071)
t=13711ms iter=226 incumb=23.3071 ratchet=23.3427 best=23.3014 since_improve=221
t=13713ms iter=227 WAIST cost=23.0000 best_alt=14.0000 gap=9.0000 tried=5 sep_labels=14 clique_frac=0.01
t=13740ms iter=227 REBUILD reject new_tc=23.6882 (was 23.3071)
t=13769ms iter=227 incumb=23.3071 ratchet=23.3467 best=23.3014 since_improve=222
t=13772ms iter=228 WAIST cost=23.0000 best_alt=13.0000 gap=10.0000 tried=5 sep_labels=13 clique_frac=0.00
t=13798ms iter=228 REBUILD reject new_tc=23.3570 (was 23.3071)
t=13828ms iter=228 incumb=23.3071 ratchet=23.3468 best=23.3014 since_improve=223
t=13831ms iter=229 WAIST cost=23.0000 best_alt=14.0000 gap=9.0000 tried=5 sep_labels=14 clique_frac=0.01
t=13857ms iter=229 REBUILD reject new_tc=23.5149 (was 23.3071)
t=13885ms iter=229 incumb=23.3071 ratchet=23.7814 best=23.3014 since_improve=224
t=13887ms iter=230 WAIST cost=23.0000 best_alt=13.0000 gap=10.0000 tried=5 sep_labels=13 clique_frac=0.01
t=13915ms iter=230 REBUILD reject new_tc=23.3370 (was 23.3071)
t=13944ms iter=230 incumb=23.3071 ratchet=23.3274 best=23.3014 since_improve=225
t=13947ms iter=231 WAIST cost=23.0000 best_alt=14.0000 gap=9.0000 tried=5 sep_labels=14 clique_frac=0.01
t=13974ms iter=231 REBUILD reject new_tc=23.3511 (was 23.3071)
t=14002ms iter=231 incumb=23.3071 ratchet=23.4757 best=23.3014 since_improve=226
t=14005ms iter=232 WAIST cost=23.0000 best_alt=13.0000 gap=10.0000 tried=5 sep_labels=13 clique_frac=0.01
t=14033ms iter=232 REBUILD reject new_tc=23.3351 (was 23.3071)
t=14063ms iter=232 incumb=23.3071 ratchet=23.3251 best=23.3014 since_improve=227
t=14066ms iter=233 WAIST cost=23.0000 best_alt=14.0000 gap=9.0000 tried=5 sep_labels=14 clique_frac=0.01
t=14093ms iter=233 REBUILD reject new_tc=23.3717 (was 23.3071)
t=14121ms iter=233 incumb=23.3071 ratchet=23.3135 best=23.3014 since_improve=228
t=14124ms iter=234 WAIST cost=23.0000 best_alt=14.0000 gap=9.0000 tried=5 sep_labels=14 clique_frac=0.01
t=14150ms iter=234 REBUILD reject new_tc=23.5229 (was 23.3071)
t=14180ms iter=234 incumb=23.3071 ratchet=23.3304 best=23.3014 since_improve=229
t=14182ms iter=235 WAIST cost=23.0000 best_alt=13.0000 gap=10.0000 tried=5 sep_labels=13 clique_frac=0.00
t=14209ms iter=235 REBUILD reject new_tc=23.4933 (was 23.3071)
t=14239ms iter=235 incumb=23.3071 ratchet=23.3694 best=23.3014 since_improve=230
t=14241ms iter=236 WAIST cost=23.0000 best_alt=14.0000 gap=9.0000 tried=5 sep_labels=14 clique_frac=0.01
t=14268ms iter=236 REBUILD reject new_tc=23.5129 (was 23.3071)
t=14297ms iter=236 incumb=23.3071 ratchet=23.3290 best=23.3014 since_improve=231
t=14300ms iter=237 WAIST cost=23.0000 best_alt=14.0000 gap=9.0000 tried=5 sep_labels=14 clique_frac=0.01
t=14327ms iter=237 REBUILD reject new_tc=23.3867 (was 23.3071)
t=14355ms iter=237 incumb=23.3071 ratchet=23.4827 best=23.3014 since_improve=232
t=14357ms iter=238 WAIST cost=23.0000 best_alt=14.0000 gap=9.0000 tried=5 sep_labels=14 clique_frac=0.01
t=14384ms iter=238 REBUILD reject new_tc=23.6841 (was 23.3071)
t=14413ms iter=238 incumb=23.3071 ratchet=23.4820 best=23.3014 since_improve=233
t=14415ms iter=239 WAIST cost=23.0000 best_alt=14.0000 gap=9.0000 tried=5 sep_labels=14 clique_frac=0.01
t=14442ms iter=239 REBUILD reject new_tc=23.4370 (was 23.3071)
t=14470ms iter=239 incumb=23.3071 ratchet=24.1981 best=23.3014 since_improve=234
t=14473ms iter=240 WAIST cost=23.0000 best_alt=14.0000 gap=9.0000 tried=5 sep_labels=14 clique_frac=0.01
t=14499ms iter=240 REBUILD reject new_tc=23.4333 (was 23.3071)
t=14528ms iter=240 incumb=23.3071 ratchet=23.3255 best=23.3014 since_improve=235
t=14530ms iter=241 WAIST cost=23.0000 best_alt=14.0000 gap=9.0000 tried=5 sep_labels=14 clique_frac=0.01
t=14557ms iter=241 REBUILD reject new_tc=23.8383 (was 23.3071)
t=14585ms iter=241 incumb=23.3071 ratchet=23.3309 best=23.3014 since_improve=236
t=14587ms iter=242 WAIST cost=23.0000 best_alt=13.0000 gap=10.0000 tried=5 sep_labels=13 clique_frac=0.00
t=14614ms iter=242 REBUILD reject new_tc=23.4796 (was 23.3071)
t=14643ms iter=242 incumb=23.3071 ratchet=23.3165 best=23.3014 since_improve=237
t=14645ms iter=243 WAIST cost=23.0000 best_alt=12.0000 gap=11.0000 tried=5 sep_labels=12 clique_frac=0.00
t=14672ms iter=243 REBUILD reject new_tc=23.8980 (was 23.3071)
t=14701ms iter=243 incumb=23.3071 ratchet=23.3343 best=23.3014 since_improve=238
t=14704ms iter=244 WAIST cost=23.0000 best_alt=13.0000 gap=10.0000 tried=5 sep_labels=13 clique_frac=0.03
t=14732ms iter=244 REBUILD reject new_tc=23.3285 (was 23.3071)
t=14760ms iter=244 incumb=23.3071 ratchet=23.3338 best=23.3014 since_improve=239
t=14763ms iter=245 WAIST cost=23.0000 best_alt=14.0000 gap=9.0000 tried=5 sep_labels=14 clique_frac=0.01
t=14788ms iter=245 REBUILD reject new_tc=23.6849 (was 23.3071)
t=14817ms iter=245 incumb=23.3071 ratchet=23.7141 best=23.3014 since_improve=240
t=14819ms iter=246 WAIST cost=23.0000 best_alt=14.0000 gap=9.0000 tried=5 sep_labels=14 clique_frac=0.01
t=14845ms iter=246 REBUILD reject new_tc=23.6760 (was 23.3071)
t=14874ms iter=246 incumb=23.3071 ratchet=23.6494 best=23.3014 since_improve=241
t=14877ms iter=247 WAIST cost=23.0000 best_alt=14.0000 gap=9.0000 tried=5 sep_labels=14 clique_frac=0.01
t=14903ms iter=247 REBUILD reject new_tc=23.5342 (was 23.3071)
t=14932ms iter=247 incumb=23.3071 ratchet=23.3285 best=23.3014 since_improve=242
t=14935ms iter=248 WAIST cost=23.0000 best_alt=14.0000 gap=9.0000 tried=5 sep_labels=14 clique_frac=0.01
t=14961ms iter=248 REBUILD reject new_tc=23.4884 (was 23.3071)
t=14990ms iter=248 incumb=23.3071 ratchet=23.3496 best=23.3014 since_improve=243
t=14992ms iter=249 WAIST cost=23.0000 best_alt=14.0000 gap=9.0000 tried=5 sep_labels=14 clique_frac=0.01
t=15019ms iter=249 REBUILD reject new_tc=23.4046 (was 23.3071)
t=15048ms iter=249 incumb=23.3071 ratchet=23.4713 best=23.3014 since_improve=244
t=15050ms iter=250 WAIST cost=23.0000 best_alt=14.0000 gap=9.0000 tried=5 sep_labels=14 clique_frac=0.01
t=15077ms iter=250 REBUILD reject new_tc=23.3995 (was 23.3071)
t=15106ms iter=250 incumb=23.3071 ratchet=23.4389 best=23.3014 since_improve=245
t=15108ms iter=251 WAIST cost=23.0000 best_alt=12.0000 gap=11.0000 tried=5 sep_labels=12 clique_frac=0.00
t=15136ms iter=251 REBUILD reject new_tc=23.4766 (was 23.3071)
t=15164ms iter=251 incumb=23.3071 ratchet=23.4492 best=23.3014 since_improve=246
t=15167ms iter=252 WAIST cost=23.0000 best_alt=14.0000 gap=9.0000 tried=5 sep_labels=14 clique_frac=0.01
t=15193ms iter=252 REBUILD reject new_tc=23.3475 (was 23.3071)
t=15222ms iter=252 incumb=23.3071 ratchet=23.5228 best=23.3014 since_improve=247
t=15224ms iter=253 WAIST cost=23.0000 best_alt=14.0000 gap=9.0000 tried=5 sep_labels=14 clique_frac=0.01
t=15251ms iter=253 REBUILD reject new_tc=23.4969 (was 23.3071)
t=15279ms iter=253 incumb=23.3071 ratchet=23.4280 best=23.3014 since_improve=248
t=15282ms iter=254 WAIST cost=23.0000 best_alt=12.0000 gap=11.0000 tried=5 sep_labels=12 clique_frac=0.00
t=15309ms iter=254 REBUILD reject new_tc=23.5472 (was 23.3071)
t=15338ms iter=254 incumb=23.3071 ratchet=23.3300 best=23.3014 since_improve=249
t=15340ms iter=255 WAIST cost=23.0000 best_alt=12.0000 gap=11.0000 tried=5 sep_labels=12 clique_frac=0.00
t=15368ms iter=255 REBUILD reject new_tc=23.3704 (was 23.3071)
t=15396ms iter=255 incumb=23.3071 ratchet=23.3604 best=23.3014 since_improve=250
t=15398ms iter=256 WAIST cost=23.0000 best_alt=14.0000 gap=9.0000 tried=5 sep_labels=14 clique_frac=0.01
t=15425ms iter=256 REBUILD reject new_tc=23.6873 (was 23.3071)
t=15466ms iter=256 incumb=23.3071 ratchet=23.3198 best=23.3013 since_improve=251
t=15468ms iter=257 WAIST cost=23.0000 best_alt=14.0000 gap=9.0000 tried=5 sep_labels=14 clique_frac=0.01
t=15495ms iter=257 REBUILD reject new_tc=23.4070 (was 23.3071)
t=15524ms iter=257 incumb=23.3071 ratchet=23.6770 best=23.3013 since_improve=252
t=15526ms iter=258 WAIST cost=23.0000 best_alt=14.0000 gap=9.0000 tried=5 sep_labels=14 clique_frac=0.01
t=15552ms iter=258 REBUILD reject new_tc=23.3966 (was 23.3071)
t=15581ms iter=258 incumb=23.3071 ratchet=23.3681 best=23.3013 since_improve=253
t=15584ms iter=259 WAIST cost=23.0000 best_alt=12.0000 gap=11.0000 tried=5 sep_labels=12 clique_frac=0.00
t=15611ms iter=259 REBUILD reject new_tc=23.4630 (was 23.3071)
t=15639ms iter=259 incumb=23.3071 ratchet=23.3303 best=23.3013 since_improve=254
t=15642ms iter=260 WAIST cost=23.0000 best_alt=12.0000 gap=11.0000 tried=5 sep_labels=12 clique_frac=0.00
t=15668ms iter=260 REBUILD reject new_tc=24.7213 (was 23.3071)
t=15697ms iter=260 incumb=23.3071 ratchet=23.4871 best=23.3013 since_improve=255
t=15699ms iter=261 WAIST cost=23.0000 best_alt=14.0000 gap=9.0000 tried=5 sep_labels=14 clique_frac=0.01
t=15726ms iter=261 REBUILD reject new_tc=23.4049 (was 23.3071)
t=15754ms iter=261 incumb=23.3071 ratchet=23.3903 best=23.3013 since_improve=256
t=15756ms iter=262 WAIST cost=23.0000 best_alt=14.0000 gap=9.0000 tried=5 sep_labels=14 clique_frac=0.01
t=15783ms iter=262 REBUILD reject new_tc=23.4889 (was 23.3071)
t=15810ms iter=262 incumb=23.3071 ratchet=23.4922 best=23.3013 since_improve=257
t=15813ms iter=263 WAIST cost=23.0000 best_alt=14.0000 gap=9.0000 tried=5 sep_labels=14 clique_frac=0.01
t=15839ms iter=263 REBUILD reject new_tc=23.7677 (was 23.3071)
t=15869ms iter=263 incumb=23.3071 ratchet=23.3322 best=23.3013 since_improve=258
t=15872ms iter=264 WAIST cost=23.0000 best_alt=14.0000 gap=9.0000 tried=5 sep_labels=14 clique_frac=0.01
t=15897ms iter=264 REBUILD reject new_tc=23.6894 (was 23.3071)
t=15926ms iter=264 incumb=23.3071 ratchet=23.4259 best=23.3013 since_improve=259
t=15928ms iter=265 WAIST cost=23.0000 best_alt=14.0000 gap=9.0000 tried=5 sep_labels=14 clique_frac=0.01
t=15955ms iter=265 REBUILD reject new_tc=23.4984 (was 23.3071)
t=15983ms iter=265 incumb=23.3071 ratchet=23.4717 best=23.3013 since_improve=260
t=15986ms iter=266 WAIST cost=23.0000 best_alt=14.0000 gap=9.0000 tried=5 sep_labels=14 clique_frac=0.01
t=16012ms iter=266 REBUILD reject new_tc=23.6951 (was 23.3071)
t=16039ms iter=266 incumb=23.3071 ratchet=23.3644 best=23.3013 since_improve=261
t=16041ms iter=267 WAIST cost=23.0000 best_alt=12.0000 gap=11.0000 tried=5 sep_labels=12 clique_frac=0.00
t=16068ms iter=267 REBUILD reject new_tc=23.7219 (was 23.3071)
t=16097ms iter=267 incumb=23.3071 ratchet=23.3218 best=23.3013 since_improve=262
t=16100ms iter=268 WAIST cost=23.0000 best_alt=14.0000 gap=9.0000 tried=5 sep_labels=14 clique_frac=0.01
t=16127ms iter=268 REBUILD reject new_tc=23.4269 (was 23.3071)
t=16155ms iter=268 incumb=23.3071 ratchet=23.3107 best=23.3013 since_improve=263
t=16157ms iter=269 WAIST cost=23.0000 best_alt=13.0000 gap=10.0000 tried=5 sep_labels=13 clique_frac=0.03
t=16185ms iter=269 REBUILD reject new_tc=23.7711 (was 23.3071)
t=16213ms iter=269 incumb=23.3071 ratchet=23.3248 best=23.3013 since_improve=264
t=16215ms iter=270 WAIST cost=23.0000 best_alt=14.0000 gap=9.0000 tried=5 sep_labels=14 clique_frac=0.01
t=16243ms iter=270 REBUILD reject new_tc=23.4124 (was 23.3071)
t=16271ms iter=270 incumb=23.3071 ratchet=23.3264 best=23.3013 since_improve=265
t=16274ms iter=271 WAIST cost=23.0000 best_alt=13.0000 gap=10.0000 tried=5 sep_labels=13 clique_frac=0.01
t=16301ms iter=271 REBUILD reject new_tc=23.9710 (was 23.3071)
t=16330ms iter=271 incumb=23.3071 ratchet=23.3442 best=23.3013 since_improve=266
t=16332ms iter=272 WAIST cost=23.0000 best_alt=14.0000 gap=9.0000 tried=5 sep_labels=14 clique_frac=0.01
t=16358ms iter=272 REBUILD reject new_tc=23.5027 (was 23.3071)
t=16389ms iter=272 incumb=23.3071 ratchet=23.3524 best=23.3013 since_improve=267
t=16392ms iter=273 WAIST cost=23.0000 best_alt=14.0000 gap=9.0000 tried=5 sep_labels=14 clique_frac=0.01
t=16418ms iter=273 REBUILD reject new_tc=23.4294 (was 23.3071)
t=16447ms iter=273 incumb=23.3071 ratchet=23.3424 best=23.3013 since_improve=268
t=16450ms iter=274 WAIST cost=23.0000 best_alt=14.0000 gap=9.0000 tried=5 sep_labels=14 clique_frac=0.01
t=16476ms iter=274 REBUILD reject new_tc=23.4181 (was 23.3071)
t=16504ms iter=274 incumb=23.3071 ratchet=23.3240 best=23.3013 since_improve=269
t=16506ms iter=275 WAIST cost=23.0000 best_alt=12.0000 gap=11.0000 tried=5 sep_labels=12 clique_frac=0.00
t=16533ms iter=275 REBUILD reject new_tc=23.5907 (was 23.3071)
t=16561ms iter=275 incumb=23.3071 ratchet=23.4042 best=23.3013 since_improve=270
t=16564ms iter=276 WAIST cost=23.0000 best_alt=14.0000 gap=9.0000 tried=5 sep_labels=14 clique_frac=0.01
t=16590ms iter=276 REBUILD reject new_tc=23.6877 (was 23.3071)
t=16617ms iter=276 incumb=23.3071 ratchet=23.3249 best=23.3013 since_improve=271
t=16619ms iter=277 WAIST cost=23.0000 best_alt=14.0000 gap=9.0000 tried=5 sep_labels=14 clique_frac=0.01
t=16646ms iter=277 REBUILD reject new_tc=23.8416 (was 23.3071)
t=16674ms iter=277 incumb=23.3071 ratchet=23.3208 best=23.3013 since_improve=272
t=16677ms iter=278 WAIST cost=23.0000 best_alt=14.0000 gap=9.0000 tried=5 sep_labels=14 clique_frac=0.01
t=16703ms iter=278 REBUILD reject new_tc=23.3655 (was 23.3071)
t=16731ms iter=278 incumb=23.3071 ratchet=23.3403 best=23.3013 since_improve=273
t=16734ms iter=279 WAIST cost=23.0000 best_alt=14.0000 gap=9.0000 tried=5 sep_labels=14 clique_frac=0.01
t=16760ms iter=279 REBUILD reject new_tc=24.2361 (was 23.3071)
t=16789ms iter=279 incumb=23.3071 ratchet=23.4809 best=23.3013 since_improve=274
t=16791ms iter=280 WAIST cost=23.0000 best_alt=14.0000 gap=9.0000 tried=5 sep_labels=14 clique_frac=0.01
t=16818ms iter=280 REBUILD reject new_tc=23.6956 (was 23.3071)
t=16847ms iter=280 incumb=23.3071 ratchet=23.4847 best=23.3013 since_improve=275
t=16849ms iter=281 WAIST cost=23.0000 best_alt=14.0000 gap=9.0000 tried=5 sep_labels=14 clique_frac=0.01
t=16876ms iter=281 REBUILD reject new_tc=23.4879 (was 23.3071)
t=16905ms iter=281 incumb=23.3071 ratchet=23.4127 best=23.3013 since_improve=276
t=16908ms iter=282 WAIST cost=23.0000 best_alt=12.0000 gap=11.0000 tried=5 sep_labels=12 clique_frac=0.00
t=16934ms iter=282 REBUILD reject new_tc=23.9665 (was 23.3071)
t=16962ms iter=282 incumb=23.3071 ratchet=23.3359 best=23.3013 since_improve=277
t=16965ms iter=283 WAIST cost=23.0000 best_alt=14.0000 gap=9.0000 tried=5 sep_labels=14 clique_frac=0.01
t=16991ms iter=283 REBUILD reject new_tc=23.6981 (was 23.3071)
t=17019ms iter=283 incumb=23.3071 ratchet=23.3340 best=23.3013 since_improve=278
t=17021ms iter=284 WAIST cost=23.0000 best_alt=13.0000 gap=10.0000 tried=5 sep_labels=13 clique_frac=0.01
t=17048ms iter=284 REBUILD reject new_tc=23.3361 (was 23.3071)
t=17077ms iter=284 incumb=23.3071 ratchet=23.3297 best=23.3013 since_improve=279
t=17080ms iter=285 WAIST cost=23.0000 best_alt=12.0000 gap=11.0000 tried=5 sep_labels=12 clique_frac=0.00
t=17106ms iter=285 REBUILD reject new_tc=24.2426 (was 23.3071)
t=17135ms iter=285 incumb=23.3071 ratchet=23.3087 best=23.3013 since_improve=280
t=17137ms iter=286 WAIST cost=23.0000 best_alt=13.0000 gap=10.0000 tried=5 sep_labels=13 clique_frac=0.03
t=17165ms iter=286 REBUILD reject new_tc=23.3575 (was 23.3071)
t=17193ms iter=286 incumb=23.3071 ratchet=23.3338 best=23.3013 since_improve=281
t=17195ms iter=287 WAIST cost=23.0000 best_alt=14.0000 gap=9.0000 tried=5 sep_labels=14 clique_frac=0.01
t=17221ms iter=287 REBUILD reject new_tc=23.6932 (was 23.3071)
t=17251ms iter=287 incumb=23.3071 ratchet=23.3662 best=23.3013 since_improve=282
t=17254ms iter=288 WAIST cost=23.0000 best_alt=14.0000 gap=9.0000 tried=5 sep_labels=14 clique_frac=0.01
t=17280ms iter=288 REBUILD reject new_tc=23.7028 (was 23.3071)
t=17308ms iter=288 incumb=23.3071 ratchet=23.3269 best=23.3013 since_improve=283
t=17310ms iter=289 WAIST cost=23.0000 best_alt=14.0000 gap=9.0000 tried=5 sep_labels=14 clique_frac=0.01
t=17337ms iter=289 REBUILD reject new_tc=23.4817 (was 23.3071)
t=17365ms iter=289 incumb=23.3071 ratchet=23.3322 best=23.3013 since_improve=284
t=17367ms iter=290 WAIST cost=23.0000 best_alt=14.0000 gap=9.0000 tried=5 sep_labels=14 clique_frac=0.01
t=17394ms iter=290 REBUILD reject new_tc=23.4034 (was 23.3071)
t=17421ms iter=290 incumb=23.3071 ratchet=23.3212 best=23.3013 since_improve=285
t=17424ms iter=291 WAIST cost=23.0000 best_alt=12.0000 gap=11.0000 tried=5 sep_labels=12 clique_frac=0.00
t=17451ms iter=291 REBUILD reject new_tc=23.4874 (was 23.3071)
t=17479ms iter=291 incumb=23.3071 ratchet=23.3305 best=23.3013 since_improve=286
t=17481ms iter=292 WAIST cost=23.0000 best_alt=14.0000 gap=9.0000 tried=5 sep_labels=14 clique_frac=0.01
t=17508ms iter=292 REBUILD reject new_tc=23.5211 (was 23.3071)
t=17536ms iter=292 incumb=23.3071 ratchet=23.3995 best=23.3013 since_improve=287
t=17538ms iter=293 WAIST cost=23.0000 best_alt=14.0000 gap=9.0000 tried=5 sep_labels=14 clique_frac=0.01
t=17565ms iter=293 REBUILD reject new_tc=23.5184 (was 23.3071)
t=17593ms iter=293 incumb=23.3071 ratchet=23.3279 best=23.3013 since_improve=288
t=17596ms iter=294 WAIST cost=23.0000 best_alt=13.0000 gap=10.0000 tried=5 sep_labels=13 clique_frac=0.00
t=17623ms iter=294 REBUILD reject new_tc=23.4160 (was 23.3071)
t=17653ms iter=294 incumb=23.3071 ratchet=23.5899 best=23.3013 since_improve=289
t=17655ms iter=295 WAIST cost=23.0000 best_alt=14.0000 gap=9.0000 tried=5 sep_labels=14 clique_frac=0.01
t=17681ms iter=295 REBUILD reject new_tc=23.4411 (was 23.3071)
t=17709ms iter=295 incumb=23.3071 ratchet=23.5356 best=23.3013 since_improve=290
t=17712ms iter=296 WAIST cost=23.0000 best_alt=13.0000 gap=10.0000 tried=5 sep_labels=13 clique_frac=0.01
t=17740ms iter=296 REBUILD reject new_tc=23.3459 (was 23.3071)
t=17769ms iter=296 incumb=23.3071 ratchet=23.4270 best=23.3013 since_improve=291
t=17771ms iter=297 WAIST cost=23.0000 best_alt=12.0000 gap=11.0000 tried=5 sep_labels=12 clique_frac=0.00
t=17798ms iter=297 REBUILD reject new_tc=23.7064 (was 23.3071)
t=17826ms iter=297 incumb=23.3071 ratchet=23.4022 best=23.3013 since_improve=292
t=17828ms iter=298 WAIST cost=23.0000 best_alt=14.0000 gap=9.0000 tried=5 sep_labels=14 clique_frac=0.01
t=17855ms iter=298 REBUILD reject new_tc=23.3443 (was 23.3071)
t=17883ms iter=298 incumb=23.3071 ratchet=23.3375 best=23.3013 since_improve=293
t=17886ms iter=299 WAIST cost=23.0000 best_alt=13.0000 gap=10.0000 tried=5 sep_labels=13 clique_frac=0.00
t=17914ms iter=299 REBUILD reject new_tc=23.4821 (was 23.3071)
t=17944ms iter=299 incumb=23.3071 ratchet=23.4957 best=23.3013 since_improve=294
t=17946ms iter=300 WAIST cost=23.0000 best_alt=14.0000 gap=9.0000 tried=5 sep_labels=14 clique_frac=0.01
t=17973ms iter=300 REBUILD reject new_tc=23.4779 (was 23.3071)
t=18002ms iter=300 incumb=23.3071 ratchet=23.3093 best=23.3013 since_improve=295
t=18005ms iter=301 WAIST cost=23.0000 best_alt=13.0000 gap=10.0000 tried=5 sep_labels=13 clique_frac=0.03
t=18032ms iter=301 REBUILD reject new_tc=23.3281 (was 23.3071)
t=18060ms iter=301 incumb=23.3071 ratchet=23.3654 best=23.3013 since_improve=296
t=18063ms iter=302 WAIST cost=23.0000 best_alt=14.0000 gap=9.0000 tried=5 sep_labels=14 clique_frac=0.01
t=18089ms iter=302 REBUILD reject new_tc=23.3838 (was 23.3071)
t=18118ms iter=302 incumb=23.3071 ratchet=23.3945 best=23.3013 since_improve=297
t=18120ms iter=303 WAIST cost=23.0000 best_alt=14.0000 gap=9.0000 tried=5 sep_labels=14 clique_frac=0.01
t=18147ms iter=303 REBUILD reject new_tc=23.3630 (was 23.3071)
t=18177ms iter=303 incumb=23.3071 ratchet=23.4824 best=23.3013 since_improve=298
t=18179ms iter=304 WAIST cost=23.0000 best_alt=12.0000 gap=11.0000 tried=5 sep_labels=12 clique_frac=0.00
t=18207ms iter=304 REBUILD reject new_tc=23.4903 (was 23.3071)
t=18235ms iter=304 incumb=23.3071 ratchet=23.3674 best=23.3013 since_improve=299
t=18238ms iter=305 WAIST cost=23.0000 best_alt=14.0000 gap=9.0000 tried=5 sep_labels=14 clique_frac=0.01
t=18264ms iter=305 REBUILD reject new_tc=23.6777 (was 23.3071)
t=18293ms iter=305 incumb=23.3071 ratchet=23.6783 best=23.3013 since_improve=300
t=18295ms iter=306 WAIST cost=23.0000 best_alt=14.0000 gap=9.0000 tried=5 sep_labels=14 clique_frac=0.01
t=18322ms iter=306 REBUILD reject new_tc=23.6777 (was 23.3071)
t=18350ms iter=306 incumb=23.3071 ratchet=23.3686 best=23.3013 since_improve=301
t=18352ms iter=307 WAIST cost=23.0000 best_alt=14.0000 gap=9.0000 tried=5 sep_labels=14 clique_frac=0.01
t=18379ms iter=307 REBUILD reject new_tc=23.3715 (was 23.3071)
t=18407ms iter=307 incumb=23.3071 ratchet=23.3379 best=23.3013 since_improve=302
t=18409ms iter=308 WAIST cost=23.0000 best_alt=14.0000 gap=9.0000 tried=5 sep_labels=14 clique_frac=0.01
t=18436ms iter=308 REBUILD reject new_tc=23.4917 (was 23.3071)
t=18465ms iter=308 incumb=23.3071 ratchet=23.3206 best=23.3013 since_improve=303
t=18467ms iter=309 WAIST cost=23.0000 best_alt=14.0000 gap=9.0000 tried=5 sep_labels=14 clique_frac=0.01
t=18494ms iter=309 REBUILD reject new_tc=23.5269 (was 23.3071)
t=18523ms iter=309 incumb=23.3071 ratchet=23.3644 best=23.3013 since_improve=304
t=18525ms iter=310 WAIST cost=23.0000 best_alt=14.0000 gap=9.0000 tried=5 sep_labels=14 clique_frac=0.01
t=18552ms iter=310 REBUILD reject new_tc=23.6778 (was 23.3071)
t=18580ms iter=310 incumb=23.3071 ratchet=23.5164 best=23.3013 since_improve=305
t=18582ms iter=311 WAIST cost=23.0000 best_alt=14.0000 gap=9.0000 tried=5 sep_labels=14 clique_frac=0.01
t=18608ms iter=311 REBUILD reject new_tc=23.3992 (was 23.3071)
t=18637ms iter=311 incumb=23.3071 ratchet=23.4155 best=23.3013 since_improve=306
t=18640ms iter=312 WAIST cost=23.0000 best_alt=13.0000 gap=10.0000 tried=5 sep_labels=13 clique_frac=0.03
t=18667ms iter=312 REBUILD reject new_tc=23.4406 (was 23.3071)
t=18695ms iter=312 incumb=23.3071 ratchet=23.7831 best=23.3013 since_improve=307
t=18698ms iter=313 WAIST cost=23.0000 best_alt=13.0000 gap=10.0000 tried=5 sep_labels=13 clique_frac=0.00
t=18725ms iter=313 REBUILD reject new_tc=23.3576 (was 23.3071)
t=18754ms iter=313 incumb=23.3071 ratchet=23.4642 best=23.3013 since_improve=308
t=18756ms iter=314 WAIST cost=23.0000 best_alt=13.0000 gap=10.0000 tried=5 sep_labels=13 clique_frac=0.03
t=18783ms iter=314 REBUILD reject new_tc=23.3115 (was 23.3071)
t=18813ms iter=314 incumb=23.3071 ratchet=23.3071 best=23.3013 since_improve=309
t=18816ms iter=315 WAIST cost=23.0000 best_alt=14.0000 gap=9.0000 tried=5 sep_labels=14 clique_frac=0.01
t=18841ms iter=315 REBUILD reject new_tc=23.8114 (was 23.3071)
t=18869ms iter=315 incumb=23.3071 ratchet=23.3611 best=23.3013 since_improve=310
t=18871ms iter=316 WAIST cost=23.0000 best_alt=14.0000 gap=9.0000 tried=5 sep_labels=14 clique_frac=0.01
t=18898ms iter=316 REBUILD reject new_tc=23.6459 (was 23.3071)
t=18928ms iter=316 incumb=23.3071 ratchet=24.3047 best=23.3013 since_improve=311
t=18930ms iter=317 WAIST cost=23.0000 best_alt=14.0000 gap=9.0000 tried=5 sep_labels=14 clique_frac=0.01
t=18958ms iter=317 REBUILD reject new_tc=23.3885 (was 23.3071)
t=18987ms iter=317 incumb=23.3071 ratchet=23.3293 best=23.3013 since_improve=312
t=18989ms iter=318 WAIST cost=23.0000 best_alt=13.0000 gap=10.0000 tried=5 sep_labels=13 clique_frac=0.00
t=19017ms iter=318 REBUILD reject new_tc=23.3335 (was 23.3071)
t=19046ms iter=318 incumb=23.3071 ratchet=23.3100 best=23.3013 since_improve=313
t=19049ms iter=319 WAIST cost=23.0000 best_alt=14.0000 gap=9.0000 tried=5 sep_labels=14 clique_frac=0.01
t=19076ms iter=319 REBUILD reject new_tc=23.3541 (was 23.3071)
t=19104ms iter=319 incumb=23.3071 ratchet=23.5613 best=23.3013 since_improve=314
t=19106ms iter=320 WAIST cost=23.0000 best_alt=14.0000 gap=9.0000 tried=5 sep_labels=14 clique_frac=0.01
t=19133ms iter=320 REBUILD reject new_tc=23.8289 (was 23.3071)
t=19161ms iter=320 incumb=23.3071 ratchet=23.3335 best=23.3013 since_improve=315
t=19164ms iter=321 WAIST cost=23.0000 best_alt=13.0000 gap=10.0000 tried=5 sep_labels=13 clique_frac=0.00
t=19192ms iter=321 REBUILD reject new_tc=23.3352 (was 23.3071)
t=19221ms iter=321 incumb=23.3071 ratchet=23.3211 best=23.3013 since_improve=316
t=19224ms iter=322 WAIST cost=23.0000 best_alt=14.0000 gap=9.0000 tried=5 sep_labels=14 clique_frac=0.01
t=19251ms iter=322 REBUILD reject new_tc=23.3733 (was 23.3071)
t=19279ms iter=322 incumb=23.3071 ratchet=23.3387 best=23.3013 since_improve=317
t=19282ms iter=323 WAIST cost=23.0000 best_alt=14.0000 gap=9.0000 tried=5 sep_labels=14 clique_frac=0.01
t=19308ms iter=323 REBUILD reject new_tc=23.6954 (was 23.3071)
t=19337ms iter=323 incumb=23.3071 ratchet=23.3628 best=23.3013 since_improve=318
t=19340ms iter=324 WAIST cost=23.0000 best_alt=12.0000 gap=11.0000 tried=5 sep_labels=12 clique_frac=0.00
t=19367ms iter=324 REBUILD reject new_tc=23.7749 (was 23.3071)
t=19395ms iter=324 incumb=23.3071 ratchet=23.3306 best=23.3013 since_improve=319
t=19398ms iter=325 WAIST cost=23.0000 best_alt=14.0000 gap=9.0000 tried=5 sep_labels=14 clique_frac=0.01
t=19425ms iter=325 REBUILD reject new_tc=23.6844 (was 23.3071)
t=19453ms iter=325 incumb=23.3071 ratchet=23.7180 best=23.3013 since_improve=320
t=19455ms iter=326 WAIST cost=23.0000 best_alt=14.0000 gap=9.0000 tried=5 sep_labels=14 clique_frac=0.01
t=19482ms iter=326 REBUILD reject new_tc=24.3846 (was 23.3071)
t=19509ms iter=326 incumb=23.3071 ratchet=23.4733 best=23.3013 since_improve=321
t=19512ms iter=327 WAIST cost=23.0000 best_alt=14.0000 gap=9.0000 tried=5 sep_labels=14 clique_frac=0.01
t=19538ms iter=327 REBUILD reject new_tc=23.5362 (was 23.3071)
t=19566ms iter=327 incumb=23.3071 ratchet=23.3265 best=23.3013 since_improve=322
t=19568ms iter=328 WAIST cost=23.0000 best_alt=14.0000 gap=9.0000 tried=5 sep_labels=14 clique_frac=0.01
t=19594ms iter=328 REBUILD reject new_tc=23.7988 (was 23.3071)
t=19622ms iter=328 incumb=23.3071 ratchet=23.4710 best=23.3013 since_improve=323
t=19624ms iter=329 WAIST cost=23.0000 best_alt=14.0000 gap=9.0000 tried=5 sep_labels=14 clique_frac=0.01
t=19650ms iter=329 REBUILD reject new_tc=23.8110 (was 23.3071)
t=19678ms iter=329 incumb=23.3071 ratchet=23.4844 best=23.3013 since_improve=324
t=19680ms iter=330 WAIST cost=23.0000 best_alt=14.0000 gap=9.0000 tried=5 sep_labels=14 clique_frac=0.01
t=19706ms iter=330 REBUILD reject new_tc=23.7784 (was 23.3071)
t=19735ms iter=330 incumb=23.3071 ratchet=23.3327 best=23.3013 since_improve=325
t=19737ms iter=331 WAIST cost=23.0000 best_alt=13.0000 gap=10.0000 tried=5 sep_labels=13 clique_frac=0.01
t=19765ms iter=331 REBUILD reject new_tc=23.3526 (was 23.3071)
t=19793ms iter=331 incumb=23.3071 ratchet=23.6950 best=23.3013 since_improve=326
t=19795ms iter=332 WAIST cost=23.0000 best_alt=13.0000 gap=10.0000 tried=5 sep_labels=13 clique_frac=0.01
t=19823ms iter=332 REBUILD reject new_tc=23.3192 (was 23.3071)
t=19853ms iter=332 incumb=23.3071 ratchet=23.3540 best=23.3013 since_improve=327
t=19855ms iter=333 WAIST cost=23.0000 best_alt=14.0000 gap=9.0000 tried=5 sep_labels=14 clique_frac=0.01
t=19882ms iter=333 REBUILD reject new_tc=23.5370 (was 23.3071)
t=19911ms iter=333 incumb=23.3071 ratchet=23.3619 best=23.3013 since_improve=328
t=19914ms iter=334 WAIST cost=23.0000 best_alt=14.0000 gap=9.0000 tried=5 sep_labels=14 clique_frac=0.01
t=19940ms iter=334 REBUILD reject new_tc=23.5122 (was 23.3071)
t=19969ms iter=334 incumb=23.3071 ratchet=23.4898 best=23.3013 since_improve=329
t=19971ms iter=335 WAIST cost=23.0000 best_alt=12.0000 gap=11.0000 tried=5 sep_labels=12 clique_frac=0.00
t=19997ms iter=335 REBUILD reject new_tc=24.1725 (was 23.3071)
t=20026ms iter=335 incumb=23.3071 ratchet=23.4913 best=23.3013 since_improve=330
t=20029ms iter=336 WAIST cost=23.0000 best_alt=12.0000 gap=11.0000 tried=5 sep_labels=12 clique_frac=0.00
t=20055ms iter=336 REBUILD reject new_tc=23.4724 (was 23.3071)
t=20084ms iter=336 incumb=23.3071 ratchet=23.9900 best=23.3013 since_improve=331
t=20087ms iter=337 WAIST cost=23.0000 best_alt=12.0000 gap=11.0000 tried=5 sep_labels=12 clique_frac=0.00
t=20113ms iter=337 REBUILD reject new_tc=23.5525 (was 23.3071)
t=20141ms iter=337 incumb=23.3071 ratchet=23.3342 best=23.3013 since_improve=332
t=20143ms iter=338 WAIST cost=23.0000 best_alt=13.0000 gap=10.0000 tried=5 sep_labels=13 clique_frac=0.01
t=20170ms iter=338 REBUILD reject new_tc=23.8943 (was 23.3071)
t=20199ms iter=338 incumb=23.3071 ratchet=23.3049 best=23.3013 since_improve=0
t=20200ms iter=339 WAIST cost=23.0000 best_alt=7.0000 gap=16.0000 tried=5 sep_labels=7 clique_frac=0.00
t=20241ms iter=339 REBUILD reject new_tc=23.5810 (was 23.3049)
t=20270ms iter=339 incumb=23.3049 ratchet=23.4561 best=23.3013 since_improve=1
t=20272ms iter=340 WAIST cost=23.0000 best_alt=9.0000 gap=14.0000 tried=5 sep_labels=9 clique_frac=0.03
t=20311ms iter=340 REBUILD reject new_tc=23.9536 (was 23.3049)
t=20339ms iter=340 incumb=23.3049 ratchet=23.3360 best=23.3013 since_improve=2
t=20341ms iter=341 WAIST cost=23.0000 best_alt=6.0000 gap=17.0000 tried=5 sep_labels=6 clique_frac=0.00
t=20380ms iter=341 REBUILD reject new_tc=23.9680 (was 23.3049)
t=20409ms iter=341 incumb=23.3049 ratchet=23.4491 best=23.3013 since_improve=3
t=20411ms iter=342 WAIST cost=23.0000 best_alt=6.0000 gap=17.0000 tried=5 sep_labels=6 clique_frac=0.00
t=20452ms iter=342 REBUILD reject new_tc=23.5905 (was 23.3049)
t=20480ms iter=342 incumb=23.3049 ratchet=23.3215 best=23.3013 since_improve=4
t=20481ms iter=343 WAIST cost=23.0000 best_alt=6.0000 gap=17.0000 tried=5 sep_labels=6 clique_frac=0.00
t=20522ms iter=343 REBUILD reject new_tc=23.3279 (was 23.3049)
t=20551ms iter=343 incumb=23.3049 ratchet=23.4794 best=23.3013 since_improve=5
t=20553ms iter=344 WAIST cost=23.0000 best_alt=10.0000 gap=13.0000 tried=5 sep_labels=10 clique_frac=0.02
t=20594ms iter=344 REBUILD reject new_tc=23.3241 (was 23.3049)
t=20622ms iter=344 incumb=23.3049 ratchet=23.3377 best=23.3013 since_improve=6
t=20624ms iter=345 WAIST cost=23.0000 best_alt=6.0000 gap=17.0000 tried=5 sep_labels=6 clique_frac=0.00
t=20667ms iter=345 REBUILD reject new_tc=23.4804 (was 23.3049)
t=20698ms iter=345 incumb=23.3049 ratchet=23.4696 best=23.3013 since_improve=7
t=20700ms iter=346 WAIST cost=23.0000 best_alt=6.0000 gap=17.0000 tried=5 sep_labels=6 clique_frac=0.00
t=20740ms iter=346 REBUILD reject new_tc=23.4340 (was 23.3049)
t=20770ms iter=346 incumb=23.3049 ratchet=23.3270 best=23.3013 since_improve=8
t=20772ms iter=347 WAIST cost=23.0000 best_alt=8.0000 gap=15.0000 tried=5 sep_labels=8 clique_frac=0.04
t=20812ms iter=347 REBUILD reject new_tc=23.3096 (was 23.3049)
t=20840ms iter=347 incumb=23.3049 ratchet=23.4455 best=23.3013 since_improve=9
t=20841ms iter=348 WAIST cost=23.0000 best_alt=6.0000 gap=17.0000 tried=5 sep_labels=6 clique_frac=0.00
t=20881ms iter=348 REBUILD reject new_tc=23.5038 (was 23.3049)
t=20910ms iter=348 incumb=23.3049 ratchet=23.3360 best=23.3013 since_improve=10
t=20912ms iter=349 WAIST cost=23.0000 best_alt=9.0000 gap=14.0000 tried=5 sep_labels=9 clique_frac=0.00
t=20950ms iter=349 REBUILD reject new_tc=24.9649 (was 23.3049)
t=20979ms iter=349 incumb=23.3049 ratchet=23.4728 best=23.3013 since_improve=11
t=20981ms iter=350 WAIST cost=23.0000 best_alt=8.0000 gap=15.0000 tried=5 sep_labels=8 clique_frac=0.11
t=21020ms iter=350 REBUILD reject new_tc=24.9974 (was 23.3049)
t=21048ms iter=350 incumb=23.3049 ratchet=23.4560 best=23.3013 since_improve=12
t=21050ms iter=351 WAIST cost=23.0000 best_alt=6.0000 gap=17.0000 tried=5 sep_labels=6 clique_frac=0.00
t=21089ms iter=351 REBUILD reject new_tc=23.4386 (was 23.3049)
t=21118ms iter=351 incumb=23.3049 ratchet=23.3288 best=23.3013 since_improve=13
t=21120ms iter=352 WAIST cost=23.0000 best_alt=6.0000 gap=17.0000 tried=5 sep_labels=6 clique_frac=0.00
t=21160ms iter=352 REBUILD reject new_tc=23.3461 (was 23.3049)
t=21189ms iter=352 incumb=23.3049 ratchet=23.3213 best=23.3013 since_improve=14
t=21191ms iter=353 WAIST cost=23.0000 best_alt=6.0000 gap=17.0000 tried=5 sep_labels=6 clique_frac=0.00
t=21231ms iter=353 REBUILD reject new_tc=23.4820 (was 23.3049)
t=21260ms iter=353 incumb=23.3049 ratchet=23.3266 best=23.3013 since_improve=15
t=21262ms iter=354 WAIST cost=23.0000 best_alt=8.0000 gap=15.0000 tried=5 sep_labels=8 clique_frac=0.11
t=21301ms iter=354 REBUILD reject new_tc=24.8606 (was 23.3049)
t=21329ms iter=354 incumb=23.3049 ratchet=23.6180 best=23.3013 since_improve=16
t=21331ms iter=355 WAIST cost=23.0000 best_alt=6.0000 gap=17.0000 tried=5 sep_labels=6 clique_frac=0.00
t=21372ms iter=355 REBUILD reject new_tc=23.3370 (was 23.3049)
t=21400ms iter=355 incumb=23.3049 ratchet=23.3285 best=23.3013 since_improve=17
t=21402ms iter=356 WAIST cost=23.0000 best_alt=6.0000 gap=17.0000 tried=5 sep_labels=6 clique_frac=0.00
t=21442ms iter=356 REBUILD reject new_tc=23.8962 (was 23.3049)
t=21471ms iter=356 incumb=23.3049 ratchet=23.3824 best=23.3013 since_improve=18
t=21472ms iter=357 WAIST cost=23.0000 best_alt=6.0000 gap=17.0000 tried=5 sep_labels=6 clique_frac=0.00
t=21514ms iter=357 REBUILD reject new_tc=23.3365 (was 23.3049)
t=21544ms iter=357 incumb=23.3049 ratchet=23.3473 best=23.3013 since_improve=19
t=21545ms iter=358 WAIST cost=23.0000 best_alt=6.0000 gap=17.0000 tried=5 sep_labels=6 clique_frac=0.00
t=21585ms iter=358 REBUILD reject new_tc=23.9346 (was 23.3049)
t=21613ms iter=358 incumb=23.3049 ratchet=23.4029 best=23.3013 since_improve=20
t=21615ms iter=359 WAIST cost=23.0000 best_alt=6.0000 gap=17.0000 tried=5 sep_labels=6 clique_frac=0.00
t=21656ms iter=359 REBUILD reject new_tc=23.3753 (was 23.3049)
t=21685ms iter=359 incumb=23.3049 ratchet=23.3632 best=23.3013 since_improve=21
t=21687ms iter=360 WAIST cost=23.0000 best_alt=6.0000 gap=17.0000 tried=5 sep_labels=6 clique_frac=0.00
t=21727ms iter=360 REBUILD reject new_tc=23.4585 (was 23.3049)
t=21756ms iter=360 incumb=23.3049 ratchet=23.3263 best=23.3013 since_improve=22
t=21758ms iter=361 WAIST cost=23.0000 best_alt=6.0000 gap=17.0000 tried=5 sep_labels=6 clique_frac=0.00
t=21799ms iter=361 REBUILD reject new_tc=23.4014 (was 23.3049)
t=21828ms iter=361 incumb=23.3049 ratchet=23.3079 best=23.3013 since_improve=23
t=21830ms iter=362 WAIST cost=23.0000 best_alt=6.0000 gap=17.0000 tried=5 sep_labels=6 clique_frac=0.00
t=21870ms iter=362 REBUILD reject new_tc=23.4328 (was 23.3049)
t=21899ms iter=362 incumb=23.3049 ratchet=23.3289 best=23.3013 since_improve=24
t=21901ms iter=363 WAIST cost=23.0000 best_alt=8.0000 gap=15.0000 tried=5 sep_labels=8 clique_frac=0.00
t=21941ms iter=363 REBUILD reject new_tc=23.6044 (was 23.3049)
t=21970ms iter=363 incumb=23.3049 ratchet=23.3426 best=23.3013 since_improve=25
t=21972ms iter=364 WAIST cost=23.0000 best_alt=6.0000 gap=17.0000 tried=5 sep_labels=6 clique_frac=0.00
t=22012ms iter=364 REBUILD reject new_tc=23.9019 (was 23.3049)
t=22040ms iter=364 incumb=23.3049 ratchet=23.3103 best=23.3013 since_improve=26
t=22041ms iter=365 WAIST cost=23.0000 best_alt=6.0000 gap=17.0000 tried=5 sep_labels=6 clique_frac=0.00
t=22082ms iter=365 REBUILD reject new_tc=23.4538 (was 23.3049)
t=22110ms iter=365 incumb=23.3049 ratchet=23.3290 best=23.3013 since_improve=27
t=22112ms iter=366 WAIST cost=23.0000 best_alt=9.0000 gap=14.0000 tried=5 sep_labels=9 clique_frac=0.03
t=22152ms iter=366 REBUILD reject new_tc=24.0722 (was 23.3049)
t=22181ms iter=366 incumb=23.3049 ratchet=23.3340 best=23.3013 since_improve=28
t=22182ms iter=367 WAIST cost=23.0000 best_alt=10.0000 gap=13.0000 tried=5 sep_labels=10 clique_frac=0.02
t=22223ms iter=367 REBUILD reject new_tc=23.5216 (was 23.3049)
t=22251ms iter=367 incumb=23.3049 ratchet=23.3283 best=23.3013 since_improve=29
t=22253ms iter=368 WAIST cost=23.0000 best_alt=6.0000 gap=17.0000 tried=5 sep_labels=6 clique_frac=0.00
t=22293ms iter=368 REBUILD reject new_tc=23.9152 (was 23.3049)
t=22321ms iter=368 incumb=23.3049 ratchet=23.4336 best=23.3013 since_improve=30
t=22323ms iter=369 WAIST cost=23.0000 best_alt=6.0000 gap=17.0000 tried=5 sep_labels=6 clique_frac=0.00
t=22364ms iter=369 REBUILD reject new_tc=23.3353 (was 23.3049)
t=22393ms iter=369 incumb=23.3049 ratchet=23.3458 best=23.3013 since_improve=31
t=22395ms iter=370 WAIST cost=23.0000 best_alt=6.0000 gap=17.0000 tried=5 sep_labels=6 clique_frac=0.00
t=22435ms iter=370 REBUILD reject new_tc=23.5462 (was 23.3049)
t=22464ms iter=370 incumb=23.3049 ratchet=23.4811 best=23.3013 since_improve=32
t=22466ms iter=371 WAIST cost=23.0000 best_alt=7.0000 gap=16.0000 tried=5 sep_labels=7 clique_frac=0.00
t=22507ms iter=371 REBUILD reject new_tc=23.5675 (was 23.3049)
t=22535ms iter=371 incumb=23.3049 ratchet=23.8827 best=23.3013 since_improve=33
t=22536ms iter=372 WAIST cost=23.0000 best_alt=6.0000 gap=17.0000 tried=5 sep_labels=6 clique_frac=0.00
t=22576ms iter=372 REBUILD reject new_tc=23.9917 (was 23.3049)
t=22605ms iter=372 incumb=23.3049 ratchet=23.3299 best=23.3013 since_improve=34
t=22607ms iter=373 WAIST cost=23.0000 best_alt=10.0000 gap=13.0000 tried=5 sep_labels=10 clique_frac=0.02
t=22648ms iter=373 REBUILD reject new_tc=23.3354 (was 23.3049)
t=22677ms iter=373 incumb=23.3049 ratchet=23.4107 best=23.3013 since_improve=35
t=22679ms iter=374 WAIST cost=23.0000 best_alt=10.0000 gap=13.0000 tried=5 sep_labels=10 clique_frac=0.02
t=22720ms iter=374 REBUILD reject new_tc=23.4820 (was 23.3049)
t=22749ms iter=374 incumb=23.3049 ratchet=23.4010 best=23.3013 since_improve=36
t=22751ms iter=375 WAIST cost=23.0000 best_alt=6.0000 gap=17.0000 tried=5 sep_labels=6 clique_frac=0.00
t=22791ms iter=375 REBUILD reject new_tc=23.4093 (was 23.3049)
t=22821ms iter=375 incumb=23.3049 ratchet=23.3275 best=23.3013 since_improve=37
t=22823ms iter=376 WAIST cost=23.0000 best_alt=6.0000 gap=17.0000 tried=5 sep_labels=6 clique_frac=0.00
t=22862ms iter=376 REBUILD reject new_tc=23.4762 (was 23.3049)
t=22891ms iter=376 incumb=23.3049 ratchet=23.4168 best=23.3013 since_improve=38
t=22893ms iter=377 WAIST cost=23.0000 best_alt=6.0000 gap=17.0000 tried=5 sep_labels=6 clique_frac=0.00
t=22933ms iter=377 REBUILD reject new_tc=23.3248 (was 23.3049)
t=22963ms iter=377 incumb=23.3049 ratchet=23.3869 best=23.3013 since_improve=39
t=22964ms iter=378 WAIST cost=23.0000 best_alt=6.0000 gap=17.0000 tried=5 sep_labels=6 clique_frac=0.00
t=23004ms iter=378 REBUILD reject new_tc=23.8080 (was 23.3049)
t=23033ms iter=378 incumb=23.3049 ratchet=23.3431 best=23.3013 since_improve=40
t=23035ms iter=379 WAIST cost=23.0000 best_alt=7.0000 gap=16.0000 tried=5 sep_labels=7 clique_frac=0.00
t=23076ms iter=379 REBUILD reject new_tc=23.3492 (was 23.3049)
t=23104ms iter=379 incumb=23.3049 ratchet=23.8670 best=23.3013 since_improve=41
t=23106ms iter=380 WAIST cost=23.0000 best_alt=6.0000 gap=17.0000 tried=5 sep_labels=6 clique_frac=0.00
t=23146ms iter=380 REBUILD reject new_tc=23.4609 (was 23.3049)
t=23175ms iter=380 incumb=23.3049 ratchet=23.3351 best=23.3013 since_improve=42
t=23177ms iter=381 WAIST cost=23.0000 best_alt=6.0000 gap=17.0000 tried=5 sep_labels=6 clique_frac=0.00
t=23217ms iter=381 REBUILD reject new_tc=23.8869 (was 23.3049)
t=23246ms iter=381 incumb=23.3049 ratchet=23.3296 best=23.3013 since_improve=43
t=23248ms iter=382 WAIST cost=23.0000 best_alt=7.0000 gap=16.0000 tried=5 sep_labels=7 clique_frac=0.00
t=23297ms iter=382 REBUILD reject new_tc=24.0653 (was 23.3049)
t=23326ms iter=382 incumb=23.3049 ratchet=23.4668 best=23.3013 since_improve=44
t=23328ms iter=383 WAIST cost=23.0000 best_alt=6.0000 gap=17.0000 tried=5 sep_labels=6 clique_frac=0.00
t=23368ms iter=383 REBUILD reject new_tc=23.3461 (was 23.3049)
t=23397ms iter=383 incumb=23.3049 ratchet=23.3852 best=23.3013 since_improve=45
t=23399ms iter=384 WAIST cost=23.0000 best_alt=6.0000 gap=17.0000 tried=5 sep_labels=6 clique_frac=0.00
t=23439ms iter=384 REBUILD reject new_tc=23.5576 (was 23.3049)
t=23467ms iter=384 incumb=23.3049 ratchet=23.3688 best=23.3013 since_improve=46
t=23468ms iter=385 WAIST cost=23.0000 best_alt=6.0000 gap=17.0000 tried=5 sep_labels=6 clique_frac=0.00
t=23509ms iter=385 REBUILD reject new_tc=23.5119 (was 23.3049)
t=23537ms iter=385 incumb=23.3049 ratchet=23.4382 best=23.3013 since_improve=47
t=23539ms iter=386 WAIST cost=23.0000 best_alt=6.0000 gap=17.0000 tried=5 sep_labels=6 clique_frac=0.00
t=23579ms iter=386 REBUILD reject new_tc=23.5578 (was 23.3049)
t=23607ms iter=386 incumb=23.3049 ratchet=23.5585 best=23.3013 since_improve=48
t=23609ms iter=387 WAIST cost=23.0000 best_alt=7.0000 gap=16.0000 tried=5 sep_labels=7 clique_frac=0.00
t=23650ms iter=387 REBUILD reject new_tc=23.5258 (was 23.3049)
t=23679ms iter=387 incumb=23.3049 ratchet=23.4574 best=23.3013 since_improve=49
t=23681ms iter=388 WAIST cost=23.0000 best_alt=6.0000 gap=17.0000 tried=5 sep_labels=6 clique_frac=0.00
t=23721ms iter=388 REBUILD reject new_tc=23.3143 (was 23.3049)
t=23749ms iter=388 incumb=23.3049 ratchet=23.3342 best=23.3013 since_improve=50
t=23751ms iter=389 WAIST cost=23.0000 best_alt=6.0000 gap=17.0000 tried=5 sep_labels=6 clique_frac=0.00
t=23791ms iter=389 REBUILD reject new_tc=23.4532 (was 23.3049)
t=23820ms iter=389 incumb=23.3049 ratchet=23.4677 best=23.3013 since_improve=51
t=23822ms iter=390 WAIST cost=23.0000 best_alt=10.0000 gap=13.0000 tried=5 sep_labels=10 clique_frac=0.02
t=23863ms iter=390 REBUILD reject new_tc=23.3629 (was 23.3049)
t=23892ms iter=390 incumb=23.3049 ratchet=23.3304 best=23.3013 since_improve=52
t=23893ms iter=391 WAIST cost=23.0000 best_alt=10.0000 gap=13.0000 tried=5 sep_labels=10 clique_frac=0.02
t=23933ms iter=391 REBUILD reject new_tc=23.4857 (was 23.3049)
t=23963ms iter=391 incumb=23.3049 ratchet=23.3300 best=23.3013 since_improve=53
t=23964ms iter=392 WAIST cost=23.0000 best_alt=8.0000 gap=15.0000 tried=5 sep_labels=8 clique_frac=0.07
t=24005ms iter=392 REBUILD reject new_tc=23.4771 (was 23.3049)
t=24033ms iter=392 incumb=23.3049 ratchet=23.3303 best=23.3013 since_improve=54
t=24034ms iter=393 WAIST cost=23.0000 best_alt=6.0000 gap=17.0000 tried=5 sep_labels=6 clique_frac=0.00
t=24075ms iter=393 REBUILD reject new_tc=23.3073 (was 23.3049)
t=24104ms iter=393 incumb=23.3049 ratchet=23.3387 best=23.3013 since_improve=55
t=24106ms iter=394 WAIST cost=23.0000 best_alt=10.0000 gap=13.0000 tried=5 sep_labels=10 clique_frac=0.02
t=24147ms iter=394 REBUILD reject new_tc=23.4051 (was 23.3049)
t=24176ms iter=394 incumb=23.3049 ratchet=23.3252 best=23.3013 since_improve=56
t=24177ms iter=395 WAIST cost=23.0000 best_alt=10.0000 gap=13.0000 tried=5 sep_labels=10 clique_frac=0.02
t=24217ms iter=395 REBUILD reject new_tc=23.4757 (was 23.3049)
t=24246ms iter=395 incumb=23.3049 ratchet=23.3292 best=23.3013 since_improve=57
t=24248ms iter=396 WAIST cost=23.0000 best_alt=8.0000 gap=15.0000 tried=5 sep_labels=8 clique_frac=0.07
t=24290ms iter=396 REBUILD reject new_tc=23.3517 (was 23.3049)
t=24319ms iter=396 incumb=23.3049 ratchet=23.4647 best=23.3013 since_improve=58
t=24321ms iter=397 WAIST cost=23.0000 best_alt=6.0000 gap=17.0000 tried=5 sep_labels=6 clique_frac=0.00
t=24361ms iter=397 REBUILD reject new_tc=23.3815 (was 23.3049)
t=24390ms iter=397 incumb=23.3049 ratchet=23.3339 best=23.3013 since_improve=59
t=24392ms iter=398 WAIST cost=23.0000 best_alt=6.0000 gap=17.0000 tried=5 sep_labels=6 clique_frac=0.00
t=24433ms iter=398 REBUILD reject new_tc=23.3345 (was 23.3049)
t=24462ms iter=398 incumb=23.3049 ratchet=23.3299 best=23.3013 since_improve=60
t=24464ms iter=399 WAIST cost=23.0000 best_alt=6.0000 gap=17.0000 tried=5 sep_labels=6 clique_frac=0.00
t=24503ms iter=399 REBUILD reject new_tc=23.8097 (was 23.3049)
t=24532ms iter=399 incumb=23.3049 ratchet=23.5912 best=23.3013 since_improve=61
t=24534ms iter=400 WAIST cost=23.0000 best_alt=6.0000 gap=17.0000 tried=5 sep_labels=6 clique_frac=0.00
t=24575ms iter=400 REBUILD reject new_tc=23.8621 (was 23.3049)
t=24603ms iter=400 incumb=23.3049 ratchet=23.3130 best=23.3013 since_improve=62
t=24605ms iter=401 WAIST cost=23.0000 best_alt=9.0000 gap=14.0000 tried=5 sep_labels=9 clique_frac=0.06
t=24647ms iter=401 REBUILD reject new_tc=23.3101 (was 23.3049)
t=24675ms iter=401 incumb=23.3049 ratchet=23.3290 best=23.3013 since_improve=63
t=24677ms iter=402 WAIST cost=23.0000 best_alt=10.0000 gap=13.0000 tried=5 sep_labels=10 clique_frac=0.02
t=24717ms iter=402 REBUILD reject new_tc=23.5111 (was 23.3049)
t=24746ms iter=402 incumb=23.3049 ratchet=23.4641 best=23.3013 since_improve=64
t=24748ms iter=403 WAIST cost=23.0000 best_alt=6.0000 gap=17.0000 tried=5 sep_labels=6 clique_frac=0.00
t=24788ms iter=403 REBUILD reject new_tc=23.6230 (was 23.3049)
t=24818ms iter=403 incumb=23.3049 ratchet=23.3483 best=23.3013 since_improve=65
t=24820ms iter=404 WAIST cost=23.0000 best_alt=6.0000 gap=17.0000 tried=5 sep_labels=6 clique_frac=0.00
t=24860ms iter=404 REBUILD reject new_tc=23.8577 (was 23.3049)
t=24889ms iter=404 incumb=23.3049 ratchet=23.3955 best=23.3013 since_improve=66
t=24891ms iter=405 WAIST cost=23.0000 best_alt=6.0000 gap=17.0000 tried=5 sep_labels=6 clique_frac=0.00
t=24931ms iter=405 REBUILD reject new_tc=23.4558 (was 23.3049)
t=24959ms iter=405 incumb=23.3049 ratchet=23.6700 best=23.3013 since_improve=67
t=24960ms iter=406 WAIST cost=23.0000 best_alt=6.0000 gap=17.0000 tried=5 sep_labels=6 clique_frac=0.00
t=25000ms iter=406 REBUILD reject new_tc=23.4789 (was 23.3049)
t=25029ms iter=406 incumb=23.3049 ratchet=23.3293 best=23.3013 since_improve=68
t=25031ms iter=407 WAIST cost=23.0000 best_alt=6.0000 gap=17.0000 tried=5 sep_labels=6 clique_frac=0.00
t=25071ms iter=407 REBUILD reject new_tc=23.4114 (was 23.3049)
t=25099ms iter=407 incumb=23.3049 ratchet=23.3557 best=23.3013 since_improve=69
t=25101ms iter=408 WAIST cost=23.0000 best_alt=10.0000 gap=13.0000 tried=5 sep_labels=10 clique_frac=0.02
t=25142ms iter=408 REBUILD reject new_tc=23.3631 (was 23.3049)
t=25171ms iter=408 incumb=23.3049 ratchet=23.3368 best=23.3013 since_improve=70
t=25173ms iter=409 WAIST cost=23.0000 best_alt=6.0000 gap=17.0000 tried=5 sep_labels=6 clique_frac=0.00
t=25213ms iter=409 REBUILD reject new_tc=23.9020 (was 23.3049)
t=25243ms iter=409 incumb=23.3049 ratchet=23.3693 best=23.3013 since_improve=71
t=25244ms iter=410 WAIST cost=23.0000 best_alt=6.0000 gap=17.0000 tried=5 sep_labels=6 clique_frac=0.00
t=25284ms iter=410 REBUILD reject new_tc=23.3280 (was 23.3049)
t=25314ms iter=410 incumb=23.3049 ratchet=23.4826 best=23.3013 since_improve=72
t=25315ms iter=411 WAIST cost=23.0000 best_alt=6.0000 gap=17.0000 tried=5 sep_labels=6 clique_frac=0.00
t=25355ms iter=411 REBUILD reject new_tc=23.6949 (was 23.3049)
t=25384ms iter=411 incumb=23.3049 ratchet=23.3468 best=23.3013 since_improve=73
t=25386ms iter=412 WAIST cost=23.0000 best_alt=6.0000 gap=17.0000 tried=5 sep_labels=6 clique_frac=0.00
t=25426ms iter=412 REBUILD reject new_tc=23.4661 (was 23.3049)
t=25455ms iter=412 incumb=23.3049 ratchet=23.8670 best=23.3013 since_improve=74
t=25457ms iter=413 WAIST cost=23.0000 best_alt=6.0000 gap=17.0000 tried=5 sep_labels=6 clique_frac=0.00
t=25497ms iter=413 REBUILD reject new_tc=23.3141 (was 23.3049)
t=25526ms iter=413 incumb=23.3049 ratchet=23.4703 best=23.3013 since_improve=75
t=25528ms iter=414 WAIST cost=23.0000 best_alt=8.0000 gap=15.0000 tried=5 sep_labels=8 clique_frac=0.00
t=25568ms iter=414 REBUILD reject new_tc=23.3370 (was 23.3049)
t=25596ms iter=414 incumb=23.3049 ratchet=23.3471 best=23.3013 since_improve=76
t=25598ms iter=415 WAIST cost=23.0000 best_alt=6.0000 gap=17.0000 tried=5 sep_labels=6 clique_frac=0.00
t=25637ms iter=415 REBUILD reject new_tc=24.8411 (was 23.3049)
t=25665ms iter=415 incumb=23.3049 ratchet=23.8759 best=23.3013 since_improve=77
t=25667ms iter=416 WAIST cost=23.0000 best_alt=6.0000 gap=17.0000 tried=5 sep_labels=6 clique_frac=0.00
t=25708ms iter=416 REBUILD reject new_tc=23.3159 (was 23.3049)
t=25737ms iter=416 incumb=23.3049 ratchet=23.4491 best=23.3013 since_improve=78
t=25740ms iter=417 WAIST cost=23.0000 best_alt=6.0000 gap=17.0000 tried=5 sep_labels=6 clique_frac=0.00
t=25780ms iter=417 REBUILD reject new_tc=23.4957 (was 23.3049)
t=25807ms iter=417 incumb=23.3049 ratchet=23.4072 best=23.3013 since_improve=79
t=25809ms iter=418 WAIST cost=23.0000 best_alt=9.0000 gap=14.0000 tried=5 sep_labels=9 clique_frac=0.00
t=25849ms iter=418 REBUILD reject new_tc=23.3304 (was 23.3049)
t=25878ms iter=418 incumb=23.3049 ratchet=23.3343 best=23.3013 since_improve=80
t=25880ms iter=419 WAIST cost=23.0000 best_alt=9.0000 gap=14.0000 tried=5 sep_labels=9 clique_frac=0.08
t=25921ms iter=419 REBUILD reject new_tc=23.3595 (was 23.3049)
t=25949ms iter=419 incumb=23.3049 ratchet=23.8878 best=23.3013 since_improve=81
t=25951ms iter=420 WAIST cost=23.0000 best_alt=6.0000 gap=17.0000 tried=5 sep_labels=6 clique_frac=0.00
t=25992ms iter=420 REBUILD reject new_tc=23.3409 (was 23.3049)
t=26021ms iter=420 incumb=23.3049 ratchet=23.4191 best=23.3013 since_improve=82
t=26023ms iter=421 WAIST cost=23.0000 best_alt=8.0000 gap=15.0000 tried=5 sep_labels=8 clique_frac=0.00
t=26063ms iter=421 REBUILD reject new_tc=23.5290 (was 23.3049)
t=26092ms iter=421 incumb=23.3049 ratchet=23.3613 best=23.3013 since_improve=83
t=26094ms iter=422 WAIST cost=23.0000 best_alt=6.0000 gap=17.0000 tried=5 sep_labels=6 clique_frac=0.00
t=26133ms iter=422 REBUILD reject new_tc=23.3971 (was 23.3049)
t=26161ms iter=422 incumb=23.3049 ratchet=23.3654 best=23.3013 since_improve=84
t=26163ms iter=423 WAIST cost=23.0000 best_alt=6.0000 gap=17.0000 tried=5 sep_labels=6 clique_frac=0.00
t=26206ms iter=423 REBUILD reject new_tc=23.3236 (was 23.3049)
t=26235ms iter=423 incumb=23.3049 ratchet=23.4627 best=23.3013 since_improve=85
t=26237ms iter=424 WAIST cost=23.0000 best_alt=6.0000 gap=17.0000 tried=5 sep_labels=6 clique_frac=0.00
t=26277ms iter=424 REBUILD reject new_tc=23.3095 (was 23.3049)
t=26307ms iter=424 incumb=23.3049 ratchet=23.3630 best=23.3013 since_improve=86
t=26309ms iter=425 WAIST cost=23.0000 best_alt=6.0000 gap=17.0000 tried=5 sep_labels=6 clique_frac=0.00
t=26349ms iter=425 REBUILD reject new_tc=23.5199 (was 23.3049)
t=26378ms iter=425 incumb=23.3049 ratchet=23.4380 best=23.3013 since_improve=87
t=26380ms iter=426 WAIST cost=23.0000 best_alt=6.0000 gap=17.0000 tried=5 sep_labels=6 clique_frac=0.00
t=26419ms iter=426 REBUILD reject new_tc=24.1093 (was 23.3049)
t=26448ms iter=426 incumb=23.3049 ratchet=23.3228 best=23.3013 since_improve=88
t=26450ms iter=427 WAIST cost=23.0000 best_alt=6.0000 gap=17.0000 tried=5 sep_labels=6 clique_frac=0.00
t=26492ms iter=427 REBUILD reject new_tc=23.4801 (was 23.3049)
t=26521ms iter=427 incumb=23.3049 ratchet=23.5859 best=23.3013 since_improve=89
t=26523ms iter=428 WAIST cost=23.0000 best_alt=8.0000 gap=15.0000 tried=5 sep_labels=8 clique_frac=0.07
t=26563ms iter=428 REBUILD reject new_tc=23.3275 (was 23.3049)
t=26591ms iter=428 incumb=23.3049 ratchet=23.4612 best=23.3013 since_improve=90
t=26592ms iter=429 WAIST cost=23.0000 best_alt=9.0000 gap=14.0000 tried=5 sep_labels=9 clique_frac=0.00
t=26634ms iter=429 REBUILD reject new_tc=24.7453 (was 23.3049)
t=26662ms iter=429 incumb=23.3049 ratchet=23.3271 best=23.3013 since_improve=91
t=26664ms iter=430 WAIST cost=23.0000 best_alt=6.0000 gap=17.0000 tried=5 sep_labels=6 clique_frac=0.00
t=26704ms iter=430 REBUILD reject new_tc=23.4769 (was 23.3049)
t=26733ms iter=430 incumb=23.3049 ratchet=23.3308 best=23.3013 since_improve=92
t=26735ms iter=431 WAIST cost=23.0000 best_alt=6.0000 gap=17.0000 tried=5 sep_labels=6 clique_frac=0.00
t=26775ms iter=431 REBUILD reject new_tc=23.3291 (was 23.3049)
t=26802ms iter=431 incumb=23.3049 ratchet=23.4931 best=23.3013 since_improve=93
t=26804ms iter=432 WAIST cost=23.0000 best_alt=6.0000 gap=17.0000 tried=5 sep_labels=6 clique_frac=0.00
t=26844ms iter=432 REBUILD reject new_tc=23.3186 (was 23.3049)
t=26874ms iter=432 incumb=23.3049 ratchet=23.3422 best=23.3013 since_improve=94
t=26876ms iter=433 WAIST cost=23.0000 best_alt=6.0000 gap=17.0000 tried=5 sep_labels=6 clique_frac=0.00
t=26916ms iter=433 REBUILD reject new_tc=23.5430 (was 23.3049)
t=26945ms iter=433 incumb=23.3049 ratchet=23.3476 best=23.3013 since_improve=95
t=26947ms iter=434 WAIST cost=23.0000 best_alt=6.0000 gap=17.0000 tried=5 sep_labels=6 clique_frac=0.00
t=26986ms iter=434 REBUILD reject new_tc=23.8630 (was 23.3049)
t=27016ms iter=434 incumb=23.3049 ratchet=23.5061 best=23.3013 since_improve=96
t=27018ms iter=435 WAIST cost=23.0000 best_alt=6.0000 gap=17.0000 tried=5 sep_labels=6 clique_frac=0.00
t=27058ms iter=435 REBUILD reject new_tc=23.3892 (was 23.3049)
t=27087ms iter=435 incumb=23.3049 ratchet=23.3101 best=23.3013 since_improve=97
t=27088ms iter=436 WAIST cost=23.0000 best_alt=6.0000 gap=17.0000 tried=5 sep_labels=6 clique_frac=0.00
t=27130ms iter=436 REBUILD reject new_tc=23.5167 (was 23.3049)
t=27159ms iter=436 incumb=23.3049 ratchet=23.3588 best=23.3013 since_improve=98
t=27161ms iter=437 WAIST cost=23.0000 best_alt=10.0000 gap=13.0000 tried=5 sep_labels=10 clique_frac=0.02
t=27203ms iter=437 REBUILD reject new_tc=23.3068 (was 23.3049)
t=27231ms iter=437 incumb=23.3049 ratchet=23.3700 best=23.3013 since_improve=99
t=27233ms iter=438 WAIST cost=23.0000 best_alt=10.0000 gap=13.0000 tried=5 sep_labels=10 clique_frac=0.02
t=27273ms iter=438 REBUILD reject new_tc=23.6986 (was 23.3049)
t=27301ms iter=438 incumb=23.3049 ratchet=23.3274 best=23.3013 since_improve=100
t=27303ms iter=439 WAIST cost=23.0000 best_alt=7.0000 gap=16.0000 tried=5 sep_labels=7 clique_frac=0.00
t=27344ms iter=439 REBUILD reject new_tc=23.3211 (was 23.3049)
t=27374ms iter=439 incumb=23.3049 ratchet=23.3996 best=23.3013 since_improve=101
t=27376ms iter=440 WAIST cost=23.0000 best_alt=8.0000 gap=15.0000 tried=5 sep_labels=8 clique_frac=0.11
t=27415ms iter=440 REBUILD reject new_tc=25.4647 (was 23.3049)
t=27444ms iter=440 incumb=23.3049 ratchet=23.3398 best=23.3013 since_improve=102
t=27445ms iter=441 WAIST cost=23.0000 best_alt=6.0000 gap=17.0000 tried=5 sep_labels=6 clique_frac=0.00
t=27485ms iter=441 REBUILD reject new_tc=23.4788 (was 23.3049)
t=27514ms iter=441 incumb=23.3049 ratchet=23.3251 best=23.3013 since_improve=103
t=27516ms iter=442 WAIST cost=23.0000 best_alt=6.0000 gap=17.0000 tried=5 sep_labels=6 clique_frac=0.00
t=27557ms iter=442 REBUILD reject new_tc=23.4773 (was 23.3049)
t=27586ms iter=442 incumb=23.3049 ratchet=23.3401 best=23.3013 since_improve=104
t=27588ms iter=443 WAIST cost=23.0000 best_alt=6.0000 gap=17.0000 tried=5 sep_labels=6 clique_frac=0.00
t=27628ms iter=443 REBUILD reject new_tc=23.8878 (was 23.3049)
t=27657ms iter=443 incumb=23.3049 ratchet=23.4649 best=23.3013 since_improve=105
t=27659ms iter=444 WAIST cost=23.0000 best_alt=6.0000 gap=17.0000 tried=5 sep_labels=6 clique_frac=0.00
t=27699ms iter=444 REBUILD reject new_tc=23.4711 (was 23.3049)
t=27728ms iter=444 incumb=23.3049 ratchet=23.3330 best=23.3013 since_improve=106
t=27730ms iter=445 WAIST cost=23.0000 best_alt=9.0000 gap=14.0000 tried=5 sep_labels=9 clique_frac=0.08
t=27769ms iter=445 REBUILD reject new_tc=23.4856 (was 23.3049)
t=27798ms iter=445 incumb=23.3049 ratchet=23.3287 best=23.3013 since_improve=107
t=27799ms iter=446 WAIST cost=23.0000 best_alt=8.0000 gap=15.0000 tried=5 sep_labels=8 clique_frac=0.04
t=27839ms iter=446 REBUILD reject new_tc=23.6564 (was 23.3049)
t=27868ms iter=446 incumb=23.3049 ratchet=23.7100 best=23.3013 since_improve=108
t=27870ms iter=447 WAIST cost=23.0000 best_alt=6.0000 gap=17.0000 tried=5 sep_labels=6 clique_frac=0.00
t=27910ms iter=447 REBUILD reject new_tc=23.3103 (was 23.3049)
t=27938ms iter=447 incumb=23.3049 ratchet=23.3644 best=23.3013 since_improve=109
t=27940ms iter=448 WAIST cost=23.0000 best_alt=6.0000 gap=17.0000 tried=5 sep_labels=6 clique_frac=0.00
t=27979ms iter=448 REBUILD reject new_tc=24.0704 (was 23.3049)
t=28008ms iter=448 incumb=23.3049 ratchet=23.4748 best=23.3013 since_improve=110
t=28010ms iter=449 WAIST cost=23.0000 best_alt=6.0000 gap=17.0000 tried=5 sep_labels=6 clique_frac=0.00
t=28051ms iter=449 REBUILD reject new_tc=23.3255 (was 23.3049)
t=28080ms iter=449 incumb=23.3049 ratchet=23.4068 best=23.3013 since_improve=111
t=28081ms iter=450 WAIST cost=23.0000 best_alt=6.0000 gap=17.0000 tried=5 sep_labels=6 clique_frac=0.00
t=28121ms iter=450 REBUILD reject new_tc=23.4765 (was 23.3049)
t=28150ms iter=450 incumb=23.3049 ratchet=23.3353 best=23.3013 since_improve=112
t=28152ms iter=451 WAIST cost=23.0000 best_alt=6.0000 gap=17.0000 tried=5 sep_labels=6 clique_frac=0.00
t=28192ms iter=451 REBUILD reject new_tc=23.4842 (was 23.3049)
t=28221ms iter=451 incumb=23.3049 ratchet=23.4286 best=23.3013 since_improve=113
t=28223ms iter=452 WAIST cost=23.0000 best_alt=6.0000 gap=17.0000 tried=5 sep_labels=6 clique_frac=0.00
t=28263ms iter=452 REBUILD reject new_tc=23.4768 (was 23.3049)
t=28293ms iter=452 incumb=23.3049 ratchet=23.3794 best=23.3013 since_improve=114
t=28294ms iter=453 WAIST cost=23.0000 best_alt=9.0000 gap=14.0000 tried=5 sep_labels=9 clique_frac=0.06
t=28335ms iter=453 REBUILD reject new_tc=24.0443 (was 23.3049)
t=28364ms iter=453 incumb=23.3049 ratchet=23.4861 best=23.3013 since_improve=115
t=28366ms iter=454 WAIST cost=23.0000 best_alt=6.0000 gap=17.0000 tried=5 sep_labels=6 clique_frac=0.00
t=28406ms iter=454 REBUILD reject new_tc=23.4815 (was 23.3049)
t=28435ms iter=454 incumb=23.3049 ratchet=23.3127 best=23.3013 since_improve=116
t=28437ms iter=455 WAIST cost=23.0000 best_alt=6.0000 gap=17.0000 tried=5 sep_labels=6 clique_frac=0.00
t=28477ms iter=455 REBUILD reject new_tc=23.5192 (was 23.3049)
t=28505ms iter=455 incumb=23.3049 ratchet=23.3280 best=23.3013 since_improve=117
t=28507ms iter=456 WAIST cost=23.0000 best_alt=6.0000 gap=17.0000 tried=5 sep_labels=6 clique_frac=0.00
t=28546ms iter=456 REBUILD reject new_tc=23.4878 (was 23.3049)
t=28575ms iter=456 incumb=23.3049 ratchet=23.4523 best=23.3013 since_improve=118
t=28577ms iter=457 WAIST cost=23.0000 best_alt=6.0000 gap=17.0000 tried=5 sep_labels=6 clique_frac=0.00
t=28618ms iter=457 REBUILD reject new_tc=23.8652 (was 23.3049)
t=28646ms iter=457 incumb=23.3049 ratchet=23.3203 best=23.3013 since_improve=119
t=28648ms iter=458 WAIST cost=23.0000 best_alt=6.0000 gap=17.0000 tried=5 sep_labels=6 clique_frac=0.00
t=28689ms iter=458 REBUILD reject new_tc=23.3356 (was 23.3049)
t=28718ms iter=458 incumb=23.3049 ratchet=23.3245 best=23.3013 since_improve=120
t=28720ms iter=459 WAIST cost=23.0000 best_alt=6.0000 gap=17.0000 tried=5 sep_labels=6 clique_frac=0.00
t=28760ms iter=459 REBUILD reject new_tc=23.5153 (was 23.3049)
t=28811ms iter=459 incumb=23.3049 ratchet=23.3307 best=23.3013 since_improve=121
t=28815ms iter=460 WAIST cost=23.0000 best_alt=6.0000 gap=17.0000 tried=5 sep_labels=6 clique_frac=0.00
t=28870ms iter=460 REBUILD reject new_tc=23.4752 (was 23.3049)
t=28899ms iter=460 incumb=23.3049 ratchet=23.3287 best=23.3013 since_improve=122
t=28901ms iter=461 WAIST cost=23.0000 best_alt=9.0000 gap=14.0000 tried=5 sep_labels=9 clique_frac=0.00
t=28941ms iter=461 REBUILD reject new_tc=23.9682 (was 23.3049)
t=28970ms iter=461 incumb=23.3049 ratchet=23.4817 best=23.3013 since_improve=123
t=28972ms iter=462 WAIST cost=23.0000 best_alt=6.0000 gap=17.0000 tried=5 sep_labels=6 clique_frac=0.00
t=29013ms iter=462 REBUILD reject new_tc=23.3505 (was 23.3049)
t=29040ms iter=462 incumb=23.3049 ratchet=23.4650 best=23.3013 since_improve=124
t=29042ms iter=463 WAIST cost=23.0000 best_alt=6.0000 gap=17.0000 tried=5 sep_labels=6 clique_frac=0.00
t=29083ms iter=463 REBUILD reject new_tc=23.4072 (was 23.3049)
t=29113ms iter=463 incumb=23.3049 ratchet=23.3333 best=23.3013 since_improve=125
t=29114ms iter=464 WAIST cost=23.0000 best_alt=6.0000 gap=17.0000 tried=5 sep_labels=6 clique_frac=0.00
t=29154ms iter=464 REBUILD reject new_tc=23.4767 (was 23.3049)
t=29182ms iter=464 incumb=23.3049 ratchet=23.4640 best=23.3013 since_improve=126
t=29184ms iter=465 WAIST cost=23.0000 best_alt=6.0000 gap=17.0000 tried=5 sep_labels=6 clique_frac=0.00
t=29225ms iter=465 REBUILD reject new_tc=23.8806 (was 23.3049)
t=29253ms iter=465 incumb=23.3049 ratchet=23.3482 best=23.3013 since_improve=127
t=29255ms iter=466 WAIST cost=23.0000 best_alt=6.0000 gap=17.0000 tried=5 sep_labels=6 clique_frac=0.00
t=29295ms iter=466 REBUILD reject new_tc=23.3328 (was 23.3049)
t=29325ms iter=466 incumb=23.3049 ratchet=23.5255 best=23.3013 since_improve=128
t=29326ms iter=467 WAIST cost=23.0000 best_alt=7.0000 gap=16.0000 tried=5 sep_labels=7 clique_frac=0.00
t=29367ms iter=467 REBUILD reject new_tc=23.3617 (was 23.3049)
t=29400ms iter=467 incumb=23.3049 ratchet=23.3279 best=23.3013 since_improve=129
t=29406ms iter=468 WAIST cost=23.0000 best_alt=6.0000 gap=17.0000 tried=5 sep_labels=6 clique_frac=0.00
t=29488ms iter=468 REBUILD reject new_tc=23.4848 (was 23.3049)
t=29517ms iter=468 incumb=23.3049 ratchet=23.3924 best=23.3013 since_improve=130
t=29518ms iter=469 WAIST cost=23.0000 best_alt=7.0000 gap=16.0000 tried=5 sep_labels=7 clique_frac=0.00
t=29558ms iter=469 REBUILD reject new_tc=23.9609 (was 23.3049)
t=29587ms iter=469 incumb=23.3049 ratchet=23.3254 best=23.3013 since_improve=131
t=29589ms iter=470 WAIST cost=23.0000 best_alt=6.0000 gap=17.0000 tried=5 sep_labels=6 clique_frac=0.00
t=29629ms iter=470 REBUILD reject new_tc=23.3533 (was 23.3049)
t=29659ms iter=470 incumb=23.3049 ratchet=23.4563 best=23.3013 since_improve=132
t=29661ms iter=471 WAIST cost=23.0000 best_alt=8.0000 gap=15.0000 tried=5 sep_labels=8 clique_frac=0.04
t=29702ms iter=471 REBUILD reject new_tc=23.4924 (was 23.3049)
t=29730ms iter=471 incumb=23.3049 ratchet=23.3266 best=23.3013 since_improve=133
t=29732ms iter=472 WAIST cost=23.0000 best_alt=6.0000 gap=17.0000 tried=5 sep_labels=6 clique_frac=0.00
t=29772ms iter=472 REBUILD reject new_tc=23.4904 (was 23.3049)
t=29806ms iter=472 incumb=23.3049 ratchet=23.4591 best=23.3013 since_improve=134
t=29808ms iter=473 WAIST cost=23.0000 best_alt=6.0000 gap=17.0000 tried=5 sep_labels=6 clique_frac=0.00
t=29861ms iter=473 REBUILD ACCEPT new_tc=23.3025 (was 23.3049)
t=29891ms iter=473 incumb=23.3025 ratchet=23.4324 best=23.3013 since_improve=1
t=29893ms iter=474 WAIST cost=23.0000 best_alt=13.0000 gap=10.0000 tried=5 sep_labels=13 clique_frac=0.01
t=29920ms iter=474 REBUILD reject new_tc=23.3556 (was 23.3025)
t=29949ms iter=474 incumb=23.3025 ratchet=23.3155 best=23.3013 since_improve=2
t=29951ms iter=475 WAIST cost=23.0000 best_alt=13.0000 gap=10.0000 tried=5 sep_labels=13 clique_frac=0.01
t=29979ms iter=475 REBUILD reject new_tc=23.3506 (was 23.3025)
t=30008ms iter=475 incumb=23.3025 ratchet=23.3694 best=23.3013 since_improve=3
t=30011ms iter=476 WAIST cost=23.0000 best_alt=14.0000 gap=9.0000 tried=5 sep_labels=14 clique_frac=0.01
t=30037ms iter=476 REBUILD reject new_tc=23.4874 (was 23.3025)
t=30066ms iter=476 incumb=23.3025 ratchet=23.3266 best=23.3013 since_improve=4
t=30069ms iter=477 WAIST cost=23.0000 best_alt=14.0000 gap=9.0000 tried=5 sep_labels=14 clique_frac=0.01
t=30096ms iter=477 REBUILD reject new_tc=23.4545 (was 23.3025)
t=30125ms iter=477 incumb=23.3025 ratchet=23.3299 best=23.3013 since_improve=5
t=30127ms iter=478 WAIST cost=23.0000 best_alt=14.0000 gap=9.0000 tried=5 sep_labels=14 clique_frac=0.01
t=30154ms iter=478 REBUILD reject new_tc=23.5614 (was 23.3025)
t=30183ms iter=478 incumb=23.3025 ratchet=23.4984 best=23.3013 since_improve=6
t=30185ms iter=479 WAIST cost=23.0000 best_alt=13.0000 gap=10.0000 tried=5 sep_labels=13 clique_frac=0.01
t=30213ms iter=479 REBUILD reject new_tc=23.3354 (was 23.3025)
t=30242ms iter=479 incumb=23.3025 ratchet=23.4578 best=23.3013 since_improve=7
t=30244ms iter=480 WAIST cost=23.0000 best_alt=12.0000 gap=11.0000 tried=5 sep_labels=12 clique_frac=0.00
t=30271ms iter=480 REBUILD reject new_tc=23.4845 (was 23.3025)
t=30301ms iter=480 incumb=23.3025 ratchet=23.3336 best=23.3013 since_improve=8
t=30303ms iter=481 WAIST cost=23.0000 best_alt=13.0000 gap=10.0000 tried=5 sep_labels=13 clique_frac=0.03
t=30330ms iter=481 REBUILD reject new_tc=23.4332 (was 23.3025)
t=30358ms iter=481 incumb=23.3025 ratchet=23.3179 best=23.3013 since_improve=9
t=30361ms iter=482 WAIST cost=23.0000 best_alt=12.0000 gap=11.0000 tried=5 sep_labels=12 clique_frac=0.00
t=30398ms iter=482 REBUILD reject new_tc=23.4963 (was 23.3025)
t=30427ms iter=482 incumb=23.3025 ratchet=23.3160 best=23.3013 since_improve=10
t=30430ms iter=483 WAIST cost=23.0000 best_alt=13.0000 gap=10.0000 tried=5 sep_labels=13 clique_frac=0.03
t=30456ms iter=483 REBUILD reject new_tc=23.3123 (was 23.3025)
t=30485ms iter=483 incumb=23.3025 ratchet=23.3988 best=23.3013 since_improve=11
t=30487ms iter=484 WAIST cost=23.0000 best_alt=14.0000 gap=9.0000 tried=5 sep_labels=14 clique_frac=0.01
t=30514ms iter=484 REBUILD reject new_tc=23.4816 (was 23.3025)
t=30544ms iter=484 incumb=23.3025 ratchet=23.4069 best=23.3013 since_improve=12
t=30547ms iter=485 WAIST cost=23.0000 best_alt=12.0000 gap=11.0000 tried=5 sep_labels=12 clique_frac=0.00
t=30575ms iter=485 REBUILD reject new_tc=23.3234 (was 23.3025)
t=30605ms iter=485 incumb=23.3025 ratchet=23.3980 best=23.3013 since_improve=13
t=30607ms iter=486 WAIST cost=23.0000 best_alt=14.0000 gap=9.0000 tried=5 sep_labels=14 clique_frac=0.01
t=30634ms iter=486 REBUILD reject new_tc=23.6870 (was 23.3025)
t=30663ms iter=486 incumb=23.3025 ratchet=23.4540 best=23.3013 since_improve=14
t=30666ms iter=487 WAIST cost=23.0000 best_alt=14.0000 gap=9.0000 tried=5 sep_labels=14 clique_frac=0.01
t=30693ms iter=487 REBUILD reject new_tc=23.5078 (was 23.3025)
t=30723ms iter=487 incumb=23.3025 ratchet=23.5551 best=23.3013 since_improve=15
t=30725ms iter=488 WAIST cost=23.0000 best_alt=14.0000 gap=9.0000 tried=5 sep_labels=14 clique_frac=0.01
t=30752ms iter=488 REBUILD reject new_tc=23.5222 (was 23.3025)
t=30781ms iter=488 incumb=23.3025 ratchet=23.4070 best=23.3013 since_improve=16
t=30784ms iter=489 WAIST cost=23.0000 best_alt=14.0000 gap=9.0000 tried=5 sep_labels=14 clique_frac=0.01
t=30811ms iter=489 REBUILD reject new_tc=23.4198 (was 23.3025)
t=30839ms iter=489 incumb=23.3025 ratchet=23.3148 best=23.3013 since_improve=17
t=30842ms iter=490 WAIST cost=23.0000 best_alt=14.0000 gap=9.0000 tried=5 sep_labels=14 clique_frac=0.01
t=30868ms iter=490 REBUILD reject new_tc=23.3996 (was 23.3025)
t=30898ms iter=490 incumb=23.3025 ratchet=23.3990 best=23.3013 since_improve=18
t=30900ms iter=491 WAIST cost=23.0000 best_alt=12.0000 gap=11.0000 tried=5 sep_labels=12 clique_frac=0.00
t=30928ms iter=491 REBUILD reject new_tc=23.5928 (was 23.3025)
t=30958ms iter=491 incumb=23.3025 ratchet=23.3213 best=23.3013 since_improve=19
t=30960ms iter=492 WAIST cost=23.0000 best_alt=14.0000 gap=9.0000 tried=5 sep_labels=14 clique_frac=0.01
t=30987ms iter=492 REBUILD reject new_tc=23.7960 (was 23.3025)
t=31015ms iter=492 incumb=23.3025 ratchet=23.3309 best=23.3013 since_improve=20
t=31018ms iter=493 WAIST cost=23.0000 best_alt=14.0000 gap=9.0000 tried=5 sep_labels=14 clique_frac=0.01
t=31045ms iter=493 REBUILD reject new_tc=23.3876 (was 23.3025)
t=31074ms iter=493 incumb=23.3025 ratchet=23.4584 best=23.3013 since_improve=21
t=31077ms iter=494 WAIST cost=23.0000 best_alt=14.0000 gap=9.0000 tried=5 sep_labels=14 clique_frac=0.01
t=31104ms iter=494 REBUILD reject new_tc=23.5143 (was 23.3025)
t=31133ms iter=494 incumb=23.3025 ratchet=23.4323 best=23.3013 since_improve=22
t=31136ms iter=495 WAIST cost=23.0000 best_alt=14.0000 gap=9.0000 tried=5 sep_labels=14 clique_frac=0.01
t=31163ms iter=495 REBUILD reject new_tc=23.5659 (was 23.3025)
t=31192ms iter=495 incumb=23.3025 ratchet=23.3730 best=23.3013 since_improve=23
t=31195ms iter=496 WAIST cost=23.0000 best_alt=14.0000 gap=9.0000 tried=5 sep_labels=14 clique_frac=0.01
t=31222ms iter=496 REBUILD reject new_tc=23.6785 (was 23.3025)
t=31251ms iter=496 incumb=23.3025 ratchet=23.3287 best=23.3013 since_improve=24
t=31254ms iter=497 WAIST cost=23.0000 best_alt=14.0000 gap=9.0000 tried=5 sep_labels=14 clique_frac=0.01
t=31281ms iter=497 REBUILD reject new_tc=23.4226 (was 23.3025)
t=31309ms iter=497 incumb=23.3025 ratchet=23.3305 best=23.3013 since_improve=25
t=31312ms iter=498 WAIST cost=23.0000 best_alt=14.0000 gap=9.0000 tried=5 sep_labels=14 clique_frac=0.01
t=31339ms iter=498 REBUILD reject new_tc=23.4643 (was 23.3025)
t=31368ms iter=498 incumb=23.3025 ratchet=23.3455 best=23.3013 since_improve=26
t=31371ms iter=499 WAIST cost=23.0000 best_alt=14.0000 gap=9.0000 tried=5 sep_labels=14 clique_frac=0.01
t=31398ms iter=499 REBUILD reject new_tc=23.6958 (was 23.3025)
t=31427ms iter=499 incumb=23.3025 ratchet=23.3202 best=23.3013 since_improve=27
t=31430ms iter=500 WAIST cost=23.0000 best_alt=14.0000 gap=9.0000 tried=5 sep_labels=14 clique_frac=0.01
t=31457ms iter=500 REBUILD reject new_tc=24.3802 (was 23.3025)
t=31486ms iter=500 incumb=23.3025 ratchet=23.3973 best=23.3013 since_improve=28
t=31489ms iter=501 WAIST cost=23.0000 best_alt=14.0000 gap=9.0000 tried=5 sep_labels=14 clique_frac=0.01
t=31515ms iter=501 REBUILD reject new_tc=23.6840 (was 23.3025)
t=31544ms iter=501 incumb=23.3025 ratchet=23.3513 best=23.3013 since_improve=29
t=31546ms iter=502 WAIST cost=23.0000 best_alt=14.0000 gap=9.0000 tried=5 sep_labels=14 clique_frac=0.01
t=31573ms iter=502 REBUILD reject new_tc=24.8774 (was 23.3025)
t=31601ms iter=502 incumb=23.3025 ratchet=23.4884 best=23.3013 since_improve=30
t=31604ms iter=503 WAIST cost=23.0000 best_alt=14.0000 gap=9.0000 tried=5 sep_labels=14 clique_frac=0.01
t=31631ms iter=503 REBUILD reject new_tc=23.7750 (was 23.3025)
t=31659ms iter=503 incumb=23.3025 ratchet=23.4662 best=23.3013 since_improve=31
t=31661ms iter=504 WAIST cost=23.0000 best_alt=12.0000 gap=11.0000 tried=5 sep_labels=12 clique_frac=0.00
t=31688ms iter=504 REBUILD reject new_tc=23.8994 (was 23.3025)
t=31716ms iter=504 incumb=23.3025 ratchet=23.4823 best=23.3013 since_improve=32
t=31719ms iter=505 WAIST cost=23.0000 best_alt=14.0000 gap=9.0000 tried=5 sep_labels=14 clique_frac=0.01
t=31746ms iter=505 REBUILD reject new_tc=23.3695 (was 23.3025)
t=31775ms iter=505 incumb=23.3025 ratchet=23.4629 best=23.3013 since_improve=33
t=31777ms iter=506 WAIST cost=23.0000 best_alt=14.0000 gap=9.0000 tried=5 sep_labels=14 clique_frac=0.01
t=31804ms iter=506 REBUILD reject new_tc=23.3651 (was 23.3025)
t=31833ms iter=506 incumb=23.3025 ratchet=23.4344 best=23.3013 since_improve=34
t=31835ms iter=507 WAIST cost=23.0000 best_alt=14.0000 gap=9.0000 tried=5 sep_labels=14 clique_frac=0.01
t=31862ms iter=507 REBUILD reject new_tc=23.3559 (was 23.3025)
t=31892ms iter=507 incumb=23.3025 ratchet=23.3081 best=23.3013 since_improve=35
t=31894ms iter=508 WAIST cost=23.0000 best_alt=14.0000 gap=9.0000 tried=5 sep_labels=14 clique_frac=0.01
t=31921ms iter=508 REBUILD reject new_tc=23.8300 (was 23.3025)
t=31951ms iter=508 incumb=23.3025 ratchet=23.4282 best=23.3013 since_improve=36
t=31953ms iter=509 WAIST cost=23.0000 best_alt=14.0000 gap=9.0000 tried=5 sep_labels=14 clique_frac=0.01
t=31980ms iter=509 REBUILD reject new_tc=23.6838 (was 23.3025)
t=32008ms iter=509 incumb=23.3025 ratchet=23.3308 best=23.3013 since_improve=37
t=32010ms iter=510 WAIST cost=23.0000 best_alt=12.0000 gap=11.0000 tried=5 sep_labels=12 clique_frac=0.00
t=32036ms iter=510 REBUILD reject new_tc=23.4887 (was 23.3025)
t=32066ms iter=510 incumb=23.3025 ratchet=23.4859 best=23.3013 since_improve=38
t=32068ms iter=511 WAIST cost=23.0000 best_alt=12.0000 gap=11.0000 tried=5 sep_labels=12 clique_frac=0.00
t=32095ms iter=511 REBUILD reject new_tc=23.3713 (was 23.3025)
t=32124ms iter=511 incumb=23.3025 ratchet=23.6150 best=23.3013 since_improve=39
t=32126ms iter=512 WAIST cost=23.0000 best_alt=13.0000 gap=10.0000 tried=5 sep_labels=13 clique_frac=0.03
t=32153ms iter=512 REBUILD reject new_tc=23.5406 (was 23.3025)
t=32182ms iter=512 incumb=23.3025 ratchet=23.3293 best=23.3013 since_improve=40
t=32185ms iter=513 WAIST cost=23.0000 best_alt=14.0000 gap=9.0000 tried=5 sep_labels=14 clique_frac=0.01
t=32212ms iter=513 REBUILD reject new_tc=23.4000 (was 23.3025)
t=32241ms iter=513 incumb=23.3025 ratchet=23.3101 best=23.3013 since_improve=41
t=32243ms iter=514 WAIST cost=23.0000 best_alt=12.0000 gap=11.0000 tried=5 sep_labels=12 clique_frac=0.00
t=32270ms iter=514 REBUILD reject new_tc=23.4892 (was 23.3025)
t=32299ms iter=514 incumb=23.3025 ratchet=23.3072 best=23.3013 since_improve=42
t=32302ms iter=515 WAIST cost=23.0000 best_alt=12.0000 gap=11.0000 tried=5 sep_labels=12 clique_frac=0.00
t=32329ms iter=515 REBUILD reject new_tc=23.3608 (was 23.3025)
t=32359ms iter=515 incumb=23.3025 ratchet=23.4630 best=23.3013 since_improve=43
t=32361ms iter=516 WAIST cost=23.0000 best_alt=14.0000 gap=9.0000 tried=5 sep_labels=14 clique_frac=0.01
t=32389ms iter=516 REBUILD reject new_tc=23.5965 (was 23.3025)
t=32418ms iter=516 incumb=23.3025 ratchet=23.3865 best=23.3013 since_improve=44
t=32420ms iter=517 WAIST cost=23.0000 best_alt=14.0000 gap=9.0000 tried=5 sep_labels=14 clique_frac=0.01
t=32447ms iter=517 REBUILD reject new_tc=23.3864 (was 23.3025)
t=32476ms iter=517 incumb=23.3025 ratchet=23.3350 best=23.3013 since_improve=45
t=32478ms iter=518 WAIST cost=23.0000 best_alt=14.0000 gap=9.0000 tried=5 sep_labels=14 clique_frac=0.01
t=32506ms iter=518 REBUILD reject new_tc=23.3617 (was 23.3025)
t=32534ms iter=518 incumb=23.3025 ratchet=23.3737 best=23.3013 since_improve=46
t=32536ms iter=519 WAIST cost=23.0000 best_alt=14.0000 gap=9.0000 tried=5 sep_labels=14 clique_frac=0.01
t=32562ms iter=519 REBUILD reject new_tc=23.6847 (was 23.3025)
t=32590ms iter=519 incumb=23.3025 ratchet=23.5664 best=23.3013 since_improve=47
t=32593ms iter=520 WAIST cost=23.0000 best_alt=14.0000 gap=9.0000 tried=5 sep_labels=14 clique_frac=0.01
t=32620ms iter=520 REBUILD reject new_tc=23.4715 (was 23.3025)
t=32649ms iter=520 incumb=23.3025 ratchet=23.3133 best=23.3013 since_improve=48
t=32652ms iter=521 WAIST cost=23.0000 best_alt=14.0000 gap=9.0000 tried=5 sep_labels=14 clique_frac=0.01
t=32678ms iter=521 REBUILD reject new_tc=23.6907 (was 23.3025)
t=32707ms iter=521 incumb=23.3025 ratchet=23.3318 best=23.3013 since_improve=49
t=32710ms iter=522 WAIST cost=23.0000 best_alt=14.0000 gap=9.0000 tried=5 sep_labels=14 clique_frac=0.01
t=32736ms iter=522 REBUILD reject new_tc=23.5367 (was 23.3025)
t=32765ms iter=522 incumb=23.3025 ratchet=23.4574 best=23.3013 since_improve=50
t=32767ms iter=523 WAIST cost=23.0000 best_alt=12.0000 gap=11.0000 tried=5 sep_labels=12 clique_frac=0.00
t=32795ms iter=523 REBUILD reject new_tc=23.3312 (was 23.3025)
t=32823ms iter=523 incumb=23.3025 ratchet=23.3310 best=23.3013 since_improve=51
t=32826ms iter=524 WAIST cost=23.0000 best_alt=12.0000 gap=11.0000 tried=5 sep_labels=12 clique_frac=0.00
t=32853ms iter=524 REBUILD reject new_tc=23.4808 (was 23.3025)
t=32881ms iter=524 incumb=23.3025 ratchet=23.4725 best=23.3013 since_improve=52
t=32883ms iter=525 WAIST cost=23.0000 best_alt=14.0000 gap=9.0000 tried=5 sep_labels=14 clique_frac=0.01
t=32910ms iter=525 REBUILD reject new_tc=23.6838 (was 23.3025)
t=32939ms iter=525 incumb=23.3025 ratchet=23.3427 best=23.3013 since_improve=53
t=32942ms iter=526 WAIST cost=23.0000 best_alt=14.0000 gap=9.0000 tried=5 sep_labels=14 clique_frac=0.01
t=32969ms iter=526 REBUILD reject new_tc=23.4038 (was 23.3025)
t=32998ms iter=526 incumb=23.3025 ratchet=23.4985 best=23.3013 since_improve=54
t=33001ms iter=527 WAIST cost=23.0000 best_alt=14.0000 gap=9.0000 tried=5 sep_labels=14 clique_frac=0.01
t=33027ms iter=527 REBUILD reject new_tc=24.8668 (was 23.3025)
t=33056ms iter=527 incumb=23.3025 ratchet=23.4385 best=23.3013 since_improve=55
t=33059ms iter=528 WAIST cost=23.0000 best_alt=14.0000 gap=9.0000 tried=5 sep_labels=14 clique_frac=0.01
t=33085ms iter=528 REBUILD reject new_tc=23.6856 (was 23.3025)
t=33114ms iter=528 incumb=23.3025 ratchet=23.3410 best=23.3013 since_improve=56
t=33116ms iter=529 WAIST cost=23.0000 best_alt=13.0000 gap=10.0000 tried=5 sep_labels=13 clique_frac=0.01
t=33143ms iter=529 REBUILD reject new_tc=23.3513 (was 23.3025)
t=33172ms iter=529 incumb=23.3025 ratchet=23.3872 best=23.3013 since_improve=57
t=33175ms iter=530 WAIST cost=23.0000 best_alt=12.0000 gap=11.0000 tried=5 sep_labels=12 clique_frac=0.00
t=33202ms iter=530 REBUILD reject new_tc=23.5068 (was 23.3025)
t=33231ms iter=530 incumb=23.3025 ratchet=23.3923 best=23.3013 since_improve=58
t=33233ms iter=531 WAIST cost=23.0000 best_alt=14.0000 gap=9.0000 tried=5 sep_labels=14 clique_frac=0.01
t=33260ms iter=531 REBUILD reject new_tc=23.5333 (was 23.3025)
t=33290ms iter=531 incumb=23.3025 ratchet=23.3541 best=23.3013 since_improve=59
t=33293ms iter=532 WAIST cost=23.0000 best_alt=13.0000 gap=10.0000 tried=5 sep_labels=13 clique_frac=0.03
t=33319ms iter=532 REBUILD reject new_tc=23.3303 (was 23.3025)
t=33348ms iter=532 incumb=23.3025 ratchet=23.4250 best=23.3013 since_improve=60
t=33350ms iter=533 WAIST cost=23.0000 best_alt=14.0000 gap=9.0000 tried=5 sep_labels=14 clique_frac=0.01
t=33377ms iter=533 REBUILD reject new_tc=23.6844 (was 23.3025)
t=33406ms iter=533 incumb=23.3025 ratchet=23.3623 best=23.3013 since_improve=61
t=33408ms iter=534 WAIST cost=23.0000 best_alt=14.0000 gap=9.0000 tried=5 sep_labels=14 clique_frac=0.01
t=33435ms iter=534 REBUILD reject new_tc=23.6852 (was 23.3025)
t=33464ms iter=534 incumb=23.3025 ratchet=23.3402 best=23.3013 since_improve=62
t=33466ms iter=535 WAIST cost=23.0000 best_alt=14.0000 gap=9.0000 tried=5 sep_labels=14 clique_frac=0.01
t=33494ms iter=535 REBUILD reject new_tc=23.4101 (was 23.3025)
t=33522ms iter=535 incumb=23.3025 ratchet=23.3151 best=23.3013 since_improve=63
t=33524ms iter=536 WAIST cost=23.0000 best_alt=12.0000 gap=11.0000 tried=5 sep_labels=12 clique_frac=0.00
t=33551ms iter=536 REBUILD reject new_tc=23.4817 (was 23.3025)
t=33578ms iter=536 incumb=23.3025 ratchet=23.3088 best=23.3013 since_improve=64
t=33581ms iter=537 WAIST cost=23.0000 best_alt=14.0000 gap=9.0000 tried=5 sep_labels=14 clique_frac=0.01
t=33608ms iter=537 REBUILD reject new_tc=23.7255 (was 23.3025)
t=33636ms iter=537 incumb=23.3025 ratchet=23.4364 best=23.3013 since_improve=65
t=33638ms iter=538 WAIST cost=23.0000 best_alt=12.0000 gap=11.0000 tried=5 sep_labels=12 clique_frac=0.00
t=33665ms iter=538 REBUILD reject new_tc=23.9105 (was 23.3025)
t=33694ms iter=538 incumb=23.3025 ratchet=23.3900 best=23.3013 since_improve=66
t=33697ms iter=539 WAIST cost=23.0000 best_alt=14.0000 gap=9.0000 tried=5 sep_labels=14 clique_frac=0.01
t=33724ms iter=539 REBUILD reject new_tc=23.7748 (was 23.3025)
t=33753ms iter=539 incumb=23.3025 ratchet=23.3287 best=23.3013 since_improve=67
t=33756ms iter=540 WAIST cost=23.0000 best_alt=14.0000 gap=9.0000 tried=5 sep_labels=14 clique_frac=0.01
t=33783ms iter=540 REBUILD reject new_tc=23.6963 (was 23.3025)
t=33812ms iter=540 incumb=23.3025 ratchet=23.3204 best=23.3013 since_improve=68
t=33814ms iter=541 WAIST cost=23.0000 best_alt=12.0000 gap=11.0000 tried=5 sep_labels=12 clique_frac=0.00
t=33842ms iter=541 REBUILD reject new_tc=23.4101 (was 23.3025)
t=33872ms iter=541 incumb=23.3025 ratchet=23.3988 best=23.3013 since_improve=69
t=33874ms iter=542 WAIST cost=23.0000 best_alt=13.0000 gap=10.0000 tried=5 sep_labels=13 clique_frac=0.01
t=33901ms iter=542 REBUILD reject new_tc=23.3339 (was 23.3025)
t=33930ms iter=542 incumb=23.3025 ratchet=23.4361 best=23.3013 since_improve=70
t=33932ms iter=543 WAIST cost=23.0000 best_alt=14.0000 gap=9.0000 tried=5 sep_labels=14 clique_frac=0.01
t=33959ms iter=543 REBUILD reject new_tc=23.4159 (was 23.3025)
t=33988ms iter=543 incumb=23.3025 ratchet=23.4017 best=23.3013 since_improve=71
t=33991ms iter=544 WAIST cost=23.0000 best_alt=14.0000 gap=9.0000 tried=5 sep_labels=14 clique_frac=0.01
t=34017ms iter=544 REBUILD reject new_tc=23.7750 (was 23.3025)
t=34045ms iter=544 incumb=23.3025 ratchet=23.9087 best=23.3013 since_improve=72
t=34048ms iter=545 WAIST cost=23.0000 best_alt=14.0000 gap=9.0000 tried=5 sep_labels=14 clique_frac=0.01
t=34074ms iter=545 REBUILD reject new_tc=23.6768 (was 23.3025)
t=34103ms iter=545 incumb=23.3025 ratchet=23.3306 best=23.3013 since_improve=73
t=34106ms iter=546 WAIST cost=23.0000 best_alt=13.0000 gap=10.0000 tried=5 sep_labels=13 clique_frac=0.01
t=34132ms iter=546 REBUILD reject new_tc=25.4279 (was 23.3025)
t=34160ms iter=546 incumb=23.3025 ratchet=23.3253 best=23.3013 since_improve=74
t=34163ms iter=547 WAIST cost=23.0000 best_alt=14.0000 gap=9.0000 tried=5 sep_labels=14 clique_frac=0.01
t=34189ms iter=547 REBUILD reject new_tc=23.3889 (was 23.3025)
t=34218ms iter=547 incumb=23.3025 ratchet=23.4707 best=23.3013 since_improve=75
t=34220ms iter=548 WAIST cost=23.0000 best_alt=13.0000 gap=10.0000 tried=5 sep_labels=13 clique_frac=0.03
t=34247ms iter=548 REBUILD reject new_tc=23.5585 (was 23.3025)
t=34275ms iter=548 incumb=23.3025 ratchet=23.4031 best=23.3013 since_improve=76
t=34277ms iter=549 WAIST cost=23.0000 best_alt=14.0000 gap=9.0000 tried=5 sep_labels=14 clique_frac=0.01
t=34304ms iter=549 REBUILD reject new_tc=23.4337 (was 23.3025)
t=34333ms iter=549 incumb=23.3025 ratchet=23.4810 best=23.3013 since_improve=77
t=34336ms iter=550 WAIST cost=23.0000 best_alt=14.0000 gap=9.0000 tried=5 sep_labels=14 clique_frac=0.01
t=34362ms iter=550 REBUILD reject new_tc=23.7749 (was 23.3025)
t=34391ms iter=550 incumb=23.3025 ratchet=23.3418 best=23.3013 since_improve=78
t=34394ms iter=551 WAIST cost=23.0000 best_alt=14.0000 gap=9.0000 tried=5 sep_labels=14 clique_frac=0.01
t=34421ms iter=551 REBUILD reject new_tc=23.4707 (was 23.3025)
t=34451ms iter=551 incumb=23.3025 ratchet=23.6081 best=23.3013 since_improve=79
t=34453ms iter=552 WAIST cost=23.0000 best_alt=14.0000 gap=9.0000 tried=5 sep_labels=14 clique_frac=0.01
t=34480ms iter=552 REBUILD reject new_tc=23.7777 (was 23.3025)
t=34509ms iter=552 incumb=23.3025 ratchet=23.3074 best=23.3013 since_improve=80
t=34512ms iter=553 WAIST cost=23.0000 best_alt=14.0000 gap=9.0000 tried=5 sep_labels=14 clique_frac=0.01
t=34538ms iter=553 REBUILD reject new_tc=23.7980 (was 23.3025)
t=34567ms iter=553 incumb=23.3025 ratchet=23.3334 best=23.3013 since_improve=81
t=34570ms iter=554 WAIST cost=23.0000 best_alt=14.0000 gap=9.0000 tried=5 sep_labels=14 clique_frac=0.01
t=34598ms iter=554 REBUILD reject new_tc=23.4589 (was 23.3025)
t=34626ms iter=554 incumb=23.3025 ratchet=23.3443 best=23.3013 since_improve=82
t=34628ms iter=555 WAIST cost=23.0000 best_alt=14.0000 gap=9.0000 tried=5 sep_labels=14 clique_frac=0.01
t=34655ms iter=555 REBUILD reject new_tc=23.6878 (was 23.3025)
t=34685ms iter=555 incumb=23.3025 ratchet=23.3524 best=23.3013 since_improve=83
t=34687ms iter=556 WAIST cost=23.0000 best_alt=14.0000 gap=9.0000 tried=5 sep_labels=14 clique_frac=0.01
t=34714ms iter=556 REBUILD reject new_tc=23.4965 (was 23.3025)
t=34743ms iter=556 incumb=23.3025 ratchet=23.3345 best=23.3013 since_improve=84
t=34746ms iter=557 WAIST cost=23.0000 best_alt=14.0000 gap=9.0000 tried=5 sep_labels=14 clique_frac=0.01
t=34773ms iter=557 REBUILD reject new_tc=23.6807 (was 23.3025)
t=34801ms iter=557 incumb=23.3025 ratchet=23.3154 best=23.3013 since_improve=85
t=34803ms iter=558 WAIST cost=23.0000 best_alt=14.0000 gap=9.0000 tried=5 sep_labels=14 clique_frac=0.01
t=34830ms iter=558 REBUILD reject new_tc=23.6935 (was 23.3025)
t=34858ms iter=558 incumb=23.3025 ratchet=23.4584 best=23.3013 since_improve=86
t=34861ms iter=559 WAIST cost=23.0000 best_alt=13.0000 gap=10.0000 tried=5 sep_labels=13 clique_frac=0.01
t=34887ms iter=559 REBUILD reject new_tc=24.9625 (was 23.3025)
t=34916ms iter=559 incumb=23.3025 ratchet=23.3430 best=23.3013 since_improve=87
t=34918ms iter=560 WAIST cost=23.0000 best_alt=14.0000 gap=9.0000 tried=5 sep_labels=14 clique_frac=0.01
t=34945ms iter=560 REBUILD reject new_tc=23.3911 (was 23.3025)
t=34974ms iter=560 incumb=23.3025 ratchet=23.3325 best=23.3013 since_improve=88
t=34976ms iter=561 WAIST cost=23.0000 best_alt=14.0000 gap=9.0000 tried=5 sep_labels=14 clique_frac=0.01
t=35003ms iter=561 REBUILD reject new_tc=23.3888 (was 23.3025)
t=35031ms iter=561 incumb=23.3025 ratchet=23.3367 best=23.3013 since_improve=89
t=35033ms iter=562 WAIST cost=23.0000 best_alt=13.0000 gap=10.0000 tried=5 sep_labels=13 clique_frac=0.03
t=35060ms iter=562 REBUILD reject new_tc=23.3310 (was 23.3025)
t=35089ms iter=562 incumb=23.3025 ratchet=23.4958 best=23.3013 since_improve=90
t=35091ms iter=563 WAIST cost=23.0000 best_alt=14.0000 gap=9.0000 tried=5 sep_labels=14 clique_frac=0.01
t=35118ms iter=563 REBUILD reject new_tc=23.4884 (was 23.3025)
t=35146ms iter=563 incumb=23.3025 ratchet=23.3279 best=23.3013 since_improve=91
t=35148ms iter=564 WAIST cost=23.0000 best_alt=14.0000 gap=9.0000 tried=5 sep_labels=14 clique_frac=0.01
t=35175ms iter=564 REBUILD reject new_tc=24.5326 (was 23.3025)
t=35205ms iter=564 incumb=23.3025 ratchet=23.3765 best=23.3013 since_improve=92
t=35207ms iter=565 WAIST cost=23.0000 best_alt=14.0000 gap=9.0000 tried=5 sep_labels=14 clique_frac=0.01
t=35234ms iter=565 REBUILD reject new_tc=23.4085 (was 23.3025)
t=35263ms iter=565 incumb=23.3025 ratchet=23.3145 best=23.3013 since_improve=93
t=35266ms iter=566 WAIST cost=23.0000 best_alt=14.0000 gap=9.0000 tried=5 sep_labels=14 clique_frac=0.01
t=35292ms iter=566 REBUILD reject new_tc=23.8849 (was 23.3025)
t=35320ms iter=566 incumb=23.3025 ratchet=23.3647 best=23.3013 since_improve=94
t=35323ms iter=567 WAIST cost=23.0000 best_alt=13.0000 gap=10.0000 tried=5 sep_labels=13 clique_frac=0.03
t=35349ms iter=567 REBUILD reject new_tc=23.4498 (was 23.3025)
t=35378ms iter=567 incumb=23.3025 ratchet=23.3296 best=23.3013 since_improve=95
t=35381ms iter=568 WAIST cost=23.0000 best_alt=14.0000 gap=9.0000 tried=5 sep_labels=14 clique_frac=0.01
t=35407ms iter=568 REBUILD reject new_tc=23.5729 (was 23.3025)
t=35436ms iter=568 incumb=23.3025 ratchet=23.3243 best=23.3013 since_improve=96
t=35438ms iter=569 WAIST cost=23.0000 best_alt=14.0000 gap=9.0000 tried=5 sep_labels=14 clique_frac=0.01
t=35465ms iter=569 REBUILD reject new_tc=23.6839 (was 23.3025)
t=35493ms iter=569 incumb=23.3025 ratchet=23.3787 best=23.3013 since_improve=97
t=35496ms iter=570 WAIST cost=23.0000 best_alt=14.0000 gap=9.0000 tried=5 sep_labels=14 clique_frac=0.01
t=35522ms iter=570 REBUILD reject new_tc=23.6852 (was 23.3025)
t=35551ms iter=570 incumb=23.3025 ratchet=23.3483 best=23.3013 since_improve=98
t=35553ms iter=571 WAIST cost=23.0000 best_alt=14.0000 gap=9.0000 tried=5 sep_labels=14 clique_frac=0.01
t=35582ms iter=571 REBUILD reject new_tc=23.5188 (was 23.3025)
t=35610ms iter=571 incumb=23.3025 ratchet=23.4396 best=23.3013 since_improve=99
t=35613ms iter=572 WAIST cost=23.0000 best_alt=14.0000 gap=9.0000 tried=5 sep_labels=14 clique_frac=0.01
t=35639ms iter=572 REBUILD reject new_tc=23.6776 (was 23.3025)
t=35668ms iter=572 incumb=23.3025 ratchet=23.3056 best=23.3013 since_improve=100
t=35670ms iter=573 WAIST cost=23.0000 best_alt=13.0000 gap=10.0000 tried=5 sep_labels=13 clique_frac=0.01
t=35698ms iter=573 REBUILD reject new_tc=23.3678 (was 23.3025)
t=35728ms iter=573 incumb=23.3025 ratchet=23.3283 best=23.3013 since_improve=101
t=35731ms iter=574 WAIST cost=23.0000 best_alt=14.0000 gap=9.0000 tried=5 sep_labels=14 clique_frac=0.01
t=35758ms iter=574 REBUILD reject new_tc=23.4708 (was 23.3025)
t=35788ms iter=574 incumb=23.3025 ratchet=23.4120 best=23.3013 since_improve=102
t=35790ms iter=575 WAIST cost=23.0000 best_alt=12.0000 gap=11.0000 tried=5 sep_labels=12 clique_frac=0.00
t=35817ms iter=575 REBUILD reject new_tc=23.4804 (was 23.3025)
t=35845ms iter=575 incumb=23.3025 ratchet=23.5538 best=23.3013 since_improve=103
t=35848ms iter=576 WAIST cost=23.0000 best_alt=14.0000 gap=9.0000 tried=5 sep_labels=14 clique_frac=0.01
t=35875ms iter=576 REBUILD reject new_tc=23.6868 (was 23.3025)
t=35905ms iter=576 incumb=23.3025 ratchet=23.3342 best=23.3013 since_improve=104
t=35907ms iter=577 WAIST cost=23.0000 best_alt=12.0000 gap=11.0000 tried=5 sep_labels=12 clique_frac=0.00
t=35934ms iter=577 REBUILD reject new_tc=23.7379 (was 23.3025)
t=35964ms iter=577 incumb=23.3025 ratchet=23.3322 best=23.3013 since_improve=105
t=35966ms iter=578 WAIST cost=23.0000 best_alt=14.0000 gap=9.0000 tried=5 sep_labels=14 clique_frac=0.01
t=35992ms iter=578 REBUILD reject new_tc=23.6853 (was 23.3025)
t=36021ms iter=578 incumb=23.3025 ratchet=23.4725 best=23.3013 since_improve=106
t=36023ms iter=579 WAIST cost=23.0000 best_alt=14.0000 gap=9.0000 tried=5 sep_labels=14 clique_frac=0.01
t=36050ms iter=579 REBUILD reject new_tc=23.6842 (was 23.3025)
t=36078ms iter=579 incumb=23.3025 ratchet=23.8606 best=23.3013 since_improve=107
t=36080ms iter=580 WAIST cost=23.0000 best_alt=13.0000 gap=10.0000 tried=5 sep_labels=13 clique_frac=0.01
t=36108ms iter=580 REBUILD reject new_tc=23.3525 (was 23.3025)
t=36139ms iter=580 incumb=23.3025 ratchet=23.3460 best=23.3013 since_improve=108
t=36141ms iter=581 WAIST cost=23.0000 best_alt=14.0000 gap=9.0000 tried=5 sep_labels=14 clique_frac=0.01
t=36167ms iter=581 REBUILD reject new_tc=24.3822 (was 23.3025)
t=36196ms iter=581 incumb=23.3025 ratchet=23.3464 best=23.3013 since_improve=109
t=36198ms iter=582 WAIST cost=23.0000 best_alt=14.0000 gap=9.0000 tried=5 sep_labels=14 clique_frac=0.01
t=36224ms iter=582 REBUILD reject new_tc=23.6847 (was 23.3025)
t=36253ms iter=582 incumb=23.3025 ratchet=23.4602 best=23.3013 since_improve=110
t=36255ms iter=583 WAIST cost=23.0000 best_alt=14.0000 gap=9.0000 tried=5 sep_labels=14 clique_frac=0.01
t=36281ms iter=583 REBUILD reject new_tc=23.5661 (was 23.3025)
t=36310ms iter=583 incumb=23.3025 ratchet=23.3969 best=23.3013 since_improve=111
t=36312ms iter=584 WAIST cost=23.0000 best_alt=12.0000 gap=11.0000 tried=5 sep_labels=12 clique_frac=0.00
t=36339ms iter=584 REBUILD reject new_tc=24.6697 (was 23.3025)
t=36368ms iter=584 incumb=23.3025 ratchet=23.5870 best=23.3013 since_improve=112
t=36371ms iter=585 WAIST cost=23.0000 best_alt=14.0000 gap=9.0000 tried=5 sep_labels=14 clique_frac=0.01
t=36397ms iter=585 REBUILD reject new_tc=23.4051 (was 23.3025)
t=36426ms iter=585 incumb=23.3025 ratchet=23.3523 best=23.3013 since_improve=113
t=36429ms iter=586 WAIST cost=23.0000 best_alt=13.0000 gap=10.0000 tried=5 sep_labels=13 clique_frac=0.01
t=36456ms iter=586 REBUILD reject new_tc=23.3450 (was 23.3025)
t=36485ms iter=586 incumb=23.3025 ratchet=23.3555 best=23.3013 since_improve=114
t=36488ms iter=587 WAIST cost=23.0000 best_alt=12.0000 gap=11.0000 tried=5 sep_labels=12 clique_frac=0.00
t=36515ms iter=587 REBUILD reject new_tc=23.4220 (was 23.3025)
t=36543ms iter=587 incumb=23.3025 ratchet=23.3594 best=23.3013 since_improve=115
t=36545ms iter=588 WAIST cost=23.0000 best_alt=14.0000 gap=9.0000 tried=5 sep_labels=14 clique_frac=0.01
t=36572ms iter=588 REBUILD reject new_tc=23.6852 (was 23.3025)
t=36600ms iter=588 incumb=23.3025 ratchet=23.3606 best=23.3013 since_improve=116
t=36602ms iter=589 WAIST cost=23.0000 best_alt=14.0000 gap=9.0000 tried=5 sep_labels=14 clique_frac=0.01
t=36629ms iter=589 REBUILD reject new_tc=23.4086 (was 23.3025)
t=36658ms iter=589 incumb=23.3025 ratchet=23.3318 best=23.3013 since_improve=117
t=36661ms iter=590 WAIST cost=23.0000 best_alt=12.0000 gap=11.0000 tried=5 sep_labels=12 clique_frac=0.00
t=36688ms iter=590 REBUILD reject new_tc=23.8678 (was 23.3025)
t=36716ms iter=590 incumb=23.3025 ratchet=23.3298 best=23.3013 since_improve=118
t=36718ms iter=591 WAIST cost=23.0000 best_alt=14.0000 gap=9.0000 tried=5 sep_labels=14 clique_frac=0.01
t=36745ms iter=591 REBUILD reject new_tc=23.5454 (was 23.3025)
t=36774ms iter=591 incumb=23.3025 ratchet=23.3780 best=23.3013 since_improve=119
t=36777ms iter=592 WAIST cost=23.0000 best_alt=13.0000 gap=10.0000 tried=5 sep_labels=13 clique_frac=0.01
t=36804ms iter=592 REBUILD reject new_tc=23.5537 (was 23.3025)
t=36832ms iter=592 incumb=23.3025 ratchet=23.4659 best=23.3013 since_improve=120
t=36835ms iter=593 WAIST cost=23.0000 best_alt=14.0000 gap=9.0000 tried=5 sep_labels=14 clique_frac=0.01
t=36862ms iter=593 REBUILD reject new_tc=23.4870 (was 23.3025)
t=36891ms iter=593 incumb=23.3025 ratchet=23.3770 best=23.3013 since_improve=121
t=36894ms iter=594 WAIST cost=23.0000 best_alt=13.0000 gap=10.0000 tried=5 sep_labels=13 clique_frac=0.01
t=36922ms iter=594 REBUILD reject new_tc=23.3327 (was 23.3025)
t=36951ms iter=594 incumb=23.3025 ratchet=23.3098 best=23.3013 since_improve=122
t=36953ms iter=595 WAIST cost=23.0000 best_alt=14.0000 gap=9.0000 tried=5 sep_labels=14 clique_frac=0.01
t=36980ms iter=595 REBUILD reject new_tc=23.4049 (was 23.3025)
t=37009ms iter=595 incumb=23.3025 ratchet=23.4835 best=23.3013 since_improve=123
t=37011ms iter=596 WAIST cost=23.0000 best_alt=12.0000 gap=11.0000 tried=5 sep_labels=12 clique_frac=0.00
t=37038ms iter=596 REBUILD reject new_tc=24.6951 (was 23.3025)
t=37066ms iter=596 incumb=23.3025 ratchet=23.4841 best=23.3013 since_improve=124
t=37069ms iter=597 WAIST cost=23.0000 best_alt=14.0000 gap=9.0000 tried=5 sep_labels=14 clique_frac=0.01
t=37096ms iter=597 REBUILD reject new_tc=23.4861 (was 23.3025)
t=37125ms iter=597 incumb=23.3025 ratchet=23.4867 best=23.3013 since_improve=125
t=37127ms iter=598 WAIST cost=23.0000 best_alt=12.0000 gap=11.0000 tried=5 sep_labels=12 clique_frac=0.00
t=37155ms iter=598 REBUILD reject new_tc=23.3920 (was 23.3025)
t=37185ms iter=598 incumb=23.3025 ratchet=23.7257 best=23.3013 since_improve=126
t=37187ms iter=599 WAIST cost=23.0000 best_alt=14.0000 gap=9.0000 tried=5 sep_labels=14 clique_frac=0.01
t=37214ms iter=599 REBUILD reject new_tc=23.5295 (was 23.3025)
t=37243ms iter=599 incumb=23.3025 ratchet=23.3980 best=23.3013 since_improve=127
t=37245ms iter=600 WAIST cost=23.0000 best_alt=14.0000 gap=9.0000 tried=5 sep_labels=14 clique_frac=0.01
t=37272ms iter=600 REBUILD reject new_tc=23.6940 (was 23.3025)
t=37301ms iter=600 incumb=23.3025 ratchet=23.4759 best=23.3013 since_improve=128
t=37304ms iter=601 WAIST cost=23.0000 best_alt=14.0000 gap=9.0000 tried=5 sep_labels=14 clique_frac=0.01
t=37330ms iter=601 REBUILD reject new_tc=23.8620 (was 23.3025)
t=37360ms iter=601 incumb=23.3025 ratchet=23.4602 best=23.3013 since_improve=129
t=37363ms iter=602 WAIST cost=23.0000 best_alt=14.0000 gap=9.0000 tried=5 sep_labels=14 clique_frac=0.01
t=37390ms iter=602 REBUILD reject new_tc=23.8531 (was 23.3025)
t=37419ms iter=602 incumb=23.3025 ratchet=23.3094 best=23.3013 since_improve=130
t=37421ms iter=603 WAIST cost=23.0000 best_alt=12.0000 gap=11.0000 tried=5 sep_labels=12 clique_frac=0.00
t=37448ms iter=603 REBUILD reject new_tc=23.4892 (was 23.3025)
t=37476ms iter=603 incumb=23.3025 ratchet=23.4640 best=23.3013 since_improve=131
t=37480ms iter=604 WAIST cost=23.0000 best_alt=14.0000 gap=9.0000 tried=5 sep_labels=14 clique_frac=0.01
t=37507ms iter=604 REBUILD reject new_tc=23.4051 (was 23.3025)
t=37535ms iter=604 incumb=23.3025 ratchet=23.5242 best=23.3013 since_improve=132
t=37538ms iter=605 WAIST cost=23.0000 best_alt=12.0000 gap=11.0000 tried=5 sep_labels=12 clique_frac=0.00
t=37565ms iter=605 REBUILD reject new_tc=24.5736 (was 23.3025)
t=37595ms iter=605 incumb=23.3025 ratchet=23.3323 best=23.3013 since_improve=133
t=37598ms iter=606 WAIST cost=23.0000 best_alt=12.0000 gap=11.0000 tried=5 sep_labels=12 clique_frac=0.00
t=37626ms iter=606 REBUILD reject new_tc=23.3885 (was 23.3025)
t=37655ms iter=606 incumb=23.3025 ratchet=23.3321 best=23.3013 since_improve=134
t=37658ms iter=607 WAIST cost=23.0000 best_alt=12.0000 gap=11.0000 tried=5 sep_labels=12 clique_frac=0.00
t=37684ms iter=607 REBUILD reject new_tc=23.7708 (was 23.3025)
t=37714ms iter=607 incumb=23.3025 ratchet=23.3656 best=23.3013 since_improve=135
t=37717ms iter=608 WAIST cost=23.0000 best_alt=12.0000 gap=11.0000 tried=5 sep_labels=12 clique_frac=0.00
t=37743ms iter=608 REBUILD reject new_tc=23.5640 (was 23.3025)
t=37771ms iter=608 incumb=23.3025 ratchet=23.3612 best=23.3013 since_improve=136
t=37774ms iter=609 WAIST cost=23.0000 best_alt=14.0000 gap=9.0000 tried=5 sep_labels=14 clique_frac=0.01
t=37801ms iter=609 REBUILD reject new_tc=23.3837 (was 23.3025)
t=37829ms iter=609 incumb=23.3025 ratchet=23.3288 best=23.3013 since_improve=137
t=37832ms iter=610 WAIST cost=23.0000 best_alt=14.0000 gap=9.0000 tried=5 sep_labels=14 clique_frac=0.01
t=37859ms iter=610 REBUILD reject new_tc=23.5134 (was 23.3025)
t=37888ms iter=610 incumb=23.3025 ratchet=23.4551 best=23.3013 since_improve=138
t=37890ms iter=611 WAIST cost=23.0000 best_alt=14.0000 gap=9.0000 tried=5 sep_labels=14 clique_frac=0.01
t=37917ms iter=611 REBUILD reject new_tc=23.9843 (was 23.3025)
t=37946ms iter=611 incumb=23.3025 ratchet=23.3270 best=23.3013 since_improve=139
t=37949ms iter=612 WAIST cost=23.0000 best_alt=14.0000 gap=9.0000 tried=5 sep_labels=14 clique_frac=0.01
t=37975ms iter=612 REBUILD reject new_tc=23.7959 (was 23.3025)
t=38004ms iter=612 incumb=23.3025 ratchet=23.4564 best=23.3013 since_improve=140
t=38006ms iter=613 WAIST cost=23.0000 best_alt=14.0000 gap=9.0000 tried=5 sep_labels=14 clique_frac=0.01
t=38033ms iter=613 REBUILD reject new_tc=23.6848 (was 23.3025)
t=38063ms iter=613 incumb=23.3025 ratchet=23.3978 best=23.3013 since_improve=141
t=38065ms iter=614 WAIST cost=23.0000 best_alt=14.0000 gap=9.0000 tried=5 sep_labels=14 clique_frac=0.01
t=38092ms iter=614 REBUILD reject new_tc=23.4069 (was 23.3025)
t=38126ms iter=614 incumb=23.3025 ratchet=23.3877 best=23.3013 since_improve=142
t=38128ms iter=615 WAIST cost=23.0000 best_alt=14.0000 gap=9.0000 tried=5 sep_labels=14 clique_frac=0.01
t=38155ms iter=615 REBUILD reject new_tc=23.3879 (was 23.3025)
t=38184ms iter=615 incumb=23.3025 ratchet=23.3474 best=23.3013 since_improve=143
t=38186ms iter=616 WAIST cost=23.0000 best_alt=14.0000 gap=9.0000 tried=5 sep_labels=14 clique_frac=0.01
t=38213ms iter=616 REBUILD reject new_tc=23.3527 (was 23.3025)
t=38242ms iter=616 incumb=23.3025 ratchet=23.3098 best=23.3013 since_improve=144
t=38244ms iter=617 WAIST cost=23.0000 best_alt=14.0000 gap=9.0000 tried=5 sep_labels=14 clique_frac=0.01
t=38282ms iter=617 REBUILD reject new_tc=23.5368 (was 23.3025)
t=38310ms iter=617 incumb=23.3025 ratchet=23.4887 best=23.3013 since_improve=145
t=38313ms iter=618 WAIST cost=23.0000 best_alt=13.0000 gap=10.0000 tried=5 sep_labels=13 clique_frac=0.01
t=38340ms iter=618 REBUILD reject new_tc=23.5060 (was 23.3025)
t=38369ms iter=618 incumb=23.3025 ratchet=23.3136 best=23.3013 since_improve=146
t=38371ms iter=619 WAIST cost=23.0000 best_alt=14.0000 gap=9.0000 tried=5 sep_labels=14 clique_frac=0.01
t=38398ms iter=619 REBUILD reject new_tc=23.3884 (was 23.3025)
t=38427ms iter=619 incumb=23.3025 ratchet=23.3381 best=23.3013 since_improve=147
t=38429ms iter=620 WAIST cost=23.0000 best_alt=14.0000 gap=9.0000 tried=5 sep_labels=14 clique_frac=0.01
t=38456ms iter=620 REBUILD reject new_tc=23.6850 (was 23.3025)
t=38485ms iter=620 incumb=23.3025 ratchet=23.8563 best=23.3013 since_improve=148
t=38488ms iter=621 WAIST cost=23.0000 best_alt=14.0000 gap=9.0000 tried=5 sep_labels=14 clique_frac=0.01
t=38514ms iter=621 REBUILD reject new_tc=23.6831 (was 23.3025)
t=38543ms iter=621 incumb=23.3025 ratchet=23.3292 best=23.3013 since_improve=149
t=38546ms iter=622 WAIST cost=23.0000 best_alt=14.0000 gap=9.0000 tried=5 sep_labels=14 clique_frac=0.01
t=38572ms iter=622 REBUILD reject new_tc=23.7739 (was 23.3025)
t=38600ms iter=622 incumb=23.3025 ratchet=23.4603 best=23.3013 since_improve=150
t=38602ms iter=623 WAIST cost=23.0000 best_alt=14.0000 gap=9.0000 tried=5 sep_labels=14 clique_frac=0.01
t=38629ms iter=623 REBUILD reject new_tc=23.7766 (was 23.3025)
t=38657ms iter=623 incumb=23.3025 ratchet=23.9207 best=23.3013 since_improve=151
t=38660ms iter=624 WAIST cost=23.0000 best_alt=12.0000 gap=11.0000 tried=5 sep_labels=12 clique_frac=0.00
t=38687ms iter=624 REBUILD reject new_tc=23.4828 (was 23.3025)
t=38715ms iter=624 incumb=23.3025 ratchet=23.4766 best=23.3013 since_improve=152
t=38717ms iter=625 WAIST cost=23.0000 best_alt=14.0000 gap=9.0000 tried=5 sep_labels=14 clique_frac=0.01
t=38744ms iter=625 REBUILD reject new_tc=23.4888 (was 23.3025)
t=38774ms iter=625 incumb=23.3025 ratchet=23.3401 best=23.3013 since_improve=153
t=38777ms iter=626 WAIST cost=23.0000 best_alt=14.0000 gap=9.0000 tried=5 sep_labels=14 clique_frac=0.01
t=38803ms iter=626 REBUILD reject new_tc=23.3556 (was 23.3025)
t=38831ms iter=626 incumb=23.3025 ratchet=23.5036 best=23.3013 since_improve=154
t=38834ms iter=627 WAIST cost=23.0000 best_alt=13.0000 gap=10.0000 tried=5 sep_labels=13 clique_frac=0.03
t=38862ms iter=627 REBUILD reject new_tc=23.3040 (was 23.3025)
t=38892ms iter=627 incumb=23.3025 ratchet=23.3303 best=23.3013 since_improve=155
t=38894ms iter=628 WAIST cost=23.0000 best_alt=14.0000 gap=9.0000 tried=5 sep_labels=14 clique_frac=0.01
t=38921ms iter=628 REBUILD reject new_tc=23.4033 (was 23.3025)
t=38949ms iter=628 incumb=23.3025 ratchet=23.4627 best=23.3013 since_improve=156
t=38952ms iter=629 WAIST cost=23.0000 best_alt=14.0000 gap=9.0000 tried=5 sep_labels=14 clique_frac=0.01
t=38978ms iter=629 REBUILD reject new_tc=23.6850 (was 23.3025)
t=39006ms iter=629 incumb=23.3025 ratchet=23.3384 best=23.3013 since_improve=157
t=39008ms iter=630 WAIST cost=23.0000 best_alt=14.0000 gap=9.0000 tried=5 sep_labels=14 clique_frac=0.01
t=39035ms iter=630 REBUILD reject new_tc=23.4109 (was 23.3025)
t=39064ms iter=630 incumb=23.3025 ratchet=23.3468 best=23.3013 since_improve=158
t=39067ms iter=631 WAIST cost=23.0000 best_alt=14.0000 gap=9.0000 tried=5 sep_labels=14 clique_frac=0.01
t=39094ms iter=631 REBUILD reject new_tc=23.3472 (was 23.3025)
t=39121ms iter=631 incumb=23.3025 ratchet=23.4013 best=23.3013 since_improve=159
t=39124ms iter=632 WAIST cost=23.0000 best_alt=14.0000 gap=9.0000 tried=5 sep_labels=14 clique_frac=0.01
t=39151ms iter=632 REBUILD reject new_tc=23.4128 (was 23.3025)
t=39180ms iter=632 incumb=23.3025 ratchet=23.4895 best=23.3013 since_improve=160
t=39182ms iter=633 WAIST cost=23.0000 best_alt=13.0000 gap=10.0000 tried=5 sep_labels=13 clique_frac=0.01
t=39209ms iter=633 REBUILD reject new_tc=23.3489 (was 23.3025)
t=39238ms iter=633 incumb=23.3025 ratchet=23.4100 best=23.3013 since_improve=161
t=39241ms iter=634 WAIST cost=23.0000 best_alt=14.0000 gap=9.0000 tried=5 sep_labels=14 clique_frac=0.01
t=39267ms iter=634 REBUILD reject new_tc=23.4913 (was 23.3025)
t=39296ms iter=634 incumb=23.3025 ratchet=23.3363 best=23.3013 since_improve=162
t=39299ms iter=635 WAIST cost=23.0000 best_alt=14.0000 gap=9.0000 tried=5 sep_labels=14 clique_frac=0.01
t=39326ms iter=635 REBUILD reject new_tc=23.6875 (was 23.3025)
t=39355ms iter=635 incumb=23.3025 ratchet=23.3324 best=23.3013 since_improve=163
t=39358ms iter=636 WAIST cost=23.0000 best_alt=12.0000 gap=11.0000 tried=5 sep_labels=12 clique_frac=0.00
t=39385ms iter=636 REBUILD reject new_tc=23.5622 (was 23.3025)
t=39414ms iter=636 incumb=23.3025 ratchet=23.8569 best=23.3013 since_improve=164
t=39416ms iter=637 WAIST cost=23.0000 best_alt=14.0000 gap=9.0000 tried=5 sep_labels=14 clique_frac=0.01
t=39444ms iter=637 REBUILD reject new_tc=23.4823 (was 23.3025)
t=39472ms iter=637 incumb=23.3025 ratchet=23.9736 best=23.3013 since_improve=165
t=39474ms iter=638 WAIST cost=23.0000 best_alt=14.0000 gap=9.0000 tried=5 sep_labels=14 clique_frac=0.01
t=39500ms iter=638 REBUILD reject new_tc=23.8067 (was 23.3025)
t=39529ms iter=638 incumb=23.3025 ratchet=23.4494 best=23.3013 since_improve=166
t=39532ms iter=639 WAIST cost=23.0000 best_alt=14.0000 gap=9.0000 tried=5 sep_labels=14 clique_frac=0.01
t=39558ms iter=639 REBUILD reject new_tc=23.7732 (was 23.3025)
t=39587ms iter=639 incumb=23.3025 ratchet=23.3689 best=23.3013 since_improve=167
t=39590ms iter=640 WAIST cost=23.0000 best_alt=14.0000 gap=9.0000 tried=5 sep_labels=14 clique_frac=0.01
t=39616ms iter=640 REBUILD reject new_tc=23.6948 (was 23.3025)
t=39645ms iter=640 incumb=23.3025 ratchet=23.3903 best=23.3013 since_improve=168
t=39648ms iter=641 WAIST cost=23.0000 best_alt=12.0000 gap=11.0000 tried=5 sep_labels=12 clique_frac=0.00
t=39674ms iter=641 REBUILD reject new_tc=23.3494 (was 23.3025)
t=39703ms iter=641 incumb=23.3025 ratchet=23.3335 best=23.3013 since_improve=169
t=39706ms iter=642 WAIST cost=23.0000 best_alt=13.0000 gap=10.0000 tried=5 sep_labels=13 clique_frac=0.01
t=39733ms iter=642 REBUILD reject new_tc=23.3414 (was 23.3025)
t=39762ms iter=642 incumb=23.3025 ratchet=23.3325 best=23.3013 since_improve=170
t=39764ms iter=643 WAIST cost=23.0000 best_alt=14.0000 gap=9.0000 tried=5 sep_labels=14 clique_frac=0.01
t=39791ms iter=643 REBUILD reject new_tc=23.6775 (was 23.3025)
t=39820ms iter=643 incumb=23.3025 ratchet=23.5699 best=23.3013 since_improve=171
t=39822ms iter=644 WAIST cost=23.0000 best_alt=14.0000 gap=9.0000 tried=5 sep_labels=14 clique_frac=0.01
t=39849ms iter=644 REBUILD reject new_tc=23.6847 (was 23.3025)
t=39878ms iter=644 incumb=23.3025 ratchet=23.6557 best=23.3013 since_improve=172
t=39880ms iter=645 WAIST cost=23.0000 best_alt=13.0000 gap=10.0000 tried=5 sep_labels=13 clique_frac=0.03
t=39908ms iter=645 REBUILD reject new_tc=23.5142 (was 23.3025)
t=39937ms iter=645 incumb=23.3025 ratchet=23.3327 best=23.3013 since_improve=173
t=39939ms iter=646 WAIST cost=23.0000 best_alt=14.0000 gap=9.0000 tried=5 sep_labels=14 clique_frac=0.01
t=39969ms iter=646 REBUILD reject new_tc=23.4030 (was 23.3025)
t=39997ms iter=646 incumb=23.3025 ratchet=23.3457 best=23.3013 since_improve=174
t=40000ms iter=647 WAIST cost=23.0000 best_alt=12.0000 gap=11.0000 tried=5 sep_labels=12 clique_frac=0.00
t=40026ms iter=647 REBUILD reject new_tc=23.5181 (was 23.3025)
t=40056ms iter=647 incumb=23.3025 ratchet=23.4341 best=23.3013 since_improve=175
t=40058ms iter=648 WAIST cost=23.0000 best_alt=14.0000 gap=9.0000 tried=5 sep_labels=14 clique_frac=0.01
t=40085ms iter=648 REBUILD reject new_tc=23.6880 (was 23.3025)
t=40115ms iter=648 incumb=23.3025 ratchet=23.3976 best=23.3013 since_improve=176
t=40117ms iter=649 WAIST cost=23.0000 best_alt=14.0000 gap=9.0000 tried=5 sep_labels=14 clique_frac=0.01
t=40144ms iter=649 REBUILD reject new_tc=23.3979 (was 23.3025)
t=40173ms iter=649 incumb=23.3025 ratchet=23.3312 best=23.3013 since_improve=177
t=40176ms iter=650 WAIST cost=23.0000 best_alt=14.0000 gap=9.0000 tried=5 sep_labels=14 clique_frac=0.01
t=40203ms iter=650 REBUILD reject new_tc=23.5194 (was 23.3025)
t=40231ms iter=650 incumb=23.3025 ratchet=23.4668 best=23.3013 since_improve=178
t=40234ms iter=651 WAIST cost=23.0000 best_alt=13.0000 gap=10.0000 tried=5 sep_labels=13 clique_frac=0.01
t=40261ms iter=651 REBUILD reject new_tc=23.3386 (was 23.3025)
t=40289ms iter=651 incumb=23.3025 ratchet=23.8585 best=23.3013 since_improve=179
t=40292ms iter=652 WAIST cost=23.0000 best_alt=13.0000 gap=10.0000 tried=5 sep_labels=13 clique_frac=0.01
t=40318ms iter=652 REBUILD reject new_tc=24.7502 (was 23.3025)
t=40347ms iter=652 incumb=23.3025 ratchet=23.3287 best=23.3013 since_improve=180
t=40349ms iter=653 WAIST cost=23.0000 best_alt=14.0000 gap=9.0000 tried=5 sep_labels=14 clique_frac=0.01
t=40376ms iter=653 REBUILD reject new_tc=23.6883 (was 23.3025)
t=40406ms iter=653 incumb=23.3025 ratchet=23.3603 best=23.3013 since_improve=181
t=40408ms iter=654 WAIST cost=23.0000 best_alt=14.0000 gap=9.0000 tried=5 sep_labels=14 clique_frac=0.01
t=40435ms iter=654 REBUILD reject new_tc=23.3867 (was 23.3025)
t=40463ms iter=654 incumb=23.3025 ratchet=23.3332 best=23.3013 since_improve=182
t=40466ms iter=655 WAIST cost=23.0000 best_alt=14.0000 gap=9.0000 tried=5 sep_labels=14 clique_frac=0.01
t=40493ms iter=655 REBUILD reject new_tc=23.3717 (was 23.3025)
t=40522ms iter=655 incumb=23.3025 ratchet=23.3924 best=23.3013 since_improve=183
t=40525ms iter=656 WAIST cost=23.0000 best_alt=13.0000 gap=10.0000 tried=5 sep_labels=13 clique_frac=0.03
t=40551ms iter=656 REBUILD reject new_tc=23.3376 (was 23.3025)
t=40580ms iter=656 incumb=23.3025 ratchet=23.3273 best=23.3013 since_improve=184
t=40583ms iter=657 WAIST cost=23.0000 best_alt=12.0000 gap=11.0000 tried=5 sep_labels=12 clique_frac=0.00
t=40609ms iter=657 REBUILD reject new_tc=23.3623 (was 23.3025)
t=40637ms iter=657 incumb=23.3025 ratchet=23.3676 best=23.3013 since_improve=185
t=40639ms iter=658 WAIST cost=23.0000 best_alt=14.0000 gap=9.0000 tried=5 sep_labels=14 clique_frac=0.01
t=40666ms iter=658 REBUILD reject new_tc=23.3707 (was 23.3025)
t=40694ms iter=658 incumb=23.3025 ratchet=23.3175 best=23.3013 since_improve=186
t=40696ms iter=659 WAIST cost=23.0000 best_alt=14.0000 gap=9.0000 tried=5 sep_labels=14 clique_frac=0.01
t=40723ms iter=659 REBUILD reject new_tc=23.7000 (was 23.3025)
t=40751ms iter=659 incumb=23.3025 ratchet=23.3679 best=23.3013 since_improve=187
t=40754ms iter=660 WAIST cost=23.0000 best_alt=14.0000 gap=9.0000 tried=5 sep_labels=14 clique_frac=0.01
t=40780ms iter=660 REBUILD reject new_tc=23.9115 (was 23.3025)
t=40809ms iter=660 incumb=23.3025 ratchet=23.3322 best=23.3013 since_improve=188
t=40811ms iter=661 WAIST cost=23.0000 best_alt=12.0000 gap=11.0000 tried=5 sep_labels=12 clique_frac=0.00
t=40838ms iter=661 REBUILD reject new_tc=24.3333 (was 23.3025)
t=40868ms iter=661 incumb=23.3025 ratchet=23.3054 best=23.3013 since_improve=189
t=40870ms iter=662 WAIST cost=23.0000 best_alt=14.0000 gap=9.0000 tried=5 sep_labels=14 clique_frac=0.01
t=40897ms iter=662 REBUILD reject new_tc=23.5501 (was 23.3025)
t=40926ms iter=662 incumb=23.3025 ratchet=23.3897 best=23.3013 since_improve=190
t=40929ms iter=663 WAIST cost=23.0000 best_alt=14.0000 gap=9.0000 tried=5 sep_labels=14 clique_frac=0.01
t=40956ms iter=663 REBUILD reject new_tc=23.4866 (was 23.3025)
t=40983ms iter=663 incumb=23.3025 ratchet=23.3464 best=23.3013 since_improve=191
t=40986ms iter=664 WAIST cost=23.0000 best_alt=13.0000 gap=10.0000 tried=5 sep_labels=13 clique_frac=0.01
t=41013ms iter=664 REBUILD reject new_tc=23.3434 (was 23.3025)
t=41041ms iter=664 incumb=23.3025 ratchet=23.3483 best=23.3013 since_improve=192
t=41044ms iter=665 WAIST cost=23.0000 best_alt=14.0000 gap=9.0000 tried=5 sep_labels=14 clique_frac=0.01
t=41071ms iter=665 REBUILD reject new_tc=23.4051 (was 23.3025)
t=41101ms iter=665 incumb=23.3025 ratchet=23.3901 best=23.3013 since_improve=193
t=41103ms iter=666 WAIST cost=23.0000 best_alt=14.0000 gap=9.0000 tried=5 sep_labels=14 clique_frac=0.01
t=41129ms iter=666 REBUILD reject new_tc=23.5659 (was 23.3025)
t=41157ms iter=666 incumb=23.3025 ratchet=23.3283 best=23.3013 since_improve=194
t=41160ms iter=667 WAIST cost=23.0000 best_alt=14.0000 gap=9.0000 tried=5 sep_labels=14 clique_frac=0.01
t=41187ms iter=667 REBUILD reject new_tc=23.5194 (was 23.3025)
t=41216ms iter=667 incumb=23.3025 ratchet=23.6404 best=23.3013 since_improve=195
t=41218ms iter=668 WAIST cost=23.0000 best_alt=12.0000 gap=11.0000 tried=5 sep_labels=12 clique_frac=0.00
t=41245ms iter=668 REBUILD reject new_tc=23.4810 (was 23.3025)
t=41274ms iter=668 incumb=23.3025 ratchet=23.4859 best=23.3013 since_improve=196
t=41277ms iter=669 WAIST cost=23.0000 best_alt=12.0000 gap=11.0000 tried=5 sep_labels=12 clique_frac=0.00
t=41304ms iter=669 REBUILD reject new_tc=23.4697 (was 23.3025)
t=41332ms iter=669 incumb=23.3025 ratchet=23.3293 best=23.3013 since_improve=197
t=41334ms iter=670 WAIST cost=23.0000 best_alt=14.0000 gap=9.0000 tried=5 sep_labels=14 clique_frac=0.01
t=41361ms iter=670 REBUILD reject new_tc=23.3794 (was 23.3025)
t=41390ms iter=670 incumb=23.3025 ratchet=23.9453 best=23.3013 since_improve=198
t=41392ms iter=671 WAIST cost=23.0000 best_alt=13.0000 gap=10.0000 tried=5 sep_labels=13 clique_frac=0.03
t=41419ms iter=671 REBUILD reject new_tc=23.5145 (was 23.3025)
t=41448ms iter=671 incumb=23.3025 ratchet=23.4402 best=23.3013 since_improve=199
t=41450ms iter=672 WAIST cost=23.0000 best_alt=12.0000 gap=11.0000 tried=5 sep_labels=12 clique_frac=0.00
t=41476ms iter=672 REBUILD reject new_tc=23.4760 (was 23.3025)
t=41505ms iter=672 incumb=23.3025 ratchet=23.3532 best=23.3013 since_improve=200
t=41508ms iter=673 WAIST cost=23.0000 best_alt=14.0000 gap=9.0000 tried=5 sep_labels=14 clique_frac=0.01
t=41535ms iter=673 REBUILD reject new_tc=23.5277 (was 23.3025)
t=41562ms iter=673 incumb=23.3025 ratchet=23.5228 best=23.3013 since_improve=201
t=41565ms iter=674 WAIST cost=23.0000 best_alt=12.0000 gap=11.0000 tried=5 sep_labels=12 clique_frac=0.00
t=41592ms iter=674 REBUILD reject new_tc=23.3650 (was 23.3025)
t=41620ms iter=674 incumb=23.3025 ratchet=23.4630 best=23.3013 since_improve=202
t=41622ms iter=675 WAIST cost=23.0000 best_alt=14.0000 gap=9.0000 tried=5 sep_labels=14 clique_frac=0.01
t=41648ms iter=675 REBUILD reject new_tc=23.5135 (was 23.3025)
t=41677ms iter=675 incumb=23.3025 ratchet=23.4875 best=23.3013 since_improve=203
t=41679ms iter=676 WAIST cost=23.0000 best_alt=14.0000 gap=9.0000 tried=5 sep_labels=14 clique_frac=0.01
t=41706ms iter=676 REBUILD reject new_tc=23.3889 (was 23.3025)
t=41736ms iter=676 incumb=23.3025 ratchet=23.3443 best=23.3013 since_improve=204
t=41738ms iter=677 WAIST cost=23.0000 best_alt=14.0000 gap=9.0000 tried=5 sep_labels=14 clique_frac=0.01
t=41765ms iter=677 REBUILD reject new_tc=23.6848 (was 23.3025)
t=41793ms iter=677 incumb=23.3025 ratchet=23.3285 best=23.3013 since_improve=205
t=41795ms iter=678 WAIST cost=23.0000 best_alt=14.0000 gap=9.0000 tried=5 sep_labels=14 clique_frac=0.01
t=41822ms iter=678 REBUILD reject new_tc=23.5168 (was 23.3025)
t=41851ms iter=678 incumb=23.3025 ratchet=23.3450 best=23.3013 since_improve=206
t=41854ms iter=679 WAIST cost=23.0000 best_alt=14.0000 gap=9.0000 tried=5 sep_labels=14 clique_frac=0.01
t=41881ms iter=679 REBUILD reject new_tc=23.4459 (was 23.3025)
t=41909ms iter=679 incumb=23.3025 ratchet=23.8617 best=23.3013 since_improve=207
t=41911ms iter=680 WAIST cost=23.0000 best_alt=12.0000 gap=11.0000 tried=5 sep_labels=12 clique_frac=0.00
t=41938ms iter=680 REBUILD reject new_tc=23.3274 (was 23.3025)
t=41967ms iter=680 incumb=23.3025 ratchet=23.3449 best=23.3013 since_improve=208
t=41970ms iter=681 WAIST cost=23.0000 best_alt=14.0000 gap=9.0000 tried=5 sep_labels=14 clique_frac=0.01
t=41996ms iter=681 REBUILD reject new_tc=23.4174 (was 23.3025)
t=42025ms iter=681 incumb=23.3025 ratchet=23.3969 best=23.3013 since_improve=209
t=42027ms iter=682 WAIST cost=23.0000 best_alt=14.0000 gap=9.0000 tried=5 sep_labels=14 clique_frac=0.01
t=42054ms iter=682 REBUILD reject new_tc=23.7804 (was 23.3025)
t=42083ms iter=682 incumb=23.3025 ratchet=23.3288 best=23.3013 since_improve=210
t=42086ms iter=683 WAIST cost=23.0000 best_alt=14.0000 gap=9.0000 tried=5 sep_labels=14 clique_frac=0.01
t=42113ms iter=683 REBUILD reject new_tc=23.4017 (was 23.3025)
t=42142ms iter=683 incumb=23.3025 ratchet=23.3462 best=23.3013 since_improve=211
t=42144ms iter=684 WAIST cost=23.0000 best_alt=14.0000 gap=9.0000 tried=5 sep_labels=14 clique_frac=0.01
t=42171ms iter=684 REBUILD reject new_tc=23.7798 (was 23.3025)
t=42199ms iter=684 incumb=23.3025 ratchet=23.5889 best=23.3013 since_improve=212
t=42201ms iter=685 WAIST cost=23.0000 best_alt=14.0000 gap=9.0000 tried=5 sep_labels=14 clique_frac=0.01
t=42228ms iter=685 REBUILD reject new_tc=23.7734 (was 23.3025)
t=42257ms iter=685 incumb=23.3025 ratchet=23.3301 best=23.3013 since_improve=213
t=42260ms iter=686 WAIST cost=23.0000 best_alt=14.0000 gap=9.0000 tried=5 sep_labels=14 clique_frac=0.01
t=42286ms iter=686 REBUILD reject new_tc=23.5081 (was 23.3025)
t=42316ms iter=686 incumb=23.3025 ratchet=23.3288 best=23.3013 since_improve=214
t=42319ms iter=687 WAIST cost=23.0000 best_alt=13.0000 gap=10.0000 tried=5 sep_labels=13 clique_frac=0.03
t=42347ms iter=687 REBUILD reject new_tc=23.3285 (was 23.3025)
t=42376ms iter=687 incumb=23.3025 ratchet=23.3929 best=23.3013 since_improve=215
t=42378ms iter=688 WAIST cost=23.0000 best_alt=14.0000 gap=9.0000 tried=5 sep_labels=14 clique_frac=0.01
t=42405ms iter=688 REBUILD reject new_tc=23.6770 (was 23.3025)
t=42433ms iter=688 incumb=23.3025 ratchet=23.3334 best=23.3013 since_improve=216
t=42435ms iter=689 WAIST cost=23.0000 best_alt=14.0000 gap=9.0000 tried=5 sep_labels=14 clique_frac=0.01
t=42462ms iter=689 REBUILD reject new_tc=23.4373 (was 23.3025)
t=42490ms iter=689 incumb=23.3025 ratchet=23.3334 best=23.3013 since_improve=217
t=42492ms iter=690 WAIST cost=23.0000 best_alt=14.0000 gap=9.0000 tried=5 sep_labels=14 clique_frac=0.01
t=42519ms iter=690 REBUILD reject new_tc=23.3707 (was 23.3025)
t=42548ms iter=690 incumb=23.3025 ratchet=23.3328 best=23.3013 since_improve=218
t=42551ms iter=691 WAIST cost=23.0000 best_alt=12.0000 gap=11.0000 tried=5 sep_labels=12 clique_frac=0.00
t=42578ms iter=691 REBUILD reject new_tc=23.3266 (was 23.3025)
t=42606ms iter=691 incumb=23.3025 ratchet=23.3351 best=23.3013 since_improve=219
t=42609ms iter=692 WAIST cost=23.0000 best_alt=12.0000 gap=11.0000 tried=5 sep_labels=12 clique_frac=0.00
t=42636ms iter=692 REBUILD reject new_tc=23.3755 (was 23.3025)
t=42665ms iter=692 incumb=23.3025 ratchet=23.3468 best=23.3013 since_improve=220
t=42667ms iter=693 WAIST cost=23.0000 best_alt=13.0000 gap=10.0000 tried=5 sep_labels=13 clique_frac=0.03
t=42694ms iter=693 REBUILD reject new_tc=23.3567 (was 23.3025)
t=42723ms iter=693 incumb=23.3025 ratchet=23.3318 best=23.3013 since_improve=221
t=42726ms iter=694 WAIST cost=23.0000 best_alt=12.0000 gap=11.0000 tried=5 sep_labels=12 clique_frac=0.00
t=42753ms iter=694 REBUILD reject new_tc=23.4903 (was 23.3025)
t=42781ms iter=694 incumb=23.3025 ratchet=23.3785 best=23.3013 since_improve=222
t=42784ms iter=695 WAIST cost=23.0000 best_alt=14.0000 gap=9.0000 tried=5 sep_labels=14 clique_frac=0.01
t=42810ms iter=695 REBUILD reject new_tc=23.6945 (was 23.3025)
t=42839ms iter=695 incumb=23.3025 ratchet=23.3462 best=23.3013 since_improve=223
t=42842ms iter=696 WAIST cost=23.0000 best_alt=14.0000 gap=9.0000 tried=5 sep_labels=14 clique_frac=0.01
t=42869ms iter=696 REBUILD reject new_tc=23.4835 (was 23.3025)
t=42898ms iter=696 incumb=23.3025 ratchet=23.3483 best=23.3013 since_improve=224
t=42901ms iter=697 WAIST cost=23.0000 best_alt=14.0000 gap=9.0000 tried=5 sep_labels=14 clique_frac=0.01
t=42927ms iter=697 REBUILD reject new_tc=23.6876 (was 23.3025)
t=42957ms iter=697 incumb=23.3025 ratchet=23.3414 best=23.3013 since_improve=225
t=42959ms iter=698 WAIST cost=23.0000 best_alt=12.0000 gap=11.0000 tried=5 sep_labels=12 clique_frac=0.00
t=42986ms iter=698 REBUILD reject new_tc=23.4933 (was 23.3025)
t=43014ms iter=698 incumb=23.3025 ratchet=23.3278 best=23.3013 since_improve=226
t=43017ms iter=699 WAIST cost=23.0000 best_alt=12.0000 gap=11.0000 tried=5 sep_labels=12 clique_frac=0.00
t=43043ms iter=699 REBUILD reject new_tc=23.4801 (was 23.3025)
t=43072ms iter=699 incumb=23.3025 ratchet=23.6371 best=23.3013 since_improve=227
t=43074ms iter=700 WAIST cost=23.0000 best_alt=14.0000 gap=9.0000 tried=5 sep_labels=14 clique_frac=0.01
t=43101ms iter=700 REBUILD reject new_tc=23.4953 (was 23.3025)
t=43129ms iter=700 incumb=23.3025 ratchet=23.3952 best=23.3013 since_improve=228
t=43131ms iter=701 WAIST cost=23.0000 best_alt=12.0000 gap=11.0000 tried=5 sep_labels=12 clique_frac=0.00
t=43158ms iter=701 REBUILD reject new_tc=23.3148 (was 23.3025)
t=43186ms iter=701 incumb=23.3025 ratchet=23.3879 best=23.3013 since_improve=229
t=43188ms iter=702 WAIST cost=23.0000 best_alt=14.0000 gap=9.0000 tried=5 sep_labels=14 clique_frac=0.01
t=43215ms iter=702 REBUILD reject new_tc=23.6844 (was 23.3025)
t=43244ms iter=702 incumb=23.3025 ratchet=23.3320 best=23.3013 since_improve=230
t=43246ms iter=703 WAIST cost=23.0000 best_alt=12.0000 gap=11.0000 tried=5 sep_labels=12 clique_frac=0.00
t=43273ms iter=703 REBUILD reject new_tc=24.2377 (was 23.3025)
t=43301ms iter=703 incumb=23.3025 ratchet=23.3264 best=23.3013 since_improve=231
t=43303ms iter=704 WAIST cost=23.0000 best_alt=14.0000 gap=9.0000 tried=5 sep_labels=14 clique_frac=0.01
t=43330ms iter=704 REBUILD reject new_tc=23.4884 (was 23.3025)
t=43358ms iter=704 incumb=23.3025 ratchet=23.3463 best=23.3013 since_improve=232
t=43361ms iter=705 WAIST cost=23.0000 best_alt=13.0000 gap=10.0000 tried=5 sep_labels=13 clique_frac=0.03
t=43387ms iter=705 REBUILD reject new_tc=23.5171 (was 23.3025)
t=43415ms iter=705 incumb=23.3025 ratchet=23.3309 best=23.3013 since_improve=233
t=43418ms iter=706 WAIST cost=23.0000 best_alt=14.0000 gap=9.0000 tried=5 sep_labels=14 clique_frac=0.01
t=43445ms iter=706 REBUILD reject new_tc=23.3718 (was 23.3025)
t=43474ms iter=706 incumb=23.3025 ratchet=23.3521 best=23.3013 since_improve=234
t=43476ms iter=707 WAIST cost=23.0000 best_alt=14.0000 gap=9.0000 tried=5 sep_labels=14 clique_frac=0.01
t=43503ms iter=707 REBUILD reject new_tc=23.4740 (was 23.3025)
t=43531ms iter=707 incumb=23.3025 ratchet=23.3374 best=23.3013 since_improve=235
t=43533ms iter=708 WAIST cost=23.0000 best_alt=14.0000 gap=9.0000 tried=5 sep_labels=14 clique_frac=0.01
t=43560ms iter=708 REBUILD reject new_tc=23.3695 (was 23.3025)
t=43589ms iter=708 incumb=23.3025 ratchet=23.3158 best=23.3013 since_improve=236
t=43592ms iter=709 WAIST cost=23.0000 best_alt=13.0000 gap=10.0000 tried=5 sep_labels=13 clique_frac=0.01
t=43619ms iter=709 REBUILD reject new_tc=23.3384 (was 23.3025)
t=43647ms iter=709 incumb=23.3025 ratchet=23.3286 best=23.3013 since_improve=237
t=43649ms iter=710 WAIST cost=23.0000 best_alt=12.0000 gap=11.0000 tried=5 sep_labels=12 clique_frac=0.00
t=43675ms iter=710 REBUILD reject new_tc=23.4884 (was 23.3025)
t=43704ms iter=710 incumb=23.3025 ratchet=23.4717 best=23.3013 since_improve=238
t=43706ms iter=711 WAIST cost=23.0000 best_alt=12.0000 gap=11.0000 tried=5 sep_labels=12 clique_frac=0.00
t=43733ms iter=711 REBUILD reject new_tc=23.3484 (was 23.3025)
t=43763ms iter=711 incumb=23.3025 ratchet=23.4061 best=23.3013 since_improve=239
t=43765ms iter=712 WAIST cost=23.0000 best_alt=14.0000 gap=9.0000 tried=5 sep_labels=14 clique_frac=0.01
t=43791ms iter=712 REBUILD reject new_tc=23.6846 (was 23.3025)
t=43820ms iter=712 incumb=23.3025 ratchet=23.8104 best=23.3013 since_improve=240
t=43822ms iter=713 WAIST cost=23.0000 best_alt=14.0000 gap=9.0000 tried=5 sep_labels=14 clique_frac=0.01
t=43849ms iter=713 REBUILD reject new_tc=23.4571 (was 23.3025)
t=43877ms iter=713 incumb=23.3025 ratchet=23.3333 best=23.3013 since_improve=241
t=43880ms iter=714 WAIST cost=23.0000 best_alt=14.0000 gap=9.0000 tried=5 sep_labels=14 clique_frac=0.01
t=43906ms iter=714 REBUILD reject new_tc=23.6766 (was 23.3025)
t=43935ms iter=714 incumb=23.3025 ratchet=23.3325 best=23.3013 since_improve=242
t=43938ms iter=715 WAIST cost=23.0000 best_alt=14.0000 gap=9.0000 tried=5 sep_labels=14 clique_frac=0.01
t=43964ms iter=715 REBUILD reject new_tc=23.5182 (was 23.3025)
t=43992ms iter=715 incumb=23.3025 ratchet=23.4447 best=23.3013 since_improve=243
t=43995ms iter=716 WAIST cost=23.0000 best_alt=14.0000 gap=9.0000 tried=5 sep_labels=14 clique_frac=0.01
t=44022ms iter=716 REBUILD reject new_tc=23.6958 (was 23.3025)
t=44049ms iter=716 incumb=23.3025 ratchet=23.5569 best=23.3013 since_improve=244
t=44051ms iter=717 WAIST cost=23.0000 best_alt=14.0000 gap=9.0000 tried=5 sep_labels=14 clique_frac=0.01
t=44077ms iter=717 REBUILD reject new_tc=23.3686 (was 23.3025)
t=44105ms iter=717 incumb=23.3025 ratchet=23.6462 best=23.3013 since_improve=245
t=44107ms iter=718 WAIST cost=23.0000 best_alt=13.0000 gap=10.0000 tried=5 sep_labels=13 clique_frac=0.01
t=44134ms iter=718 REBUILD reject new_tc=23.3497 (was 23.3025)
t=44163ms iter=718 incumb=23.3025 ratchet=23.5252 best=23.3013 since_improve=246
t=44166ms iter=719 WAIST cost=23.0000 best_alt=14.0000 gap=9.0000 tried=5 sep_labels=14 clique_frac=0.01
t=44193ms iter=719 REBUILD reject new_tc=23.4103 (was 23.3025)
t=44222ms iter=719 incumb=23.3025 ratchet=23.4562 best=23.3013 since_improve=247
t=44225ms iter=720 WAIST cost=23.0000 best_alt=14.0000 gap=9.0000 tried=5 sep_labels=14 clique_frac=0.01
t=44251ms iter=720 REBUILD reject new_tc=23.4881 (was 23.3025)
t=44279ms iter=720 incumb=23.3025 ratchet=23.4639 best=23.3013 since_improve=248
t=44282ms iter=721 WAIST cost=23.0000 best_alt=13.0000 gap=10.0000 tried=5 sep_labels=13 clique_frac=0.01
t=44309ms iter=721 REBUILD reject new_tc=23.3450 (was 23.3025)
t=44338ms iter=721 incumb=23.3025 ratchet=23.4929 best=23.3013 since_improve=249
t=44340ms iter=722 WAIST cost=23.0000 best_alt=14.0000 gap=9.0000 tried=5 sep_labels=14 clique_frac=0.01
t=44367ms iter=722 REBUILD reject new_tc=23.6131 (was 23.3025)
t=44396ms iter=722 incumb=23.3025 ratchet=23.3775 best=23.3013 since_improve=250
t=44398ms iter=723 WAIST cost=23.0000 best_alt=13.0000 gap=10.0000 tried=5 sep_labels=13 clique_frac=0.01
t=44426ms iter=723 REBUILD reject new_tc=23.3376 (was 23.3025)
t=44454ms iter=723 incumb=23.3025 ratchet=23.3072 best=23.3013 since_improve=251
t=44456ms iter=724 WAIST cost=23.0000 best_alt=14.0000 gap=9.0000 tried=5 sep_labels=14 clique_frac=0.01
t=44483ms iter=724 REBUILD reject new_tc=23.3883 (was 23.3025)
t=44511ms iter=724 incumb=23.3025 ratchet=23.3369 best=23.3013 since_improve=252
t=44514ms iter=725 WAIST cost=23.0000 best_alt=12.0000 gap=11.0000 tried=5 sep_labels=12 clique_frac=0.00
t=44541ms iter=725 REBUILD reject new_tc=23.5019 (was 23.3025)
t=44570ms iter=725 incumb=23.3025 ratchet=23.6465 best=23.3013 since_improve=253
t=44573ms iter=726 WAIST cost=23.0000 best_alt=14.0000 gap=9.0000 tried=5 sep_labels=14 clique_frac=0.01
t=44600ms iter=726 REBUILD reject new_tc=23.6884 (was 23.3025)
t=44628ms iter=726 incumb=23.3025 ratchet=23.8919 best=23.3013 since_improve=254
t=44631ms iter=727 WAIST cost=23.0000 best_alt=12.0000 gap=11.0000 tried=5 sep_labels=12 clique_frac=0.00
t=44659ms iter=727 REBUILD reject new_tc=23.3245 (was 23.3025)
t=44687ms iter=727 incumb=23.3025 ratchet=23.3872 best=23.3013 since_improve=255
t=44689ms iter=728 WAIST cost=23.0000 best_alt=14.0000 gap=9.0000 tried=5 sep_labels=14 clique_frac=0.01
t=44716ms iter=728 REBUILD reject new_tc=23.4256 (was 23.3025)
t=44744ms iter=728 incumb=23.3025 ratchet=23.3603 best=23.3013 since_improve=256
t=44747ms iter=729 WAIST cost=23.0000 best_alt=14.0000 gap=9.0000 tried=5 sep_labels=14 clique_frac=0.01
t=44773ms iter=729 REBUILD reject new_tc=23.6952 (was 23.3025)
t=44801ms iter=729 incumb=23.3025 ratchet=23.3140 best=23.3013 since_improve=257
t=44803ms iter=730 WAIST cost=23.0000 best_alt=14.0000 gap=9.0000 tried=5 sep_labels=14 clique_frac=0.01
t=44830ms iter=730 REBUILD reject new_tc=23.6886 (was 23.3025)
t=44859ms iter=730 incumb=23.3025 ratchet=23.3286 best=23.3013 since_improve=258
t=44862ms iter=731 WAIST cost=23.0000 best_alt=13.0000 gap=10.0000 tried=5 sep_labels=13 clique_frac=0.03
t=44889ms iter=731 REBUILD reject new_tc=23.3119 (was 23.3025)
t=44918ms iter=731 incumb=23.3025 ratchet=23.4750 best=23.3013 since_improve=259
t=44920ms iter=732 WAIST cost=23.0000 best_alt=14.0000 gap=9.0000 tried=5 sep_labels=14 clique_frac=0.01
t=44946ms iter=732 REBUILD reject new_tc=23.7775 (was 23.3025)
t=44974ms iter=732 incumb=23.3025 ratchet=23.3847 best=23.3013 since_improve=260
t=44977ms iter=733 WAIST cost=23.0000 best_alt=14.0000 gap=9.0000 tried=5 sep_labels=14 clique_frac=0.01
t=45004ms iter=733 REBUILD reject new_tc=23.5312 (was 23.3025)
t=45033ms iter=733 incumb=23.3025 ratchet=23.4366 best=23.3013 since_improve=261
t=45035ms iter=734 WAIST cost=23.0000 best_alt=12.0000 gap=11.0000 tried=5 sep_labels=12 clique_frac=0.00
t=45062ms iter=734 REBUILD reject new_tc=23.6604 (was 23.3025)
t=45092ms iter=734 incumb=23.3025 ratchet=23.4172 best=23.3013 since_improve=262
t=45094ms iter=735 WAIST cost=23.0000 best_alt=14.0000 gap=9.0000 tried=5 sep_labels=14 clique_frac=0.01
t=45121ms iter=735 REBUILD reject new_tc=23.5963 (was 23.3025)
t=45149ms iter=735 incumb=23.3025 ratchet=23.5864 best=23.3013 since_improve=263
t=45151ms iter=736 WAIST cost=23.0000 best_alt=13.0000 gap=10.0000 tried=5 sep_labels=13 clique_frac=0.01
t=45178ms iter=736 REBUILD reject new_tc=23.3483 (was 23.3025)
t=45206ms iter=736 incumb=23.3025 ratchet=23.7749 best=23.3013 since_improve=264
t=45209ms iter=737 WAIST cost=23.0000 best_alt=14.0000 gap=9.0000 tried=5 sep_labels=14 clique_frac=0.01
t=45235ms iter=737 REBUILD reject new_tc=23.6773 (was 23.3025)
t=45263ms iter=737 incumb=23.3025 ratchet=23.3144 best=23.3013 since_improve=265
t=45265ms iter=738 WAIST cost=23.0000 best_alt=14.0000 gap=9.0000 tried=5 sep_labels=14 clique_frac=0.01
t=45292ms iter=738 REBUILD reject new_tc=23.5184 (was 23.3025)
t=45320ms iter=738 incumb=23.3025 ratchet=23.8832 best=23.3013 since_improve=266
t=45322ms iter=739 WAIST cost=23.0000 best_alt=12.0000 gap=11.0000 tried=5 sep_labels=12 clique_frac=0.00
t=45349ms iter=739 REBUILD reject new_tc=23.3410 (was 23.3025)
t=45378ms iter=739 incumb=23.3025 ratchet=23.3294 best=23.3013 since_improve=267
t=45381ms iter=740 WAIST cost=23.0000 best_alt=13.0000 gap=10.0000 tried=5 sep_labels=13 clique_frac=0.01
t=45408ms iter=740 REBUILD reject new_tc=23.3456 (was 23.3025)
t=45436ms iter=740 incumb=23.3025 ratchet=23.5403 best=23.3013 since_improve=268
t=45438ms iter=741 WAIST cost=23.0000 best_alt=14.0000 gap=9.0000 tried=5 sep_labels=14 clique_frac=0.01
t=45465ms iter=741 REBUILD reject new_tc=23.3855 (was 23.3025)
t=45492ms iter=741 incumb=23.3025 ratchet=23.3605 best=23.3013 since_improve=269
t=45495ms iter=742 WAIST cost=23.0000 best_alt=14.0000 gap=9.0000 tried=5 sep_labels=14 clique_frac=0.01
t=45522ms iter=742 REBUILD reject new_tc=23.4890 (was 23.3025)
t=45550ms iter=742 incumb=23.3025 ratchet=23.3426 best=23.3013 since_improve=270
t=45553ms iter=743 WAIST cost=23.0000 best_alt=14.0000 gap=9.0000 tried=5 sep_labels=14 clique_frac=0.01
t=45579ms iter=743 REBUILD reject new_tc=23.7975 (was 23.3025)
t=45608ms iter=743 incumb=23.3025 ratchet=23.3329 best=23.3013 since_improve=271
t=45611ms iter=744 WAIST cost=23.0000 best_alt=12.0000 gap=11.0000 tried=5 sep_labels=12 clique_frac=0.00
t=45638ms iter=744 REBUILD reject new_tc=23.3245 (was 23.3025)
t=45667ms iter=744 incumb=23.3025 ratchet=23.3295 best=23.3013 since_improve=272
t=45670ms iter=745 WAIST cost=23.0000 best_alt=14.0000 gap=9.0000 tried=5 sep_labels=14 clique_frac=0.01
t=45698ms iter=745 REBUILD reject new_tc=23.4051 (was 23.3025)
t=45726ms iter=745 incumb=23.3025 ratchet=23.4550 best=23.3013 since_improve=273
t=45728ms iter=746 WAIST cost=23.0000 best_alt=12.0000 gap=11.0000 tried=5 sep_labels=12 clique_frac=0.00
t=45754ms iter=746 REBUILD reject new_tc=23.7348 (was 23.3025)
t=45783ms iter=746 incumb=23.3025 ratchet=23.4007 best=23.3013 since_improve=274
t=45786ms iter=747 WAIST cost=23.0000 best_alt=13.0000 gap=10.0000 tried=5 sep_labels=13 clique_frac=0.01
t=45814ms iter=747 REBUILD reject new_tc=23.3351 (was 23.3025)
t=45842ms iter=747 incumb=23.3025 ratchet=23.5264 best=23.3013 since_improve=275
t=45844ms iter=748 WAIST cost=23.0000 best_alt=14.0000 gap=9.0000 tried=5 sep_labels=14 clique_frac=0.01
t=45870ms iter=748 REBUILD reject new_tc=23.4047 (was 23.3025)
t=45899ms iter=748 incumb=23.3025 ratchet=23.4588 best=23.3013 since_improve=276
t=45902ms iter=749 WAIST cost=23.0000 best_alt=14.0000 gap=9.0000 tried=5 sep_labels=14 clique_frac=0.01
t=45928ms iter=749 REBUILD reject new_tc=23.7423 (was 23.3025)
t=45957ms iter=749 incumb=23.3025 ratchet=23.3206 best=23.3013 since_improve=277
t=45960ms iter=750 WAIST cost=23.0000 best_alt=13.0000 gap=10.0000 tried=5 sep_labels=13 clique_frac=0.03
t=45986ms iter=750 REBUILD reject new_tc=23.3373 (was 23.3025)
t=46015ms iter=750 incumb=23.3025 ratchet=23.4862 best=23.3013 since_improve=278
t=46018ms iter=751 WAIST cost=23.0000 best_alt=14.0000 gap=9.0000 tried=5 sep_labels=14 clique_frac=0.01
t=46044ms iter=751 REBUILD reject new_tc=23.6952 (was 23.3025)
t=46074ms iter=751 incumb=23.3025 ratchet=23.4555 best=23.3013 since_improve=279
t=46076ms iter=752 WAIST cost=23.0000 best_alt=14.0000 gap=9.0000 tried=5 sep_labels=14 clique_frac=0.01
t=46103ms iter=752 REBUILD reject new_tc=23.8760 (was 23.3025)
t=46131ms iter=752 incumb=23.3025 ratchet=23.3336 best=23.3013 since_improve=280
t=46134ms iter=753 WAIST cost=23.0000 best_alt=14.0000 gap=9.0000 tried=5 sep_labels=14 clique_frac=0.01
t=46160ms iter=753 REBUILD reject new_tc=23.6869 (was 23.3025)
t=46190ms iter=753 incumb=23.3025 ratchet=23.4976 best=23.3013 since_improve=281
t=46193ms iter=754 WAIST cost=23.0000 best_alt=13.0000 gap=10.0000 tried=5 sep_labels=13 clique_frac=0.03
t=46219ms iter=754 REBUILD reject new_tc=23.8796 (was 23.3025)
t=46248ms iter=754 incumb=23.3025 ratchet=23.3175 best=23.3013 since_improve=282
t=46250ms iter=755 WAIST cost=23.0000 best_alt=13.0000 gap=10.0000 tried=5 sep_labels=13 clique_frac=0.01
t=46277ms iter=755 REBUILD reject new_tc=23.3269 (was 23.3025)
t=46305ms iter=755 incumb=23.3025 ratchet=23.6310 best=23.3013 since_improve=283
t=46307ms iter=756 WAIST cost=23.0000 best_alt=12.0000 gap=11.0000 tried=5 sep_labels=12 clique_frac=0.00
t=46334ms iter=756 REBUILD reject new_tc=23.5448 (was 23.3025)
t=46363ms iter=756 incumb=23.3025 ratchet=23.4637 best=23.3013 since_improve=284
t=46365ms iter=757 WAIST cost=23.0000 best_alt=14.0000 gap=9.0000 tried=5 sep_labels=14 clique_frac=0.01
t=46391ms iter=757 REBUILD reject new_tc=23.9815 (was 23.3025)
t=46421ms iter=757 incumb=23.3025 ratchet=23.5559 best=23.3013 since_improve=285
t=46423ms iter=758 WAIST cost=23.0000 best_alt=14.0000 gap=9.0000 tried=5 sep_labels=14 clique_frac=0.01
t=46450ms iter=758 REBUILD reject new_tc=23.5839 (was 23.3025)
t=46478ms iter=758 incumb=23.3025 ratchet=23.4806 best=23.3013 since_improve=286
t=46480ms iter=759 WAIST cost=23.0000 best_alt=14.0000 gap=9.0000 tried=5 sep_labels=14 clique_frac=0.01
t=46507ms iter=759 REBUILD reject new_tc=23.4964 (was 23.3025)
t=46536ms iter=759 incumb=23.3025 ratchet=23.3343 best=23.3013 since_improve=287
t=46538ms iter=760 WAIST cost=23.0000 best_alt=12.0000 gap=11.0000 tried=5 sep_labels=12 clique_frac=0.00
t=46565ms iter=760 REBUILD reject new_tc=23.5072 (was 23.3025)
t=46594ms iter=760 incumb=23.3025 ratchet=23.4575 best=23.3013 since_improve=288
t=46597ms iter=761 WAIST cost=23.0000 best_alt=14.0000 gap=9.0000 tried=5 sep_labels=14 clique_frac=0.01
t=46624ms iter=761 REBUILD reject new_tc=23.4804 (was 23.3025)
t=46653ms iter=761 incumb=23.3025 ratchet=23.3209 best=23.3013 since_improve=289
t=46655ms iter=762 WAIST cost=23.0000 best_alt=12.0000 gap=11.0000 tried=5 sep_labels=12 clique_frac=0.00
t=46682ms iter=762 REBUILD reject new_tc=23.4840 (was 23.3025)
t=46712ms iter=762 incumb=23.3025 ratchet=23.3973 best=23.3013 since_improve=290
t=46715ms iter=763 WAIST cost=23.0000 best_alt=14.0000 gap=9.0000 tried=5 sep_labels=14 clique_frac=0.01
t=46742ms iter=763 REBUILD reject new_tc=23.3874 (was 23.3025)
t=46771ms iter=763 incumb=23.3025 ratchet=23.3099 best=23.3013 since_improve=291
t=46773ms iter=764 WAIST cost=23.0000 best_alt=14.0000 gap=9.0000 tried=5 sep_labels=14 clique_frac=0.01
t=46799ms iter=764 REBUILD reject new_tc=23.6944 (was 23.3025)
t=46828ms iter=764 incumb=23.3025 ratchet=23.3405 best=23.3013 since_improve=292
t=46830ms iter=765 WAIST cost=23.0000 best_alt=14.0000 gap=9.0000 tried=5 sep_labels=14 clique_frac=0.01
t=46856ms iter=765 REBUILD reject new_tc=23.5701 (was 23.3025)
t=46885ms iter=765 incumb=23.3025 ratchet=23.3686 best=23.3013 since_improve=293
t=46887ms iter=766 WAIST cost=23.0000 best_alt=14.0000 gap=9.0000 tried=5 sep_labels=14 clique_frac=0.01
t=46915ms iter=766 REBUILD reject new_tc=23.4083 (was 23.3025)
t=46944ms iter=766 incumb=23.3025 ratchet=23.3290 best=23.3013 since_improve=294
t=46946ms iter=767 WAIST cost=23.0000 best_alt=12.0000 gap=11.0000 tried=5 sep_labels=12 clique_frac=0.00
t=46972ms iter=767 REBUILD reject new_tc=23.3482 (was 23.3025)
t=47001ms iter=767 incumb=23.3025 ratchet=23.5913 best=23.3013 since_improve=295
t=47004ms iter=768 WAIST cost=23.0000 best_alt=12.0000 gap=11.0000 tried=5 sep_labels=12 clique_frac=0.00
t=47031ms iter=768 REBUILD reject new_tc=23.4008 (was 23.3025)
t=47061ms iter=768 incumb=23.3025 ratchet=23.3176 best=23.3013 since_improve=296
t=47063ms iter=769 WAIST cost=23.0000 best_alt=12.0000 gap=11.0000 tried=5 sep_labels=12 clique_frac=0.00
t=47090ms iter=769 REBUILD reject new_tc=23.9987 (was 23.3025)
t=47119ms iter=769 incumb=23.3025 ratchet=23.4493 best=23.3013 since_improve=297
t=47121ms iter=770 WAIST cost=23.0000 best_alt=12.0000 gap=11.0000 tried=5 sep_labels=12 clique_frac=0.00
t=47148ms iter=770 REBUILD reject new_tc=23.5631 (was 23.3025)
t=47178ms iter=770 incumb=23.3025 ratchet=23.3634 best=23.3013 since_improve=298
t=47180ms iter=771 WAIST cost=23.0000 best_alt=14.0000 gap=9.0000 tried=5 sep_labels=14 clique_frac=0.01
t=47207ms iter=771 REBUILD reject new_tc=23.4846 (was 23.3025)
t=47236ms iter=771 incumb=23.3025 ratchet=23.3321 best=23.3013 since_improve=299
t=47238ms iter=772 WAIST cost=23.0000 best_alt=14.0000 gap=9.0000 tried=5 sep_labels=14 clique_frac=0.01
t=47265ms iter=772 REBUILD reject new_tc=23.8874 (was 23.3025)
t=47294ms iter=772 incumb=23.3025 ratchet=23.3628 best=23.3013 since_improve=300
t=47296ms iter=773 WAIST cost=23.0000 best_alt=12.0000 gap=11.0000 tried=5 sep_labels=12 clique_frac=0.00
t=47323ms iter=773 REBUILD reject new_tc=23.4925 (was 23.3025)
t=47352ms iter=773 incumb=23.3025 ratchet=23.3021 best=23.3013 since_improve=0
t=47355ms iter=774 WAIST cost=23.0000 best_alt=14.0000 gap=9.0000 tried=5 sep_labels=14 clique_frac=0.01
t=47382ms iter=774 REBUILD reject new_tc=23.3868 (was 23.3021)
t=47412ms iter=774 incumb=23.3021 ratchet=23.3016 best=23.3013 since_improve=0
t=47415ms iter=775 WAIST cost=23.0000 best_alt=14.0000 gap=9.0000 tried=5 sep_labels=14 clique_frac=0.01
t=47441ms iter=775 REBUILD reject new_tc=23.4979 (was 23.3016)
t=47471ms iter=775 incumb=23.3016 ratchet=23.3290 best=23.3013 since_improve=1
t=47473ms iter=776 WAIST cost=23.0000 best_alt=14.0000 gap=9.0000 tried=5 sep_labels=14 clique_frac=0.01
t=47500ms iter=776 REBUILD reject new_tc=23.3864 (was 23.3016)
t=47544ms iter=776 incumb=23.3016 ratchet=23.3286 best=23.3011 since_improve=2
t=47546ms iter=777 WAIST cost=23.0000 best_alt=14.0000 gap=9.0000 tried=5 sep_labels=14 clique_frac=0.01
t=47573ms iter=777 REBUILD reject new_tc=23.6887 (was 23.3016)
t=47602ms iter=777 incumb=23.3016 ratchet=23.4969 best=23.3011 since_improve=3
t=47605ms iter=778 WAIST cost=23.0000 best_alt=14.0000 gap=9.0000 tried=5 sep_labels=14 clique_frac=0.01
t=47631ms iter=778 REBUILD reject new_tc=23.4968 (was 23.3016)
t=47660ms iter=778 incumb=23.3016 ratchet=23.4738 best=23.3011 since_improve=4
t=47663ms iter=779 WAIST cost=23.0000 best_alt=14.0000 gap=9.0000 tried=5 sep_labels=14 clique_frac=0.01
t=47690ms iter=779 REBUILD reject new_tc=23.8122 (was 23.3016)
t=47718ms iter=779 incumb=23.3016 ratchet=23.3564 best=23.3011 since_improve=5
t=47721ms iter=780 WAIST cost=23.0000 best_alt=14.0000 gap=9.0000 tried=5 sep_labels=14 clique_frac=0.01
t=47747ms iter=780 REBUILD reject new_tc=23.4180 (was 23.3016)
t=47777ms iter=780 incumb=23.3016 ratchet=23.4666 best=23.3011 since_improve=6
t=47779ms iter=781 WAIST cost=23.0000 best_alt=12.0000 gap=11.0000 tried=5 sep_labels=12 clique_frac=0.00
t=47805ms iter=781 REBUILD reject new_tc=23.5004 (was 23.3016)
t=47834ms iter=781 incumb=23.3016 ratchet=23.4306 best=23.3011 since_improve=7
t=47837ms iter=782 WAIST cost=23.0000 best_alt=13.0000 gap=10.0000 tried=5 sep_labels=13 clique_frac=0.01
t=47864ms iter=782 REBUILD reject new_tc=23.3437 (was 23.3016)
t=47892ms iter=782 incumb=23.3016 ratchet=23.3316 best=23.3011 since_improve=8
t=47894ms iter=783 WAIST cost=23.0000 best_alt=14.0000 gap=9.0000 tried=5 sep_labels=14 clique_frac=0.01
t=47920ms iter=783 REBUILD reject new_tc=23.3873 (was 23.3016)
t=47949ms iter=783 incumb=23.3016 ratchet=23.3307 best=23.3011 since_improve=9
t=47951ms iter=784 WAIST cost=23.0000 best_alt=14.0000 gap=9.0000 tried=5 sep_labels=14 clique_frac=0.01
t=47978ms iter=784 REBUILD reject new_tc=23.6933 (was 23.3016)
t=48007ms iter=784 incumb=23.3016 ratchet=23.4557 best=23.3011 since_improve=10
t=48009ms iter=785 WAIST cost=23.0000 best_alt=14.0000 gap=9.0000 tried=5 sep_labels=14 clique_frac=0.01
t=48035ms iter=785 REBUILD reject new_tc=23.5125 (was 23.3016)
t=48064ms iter=785 incumb=23.3016 ratchet=23.4553 best=23.3011 since_improve=11
t=48066ms iter=786 WAIST cost=23.0000 best_alt=14.0000 gap=9.0000 tried=5 sep_labels=14 clique_frac=0.01
t=48093ms iter=786 REBUILD reject new_tc=23.5018 (was 23.3016)
t=48122ms iter=786 incumb=23.3016 ratchet=23.3319 best=23.3011 since_improve=12
t=48125ms iter=787 WAIST cost=23.0000 best_alt=14.0000 gap=9.0000 tried=5 sep_labels=14 clique_frac=0.01
t=48151ms iter=787 REBUILD reject new_tc=23.6773 (was 23.3016)
t=48180ms iter=787 incumb=23.3016 ratchet=23.4073 best=23.3011 since_improve=13
t=48182ms iter=788 WAIST cost=23.0000 best_alt=14.0000 gap=9.0000 tried=5 sep_labels=14 clique_frac=0.01
t=48208ms iter=788 REBUILD reject new_tc=23.4897 (was 23.3016)
t=48237ms iter=788 incumb=23.3016 ratchet=24.4119 best=23.3011 since_improve=14
t=48239ms iter=789 WAIST cost=23.0000 best_alt=14.0000 gap=9.0000 tried=5 sep_labels=14 clique_frac=0.01
t=48266ms iter=789 REBUILD reject new_tc=23.6922 (was 23.3016)
t=48294ms iter=789 incumb=23.3016 ratchet=23.3277 best=23.3011 since_improve=15
t=48296ms iter=790 WAIST cost=23.0000 best_alt=13.0000 gap=10.0000 tried=5 sep_labels=13 clique_frac=0.01
t=48323ms iter=790 REBUILD reject new_tc=23.3200 (was 23.3016)
t=48352ms iter=790 incumb=23.3016 ratchet=23.4733 best=23.3011 since_improve=16
t=48353ms iter=791 WAIST cost=23.0000 best_alt=14.0000 gap=9.0000 tried=5 sep_labels=14 clique_frac=0.01
t=48380ms iter=791 REBUILD reject new_tc=23.6920 (was 23.3016)
t=48409ms iter=791 incumb=23.3016 ratchet=23.4649 best=23.3011 since_improve=17
t=48411ms iter=792 WAIST cost=23.0000 best_alt=14.0000 gap=9.0000 tried=5 sep_labels=14 clique_frac=0.01
t=48438ms iter=792 REBUILD reject new_tc=23.6883 (was 23.3016)
t=48467ms iter=792 incumb=23.3016 ratchet=23.4641 best=23.3011 since_improve=18
t=48469ms iter=793 WAIST cost=23.0000 best_alt=14.0000 gap=9.0000 tried=5 sep_labels=14 clique_frac=0.01
t=48496ms iter=793 REBUILD reject new_tc=23.5755 (was 23.3016)
t=48525ms iter=793 incumb=23.3016 ratchet=23.3933 best=23.3011 since_improve=19
t=48527ms iter=794 WAIST cost=23.0000 best_alt=14.0000 gap=9.0000 tried=5 sep_labels=14 clique_frac=0.01
t=48554ms iter=794 REBUILD reject new_tc=23.3479 (was 23.3016)
t=48584ms iter=794 incumb=23.3016 ratchet=23.4198 best=23.3011 since_improve=20
t=48586ms iter=795 WAIST cost=23.0000 best_alt=13.0000 gap=10.0000 tried=5 sep_labels=13 clique_frac=0.03
t=48613ms iter=795 REBUILD reject new_tc=23.5508 (was 23.3016)
t=48642ms iter=795 incumb=23.3016 ratchet=23.4907 best=23.3011 since_improve=21
t=48644ms iter=796 WAIST cost=23.0000 best_alt=14.0000 gap=9.0000 tried=5 sep_labels=14 clique_frac=0.01
t=48670ms iter=796 REBUILD reject new_tc=24.2619 (was 23.3016)
t=48698ms iter=796 incumb=23.3016 ratchet=23.4730 best=23.3011 since_improve=22
t=48701ms iter=797 WAIST cost=23.0000 best_alt=14.0000 gap=9.0000 tried=5 sep_labels=14 clique_frac=0.01
t=48727ms iter=797 REBUILD reject new_tc=23.5602 (was 23.3016)
t=48755ms iter=797 incumb=23.3016 ratchet=23.3247 best=23.3011 since_improve=23
t=48758ms iter=798 WAIST cost=23.0000 best_alt=14.0000 gap=9.0000 tried=5 sep_labels=14 clique_frac=0.01
t=48785ms iter=798 REBUILD reject new_tc=23.3708 (was 23.3016)
t=48814ms iter=798 incumb=23.3016 ratchet=23.5666 best=23.3011 since_improve=24
t=48817ms iter=799 WAIST cost=23.0000 best_alt=12.0000 gap=11.0000 tried=5 sep_labels=12 clique_frac=0.00
t=48843ms iter=799 REBUILD reject new_tc=23.4807 (was 23.3016)
t=48872ms iter=799 incumb=23.3016 ratchet=23.8880 best=23.3011 since_improve=25
t=48874ms iter=800 WAIST cost=23.0000 best_alt=14.0000 gap=9.0000 tried=5 sep_labels=14 clique_frac=0.01
t=48901ms iter=800 REBUILD reject new_tc=23.4214 (was 23.3016)
t=48930ms iter=800 incumb=23.3016 ratchet=23.4707 best=23.3011 since_improve=26
t=48932ms iter=801 WAIST cost=23.0000 best_alt=13.0000 gap=10.0000 tried=5 sep_labels=13 clique_frac=0.01
t=48959ms iter=801 REBUILD reject new_tc=25.5082 (was 23.3016)
t=48987ms iter=801 incumb=23.3016 ratchet=23.3447 best=23.3011 since_improve=27
t=48989ms iter=802 WAIST cost=23.0000 best_alt=14.0000 gap=9.0000 tried=5 sep_labels=14 clique_frac=0.01
t=49016ms iter=802 REBUILD reject new_tc=23.3983 (was 23.3016)
t=49046ms iter=802 incumb=23.3016 ratchet=23.8666 best=23.3011 since_improve=28
t=49049ms iter=803 WAIST cost=23.0000 best_alt=14.0000 gap=9.0000 tried=5 sep_labels=14 clique_frac=0.01
t=49075ms iter=803 REBUILD reject new_tc=23.7214 (was 23.3016)
t=49104ms iter=803 incumb=23.3016 ratchet=23.5302 best=23.3011 since_improve=29
t=49106ms iter=804 WAIST cost=23.0000 best_alt=14.0000 gap=9.0000 tried=5 sep_labels=14 clique_frac=0.01
t=49133ms iter=804 REBUILD reject new_tc=23.3484 (was 23.3016)
t=49161ms iter=804 incumb=23.3016 ratchet=23.3085 best=23.3011 since_improve=30
t=49164ms iter=805 WAIST cost=23.0000 best_alt=14.0000 gap=9.0000 tried=5 sep_labels=14 clique_frac=0.01
t=49191ms iter=805 REBUILD reject new_tc=23.4088 (was 23.3016)
t=49220ms iter=805 incumb=23.3016 ratchet=23.3428 best=23.3011 since_improve=31
t=49222ms iter=806 WAIST cost=23.0000 best_alt=14.0000 gap=9.0000 tried=5 sep_labels=14 clique_frac=0.01
t=49249ms iter=806 REBUILD reject new_tc=23.4045 (was 23.3016)
t=49278ms iter=806 incumb=23.3016 ratchet=23.4798 best=23.3011 since_improve=32
t=49280ms iter=807 WAIST cost=23.0000 best_alt=14.0000 gap=9.0000 tried=5 sep_labels=14 clique_frac=0.01
t=49307ms iter=807 REBUILD reject new_tc=23.8074 (was 23.3016)
t=49335ms iter=807 incumb=23.3016 ratchet=23.3091 best=23.3011 since_improve=33
t=49337ms iter=808 WAIST cost=23.0000 best_alt=14.0000 gap=9.0000 tried=5 sep_labels=14 clique_frac=0.01
t=49364ms iter=808 REBUILD reject new_tc=23.3612 (was 23.3016)
t=49394ms iter=808 incumb=23.3016 ratchet=23.4659 best=23.3011 since_improve=34
t=49397ms iter=809 WAIST cost=23.0000 best_alt=14.0000 gap=9.0000 tried=5 sep_labels=14 clique_frac=0.01
t=49423ms iter=809 REBUILD reject new_tc=23.7001 (was 23.3016)
t=49452ms iter=809 incumb=23.3016 ratchet=23.3766 best=23.3011 since_improve=35
t=49455ms iter=810 WAIST cost=23.0000 best_alt=14.0000 gap=9.0000 tried=5 sep_labels=14 clique_frac=0.01
t=49481ms iter=810 REBUILD reject new_tc=23.5521 (was 23.3016)
t=49509ms iter=810 incumb=23.3016 ratchet=23.8604 best=23.3011 since_improve=36
t=49512ms iter=811 WAIST cost=23.0000 best_alt=14.0000 gap=9.0000 tried=5 sep_labels=14 clique_frac=0.01
t=49538ms iter=811 REBUILD reject new_tc=23.5191 (was 23.3016)
t=49566ms iter=811 incumb=23.3016 ratchet=23.3281 best=23.3011 since_improve=37
t=49569ms iter=812 WAIST cost=23.0000 best_alt=14.0000 gap=9.0000 tried=5 sep_labels=14 clique_frac=0.01
t=49596ms iter=812 REBUILD reject new_tc=23.7021 (was 23.3016)
t=49626ms iter=812 incumb=23.3016 ratchet=23.3351 best=23.3011 since_improve=38
t=49628ms iter=813 WAIST cost=23.0000 best_alt=14.0000 gap=9.0000 tried=5 sep_labels=14 clique_frac=0.01
t=49655ms iter=813 REBUILD reject new_tc=23.3992 (was 23.3016)
t=49684ms iter=813 incumb=23.3016 ratchet=23.3195 best=23.3011 since_improve=39
t=49686ms iter=814 WAIST cost=23.0000 best_alt=14.0000 gap=9.0000 tried=5 sep_labels=14 clique_frac=0.01
t=49714ms iter=814 REBUILD reject new_tc=23.3748 (was 23.3016)
t=49741ms iter=814 incumb=23.3016 ratchet=23.3268 best=23.3011 since_improve=40
t=49744ms iter=815 WAIST cost=23.0000 best_alt=14.0000 gap=9.0000 tried=5 sep_labels=14 clique_frac=0.01
t=49770ms iter=815 REBUILD reject new_tc=23.7747 (was 23.3016)
t=49798ms iter=815 incumb=23.3016 ratchet=23.3289 best=23.3011 since_improve=41
t=49801ms iter=816 WAIST cost=23.0000 best_alt=13.0000 gap=10.0000 tried=5 sep_labels=13 clique_frac=0.03
t=49828ms iter=816 REBUILD reject new_tc=23.3536 (was 23.3016)
t=49857ms iter=816 incumb=23.3016 ratchet=23.3493 best=23.3011 since_improve=42
t=49859ms iter=817 WAIST cost=23.0000 best_alt=14.0000 gap=9.0000 tried=5 sep_labels=14 clique_frac=0.01
t=49886ms iter=817 REBUILD reject new_tc=23.7730 (was 23.3016)
t=49915ms iter=817 incumb=23.3016 ratchet=23.9877 best=23.3011 since_improve=43
t=49918ms iter=818 WAIST cost=23.0000 best_alt=13.0000 gap=10.0000 tried=5 sep_labels=13 clique_frac=0.01
t=49945ms iter=818 REBUILD reject new_tc=23.3419 (was 23.3016)
t=49974ms iter=818 incumb=23.3016 ratchet=23.3203 best=23.3011 since_improve=44
t=49977ms iter=819 WAIST cost=23.0000 best_alt=12.0000 gap=11.0000 tried=5 sep_labels=12 clique_frac=0.00
t=50004ms iter=819 REBUILD reject new_tc=23.3571 (was 23.3016)
t=50033ms iter=819 incumb=23.3016 ratchet=23.3466 best=23.3011 since_improve=45
t=50035ms iter=820 WAIST cost=23.0000 best_alt=14.0000 gap=9.0000 tried=5 sep_labels=14 clique_frac=0.01
t=50062ms iter=820 REBUILD reject new_tc=23.5662 (was 23.3016)
t=50091ms iter=820 incumb=23.3016 ratchet=23.3614 best=23.3011 since_improve=46
t=50093ms iter=821 WAIST cost=23.0000 best_alt=13.0000 gap=10.0000 tried=5 sep_labels=13 clique_frac=0.01
t=50121ms iter=821 REBUILD reject new_tc=23.3571 (was 23.3016)
t=50149ms iter=821 incumb=23.3016 ratchet=23.4358 best=23.3011 since_improve=47
t=50151ms iter=822 WAIST cost=23.0000 best_alt=14.0000 gap=9.0000 tried=5 sep_labels=14 clique_frac=0.01
t=50178ms iter=822 REBUILD reject new_tc=23.4673 (was 23.3016)
t=50207ms iter=822 incumb=23.3016 ratchet=23.3454 best=23.3011 since_improve=48
t=50209ms iter=823 WAIST cost=23.0000 best_alt=13.0000 gap=10.0000 tried=5 sep_labels=13 clique_frac=0.01
t=50236ms iter=823 REBUILD reject new_tc=25.5064 (was 23.3016)
t=50264ms iter=823 incumb=23.3016 ratchet=23.5151 best=23.3011 since_improve=49
t=50266ms iter=824 WAIST cost=23.0000 best_alt=14.0000 gap=9.0000 tried=5 sep_labels=14 clique_frac=0.01
t=50293ms iter=824 REBUILD reject new_tc=23.3708 (was 23.3016)
t=50321ms iter=824 incumb=23.3016 ratchet=23.4890 best=23.3011 since_improve=50
t=50323ms iter=825 WAIST cost=23.0000 best_alt=14.0000 gap=9.0000 tried=5 sep_labels=14 clique_frac=0.01
t=50349ms iter=825 REBUILD reject new_tc=23.6851 (was 23.3016)
t=50379ms iter=825 incumb=23.3016 ratchet=23.3303 best=23.3011 since_improve=51
t=50381ms iter=826 WAIST cost=23.0000 best_alt=14.0000 gap=9.0000 tried=5 sep_labels=14 clique_frac=0.01
t=50408ms iter=826 REBUILD reject new_tc=23.5135 (was 23.3016)
t=50437ms iter=826 incumb=23.3016 ratchet=23.3621 best=23.3011 since_improve=52
t=50440ms iter=827 WAIST cost=23.0000 best_alt=12.0000 gap=11.0000 tried=5 sep_labels=12 clique_frac=0.00
t=50466ms iter=827 REBUILD reject new_tc=23.4800 (was 23.3016)
t=50494ms iter=827 incumb=23.3016 ratchet=23.5951 best=23.3011 since_improve=53
t=50497ms iter=828 WAIST cost=23.0000 best_alt=14.0000 gap=9.0000 tried=5 sep_labels=14 clique_frac=0.01
t=50524ms iter=828 REBUILD reject new_tc=23.3919 (was 23.3016)
t=50553ms iter=828 incumb=23.3016 ratchet=23.3414 best=23.3011 since_improve=54
t=50555ms iter=829 WAIST cost=23.0000 best_alt=14.0000 gap=9.0000 tried=5 sep_labels=14 clique_frac=0.01
t=50581ms iter=829 REBUILD reject new_tc=23.6871 (was 23.3016)
t=50609ms iter=829 incumb=23.3016 ratchet=23.4426 best=23.3011 since_improve=55
t=50612ms iter=830 WAIST cost=23.0000 best_alt=14.0000 gap=9.0000 tried=5 sep_labels=14 clique_frac=0.01
t=50639ms iter=830 REBUILD reject new_tc=23.3859 (was 23.3016)
t=50668ms iter=830 incumb=23.3016 ratchet=23.4532 best=23.3011 since_improve=56
t=50670ms iter=831 WAIST cost=23.0000 best_alt=14.0000 gap=9.0000 tried=5 sep_labels=14 clique_frac=0.01
t=50696ms iter=831 REBUILD reject new_tc=23.6850 (was 23.3016)
t=50725ms iter=831 incumb=23.3016 ratchet=23.4013 best=23.3011 since_improve=57
t=50728ms iter=832 WAIST cost=23.0000 best_alt=14.0000 gap=9.0000 tried=5 sep_labels=14 clique_frac=0.01
t=50755ms iter=832 REBUILD reject new_tc=23.4272 (was 23.3016)
t=50783ms iter=832 incumb=23.3016 ratchet=23.3329 best=23.3011 since_improve=58
t=50786ms iter=833 WAIST cost=23.0000 best_alt=12.0000 gap=11.0000 tried=5 sep_labels=12 clique_frac=0.00
t=50813ms iter=833 REBUILD reject new_tc=23.7233 (was 23.3016)
t=50843ms iter=833 incumb=23.3016 ratchet=23.5468 best=23.3011 since_improve=59
t=50845ms iter=834 WAIST cost=23.0000 best_alt=13.0000 gap=10.0000 tried=5 sep_labels=13 clique_frac=0.03
t=50872ms iter=834 REBUILD reject new_tc=23.4334 (was 23.3016)
t=50900ms iter=834 incumb=23.3016 ratchet=23.4613 best=23.3011 since_improve=60
t=50902ms iter=835 WAIST cost=23.0000 best_alt=14.0000 gap=9.0000 tried=5 sep_labels=14 clique_frac=0.01
t=50929ms iter=835 REBUILD reject new_tc=23.4040 (was 23.3016)
t=50958ms iter=835 incumb=23.3016 ratchet=23.3278 best=23.3011 since_improve=61
t=50960ms iter=836 WAIST cost=23.0000 best_alt=14.0000 gap=9.0000 tried=5 sep_labels=14 clique_frac=0.01
t=50987ms iter=836 REBUILD reject new_tc=23.6768 (was 23.3016)
t=51016ms iter=836 incumb=23.3016 ratchet=23.3494 best=23.3011 since_improve=62
t=51018ms iter=837 WAIST cost=23.0000 best_alt=14.0000 gap=9.0000 tried=5 sep_labels=14 clique_frac=0.01
t=51044ms iter=837 REBUILD reject new_tc=23.6780 (was 23.3016)
t=51074ms iter=837 incumb=23.3016 ratchet=23.4278 best=23.3011 since_improve=63
t=51076ms iter=838 WAIST cost=23.0000 best_alt=14.0000 gap=9.0000 tried=5 sep_labels=14 clique_frac=0.01
t=51103ms iter=838 REBUILD reject new_tc=23.4131 (was 23.3016)
t=51132ms iter=838 incumb=23.3016 ratchet=23.8766 best=23.3011 since_improve=64
t=51134ms iter=839 WAIST cost=23.0000 best_alt=14.0000 gap=9.0000 tried=5 sep_labels=14 clique_frac=0.01
t=51161ms iter=839 REBUILD reject new_tc=23.6939 (was 23.3016)
t=51190ms iter=839 incumb=23.3016 ratchet=23.3080 best=23.3011 since_improve=65
t=51193ms iter=840 WAIST cost=23.0000 best_alt=14.0000 gap=9.0000 tried=5 sep_labels=14 clique_frac=0.01
t=51220ms iter=840 REBUILD reject new_tc=23.4384 (was 23.3016)
t=51248ms iter=840 incumb=23.3016 ratchet=23.4761 best=23.3011 since_improve=66
t=51251ms iter=841 WAIST cost=23.0000 best_alt=12.0000 gap=11.0000 tried=5 sep_labels=12 clique_frac=0.00
t=51278ms iter=841 REBUILD reject new_tc=23.3705 (was 23.3016)
t=51308ms iter=841 incumb=23.3016 ratchet=23.4931 best=23.3011 since_improve=67
t=51310ms iter=842 WAIST cost=23.0000 best_alt=14.0000 gap=9.0000 tried=5 sep_labels=14 clique_frac=0.01
t=51336ms iter=842 REBUILD reject new_tc=23.5377 (was 23.3016)
t=51365ms iter=842 incumb=23.3016 ratchet=23.3275 best=23.3011 since_improve=68
t=51367ms iter=843 WAIST cost=23.0000 best_alt=13.0000 gap=10.0000 tried=5 sep_labels=13 clique_frac=0.01
t=51394ms iter=843 REBUILD reject new_tc=23.3442 (was 23.3016)
t=51422ms iter=843 incumb=23.3016 ratchet=23.3427 best=23.3011 since_improve=69
t=51425ms iter=844 WAIST cost=23.0000 best_alt=12.0000 gap=11.0000 tried=5 sep_labels=12 clique_frac=0.00
t=51452ms iter=844 REBUILD reject new_tc=23.4913 (was 23.3016)
t=51481ms iter=844 incumb=23.3016 ratchet=23.3764 best=23.3011 since_improve=70
t=51483ms iter=845 WAIST cost=23.0000 best_alt=13.0000 gap=10.0000 tried=5 sep_labels=13 clique_frac=0.03
t=51510ms iter=845 REBUILD reject new_tc=23.3171 (was 23.3016)
t=51539ms iter=845 incumb=23.3016 ratchet=23.3372 best=23.3011 since_improve=71
t=51542ms iter=846 WAIST cost=23.0000 best_alt=14.0000 gap=9.0000 tried=5 sep_labels=14 clique_frac=0.01
t=51568ms iter=846 REBUILD reject new_tc=23.3875 (was 23.3016)
t=51598ms iter=846 incumb=23.3016 ratchet=23.3319 best=23.3011 since_improve=72
t=51600ms iter=847 WAIST cost=23.0000 best_alt=14.0000 gap=9.0000 tried=5 sep_labels=14 clique_frac=0.01
t=51627ms iter=847 REBUILD reject new_tc=23.3701 (was 23.3016)
t=51656ms iter=847 incumb=23.3016 ratchet=23.3306 best=23.3011 since_improve=73
t=51658ms iter=848 WAIST cost=23.0000 best_alt=14.0000 gap=9.0000 tried=5 sep_labels=14 clique_frac=0.01
t=51685ms iter=848 REBUILD reject new_tc=23.6844 (was 23.3016)
t=51714ms iter=848 incumb=23.3016 ratchet=23.3559 best=23.3011 since_improve=74
t=51716ms iter=849 WAIST cost=23.0000 best_alt=13.0000 gap=10.0000 tried=5 sep_labels=13 clique_frac=0.01
t=51744ms iter=849 REBUILD reject new_tc=23.3434 (was 23.3016)
t=51772ms iter=849 incumb=23.3016 ratchet=23.4598 best=23.3011 since_improve=75
t=51775ms iter=850 WAIST cost=23.0000 best_alt=13.0000 gap=10.0000 tried=5 sep_labels=13 clique_frac=0.03
t=51803ms iter=850 REBUILD reject new_tc=23.3313 (was 23.3016)
t=51831ms iter=850 incumb=23.3016 ratchet=23.3274 best=23.3011 since_improve=76
t=51833ms iter=851 WAIST cost=23.0000 best_alt=14.0000 gap=9.0000 tried=5 sep_labels=14 clique_frac=0.01
t=51860ms iter=851 REBUILD reject new_tc=23.6885 (was 23.3016)
t=51888ms iter=851 incumb=23.3016 ratchet=23.3139 best=23.3011 since_improve=77
t=51891ms iter=852 WAIST cost=23.0000 best_alt=12.0000 gap=11.0000 tried=5 sep_labels=12 clique_frac=0.00
t=51918ms iter=852 REBUILD reject new_tc=23.6005 (was 23.3016)
t=51947ms iter=852 incumb=23.3016 ratchet=23.3373 best=23.3011 since_improve=78
t=51949ms iter=853 WAIST cost=23.0000 best_alt=14.0000 gap=9.0000 tried=5 sep_labels=14 clique_frac=0.01
t=51975ms iter=853 REBUILD reject new_tc=23.6769 (was 23.3016)
t=52004ms iter=853 incumb=23.3016 ratchet=23.4243 best=23.3011 since_improve=79
t=52006ms iter=854 WAIST cost=23.0000 best_alt=14.0000 gap=9.0000 tried=5 sep_labels=14 clique_frac=0.01
t=52033ms iter=854 REBUILD reject new_tc=23.4104 (was 23.3016)
t=52061ms iter=854 incumb=23.3016 ratchet=23.3287 best=23.3011 since_improve=80
t=52063ms iter=855 WAIST cost=23.0000 best_alt=13.0000 gap=10.0000 tried=5 sep_labels=13 clique_frac=0.03
t=52089ms iter=855 REBUILD reject new_tc=23.3180 (was 23.3016)
t=52119ms iter=855 incumb=23.3016 ratchet=23.3299 best=23.3011 since_improve=81
t=52121ms iter=856 WAIST cost=23.0000 best_alt=12.0000 gap=11.0000 tried=5 sep_labels=12 clique_frac=0.00
t=52148ms iter=856 REBUILD reject new_tc=23.4835 (was 23.3016)
t=52177ms iter=856 incumb=23.3016 ratchet=23.4580 best=23.3011 since_improve=82
t=52179ms iter=857 WAIST cost=23.0000 best_alt=13.0000 gap=10.0000 tried=5 sep_labels=13 clique_frac=0.01
t=52207ms iter=857 REBUILD reject new_tc=23.3267 (was 23.3016)
t=52238ms iter=857 incumb=23.3016 ratchet=23.4689 best=23.3011 since_improve=83
t=52241ms iter=858 WAIST cost=23.0000 best_alt=14.0000 gap=9.0000 tried=5 sep_labels=14 clique_frac=0.01
t=52292ms iter=858 REBUILD reject new_tc=23.6976 (was 23.3016)
t=52342ms iter=858 incumb=23.3016 ratchet=23.3756 best=23.3011 since_improve=84
t=52345ms iter=859 WAIST cost=23.0000 best_alt=14.0000 gap=9.0000 tried=5 sep_labels=14 clique_frac=0.01
t=52382ms iter=859 REBUILD reject new_tc=23.4219 (was 23.3016)
t=52412ms iter=859 incumb=23.3016 ratchet=23.3615 best=23.3011 since_improve=85
t=52415ms iter=860 WAIST cost=23.0000 best_alt=14.0000 gap=9.0000 tried=5 sep_labels=14 clique_frac=0.01
t=52442ms iter=860 REBUILD reject new_tc=23.5240 (was 23.3016)
t=52470ms iter=860 incumb=23.3016 ratchet=23.4574 best=23.3011 since_improve=86
t=52473ms iter=861 WAIST cost=23.0000 best_alt=14.0000 gap=9.0000 tried=5 sep_labels=14 clique_frac=0.01
t=52500ms iter=861 REBUILD reject new_tc=23.4154 (was 23.3016)
t=52530ms iter=861 incumb=23.3016 ratchet=23.3329 best=23.3011 since_improve=87
t=52532ms iter=862 WAIST cost=23.0000 best_alt=14.0000 gap=9.0000 tried=5 sep_labels=14 clique_frac=0.01
t=52558ms iter=862 REBUILD reject new_tc=23.6839 (was 23.3016)
t=52587ms iter=862 incumb=23.3016 ratchet=23.3147 best=23.3011 since_improve=88
t=52590ms iter=863 WAIST cost=23.0000 best_alt=14.0000 gap=9.0000 tried=5 sep_labels=14 clique_frac=0.01
t=52617ms iter=863 REBUILD reject new_tc=23.5801 (was 23.3016)
t=52661ms iter=863 incumb=23.3016 ratchet=23.3900 best=23.3008 since_improve=89
t=52663ms iter=864 WAIST cost=23.0000 best_alt=13.0000 gap=10.0000 tried=5 sep_labels=13 clique_frac=0.03
t=52691ms iter=864 REBUILD reject new_tc=23.3313 (was 23.3016)
t=52720ms iter=864 incumb=23.3016 ratchet=23.3413 best=23.3008 since_improve=90
t=52723ms iter=865 WAIST cost=23.0000 best_alt=14.0000 gap=9.0000 tried=5 sep_labels=14 clique_frac=0.01
t=52750ms iter=865 REBUILD reject new_tc=23.4929 (was 23.3016)
t=52778ms iter=865 incumb=23.3016 ratchet=23.3282 best=23.3008 since_improve=91
t=52780ms iter=866 WAIST cost=23.0000 best_alt=14.0000 gap=9.0000 tried=5 sep_labels=14 clique_frac=0.01
t=52806ms iter=866 REBUILD reject new_tc=23.5135 (was 23.3016)
t=52835ms iter=866 incumb=23.3016 ratchet=23.3518 best=23.3008 since_improve=92
t=52837ms iter=867 WAIST cost=23.0000 best_alt=14.0000 gap=9.0000 tried=5 sep_labels=14 clique_frac=0.01
t=52864ms iter=867 REBUILD reject new_tc=23.5577 (was 23.3016)
t=52893ms iter=867 incumb=23.3016 ratchet=23.3287 best=23.3008 since_improve=93
t=52895ms iter=868 WAIST cost=23.0000 best_alt=14.0000 gap=9.0000 tried=5 sep_labels=14 clique_frac=0.01
t=52923ms iter=868 REBUILD reject new_tc=23.3656 (was 23.3016)
t=52952ms iter=868 incumb=23.3016 ratchet=23.3321 best=23.3008 since_improve=94
t=52954ms iter=869 WAIST cost=23.0000 best_alt=14.0000 gap=9.0000 tried=5 sep_labels=14 clique_frac=0.01
t=52981ms iter=869 REBUILD reject new_tc=23.6774 (was 23.3016)
t=53008ms iter=869 incumb=23.3016 ratchet=23.3274 best=23.3008 since_improve=95
t=53011ms iter=870 WAIST cost=23.0000 best_alt=14.0000 gap=9.0000 tried=5 sep_labels=14 clique_frac=0.01
t=53037ms iter=870 REBUILD reject new_tc=23.5136 (was 23.3016)
t=53066ms iter=870 incumb=23.3016 ratchet=23.4347 best=23.3008 since_improve=96
t=53069ms iter=871 WAIST cost=23.0000 best_alt=12.0000 gap=11.0000 tried=5 sep_labels=12 clique_frac=0.00
t=53095ms iter=871 REBUILD reject new_tc=23.4914 (was 23.3016)
t=53124ms iter=871 incumb=23.3016 ratchet=23.4061 best=23.3008 since_improve=97
t=53127ms iter=872 WAIST cost=23.0000 best_alt=13.0000 gap=10.0000 tried=5 sep_labels=13 clique_frac=0.01
t=53154ms iter=872 REBUILD reject new_tc=23.3572 (was 23.3016)
t=53183ms iter=872 incumb=23.3016 ratchet=23.3025 best=23.3008 since_improve=98
t=53186ms iter=873 WAIST cost=23.0000 best_alt=14.0000 gap=9.0000 tried=5 sep_labels=14 clique_frac=0.01
t=53212ms iter=873 REBUILD reject new_tc=23.7750 (was 23.3016)
t=53241ms iter=873 incumb=23.3016 ratchet=23.3406 best=23.3008 since_improve=99
t=53243ms iter=874 WAIST cost=23.0000 best_alt=12.0000 gap=11.0000 tried=5 sep_labels=12 clique_frac=0.00
t=53270ms iter=874 REBUILD reject new_tc=24.2129 (was 23.3016)
t=53299ms iter=874 incumb=23.3016 ratchet=23.4727 best=23.3008 since_improve=100
t=53301ms iter=875 WAIST cost=23.0000 best_alt=12.0000 gap=11.0000 tried=5 sep_labels=12 clique_frac=0.00
t=53328ms iter=875 REBUILD reject new_tc=23.4889 (was 23.3016)
t=53356ms iter=875 incumb=23.3016 ratchet=23.4020 best=23.3008 since_improve=101
t=53359ms iter=876 WAIST cost=23.0000 best_alt=12.0000 gap=11.0000 tried=5 sep_labels=12 clique_frac=0.00
t=53386ms iter=876 REBUILD reject new_tc=23.4038 (was 23.3016)
t=53415ms iter=876 incumb=23.3016 ratchet=23.3696 best=23.3008 since_improve=102
t=53418ms iter=877 WAIST cost=23.0000 best_alt=14.0000 gap=9.0000 tried=5 sep_labels=14 clique_frac=0.01
t=53445ms iter=877 REBUILD reject new_tc=23.7001 (was 23.3016)
t=53474ms iter=877 incumb=23.3016 ratchet=23.4575 best=23.3008 since_improve=103
t=53476ms iter=878 WAIST cost=23.0000 best_alt=14.0000 gap=9.0000 tried=5 sep_labels=14 clique_frac=0.01
t=53503ms iter=878 REBUILD reject new_tc=23.3828 (was 23.3016)
t=53530ms iter=878 incumb=23.3016 ratchet=23.3478 best=23.3008 since_improve=104
t=53533ms iter=879 WAIST cost=23.0000 best_alt=12.0000 gap=11.0000 tried=5 sep_labels=12 clique_frac=0.00
t=53559ms iter=879 REBUILD reject new_tc=23.4813 (was 23.3016)
t=53588ms iter=879 incumb=23.3016 ratchet=23.3313 best=23.3008 since_improve=105
t=53590ms iter=880 WAIST cost=23.0000 best_alt=12.0000 gap=11.0000 tried=5 sep_labels=12 clique_frac=0.00
t=53617ms iter=880 REBUILD reject new_tc=24.6920 (was 23.3016)
t=53646ms iter=880 incumb=23.3016 ratchet=23.9560 best=23.3008 since_improve=106
t=53648ms iter=881 WAIST cost=23.0000 best_alt=13.0000 gap=10.0000 tried=5 sep_labels=13 clique_frac=0.03
t=53675ms iter=881 REBUILD reject new_tc=23.5307 (was 23.3016)
t=53704ms iter=881 incumb=23.3016 ratchet=23.3252 best=23.3008 since_improve=107
t=53706ms iter=882 WAIST cost=23.0000 best_alt=14.0000 gap=9.0000 tried=5 sep_labels=14 clique_frac=0.01
t=53732ms iter=882 REBUILD reject new_tc=23.7015 (was 23.3016)
t=53760ms iter=882 incumb=23.3016 ratchet=23.3260 best=23.3008 since_improve=108
t=53763ms iter=883 WAIST cost=23.0000 best_alt=14.0000 gap=9.0000 tried=5 sep_labels=14 clique_frac=0.01
t=53789ms iter=883 REBUILD reject new_tc=23.6781 (was 23.3016)
t=53817ms iter=883 incumb=23.3016 ratchet=23.4876 best=23.3008 since_improve=109
t=53820ms iter=884 WAIST cost=23.0000 best_alt=14.0000 gap=9.0000 tried=5 sep_labels=14 clique_frac=0.01
t=53846ms iter=884 REBUILD reject new_tc=23.4043 (was 23.3016)
t=53875ms iter=884 incumb=23.3016 ratchet=23.4421 best=23.3008 since_improve=110
t=53878ms iter=885 WAIST cost=23.0000 best_alt=12.0000 gap=11.0000 tried=5 sep_labels=12 clique_frac=0.00
t=53905ms iter=885 REBUILD reject new_tc=23.3289 (was 23.3016)
t=53933ms iter=885 incumb=23.3016 ratchet=23.3966 best=23.3008 since_improve=111
t=53936ms iter=886 WAIST cost=23.0000 best_alt=13.0000 gap=10.0000 tried=5 sep_labels=13 clique_frac=0.01
t=53963ms iter=886 REBUILD reject new_tc=23.3445 (was 23.3016)
t=53991ms iter=886 incumb=23.3016 ratchet=23.3878 best=23.3008 since_improve=112
t=53993ms iter=887 WAIST cost=23.0000 best_alt=14.0000 gap=9.0000 tried=5 sep_labels=14 clique_frac=0.01
t=54020ms iter=887 REBUILD reject new_tc=23.4038 (was 23.3016)
t=54050ms iter=887 incumb=23.3016 ratchet=23.3270 best=23.3008 since_improve=113
t=54053ms iter=888 WAIST cost=23.0000 best_alt=12.0000 gap=11.0000 tried=5 sep_labels=12 clique_frac=0.00
t=54079ms iter=888 REBUILD reject new_tc=23.5519 (was 23.3016)
t=54107ms iter=888 incumb=23.3016 ratchet=23.5995 best=23.3008 since_improve=114
t=54110ms iter=889 WAIST cost=23.0000 best_alt=14.0000 gap=9.0000 tried=5 sep_labels=14 clique_frac=0.01
t=54136ms iter=889 REBUILD reject new_tc=23.5293 (was 23.3016)
t=54164ms iter=889 incumb=23.3016 ratchet=23.3141 best=23.3008 since_improve=115
t=54167ms iter=890 WAIST cost=23.0000 best_alt=14.0000 gap=9.0000 tried=5 sep_labels=14 clique_frac=0.01
t=54194ms iter=890 REBUILD reject new_tc=23.5199 (was 23.3016)
t=54222ms iter=890 incumb=23.3016 ratchet=23.8615 best=23.3008 since_improve=116
t=54225ms iter=891 WAIST cost=23.0000 best_alt=14.0000 gap=9.0000 tried=5 sep_labels=14 clique_frac=0.01
t=54251ms iter=891 REBUILD reject new_tc=23.6941 (was 23.3016)
t=54279ms iter=891 incumb=23.3016 ratchet=23.4070 best=23.3008 since_improve=117
t=54282ms iter=892 WAIST cost=23.0000 best_alt=14.0000 gap=9.0000 tried=5 sep_labels=14 clique_frac=0.01
t=54309ms iter=892 REBUILD reject new_tc=23.6924 (was 23.3016)
t=54337ms iter=892 incumb=23.3016 ratchet=23.3577 best=23.3008 since_improve=118
t=54340ms iter=893 WAIST cost=23.0000 best_alt=14.0000 gap=9.0000 tried=5 sep_labels=14 clique_frac=0.01
t=54367ms iter=893 REBUILD reject new_tc=23.3775 (was 23.3016)
t=54396ms iter=893 incumb=23.3016 ratchet=23.3275 best=23.3008 since_improve=119
t=54399ms iter=894 WAIST cost=23.0000 best_alt=14.0000 gap=9.0000 tried=5 sep_labels=14 clique_frac=0.01
t=54426ms iter=894 REBUILD reject new_tc=23.3839 (was 23.3016)
t=54455ms iter=894 incumb=23.3016 ratchet=23.4314 best=23.3008 since_improve=120
t=54457ms iter=895 WAIST cost=23.0000 best_alt=13.0000 gap=10.0000 tried=5 sep_labels=13 clique_frac=0.01
t=54484ms iter=895 REBUILD reject new_tc=23.3413 (was 23.3016)
t=54513ms iter=895 incumb=23.3016 ratchet=23.3452 best=23.3008 since_improve=121
t=54515ms iter=896 WAIST cost=23.0000 best_alt=14.0000 gap=9.0000 tried=5 sep_labels=14 clique_frac=0.01
t=54542ms iter=896 REBUILD reject new_tc=23.7671 (was 23.3016)
t=54570ms iter=896 incumb=23.3016 ratchet=23.3198 best=23.3008 since_improve=122
t=54572ms iter=897 WAIST cost=23.0000 best_alt=13.0000 gap=10.0000 tried=5 sep_labels=13 clique_frac=0.03
t=54600ms iter=897 REBUILD reject new_tc=23.7120 (was 23.3016)
t=54627ms iter=897 incumb=23.3016 ratchet=23.9524 best=23.3008 since_improve=123
t=54629ms iter=898 WAIST cost=23.0000 best_alt=13.0000 gap=10.0000 tried=5 sep_labels=13 clique_frac=0.03
t=54656ms iter=898 REBUILD reject new_tc=23.3558 (was 23.3016)
t=54685ms iter=898 incumb=23.3016 ratchet=23.4702 best=23.3008 since_improve=124
t=54687ms iter=899 WAIST cost=23.0000 best_alt=13.0000 gap=10.0000 tried=5 sep_labels=13 clique_frac=0.01
t=54714ms iter=899 REBUILD reject new_tc=23.3598 (was 23.3016)
t=54750ms iter=899 incumb=23.3016 ratchet=23.5074 best=23.3008 since_improve=125
t=54753ms iter=900 WAIST cost=23.0000 best_alt=12.0000 gap=11.0000 tried=5 sep_labels=12 clique_frac=0.00
t=54788ms iter=900 REBUILD reject new_tc=23.3229 (was 23.3016)
t=54816ms iter=900 incumb=23.3016 ratchet=23.3331 best=23.3008 since_improve=126
t=54819ms iter=901 WAIST cost=23.0000 best_alt=14.0000 gap=9.0000 tried=5 sep_labels=14 clique_frac=0.01
t=54846ms iter=901 REBUILD reject new_tc=23.7705 (was 23.3016)
t=54875ms iter=901 incumb=23.3016 ratchet=23.3841 best=23.3008 since_improve=127
t=54877ms iter=902 WAIST cost=23.0000 best_alt=14.0000 gap=9.0000 tried=5 sep_labels=14 clique_frac=0.01
t=54904ms iter=902 REBUILD reject new_tc=23.6993 (was 23.3016)
t=54933ms iter=902 incumb=23.3016 ratchet=23.3438 best=23.3008 since_improve=128
t=54935ms iter=903 WAIST cost=23.0000 best_alt=14.0000 gap=9.0000 tried=5 sep_labels=14 clique_frac=0.01
t=54962ms iter=903 REBUILD reject new_tc=24.3647 (was 23.3016)
t=54991ms iter=903 incumb=23.3016 ratchet=23.4082 best=23.3008 since_improve=129
t=54994ms iter=904 WAIST cost=23.0000 best_alt=12.0000 gap=11.0000 tried=5 sep_labels=12 clique_frac=0.00
t=55020ms iter=904 REBUILD reject new_tc=23.3999 (was 23.3016)
t=55049ms iter=904 incumb=23.3016 ratchet=23.3362 best=23.3008 since_improve=130
t=55051ms iter=905 WAIST cost=23.0000 best_alt=14.0000 gap=9.0000 tried=5 sep_labels=14 clique_frac=0.01
t=55078ms iter=905 REBUILD reject new_tc=23.4866 (was 23.3016)
t=55106ms iter=905 incumb=23.3016 ratchet=23.4364 best=23.3008 since_improve=131
t=55109ms iter=906 WAIST cost=23.0000 best_alt=13.0000 gap=10.0000 tried=5 sep_labels=13 clique_frac=0.03
t=55136ms iter=906 REBUILD reject new_tc=23.4612 (was 23.3016)
t=55165ms iter=906 incumb=23.3016 ratchet=23.3087 best=23.3008 since_improve=132
t=55167ms iter=907 WAIST cost=23.0000 best_alt=13.0000 gap=10.0000 tried=5 sep_labels=13 clique_frac=0.01
t=55194ms iter=907 REBUILD reject new_tc=24.8636 (was 23.3016)
t=55222ms iter=907 incumb=23.3016 ratchet=23.3266 best=23.3008 since_improve=133
t=55225ms iter=908 WAIST cost=23.0000 best_alt=13.0000 gap=10.0000 tried=5 sep_labels=13 clique_frac=0.03
t=55252ms iter=908 REBUILD reject new_tc=23.3627 (was 23.3016)
t=55281ms iter=908 incumb=23.3016 ratchet=23.3205 best=23.3008 since_improve=134
t=55284ms iter=909 WAIST cost=23.0000 best_alt=13.0000 gap=10.0000 tried=5 sep_labels=13 clique_frac=0.03
t=55311ms iter=909 REBUILD reject new_tc=23.3131 (was 23.3016)
t=55341ms iter=909 incumb=23.3016 ratchet=23.4838 best=23.3008 since_improve=135
t=55343ms iter=910 WAIST cost=23.0000 best_alt=14.0000 gap=9.0000 tried=5 sep_labels=14 clique_frac=0.01
t=55370ms iter=910 REBUILD reject new_tc=23.6927 (was 23.3016)
t=55398ms iter=910 incumb=23.3016 ratchet=23.3048 best=23.3008 since_improve=136
t=55401ms iter=911 WAIST cost=23.0000 best_alt=14.0000 gap=9.0000 tried=5 sep_labels=14 clique_frac=0.01
t=55428ms iter=911 REBUILD reject new_tc=23.5356 (was 23.3016)
t=55457ms iter=911 incumb=23.3016 ratchet=23.4831 best=23.3008 since_improve=137
t=55459ms iter=912 WAIST cost=23.0000 best_alt=13.0000 gap=10.0000 tried=5 sep_labels=13 clique_frac=0.03
t=55487ms iter=912 REBUILD reject new_tc=23.3503 (was 23.3016)
t=55515ms iter=912 incumb=23.3016 ratchet=23.5965 best=23.3008 since_improve=138
t=55517ms iter=913 WAIST cost=23.0000 best_alt=14.0000 gap=9.0000 tried=5 sep_labels=14 clique_frac=0.01
t=55544ms iter=913 REBUILD reject new_tc=23.8159 (was 23.3016)
t=55572ms iter=913 incumb=23.3016 ratchet=23.4941 best=23.3008 since_improve=139
t=55575ms iter=914 WAIST cost=23.0000 best_alt=14.0000 gap=9.0000 tried=5 sep_labels=14 clique_frac=0.01
t=55602ms iter=914 REBUILD reject new_tc=23.7781 (was 23.3016)
t=55631ms iter=914 incumb=23.3016 ratchet=23.3343 best=23.3008 since_improve=140
t=55633ms iter=915 WAIST cost=23.0000 best_alt=13.0000 gap=10.0000 tried=5 sep_labels=13 clique_frac=0.03
t=55660ms iter=915 REBUILD reject new_tc=23.5607 (was 23.3016)
t=55689ms iter=915 incumb=23.3016 ratchet=23.3136 best=23.3008 since_improve=141
t=55691ms iter=916 WAIST cost=23.0000 best_alt=14.0000 gap=9.0000 tried=5 sep_labels=14 clique_frac=0.01
t=55718ms iter=916 REBUILD reject new_tc=23.3994 (was 23.3016)
t=55747ms iter=916 incumb=23.3016 ratchet=23.3795 best=23.3008 since_improve=142
t=55750ms iter=917 WAIST cost=23.0000 best_alt=12.0000 gap=11.0000 tried=5 sep_labels=12 clique_frac=0.00
t=55776ms iter=917 REBUILD reject new_tc=23.4806 (was 23.3016)
t=55804ms iter=917 incumb=23.3016 ratchet=23.5915 best=23.3008 since_improve=143
t=55806ms iter=918 WAIST cost=23.0000 best_alt=13.0000 gap=10.0000 tried=5 sep_labels=13 clique_frac=0.01
t=55834ms iter=918 REBUILD reject new_tc=23.3380 (was 23.3016)
t=55863ms iter=918 incumb=23.3016 ratchet=23.3270 best=23.3008 since_improve=144
t=55865ms iter=919 WAIST cost=23.0000 best_alt=14.0000 gap=9.0000 tried=5 sep_labels=14 clique_frac=0.01
t=55892ms iter=919 REBUILD reject new_tc=23.3896 (was 23.3016)
t=55921ms iter=919 incumb=23.3016 ratchet=23.3511 best=23.3008 since_improve=145
t=55923ms iter=920 WAIST cost=23.0000 best_alt=14.0000 gap=9.0000 tried=5 sep_labels=14 clique_frac=0.01
t=55950ms iter=920 REBUILD reject new_tc=23.6947 (was 23.3016)
t=55978ms iter=920 incumb=23.3016 ratchet=23.5134 best=23.3008 since_improve=146
t=55981ms iter=921 WAIST cost=23.0000 best_alt=14.0000 gap=9.0000 tried=5 sep_labels=14 clique_frac=0.01
t=56007ms iter=921 REBUILD reject new_tc=23.7144 (was 23.3016)
t=56035ms iter=921 incumb=23.3016 ratchet=23.4558 best=23.3008 since_improve=147
t=56038ms iter=922 WAIST cost=23.0000 best_alt=14.0000 gap=9.0000 tried=5 sep_labels=14 clique_frac=0.01
t=56065ms iter=922 REBUILD reject new_tc=23.4162 (was 23.3016)
t=56093ms iter=922 incumb=23.3016 ratchet=23.4903 best=23.3008 since_improve=148
t=56096ms iter=923 WAIST cost=23.0000 best_alt=13.0000 gap=10.0000 tried=5 sep_labels=13 clique_frac=0.01
t=56123ms iter=923 REBUILD reject new_tc=23.3169 (was 23.3016)
t=56152ms iter=923 incumb=23.3016 ratchet=23.3420 best=23.3008 since_improve=149
t=56154ms iter=924 WAIST cost=23.0000 best_alt=14.0000 gap=9.0000 tried=5 sep_labels=14 clique_frac=0.01
t=56181ms iter=924 REBUILD reject new_tc=23.6858 (was 23.3016)
t=56210ms iter=924 incumb=23.3016 ratchet=23.3693 best=23.3008 since_improve=150
t=56213ms iter=925 WAIST cost=23.0000 best_alt=14.0000 gap=9.0000 tried=5 sep_labels=14 clique_frac=0.01
t=56239ms iter=925 REBUILD reject new_tc=23.4881 (was 23.3016)
t=56268ms iter=925 incumb=23.3016 ratchet=23.3918 best=23.3008 since_improve=151
t=56270ms iter=926 WAIST cost=23.0000 best_alt=14.0000 gap=9.0000 tried=5 sep_labels=14 clique_frac=0.01
t=56297ms iter=926 REBUILD reject new_tc=23.5203 (was 23.3016)
t=56325ms iter=926 incumb=23.3016 ratchet=23.3646 best=23.3008 since_improve=152
t=56328ms iter=927 WAIST cost=23.0000 best_alt=12.0000 gap=11.0000 tried=5 sep_labels=12 clique_frac=0.00
t=56355ms iter=927 REBUILD reject new_tc=23.4768 (was 23.3016)
t=56383ms iter=927 incumb=23.3016 ratchet=23.3336 best=23.3008 since_improve=153
t=56386ms iter=928 WAIST cost=23.0000 best_alt=13.0000 gap=10.0000 tried=5 sep_labels=13 clique_frac=0.03
t=56414ms iter=928 REBUILD reject new_tc=23.3139 (was 23.3016)
t=56443ms iter=928 incumb=23.3016 ratchet=23.3311 best=23.3008 since_improve=154
t=56446ms iter=929 WAIST cost=23.0000 best_alt=14.0000 gap=9.0000 tried=5 sep_labels=14 clique_frac=0.01
t=56473ms iter=929 REBUILD reject new_tc=23.4431 (was 23.3016)
t=56501ms iter=929 incumb=23.3016 ratchet=23.3640 best=23.3008 since_improve=155
t=56503ms iter=930 WAIST cost=23.0000 best_alt=13.0000 gap=10.0000 tried=5 sep_labels=13 clique_frac=0.01
t=56530ms iter=930 REBUILD reject new_tc=23.3417 (was 23.3016)
t=56559ms iter=930 incumb=23.3016 ratchet=23.4564 best=23.3008 since_improve=156
t=56561ms iter=931 WAIST cost=23.0000 best_alt=14.0000 gap=9.0000 tried=5 sep_labels=14 clique_frac=0.01
t=56587ms iter=931 REBUILD reject new_tc=23.6772 (was 23.3016)
t=56616ms iter=931 incumb=23.3016 ratchet=23.3160 best=23.3008 since_improve=157
t=56619ms iter=932 WAIST cost=23.0000 best_alt=14.0000 gap=9.0000 tried=5 sep_labels=14 clique_frac=0.01
t=56645ms iter=932 REBUILD reject new_tc=23.7866 (was 23.3016)
t=56673ms iter=932 incumb=23.3016 ratchet=23.4848 best=23.3008 since_improve=158
t=56675ms iter=933 WAIST cost=23.0000 best_alt=14.0000 gap=9.0000 tried=5 sep_labels=14 clique_frac=0.01
t=56702ms iter=933 REBUILD reject new_tc=23.5189 (was 23.3016)
t=56731ms iter=933 incumb=23.3016 ratchet=23.3668 best=23.3008 since_improve=159
t=56733ms iter=934 WAIST cost=23.0000 best_alt=14.0000 gap=9.0000 tried=5 sep_labels=14 clique_frac=0.01
t=56759ms iter=934 REBUILD reject new_tc=23.7755 (was 23.3016)
t=56789ms iter=934 incumb=23.3016 ratchet=23.3452 best=23.3008 since_improve=160
t=56792ms iter=935 WAIST cost=23.0000 best_alt=14.0000 gap=9.0000 tried=5 sep_labels=14 clique_frac=0.01
t=56819ms iter=935 REBUILD reject new_tc=23.5073 (was 23.3016)
t=56847ms iter=935 incumb=23.3016 ratchet=23.3237 best=23.3008 since_improve=161
t=56850ms iter=936 WAIST cost=23.0000 best_alt=12.0000 gap=11.0000 tried=5 sep_labels=12 clique_frac=0.00
t=56877ms iter=936 REBUILD reject new_tc=23.4416 (was 23.3016)
t=56905ms iter=936 incumb=23.3016 ratchet=23.4853 best=23.3008 since_improve=162
t=56908ms iter=937 WAIST cost=23.0000 best_alt=13.0000 gap=10.0000 tried=5 sep_labels=13 clique_frac=0.01
t=56935ms iter=937 REBUILD reject new_tc=23.3395 (was 23.3016)
t=56964ms iter=937 incumb=23.3016 ratchet=23.3433 best=23.3008 since_improve=163
t=56967ms iter=938 WAIST cost=23.0000 best_alt=14.0000 gap=9.0000 tried=5 sep_labels=14 clique_frac=0.01
t=56993ms iter=938 REBUILD reject new_tc=23.6863 (was 23.3016)
t=57023ms iter=938 incumb=23.3016 ratchet=23.3082 best=23.3008 since_improve=164
t=57026ms iter=939 WAIST cost=23.0000 best_alt=14.0000 gap=9.0000 tried=5 sep_labels=14 clique_frac=0.01
t=57052ms iter=939 REBUILD reject new_tc=23.5197 (was 23.3016)
t=57082ms iter=939 incumb=23.3016 ratchet=23.3159 best=23.3008 since_improve=165
t=57085ms iter=940 WAIST cost=23.0000 best_alt=14.0000 gap=9.0000 tried=5 sep_labels=14 clique_frac=0.01
t=57112ms iter=940 REBUILD reject new_tc=23.6773 (was 23.3016)
t=57141ms iter=940 incumb=23.3016 ratchet=23.4718 best=23.3008 since_improve=166
t=57143ms iter=941 WAIST cost=23.0000 best_alt=14.0000 gap=9.0000 tried=5 sep_labels=14 clique_frac=0.01
t=57169ms iter=941 REBUILD reject new_tc=24.3745 (was 23.3016)
t=57198ms iter=941 incumb=23.3016 ratchet=23.3327 best=23.3008 since_improve=167
t=57200ms iter=942 WAIST cost=23.0000 best_alt=12.0000 gap=11.0000 tried=5 sep_labels=12 clique_frac=0.00
t=57227ms iter=942 REBUILD reject new_tc=23.4841 (was 23.3016)
t=57255ms iter=942 incumb=23.3016 ratchet=23.4830 best=23.3008 since_improve=168
t=57258ms iter=943 WAIST cost=23.0000 best_alt=14.0000 gap=9.0000 tried=5 sep_labels=14 clique_frac=0.01
t=57285ms iter=943 REBUILD reject new_tc=23.5912 (was 23.3016)
t=57314ms iter=943 incumb=23.3016 ratchet=23.3135 best=23.3008 since_improve=169
t=57316ms iter=944 WAIST cost=23.0000 best_alt=14.0000 gap=9.0000 tried=5 sep_labels=14 clique_frac=0.01
t=57343ms iter=944 REBUILD reject new_tc=23.6772 (was 23.3016)
t=57372ms iter=944 incumb=23.3016 ratchet=23.5655 best=23.3008 since_improve=170
t=57375ms iter=945 WAIST cost=23.0000 best_alt=14.0000 gap=9.0000 tried=5 sep_labels=14 clique_frac=0.01
t=57401ms iter=945 REBUILD reject new_tc=23.5134 (was 23.3016)
t=57429ms iter=945 incumb=23.3016 ratchet=23.4623 best=23.3008 since_improve=171
t=57432ms iter=946 WAIST cost=23.0000 best_alt=14.0000 gap=9.0000 tried=5 sep_labels=14 clique_frac=0.01
t=57458ms iter=946 REBUILD reject new_tc=23.6772 (was 23.3016)
t=57487ms iter=946 incumb=23.3016 ratchet=23.3204 best=23.3008 since_improve=172
t=57489ms iter=947 WAIST cost=23.0000 best_alt=13.0000 gap=10.0000 tried=5 sep_labels=13 clique_frac=0.01
t=57516ms iter=947 REBUILD reject new_tc=23.3374 (was 23.3016)
t=57545ms iter=947 incumb=23.3016 ratchet=23.3094 best=23.3008 since_improve=173
t=57548ms iter=948 WAIST cost=23.0000 best_alt=12.0000 gap=11.0000 tried=5 sep_labels=12 clique_frac=0.00
t=57575ms iter=948 REBUILD reject new_tc=23.8102 (was 23.3016)
t=57605ms iter=948 incumb=23.3016 ratchet=23.3273 best=23.3008 since_improve=174
t=57607ms iter=949 WAIST cost=23.0000 best_alt=13.0000 gap=10.0000 tried=5 sep_labels=13 clique_frac=0.01
t=57635ms iter=949 REBUILD reject new_tc=23.3336 (was 23.3016)
t=57664ms iter=949 incumb=23.3016 ratchet=23.5540 best=23.3008 since_improve=175
t=57666ms iter=950 WAIST cost=23.0000 best_alt=14.0000 gap=9.0000 tried=5 sep_labels=14 clique_frac=0.01
t=57693ms iter=950 REBUILD reject new_tc=23.3531 (was 23.3016)
t=57721ms iter=950 incumb=23.3016 ratchet=23.3279 best=23.3008 since_improve=176
t=57724ms iter=951 WAIST cost=23.0000 best_alt=14.0000 gap=9.0000 tried=5 sep_labels=14 clique_frac=0.01
t=57751ms iter=951 REBUILD reject new_tc=23.3858 (was 23.3016)
t=57779ms iter=951 incumb=23.3016 ratchet=23.5627 best=23.3008 since_improve=177
t=57781ms iter=952 WAIST cost=23.0000 best_alt=12.0000 gap=11.0000 tried=5 sep_labels=12 clique_frac=0.00
t=57808ms iter=952 REBUILD reject new_tc=23.4339 (was 23.3016)
t=57837ms iter=952 incumb=23.3016 ratchet=23.3201 best=23.3008 since_improve=178
t=57840ms iter=953 WAIST cost=23.0000 best_alt=14.0000 gap=9.0000 tried=5 sep_labels=14 clique_frac=0.01
t=57867ms iter=953 REBUILD reject new_tc=23.3724 (was 23.3016)
t=57897ms iter=953 incumb=23.3016 ratchet=23.8546 best=23.3008 since_improve=179
t=57899ms iter=954 WAIST cost=23.0000 best_alt=14.0000 gap=9.0000 tried=5 sep_labels=14 clique_frac=0.01
t=57926ms iter=954 REBUILD reject new_tc=23.5517 (was 23.3016)
t=57954ms iter=954 incumb=23.3016 ratchet=23.3247 best=23.3008 since_improve=180
t=57957ms iter=955 WAIST cost=23.0000 best_alt=14.0000 gap=9.0000 tried=5 sep_labels=14 clique_frac=0.01
t=57983ms iter=955 REBUILD reject new_tc=23.4714 (was 23.3016)
t=58012ms iter=955 incumb=23.3016 ratchet=23.4313 best=23.3008 since_improve=181
t=58014ms iter=956 WAIST cost=23.0000 best_alt=14.0000 gap=9.0000 tried=5 sep_labels=14 clique_frac=0.01
t=58040ms iter=956 REBUILD reject new_tc=23.7752 (was 23.3016)
t=58069ms iter=956 incumb=23.3016 ratchet=23.3297 best=23.3008 since_improve=182
t=58072ms iter=957 WAIST cost=23.0000 best_alt=12.0000 gap=11.0000 tried=5 sep_labels=12 clique_frac=0.00
t=58099ms iter=957 REBUILD reject new_tc=23.4803 (was 23.3016)
t=58126ms iter=957 incumb=23.3016 ratchet=23.3331 best=23.3008 since_improve=183
t=58128ms iter=958 WAIST cost=23.0000 best_alt=13.0000 gap=10.0000 tried=5 sep_labels=13 clique_frac=0.01
t=58156ms iter=958 REBUILD reject new_tc=23.5206 (was 23.3016)
t=58185ms iter=958 incumb=23.3016 ratchet=23.4397 best=23.3008 since_improve=184
t=58187ms iter=959 WAIST cost=23.0000 best_alt=12.0000 gap=11.0000 tried=5 sep_labels=12 clique_frac=0.00
t=58214ms iter=959 REBUILD reject new_tc=24.6972 (was 23.3016)
t=58242ms iter=959 incumb=23.3016 ratchet=23.6854 best=23.3008 since_improve=185
t=58245ms iter=960 WAIST cost=23.0000 best_alt=14.0000 gap=9.0000 tried=5 sep_labels=14 clique_frac=0.01
t=58271ms iter=960 REBUILD reject new_tc=23.4053 (was 23.3016)
t=58301ms iter=960 incumb=23.3016 ratchet=23.3049 best=23.3008 since_improve=186
t=58303ms iter=961 WAIST cost=23.0000 best_alt=14.0000 gap=9.0000 tried=5 sep_labels=14 clique_frac=0.01
t=58329ms iter=961 REBUILD reject new_tc=23.6774 (was 23.3016)
t=58357ms iter=961 incumb=23.3016 ratchet=23.3810 best=23.3008 since_improve=187
t=58360ms iter=962 WAIST cost=23.0000 best_alt=13.0000 gap=10.0000 tried=5 sep_labels=13 clique_frac=0.01
t=58387ms iter=962 REBUILD reject new_tc=23.3383 (was 23.3016)
t=58418ms iter=962 incumb=23.3016 ratchet=23.3277 best=23.3008 since_improve=188
t=58420ms iter=963 WAIST cost=23.0000 best_alt=13.0000 gap=10.0000 tried=5 sep_labels=13 clique_frac=0.03
t=58446ms iter=963 REBUILD reject new_tc=23.3673 (was 23.3016)
t=58475ms iter=963 incumb=23.3016 ratchet=23.4279 best=23.3008 since_improve=189
t=58477ms iter=964 WAIST cost=23.0000 best_alt=14.0000 gap=9.0000 tried=5 sep_labels=14 clique_frac=0.01
t=58504ms iter=964 REBUILD reject new_tc=23.6951 (was 23.3016)
t=58533ms iter=964 incumb=23.3016 ratchet=23.3690 best=23.3008 since_improve=190
t=58535ms iter=965 WAIST cost=23.0000 best_alt=14.0000 gap=9.0000 tried=5 sep_labels=14 clique_frac=0.01
t=58561ms iter=965 REBUILD reject new_tc=23.4843 (was 23.3016)
t=58590ms iter=965 incumb=23.3016 ratchet=23.3258 best=23.3008 since_improve=191
t=58593ms iter=966 WAIST cost=23.0000 best_alt=14.0000 gap=9.0000 tried=5 sep_labels=14 clique_frac=0.01
t=58620ms iter=966 REBUILD reject new_tc=23.3522 (was 23.3016)
t=58649ms iter=966 incumb=23.3016 ratchet=23.3210 best=23.3008 since_improve=192
t=58651ms iter=967 WAIST cost=23.0000 best_alt=14.0000 gap=9.0000 tried=5 sep_labels=14 clique_frac=0.01
t=58678ms iter=967 REBUILD reject new_tc=23.6822 (was 23.3016)
t=58706ms iter=967 incumb=23.3016 ratchet=23.3423 best=23.3008 since_improve=193
t=58708ms iter=968 WAIST cost=23.0000 best_alt=14.0000 gap=9.0000 tried=5 sep_labels=14 clique_frac=0.01
t=58735ms iter=968 REBUILD reject new_tc=23.4503 (was 23.3016)
t=58764ms iter=968 incumb=23.3016 ratchet=23.3308 best=23.3008 since_improve=194
t=58767ms iter=969 WAIST cost=23.0000 best_alt=14.0000 gap=9.0000 tried=5 sep_labels=14 clique_frac=0.01
t=58793ms iter=969 REBUILD reject new_tc=23.6840 (was 23.3016)
t=58822ms iter=969 incumb=23.3016 ratchet=23.4190 best=23.3008 since_improve=195
t=58824ms iter=970 WAIST cost=23.0000 best_alt=14.0000 gap=9.0000 tried=5 sep_labels=14 clique_frac=0.01
t=58851ms iter=970 REBUILD reject new_tc=23.3754 (was 23.3016)
t=58880ms iter=970 incumb=23.3016 ratchet=23.3613 best=23.3008 since_improve=196
t=58882ms iter=971 WAIST cost=23.0000 best_alt=14.0000 gap=9.0000 tried=5 sep_labels=14 clique_frac=0.01
t=58909ms iter=971 REBUILD reject new_tc=23.4106 (was 23.3016)
t=58938ms iter=971 incumb=23.3016 ratchet=23.3242 best=23.3008 since_improve=197
t=58940ms iter=972 WAIST cost=23.0000 best_alt=12.0000 gap=11.0000 tried=5 sep_labels=12 clique_frac=0.00
t=58967ms iter=972 REBUILD reject new_tc=23.6267 (was 23.3016)
t=58996ms iter=972 incumb=23.3016 ratchet=23.4842 best=23.3008 since_improve=198
t=58998ms iter=973 WAIST cost=23.0000 best_alt=14.0000 gap=9.0000 tried=5 sep_labels=14 clique_frac=0.01
t=59025ms iter=973 REBUILD reject new_tc=23.4390 (was 23.3016)
t=59053ms iter=973 incumb=23.3016 ratchet=23.4031 best=23.3008 since_improve=199
t=59055ms iter=974 WAIST cost=23.0000 best_alt=12.0000 gap=11.0000 tried=5 sep_labels=12 clique_frac=0.00
t=59082ms iter=974 REBUILD reject new_tc=23.5584 (was 23.3016)
t=59111ms iter=974 incumb=23.3016 ratchet=23.4777 best=23.3008 since_improve=200
t=59113ms iter=975 WAIST cost=23.0000 best_alt=13.0000 gap=10.0000 tried=5 sep_labels=13 clique_frac=0.01
t=59141ms iter=975 REBUILD reject new_tc=23.3975 (was 23.3016)
t=59171ms iter=975 incumb=23.3016 ratchet=23.3685 best=23.3008 since_improve=201
t=59173ms iter=976 WAIST cost=23.0000 best_alt=14.0000 gap=9.0000 tried=5 sep_labels=14 clique_frac=0.01
t=59200ms iter=976 REBUILD reject new_tc=23.4178 (was 23.3016)
t=59230ms iter=976 incumb=23.3016 ratchet=23.4547 best=23.3008 since_improve=202
t=59233ms iter=977 WAIST cost=23.0000 best_alt=14.0000 gap=9.0000 tried=5 sep_labels=14 clique_frac=0.01
t=59259ms iter=977 REBUILD reject new_tc=23.5840 (was 23.3016)
t=59288ms iter=977 incumb=23.3016 ratchet=23.4348 best=23.3008 since_improve=203
t=59291ms iter=978 WAIST cost=23.0000 best_alt=14.0000 gap=9.0000 tried=5 sep_labels=14 clique_frac=0.01
t=59317ms iter=978 REBUILD reject new_tc=23.5602 (was 23.3016)
t=59345ms iter=978 incumb=23.3016 ratchet=23.3302 best=23.3008 since_improve=204
t=59347ms iter=979 WAIST cost=23.0000 best_alt=14.0000 gap=9.0000 tried=5 sep_labels=14 clique_frac=0.01
t=59373ms iter=979 REBUILD reject new_tc=23.6952 (was 23.3016)
t=59402ms iter=979 incumb=23.3016 ratchet=23.4077 best=23.3008 since_improve=205
t=59404ms iter=980 WAIST cost=23.0000 best_alt=14.0000 gap=9.0000 tried=5 sep_labels=14 clique_frac=0.01
t=59431ms iter=980 REBUILD reject new_tc=23.3854 (was 23.3016)
t=59460ms iter=980 incumb=23.3016 ratchet=23.3773 best=23.3008 since_improve=206
t=59462ms iter=981 WAIST cost=23.0000 best_alt=12.0000 gap=11.0000 tried=5 sep_labels=12 clique_frac=0.00
t=59489ms iter=981 REBUILD reject new_tc=24.2820 (was 23.3016)
t=59518ms iter=981 incumb=23.3016 ratchet=23.3641 best=23.3008 since_improve=207
t=59520ms iter=982 WAIST cost=23.0000 best_alt=13.0000 gap=10.0000 tried=5 sep_labels=13 clique_frac=0.01
t=59547ms iter=982 REBUILD reject new_tc=23.4758 (was 23.3016)
t=59576ms iter=982 incumb=23.3016 ratchet=23.3610 best=23.3008 since_improve=208
t=59579ms iter=983 WAIST cost=23.0000 best_alt=13.0000 gap=10.0000 tried=5 sep_labels=13 clique_frac=0.01
t=59606ms iter=983 REBUILD reject new_tc=23.3444 (was 23.3016)
t=59635ms iter=983 incumb=23.3016 ratchet=23.3443 best=23.3008 since_improve=209
t=59637ms iter=984 WAIST cost=23.0000 best_alt=12.0000 gap=11.0000 tried=5 sep_labels=12 clique_frac=0.00
t=59664ms iter=984 REBUILD reject new_tc=23.4868 (was 23.3016)
t=59693ms iter=984 incumb=23.3016 ratchet=23.4547 best=23.3008 since_improve=210
t=59695ms iter=985 WAIST cost=23.0000 best_alt=14.0000 gap=9.0000 tried=5 sep_labels=14 clique_frac=0.01
t=59722ms iter=985 REBUILD reject new_tc=23.3880 (was 23.3016)
t=59751ms iter=985 incumb=23.3016 ratchet=23.3290 best=23.3008 since_improve=211
t=59753ms iter=986 WAIST cost=23.0000 best_alt=14.0000 gap=9.0000 tried=5 sep_labels=14 clique_frac=0.01
t=59779ms iter=986 REBUILD reject new_tc=23.7018 (was 23.3016)
t=59809ms iter=986 incumb=23.3016 ratchet=23.3694 best=23.3008 since_improve=212
t=59811ms iter=987 WAIST cost=23.0000 best_alt=14.0000 gap=9.0000 tried=5 sep_labels=14 clique_frac=0.01
t=59838ms iter=987 REBUILD reject new_tc=23.4843 (was 23.3016)
t=59866ms iter=987 incumb=23.3016 ratchet=23.3486 best=23.3008 since_improve=213
t=59868ms iter=988 WAIST cost=23.0000 best_alt=14.0000 gap=9.0000 tried=5 sep_labels=14 clique_frac=0.01
t=59895ms iter=988 REBUILD reject new_tc=23.3875 (was 23.3016)
t=59924ms iter=988 incumb=23.3016 ratchet=23.4359 best=23.3008 since_improve=214
t=59927ms iter=989 WAIST cost=23.0000 best_alt=14.0000 gap=9.0000 tried=5 sep_labels=14 clique_frac=0.01
t=59953ms iter=989 REBUILD reject new_tc=23.6927 (was 23.3016)
t=59981ms iter=989 incumb=23.3016 ratchet=23.4838 best=23.3008 since_improve=215
t=59984ms iter=990 WAIST cost=23.0000 best_alt=14.0000 gap=9.0000 tried=5 sep_labels=14 clique_frac=0.01
t=60011ms iter=990 REBUILD reject new_tc=23.5325 (was 23.3016)
t=60039ms iter=990 incumb=23.3016 ratchet=23.3151 best=23.3008 since_improve=216
t=60041ms iter=991 WAIST cost=23.0000 best_alt=14.0000 gap=9.0000 tried=5 sep_labels=14 clique_frac=0.01
t=60068ms iter=991 REBUILD reject new_tc=23.3812 (was 23.3016)
t=60096ms iter=991 incumb=23.3016 ratchet=23.3275 best=23.3008 since_improve=217
t=60099ms iter=992 WAIST cost=23.0000 best_alt=14.0000 gap=9.0000 tried=5 sep_labels=14 clique_frac=0.01
t=60125ms iter=992 REBUILD reject new_tc=23.7757 (was 23.3016)
t=60154ms iter=992 incumb=23.3016 ratchet=23.3096 best=23.3008 since_improve=218
t=60157ms iter=993 WAIST cost=23.0000 best_alt=14.0000 gap=9.0000 tried=5 sep_labels=14 clique_frac=0.01
t=60185ms iter=993 REBUILD reject new_tc=23.4198 (was 23.3016)
t=60213ms iter=993 incumb=23.3016 ratchet=23.3271 best=23.3008 since_improve=219
t=60215ms iter=994 WAIST cost=23.0000 best_alt=14.0000 gap=9.0000 tried=5 sep_labels=14 clique_frac=0.01
t=60242ms iter=994 REBUILD reject new_tc=23.4878 (was 23.3016)
t=60272ms iter=994 incumb=23.3016 ratchet=23.3993 best=23.3008 since_improve=220
t=60273ms iter=995 WAIST cost=23.0000 best_alt=13.0000 gap=10.0000 tried=5 sep_labels=13 clique_frac=0.03
t=60301ms iter=995 REBUILD reject new_tc=23.5414 (was 23.3016)
t=60329ms iter=995 incumb=23.3016 ratchet=23.3338 best=23.3008 since_improve=221
t=60332ms iter=996 WAIST cost=23.0000 best_alt=12.0000 gap=11.0000 tried=5 sep_labels=12 clique_frac=0.00
t=60358ms iter=996 REBUILD reject new_tc=23.9713 (was 23.3016)
t=60386ms iter=996 incumb=23.3016 ratchet=23.3314 best=23.3008 since_improve=222
t=60388ms iter=997 WAIST cost=23.0000 best_alt=14.0000 gap=9.0000 tried=5 sep_labels=14 clique_frac=0.01
t=60415ms iter=997 REBUILD reject new_tc=23.6932 (was 23.3016)
t=60445ms iter=997 incumb=23.3016 ratchet=23.4332 best=23.3008 since_improve=223
t=60447ms iter=998 WAIST cost=23.0000 best_alt=14.0000 gap=9.0000 tried=5 sep_labels=14 clique_frac=0.01
t=60473ms iter=998 REBUILD reject new_tc=23.4915 (was 23.3016)
t=60502ms iter=998 incumb=23.3016 ratchet=23.3545 best=23.3008 since_improve=224
t=60505ms iter=999 WAIST cost=23.0000 best_alt=12.0000 gap=11.0000 tried=5 sep_labels=12 clique_frac=0.00
t=60532ms iter=999 REBUILD reject new_tc=24.8664 (was 23.3016)
t=60561ms iter=999 incumb=23.3016 ratchet=23.3303 best=23.3008 since_improve=225
t=60563ms iter=1000 WAIST cost=23.0000 best_alt=14.0000 gap=9.0000 tried=5 sep_labels=14 clique_frac=0.01
t=60591ms iter=1000 REBUILD reject new_tc=23.3986 (was 23.3016)
t=60619ms iter=1000 incumb=23.3016 ratchet=23.3966 best=23.3008 since_improve=226
t=60622ms iter=1001 WAIST cost=23.0000 best_alt=14.0000 gap=9.0000 tried=5 sep_labels=14 clique_frac=0.01
t=60649ms iter=1001 REBUILD reject new_tc=23.3737 (was 23.3016)
t=60678ms iter=1001 incumb=23.3016 ratchet=23.3209 best=23.3008 since_improve=227
t=60680ms iter=1002 WAIST cost=23.0000 best_alt=12.0000 gap=11.0000 tried=5 sep_labels=12 clique_frac=0.00
t=60707ms iter=1002 REBUILD reject new_tc=23.4894 (was 23.3016)
t=60735ms iter=1002 incumb=23.3016 ratchet=23.4846 best=23.3008 since_improve=228
t=60737ms iter=1003 WAIST cost=23.0000 best_alt=14.0000 gap=9.0000 tried=5 sep_labels=14 clique_frac=0.01
t=60764ms iter=1003 REBUILD reject new_tc=23.6777 (was 23.3016)
t=60792ms iter=1003 incumb=23.3016 ratchet=23.5399 best=23.3008 since_improve=229
t=60795ms iter=1004 WAIST cost=23.0000 best_alt=14.0000 gap=9.0000 tried=5 sep_labels=14 clique_frac=0.01
t=60821ms iter=1004 REBUILD reject new_tc=23.6966 (was 23.3016)
t=60850ms iter=1004 incumb=23.3016 ratchet=23.3281 best=23.3008 since_improve=230
t=60853ms iter=1005 WAIST cost=23.0000 best_alt=14.0000 gap=9.0000 tried=5 sep_labels=14 clique_frac=0.01
t=60879ms iter=1005 REBUILD reject new_tc=23.6916 (was 23.3016)
t=60909ms iter=1005 incumb=23.3016 ratchet=23.6070 best=23.3008 since_improve=231
t=60911ms iter=1006 WAIST cost=23.0000 best_alt=14.0000 gap=9.0000 tried=5 sep_labels=14 clique_frac=0.01
t=60938ms iter=1006 REBUILD reject new_tc=23.6844 (was 23.3016)
t=60967ms iter=1006 incumb=23.3016 ratchet=23.3513 best=23.3008 since_improve=232
t=60970ms iter=1007 WAIST cost=23.0000 best_alt=14.0000 gap=9.0000 tried=5 sep_labels=14 clique_frac=0.01
t=60997ms iter=1007 REBUILD reject new_tc=23.4047 (was 23.3016)
t=61026ms iter=1007 incumb=23.3016 ratchet=23.4671 best=23.3008 since_improve=233
t=61028ms iter=1008 WAIST cost=23.0000 best_alt=14.0000 gap=9.0000 tried=5 sep_labels=14 clique_frac=0.01
t=61054ms iter=1008 REBUILD reject new_tc=23.5160 (was 23.3016)
t=61084ms iter=1008 incumb=23.3016 ratchet=23.4086 best=23.3008 since_improve=234
t=61086ms iter=1009 WAIST cost=23.0000 best_alt=14.0000 gap=9.0000 tried=5 sep_labels=14 clique_frac=0.01
t=61112ms iter=1009 REBUILD reject new_tc=23.4217 (was 23.3016)
t=61142ms iter=1009 incumb=23.3016 ratchet=23.4654 best=23.3008 since_improve=235
t=61144ms iter=1010 WAIST cost=23.0000 best_alt=14.0000 gap=9.0000 tried=5 sep_labels=14 clique_frac=0.01
t=61170ms iter=1010 REBUILD reject new_tc=23.5634 (was 23.3016)
t=61199ms iter=1010 incumb=23.3016 ratchet=23.4323 best=23.3008 since_improve=236
t=61201ms iter=1011 WAIST cost=23.0000 best_alt=14.0000 gap=9.0000 tried=5 sep_labels=14 clique_frac=0.01
t=61228ms iter=1011 REBUILD reject new_tc=23.4710 (was 23.3016)
t=61258ms iter=1011 incumb=23.3016 ratchet=23.3082 best=23.3008 since_improve=237
t=61261ms iter=1012 WAIST cost=23.0000 best_alt=12.0000 gap=11.0000 tried=5 sep_labels=12 clique_frac=0.00
t=61288ms iter=1012 REBUILD reject new_tc=23.4798 (was 23.3016)
t=61316ms iter=1012 incumb=23.3016 ratchet=23.3219 best=23.3008 since_improve=238
t=61319ms iter=1013 WAIST cost=23.0000 best_alt=12.0000 gap=11.0000 tried=5 sep_labels=12 clique_frac=0.00
t=61346ms iter=1013 REBUILD reject new_tc=23.3183 (was 23.3016)
t=61375ms iter=1013 incumb=23.3016 ratchet=23.3487 best=23.3008 since_improve=239
t=61378ms iter=1014 WAIST cost=23.0000 best_alt=12.0000 gap=11.0000 tried=5 sep_labels=12 clique_frac=0.00
t=61405ms iter=1014 REBUILD reject new_tc=23.4855 (was 23.3016)
t=61434ms iter=1014 incumb=23.3016 ratchet=23.4322 best=23.3008 since_improve=240
t=61437ms iter=1015 WAIST cost=23.0000 best_alt=14.0000 gap=9.0000 tried=5 sep_labels=14 clique_frac=0.01
t=61463ms iter=1015 REBUILD reject new_tc=23.6918 (was 23.3016)
t=61492ms iter=1015 incumb=23.3016 ratchet=23.3312 best=23.3008 since_improve=241
t=61495ms iter=1016 WAIST cost=23.0000 best_alt=14.0000 gap=9.0000 tried=5 sep_labels=14 clique_frac=0.01
t=61521ms iter=1016 REBUILD reject new_tc=23.7149 (was 23.3016)
t=61565ms iter=1016 incumb=23.3016 ratchet=23.3006 best=23.3006 since_improve=0
t=61568ms iter=1017 WAIST cost=23.0000 best_alt=14.0000 gap=9.0000 tried=5 sep_labels=14 clique_frac=0.01
t=61594ms iter=1017 REBUILD reject new_tc=23.6960 (was 23.3006)
t=61623ms iter=1017 incumb=23.3006 ratchet=23.3483 best=23.3006 since_improve=1
t=61625ms iter=1018 WAIST cost=23.0000 best_alt=14.0000 gap=9.0000 tried=5 sep_labels=14 clique_frac=0.01
t=61651ms iter=1018 REBUILD reject new_tc=23.7752 (was 23.3006)
t=61681ms iter=1018 incumb=23.3006 ratchet=23.3509 best=23.3006 since_improve=2
t=61683ms iter=1019 WAIST cost=23.0000 best_alt=14.0000 gap=9.0000 tried=5 sep_labels=14 clique_frac=0.01
t=61711ms iter=1019 REBUILD reject new_tc=23.5022 (was 23.3006)
t=61741ms iter=1019 incumb=23.3006 ratchet=23.5088 best=23.3006 since_improve=3
t=61743ms iter=1020 WAIST cost=23.0000 best_alt=14.0000 gap=9.0000 tried=5 sep_labels=14 clique_frac=0.01
t=61769ms iter=1020 REBUILD reject new_tc=23.8091 (was 23.3006)
t=61798ms iter=1020 incumb=23.3006 ratchet=23.3268 best=23.3006 since_improve=4
t=61800ms iter=1021 WAIST cost=23.0000 best_alt=14.0000 gap=9.0000 tried=5 sep_labels=14 clique_frac=0.01
t=61827ms iter=1021 REBUILD reject new_tc=23.6864 (was 23.3006)
t=61856ms iter=1021 incumb=23.3006 ratchet=23.3149 best=23.3006 since_improve=5
t=61859ms iter=1022 WAIST cost=23.0000 best_alt=13.0000 gap=10.0000 tried=5 sep_labels=13 clique_frac=0.01
t=61885ms iter=1022 REBUILD reject new_tc=23.4152 (was 23.3006)
t=61914ms iter=1022 incumb=23.3006 ratchet=23.3272 best=23.3006 since_improve=6
t=61916ms iter=1023 WAIST cost=23.0000 best_alt=14.0000 gap=9.0000 tried=5 sep_labels=14 clique_frac=0.01
t=61943ms iter=1023 REBUILD reject new_tc=23.6776 (was 23.3006)
t=61971ms iter=1023 incumb=23.3006 ratchet=23.3941 best=23.3006 since_improve=7
t=61973ms iter=1024 WAIST cost=23.0000 best_alt=14.0000 gap=9.0000 tried=5 sep_labels=14 clique_frac=0.01
t=62001ms iter=1024 REBUILD reject new_tc=23.5680 (was 23.3006)
t=62030ms iter=1024 incumb=23.3006 ratchet=23.9142 best=23.3006 since_improve=8
t=62032ms iter=1025 WAIST cost=23.0000 best_alt=13.0000 gap=10.0000 tried=5 sep_labels=13 clique_frac=0.03
t=62059ms iter=1025 REBUILD reject new_tc=23.5502 (was 23.3006)
t=62087ms iter=1025 incumb=23.3006 ratchet=23.4398 best=23.3006 since_improve=9
t=62089ms iter=1026 WAIST cost=23.0000 best_alt=12.0000 gap=11.0000 tried=5 sep_labels=12 clique_frac=0.00
t=62116ms iter=1026 REBUILD reject new_tc=23.4917 (was 23.3006)
t=62145ms iter=1026 incumb=23.3006 ratchet=23.3669 best=23.3006 since_improve=10
t=62147ms iter=1027 WAIST cost=23.0000 best_alt=14.0000 gap=9.0000 tried=5 sep_labels=14 clique_frac=0.01
t=62173ms iter=1027 REBUILD reject new_tc=23.3998 (was 23.3006)
t=62202ms iter=1027 incumb=23.3006 ratchet=23.3673 best=23.3006 since_improve=11
t=62205ms iter=1028 WAIST cost=23.0000 best_alt=13.0000 gap=10.0000 tried=5 sep_labels=13 clique_frac=0.01
t=62232ms iter=1028 REBUILD reject new_tc=23.3258 (was 23.3006)
t=62261ms iter=1028 incumb=23.3006 ratchet=23.3491 best=23.3006 since_improve=12
t=62264ms iter=1029 WAIST cost=23.0000 best_alt=14.0000 gap=9.0000 tried=5 sep_labels=14 clique_frac=0.01
t=62291ms iter=1029 REBUILD reject new_tc=23.3662 (was 23.3006)
t=62318ms iter=1029 incumb=23.3006 ratchet=23.5117 best=23.3006 since_improve=13
t=62321ms iter=1030 WAIST cost=23.0000 best_alt=13.0000 gap=10.0000 tried=5 sep_labels=13 clique_frac=0.01
t=62348ms iter=1030 REBUILD reject new_tc=23.3351 (was 23.3006)
t=62376ms iter=1030 incumb=23.3006 ratchet=23.5182 best=23.3006 since_improve=14
t=62378ms iter=1031 WAIST cost=23.0000 best_alt=14.0000 gap=9.0000 tried=5 sep_labels=14 clique_frac=0.01
t=62405ms iter=1031 REBUILD reject new_tc=23.4627 (was 23.3006)
t=62434ms iter=1031 incumb=23.3006 ratchet=23.6108 best=23.3006 since_improve=15
t=62437ms iter=1032 WAIST cost=23.0000 best_alt=13.0000 gap=10.0000 tried=5 sep_labels=13 clique_frac=0.01
t=62464ms iter=1032 REBUILD reject new_tc=23.3175 (was 23.3006)
t=62493ms iter=1032 incumb=23.3006 ratchet=23.3283 best=23.3006 since_improve=16
t=62495ms iter=1033 WAIST cost=23.0000 best_alt=14.0000 gap=9.0000 tried=5 sep_labels=14 clique_frac=0.01
t=62522ms iter=1033 REBUILD reject new_tc=23.5615 (was 23.3006)
t=62551ms iter=1033 incumb=23.3006 ratchet=23.3830 best=23.3006 since_improve=17
t=62553ms iter=1034 WAIST cost=23.0000 best_alt=13.0000 gap=10.0000 tried=5 sep_labels=13 clique_frac=0.01
t=62580ms iter=1034 REBUILD reject new_tc=25.2226 (was 23.3006)
t=62609ms iter=1034 incumb=23.3006 ratchet=23.3319 best=23.3006 since_improve=18
t=62612ms iter=1035 WAIST cost=23.0000 best_alt=14.0000 gap=9.0000 tried=5 sep_labels=14 clique_frac=0.01
t=62639ms iter=1035 REBUILD reject new_tc=23.4847 (was 23.3006)
t=62668ms iter=1035 incumb=23.3006 ratchet=23.3361 best=23.3006 since_improve=19
t=62670ms iter=1036 WAIST cost=23.0000 best_alt=14.0000 gap=9.0000 tried=5 sep_labels=14 clique_frac=0.01
t=62697ms iter=1036 REBUILD reject new_tc=23.3750 (was 23.3006)
t=62726ms iter=1036 incumb=23.3006 ratchet=23.3726 best=23.3006 since_improve=20
t=62728ms iter=1037 WAIST cost=23.0000 best_alt=14.0000 gap=9.0000 tried=5 sep_labels=14 clique_frac=0.01
t=62755ms iter=1037 REBUILD reject new_tc=23.3969 (was 23.3006)
t=62783ms iter=1037 incumb=23.3006 ratchet=23.3669 best=23.3006 since_improve=21
t=62786ms iter=1038 WAIST cost=23.0000 best_alt=14.0000 gap=9.0000 tried=5 sep_labels=14 clique_frac=0.01
t=62812ms iter=1038 REBUILD reject new_tc=23.6847 (was 23.3006)
t=62841ms iter=1038 incumb=23.3006 ratchet=23.3239 best=23.3006 since_improve=22
t=62843ms iter=1039 WAIST cost=23.0000 best_alt=14.0000 gap=9.0000 tried=5 sep_labels=14 clique_frac=0.01
t=62870ms iter=1039 REBUILD reject new_tc=23.4813 (was 23.3006)
t=62900ms iter=1039 incumb=23.3006 ratchet=23.4907 best=23.3006 since_improve=23
t=62902ms iter=1040 WAIST cost=23.0000 best_alt=14.0000 gap=9.0000 tried=5 sep_labels=14 clique_frac=0.01
t=62928ms iter=1040 REBUILD reject new_tc=23.7192 (was 23.3006)
t=62957ms iter=1040 incumb=23.3006 ratchet=23.3306 best=23.3006 since_improve=24
t=62960ms iter=1041 WAIST cost=23.0000 best_alt=13.0000 gap=10.0000 tried=5 sep_labels=13 clique_frac=0.01
t=62987ms iter=1041 REBUILD reject new_tc=23.3424 (was 23.3006)
t=63015ms iter=1041 incumb=23.3006 ratchet=23.4314 best=23.3006 since_improve=25
t=63017ms iter=1042 WAIST cost=23.0000 best_alt=14.0000 gap=9.0000 tried=5 sep_labels=14 clique_frac=0.01
t=63043ms iter=1042 REBUILD reject new_tc=23.7177 (was 23.3006)
t=63071ms iter=1042 incumb=23.3006 ratchet=23.3374 best=23.3006 since_improve=26
t=63073ms iter=1043 WAIST cost=23.0000 best_alt=14.0000 gap=9.0000 tried=5 sep_labels=14 clique_frac=0.01
t=63100ms iter=1043 REBUILD reject new_tc=24.4446 (was 23.3006)
t=63128ms iter=1043 incumb=23.3006 ratchet=23.4937 best=23.3006 since_improve=27
t=63131ms iter=1044 WAIST cost=23.0000 best_alt=14.0000 gap=9.0000 tried=5 sep_labels=14 clique_frac=0.01
t=63158ms iter=1044 REBUILD reject new_tc=23.4015 (was 23.3006)
t=63187ms iter=1044 incumb=23.3006 ratchet=23.3109 best=23.3006 since_improve=28
t=63189ms iter=1045 WAIST cost=23.0000 best_alt=12.0000 gap=11.0000 tried=5 sep_labels=12 clique_frac=0.00
t=63215ms iter=1045 REBUILD reject new_tc=23.9126 (was 23.3006)
t=63244ms iter=1045 incumb=23.3006 ratchet=23.3781 best=23.3006 since_improve=29
t=63246ms iter=1046 WAIST cost=23.0000 best_alt=14.0000 gap=9.0000 tried=5 sep_labels=14 clique_frac=0.01
t=63274ms iter=1046 REBUILD reject new_tc=23.4033 (was 23.3006)
t=63302ms iter=1046 incumb=23.3006 ratchet=23.3343 best=23.3006 since_improve=30
t=63305ms iter=1047 WAIST cost=23.0000 best_alt=14.0000 gap=9.0000 tried=5 sep_labels=14 clique_frac=0.01
t=63332ms iter=1047 REBUILD reject new_tc=23.4003 (was 23.3006)
t=63359ms iter=1047 incumb=23.3006 ratchet=23.4314 best=23.3006 since_improve=31
t=63362ms iter=1048 WAIST cost=23.0000 best_alt=14.0000 gap=9.0000 tried=5 sep_labels=14 clique_frac=0.01
t=63388ms iter=1048 REBUILD reject new_tc=23.7103 (was 23.3006)
t=63417ms iter=1048 incumb=23.3006 ratchet=23.4976 best=23.3006 since_improve=32
t=63420ms iter=1049 WAIST cost=23.0000 best_alt=12.0000 gap=11.0000 tried=5 sep_labels=12 clique_frac=0.00
t=63447ms iter=1049 REBUILD reject new_tc=23.3273 (was 23.3006)
t=63475ms iter=1049 incumb=23.3006 ratchet=23.4444 best=23.3006 since_improve=33
t=63477ms iter=1050 WAIST cost=23.0000 best_alt=14.0000 gap=9.0000 tried=5 sep_labels=14 clique_frac=0.01
t=63504ms iter=1050 REBUILD reject new_tc=23.7157 (was 23.3006)
t=63532ms iter=1050 incumb=23.3006 ratchet=23.3414 best=23.3006 since_improve=34
t=63535ms iter=1051 WAIST cost=23.0000 best_alt=13.0000 gap=10.0000 tried=5 sep_labels=13 clique_frac=0.03
t=63562ms iter=1051 REBUILD reject new_tc=23.5541 (was 23.3006)
t=63590ms iter=1051 incumb=23.3006 ratchet=23.3112 best=23.3006 since_improve=35
t=63592ms iter=1052 WAIST cost=23.0000 best_alt=14.0000 gap=9.0000 tried=5 sep_labels=14 clique_frac=0.01
t=63619ms iter=1052 REBUILD reject new_tc=23.4813 (was 23.3006)
t=63648ms iter=1052 incumb=23.3006 ratchet=23.3626 best=23.3006 since_improve=36
t=63650ms iter=1053 WAIST cost=23.0000 best_alt=14.0000 gap=9.0000 tried=5 sep_labels=14 clique_frac=0.01
t=63677ms iter=1053 REBUILD reject new_tc=23.3734 (was 23.3006)
t=63707ms iter=1053 incumb=23.3006 ratchet=23.3088 best=23.3006 since_improve=37
t=63710ms iter=1054 WAIST cost=23.0000 best_alt=14.0000 gap=9.0000 tried=5 sep_labels=14 clique_frac=0.01
t=63737ms iter=1054 REBUILD reject new_tc=23.5199 (was 23.3006)
t=63765ms iter=1054 incumb=23.3006 ratchet=23.3323 best=23.3006 since_improve=38
t=63768ms iter=1055 WAIST cost=23.0000 best_alt=12.0000 gap=11.0000 tried=5 sep_labels=12 clique_frac=0.00
t=63794ms iter=1055 REBUILD reject new_tc=23.4786 (was 23.3006)
t=63822ms iter=1055 incumb=23.3006 ratchet=23.3336 best=23.3006 since_improve=39
t=63825ms iter=1056 WAIST cost=23.0000 best_alt=14.0000 gap=9.0000 tried=5 sep_labels=14 clique_frac=0.01
t=63852ms iter=1056 REBUILD reject new_tc=23.5243 (was 23.3006)
t=63881ms iter=1056 incumb=23.3006 ratchet=23.3306 best=23.3006 since_improve=40
t=63883ms iter=1057 WAIST cost=23.0000 best_alt=12.0000 gap=11.0000 tried=5 sep_labels=12 clique_frac=0.00
t=63910ms iter=1057 REBUILD reject new_tc=23.3488 (was 23.3006)
t=63938ms iter=1057 incumb=23.3006 ratchet=23.3631 best=23.3006 since_improve=41
t=63940ms iter=1058 WAIST cost=23.0000 best_alt=12.0000 gap=11.0000 tried=5 sep_labels=12 clique_frac=0.00
t=63968ms iter=1058 REBUILD reject new_tc=23.3334 (was 23.3006)
t=63998ms iter=1058 incumb=23.3006 ratchet=23.4250 best=23.3006 since_improve=42
t=64000ms iter=1059 WAIST cost=23.0000 best_alt=14.0000 gap=9.0000 tried=5 sep_labels=14 clique_frac=0.01
t=64028ms iter=1059 REBUILD reject new_tc=23.4246 (was 23.3006)
t=64057ms iter=1059 incumb=23.3006 ratchet=23.3097 best=23.3006 since_improve=43
t=64059ms iter=1060 WAIST cost=23.0000 best_alt=14.0000 gap=9.0000 tried=5 sep_labels=14 clique_frac=0.01
t=64085ms iter=1060 REBUILD reject new_tc=23.5291 (was 23.3006)
t=64115ms iter=1060 incumb=23.3006 ratchet=23.4295 best=23.3006 since_improve=44
t=64117ms iter=1061 WAIST cost=23.0000 best_alt=14.0000 gap=9.0000 tried=5 sep_labels=14 clique_frac=0.01
t=64144ms iter=1061 REBUILD reject new_tc=23.4121 (was 23.3006)
t=64173ms iter=1061 incumb=23.3006 ratchet=23.5688 best=23.3006 since_improve=45
t=64176ms iter=1062 WAIST cost=23.0000 best_alt=14.0000 gap=9.0000 tried=5 sep_labels=14 clique_frac=0.01
t=64202ms iter=1062 REBUILD reject new_tc=23.4857 (was 23.3006)
t=64232ms iter=1062 incumb=23.3006 ratchet=23.3466 best=23.3006 since_improve=46
t=64234ms iter=1063 WAIST cost=23.0000 best_alt=14.0000 gap=9.0000 tried=5 sep_labels=14 clique_frac=0.01
t=64261ms iter=1063 REBUILD reject new_tc=23.6846 (was 23.3006)
t=64289ms iter=1063 incumb=23.3006 ratchet=23.7071 best=23.3006 since_improve=47
t=64292ms iter=1064 WAIST cost=23.0000 best_alt=14.0000 gap=9.0000 tried=5 sep_labels=14 clique_frac=0.01
t=64319ms iter=1064 REBUILD reject new_tc=23.5207 (was 23.3006)
t=64347ms iter=1064 incumb=23.3006 ratchet=24.2393 best=23.3006 since_improve=48
t=64350ms iter=1065 WAIST cost=23.0000 best_alt=13.0000 gap=10.0000 tried=5 sep_labels=13 clique_frac=0.03
t=64377ms iter=1065 REBUILD reject new_tc=23.3573 (was 23.3006)
t=64405ms iter=1065 incumb=23.3006 ratchet=23.3276 best=23.3006 since_improve=49
t=64408ms iter=1066 WAIST cost=23.0000 best_alt=12.0000 gap=11.0000 tried=5 sep_labels=12 clique_frac=0.00
t=64434ms iter=1066 REBUILD reject new_tc=23.9140 (was 23.3006)
t=64463ms iter=1066 incumb=23.3006 ratchet=23.4648 best=23.3006 since_improve=50
t=64466ms iter=1067 WAIST cost=23.0000 best_alt=14.0000 gap=9.0000 tried=5 sep_labels=14 clique_frac=0.01
t=64493ms iter=1067 REBUILD reject new_tc=23.3741 (was 23.3006)
t=64522ms iter=1067 incumb=23.3006 ratchet=23.3424 best=23.3006 since_improve=51
t=64524ms iter=1068 WAIST cost=23.0000 best_alt=14.0000 gap=9.0000 tried=5 sep_labels=14 clique_frac=0.01
t=64551ms iter=1068 REBUILD reject new_tc=23.6941 (was 23.3006)
t=64579ms iter=1068 incumb=23.3006 ratchet=23.8610 best=23.3006 since_improve=52
t=64581ms iter=1069 WAIST cost=23.0000 best_alt=14.0000 gap=9.0000 tried=5 sep_labels=14 clique_frac=0.01
t=64608ms iter=1069 REBUILD reject new_tc=23.5350 (was 23.3006)
t=64637ms iter=1069 incumb=23.3006 ratchet=23.3149 best=23.3006 since_improve=53
t=64639ms iter=1070 WAIST cost=23.0000 best_alt=13.0000 gap=10.0000 tried=5 sep_labels=13 clique_frac=0.03
t=64667ms iter=1070 REBUILD reject new_tc=23.3221 (was 23.3006)
t=64695ms iter=1070 incumb=23.3006 ratchet=23.3287 best=23.3006 since_improve=54
t=64698ms iter=1071 WAIST cost=23.0000 best_alt=12.0000 gap=11.0000 tried=5 sep_labels=12 clique_frac=0.00
t=64724ms iter=1071 REBUILD reject new_tc=23.3480 (was 23.3006)
t=64752ms iter=1071 incumb=23.3006 ratchet=23.3245 best=23.3006 since_improve=55
t=64755ms iter=1072 WAIST cost=23.0000 best_alt=12.0000 gap=11.0000 tried=5 sep_labels=12 clique_frac=0.00
t=64782ms iter=1072 REBUILD reject new_tc=23.3597 (was 23.3006)
t=64810ms iter=1072 incumb=23.3006 ratchet=23.3481 best=23.3006 since_improve=56
t=64813ms iter=1073 WAIST cost=23.0000 best_alt=14.0000 gap=9.0000 tried=5 sep_labels=14 clique_frac=0.01
t=64839ms iter=1073 REBUILD reject new_tc=23.8262 (was 23.3006)
t=64868ms iter=1073 incumb=23.3006 ratchet=23.3178 best=23.3006 since_improve=57
t=64871ms iter=1074 WAIST cost=23.0000 best_alt=14.0000 gap=9.0000 tried=5 sep_labels=14 clique_frac=0.01
t=64897ms iter=1074 REBUILD reject new_tc=23.4811 (was 23.3006)
t=64927ms iter=1074 incumb=23.3006 ratchet=23.3285 best=23.3006 since_improve=58
t=64929ms iter=1075 WAIST cost=23.0000 best_alt=14.0000 gap=9.0000 tried=5 sep_labels=14 clique_frac=0.01
t=64956ms iter=1075 REBUILD reject new_tc=23.3776 (was 23.3006)
t=64985ms iter=1075 incumb=23.3006 ratchet=23.3260 best=23.3006 since_improve=59
t=64987ms iter=1076 WAIST cost=23.0000 best_alt=14.0000 gap=9.0000 tried=5 sep_labels=14 clique_frac=0.01
t=65013ms iter=1076 REBUILD reject new_tc=23.6776 (was 23.3006)
t=65042ms iter=1076 incumb=23.3006 ratchet=23.3331 best=23.3006 since_improve=60
t=65044ms iter=1077 WAIST cost=23.0000 best_alt=12.0000 gap=11.0000 tried=5 sep_labels=12 clique_frac=0.00
t=65072ms iter=1077 REBUILD reject new_tc=23.3322 (was 23.3006)
t=65101ms iter=1077 incumb=23.3006 ratchet=23.3275 best=23.3006 since_improve=61
t=65103ms iter=1078 WAIST cost=23.0000 best_alt=14.0000 gap=9.0000 tried=5 sep_labels=14 clique_frac=0.01
t=65130ms iter=1078 REBUILD reject new_tc=23.4594 (was 23.3006)
t=65159ms iter=1078 incumb=23.3006 ratchet=23.4382 best=23.3006 since_improve=62
t=65161ms iter=1079 WAIST cost=23.0000 best_alt=12.0000 gap=11.0000 tried=5 sep_labels=12 clique_frac=0.00
t=65188ms iter=1079 REBUILD reject new_tc=23.4819 (was 23.3006)
t=65217ms iter=1079 incumb=23.3006 ratchet=23.4396 best=23.3006 since_improve=63
t=65219ms iter=1080 WAIST cost=23.0000 best_alt=14.0000 gap=9.0000 tried=5 sep_labels=14 clique_frac=0.01
t=65246ms iter=1080 REBUILD reject new_tc=24.3821 (was 23.3006)
t=65275ms iter=1080 incumb=23.3006 ratchet=23.3140 best=23.3006 since_improve=64
t=65277ms iter=1081 WAIST cost=23.0000 best_alt=14.0000 gap=9.0000 tried=5 sep_labels=14 clique_frac=0.01
t=65304ms iter=1081 REBUILD reject new_tc=23.5179 (was 23.3006)
t=65333ms iter=1081 incumb=23.3006 ratchet=23.3364 best=23.3006 since_improve=65
t=65336ms iter=1082 WAIST cost=23.0000 best_alt=14.0000 gap=9.0000 tried=5 sep_labels=14 clique_frac=0.01
t=65363ms iter=1082 REBUILD reject new_tc=23.4108 (was 23.3006)
t=65391ms iter=1082 incumb=23.3006 ratchet=23.4885 best=23.3006 since_improve=66
t=65393ms iter=1083 WAIST cost=23.0000 best_alt=13.0000 gap=10.0000 tried=5 sep_labels=13 clique_frac=0.01
t=65420ms iter=1083 REBUILD reject new_tc=23.3369 (was 23.3006)
t=65449ms iter=1083 incumb=23.3006 ratchet=23.3504 best=23.3006 since_improve=67
t=65451ms iter=1084 WAIST cost=23.0000 best_alt=14.0000 gap=9.0000 tried=5 sep_labels=14 clique_frac=0.01
t=65477ms iter=1084 REBUILD reject new_tc=23.3656 (was 23.3006)
t=65507ms iter=1084 incumb=23.3006 ratchet=23.5117 best=23.3006 since_improve=68
t=65509ms iter=1085 WAIST cost=23.0000 best_alt=14.0000 gap=9.0000 tried=5 sep_labels=14 clique_frac=0.01
t=65536ms iter=1085 REBUILD reject new_tc=23.6840 (was 23.3006)
t=65564ms iter=1085 incumb=23.3006 ratchet=23.3418 best=23.3006 since_improve=69
t=65566ms iter=1086 WAIST cost=23.0000 best_alt=12.0000 gap=11.0000 tried=5 sep_labels=12 clique_frac=0.00
t=65593ms iter=1086 REBUILD reject new_tc=23.3239 (was 23.3006)
t=65622ms iter=1086 incumb=23.3006 ratchet=23.3924 best=23.3006 since_improve=70
t=65624ms iter=1087 WAIST cost=23.0000 best_alt=14.0000 gap=9.0000 tried=5 sep_labels=14 clique_frac=0.01
t=65651ms iter=1087 REBUILD reject new_tc=23.5378 (was 23.3006)
t=65679ms iter=1087 incumb=23.3006 ratchet=23.5410 best=23.3006 since_improve=71
t=65682ms iter=1088 WAIST cost=23.0000 best_alt=14.0000 gap=9.0000 tried=5 sep_labels=14 clique_frac=0.01
t=65709ms iter=1088 REBUILD reject new_tc=23.4342 (was 23.3006)
t=65737ms iter=1088 incumb=23.3006 ratchet=23.4968 best=23.3006 since_improve=72
t=65740ms iter=1089 WAIST cost=23.0000 best_alt=14.0000 gap=9.0000 tried=5 sep_labels=14 clique_frac=0.01
t=65767ms iter=1089 REBUILD reject new_tc=23.5160 (was 23.3006)
t=65794ms iter=1089 incumb=23.3006 ratchet=23.3765 best=23.3006 since_improve=73
t=65797ms iter=1090 WAIST cost=23.0000 best_alt=13.0000 gap=10.0000 tried=5 sep_labels=13 clique_frac=0.03
t=65824ms iter=1090 REBUILD reject new_tc=23.4815 (was 23.3006)
t=65853ms iter=1090 incumb=23.3006 ratchet=23.3144 best=23.3006 since_improve=74
t=65855ms iter=1091 WAIST cost=23.0000 best_alt=14.0000 gap=9.0000 tried=5 sep_labels=14 clique_frac=0.01
t=65882ms iter=1091 REBUILD reject new_tc=23.7749 (was 23.3006)
t=65911ms iter=1091 incumb=23.3006 ratchet=23.4592 best=23.3006 since_improve=75
t=65914ms iter=1092 WAIST cost=23.0000 best_alt=12.0000 gap=11.0000 tried=5 sep_labels=12 clique_frac=0.00
t=65941ms iter=1092 REBUILD reject new_tc=23.4304 (was 23.3006)
t=65970ms iter=1092 incumb=23.3006 ratchet=23.3965 best=23.3006 since_improve=76
t=65972ms iter=1093 WAIST cost=23.0000 best_alt=12.0000 gap=11.0000 tried=5 sep_labels=12 clique_frac=0.00
t=65998ms iter=1093 REBUILD reject new_tc=23.5459 (was 23.3006)
t=66028ms iter=1093 incumb=23.3006 ratchet=23.3639 best=23.3006 since_improve=77
t=66031ms iter=1094 WAIST cost=23.0000 best_alt=12.0000 gap=11.0000 tried=5 sep_labels=12 clique_frac=0.00
t=66057ms iter=1094 REBUILD reject new_tc=23.3507 (was 23.3006)
t=66086ms iter=1094 incumb=23.3006 ratchet=23.3110 best=23.3006 since_improve=78
t=66088ms iter=1095 WAIST cost=23.0000 best_alt=13.0000 gap=10.0000 tried=5 sep_labels=13 clique_frac=0.01
t=66116ms iter=1095 REBUILD reject new_tc=23.3451 (was 23.3006)
t=66144ms iter=1095 incumb=23.3006 ratchet=23.3239 best=23.3006 since_improve=79
t=66146ms iter=1096 WAIST cost=23.0000 best_alt=14.0000 gap=9.0000 tried=5 sep_labels=14 clique_frac=0.01
t=66173ms iter=1096 REBUILD reject new_tc=23.3796 (was 23.3006)
t=66203ms iter=1096 incumb=23.3006 ratchet=23.3985 best=23.3006 since_improve=80
t=66205ms iter=1097 WAIST cost=23.0000 best_alt=14.0000 gap=9.0000 tried=5 sep_labels=14 clique_frac=0.01
t=66232ms iter=1097 REBUILD reject new_tc=23.3867 (was 23.3006)
t=66261ms iter=1097 incumb=23.3006 ratchet=23.9263 best=23.3006 since_improve=81
t=66264ms iter=1098 WAIST cost=23.0000 best_alt=13.0000 gap=10.0000 tried=5 sep_labels=13 clique_frac=0.03
t=66291ms iter=1098 REBUILD reject new_tc=23.4309 (was 23.3006)
t=66320ms iter=1098 incumb=23.3006 ratchet=23.4573 best=23.3006 since_improve=82
t=66322ms iter=1099 WAIST cost=23.0000 best_alt=13.0000 gap=10.0000 tried=5 sep_labels=13 clique_frac=0.01
t=66350ms iter=1099 REBUILD reject new_tc=23.3701 (was 23.3006)
t=66378ms iter=1099 incumb=23.3006 ratchet=23.4606 best=23.3006 since_improve=83
t=66380ms iter=1100 WAIST cost=23.0000 best_alt=12.0000 gap=11.0000 tried=5 sep_labels=12 clique_frac=0.00
t=66407ms iter=1100 REBUILD reject new_tc=23.4588 (was 23.3006)
t=66435ms iter=1100 incumb=23.3006 ratchet=23.4818 best=23.3006 since_improve=84
t=66437ms iter=1101 WAIST cost=23.0000 best_alt=12.0000 gap=11.0000 tried=5 sep_labels=12 clique_frac=0.00
t=66464ms iter=1101 REBUILD reject new_tc=23.3551 (was 23.3006)
t=66492ms iter=1101 incumb=23.3006 ratchet=23.3141 best=23.3006 since_improve=85
t=66494ms iter=1102 WAIST cost=23.0000 best_alt=12.0000 gap=11.0000 tried=5 sep_labels=12 clique_frac=0.00
t=66521ms iter=1102 REBUILD reject new_tc=23.4678 (was 23.3006)
t=66550ms iter=1102 incumb=23.3006 ratchet=23.3781 best=23.3006 since_improve=86
t=66552ms iter=1103 WAIST cost=23.0000 best_alt=14.0000 gap=9.0000 tried=5 sep_labels=14 clique_frac=0.01
t=66579ms iter=1103 REBUILD reject new_tc=23.4307 (was 23.3006)
t=66607ms iter=1103 incumb=23.3006 ratchet=23.3120 best=23.3006 since_improve=87
t=66609ms iter=1104 WAIST cost=23.0000 best_alt=14.0000 gap=9.0000 tried=5 sep_labels=14 clique_frac=0.01
t=66636ms iter=1104 REBUILD reject new_tc=23.6862 (was 23.3006)
t=66665ms iter=1104 incumb=23.3006 ratchet=23.3297 best=23.3006 since_improve=88
t=66667ms iter=1105 WAIST cost=23.0000 best_alt=14.0000 gap=9.0000 tried=5 sep_labels=14 clique_frac=0.01
t=66694ms iter=1105 REBUILD reject new_tc=23.4050 (was 23.3006)
t=66723ms iter=1105 incumb=23.3006 ratchet=23.3675 best=23.3006 since_improve=89
t=66726ms iter=1106 WAIST cost=23.0000 best_alt=14.0000 gap=9.0000 tried=5 sep_labels=14 clique_frac=0.01
t=66752ms iter=1106 REBUILD reject new_tc=23.8367 (was 23.3006)
t=66780ms iter=1106 incumb=23.3006 ratchet=23.3626 best=23.3006 since_improve=90
t=66782ms iter=1107 WAIST cost=23.0000 best_alt=14.0000 gap=9.0000 tried=5 sep_labels=14 clique_frac=0.01
t=66809ms iter=1107 REBUILD reject new_tc=23.6128 (was 23.3006)
t=66837ms iter=1107 incumb=23.3006 ratchet=23.4623 best=23.3006 since_improve=91
t=66839ms iter=1108 WAIST cost=23.0000 best_alt=14.0000 gap=9.0000 tried=5 sep_labels=14 clique_frac=0.01
t=66866ms iter=1108 REBUILD reject new_tc=23.4772 (was 23.3006)
t=66895ms iter=1108 incumb=23.3006 ratchet=23.4277 best=23.3006 since_improve=92
t=66897ms iter=1109 WAIST cost=23.0000 best_alt=14.0000 gap=9.0000 tried=5 sep_labels=14 clique_frac=0.01
t=66924ms iter=1109 REBUILD reject new_tc=23.3702 (was 23.3006)
t=66953ms iter=1109 incumb=23.3006 ratchet=23.4024 best=23.3006 since_improve=93
t=66956ms iter=1110 WAIST cost=23.0000 best_alt=14.0000 gap=9.0000 tried=5 sep_labels=14 clique_frac=0.01
t=66983ms iter=1110 REBUILD reject new_tc=23.6940 (was 23.3006)
t=67011ms iter=1110 incumb=23.3006 ratchet=23.4538 best=23.3006 since_improve=94
t=67013ms iter=1111 WAIST cost=23.0000 best_alt=14.0000 gap=9.0000 tried=5 sep_labels=14 clique_frac=0.01
t=67039ms iter=1111 REBUILD reject new_tc=23.5692 (was 23.3006)
t=67068ms iter=1111 incumb=23.3006 ratchet=23.3285 best=23.3006 since_improve=95
t=67071ms iter=1112 WAIST cost=23.0000 best_alt=14.0000 gap=9.0000 tried=5 sep_labels=14 clique_frac=0.01
t=67097ms iter=1112 REBUILD reject new_tc=23.6892 (was 23.3006)
t=67125ms iter=1112 incumb=23.3006 ratchet=23.3266 best=23.3006 since_improve=96
t=67127ms iter=1113 WAIST cost=23.0000 best_alt=12.0000 gap=11.0000 tried=5 sep_labels=12 clique_frac=0.00
t=67154ms iter=1113 REBUILD reject new_tc=23.3237 (was 23.3006)
t=67182ms iter=1113 incumb=23.3006 ratchet=23.5160 best=23.3006 since_improve=97
t=67184ms iter=1114 WAIST cost=23.0000 best_alt=12.0000 gap=11.0000 tried=5 sep_labels=12 clique_frac=0.00
t=67210ms iter=1114 REBUILD reject new_tc=23.8715 (was 23.3006)
t=67239ms iter=1114 incumb=23.3006 ratchet=23.4885 best=23.3006 since_improve=98
t=67242ms iter=1115 WAIST cost=23.0000 best_alt=14.0000 gap=9.0000 tried=5 sep_labels=14 clique_frac=0.01
t=67268ms iter=1115 REBUILD reject new_tc=23.4810 (was 23.3006)
t=67297ms iter=1115 incumb=23.3006 ratchet=23.3371 best=23.3006 since_improve=99
t=67299ms iter=1116 WAIST cost=23.0000 best_alt=14.0000 gap=9.0000 tried=5 sep_labels=14 clique_frac=0.01
t=67327ms iter=1116 REBUILD reject new_tc=23.3812 (was 23.3006)
t=67355ms iter=1116 incumb=23.3006 ratchet=23.4608 best=23.3006 since_improve=100
t=67357ms iter=1117 WAIST cost=23.0000 best_alt=14.0000 gap=9.0000 tried=5 sep_labels=14 clique_frac=0.01
t=67383ms iter=1117 REBUILD reject new_tc=23.6969 (was 23.3006)
t=67412ms iter=1117 incumb=23.3006 ratchet=23.3276 best=23.3006 since_improve=101
t=67414ms iter=1118 WAIST cost=23.0000 best_alt=14.0000 gap=9.0000 tried=5 sep_labels=14 clique_frac=0.01
t=67440ms iter=1118 REBUILD reject new_tc=23.5143 (was 23.3006)
t=67468ms iter=1118 incumb=23.3006 ratchet=23.7321 best=23.3006 since_improve=102
t=67471ms iter=1119 WAIST cost=23.0000 best_alt=14.0000 gap=9.0000 tried=5 sep_labels=14 clique_frac=0.01
t=67497ms iter=1119 REBUILD reject new_tc=23.7743 (was 23.3006)
t=67524ms iter=1119 incumb=23.3006 ratchet=23.4067 best=23.3006 since_improve=103
t=67527ms iter=1120 WAIST cost=23.0000 best_alt=12.0000 gap=11.0000 tried=5 sep_labels=12 clique_frac=0.00
t=67553ms iter=1120 REBUILD reject new_tc=23.5295 (was 23.3006)
t=67581ms iter=1120 incumb=23.3006 ratchet=23.6788 best=23.3006 since_improve=104
t=67583ms iter=1121 WAIST cost=23.0000 best_alt=12.0000 gap=11.0000 tried=5 sep_labels=12 clique_frac=0.00
t=67610ms iter=1121 REBUILD reject new_tc=23.4856 (was 23.3006)
t=67641ms iter=1121 incumb=23.3006 ratchet=23.4096 best=23.3006 since_improve=105
t=67643ms iter=1122 WAIST cost=23.0000 best_alt=14.0000 gap=9.0000 tried=5 sep_labels=14 clique_frac=0.01
t=67670ms iter=1122 REBUILD reject new_tc=23.4137 (was 23.3006)
t=67700ms iter=1122 incumb=23.3006 ratchet=23.3316 best=23.3006 since_improve=106
t=67702ms iter=1123 WAIST cost=23.0000 best_alt=12.0000 gap=11.0000 tried=5 sep_labels=12 clique_frac=0.00
t=67729ms iter=1123 REBUILD reject new_tc=24.7144 (was 23.3006)
t=67758ms iter=1123 incumb=23.3006 ratchet=23.3637 best=23.3006 since_improve=107
t=67760ms iter=1124 WAIST cost=23.0000 best_alt=14.0000 gap=9.0000 tried=5 sep_labels=14 clique_frac=0.01
t=67786ms iter=1124 REBUILD reject new_tc=23.4217 (was 23.3006)
t=67814ms iter=1124 incumb=23.3006 ratchet=23.3282 best=23.3006 since_improve=108
t=67817ms iter=1125 WAIST cost=23.0000 best_alt=14.0000 gap=9.0000 tried=5 sep_labels=14 clique_frac=0.01
t=67844ms iter=1125 REBUILD reject new_tc=23.4905 (was 23.3006)
t=67873ms iter=1125 incumb=23.3006 ratchet=23.3294 best=23.3006 since_improve=109
t=67875ms iter=1126 WAIST cost=23.0000 best_alt=14.0000 gap=9.0000 tried=5 sep_labels=14 clique_frac=0.01
t=67902ms iter=1126 REBUILD reject new_tc=23.5102 (was 23.3006)
t=67930ms iter=1126 incumb=23.3006 ratchet=23.4324 best=23.3006 since_improve=110
t=67932ms iter=1127 WAIST cost=23.0000 best_alt=14.0000 gap=9.0000 tried=5 sep_labels=14 clique_frac=0.01
t=67959ms iter=1127 REBUILD reject new_tc=23.4040 (was 23.3006)
t=67987ms iter=1127 incumb=23.3006 ratchet=23.9539 best=23.3006 since_improve=111
t=67990ms iter=1128 WAIST cost=23.0000 best_alt=14.0000 gap=9.0000 tried=5 sep_labels=14 clique_frac=0.01
t=68017ms iter=1128 REBUILD reject new_tc=23.3483 (was 23.3006)
t=68045ms iter=1128 incumb=23.3006 ratchet=23.3348 best=23.3006 since_improve=112
t=68048ms iter=1129 WAIST cost=23.0000 best_alt=14.0000 gap=9.0000 tried=5 sep_labels=14 clique_frac=0.01
t=68075ms iter=1129 REBUILD reject new_tc=23.6950 (was 23.3006)
t=68103ms iter=1129 incumb=23.3006 ratchet=23.3877 best=23.3006 since_improve=113
t=68106ms iter=1130 WAIST cost=23.0000 best_alt=14.0000 gap=9.0000 tried=5 sep_labels=14 clique_frac=0.01
t=68133ms iter=1130 REBUILD reject new_tc=23.5230 (was 23.3006)
t=68161ms iter=1130 incumb=23.3006 ratchet=23.3344 best=23.3006 since_improve=114
t=68164ms iter=1131 WAIST cost=23.0000 best_alt=12.0000 gap=11.0000 tried=5 sep_labels=12 clique_frac=0.00
t=68191ms iter=1131 REBUILD reject new_tc=23.4818 (was 23.3006)
t=68219ms iter=1131 incumb=23.3006 ratchet=23.3616 best=23.3006 since_improve=115
t=68222ms iter=1132 WAIST cost=23.0000 best_alt=12.0000 gap=11.0000 tried=5 sep_labels=12 clique_frac=0.00
t=68249ms iter=1132 REBUILD reject new_tc=23.4891 (was 23.3006)
t=68277ms iter=1132 incumb=23.3006 ratchet=23.3489 best=23.3006 since_improve=116
t=68280ms iter=1133 WAIST cost=23.0000 best_alt=14.0000 gap=9.0000 tried=5 sep_labels=14 clique_frac=0.01
t=68306ms iter=1133 REBUILD reject new_tc=23.4873 (was 23.3006)
t=68334ms iter=1133 incumb=23.3006 ratchet=23.3234 best=23.3006 since_improve=117
t=68337ms iter=1134 WAIST cost=23.0000 best_alt=12.0000 gap=11.0000 tried=5 sep_labels=12 clique_frac=0.00
t=68364ms iter=1134 REBUILD reject new_tc=23.7167 (was 23.3006)
t=68393ms iter=1134 incumb=23.3006 ratchet=23.4278 best=23.3006 since_improve=118
t=68396ms iter=1135 WAIST cost=23.0000 best_alt=14.0000 gap=9.0000 tried=5 sep_labels=14 clique_frac=0.01
t=68422ms iter=1135 REBUILD reject new_tc=23.5141 (was 23.3006)
t=68450ms iter=1135 incumb=23.3006 ratchet=23.8575 best=23.3006 since_improve=119
t=68453ms iter=1136 WAIST cost=23.0000 best_alt=14.0000 gap=9.0000 tried=5 sep_labels=14 clique_frac=0.01
t=68480ms iter=1136 REBUILD reject new_tc=23.5162 (was 23.3006)
t=68509ms iter=1136 incumb=23.3006 ratchet=23.4735 best=23.3006 since_improve=120
t=68511ms iter=1137 WAIST cost=23.0000 best_alt=14.0000 gap=9.0000 tried=5 sep_labels=14 clique_frac=0.01
t=68538ms iter=1137 REBUILD reject new_tc=23.5203 (was 23.3006)
t=68567ms iter=1137 incumb=23.3006 ratchet=23.4841 best=23.3006 since_improve=121
t=68569ms iter=1138 WAIST cost=23.0000 best_alt=12.0000 gap=11.0000 tried=5 sep_labels=12 clique_frac=0.00
t=68595ms iter=1138 REBUILD reject new_tc=23.4883 (was 23.3006)
t=68623ms iter=1138 incumb=23.3006 ratchet=23.4786 best=23.3006 since_improve=122
t=68625ms iter=1139 WAIST cost=23.0000 best_alt=12.0000 gap=11.0000 tried=5 sep_labels=12 clique_frac=0.00
t=68652ms iter=1139 REBUILD reject new_tc=23.4845 (was 23.3006)
t=68682ms iter=1139 incumb=23.3006 ratchet=23.3267 best=23.3006 since_improve=123
t=68684ms iter=1140 WAIST cost=23.0000 best_alt=12.0000 gap=11.0000 tried=5 sep_labels=12 clique_frac=0.00
t=68711ms iter=1140 REBUILD reject new_tc=23.3884 (was 23.3006)
t=68740ms iter=1140 incumb=23.3006 ratchet=24.0975 best=23.3006 since_improve=124
t=68742ms iter=1141 WAIST cost=23.0000 best_alt=13.0000 gap=10.0000 tried=5 sep_labels=13 clique_frac=0.03
t=68769ms iter=1141 REBUILD reject new_tc=23.3476 (was 23.3006)
t=68797ms iter=1141 incumb=23.3006 ratchet=23.3195 best=23.3006 since_improve=125
t=68800ms iter=1142 WAIST cost=23.0000 best_alt=14.0000 gap=9.0000 tried=5 sep_labels=14 clique_frac=0.01
t=68827ms iter=1142 REBUILD reject new_tc=23.5702 (was 23.3006)
t=68855ms iter=1142 incumb=23.3006 ratchet=23.4112 best=23.3006 since_improve=126
t=68858ms iter=1143 WAIST cost=23.0000 best_alt=14.0000 gap=9.0000 tried=5 sep_labels=14 clique_frac=0.01
t=68885ms iter=1143 REBUILD reject new_tc=23.3681 (was 23.3006)
t=68912ms iter=1143 incumb=23.3006 ratchet=23.3013 best=23.3006 since_improve=127
t=68915ms iter=1144 WAIST cost=23.0000 best_alt=13.0000 gap=10.0000 tried=5 sep_labels=13 clique_frac=0.01
t=68942ms iter=1144 REBUILD reject new_tc=23.3989 (was 23.3006)
t=68971ms iter=1144 incumb=23.3006 ratchet=23.3272 best=23.3006 since_improve=128
t=68973ms iter=1145 WAIST cost=23.0000 best_alt=13.0000 gap=10.0000 tried=5 sep_labels=13 clique_frac=0.01
t=69000ms iter=1145 REBUILD reject new_tc=23.3362 (was 23.3006)
t=69028ms iter=1145 incumb=23.3006 ratchet=23.3673 best=23.3006 since_improve=129
t=69031ms iter=1146 WAIST cost=23.0000 best_alt=14.0000 gap=9.0000 tried=5 sep_labels=14 clique_frac=0.01
t=69057ms iter=1146 REBUILD reject new_tc=23.6775 (was 23.3006)
t=69085ms iter=1146 incumb=23.3006 ratchet=23.5729 best=23.3006 since_improve=130
t=69088ms iter=1147 WAIST cost=23.0000 best_alt=14.0000 gap=9.0000 tried=5 sep_labels=14 clique_frac=0.01
t=69114ms iter=1147 REBUILD reject new_tc=23.3715 (was 23.3006)
t=69143ms iter=1147 incumb=23.3006 ratchet=23.4806 best=23.3006 since_improve=131
t=69146ms iter=1148 WAIST cost=23.0000 best_alt=14.0000 gap=9.0000 tried=5 sep_labels=14 clique_frac=0.01
t=69172ms iter=1148 REBUILD reject new_tc=23.7761 (was 23.3006)
t=69201ms iter=1148 incumb=23.3006 ratchet=23.6761 best=23.3006 since_improve=132
t=69203ms iter=1149 WAIST cost=23.0000 best_alt=14.0000 gap=9.0000 tried=5 sep_labels=14 clique_frac=0.01
t=69230ms iter=1149 REBUILD reject new_tc=23.4075 (was 23.3006)
t=69259ms iter=1149 incumb=23.3006 ratchet=23.4133 best=23.3006 since_improve=133
t=69262ms iter=1150 WAIST cost=23.0000 best_alt=12.0000 gap=11.0000 tried=5 sep_labels=12 clique_frac=0.00
t=69289ms iter=1150 REBUILD reject new_tc=24.2386 (was 23.3006)
t=69318ms iter=1150 incumb=23.3006 ratchet=23.9355 best=23.3006 since_improve=134
t=69320ms iter=1151 WAIST cost=23.0000 best_alt=14.0000 gap=9.0000 tried=5 sep_labels=14 clique_frac=0.01
t=69347ms iter=1151 REBUILD reject new_tc=24.5152 (was 23.3006)
t=69375ms iter=1151 incumb=23.3006 ratchet=23.4549 best=23.3006 since_improve=135
t=69377ms iter=1152 WAIST cost=23.0000 best_alt=12.0000 gap=11.0000 tried=5 sep_labels=12 clique_frac=0.00
t=69404ms iter=1152 REBUILD reject new_tc=23.4910 (was 23.3006)
t=69432ms iter=1152 incumb=23.3006 ratchet=23.3569 best=23.3006 since_improve=136
t=69435ms iter=1153 WAIST cost=23.0000 best_alt=14.0000 gap=9.0000 tried=5 sep_labels=14 clique_frac=0.01
t=69461ms iter=1153 REBUILD reject new_tc=23.6781 (was 23.3006)
t=69490ms iter=1153 incumb=23.3006 ratchet=23.3274 best=23.3006 since_improve=137
t=69492ms iter=1154 WAIST cost=23.0000 best_alt=14.0000 gap=9.0000 tried=5 sep_labels=14 clique_frac=0.01
t=69519ms iter=1154 REBUILD reject new_tc=23.6116 (was 23.3006)
t=69549ms iter=1154 incumb=23.3006 ratchet=23.3101 best=23.3006 since_improve=138
t=69551ms iter=1155 WAIST cost=23.0000 best_alt=14.0000 gap=9.0000 tried=5 sep_labels=14 clique_frac=0.01
t=69578ms iter=1155 REBUILD reject new_tc=23.7019 (was 23.3006)
t=69607ms iter=1155 incumb=23.3006 ratchet=23.3264 best=23.3006 since_improve=139
t=69609ms iter=1156 WAIST cost=23.0000 best_alt=12.0000 gap=11.0000 tried=5 sep_labels=12 clique_frac=0.00
t=69636ms iter=1156 REBUILD reject new_tc=23.4947 (was 23.3006)
t=69665ms iter=1156 incumb=23.3006 ratchet=23.4572 best=23.3006 since_improve=140
t=69667ms iter=1157 WAIST cost=23.0000 best_alt=14.0000 gap=9.0000 tried=5 sep_labels=14 clique_frac=0.01
t=69694ms iter=1157 REBUILD reject new_tc=23.3837 (was 23.3006)
t=69722ms iter=1157 incumb=23.3006 ratchet=23.3968 best=23.3006 since_improve=141
t=69725ms iter=1158 WAIST cost=23.0000 best_alt=12.0000 gap=11.0000 tried=5 sep_labels=12 clique_frac=0.00
t=69751ms iter=1158 REBUILD reject new_tc=23.9361 (was 23.3006)
t=69781ms iter=1158 incumb=23.3006 ratchet=23.4850 best=23.3006 since_improve=142
t=69783ms iter=1159 WAIST cost=23.0000 best_alt=14.0000 gap=9.0000 tried=5 sep_labels=14 clique_frac=0.01
t=69810ms iter=1159 REBUILD reject new_tc=23.5132 (was 23.3006)
t=69838ms iter=1159 incumb=23.3006 ratchet=23.3925 best=23.3006 since_improve=143
t=69840ms iter=1160 WAIST cost=23.0000 best_alt=14.0000 gap=9.0000 tried=5 sep_labels=14 clique_frac=0.01
t=69866ms iter=1160 REBUILD reject new_tc=23.6946 (was 23.3006)
t=69895ms iter=1160 incumb=23.3006 ratchet=23.3202 best=23.3006 since_improve=144
t=69897ms iter=1161 WAIST cost=23.0000 best_alt=12.0000 gap=11.0000 tried=5 sep_labels=12 clique_frac=0.00
t=69924ms iter=1161 REBUILD reject new_tc=23.3584 (was 23.3006)
t=69952ms iter=1161 incumb=23.3006 ratchet=23.3080 best=23.3006 since_improve=145
t=69954ms iter=1162 WAIST cost=23.0000 best_alt=14.0000 gap=9.0000 tried=5 sep_labels=14 clique_frac=0.01
t=69981ms iter=1162 REBUILD reject new_tc=23.4994 (was 23.3006)
t=70011ms iter=1162 incumb=23.3006 ratchet=23.5614 best=23.3006 since_improve=146
t=70013ms iter=1163 WAIST cost=23.0000 best_alt=14.0000 gap=9.0000 tried=5 sep_labels=14 clique_frac=0.01
t=70040ms iter=1163 REBUILD reject new_tc=23.5119 (was 23.3006)
t=70069ms iter=1163 incumb=23.3006 ratchet=23.3871 best=23.3006 since_improve=147
t=70071ms iter=1164 WAIST cost=23.0000 best_alt=14.0000 gap=9.0000 tried=5 sep_labels=14 clique_frac=0.01
t=70097ms iter=1164 REBUILD reject new_tc=23.7755 (was 23.3006)
t=70126ms iter=1164 incumb=23.3006 ratchet=23.3213 best=23.3006 since_improve=148
t=70128ms iter=1165 WAIST cost=23.0000 best_alt=14.0000 gap=9.0000 tried=5 sep_labels=14 clique_frac=0.01
t=70155ms iter=1165 REBUILD reject new_tc=23.5324 (was 23.3006)
t=70184ms iter=1165 incumb=23.3006 ratchet=23.4745 best=23.3006 since_improve=149
t=70186ms iter=1166 WAIST cost=23.0000 best_alt=12.0000 gap=11.0000 tried=5 sep_labels=12 clique_frac=0.00
t=70213ms iter=1166 REBUILD reject new_tc=23.3260 (was 23.3006)
t=70241ms iter=1166 incumb=23.3006 ratchet=23.4546 best=23.3006 since_improve=150
t=70243ms iter=1167 WAIST cost=23.0000 best_alt=12.0000 gap=11.0000 tried=5 sep_labels=12 clique_frac=0.00
t=70270ms iter=1167 REBUILD reject new_tc=23.4342 (was 23.3006)
t=70298ms iter=1167 incumb=23.3006 ratchet=23.8046 best=23.3006 since_improve=151
t=70300ms iter=1168 WAIST cost=23.0000 best_alt=14.0000 gap=9.0000 tried=5 sep_labels=14 clique_frac=0.01
t=70327ms iter=1168 REBUILD reject new_tc=23.4716 (was 23.3006)
t=70355ms iter=1168 incumb=23.3006 ratchet=23.3988 best=23.3006 since_improve=152
t=70358ms iter=1169 WAIST cost=23.0000 best_alt=14.0000 gap=9.0000 tried=5 sep_labels=14 clique_frac=0.01
t=70384ms iter=1169 REBUILD reject new_tc=23.6932 (was 23.3006)
t=70413ms iter=1169 incumb=23.3006 ratchet=23.3151 best=23.3006 since_improve=153
t=70415ms iter=1170 WAIST cost=23.0000 best_alt=14.0000 gap=9.0000 tried=5 sep_labels=14 clique_frac=0.01
t=70442ms iter=1170 REBUILD reject new_tc=23.5125 (was 23.3006)
t=70471ms iter=1170 incumb=23.3006 ratchet=23.4627 best=23.3006 since_improve=154
t=70473ms iter=1171 WAIST cost=23.0000 best_alt=12.0000 gap=11.0000 tried=5 sep_labels=12 clique_frac=0.00
t=70500ms iter=1171 REBUILD reject new_tc=23.3600 (was 23.3006)
t=70530ms iter=1171 incumb=23.3006 ratchet=23.5692 best=23.3006 since_improve=155
t=70532ms iter=1172 WAIST cost=23.0000 best_alt=14.0000 gap=9.0000 tried=5 sep_labels=14 clique_frac=0.01
t=70559ms iter=1172 REBUILD reject new_tc=23.4639 (was 23.3006)
t=70589ms iter=1172 incumb=23.3006 ratchet=23.3683 best=23.3006 since_improve=156
t=70592ms iter=1173 WAIST cost=23.0000 best_alt=14.0000 gap=9.0000 tried=5 sep_labels=14 clique_frac=0.01
t=70619ms iter=1173 REBUILD reject new_tc=23.4145 (was 23.3006)
t=70649ms iter=1173 incumb=23.3006 ratchet=23.4796 best=23.3006 since_improve=157
t=70652ms iter=1174 WAIST cost=23.0000 best_alt=12.0000 gap=11.0000 tried=5 sep_labels=12 clique_frac=0.00
t=70679ms iter=1174 REBUILD reject new_tc=23.4857 (was 23.3006)
t=70707ms iter=1174 incumb=23.3006 ratchet=23.4403 best=23.3006 since_improve=158
t=70710ms iter=1175 WAIST cost=23.0000 best_alt=14.0000 gap=9.0000 tried=5 sep_labels=14 clique_frac=0.01
t=70736ms iter=1175 REBUILD reject new_tc=23.6973 (was 23.3006)
t=70764ms iter=1175 incumb=23.3006 ratchet=23.3141 best=23.3006 since_improve=159
t=70767ms iter=1176 WAIST cost=23.0000 best_alt=14.0000 gap=9.0000 tried=5 sep_labels=14 clique_frac=0.01
t=70794ms iter=1176 REBUILD reject new_tc=23.4898 (was 23.3006)
t=70823ms iter=1176 incumb=23.3006 ratchet=23.3571 best=23.3006 since_improve=160
t=70825ms iter=1177 WAIST cost=23.0000 best_alt=13.0000 gap=10.0000 tried=5 sep_labels=13 clique_frac=0.03
t=70852ms iter=1177 REBUILD reject new_tc=23.3130 (was 23.3006)
t=70881ms iter=1177 incumb=23.3006 ratchet=23.4666 best=23.3006 since_improve=161
t=70884ms iter=1178 WAIST cost=23.0000 best_alt=14.0000 gap=9.0000 tried=5 sep_labels=14 clique_frac=0.01
t=70911ms iter=1178 REBUILD reject new_tc=23.7780 (was 23.3006)
t=70940ms iter=1178 incumb=23.3006 ratchet=23.3294 best=23.3006 since_improve=162
t=70942ms iter=1179 WAIST cost=23.0000 best_alt=14.0000 gap=9.0000 tried=5 sep_labels=14 clique_frac=0.01
t=70969ms iter=1179 REBUILD reject new_tc=23.4056 (was 23.3006)
t=70997ms iter=1179 incumb=23.3006 ratchet=23.4588 best=23.3006 since_improve=163
t=70999ms iter=1180 WAIST cost=23.0000 best_alt=14.0000 gap=9.0000 tried=5 sep_labels=14 clique_frac=0.01
t=71026ms iter=1180 REBUILD reject new_tc=23.4384 (was 23.3006)
t=71055ms iter=1180 incumb=23.3006 ratchet=23.4528 best=23.3006 since_improve=164
t=71057ms iter=1181 WAIST cost=23.0000 best_alt=14.0000 gap=9.0000 tried=5 sep_labels=14 clique_frac=0.01
t=71084ms iter=1181 REBUILD reject new_tc=23.4891 (was 23.3006)
t=71112ms iter=1181 incumb=23.3006 ratchet=23.3425 best=23.3006 since_improve=165
t=71115ms iter=1182 WAIST cost=23.0000 best_alt=12.0000 gap=11.0000 tried=5 sep_labels=12 clique_frac=0.00
t=71141ms iter=1182 REBUILD reject new_tc=23.4346 (was 23.3006)
t=71171ms iter=1182 incumb=23.3006 ratchet=23.6584 best=23.3006 since_improve=166
t=71173ms iter=1183 WAIST cost=23.0000 best_alt=14.0000 gap=9.0000 tried=5 sep_labels=14 clique_frac=0.01
t=71199ms iter=1183 REBUILD reject new_tc=23.3531 (was 23.3006)
t=71228ms iter=1183 incumb=23.3006 ratchet=23.3365 best=23.3006 since_improve=167
t=71231ms iter=1184 WAIST cost=23.0000 best_alt=14.0000 gap=9.0000 tried=5 sep_labels=14 clique_frac=0.01
t=71257ms iter=1184 REBUILD reject new_tc=23.6878 (was 23.3006)
t=71285ms iter=1184 incumb=23.3006 ratchet=23.4020 best=23.3006 since_improve=168
t=71288ms iter=1185 WAIST cost=23.0000 best_alt=14.0000 gap=9.0000 tried=5 sep_labels=14 clique_frac=0.01
t=71314ms iter=1185 REBUILD reject new_tc=23.5308 (was 23.3006)
t=71342ms iter=1185 incumb=23.3006 ratchet=23.3309 best=23.3006 since_improve=169
t=71344ms iter=1186 WAIST cost=23.0000 best_alt=14.0000 gap=9.0000 tried=5 sep_labels=14 clique_frac=0.01
t=71372ms iter=1186 REBUILD reject new_tc=23.3708 (was 23.3006)
t=71400ms iter=1186 incumb=23.3006 ratchet=23.4878 best=23.3006 since_improve=170
t=71402ms iter=1187 WAIST cost=23.0000 best_alt=12.0000 gap=11.0000 tried=5 sep_labels=12 clique_frac=0.00
t=71429ms iter=1187 REBUILD reject new_tc=23.7022 (was 23.3006)
t=71457ms iter=1187 incumb=23.3006 ratchet=23.3592 best=23.3006 since_improve=171
t=71459ms iter=1188 WAIST cost=23.0000 best_alt=14.0000 gap=9.0000 tried=5 sep_labels=14 clique_frac=0.01
t=71487ms iter=1188 REBUILD reject new_tc=23.4918 (was 23.3006)
t=71516ms iter=1188 incumb=23.3006 ratchet=23.4372 best=23.3006 since_improve=172
t=71518ms iter=1189 WAIST cost=23.0000 best_alt=14.0000 gap=9.0000 tried=5 sep_labels=14 clique_frac=0.01
t=71545ms iter=1189 REBUILD reject new_tc=23.5200 (was 23.3006)
t=71574ms iter=1189 incumb=23.3006 ratchet=23.4460 best=23.3006 since_improve=173
t=71576ms iter=1190 WAIST cost=23.0000 best_alt=14.0000 gap=9.0000 tried=5 sep_labels=14 clique_frac=0.01
t=71603ms iter=1190 REBUILD reject new_tc=23.4075 (was 23.3006)
t=71632ms iter=1190 incumb=23.3006 ratchet=23.3992 best=23.3006 since_improve=174
t=71636ms iter=1191 WAIST cost=23.0000 best_alt=14.0000 gap=9.0000 tried=5 sep_labels=14 clique_frac=0.01
t=71663ms iter=1191 REBUILD reject new_tc=23.3830 (was 23.3006)
t=71690ms iter=1191 incumb=23.3006 ratchet=23.5879 best=23.3006 since_improve=175
t=71693ms iter=1192 WAIST cost=23.0000 best_alt=14.0000 gap=9.0000 tried=5 sep_labels=14 clique_frac=0.01
t=71720ms iter=1192 REBUILD reject new_tc=23.4134 (was 23.3006)
t=71749ms iter=1192 incumb=23.3006 ratchet=23.3242 best=23.3006 since_improve=176
t=71751ms iter=1193 WAIST cost=23.0000 best_alt=14.0000 gap=9.0000 tried=5 sep_labels=14 clique_frac=0.01
t=71778ms iter=1193 REBUILD reject new_tc=24.2427 (was 23.3006)
t=71806ms iter=1193 incumb=23.3006 ratchet=23.4045 best=23.3006 since_improve=177
t=71809ms iter=1194 WAIST cost=23.0000 best_alt=14.0000 gap=9.0000 tried=5 sep_labels=14 clique_frac=0.01
t=71835ms iter=1194 REBUILD reject new_tc=23.4801 (was 23.3006)
t=71863ms iter=1194 incumb=23.3006 ratchet=23.3631 best=23.3006 since_improve=178
t=71866ms iter=1195 WAIST cost=23.0000 best_alt=12.0000 gap=11.0000 tried=5 sep_labels=12 clique_frac=0.00
t=71893ms iter=1195 REBUILD reject new_tc=23.5662 (was 23.3006)
t=71922ms iter=1195 incumb=23.3006 ratchet=23.5402 best=23.3006 since_improve=179
t=71924ms iter=1196 WAIST cost=23.0000 best_alt=14.0000 gap=9.0000 tried=5 sep_labels=14 clique_frac=0.01
t=71950ms iter=1196 REBUILD reject new_tc=24.2494 (was 23.3006)
t=71979ms iter=1196 incumb=23.3006 ratchet=23.3289 best=23.3006 since_improve=180
t=71982ms iter=1197 WAIST cost=23.0000 best_alt=12.0000 gap=11.0000 tried=5 sep_labels=12 clique_frac=0.00
t=72008ms iter=1197 REBUILD reject new_tc=23.4011 (was 23.3006)
t=72037ms iter=1197 incumb=23.3006 ratchet=23.4198 best=23.3006 since_improve=181
t=72040ms iter=1198 WAIST cost=23.0000 best_alt=14.0000 gap=9.0000 tried=5 sep_labels=14 clique_frac=0.01
t=72067ms iter=1198 REBUILD reject new_tc=23.4069 (was 23.3006)
t=72094ms iter=1198 incumb=23.3006 ratchet=23.8872 best=23.3006 since_improve=182
t=72097ms iter=1199 WAIST cost=23.0000 best_alt=14.0000 gap=9.0000 tried=5 sep_labels=14 clique_frac=0.01
t=72123ms iter=1199 REBUILD reject new_tc=23.3972 (was 23.3006)
t=72152ms iter=1199 incumb=23.3006 ratchet=23.3566 best=23.3006 since_improve=183
t=72155ms iter=1200 WAIST cost=23.0000 best_alt=14.0000 gap=9.0000 tried=5 sep_labels=14 clique_frac=0.01
t=72182ms iter=1200 REBUILD reject new_tc=23.3883 (was 23.3006)
t=72210ms iter=1200 incumb=23.3006 ratchet=23.3420 best=23.3006 since_improve=184
t=72213ms iter=1201 WAIST cost=23.0000 best_alt=12.0000 gap=11.0000 tried=5 sep_labels=12 clique_frac=0.00
t=72239ms iter=1201 REBUILD reject new_tc=23.3231 (was 23.3006)
t=72268ms iter=1201 incumb=23.3006 ratchet=23.4389 best=23.3006 since_improve=185
t=72270ms iter=1202 WAIST cost=23.0000 best_alt=12.0000 gap=11.0000 tried=5 sep_labels=12 clique_frac=0.00
t=72297ms iter=1202 REBUILD reject new_tc=23.4802 (was 23.3006)
t=72326ms iter=1202 incumb=23.3006 ratchet=23.5772 best=23.3006 since_improve=186
t=72328ms iter=1203 WAIST cost=23.0000 best_alt=14.0000 gap=9.0000 tried=5 sep_labels=14 clique_frac=0.01
t=72356ms iter=1203 REBUILD reject new_tc=23.5135 (was 23.3006)
t=72384ms iter=1203 incumb=23.3006 ratchet=23.5290 best=23.3006 since_improve=187
t=72386ms iter=1204 WAIST cost=23.0000 best_alt=14.0000 gap=9.0000 tried=5 sep_labels=14 clique_frac=0.01
t=72413ms iter=1204 REBUILD reject new_tc=23.3740 (was 23.3006)
t=72442ms iter=1204 incumb=23.3006 ratchet=23.3320 best=23.3006 since_improve=188
t=72444ms iter=1205 WAIST cost=23.0000 best_alt=13.0000 gap=10.0000 tried=5 sep_labels=13 clique_frac=0.01
t=72470ms iter=1205 REBUILD reject new_tc=24.7295 (was 23.3006)
t=72499ms iter=1205 incumb=23.3006 ratchet=23.3592 best=23.3006 since_improve=189
t=72502ms iter=1206 WAIST cost=23.0000 best_alt=14.0000 gap=9.0000 tried=5 sep_labels=14 clique_frac=0.01
t=72529ms iter=1206 REBUILD reject new_tc=23.4042 (was 23.3006)
t=72557ms iter=1206 incumb=23.3006 ratchet=23.4769 best=23.3006 since_improve=190
t=72560ms iter=1207 WAIST cost=23.0000 best_alt=12.0000 gap=11.0000 tried=5 sep_labels=12 clique_frac=0.00
t=72587ms iter=1207 REBUILD reject new_tc=23.4174 (was 23.3006)
t=72616ms iter=1207 incumb=23.3006 ratchet=23.3950 best=23.3006 since_improve=191
t=72618ms iter=1208 WAIST cost=23.0000 best_alt=12.0000 gap=11.0000 tried=5 sep_labels=12 clique_frac=0.00
t=72645ms iter=1208 REBUILD reject new_tc=23.4792 (was 23.3006)
t=72686ms iter=1208 incumb=23.3006 ratchet=23.4738 best=23.3006 since_improve=192
t=72688ms iter=1209 WAIST cost=23.0000 best_alt=14.0000 gap=9.0000 tried=5 sep_labels=14 clique_frac=0.01
t=72715ms iter=1209 REBUILD reject new_tc=23.4741 (was 23.3006)
t=72744ms iter=1209 incumb=23.3006 ratchet=23.4326 best=23.3006 since_improve=193
t=72747ms iter=1210 WAIST cost=23.0000 best_alt=14.0000 gap=9.0000 tried=5 sep_labels=14 clique_frac=0.01
t=72774ms iter=1210 REBUILD reject new_tc=23.4055 (was 23.3006)
t=72801ms iter=1210 incumb=23.3006 ratchet=23.3090 best=23.3006 since_improve=194
t=72804ms iter=1211 WAIST cost=23.0000 best_alt=12.0000 gap=11.0000 tried=5 sep_labels=12 clique_frac=0.00
t=72830ms iter=1211 REBUILD reject new_tc=23.4580 (was 23.3006)
t=72858ms iter=1211 incumb=23.3006 ratchet=23.3321 best=23.3006 since_improve=195
t=72861ms iter=1212 WAIST cost=23.0000 best_alt=14.0000 gap=9.0000 tried=5 sep_labels=14 clique_frac=0.01
t=72887ms iter=1212 REBUILD reject new_tc=23.4122 (was 23.3006)
t=72916ms iter=1212 incumb=23.3006 ratchet=23.3327 best=23.3006 since_improve=196
t=72918ms iter=1213 WAIST cost=23.0000 best_alt=14.0000 gap=9.0000 tried=5 sep_labels=14 clique_frac=0.01
t=72945ms iter=1213 REBUILD reject new_tc=23.5362 (was 23.3006)
t=72974ms iter=1213 incumb=23.3006 ratchet=23.3318 best=23.3006 since_improve=197
t=72977ms iter=1214 WAIST cost=23.0000 best_alt=14.0000 gap=9.0000 tried=5 sep_labels=14 clique_frac=0.01
t=73004ms iter=1214 REBUILD reject new_tc=25.9238 (was 23.3006)
t=73031ms iter=1214 incumb=23.3006 ratchet=23.4628 best=23.3006 since_improve=198
t=73034ms iter=1215 WAIST cost=23.0000 best_alt=14.0000 gap=9.0000 tried=5 sep_labels=14 clique_frac=0.01
t=73060ms iter=1215 REBUILD reject new_tc=23.6777 (was 23.3006)
t=73088ms iter=1215 incumb=23.3006 ratchet=23.3334 best=23.3006 since_improve=199
t=73090ms iter=1216 WAIST cost=23.0000 best_alt=14.0000 gap=9.0000 tried=5 sep_labels=14 clique_frac=0.01
t=73117ms iter=1216 REBUILD reject new_tc=23.4491 (was 23.3006)
t=73146ms iter=1216 incumb=23.3006 ratchet=23.5587 best=23.3006 since_improve=200
t=73148ms iter=1217 WAIST cost=23.0000 best_alt=14.0000 gap=9.0000 tried=5 sep_labels=14 clique_frac=0.01
t=73174ms iter=1217 REBUILD reject new_tc=23.4714 (was 23.3006)
t=73202ms iter=1217 incumb=23.3006 ratchet=23.5124 best=23.3006 since_improve=201
t=73205ms iter=1218 WAIST cost=23.0000 best_alt=14.0000 gap=9.0000 tried=5 sep_labels=14 clique_frac=0.01
t=73231ms iter=1218 REBUILD reject new_tc=23.4048 (was 23.3006)
t=73261ms iter=1218 incumb=23.3006 ratchet=23.6733 best=23.3006 since_improve=202
t=73264ms iter=1219 WAIST cost=23.0000 best_alt=14.0000 gap=9.0000 tried=5 sep_labels=14 clique_frac=0.01
t=73291ms iter=1219 REBUILD reject new_tc=23.3926 (was 23.3006)
t=73319ms iter=1219 incumb=23.3006 ratchet=23.3141 best=23.3006 since_improve=203
t=73322ms iter=1220 WAIST cost=23.0000 best_alt=12.0000 gap=11.0000 tried=5 sep_labels=12 clique_frac=0.00
t=73349ms iter=1220 REBUILD reject new_tc=23.3330 (was 23.3006)
t=73378ms iter=1220 incumb=23.3006 ratchet=23.3408 best=23.3006 since_improve=204
t=73380ms iter=1221 WAIST cost=23.0000 best_alt=14.0000 gap=9.0000 tried=5 sep_labels=14 clique_frac=0.01
t=73407ms iter=1221 REBUILD reject new_tc=23.5599 (was 23.3006)
t=73436ms iter=1221 incumb=23.3006 ratchet=23.3380 best=23.3006 since_improve=205
t=73439ms iter=1222 WAIST cost=23.0000 best_alt=13.0000 gap=10.0000 tried=5 sep_labels=13 clique_frac=0.03
t=73465ms iter=1222 REBUILD reject new_tc=23.5676 (was 23.3006)
t=73493ms iter=1222 incumb=23.3006 ratchet=23.3652 best=23.3006 since_improve=206
t=73496ms iter=1223 WAIST cost=23.0000 best_alt=14.0000 gap=9.0000 tried=5 sep_labels=14 clique_frac=0.01
t=73523ms iter=1223 REBUILD reject new_tc=23.3531 (was 23.3006)
t=73551ms iter=1223 incumb=23.3006 ratchet=23.4410 best=23.3006 since_improve=207
t=73554ms iter=1224 WAIST cost=23.0000 best_alt=14.0000 gap=9.0000 tried=5 sep_labels=14 clique_frac=0.01
t=73581ms iter=1224 REBUILD reject new_tc=23.6849 (was 23.3006)
t=73608ms iter=1224 incumb=23.3006 ratchet=23.3326 best=23.3006 since_improve=208
t=73610ms iter=1225 WAIST cost=23.0000 best_alt=14.0000 gap=9.0000 tried=5 sep_labels=14 clique_frac=0.01
t=73637ms iter=1225 REBUILD reject new_tc=23.4858 (was 23.3006)
t=73665ms iter=1225 incumb=23.3006 ratchet=23.4089 best=23.3006 since_improve=209
t=73667ms iter=1226 WAIST cost=23.0000 best_alt=12.0000 gap=11.0000 tried=5 sep_labels=12 clique_frac=0.00
t=73694ms iter=1226 REBUILD reject new_tc=23.4353 (was 23.3006)
t=73722ms iter=1226 incumb=23.3006 ratchet=23.4372 best=23.3006 since_improve=210
t=73724ms iter=1227 WAIST cost=23.0000 best_alt=14.0000 gap=9.0000 tried=5 sep_labels=14 clique_frac=0.01
t=73750ms iter=1227 REBUILD reject new_tc=23.5198 (was 23.3006)
t=73779ms iter=1227 incumb=23.3006 ratchet=23.3676 best=23.3006 since_improve=211
t=73781ms iter=1228 WAIST cost=23.0000 best_alt=14.0000 gap=9.0000 tried=5 sep_labels=14 clique_frac=0.01
t=73807ms iter=1228 REBUILD reject new_tc=23.6773 (was 23.3006)
t=73836ms iter=1228 incumb=23.3006 ratchet=23.3121 best=23.3006 since_improve=212
t=73838ms iter=1229 WAIST cost=23.0000 best_alt=14.0000 gap=9.0000 tried=5 sep_labels=14 clique_frac=0.01
t=73864ms iter=1229 REBUILD reject new_tc=23.6974 (was 23.3006)
t=73893ms iter=1229 incumb=23.3006 ratchet=23.4615 best=23.3006 since_improve=213
t=73896ms iter=1230 WAIST cost=23.0000 best_alt=13.0000 gap=10.0000 tried=5 sep_labels=13 clique_frac=0.01
t=73923ms iter=1230 REBUILD reject new_tc=26.5253 (was 23.3006)
t=73952ms iter=1230 incumb=23.3006 ratchet=23.3332 best=23.3006 since_improve=214
t=73954ms iter=1231 WAIST cost=23.0000 best_alt=12.0000 gap=11.0000 tried=5 sep_labels=12 clique_frac=0.00
t=73981ms iter=1231 REBUILD reject new_tc=23.5474 (was 23.3006)
t=74009ms iter=1231 incumb=23.3006 ratchet=23.5291 best=23.3006 since_improve=215
t=74012ms iter=1232 WAIST cost=23.0000 best_alt=14.0000 gap=9.0000 tried=5 sep_labels=14 clique_frac=0.01
t=74038ms iter=1232 REBUILD reject new_tc=23.6884 (was 23.3006)
t=74065ms iter=1232 incumb=23.3006 ratchet=23.3442 best=23.3006 since_improve=216
t=74067ms iter=1233 WAIST cost=23.0000 best_alt=14.0000 gap=9.0000 tried=5 sep_labels=14 clique_frac=0.01
t=74094ms iter=1233 REBUILD reject new_tc=23.5821 (was 23.3006)
t=74124ms iter=1233 incumb=23.3006 ratchet=23.3647 best=23.3006 since_improve=217
t=74126ms iter=1234 WAIST cost=23.0000 best_alt=12.0000 gap=11.0000 tried=5 sep_labels=12 clique_frac=0.00
t=74152ms iter=1234 REBUILD reject new_tc=23.4357 (was 23.3006)
t=74180ms iter=1234 incumb=23.3006 ratchet=23.4977 best=23.3006 since_improve=218
t=74182ms iter=1235 WAIST cost=23.0000 best_alt=14.0000 gap=9.0000 tried=5 sep_labels=14 clique_frac=0.01
t=74209ms iter=1235 REBUILD reject new_tc=23.5193 (was 23.3006)
t=74238ms iter=1235 incumb=23.3006 ratchet=23.4034 best=23.3006 since_improve=219
t=74241ms iter=1236 WAIST cost=23.0000 best_alt=13.0000 gap=10.0000 tried=5 sep_labels=13 clique_frac=0.03
t=74267ms iter=1236 REBUILD reject new_tc=23.5409 (was 23.3006)
t=74296ms iter=1236 incumb=23.3006 ratchet=23.4724 best=23.3006 since_improve=220
t=74298ms iter=1237 WAIST cost=23.0000 best_alt=14.0000 gap=9.0000 tried=5 sep_labels=14 clique_frac=0.01
t=74325ms iter=1237 REBUILD reject new_tc=23.6879 (was 23.3006)
t=74353ms iter=1237 incumb=23.3006 ratchet=23.3445 best=23.3006 since_improve=221
t=74355ms iter=1238 WAIST cost=23.0000 best_alt=14.0000 gap=9.0000 tried=5 sep_labels=14 clique_frac=0.01
t=74382ms iter=1238 REBUILD reject new_tc=23.6918 (was 23.3006)
t=74411ms iter=1238 incumb=23.3006 ratchet=23.3628 best=23.3006 since_improve=222
t=74413ms iter=1239 WAIST cost=23.0000 best_alt=14.0000 gap=9.0000 tried=5 sep_labels=14 clique_frac=0.01
t=74440ms iter=1239 REBUILD reject new_tc=23.4140 (was 23.3006)
t=74469ms iter=1239 incumb=23.3006 ratchet=23.3323 best=23.3006 since_improve=223
t=74472ms iter=1240 WAIST cost=23.0000 best_alt=14.0000 gap=9.0000 tried=5 sep_labels=14 clique_frac=0.01
t=74498ms iter=1240 REBUILD reject new_tc=24.8418 (was 23.3006)
t=74526ms iter=1240 incumb=23.3006 ratchet=23.3201 best=23.3006 since_improve=224
t=74529ms iter=1241 WAIST cost=23.0000 best_alt=14.0000 gap=9.0000 tried=5 sep_labels=14 clique_frac=0.01
t=74555ms iter=1241 REBUILD reject new_tc=23.8120 (was 23.3006)
t=74584ms iter=1241 incumb=23.3006 ratchet=23.4247 best=23.3006 since_improve=225
t=74587ms iter=1242 WAIST cost=23.0000 best_alt=12.0000 gap=11.0000 tried=5 sep_labels=12 clique_frac=0.00
t=74613ms iter=1242 REBUILD reject new_tc=23.4063 (was 23.3006)
t=74642ms iter=1242 incumb=23.3006 ratchet=23.3274 best=23.3006 since_improve=226
t=74644ms iter=1243 WAIST cost=23.0000 best_alt=14.0000 gap=9.0000 tried=5 sep_labels=14 clique_frac=0.01
t=74671ms iter=1243 REBUILD reject new_tc=23.3889 (was 23.3006)
t=74699ms iter=1243 incumb=23.3006 ratchet=23.3679 best=23.3006 since_improve=227
t=74703ms iter=1244 WAIST cost=23.0000 best_alt=12.0000 gap=11.0000 tried=5 sep_labels=12 clique_frac=0.00
t=74729ms iter=1244 REBUILD reject new_tc=23.3376 (was 23.3006)
t=74758ms iter=1244 incumb=23.3006 ratchet=23.3326 best=23.3006 since_improve=228
t=74760ms iter=1245 WAIST cost=23.0000 best_alt=14.0000 gap=9.0000 tried=5 sep_labels=14 clique_frac=0.01
t=74787ms iter=1245 REBUILD reject new_tc=23.7697 (was 23.3006)
t=74816ms iter=1245 incumb=23.3006 ratchet=23.3325 best=23.3006 since_improve=229
t=74818ms iter=1246 WAIST cost=23.0000 best_alt=14.0000 gap=9.0000 tried=5 sep_labels=14 clique_frac=0.01
t=74844ms iter=1246 REBUILD reject new_tc=23.7194 (was 23.3006)
t=74874ms iter=1246 incumb=23.3006 ratchet=23.4411 best=23.3006 since_improve=230
t=74876ms iter=1247 WAIST cost=23.0000 best_alt=14.0000 gap=9.0000 tried=5 sep_labels=14 clique_frac=0.01
t=74904ms iter=1247 REBUILD reject new_tc=23.4146 (was 23.3006)
t=74934ms iter=1247 incumb=23.3006 ratchet=23.4754 best=23.3006 since_improve=231
t=74936ms iter=1248 WAIST cost=23.0000 best_alt=14.0000 gap=9.0000 tried=5 sep_labels=14 clique_frac=0.01
t=74963ms iter=1248 REBUILD reject new_tc=23.6955 (was 23.3006)
t=74992ms iter=1248 incumb=23.3006 ratchet=23.3863 best=23.3006 since_improve=232
t=74994ms iter=1249 WAIST cost=23.0000 best_alt=14.0000 gap=9.0000 tried=5 sep_labels=14 clique_frac=0.01
t=75020ms iter=1249 REBUILD reject new_tc=23.6840 (was 23.3006)
t=75048ms iter=1249 incumb=23.3006 ratchet=23.3265 best=23.3006 since_improve=233
t=75051ms iter=1250 WAIST cost=23.0000 best_alt=13.0000 gap=10.0000 tried=5 sep_labels=13 clique_frac=0.01
t=75078ms iter=1250 REBUILD reject new_tc=23.4070 (was 23.3006)
t=75106ms iter=1250 incumb=23.3006 ratchet=23.3239 best=23.3006 since_improve=234
t=75109ms iter=1251 WAIST cost=23.0000 best_alt=14.0000 gap=9.0000 tried=5 sep_labels=14 clique_frac=0.01
t=75135ms iter=1251 REBUILD reject new_tc=23.4809 (was 23.3006)
t=75165ms iter=1251 incumb=23.3006 ratchet=23.4493 best=23.3006 since_improve=235
t=75167ms iter=1252 WAIST cost=23.0000 best_alt=13.0000 gap=10.0000 tried=5 sep_labels=13 clique_frac=0.01
t=75195ms iter=1252 REBUILD reject new_tc=23.3626 (was 23.3006)
t=75223ms iter=1252 incumb=23.3006 ratchet=23.5602 best=23.3006 since_improve=236
t=75225ms iter=1253 WAIST cost=23.0000 best_alt=13.0000 gap=10.0000 tried=5 sep_labels=13 clique_frac=0.03
t=75253ms iter=1253 REBUILD reject new_tc=23.3344 (was 23.3006)
t=75282ms iter=1253 incumb=23.3006 ratchet=23.3556 best=23.3006 since_improve=237
t=75284ms iter=1254 WAIST cost=23.0000 best_alt=13.0000 gap=10.0000 tried=5 sep_labels=13 clique_frac=0.01
t=75311ms iter=1254 REBUILD reject new_tc=23.3497 (was 23.3006)
t=75341ms iter=1254 incumb=23.3006 ratchet=23.4648 best=23.3006 since_improve=238
t=75343ms iter=1255 WAIST cost=23.0000 best_alt=12.0000 gap=11.0000 tried=5 sep_labels=12 clique_frac=0.00
t=75370ms iter=1255 REBUILD reject new_tc=23.3236 (was 23.3006)
t=75397ms iter=1255 incumb=23.3006 ratchet=23.3277 best=23.3006 since_improve=239
t=75400ms iter=1256 WAIST cost=23.0000 best_alt=14.0000 gap=9.0000 tried=5 sep_labels=14 clique_frac=0.01
t=75426ms iter=1256 REBUILD reject new_tc=23.5500 (was 23.3006)
t=75455ms iter=1256 incumb=23.3006 ratchet=23.3268 best=23.3006 since_improve=240
t=75458ms iter=1257 WAIST cost=23.0000 best_alt=14.0000 gap=9.0000 tried=5 sep_labels=14 clique_frac=0.01
t=75484ms iter=1257 REBUILD reject new_tc=23.6826 (was 23.3006)
t=75513ms iter=1257 incumb=23.3006 ratchet=24.3898 best=23.3006 since_improve=241
t=75515ms iter=1258 WAIST cost=23.0000 best_alt=14.0000 gap=9.0000 tried=5 sep_labels=14 clique_frac=0.01
t=75541ms iter=1258 REBUILD reject new_tc=23.7751 (was 23.3006)
t=75570ms iter=1258 incumb=23.3006 ratchet=23.4544 best=23.3006 since_improve=242
t=75572ms iter=1259 WAIST cost=23.0000 best_alt=14.0000 gap=9.0000 tried=5 sep_labels=14 clique_frac=0.01
t=75598ms iter=1259 REBUILD reject new_tc=23.6770 (was 23.3006)
t=75627ms iter=1259 incumb=23.3006 ratchet=23.3400 best=23.3006 since_improve=243
t=75630ms iter=1260 WAIST cost=23.0000 best_alt=14.0000 gap=9.0000 tried=5 sep_labels=14 clique_frac=0.01
t=75657ms iter=1260 REBUILD reject new_tc=23.5296 (was 23.3006)
t=75687ms iter=1260 incumb=23.3006 ratchet=23.3510 best=23.3006 since_improve=244
t=75690ms iter=1261 WAIST cost=23.0000 best_alt=14.0000 gap=9.0000 tried=5 sep_labels=14 clique_frac=0.01
t=75716ms iter=1261 REBUILD reject new_tc=23.3716 (was 23.3006)
t=75745ms iter=1261 incumb=23.3006 ratchet=23.3078 best=23.3006 since_improve=245
t=75748ms iter=1262 WAIST cost=23.0000 best_alt=12.0000 gap=11.0000 tried=5 sep_labels=12 clique_frac=0.00
t=75775ms iter=1262 REBUILD reject new_tc=23.6831 (was 23.3006)
t=75804ms iter=1262 incumb=23.3006 ratchet=23.3335 best=23.3006 since_improve=246
t=75806ms iter=1263 WAIST cost=23.0000 best_alt=12.0000 gap=11.0000 tried=5 sep_labels=12 clique_frac=0.00
t=75832ms iter=1263 REBUILD reject new_tc=23.8730 (was 23.3006)
t=75861ms iter=1263 incumb=23.3006 ratchet=23.5771 best=23.3006 since_improve=247
t=75863ms iter=1264 WAIST cost=23.0000 best_alt=14.0000 gap=9.0000 tried=5 sep_labels=14 clique_frac=0.01
t=75890ms iter=1264 REBUILD reject new_tc=23.3877 (was 23.3006)
t=75918ms iter=1264 incumb=23.3006 ratchet=23.5339 best=23.3006 since_improve=248
t=75920ms iter=1265 WAIST cost=23.0000 best_alt=12.0000 gap=11.0000 tried=5 sep_labels=12 clique_frac=0.00
t=75947ms iter=1265 REBUILD reject new_tc=23.3598 (was 23.3006)
t=75976ms iter=1265 incumb=23.3006 ratchet=23.4803 best=23.3006 since_improve=249
t=75978ms iter=1266 WAIST cost=23.0000 best_alt=14.0000 gap=9.0000 tried=5 sep_labels=14 clique_frac=0.01
t=76005ms iter=1266 REBUILD reject new_tc=23.4044 (was 23.3006)
t=76034ms iter=1266 incumb=23.3006 ratchet=23.3271 best=23.3006 since_improve=250
t=76036ms iter=1267 WAIST cost=23.0000 best_alt=14.0000 gap=9.0000 tried=5 sep_labels=14 clique_frac=0.01
t=76063ms iter=1267 REBUILD reject new_tc=23.4894 (was 23.3006)
t=76092ms iter=1267 incumb=23.3006 ratchet=23.4319 best=23.3006 since_improve=251
t=76094ms iter=1268 WAIST cost=23.0000 best_alt=14.0000 gap=9.0000 tried=5 sep_labels=14 clique_frac=0.01
t=76120ms iter=1268 REBUILD reject new_tc=23.7710 (was 23.3006)
t=76149ms iter=1268 incumb=23.3006 ratchet=23.4106 best=23.3006 since_improve=252
t=76152ms iter=1269 WAIST cost=23.0000 best_alt=12.0000 gap=11.0000 tried=5 sep_labels=12 clique_frac=0.00
t=76179ms iter=1269 REBUILD reject new_tc=23.3551 (was 23.3006)
t=76208ms iter=1269 incumb=23.3006 ratchet=23.3393 best=23.3006 since_improve=253
t=76210ms iter=1270 WAIST cost=23.0000 best_alt=14.0000 gap=9.0000 tried=5 sep_labels=14 clique_frac=0.01
t=76237ms iter=1270 REBUILD reject new_tc=23.3472 (was 23.3006)
t=76265ms iter=1270 incumb=23.3006 ratchet=23.3287 best=23.3006 since_improve=254
t=76267ms iter=1271 WAIST cost=23.0000 best_alt=14.0000 gap=9.0000 tried=5 sep_labels=14 clique_frac=0.01
t=76294ms iter=1271 REBUILD reject new_tc=23.6240 (was 23.3006)
t=76324ms iter=1271 incumb=23.3006 ratchet=23.3315 best=23.3006 since_improve=255
t=76326ms iter=1272 WAIST cost=23.0000 best_alt=14.0000 gap=9.0000 tried=5 sep_labels=14 clique_frac=0.01
t=76353ms iter=1272 REBUILD reject new_tc=23.4226 (was 23.3006)
t=76382ms iter=1272 incumb=23.3006 ratchet=23.3971 best=23.3006 since_improve=256
t=76384ms iter=1273 WAIST cost=23.0000 best_alt=13.0000 gap=10.0000 tried=5 sep_labels=13 clique_frac=0.01
t=76411ms iter=1273 REBUILD reject new_tc=23.3355 (was 23.3006)
t=76440ms iter=1273 incumb=23.3006 ratchet=23.3954 best=23.3006 since_improve=257
t=76442ms iter=1274 WAIST cost=23.0000 best_alt=13.0000 gap=10.0000 tried=5 sep_labels=13 clique_frac=0.01
t=76470ms iter=1274 REBUILD reject new_tc=23.3648 (was 23.3006)
t=76500ms iter=1274 incumb=23.3006 ratchet=23.3277 best=23.3006 since_improve=258
t=76503ms iter=1275 WAIST cost=23.0000 best_alt=14.0000 gap=9.0000 tried=5 sep_labels=14 clique_frac=0.01
t=76529ms iter=1275 REBUILD reject new_tc=23.4249 (was 23.3006)
t=76559ms iter=1275 incumb=23.3006 ratchet=23.4388 best=23.3006 since_improve=259
t=76562ms iter=1276 WAIST cost=23.0000 best_alt=12.0000 gap=11.0000 tried=5 sep_labels=12 clique_frac=0.00
t=76588ms iter=1276 REBUILD reject new_tc=23.6761 (was 23.3006)
t=76617ms iter=1276 incumb=23.3006 ratchet=23.3374 best=23.3006 since_improve=260
t=76619ms iter=1277 WAIST cost=23.0000 best_alt=14.0000 gap=9.0000 tried=5 sep_labels=14 clique_frac=0.01
t=76645ms iter=1277 REBUILD reject new_tc=23.3533 (was 23.3006)
t=76673ms iter=1277 incumb=23.3006 ratchet=23.4756 best=23.3006 since_improve=261
t=76676ms iter=1278 WAIST cost=23.0000 best_alt=12.0000 gap=11.0000 tried=5 sep_labels=12 clique_frac=0.00
t=76702ms iter=1278 REBUILD reject new_tc=23.3739 (was 23.3006)
t=76731ms iter=1278 incumb=23.3006 ratchet=23.4466 best=23.3006 since_improve=262
t=76733ms iter=1279 WAIST cost=23.0000 best_alt=14.0000 gap=9.0000 tried=5 sep_labels=14 clique_frac=0.01
t=76760ms iter=1279 REBUILD reject new_tc=23.5126 (was 23.3006)
t=76789ms iter=1279 incumb=23.3006 ratchet=23.3280 best=23.3006 since_improve=263
t=76791ms iter=1280 WAIST cost=23.0000 best_alt=13.0000 gap=10.0000 tried=5 sep_labels=13 clique_frac=0.01
t=76818ms iter=1280 REBUILD reject new_tc=23.3179 (was 23.3006)
t=76846ms iter=1280 incumb=23.3006 ratchet=23.5294 best=23.3006 since_improve=264
t=76848ms iter=1281 WAIST cost=23.0000 best_alt=12.0000 gap=11.0000 tried=5 sep_labels=12 clique_frac=0.00
t=76876ms iter=1281 REBUILD reject new_tc=23.5151 (was 23.3006)
t=76904ms iter=1281 incumb=23.3006 ratchet=23.3325 best=23.3006 since_improve=265
t=76907ms iter=1282 WAIST cost=23.0000 best_alt=14.0000 gap=9.0000 tried=5 sep_labels=14 clique_frac=0.01
t=76933ms iter=1282 REBUILD reject new_tc=23.5058 (was 23.3006)
t=76962ms iter=1282 incumb=23.3006 ratchet=23.3282 best=23.3006 since_improve=266
t=76964ms iter=1283 WAIST cost=23.0000 best_alt=14.0000 gap=9.0000 tried=5 sep_labels=14 clique_frac=0.01
t=76991ms iter=1283 REBUILD reject new_tc=23.3903 (was 23.3006)
t=77020ms iter=1283 incumb=23.3006 ratchet=23.3324 best=23.3006 since_improve=267
t=77023ms iter=1284 WAIST cost=23.0000 best_alt=14.0000 gap=9.0000 tried=5 sep_labels=14 clique_frac=0.01
t=77049ms iter=1284 REBUILD reject new_tc=23.5037 (was 23.3006)
t=77077ms iter=1284 incumb=23.3006 ratchet=23.5021 best=23.3006 since_improve=268
t=77080ms iter=1285 WAIST cost=23.0000 best_alt=14.0000 gap=9.0000 tried=5 sep_labels=14 clique_frac=0.01
t=77107ms iter=1285 REBUILD reject new_tc=23.6950 (was 23.3006)
t=77135ms iter=1285 incumb=23.3006 ratchet=23.4846 best=23.3006 since_improve=269
t=77138ms iter=1286 WAIST cost=23.0000 best_alt=14.0000 gap=9.0000 tried=5 sep_labels=14 clique_frac=0.01
t=77165ms iter=1286 REBUILD reject new_tc=23.3722 (was 23.3006)
t=77194ms iter=1286 incumb=23.3006 ratchet=23.4472 best=23.3006 since_improve=270
t=77197ms iter=1287 WAIST cost=23.0000 best_alt=14.0000 gap=9.0000 tried=5 sep_labels=14 clique_frac=0.01
t=77224ms iter=1287 REBUILD reject new_tc=23.3991 (was 23.3006)
t=77254ms iter=1287 incumb=23.3006 ratchet=23.4314 best=23.3006 since_improve=271
t=77257ms iter=1288 WAIST cost=23.0000 best_alt=13.0000 gap=10.0000 tried=5 sep_labels=13 clique_frac=0.01
t=77283ms iter=1288 REBUILD reject new_tc=25.4408 (was 23.3006)
t=77312ms iter=1288 incumb=23.3006 ratchet=23.3274 best=23.3006 since_improve=272
t=77315ms iter=1289 WAIST cost=23.0000 best_alt=14.0000 gap=9.0000 tried=5 sep_labels=14 clique_frac=0.01
t=77342ms iter=1289 REBUILD reject new_tc=23.4174 (was 23.3006)
t=77370ms iter=1289 incumb=23.3006 ratchet=23.3226 best=23.3006 since_improve=273
t=77372ms iter=1290 WAIST cost=23.0000 best_alt=14.0000 gap=9.0000 tried=5 sep_labels=14 clique_frac=0.01
t=77399ms iter=1290 REBUILD reject new_tc=23.3931 (was 23.3006)
t=77427ms iter=1290 incumb=23.3006 ratchet=23.4663 best=23.3006 since_improve=274
t=77429ms iter=1291 WAIST cost=23.0000 best_alt=14.0000 gap=9.0000 tried=5 sep_labels=14 clique_frac=0.01
t=77456ms iter=1291 REBUILD reject new_tc=23.6865 (was 23.3006)
t=77485ms iter=1291 incumb=23.3006 ratchet=23.3550 best=23.3006 since_improve=275
t=77487ms iter=1292 WAIST cost=23.0000 best_alt=13.0000 gap=10.0000 tried=5 sep_labels=13 clique_frac=0.03
t=77514ms iter=1292 REBUILD reject new_tc=23.3113 (was 23.3006)
t=77542ms iter=1292 incumb=23.3006 ratchet=23.4381 best=23.3006 since_improve=276
t=77545ms iter=1293 WAIST cost=23.0000 best_alt=12.0000 gap=11.0000 tried=5 sep_labels=12 clique_frac=0.00
t=77571ms iter=1293 REBUILD reject new_tc=24.7164 (was 23.3006)
t=77600ms iter=1293 incumb=23.3006 ratchet=23.3053 best=23.3006 since_improve=277
t=77602ms iter=1294 WAIST cost=23.0000 best_alt=14.0000 gap=9.0000 tried=5 sep_labels=14 clique_frac=0.01
t=77629ms iter=1294 REBUILD reject new_tc=23.4039 (was 23.3006)
t=77658ms iter=1294 incumb=23.3006 ratchet=23.4883 best=23.3006 since_improve=278
t=77660ms iter=1295 WAIST cost=23.0000 best_alt=14.0000 gap=9.0000 tried=5 sep_labels=14 clique_frac=0.01
t=77688ms iter=1295 REBUILD reject new_tc=23.3874 (was 23.3006)
t=77718ms iter=1295 incumb=23.3006 ratchet=23.5306 best=23.3006 since_improve=279
t=77720ms iter=1296 WAIST cost=23.0000 best_alt=14.0000 gap=9.0000 tried=5 sep_labels=14 clique_frac=0.01
t=77747ms iter=1296 REBUILD reject new_tc=23.6854 (was 23.3006)
t=77775ms iter=1296 incumb=23.3006 ratchet=23.4799 best=23.3006 since_improve=280
t=77777ms iter=1297 WAIST cost=23.0000 best_alt=13.0000 gap=10.0000 tried=5 sep_labels=13 clique_frac=0.01
t=77805ms iter=1297 REBUILD reject new_tc=23.3433 (was 23.3006)
t=77833ms iter=1297 incumb=23.3006 ratchet=23.3228 best=23.3006 since_improve=281
t=77836ms iter=1298 WAIST cost=23.0000 best_alt=14.0000 gap=9.0000 tried=5 sep_labels=14 clique_frac=0.01
t=77862ms iter=1298 REBUILD reject new_tc=23.4351 (was 23.3006)
t=77891ms iter=1298 incumb=23.3006 ratchet=23.4683 best=23.3006 since_improve=282
t=77893ms iter=1299 WAIST cost=23.0000 best_alt=14.0000 gap=9.0000 tried=5 sep_labels=14 clique_frac=0.01
t=77920ms iter=1299 REBUILD reject new_tc=23.4065 (was 23.3006)
t=77950ms iter=1299 incumb=23.3006 ratchet=23.3335 best=23.3006 since_improve=283
t=77952ms iter=1300 WAIST cost=23.0000 best_alt=14.0000 gap=9.0000 tried=5 sep_labels=14 clique_frac=0.01
t=77979ms iter=1300 REBUILD reject new_tc=23.3533 (was 23.3006)
t=78007ms iter=1300 incumb=23.3006 ratchet=23.8744 best=23.3006 since_improve=284
t=78009ms iter=1301 WAIST cost=23.0000 best_alt=14.0000 gap=9.0000 tried=5 sep_labels=14 clique_frac=0.01
t=78035ms iter=1301 REBUILD reject new_tc=23.6776 (was 23.3006)
t=78063ms iter=1301 incumb=23.3006 ratchet=23.3976 best=23.3006 since_improve=285
t=78065ms iter=1302 WAIST cost=23.0000 best_alt=14.0000 gap=9.0000 tried=5 sep_labels=14 clique_frac=0.01
t=78092ms iter=1302 REBUILD reject new_tc=23.4034 (was 23.3006)
t=78121ms iter=1302 incumb=23.3006 ratchet=23.3080 best=23.3006 since_improve=286
t=78123ms iter=1303 WAIST cost=23.0000 best_alt=14.0000 gap=9.0000 tried=5 sep_labels=14 clique_frac=0.01
t=78150ms iter=1303 REBUILD reject new_tc=23.3678 (was 23.3006)
t=78179ms iter=1303 incumb=23.3006 ratchet=23.3893 best=23.3006 since_improve=287
t=78182ms iter=1304 WAIST cost=23.0000 best_alt=14.0000 gap=9.0000 tried=5 sep_labels=14 clique_frac=0.01
t=78209ms iter=1304 REBUILD reject new_tc=23.4887 (was 23.3006)
t=78237ms iter=1304 incumb=23.3006 ratchet=23.3297 best=23.3006 since_improve=288
t=78239ms iter=1305 WAIST cost=23.0000 best_alt=14.0000 gap=9.0000 tried=5 sep_labels=14 clique_frac=0.01
t=78266ms iter=1305 REBUILD reject new_tc=23.5506 (was 23.3006)
t=78296ms iter=1305 incumb=23.3006 ratchet=23.4936 best=23.3006 since_improve=289
t=78298ms iter=1306 WAIST cost=23.0000 best_alt=14.0000 gap=9.0000 tried=5 sep_labels=14 clique_frac=0.01
t=78324ms iter=1306 REBUILD reject new_tc=23.6774 (was 23.3006)
t=78353ms iter=1306 incumb=23.3006 ratchet=23.3281 best=23.3006 since_improve=290
t=78356ms iter=1307 WAIST cost=23.0000 best_alt=14.0000 gap=9.0000 tried=5 sep_labels=14 clique_frac=0.01
t=78382ms iter=1307 REBUILD reject new_tc=23.6861 (was 23.3006)
t=78411ms iter=1307 incumb=23.3006 ratchet=23.3423 best=23.3006 since_improve=291
t=78413ms iter=1308 WAIST cost=23.0000 best_alt=14.0000 gap=9.0000 tried=5 sep_labels=14 clique_frac=0.01
t=78440ms iter=1308 REBUILD reject new_tc=23.3697 (was 23.3006)
t=78470ms iter=1308 incumb=23.3006 ratchet=23.5195 best=23.3006 since_improve=292
t=78472ms iter=1309 WAIST cost=23.0000 best_alt=14.0000 gap=9.0000 tried=5 sep_labels=14 clique_frac=0.01
t=78499ms iter=1309 REBUILD reject new_tc=24.0730 (was 23.3006)
t=78527ms iter=1309 incumb=23.3006 ratchet=23.3264 best=23.3006 since_improve=293
t=78530ms iter=1310 WAIST cost=23.0000 best_alt=12.0000 gap=11.0000 tried=5 sep_labels=12 clique_frac=0.00
t=78557ms iter=1310 REBUILD reject new_tc=23.4869 (was 23.3006)
t=78586ms iter=1310 incumb=23.3006 ratchet=23.5573 best=23.3006 since_improve=294
t=78588ms iter=1311 WAIST cost=23.0000 best_alt=13.0000 gap=10.0000 tried=5 sep_labels=13 clique_frac=0.01
t=78616ms iter=1311 REBUILD reject new_tc=23.4029 (was 23.3006)
t=78644ms iter=1311 incumb=23.3006 ratchet=23.3346 best=23.3006 since_improve=295
t=78646ms iter=1312 WAIST cost=23.0000 best_alt=13.0000 gap=10.0000 tried=5 sep_labels=13 clique_frac=0.01
t=78673ms iter=1312 REBUILD reject new_tc=23.3457 (was 23.3006)
t=78702ms iter=1312 incumb=23.3006 ratchet=23.3242 best=23.3006 since_improve=296
t=78705ms iter=1313 WAIST cost=23.0000 best_alt=14.0000 gap=9.0000 tried=5 sep_labels=14 clique_frac=0.01
t=78731ms iter=1313 REBUILD reject new_tc=23.4747 (was 23.3006)
t=78760ms iter=1313 incumb=23.3006 ratchet=23.3431 best=23.3006 since_improve=297
t=78763ms iter=1314 WAIST cost=23.0000 best_alt=14.0000 gap=9.0000 tried=5 sep_labels=14 clique_frac=0.01
t=78789ms iter=1314 REBUILD reject new_tc=23.6852 (was 23.3006)
t=78818ms iter=1314 incumb=23.3006 ratchet=23.5803 best=23.3006 since_improve=298
t=78820ms iter=1315 WAIST cost=23.0000 best_alt=14.0000 gap=9.0000 tried=5 sep_labels=14 clique_frac=0.01
t=78847ms iter=1315 REBUILD reject new_tc=23.5130 (was 23.3006)
t=78876ms iter=1315 incumb=23.3006 ratchet=23.9181 best=23.3006 since_improve=299
t=78878ms iter=1316 WAIST cost=23.0000 best_alt=14.0000 gap=9.0000 tried=5 sep_labels=14 clique_frac=0.01
t=78904ms iter=1316 REBUILD reject new_tc=24.2302 (was 23.3006)
t=78933ms iter=1316 incumb=23.3006 ratchet=23.3582 best=23.3006 since_improve=300
t=78935ms iter=1317 WAIST cost=23.0000 best_alt=14.0000 gap=9.0000 tried=5 sep_labels=14 clique_frac=0.01
t=78962ms iter=1317 REBUILD reject new_tc=23.7755 (was 23.3006)
t=78992ms iter=1317 incumb=23.3006 ratchet=23.3519 best=23.3006 since_improve=301
t=78994ms iter=1318 WAIST cost=23.0000 best_alt=14.0000 gap=9.0000 tried=5 sep_labels=14 clique_frac=0.01
t=79021ms iter=1318 REBUILD reject new_tc=23.6843 (was 23.3006)
t=79049ms iter=1318 incumb=23.3006 ratchet=23.3307 best=23.3006 since_improve=302
t=79052ms iter=1319 WAIST cost=23.0000 best_alt=14.0000 gap=9.0000 tried=5 sep_labels=14 clique_frac=0.01
t=79078ms iter=1319 REBUILD reject new_tc=23.6853 (was 23.3006)
t=79106ms iter=1319 incumb=23.3006 ratchet=23.6110 best=23.3006 since_improve=303
t=79109ms iter=1320 WAIST cost=23.0000 best_alt=12.0000 gap=11.0000 tried=5 sep_labels=12 clique_frac=0.00
t=79136ms iter=1320 REBUILD reject new_tc=23.3227 (was 23.3006)
t=79165ms iter=1320 incumb=23.3006 ratchet=23.3149 best=23.3006 since_improve=304
t=79167ms iter=1321 WAIST cost=23.0000 best_alt=13.0000 gap=10.0000 tried=5 sep_labels=13 clique_frac=0.01
t=79194ms iter=1321 REBUILD reject new_tc=23.3420 (was 23.3006)
t=79223ms iter=1321 incumb=23.3006 ratchet=23.4254 best=23.3006 since_improve=305
t=79225ms iter=1322 WAIST cost=23.0000 best_alt=12.0000 gap=11.0000 tried=5 sep_labels=12 clique_frac=0.00
t=79252ms iter=1322 REBUILD reject new_tc=23.5175 (was 23.3006)
t=79280ms iter=1322 incumb=23.3006 ratchet=23.3232 best=23.3006 since_improve=306
t=79283ms iter=1323 WAIST cost=23.0000 best_alt=14.0000 gap=9.0000 tried=5 sep_labels=14 clique_frac=0.01
t=79310ms iter=1323 REBUILD reject new_tc=23.6986 (was 23.3006)
t=79339ms iter=1323 incumb=23.3006 ratchet=23.4907 best=23.3006 since_improve=307
t=79340ms iter=1324 WAIST cost=23.0000 best_alt=14.0000 gap=9.0000 tried=5 sep_labels=14 clique_frac=0.01
t=79367ms iter=1324 REBUILD reject new_tc=23.6769 (was 23.3006)
t=79396ms iter=1324 incumb=23.3006 ratchet=23.4090 best=23.3006 since_improve=308
t=79398ms iter=1325 WAIST cost=23.0000 best_alt=14.0000 gap=9.0000 tried=5 sep_labels=14 clique_frac=0.01
t=79425ms iter=1325 REBUILD reject new_tc=23.5875 (was 23.3006)
t=79453ms iter=1325 incumb=23.3006 ratchet=23.5850 best=23.3006 since_improve=309
t=79455ms iter=1326 WAIST cost=23.0000 best_alt=12.0000 gap=11.0000 tried=5 sep_labels=12 clique_frac=0.00
t=79483ms iter=1326 REBUILD reject new_tc=23.4883 (was 23.3006)
t=79513ms iter=1326 incumb=23.3006 ratchet=23.5195 best=23.3006 since_improve=310
t=79515ms iter=1327 WAIST cost=23.0000 best_alt=14.0000 gap=9.0000 tried=5 sep_labels=14 clique_frac=0.01
t=79543ms iter=1327 REBUILD reject new_tc=23.4349 (was 23.3006)
t=79571ms iter=1327 incumb=23.3006 ratchet=23.3533 best=23.3006 since_improve=311
t=79573ms iter=1328 WAIST cost=23.0000 best_alt=14.0000 gap=9.0000 tried=5 sep_labels=14 clique_frac=0.01
t=79600ms iter=1328 REBUILD reject new_tc=23.6779 (was 23.3006)
t=79628ms iter=1328 incumb=23.3006 ratchet=23.5366 best=23.3006 since_improve=312
t=79630ms iter=1329 WAIST cost=23.0000 best_alt=14.0000 gap=9.0000 tried=5 sep_labels=14 clique_frac=0.01
t=79657ms iter=1329 REBUILD reject new_tc=23.6928 (was 23.3006)
t=79686ms iter=1329 incumb=23.3006 ratchet=23.3264 best=23.3006 since_improve=313
t=79688ms iter=1330 WAIST cost=23.0000 best_alt=14.0000 gap=9.0000 tried=5 sep_labels=14 clique_frac=0.01
t=79715ms iter=1330 REBUILD reject new_tc=23.5309 (was 23.3006)
t=79744ms iter=1330 incumb=23.3006 ratchet=23.3294 best=23.3006 since_improve=314
t=79747ms iter=1331 WAIST cost=23.0000 best_alt=12.0000 gap=11.0000 tried=5 sep_labels=12 clique_frac=0.00
t=79774ms iter=1331 REBUILD reject new_tc=23.3729 (was 23.3006)
t=79802ms iter=1331 incumb=23.3006 ratchet=23.3022 best=23.3006 since_improve=315
t=79804ms iter=1332 WAIST cost=23.0000 best_alt=14.0000 gap=9.0000 tried=5 sep_labels=14 clique_frac=0.01
t=79831ms iter=1332 REBUILD reject new_tc=23.3776 (was 23.3006)
t=79860ms iter=1332 incumb=23.3006 ratchet=23.5262 best=23.3006 since_improve=316
t=79863ms iter=1333 WAIST cost=23.0000 best_alt=14.0000 gap=9.0000 tried=5 sep_labels=14 clique_frac=0.01
t=79890ms iter=1333 REBUILD reject new_tc=23.3559 (was 23.3006)
t=79919ms iter=1333 incumb=23.3006 ratchet=23.3935 best=23.3006 since_improve=317
t=79921ms iter=1334 WAIST cost=23.0000 best_alt=14.0000 gap=9.0000 tried=5 sep_labels=14 clique_frac=0.01
t=79947ms iter=1334 REBUILD reject new_tc=23.6852 (was 23.3006)
t=79975ms iter=1334 incumb=23.3006 ratchet=23.5124 best=23.3006 since_improve=318
t=79977ms iter=1335 WAIST cost=23.0000 best_alt=13.0000 gap=10.0000 tried=5 sep_labels=13 clique_frac=0.03
t=80004ms iter=1335 REBUILD reject new_tc=23.5171 (was 23.3006)
t=80033ms iter=1335 incumb=23.3006 ratchet=23.3280 best=23.3006 since_improve=319
t=80035ms iter=1336 WAIST cost=23.0000 best_alt=14.0000 gap=9.0000 tried=5 sep_labels=14 clique_frac=0.01
t=80062ms iter=1336 REBUILD reject new_tc=23.3644 (was 23.3006)
t=80091ms iter=1336 incumb=23.3006 ratchet=23.3145 best=23.3006 since_improve=320
t=80093ms iter=1337 WAIST cost=23.0000 best_alt=14.0000 gap=9.0000 tried=5 sep_labels=14 clique_frac=0.01
t=80119ms iter=1337 REBUILD reject new_tc=24.5308 (was 23.3006)
t=80148ms iter=1337 incumb=23.3006 ratchet=23.3094 best=23.3006 since_improve=321
t=80150ms iter=1338 WAIST cost=23.0000 best_alt=14.0000 gap=9.0000 tried=5 sep_labels=14 clique_frac=0.01
t=80177ms iter=1338 REBUILD reject new_tc=23.3766 (was 23.3006)
t=80206ms iter=1338 incumb=23.3006 ratchet=23.3240 best=23.3006 since_improve=322
t=80209ms iter=1339 WAIST cost=23.0000 best_alt=14.0000 gap=9.0000 tried=5 sep_labels=14 clique_frac=0.01
t=80235ms iter=1339 REBUILD reject new_tc=23.7776 (was 23.3006)
t=80263ms iter=1339 incumb=23.3006 ratchet=23.3131 best=23.3006 since_improve=323
t=80265ms iter=1340 WAIST cost=23.0000 best_alt=14.0000 gap=9.0000 tried=5 sep_labels=14 clique_frac=0.01
t=80291ms iter=1340 REBUILD reject new_tc=25.1862 (was 23.3006)
t=80320ms iter=1340 incumb=23.3006 ratchet=23.4792 best=23.3006 since_improve=324
t=80322ms iter=1341 WAIST cost=23.0000 best_alt=14.0000 gap=9.0000 tried=5 sep_labels=14 clique_frac=0.01
t=80349ms iter=1341 REBUILD reject new_tc=23.6918 (was 23.3006)
t=80378ms iter=1341 incumb=23.3006 ratchet=23.3691 best=23.3006 since_improve=325
t=80380ms iter=1342 WAIST cost=23.0000 best_alt=12.0000 gap=11.0000 tried=5 sep_labels=12 clique_frac=0.00
t=80407ms iter=1342 REBUILD reject new_tc=23.3284 (was 23.3006)
t=80435ms iter=1342 incumb=23.3006 ratchet=23.3467 best=23.3006 since_improve=326
t=80438ms iter=1343 WAIST cost=23.0000 best_alt=13.0000 gap=10.0000 tried=5 sep_labels=13 clique_frac=0.03
t=80465ms iter=1343 REBUILD reject new_tc=23.3351 (was 23.3006)
t=80496ms iter=1343 incumb=23.3006 ratchet=23.4310 best=23.3006 since_improve=327
t=80498ms iter=1344 WAIST cost=23.0000 best_alt=14.0000 gap=9.0000 tried=5 sep_labels=14 clique_frac=0.01
t=80524ms iter=1344 REBUILD reject new_tc=23.6963 (was 23.3006)
t=80552ms iter=1344 incumb=23.3006 ratchet=23.3986 best=23.3006 since_improve=328
t=80555ms iter=1345 WAIST cost=23.0000 best_alt=13.0000 gap=10.0000 tried=5 sep_labels=13 clique_frac=0.01
t=80582ms iter=1345 REBUILD reject new_tc=23.3480 (was 23.3006)
t=80613ms iter=1345 incumb=23.3006 ratchet=23.4447 best=23.3006 since_improve=329
t=80615ms iter=1346 WAIST cost=23.0000 best_alt=14.0000 gap=9.0000 tried=5 sep_labels=14 clique_frac=0.01
t=80641ms iter=1346 REBUILD reject new_tc=23.6867 (was 23.3006)
t=80670ms iter=1346 incumb=23.3006 ratchet=23.3993 best=23.3006 since_improve=330
t=80672ms iter=1347 WAIST cost=23.0000 best_alt=14.0000 gap=9.0000 tried=5 sep_labels=14 clique_frac=0.01
t=80699ms iter=1347 REBUILD reject new_tc=23.4363 (was 23.3006)
t=80728ms iter=1347 incumb=23.3006 ratchet=23.3516 best=23.3006 since_improve=331
t=80730ms iter=1348 WAIST cost=23.0000 best_alt=14.0000 gap=9.0000 tried=5 sep_labels=14 clique_frac=0.01
t=80757ms iter=1348 REBUILD reject new_tc=23.4032 (was 23.3006)
t=80784ms iter=1348 incumb=23.3006 ratchet=23.5107 best=23.3006 since_improve=332
t=80787ms iter=1349 WAIST cost=23.0000 best_alt=12.0000 gap=11.0000 tried=5 sep_labels=12 clique_frac=0.00
t=80813ms iter=1349 REBUILD reject new_tc=24.7105 (was 23.3006)
t=80842ms iter=1349 incumb=23.3006 ratchet=23.3316 best=23.3006 since_improve=333
t=80845ms iter=1350 WAIST cost=23.0000 best_alt=12.0000 gap=11.0000 tried=5 sep_labels=12 clique_frac=0.00
t=80873ms iter=1350 REBUILD reject new_tc=23.4800 (was 23.3006)
t=80902ms iter=1350 incumb=23.3006 ratchet=23.3252 best=23.3006 since_improve=334
t=80904ms iter=1351 WAIST cost=23.0000 best_alt=14.0000 gap=9.0000 tried=5 sep_labels=14 clique_frac=0.01
t=80931ms iter=1351 REBUILD reject new_tc=23.4346 (was 23.3006)
t=80959ms iter=1351 incumb=23.3006 ratchet=23.4845 best=23.3006 since_improve=335
t=80962ms iter=1352 WAIST cost=23.0000 best_alt=14.0000 gap=9.0000 tried=5 sep_labels=14 clique_frac=0.01
t=80988ms iter=1352 REBUILD reject new_tc=23.4061 (was 23.3006)
t=81017ms iter=1352 incumb=23.3006 ratchet=23.3084 best=23.3006 since_improve=336
t=81019ms iter=1353 WAIST cost=23.0000 best_alt=14.0000 gap=9.0000 tried=5 sep_labels=14 clique_frac=0.01
t=81045ms iter=1353 REBUILD reject new_tc=23.3526 (was 23.3006)
t=81073ms iter=1353 incumb=23.3006 ratchet=23.3289 best=23.3006 since_improve=337
t=81076ms iter=1354 WAIST cost=23.0000 best_alt=14.0000 gap=9.0000 tried=5 sep_labels=14 clique_frac=0.01
t=81102ms iter=1354 REBUILD reject new_tc=23.8669 (was 23.3006)
t=81131ms iter=1354 incumb=23.3006 ratchet=23.4586 best=23.3006 since_improve=338
t=81134ms iter=1355 WAIST cost=23.0000 best_alt=14.0000 gap=9.0000 tried=5 sep_labels=14 clique_frac=0.01
t=81161ms iter=1355 REBUILD reject new_tc=23.3998 (was 23.3006)
t=81189ms iter=1355 incumb=23.3006 ratchet=23.4553 best=23.3006 since_improve=339
t=81192ms iter=1356 WAIST cost=23.0000 best_alt=14.0000 gap=9.0000 tried=5 sep_labels=14 clique_frac=0.01
t=81219ms iter=1356 REBUILD reject new_tc=23.4202 (was 23.3006)
t=81249ms iter=1356 incumb=23.3006 ratchet=23.4031 best=23.3006 since_improve=340
t=81251ms iter=1357 WAIST cost=23.0000 best_alt=14.0000 gap=9.0000 tried=5 sep_labels=14 clique_frac=0.01
t=81278ms iter=1357 REBUILD reject new_tc=23.5127 (was 23.3006)
t=81306ms iter=1357 incumb=23.3006 ratchet=23.4539 best=23.3006 since_improve=341
t=81309ms iter=1358 WAIST cost=23.0000 best_alt=14.0000 gap=9.0000 tried=5 sep_labels=14 clique_frac=0.01
t=81336ms iter=1358 REBUILD reject new_tc=23.3517 (was 23.3006)
t=81365ms iter=1358 incumb=23.3006 ratchet=23.3279 best=23.3006 since_improve=342
t=81367ms iter=1359 WAIST cost=23.0000 best_alt=13.0000 gap=10.0000 tried=5 sep_labels=13 clique_frac=0.01
t=81394ms iter=1359 REBUILD reject new_tc=24.8148 (was 23.3006)
t=81422ms iter=1359 incumb=23.3006 ratchet=23.3347 best=23.3006 since_improve=343
t=81425ms iter=1360 WAIST cost=23.0000 best_alt=14.0000 gap=9.0000 tried=5 sep_labels=14 clique_frac=0.01
t=81452ms iter=1360 REBUILD reject new_tc=23.3874 (was 23.3006)
t=81480ms iter=1360 incumb=23.3006 ratchet=23.4559 best=23.3006 since_improve=344
t=81482ms iter=1361 WAIST cost=23.0000 best_alt=14.0000 gap=9.0000 tried=5 sep_labels=14 clique_frac=0.01
t=81509ms iter=1361 REBUILD reject new_tc=23.4852 (was 23.3006)
t=81539ms iter=1361 incumb=23.3006 ratchet=23.4560 best=23.3006 since_improve=345
t=81541ms iter=1362 WAIST cost=23.0000 best_alt=14.0000 gap=9.0000 tried=5 sep_labels=14 clique_frac=0.01
t=81568ms iter=1362 REBUILD reject new_tc=23.4033 (was 23.3006)
t=81596ms iter=1362 incumb=23.3006 ratchet=23.3419 best=23.3006 since_improve=346
t=81599ms iter=1363 WAIST cost=23.0000 best_alt=14.0000 gap=9.0000 tried=5 sep_labels=14 clique_frac=0.01
t=81625ms iter=1363 REBUILD reject new_tc=23.6937 (was 23.3006)
t=81654ms iter=1363 incumb=23.3006 ratchet=23.4206 best=23.3006 since_improve=347
t=81656ms iter=1364 WAIST cost=23.0000 best_alt=12.0000 gap=11.0000 tried=5 sep_labels=12 clique_frac=0.00
t=81683ms iter=1364 REBUILD reject new_tc=23.8079 (was 23.3006)
t=81714ms iter=1364 incumb=23.3006 ratchet=23.3129 best=23.3006 since_improve=348
t=81716ms iter=1365 WAIST cost=23.0000 best_alt=12.0000 gap=11.0000 tried=5 sep_labels=12 clique_frac=0.00
t=81743ms iter=1365 REBUILD reject new_tc=23.5045 (was 23.3006)
t=81771ms iter=1365 incumb=23.3006 ratchet=23.3975 best=23.3006 since_improve=349
t=81773ms iter=1366 WAIST cost=23.0000 best_alt=14.0000 gap=9.0000 tried=5 sep_labels=14 clique_frac=0.01
t=81800ms iter=1366 REBUILD reject new_tc=23.3759 (was 23.3006)
t=81829ms iter=1366 incumb=23.3006 ratchet=23.3404 best=23.3006 since_improve=350
t=81831ms iter=1367 WAIST cost=23.0000 best_alt=14.0000 gap=9.0000 tried=5 sep_labels=14 clique_frac=0.01
t=81858ms iter=1367 REBUILD reject new_tc=23.4815 (was 23.3006)
t=81887ms iter=1367 incumb=23.3006 ratchet=23.3078 best=23.3006 since_improve=351
t=81889ms iter=1368 WAIST cost=23.0000 best_alt=12.0000 gap=11.0000 tried=5 sep_labels=12 clique_frac=0.00
t=81915ms iter=1368 REBUILD reject new_tc=24.0530 (was 23.3006)
t=81945ms iter=1368 incumb=23.3006 ratchet=23.3984 best=23.3006 since_improve=352
t=81947ms iter=1369 WAIST cost=23.0000 best_alt=14.0000 gap=9.0000 tried=5 sep_labels=14 clique_frac=0.01
t=81974ms iter=1369 REBUILD reject new_tc=23.5698 (was 23.3006)
t=82003ms iter=1369 incumb=23.3006 ratchet=23.3276 best=23.3006 since_improve=353
t=82006ms iter=1370 WAIST cost=23.0000 best_alt=12.0000 gap=11.0000 tried=5 sep_labels=12 clique_frac=0.00
t=82033ms iter=1370 REBUILD reject new_tc=23.6804 (was 23.3006)
t=82061ms iter=1370 incumb=23.3006 ratchet=23.3696 best=23.3006 since_improve=354
t=82064ms iter=1371 WAIST cost=23.0000 best_alt=14.0000 gap=9.0000 tried=5 sep_labels=14 clique_frac=0.01
t=82091ms iter=1371 REBUILD reject new_tc=23.4154 (was 23.3006)
t=82120ms iter=1371 incumb=23.3006 ratchet=23.4460 best=23.3006 since_improve=355
t=82123ms iter=1372 WAIST cost=23.0000 best_alt=14.0000 gap=9.0000 tried=5 sep_labels=14 clique_frac=0.01
t=82149ms iter=1372 REBUILD reject new_tc=23.7721 (was 23.3006)
t=82179ms iter=1372 incumb=23.3006 ratchet=23.3237 best=23.3006 since_improve=356
t=82181ms iter=1373 WAIST cost=23.0000 best_alt=14.0000 gap=9.0000 tried=5 sep_labels=14 clique_frac=0.01
t=82207ms iter=1373 REBUILD reject new_tc=23.8553 (was 23.3006)
t=82235ms iter=1373 incumb=23.3006 ratchet=23.3334 best=23.3006 since_improve=357
t=82238ms iter=1374 WAIST cost=23.0000 best_alt=14.0000 gap=9.0000 tried=5 sep_labels=14 clique_frac=0.01
t=82264ms iter=1374 REBUILD reject new_tc=23.5269 (was 23.3006)
t=82293ms iter=1374 incumb=23.3006 ratchet=23.3869 best=23.3006 since_improve=358
t=82295ms iter=1375 WAIST cost=23.0000 best_alt=12.0000 gap=11.0000 tried=5 sep_labels=12 clique_frac=0.00
t=82322ms iter=1375 REBUILD reject new_tc=23.3485 (was 23.3006)
t=82351ms iter=1375 incumb=23.3006 ratchet=23.3260 best=23.3006 since_improve=359
t=82353ms iter=1376 WAIST cost=23.0000 best_alt=14.0000 gap=9.0000 tried=5 sep_labels=14 clique_frac=0.01
t=82380ms iter=1376 REBUILD reject new_tc=23.4085 (was 23.3006)
t=82410ms iter=1376 incumb=23.3006 ratchet=23.3644 best=23.3006 since_improve=360
t=82412ms iter=1377 WAIST cost=23.0000 best_alt=14.0000 gap=9.0000 tried=5 sep_labels=14 clique_frac=0.01
t=82438ms iter=1377 REBUILD reject new_tc=23.4864 (was 23.3006)
t=82468ms iter=1377 incumb=23.3006 ratchet=23.3331 best=23.3006 since_improve=361
t=82470ms iter=1378 WAIST cost=23.0000 best_alt=14.0000 gap=9.0000 tried=5 sep_labels=14 clique_frac=0.01
t=82496ms iter=1378 REBUILD reject new_tc=23.5215 (was 23.3006)
t=82525ms iter=1378 incumb=23.3006 ratchet=23.3450 best=23.3006 since_improve=362
t=82528ms iter=1379 WAIST cost=23.0000 best_alt=13.0000 gap=10.0000 tried=5 sep_labels=13 clique_frac=0.03
t=82555ms iter=1379 REBUILD reject new_tc=23.6588 (was 23.3006)
t=82583ms iter=1379 incumb=23.3006 ratchet=23.8109 best=23.3006 since_improve=363
t=82586ms iter=1380 WAIST cost=23.0000 best_alt=13.0000 gap=10.0000 tried=5 sep_labels=13 clique_frac=0.01
t=82613ms iter=1380 REBUILD reject new_tc=23.3353 (was 23.3006)
t=82639ms iter=1380 incumb=23.3006 ratchet=23.3302 best=23.3006 since_improve=364
t=82641ms iter=1381 WAIST cost=23.0000 best_alt=14.0000 gap=9.0000 tried=5 sep_labels=14 clique_frac=0.01
t=82666ms iter=1381 REBUILD reject new_tc=23.6920 (was 23.3006)
t=82695ms iter=1381 incumb=23.3006 ratchet=23.3974 best=23.3006 since_improve=365
t=82698ms iter=1382 WAIST cost=23.0000 best_alt=14.0000 gap=9.0000 tried=5 sep_labels=14 clique_frac=0.01
t=82726ms iter=1382 REBUILD reject new_tc=23.3685 (was 23.3006)
t=82754ms iter=1382 incumb=23.3006 ratchet=23.3461 best=23.3006 since_improve=366
t=82756ms iter=1383 WAIST cost=23.0000 best_alt=14.0000 gap=9.0000 tried=5 sep_labels=14 clique_frac=0.01
t=82783ms iter=1383 REBUILD reject new_tc=23.6837 (was 23.3006)
t=82812ms iter=1383 incumb=23.3006 ratchet=23.4569 best=23.3006 since_improve=367
t=82814ms iter=1384 WAIST cost=23.0000 best_alt=13.0000 gap=10.0000 tried=5 sep_labels=13 clique_frac=0.01
t=82841ms iter=1384 REBUILD reject new_tc=23.3471 (was 23.3006)
t=82870ms iter=1384 incumb=23.3006 ratchet=23.3611 best=23.3006 since_improve=368
t=82872ms iter=1385 WAIST cost=23.0000 best_alt=13.0000 gap=10.0000 tried=5 sep_labels=13 clique_frac=0.03
t=82899ms iter=1385 REBUILD reject new_tc=23.5098 (was 23.3006)
t=82929ms iter=1385 incumb=23.3006 ratchet=23.4364 best=23.3006 since_improve=369
t=82931ms iter=1386 WAIST cost=23.0000 best_alt=14.0000 gap=9.0000 tried=5 sep_labels=14 clique_frac=0.01
t=82958ms iter=1386 REBUILD reject new_tc=23.4216 (was 23.3006)
t=82986ms iter=1386 incumb=23.3006 ratchet=23.3634 best=23.3006 since_improve=370
t=82989ms iter=1387 WAIST cost=23.0000 best_alt=14.0000 gap=9.0000 tried=5 sep_labels=14 clique_frac=0.01
t=83016ms iter=1387 REBUILD reject new_tc=23.3790 (was 23.3006)
t=83044ms iter=1387 incumb=23.3006 ratchet=23.3200 best=23.3006 since_improve=371
t=83046ms iter=1388 WAIST cost=23.0000 best_alt=14.0000 gap=9.0000 tried=5 sep_labels=14 clique_frac=0.01
t=83072ms iter=1388 REBUILD reject new_tc=23.4039 (was 23.3006)
t=83100ms iter=1388 incumb=23.3006 ratchet=23.3159 best=23.3006 since_improve=372
t=83103ms iter=1389 WAIST cost=23.0000 best_alt=14.0000 gap=9.0000 tried=5 sep_labels=14 clique_frac=0.01
t=83130ms iter=1389 REBUILD reject new_tc=23.6848 (was 23.3006)
t=83158ms iter=1389 incumb=23.3006 ratchet=23.4673 best=23.3006 since_improve=373
t=83160ms iter=1390 WAIST cost=23.0000 best_alt=14.0000 gap=9.0000 tried=5 sep_labels=14 clique_frac=0.01
t=83186ms iter=1390 REBUILD reject new_tc=23.6960 (was 23.3006)
t=83217ms iter=1390 incumb=23.3006 ratchet=23.3507 best=23.3006 since_improve=374
t=83219ms iter=1391 WAIST cost=23.0000 best_alt=14.0000 gap=9.0000 tried=5 sep_labels=14 clique_frac=0.01
t=83245ms iter=1391 REBUILD reject new_tc=23.3872 (was 23.3006)
t=83274ms iter=1391 incumb=23.3006 ratchet=23.3505 best=23.3006 since_improve=375
t=83278ms iter=1392 WAIST cost=23.0000 best_alt=13.0000 gap=10.0000 tried=5 sep_labels=13 clique_frac=0.01
t=83304ms iter=1392 REBUILD reject new_tc=23.4983 (was 23.3006)
t=83333ms iter=1392 incumb=23.3006 ratchet=23.4646 best=23.3006 since_improve=376
t=83335ms iter=1393 WAIST cost=23.0000 best_alt=12.0000 gap=11.0000 tried=5 sep_labels=12 clique_frac=0.00
t=83361ms iter=1393 REBUILD reject new_tc=23.9355 (was 23.3006)
t=83390ms iter=1393 incumb=23.3006 ratchet=23.3356 best=23.3006 since_improve=377
t=83392ms iter=1394 WAIST cost=23.0000 best_alt=12.0000 gap=11.0000 tried=5 sep_labels=12 clique_frac=0.00
t=83419ms iter=1394 REBUILD reject new_tc=23.3675 (was 23.3006)
t=83447ms iter=1394 incumb=23.3006 ratchet=23.4631 best=23.3006 since_improve=378
t=83449ms iter=1395 WAIST cost=23.0000 best_alt=14.0000 gap=9.0000 tried=5 sep_labels=14 clique_frac=0.01
t=83476ms iter=1395 REBUILD reject new_tc=23.3718 (was 23.3006)
t=83504ms iter=1395 incumb=23.3006 ratchet=23.3317 best=23.3006 since_improve=379
t=83506ms iter=1396 WAIST cost=23.0000 best_alt=13.0000 gap=10.0000 tried=5 sep_labels=13 clique_frac=0.03
t=83533ms iter=1396 REBUILD reject new_tc=23.3283 (was 23.3006)
t=83563ms iter=1396 incumb=23.3006 ratchet=23.3726 best=23.3006 since_improve=380
t=83565ms iter=1397 WAIST cost=23.0000 best_alt=14.0000 gap=9.0000 tried=5 sep_labels=14 clique_frac=0.01
t=83592ms iter=1397 REBUILD reject new_tc=23.8155 (was 23.3006)
t=83620ms iter=1397 incumb=23.3006 ratchet=23.3304 best=23.3006 since_improve=381
t=83622ms iter=1398 WAIST cost=23.0000 best_alt=14.0000 gap=9.0000 tried=5 sep_labels=14 clique_frac=0.01
t=83649ms iter=1398 REBUILD reject new_tc=23.3803 (was 23.3006)
t=83679ms iter=1398 incumb=23.3006 ratchet=23.3294 best=23.3006 since_improve=382
t=83682ms iter=1399 WAIST cost=23.0000 best_alt=12.0000 gap=11.0000 tried=5 sep_labels=12 clique_frac=0.00
t=83710ms iter=1399 REBUILD reject new_tc=23.3221 (was 23.3006)
t=83739ms iter=1399 incumb=23.3006 ratchet=23.3281 best=23.3006 since_improve=383
t=83741ms iter=1400 WAIST cost=23.0000 best_alt=14.0000 gap=9.0000 tried=5 sep_labels=14 clique_frac=0.01
t=83768ms iter=1400 REBUILD reject new_tc=23.3664 (was 23.3006)
t=83797ms iter=1400 incumb=23.3006 ratchet=23.3239 best=23.3006 since_improve=384
t=83800ms iter=1401 WAIST cost=23.0000 best_alt=14.0000 gap=9.0000 tried=5 sep_labels=14 clique_frac=0.01
t=83826ms iter=1401 REBUILD reject new_tc=23.4442 (was 23.3006)
t=83855ms iter=1401 incumb=23.3006 ratchet=23.4708 best=23.3006 since_improve=385
t=83858ms iter=1402 WAIST cost=23.0000 best_alt=14.0000 gap=9.0000 tried=5 sep_labels=14 clique_frac=0.01
t=83885ms iter=1402 REBUILD reject new_tc=23.5423 (was 23.3006)
t=83913ms iter=1402 incumb=23.3006 ratchet=23.3202 best=23.3006 since_improve=386
t=83915ms iter=1403 WAIST cost=23.0000 best_alt=14.0000 gap=9.0000 tried=5 sep_labels=14 clique_frac=0.01
t=83942ms iter=1403 REBUILD reject new_tc=23.4042 (was 23.3006)
t=83970ms iter=1403 incumb=23.3006 ratchet=23.3681 best=23.3006 since_improve=387
t=83972ms iter=1404 WAIST cost=23.0000 best_alt=14.0000 gap=9.0000 tried=5 sep_labels=14 clique_frac=0.01
t=83999ms iter=1404 REBUILD reject new_tc=23.7736 (was 23.3006)
t=84027ms iter=1404 incumb=23.3006 ratchet=23.4574 best=23.3006 since_improve=388
t=84030ms iter=1405 WAIST cost=23.0000 best_alt=14.0000 gap=9.0000 tried=5 sep_labels=14 clique_frac=0.01
t=84057ms iter=1405 REBUILD reject new_tc=23.5456 (was 23.3006)
t=84086ms iter=1405 incumb=23.3006 ratchet=23.9525 best=23.3006 since_improve=389
t=84089ms iter=1406 WAIST cost=23.0000 best_alt=14.0000 gap=9.0000 tried=5 sep_labels=14 clique_frac=0.01
t=84115ms iter=1406 REBUILD reject new_tc=23.4860 (was 23.3006)
t=84143ms iter=1406 incumb=23.3006 ratchet=23.4021 best=23.3006 since_improve=390
t=84145ms iter=1407 WAIST cost=23.0000 best_alt=12.0000 gap=11.0000 tried=5 sep_labels=12 clique_frac=0.00
t=84172ms iter=1407 REBUILD reject new_tc=23.9325 (was 23.3006)
t=84201ms iter=1407 incumb=23.3006 ratchet=23.3625 best=23.3006 since_improve=391
t=84203ms iter=1408 WAIST cost=23.0000 best_alt=13.0000 gap=10.0000 tried=5 sep_labels=13 clique_frac=0.01
t=84231ms iter=1408 REBUILD reject new_tc=23.3389 (was 23.3006)
t=84260ms iter=1408 incumb=23.3006 ratchet=23.3270 best=23.3006 since_improve=392
t=84263ms iter=1409 WAIST cost=23.0000 best_alt=14.0000 gap=9.0000 tried=5 sep_labels=14 clique_frac=0.01
t=84290ms iter=1409 REBUILD reject new_tc=23.3887 (was 23.3006)
t=84319ms iter=1409 incumb=23.3006 ratchet=23.3270 best=23.3006 since_improve=393
t=84321ms iter=1410 WAIST cost=23.0000 best_alt=14.0000 gap=9.0000 tried=5 sep_labels=14 clique_frac=0.01
t=84347ms iter=1410 REBUILD reject new_tc=23.6855 (was 23.3006)
t=84376ms iter=1410 incumb=23.3006 ratchet=23.4893 best=23.3006 since_improve=394
t=84378ms iter=1411 WAIST cost=23.0000 best_alt=12.0000 gap=11.0000 tried=5 sep_labels=12 clique_frac=0.00
t=84405ms iter=1411 REBUILD reject new_tc=23.4843 (was 23.3006)
t=84434ms iter=1411 incumb=23.3006 ratchet=23.4867 best=23.3006 since_improve=395
t=84437ms iter=1412 WAIST cost=23.0000 best_alt=14.0000 gap=9.0000 tried=5 sep_labels=14 clique_frac=0.01
t=84464ms iter=1412 REBUILD reject new_tc=23.4049 (was 23.3006)
t=84493ms iter=1412 incumb=23.3006 ratchet=23.4576 best=23.3006 since_improve=396
t=84495ms iter=1413 WAIST cost=23.0000 best_alt=13.0000 gap=10.0000 tried=5 sep_labels=13 clique_frac=0.01
t=84522ms iter=1413 REBUILD reject new_tc=23.3378 (was 23.3006)
t=84551ms iter=1413 incumb=23.3006 ratchet=23.3185 best=23.3006 since_improve=397
t=84554ms iter=1414 WAIST cost=23.0000 best_alt=14.0000 gap=9.0000 tried=5 sep_labels=14 clique_frac=0.01
t=84581ms iter=1414 REBUILD reject new_tc=23.7758 (was 23.3006)
t=84610ms iter=1414 incumb=23.3006 ratchet=23.3641 best=23.3006 since_improve=398
t=84612ms iter=1415 WAIST cost=23.0000 best_alt=14.0000 gap=9.0000 tried=5 sep_labels=14 clique_frac=0.01
t=84638ms iter=1415 REBUILD reject new_tc=23.6952 (was 23.3006)
t=84667ms iter=1415 incumb=23.3006 ratchet=23.3148 best=23.3006 since_improve=399
t=84670ms iter=1416 WAIST cost=23.0000 best_alt=14.0000 gap=9.0000 tried=5 sep_labels=14 clique_frac=0.01
t=84697ms iter=1416 REBUILD reject new_tc=23.5712 (was 23.3006)
t=84725ms iter=1416 incumb=23.3006 ratchet=23.3529 best=23.3006 since_improve=400
t=84727ms iter=1417 WAIST cost=23.0000 best_alt=13.0000 gap=10.0000 tried=5 sep_labels=13 clique_frac=0.03
t=84759ms iter=1417 REBUILD reject new_tc=23.7724 (was 23.3006)
t=84789ms iter=1417 incumb=23.3006 ratchet=23.4282 best=23.3006 since_improve=401
t=84792ms iter=1418 WAIST cost=23.0000 best_alt=14.0000 gap=9.0000 tried=5 sep_labels=14 clique_frac=0.01
t=84819ms iter=1418 REBUILD reject new_tc=23.5029 (was 23.3006)
t=84872ms iter=1418 incumb=23.3006 ratchet=23.3781 best=23.3006 since_improve=402
t=84877ms iter=1419 WAIST cost=23.0000 best_alt=14.0000 gap=9.0000 tried=5 sep_labels=14 clique_frac=0.01
t=84928ms iter=1419 REBUILD reject new_tc=23.5004 (was 23.3006)
t=84955ms iter=1419 incumb=23.3006 ratchet=23.3301 best=23.3006 since_improve=403
t=84957ms iter=1420 WAIST cost=23.0000 best_alt=14.0000 gap=9.0000 tried=5 sep_labels=14 clique_frac=0.01
t=84984ms iter=1420 REBUILD reject new_tc=23.6843 (was 23.3006)
t=85012ms iter=1420 incumb=23.3006 ratchet=23.3400 best=23.3006 since_improve=404
t=85014ms iter=1421 WAIST cost=23.0000 best_alt=13.0000 gap=10.0000 tried=5 sep_labels=13 clique_frac=0.03
t=85041ms iter=1421 REBUILD reject new_tc=23.4796 (was 23.3006)
t=85069ms iter=1421 incumb=23.3006 ratchet=23.4130 best=23.3006 since_improve=405
t=85071ms iter=1422 WAIST cost=23.0000 best_alt=14.0000 gap=9.0000 tried=5 sep_labels=14 clique_frac=0.01
t=85098ms iter=1422 REBUILD reject new_tc=23.5326 (was 23.3006)
t=85127ms iter=1422 incumb=23.3006 ratchet=23.3235 best=23.3006 since_improve=406
t=85129ms iter=1423 WAIST cost=23.0000 best_alt=14.0000 gap=9.0000 tried=5 sep_labels=14 clique_frac=0.01
t=85156ms iter=1423 REBUILD reject new_tc=23.5231 (was 23.3006)
t=85184ms iter=1423 incumb=23.3006 ratchet=23.3235 best=23.3006 since_improve=407
t=85186ms iter=1424 WAIST cost=23.0000 best_alt=14.0000 gap=9.0000 tried=5 sep_labels=14 clique_frac=0.01
t=85212ms iter=1424 REBUILD reject new_tc=24.2306 (was 23.3006)
t=85241ms iter=1424 incumb=23.3006 ratchet=23.5189 best=23.3006 since_improve=408
t=85243ms iter=1425 WAIST cost=23.0000 best_alt=12.0000 gap=11.0000 tried=5 sep_labels=12 clique_frac=0.00
t=85270ms iter=1425 REBUILD reject new_tc=23.4679 (was 23.3006)
t=85298ms iter=1425 incumb=23.3006 ratchet=23.3720 best=23.3006 since_improve=409
t=85300ms iter=1426 WAIST cost=23.0000 best_alt=14.0000 gap=9.0000 tried=5 sep_labels=14 clique_frac=0.01
t=85327ms iter=1426 REBUILD reject new_tc=23.3770 (was 23.3006)
t=85355ms iter=1426 incumb=23.3006 ratchet=23.3566 best=23.3006 since_improve=410
t=85357ms iter=1427 WAIST cost=23.0000 best_alt=14.0000 gap=9.0000 tried=5 sep_labels=14 clique_frac=0.01
t=85383ms iter=1427 REBUILD reject new_tc=23.6846 (was 23.3006)
t=85412ms iter=1427 incumb=23.3006 ratchet=23.3303 best=23.3006 since_improve=411
t=85415ms iter=1428 WAIST cost=23.0000 best_alt=14.0000 gap=9.0000 tried=5 sep_labels=14 clique_frac=0.01
t=85441ms iter=1428 REBUILD reject new_tc=23.4825 (was 23.3006)
t=85470ms iter=1428 incumb=23.3006 ratchet=23.3764 best=23.3006 since_improve=412
t=85472ms iter=1429 WAIST cost=23.0000 best_alt=14.0000 gap=9.0000 tried=5 sep_labels=14 clique_frac=0.01
t=85499ms iter=1429 REBUILD reject new_tc=23.3706 (was 23.3006)
t=85528ms iter=1429 incumb=23.3006 ratchet=23.3287 best=23.3006 since_improve=413
t=85530ms iter=1430 WAIST cost=23.0000 best_alt=13.0000 gap=10.0000 tried=5 sep_labels=13 clique_frac=0.01
t=85557ms iter=1430 REBUILD reject new_tc=23.4811 (was 23.3006)
t=85585ms iter=1430 incumb=23.3006 ratchet=23.3384 best=23.3006 since_improve=414
t=85588ms iter=1431 WAIST cost=23.0000 best_alt=14.0000 gap=9.0000 tried=5 sep_labels=14 clique_frac=0.01
t=85615ms iter=1431 REBUILD reject new_tc=23.4068 (was 23.3006)
t=85643ms iter=1431 incumb=23.3006 ratchet=23.3129 best=23.3006 since_improve=415
t=85646ms iter=1432 WAIST cost=23.0000 best_alt=13.0000 gap=10.0000 tried=5 sep_labels=13 clique_frac=0.01
t=85673ms iter=1432 REBUILD reject new_tc=23.3404 (was 23.3006)
t=85701ms iter=1432 incumb=23.3006 ratchet=23.6692 best=23.3006 since_improve=416
t=85704ms iter=1433 WAIST cost=23.0000 best_alt=12.0000 gap=11.0000 tried=5 sep_labels=12 clique_frac=0.00
t=85731ms iter=1433 REBUILD reject new_tc=23.5706 (was 23.3006)
t=85760ms iter=1433 incumb=23.3006 ratchet=23.3452 best=23.3006 since_improve=417
t=85762ms iter=1434 WAIST cost=23.0000 best_alt=14.0000 gap=9.0000 tried=5 sep_labels=14 clique_frac=0.01
t=85789ms iter=1434 REBUILD reject new_tc=23.5652 (was 23.3006)
t=85817ms iter=1434 incumb=23.3006 ratchet=23.6008 best=23.3006 since_improve=418
t=85820ms iter=1435 WAIST cost=23.0000 best_alt=14.0000 gap=9.0000 tried=5 sep_labels=14 clique_frac=0.01
t=85846ms iter=1435 REBUILD reject new_tc=23.4902 (was 23.3006)
t=85876ms iter=1435 incumb=23.3006 ratchet=23.4884 best=23.3006 since_improve=419
t=85878ms iter=1436 WAIST cost=23.0000 best_alt=13.0000 gap=10.0000 tried=5 sep_labels=13 clique_frac=0.01
t=85906ms iter=1436 REBUILD reject new_tc=23.3383 (was 23.3006)
t=85935ms iter=1436 incumb=23.3006 ratchet=23.3686 best=23.3006 since_improve=420
t=85937ms iter=1437 WAIST cost=23.0000 best_alt=13.0000 gap=10.0000 tried=5 sep_labels=13 clique_frac=0.03
t=85965ms iter=1437 REBUILD reject new_tc=23.5563 (was 23.3006)
t=85993ms iter=1437 incumb=23.3006 ratchet=23.4841 best=23.3006 since_improve=421
t=85996ms iter=1438 WAIST cost=23.0000 best_alt=13.0000 gap=10.0000 tried=5 sep_labels=13 clique_frac=0.01
t=86023ms iter=1438 REBUILD reject new_tc=23.3453 (was 23.3006)
t=86052ms iter=1438 incumb=23.3006 ratchet=23.3142 best=23.3006 since_improve=422
t=86055ms iter=1439 WAIST cost=23.0000 best_alt=13.0000 gap=10.0000 tried=5 sep_labels=13 clique_frac=0.01
t=86082ms iter=1439 REBUILD reject new_tc=23.8678 (was 23.3006)
t=86110ms iter=1439 incumb=23.3006 ratchet=23.3201 best=23.3006 since_improve=423
t=86113ms iter=1440 WAIST cost=23.0000 best_alt=12.0000 gap=11.0000 tried=5 sep_labels=12 clique_frac=0.00
t=86139ms iter=1440 REBUILD reject new_tc=23.5570 (was 23.3006)
t=86167ms iter=1440 incumb=23.3006 ratchet=23.3367 best=23.3006 since_improve=424
t=86169ms iter=1441 WAIST cost=23.0000 best_alt=14.0000 gap=9.0000 tried=5 sep_labels=14 clique_frac=0.01
t=86196ms iter=1441 REBUILD reject new_tc=23.5093 (was 23.3006)
t=86224ms iter=1441 incumb=23.3006 ratchet=23.4559 best=23.3006 since_improve=425
t=86226ms iter=1442 WAIST cost=23.0000 best_alt=14.0000 gap=9.0000 tried=5 sep_labels=14 clique_frac=0.01
t=86253ms iter=1442 REBUILD reject new_tc=23.6768 (was 23.3006)
t=86282ms iter=1442 incumb=23.3006 ratchet=23.5266 best=23.3006 since_improve=426
t=86284ms iter=1443 WAIST cost=23.0000 best_alt=14.0000 gap=9.0000 tried=5 sep_labels=14 clique_frac=0.01
t=86311ms iter=1443 REBUILD reject new_tc=23.3903 (was 23.3006)
t=86339ms iter=1443 incumb=23.3006 ratchet=23.3448 best=23.3006 since_improve=427
t=86341ms iter=1444 WAIST cost=23.0000 best_alt=14.0000 gap=9.0000 tried=5 sep_labels=14 clique_frac=0.01
t=86368ms iter=1444 REBUILD reject new_tc=23.4807 (was 23.3006)
t=86397ms iter=1444 incumb=23.3006 ratchet=23.3152 best=23.3006 since_improve=428
t=86400ms iter=1445 WAIST cost=23.0000 best_alt=13.0000 gap=10.0000 tried=5 sep_labels=13 clique_frac=0.01
t=86427ms iter=1445 REBUILD reject new_tc=23.3398 (was 23.3006)
t=86456ms iter=1445 incumb=23.3006 ratchet=23.3552 best=23.3006 since_improve=429
t=86459ms iter=1446 WAIST cost=23.0000 best_alt=14.0000 gap=9.0000 tried=5 sep_labels=14 clique_frac=0.01
t=86485ms iter=1446 REBUILD reject new_tc=23.6935 (was 23.3006)
t=86513ms iter=1446 incumb=23.3006 ratchet=23.5610 best=23.3006 since_improve=430
t=86516ms iter=1447 WAIST cost=23.0000 best_alt=13.0000 gap=10.0000 tried=5 sep_labels=13 clique_frac=0.03
t=86543ms iter=1447 REBUILD reject new_tc=23.9646 (was 23.3006)
t=86572ms iter=1447 incumb=23.3006 ratchet=23.3057 best=23.3006 since_improve=431
t=86575ms iter=1448 WAIST cost=23.0000 best_alt=14.0000 gap=9.0000 tried=5 sep_labels=14 clique_frac=0.01
t=86601ms iter=1448 REBUILD reject new_tc=23.5126 (was 23.3006)
t=86630ms iter=1448 incumb=23.3006 ratchet=23.3257 best=23.3006 since_improve=432
t=86632ms iter=1449 WAIST cost=23.0000 best_alt=13.0000 gap=10.0000 tried=5 sep_labels=13 clique_frac=0.01
t=86660ms iter=1449 REBUILD reject new_tc=23.3351 (was 23.3006)
t=86688ms iter=1449 incumb=23.3006 ratchet=23.3346 best=23.3006 since_improve=433
t=86691ms iter=1450 WAIST cost=23.0000 best_alt=12.0000 gap=11.0000 tried=5 sep_labels=12 clique_frac=0.00
t=86717ms iter=1450 REBUILD reject new_tc=23.8694 (was 23.3006)
t=86745ms iter=1450 incumb=23.3006 ratchet=23.8969 best=23.3006 since_improve=434
t=86748ms iter=1451 WAIST cost=23.0000 best_alt=14.0000 gap=9.0000 tried=5 sep_labels=14 clique_frac=0.01
t=86774ms iter=1451 REBUILD reject new_tc=23.6872 (was 23.3006)
t=86802ms iter=1451 incumb=23.3006 ratchet=23.4633 best=23.3006 since_improve=435
t=86806ms iter=1452 WAIST cost=23.0000 best_alt=12.0000 gap=11.0000 tried=5 sep_labels=12 clique_frac=0.00
t=86832ms iter=1452 REBUILD reject new_tc=23.9140 (was 23.3006)
t=86860ms iter=1452 incumb=23.3006 ratchet=23.4537 best=23.3006 since_improve=436
t=86863ms iter=1453 WAIST cost=23.0000 best_alt=14.0000 gap=9.0000 tried=5 sep_labels=14 clique_frac=0.01
t=86889ms iter=1453 REBUILD reject new_tc=23.6834 (was 23.3006)
t=86918ms iter=1453 incumb=23.3006 ratchet=23.3019 best=23.3006 since_improve=437
t=86921ms iter=1454 WAIST cost=23.0000 best_alt=14.0000 gap=9.0000 tried=5 sep_labels=14 clique_frac=0.01
t=86947ms iter=1454 REBUILD reject new_tc=23.8434 (was 23.3006)
t=86976ms iter=1454 incumb=23.3006 ratchet=23.3309 best=23.3006 since_improve=438
t=86979ms iter=1455 WAIST cost=23.0000 best_alt=14.0000 gap=9.0000 tried=5 sep_labels=14 clique_frac=0.01
t=87006ms iter=1455 REBUILD reject new_tc=23.6954 (was 23.3006)
t=87034ms iter=1455 incumb=23.3006 ratchet=23.8894 best=23.3006 since_improve=439
t=87036ms iter=1456 WAIST cost=23.0000 best_alt=14.0000 gap=9.0000 tried=5 sep_labels=14 clique_frac=0.01
t=87063ms iter=1456 REBUILD reject new_tc=23.6962 (was 23.3006)
t=87092ms iter=1456 incumb=23.3006 ratchet=23.3879 best=23.3006 since_improve=440
t=87094ms iter=1457 WAIST cost=23.0000 best_alt=14.0000 gap=9.0000 tried=5 sep_labels=14 clique_frac=0.01
t=87121ms iter=1457 REBUILD reject new_tc=23.5283 (was 23.3006)
t=87150ms iter=1457 incumb=23.3006 ratchet=23.5592 best=23.3006 since_improve=441
t=87152ms iter=1458 WAIST cost=23.0000 best_alt=14.0000 gap=9.0000 tried=5 sep_labels=14 clique_frac=0.01
t=87179ms iter=1458 REBUILD reject new_tc=23.4157 (was 23.3006)
t=87209ms iter=1458 incumb=23.3006 ratchet=23.3253 best=23.3006 since_improve=442
t=87211ms iter=1459 WAIST cost=23.0000 best_alt=12.0000 gap=11.0000 tried=5 sep_labels=12 clique_frac=0.00
t=87237ms iter=1459 REBUILD reject new_tc=23.4765 (was 23.3006)
t=87266ms iter=1459 incumb=23.3006 ratchet=23.5971 best=23.3006 since_improve=443
t=87268ms iter=1460 WAIST cost=23.0000 best_alt=14.0000 gap=9.0000 tried=5 sep_labels=14 clique_frac=0.01
t=87295ms iter=1460 REBUILD reject new_tc=25.1864 (was 23.3006)
t=87301ms iter=1460 incumb=23.3006 ratchet=23.9835 best=23.3006 since_improve=444
t_final=87316ms tc_reduced=23.3006 tc_full=23.3281 leaves=828
surgery summary: calls=1460 cheaper_cuts=1460 rebuild_accepts=4 waist_min_hits=0
