probe: instance=surfacecode_d9 n_orig=403 n=113 fusible=0.7196 nlabels=126 t=2ms
seed_greedy tc=23.1708 t=510ms
t=519ms iter=1 WAIST cost=19.0000 best_alt=13.0000 gap=6.0000 tried=5 sep_labels=13 clique_frac=0.03
t=545ms iter=1 REBUILD ACCEPT new_tc=22.0913 (was 22.1981)
t=566ms iter=1 incumb=22.0913 ratchet=22.0923 best=22.0766 since_improve=1
t=567ms iter=2 WAIST cost=19.0000 best_alt=13.0000 gap=6.0000 tried=5 sep_labels=13 clique_frac=0.09
t=593ms iter=2 REBUILD ACCEPT new_tc=21.9951 (was 22.0913)
t=615ms iter=2 incumb=21.9951 ratchet=21.9714 best=21.9156 since_improve=0
t=616ms iter=3 WAIST cost=19.0000 best_alt=15.0000 gap=4.0000 tried=5 sep_labels=15 clique_frac=0.06
t=642ms iter=3 REBUILD ACCEPT new_tc=21.7941 (was 21.9714)
t=664ms iter=3 incumb=21.7941 ratchet=21.9623 best=21.7551 since_improve=1
t=666ms iter=4 WAIST cost=19.0000 best_alt=16.0000 gap=3.0000 tried=5 sep_labels=16 clique_frac=0.06
t=680ms iter=4 REBUILD reject new_tc=22.1107 (was 21.7941)
t=700ms iter=4 incumb=21.7941 ratchet=21.7947 best=21.7551 since_improve=2
t=701ms iter=5 WAIST cost=19.0000 best_alt=16.0000 gap=3.0000 tried=5 sep_labels=16 clique_frac=0.06
t=715ms iter=5 REBUILD reject new_tc=21.8553 (was 21.7941)
t=736ms iter=5 incumb=21.7941 ratchet=21.7798 best=21.7551 since_improve=0
t=738ms iter=6 WAIST cost=19.0000 best_alt=15.0000 gap=4.0000 tried=5 sep_labels=15 clique_frac=0.02
t=757ms iter=6 REBUILD reject new_tc=21.8578 (was 21.7798)
t=777ms iter=6 incumb=21.7798 ratchet=21.7656 best=21.7551 since_improve=0
t=779ms iter=7 WAIST cost=19.0000 best_alt=16.0000 gap=3.0000 tried=5 sep_labels=16 clique_frac=0.09
t=797ms iter=7 REBUILD reject new_tc=21.7800 (was 21.7656)
t=818ms iter=7 incumb=21.7656 ratchet=21.7652 best=21.7551 since_improve=0
t=820ms iter=8 WAIST cost=19.0000 best_alt=16.0000 gap=3.0000 tried=5 sep_labels=16 clique_frac=0.07
t=834ms iter=8 REBUILD reject new_tc=21.8596 (was 21.7652)
t=854ms iter=8 incumb=21.7652 ratchet=21.7680 best=21.7551 since_improve=1
t=855ms iter=9 WAIST cost=19.0000 best_alt=16.0000 gap=3.0000 tried=5 sep_labels=16 clique_frac=0.07
t=869ms iter=9 REBUILD reject new_tc=22.1292 (was 21.7652)
t=890ms iter=9 incumb=21.7652 ratchet=21.8831 best=21.7551 since_improve=2
t=891ms iter=10 WAIST cost=19.0000 best_alt=15.0000 gap=4.0000 tried=5 sep_labels=15 clique_frac=0.08
t=911ms iter=10 REBUILD reject new_tc=21.7660 (was 21.7652)
t=932ms iter=10 incumb=21.7652 ratchet=21.8093 best=21.7551 since_improve=3
t=933ms iter=11 WAIST cost=19.0000 best_alt=15.0000 gap=4.0000 tried=5 sep_labels=15 clique_frac=0.02
t=952ms iter=11 REBUILD reject new_tc=21.8697 (was 21.7652)
t=973ms iter=11 incumb=21.7652 ratchet=21.7672 best=21.7551 since_improve=4
t=974ms iter=12 WAIST cost=19.0000 best_alt=15.0000 gap=4.0000 tried=5 sep_labels=15 clique_frac=0.07
t=999ms iter=12 REBUILD ACCEPT new_tc=21.7522 (was 21.7652)
t=1021ms iter=12 incumb=21.7522 ratchet=21.7659 best=21.7522 since_improve=1
t=1022ms iter=13 WAIST cost=19.0000 best_alt=15.0000 gap=4.0000 tried=5 sep_labels=15 clique_frac=0.05
t=1041ms iter=13 REBUILD reject new_tc=22.2036 (was 21.7522)
t=1062ms iter=13 incumb=21.7522 ratchet=21.8163 best=21.7522 since_improve=2
t=1063ms iter=14 WAIST cost=19.0000 best_alt=16.0000 gap=3.0000 tried=5 sep_labels=16 clique_frac=0.09
t=1077ms iter=14 REBUILD reject new_tc=22.1810 (was 21.7522)
t=1097ms iter=14 incumb=21.7522 ratchet=21.8127 best=21.7522 since_improve=3
t=1099ms iter=15 WAIST cost=19.0000 best_alt=16.0000 gap=3.0000 tried=5 sep_labels=16 clique_frac=0.09
t=1113ms iter=15 REBUILD reject new_tc=22.1704 (was 21.7522)
t=1134ms iter=15 incumb=21.7522 ratchet=21.7587 best=21.7518 since_improve=4
t=1135ms iter=16 WAIST cost=19.0000 best_alt=15.0000 gap=4.0000 tried=5 sep_labels=15 clique_frac=0.10
t=1154ms iter=16 REBUILD reject new_tc=22.2187 (was 21.7522)
t=1174ms iter=16 incumb=21.7522 ratchet=21.8598 best=21.7518 since_improve=5
t=1176ms iter=17 WAIST cost=19.0000 best_alt=15.0000 gap=4.0000 tried=5 sep_labels=15 clique_frac=0.10
t=1195ms iter=17 REBUILD reject new_tc=22.0625 (was 21.7522)
t=1220ms iter=17 incumb=21.7522 ratchet=21.9669 best=21.7518 since_improve=6
t=1222ms iter=18 WAIST cost=19.0000 best_alt=15.0000 gap=4.0000 tried=5 sep_labels=15 clique_frac=0.05
t=1242ms iter=18 REBUILD reject new_tc=22.2004 (was 21.7522)
t=1263ms iter=18 incumb=21.7522 ratchet=21.7648 best=21.7518 since_improve=7
t=1264ms iter=19 WAIST cost=19.0000 best_alt=15.0000 gap=4.0000 tried=5 sep_labels=15 clique_frac=0.05
t=1284ms iter=19 REBUILD reject new_tc=22.0142 (was 21.7522)
t=1304ms iter=19 incumb=21.7522 ratchet=21.9051 best=21.7518 since_improve=8
t=1306ms iter=20 WAIST cost=19.0000 best_alt=15.0000 gap=4.0000 tried=5 sep_labels=15 clique_frac=0.08
t=1325ms iter=20 REBUILD reject new_tc=22.1968 (was 21.7522)
t=1345ms iter=20 incumb=21.7522 ratchet=21.9202 best=21.7518 since_improve=9
t=1347ms iter=21 WAIST cost=19.0000 best_alt=15.0000 gap=4.0000 tried=5 sep_labels=15 clique_frac=0.08
t=1366ms iter=21 REBUILD reject new_tc=21.9710 (was 21.7522)
t=1387ms iter=21 incumb=21.7522 ratchet=21.7531 best=21.7518 since_improve=10
t=1388ms iter=22 WAIST cost=19.0000 best_alt=15.0000 gap=4.0000 tried=5 sep_labels=15 clique_frac=0.02
t=1407ms iter=22 REBUILD reject new_tc=21.9393 (was 21.7522)
t=1428ms iter=22 incumb=21.7522 ratchet=21.9053 best=21.7518 since_improve=11
t=1430ms iter=23 WAIST cost=19.0000 best_alt=15.0000 gap=4.0000 tried=5 sep_labels=15 clique_frac=0.08
t=1449ms iter=23 REBUILD reject new_tc=21.9281 (was 21.7522)
t=1470ms iter=23 incumb=21.7522 ratchet=21.7692 best=21.7518 since_improve=12
t=1471ms iter=24 WAIST cost=19.0000 best_alt=16.0000 gap=3.0000 tried=5 sep_labels=16 clique_frac=0.09
t=1485ms iter=24 REBUILD reject new_tc=21.9219 (was 21.7522)
t=1506ms iter=24 incumb=21.7522 ratchet=21.7658 best=21.7518 since_improve=13
t=1507ms iter=25 WAIST cost=19.0000 best_alt=15.0000 gap=4.0000 tried=5 sep_labels=15 clique_frac=0.08
t=1527ms iter=25 REBUILD reject new_tc=21.9414 (was 21.7522)
t=1548ms iter=25 incumb=21.7522 ratchet=21.8177 best=21.7518 since_improve=14
t=1549ms iter=26 WAIST cost=19.0000 best_alt=15.0000 gap=4.0000 tried=5 sep_labels=15 clique_frac=0.08
t=1569ms iter=26 REBUILD reject new_tc=21.8477 (was 21.7522)
t=1597ms iter=26 incumb=21.7522 ratchet=21.7954 best=21.7426 since_improve=15
t=1599ms iter=27 WAIST cost=19.0000 best_alt=15.0000 gap=4.0000 tried=5 sep_labels=15 clique_frac=0.07
t=1618ms iter=27 REBUILD reject new_tc=22.0220 (was 21.7522)
t=1639ms iter=27 incumb=21.7522 ratchet=21.9049 best=21.7426 since_improve=16
t=1640ms iter=28 WAIST cost=19.0000 best_alt=15.0000 gap=4.0000 tried=5 sep_labels=15 clique_frac=0.06
t=1660ms iter=28 REBUILD reject new_tc=22.0085 (was 21.7522)
t=1680ms iter=28 incumb=21.7522 ratchet=21.8877 best=21.7426 since_improve=17
t=1682ms iter=29 WAIST cost=19.0000 best_alt=15.0000 gap=4.0000 tried=5 sep_labels=15 clique_frac=0.05
t=1701ms iter=29 REBUILD reject new_tc=22.0482 (was 21.7522)
t=1722ms iter=29 incumb=21.7522 ratchet=21.7789 best=21.7426 since_improve=18
t=1724ms iter=30 WAIST cost=19.0000 best_alt=16.0000 gap=3.0000 tried=5 sep_labels=16 clique_frac=0.09
t=1738ms iter=30 REBUILD reject new_tc=21.7668 (was 21.7522)
t=1759ms iter=30 incumb=21.7522 ratchet=21.8231 best=21.7426 since_improve=19
t=1760ms iter=31 WAIST cost=19.0000 best_alt=16.0000 gap=3.0000 tried=5 sep_labels=16 clique_frac=0.09
t=1774ms iter=31 REBUILD reject new_tc=21.8692 (was 21.7522)
t=1795ms iter=31 incumb=21.7522 ratchet=21.8970 best=21.7426 since_improve=20
t=1796ms iter=32 WAIST cost=19.0000 best_alt=15.0000 gap=4.0000 tried=5 sep_labels=15 clique_frac=0.08
t=1815ms iter=32 REBUILD reject new_tc=21.8694 (was 21.7522)
t=1836ms iter=32 incumb=21.7522 ratchet=21.7938 best=21.7426 since_improve=21
t=1838ms iter=33 WAIST cost=19.0000 best_alt=15.0000 gap=4.0000 tried=5 sep_labels=15 clique_frac=0.07
t=1857ms iter=33 REBUILD reject new_tc=22.0859 (was 21.7522)
t=1878ms iter=33 incumb=21.7522 ratchet=21.7669 best=21.7426 since_improve=22
t=1879ms iter=34 WAIST cost=19.0000 best_alt=15.0000 gap=4.0000 tried=5 sep_labels=15 clique_frac=0.08
t=1899ms iter=34 REBUILD reject new_tc=22.1666 (was 21.7522)
t=1920ms iter=34 incumb=21.7522 ratchet=21.7671 best=21.7426 since_improve=23
t=1921ms iter=35 WAIST cost=19.0000 best_alt=15.0000 gap=4.0000 tried=5 sep_labels=15 clique_frac=0.08
t=1940ms iter=35 REBUILD reject new_tc=21.8581 (was 21.7522)
t=1970ms iter=35 incumb=21.7522 ratchet=21.7532 best=21.7264 since_improve=24
t=1971ms iter=36 WAIST cost=19.0000 best_alt=15.0000 gap=4.0000 tried=5 sep_labels=15 clique_frac=0.05
t=1991ms iter=36 REBUILD reject new_tc=22.2379 (was 21.7522)
t=2012ms iter=36 incumb=21.7522 ratchet=22.0762 best=21.7264 since_improve=25
t=2013ms iter=37 WAIST cost=19.0000 best_alt=15.0000 gap=4.0000 tried=5 sep_labels=15 clique_frac=0.05
t=2032ms iter=37 REBUILD reject new_tc=22.1775 (was 21.7522)
t=2053ms iter=37 incumb=21.7522 ratchet=21.8052 best=21.7264 since_improve=26
t=2054ms iter=38 WAIST cost=19.0000 best_alt=15.0000 gap=4.0000 tried=5 sep_labels=15 clique_frac=0.07
t=2074ms iter=38 REBUILD reject new_tc=22.1673 (was 21.7522)
t=2095ms iter=38 incumb=21.7522 ratchet=21.8696 best=21.7264 since_improve=27
t=2096ms iter=39 WAIST cost=19.0000 best_alt=16.0000 gap=3.0000 tried=5 sep_labels=16 clique_frac=0.09
t=2110ms iter=39 REBUILD reject new_tc=21.7777 (was 21.7522)
t=2131ms iter=39 incumb=21.7522 ratchet=21.9212 best=21.7264 since_improve=28
t=2132ms iter=40 WAIST cost=19.0000 best_alt=15.0000 gap=4.0000 tried=5 sep_labels=15 clique_frac=0.10
t=2152ms iter=40 REBUILD reject new_tc=22.0396 (was 21.7522)
t=2172ms iter=40 incumb=21.7522 ratchet=21.8398 best=21.7264 since_improve=29
t=2174ms iter=41 WAIST cost=19.0000 best_alt=16.0000 gap=3.0000 tried=5 sep_labels=16 clique_frac=0.09
t=2188ms iter=41 REBUILD reject new_tc=22.1275 (was 21.7522)
t=2208ms iter=41 incumb=21.7522 ratchet=21.7535 best=21.7264 since_improve=30
t=2210ms iter=42 WAIST cost=19.0000 best_alt=15.0000 gap=4.0000 tried=5 sep_labels=15 clique_frac=0.08
t=2229ms iter=42 REBUILD reject new_tc=22.2504 (was 21.7522)
t=2250ms iter=42 incumb=21.7522 ratchet=21.8452 best=21.7264 since_improve=31
t=2251ms iter=43 WAIST cost=19.0000 best_alt=15.0000 gap=4.0000 tried=5 sep_labels=15 clique_frac=0.08
t=2271ms iter=43 REBUILD reject new_tc=21.8615 (was 21.7522)
t=2292ms iter=43 incumb=21.7522 ratchet=21.8719 best=21.7264 since_improve=32
t=2293ms iter=44 WAIST cost=19.0000 best_alt=16.0000 gap=3.0000 tried=5 sep_labels=16 clique_frac=0.09
t=2307ms iter=44 REBUILD reject new_tc=21.7921 (was 21.7522)
t=2328ms iter=44 incumb=21.7522 ratchet=21.7660 best=21.7264 since_improve=33
t=2330ms iter=45 WAIST cost=19.0000 best_alt=15.0000 gap=4.0000 tried=5 sep_labels=15 clique_frac=0.05
t=2349ms iter=45 REBUILD reject new_tc=22.0352 (was 21.7522)
t=2370ms iter=45 incumb=21.7522 ratchet=21.8937 best=21.7264 since_improve=34
t=2371ms iter=46 WAIST cost=19.0000 best_alt=15.0000 gap=4.0000 tried=5 sep_labels=15 clique_frac=0.08
t=2391ms iter=46 REBUILD reject new_tc=21.8949 (was 21.7522)
t=2412ms iter=46 incumb=21.7522 ratchet=21.7525 best=21.7264 since_improve=35
t=2413ms iter=47 WAIST cost=19.0000 best_alt=16.0000 gap=3.0000 tried=5 sep_labels=16 clique_frac=0.09
t=2428ms iter=47 REBUILD reject new_tc=21.7655 (was 21.7522)
t=2448ms iter=47 incumb=21.7522 ratchet=21.7685 best=21.7264 since_improve=36
t=2449ms iter=48 WAIST cost=19.0000 best_alt=15.0000 gap=4.0000 tried=5 sep_labels=15 clique_frac=0.10
t=2469ms iter=48 REBUILD reject new_tc=21.9771 (was 21.7522)
t=2489ms iter=48 incumb=21.7522 ratchet=21.8439 best=21.7264 since_improve=37
t=2491ms iter=49 WAIST cost=19.0000 best_alt=15.0000 gap=4.0000 tried=5 sep_labels=15 clique_frac=0.02
t=2510ms iter=49 REBUILD reject new_tc=21.9060 (was 21.7522)
t=2531ms iter=49 incumb=21.7522 ratchet=21.7542 best=21.7264 since_improve=38
t=2532ms iter=50 WAIST cost=19.0000 best_alt=15.0000 gap=4.0000 tried=5 sep_labels=15 clique_frac=0.08
t=2552ms iter=50 REBUILD reject new_tc=21.8573 (was 21.7522)
t=2572ms iter=50 incumb=21.7522 ratchet=21.7526 best=21.7264 since_improve=39
t=2574ms iter=51 WAIST cost=19.0000 best_alt=15.0000 gap=4.0000 tried=5 sep_labels=15 clique_frac=0.10
t=2593ms iter=51 REBUILD reject new_tc=21.7916 (was 21.7522)
t=2614ms iter=51 incumb=21.7522 ratchet=21.9332 best=21.7264 since_improve=40
t=2615ms iter=52 WAIST cost=19.0000 best_alt=15.0000 gap=4.0000 tried=5 sep_labels=15 clique_frac=0.05
t=2635ms iter=52 REBUILD reject new_tc=22.0856 (was 21.7522)
t=2656ms iter=52 incumb=21.7522 ratchet=21.7650 best=21.7264 since_improve=41
t=2657ms iter=53 WAIST cost=19.0000 best_alt=15.0000 gap=4.0000 tried=5 sep_labels=15 clique_frac=0.08
t=2676ms iter=53 REBUILD reject new_tc=21.9504 (was 21.7522)
t=2697ms iter=53 incumb=21.7522 ratchet=21.8587 best=21.7264 since_improve=42
t=2698ms iter=54 WAIST cost=19.0000 best_alt=16.0000 gap=3.0000 tried=5 sep_labels=16 clique_frac=0.09
t=2713ms iter=54 REBUILD reject new_tc=22.1241 (was 21.7522)
t=2733ms iter=54 incumb=21.7522 ratchet=21.7482 best=21.7264 since_improve=0
t=2735ms iter=55 WAIST cost=19.0000 best_alt=15.0000 gap=4.0000 tried=5 sep_labels=15 clique_frac=0.02
t=2754ms iter=55 REBUILD reject new_tc=22.0406 (was 21.7482)
t=2775ms iter=55 incumb=21.7482 ratchet=21.7556 best=21.7264 since_improve=1
t=2777ms iter=56 WAIST cost=19.0000 best_alt=15.0000 gap=4.0000 tried=5 sep_labels=15 clique_frac=0.02
t=2796ms iter=56 REBUILD reject new_tc=21.8386 (was 21.7482)
t=2816ms iter=56 incumb=21.7482 ratchet=21.8641 best=21.7264 since_improve=2
t=2818ms iter=57 WAIST cost=19.0000 best_alt=15.0000 gap=4.0000 tried=5 sep_labels=15 clique_frac=0.02
t=2838ms iter=57 REBUILD reject new_tc=21.8298 (was 21.7482)
t=2859ms iter=57 incumb=21.7482 ratchet=21.8545 best=21.7264 since_improve=3
t=2860ms iter=58 WAIST cost=19.0000 best_alt=15.0000 gap=4.0000 tried=5 sep_labels=15 clique_frac=0.02
t=2879ms iter=58 REBUILD reject new_tc=21.8676 (was 21.7482)
t=2900ms iter=58 incumb=21.7482 ratchet=21.7681 best=21.7264 since_improve=4
t=2902ms iter=59 WAIST cost=19.0000 best_alt=15.0000 gap=4.0000 tried=5 sep_labels=15 clique_frac=0.02
t=2921ms iter=59 REBUILD reject new_tc=21.8611 (was 21.7482)
t=2942ms iter=59 incumb=21.7482 ratchet=21.7925 best=21.7264 since_improve=5
t=2943ms iter=60 WAIST cost=19.0000 best_alt=15.0000 gap=4.0000 tried=5 sep_labels=15 clique_frac=0.02
t=2962ms iter=60 REBUILD reject new_tc=21.8170 (was 21.7482)
t=2983ms iter=60 incumb=21.7482 ratchet=21.7595 best=21.7264 since_improve=6
t=2984ms iter=61 WAIST cost=19.0000 best_alt=15.0000 gap=4.0000 tried=5 sep_labels=15 clique_frac=0.02
t=3004ms iter=61 REBUILD reject new_tc=21.8696 (was 21.7482)
t=3024ms iter=61 incumb=21.7482 ratchet=21.8172 best=21.7264 since_improve=7
t=3026ms iter=62 WAIST cost=19.0000 best_alt=15.0000 gap=4.0000 tried=5 sep_labels=15 clique_frac=0.02
t=3045ms iter=62 REBUILD reject new_tc=21.9526 (was 21.7482)
t=3066ms iter=62 incumb=21.7482 ratchet=21.9073 best=21.7264 since_improve=8
t=3068ms iter=63 WAIST cost=19.0000 best_alt=15.0000 gap=4.0000 tried=5 sep_labels=15 clique_frac=0.02
t=3087ms iter=63 REBUILD reject new_tc=21.8671 (was 21.7482)
t=3107ms iter=63 incumb=21.7482 ratchet=21.9356 best=21.7264 since_improve=9
t=3109ms iter=64 WAIST cost=19.0000 best_alt=15.0000 gap=4.0000 tried=5 sep_labels=15 clique_frac=0.02
t=3128ms iter=64 REBUILD reject new_tc=21.8693 (was 21.7482)
t=3148ms iter=64 incumb=21.7482 ratchet=21.7922 best=21.7264 since_improve=10
t=3150ms iter=65 WAIST cost=19.0000 best_alt=15.0000 gap=4.0000 tried=5 sep_labels=15 clique_frac=0.02
t=3169ms iter=65 REBUILD reject new_tc=21.8697 (was 21.7482)
t=3190ms iter=65 incumb=21.7482 ratchet=21.7407 best=21.7264 since_improve=0
t=3191ms iter=66 WAIST cost=19.0000 best_alt=15.0000 gap=4.0000 tried=5 sep_labels=15 clique_frac=0.07
t=3211ms iter=66 REBUILD reject new_tc=22.0512 (was 21.7407)
t=3232ms iter=66 incumb=21.7407 ratchet=21.7564 best=21.7264 since_improve=1
t=3233ms iter=67 WAIST cost=19.0000 best_alt=16.0000 gap=3.0000 tried=5 sep_labels=16 clique_frac=0.08
t=3252ms iter=67 REBUILD reject new_tc=22.0519 (was 21.7407)
t=3273ms iter=67 incumb=21.7407 ratchet=21.7301 best=21.7264 since_improve=0
t=3274ms iter=68 WAIST cost=19.0000 best_alt=15.0000 gap=4.0000 tried=5 sep_labels=15 clique_frac=0.08
t=3294ms iter=68 REBUILD reject new_tc=21.8546 (was 21.7301)
t=3314ms iter=68 incumb=21.7301 ratchet=22.0446 best=21.7264 since_improve=1
t=3316ms iter=69 WAIST cost=19.0000 best_alt=15.0000 gap=4.0000 tried=5 sep_labels=15 clique_frac=0.08
t=3335ms iter=69 REBUILD reject new_tc=21.7890 (was 21.7301)
t=3356ms iter=69 incumb=21.7301 ratchet=21.8561 best=21.7264 since_improve=2
t=3357ms iter=70 WAIST cost=19.0000 best_alt=15.0000 gap=4.0000 tried=5 sep_labels=15 clique_frac=0.08
t=3377ms iter=70 REBUILD reject new_tc=21.8961 (was 21.7301)
t=3398ms iter=70 incumb=21.7301 ratchet=21.7564 best=21.7264 since_improve=3
t=3399ms iter=71 WAIST cost=19.0000 best_alt=16.0000 gap=3.0000 tried=5 sep_labels=16 clique_frac=0.06
t=3413ms iter=71 REBUILD reject new_tc=21.7387 (was 21.7301)
t=3434ms iter=71 incumb=21.7301 ratchet=21.9520 best=21.7264 since_improve=4
t=3435ms iter=72 WAIST cost=19.0000 best_alt=15.0000 gap=4.0000 tried=5 sep_labels=15 clique_frac=0.05
t=3455ms iter=72 REBUILD reject new_tc=22.1245 (was 21.7301)
t=3482ms iter=72 incumb=21.7301 ratchet=21.7789 best=21.7245 since_improve=5
t=3484ms iter=73 WAIST cost=19.0000 best_alt=16.0000 gap=3.0000 tried=5 sep_labels=16 clique_frac=0.06
t=3498ms iter=73 REBUILD reject new_tc=21.9386 (was 21.7301)
t=3518ms iter=73 incumb=21.7301 ratchet=21.8573 best=21.7245 since_improve=6
t=3519ms iter=74 WAIST cost=19.0000 best_alt=15.0000 gap=4.0000 tried=5 sep_labels=15 clique_frac=0.08
t=3538ms iter=74 REBUILD reject new_tc=22.0375 (was 21.7301)
t=3560ms iter=74 incumb=21.7301 ratchet=21.8759 best=21.7245 since_improve=7
t=3561ms iter=75 WAIST cost=19.0000 best_alt=15.0000 gap=4.0000 tried=5 sep_labels=15 clique_frac=0.10
t=3581ms iter=75 REBUILD reject new_tc=21.9829 (was 21.7301)
t=3601ms iter=75 incumb=21.7301 ratchet=21.8524 best=21.7245 since_improve=8
t=3602ms iter=76 WAIST cost=19.0000 best_alt=15.0000 gap=4.0000 tried=5 sep_labels=15 clique_frac=0.05
t=3622ms iter=76 REBUILD reject new_tc=21.8200 (was 21.7301)
t=3642ms iter=76 incumb=21.7301 ratchet=21.7492 best=21.7245 since_improve=9
t=3644ms iter=77 WAIST cost=19.0000 best_alt=15.0000 gap=4.0000 tried=5 sep_labels=15 clique_frac=0.05
t=3663ms iter=77 REBUILD reject new_tc=22.0760 (was 21.7301)
t=3684ms iter=77 incumb=21.7301 ratchet=21.7529 best=21.7245 since_improve=10
t=3685ms iter=78 WAIST cost=19.0000 best_alt=16.0000 gap=3.0000 tried=5 sep_labels=16 clique_frac=0.06
t=3699ms iter=78 REBUILD reject new_tc=21.8570 (was 21.7301)
t=3720ms iter=78 incumb=21.7301 ratchet=21.8827 best=21.7245 since_improve=11
t=3721ms iter=79 WAIST cost=19.0000 best_alt=15.0000 gap=4.0000 tried=5 sep_labels=15 clique_frac=0.10
t=3741ms iter=79 REBUILD reject new_tc=21.7754 (was 21.7301)
t=3761ms iter=79 incumb=21.7301 ratchet=21.8209 best=21.7245 since_improve=12
t=3762ms iter=80 WAIST cost=19.0000 best_alt=16.0000 gap=3.0000 tried=5 sep_labels=16 clique_frac=0.06
t=3777ms iter=80 REBUILD reject new_tc=21.9447 (was 21.7301)
t=3797ms iter=80 incumb=21.7301 ratchet=21.8438 best=21.7245 since_improve=13
t=3799ms iter=81 WAIST cost=19.0000 best_alt=15.0000 gap=4.0000 tried=5 sep_labels=15 clique_frac=0.08
t=3818ms iter=81 REBUILD reject new_tc=22.1198 (was 21.7301)
t=3839ms iter=81 incumb=21.7301 ratchet=21.8304 best=21.7245 since_improve=14
t=3840ms iter=82 WAIST cost=19.0000 best_alt=15.0000 gap=4.0000 tried=5 sep_labels=15 clique_frac=0.05
t=3860ms iter=82 REBUILD reject new_tc=22.2170 (was 21.7301)
t=3881ms iter=82 incumb=21.7301 ratchet=21.7562 best=21.7245 since_improve=15
t=3882ms iter=83 WAIST cost=19.0000 best_alt=15.0000 gap=4.0000 tried=5 sep_labels=15 clique_frac=0.07
t=3902ms iter=83 REBUILD reject new_tc=21.8640 (was 21.7301)
t=3923ms iter=83 incumb=21.7301 ratchet=21.8354 best=21.7245 since_improve=16
t=3924ms iter=84 WAIST cost=19.0000 best_alt=16.0000 gap=3.0000 tried=5 sep_labels=16 clique_frac=0.06
t=3938ms iter=84 REBUILD reject new_tc=21.8162 (was 21.7301)
t=3959ms iter=84 incumb=21.7301 ratchet=21.8700 best=21.7245 since_improve=17
t=3960ms iter=85 WAIST cost=19.0000 best_alt=15.0000 gap=4.0000 tried=5 sep_labels=15 clique_frac=0.02
t=3980ms iter=85 REBUILD reject new_tc=22.1205 (was 21.7301)
t=4000ms iter=85 incumb=21.7301 ratchet=21.7447 best=21.7245 since_improve=18
t=4002ms iter=86 WAIST cost=19.0000 best_alt=16.0000 gap=3.0000 tried=5 sep_labels=16 clique_frac=0.06
t=4016ms iter=86 REBUILD reject new_tc=22.0996 (was 21.7301)
t=4036ms iter=86 incumb=21.7301 ratchet=21.9307 best=21.7245 since_improve=19
t=4038ms iter=87 WAIST cost=19.0000 best_alt=15.0000 gap=4.0000 tried=5 sep_labels=15 clique_frac=0.08
t=4057ms iter=87 REBUILD reject new_tc=22.1121 (was 21.7301)
t=4079ms iter=87 incumb=21.7301 ratchet=21.9188 best=21.7245 since_improve=20
t=4080ms iter=88 WAIST cost=19.0000 best_alt=15.0000 gap=4.0000 tried=5 sep_labels=15 clique_frac=0.08
t=4099ms iter=88 REBUILD reject new_tc=22.2688 (was 21.7301)
t=4120ms iter=88 incumb=21.7301 ratchet=21.7390 best=21.7245 since_improve=21
t=4122ms iter=89 WAIST cost=19.0000 best_alt=16.0000 gap=3.0000 tried=5 sep_labels=16 clique_frac=0.06
t=4136ms iter=89 REBUILD reject new_tc=21.7521 (was 21.7301)
t=4157ms iter=89 incumb=21.7301 ratchet=21.9240 best=21.7245 since_improve=22
t=4158ms iter=90 WAIST cost=19.0000 best_alt=16.0000 gap=3.0000 tried=5 sep_labels=16 clique_frac=0.06
t=4172ms iter=90 REBUILD reject new_tc=22.0790 (was 21.7301)
t=4192ms iter=90 incumb=21.7301 ratchet=21.9286 best=21.7245 since_improve=23
t=4194ms iter=91 WAIST cost=19.0000 best_alt=16.0000 gap=3.0000 tried=5 sep_labels=16 clique_frac=0.06
t=4208ms iter=91 REBUILD reject new_tc=21.7516 (was 21.7301)
t=4229ms iter=91 incumb=21.7301 ratchet=21.8061 best=21.7245 since_improve=24
t=4230ms iter=92 WAIST cost=19.0000 best_alt=15.0000 gap=4.0000 tried=5 sep_labels=15 clique_frac=0.06
t=4249ms iter=92 REBUILD reject new_tc=21.7860 (was 21.7301)
t=4270ms iter=92 incumb=21.7301 ratchet=21.8682 best=21.7245 since_improve=25
t=4272ms iter=93 WAIST cost=19.0000 best_alt=15.0000 gap=4.0000 tried=5 sep_labels=15 clique_frac=0.05
t=4291ms iter=93 REBUILD reject new_tc=22.1536 (was 21.7301)
t=4312ms iter=93 incumb=21.7301 ratchet=21.7926 best=21.7245 since_improve=26
t=4313ms iter=94 WAIST cost=19.0000 best_alt=15.0000 gap=4.0000 tried=5 sep_labels=15 clique_frac=0.05
t=4333ms iter=94 REBUILD reject new_tc=21.9837 (was 21.7301)
t=4353ms iter=94 incumb=21.7301 ratchet=21.7685 best=21.7245 since_improve=27
t=4354ms iter=95 WAIST cost=19.0000 best_alt=16.0000 gap=3.0000 tried=5 sep_labels=16 clique_frac=0.06
t=4368ms iter=95 REBUILD reject new_tc=22.2547 (was 21.7301)
t=4389ms iter=95 incumb=21.7301 ratchet=21.9075 best=21.7245 since_improve=28
t=4390ms iter=96 WAIST cost=19.0000 best_alt=16.0000 gap=3.0000 tried=5 sep_labels=16 clique_frac=0.06
t=4404ms iter=96 REBUILD reject new_tc=21.8290 (was 21.7301)
t=4425ms iter=96 incumb=21.7301 ratchet=21.8838 best=21.7245 since_improve=29
t=4426ms iter=97 WAIST cost=19.0000 best_alt=16.0000 gap=3.0000 tried=5 sep_labels=16 clique_frac=0.06
t=4440ms iter=97 REBUILD reject new_tc=22.0242 (was 21.7301)
t=4461ms iter=97 incumb=21.7301 ratchet=21.8089 best=21.7245 since_improve=30
t=4463ms iter=98 WAIST cost=19.0000 best_alt=15.0000 gap=4.0000 tried=5 sep_labels=15 clique_frac=0.10
t=4482ms iter=98 REBUILD reject new_tc=22.0629 (was 21.7301)
t=4503ms iter=98 incumb=21.7301 ratchet=21.9424 best=21.7245 since_improve=31
t=4504ms iter=99 WAIST cost=19.0000 best_alt=15.0000 gap=4.0000 tried=5 sep_labels=15 clique_frac=0.02
t=4524ms iter=99 REBUILD reject new_tc=21.9038 (was 21.7301)
t=4544ms iter=99 incumb=21.7301 ratchet=22.0547 best=21.7245 since_improve=32
t=4546ms iter=100 WAIST cost=19.0000 best_alt=15.0000 gap=4.0000 tried=5 sep_labels=15 clique_frac=0.07
t=4565ms iter=100 REBUILD reject new_tc=21.8070 (was 21.7301)
t=4586ms iter=100 incumb=21.7301 ratchet=22.0107 best=21.7245 since_improve=33
t=4587ms iter=101 WAIST cost=19.0000 best_alt=16.0000 gap=3.0000 tried=5 sep_labels=16 clique_frac=0.06
t=4601ms iter=101 REBUILD reject new_tc=21.7416 (was 21.7301)
t=4622ms iter=101 incumb=21.7301 ratchet=21.8954 best=21.7245 since_improve=34
t=4623ms iter=102 WAIST cost=19.0000 best_alt=16.0000 gap=3.0000 tried=5 sep_labels=16 clique_frac=0.06
t=4637ms iter=102 REBUILD reject new_tc=22.2828 (was 21.7301)
t=4658ms iter=102 incumb=21.7301 ratchet=21.8123 best=21.7245 since_improve=35
t=4659ms iter=103 WAIST cost=19.0000 best_alt=15.0000 gap=4.0000 tried=5 sep_labels=15 clique_frac=0.08
t=4679ms iter=103 REBUILD reject new_tc=21.9960 (was 21.7301)
t=4699ms iter=103 incumb=21.7301 ratchet=21.7699 best=21.7245 since_improve=36
t=4701ms iter=104 WAIST cost=19.0000 best_alt=16.0000 gap=3.0000 tried=5 sep_labels=16 clique_frac=0.06
t=4715ms iter=104 REBUILD reject new_tc=21.8191 (was 21.7301)
t=4736ms iter=104 incumb=21.7301 ratchet=21.8390 best=21.7245 since_improve=37
t=4737ms iter=105 WAIST cost=19.0000 best_alt=16.0000 gap=3.0000 tried=5 sep_labels=16 clique_frac=0.06
t=4751ms iter=105 REBUILD reject new_tc=21.7547 (was 21.7301)
t=4772ms iter=105 incumb=21.7301 ratchet=22.0330 best=21.7245 since_improve=38
t=4773ms iter=106 WAIST cost=19.0000 best_alt=15.0000 gap=4.0000 tried=5 sep_labels=15 clique_frac=0.02
t=4792ms iter=106 REBUILD reject new_tc=22.2612 (was 21.7301)
t=4813ms iter=106 incumb=21.7301 ratchet=21.8406 best=21.7245 since_improve=39
t=4814ms iter=107 WAIST cost=19.0000 best_alt=15.0000 gap=4.0000 tried=5 sep_labels=15 clique_frac=0.02
t=4833ms iter=107 REBUILD reject new_tc=22.1583 (was 21.7301)
t=4854ms iter=107 incumb=21.7301 ratchet=21.7539 best=21.7245 since_improve=40
t=4856ms iter=108 WAIST cost=19.0000 best_alt=15.0000 gap=4.0000 tried=5 sep_labels=15 clique_frac=0.08
t=4876ms iter=108 REBUILD reject new_tc=21.9275 (was 21.7301)
t=4897ms iter=108 incumb=21.7301 ratchet=21.9298 best=21.7245 since_improve=41
t=4898ms iter=109 WAIST cost=19.0000 best_alt=15.0000 gap=4.0000 tried=5 sep_labels=15 clique_frac=0.08
t=4918ms iter=109 REBUILD reject new_tc=21.7521 (was 21.7301)
t=4937ms iter=109 incumb=21.7301 ratchet=21.8975 best=21.7245 since_improve=42
t=4939ms iter=110 WAIST cost=19.0000 best_alt=15.0000 gap=4.0000 tried=5 sep_labels=15 clique_frac=0.10
t=4958ms iter=110 REBUILD reject new_tc=21.9293 (was 21.7301)
t=4979ms iter=110 incumb=21.7301 ratchet=21.8432 best=21.7245 since_improve=43
t=4980ms iter=111 WAIST cost=19.0000 best_alt=15.0000 gap=4.0000 tried=5 sep_labels=15 clique_frac=0.08
t=4999ms iter=111 REBUILD reject new_tc=21.7766 (was 21.7301)
t=5020ms iter=111 incumb=21.7301 ratchet=21.7459 best=21.7245 since_improve=44
t=5022ms iter=112 WAIST cost=19.0000 best_alt=16.0000 gap=3.0000 tried=5 sep_labels=16 clique_frac=0.06
t=5036ms iter=112 REBUILD reject new_tc=21.8462 (was 21.7301)
t=5056ms iter=112 incumb=21.7301 ratchet=21.7918 best=21.7245 since_improve=45
t=5057ms iter=113 WAIST cost=19.0000 best_alt=15.0000 gap=4.0000 tried=5 sep_labels=15 clique_frac=0.05
t=5077ms iter=113 REBUILD reject new_tc=22.1770 (was 21.7301)
t=5098ms iter=113 incumb=21.7301 ratchet=21.9477 best=21.7245 since_improve=46
t=5099ms iter=114 WAIST cost=19.0000 best_alt=15.0000 gap=4.0000 tried=5 sep_labels=15 clique_frac=0.08
t=5119ms iter=114 REBUILD reject new_tc=21.9379 (was 21.7301)
t=5139ms iter=114 incumb=21.7301 ratchet=21.8940 best=21.7245 since_improve=47
t=5141ms iter=115 WAIST cost=19.0000 best_alt=16.0000 gap=3.0000 tried=5 sep_labels=16 clique_frac=0.06
t=5155ms iter=115 REBUILD reject new_tc=22.0871 (was 21.7301)
t=5175ms iter=115 incumb=21.7301 ratchet=21.8474 best=21.7245 since_improve=48
t=5176ms iter=116 WAIST cost=19.0000 best_alt=15.0000 gap=4.0000 tried=5 sep_labels=15 clique_frac=0.05
t=5196ms iter=116 REBUILD reject new_tc=21.8661 (was 21.7301)
t=5216ms iter=116 incumb=21.7301 ratchet=21.9175 best=21.7245 since_improve=49
t=5217ms iter=117 WAIST cost=19.0000 best_alt=15.0000 gap=4.0000 tried=5 sep_labels=15 clique_frac=0.02
t=5237ms iter=117 REBUILD reject new_tc=22.0086 (was 21.7301)
t=5257ms iter=117 incumb=21.7301 ratchet=21.9509 best=21.7245 since_improve=50
t=5258ms iter=118 WAIST cost=19.0000 best_alt=16.0000 gap=3.0000 tried=5 sep_labels=16 clique_frac=0.06
t=5273ms iter=118 REBUILD reject new_tc=21.9512 (was 21.7301)
t=5302ms iter=118 incumb=21.7301 ratchet=21.7414 best=21.7145 since_improve=51
t=5303ms iter=119 WAIST cost=19.0000 best_alt=15.0000 gap=4.0000 tried=5 sep_labels=15 clique_frac=0.08
t=5322ms iter=119 REBUILD reject new_tc=22.1698 (was 21.7301)
t=5343ms iter=119 incumb=21.7301 ratchet=21.7581 best=21.7145 since_improve=52
t=5345ms iter=120 WAIST cost=19.0000 best_alt=16.0000 gap=3.0000 tried=5 sep_labels=16 clique_frac=0.06
t=5358ms iter=120 REBUILD reject new_tc=22.0456 (was 21.7301)
t=5379ms iter=120 incumb=21.7301 ratchet=21.8319 best=21.7145 since_improve=53
t=5381ms iter=121 WAIST cost=19.0000 best_alt=15.0000 gap=4.0000 tried=5 sep_labels=15 clique_frac=0.10
t=5400ms iter=121 REBUILD reject new_tc=22.2182 (was 21.7301)
t=5421ms iter=121 incumb=21.7301 ratchet=21.8174 best=21.7145 since_improve=54
t=5423ms iter=122 WAIST cost=19.0000 best_alt=15.0000 gap=4.0000 tried=5 sep_labels=15 clique_frac=0.08
t=5442ms iter=122 REBUILD reject new_tc=22.0868 (was 21.7301)
t=5463ms iter=122 incumb=21.7301 ratchet=21.9191 best=21.7145 since_improve=55
t=5464ms iter=123 WAIST cost=19.0000 best_alt=15.0000 gap=4.0000 tried=5 sep_labels=15 clique_frac=0.08
t=5484ms iter=123 REBUILD reject new_tc=21.7654 (was 21.7301)
t=5505ms iter=123 incumb=21.7301 ratchet=21.8328 best=21.7145 since_improve=56
t=5506ms iter=124 WAIST cost=19.0000 best_alt=15.0000 gap=4.0000 tried=5 sep_labels=15 clique_frac=0.08
t=5525ms iter=124 REBUILD reject new_tc=22.3331 (was 21.7301)
t=5546ms iter=124 incumb=21.7301 ratchet=21.7364 best=21.7145 since_improve=57
t=5547ms iter=125 WAIST cost=19.0000 best_alt=15.0000 gap=4.0000 tried=5 sep_labels=15 clique_frac=0.05
t=5567ms iter=125 REBUILD reject new_tc=22.1673 (was 21.7301)
t=5588ms iter=125 incumb=21.7301 ratchet=21.7926 best=21.7145 since_improve=58
t=5589ms iter=126 WAIST cost=19.0000 best_alt=16.0000 gap=3.0000 tried=5 sep_labels=16 clique_frac=0.06
t=5603ms iter=126 REBUILD reject new_tc=21.8967 (was 21.7301)
t=5624ms iter=126 incumb=21.7301 ratchet=21.7552 best=21.7145 since_improve=59
t=5625ms iter=127 WAIST cost=19.0000 best_alt=16.0000 gap=3.0000 tried=5 sep_labels=16 clique_frac=0.06
t=5639ms iter=127 REBUILD reject new_tc=22.3938 (was 21.7301)
t=5660ms iter=127 incumb=21.7301 ratchet=21.7928 best=21.7145 since_improve=60
t=5661ms iter=128 WAIST cost=19.0000 best_alt=15.0000 gap=4.0000 tried=5 sep_labels=15 clique_frac=0.02
t=5680ms iter=128 REBUILD reject new_tc=22.1260 (was 21.7301)
t=5701ms iter=128 incumb=21.7301 ratchet=21.9281 best=21.7145 since_improve=61
t=5702ms iter=129 WAIST cost=19.0000 best_alt=15.0000 gap=4.0000 tried=5 sep_labels=15 clique_frac=0.02
t=5721ms iter=129 REBUILD reject new_tc=21.8811 (was 21.7301)
t=5742ms iter=129 incumb=21.7301 ratchet=21.9372 best=21.7145 since_improve=62
t=5743ms iter=130 WAIST cost=19.0000 best_alt=15.0000 gap=4.0000 tried=5 sep_labels=15 clique_frac=0.06
t=5763ms iter=130 REBUILD reject new_tc=21.7400 (was 21.7301)
t=5784ms iter=130 incumb=21.7301 ratchet=21.8707 best=21.7145 since_improve=63
t=5785ms iter=131 WAIST cost=19.0000 best_alt=16.0000 gap=3.0000 tried=5 sep_labels=16 clique_frac=0.06
t=5799ms iter=131 REBUILD reject new_tc=21.7392 (was 21.7301)
t=5820ms iter=131 incumb=21.7301 ratchet=21.8440 best=21.7145 since_improve=64
t=5821ms iter=132 WAIST cost=19.0000 best_alt=15.0000 gap=4.0000 tried=5 sep_labels=15 clique_frac=0.08
t=5841ms iter=132 REBUILD reject new_tc=21.7586 (was 21.7301)
t=5861ms iter=132 incumb=21.7301 ratchet=21.7413 best=21.7145 since_improve=65
t=5863ms iter=133 WAIST cost=19.0000 best_alt=15.0000 gap=4.0000 tried=5 sep_labels=15 clique_frac=0.02
t=5882ms iter=133 REBUILD reject new_tc=22.3481 (was 21.7301)
t=5903ms iter=133 incumb=21.7301 ratchet=21.8975 best=21.7145 since_improve=66
t=5904ms iter=134 WAIST cost=19.0000 best_alt=15.0000 gap=4.0000 tried=5 sep_labels=15 clique_frac=0.02
t=5923ms iter=134 REBUILD reject new_tc=21.7826 (was 21.7301)
t=5945ms iter=134 incumb=21.7301 ratchet=21.7760 best=21.7145 since_improve=67
t=5946ms iter=135 WAIST cost=19.0000 best_alt=16.0000 gap=3.0000 tried=5 sep_labels=16 clique_frac=0.06
t=5960ms iter=135 REBUILD reject new_tc=22.0878 (was 21.7301)
t=5981ms iter=135 incumb=21.7301 ratchet=21.9876 best=21.7145 since_improve=68
t=5983ms iter=136 WAIST cost=19.0000 best_alt=15.0000 gap=4.0000 tried=5 sep_labels=15 clique_frac=0.05
t=6002ms iter=136 REBUILD reject new_tc=21.9951 (was 21.7301)
t=6023ms iter=136 incumb=21.7301 ratchet=21.7795 best=21.7145 since_improve=69
t=6024ms iter=137 WAIST cost=19.0000 best_alt=16.0000 gap=3.0000 tried=5 sep_labels=16 clique_frac=0.06
t=6038ms iter=137 REBUILD reject new_tc=21.9346 (was 21.7301)
t=6059ms iter=137 incumb=21.7301 ratchet=21.7665 best=21.7145 since_improve=70
t=6060ms iter=138 WAIST cost=19.0000 best_alt=16.0000 gap=3.0000 tried=5 sep_labels=16 clique_frac=0.06
t=6074ms iter=138 REBUILD reject new_tc=22.0875 (was 21.7301)
t=6095ms iter=138 incumb=21.7301 ratchet=21.7534 best=21.7145 since_improve=71
t=6096ms iter=139 WAIST cost=19.0000 best_alt=16.0000 gap=3.0000 tried=5 sep_labels=16 clique_frac=0.06
t=6110ms iter=139 REBUILD reject new_tc=21.7400 (was 21.7301)
t=6132ms iter=139 incumb=21.7301 ratchet=21.8855 best=21.7145 since_improve=72
t=6133ms iter=140 WAIST cost=19.0000 best_alt=16.0000 gap=3.0000 tried=5 sep_labels=16 clique_frac=0.06
t=6146ms iter=140 REBUILD reject new_tc=21.9390 (was 21.7301)
t=6167ms iter=140 incumb=21.7301 ratchet=21.7289 best=21.7145 since_improve=0
t=6169ms iter=141 WAIST cost=19.0000 best_alt=15.0000 gap=4.0000 tried=5 sep_labels=15 clique_frac=0.02
t=6187ms iter=141 REBUILD reject new_tc=22.3335 (was 21.7289)
t=6208ms iter=141 incumb=21.7289 ratchet=21.8808 best=21.7145 since_improve=1
t=6210ms iter=142 WAIST cost=19.0000 best_alt=15.0000 gap=4.0000 tried=5 sep_labels=15 clique_frac=0.02
t=6228ms iter=142 REBUILD reject new_tc=22.1800 (was 21.7289)
t=6250ms iter=142 incumb=21.7289 ratchet=21.7636 best=21.7145 since_improve=2
t=6251ms iter=143 WAIST cost=19.0000 best_alt=15.0000 gap=4.0000 tried=5 sep_labels=15 clique_frac=0.02
t=6270ms iter=143 REBUILD reject new_tc=22.3341 (was 21.7289)
t=6299ms iter=143 incumb=21.7289 ratchet=21.7261 best=21.7127 since_improve=0
t=6300ms iter=144 WAIST cost=19.0000 best_alt=15.0000 gap=4.0000 tried=5 sep_labels=15 clique_frac=0.10
t=6319ms iter=144 REBUILD reject new_tc=22.2133 (was 21.7261)
t=6340ms iter=144 incumb=21.7261 ratchet=22.0534 best=21.7127 since_improve=1
t=6342ms iter=145 WAIST cost=19.0000 best_alt=16.0000 gap=3.0000 tried=5 sep_labels=16 clique_frac=0.06
t=6360ms iter=145 REBUILD reject new_tc=21.7391 (was 21.7261)
t=6381ms iter=145 incumb=21.7261 ratchet=21.8843 best=21.7127 since_improve=2
t=6383ms iter=146 WAIST cost=19.0000 best_alt=15.0000 gap=4.0000 tried=5 sep_labels=15 clique_frac=0.05
t=6402ms iter=146 REBUILD reject new_tc=22.0844 (was 21.7261)
t=6423ms iter=146 incumb=21.7261 ratchet=21.9660 best=21.7127 since_improve=3
t=6424ms iter=147 WAIST cost=19.0000 best_alt=15.0000 gap=4.0000 tried=5 sep_labels=15 clique_frac=0.10
t=6444ms iter=147 REBUILD reject new_tc=22.2070 (was 21.7261)
t=6465ms iter=147 incumb=21.7261 ratchet=21.7257 best=21.7127 since_improve=0
t=6466ms iter=148 WAIST cost=19.0000 best_alt=15.0000 gap=4.0000 tried=5 sep_labels=15 clique_frac=0.10
t=6486ms iter=148 REBUILD reject new_tc=22.1432 (was 21.7257)
t=6507ms iter=148 incumb=21.7257 ratchet=21.8046 best=21.7127 since_improve=1
t=6508ms iter=149 WAIST cost=19.0000 best_alt=16.0000 gap=3.0000 tried=5 sep_labels=16 clique_frac=0.06
t=6526ms iter=149 REBUILD reject new_tc=21.7518 (was 21.7257)
t=6554ms iter=149 incumb=21.7257 ratchet=21.7794 best=21.7125 since_improve=2
t=6555ms iter=150 WAIST cost=19.0000 best_alt=16.0000 gap=3.0000 tried=5 sep_labels=16 clique_frac=0.06
t=6574ms iter=150 REBUILD reject new_tc=21.7703 (was 21.7257)
t=6595ms iter=150 incumb=21.7257 ratchet=21.8601 best=21.7125 since_improve=3
t=6596ms iter=151 WAIST cost=19.0000 best_alt=15.0000 gap=4.0000 tried=5 sep_labels=15 clique_frac=0.06
t=6616ms iter=151 REBUILD reject new_tc=21.7262 (was 21.7257)
t=6637ms iter=151 incumb=21.7257 ratchet=21.7300 best=21.7125 since_improve=4
t=6638ms iter=152 WAIST cost=19.0000 best_alt=15.0000 gap=4.0000 tried=5 sep_labels=15 clique_frac=0.05
t=6658ms iter=152 REBUILD reject new_tc=21.8245 (was 21.7257)
t=6679ms iter=152 incumb=21.7257 ratchet=21.9344 best=21.7125 since_improve=5
t=6680ms iter=153 WAIST cost=19.0000 best_alt=15.0000 gap=4.0000 tried=5 sep_labels=15 clique_frac=0.05
t=6700ms iter=153 REBUILD reject new_tc=22.1815 (was 21.7257)
t=6721ms iter=153 incumb=21.7257 ratchet=21.9768 best=21.7125 since_improve=6
t=6722ms iter=154 WAIST cost=19.0000 best_alt=15.0000 gap=4.0000 tried=5 sep_labels=15 clique_frac=0.06
t=6742ms iter=154 REBUILD reject new_tc=21.7805 (was 21.7257)
t=6762ms iter=154 incumb=21.7257 ratchet=21.8994 best=21.7125 since_improve=7
t=6764ms iter=155 WAIST cost=19.0000 best_alt=15.0000 gap=4.0000 tried=5 sep_labels=15 clique_frac=0.08
t=6783ms iter=155 REBUILD reject new_tc=22.3289 (was 21.7257)
t=6804ms iter=155 incumb=21.7257 ratchet=21.8411 best=21.7125 since_improve=8
t=6805ms iter=156 WAIST cost=19.0000 best_alt=15.0000 gap=4.0000 tried=5 sep_labels=15 clique_frac=0.08
t=6825ms iter=156 REBUILD reject new_tc=21.7814 (was 21.7257)
t=6845ms iter=156 incumb=21.7257 ratchet=21.9346 best=21.7125 since_improve=9
t=6847ms iter=157 WAIST cost=19.0000 best_alt=16.0000 gap=3.0000 tried=5 sep_labels=16 clique_frac=0.06
t=6866ms iter=157 REBUILD reject new_tc=21.7402 (was 21.7257)
t=6887ms iter=157 incumb=21.7257 ratchet=21.8036 best=21.7125 since_improve=10
t=6888ms iter=158 WAIST cost=19.0000 best_alt=15.0000 gap=4.0000 tried=5 sep_labels=15 clique_frac=0.10
t=6908ms iter=158 REBUILD reject new_tc=22.0204 (was 21.7257)
t=6929ms iter=158 incumb=21.7257 ratchet=21.8314 best=21.7125 since_improve=11
t=6930ms iter=159 WAIST cost=19.0000 best_alt=15.0000 gap=4.0000 tried=5 sep_labels=15 clique_frac=0.10
t=6950ms iter=159 REBUILD reject new_tc=21.7416 (was 21.7257)
t=6970ms iter=159 incumb=21.7257 ratchet=21.8585 best=21.7125 since_improve=12
t=6972ms iter=160 WAIST cost=19.0000 best_alt=16.0000 gap=3.0000 tried=5 sep_labels=16 clique_frac=0.06
t=6990ms iter=160 REBUILD reject new_tc=21.7411 (was 21.7257)
t=7011ms iter=160 incumb=21.7257 ratchet=21.7256 best=21.7125 since_improve=0
t=7013ms iter=161 WAIST cost=19.0000 best_alt=15.0000 gap=4.0000 tried=5 sep_labels=15 clique_frac=0.02
t=7032ms iter=161 REBUILD reject new_tc=22.2402 (was 21.7256)
t=7053ms iter=161 incumb=21.7256 ratchet=21.7677 best=21.7125 since_improve=1
t=7054ms iter=162 WAIST cost=19.0000 best_alt=15.0000 gap=4.0000 tried=5 sep_labels=15 clique_frac=0.02
t=7073ms iter=162 REBUILD reject new_tc=21.9253 (was 21.7256)
t=7094ms iter=162 incumb=21.7256 ratchet=21.9160 best=21.7125 since_improve=2
t=7096ms iter=163 WAIST cost=19.0000 best_alt=15.0000 gap=4.0000 tried=5 sep_labels=15 clique_frac=0.02
t=7115ms iter=163 REBUILD reject new_tc=21.8694 (was 21.7256)
t=7136ms iter=163 incumb=21.7256 ratchet=21.8351 best=21.7125 since_improve=3
t=7137ms iter=164 WAIST cost=19.0000 best_alt=15.0000 gap=4.0000 tried=5 sep_labels=15 clique_frac=0.02
t=7156ms iter=164 REBUILD reject new_tc=22.3341 (was 21.7256)
t=7178ms iter=164 incumb=21.7256 ratchet=21.8967 best=21.7125 since_improve=4
t=7179ms iter=165 WAIST cost=19.0000 best_alt=15.0000 gap=4.0000 tried=5 sep_labels=15 clique_frac=0.02
t=7198ms iter=165 REBUILD reject new_tc=21.9401 (was 21.7256)
t=7219ms iter=165 incumb=21.7256 ratchet=21.9174 best=21.7125 since_improve=5
t=7220ms iter=166 WAIST cost=19.0000 best_alt=15.0000 gap=4.0000 tried=5 sep_labels=15 clique_frac=0.02
t=7240ms iter=166 REBUILD reject new_tc=21.8179 (was 21.7256)
t=7260ms iter=166 incumb=21.7256 ratchet=21.7406 best=21.7125 since_improve=6
t=7261ms iter=167 WAIST cost=19.0000 best_alt=15.0000 gap=4.0000 tried=5 sep_labels=15 clique_frac=0.02
t=7281ms iter=167 REBUILD reject new_tc=22.4362 (was 21.7256)
t=7302ms iter=167 incumb=21.7256 ratchet=21.8088 best=21.7125 since_improve=7
t=7303ms iter=168 WAIST cost=19.0000 best_alt=15.0000 gap=4.0000 tried=5 sep_labels=15 clique_frac=0.02
t=7323ms iter=168 REBUILD reject new_tc=21.8557 (was 21.7256)
t=7344ms iter=168 incumb=21.7256 ratchet=21.8316 best=21.7125 since_improve=8
t=7345ms iter=169 WAIST cost=19.0000 best_alt=15.0000 gap=4.0000 tried=5 sep_labels=15 clique_frac=0.02
t=7364ms iter=169 REBUILD reject new_tc=22.1745 (was 21.7256)
t=7385ms iter=169 incumb=21.7256 ratchet=21.9301 best=21.7125 since_improve=9
t=7386ms iter=170 WAIST cost=19.0000 best_alt=15.0000 gap=4.0000 tried=5 sep_labels=15 clique_frac=0.02
t=7405ms iter=170 REBUILD reject new_tc=22.3962 (was 21.7256)
t=7426ms iter=170 incumb=21.7256 ratchet=21.7918 best=21.7125 since_improve=10
t=7427ms iter=171 WAIST cost=19.0000 best_alt=15.0000 gap=4.0000 tried=5 sep_labels=15 clique_frac=0.02
t=7447ms iter=171 REBUILD reject new_tc=21.8552 (was 21.7256)
t=7467ms iter=171 incumb=21.7256 ratchet=21.9889 best=21.7125 since_improve=11
t=7468ms iter=172 WAIST cost=19.0000 best_alt=15.0000 gap=4.0000 tried=5 sep_labels=15 clique_frac=0.02
t=7488ms iter=172 REBUILD reject new_tc=22.4409 (was 21.7256)
t=7509ms iter=172 incumb=21.7256 ratchet=21.9537 best=21.7125 since_improve=12
t=7510ms iter=173 WAIST cost=19.0000 best_alt=15.0000 gap=4.0000 tried=5 sep_labels=15 clique_frac=0.02
t=7529ms iter=173 REBUILD reject new_tc=22.3332 (was 21.7256)
t=7550ms iter=173 incumb=21.7256 ratchet=21.9041 best=21.7125 since_improve=13
t=7552ms iter=174 WAIST cost=19.0000 best_alt=15.0000 gap=4.0000 tried=5 sep_labels=15 clique_frac=0.02
t=7571ms iter=174 REBUILD reject new_tc=21.7920 (was 21.7256)
t=7592ms iter=174 incumb=21.7256 ratchet=21.9898 best=21.7125 since_improve=14
t=7594ms iter=175 WAIST cost=19.0000 best_alt=15.0000 gap=4.0000 tried=5 sep_labels=15 clique_frac=0.02
t=7613ms iter=175 REBUILD reject new_tc=22.0422 (was 21.7256)
t=7633ms iter=175 incumb=21.7256 ratchet=21.8596 best=21.7125 since_improve=15
t=7635ms iter=176 WAIST cost=19.0000 best_alt=15.0000 gap=4.0000 tried=5 sep_labels=15 clique_frac=0.02
t=7653ms iter=176 REBUILD reject new_tc=21.8808 (was 21.7256)
t=7675ms iter=176 incumb=21.7256 ratchet=21.8076 best=21.7125 since_improve=16
t=7676ms iter=177 WAIST cost=19.0000 best_alt=15.0000 gap=4.0000 tried=5 sep_labels=15 clique_frac=0.02
t=7696ms iter=177 REBUILD reject new_tc=21.9287 (was 21.7256)
t=7716ms iter=177 incumb=21.7256 ratchet=21.8114 best=21.7125 since_improve=17
t=7718ms iter=178 WAIST cost=19.0000 best_alt=15.0000 gap=4.0000 tried=5 sep_labels=15 clique_frac=0.02
t=7737ms iter=178 REBUILD reject new_tc=22.1778 (was 21.7256)
t=7758ms iter=178 incumb=21.7256 ratchet=21.8152 best=21.7125 since_improve=18
t=7760ms iter=179 WAIST cost=19.0000 best_alt=15.0000 gap=4.0000 tried=5 sep_labels=15 clique_frac=0.02
t=7779ms iter=179 REBUILD reject new_tc=21.7845 (was 21.7256)
t=7799ms iter=179 incumb=21.7256 ratchet=21.9419 best=21.7125 since_improve=19
t=7801ms iter=180 WAIST cost=19.0000 best_alt=15.0000 gap=4.0000 tried=5 sep_labels=15 clique_frac=0.02
t=7820ms iter=180 REBUILD reject new_tc=22.2958 (was 21.7256)
t=7841ms iter=180 incumb=21.7256 ratchet=21.8441 best=21.7125 since_improve=20
t=7842ms iter=181 WAIST cost=19.0000 best_alt=15.0000 gap=4.0000 tried=5 sep_labels=15 clique_frac=0.02
t=7861ms iter=181 REBUILD reject new_tc=22.1511 (was 21.7256)
t=7882ms iter=181 incumb=21.7256 ratchet=21.9800 best=21.7125 since_improve=21
t=7883ms iter=182 WAIST cost=19.0000 best_alt=15.0000 gap=4.0000 tried=5 sep_labels=15 clique_frac=0.02
t=7902ms iter=182 REBUILD reject new_tc=22.3664 (was 21.7256)
t=7923ms iter=182 incumb=21.7256 ratchet=21.7670 best=21.7125 since_improve=22
t=7924ms iter=183 WAIST cost=19.0000 best_alt=15.0000 gap=4.0000 tried=5 sep_labels=15 clique_frac=0.02
t=7944ms iter=183 REBUILD reject new_tc=21.8583 (was 21.7256)
t=7965ms iter=183 incumb=21.7256 ratchet=21.9715 best=21.7125 since_improve=23
t=7966ms iter=184 WAIST cost=19.0000 best_alt=15.0000 gap=4.0000 tried=5 sep_labels=15 clique_frac=0.02
t=7986ms iter=184 REBUILD reject new_tc=21.7793 (was 21.7256)
t=8006ms iter=184 incumb=21.7256 ratchet=21.7816 best=21.7125 since_improve=24
t=8007ms iter=185 WAIST cost=19.0000 best_alt=15.0000 gap=4.0000 tried=5 sep_labels=15 clique_frac=0.02
t=8026ms iter=185 REBUILD reject new_tc=22.2755 (was 21.7256)
t=8047ms iter=185 incumb=21.7256 ratchet=21.8488 best=21.7125 since_improve=25
t=8049ms iter=186 WAIST cost=19.0000 best_alt=15.0000 gap=4.0000 tried=5 sep_labels=15 clique_frac=0.02
t=8068ms iter=186 REBUILD reject new_tc=21.8755 (was 21.7256)
t=8089ms iter=186 incumb=21.7256 ratchet=21.7540 best=21.7125 since_improve=26
t=8090ms iter=187 WAIST cost=19.0000 best_alt=15.0000 gap=4.0000 tried=5 sep_labels=15 clique_frac=0.02
t=8109ms iter=187 REBUILD reject new_tc=22.0393 (was 21.7256)
t=8130ms iter=187 incumb=21.7256 ratchet=21.7409 best=21.7125 since_improve=27
t=8131ms iter=188 WAIST cost=19.0000 best_alt=15.0000 gap=4.0000 tried=5 sep_labels=15 clique_frac=0.02
t=8150ms iter=188 REBUILD reject new_tc=21.9717 (was 21.7256)
t=8171ms iter=188 incumb=21.7256 ratchet=21.8083 best=21.7125 since_improve=28
t=8172ms iter=189 WAIST cost=19.0000 best_alt=15.0000 gap=4.0000 tried=5 sep_labels=15 clique_frac=0.02
t=8191ms iter=189 REBUILD reject new_tc=21.8668 (was 21.7256)
t=8211ms iter=189 incumb=21.7256 ratchet=21.8777 best=21.7125 since_improve=29
t=8213ms iter=190 WAIST cost=19.0000 best_alt=15.0000 gap=4.0000 tried=5 sep_labels=15 clique_frac=0.02
t=8232ms iter=190 REBUILD reject new_tc=21.8351 (was 21.7256)
t=8253ms iter=190 incumb=21.7256 ratchet=22.1593 best=21.7125 since_improve=30
t=8254ms iter=191 WAIST cost=19.0000 best_alt=15.0000 gap=4.0000 tried=5 sep_labels=15 clique_frac=0.02
t=8273ms iter=191 REBUILD reject new_tc=22.0813 (was 21.7256)
t=8294ms iter=191 incumb=21.7256 ratchet=21.7406 best=21.7125 since_improve=31
t=8295ms iter=192 WAIST cost=19.0000 best_alt=15.0000 gap=4.0000 tried=5 sep_labels=15 clique_frac=0.02
t=8315ms iter=192 REBUILD reject new_tc=21.7824 (was 21.7256)
t=8336ms iter=192 incumb=21.7256 ratchet=21.9761 best=21.7125 since_improve=32
t=8337ms iter=193 WAIST cost=19.0000 best_alt=15.0000 gap=4.0000 tried=5 sep_labels=15 clique_frac=0.02
t=8356ms iter=193 REBUILD reject new_tc=21.8327 (was 21.7256)
t=8378ms iter=193 incumb=21.7256 ratchet=21.7925 best=21.7125 since_improve=33
t=8379ms iter=194 WAIST cost=19.0000 best_alt=15.0000 gap=4.0000 tried=5 sep_labels=15 clique_frac=0.02
t=8398ms iter=194 REBUILD reject new_tc=22.0428 (was 21.7256)
t=8419ms iter=194 incumb=21.7256 ratchet=21.8443 best=21.7125 since_improve=34
t=8421ms iter=195 WAIST cost=19.0000 best_alt=15.0000 gap=4.0000 tried=5 sep_labels=15 clique_frac=0.02
t=8440ms iter=195 REBUILD reject new_tc=22.1546 (was 21.7256)
t=8461ms iter=195 incumb=21.7256 ratchet=21.9301 best=21.7125 since_improve=35
t=8462ms iter=196 WAIST cost=19.0000 best_alt=15.0000 gap=4.0000 tried=5 sep_labels=15 clique_frac=0.02
t=8481ms iter=196 REBUILD reject new_tc=22.0999 (was 21.7256)
t=8502ms iter=196 incumb=21.7256 ratchet=21.7547 best=21.7125 since_improve=36
t=8503ms iter=197 WAIST cost=19.0000 best_alt=15.0000 gap=4.0000 tried=5 sep_labels=15 clique_frac=0.02
t=8522ms iter=197 REBUILD reject new_tc=21.9306 (was 21.7256)
t=8543ms iter=197 incumb=21.7256 ratchet=21.7535 best=21.7125 since_improve=37
t=8544ms iter=198 WAIST cost=19.0000 best_alt=15.0000 gap=4.0000 tried=5 sep_labels=15 clique_frac=0.02
t=8563ms iter=198 REBUILD reject new_tc=22.2830 (was 21.7256)
t=8584ms iter=198 incumb=21.7256 ratchet=21.7600 best=21.7125 since_improve=38
t=8585ms iter=199 WAIST cost=19.0000 best_alt=15.0000 gap=4.0000 tried=5 sep_labels=15 clique_frac=0.02
t=8604ms iter=199 REBUILD reject new_tc=22.2048 (was 21.7256)
t=8625ms iter=199 incumb=21.7256 ratchet=21.7923 best=21.7125 since_improve=39
t=8626ms iter=200 WAIST cost=19.0000 best_alt=15.0000 gap=4.0000 tried=5 sep_labels=15 clique_frac=0.02
t=8645ms iter=200 REBUILD reject new_tc=22.1252 (was 21.7256)
t=8666ms iter=200 incumb=21.7256 ratchet=21.7405 best=21.7125 since_improve=40
t=8668ms iter=201 WAIST cost=19.0000 best_alt=15.0000 gap=4.0000 tried=5 sep_labels=15 clique_frac=0.02
t=8687ms iter=201 REBUILD reject new_tc=21.8079 (was 21.7256)
t=8708ms iter=201 incumb=21.7256 ratchet=21.9324 best=21.7125 since_improve=41
t=8709ms iter=202 WAIST cost=19.0000 best_alt=15.0000 gap=4.0000 tried=5 sep_labels=15 clique_frac=0.02
t=8728ms iter=202 REBUILD reject new_tc=22.2823 (was 21.7256)
t=8749ms iter=202 incumb=21.7256 ratchet=21.9771 best=21.7125 since_improve=42
t=8750ms iter=203 WAIST cost=19.0000 best_alt=15.0000 gap=4.0000 tried=5 sep_labels=15 clique_frac=0.02
t=8769ms iter=203 REBUILD reject new_tc=22.0816 (was 21.7256)
t=8790ms iter=203 incumb=21.7256 ratchet=21.8348 best=21.7125 since_improve=43
t=8791ms iter=204 WAIST cost=19.0000 best_alt=15.0000 gap=4.0000 tried=5 sep_labels=15 clique_frac=0.02
t=8810ms iter=204 REBUILD reject new_tc=21.8198 (was 21.7256)
t=8832ms iter=204 incumb=21.7256 ratchet=21.8201 best=21.7125 since_improve=44
t=8833ms iter=205 WAIST cost=19.0000 best_alt=15.0000 gap=4.0000 tried=5 sep_labels=15 clique_frac=0.02
t=8852ms iter=205 REBUILD reject new_tc=21.8949 (was 21.7256)
t=8873ms iter=205 incumb=21.7256 ratchet=21.7516 best=21.7125 since_improve=45
t=8875ms iter=206 WAIST cost=19.0000 best_alt=15.0000 gap=4.0000 tried=5 sep_labels=15 clique_frac=0.02
t=8894ms iter=206 REBUILD reject new_tc=21.8199 (was 21.7256)
t=8915ms iter=206 incumb=21.7256 ratchet=21.8967 best=21.7125 since_improve=46
t=8917ms iter=207 WAIST cost=19.0000 best_alt=15.0000 gap=4.0000 tried=5 sep_labels=15 clique_frac=0.02
t=8935ms iter=207 REBUILD reject new_tc=21.9542 (was 21.7256)
t=8956ms iter=207 incumb=21.7256 ratchet=21.7686 best=21.7125 since_improve=47
t=8958ms iter=208 WAIST cost=19.0000 best_alt=15.0000 gap=4.0000 tried=5 sep_labels=15 clique_frac=0.02
t=8977ms iter=208 REBUILD reject new_tc=21.8669 (was 21.7256)
t=8998ms iter=208 incumb=21.7256 ratchet=21.9565 best=21.7125 since_improve=48
t=8999ms iter=209 WAIST cost=19.0000 best_alt=15.0000 gap=4.0000 tried=5 sep_labels=15 clique_frac=0.02
t=9018ms iter=209 REBUILD reject new_tc=22.1129 (was 21.7256)
t=9039ms iter=209 incumb=21.7256 ratchet=21.7666 best=21.7125 since_improve=49
t=9041ms iter=210 WAIST cost=19.0000 best_alt=15.0000 gap=4.0000 tried=5 sep_labels=15 clique_frac=0.02
t=9060ms iter=210 REBUILD reject new_tc=22.5328 (was 21.7256)
t=9081ms iter=210 incumb=21.7256 ratchet=21.7957 best=21.7125 since_improve=50
t=9082ms iter=211 WAIST cost=19.0000 best_alt=15.0000 gap=4.0000 tried=5 sep_labels=15 clique_frac=0.02
t=9101ms iter=211 REBUILD reject new_tc=21.8286 (was 21.7256)
t=9122ms iter=211 incumb=21.7256 ratchet=21.7581 best=21.7125 since_improve=51
t=9124ms iter=212 WAIST cost=19.0000 best_alt=15.0000 gap=4.0000 tried=5 sep_labels=15 clique_frac=0.02
t=9143ms iter=212 REBUILD reject new_tc=21.8676 (was 21.7256)
t=9164ms iter=212 incumb=21.7256 ratchet=21.7576 best=21.7125 since_improve=52
t=9165ms iter=213 WAIST cost=19.0000 best_alt=15.0000 gap=4.0000 tried=5 sep_labels=15 clique_frac=0.02
t=9184ms iter=213 REBUILD reject new_tc=21.8814 (was 21.7256)
t=9205ms iter=213 incumb=21.7256 ratchet=21.8545 best=21.7125 since_improve=53
t=9207ms iter=214 WAIST cost=19.0000 best_alt=15.0000 gap=4.0000 tried=5 sep_labels=15 clique_frac=0.02
t=9226ms iter=214 REBUILD reject new_tc=22.0705 (was 21.7256)
t=9246ms iter=214 incumb=21.7256 ratchet=21.9689 best=21.7125 since_improve=54
t=9248ms iter=215 WAIST cost=19.0000 best_alt=15.0000 gap=4.0000 tried=5 sep_labels=15 clique_frac=0.02
t=9267ms iter=215 REBUILD reject new_tc=21.9757 (was 21.7256)
t=9288ms iter=215 incumb=21.7256 ratchet=21.7776 best=21.7125 since_improve=55
t=9289ms iter=216 WAIST cost=19.0000 best_alt=15.0000 gap=4.0000 tried=5 sep_labels=15 clique_frac=0.02
t=9308ms iter=216 REBUILD reject new_tc=21.9974 (was 21.7256)
t=9329ms iter=216 incumb=21.7256 ratchet=21.9315 best=21.7125 since_improve=56
t=9331ms iter=217 WAIST cost=19.0000 best_alt=15.0000 gap=4.0000 tried=5 sep_labels=15 clique_frac=0.02
t=9350ms iter=217 REBUILD reject new_tc=21.8676 (was 21.7256)
t=9371ms iter=217 incumb=21.7256 ratchet=21.9221 best=21.7125 since_improve=57
t=9372ms iter=218 WAIST cost=19.0000 best_alt=15.0000 gap=4.0000 tried=5 sep_labels=15 clique_frac=0.02
t=9391ms iter=218 REBUILD reject new_tc=22.2535 (was 21.7256)
t=9412ms iter=218 incumb=21.7256 ratchet=21.8265 best=21.7125 since_improve=58
t=9414ms iter=219 WAIST cost=19.0000 best_alt=15.0000 gap=4.0000 tried=5 sep_labels=15 clique_frac=0.02
t=9433ms iter=219 REBUILD reject new_tc=21.7779 (was 21.7256)
t=9453ms iter=219 incumb=21.7256 ratchet=21.8844 best=21.7125 since_improve=59
t=9455ms iter=220 WAIST cost=19.0000 best_alt=15.0000 gap=4.0000 tried=5 sep_labels=15 clique_frac=0.02
t=9474ms iter=220 REBUILD reject new_tc=22.1886 (was 21.7256)
t=9495ms iter=220 incumb=21.7256 ratchet=21.8101 best=21.7125 since_improve=60
t=9497ms iter=221 WAIST cost=19.0000 best_alt=15.0000 gap=4.0000 tried=5 sep_labels=15 clique_frac=0.02
t=9515ms iter=221 REBUILD reject new_tc=22.3336 (was 21.7256)
t=9536ms iter=221 incumb=21.7256 ratchet=21.7930 best=21.7125 since_improve=61
t=9538ms iter=222 WAIST cost=19.0000 best_alt=15.0000 gap=4.0000 tried=5 sep_labels=15 clique_frac=0.02
t=9557ms iter=222 REBUILD reject new_tc=22.3263 (was 21.7256)
t=9578ms iter=222 incumb=21.7256 ratchet=21.7788 best=21.7125 since_improve=62
t=9580ms iter=223 WAIST cost=19.0000 best_alt=15.0000 gap=4.0000 tried=5 sep_labels=15 clique_frac=0.02
t=9599ms iter=223 REBUILD reject new_tc=21.8301 (was 21.7256)
t=9620ms iter=223 incumb=21.7256 ratchet=21.9656 best=21.7125 since_improve=63
t=9621ms iter=224 WAIST cost=19.0000 best_alt=15.0000 gap=4.0000 tried=5 sep_labels=15 clique_frac=0.02
t=9640ms iter=224 REBUILD reject new_tc=22.0464 (was 21.7256)
t=9661ms iter=224 incumb=21.7256 ratchet=21.8179 best=21.7125 since_improve=64
t=9662ms iter=225 WAIST cost=19.0000 best_alt=15.0000 gap=4.0000 tried=5 sep_labels=15 clique_frac=0.02
t=9682ms iter=225 REBUILD reject new_tc=21.9970 (was 21.7256)
t=9703ms iter=225 incumb=21.7256 ratchet=21.8445 best=21.7125 since_improve=65
t=9704ms iter=226 WAIST cost=19.0000 best_alt=15.0000 gap=4.0000 tried=5 sep_labels=15 clique_frac=0.02
t=9723ms iter=226 REBUILD reject new_tc=22.3926 (was 21.7256)
t=9744ms iter=226 incumb=21.7256 ratchet=21.7418 best=21.7125 since_improve=66
t=9746ms iter=227 WAIST cost=19.0000 best_alt=15.0000 gap=4.0000 tried=5 sep_labels=15 clique_frac=0.02
t=9765ms iter=227 REBUILD reject new_tc=21.8664 (was 21.7256)
t=9785ms iter=227 incumb=21.7256 ratchet=22.2135 best=21.7125 since_improve=67
t=9787ms iter=228 WAIST cost=19.0000 best_alt=15.0000 gap=4.0000 tried=5 sep_labels=15 clique_frac=0.02
t=9805ms iter=228 REBUILD reject new_tc=22.4241 (was 21.7256)
t=9827ms iter=228 incumb=21.7256 ratchet=21.8954 best=21.7125 since_improve=68
t=9828ms iter=229 WAIST cost=19.0000 best_alt=15.0000 gap=4.0000 tried=5 sep_labels=15 clique_frac=0.02
t=9847ms iter=229 REBUILD reject new_tc=22.2944 (was 21.7256)
t=9868ms iter=229 incumb=21.7256 ratchet=21.8944 best=21.7125 since_improve=69
t=9869ms iter=230 WAIST cost=19.0000 best_alt=15.0000 gap=4.0000 tried=5 sep_labels=15 clique_frac=0.02
t=9889ms iter=230 REBUILD reject new_tc=21.8890 (was 21.7256)
t=9909ms iter=230 incumb=21.7256 ratchet=21.7411 best=21.7125 since_improve=70
t=9910ms iter=231 WAIST cost=19.0000 best_alt=15.0000 gap=4.0000 tried=5 sep_labels=15 clique_frac=0.02
t=9930ms iter=231 REBUILD reject new_tc=21.8167 (was 21.7256)
t=9950ms iter=231 incumb=21.7256 ratchet=21.7336 best=21.7125 since_improve=71
t=9952ms iter=232 WAIST cost=19.0000 best_alt=15.0000 gap=4.0000 tried=5 sep_labels=15 clique_frac=0.02
t=9971ms iter=232 REBUILD reject new_tc=22.0074 (was 21.7256)
t=9992ms iter=232 incumb=21.7256 ratchet=21.8609 best=21.7125 since_improve=72
t=9993ms iter=233 WAIST cost=19.0000 best_alt=15.0000 gap=4.0000 tried=5 sep_labels=15 clique_frac=0.02
t=10012ms iter=233 REBUILD reject new_tc=21.9074 (was 21.7256)
t=10033ms iter=233 incumb=21.7256 ratchet=21.9761 best=21.7125 since_improve=73
t=10034ms iter=234 WAIST cost=19.0000 best_alt=15.0000 gap=4.0000 tried=5 sep_labels=15 clique_frac=0.02
t=10053ms iter=234 REBUILD reject new_tc=21.8684 (was 21.7256)
t=10074ms iter=234 incumb=21.7256 ratchet=22.0430 best=21.7125 since_improve=74
t=10075ms iter=235 WAIST cost=19.0000 best_alt=15.0000 gap=4.0000 tried=5 sep_labels=15 clique_frac=0.02
t=10094ms iter=235 REBUILD reject new_tc=21.9957 (was 21.7256)
t=10115ms iter=235 incumb=21.7256 ratchet=21.8941 best=21.7125 since_improve=75
t=10117ms iter=236 WAIST cost=19.0000 best_alt=15.0000 gap=4.0000 tried=5 sep_labels=15 clique_frac=0.02
t=10136ms iter=236 REBUILD reject new_tc=21.8177 (was 21.7256)
t=10156ms iter=236 incumb=21.7256 ratchet=21.7906 best=21.7125 since_improve=76
t=10158ms iter=237 WAIST cost=19.0000 best_alt=15.0000 gap=4.0000 tried=5 sep_labels=15 clique_frac=0.02
t=10177ms iter=237 REBUILD reject new_tc=21.8187 (was 21.7256)
t=10198ms iter=237 incumb=21.7256 ratchet=22.0530 best=21.7125 since_improve=77
t=10200ms iter=238 WAIST cost=19.0000 best_alt=15.0000 gap=4.0000 tried=5 sep_labels=15 clique_frac=0.02
t=10219ms iter=238 REBUILD reject new_tc=21.9220 (was 21.7256)
t=10240ms iter=238 incumb=21.7256 ratchet=21.9868 best=21.7125 since_improve=78
t=10241ms iter=239 WAIST cost=19.0000 best_alt=15.0000 gap=4.0000 tried=5 sep_labels=15 clique_frac=0.02
t=10260ms iter=239 REBUILD reject new_tc=21.8772 (was 21.7256)
t=10281ms iter=239 incumb=21.7256 ratchet=21.8586 best=21.7125 since_improve=79
t=10282ms iter=240 WAIST cost=19.0000 best_alt=15.0000 gap=4.0000 tried=5 sep_labels=15 clique_frac=0.02
t=10302ms iter=240 REBUILD reject new_tc=21.9848 (was 21.7256)
t=10323ms iter=240 incumb=21.7256 ratchet=21.7532 best=21.7125 since_improve=80
t=10324ms iter=241 WAIST cost=19.0000 best_alt=15.0000 gap=4.0000 tried=5 sep_labels=15 clique_frac=0.02
t=10344ms iter=241 REBUILD reject new_tc=21.9242 (was 21.7256)
t=10364ms iter=241 incumb=21.7256 ratchet=21.7770 best=21.7125 since_improve=81
t=10366ms iter=242 WAIST cost=19.0000 best_alt=15.0000 gap=4.0000 tried=5 sep_labels=15 clique_frac=0.02
t=10384ms iter=242 REBUILD reject new_tc=22.2836 (was 21.7256)
t=10405ms iter=242 incumb=21.7256 ratchet=21.7658 best=21.7125 since_improve=82
t=10407ms iter=243 WAIST cost=19.0000 best_alt=15.0000 gap=4.0000 tried=5 sep_labels=15 clique_frac=0.02
t=10426ms iter=243 REBUILD reject new_tc=22.0450 (was 21.7256)
t=10447ms iter=243 incumb=21.7256 ratchet=21.8478 best=21.7125 since_improve=83
t=10449ms iter=244 WAIST cost=19.0000 best_alt=15.0000 gap=4.0000 tried=5 sep_labels=15 clique_frac=0.02
t=10468ms iter=244 REBUILD reject new_tc=22.0472 (was 21.7256)
t=10489ms iter=244 incumb=21.7256 ratchet=21.7905 best=21.7125 since_improve=84
t=10491ms iter=245 WAIST cost=19.0000 best_alt=15.0000 gap=4.0000 tried=5 sep_labels=15 clique_frac=0.02
t=10510ms iter=245 REBUILD reject new_tc=22.1891 (was 21.7256)
t=10531ms iter=245 incumb=21.7256 ratchet=21.7528 best=21.7125 since_improve=85
t=10532ms iter=246 WAIST cost=19.0000 best_alt=15.0000 gap=4.0000 tried=5 sep_labels=15 clique_frac=0.02
t=10551ms iter=246 REBUILD reject new_tc=21.8557 (was 21.7256)
t=10573ms iter=246 incumb=21.7256 ratchet=21.7529 best=21.7125 since_improve=86
t=10574ms iter=247 WAIST cost=19.0000 best_alt=15.0000 gap=4.0000 tried=5 sep_labels=15 clique_frac=0.02
t=10593ms iter=247 REBUILD reject new_tc=22.4381 (was 21.7256)
t=10614ms iter=247 incumb=21.7256 ratchet=21.7946 best=21.7125 since_improve=87
t=10615ms iter=248 WAIST cost=19.0000 best_alt=15.0000 gap=4.0000 tried=5 sep_labels=15 clique_frac=0.02
t=10635ms iter=248 REBUILD reject new_tc=21.8718 (was 21.7256)
t=10656ms iter=248 incumb=21.7256 ratchet=21.9323 best=21.7125 since_improve=88
t=10657ms iter=249 WAIST cost=19.0000 best_alt=15.0000 gap=4.0000 tried=5 sep_labels=15 clique_frac=0.02
t=10676ms iter=249 REBUILD reject new_tc=22.0403 (was 21.7256)
t=10698ms iter=249 incumb=21.7256 ratchet=21.8224 best=21.7125 since_improve=89
t=10699ms iter=250 WAIST cost=19.0000 best_alt=15.0000 gap=4.0000 tried=5 sep_labels=15 clique_frac=0.02
t=10719ms iter=250 REBUILD reject new_tc=21.9142 (was 21.7256)
t=10740ms iter=250 incumb=21.7256 ratchet=21.8065 best=21.7125 since_improve=90
t=10741ms iter=251 WAIST cost=19.0000 best_alt=15.0000 gap=4.0000 tried=5 sep_labels=15 clique_frac=0.02
t=10761ms iter=251 REBUILD reject new_tc=21.8503 (was 21.7256)
t=10782ms iter=251 incumb=21.7256 ratchet=21.9687 best=21.7125 since_improve=91
t=10783ms iter=252 WAIST cost=19.0000 best_alt=15.0000 gap=4.0000 tried=5 sep_labels=15 clique_frac=0.02
t=10803ms iter=252 REBUILD reject new_tc=21.8760 (was 21.7256)
t=10824ms iter=252 incumb=21.7256 ratchet=21.9054 best=21.7125 since_improve=92
t=10825ms iter=253 WAIST cost=19.0000 best_alt=15.0000 gap=4.0000 tried=5 sep_labels=15 clique_frac=0.02
t=10844ms iter=253 REBUILD reject new_tc=22.0225 (was 21.7256)
t=10865ms iter=253 incumb=21.7256 ratchet=21.8111 best=21.7125 since_improve=93
t=10866ms iter=254 WAIST cost=19.0000 best_alt=15.0000 gap=4.0000 tried=5 sep_labels=15 clique_frac=0.02
t=10885ms iter=254 REBUILD reject new_tc=21.9049 (was 21.7256)
t=10906ms iter=254 incumb=21.7256 ratchet=21.8062 best=21.7125 since_improve=94
t=10908ms iter=255 WAIST cost=19.0000 best_alt=15.0000 gap=4.0000 tried=5 sep_labels=15 clique_frac=0.02
t=10927ms iter=255 REBUILD reject new_tc=22.2895 (was 21.7256)
t=10948ms iter=255 incumb=21.7256 ratchet=21.7791 best=21.7125 since_improve=95
t=10949ms iter=256 WAIST cost=19.0000 best_alt=15.0000 gap=4.0000 tried=5 sep_labels=15 clique_frac=0.02
t=10968ms iter=256 REBUILD reject new_tc=22.2084 (was 21.7256)
t=10989ms iter=256 incumb=21.7256 ratchet=21.8370 best=21.7125 since_improve=96
t=10990ms iter=257 WAIST cost=19.0000 best_alt=15.0000 gap=4.0000 tried=5 sep_labels=15 clique_frac=0.02
t=11010ms iter=257 REBUILD reject new_tc=21.8315 (was 21.7256)
t=11030ms iter=257 incumb=21.7256 ratchet=22.1320 best=21.7125 since_improve=97
t=11032ms iter=258 WAIST cost=19.0000 best_alt=15.0000 gap=4.0000 tried=5 sep_labels=15 clique_frac=0.02
t=11051ms iter=258 REBUILD reject new_tc=21.8149 (was 21.7256)
t=11072ms iter=258 incumb=21.7256 ratchet=21.7596 best=21.7125 since_improve=98
t=11073ms iter=259 WAIST cost=19.0000 best_alt=15.0000 gap=4.0000 tried=5 sep_labels=15 clique_frac=0.02
t=11093ms iter=259 REBUILD reject new_tc=21.8309 (was 21.7256)
t=11114ms iter=259 incumb=21.7256 ratchet=21.9973 best=21.7125 since_improve=99
t=11115ms iter=260 WAIST cost=19.0000 best_alt=15.0000 gap=4.0000 tried=5 sep_labels=15 clique_frac=0.02
t=11134ms iter=260 REBUILD reject new_tc=22.4026 (was 21.7256)
t=11155ms iter=260 incumb=21.7256 ratchet=21.7424 best=21.7125 since_improve=100
t=11157ms iter=261 WAIST cost=19.0000 best_alt=15.0000 gap=4.0000 tried=5 sep_labels=15 clique_frac=0.02
t=11176ms iter=261 REBUILD reject new_tc=22.4222 (was 21.7256)
t=11197ms iter=261 incumb=21.7256 ratchet=21.7744 best=21.7125 since_improve=101
t=11198ms iter=262 WAIST cost=19.0000 best_alt=15.0000 gap=4.0000 tried=5 sep_labels=15 clique_frac=0.02
t=11217ms iter=262 REBUILD reject new_tc=21.9061 (was 21.7256)
t=11239ms iter=262 incumb=21.7256 ratchet=21.7537 best=21.7125 since_improve=102
t=11240ms iter=263 WAIST cost=19.0000 best_alt=15.0000 gap=4.0000 tried=5 sep_labels=15 clique_frac=0.02
t=11259ms iter=263 REBUILD reject new_tc=21.9225 (was 21.7256)
t=11280ms iter=263 incumb=21.7256 ratchet=21.8484 best=21.7125 since_improve=103
t=11282ms iter=264 WAIST cost=19.0000 best_alt=15.0000 gap=4.0000 tried=5 sep_labels=15 clique_frac=0.02
t=11301ms iter=264 REBUILD reject new_tc=21.8191 (was 21.7256)
t=11321ms iter=264 incumb=21.7256 ratchet=21.8749 best=21.7125 since_improve=104
t=11323ms iter=265 WAIST cost=19.0000 best_alt=15.0000 gap=4.0000 tried=5 sep_labels=15 clique_frac=0.02
t=11342ms iter=265 REBUILD reject new_tc=21.8342 (was 21.7256)
t=11363ms iter=265 incumb=21.7256 ratchet=21.9056 best=21.7125 since_improve=105
t=11364ms iter=266 WAIST cost=19.0000 best_alt=15.0000 gap=4.0000 tried=5 sep_labels=15 clique_frac=0.02
t=11383ms iter=266 REBUILD reject new_tc=22.2535 (was 21.7256)
t=11404ms iter=266 incumb=21.7256 ratchet=21.8936 best=21.7125 since_improve=106
t=11406ms iter=267 WAIST cost=19.0000 best_alt=15.0000 gap=4.0000 tried=5 sep_labels=15 clique_frac=0.02
t=11425ms iter=267 REBUILD reject new_tc=22.0256 (was 21.7256)
t=11446ms iter=267 incumb=21.7256 ratchet=21.7822 best=21.7125 since_improve=107
t=11447ms iter=268 WAIST cost=19.0000 best_alt=15.0000 gap=4.0000 tried=5 sep_labels=15 clique_frac=0.02
t=11466ms iter=268 REBUILD reject new_tc=21.8674 (was 21.7256)
t=11487ms iter=268 incumb=21.7256 ratchet=21.7698 best=21.7125 since_improve=108
t=11488ms iter=269 WAIST cost=19.0000 best_alt=15.0000 gap=4.0000 tried=5 sep_labels=15 clique_frac=0.02
t=11508ms iter=269 REBUILD reject new_tc=21.8589 (was 21.7256)
t=11529ms iter=269 incumb=21.7256 ratchet=21.7522 best=21.7125 since_improve=109
t=11530ms iter=270 WAIST cost=19.0000 best_alt=15.0000 gap=4.0000 tried=5 sep_labels=15 clique_frac=0.02
t=11549ms iter=270 REBUILD reject new_tc=21.9160 (was 21.7256)
t=11570ms iter=270 incumb=21.7256 ratchet=21.9303 best=21.7125 since_improve=110
t=11571ms iter=271 WAIST cost=19.0000 best_alt=15.0000 gap=4.0000 tried=5 sep_labels=15 clique_frac=0.02
t=11590ms iter=271 REBUILD reject new_tc=21.8270 (was 21.7256)
t=11612ms iter=271 incumb=21.7256 ratchet=21.8807 best=21.7125 since_improve=111
t=11613ms iter=272 WAIST cost=19.0000 best_alt=15.0000 gap=4.0000 tried=5 sep_labels=15 clique_frac=0.02
t=11632ms iter=272 REBUILD reject new_tc=21.8672 (was 21.7256)
t=11653ms iter=272 incumb=21.7256 ratchet=21.8563 best=21.7125 since_improve=112
t=11654ms iter=273 WAIST cost=19.0000 best_alt=15.0000 gap=4.0000 tried=5 sep_labels=15 clique_frac=0.02
t=11674ms iter=273 REBUILD reject new_tc=21.8300 (was 21.7256)
t=11695ms iter=273 incumb=21.7256 ratchet=21.9399 best=21.7125 since_improve=113
t=11697ms iter=274 WAIST cost=19.0000 best_alt=15.0000 gap=4.0000 tried=5 sep_labels=15 clique_frac=0.02
t=11716ms iter=274 REBUILD reject new_tc=21.9967 (was 21.7256)
t=11737ms iter=274 incumb=21.7256 ratchet=21.8212 best=21.7125 since_improve=114
t=11738ms iter=275 WAIST cost=19.0000 best_alt=15.0000 gap=4.0000 tried=5 sep_labels=15 clique_frac=0.02
t=11757ms iter=275 REBUILD reject new_tc=21.9081 (was 21.7256)
t=11778ms iter=275 incumb=21.7256 ratchet=21.7943 best=21.7125 since_improve=115
t=11779ms iter=276 WAIST cost=19.0000 best_alt=15.0000 gap=4.0000 tried=5 sep_labels=15 clique_frac=0.02
t=11799ms iter=276 REBUILD reject new_tc=21.8569 (was 21.7256)
t=11820ms iter=276 incumb=21.7256 ratchet=21.7686 best=21.7125 since_improve=116
t=11821ms iter=277 WAIST cost=19.0000 best_alt=15.0000 gap=4.0000 tried=5 sep_labels=15 clique_frac=0.02
t=11840ms iter=277 REBUILD reject new_tc=22.1213 (was 21.7256)
t=11861ms iter=277 incumb=21.7256 ratchet=21.8451 best=21.7125 since_improve=117
t=11862ms iter=278 WAIST cost=19.0000 best_alt=15.0000 gap=4.0000 tried=5 sep_labels=15 clique_frac=0.02
t=11881ms iter=278 REBUILD reject new_tc=21.9632 (was 21.7256)
t=11903ms iter=278 incumb=21.7256 ratchet=21.7818 best=21.7125 since_improve=118
t=11904ms iter=279 WAIST cost=19.0000 best_alt=15.0000 gap=4.0000 tried=5 sep_labels=15 clique_frac=0.02
t=11923ms iter=279 REBUILD reject new_tc=21.8706 (was 21.7256)
t=11944ms iter=279 incumb=21.7256 ratchet=21.8197 best=21.7125 since_improve=119
t=11945ms iter=280 WAIST cost=19.0000 best_alt=15.0000 gap=4.0000 tried=5 sep_labels=15 clique_frac=0.02
t=11964ms iter=280 REBUILD reject new_tc=21.8171 (was 21.7256)
t=11985ms iter=280 incumb=21.7256 ratchet=21.9043 best=21.7125 since_improve=120
t=11986ms iter=281 WAIST cost=19.0000 best_alt=15.0000 gap=4.0000 tried=5 sep_labels=15 clique_frac=0.02
t=12006ms iter=281 REBUILD reject new_tc=22.1316 (was 21.7256)
t=12027ms iter=281 incumb=21.7256 ratchet=22.0657 best=21.7125 since_improve=121
t=12028ms iter=282 WAIST cost=19.0000 best_alt=15.0000 gap=4.0000 tried=5 sep_labels=15 clique_frac=0.02
t=12047ms iter=282 REBUILD reject new_tc=22.3357 (was 21.7256)
t=12068ms iter=282 incumb=21.7256 ratchet=21.7536 best=21.7125 since_improve=122
t=12070ms iter=283 WAIST cost=19.0000 best_alt=15.0000 gap=4.0000 tried=5 sep_labels=15 clique_frac=0.02
t=12089ms iter=283 REBUILD reject new_tc=22.1776 (was 21.7256)
t=12109ms iter=283 incumb=21.7256 ratchet=21.9905 best=21.7125 since_improve=123
t=12111ms iter=284 WAIST cost=19.0000 best_alt=15.0000 gap=4.0000 tried=5 sep_labels=15 clique_frac=0.02
t=12130ms iter=284 REBUILD reject new_tc=21.9509 (was 21.7256)
t=12151ms iter=284 incumb=21.7256 ratchet=21.8344 best=21.7125 since_improve=124
t=12152ms iter=285 WAIST cost=19.0000 best_alt=15.0000 gap=4.0000 tried=5 sep_labels=15 clique_frac=0.02
t=12172ms iter=285 REBUILD reject new_tc=22.0486 (was 21.7256)
t=12193ms iter=285 incumb=21.7256 ratchet=22.0598 best=21.7125 since_improve=125
t=12194ms iter=286 WAIST cost=19.0000 best_alt=15.0000 gap=4.0000 tried=5 sep_labels=15 clique_frac=0.02
t=12213ms iter=286 REBUILD reject new_tc=22.2543 (was 21.7256)
t=12234ms iter=286 incumb=21.7256 ratchet=21.8180 best=21.7125 since_improve=126
t=12236ms iter=287 WAIST cost=19.0000 best_alt=15.0000 gap=4.0000 tried=5 sep_labels=15 clique_frac=0.02
t=12255ms iter=287 REBUILD reject new_tc=21.7866 (was 21.7256)
t=12276ms iter=287 incumb=21.7256 ratchet=21.9984 best=21.7125 since_improve=127
t=12277ms iter=288 WAIST cost=19.0000 best_alt=15.0000 gap=4.0000 tried=5 sep_labels=15 clique_frac=0.02
t=12296ms iter=288 REBUILD reject new_tc=21.8584 (was 21.7256)
t=12317ms iter=288 incumb=21.7256 ratchet=21.7595 best=21.7125 since_improve=128
t=12319ms iter=289 WAIST cost=19.0000 best_alt=15.0000 gap=4.0000 tried=5 sep_labels=15 clique_frac=0.02
t=12338ms iter=289 REBUILD reject new_tc=22.4525 (was 21.7256)
t=12358ms iter=289 incumb=21.7256 ratchet=21.7807 best=21.7125 since_improve=129
t=12360ms iter=290 WAIST cost=19.0000 best_alt=15.0000 gap=4.0000 tried=5 sep_labels=15 clique_frac=0.02
t=12379ms iter=290 REBUILD reject new_tc=22.1186 (was 21.7256)
t=12400ms iter=290 incumb=21.7256 ratchet=21.8460 best=21.7125 since_improve=130
t=12402ms iter=291 WAIST cost=19.0000 best_alt=15.0000 gap=4.0000 tried=5 sep_labels=15 clique_frac=0.02
t=12420ms iter=291 REBUILD reject new_tc=21.8199 (was 21.7256)
t=12441ms iter=291 incumb=21.7256 ratchet=22.0639 best=21.7125 since_improve=131
t=12443ms iter=292 WAIST cost=19.0000 best_alt=15.0000 gap=4.0000 tried=5 sep_labels=15 clique_frac=0.02
t=12462ms iter=292 REBUILD reject new_tc=22.1811 (was 21.7256)
t=12483ms iter=292 incumb=21.7256 ratchet=21.7926 best=21.7125 since_improve=132
t=12484ms iter=293 WAIST cost=19.0000 best_alt=15.0000 gap=4.0000 tried=5 sep_labels=15 clique_frac=0.02
t=12504ms iter=293 REBUILD reject new_tc=22.1506 (was 21.7256)
t=12525ms iter=293 incumb=21.7256 ratchet=21.7570 best=21.7125 since_improve=133
t=12526ms iter=294 WAIST cost=19.0000 best_alt=15.0000 gap=4.0000 tried=5 sep_labels=15 clique_frac=0.02
t=12546ms iter=294 REBUILD reject new_tc=21.9369 (was 21.7256)
t=12567ms iter=294 incumb=21.7256 ratchet=21.8435 best=21.7125 since_improve=134
t=12568ms iter=295 WAIST cost=19.0000 best_alt=15.0000 gap=4.0000 tried=5 sep_labels=15 clique_frac=0.02
t=12587ms iter=295 REBUILD reject new_tc=21.8314 (was 21.7256)
t=12608ms iter=295 incumb=21.7256 ratchet=21.7664 best=21.7125 since_improve=135
t=12610ms iter=296 WAIST cost=19.0000 best_alt=15.0000 gap=4.0000 tried=5 sep_labels=15 clique_frac=0.02
t=12629ms iter=296 REBUILD reject new_tc=22.4221 (was 21.7256)
t=12649ms iter=296 incumb=21.7256 ratchet=21.7816 best=21.7125 since_improve=136
t=12651ms iter=297 WAIST cost=19.0000 best_alt=15.0000 gap=4.0000 tried=5 sep_labels=15 clique_frac=0.02
t=12670ms iter=297 REBUILD reject new_tc=22.4173 (was 21.7256)
t=12691ms iter=297 incumb=21.7256 ratchet=21.8959 best=21.7125 since_improve=137
t=12692ms iter=298 WAIST cost=19.0000 best_alt=15.0000 gap=4.0000 tried=5 sep_labels=15 clique_frac=0.02
t=12711ms iter=298 REBUILD reject new_tc=21.8807 (was 21.7256)
t=12732ms iter=298 incumb=21.7256 ratchet=21.8583 best=21.7125 since_improve=138
t=12733ms iter=299 WAIST cost=19.0000 best_alt=15.0000 gap=4.0000 tried=5 sep_labels=15 clique_frac=0.02
t=12752ms iter=299 REBUILD reject new_tc=21.7800 (was 21.7256)
t=12773ms iter=299 incumb=21.7256 ratchet=21.8176 best=21.7125 since_improve=139
t=12775ms iter=300 WAIST cost=19.0000 best_alt=15.0000 gap=4.0000 tried=5 sep_labels=15 clique_frac=0.02
t=12794ms iter=300 REBUILD reject new_tc=21.9525 (was 21.7256)
t=12814ms iter=300 incumb=21.7256 ratchet=21.8466 best=21.7125 since_improve=140
t=12816ms iter=301 WAIST cost=19.0000 best_alt=15.0000 gap=4.0000 tried=5 sep_labels=15 clique_frac=0.02
t=12835ms iter=301 REBUILD reject new_tc=22.1873 (was 21.7256)
t=12855ms iter=301 incumb=21.7256 ratchet=21.7648 best=21.7125 since_improve=141
t=12857ms iter=302 WAIST cost=19.0000 best_alt=15.0000 gap=4.0000 tried=5 sep_labels=15 clique_frac=0.02
t=12876ms iter=302 REBUILD reject new_tc=22.0528 (was 21.7256)
t=12897ms iter=302 incumb=21.7256 ratchet=21.8104 best=21.7125 since_improve=142
t=12898ms iter=303 WAIST cost=19.0000 best_alt=15.0000 gap=4.0000 tried=5 sep_labels=15 clique_frac=0.02
t=12917ms iter=303 REBUILD reject new_tc=21.8213 (was 21.7256)
t=12938ms iter=303 incumb=21.7256 ratchet=21.9068 best=21.7125 since_improve=143
t=12940ms iter=304 WAIST cost=19.0000 best_alt=15.0000 gap=4.0000 tried=5 sep_labels=15 clique_frac=0.02
t=12959ms iter=304 REBUILD reject new_tc=22.3245 (was 21.7256)
t=12980ms iter=304 incumb=21.7256 ratchet=21.7549 best=21.7125 since_improve=144
t=12981ms iter=305 WAIST cost=19.0000 best_alt=15.0000 gap=4.0000 tried=5 sep_labels=15 clique_frac=0.02
t=13000ms iter=305 REBUILD reject new_tc=21.9765 (was 21.7256)
t=13022ms iter=305 incumb=21.7256 ratchet=21.7531 best=21.7125 since_improve=145
t=13023ms iter=306 WAIST cost=19.0000 best_alt=15.0000 gap=4.0000 tried=5 sep_labels=15 clique_frac=0.02
t=13042ms iter=306 REBUILD reject new_tc=21.9974 (was 21.7256)
t=13063ms iter=306 incumb=21.7256 ratchet=21.8475 best=21.7125 since_improve=146
t=13064ms iter=307 WAIST cost=19.0000 best_alt=15.0000 gap=4.0000 tried=5 sep_labels=15 clique_frac=0.02
t=13083ms iter=307 REBUILD reject new_tc=21.8570 (was 21.7256)
t=13104ms iter=307 incumb=21.7256 ratchet=21.7565 best=21.7125 since_improve=147
t=13106ms iter=308 WAIST cost=19.0000 best_alt=15.0000 gap=4.0000 tried=5 sep_labels=15 clique_frac=0.02
t=13125ms iter=308 REBUILD reject new_tc=22.3319 (was 21.7256)
t=13146ms iter=308 incumb=21.7256 ratchet=21.9046 best=21.7125 since_improve=148
t=13147ms iter=309 WAIST cost=19.0000 best_alt=15.0000 gap=4.0000 tried=5 sep_labels=15 clique_frac=0.02
t=13166ms iter=309 REBUILD reject new_tc=22.1250 (was 21.7256)
t=13187ms iter=309 incumb=21.7256 ratchet=21.8465 best=21.7125 since_improve=149
t=13189ms iter=310 WAIST cost=19.0000 best_alt=15.0000 gap=4.0000 tried=5 sep_labels=15 clique_frac=0.02
t=13208ms iter=310 REBUILD reject new_tc=22.0746 (was 21.7256)
t=13229ms iter=310 incumb=21.7256 ratchet=21.7838 best=21.7125 since_improve=150
t=13230ms iter=311 WAIST cost=19.0000 best_alt=15.0000 gap=4.0000 tried=5 sep_labels=15 clique_frac=0.02
t=13249ms iter=311 REBUILD reject new_tc=21.7815 (was 21.7256)
t=13271ms iter=311 incumb=21.7256 ratchet=21.7778 best=21.7125 since_improve=151
t=13272ms iter=312 WAIST cost=19.0000 best_alt=15.0000 gap=4.0000 tried=5 sep_labels=15 clique_frac=0.02
t=13291ms iter=312 REBUILD reject new_tc=22.1803 (was 21.7256)
t=13312ms iter=312 incumb=21.7256 ratchet=21.7815 best=21.7125 since_improve=152
t=13313ms iter=313 WAIST cost=19.0000 best_alt=15.0000 gap=4.0000 tried=5 sep_labels=15 clique_frac=0.02
t=13332ms iter=313 REBUILD reject new_tc=22.4148 (was 21.7256)
t=13353ms iter=313 incumb=21.7256 ratchet=21.9759 best=21.7125 since_improve=153
t=13355ms iter=314 WAIST cost=19.0000 best_alt=15.0000 gap=4.0000 tried=5 sep_labels=15 clique_frac=0.02
t=13374ms iter=314 REBUILD reject new_tc=22.2890 (was 21.7256)
t=13395ms iter=314 incumb=21.7256 ratchet=21.9057 best=21.7125 since_improve=154
t=13396ms iter=315 WAIST cost=19.0000 best_alt=15.0000 gap=4.0000 tried=5 sep_labels=15 clique_frac=0.02
t=13415ms iter=315 REBUILD reject new_tc=22.1188 (was 21.7256)
t=13436ms iter=315 incumb=21.7256 ratchet=21.7384 best=21.7125 since_improve=155
t=13438ms iter=316 WAIST cost=19.0000 best_alt=15.0000 gap=4.0000 tried=5 sep_labels=15 clique_frac=0.02
t=13457ms iter=316 REBUILD reject new_tc=22.2557 (was 21.7256)
t=13477ms iter=316 incumb=21.7256 ratchet=21.7668 best=21.7125 since_improve=156
t=13479ms iter=317 WAIST cost=19.0000 best_alt=15.0000 gap=4.0000 tried=5 sep_labels=15 clique_frac=0.02
t=13498ms iter=317 REBUILD reject new_tc=22.2530 (was 21.7256)
t=13519ms iter=317 incumb=21.7256 ratchet=22.0411 best=21.7125 since_improve=157
t=13521ms iter=318 WAIST cost=19.0000 best_alt=15.0000 gap=4.0000 tried=5 sep_labels=15 clique_frac=0.02
t=13540ms iter=318 REBUILD reject new_tc=22.0977 (was 21.7256)
t=13561ms iter=318 incumb=21.7256 ratchet=21.8432 best=21.7125 since_improve=158
t=13562ms iter=319 WAIST cost=19.0000 best_alt=15.0000 gap=4.0000 tried=5 sep_labels=15 clique_frac=0.02
t=13581ms iter=319 REBUILD reject new_tc=21.8192 (was 21.7256)
t=13602ms iter=319 incumb=21.7256 ratchet=21.8596 best=21.7125 since_improve=159
t=13603ms iter=320 WAIST cost=19.0000 best_alt=15.0000 gap=4.0000 tried=5 sep_labels=15 clique_frac=0.02
t=13622ms iter=320 REBUILD reject new_tc=21.8182 (was 21.7256)
t=13643ms iter=320 incumb=21.7256 ratchet=21.7601 best=21.7125 since_improve=160
t=13644ms iter=321 WAIST cost=19.0000 best_alt=15.0000 gap=4.0000 tried=5 sep_labels=15 clique_frac=0.02
t=13663ms iter=321 REBUILD reject new_tc=21.9263 (was 21.7256)
t=13684ms iter=321 incumb=21.7256 ratchet=21.7271 best=21.7125 since_improve=161
t=13686ms iter=322 WAIST cost=19.0000 best_alt=15.0000 gap=4.0000 tried=5 sep_labels=15 clique_frac=0.02
t=13705ms iter=322 REBUILD reject new_tc=22.3979 (was 21.7256)
t=13726ms iter=322 incumb=21.7256 ratchet=21.9189 best=21.7125 since_improve=162
t=13728ms iter=323 WAIST cost=19.0000 best_alt=15.0000 gap=4.0000 tried=5 sep_labels=15 clique_frac=0.02
t=13747ms iter=323 REBUILD reject new_tc=21.8718 (was 21.7256)
t=13768ms iter=323 incumb=21.7256 ratchet=21.8435 best=21.7125 since_improve=163
t=13769ms iter=324 WAIST cost=19.0000 best_alt=15.0000 gap=4.0000 tried=5 sep_labels=15 clique_frac=0.02
t=13788ms iter=324 REBUILD reject new_tc=22.3339 (was 21.7256)
t=13809ms iter=324 incumb=21.7256 ratchet=21.8564 best=21.7125 since_improve=164
t=13811ms iter=325 WAIST cost=19.0000 best_alt=15.0000 gap=4.0000 tried=5 sep_labels=15 clique_frac=0.02
t=13830ms iter=325 REBUILD reject new_tc=22.1789 (was 21.7256)
t=13851ms iter=325 incumb=21.7256 ratchet=21.9446 best=21.7125 since_improve=165
t=13852ms iter=326 WAIST cost=19.0000 best_alt=15.0000 gap=4.0000 tried=5 sep_labels=15 clique_frac=0.02
t=13871ms iter=326 REBUILD reject new_tc=21.7798 (was 21.7256)
t=13893ms iter=326 incumb=21.7256 ratchet=21.9336 best=21.7125 since_improve=166
t=13894ms iter=327 WAIST cost=19.0000 best_alt=15.0000 gap=4.0000 tried=5 sep_labels=15 clique_frac=0.02
t=13913ms iter=327 REBUILD reject new_tc=22.3434 (was 21.7256)
t=13934ms iter=327 incumb=21.7256 ratchet=21.7570 best=21.7125 since_improve=167
t=13936ms iter=328 WAIST cost=19.0000 best_alt=15.0000 gap=4.0000 tried=5 sep_labels=15 clique_frac=0.02
t=13955ms iter=328 REBUILD reject new_tc=22.1362 (was 21.7256)
t=13977ms iter=328 incumb=21.7256 ratchet=21.7537 best=21.7125 since_improve=168
t=13978ms iter=329 WAIST cost=19.0000 best_alt=15.0000 gap=4.0000 tried=5 sep_labels=15 clique_frac=0.02
t=13997ms iter=329 REBUILD reject new_tc=21.8187 (was 21.7256)
t=14018ms iter=329 incumb=21.7256 ratchet=21.8938 best=21.7125 since_improve=169
t=14020ms iter=330 WAIST cost=19.0000 best_alt=15.0000 gap=4.0000 tried=5 sep_labels=15 clique_frac=0.02
t=14039ms iter=330 REBUILD reject new_tc=22.1026 (was 21.7256)
t=14060ms iter=330 incumb=21.7256 ratchet=21.8220 best=21.7125 since_improve=170
t=14061ms iter=331 WAIST cost=19.0000 best_alt=15.0000 gap=4.0000 tried=5 sep_labels=15 clique_frac=0.02
t=14080ms iter=331 REBUILD reject new_tc=22.2638 (was 21.7256)
t=14101ms iter=331 incumb=21.7256 ratchet=21.7828 best=21.7125 since_improve=171
t=14103ms iter=332 WAIST cost=19.0000 best_alt=15.0000 gap=4.0000 tried=5 sep_labels=15 clique_frac=0.02
t=14122ms iter=332 REBUILD reject new_tc=21.8630 (was 21.7256)
t=14142ms iter=332 incumb=21.7256 ratchet=21.8689 best=21.7125 since_improve=172
t=14144ms iter=333 WAIST cost=19.0000 best_alt=15.0000 gap=4.0000 tried=5 sep_labels=15 clique_frac=0.02
t=14163ms iter=333 REBUILD reject new_tc=21.9621 (was 21.7256)
t=14183ms iter=333 incumb=21.7256 ratchet=21.8526 best=21.7125 since_improve=173
t=14185ms iter=334 WAIST cost=19.0000 best_alt=15.0000 gap=4.0000 tried=5 sep_labels=15 clique_frac=0.02
t=14204ms iter=334 REBUILD reject new_tc=21.8690 (was 21.7256)
t=14225ms iter=334 incumb=21.7256 ratchet=21.8795 best=21.7125 since_improve=174
t=14227ms iter=335 WAIST cost=19.0000 best_alt=15.0000 gap=4.0000 tried=5 sep_labels=15 clique_frac=0.02
t=14246ms iter=335 REBUILD reject new_tc=22.2724 (was 21.7256)
t=14267ms iter=335 incumb=21.7256 ratchet=21.7798 best=21.7125 since_improve=175
t=14268ms iter=336 WAIST cost=19.0000 best_alt=15.0000 gap=4.0000 tried=5 sep_labels=15 clique_frac=0.02
t=14287ms iter=336 REBUILD reject new_tc=22.0804 (was 21.7256)
t=14308ms iter=336 incumb=21.7256 ratchet=21.7951 best=21.7125 since_improve=176
t=14309ms iter=337 WAIST cost=19.0000 best_alt=15.0000 gap=4.0000 tried=5 sep_labels=15 clique_frac=0.02
t=14329ms iter=337 REBUILD reject new_tc=21.8166 (was 21.7256)
t=14350ms iter=337 incumb=21.7256 ratchet=21.7976 best=21.7125 since_improve=177
t=14351ms iter=338 WAIST cost=19.0000 best_alt=15.0000 gap=4.0000 tried=5 sep_labels=15 clique_frac=0.02
t=14370ms iter=338 REBUILD reject new_tc=22.0829 (was 21.7256)
t=14392ms iter=338 incumb=21.7256 ratchet=21.7419 best=21.7125 since_improve=178
t=14393ms iter=339 WAIST cost=19.0000 best_alt=15.0000 gap=4.0000 tried=5 sep_labels=15 clique_frac=0.02
t=14412ms iter=339 REBUILD reject new_tc=21.8718 (was 21.7256)
t=14433ms iter=339 incumb=21.7256 ratchet=21.7800 best=21.7125 since_improve=179
t=14435ms iter=340 WAIST cost=19.0000 best_alt=15.0000 gap=4.0000 tried=5 sep_labels=15 clique_frac=0.02
t=14454ms iter=340 REBUILD reject new_tc=21.8680 (was 21.7256)
t=14474ms iter=340 incumb=21.7256 ratchet=21.7936 best=21.7125 since_improve=180
t=14476ms iter=341 WAIST cost=19.0000 best_alt=15.0000 gap=4.0000 tried=5 sep_labels=15 clique_frac=0.02
t=14495ms iter=341 REBUILD reject new_tc=22.1777 (was 21.7256)
t=14515ms iter=341 incumb=21.7256 ratchet=21.8716 best=21.7125 since_improve=181
t=14517ms iter=342 WAIST cost=19.0000 best_alt=15.0000 gap=4.0000 tried=5 sep_labels=15 clique_frac=0.02
t=14536ms iter=342 REBUILD reject new_tc=22.4227 (was 21.7256)
t=14557ms iter=342 incumb=21.7256 ratchet=21.7656 best=21.7125 since_improve=182
t=14559ms iter=343 WAIST cost=19.0000 best_alt=15.0000 gap=4.0000 tried=5 sep_labels=15 clique_frac=0.02
t=14577ms iter=343 REBUILD reject new_tc=22.2445 (was 21.7256)
t=14598ms iter=343 incumb=21.7256 ratchet=21.7937 best=21.7125 since_improve=183
t=14599ms iter=344 WAIST cost=19.0000 best_alt=15.0000 gap=4.0000 tried=5 sep_labels=15 clique_frac=0.02
t=14619ms iter=344 REBUILD reject new_tc=22.1954 (was 21.7256)
t=14639ms iter=344 incumb=21.7256 ratchet=21.8969 best=21.7125 since_improve=184
t=14641ms iter=345 WAIST cost=19.0000 best_alt=15.0000 gap=4.0000 tried=5 sep_labels=15 clique_frac=0.02
t=14660ms iter=345 REBUILD reject new_tc=21.9141 (was 21.7256)
t=14681ms iter=345 incumb=21.7256 ratchet=21.9380 best=21.7125 since_improve=185
t=14683ms iter=346 WAIST cost=19.0000 best_alt=15.0000 gap=4.0000 tried=5 sep_labels=15 clique_frac=0.02
t=14702ms iter=346 REBUILD reject new_tc=21.8387 (was 21.7256)
t=14723ms iter=346 incumb=21.7256 ratchet=21.8544 best=21.7125 since_improve=186
t=14725ms iter=347 WAIST cost=19.0000 best_alt=15.0000 gap=4.0000 tried=5 sep_labels=15 clique_frac=0.02
t=14744ms iter=347 REBUILD reject new_tc=21.8278 (was 21.7256)
t=14765ms iter=347 incumb=21.7256 ratchet=21.7456 best=21.7125 since_improve=187
t=14766ms iter=348 WAIST cost=19.0000 best_alt=15.0000 gap=4.0000 tried=5 sep_labels=15 clique_frac=0.02
t=14785ms iter=348 REBUILD reject new_tc=22.4169 (was 21.7256)
t=14807ms iter=348 incumb=21.7256 ratchet=21.9791 best=21.7125 since_improve=188
t=14808ms iter=349 WAIST cost=19.0000 best_alt=15.0000 gap=4.0000 tried=5 sep_labels=15 clique_frac=0.02
t=14827ms iter=349 REBUILD reject new_tc=21.8632 (was 21.7256)
t=14848ms iter=349 incumb=21.7256 ratchet=21.9402 best=21.7125 since_improve=189
t=14849ms iter=350 WAIST cost=19.0000 best_alt=15.0000 gap=4.0000 tried=5 sep_labels=15 clique_frac=0.02
t=14868ms iter=350 REBUILD reject new_tc=22.4745 (was 21.7256)
t=14897ms iter=350 incumb=21.7256 ratchet=21.8324 best=21.7125 since_improve=190
t=14900ms iter=351 WAIST cost=19.0000 best_alt=15.0000 gap=4.0000 tried=5 sep_labels=15 clique_frac=0.02
t=14936ms iter=351 REBUILD reject new_tc=21.8198 (was 21.7256)
t=14975ms iter=351 incumb=21.7256 ratchet=21.8061 best=21.7125 since_improve=191
t=14977ms iter=352 WAIST cost=19.0000 best_alt=15.0000 gap=4.0000 tried=5 sep_labels=15 clique_frac=0.02
t=14999ms iter=352 REBUILD reject new_tc=21.8281 (was 21.7256)
t=15026ms iter=352 incumb=21.7256 ratchet=21.7495 best=21.7125 since_improve=192
t=15028ms iter=353 WAIST cost=19.0000 best_alt=15.0000 gap=4.0000 tried=5 sep_labels=15 clique_frac=0.02
t=15049ms iter=353 REBUILD reject new_tc=21.8927 (was 21.7256)
t=15070ms iter=353 incumb=21.7256 ratchet=21.8107 best=21.7125 since_improve=193
t=15071ms iter=354 WAIST cost=19.0000 best_alt=15.0000 gap=4.0000 tried=5 sep_labels=15 clique_frac=0.02
t=15093ms iter=354 REBUILD reject new_tc=21.9770 (was 21.7256)
t=15118ms iter=354 incumb=21.7256 ratchet=21.9300 best=21.7125 since_improve=194
t=15120ms iter=355 WAIST cost=19.0000 best_alt=15.0000 gap=4.0000 tried=5 sep_labels=15 clique_frac=0.02
t=15140ms iter=355 REBUILD reject new_tc=21.8181 (was 21.7256)
t=15162ms iter=355 incumb=21.7256 ratchet=21.7661 best=21.7125 since_improve=195
t=15163ms iter=356 WAIST cost=19.0000 best_alt=15.0000 gap=4.0000 tried=5 sep_labels=15 clique_frac=0.02
t=15182ms iter=356 REBUILD reject new_tc=21.8681 (was 21.7256)
t=15204ms iter=356 incumb=21.7256 ratchet=21.7404 best=21.7125 since_improve=196
t=15205ms iter=357 WAIST cost=19.0000 best_alt=15.0000 gap=4.0000 tried=5 sep_labels=15 clique_frac=0.02
t=15224ms iter=357 REBUILD reject new_tc=22.3377 (was 21.7256)
t=15245ms iter=357 incumb=21.7256 ratchet=21.7943 best=21.7125 since_improve=197
t=15247ms iter=358 WAIST cost=19.0000 best_alt=15.0000 gap=4.0000 tried=5 sep_labels=15 clique_frac=0.02
t=15265ms iter=358 REBUILD reject new_tc=21.8700 (was 21.7256)
t=15287ms iter=358 incumb=21.7256 ratchet=21.7540 best=21.7125 since_improve=198
t=15288ms iter=359 WAIST cost=19.0000 best_alt=15.0000 gap=4.0000 tried=5 sep_labels=15 clique_frac=0.02
t=15307ms iter=359 REBUILD reject new_tc=22.1282 (was 21.7256)
t=15328ms iter=359 incumb=21.7256 ratchet=21.7966 best=21.7125 since_improve=199
t=15329ms iter=360 WAIST cost=19.0000 best_alt=15.0000 gap=4.0000 tried=5 sep_labels=15 clique_frac=0.02
t=15348ms iter=360 REBUILD reject new_tc=21.9168 (was 21.7256)
t=15369ms iter=360 incumb=21.7256 ratchet=21.8488 best=21.7125 since_improve=200
t=15371ms iter=361 WAIST cost=19.0000 best_alt=15.0000 gap=4.0000 tried=5 sep_labels=15 clique_frac=0.02
t=15390ms iter=361 REBUILD reject new_tc=21.8691 (was 21.7256)
t=15410ms iter=361 incumb=21.7256 ratchet=21.7729 best=21.7125 since_improve=201
t=15412ms iter=362 WAIST cost=19.0000 best_alt=15.0000 gap=4.0000 tried=5 sep_labels=15 clique_frac=0.02
t=15431ms iter=362 REBUILD reject new_tc=21.8855 (was 21.7256)
t=15452ms iter=362 incumb=21.7256 ratchet=21.7545 best=21.7125 since_improve=202
t=15454ms iter=363 WAIST cost=19.0000 best_alt=15.0000 gap=4.0000 tried=5 sep_labels=15 clique_frac=0.02
t=15473ms iter=363 REBUILD reject new_tc=22.0734 (was 21.7256)
t=15494ms iter=363 incumb=21.7256 ratchet=21.8197 best=21.7125 since_improve=203
t=15496ms iter=364 WAIST cost=19.0000 best_alt=15.0000 gap=4.0000 tried=5 sep_labels=15 clique_frac=0.02
t=15515ms iter=364 REBUILD reject new_tc=21.8186 (was 21.7256)
t=15536ms iter=364 incumb=21.7256 ratchet=21.9292 best=21.7125 since_improve=204
t=15538ms iter=365 WAIST cost=19.0000 best_alt=15.0000 gap=4.0000 tried=5 sep_labels=15 clique_frac=0.02
t=15557ms iter=365 REBUILD reject new_tc=22.1805 (was 21.7256)
t=15577ms iter=365 incumb=21.7256 ratchet=21.7836 best=21.7125 since_improve=205
t=15579ms iter=366 WAIST cost=19.0000 best_alt=15.0000 gap=4.0000 tried=5 sep_labels=15 clique_frac=0.02
t=15598ms iter=366 REBUILD reject new_tc=21.9226 (was 21.7256)
t=15619ms iter=366 incumb=21.7256 ratchet=21.9268 best=21.7125 since_improve=206
t=15620ms iter=367 WAIST cost=19.0000 best_alt=15.0000 gap=4.0000 tried=5 sep_labels=15 clique_frac=0.02
t=15639ms iter=367 REBUILD reject new_tc=22.0806 (was 21.7256)
t=15660ms iter=367 incumb=21.7256 ratchet=21.8710 best=21.7125 since_improve=207
t=15661ms iter=368 WAIST cost=19.0000 best_alt=15.0000 gap=4.0000 tried=5 sep_labels=15 clique_frac=0.02
t=15680ms iter=368 REBUILD reject new_tc=22.0169 (was 21.7256)
t=15702ms iter=368 incumb=21.7256 ratchet=22.2862 best=21.7125 since_improve=208
t=15703ms iter=369 WAIST cost=19.0000 best_alt=15.0000 gap=4.0000 tried=5 sep_labels=15 clique_frac=0.02
t=15722ms iter=369 REBUILD reject new_tc=21.9395 (was 21.7256)
t=15743ms iter=369 incumb=21.7256 ratchet=21.7925 best=21.7125 since_improve=209
t=15744ms iter=370 WAIST cost=19.0000 best_alt=15.0000 gap=4.0000 tried=5 sep_labels=15 clique_frac=0.02
t=15763ms iter=370 REBUILD reject new_tc=22.1215 (was 21.7256)
t=15783ms iter=370 incumb=21.7256 ratchet=21.7516 best=21.7125 since_improve=210
t=15785ms iter=371 WAIST cost=19.0000 best_alt=15.0000 gap=4.0000 tried=5 sep_labels=15 clique_frac=0.02
t=15805ms iter=371 REBUILD reject new_tc=21.8305 (was 21.7256)
t=15826ms iter=371 incumb=21.7256 ratchet=21.8659 best=21.7125 since_improve=211
t=15827ms iter=372 WAIST cost=19.0000 best_alt=15.0000 gap=4.0000 tried=5 sep_labels=15 clique_frac=0.02
t=15846ms iter=372 REBUILD reject new_tc=21.8553 (was 21.7256)
t=15867ms iter=372 incumb=21.7256 ratchet=21.8592 best=21.7125 since_improve=212
t=15868ms iter=373 WAIST cost=19.0000 best_alt=15.0000 gap=4.0000 tried=5 sep_labels=15 clique_frac=0.02
t=15888ms iter=373 REBUILD reject new_tc=21.8201 (was 21.7256)
t=15908ms iter=373 incumb=21.7256 ratchet=21.8173 best=21.7125 since_improve=213
t=15910ms iter=374 WAIST cost=19.0000 best_alt=15.0000 gap=4.0000 tried=5 sep_labels=15 clique_frac=0.02
t=15929ms iter=374 REBUILD reject new_tc=21.8167 (was 21.7256)
t=15950ms iter=374 incumb=21.7256 ratchet=21.8453 best=21.7125 since_improve=214
t=15951ms iter=375 WAIST cost=19.0000 best_alt=15.0000 gap=4.0000 tried=5 sep_labels=15 clique_frac=0.02
t=15970ms iter=375 REBUILD reject new_tc=22.1730 (was 21.7256)
t=15991ms iter=375 incumb=21.7256 ratchet=21.7668 best=21.7125 since_improve=215
t=15993ms iter=376 WAIST cost=19.0000 best_alt=15.0000 gap=4.0000 tried=5 sep_labels=15 clique_frac=0.02
t=16012ms iter=376 REBUILD reject new_tc=22.3249 (was 21.7256)
t=16033ms iter=376 incumb=21.7256 ratchet=21.8198 best=21.7125 since_improve=216
t=16034ms iter=377 WAIST cost=19.0000 best_alt=15.0000 gap=4.0000 tried=5 sep_labels=15 clique_frac=0.02
t=16053ms iter=377 REBUILD reject new_tc=21.9644 (was 21.7256)
t=16074ms iter=377 incumb=21.7256 ratchet=21.8697 best=21.7125 since_improve=217
t=16075ms iter=378 WAIST cost=19.0000 best_alt=15.0000 gap=4.0000 tried=5 sep_labels=15 clique_frac=0.02
t=16094ms iter=378 REBUILD reject new_tc=22.2544 (was 21.7256)
t=16115ms iter=378 incumb=21.7256 ratchet=21.8339 best=21.7125 since_improve=218
t=16117ms iter=379 WAIST cost=19.0000 best_alt=15.0000 gap=4.0000 tried=5 sep_labels=15 clique_frac=0.02
t=16136ms iter=379 REBUILD reject new_tc=21.8266 (was 21.7256)
t=16157ms iter=379 incumb=21.7256 ratchet=21.7972 best=21.7125 since_improve=219
t=16158ms iter=380 WAIST cost=19.0000 best_alt=15.0000 gap=4.0000 tried=5 sep_labels=15 clique_frac=0.02
t=16177ms iter=380 REBUILD reject new_tc=21.8181 (was 21.7256)
t=16198ms iter=380 incumb=21.7256 ratchet=21.7959 best=21.7125 since_improve=220
t=16199ms iter=381 WAIST cost=19.0000 best_alt=15.0000 gap=4.0000 tried=5 sep_labels=15 clique_frac=0.02
t=16219ms iter=381 REBUILD reject new_tc=21.9651 (was 21.7256)
t=16239ms iter=381 incumb=21.7256 ratchet=21.9142 best=21.7125 since_improve=221
t=16241ms iter=382 WAIST cost=19.0000 best_alt=15.0000 gap=4.0000 tried=5 sep_labels=15 clique_frac=0.02
t=16260ms iter=382 REBUILD reject new_tc=21.9747 (was 21.7256)
t=16281ms iter=382 incumb=21.7256 ratchet=21.7681 best=21.7125 since_improve=222
t=16282ms iter=383 WAIST cost=19.0000 best_alt=15.0000 gap=4.0000 tried=5 sep_labels=15 clique_frac=0.02
t=16302ms iter=383 REBUILD reject new_tc=22.1552 (was 21.7256)
t=16322ms iter=383 incumb=21.7256 ratchet=21.8814 best=21.7125 since_improve=223
t=16324ms iter=384 WAIST cost=19.0000 best_alt=15.0000 gap=4.0000 tried=5 sep_labels=15 clique_frac=0.02
t=16343ms iter=384 REBUILD reject new_tc=21.8192 (was 21.7256)
t=16364ms iter=384 incumb=21.7256 ratchet=22.1984 best=21.7125 since_improve=224
t=16366ms iter=385 WAIST cost=19.0000 best_alt=15.0000 gap=4.0000 tried=5 sep_labels=15 clique_frac=0.02
t=16385ms iter=385 REBUILD reject new_tc=21.8729 (was 21.7256)
t=16406ms iter=385 incumb=21.7256 ratchet=21.8075 best=21.7125 since_improve=225
t=16408ms iter=386 WAIST cost=19.0000 best_alt=15.0000 gap=4.0000 tried=5 sep_labels=15 clique_frac=0.02
t=16427ms iter=386 REBUILD reject new_tc=21.8814 (was 21.7256)
t=16448ms iter=386 incumb=21.7256 ratchet=21.8062 best=21.7125 since_improve=226
t=16449ms iter=387 WAIST cost=19.0000 best_alt=15.0000 gap=4.0000 tried=5 sep_labels=15 clique_frac=0.02
t=16468ms iter=387 REBUILD reject new_tc=22.2545 (was 21.7256)
t=16489ms iter=387 incumb=21.7256 ratchet=21.8039 best=21.7125 since_improve=227
t=16491ms iter=388 WAIST cost=19.0000 best_alt=15.0000 gap=4.0000 tried=5 sep_labels=15 clique_frac=0.02
t=16510ms iter=388 REBUILD reject new_tc=21.8194 (was 21.7256)
t=16531ms iter=388 incumb=21.7256 ratchet=21.7455 best=21.7125 since_improve=228
t=16532ms iter=389 WAIST cost=19.0000 best_alt=15.0000 gap=4.0000 tried=5 sep_labels=15 clique_frac=0.02
t=16551ms iter=389 REBUILD reject new_tc=22.1153 (was 21.7256)
t=16572ms iter=389 incumb=21.7256 ratchet=21.8576 best=21.7125 since_improve=229
t=16574ms iter=390 WAIST cost=19.0000 best_alt=15.0000 gap=4.0000 tried=5 sep_labels=15 clique_frac=0.02
t=16593ms iter=390 REBUILD reject new_tc=21.9139 (was 21.7256)
t=16614ms iter=390 incumb=21.7256 ratchet=21.9528 best=21.7125 since_improve=230
t=16615ms iter=391 WAIST cost=19.0000 best_alt=15.0000 gap=4.0000 tried=5 sep_labels=15 clique_frac=0.02
t=16634ms iter=391 REBUILD reject new_tc=22.1801 (was 21.7256)
t=16655ms iter=391 incumb=21.7256 ratchet=21.7550 best=21.7125 since_improve=231
t=16657ms iter=392 WAIST cost=19.0000 best_alt=15.0000 gap=4.0000 tried=5 sep_labels=15 clique_frac=0.02
t=16676ms iter=392 REBUILD reject new_tc=22.1225 (was 21.7256)
t=16697ms iter=392 incumb=21.7256 ratchet=21.9335 best=21.7125 since_improve=232
t=16698ms iter=393 WAIST cost=19.0000 best_alt=15.0000 gap=4.0000 tried=5 sep_labels=15 clique_frac=0.02
t=16718ms iter=393 REBUILD reject new_tc=22.1868 (was 21.7256)
t=16738ms iter=393 incumb=21.7256 ratchet=21.8052 best=21.7125 since_improve=233
t=16740ms iter=394 WAIST cost=19.0000 best_alt=15.0000 gap=4.0000 tried=5 sep_labels=15 clique_frac=0.02
t=16759ms iter=394 REBUILD reject new_tc=22.0047 (was 21.7256)
t=16780ms iter=394 incumb=21.7256 ratchet=21.7922 best=21.7125 since_improve=234
t=16781ms iter=395 WAIST cost=19.0000 best_alt=15.0000 gap=4.0000 tried=5 sep_labels=15 clique_frac=0.02
t=16801ms iter=395 REBUILD reject new_tc=21.8685 (was 21.7256)
t=16822ms iter=395 incumb=21.7256 ratchet=21.7680 best=21.7125 since_improve=235
t=16823ms iter=396 WAIST cost=19.0000 best_alt=15.0000 gap=4.0000 tried=5 sep_labels=15 clique_frac=0.02
t=16842ms iter=396 REBUILD reject new_tc=22.2735 (was 21.7256)
t=16863ms iter=396 incumb=21.7256 ratchet=22.0141 best=21.7125 since_improve=236
t=16865ms iter=397 WAIST cost=19.0000 best_alt=15.0000 gap=4.0000 tried=5 sep_labels=15 clique_frac=0.02
t=16884ms iter=397 REBUILD reject new_tc=21.8949 (was 21.7256)
t=16905ms iter=397 incumb=21.7256 ratchet=21.8450 best=21.7125 since_improve=237
t=16906ms iter=398 WAIST cost=19.0000 best_alt=15.0000 gap=4.0000 tried=5 sep_labels=15 clique_frac=0.02
t=16925ms iter=398 REBUILD reject new_tc=22.0803 (was 21.7256)
t=16946ms iter=398 incumb=21.7256 ratchet=21.9686 best=21.7125 since_improve=238
t=16947ms iter=399 WAIST cost=19.0000 best_alt=15.0000 gap=4.0000 tried=5 sep_labels=15 clique_frac=0.02
t=16966ms iter=399 REBUILD reject new_tc=22.1416 (was 21.7256)
t=16986ms iter=399 incumb=21.7256 ratchet=21.7990 best=21.7125 since_improve=239
t=16988ms iter=400 WAIST cost=19.0000 best_alt=15.0000 gap=4.0000 tried=5 sep_labels=15 clique_frac=0.02
t=17007ms iter=400 REBUILD reject new_tc=22.1935 (was 21.7256)
t=17028ms iter=400 incumb=21.7256 ratchet=21.8189 best=21.7125 since_improve=240
t=17029ms iter=401 WAIST cost=19.0000 best_alt=15.0000 gap=4.0000 tried=5 sep_labels=15 clique_frac=0.02
t=17048ms iter=401 REBUILD reject new_tc=22.2555 (was 21.7256)
t=17069ms iter=401 incumb=21.7256 ratchet=21.8359 best=21.7125 since_improve=241
t=17070ms iter=402 WAIST cost=19.0000 best_alt=15.0000 gap=4.0000 tried=5 sep_labels=15 clique_frac=0.02
t=17089ms iter=402 REBUILD reject new_tc=21.8666 (was 21.7256)
t=17110ms iter=402 incumb=21.7256 ratchet=21.8530 best=21.7125 since_improve=242
t=17112ms iter=403 WAIST cost=19.0000 best_alt=15.0000 gap=4.0000 tried=5 sep_labels=15 clique_frac=0.02
t=17131ms iter=403 REBUILD reject new_tc=22.0067 (was 21.7256)
t=17151ms iter=403 incumb=21.7256 ratchet=21.8957 best=21.7125 since_improve=243
t=17153ms iter=404 WAIST cost=19.0000 best_alt=15.0000 gap=4.0000 tried=5 sep_labels=15 clique_frac=0.02
t=17172ms iter=404 REBUILD reject new_tc=21.9050 (was 21.7256)
t=17193ms iter=404 incumb=21.7256 ratchet=21.8445 best=21.7125 since_improve=244
t=17194ms iter=405 WAIST cost=19.0000 best_alt=15.0000 gap=4.0000 tried=5 sep_labels=15 clique_frac=0.02
t=17213ms iter=405 REBUILD reject new_tc=21.8678 (was 21.7256)
t=17234ms iter=405 incumb=21.7256 ratchet=21.7547 best=21.7125 since_improve=245
t=17236ms iter=406 WAIST cost=19.0000 best_alt=15.0000 gap=4.0000 tried=5 sep_labels=15 clique_frac=0.02
t=17255ms iter=406 REBUILD reject new_tc=21.8906 (was 21.7256)
t=17275ms iter=406 incumb=21.7256 ratchet=21.7535 best=21.7125 since_improve=246
t=17277ms iter=407 WAIST cost=19.0000 best_alt=15.0000 gap=4.0000 tried=5 sep_labels=15 clique_frac=0.02
t=17296ms iter=407 REBUILD reject new_tc=21.8356 (was 21.7256)
t=17317ms iter=407 incumb=21.7256 ratchet=22.0098 best=21.7125 since_improve=247
t=17318ms iter=408 WAIST cost=19.0000 best_alt=15.0000 gap=4.0000 tried=5 sep_labels=15 clique_frac=0.02
t=17337ms iter=408 REBUILD reject new_tc=22.2193 (was 21.7256)
t=17358ms iter=408 incumb=21.7256 ratchet=21.7671 best=21.7125 since_improve=248
t=17360ms iter=409 WAIST cost=19.0000 best_alt=15.0000 gap=4.0000 tried=5 sep_labels=15 clique_frac=0.02
t=17379ms iter=409 REBUILD reject new_tc=22.1474 (was 21.7256)
t=17400ms iter=409 incumb=21.7256 ratchet=21.8080 best=21.7125 since_improve=249
t=17401ms iter=410 WAIST cost=19.0000 best_alt=15.0000 gap=4.0000 tried=5 sep_labels=15 clique_frac=0.02
t=17420ms iter=410 REBUILD reject new_tc=22.1536 (was 21.7256)
t=17441ms iter=410 incumb=21.7256 ratchet=21.7438 best=21.7125 since_improve=250
t=17443ms iter=411 WAIST cost=19.0000 best_alt=15.0000 gap=4.0000 tried=5 sep_labels=15 clique_frac=0.02
t=17461ms iter=411 REBUILD reject new_tc=21.9032 (was 21.7256)
t=17482ms iter=411 incumb=21.7256 ratchet=21.7638 best=21.7125 since_improve=251
t=17484ms iter=412 WAIST cost=19.0000 best_alt=15.0000 gap=4.0000 tried=5 sep_labels=15 clique_frac=0.02
t=17503ms iter=412 REBUILD reject new_tc=22.2383 (was 21.7256)
t=17524ms iter=412 incumb=21.7256 ratchet=21.8040 best=21.7125 since_improve=252
t=17525ms iter=413 WAIST cost=19.0000 best_alt=15.0000 gap=4.0000 tried=5 sep_labels=15 clique_frac=0.02
t=17544ms iter=413 REBUILD reject new_tc=22.0920 (was 21.7256)
t=17565ms iter=413 incumb=21.7256 ratchet=21.7311 best=21.7125 since_improve=253
t=17567ms iter=414 WAIST cost=19.0000 best_alt=15.0000 gap=4.0000 tried=5 sep_labels=15 clique_frac=0.02
t=17586ms iter=414 REBUILD reject new_tc=22.0201 (was 21.7256)
t=17607ms iter=414 incumb=21.7256 ratchet=21.7782 best=21.7125 since_improve=254
t=17608ms iter=415 WAIST cost=19.0000 best_alt=15.0000 gap=4.0000 tried=5 sep_labels=15 clique_frac=0.02
t=17627ms iter=415 REBUILD reject new_tc=22.1792 (was 21.7256)
t=17648ms iter=415 incumb=21.7256 ratchet=21.9651 best=21.7125 since_improve=255
t=17650ms iter=416 WAIST cost=19.0000 best_alt=15.0000 gap=4.0000 tried=5 sep_labels=15 clique_frac=0.02
t=17669ms iter=416 REBUILD reject new_tc=22.2788 (was 21.7256)
t=17689ms iter=416 incumb=21.7256 ratchet=21.7929 best=21.7125 since_improve=256
t=17691ms iter=417 WAIST cost=19.0000 best_alt=15.0000 gap=4.0000 tried=5 sep_labels=15 clique_frac=0.02
t=17710ms iter=417 REBUILD reject new_tc=21.8292 (was 21.7256)
t=17730ms iter=417 incumb=21.7256 ratchet=21.9061 best=21.7125 since_improve=257
t=17732ms iter=418 WAIST cost=19.0000 best_alt=15.0000 gap=4.0000 tried=5 sep_labels=15 clique_frac=0.02
t=17751ms iter=418 REBUILD reject new_tc=21.9138 (was 21.7256)
t=17771ms iter=418 incumb=21.7256 ratchet=21.8179 best=21.7125 since_improve=258
t=17773ms iter=419 WAIST cost=19.0000 best_alt=15.0000 gap=4.0000 tried=5 sep_labels=15 clique_frac=0.02
t=17792ms iter=419 REBUILD reject new_tc=22.0612 (was 21.7256)
t=17813ms iter=419 incumb=21.7256 ratchet=21.8796 best=21.7125 since_improve=259
t=17814ms iter=420 WAIST cost=19.0000 best_alt=15.0000 gap=4.0000 tried=5 sep_labels=15 clique_frac=0.02
t=17834ms iter=420 REBUILD reject new_tc=21.9722 (was 21.7256)
t=17854ms iter=420 incumb=21.7256 ratchet=21.8481 best=21.7125 since_improve=260
t=17856ms iter=421 WAIST cost=19.0000 best_alt=15.0000 gap=4.0000 tried=5 sep_labels=15 clique_frac=0.02
t=17875ms iter=421 REBUILD reject new_tc=21.9607 (was 21.7256)
t=17896ms iter=421 incumb=21.7256 ratchet=21.8081 best=21.7125 since_improve=261
t=17897ms iter=422 WAIST cost=19.0000 best_alt=15.0000 gap=4.0000 tried=5 sep_labels=15 clique_frac=0.02
t=17917ms iter=422 REBUILD reject new_tc=21.9655 (was 21.7256)
t=17937ms iter=422 incumb=21.7256 ratchet=21.9084 best=21.7125 since_improve=262
t=17939ms iter=423 WAIST cost=19.0000 best_alt=15.0000 gap=4.0000 tried=5 sep_labels=15 clique_frac=0.02
t=17958ms iter=423 REBUILD reject new_tc=22.0755 (was 21.7256)
t=17978ms iter=423 incumb=21.7256 ratchet=21.8074 best=21.7125 since_improve=263
t=17980ms iter=424 WAIST cost=19.0000 best_alt=15.0000 gap=4.0000 tried=5 sep_labels=15 clique_frac=0.02
t=17999ms iter=424 REBUILD reject new_tc=21.8401 (was 21.7256)
t=18020ms iter=424 incumb=21.7256 ratchet=21.8194 best=21.7125 since_improve=264
t=18021ms iter=425 WAIST cost=19.0000 best_alt=15.0000 gap=4.0000 tried=5 sep_labels=15 clique_frac=0.02
t=18040ms iter=425 REBUILD reject new_tc=21.8173 (was 21.7256)
t=18061ms iter=425 incumb=21.7256 ratchet=22.1811 best=21.7125 since_improve=265
t=18063ms iter=426 WAIST cost=19.0000 best_alt=15.0000 gap=4.0000 tried=5 sep_labels=15 clique_frac=0.02
t=18082ms iter=426 REBUILD reject new_tc=21.8667 (was 21.7256)
t=18103ms iter=426 incumb=21.7256 ratchet=21.8698 best=21.7125 since_improve=266
t=18104ms iter=427 WAIST cost=19.0000 best_alt=15.0000 gap=4.0000 tried=5 sep_labels=15 clique_frac=0.02
t=18124ms iter=427 REBUILD reject new_tc=22.0880 (was 21.7256)
t=18144ms iter=427 incumb=21.7256 ratchet=21.8854 best=21.7125 since_improve=267
t=18146ms iter=428 WAIST cost=19.0000 best_alt=15.0000 gap=4.0000 tried=5 sep_labels=15 clique_frac=0.02
t=18165ms iter=428 REBUILD reject new_tc=21.9705 (was 21.7256)
t=18186ms iter=428 incumb=21.7256 ratchet=21.8827 best=21.7125 since_improve=268
t=18187ms iter=429 WAIST cost=19.0000 best_alt=15.0000 gap=4.0000 tried=5 sep_labels=15 clique_frac=0.02
t=18206ms iter=429 REBUILD reject new_tc=21.8268 (was 21.7256)
t=18227ms iter=429 incumb=21.7256 ratchet=21.7377 best=21.7125 since_improve=269
t=18228ms iter=430 WAIST cost=19.0000 best_alt=15.0000 gap=4.0000 tried=5 sep_labels=15 clique_frac=0.02
t=18248ms iter=430 REBUILD reject new_tc=21.7813 (was 21.7256)
t=18269ms iter=430 incumb=21.7256 ratchet=21.8453 best=21.7125 since_improve=270
t=18270ms iter=431 WAIST cost=19.0000 best_alt=15.0000 gap=4.0000 tried=5 sep_labels=15 clique_frac=0.02
t=18289ms iter=431 REBUILD reject new_tc=22.1231 (was 21.7256)
t=18310ms iter=431 incumb=21.7256 ratchet=21.8925 best=21.7125 since_improve=271
t=18312ms iter=432 WAIST cost=19.0000 best_alt=15.0000 gap=4.0000 tried=5 sep_labels=15 clique_frac=0.02
t=18331ms iter=432 REBUILD reject new_tc=22.2256 (was 21.7256)
t=18351ms iter=432 incumb=21.7256 ratchet=21.7649 best=21.7125 since_improve=272
t=18353ms iter=433 WAIST cost=19.0000 best_alt=15.0000 gap=4.0000 tried=5 sep_labels=15 clique_frac=0.02
t=18372ms iter=433 REBUILD reject new_tc=22.2422 (was 21.7256)
t=18393ms iter=433 incumb=21.7256 ratchet=21.8556 best=21.7125 since_improve=273
t=18395ms iter=434 WAIST cost=19.0000 best_alt=15.0000 gap=4.0000 tried=5 sep_labels=15 clique_frac=0.02
t=18414ms iter=434 REBUILD reject new_tc=22.1475 (was 21.7256)
t=18435ms iter=434 incumb=21.7256 ratchet=21.8650 best=21.7125 since_improve=274
t=18437ms iter=435 WAIST cost=19.0000 best_alt=15.0000 gap=4.0000 tried=5 sep_labels=15 clique_frac=0.02
t=18456ms iter=435 REBUILD reject new_tc=21.9984 (was 21.7256)
t=18476ms iter=435 incumb=21.7256 ratchet=21.7670 best=21.7125 since_improve=275
t=18478ms iter=436 WAIST cost=19.0000 best_alt=15.0000 gap=4.0000 tried=5 sep_labels=15 clique_frac=0.02
t=18497ms iter=436 REBUILD reject new_tc=22.0427 (was 21.7256)
t=18518ms iter=436 incumb=21.7256 ratchet=21.8368 best=21.7125 since_improve=276
t=18519ms iter=437 WAIST cost=19.0000 best_alt=15.0000 gap=4.0000 tried=5 sep_labels=15 clique_frac=0.02
t=18538ms iter=437 REBUILD reject new_tc=22.1084 (was 21.7256)
t=18559ms iter=437 incumb=21.7256 ratchet=21.8566 best=21.7125 since_improve=277
t=18561ms iter=438 WAIST cost=19.0000 best_alt=15.0000 gap=4.0000 tried=5 sep_labels=15 clique_frac=0.02
t=18580ms iter=438 REBUILD reject new_tc=21.8203 (was 21.7256)
t=18601ms iter=438 incumb=21.7256 ratchet=21.7443 best=21.7125 since_improve=278
t=18602ms iter=439 WAIST cost=19.0000 best_alt=15.0000 gap=4.0000 tried=5 sep_labels=15 clique_frac=0.02
t=18621ms iter=439 REBUILD reject new_tc=22.2163 (was 21.7256)
t=18642ms iter=439 incumb=21.7256 ratchet=21.8081 best=21.7125 since_improve=279
t=18643ms iter=440 WAIST cost=19.0000 best_alt=15.0000 gap=4.0000 tried=5 sep_labels=15 clique_frac=0.02
t=18666ms iter=440 REBUILD reject new_tc=22.1126 (was 21.7256)
t=18687ms iter=440 incumb=21.7256 ratchet=21.9053 best=21.7125 since_improve=280
t=18689ms iter=441 WAIST cost=19.0000 best_alt=15.0000 gap=4.0000 tried=5 sep_labels=15 clique_frac=0.02
t=18708ms iter=441 REBUILD reject new_tc=22.1937 (was 21.7256)
t=18729ms iter=441 incumb=21.7256 ratchet=21.9294 best=21.7125 since_improve=281
t=18730ms iter=442 WAIST cost=19.0000 best_alt=15.0000 gap=4.0000 tried=5 sep_labels=15 clique_frac=0.02
t=18749ms iter=442 REBUILD reject new_tc=22.2472 (was 21.7256)
t=18770ms iter=442 incumb=21.7256 ratchet=22.0194 best=21.7125 since_improve=282
t=18771ms iter=443 WAIST cost=19.0000 best_alt=15.0000 gap=4.0000 tried=5 sep_labels=15 clique_frac=0.02
t=18790ms iter=443 REBUILD reject new_tc=22.1134 (was 21.7256)
t=18811ms iter=443 incumb=21.7256 ratchet=21.8558 best=21.7125 since_improve=283
t=18812ms iter=444 WAIST cost=19.0000 best_alt=15.0000 gap=4.0000 tried=5 sep_labels=15 clique_frac=0.02
t=18831ms iter=444 REBUILD reject new_tc=22.2900 (was 21.7256)
t=18852ms iter=444 incumb=21.7256 ratchet=21.9235 best=21.7125 since_improve=284
t=18853ms iter=445 WAIST cost=19.0000 best_alt=15.0000 gap=4.0000 tried=5 sep_labels=15 clique_frac=0.02
t=18872ms iter=445 REBUILD reject new_tc=22.1781 (was 21.7256)
t=18894ms iter=445 incumb=21.7256 ratchet=21.7314 best=21.7125 since_improve=285
t=18895ms iter=446 WAIST cost=19.0000 best_alt=15.0000 gap=4.0000 tried=5 sep_labels=15 clique_frac=0.02
t=18914ms iter=446 REBUILD reject new_tc=21.8337 (was 21.7256)
t=18935ms iter=446 incumb=21.7256 ratchet=21.7430 best=21.7125 since_improve=286
t=18937ms iter=447 WAIST cost=19.0000 best_alt=15.0000 gap=4.0000 tried=5 sep_labels=15 clique_frac=0.02
t=18956ms iter=447 REBUILD reject new_tc=22.2646 (was 21.7256)
t=18977ms iter=447 incumb=21.7256 ratchet=21.7516 best=21.7125 since_improve=287
t=18978ms iter=448 WAIST cost=19.0000 best_alt=15.0000 gap=4.0000 tried=5 sep_labels=15 clique_frac=0.02
t=18997ms iter=448 REBUILD reject new_tc=22.5870 (was 21.7256)
t=19018ms iter=448 incumb=21.7256 ratchet=21.8106 best=21.7125 since_improve=288
t=19019ms iter=449 WAIST cost=19.0000 best_alt=15.0000 gap=4.0000 tried=5 sep_labels=15 clique_frac=0.02
t=19039ms iter=449 REBUILD reject new_tc=21.8230 (was 21.7256)
t=19060ms iter=449 incumb=21.7256 ratchet=21.7930 best=21.7125 since_improve=289
t=19061ms iter=450 WAIST cost=19.0000 best_alt=15.0000 gap=4.0000 tried=5 sep_labels=15 clique_frac=0.02
t=19080ms iter=450 REBUILD reject new_tc=21.9514 (was 21.7256)
t=19101ms iter=450 incumb=21.7256 ratchet=21.9406 best=21.7125 since_improve=290
t=19102ms iter=451 WAIST cost=19.0000 best_alt=15.0000 gap=4.0000 tried=5 sep_labels=15 clique_frac=0.02
t=19121ms iter=451 REBUILD reject new_tc=22.0875 (was 21.7256)
t=19142ms iter=451 incumb=21.7256 ratchet=21.8966 best=21.7125 since_improve=291
t=19143ms iter=452 WAIST cost=19.0000 best_alt=15.0000 gap=4.0000 tried=5 sep_labels=15 clique_frac=0.02
t=19162ms iter=452 REBUILD reject new_tc=22.3324 (was 21.7256)
t=19183ms iter=452 incumb=21.7256 ratchet=21.7723 best=21.7125 since_improve=292
t=19184ms iter=453 WAIST cost=19.0000 best_alt=15.0000 gap=4.0000 tried=5 sep_labels=15 clique_frac=0.02
t=19204ms iter=453 REBUILD reject new_tc=21.9641 (was 21.7256)
t=19225ms iter=453 incumb=21.7256 ratchet=21.7558 best=21.7125 since_improve=293
t=19226ms iter=454 WAIST cost=19.0000 best_alt=15.0000 gap=4.0000 tried=5 sep_labels=15 clique_frac=0.02
t=19246ms iter=454 REBUILD reject new_tc=21.8703 (was 21.7256)
t=19266ms iter=454 incumb=21.7256 ratchet=21.7795 best=21.7125 since_improve=294
t=19268ms iter=455 WAIST cost=19.0000 best_alt=15.0000 gap=4.0000 tried=5 sep_labels=15 clique_frac=0.02
t=19287ms iter=455 REBUILD reject new_tc=21.8311 (was 21.7256)
t=19308ms iter=455 incumb=21.7256 ratchet=21.8207 best=21.7125 since_improve=295
t=19309ms iter=456 WAIST cost=19.0000 best_alt=15.0000 gap=4.0000 tried=5 sep_labels=15 clique_frac=0.02
t=19328ms iter=456 REBUILD reject new_tc=22.1214 (was 21.7256)
t=19349ms iter=456 incumb=21.7256 ratchet=21.8669 best=21.7125 since_improve=296
t=19350ms iter=457 WAIST cost=19.0000 best_alt=15.0000 gap=4.0000 tried=5 sep_labels=15 clique_frac=0.02
t=19370ms iter=457 REBUILD reject new_tc=21.8270 (was 21.7256)
t=19390ms iter=457 incumb=21.7256 ratchet=21.7543 best=21.7125 since_improve=297
t=19392ms iter=458 WAIST cost=19.0000 best_alt=15.0000 gap=4.0000 tried=5 sep_labels=15 clique_frac=0.02
t=19411ms iter=458 REBUILD reject new_tc=22.1917 (was 21.7256)
t=19432ms iter=458 incumb=21.7256 ratchet=21.7475 best=21.7125 since_improve=298
t=19434ms iter=459 WAIST cost=19.0000 best_alt=15.0000 gap=4.0000 tried=5 sep_labels=15 clique_frac=0.02
t=19452ms iter=459 REBUILD reject new_tc=22.4550 (was 21.7256)
t=19473ms iter=459 incumb=21.7256 ratchet=21.8541 best=21.7125 since_improve=299
t=19475ms iter=460 WAIST cost=19.0000 best_alt=15.0000 gap=4.0000 tried=5 sep_labels=15 clique_frac=0.02
t=19494ms iter=460 REBUILD reject new_tc=21.8404 (was 21.7256)
t=19515ms iter=460 incumb=21.7256 ratchet=21.8448 best=21.7125 since_improve=300
t=19516ms iter=461 WAIST cost=19.0000 best_alt=15.0000 gap=4.0000 tried=5 sep_labels=15 clique_frac=0.02
t=19535ms iter=461 REBUILD reject new_tc=22.4024 (was 21.7256)
t=19556ms iter=461 incumb=21.7256 ratchet=21.9429 best=21.7125 since_improve=301
t=19557ms iter=462 WAIST cost=19.0000 best_alt=15.0000 gap=4.0000 tried=5 sep_labels=15 clique_frac=0.02
t=19576ms iter=462 REBUILD reject new_tc=22.1439 (was 21.7256)
t=19597ms iter=462 incumb=21.7256 ratchet=21.7885 best=21.7125 since_improve=302
t=19599ms iter=463 WAIST cost=19.0000 best_alt=15.0000 gap=4.0000 tried=5 sep_labels=15 clique_frac=0.02
t=19618ms iter=463 REBUILD reject new_tc=22.0434 (was 21.7256)
t=19639ms iter=463 incumb=21.7256 ratchet=21.8105 best=21.7125 since_improve=303
t=19641ms iter=464 WAIST cost=19.0000 best_alt=15.0000 gap=4.0000 tried=5 sep_labels=15 clique_frac=0.02
t=19660ms iter=464 REBUILD reject new_tc=21.8201 (was 21.7256)
t=19681ms iter=464 incumb=21.7256 ratchet=21.7414 best=21.7125 since_improve=304
t=19682ms iter=465 WAIST cost=19.0000 best_alt=15.0000 gap=4.0000 tried=5 sep_labels=15 clique_frac=0.02
t=19702ms iter=465 REBUILD reject new_tc=21.8218 (was 21.7256)
t=19723ms iter=465 incumb=21.7256 ratchet=21.9406 best=21.7125 since_improve=305
t=19725ms iter=466 WAIST cost=19.0000 best_alt=15.0000 gap=4.0000 tried=5 sep_labels=15 clique_frac=0.02
t=19744ms iter=466 REBUILD reject new_tc=22.2569 (was 21.7256)
t=19765ms iter=466 incumb=21.7256 ratchet=21.8809 best=21.7125 since_improve=306
t=19766ms iter=467 WAIST cost=19.0000 best_alt=15.0000 gap=4.0000 tried=5 sep_labels=15 clique_frac=0.02
t=19785ms iter=467 REBUILD reject new_tc=21.7779 (was 21.7256)
t=19806ms iter=467 incumb=21.7256 ratchet=21.7960 best=21.7125 since_improve=307
t=19807ms iter=468 WAIST cost=19.0000 best_alt=15.0000 gap=4.0000 tried=5 sep_labels=15 clique_frac=0.02
t=19826ms iter=468 REBUILD reject new_tc=22.5240 (was 21.7256)
t=19847ms iter=468 incumb=21.7256 ratchet=21.8359 best=21.7125 since_improve=308
t=19848ms iter=469 WAIST cost=19.0000 best_alt=15.0000 gap=4.0000 tried=5 sep_labels=15 clique_frac=0.02
t=19867ms iter=469 REBUILD reject new_tc=22.3830 (was 21.7256)
t=19888ms iter=469 incumb=21.7256 ratchet=21.8085 best=21.7125 since_improve=309
t=19890ms iter=470 WAIST cost=19.0000 best_alt=15.0000 gap=4.0000 tried=5 sep_labels=15 clique_frac=0.02
t=19909ms iter=470 REBUILD reject new_tc=21.9986 (was 21.7256)
t=19930ms iter=470 incumb=21.7256 ratchet=21.7270 best=21.7125 since_improve=310
t=19932ms iter=471 WAIST cost=19.0000 best_alt=15.0000 gap=4.0000 tried=5 sep_labels=15 clique_frac=0.02
t=19951ms iter=471 REBUILD reject new_tc=21.8682 (was 21.7256)
t=19972ms iter=471 incumb=21.7256 ratchet=21.7782 best=21.7125 since_improve=311
t=19973ms iter=472 WAIST cost=19.0000 best_alt=15.0000 gap=4.0000 tried=5 sep_labels=15 clique_frac=0.02
t=19993ms iter=472 REBUILD reject new_tc=22.3341 (was 21.7256)
t=20014ms iter=472 incumb=21.7256 ratchet=21.7462 best=21.7125 since_improve=312
t=20015ms iter=473 WAIST cost=19.0000 best_alt=15.0000 gap=4.0000 tried=5 sep_labels=15 clique_frac=0.02
t=20034ms iter=473 REBUILD reject new_tc=21.8293 (was 21.7256)
t=20055ms iter=473 incumb=21.7256 ratchet=21.8438 best=21.7125 since_improve=313
t=20057ms iter=474 WAIST cost=19.0000 best_alt=15.0000 gap=4.0000 tried=5 sep_labels=15 clique_frac=0.02
t=20076ms iter=474 REBUILD reject new_tc=21.9146 (was 21.7256)
t=20097ms iter=474 incumb=21.7256 ratchet=21.8051 best=21.7125 since_improve=314
t=20099ms iter=475 WAIST cost=19.0000 best_alt=15.0000 gap=4.0000 tried=5 sep_labels=15 clique_frac=0.02
t=20118ms iter=475 REBUILD reject new_tc=21.8766 (was 21.7256)
t=20139ms iter=475 incumb=21.7256 ratchet=21.7488 best=21.7125 since_improve=315
t=20141ms iter=476 WAIST cost=19.0000 best_alt=15.0000 gap=4.0000 tried=5 sep_labels=15 clique_frac=0.02
t=20160ms iter=476 REBUILD reject new_tc=22.1203 (was 21.7256)
t=20180ms iter=476 incumb=21.7256 ratchet=21.8145 best=21.7125 since_improve=316
t=20182ms iter=477 WAIST cost=19.0000 best_alt=15.0000 gap=4.0000 tried=5 sep_labels=15 clique_frac=0.02
t=20201ms iter=477 REBUILD reject new_tc=22.1881 (was 21.7256)
t=20222ms iter=477 incumb=21.7256 ratchet=21.9428 best=21.7125 since_improve=317
t=20224ms iter=478 WAIST cost=19.0000 best_alt=15.0000 gap=4.0000 tried=5 sep_labels=15 clique_frac=0.02
t=20243ms iter=478 REBUILD reject new_tc=22.1869 (was 21.7256)
t=20264ms iter=478 incumb=21.7256 ratchet=21.8677 best=21.7125 since_improve=318
t=20266ms iter=479 WAIST cost=19.0000 best_alt=15.0000 gap=4.0000 tried=5 sep_labels=15 clique_frac=0.02
t=20285ms iter=479 REBUILD reject new_tc=22.2082 (was 21.7256)
t=20305ms iter=479 incumb=21.7256 ratchet=21.8483 best=21.7125 since_improve=319
t=20307ms iter=480 WAIST cost=19.0000 best_alt=15.0000 gap=4.0000 tried=5 sep_labels=15 clique_frac=0.02
t=20326ms iter=480 REBUILD reject new_tc=21.9047 (was 21.7256)
t=20346ms iter=480 incumb=21.7256 ratchet=21.8450 best=21.7125 since_improve=320
t=20348ms iter=481 WAIST cost=19.0000 best_alt=15.0000 gap=4.0000 tried=5 sep_labels=15 clique_frac=0.02
t=20367ms iter=481 REBUILD reject new_tc=22.0400 (was 21.7256)
t=20389ms iter=481 incumb=21.7256 ratchet=21.8323 best=21.7125 since_improve=321
t=20390ms iter=482 WAIST cost=19.0000 best_alt=15.0000 gap=4.0000 tried=5 sep_labels=15 clique_frac=0.02
t=20409ms iter=482 REBUILD reject new_tc=22.3911 (was 21.7256)
t=20430ms iter=482 incumb=21.7256 ratchet=21.7548 best=21.7125 since_improve=322
t=20431ms iter=483 WAIST cost=19.0000 best_alt=15.0000 gap=4.0000 tried=5 sep_labels=15 clique_frac=0.02
t=20450ms iter=483 REBUILD reject new_tc=22.3421 (was 21.7256)
t=20471ms iter=483 incumb=21.7256 ratchet=21.8033 best=21.7125 since_improve=323
t=20472ms iter=484 WAIST cost=19.0000 best_alt=15.0000 gap=4.0000 tried=5 sep_labels=15 clique_frac=0.02
t=20491ms iter=484 REBUILD reject new_tc=21.8190 (was 21.7256)
t=20512ms iter=484 incumb=21.7256 ratchet=21.9080 best=21.7125 since_improve=324
t=20514ms iter=485 WAIST cost=19.0000 best_alt=15.0000 gap=4.0000 tried=5 sep_labels=15 clique_frac=0.02
t=20533ms iter=485 REBUILD reject new_tc=21.9061 (was 21.7256)
t=20554ms iter=485 incumb=21.7256 ratchet=21.8601 best=21.7125 since_improve=325
t=20555ms iter=486 WAIST cost=19.0000 best_alt=15.0000 gap=4.0000 tried=5 sep_labels=15 clique_frac=0.02
t=20574ms iter=486 REBUILD reject new_tc=22.1878 (was 21.7256)
t=20595ms iter=486 incumb=21.7256 ratchet=21.8084 best=21.7125 since_improve=326
t=20597ms iter=487 WAIST cost=19.0000 best_alt=15.0000 gap=4.0000 tried=5 sep_labels=15 clique_frac=0.02
t=20616ms iter=487 REBUILD reject new_tc=22.3338 (was 21.7256)
t=20637ms iter=487 incumb=21.7256 ratchet=21.9194 best=21.7125 since_improve=327
t=20639ms iter=488 WAIST cost=19.0000 best_alt=15.0000 gap=4.0000 tried=5 sep_labels=15 clique_frac=0.02
t=20658ms iter=488 REBUILD reject new_tc=21.7798 (was 21.7256)
t=20679ms iter=488 incumb=21.7256 ratchet=21.7645 best=21.7125 since_improve=328
t=20680ms iter=489 WAIST cost=19.0000 best_alt=15.0000 gap=4.0000 tried=5 sep_labels=15 clique_frac=0.02
t=20699ms iter=489 REBUILD reject new_tc=22.1007 (was 21.7256)
t=20720ms iter=489 incumb=21.7256 ratchet=21.7391 best=21.7125 since_improve=329
t=20722ms iter=490 WAIST cost=19.0000 best_alt=15.0000 gap=4.0000 tried=5 sep_labels=15 clique_frac=0.02
t=20740ms iter=490 REBUILD reject new_tc=22.4547 (was 21.7256)
t=20761ms iter=490 incumb=21.7256 ratchet=21.7534 best=21.7125 since_improve=330
t=20762ms iter=491 WAIST cost=19.0000 best_alt=15.0000 gap=4.0000 tried=5 sep_labels=15 clique_frac=0.02
t=20781ms iter=491 REBUILD reject new_tc=22.2878 (was 21.7256)
t=20803ms iter=491 incumb=21.7256 ratchet=21.8729 best=21.7125 since_improve=331
t=20804ms iter=492 WAIST cost=19.0000 best_alt=15.0000 gap=4.0000 tried=5 sep_labels=15 clique_frac=0.02
t=20823ms iter=492 REBUILD reject new_tc=21.9485 (was 21.7256)
t=20845ms iter=492 incumb=21.7256 ratchet=21.7520 best=21.7125 since_improve=332
t=20846ms iter=493 WAIST cost=19.0000 best_alt=15.0000 gap=4.0000 tried=5 sep_labels=15 clique_frac=0.02
t=20865ms iter=493 REBUILD reject new_tc=22.0082 (was 21.7256)
t=20886ms iter=493 incumb=21.7256 ratchet=21.7946 best=21.7125 since_improve=333
t=20888ms iter=494 WAIST cost=19.0000 best_alt=15.0000 gap=4.0000 tried=5 sep_labels=15 clique_frac=0.02
t=20907ms iter=494 REBUILD reject new_tc=21.7798 (was 21.7256)
t=20928ms iter=494 incumb=21.7256 ratchet=22.1802 best=21.7125 since_improve=334
t=20930ms iter=495 WAIST cost=19.0000 best_alt=15.0000 gap=4.0000 tried=5 sep_labels=15 clique_frac=0.02
t=20949ms iter=495 REBUILD reject new_tc=22.0457 (was 21.7256)
t=20969ms iter=495 incumb=21.7256 ratchet=21.7951 best=21.7125 since_improve=335
t=20971ms iter=496 WAIST cost=19.0000 best_alt=15.0000 gap=4.0000 tried=5 sep_labels=15 clique_frac=0.02
t=20990ms iter=496 REBUILD reject new_tc=21.9620 (was 21.7256)
t=21011ms iter=496 incumb=21.7256 ratchet=21.8795 best=21.7125 since_improve=336
t=21012ms iter=497 WAIST cost=19.0000 best_alt=15.0000 gap=4.0000 tried=5 sep_labels=15 clique_frac=0.02
t=21031ms iter=497 REBUILD reject new_tc=22.3875 (was 21.7256)
t=21052ms iter=497 incumb=21.7256 ratchet=21.7684 best=21.7125 since_improve=337
t=21053ms iter=498 WAIST cost=19.0000 best_alt=15.0000 gap=4.0000 tried=5 sep_labels=15 clique_frac=0.02
t=21072ms iter=498 REBUILD reject new_tc=21.8319 (was 21.7256)
t=21094ms iter=498 incumb=21.7256 ratchet=21.9779 best=21.7125 since_improve=338
t=21095ms iter=499 WAIST cost=19.0000 best_alt=15.0000 gap=4.0000 tried=5 sep_labels=15 clique_frac=0.02
t=21114ms iter=499 REBUILD reject new_tc=22.2555 (was 21.7256)
t=21135ms iter=499 incumb=21.7256 ratchet=22.0026 best=21.7125 since_improve=339
t=21137ms iter=500 WAIST cost=19.0000 best_alt=15.0000 gap=4.0000 tried=5 sep_labels=15 clique_frac=0.02
t=21156ms iter=500 REBUILD reject new_tc=21.9027 (was 21.7256)
t=21177ms iter=500 incumb=21.7256 ratchet=21.7281 best=21.7125 since_improve=340
t=21178ms iter=501 WAIST cost=19.0000 best_alt=15.0000 gap=4.0000 tried=5 sep_labels=15 clique_frac=0.02
t=21198ms iter=501 REBUILD reject new_tc=21.8558 (was 21.7256)
t=21219ms iter=501 incumb=21.7256 ratchet=21.7941 best=21.7125 since_improve=341
t=21220ms iter=502 WAIST cost=19.0000 best_alt=15.0000 gap=4.0000 tried=5 sep_labels=15 clique_frac=0.02
t=21239ms iter=502 REBUILD reject new_tc=21.7799 (was 21.7256)
t=21261ms iter=502 incumb=21.7256 ratchet=21.7393 best=21.7125 since_improve=342
t=21262ms iter=503 WAIST cost=19.0000 best_alt=15.0000 gap=4.0000 tried=5 sep_labels=15 clique_frac=0.02
t=21281ms iter=503 REBUILD reject new_tc=21.7798 (was 21.7256)
t=21302ms iter=503 incumb=21.7256 ratchet=21.7810 best=21.7125 since_improve=343
t=21304ms iter=504 WAIST cost=19.0000 best_alt=15.0000 gap=4.0000 tried=5 sep_labels=15 clique_frac=0.02
t=21324ms iter=504 REBUILD reject new_tc=22.0468 (was 21.7256)
t=21345ms iter=504 incumb=21.7256 ratchet=21.7528 best=21.7125 since_improve=344
t=21346ms iter=505 WAIST cost=19.0000 best_alt=15.0000 gap=4.0000 tried=5 sep_labels=15 clique_frac=0.02
t=21365ms iter=505 REBUILD reject new_tc=21.9626 (was 21.7256)
t=21385ms iter=505 incumb=21.7256 ratchet=21.8044 best=21.7125 since_improve=345
t=21387ms iter=506 WAIST cost=19.0000 best_alt=15.0000 gap=4.0000 tried=5 sep_labels=15 clique_frac=0.02
t=21405ms iter=506 REBUILD reject new_tc=22.2638 (was 21.7256)
t=21426ms iter=506 incumb=21.7256 ratchet=21.8170 best=21.7125 since_improve=346
t=21428ms iter=507 WAIST cost=19.0000 best_alt=15.0000 gap=4.0000 tried=5 sep_labels=15 clique_frac=0.02
t=21447ms iter=507 REBUILD reject new_tc=21.7868 (was 21.7256)
t=21468ms iter=507 incumb=21.7256 ratchet=21.7671 best=21.7125 since_improve=347
t=21470ms iter=508 WAIST cost=19.0000 best_alt=15.0000 gap=4.0000 tried=5 sep_labels=15 clique_frac=0.02
t=21489ms iter=508 REBUILD reject new_tc=21.9407 (was 21.7256)
t=21510ms iter=508 incumb=21.7256 ratchet=21.7528 best=21.7125 since_improve=348
t=21511ms iter=509 WAIST cost=19.0000 best_alt=15.0000 gap=4.0000 tried=5 sep_labels=15 clique_frac=0.02
t=21530ms iter=509 REBUILD reject new_tc=22.1240 (was 21.7256)
t=21551ms iter=509 incumb=21.7256 ratchet=22.0336 best=21.7125 since_improve=349
t=21552ms iter=510 WAIST cost=19.0000 best_alt=15.0000 gap=4.0000 tried=5 sep_labels=15 clique_frac=0.02
t=21571ms iter=510 REBUILD reject new_tc=22.2452 (was 21.7256)
t=21592ms iter=510 incumb=21.7256 ratchet=21.7975 best=21.7125 since_improve=350
t=21593ms iter=511 WAIST cost=19.0000 best_alt=15.0000 gap=4.0000 tried=5 sep_labels=15 clique_frac=0.02
t=21613ms iter=511 REBUILD reject new_tc=21.8683 (was 21.7256)
t=21634ms iter=511 incumb=21.7256 ratchet=21.7922 best=21.7125 since_improve=351
t=21635ms iter=512 WAIST cost=19.0000 best_alt=15.0000 gap=4.0000 tried=5 sep_labels=15 clique_frac=0.02
t=21654ms iter=512 REBUILD reject new_tc=22.0494 (was 21.7256)
t=21675ms iter=512 incumb=21.7256 ratchet=21.9450 best=21.7125 since_improve=352
t=21676ms iter=513 WAIST cost=19.0000 best_alt=15.0000 gap=4.0000 tried=5 sep_labels=15 clique_frac=0.02
t=21696ms iter=513 REBUILD reject new_tc=21.8190 (was 21.7256)
t=21716ms iter=513 incumb=21.7256 ratchet=21.7415 best=21.7125 since_improve=353
t=21718ms iter=514 WAIST cost=19.0000 best_alt=15.0000 gap=4.0000 tried=5 sep_labels=15 clique_frac=0.02
t=21737ms iter=514 REBUILD reject new_tc=21.9049 (was 21.7256)
t=21758ms iter=514 incumb=21.7256 ratchet=21.7789 best=21.7125 since_improve=354
t=21760ms iter=515 WAIST cost=19.0000 best_alt=15.0000 gap=4.0000 tried=5 sep_labels=15 clique_frac=0.02
t=21779ms iter=515 REBUILD reject new_tc=21.8178 (was 21.7256)
t=21800ms iter=515 incumb=21.7256 ratchet=21.7679 best=21.7125 since_improve=355
t=21801ms iter=516 WAIST cost=19.0000 best_alt=15.0000 gap=4.0000 tried=5 sep_labels=15 clique_frac=0.02
t=21820ms iter=516 REBUILD reject new_tc=21.9577 (was 21.7256)
t=21841ms iter=516 incumb=21.7256 ratchet=21.7925 best=21.7125 since_improve=356
t=21842ms iter=517 WAIST cost=19.0000 best_alt=15.0000 gap=4.0000 tried=5 sep_labels=15 clique_frac=0.02
t=21861ms iter=517 REBUILD reject new_tc=22.2531 (was 21.7256)
t=21882ms iter=517 incumb=21.7256 ratchet=21.9340 best=21.7125 since_improve=357
t=21884ms iter=518 WAIST cost=19.0000 best_alt=15.0000 gap=4.0000 tried=5 sep_labels=15 clique_frac=0.02
t=21903ms iter=518 REBUILD reject new_tc=22.1783 (was 21.7256)
t=21924ms iter=518 incumb=21.7256 ratchet=21.8578 best=21.7125 since_improve=358
t=21925ms iter=519 WAIST cost=19.0000 best_alt=15.0000 gap=4.0000 tried=5 sep_labels=15 clique_frac=0.02
t=21944ms iter=519 REBUILD reject new_tc=21.8710 (was 21.7256)
t=21965ms iter=519 incumb=21.7256 ratchet=21.7424 best=21.7125 since_improve=359
t=21967ms iter=520 WAIST cost=19.0000 best_alt=15.0000 gap=4.0000 tried=5 sep_labels=15 clique_frac=0.02
t=21986ms iter=520 REBUILD reject new_tc=21.8587 (was 21.7256)
t=22007ms iter=520 incumb=21.7256 ratchet=21.7915 best=21.7125 since_improve=360
t=22008ms iter=521 WAIST cost=19.0000 best_alt=15.0000 gap=4.0000 tried=5 sep_labels=15 clique_frac=0.02
t=22027ms iter=521 REBUILD reject new_tc=21.9188 (was 21.7256)
t=22049ms iter=521 incumb=21.7256 ratchet=21.8933 best=21.7125 since_improve=361
t=22050ms iter=522 WAIST cost=19.0000 best_alt=15.0000 gap=4.0000 tried=5 sep_labels=15 clique_frac=0.02
t=22070ms iter=522 REBUILD reject new_tc=21.8176 (was 21.7256)
t=22091ms iter=522 incumb=21.7256 ratchet=21.8161 best=21.7125 since_improve=362
t=22093ms iter=523 WAIST cost=19.0000 best_alt=15.0000 gap=4.0000 tried=5 sep_labels=15 clique_frac=0.02
t=22112ms iter=523 REBUILD reject new_tc=21.7795 (was 21.7256)
t=22134ms iter=523 incumb=21.7256 ratchet=21.9867 best=21.7125 since_improve=363
t=22135ms iter=524 WAIST cost=19.0000 best_alt=15.0000 gap=4.0000 tried=5 sep_labels=15 clique_frac=0.02
t=22154ms iter=524 REBUILD reject new_tc=22.2918 (was 21.7256)
t=22175ms iter=524 incumb=21.7256 ratchet=21.8616 best=21.7125 since_improve=364
t=22176ms iter=525 WAIST cost=19.0000 best_alt=15.0000 gap=4.0000 tried=5 sep_labels=15 clique_frac=0.02
t=22195ms iter=525 REBUILD reject new_tc=22.2567 (was 21.7256)
t=22216ms iter=525 incumb=21.7256 ratchet=21.9607 best=21.7125 since_improve=365
t=22217ms iter=526 WAIST cost=19.0000 best_alt=15.0000 gap=4.0000 tried=5 sep_labels=15 clique_frac=0.02
t=22237ms iter=526 REBUILD reject new_tc=21.9040 (was 21.7256)
t=22258ms iter=526 incumb=21.7256 ratchet=21.7395 best=21.7125 since_improve=366
t=22259ms iter=527 WAIST cost=19.0000 best_alt=15.0000 gap=4.0000 tried=5 sep_labels=15 clique_frac=0.02
t=22279ms iter=527 REBUILD reject new_tc=21.9165 (was 21.7256)
t=22300ms iter=527 incumb=21.7256 ratchet=21.7521 best=21.7125 since_improve=367
t=22301ms iter=528 WAIST cost=19.0000 best_alt=15.0000 gap=4.0000 tried=5 sep_labels=15 clique_frac=0.02
t=22320ms iter=528 REBUILD reject new_tc=22.1880 (was 21.7256)
t=22341ms iter=528 incumb=21.7256 ratchet=21.9903 best=21.7125 since_improve=368
t=22342ms iter=529 WAIST cost=19.0000 best_alt=15.0000 gap=4.0000 tried=5 sep_labels=15 clique_frac=0.02
t=22362ms iter=529 REBUILD reject new_tc=21.8362 (was 21.7256)
t=22383ms iter=529 incumb=21.7256 ratchet=22.0002 best=21.7125 since_improve=369
t=22384ms iter=530 WAIST cost=19.0000 best_alt=15.0000 gap=4.0000 tried=5 sep_labels=15 clique_frac=0.02
t=22403ms iter=530 REBUILD reject new_tc=21.8187 (was 21.7256)
t=22425ms iter=530 incumb=21.7256 ratchet=21.8211 best=21.7125 since_improve=370
t=22426ms iter=531 WAIST cost=19.0000 best_alt=15.0000 gap=4.0000 tried=5 sep_labels=15 clique_frac=0.02
t=22445ms iter=531 REBUILD reject new_tc=21.7783 (was 21.7256)
t=22466ms iter=531 incumb=21.7256 ratchet=21.8192 best=21.7125 since_improve=371
t=22468ms iter=532 WAIST cost=19.0000 best_alt=15.0000 gap=4.0000 tried=5 sep_labels=15 clique_frac=0.02
t=22487ms iter=532 REBUILD reject new_tc=21.9085 (was 21.7256)
t=22508ms iter=532 incumb=21.7256 ratchet=21.7655 best=21.7125 since_improve=372
t=22510ms iter=533 WAIST cost=19.0000 best_alt=15.0000 gap=4.0000 tried=5 sep_labels=15 clique_frac=0.02
t=22529ms iter=533 REBUILD reject new_tc=21.8603 (was 21.7256)
t=22550ms iter=533 incumb=21.7256 ratchet=21.7336 best=21.7125 since_improve=373
t=22551ms iter=534 WAIST cost=19.0000 best_alt=15.0000 gap=4.0000 tried=5 sep_labels=15 clique_frac=0.02
t=22570ms iter=534 REBUILD reject new_tc=22.2449 (was 21.7256)
t=22591ms iter=534 incumb=21.7256 ratchet=21.8546 best=21.7125 since_improve=374
t=22592ms iter=535 WAIST cost=19.0000 best_alt=15.0000 gap=4.0000 tried=5 sep_labels=15 clique_frac=0.02
t=22611ms iter=535 REBUILD reject new_tc=22.1834 (was 21.7256)
t=22632ms iter=535 incumb=21.7256 ratchet=21.7404 best=21.7125 since_improve=375
t=22634ms iter=536 WAIST cost=19.0000 best_alt=15.0000 gap=4.0000 tried=5 sep_labels=15 clique_frac=0.02
t=22653ms iter=536 REBUILD reject new_tc=21.8453 (was 21.7256)
t=22674ms iter=536 incumb=21.7256 ratchet=22.2516 best=21.7125 since_improve=376
t=22675ms iter=537 WAIST cost=19.0000 best_alt=15.0000 gap=4.0000 tried=5 sep_labels=15 clique_frac=0.02
t=22694ms iter=537 REBUILD reject new_tc=22.1812 (was 21.7256)
t=22715ms iter=537 incumb=21.7256 ratchet=21.7638 best=21.7125 since_improve=377
t=22717ms iter=538 WAIST cost=19.0000 best_alt=15.0000 gap=4.0000 tried=5 sep_labels=15 clique_frac=0.02
t=22736ms iter=538 REBUILD reject new_tc=21.9057 (was 21.7256)
t=22757ms iter=538 incumb=21.7256 ratchet=21.8047 best=21.7125 since_improve=378
t=22759ms iter=539 WAIST cost=19.0000 best_alt=15.0000 gap=4.0000 tried=5 sep_labels=15 clique_frac=0.02
t=22778ms iter=539 REBUILD reject new_tc=22.1832 (was 21.7256)
t=22798ms iter=539 incumb=21.7256 ratchet=21.8196 best=21.7125 since_improve=379
t=22799ms iter=540 WAIST cost=19.0000 best_alt=15.0000 gap=4.0000 tried=5 sep_labels=15 clique_frac=0.02
t=22819ms iter=540 REBUILD reject new_tc=21.8579 (was 21.7256)
t=22840ms iter=540 incumb=21.7256 ratchet=21.7979 best=21.7125 since_improve=380
t=22842ms iter=541 WAIST cost=19.0000 best_alt=15.0000 gap=4.0000 tried=5 sep_labels=15 clique_frac=0.02
t=22861ms iter=541 REBUILD reject new_tc=21.8821 (was 21.7256)
t=22882ms iter=541 incumb=21.7256 ratchet=21.7304 best=21.7125 since_improve=381
t=22884ms iter=542 WAIST cost=19.0000 best_alt=15.0000 gap=4.0000 tried=5 sep_labels=15 clique_frac=0.02
t=22903ms iter=542 REBUILD reject new_tc=22.2580 (was 21.7256)
t=22924ms iter=542 incumb=21.7256 ratchet=21.7959 best=21.7125 since_improve=382
t=22925ms iter=543 WAIST cost=19.0000 best_alt=15.0000 gap=4.0000 tried=5 sep_labels=15 clique_frac=0.02
t=22944ms iter=543 REBUILD reject new_tc=21.8699 (was 21.7256)
t=22965ms iter=543 incumb=21.7256 ratchet=21.7514 best=21.7125 since_improve=383
t=22966ms iter=544 WAIST cost=19.0000 best_alt=15.0000 gap=4.0000 tried=5 sep_labels=15 clique_frac=0.02
t=22986ms iter=544 REBUILD reject new_tc=21.8205 (was 21.7256)
t=23007ms iter=544 incumb=21.7256 ratchet=21.7695 best=21.7125 since_improve=384
t=23008ms iter=545 WAIST cost=19.0000 best_alt=15.0000 gap=4.0000 tried=5 sep_labels=15 clique_frac=0.02
t=23027ms iter=545 REBUILD reject new_tc=22.2090 (was 21.7256)
t=23048ms iter=545 incumb=21.7256 ratchet=21.7436 best=21.7125 since_improve=385
t=23050ms iter=546 WAIST cost=19.0000 best_alt=15.0000 gap=4.0000 tried=5 sep_labels=15 clique_frac=0.02
t=23069ms iter=546 REBUILD reject new_tc=22.1199 (was 21.7256)
t=23089ms iter=546 incumb=21.7256 ratchet=21.7816 best=21.7125 since_improve=386
t=23091ms iter=547 WAIST cost=19.0000 best_alt=15.0000 gap=4.0000 tried=5 sep_labels=15 clique_frac=0.02
t=23110ms iter=547 REBUILD reject new_tc=22.3005 (was 21.7256)
t=23131ms iter=547 incumb=21.7256 ratchet=21.8306 best=21.7125 since_improve=387
t=23132ms iter=548 WAIST cost=19.0000 best_alt=15.0000 gap=4.0000 tried=5 sep_labels=15 clique_frac=0.02
t=23151ms iter=548 REBUILD reject new_tc=21.8986 (was 21.7256)
t=23172ms iter=548 incumb=21.7256 ratchet=21.7572 best=21.7125 since_improve=388
t=23174ms iter=549 WAIST cost=19.0000 best_alt=15.0000 gap=4.0000 tried=5 sep_labels=15 clique_frac=0.02
t=23193ms iter=549 REBUILD reject new_tc=21.8224 (was 21.7256)
t=23214ms iter=549 incumb=21.7256 ratchet=21.8446 best=21.7125 since_improve=389
t=23215ms iter=550 WAIST cost=19.0000 best_alt=15.0000 gap=4.0000 tried=5 sep_labels=15 clique_frac=0.02
t=23234ms iter=550 REBUILD reject new_tc=21.8689 (was 21.7256)
t=23255ms iter=550 incumb=21.7256 ratchet=21.8443 best=21.7125 since_improve=390
t=23256ms iter=551 WAIST cost=19.0000 best_alt=15.0000 gap=4.0000 tried=5 sep_labels=15 clique_frac=0.02
t=23275ms iter=551 REBUILD reject new_tc=22.1779 (was 21.7256)
t=23296ms iter=551 incumb=21.7256 ratchet=21.8058 best=21.7125 since_improve=391
t=23297ms iter=552 WAIST cost=19.0000 best_alt=15.0000 gap=4.0000 tried=5 sep_labels=15 clique_frac=0.02
t=23316ms iter=552 REBUILD reject new_tc=22.3720 (was 21.7256)
t=23337ms iter=552 incumb=21.7256 ratchet=21.9301 best=21.7125 since_improve=392
t=23338ms iter=553 WAIST cost=19.0000 best_alt=15.0000 gap=4.0000 tried=5 sep_labels=15 clique_frac=0.02
t=23357ms iter=553 REBUILD reject new_tc=22.4131 (was 21.7256)
t=23378ms iter=553 incumb=21.7256 ratchet=21.7411 best=21.7125 since_improve=393
t=23379ms iter=554 WAIST cost=19.0000 best_alt=15.0000 gap=4.0000 tried=5 sep_labels=15 clique_frac=0.02
t=23398ms iter=554 REBUILD reject new_tc=22.4202 (was 21.7256)
t=23419ms iter=554 incumb=21.7256 ratchet=21.8466 best=21.7125 since_improve=394
t=23421ms iter=555 WAIST cost=19.0000 best_alt=15.0000 gap=4.0000 tried=5 sep_labels=15 clique_frac=0.02
t=23440ms iter=555 REBUILD reject new_tc=22.3329 (was 21.7256)
t=23461ms iter=555 incumb=21.7256 ratchet=21.7554 best=21.7125 since_improve=395
t=23462ms iter=556 WAIST cost=19.0000 best_alt=15.0000 gap=4.0000 tried=5 sep_labels=15 clique_frac=0.02
t=23481ms iter=556 REBUILD reject new_tc=22.1456 (was 21.7256)
t=23502ms iter=556 incumb=21.7256 ratchet=21.8451 best=21.7125 since_improve=396
t=23503ms iter=557 WAIST cost=19.0000 best_alt=15.0000 gap=4.0000 tried=5 sep_labels=15 clique_frac=0.02
t=23522ms iter=557 REBUILD reject new_tc=22.1333 (was 21.7256)
t=23544ms iter=557 incumb=21.7256 ratchet=22.0237 best=21.7125 since_improve=397
t=23545ms iter=558 WAIST cost=19.0000 best_alt=15.0000 gap=4.0000 tried=5 sep_labels=15 clique_frac=0.02
t=23565ms iter=558 REBUILD reject new_tc=21.8167 (was 21.7256)
t=23585ms iter=558 incumb=21.7256 ratchet=21.8110 best=21.7125 since_improve=398
t=23586ms iter=559 WAIST cost=19.0000 best_alt=15.0000 gap=4.0000 tried=5 sep_labels=15 clique_frac=0.02
t=23606ms iter=559 REBUILD reject new_tc=22.1778 (was 21.7256)
t=23626ms iter=559 incumb=21.7256 ratchet=21.8614 best=21.7125 since_improve=399
t=23628ms iter=560 WAIST cost=19.0000 best_alt=15.0000 gap=4.0000 tried=5 sep_labels=15 clique_frac=0.02
t=23647ms iter=560 REBUILD reject new_tc=21.8931 (was 21.7256)
t=23668ms iter=560 incumb=21.7256 ratchet=21.9194 best=21.7125 since_improve=400
t=23670ms iter=561 WAIST cost=19.0000 best_alt=15.0000 gap=4.0000 tried=5 sep_labels=15 clique_frac=0.02
t=23689ms iter=561 REBUILD reject new_tc=21.8686 (was 21.7256)
t=23710ms iter=561 incumb=21.7256 ratchet=21.7546 best=21.7125 since_improve=401
t=23711ms iter=562 WAIST cost=19.0000 best_alt=15.0000 gap=4.0000 tried=5 sep_labels=15 clique_frac=0.02
t=23730ms iter=562 REBUILD reject new_tc=22.1870 (was 21.7256)
t=23751ms iter=562 incumb=21.7256 ratchet=21.7493 best=21.7125 since_improve=402
t=23753ms iter=563 WAIST cost=19.0000 best_alt=15.0000 gap=4.0000 tried=5 sep_labels=15 clique_frac=0.02
t=23772ms iter=563 REBUILD reject new_tc=22.2104 (was 21.7256)
t=23792ms iter=563 incumb=21.7256 ratchet=21.7540 best=21.7125 since_improve=403
t=23794ms iter=564 WAIST cost=19.0000 best_alt=15.0000 gap=4.0000 tried=5 sep_labels=15 clique_frac=0.02
t=23813ms iter=564 REBUILD reject new_tc=22.1780 (was 21.7256)
t=23834ms iter=564 incumb=21.7256 ratchet=21.7534 best=21.7125 since_improve=404
t=23835ms iter=565 WAIST cost=19.0000 best_alt=15.0000 gap=4.0000 tried=5 sep_labels=15 clique_frac=0.02
t=23854ms iter=565 REBUILD reject new_tc=22.0859 (was 21.7256)
t=23875ms iter=565 incumb=21.7256 ratchet=21.7665 best=21.7125 since_improve=405
t=23876ms iter=566 WAIST cost=19.0000 best_alt=15.0000 gap=4.0000 tried=5 sep_labels=15 clique_frac=0.02
t=23895ms iter=566 REBUILD reject new_tc=21.8181 (was 21.7256)
t=23916ms iter=566 incumb=21.7256 ratchet=21.8653 best=21.7125 since_improve=406
t=23918ms iter=567 WAIST cost=19.0000 best_alt=15.0000 gap=4.0000 tried=5 sep_labels=15 clique_frac=0.02
t=23937ms iter=567 REBUILD reject new_tc=21.7859 (was 21.7256)
t=23957ms iter=567 incumb=21.7256 ratchet=21.7954 best=21.7125 since_improve=407
t=23959ms iter=568 WAIST cost=19.0000 best_alt=15.0000 gap=4.0000 tried=5 sep_labels=15 clique_frac=0.02
t=23978ms iter=568 REBUILD reject new_tc=21.9006 (was 21.7256)
t=23999ms iter=568 incumb=21.7256 ratchet=21.8078 best=21.7125 since_improve=408
t=24000ms iter=569 WAIST cost=19.0000 best_alt=15.0000 gap=4.0000 tried=5 sep_labels=15 clique_frac=0.02
t=24020ms iter=569 REBUILD reject new_tc=21.9037 (was 21.7256)
t=24041ms iter=569 incumb=21.7256 ratchet=21.9302 best=21.7125 since_improve=409
t=24043ms iter=570 WAIST cost=19.0000 best_alt=15.0000 gap=4.0000 tried=5 sep_labels=15 clique_frac=0.02
t=24062ms iter=570 REBUILD reject new_tc=21.9394 (was 21.7256)
t=24082ms iter=570 incumb=21.7256 ratchet=21.7399 best=21.7125 since_improve=410
t=24084ms iter=571 WAIST cost=19.0000 best_alt=15.0000 gap=4.0000 tried=5 sep_labels=15 clique_frac=0.02
t=24103ms iter=571 REBUILD reject new_tc=22.0670 (was 21.7256)
t=24123ms iter=571 incumb=21.7256 ratchet=21.8586 best=21.7125 since_improve=411
t=24125ms iter=572 WAIST cost=19.0000 best_alt=15.0000 gap=4.0000 tried=5 sep_labels=15 clique_frac=0.02
t=24144ms iter=572 REBUILD reject new_tc=21.8690 (was 21.7256)
t=24165ms iter=572 incumb=21.7256 ratchet=21.7586 best=21.7125 since_improve=412
t=24167ms iter=573 WAIST cost=19.0000 best_alt=15.0000 gap=4.0000 tried=5 sep_labels=15 clique_frac=0.02
t=24186ms iter=573 REBUILD reject new_tc=21.8565 (was 21.7256)
t=24207ms iter=573 incumb=21.7256 ratchet=21.8577 best=21.7125 since_improve=413
t=24208ms iter=574 WAIST cost=19.0000 best_alt=15.0000 gap=4.0000 tried=5 sep_labels=15 clique_frac=0.02
t=24228ms iter=574 REBUILD reject new_tc=21.8704 (was 21.7256)
t=24249ms iter=574 incumb=21.7256 ratchet=21.8592 best=21.7125 since_improve=414
t=24250ms iter=575 WAIST cost=19.0000 best_alt=15.0000 gap=4.0000 tried=5 sep_labels=15 clique_frac=0.02
t=24269ms iter=575 REBUILD reject new_tc=21.9040 (was 21.7256)
t=24290ms iter=575 incumb=21.7256 ratchet=21.7671 best=21.7125 since_improve=415
t=24292ms iter=576 WAIST cost=19.0000 best_alt=15.0000 gap=4.0000 tried=5 sep_labels=15 clique_frac=0.02
t=24311ms iter=576 REBUILD reject new_tc=21.8320 (was 21.7256)
t=24332ms iter=576 incumb=21.7256 ratchet=21.8627 best=21.7125 since_improve=416
t=24333ms iter=577 WAIST cost=19.0000 best_alt=15.0000 gap=4.0000 tried=5 sep_labels=15 clique_frac=0.02
t=24352ms iter=577 REBUILD reject new_tc=22.1790 (was 21.7256)
t=24372ms iter=577 incumb=21.7256 ratchet=21.8351 best=21.7125 since_improve=417
t=24374ms iter=578 WAIST cost=19.0000 best_alt=15.0000 gap=4.0000 tried=5 sep_labels=15 clique_frac=0.02
t=24392ms iter=578 REBUILD reject new_tc=22.1205 (was 21.7256)
t=24413ms iter=578 incumb=21.7256 ratchet=21.8581 best=21.7125 since_improve=418
t=24415ms iter=579 WAIST cost=19.0000 best_alt=15.0000 gap=4.0000 tried=5 sep_labels=15 clique_frac=0.02
t=24434ms iter=579 REBUILD reject new_tc=22.5840 (was 21.7256)
t=24454ms iter=579 incumb=21.7256 ratchet=21.7436 best=21.7125 since_improve=419
t=24456ms iter=580 WAIST cost=19.0000 best_alt=15.0000 gap=4.0000 tried=5 sep_labels=15 clique_frac=0.02
t=24475ms iter=580 REBUILD reject new_tc=21.8772 (was 21.7256)
t=24496ms iter=580 incumb=21.7256 ratchet=21.8548 best=21.7125 since_improve=420
t=24497ms iter=581 WAIST cost=19.0000 best_alt=15.0000 gap=4.0000 tried=5 sep_labels=15 clique_frac=0.02
t=24516ms iter=581 REBUILD reject new_tc=21.8279 (was 21.7256)
t=24538ms iter=581 incumb=21.7256 ratchet=21.8040 best=21.7125 since_improve=421
t=24539ms iter=582 WAIST cost=19.0000 best_alt=15.0000 gap=4.0000 tried=5 sep_labels=15 clique_frac=0.02
t=24558ms iter=582 REBUILD reject new_tc=22.1941 (was 21.7256)
t=24579ms iter=582 incumb=21.7256 ratchet=21.8978 best=21.7125 since_improve=422
t=24580ms iter=583 WAIST cost=19.0000 best_alt=15.0000 gap=4.0000 tried=5 sep_labels=15 clique_frac=0.02
t=24600ms iter=583 REBUILD reject new_tc=21.8682 (was 21.7256)
t=24620ms iter=583 incumb=21.7256 ratchet=21.7882 best=21.7125 since_improve=423
t=24622ms iter=584 WAIST cost=19.0000 best_alt=15.0000 gap=4.0000 tried=5 sep_labels=15 clique_frac=0.02
t=24641ms iter=584 REBUILD reject new_tc=21.8190 (was 21.7256)
t=24662ms iter=584 incumb=21.7256 ratchet=21.7532 best=21.7125 since_improve=424
t=24663ms iter=585 WAIST cost=19.0000 best_alt=15.0000 gap=4.0000 tried=5 sep_labels=15 clique_frac=0.02
t=24682ms iter=585 REBUILD reject new_tc=22.1781 (was 21.7256)
t=24703ms iter=585 incumb=21.7256 ratchet=21.8566 best=21.7125 since_improve=425
t=24704ms iter=586 WAIST cost=19.0000 best_alt=15.0000 gap=4.0000 tried=5 sep_labels=15 clique_frac=0.02
t=24724ms iter=586 REBUILD reject new_tc=21.8661 (was 21.7256)
t=24744ms iter=586 incumb=21.7256 ratchet=22.0433 best=21.7125 since_improve=426
t=24745ms iter=587 WAIST cost=19.0000 best_alt=15.0000 gap=4.0000 tried=5 sep_labels=15 clique_frac=0.02
t=24765ms iter=587 REBUILD reject new_tc=21.8210 (was 21.7256)
t=24786ms iter=587 incumb=21.7256 ratchet=21.7664 best=21.7125 since_improve=427
t=24787ms iter=588 WAIST cost=19.0000 best_alt=15.0000 gap=4.0000 tried=5 sep_labels=15 clique_frac=0.02
t=24806ms iter=588 REBUILD reject new_tc=21.9387 (was 21.7256)
t=24827ms iter=588 incumb=21.7256 ratchet=21.7696 best=21.7125 since_improve=428
t=24828ms iter=589 WAIST cost=19.0000 best_alt=15.0000 gap=4.0000 tried=5 sep_labels=15 clique_frac=0.02
t=24847ms iter=589 REBUILD reject new_tc=21.8332 (was 21.7256)
t=24868ms iter=589 incumb=21.7256 ratchet=21.7668 best=21.7125 since_improve=429
t=24870ms iter=590 WAIST cost=19.0000 best_alt=15.0000 gap=4.0000 tried=5 sep_labels=15 clique_frac=0.02
t=24889ms iter=590 REBUILD reject new_tc=21.8291 (was 21.7256)
t=24910ms iter=590 incumb=21.7256 ratchet=21.9304 best=21.7125 since_improve=430
t=24912ms iter=591 WAIST cost=19.0000 best_alt=15.0000 gap=4.0000 tried=5 sep_labels=15 clique_frac=0.02
t=24931ms iter=591 REBUILD reject new_tc=22.0230 (was 21.7256)
t=24952ms iter=591 incumb=21.7256 ratchet=21.9888 best=21.7125 since_improve=431
t=24954ms iter=592 WAIST cost=19.0000 best_alt=15.0000 gap=4.0000 tried=5 sep_labels=15 clique_frac=0.02
t=24973ms iter=592 REBUILD reject new_tc=22.3674 (was 21.7256)
t=24994ms iter=592 incumb=21.7256 ratchet=21.8817 best=21.7125 since_improve=432
t=24995ms iter=593 WAIST cost=19.0000 best_alt=15.0000 gap=4.0000 tried=5 sep_labels=15 clique_frac=0.02
t=25014ms iter=593 REBUILD reject new_tc=21.8311 (was 21.7256)
t=25035ms iter=593 incumb=21.7256 ratchet=21.7423 best=21.7125 since_improve=433
t=25037ms iter=594 WAIST cost=19.0000 best_alt=15.0000 gap=4.0000 tried=5 sep_labels=15 clique_frac=0.02
t=25056ms iter=594 REBUILD reject new_tc=21.8686 (was 21.7256)
t=25077ms iter=594 incumb=21.7256 ratchet=21.8576 best=21.7125 since_improve=434
t=25078ms iter=595 WAIST cost=19.0000 best_alt=15.0000 gap=4.0000 tried=5 sep_labels=15 clique_frac=0.02
t=25097ms iter=595 REBUILD reject new_tc=22.2469 (was 21.7256)
t=25118ms iter=595 incumb=21.7256 ratchet=21.7533 best=21.7125 since_improve=435
t=25120ms iter=596 WAIST cost=19.0000 best_alt=15.0000 gap=4.0000 tried=5 sep_labels=15 clique_frac=0.02
t=25139ms iter=596 REBUILD reject new_tc=21.8231 (was 21.7256)
t=25160ms iter=596 incumb=21.7256 ratchet=21.7685 best=21.7125 since_improve=436
t=25161ms iter=597 WAIST cost=19.0000 best_alt=15.0000 gap=4.0000 tried=5 sep_labels=15 clique_frac=0.02
t=25180ms iter=597 REBUILD reject new_tc=22.0296 (was 21.7256)
t=25201ms iter=597 incumb=21.7256 ratchet=21.8359 best=21.7125 since_improve=437
t=25202ms iter=598 WAIST cost=19.0000 best_alt=15.0000 gap=4.0000 tried=5 sep_labels=15 clique_frac=0.02
t=25221ms iter=598 REBUILD reject new_tc=22.4412 (was 21.7256)
t=25242ms iter=598 incumb=21.7256 ratchet=21.7400 best=21.7125 since_improve=438
t=25244ms iter=599 WAIST cost=19.0000 best_alt=15.0000 gap=4.0000 tried=5 sep_labels=15 clique_frac=0.02
t=25263ms iter=599 REBUILD reject new_tc=21.8342 (was 21.7256)
t=25284ms iter=599 incumb=21.7256 ratchet=21.7819 best=21.7125 since_improve=439
t=25285ms iter=600 WAIST cost=19.0000 best_alt=15.0000 gap=4.0000 tried=5 sep_labels=15 clique_frac=0.02
t=25304ms iter=600 REBUILD reject new_tc=21.8601 (was 21.7256)
t=25325ms iter=600 incumb=21.7256 ratchet=21.8463 best=21.7125 since_improve=440
t=25326ms iter=601 WAIST cost=19.0000 best_alt=15.0000 gap=4.0000 tried=5 sep_labels=15 clique_frac=0.02
t=25346ms iter=601 REBUILD reject new_tc=22.2538 (was 21.7256)
t=25367ms iter=601 incumb=21.7256 ratchet=21.8460 best=21.7125 since_improve=441
t=25368ms iter=602 WAIST cost=19.0000 best_alt=15.0000 gap=4.0000 tried=5 sep_labels=15 clique_frac=0.02
t=25387ms iter=602 REBUILD reject new_tc=22.0156 (was 21.7256)
t=25408ms iter=602 incumb=21.7256 ratchet=21.7528 best=21.7125 since_improve=442
t=25409ms iter=603 WAIST cost=19.0000 best_alt=15.0000 gap=4.0000 tried=5 sep_labels=15 clique_frac=0.02
t=25429ms iter=603 REBUILD reject new_tc=21.8558 (was 21.7256)
t=25450ms iter=603 incumb=21.7256 ratchet=21.7580 best=21.7125 since_improve=443
t=25451ms iter=604 WAIST cost=19.0000 best_alt=15.0000 gap=4.0000 tried=5 sep_labels=15 clique_frac=0.02
t=25470ms iter=604 REBUILD reject new_tc=21.8701 (was 21.7256)
t=25491ms iter=604 incumb=21.7256 ratchet=21.9669 best=21.7125 since_improve=444
t=25492ms iter=605 WAIST cost=19.0000 best_alt=15.0000 gap=4.0000 tried=5 sep_labels=15 clique_frac=0.02
t=25511ms iter=605 REBUILD reject new_tc=22.2556 (was 21.7256)
t=25532ms iter=605 incumb=21.7256 ratchet=21.7948 best=21.7125 since_improve=445
t=25534ms iter=606 WAIST cost=19.0000 best_alt=15.0000 gap=4.0000 tried=5 sep_labels=15 clique_frac=0.02
t=25553ms iter=606 REBUILD reject new_tc=21.8716 (was 21.7256)
t=25573ms iter=606 incumb=21.7256 ratchet=21.7573 best=21.7125 since_improve=446
t=25575ms iter=607 WAIST cost=19.0000 best_alt=15.0000 gap=4.0000 tried=5 sep_labels=15 clique_frac=0.02
t=25594ms iter=607 REBUILD reject new_tc=21.9087 (was 21.7256)
t=25615ms iter=607 incumb=21.7256 ratchet=21.7541 best=21.7125 since_improve=447
t=25616ms iter=608 WAIST cost=19.0000 best_alt=15.0000 gap=4.0000 tried=5 sep_labels=15 clique_frac=0.02
t=25635ms iter=608 REBUILD reject new_tc=22.3271 (was 21.7256)
t=25656ms iter=608 incumb=21.7256 ratchet=21.7551 best=21.7125 since_improve=448
t=25657ms iter=609 WAIST cost=19.0000 best_alt=15.0000 gap=4.0000 tried=5 sep_labels=15 clique_frac=0.02
t=25676ms iter=609 REBUILD reject new_tc=22.5305 (was 21.7256)
t=25697ms iter=609 incumb=21.7256 ratchet=22.0400 best=21.7125 since_improve=449
t=25699ms iter=610 WAIST cost=19.0000 best_alt=15.0000 gap=4.0000 tried=5 sep_labels=15 clique_frac=0.02
t=25718ms iter=610 REBUILD reject new_tc=22.4630 (was 21.7256)
t=25739ms iter=610 incumb=21.7256 ratchet=21.7709 best=21.7125 since_improve=450
t=25740ms iter=611 WAIST cost=19.0000 best_alt=15.0000 gap=4.0000 tried=5 sep_labels=15 clique_frac=0.02
t=25759ms iter=611 REBUILD reject new_tc=21.9708 (was 21.7256)
t=25780ms iter=611 incumb=21.7256 ratchet=21.7928 best=21.7125 since_improve=451
t=25781ms iter=612 WAIST cost=19.0000 best_alt=15.0000 gap=4.0000 tried=5 sep_labels=15 clique_frac=0.02
t=25800ms iter=612 REBUILD reject new_tc=21.8172 (was 21.7256)
t=25822ms iter=612 incumb=21.7256 ratchet=21.9071 best=21.7125 since_improve=452
t=25823ms iter=613 WAIST cost=19.0000 best_alt=15.0000 gap=4.0000 tried=5 sep_labels=15 clique_frac=0.02
t=25842ms iter=613 REBUILD reject new_tc=21.7939 (was 21.7256)
t=25863ms iter=613 incumb=21.7256 ratchet=21.7552 best=21.7125 since_improve=453
t=25865ms iter=614 WAIST cost=19.0000 best_alt=15.0000 gap=4.0000 tried=5 sep_labels=15 clique_frac=0.02
t=25884ms iter=614 REBUILD reject new_tc=21.8173 (was 21.7256)
t=25904ms iter=614 incumb=21.7256 ratchet=21.8958 best=21.7125 since_improve=454
t=25905ms iter=615 WAIST cost=19.0000 best_alt=15.0000 gap=4.0000 tried=5 sep_labels=15 clique_frac=0.02
t=25924ms iter=615 REBUILD reject new_tc=21.8181 (was 21.7256)
t=25945ms iter=615 incumb=21.7256 ratchet=21.9612 best=21.7125 since_improve=455
t=25947ms iter=616 WAIST cost=19.0000 best_alt=15.0000 gap=4.0000 tried=5 sep_labels=15 clique_frac=0.02
t=25966ms iter=616 REBUILD reject new_tc=22.0759 (was 21.7256)
t=25987ms iter=616 incumb=21.7256 ratchet=21.7817 best=21.7125 since_improve=456
t=25988ms iter=617 WAIST cost=19.0000 best_alt=15.0000 gap=4.0000 tried=5 sep_labels=15 clique_frac=0.02
t=26007ms iter=617 REBUILD reject new_tc=22.5042 (was 21.7256)
t=26028ms iter=617 incumb=21.7256 ratchet=21.7289 best=21.7125 since_improve=457
t=26030ms iter=618 WAIST cost=19.0000 best_alt=15.0000 gap=4.0000 tried=5 sep_labels=15 clique_frac=0.02
t=26049ms iter=618 REBUILD reject new_tc=22.1235 (was 21.7256)
t=26070ms iter=618 incumb=21.7256 ratchet=21.7701 best=21.7125 since_improve=458
t=26071ms iter=619 WAIST cost=19.0000 best_alt=15.0000 gap=4.0000 tried=5 sep_labels=15 clique_frac=0.02
t=26090ms iter=619 REBUILD reject new_tc=22.3340 (was 21.7256)
t=26112ms iter=619 incumb=21.7256 ratchet=21.7553 best=21.7125 since_improve=459
t=26113ms iter=620 WAIST cost=19.0000 best_alt=15.0000 gap=4.0000 tried=5 sep_labels=15 clique_frac=0.02
t=26132ms iter=620 REBUILD reject new_tc=22.2571 (was 21.7256)
t=26153ms iter=620 incumb=21.7256 ratchet=21.7522 best=21.7125 since_improve=460
t=26154ms iter=621 WAIST cost=19.0000 best_alt=15.0000 gap=4.0000 tried=5 sep_labels=15 clique_frac=0.02
t=26173ms iter=621 REBUILD reject new_tc=22.1501 (was 21.7256)
t=26193ms iter=621 incumb=21.7256 ratchet=21.7693 best=21.7125 since_improve=461
t=26195ms iter=622 WAIST cost=19.0000 best_alt=15.0000 gap=4.0000 tried=5 sep_labels=15 clique_frac=0.02
t=26214ms iter=622 REBUILD reject new_tc=21.8193 (was 21.7256)
t=26235ms iter=622 incumb=21.7256 ratchet=22.1587 best=21.7125 since_improve=462
t=26236ms iter=623 WAIST cost=19.0000 best_alt=15.0000 gap=4.0000 tried=5 sep_labels=15 clique_frac=0.02
t=26256ms iter=623 REBUILD reject new_tc=21.9981 (was 21.7256)
t=26277ms iter=623 incumb=21.7256 ratchet=21.7870 best=21.7125 since_improve=463
t=26278ms iter=624 WAIST cost=19.0000 best_alt=15.0000 gap=4.0000 tried=5 sep_labels=15 clique_frac=0.02
t=26297ms iter=624 REBUILD reject new_tc=21.8789 (was 21.7256)
t=26318ms iter=624 incumb=21.7256 ratchet=21.9073 best=21.7125 since_improve=464
t=26319ms iter=625 WAIST cost=19.0000 best_alt=15.0000 gap=4.0000 tried=5 sep_labels=15 clique_frac=0.02
t=26339ms iter=625 REBUILD reject new_tc=21.8180 (was 21.7256)
t=26360ms iter=625 incumb=21.7256 ratchet=22.1198 best=21.7125 since_improve=465
t=26361ms iter=626 WAIST cost=19.0000 best_alt=15.0000 gap=4.0000 tried=5 sep_labels=15 clique_frac=0.02
t=26380ms iter=626 REBUILD reject new_tc=22.3361 (was 21.7256)
t=26401ms iter=626 incumb=21.7256 ratchet=22.0033 best=21.7125 since_improve=466
t=26402ms iter=627 WAIST cost=19.0000 best_alt=15.0000 gap=4.0000 tried=5 sep_labels=15 clique_frac=0.02
t=26421ms iter=627 REBUILD reject new_tc=22.1336 (was 21.7256)
t=26443ms iter=627 incumb=21.7256 ratchet=21.8208 best=21.7125 since_improve=467
t=26444ms iter=628 WAIST cost=19.0000 best_alt=15.0000 gap=4.0000 tried=5 sep_labels=15 clique_frac=0.02
t=26463ms iter=628 REBUILD reject new_tc=22.1860 (was 21.7256)
t=26484ms iter=628 incumb=21.7256 ratchet=21.8507 best=21.7125 since_improve=468
t=26485ms iter=629 WAIST cost=19.0000 best_alt=15.0000 gap=4.0000 tried=5 sep_labels=15 clique_frac=0.02
t=26504ms iter=629 REBUILD reject new_tc=21.8784 (was 21.7256)
t=26525ms iter=629 incumb=21.7256 ratchet=22.1388 best=21.7125 since_improve=469
t=26526ms iter=630 WAIST cost=19.0000 best_alt=15.0000 gap=4.0000 tried=5 sep_labels=15 clique_frac=0.02
t=26545ms iter=630 REBUILD reject new_tc=21.8559 (was 21.7256)
t=26566ms iter=630 incumb=21.7256 ratchet=21.8523 best=21.7125 since_improve=470
t=26567ms iter=631 WAIST cost=19.0000 best_alt=15.0000 gap=4.0000 tried=5 sep_labels=15 clique_frac=0.02
t=26586ms iter=631 REBUILD reject new_tc=21.9536 (was 21.7256)
t=26608ms iter=631 incumb=21.7256 ratchet=21.8182 best=21.7125 since_improve=471
t=26609ms iter=632 WAIST cost=19.0000 best_alt=15.0000 gap=4.0000 tried=5 sep_labels=15 clique_frac=0.02
t=26628ms iter=632 REBUILD reject new_tc=21.9089 (was 21.7256)
t=26649ms iter=632 incumb=21.7256 ratchet=21.7886 best=21.7125 since_improve=472
t=26650ms iter=633 WAIST cost=19.0000 best_alt=15.0000 gap=4.0000 tried=5 sep_labels=15 clique_frac=0.02
t=26670ms iter=633 REBUILD reject new_tc=21.8198 (was 21.7256)
t=26690ms iter=633 incumb=21.7256 ratchet=22.1089 best=21.7125 since_improve=473
t=26691ms iter=634 WAIST cost=19.0000 best_alt=15.0000 gap=4.0000 tried=5 sep_labels=15 clique_frac=0.02
t=26711ms iter=634 REBUILD reject new_tc=21.7943 (was 21.7256)
t=26731ms iter=634 incumb=21.7256 ratchet=21.8815 best=21.7125 since_improve=474
t=26733ms iter=635 WAIST cost=19.0000 best_alt=15.0000 gap=4.0000 tried=5 sep_labels=15 clique_frac=0.02
t=26752ms iter=635 REBUILD reject new_tc=21.8342 (was 21.7256)
t=26773ms iter=635 incumb=21.7256 ratchet=21.8432 best=21.7125 since_improve=475
t=26774ms iter=636 WAIST cost=19.0000 best_alt=15.0000 gap=4.0000 tried=5 sep_labels=15 clique_frac=0.02
t=26793ms iter=636 REBUILD reject new_tc=21.9071 (was 21.7256)
t=26814ms iter=636 incumb=21.7256 ratchet=21.7944 best=21.7125 since_improve=476
t=26815ms iter=637 WAIST cost=19.0000 best_alt=15.0000 gap=4.0000 tried=5 sep_labels=15 clique_frac=0.02
t=26835ms iter=637 REBUILD reject new_tc=22.1810 (was 21.7256)
t=26856ms iter=637 incumb=21.7256 ratchet=21.8550 best=21.7125 since_improve=477
t=26857ms iter=638 WAIST cost=19.0000 best_alt=15.0000 gap=4.0000 tried=5 sep_labels=15 clique_frac=0.02
t=26876ms iter=638 REBUILD reject new_tc=21.7772 (was 21.7256)
t=26897ms iter=638 incumb=21.7256 ratchet=21.7533 best=21.7125 since_improve=478
t=26898ms iter=639 WAIST cost=19.0000 best_alt=15.0000 gap=4.0000 tried=5 sep_labels=15 clique_frac=0.02
t=26918ms iter=639 REBUILD reject new_tc=21.8702 (was 21.7256)
t=26938ms iter=639 incumb=21.7256 ratchet=21.9421 best=21.7125 since_improve=479
t=26940ms iter=640 WAIST cost=19.0000 best_alt=15.0000 gap=4.0000 tried=5 sep_labels=15 clique_frac=0.02
t=26959ms iter=640 REBUILD reject new_tc=22.3331 (was 21.7256)
t=26980ms iter=640 incumb=21.7256 ratchet=21.8216 best=21.7125 since_improve=480
t=26981ms iter=641 WAIST cost=19.0000 best_alt=15.0000 gap=4.0000 tried=5 sep_labels=15 clique_frac=0.02
t=27001ms iter=641 REBUILD reject new_tc=21.8297 (was 21.7256)
t=27021ms iter=641 incumb=21.7256 ratchet=21.9479 best=21.7125 since_improve=481
t=27023ms iter=642 WAIST cost=19.0000 best_alt=15.0000 gap=4.0000 tried=5 sep_labels=15 clique_frac=0.02
t=27042ms iter=642 REBUILD reject new_tc=21.7801 (was 21.7256)
t=27063ms iter=642 incumb=21.7256 ratchet=21.7515 best=21.7125 since_improve=482
t=27064ms iter=643 WAIST cost=19.0000 best_alt=15.0000 gap=4.0000 tried=5 sep_labels=15 clique_frac=0.02
t=27083ms iter=643 REBUILD reject new_tc=22.1881 (was 21.7256)
t=27104ms iter=643 incumb=21.7256 ratchet=21.9875 best=21.7125 since_improve=483
t=27105ms iter=644 WAIST cost=19.0000 best_alt=15.0000 gap=4.0000 tried=5 sep_labels=15 clique_frac=0.02
t=27124ms iter=644 REBUILD reject new_tc=21.8172 (was 21.7256)
t=27145ms iter=644 incumb=21.7256 ratchet=21.7700 best=21.7125 since_improve=484
t=27146ms iter=645 WAIST cost=19.0000 best_alt=15.0000 gap=4.0000 tried=5 sep_labels=15 clique_frac=0.02
t=27165ms iter=645 REBUILD reject new_tc=22.1283 (was 21.7256)
t=27186ms iter=645 incumb=21.7256 ratchet=21.7544 best=21.7125 since_improve=485
t=27188ms iter=646 WAIST cost=19.0000 best_alt=15.0000 gap=4.0000 tried=5 sep_labels=15 clique_frac=0.02
t=27207ms iter=646 REBUILD reject new_tc=21.9451 (was 21.7256)
t=27228ms iter=646 incumb=21.7256 ratchet=21.7657 best=21.7125 since_improve=486
t=27229ms iter=647 WAIST cost=19.0000 best_alt=15.0000 gap=4.0000 tried=5 sep_labels=15 clique_frac=0.02
t=27248ms iter=647 REBUILD reject new_tc=21.8401 (was 21.7256)
t=27269ms iter=647 incumb=21.7256 ratchet=21.8427 best=21.7125 since_improve=487
t=27271ms iter=648 WAIST cost=19.0000 best_alt=15.0000 gap=4.0000 tried=5 sep_labels=15 clique_frac=0.02
t=27289ms iter=648 REBUILD reject new_tc=22.2545 (was 21.7256)
t=27311ms iter=648 incumb=21.7256 ratchet=21.8458 best=21.7125 since_improve=488
t=27312ms iter=649 WAIST cost=19.0000 best_alt=15.0000 gap=4.0000 tried=5 sep_labels=15 clique_frac=0.02
t=27331ms iter=649 REBUILD reject new_tc=22.0064 (was 21.7256)
t=27352ms iter=649 incumb=21.7256 ratchet=21.7594 best=21.7125 since_improve=489
t=27354ms iter=650 WAIST cost=19.0000 best_alt=15.0000 gap=4.0000 tried=5 sep_labels=15 clique_frac=0.02
t=27373ms iter=650 REBUILD reject new_tc=21.8916 (was 21.7256)
t=27394ms iter=650 incumb=21.7256 ratchet=21.9406 best=21.7125 since_improve=490
t=27395ms iter=651 WAIST cost=19.0000 best_alt=15.0000 gap=4.0000 tried=5 sep_labels=15 clique_frac=0.02
t=27415ms iter=651 REBUILD reject new_tc=21.8324 (was 21.7256)
t=27435ms iter=651 incumb=21.7256 ratchet=21.8728 best=21.7125 since_improve=491
t=27436ms iter=652 WAIST cost=19.0000 best_alt=15.0000 gap=4.0000 tried=5 sep_labels=15 clique_frac=0.02
t=27455ms iter=652 REBUILD reject new_tc=21.9101 (was 21.7256)
t=27476ms iter=652 incumb=21.7256 ratchet=21.8713 best=21.7125 since_improve=492
t=27478ms iter=653 WAIST cost=19.0000 best_alt=15.0000 gap=4.0000 tried=5 sep_labels=15 clique_frac=0.02
t=27497ms iter=653 REBUILD reject new_tc=22.1483 (was 21.7256)
t=27518ms iter=653 incumb=21.7256 ratchet=21.8563 best=21.7125 since_improve=493
t=27519ms iter=654 WAIST cost=19.0000 best_alt=15.0000 gap=4.0000 tried=5 sep_labels=15 clique_frac=0.02
t=27538ms iter=654 REBUILD reject new_tc=22.4349 (was 21.7256)
t=27559ms iter=654 incumb=21.7256 ratchet=21.8930 best=21.7125 since_improve=494
t=27561ms iter=655 WAIST cost=19.0000 best_alt=15.0000 gap=4.0000 tried=5 sep_labels=15 clique_frac=0.02
t=27580ms iter=655 REBUILD reject new_tc=21.8577 (was 21.7256)
t=27601ms iter=655 incumb=21.7256 ratchet=21.7332 best=21.7125 since_improve=495
t=27602ms iter=656 WAIST cost=19.0000 best_alt=15.0000 gap=4.0000 tried=5 sep_labels=15 clique_frac=0.02
t=27621ms iter=656 REBUILD reject new_tc=22.3363 (was 21.7256)
t=27643ms iter=656 incumb=21.7256 ratchet=21.7291 best=21.7125 since_improve=496
t=27644ms iter=657 WAIST cost=19.0000 best_alt=15.0000 gap=4.0000 tried=5 sep_labels=15 clique_frac=0.02
t=27663ms iter=657 REBUILD reject new_tc=22.2076 (was 21.7256)
t=27684ms iter=657 incumb=21.7256 ratchet=21.7683 best=21.7125 since_improve=497
t=27685ms iter=658 WAIST cost=19.0000 best_alt=15.0000 gap=4.0000 tried=5 sep_labels=15 clique_frac=0.02
t=27704ms iter=658 REBUILD reject new_tc=22.1802 (was 21.7256)
t=27725ms iter=658 incumb=21.7256 ratchet=21.7669 best=21.7125 since_improve=498
t=27727ms iter=659 WAIST cost=19.0000 best_alt=15.0000 gap=4.0000 tried=5 sep_labels=15 clique_frac=0.02
t=27746ms iter=659 REBUILD reject new_tc=21.8674 (was 21.7256)
t=27767ms iter=659 incumb=21.7256 ratchet=21.8472 best=21.7125 since_improve=499
t=27768ms iter=660 WAIST cost=19.0000 best_alt=15.0000 gap=4.0000 tried=5 sep_labels=15 clique_frac=0.02
t=27787ms iter=660 REBUILD reject new_tc=21.8593 (was 21.7256)
t=27809ms iter=660 incumb=21.7256 ratchet=21.8442 best=21.7125 since_improve=500
t=27810ms iter=661 WAIST cost=19.0000 best_alt=15.0000 gap=4.0000 tried=5 sep_labels=15 clique_frac=0.02
t=27830ms iter=661 REBUILD reject new_tc=21.9059 (was 21.7256)
t=27851ms iter=661 incumb=21.7256 ratchet=21.8082 best=21.7125 since_improve=501
t=27852ms iter=662 WAIST cost=19.0000 best_alt=15.0000 gap=4.0000 tried=5 sep_labels=15 clique_frac=0.02
t=27871ms iter=662 REBUILD reject new_tc=21.8189 (was 21.7256)
t=27892ms iter=662 incumb=21.7256 ratchet=21.7930 best=21.7125 since_improve=502
t=27894ms iter=663 WAIST cost=19.0000 best_alt=15.0000 gap=4.0000 tried=5 sep_labels=15 clique_frac=0.02
t=27913ms iter=663 REBUILD reject new_tc=21.9201 (was 21.7256)
t=27934ms iter=663 incumb=21.7256 ratchet=21.7797 best=21.7125 since_improve=503
t=27936ms iter=664 WAIST cost=19.0000 best_alt=15.0000 gap=4.0000 tried=5 sep_labels=15 clique_frac=0.02
t=27955ms iter=664 REBUILD reject new_tc=22.1780 (was 21.7256)
t=27976ms iter=664 incumb=21.7256 ratchet=21.8831 best=21.7125 since_improve=504
t=27977ms iter=665 WAIST cost=19.0000 best_alt=15.0000 gap=4.0000 tried=5 sep_labels=15 clique_frac=0.02
t=27996ms iter=665 REBUILD reject new_tc=22.1169 (was 21.7256)
t=28018ms iter=665 incumb=21.7256 ratchet=21.8878 best=21.7125 since_improve=505
t=28019ms iter=666 WAIST cost=19.0000 best_alt=15.0000 gap=4.0000 tried=5 sep_labels=15 clique_frac=0.02
t=28038ms iter=666 REBUILD reject new_tc=21.8939 (was 21.7256)
t=28059ms iter=666 incumb=21.7256 ratchet=21.8507 best=21.7125 since_improve=506
t=28061ms iter=667 WAIST cost=19.0000 best_alt=15.0000 gap=4.0000 tried=5 sep_labels=15 clique_frac=0.02
t=28080ms iter=667 REBUILD reject new_tc=22.1126 (was 21.7256)
t=28100ms iter=667 incumb=21.7256 ratchet=21.7965 best=21.7125 since_improve=507
t=28102ms iter=668 WAIST cost=19.0000 best_alt=15.0000 gap=4.0000 tried=5 sep_labels=15 clique_frac=0.02
t=28121ms iter=668 REBUILD reject new_tc=22.1806 (was 21.7256)
t=28142ms iter=668 incumb=21.7256 ratchet=21.8577 best=21.7125 since_improve=508
t=28143ms iter=669 WAIST cost=19.0000 best_alt=15.0000 gap=4.0000 tried=5 sep_labels=15 clique_frac=0.02
t=28163ms iter=669 REBUILD reject new_tc=21.9046 (was 21.7256)
t=28183ms iter=669 incumb=21.7256 ratchet=21.8513 best=21.7125 since_improve=509
t=28185ms iter=670 WAIST cost=19.0000 best_alt=15.0000 gap=4.0000 tried=5 sep_labels=15 clique_frac=0.02
t=28204ms iter=670 REBUILD reject new_tc=21.9146 (was 21.7256)
t=28225ms iter=670 incumb=21.7256 ratchet=21.9049 best=21.7125 since_improve=510
t=28227ms iter=671 WAIST cost=19.0000 best_alt=15.0000 gap=4.0000 tried=5 sep_labels=15 clique_frac=0.02
t=28246ms iter=671 REBUILD reject new_tc=21.8708 (was 21.7256)
t=28266ms iter=671 incumb=21.7256 ratchet=21.8464 best=21.7125 since_improve=511
t=28268ms iter=672 WAIST cost=19.0000 best_alt=15.0000 gap=4.0000 tried=5 sep_labels=15 clique_frac=0.02
t=28287ms iter=672 REBUILD reject new_tc=22.1867 (was 21.7256)
t=28308ms iter=672 incumb=21.7256 ratchet=21.8998 best=21.7125 since_improve=512
t=28309ms iter=673 WAIST cost=19.0000 best_alt=15.0000 gap=4.0000 tried=5 sep_labels=15 clique_frac=0.02
t=28328ms iter=673 REBUILD reject new_tc=22.0430 (was 21.7256)
t=28349ms iter=673 incumb=21.7256 ratchet=21.8939 best=21.7125 since_improve=513
t=28350ms iter=674 WAIST cost=19.0000 best_alt=15.0000 gap=4.0000 tried=5 sep_labels=15 clique_frac=0.02
t=28369ms iter=674 REBUILD reject new_tc=22.2094 (was 21.7256)
t=28390ms iter=674 incumb=21.7256 ratchet=21.8179 best=21.7125 since_improve=514
t=28392ms iter=675 WAIST cost=19.0000 best_alt=15.0000 gap=4.0000 tried=5 sep_labels=15 clique_frac=0.02
t=28411ms iter=675 REBUILD reject new_tc=22.0897 (was 21.7256)
t=28431ms iter=675 incumb=21.7256 ratchet=21.8103 best=21.7125 since_improve=515
t=28433ms iter=676 WAIST cost=19.0000 best_alt=15.0000 gap=4.0000 tried=5 sep_labels=15 clique_frac=0.02
t=28452ms iter=676 REBUILD reject new_tc=21.8806 (was 21.7256)
t=28473ms iter=676 incumb=21.7256 ratchet=21.8313 best=21.7125 since_improve=516
t=28474ms iter=677 WAIST cost=19.0000 best_alt=15.0000 gap=4.0000 tried=5 sep_labels=15 clique_frac=0.02
t=28494ms iter=677 REBUILD reject new_tc=21.7795 (was 21.7256)
t=28515ms iter=677 incumb=21.7256 ratchet=21.8837 best=21.7125 since_improve=517
t=28516ms iter=678 WAIST cost=19.0000 best_alt=15.0000 gap=4.0000 tried=5 sep_labels=15 clique_frac=0.02
t=28535ms iter=678 REBUILD reject new_tc=21.9202 (was 21.7256)
t=28556ms iter=678 incumb=21.7256 ratchet=21.7601 best=21.7125 since_improve=518
t=28557ms iter=679 WAIST cost=19.0000 best_alt=15.0000 gap=4.0000 tried=5 sep_labels=15 clique_frac=0.02
t=28576ms iter=679 REBUILD reject new_tc=22.1785 (was 21.7256)
t=28597ms iter=679 incumb=21.7256 ratchet=22.1122 best=21.7125 since_improve=519
t=28598ms iter=680 WAIST cost=19.0000 best_alt=15.0000 gap=4.0000 tried=5 sep_labels=15 clique_frac=0.02
t=28617ms iter=680 REBUILD reject new_tc=21.9298 (was 21.7256)
t=28639ms iter=680 incumb=21.7256 ratchet=21.7423 best=21.7125 since_improve=520
t=28640ms iter=681 WAIST cost=19.0000 best_alt=15.0000 gap=4.0000 tried=5 sep_labels=15 clique_frac=0.02
t=28659ms iter=681 REBUILD reject new_tc=22.0002 (was 21.7256)
t=28680ms iter=681 incumb=21.7256 ratchet=21.7651 best=21.7125 since_improve=521
t=28681ms iter=682 WAIST cost=19.0000 best_alt=15.0000 gap=4.0000 tried=5 sep_labels=15 clique_frac=0.02
t=28700ms iter=682 REBUILD reject new_tc=21.8674 (was 21.7256)
t=28722ms iter=682 incumb=21.7256 ratchet=21.7694 best=21.7125 since_improve=522
t=28723ms iter=683 WAIST cost=19.0000 best_alt=15.0000 gap=4.0000 tried=5 sep_labels=15 clique_frac=0.02
t=28742ms iter=683 REBUILD reject new_tc=22.2574 (was 21.7256)
t=28763ms iter=683 incumb=21.7256 ratchet=21.7982 best=21.7125 since_improve=523
t=28765ms iter=684 WAIST cost=19.0000 best_alt=15.0000 gap=4.0000 tried=5 sep_labels=15 clique_frac=0.02
t=28784ms iter=684 REBUILD reject new_tc=22.1782 (was 21.7256)
t=28804ms iter=684 incumb=21.7256 ratchet=21.8560 best=21.7125 since_improve=524
t=28805ms iter=685 WAIST cost=19.0000 best_alt=15.0000 gap=4.0000 tried=5 sep_labels=15 clique_frac=0.02
t=28824ms iter=685 REBUILD reject new_tc=22.3258 (was 21.7256)
t=28846ms iter=685 incumb=21.7256 ratchet=21.8955 best=21.7125 since_improve=525
t=28847ms iter=686 WAIST cost=19.0000 best_alt=15.0000 gap=4.0000 tried=5 sep_labels=15 clique_frac=0.02
t=28866ms iter=686 REBUILD reject new_tc=22.0953 (was 21.7256)
t=28887ms iter=686 incumb=21.7256 ratchet=21.7807 best=21.7125 since_improve=526
t=28889ms iter=687 WAIST cost=19.0000 best_alt=15.0000 gap=4.0000 tried=5 sep_labels=15 clique_frac=0.02
t=28907ms iter=687 REBUILD reject new_tc=22.0750 (was 21.7256)
t=28928ms iter=687 incumb=21.7256 ratchet=21.8947 best=21.7125 since_improve=527
t=28930ms iter=688 WAIST cost=19.0000 best_alt=15.0000 gap=4.0000 tried=5 sep_labels=15 clique_frac=0.02
t=28949ms iter=688 REBUILD reject new_tc=22.1799 (was 21.7256)
t=28971ms iter=688 incumb=21.7256 ratchet=21.8810 best=21.7125 since_improve=528
t=28972ms iter=689 WAIST cost=19.0000 best_alt=15.0000 gap=4.0000 tried=5 sep_labels=15 clique_frac=0.02
t=28991ms iter=689 REBUILD reject new_tc=22.1252 (was 21.7256)
t=29011ms iter=689 incumb=21.7256 ratchet=21.7932 best=21.7125 since_improve=529
t=29013ms iter=690 WAIST cost=19.0000 best_alt=15.0000 gap=4.0000 tried=5 sep_labels=15 clique_frac=0.02
t=29031ms iter=690 REBUILD reject new_tc=22.3321 (was 21.7256)
t=29052ms iter=690 incumb=21.7256 ratchet=21.8072 best=21.7125 since_improve=530
t=29054ms iter=691 WAIST cost=19.0000 best_alt=15.0000 gap=4.0000 tried=5 sep_labels=15 clique_frac=0.02
t=29073ms iter=691 REBUILD reject new_tc=22.1170 (was 21.7256)
t=29093ms iter=691 incumb=21.7256 ratchet=21.8435 best=21.7125 since_improve=531
t=29095ms iter=692 WAIST cost=19.0000 best_alt=15.0000 gap=4.0000 tried=5 sep_labels=15 clique_frac=0.02
t=29114ms iter=692 REBUILD reject new_tc=21.8192 (was 21.7256)
t=29134ms iter=692 incumb=21.7256 ratchet=21.7437 best=21.7125 since_improve=532
t=29136ms iter=693 WAIST cost=19.0000 best_alt=15.0000 gap=4.0000 tried=5 sep_labels=15 clique_frac=0.02
t=29155ms iter=693 REBUILD reject new_tc=21.9192 (was 21.7256)
t=29176ms iter=693 incumb=21.7256 ratchet=21.8115 best=21.7125 since_improve=533
t=29177ms iter=694 WAIST cost=19.0000 best_alt=15.0000 gap=4.0000 tried=5 sep_labels=15 clique_frac=0.02
t=29196ms iter=694 REBUILD reject new_tc=22.2795 (was 21.7256)
t=29217ms iter=694 incumb=21.7256 ratchet=21.8047 best=21.7125 since_improve=534
t=29218ms iter=695 WAIST cost=19.0000 best_alt=15.0000 gap=4.0000 tried=5 sep_labels=15 clique_frac=0.02
t=29238ms iter=695 REBUILD reject new_tc=21.8656 (was 21.7256)
t=29259ms iter=695 incumb=21.7256 ratchet=21.9906 best=21.7125 since_improve=535
t=29261ms iter=696 WAIST cost=19.0000 best_alt=15.0000 gap=4.0000 tried=5 sep_labels=15 clique_frac=0.02
t=29280ms iter=696 REBUILD reject new_tc=21.9106 (was 21.7256)
t=29301ms iter=696 incumb=21.7256 ratchet=21.8059 best=21.7125 since_improve=536
t=29302ms iter=697 WAIST cost=19.0000 best_alt=15.0000 gap=4.0000 tried=5 sep_labels=15 clique_frac=0.02
t=29321ms iter=697 REBUILD reject new_tc=21.8938 (was 21.7256)
t=29342ms iter=697 incumb=21.7256 ratchet=21.8072 best=21.7125 since_improve=537
t=29343ms iter=698 WAIST cost=19.0000 best_alt=15.0000 gap=4.0000 tried=5 sep_labels=15 clique_frac=0.02
t=29362ms iter=698 REBUILD reject new_tc=21.8712 (was 21.7256)
t=29383ms iter=698 incumb=21.7256 ratchet=21.8835 best=21.7125 since_improve=538
t=29384ms iter=699 WAIST cost=19.0000 best_alt=15.0000 gap=4.0000 tried=5 sep_labels=15 clique_frac=0.02
t=29403ms iter=699 REBUILD reject new_tc=21.8229 (was 21.7256)
t=29424ms iter=699 incumb=21.7256 ratchet=21.8135 best=21.7125 since_improve=539
t=29426ms iter=700 WAIST cost=19.0000 best_alt=15.0000 gap=4.0000 tried=5 sep_labels=15 clique_frac=0.02
t=29445ms iter=700 REBUILD reject new_tc=22.0526 (was 21.7256)
t=29466ms iter=700 incumb=21.7256 ratchet=21.8086 best=21.7125 since_improve=540
t=29467ms iter=701 WAIST cost=19.0000 best_alt=15.0000 gap=4.0000 tried=5 sep_labels=15 clique_frac=0.02
t=29486ms iter=701 REBUILD reject new_tc=22.1303 (was 21.7256)
t=29507ms iter=701 incumb=21.7256 ratchet=21.7529 best=21.7125 since_improve=541
t=29508ms iter=702 WAIST cost=19.0000 best_alt=15.0000 gap=4.0000 tried=5 sep_labels=15 clique_frac=0.02
t=29528ms iter=702 REBUILD reject new_tc=21.8279 (was 21.7256)
t=29549ms iter=702 incumb=21.7256 ratchet=21.8156 best=21.7125 since_improve=542
t=29550ms iter=703 WAIST cost=19.0000 best_alt=15.0000 gap=4.0000 tried=5 sep_labels=15 clique_frac=0.02
t=29569ms iter=703 REBUILD reject new_tc=21.8570 (was 21.7256)
t=29590ms iter=703 incumb=21.7256 ratchet=22.0333 best=21.7125 since_improve=543
t=29591ms iter=704 WAIST cost=19.0000 best_alt=15.0000 gap=4.0000 tried=5 sep_labels=15 clique_frac=0.02
t=29611ms iter=704 REBUILD reject new_tc=21.9149 (was 21.7256)
t=29631ms iter=704 incumb=21.7256 ratchet=21.7564 best=21.7125 since_improve=544
t=29633ms iter=705 WAIST cost=19.0000 best_alt=15.0000 gap=4.0000 tried=5 sep_labels=15 clique_frac=0.02
t=29652ms iter=705 REBUILD reject new_tc=21.8186 (was 21.7256)
t=29674ms iter=705 incumb=21.7256 ratchet=21.8374 best=21.7125 since_improve=545
t=29675ms iter=706 WAIST cost=19.0000 best_alt=15.0000 gap=4.0000 tried=5 sep_labels=15 clique_frac=0.02
t=29694ms iter=706 REBUILD reject new_tc=21.8715 (was 21.7256)
t=29715ms iter=706 incumb=21.7256 ratchet=21.9441 best=21.7125 since_improve=546
t=29716ms iter=707 WAIST cost=19.0000 best_alt=15.0000 gap=4.0000 tried=5 sep_labels=15 clique_frac=0.02
t=29735ms iter=707 REBUILD reject new_tc=21.9040 (was 21.7256)
t=29756ms iter=707 incumb=21.7256 ratchet=21.8182 best=21.7125 since_improve=547
t=29758ms iter=708 WAIST cost=19.0000 best_alt=15.0000 gap=4.0000 tried=5 sep_labels=15 clique_frac=0.02
t=29777ms iter=708 REBUILD reject new_tc=21.8188 (was 21.7256)
t=29798ms iter=708 incumb=21.7256 ratchet=21.8569 best=21.7125 since_improve=548
t=29800ms iter=709 WAIST cost=19.0000 best_alt=15.0000 gap=4.0000 tried=5 sep_labels=15 clique_frac=0.02
t=29818ms iter=709 REBUILD reject new_tc=22.1775 (was 21.7256)
t=29839ms iter=709 incumb=21.7256 ratchet=21.7947 best=21.7125 since_improve=549
t=29841ms iter=710 WAIST cost=19.0000 best_alt=15.0000 gap=4.0000 tried=5 sep_labels=15 clique_frac=0.02
t=29860ms iter=710 REBUILD reject new_tc=22.1557 (was 21.7256)
t=29881ms iter=710 incumb=21.7256 ratchet=21.7540 best=21.7125 since_improve=550
t=29883ms iter=711 WAIST cost=19.0000 best_alt=15.0000 gap=4.0000 tried=5 sep_labels=15 clique_frac=0.02
t=29902ms iter=711 REBUILD reject new_tc=21.7779 (was 21.7256)
t=29923ms iter=711 incumb=21.7256 ratchet=21.7791 best=21.7125 since_improve=551
t=29924ms iter=712 WAIST cost=19.0000 best_alt=15.0000 gap=4.0000 tried=5 sep_labels=15 clique_frac=0.02
t=29944ms iter=712 REBUILD reject new_tc=21.7907 (was 21.7256)
t=29964ms iter=712 incumb=21.7256 ratchet=21.8675 best=21.7125 since_improve=552
t=29966ms iter=713 WAIST cost=19.0000 best_alt=15.0000 gap=4.0000 tried=5 sep_labels=15 clique_frac=0.02
t=29985ms iter=713 REBUILD reject new_tc=21.7817 (was 21.7256)
t=30006ms iter=713 incumb=21.7256 ratchet=21.9220 best=21.7125 since_improve=553
t=30008ms iter=714 WAIST cost=19.0000 best_alt=15.0000 gap=4.0000 tried=5 sep_labels=15 clique_frac=0.02
t=30027ms iter=714 REBUILD reject new_tc=22.2544 (was 21.7256)
t=30047ms iter=714 incumb=21.7256 ratchet=21.8920 best=21.7125 since_improve=554
t=30049ms iter=715 WAIST cost=19.0000 best_alt=15.0000 gap=4.0000 tried=5 sep_labels=15 clique_frac=0.02
t=30068ms iter=715 REBUILD reject new_tc=21.8199 (was 21.7256)
t=30089ms iter=715 incumb=21.7256 ratchet=21.7955 best=21.7125 since_improve=555
t=30090ms iter=716 WAIST cost=19.0000 best_alt=15.0000 gap=4.0000 tried=5 sep_labels=15 clique_frac=0.02
t=30109ms iter=716 REBUILD reject new_tc=21.8696 (was 21.7256)
t=30130ms iter=716 incumb=21.7256 ratchet=21.7652 best=21.7125 since_improve=556
t=30132ms iter=717 WAIST cost=19.0000 best_alt=15.0000 gap=4.0000 tried=5 sep_labels=15 clique_frac=0.02
t=30151ms iter=717 REBUILD reject new_tc=21.8700 (was 21.7256)
t=30172ms iter=717 incumb=21.7256 ratchet=21.7847 best=21.7125 since_improve=557
t=30173ms iter=718 WAIST cost=19.0000 best_alt=15.0000 gap=4.0000 tried=5 sep_labels=15 clique_frac=0.02
t=30192ms iter=718 REBUILD reject new_tc=21.8561 (was 21.7256)
t=30213ms iter=718 incumb=21.7256 ratchet=22.0535 best=21.7125 since_improve=558
t=30215ms iter=719 WAIST cost=19.0000 best_alt=15.0000 gap=4.0000 tried=5 sep_labels=15 clique_frac=0.02
t=30234ms iter=719 REBUILD reject new_tc=21.8690 (was 21.7256)
t=30255ms iter=719 incumb=21.7256 ratchet=21.7558 best=21.7125 since_improve=559
t=30257ms iter=720 WAIST cost=19.0000 best_alt=15.0000 gap=4.0000 tried=5 sep_labels=15 clique_frac=0.02
t=30276ms iter=720 REBUILD reject new_tc=22.3580 (was 21.7256)
t=30297ms iter=720 incumb=21.7256 ratchet=21.8318 best=21.7125 since_improve=560
t=30298ms iter=721 WAIST cost=19.0000 best_alt=15.0000 gap=4.0000 tried=5 sep_labels=15 clique_frac=0.02
t=30318ms iter=721 REBUILD reject new_tc=21.8660 (was 21.7256)
t=30339ms iter=721 incumb=21.7256 ratchet=21.8586 best=21.7125 since_improve=561
t=30340ms iter=722 WAIST cost=19.0000 best_alt=15.0000 gap=4.0000 tried=5 sep_labels=15 clique_frac=0.02
t=30359ms iter=722 REBUILD reject new_tc=22.2725 (was 21.7256)
t=30380ms iter=722 incumb=21.7256 ratchet=21.8465 best=21.7125 since_improve=562
t=30382ms iter=723 WAIST cost=19.0000 best_alt=15.0000 gap=4.0000 tried=5 sep_labels=15 clique_frac=0.02
t=30401ms iter=723 REBUILD reject new_tc=22.0277 (was 21.7256)
t=30422ms iter=723 incumb=21.7256 ratchet=21.8454 best=21.7125 since_improve=563
t=30423ms iter=724 WAIST cost=19.0000 best_alt=15.0000 gap=4.0000 tried=5 sep_labels=15 clique_frac=0.02
t=30442ms iter=724 REBUILD reject new_tc=22.0427 (was 21.7256)
t=30463ms iter=724 incumb=21.7256 ratchet=21.8525 best=21.7125 since_improve=564
t=30464ms iter=725 WAIST cost=19.0000 best_alt=15.0000 gap=4.0000 tried=5 sep_labels=15 clique_frac=0.02
t=30483ms iter=725 REBUILD reject new_tc=21.8321 (was 21.7256)
t=30504ms iter=725 incumb=21.7256 ratchet=21.8938 best=21.7125 since_improve=565
t=30505ms iter=726 WAIST cost=19.0000 best_alt=15.0000 gap=4.0000 tried=5 sep_labels=15 clique_frac=0.02
t=30525ms iter=726 REBUILD reject new_tc=21.8922 (was 21.7256)
t=30546ms iter=726 incumb=21.7256 ratchet=21.7424 best=21.7125 since_improve=566
t=30547ms iter=727 WAIST cost=19.0000 best_alt=15.0000 gap=4.0000 tried=5 sep_labels=15 clique_frac=0.02
t=30566ms iter=727 REBUILD reject new_tc=22.0478 (was 21.7256)
t=30587ms iter=727 incumb=21.7256 ratchet=21.7526 best=21.7125 since_improve=567
t=30589ms iter=728 WAIST cost=19.0000 best_alt=15.0000 gap=4.0000 tried=5 sep_labels=15 clique_frac=0.02
t=30608ms iter=728 REBUILD reject new_tc=21.8176 (was 21.7256)
t=30629ms iter=728 incumb=21.7256 ratchet=21.7946 best=21.7125 since_improve=568
t=30630ms iter=729 WAIST cost=19.0000 best_alt=15.0000 gap=4.0000 tried=5 sep_labels=15 clique_frac=0.02
t=30650ms iter=729 REBUILD reject new_tc=21.8545 (was 21.7256)
t=30671ms iter=729 incumb=21.7256 ratchet=21.8836 best=21.7125 since_improve=569
t=30672ms iter=730 WAIST cost=19.0000 best_alt=15.0000 gap=4.0000 tried=5 sep_labels=15 clique_frac=0.02
t=30691ms iter=730 REBUILD reject new_tc=21.9070 (was 21.7256)
t=30712ms iter=730 incumb=21.7256 ratchet=21.8161 best=21.7125 since_improve=570
t=30713ms iter=731 WAIST cost=19.0000 best_alt=15.0000 gap=4.0000 tried=5 sep_labels=15 clique_frac=0.02
t=30732ms iter=731 REBUILD reject new_tc=22.1880 (was 21.7256)
t=30753ms iter=731 incumb=21.7256 ratchet=21.7639 best=21.7125 since_improve=571
t=30755ms iter=732 WAIST cost=19.0000 best_alt=15.0000 gap=4.0000 tried=5 sep_labels=15 clique_frac=0.02
t=30774ms iter=732 REBUILD reject new_tc=21.8722 (was 21.7256)
t=30794ms iter=732 incumb=21.7256 ratchet=21.8120 best=21.7125 since_improve=572
t=30796ms iter=733 WAIST cost=19.0000 best_alt=15.0000 gap=4.0000 tried=5 sep_labels=15 clique_frac=0.02
t=30815ms iter=733 REBUILD reject new_tc=21.8231 (was 21.7256)
t=30836ms iter=733 incumb=21.7256 ratchet=21.9433 best=21.7125 since_improve=573
t=30838ms iter=734 WAIST cost=19.0000 best_alt=15.0000 gap=4.0000 tried=5 sep_labels=15 clique_frac=0.02
t=30857ms iter=734 REBUILD reject new_tc=21.8764 (was 21.7256)
t=30879ms iter=734 incumb=21.7256 ratchet=21.8067 best=21.7125 since_improve=574
t=30880ms iter=735 WAIST cost=19.0000 best_alt=15.0000 gap=4.0000 tried=5 sep_labels=15 clique_frac=0.02
t=30899ms iter=735 REBUILD reject new_tc=22.3268 (was 21.7256)
t=30919ms iter=735 incumb=21.7256 ratchet=21.9293 best=21.7125 since_improve=575
t=30921ms iter=736 WAIST cost=19.0000 best_alt=15.0000 gap=4.0000 tried=5 sep_labels=15 clique_frac=0.02
t=30940ms iter=736 REBUILD reject new_tc=21.8214 (was 21.7256)
t=30962ms iter=736 incumb=21.7256 ratchet=22.1298 best=21.7125 since_improve=576
t=30963ms iter=737 WAIST cost=19.0000 best_alt=15.0000 gap=4.0000 tried=5 sep_labels=15 clique_frac=0.02
t=30982ms iter=737 REBUILD reject new_tc=21.8558 (was 21.7256)
t=31003ms iter=737 incumb=21.7256 ratchet=21.8328 best=21.7125 since_improve=577
t=31005ms iter=738 WAIST cost=19.0000 best_alt=15.0000 gap=4.0000 tried=5 sep_labels=15 clique_frac=0.02
t=31024ms iter=738 REBUILD reject new_tc=22.1189 (was 21.7256)
t=31044ms iter=738 incumb=21.7256 ratchet=21.7929 best=21.7125 since_improve=578
t=31045ms iter=739 WAIST cost=19.0000 best_alt=15.0000 gap=4.0000 tried=5 sep_labels=15 clique_frac=0.02
t=31065ms iter=739 REBUILD reject new_tc=21.8187 (was 21.7256)
t=31086ms iter=739 incumb=21.7256 ratchet=21.7413 best=21.7125 since_improve=579
t=31087ms iter=740 WAIST cost=19.0000 best_alt=15.0000 gap=4.0000 tried=5 sep_labels=15 clique_frac=0.02
t=31106ms iter=740 REBUILD reject new_tc=21.7804 (was 21.7256)
t=31128ms iter=740 incumb=21.7256 ratchet=21.8948 best=21.7125 since_improve=580
t=31129ms iter=741 WAIST cost=19.0000 best_alt=15.0000 gap=4.0000 tried=5 sep_labels=15 clique_frac=0.02
t=31149ms iter=741 REBUILD reject new_tc=21.9180 (was 21.7256)
t=31170ms iter=741 incumb=21.7256 ratchet=21.8195 best=21.7125 since_improve=581
t=31171ms iter=742 WAIST cost=19.0000 best_alt=15.0000 gap=4.0000 tried=5 sep_labels=15 clique_frac=0.02
t=31191ms iter=742 REBUILD reject new_tc=22.0770 (was 21.7256)
t=31211ms iter=742 incumb=21.7256 ratchet=21.7419 best=21.7125 since_improve=582
t=31212ms iter=743 WAIST cost=19.0000 best_alt=15.0000 gap=4.0000 tried=5 sep_labels=15 clique_frac=0.02
t=31232ms iter=743 REBUILD reject new_tc=21.7781 (was 21.7256)
t=31253ms iter=743 incumb=21.7256 ratchet=22.0058 best=21.7125 since_improve=583
t=31254ms iter=744 WAIST cost=19.0000 best_alt=15.0000 gap=4.0000 tried=5 sep_labels=15 clique_frac=0.02
t=31273ms iter=744 REBUILD reject new_tc=22.3402 (was 21.7256)
t=31294ms iter=744 incumb=21.7256 ratchet=21.8736 best=21.7125 since_improve=584
t=31296ms iter=745 WAIST cost=19.0000 best_alt=15.0000 gap=4.0000 tried=5 sep_labels=15 clique_frac=0.02
t=31315ms iter=745 REBUILD reject new_tc=21.8825 (was 21.7256)
t=31344ms iter=745 incumb=21.7256 ratchet=21.7964 best=21.7116 since_improve=585
t=31345ms iter=746 WAIST cost=19.0000 best_alt=15.0000 gap=4.0000 tried=5 sep_labels=15 clique_frac=0.02
t=31365ms iter=746 REBUILD reject new_tc=22.2578 (was 21.7256)
t=31385ms iter=746 incumb=21.7256 ratchet=21.8089 best=21.7116 since_improve=586
t=31386ms iter=747 WAIST cost=19.0000 best_alt=15.0000 gap=4.0000 tried=5 sep_labels=15 clique_frac=0.02
t=31406ms iter=747 REBUILD reject new_tc=21.8172 (was 21.7256)
t=31426ms iter=747 incumb=21.7256 ratchet=22.0641 best=21.7116 since_improve=587
t=31428ms iter=748 WAIST cost=19.0000 best_alt=15.0000 gap=4.0000 tried=5 sep_labels=15 clique_frac=0.02
t=31447ms iter=748 REBUILD reject new_tc=21.8310 (was 21.7256)
t=31468ms iter=748 incumb=21.7256 ratchet=21.8094 best=21.7116 since_improve=588
t=31469ms iter=749 WAIST cost=19.0000 best_alt=15.0000 gap=4.0000 tried=5 sep_labels=15 clique_frac=0.02
t=31489ms iter=749 REBUILD reject new_tc=21.8284 (was 21.7256)
t=31510ms iter=749 incumb=21.7256 ratchet=21.7646 best=21.7116 since_improve=589
t=31511ms iter=750 WAIST cost=19.0000 best_alt=15.0000 gap=4.0000 tried=5 sep_labels=15 clique_frac=0.02
t=31530ms iter=750 REBUILD reject new_tc=22.3400 (was 21.7256)
t=31551ms iter=750 incumb=21.7256 ratchet=21.8449 best=21.7116 since_improve=590
t=31553ms iter=751 WAIST cost=19.0000 best_alt=15.0000 gap=4.0000 tried=5 sep_labels=15 clique_frac=0.02
t=31572ms iter=751 REBUILD reject new_tc=21.8208 (was 21.7256)
t=31593ms iter=751 incumb=21.7256 ratchet=21.8977 best=21.7116 since_improve=591
t=31594ms iter=752 WAIST cost=19.0000 best_alt=15.0000 gap=4.0000 tried=5 sep_labels=15 clique_frac=0.02
t=31613ms iter=752 REBUILD reject new_tc=22.1775 (was 21.7256)
t=31634ms iter=752 incumb=21.7256 ratchet=21.8470 best=21.7116 since_improve=592
t=31636ms iter=753 WAIST cost=19.0000 best_alt=15.0000 gap=4.0000 tried=5 sep_labels=15 clique_frac=0.02
t=31655ms iter=753 REBUILD reject new_tc=22.1778 (was 21.7256)
t=31675ms iter=753 incumb=21.7256 ratchet=21.8662 best=21.7116 since_improve=593
t=31677ms iter=754 WAIST cost=19.0000 best_alt=15.0000 gap=4.0000 tried=5 sep_labels=15 clique_frac=0.02
t=31696ms iter=754 REBUILD reject new_tc=21.8747 (was 21.7256)
t=31717ms iter=754 incumb=21.7256 ratchet=21.9374 best=21.7116 since_improve=594
t=31719ms iter=755 WAIST cost=19.0000 best_alt=15.0000 gap=4.0000 tried=5 sep_labels=15 clique_frac=0.02
t=31738ms iter=755 REBUILD reject new_tc=21.7784 (was 21.7256)
t=31759ms iter=755 incumb=21.7256 ratchet=21.7645 best=21.7116 since_improve=595
t=31760ms iter=756 WAIST cost=19.0000 best_alt=15.0000 gap=4.0000 tried=5 sep_labels=15 clique_frac=0.02
t=31780ms iter=756 REBUILD reject new_tc=21.8548 (was 21.7256)
t=31801ms iter=756 incumb=21.7256 ratchet=21.7558 best=21.7116 since_improve=596
t=31802ms iter=757 WAIST cost=19.0000 best_alt=15.0000 gap=4.0000 tried=5 sep_labels=15 clique_frac=0.02
t=31821ms iter=757 REBUILD reject new_tc=22.0964 (was 21.7256)
t=31842ms iter=757 incumb=21.7256 ratchet=21.8200 best=21.7116 since_improve=597
t=31843ms iter=758 WAIST cost=19.0000 best_alt=15.0000 gap=4.0000 tried=5 sep_labels=15 clique_frac=0.02
t=31862ms iter=758 REBUILD reject new_tc=22.1253 (was 21.7256)
t=31883ms iter=758 incumb=21.7256 ratchet=21.9012 best=21.7116 since_improve=598
t=31885ms iter=759 WAIST cost=19.0000 best_alt=15.0000 gap=4.0000 tried=5 sep_labels=15 clique_frac=0.02
t=31904ms iter=759 REBUILD reject new_tc=21.8209 (was 21.7256)
t=31925ms iter=759 incumb=21.7256 ratchet=21.7539 best=21.7116 since_improve=599
t=31926ms iter=760 WAIST cost=19.0000 best_alt=15.0000 gap=4.0000 tried=5 sep_labels=15 clique_frac=0.02
t=31945ms iter=760 REBUILD reject new_tc=21.8690 (was 21.7256)
t=31967ms iter=760 incumb=21.7256 ratchet=21.7699 best=21.7116 since_improve=600
t=31968ms iter=761 WAIST cost=19.0000 best_alt=15.0000 gap=4.0000 tried=5 sep_labels=15 clique_frac=0.02
t=31987ms iter=761 REBUILD reject new_tc=22.2612 (was 21.7256)
t=32008ms iter=761 incumb=21.7256 ratchet=21.7287 best=21.7116 since_improve=601
t=32009ms iter=762 WAIST cost=19.0000 best_alt=15.0000 gap=4.0000 tried=5 sep_labels=15 clique_frac=0.02
t=32028ms iter=762 REBUILD reject new_tc=22.4551 (was 21.7256)
t=32049ms iter=762 incumb=21.7256 ratchet=21.7363 best=21.7116 since_improve=602
t=32051ms iter=763 WAIST cost=19.0000 best_alt=15.0000 gap=4.0000 tried=5 sep_labels=15 clique_frac=0.02
t=32070ms iter=763 REBUILD reject new_tc=22.0264 (was 21.7256)
t=32091ms iter=763 incumb=21.7256 ratchet=21.8530 best=21.7116 since_improve=603
t=32092ms iter=764 WAIST cost=19.0000 best_alt=15.0000 gap=4.0000 tried=5 sep_labels=15 clique_frac=0.02
t=32111ms iter=764 REBUILD reject new_tc=21.8400 (was 21.7256)
t=32132ms iter=764 incumb=21.7256 ratchet=21.7322 best=21.7116 since_improve=604
t=32134ms iter=765 WAIST cost=19.0000 best_alt=15.0000 gap=4.0000 tried=5 sep_labels=15 clique_frac=0.02
t=32153ms iter=765 REBUILD reject new_tc=22.1217 (was 21.7256)
t=32173ms iter=765 incumb=21.7256 ratchet=21.7964 best=21.7116 since_improve=605
t=32175ms iter=766 WAIST cost=19.0000 best_alt=15.0000 gap=4.0000 tried=5 sep_labels=15 clique_frac=0.02
t=32194ms iter=766 REBUILD reject new_tc=21.7780 (was 21.7256)
t=32214ms iter=766 incumb=21.7256 ratchet=21.8345 best=21.7116 since_improve=606
t=32216ms iter=767 WAIST cost=19.0000 best_alt=15.0000 gap=4.0000 tried=5 sep_labels=15 clique_frac=0.02
t=32235ms iter=767 REBUILD reject new_tc=21.9370 (was 21.7256)
t=32256ms iter=767 incumb=21.7256 ratchet=21.7642 best=21.7116 since_improve=607
t=32257ms iter=768 WAIST cost=19.0000 best_alt=15.0000 gap=4.0000 tried=5 sep_labels=15 clique_frac=0.02
t=32276ms iter=768 REBUILD reject new_tc=21.8265 (was 21.7256)
t=32297ms iter=768 incumb=21.7256 ratchet=21.8046 best=21.7116 since_improve=608
t=32298ms iter=769 WAIST cost=19.0000 best_alt=15.0000 gap=4.0000 tried=5 sep_labels=15 clique_frac=0.02
t=32317ms iter=769 REBUILD reject new_tc=21.9273 (was 21.7256)
t=32338ms iter=769 incumb=21.7256 ratchet=21.8807 best=21.7116 since_improve=609
t=32339ms iter=770 WAIST cost=19.0000 best_alt=15.0000 gap=4.0000 tried=5 sep_labels=15 clique_frac=0.02
t=32359ms iter=770 REBUILD reject new_tc=22.0398 (was 21.7256)
t=32380ms iter=770 incumb=21.7256 ratchet=21.7329 best=21.7116 since_improve=610
t=32381ms iter=771 WAIST cost=19.0000 best_alt=15.0000 gap=4.0000 tried=5 sep_labels=15 clique_frac=0.02
t=32400ms iter=771 REBUILD reject new_tc=21.8691 (was 21.7256)
t=32421ms iter=771 incumb=21.7256 ratchet=21.8118 best=21.7116 since_improve=611
t=32423ms iter=772 WAIST cost=19.0000 best_alt=15.0000 gap=4.0000 tried=5 sep_labels=15 clique_frac=0.02
t=32442ms iter=772 REBUILD reject new_tc=21.8769 (was 21.7256)
t=32463ms iter=772 incumb=21.7256 ratchet=21.8199 best=21.7116 since_improve=612
t=32464ms iter=773 WAIST cost=19.0000 best_alt=15.0000 gap=4.0000 tried=5 sep_labels=15 clique_frac=0.02
t=32483ms iter=773 REBUILD reject new_tc=21.8729 (was 21.7256)
t=32504ms iter=773 incumb=21.7256 ratchet=21.7535 best=21.7116 since_improve=613
t=32506ms iter=774 WAIST cost=19.0000 best_alt=15.0000 gap=4.0000 tried=5 sep_labels=15 clique_frac=0.02
t=32525ms iter=774 REBUILD reject new_tc=22.1697 (was 21.7256)
t=32546ms iter=774 incumb=21.7256 ratchet=21.8043 best=21.7116 since_improve=614
t=32548ms iter=775 WAIST cost=19.0000 best_alt=15.0000 gap=4.0000 tried=5 sep_labels=15 clique_frac=0.02
t=32567ms iter=775 REBUILD reject new_tc=22.1639 (was 21.7256)
t=32587ms iter=775 incumb=21.7256 ratchet=21.9342 best=21.7116 since_improve=615
t=32589ms iter=776 WAIST cost=19.0000 best_alt=15.0000 gap=4.0000 tried=5 sep_labels=15 clique_frac=0.02
t=32608ms iter=776 REBUILD reject new_tc=22.3347 (was 21.7256)
t=32629ms iter=776 incumb=21.7256 ratchet=21.7380 best=21.7116 since_improve=616
t=32631ms iter=777 WAIST cost=19.0000 best_alt=15.0000 gap=4.0000 tried=5 sep_labels=15 clique_frac=0.02
t=32650ms iter=777 REBUILD reject new_tc=21.8693 (was 21.7256)
t=32671ms iter=777 incumb=21.7256 ratchet=21.7986 best=21.7116 since_improve=617
t=32672ms iter=778 WAIST cost=19.0000 best_alt=15.0000 gap=4.0000 tried=5 sep_labels=15 clique_frac=0.02
t=32691ms iter=778 REBUILD reject new_tc=21.7814 (was 21.7256)
t=32712ms iter=778 incumb=21.7256 ratchet=21.8543 best=21.7116 since_improve=618
t=32713ms iter=779 WAIST cost=19.0000 best_alt=15.0000 gap=4.0000 tried=5 sep_labels=15 clique_frac=0.02
t=32733ms iter=779 REBUILD reject new_tc=21.8685 (was 21.7256)
t=32753ms iter=779 incumb=21.7256 ratchet=21.7816 best=21.7116 since_improve=619
t=32755ms iter=780 WAIST cost=19.0000 best_alt=15.0000 gap=4.0000 tried=5 sep_labels=15 clique_frac=0.02
t=32774ms iter=780 REBUILD reject new_tc=21.8305 (was 21.7256)
t=32795ms iter=780 incumb=21.7256 ratchet=21.8048 best=21.7116 since_improve=620
t=32797ms iter=781 WAIST cost=19.0000 best_alt=15.0000 gap=4.0000 tried=5 sep_labels=15 clique_frac=0.02
t=32815ms iter=781 REBUILD reject new_tc=22.1272 (was 21.7256)
t=32837ms iter=781 incumb=21.7256 ratchet=21.8580 best=21.7116 since_improve=621
t=32838ms iter=782 WAIST cost=19.0000 best_alt=15.0000 gap=4.0000 tried=5 sep_labels=15 clique_frac=0.02
t=32857ms iter=782 REBUILD reject new_tc=21.8204 (was 21.7256)
t=32878ms iter=782 incumb=21.7256 ratchet=21.9762 best=21.7116 since_improve=622
t=32880ms iter=783 WAIST cost=19.0000 best_alt=15.0000 gap=4.0000 tried=5 sep_labels=15 clique_frac=0.02
t=32899ms iter=783 REBUILD reject new_tc=21.7815 (was 21.7256)
t=32920ms iter=783 incumb=21.7256 ratchet=21.7523 best=21.7116 since_improve=623
t=32921ms iter=784 WAIST cost=19.0000 best_alt=15.0000 gap=4.0000 tried=5 sep_labels=15 clique_frac=0.02
t=32940ms iter=784 REBUILD reject new_tc=21.9836 (was 21.7256)
t=32961ms iter=784 incumb=21.7256 ratchet=21.8577 best=21.7116 since_improve=624
t=32962ms iter=785 WAIST cost=19.0000 best_alt=15.0000 gap=4.0000 tried=5 sep_labels=15 clique_frac=0.02
t=32981ms iter=785 REBUILD reject new_tc=21.8087 (was 21.7256)
t=33002ms iter=785 incumb=21.7256 ratchet=21.7603 best=21.7116 since_improve=625
t=33004ms iter=786 WAIST cost=19.0000 best_alt=15.0000 gap=4.0000 tried=5 sep_labels=15 clique_frac=0.02
t=33023ms iter=786 REBUILD reject new_tc=21.9939 (was 21.7256)
t=33044ms iter=786 incumb=21.7256 ratchet=21.8355 best=21.7116 since_improve=626
t=33045ms iter=787 WAIST cost=19.0000 best_alt=15.0000 gap=4.0000 tried=5 sep_labels=15 clique_frac=0.02
t=33064ms iter=787 REBUILD reject new_tc=22.0734 (was 21.7256)
t=33085ms iter=787 incumb=21.7256 ratchet=21.7765 best=21.7116 since_improve=627
t=33087ms iter=788 WAIST cost=19.0000 best_alt=15.0000 gap=4.0000 tried=5 sep_labels=15 clique_frac=0.02
t=33106ms iter=788 REBUILD reject new_tc=21.8255 (was 21.7256)
t=33127ms iter=788 incumb=21.7256 ratchet=21.7865 best=21.7116 since_improve=628
t=33129ms iter=789 WAIST cost=19.0000 best_alt=15.0000 gap=4.0000 tried=5 sep_labels=15 clique_frac=0.02
t=33148ms iter=789 REBUILD reject new_tc=21.9024 (was 21.7256)
t=33169ms iter=789 incumb=21.7256 ratchet=21.7527 best=21.7116 since_improve=629
t=33170ms iter=790 WAIST cost=19.0000 best_alt=15.0000 gap=4.0000 tried=5 sep_labels=15 clique_frac=0.02
t=33190ms iter=790 REBUILD reject new_tc=21.8814 (was 21.7256)
t=33210ms iter=790 incumb=21.7256 ratchet=21.8467 best=21.7116 since_improve=630
t=33212ms iter=791 WAIST cost=19.0000 best_alt=15.0000 gap=4.0000 tried=5 sep_labels=15 clique_frac=0.02
t=33231ms iter=791 REBUILD reject new_tc=22.0864 (was 21.7256)
t=33252ms iter=791 incumb=21.7256 ratchet=21.7807 best=21.7116 since_improve=631
t=33253ms iter=792 WAIST cost=19.0000 best_alt=15.0000 gap=4.0000 tried=5 sep_labels=15 clique_frac=0.02
t=33273ms iter=792 REBUILD reject new_tc=21.8800 (was 21.7256)
t=33294ms iter=792 incumb=21.7256 ratchet=21.8402 best=21.7116 since_improve=632
t=33295ms iter=793 WAIST cost=19.0000 best_alt=15.0000 gap=4.0000 tried=5 sep_labels=15 clique_frac=0.02
t=33314ms iter=793 REBUILD reject new_tc=22.1188 (was 21.7256)
t=33335ms iter=793 incumb=21.7256 ratchet=21.7920 best=21.7116 since_improve=633
t=33337ms iter=794 WAIST cost=19.0000 best_alt=15.0000 gap=4.0000 tried=5 sep_labels=15 clique_frac=0.02
t=33356ms iter=794 REBUILD reject new_tc=22.1845 (was 21.7256)
t=33377ms iter=794 incumb=21.7256 ratchet=21.7273 best=21.7116 since_improve=634
t=33378ms iter=795 WAIST cost=19.0000 best_alt=15.0000 gap=4.0000 tried=5 sep_labels=15 clique_frac=0.02
t=33397ms iter=795 REBUILD reject new_tc=21.8588 (was 21.7256)
t=33418ms iter=795 incumb=21.7256 ratchet=21.8059 best=21.7116 since_improve=635
t=33420ms iter=796 WAIST cost=19.0000 best_alt=15.0000 gap=4.0000 tried=5 sep_labels=15 clique_frac=0.02
t=33439ms iter=796 REBUILD reject new_tc=22.0091 (was 21.7256)
t=33460ms iter=796 incumb=21.7256 ratchet=21.8081 best=21.7116 since_improve=636
t=33461ms iter=797 WAIST cost=19.0000 best_alt=15.0000 gap=4.0000 tried=5 sep_labels=15 clique_frac=0.02
t=33481ms iter=797 REBUILD reject new_tc=21.9217 (was 21.7256)
t=33501ms iter=797 incumb=21.7256 ratchet=21.9068 best=21.7116 since_improve=637
t=33503ms iter=798 WAIST cost=19.0000 best_alt=15.0000 gap=4.0000 tried=5 sep_labels=15 clique_frac=0.02
t=33522ms iter=798 REBUILD reject new_tc=21.9050 (was 21.7256)
t=33543ms iter=798 incumb=21.7256 ratchet=21.8458 best=21.7116 since_improve=638
t=33544ms iter=799 WAIST cost=19.0000 best_alt=15.0000 gap=4.0000 tried=5 sep_labels=15 clique_frac=0.02
t=33563ms iter=799 REBUILD reject new_tc=21.8226 (was 21.7256)
t=33584ms iter=799 incumb=21.7256 ratchet=21.7563 best=21.7116 since_improve=639
t=33586ms iter=800 WAIST cost=19.0000 best_alt=15.0000 gap=4.0000 tried=5 sep_labels=15 clique_frac=0.02
t=33605ms iter=800 REBUILD reject new_tc=22.4205 (was 21.7256)
t=33626ms iter=800 incumb=21.7256 ratchet=21.7701 best=21.7116 since_improve=640
t=33628ms iter=801 WAIST cost=19.0000 best_alt=15.0000 gap=4.0000 tried=5 sep_labels=15 clique_frac=0.02
t=33647ms iter=801 REBUILD reject new_tc=21.8668 (was 21.7256)
t=33668ms iter=801 incumb=21.7256 ratchet=21.8906 best=21.7116 since_improve=641
t=33669ms iter=802 WAIST cost=19.0000 best_alt=15.0000 gap=4.0000 tried=5 sep_labels=15 clique_frac=0.02
t=33689ms iter=802 REBUILD reject new_tc=21.8191 (was 21.7256)
t=33710ms iter=802 incumb=21.7256 ratchet=21.8813 best=21.7116 since_improve=642
t=33711ms iter=803 WAIST cost=19.0000 best_alt=15.0000 gap=4.0000 tried=5 sep_labels=15 clique_frac=0.02
t=33730ms iter=803 REBUILD reject new_tc=22.4756 (was 21.7256)
t=33751ms iter=803 incumb=21.7256 ratchet=21.7765 best=21.7116 since_improve=643
t=33752ms iter=804 WAIST cost=19.0000 best_alt=15.0000 gap=4.0000 tried=5 sep_labels=15 clique_frac=0.02
t=33771ms iter=804 REBUILD reject new_tc=21.9541 (was 21.7256)
t=33792ms iter=804 incumb=21.7256 ratchet=21.7483 best=21.7116 since_improve=644
t=33793ms iter=805 WAIST cost=19.0000 best_alt=15.0000 gap=4.0000 tried=5 sep_labels=15 clique_frac=0.02
t=33813ms iter=805 REBUILD reject new_tc=22.4195 (was 21.7256)
t=33834ms iter=805 incumb=21.7256 ratchet=21.9749 best=21.7116 since_improve=645
t=33835ms iter=806 WAIST cost=19.0000 best_alt=15.0000 gap=4.0000 tried=5 sep_labels=15 clique_frac=0.02
t=33854ms iter=806 REBUILD reject new_tc=21.7829 (was 21.7256)
t=33875ms iter=806 incumb=21.7256 ratchet=21.7279 best=21.7116 since_improve=646
t=33876ms iter=807 WAIST cost=19.0000 best_alt=15.0000 gap=4.0000 tried=5 sep_labels=15 clique_frac=0.02
t=33895ms iter=807 REBUILD reject new_tc=22.0412 (was 21.7256)
t=33916ms iter=807 incumb=21.7256 ratchet=21.7539 best=21.7116 since_improve=647
t=33918ms iter=808 WAIST cost=19.0000 best_alt=15.0000 gap=4.0000 tried=5 sep_labels=15 clique_frac=0.02
t=33937ms iter=808 REBUILD reject new_tc=22.2727 (was 21.7256)
t=33957ms iter=808 incumb=21.7256 ratchet=21.9557 best=21.7116 since_improve=648
t=33959ms iter=809 WAIST cost=19.0000 best_alt=15.0000 gap=4.0000 tried=5 sep_labels=15 clique_frac=0.02
t=33978ms iter=809 REBUILD reject new_tc=21.8313 (was 21.7256)
t=33999ms iter=809 incumb=21.7256 ratchet=21.7949 best=21.7116 since_improve=649
t=34000ms iter=810 WAIST cost=19.0000 best_alt=15.0000 gap=4.0000 tried=5 sep_labels=15 clique_frac=0.02
t=34020ms iter=810 REBUILD reject new_tc=21.8297 (was 21.7256)
t=34040ms iter=810 incumb=21.7256 ratchet=21.8595 best=21.7116 since_improve=650
t=34042ms iter=811 WAIST cost=19.0000 best_alt=15.0000 gap=4.0000 tried=5 sep_labels=15 clique_frac=0.02
t=34061ms iter=811 REBUILD reject new_tc=21.8915 (was 21.7256)
t=34082ms iter=811 incumb=21.7256 ratchet=21.7529 best=21.7116 since_improve=651
t=34083ms iter=812 WAIST cost=19.0000 best_alt=15.0000 gap=4.0000 tried=5 sep_labels=15 clique_frac=0.02
t=34102ms iter=812 REBUILD reject new_tc=21.8546 (was 21.7256)
t=34123ms iter=812 incumb=21.7256 ratchet=21.7543 best=21.7116 since_improve=652
t=34125ms iter=813 WAIST cost=19.0000 best_alt=15.0000 gap=4.0000 tried=5 sep_labels=15 clique_frac=0.02
t=34144ms iter=813 REBUILD reject new_tc=21.8892 (was 21.7256)
t=34165ms iter=813 incumb=21.7256 ratchet=21.9003 best=21.7116 since_improve=653
t=34167ms iter=814 WAIST cost=19.0000 best_alt=15.0000 gap=4.0000 tried=5 sep_labels=15 clique_frac=0.02
t=34186ms iter=814 REBUILD reject new_tc=21.8189 (was 21.7256)
t=34207ms iter=814 incumb=21.7256 ratchet=21.8547 best=21.7116 since_improve=654
t=34208ms iter=815 WAIST cost=19.0000 best_alt=15.0000 gap=4.0000 tried=5 sep_labels=15 clique_frac=0.02
t=34227ms iter=815 REBUILD reject new_tc=22.2912 (was 21.7256)
t=34248ms iter=815 incumb=21.7256 ratchet=21.7952 best=21.7116 since_improve=655
t=34250ms iter=816 WAIST cost=19.0000 best_alt=15.0000 gap=4.0000 tried=5 sep_labels=15 clique_frac=0.02
t=34269ms iter=816 REBUILD reject new_tc=22.4235 (was 21.7256)
t=34290ms iter=816 incumb=21.7256 ratchet=21.8941 best=21.7116 since_improve=656
t=34292ms iter=817 WAIST cost=19.0000 best_alt=15.0000 gap=4.0000 tried=5 sep_labels=15 clique_frac=0.02
t=34311ms iter=817 REBUILD reject new_tc=21.8655 (was 21.7256)
t=34332ms iter=817 incumb=21.7256 ratchet=21.8692 best=21.7116 since_improve=657
t=34333ms iter=818 WAIST cost=19.0000 best_alt=15.0000 gap=4.0000 tried=5 sep_labels=15 clique_frac=0.02
t=34352ms iter=818 REBUILD reject new_tc=22.3407 (was 21.7256)
t=34373ms iter=818 incumb=21.7256 ratchet=21.7789 best=21.7116 since_improve=658
t=34374ms iter=819 WAIST cost=19.0000 best_alt=15.0000 gap=4.0000 tried=5 sep_labels=15 clique_frac=0.02
t=34394ms iter=819 REBUILD reject new_tc=21.8699 (was 21.7256)
t=34414ms iter=819 incumb=21.7256 ratchet=21.8412 best=21.7116 since_improve=659
t=34416ms iter=820 WAIST cost=19.0000 best_alt=15.0000 gap=4.0000 tried=5 sep_labels=15 clique_frac=0.02
t=34436ms iter=820 REBUILD reject new_tc=21.8704 (was 21.7256)
t=34457ms iter=820 incumb=21.7256 ratchet=21.7591 best=21.7116 since_improve=660
t=34458ms iter=821 WAIST cost=19.0000 best_alt=15.0000 gap=4.0000 tried=5 sep_labels=15 clique_frac=0.02
t=34477ms iter=821 REBUILD reject new_tc=22.2836 (was 21.7256)
t=34499ms iter=821 incumb=21.7256 ratchet=21.8180 best=21.7116 since_improve=661
t=34500ms iter=822 WAIST cost=19.0000 best_alt=15.0000 gap=4.0000 tried=5 sep_labels=15 clique_frac=0.02
t=34519ms iter=822 REBUILD reject new_tc=21.8704 (was 21.7256)
t=34540ms iter=822 incumb=21.7256 ratchet=21.9771 best=21.7116 since_improve=662
t=34542ms iter=823 WAIST cost=19.0000 best_alt=15.0000 gap=4.0000 tried=5 sep_labels=15 clique_frac=0.02
t=34561ms iter=823 REBUILD reject new_tc=22.1229 (was 21.7256)
t=34582ms iter=823 incumb=21.7256 ratchet=21.7519 best=21.7116 since_improve=663
t=34583ms iter=824 WAIST cost=19.0000 best_alt=15.0000 gap=4.0000 tried=5 sep_labels=15 clique_frac=0.02
t=34602ms iter=824 REBUILD reject new_tc=21.9590 (was 21.7256)
t=34623ms iter=824 incumb=21.7256 ratchet=21.8462 best=21.7116 since_improve=664
t=34624ms iter=825 WAIST cost=19.0000 best_alt=15.0000 gap=4.0000 tried=5 sep_labels=15 clique_frac=0.02
t=34644ms iter=825 REBUILD reject new_tc=21.8832 (was 21.7256)
t=34665ms iter=825 incumb=21.7256 ratchet=21.9995 best=21.7116 since_improve=665
t=34666ms iter=826 WAIST cost=19.0000 best_alt=15.0000 gap=4.0000 tried=5 sep_labels=15 clique_frac=0.02
t=34685ms iter=826 REBUILD reject new_tc=22.3362 (was 21.7256)
t=34706ms iter=826 incumb=21.7256 ratchet=21.9164 best=21.7116 since_improve=666
t=34708ms iter=827 WAIST cost=19.0000 best_alt=15.0000 gap=4.0000 tried=5 sep_labels=15 clique_frac=0.02
t=34727ms iter=827 REBUILD reject new_tc=21.8588 (was 21.7256)
t=34748ms iter=827 incumb=21.7256 ratchet=21.7428 best=21.7116 since_improve=667
t=34749ms iter=828 WAIST cost=19.0000 best_alt=15.0000 gap=4.0000 tried=5 sep_labels=15 clique_frac=0.02
t=34769ms iter=828 REBUILD reject new_tc=22.2915 (was 21.7256)
t=34789ms iter=828 incumb=21.7256 ratchet=21.8476 best=21.7116 since_improve=668
t=34790ms iter=829 WAIST cost=19.0000 best_alt=15.0000 gap=4.0000 tried=5 sep_labels=15 clique_frac=0.02
t=34809ms iter=829 REBUILD reject new_tc=21.9098 (was 21.7256)
t=34830ms iter=829 incumb=21.7256 ratchet=21.7561 best=21.7116 since_improve=669
t=34831ms iter=830 WAIST cost=19.0000 best_alt=15.0000 gap=4.0000 tried=5 sep_labels=15 clique_frac=0.02
t=34851ms iter=830 REBUILD reject new_tc=21.8262 (was 21.7256)
t=34872ms iter=830 incumb=21.7256 ratchet=21.7515 best=21.7116 since_improve=670
t=34873ms iter=831 WAIST cost=19.0000 best_alt=15.0000 gap=4.0000 tried=5 sep_labels=15 clique_frac=0.02
t=34892ms iter=831 REBUILD reject new_tc=21.8720 (was 21.7256)
t=34913ms iter=831 incumb=21.7256 ratchet=21.8598 best=21.7116 since_improve=671
t=34915ms iter=832 WAIST cost=19.0000 best_alt=15.0000 gap=4.0000 tried=5 sep_labels=15 clique_frac=0.02
t=34934ms iter=832 REBUILD reject new_tc=22.0037 (was 21.7256)
t=34954ms iter=832 incumb=21.7256 ratchet=21.9365 best=21.7116 since_improve=672
t=34956ms iter=833 WAIST cost=19.0000 best_alt=15.0000 gap=4.0000 tried=5 sep_labels=15 clique_frac=0.02
t=34975ms iter=833 REBUILD reject new_tc=22.3336 (was 21.7256)
t=34996ms iter=833 incumb=21.7256 ratchet=21.8061 best=21.7116 since_improve=673
t=34997ms iter=834 WAIST cost=19.0000 best_alt=15.0000 gap=4.0000 tried=5 sep_labels=15 clique_frac=0.02
t=35016ms iter=834 REBUILD reject new_tc=22.1268 (was 21.7256)
t=35037ms iter=834 incumb=21.7256 ratchet=21.8552 best=21.7116 since_improve=674
t=35039ms iter=835 WAIST cost=19.0000 best_alt=15.0000 gap=4.0000 tried=5 sep_labels=15 clique_frac=0.02
t=35058ms iter=835 REBUILD reject new_tc=21.8451 (was 21.7256)
t=35079ms iter=835 incumb=21.7256 ratchet=21.7328 best=21.7116 since_improve=675
t=35080ms iter=836 WAIST cost=19.0000 best_alt=15.0000 gap=4.0000 tried=5 sep_labels=15 clique_frac=0.02
t=35099ms iter=836 REBUILD reject new_tc=22.1193 (was 21.7256)
t=35120ms iter=836 incumb=21.7256 ratchet=21.7267 best=21.7116 since_improve=676
t=35122ms iter=837 WAIST cost=19.0000 best_alt=15.0000 gap=4.0000 tried=5 sep_labels=15 clique_frac=0.02
t=35141ms iter=837 REBUILD reject new_tc=21.8587 (was 21.7256)
t=35161ms iter=837 incumb=21.7256 ratchet=21.8859 best=21.7116 since_improve=677
t=35163ms iter=838 WAIST cost=19.0000 best_alt=15.0000 gap=4.0000 tried=5 sep_labels=15 clique_frac=0.02
t=35182ms iter=838 REBUILD reject new_tc=22.4394 (was 21.7256)
t=35202ms iter=838 incumb=21.7256 ratchet=21.8623 best=21.7116 since_improve=678
t=35204ms iter=839 WAIST cost=19.0000 best_alt=15.0000 gap=4.0000 tried=5 sep_labels=15 clique_frac=0.02
t=35223ms iter=839 REBUILD reject new_tc=22.2074 (was 21.7256)
t=35244ms iter=839 incumb=21.7256 ratchet=21.8219 best=21.7116 since_improve=679
t=35245ms iter=840 WAIST cost=19.0000 best_alt=15.0000 gap=4.0000 tried=5 sep_labels=15 clique_frac=0.02
t=35265ms iter=840 REBUILD reject new_tc=21.9989 (was 21.7256)
t=35285ms iter=840 incumb=21.7256 ratchet=21.9321 best=21.7116 since_improve=680
t=35287ms iter=841 WAIST cost=19.0000 best_alt=15.0000 gap=4.0000 tried=5 sep_labels=15 clique_frac=0.02
t=35306ms iter=841 REBUILD reject new_tc=21.8593 (was 21.7256)
t=35327ms iter=841 incumb=21.7256 ratchet=22.2347 best=21.7116 since_improve=681
t=35329ms iter=842 WAIST cost=19.0000 best_alt=15.0000 gap=4.0000 tried=5 sep_labels=15 clique_frac=0.02
t=35348ms iter=842 REBUILD reject new_tc=21.8837 (was 21.7256)
t=35369ms iter=842 incumb=21.7256 ratchet=21.7789 best=21.7116 since_improve=682
t=35371ms iter=843 WAIST cost=19.0000 best_alt=15.0000 gap=4.0000 tried=5 sep_labels=15 clique_frac=0.02
t=35390ms iter=843 REBUILD reject new_tc=22.2561 (was 21.7256)
t=35411ms iter=843 incumb=21.7256 ratchet=21.7695 best=21.7116 since_improve=683
t=35413ms iter=844 WAIST cost=19.0000 best_alt=15.0000 gap=4.0000 tried=5 sep_labels=15 clique_frac=0.02
t=35432ms iter=844 REBUILD reject new_tc=21.7801 (was 21.7256)
t=35453ms iter=844 incumb=21.7256 ratchet=21.7590 best=21.7116 since_improve=684
t=35455ms iter=845 WAIST cost=19.0000 best_alt=15.0000 gap=4.0000 tried=5 sep_labels=15 clique_frac=0.02
t=35474ms iter=845 REBUILD reject new_tc=21.7798 (was 21.7256)
t=35495ms iter=845 incumb=21.7256 ratchet=21.7543 best=21.7116 since_improve=685
t=35496ms iter=846 WAIST cost=19.0000 best_alt=15.0000 gap=4.0000 tried=5 sep_labels=15 clique_frac=0.02
t=35515ms iter=846 REBUILD reject new_tc=22.3132 (was 21.7256)
t=35536ms iter=846 incumb=21.7256 ratchet=21.9432 best=21.7116 since_improve=686
t=35538ms iter=847 WAIST cost=19.0000 best_alt=15.0000 gap=4.0000 tried=5 sep_labels=15 clique_frac=0.02
t=35557ms iter=847 REBUILD reject new_tc=21.9266 (was 21.7256)
t=35578ms iter=847 incumb=21.7256 ratchet=21.7687 best=21.7116 since_improve=687
t=35579ms iter=848 WAIST cost=19.0000 best_alt=15.0000 gap=4.0000 tried=5 sep_labels=15 clique_frac=0.02
t=35598ms iter=848 REBUILD reject new_tc=22.2529 (was 21.7256)
t=35619ms iter=848 incumb=21.7256 ratchet=21.9072 best=21.7116 since_improve=688
t=35620ms iter=849 WAIST cost=19.0000 best_alt=15.0000 gap=4.0000 tried=5 sep_labels=15 clique_frac=0.02
t=35639ms iter=849 REBUILD reject new_tc=21.9705 (was 21.7256)
t=35660ms iter=849 incumb=21.7256 ratchet=21.7581 best=21.7116 since_improve=689
t=35662ms iter=850 WAIST cost=19.0000 best_alt=15.0000 gap=4.0000 tried=5 sep_labels=15 clique_frac=0.02
t=35681ms iter=850 REBUILD reject new_tc=22.2051 (was 21.7256)
t=35701ms iter=850 incumb=21.7256 ratchet=21.7709 best=21.7116 since_improve=690
t=35703ms iter=851 WAIST cost=19.0000 best_alt=15.0000 gap=4.0000 tried=5 sep_labels=15 clique_frac=0.02
t=35722ms iter=851 REBUILD reject new_tc=21.8180 (was 21.7256)
t=35743ms iter=851 incumb=21.7256 ratchet=21.7782 best=21.7116 since_improve=691
t=35744ms iter=852 WAIST cost=19.0000 best_alt=15.0000 gap=4.0000 tried=5 sep_labels=15 clique_frac=0.02
t=35763ms iter=852 REBUILD reject new_tc=22.2548 (was 21.7256)
t=35784ms iter=852 incumb=21.7256 ratchet=21.9357 best=21.7116 since_improve=692
t=35785ms iter=853 WAIST cost=19.0000 best_alt=15.0000 gap=4.0000 tried=5 sep_labels=15 clique_frac=0.02
t=35805ms iter=853 REBUILD reject new_tc=21.8319 (was 21.7256)
t=35826ms iter=853 incumb=21.7256 ratchet=21.7942 best=21.7116 since_improve=693
t=35827ms iter=854 WAIST cost=19.0000 best_alt=15.0000 gap=4.0000 tried=5 sep_labels=15 clique_frac=0.02
t=35846ms iter=854 REBUILD reject new_tc=21.9103 (was 21.7256)
t=35867ms iter=854 incumb=21.7256 ratchet=21.9164 best=21.7116 since_improve=694
t=35869ms iter=855 WAIST cost=19.0000 best_alt=15.0000 gap=4.0000 tried=5 sep_labels=15 clique_frac=0.02
t=35888ms iter=855 REBUILD reject new_tc=21.9548 (was 21.7256)
t=35910ms iter=855 incumb=21.7256 ratchet=21.9415 best=21.7116 since_improve=695
t=35911ms iter=856 WAIST cost=19.0000 best_alt=15.0000 gap=4.0000 tried=5 sep_labels=15 clique_frac=0.02
t=35930ms iter=856 REBUILD reject new_tc=22.1895 (was 21.7256)
t=35951ms iter=856 incumb=21.7256 ratchet=21.8059 best=21.7116 since_improve=696
t=35953ms iter=857 WAIST cost=19.0000 best_alt=15.0000 gap=4.0000 tried=5 sep_labels=15 clique_frac=0.02
t=35972ms iter=857 REBUILD reject new_tc=22.2840 (was 21.7256)
t=35993ms iter=857 incumb=21.7256 ratchet=21.7951 best=21.7116 since_improve=697
t=35994ms iter=858 WAIST cost=19.0000 best_alt=15.0000 gap=4.0000 tried=5 sep_labels=15 clique_frac=0.02
t=36013ms iter=858 REBUILD reject new_tc=22.1784 (was 21.7256)
t=36034ms iter=858 incumb=21.7256 ratchet=21.8055 best=21.7116 since_improve=698
t=36036ms iter=859 WAIST cost=19.0000 best_alt=15.0000 gap=4.0000 tried=5 sep_labels=15 clique_frac=0.02
t=36055ms iter=859 REBUILD reject new_tc=22.0535 (was 21.7256)
t=36076ms iter=859 incumb=21.7256 ratchet=21.7654 best=21.7116 since_improve=699
t=36077ms iter=860 WAIST cost=19.0000 best_alt=15.0000 gap=4.0000 tried=5 sep_labels=15 clique_frac=0.02
t=36096ms iter=860 REBUILD reject new_tc=21.8300 (was 21.7256)
t=36117ms iter=860 incumb=21.7256 ratchet=21.8556 best=21.7116 since_improve=700
t=36118ms iter=861 WAIST cost=19.0000 best_alt=15.0000 gap=4.0000 tried=5 sep_labels=15 clique_frac=0.02
t=36137ms iter=861 REBUILD reject new_tc=21.8184 (was 21.7256)
t=36158ms iter=861 incumb=21.7256 ratchet=22.0846 best=21.7116 since_improve=701
t=36160ms iter=862 WAIST cost=19.0000 best_alt=15.0000 gap=4.0000 tried=5 sep_labels=15 clique_frac=0.02
t=36179ms iter=862 REBUILD reject new_tc=22.2568 (was 21.7256)
t=36200ms iter=862 incumb=21.7256 ratchet=21.7936 best=21.7116 since_improve=702
t=36201ms iter=863 WAIST cost=19.0000 best_alt=15.0000 gap=4.0000 tried=5 sep_labels=15 clique_frac=0.02
t=36220ms iter=863 REBUILD reject new_tc=21.8667 (was 21.7256)
t=36241ms iter=863 incumb=21.7256 ratchet=21.8563 best=21.7116 since_improve=703
t=36243ms iter=864 WAIST cost=19.0000 best_alt=15.0000 gap=4.0000 tried=5 sep_labels=15 clique_frac=0.02
t=36262ms iter=864 REBUILD reject new_tc=22.1800 (was 21.7256)
t=36283ms iter=864 incumb=21.7256 ratchet=22.0724 best=21.7116 since_improve=704
t=36285ms iter=865 WAIST cost=19.0000 best_alt=15.0000 gap=4.0000 tried=5 sep_labels=15 clique_frac=0.02
t=36304ms iter=865 REBUILD reject new_tc=21.8825 (was 21.7256)
t=36325ms iter=865 incumb=21.7256 ratchet=21.7289 best=21.7116 since_improve=705
t=36326ms iter=866 WAIST cost=19.0000 best_alt=15.0000 gap=4.0000 tried=5 sep_labels=15 clique_frac=0.02
t=36346ms iter=866 REBUILD reject new_tc=22.1531 (was 21.7256)
t=36366ms iter=866 incumb=21.7256 ratchet=22.0985 best=21.7116 since_improve=706
t=36368ms iter=867 WAIST cost=19.0000 best_alt=15.0000 gap=4.0000 tried=5 sep_labels=15 clique_frac=0.02
t=36387ms iter=867 REBUILD reject new_tc=22.2567 (was 21.7256)
t=36408ms iter=867 incumb=21.7256 ratchet=21.8364 best=21.7116 since_improve=707
t=36409ms iter=868 WAIST cost=19.0000 best_alt=15.0000 gap=4.0000 tried=5 sep_labels=15 clique_frac=0.02
t=36429ms iter=868 REBUILD reject new_tc=21.8293 (was 21.7256)
t=36449ms iter=868 incumb=21.7256 ratchet=21.7930 best=21.7116 since_improve=708
t=36451ms iter=869 WAIST cost=19.0000 best_alt=15.0000 gap=4.0000 tried=5 sep_labels=15 clique_frac=0.02
t=36470ms iter=869 REBUILD reject new_tc=22.1177 (was 21.7256)
t=36491ms iter=869 incumb=21.7256 ratchet=21.7943 best=21.7116 since_improve=709
t=36492ms iter=870 WAIST cost=19.0000 best_alt=15.0000 gap=4.0000 tried=5 sep_labels=15 clique_frac=0.02
t=36511ms iter=870 REBUILD reject new_tc=21.8186 (was 21.7256)
t=36532ms iter=870 incumb=21.7256 ratchet=21.7534 best=21.7116 since_improve=710
t=36533ms iter=871 WAIST cost=19.0000 best_alt=15.0000 gap=4.0000 tried=5 sep_labels=15 clique_frac=0.02
t=36552ms iter=871 REBUILD reject new_tc=22.3338 (was 21.7256)
t=36573ms iter=871 incumb=21.7256 ratchet=21.7472 best=21.7116 since_improve=711
t=36575ms iter=872 WAIST cost=19.0000 best_alt=15.0000 gap=4.0000 tried=5 sep_labels=15 clique_frac=0.02
t=36594ms iter=872 REBUILD reject new_tc=22.1167 (was 21.7256)
t=36615ms iter=872 incumb=21.7256 ratchet=21.8456 best=21.7116 since_improve=712
t=36616ms iter=873 WAIST cost=19.0000 best_alt=15.0000 gap=4.0000 tried=5 sep_labels=15 clique_frac=0.02
t=36635ms iter=873 REBUILD reject new_tc=22.2549 (was 21.7256)
t=36656ms iter=873 incumb=21.7256 ratchet=21.8998 best=21.7116 since_improve=713
t=36658ms iter=874 WAIST cost=19.0000 best_alt=15.0000 gap=4.0000 tried=5 sep_labels=15 clique_frac=0.02
t=36677ms iter=874 REBUILD reject new_tc=21.8299 (was 21.7256)
t=36698ms iter=874 incumb=21.7256 ratchet=21.8557 best=21.7116 since_improve=714
t=36699ms iter=875 WAIST cost=19.0000 best_alt=15.0000 gap=4.0000 tried=5 sep_labels=15 clique_frac=0.02
t=36718ms iter=875 REBUILD reject new_tc=22.1975 (was 21.7256)
t=36739ms iter=875 incumb=21.7256 ratchet=21.7395 best=21.7116 since_improve=715
t=36740ms iter=876 WAIST cost=19.0000 best_alt=15.0000 gap=4.0000 tried=5 sep_labels=15 clique_frac=0.02
t=36759ms iter=876 REBUILD reject new_tc=21.8694 (was 21.7256)
t=36780ms iter=876 incumb=21.7256 ratchet=21.7928 best=21.7116 since_improve=716
t=36782ms iter=877 WAIST cost=19.0000 best_alt=15.0000 gap=4.0000 tried=5 sep_labels=15 clique_frac=0.02
t=36801ms iter=877 REBUILD reject new_tc=22.2393 (was 21.7256)
t=36822ms iter=877 incumb=21.7256 ratchet=21.8048 best=21.7116 since_improve=717
t=36823ms iter=878 WAIST cost=19.0000 best_alt=15.0000 gap=4.0000 tried=5 sep_labels=15 clique_frac=0.02
t=36843ms iter=878 REBUILD reject new_tc=21.7824 (was 21.7256)
t=36864ms iter=878 incumb=21.7256 ratchet=21.8081 best=21.7116 since_improve=718
t=36865ms iter=879 WAIST cost=19.0000 best_alt=15.0000 gap=4.0000 tried=5 sep_labels=15 clique_frac=0.02
t=36884ms iter=879 REBUILD reject new_tc=22.5039 (was 21.7256)
t=36905ms iter=879 incumb=21.7256 ratchet=21.8855 best=21.7116 since_improve=719
t=36906ms iter=880 WAIST cost=19.0000 best_alt=15.0000 gap=4.0000 tried=5 sep_labels=15 clique_frac=0.02
t=36925ms iter=880 REBUILD reject new_tc=21.9260 (was 21.7256)
t=36946ms iter=880 incumb=21.7256 ratchet=21.7853 best=21.7116 since_improve=720
t=36947ms iter=881 WAIST cost=19.0000 best_alt=15.0000 gap=4.0000 tried=5 sep_labels=15 clique_frac=0.02
t=36966ms iter=881 REBUILD reject new_tc=22.0498 (was 21.7256)
t=36987ms iter=881 incumb=21.7256 ratchet=21.7393 best=21.7116 since_improve=721
t=36989ms iter=882 WAIST cost=19.0000 best_alt=15.0000 gap=4.0000 tried=5 sep_labels=15 clique_frac=0.02
t=37008ms iter=882 REBUILD reject new_tc=21.8195 (was 21.7256)
t=37028ms iter=882 incumb=21.7256 ratchet=21.8457 best=21.7116 since_improve=722
t=37030ms iter=883 WAIST cost=19.0000 best_alt=15.0000 gap=4.0000 tried=5 sep_labels=15 clique_frac=0.02
t=37049ms iter=883 REBUILD reject new_tc=21.8581 (was 21.7256)
t=37070ms iter=883 incumb=21.7256 ratchet=21.8046 best=21.7116 since_improve=723
t=37072ms iter=884 WAIST cost=19.0000 best_alt=15.0000 gap=4.0000 tried=5 sep_labels=15 clique_frac=0.02
t=37091ms iter=884 REBUILD reject new_tc=21.8172 (was 21.7256)
t=37111ms iter=884 incumb=21.7256 ratchet=21.7524 best=21.7116 since_improve=724
t=37113ms iter=885 WAIST cost=19.0000 best_alt=15.0000 gap=4.0000 tried=5 sep_labels=15 clique_frac=0.02
t=37132ms iter=885 REBUILD reject new_tc=22.1468 (was 21.7256)
t=37153ms iter=885 incumb=21.7256 ratchet=21.7275 best=21.7116 since_improve=725
t=37154ms iter=886 WAIST cost=19.0000 best_alt=15.0000 gap=4.0000 tried=5 sep_labels=15 clique_frac=0.02
t=37174ms iter=886 REBUILD reject new_tc=21.9095 (was 21.7256)
t=37194ms iter=886 incumb=21.7256 ratchet=21.8374 best=21.7116 since_improve=726
t=37196ms iter=887 WAIST cost=19.0000 best_alt=15.0000 gap=4.0000 tried=5 sep_labels=15 clique_frac=0.02
t=37214ms iter=887 REBUILD reject new_tc=22.2079 (was 21.7256)
t=37235ms iter=887 incumb=21.7256 ratchet=21.8935 best=21.7116 since_improve=727
t=37237ms iter=888 WAIST cost=19.0000 best_alt=15.0000 gap=4.0000 tried=5 sep_labels=15 clique_frac=0.02
t=37256ms iter=888 REBUILD reject new_tc=22.1322 (was 21.7256)
t=37276ms iter=888 incumb=21.7256 ratchet=21.7531 best=21.7116 since_improve=728
t=37278ms iter=889 WAIST cost=19.0000 best_alt=15.0000 gap=4.0000 tried=5 sep_labels=15 clique_frac=0.02
t=37297ms iter=889 REBUILD reject new_tc=21.9654 (was 21.7256)
t=37318ms iter=889 incumb=21.7256 ratchet=21.9002 best=21.7116 since_improve=729
t=37319ms iter=890 WAIST cost=19.0000 best_alt=15.0000 gap=4.0000 tried=5 sep_labels=15 clique_frac=0.02
t=37339ms iter=890 REBUILD reject new_tc=22.3868 (was 21.7256)
t=37359ms iter=890 incumb=21.7256 ratchet=21.8080 best=21.7116 since_improve=730
t=37361ms iter=891 WAIST cost=19.0000 best_alt=15.0000 gap=4.0000 tried=5 sep_labels=15 clique_frac=0.02
t=37380ms iter=891 REBUILD reject new_tc=22.4784 (was 21.7256)
t=37401ms iter=891 incumb=21.7256 ratchet=21.9632 best=21.7116 since_improve=731
t=37402ms iter=892 WAIST cost=19.0000 best_alt=15.0000 gap=4.0000 tried=5 sep_labels=15 clique_frac=0.02
t=37421ms iter=892 REBUILD reject new_tc=21.8197 (was 21.7256)
t=37442ms iter=892 incumb=21.7256 ratchet=21.9376 best=21.7116 since_improve=732
t=37443ms iter=893 WAIST cost=19.0000 best_alt=15.0000 gap=4.0000 tried=5 sep_labels=15 clique_frac=0.02
t=37462ms iter=893 REBUILD reject new_tc=21.8242 (was 21.7256)
t=37484ms iter=893 incumb=21.7256 ratchet=21.7834 best=21.7116 since_improve=733
t=37485ms iter=894 WAIST cost=19.0000 best_alt=15.0000 gap=4.0000 tried=5 sep_labels=15 clique_frac=0.02
t=37504ms iter=894 REBUILD reject new_tc=21.8194 (was 21.7256)
t=37525ms iter=894 incumb=21.7256 ratchet=21.7918 best=21.7116 since_improve=734
t=37527ms iter=895 WAIST cost=19.0000 best_alt=15.0000 gap=4.0000 tried=5 sep_labels=15 clique_frac=0.02
t=37545ms iter=895 REBUILD reject new_tc=22.3252 (was 21.7256)
t=37566ms iter=895 incumb=21.7256 ratchet=21.9859 best=21.7116 since_improve=735
t=37568ms iter=896 WAIST cost=19.0000 best_alt=15.0000 gap=4.0000 tried=5 sep_labels=15 clique_frac=0.02
t=37587ms iter=896 REBUILD reject new_tc=21.8171 (was 21.7256)
t=37608ms iter=896 incumb=21.7256 ratchet=21.7650 best=21.7116 since_improve=736
t=37609ms iter=897 WAIST cost=19.0000 best_alt=15.0000 gap=4.0000 tried=5 sep_labels=15 clique_frac=0.02
t=37628ms iter=897 REBUILD reject new_tc=21.8281 (was 21.7256)
t=37649ms iter=897 incumb=21.7256 ratchet=21.7401 best=21.7116 since_improve=737
t=37650ms iter=898 WAIST cost=19.0000 best_alt=15.0000 gap=4.0000 tried=5 sep_labels=15 clique_frac=0.02
t=37670ms iter=898 REBUILD reject new_tc=22.0359 (was 21.7256)
t=37691ms iter=898 incumb=21.7256 ratchet=21.8425 best=21.7116 since_improve=738
t=37692ms iter=899 WAIST cost=19.0000 best_alt=15.0000 gap=4.0000 tried=5 sep_labels=15 clique_frac=0.02
t=37711ms iter=899 REBUILD reject new_tc=22.3199 (was 21.7256)
t=37732ms iter=899 incumb=21.7256 ratchet=22.0140 best=21.7116 since_improve=739
t=37734ms iter=900 WAIST cost=19.0000 best_alt=15.0000 gap=4.0000 tried=5 sep_labels=15 clique_frac=0.02
t=37753ms iter=900 REBUILD reject new_tc=22.1936 (was 21.7256)
t=37774ms iter=900 incumb=21.7256 ratchet=21.9108 best=21.7116 since_improve=740
t=37776ms iter=901 WAIST cost=19.0000 best_alt=15.0000 gap=4.0000 tried=5 sep_labels=15 clique_frac=0.02
t=37794ms iter=901 REBUILD reject new_tc=22.1475 (was 21.7256)
t=37815ms iter=901 incumb=21.7256 ratchet=21.8563 best=21.7116 since_improve=741
t=37816ms iter=902 WAIST cost=19.0000 best_alt=15.0000 gap=4.0000 tried=5 sep_labels=15 clique_frac=0.02
t=37835ms iter=902 REBUILD reject new_tc=21.8196 (was 21.7256)
t=37856ms iter=902 incumb=21.7256 ratchet=21.8705 best=21.7116 since_improve=742
t=37858ms iter=903 WAIST cost=19.0000 best_alt=15.0000 gap=4.0000 tried=5 sep_labels=15 clique_frac=0.02
t=37877ms iter=903 REBUILD reject new_tc=22.0839 (was 21.7256)
t=37899ms iter=903 incumb=21.7256 ratchet=21.8550 best=21.7116 since_improve=743
t=37900ms iter=904 WAIST cost=19.0000 best_alt=15.0000 gap=4.0000 tried=5 sep_labels=15 clique_frac=0.02
t=37919ms iter=904 REBUILD reject new_tc=21.8269 (was 21.7256)
t=37940ms iter=904 incumb=21.7256 ratchet=21.7590 best=21.7116 since_improve=744
t=37941ms iter=905 WAIST cost=19.0000 best_alt=15.0000 gap=4.0000 tried=5 sep_labels=15 clique_frac=0.02
t=37960ms iter=905 REBUILD reject new_tc=21.8220 (was 21.7256)
t=37981ms iter=905 incumb=21.7256 ratchet=21.8423 best=21.7116 since_improve=745
t=37982ms iter=906 WAIST cost=19.0000 best_alt=15.0000 gap=4.0000 tried=5 sep_labels=15 clique_frac=0.02
t=38002ms iter=906 REBUILD reject new_tc=21.8215 (was 21.7256)
t=38023ms iter=906 incumb=21.7256 ratchet=21.7626 best=21.7116 since_improve=746
t=38025ms iter=907 WAIST cost=19.0000 best_alt=15.0000 gap=4.0000 tried=5 sep_labels=15 clique_frac=0.02
t=38044ms iter=907 REBUILD reject new_tc=21.8678 (was 21.7256)
t=38064ms iter=907 incumb=21.7256 ratchet=22.0583 best=21.7116 since_improve=747
t=38066ms iter=908 WAIST cost=19.0000 best_alt=15.0000 gap=4.0000 tried=5 sep_labels=15 clique_frac=0.02
t=38085ms iter=908 REBUILD reject new_tc=22.2657 (was 21.7256)
t=38106ms iter=908 incumb=21.7256 ratchet=21.8569 best=21.7116 since_improve=748
t=38107ms iter=909 WAIST cost=19.0000 best_alt=15.0000 gap=4.0000 tried=5 sep_labels=15 clique_frac=0.02
t=38127ms iter=909 REBUILD reject new_tc=21.8296 (was 21.7256)
t=38148ms iter=909 incumb=21.7256 ratchet=21.7800 best=21.7116 since_improve=749
t=38149ms iter=910 WAIST cost=19.0000 best_alt=15.0000 gap=4.0000 tried=5 sep_labels=15 clique_frac=0.02
t=38168ms iter=910 REBUILD reject new_tc=21.7889 (was 21.7256)
t=38189ms iter=910 incumb=21.7256 ratchet=21.8444 best=21.7116 since_improve=750
t=38191ms iter=911 WAIST cost=19.0000 best_alt=15.0000 gap=4.0000 tried=5 sep_labels=15 clique_frac=0.02
t=38210ms iter=911 REBUILD reject new_tc=21.8914 (was 21.7256)
t=38231ms iter=911 incumb=21.7256 ratchet=21.8441 best=21.7116 since_improve=751
t=38232ms iter=912 WAIST cost=19.0000 best_alt=15.0000 gap=4.0000 tried=5 sep_labels=15 clique_frac=0.02
t=38251ms iter=912 REBUILD reject new_tc=21.7792 (was 21.7256)
t=38273ms iter=912 incumb=21.7256 ratchet=21.7813 best=21.7116 since_improve=752
t=38274ms iter=913 WAIST cost=19.0000 best_alt=15.0000 gap=4.0000 tried=5 sep_labels=15 clique_frac=0.02
t=38293ms iter=913 REBUILD reject new_tc=21.8453 (was 21.7256)
t=38314ms iter=913 incumb=21.7256 ratchet=21.8946 best=21.7116 since_improve=753
t=38315ms iter=914 WAIST cost=19.0000 best_alt=15.0000 gap=4.0000 tried=5 sep_labels=15 clique_frac=0.02
t=38334ms iter=914 REBUILD reject new_tc=22.3338 (was 21.7256)
t=38354ms iter=914 incumb=21.7256 ratchet=21.7927 best=21.7116 since_improve=754
t=38356ms iter=915 WAIST cost=19.0000 best_alt=15.0000 gap=4.0000 tried=5 sep_labels=15 clique_frac=0.02
t=38375ms iter=915 REBUILD reject new_tc=22.1784 (was 21.7256)
t=38396ms iter=915 incumb=21.7256 ratchet=21.7553 best=21.7116 since_improve=755
t=38397ms iter=916 WAIST cost=19.0000 best_alt=15.0000 gap=4.0000 tried=5 sep_labels=15 clique_frac=0.02
t=38416ms iter=916 REBUILD reject new_tc=21.9371 (was 21.7256)
t=38438ms iter=916 incumb=21.7256 ratchet=21.7989 best=21.7116 since_improve=756
t=38439ms iter=917 WAIST cost=19.0000 best_alt=15.0000 gap=4.0000 tried=5 sep_labels=15 clique_frac=0.02
t=38458ms iter=917 REBUILD reject new_tc=22.1396 (was 21.7256)
t=38479ms iter=917 incumb=21.7256 ratchet=21.7320 best=21.7116 since_improve=757
t=38480ms iter=918 WAIST cost=19.0000 best_alt=15.0000 gap=4.0000 tried=5 sep_labels=15 clique_frac=0.02
t=38499ms iter=918 REBUILD reject new_tc=22.2638 (was 21.7256)
t=38521ms iter=918 incumb=21.7256 ratchet=21.8188 best=21.7116 since_improve=758
t=38522ms iter=919 WAIST cost=19.0000 best_alt=15.0000 gap=4.0000 tried=5 sep_labels=15 clique_frac=0.02
t=38541ms iter=919 REBUILD reject new_tc=21.8690 (was 21.7256)
t=38562ms iter=919 incumb=21.7256 ratchet=21.9013 best=21.7116 since_improve=759
t=38564ms iter=920 WAIST cost=19.0000 best_alt=15.0000 gap=4.0000 tried=5 sep_labels=15 clique_frac=0.02
t=38583ms iter=920 REBUILD reject new_tc=22.1194 (was 21.7256)
t=38604ms iter=920 incumb=21.7256 ratchet=21.7862 best=21.7116 since_improve=760
t=38605ms iter=921 WAIST cost=19.0000 best_alt=15.0000 gap=4.0000 tried=5 sep_labels=15 clique_frac=0.02
t=38624ms iter=921 REBUILD reject new_tc=22.3285 (was 21.7256)
t=38645ms iter=921 incumb=21.7256 ratchet=21.7812 best=21.7116 since_improve=761
t=38646ms iter=922 WAIST cost=19.0000 best_alt=15.0000 gap=4.0000 tried=5 sep_labels=15 clique_frac=0.02
t=38665ms iter=922 REBUILD reject new_tc=21.7822 (was 21.7256)
t=38686ms iter=922 incumb=21.7256 ratchet=21.8298 best=21.7116 since_improve=762
t=38688ms iter=923 WAIST cost=19.0000 best_alt=15.0000 gap=4.0000 tried=5 sep_labels=15 clique_frac=0.02
t=38707ms iter=923 REBUILD reject new_tc=21.8576 (was 21.7256)
t=38727ms iter=923 incumb=21.7256 ratchet=21.7419 best=21.7116 since_improve=763
t=38729ms iter=924 WAIST cost=19.0000 best_alt=15.0000 gap=4.0000 tried=5 sep_labels=15 clique_frac=0.02
t=38748ms iter=924 REBUILD reject new_tc=21.8228 (was 21.7256)
t=38769ms iter=924 incumb=21.7256 ratchet=21.8113 best=21.7116 since_improve=764
t=38770ms iter=925 WAIST cost=19.0000 best_alt=15.0000 gap=4.0000 tried=5 sep_labels=15 clique_frac=0.02
t=38789ms iter=925 REBUILD reject new_tc=22.4055 (was 21.7256)
t=38811ms iter=925 incumb=21.7256 ratchet=21.8516 best=21.7116 since_improve=765
t=38812ms iter=926 WAIST cost=19.0000 best_alt=15.0000 gap=4.0000 tried=5 sep_labels=15 clique_frac=0.02
t=38831ms iter=926 REBUILD reject new_tc=21.8565 (was 21.7256)
t=38852ms iter=926 incumb=21.7256 ratchet=21.7682 best=21.7116 since_improve=766
t=38854ms iter=927 WAIST cost=19.0000 best_alt=15.0000 gap=4.0000 tried=5 sep_labels=15 clique_frac=0.02
t=38873ms iter=927 REBUILD reject new_tc=21.8755 (was 21.7256)
t=38894ms iter=927 incumb=21.7256 ratchet=21.7644 best=21.7116 since_improve=767
t=38895ms iter=928 WAIST cost=19.0000 best_alt=15.0000 gap=4.0000 tried=5 sep_labels=15 clique_frac=0.02
t=38914ms iter=928 REBUILD reject new_tc=22.2551 (was 21.7256)
t=38935ms iter=928 incumb=21.7256 ratchet=21.8454 best=21.7116 since_improve=768
t=38937ms iter=929 WAIST cost=19.0000 best_alt=15.0000 gap=4.0000 tried=5 sep_labels=15 clique_frac=0.02
t=38956ms iter=929 REBUILD reject new_tc=22.1869 (was 21.7256)
t=38977ms iter=929 incumb=21.7256 ratchet=21.9521 best=21.7116 since_improve=769
t=38978ms iter=930 WAIST cost=19.0000 best_alt=15.0000 gap=4.0000 tried=5 sep_labels=15 clique_frac=0.02
t=38997ms iter=930 REBUILD reject new_tc=21.8887 (was 21.7256)
t=39018ms iter=930 incumb=21.7256 ratchet=21.7567 best=21.7116 since_improve=770
t=39020ms iter=931 WAIST cost=19.0000 best_alt=15.0000 gap=4.0000 tried=5 sep_labels=15 clique_frac=0.02
t=39039ms iter=931 REBUILD reject new_tc=22.2587 (was 21.7256)
t=39060ms iter=931 incumb=21.7256 ratchet=21.7556 best=21.7116 since_improve=771
t=39062ms iter=932 WAIST cost=19.0000 best_alt=15.0000 gap=4.0000 tried=5 sep_labels=15 clique_frac=0.02
t=39081ms iter=932 REBUILD reject new_tc=21.8689 (was 21.7256)
t=39102ms iter=932 incumb=21.7256 ratchet=21.8952 best=21.7116 since_improve=772
t=39103ms iter=933 WAIST cost=19.0000 best_alt=15.0000 gap=4.0000 tried=5 sep_labels=15 clique_frac=0.02
t=39122ms iter=933 REBUILD reject new_tc=22.0431 (was 21.7256)
t=39143ms iter=933 incumb=21.7256 ratchet=21.7829 best=21.7116 since_improve=773
t=39145ms iter=934 WAIST cost=19.0000 best_alt=15.0000 gap=4.0000 tried=5 sep_labels=15 clique_frac=0.02
t=39164ms iter=934 REBUILD reject new_tc=22.3265 (was 21.7256)
t=39186ms iter=934 incumb=21.7256 ratchet=21.9311 best=21.7116 since_improve=774
t=39187ms iter=935 WAIST cost=19.0000 best_alt=15.0000 gap=4.0000 tried=5 sep_labels=15 clique_frac=0.02
t=39206ms iter=935 REBUILD reject new_tc=21.8184 (was 21.7256)
t=39227ms iter=935 incumb=21.7256 ratchet=21.8825 best=21.7116 since_improve=775
t=39228ms iter=936 WAIST cost=19.0000 best_alt=15.0000 gap=4.0000 tried=5 sep_labels=15 clique_frac=0.02
t=39247ms iter=936 REBUILD reject new_tc=21.8259 (was 21.7256)
t=39268ms iter=936 incumb=21.7256 ratchet=21.7679 best=21.7116 since_improve=776
t=39269ms iter=937 WAIST cost=19.0000 best_alt=15.0000 gap=4.0000 tried=5 sep_labels=15 clique_frac=0.02
t=39289ms iter=937 REBUILD reject new_tc=21.8557 (was 21.7256)
t=39309ms iter=937 incumb=21.7256 ratchet=21.7629 best=21.7116 since_improve=777
t=39311ms iter=938 WAIST cost=19.0000 best_alt=15.0000 gap=4.0000 tried=5 sep_labels=15 clique_frac=0.02
t=39330ms iter=938 REBUILD reject new_tc=21.9387 (was 21.7256)
t=39351ms iter=938 incumb=21.7256 ratchet=21.9515 best=21.7116 since_improve=778
t=39352ms iter=939 WAIST cost=19.0000 best_alt=15.0000 gap=4.0000 tried=5 sep_labels=15 clique_frac=0.02
t=39371ms iter=939 REBUILD reject new_tc=21.8296 (was 21.7256)
t=39392ms iter=939 incumb=21.7256 ratchet=21.9505 best=21.7116 since_improve=779
t=39393ms iter=940 WAIST cost=19.0000 best_alt=15.0000 gap=4.0000 tried=5 sep_labels=15 clique_frac=0.02
t=39412ms iter=940 REBUILD reject new_tc=21.8553 (was 21.7256)
t=39434ms iter=940 incumb=21.7256 ratchet=21.8691 best=21.7116 since_improve=780
t=39435ms iter=941 WAIST cost=19.0000 best_alt=15.0000 gap=4.0000 tried=5 sep_labels=15 clique_frac=0.02
t=39455ms iter=941 REBUILD reject new_tc=21.8185 (was 21.7256)
t=39475ms iter=941 incumb=21.7256 ratchet=21.8820 best=21.7116 since_improve=781
t=39477ms iter=942 WAIST cost=19.0000 best_alt=15.0000 gap=4.0000 tried=5 sep_labels=15 clique_frac=0.02
t=39496ms iter=942 REBUILD reject new_tc=21.8215 (was 21.7256)
t=39517ms iter=942 incumb=21.7256 ratchet=21.7404 best=21.7116 since_improve=782
t=39518ms iter=943 WAIST cost=19.0000 best_alt=15.0000 gap=4.0000 tried=5 sep_labels=15 clique_frac=0.02
t=39537ms iter=943 REBUILD reject new_tc=21.8693 (was 21.7256)
t=39558ms iter=943 incumb=21.7256 ratchet=21.8199 best=21.7116 since_improve=783
t=39560ms iter=944 WAIST cost=19.0000 best_alt=15.0000 gap=4.0000 tried=5 sep_labels=15 clique_frac=0.02
t=39579ms iter=944 REBUILD reject new_tc=22.1935 (was 21.7256)
t=39600ms iter=944 incumb=21.7256 ratchet=21.8319 best=21.7116 since_improve=784
t=39602ms iter=945 WAIST cost=19.0000 best_alt=15.0000 gap=4.0000 tried=5 sep_labels=15 clique_frac=0.02
t=39620ms iter=945 REBUILD reject new_tc=22.2030 (was 21.7256)
t=39641ms iter=945 incumb=21.7256 ratchet=21.9348 best=21.7116 since_improve=785
t=39643ms iter=946 WAIST cost=19.0000 best_alt=15.0000 gap=4.0000 tried=5 sep_labels=15 clique_frac=0.02
t=39662ms iter=946 REBUILD reject new_tc=21.9409 (was 21.7256)
t=39683ms iter=946 incumb=21.7256 ratchet=21.8560 best=21.7116 since_improve=786
t=39684ms iter=947 WAIST cost=19.0000 best_alt=15.0000 gap=4.0000 tried=5 sep_labels=15 clique_frac=0.02
t=39703ms iter=947 REBUILD reject new_tc=22.3273 (was 21.7256)
t=39724ms iter=947 incumb=21.7256 ratchet=21.9998 best=21.7116 since_improve=787
t=39726ms iter=948 WAIST cost=19.0000 best_alt=15.0000 gap=4.0000 tried=5 sep_labels=15 clique_frac=0.02
t=39745ms iter=948 REBUILD reject new_tc=22.2534 (was 21.7256)
t=39765ms iter=948 incumb=21.7256 ratchet=21.9046 best=21.7116 since_improve=788
t=39767ms iter=949 WAIST cost=19.0000 best_alt=15.0000 gap=4.0000 tried=5 sep_labels=15 clique_frac=0.02
t=39786ms iter=949 REBUILD reject new_tc=22.3517 (was 21.7256)
t=39806ms iter=949 incumb=21.7256 ratchet=21.8199 best=21.7116 since_improve=789
t=39808ms iter=950 WAIST cost=19.0000 best_alt=15.0000 gap=4.0000 tried=5 sep_labels=15 clique_frac=0.02
t=39827ms iter=950 REBUILD reject new_tc=21.9374 (was 21.7256)
t=39847ms iter=950 incumb=21.7256 ratchet=21.8936 best=21.7116 since_improve=790
t=39849ms iter=951 WAIST cost=19.0000 best_alt=15.0000 gap=4.0000 tried=5 sep_labels=15 clique_frac=0.02
t=39868ms iter=951 REBUILD reject new_tc=21.9173 (was 21.7256)
t=39889ms iter=951 incumb=21.7256 ratchet=21.8079 best=21.7116 since_improve=791
t=39891ms iter=952 WAIST cost=19.0000 best_alt=15.0000 gap=4.0000 tried=5 sep_labels=15 clique_frac=0.02
t=39910ms iter=952 REBUILD reject new_tc=21.8721 (was 21.7256)
t=39931ms iter=952 incumb=21.7256 ratchet=21.7950 best=21.7116 since_improve=792
t=39932ms iter=953 WAIST cost=19.0000 best_alt=15.0000 gap=4.0000 tried=5 sep_labels=15 clique_frac=0.02
t=39952ms iter=953 REBUILD reject new_tc=21.8807 (was 21.7256)
t=39972ms iter=953 incumb=21.7256 ratchet=21.8603 best=21.7116 since_improve=793
t=39974ms iter=954 WAIST cost=19.0000 best_alt=15.0000 gap=4.0000 tried=5 sep_labels=15 clique_frac=0.02
t=39993ms iter=954 REBUILD reject new_tc=21.8181 (was 21.7256)
t=40014ms iter=954 incumb=21.7256 ratchet=21.7421 best=21.7116 since_improve=794
t=40015ms iter=955 WAIST cost=19.0000 best_alt=15.0000 gap=4.0000 tried=5 sep_labels=15 clique_frac=0.02
t=40035ms iter=955 REBUILD reject new_tc=21.8179 (was 21.7256)
t=40056ms iter=955 incumb=21.7256 ratchet=21.8383 best=21.7116 since_improve=795
t=40057ms iter=956 WAIST cost=19.0000 best_alt=15.0000 gap=4.0000 tried=5 sep_labels=15 clique_frac=0.02
t=40076ms iter=956 REBUILD reject new_tc=21.9841 (was 21.7256)
t=40098ms iter=956 incumb=21.7256 ratchet=21.8583 best=21.7116 since_improve=796
t=40099ms iter=957 WAIST cost=19.0000 best_alt=15.0000 gap=4.0000 tried=5 sep_labels=15 clique_frac=0.02
t=40118ms iter=957 REBUILD reject new_tc=21.8716 (was 21.7256)
t=40140ms iter=957 incumb=21.7256 ratchet=21.7398 best=21.7116 since_improve=797
t=40141ms iter=958 WAIST cost=19.0000 best_alt=15.0000 gap=4.0000 tried=5 sep_labels=15 clique_frac=0.02
t=40160ms iter=958 REBUILD reject new_tc=22.4034 (was 21.7256)
t=40181ms iter=958 incumb=21.7256 ratchet=21.7450 best=21.7116 since_improve=798
t=40183ms iter=959 WAIST cost=19.0000 best_alt=15.0000 gap=4.0000 tried=5 sep_labels=15 clique_frac=0.02
t=40202ms iter=959 REBUILD reject new_tc=21.8559 (was 21.7256)
t=40223ms iter=959 incumb=21.7256 ratchet=21.7539 best=21.7116 since_improve=799
t=40224ms iter=960 WAIST cost=19.0000 best_alt=15.0000 gap=4.0000 tried=5 sep_labels=15 clique_frac=0.02
t=40244ms iter=960 REBUILD reject new_tc=21.8676 (was 21.7256)
t=40265ms iter=960 incumb=21.7256 ratchet=21.7581 best=21.7116 since_improve=800
t=40266ms iter=961 WAIST cost=19.0000 best_alt=15.0000 gap=4.0000 tried=5 sep_labels=15 clique_frac=0.02
t=40285ms iter=961 REBUILD reject new_tc=21.8342 (was 21.7256)
t=40306ms iter=961 incumb=21.7256 ratchet=21.8583 best=21.7116 since_improve=801
t=40307ms iter=962 WAIST cost=19.0000 best_alt=15.0000 gap=4.0000 tried=5 sep_labels=15 clique_frac=0.02
t=40326ms iter=962 REBUILD reject new_tc=22.2827 (was 21.7256)
t=40347ms iter=962 incumb=21.7256 ratchet=21.8308 best=21.7116 since_improve=802
t=40349ms iter=963 WAIST cost=19.0000 best_alt=15.0000 gap=4.0000 tried=5 sep_labels=15 clique_frac=0.02
t=40368ms iter=963 REBUILD reject new_tc=21.8189 (was 21.7256)
t=40389ms iter=963 incumb=21.7256 ratchet=21.8707 best=21.7116 since_improve=803
t=40390ms iter=964 WAIST cost=19.0000 best_alt=15.0000 gap=4.0000 tried=5 sep_labels=15 clique_frac=0.02
t=40409ms iter=964 REBUILD reject new_tc=21.8791 (was 21.7256)
t=40430ms iter=964 incumb=21.7256 ratchet=21.8456 best=21.7116 since_improve=804
t=40432ms iter=965 WAIST cost=19.0000 best_alt=15.0000 gap=4.0000 tried=5 sep_labels=15 clique_frac=0.02
t=40451ms iter=965 REBUILD reject new_tc=22.1548 (was 21.7256)
t=40471ms iter=965 incumb=21.7256 ratchet=21.7821 best=21.7116 since_improve=805
t=40473ms iter=966 WAIST cost=19.0000 best_alt=15.0000 gap=4.0000 tried=5 sep_labels=15 clique_frac=0.02
t=40492ms iter=966 REBUILD reject new_tc=22.1246 (was 21.7256)
t=40515ms iter=966 incumb=21.7256 ratchet=21.8290 best=21.7116 since_improve=806
t=40517ms iter=967 WAIST cost=19.0000 best_alt=15.0000 gap=4.0000 tried=5 sep_labels=15 clique_frac=0.02
t=40536ms iter=967 REBUILD reject new_tc=21.9801 (was 21.7256)
t=40557ms iter=967 incumb=21.7256 ratchet=21.8450 best=21.7116 since_improve=807
t=40558ms iter=968 WAIST cost=19.0000 best_alt=15.0000 gap=4.0000 tried=5 sep_labels=15 clique_frac=0.02
t=40577ms iter=968 REBUILD reject new_tc=21.9071 (was 21.7256)
t=40598ms iter=968 incumb=21.7256 ratchet=21.7648 best=21.7116 since_improve=808
t=40600ms iter=969 WAIST cost=19.0000 best_alt=15.0000 gap=4.0000 tried=5 sep_labels=15 clique_frac=0.02
t=40619ms iter=969 REBUILD reject new_tc=22.3333 (was 21.7256)
t=40640ms iter=969 incumb=21.7256 ratchet=21.7550 best=21.7116 since_improve=809
t=40641ms iter=970 WAIST cost=19.0000 best_alt=15.0000 gap=4.0000 tried=5 sep_labels=15 clique_frac=0.02
t=40660ms iter=970 REBUILD reject new_tc=21.8689 (was 21.7256)
t=40681ms iter=970 incumb=21.7256 ratchet=21.7566 best=21.7116 since_improve=810
t=40683ms iter=971 WAIST cost=19.0000 best_alt=15.0000 gap=4.0000 tried=5 sep_labels=15 clique_frac=0.02
t=40701ms iter=971 REBUILD reject new_tc=22.0312 (was 21.7256)
t=40722ms iter=971 incumb=21.7256 ratchet=21.8661 best=21.7116 since_improve=811
t=40723ms iter=972 WAIST cost=19.0000 best_alt=15.0000 gap=4.0000 tried=5 sep_labels=15 clique_frac=0.02
t=40743ms iter=972 REBUILD reject new_tc=21.9095 (was 21.7256)
t=40763ms iter=972 incumb=21.7256 ratchet=21.7544 best=21.7116 since_improve=812
t=40765ms iter=973 WAIST cost=19.0000 best_alt=15.0000 gap=4.0000 tried=5 sep_labels=15 clique_frac=0.02
t=40784ms iter=973 REBUILD reject new_tc=21.9167 (was 21.7256)
t=40805ms iter=973 incumb=21.7256 ratchet=21.9519 best=21.7116 since_improve=813
t=40806ms iter=974 WAIST cost=19.0000 best_alt=15.0000 gap=4.0000 tried=5 sep_labels=15 clique_frac=0.02
t=40825ms iter=974 REBUILD reject new_tc=22.4105 (was 21.7256)
t=40846ms iter=974 incumb=21.7256 ratchet=21.7534 best=21.7116 since_improve=814
t=40848ms iter=975 WAIST cost=19.0000 best_alt=15.0000 gap=4.0000 tried=5 sep_labels=15 clique_frac=0.02
t=40867ms iter=975 REBUILD reject new_tc=22.1293 (was 21.7256)
t=40888ms iter=975 incumb=21.7256 ratchet=21.8908 best=21.7116 since_improve=815
t=40890ms iter=976 WAIST cost=19.0000 best_alt=15.0000 gap=4.0000 tried=5 sep_labels=15 clique_frac=0.02
t=40909ms iter=976 REBUILD reject new_tc=21.8807 (was 21.7256)
t=40930ms iter=976 incumb=21.7256 ratchet=21.7546 best=21.7116 since_improve=816
t=40931ms iter=977 WAIST cost=19.0000 best_alt=15.0000 gap=4.0000 tried=5 sep_labels=15 clique_frac=0.02
t=40950ms iter=977 REBUILD reject new_tc=22.2198 (was 21.7256)
t=40971ms iter=977 incumb=21.7256 ratchet=21.8440 best=21.7116 since_improve=817
t=40973ms iter=978 WAIST cost=19.0000 best_alt=15.0000 gap=4.0000 tried=5 sep_labels=15 clique_frac=0.02
t=40992ms iter=978 REBUILD reject new_tc=21.8168 (was 21.7256)
t=41013ms iter=978 incumb=21.7256 ratchet=21.7674 best=21.7116 since_improve=818
t=41014ms iter=979 WAIST cost=19.0000 best_alt=15.0000 gap=4.0000 tried=5 sep_labels=15 clique_frac=0.02
t=41034ms iter=979 REBUILD reject new_tc=21.8179 (was 21.7256)
t=41054ms iter=979 incumb=21.7256 ratchet=21.8072 best=21.7116 since_improve=819
t=41056ms iter=980 WAIST cost=19.0000 best_alt=15.0000 gap=4.0000 tried=5 sep_labels=15 clique_frac=0.02
t=41075ms iter=980 REBUILD reject new_tc=22.0525 (was 21.7256)
t=41095ms iter=980 incumb=21.7256 ratchet=21.8419 best=21.7116 since_improve=820
t=41097ms iter=981 WAIST cost=19.0000 best_alt=15.0000 gap=4.0000 tried=5 sep_labels=15 clique_frac=0.02
t=41116ms iter=981 REBUILD reject new_tc=21.9377 (was 21.7256)
t=41137ms iter=981 incumb=21.7256 ratchet=21.7593 best=21.7116 since_improve=821
t=41139ms iter=982 WAIST cost=19.0000 best_alt=15.0000 gap=4.0000 tried=5 sep_labels=15 clique_frac=0.02
t=41158ms iter=982 REBUILD reject new_tc=22.0089 (was 21.7256)
t=41179ms iter=982 incumb=21.7256 ratchet=21.8940 best=21.7116 since_improve=822
t=41181ms iter=983 WAIST cost=19.0000 best_alt=15.0000 gap=4.0000 tried=5 sep_labels=15 clique_frac=0.02
t=41200ms iter=983 REBUILD reject new_tc=21.8205 (was 21.7256)
t=41221ms iter=983 incumb=21.7256 ratchet=21.9324 best=21.7116 since_improve=823
t=41222ms iter=984 WAIST cost=19.0000 best_alt=15.0000 gap=4.0000 tried=5 sep_labels=15 clique_frac=0.02
t=41242ms iter=984 REBUILD reject new_tc=21.9611 (was 21.7256)
t=41263ms iter=984 incumb=21.7256 ratchet=22.0098 best=21.7116 since_improve=824
t=41264ms iter=985 WAIST cost=19.0000 best_alt=15.0000 gap=4.0000 tried=5 sep_labels=15 clique_frac=0.02
t=41284ms iter=985 REBUILD reject new_tc=21.7792 (was 21.7256)
t=41305ms iter=985 incumb=21.7256 ratchet=21.9669 best=21.7116 since_improve=825
t=41306ms iter=986 WAIST cost=19.0000 best_alt=15.0000 gap=4.0000 tried=5 sep_labels=15 clique_frac=0.02
t=41326ms iter=986 REBUILD reject new_tc=22.2709 (was 21.7256)
t=41346ms iter=986 incumb=21.7256 ratchet=21.8774 best=21.7116 since_improve=826
t=41348ms iter=987 WAIST cost=19.0000 best_alt=15.0000 gap=4.0000 tried=5 sep_labels=15 clique_frac=0.02
t=41367ms iter=987 REBUILD reject new_tc=22.2539 (was 21.7256)
t=41388ms iter=987 incumb=21.7256 ratchet=21.7949 best=21.7116 since_improve=827
t=41389ms iter=988 WAIST cost=19.0000 best_alt=15.0000 gap=4.0000 tried=5 sep_labels=15 clique_frac=0.02
t=41408ms iter=988 REBUILD reject new_tc=21.8182 (was 21.7256)
t=41428ms iter=988 incumb=21.7256 ratchet=22.0003 best=21.7116 since_improve=828
t=41430ms iter=989 WAIST cost=19.0000 best_alt=15.0000 gap=4.0000 tried=5 sep_labels=15 clique_frac=0.02
t=41449ms iter=989 REBUILD reject new_tc=22.1291 (was 21.7256)
t=41470ms iter=989 incumb=21.7256 ratchet=21.8174 best=21.7116 since_improve=829
t=41471ms iter=990 WAIST cost=19.0000 best_alt=15.0000 gap=4.0000 tried=5 sep_labels=15 clique_frac=0.02
t=41490ms iter=990 REBUILD reject new_tc=21.7990 (was 21.7256)
t=41513ms iter=990 incumb=21.7256 ratchet=21.7259 best=21.7116 since_improve=830
t=41514ms iter=991 WAIST cost=19.0000 best_alt=15.0000 gap=4.0000 tried=5 sep_labels=15 clique_frac=0.02
t=41533ms iter=991 REBUILD reject new_tc=21.9397 (was 21.7256)
t=41554ms iter=991 incumb=21.7256 ratchet=21.7814 best=21.7116 since_improve=831
t=41555ms iter=992 WAIST cost=19.0000 best_alt=15.0000 gap=4.0000 tried=5 sep_labels=15 clique_frac=0.02
t=41575ms iter=992 REBUILD reject new_tc=21.8193 (was 21.7256)
t=41597ms iter=992 incumb=21.7256 ratchet=21.8079 best=21.7116 since_improve=832
t=41599ms iter=993 WAIST cost=19.0000 best_alt=15.0000 gap=4.0000 tried=5 sep_labels=15 clique_frac=0.02
t=41618ms iter=993 REBUILD reject new_tc=21.8704 (was 21.7256)
t=41638ms iter=993 incumb=21.7256 ratchet=21.9186 best=21.7116 since_improve=833
t=41640ms iter=994 WAIST cost=19.0000 best_alt=15.0000 gap=4.0000 tried=5 sep_labels=15 clique_frac=0.02
t=41659ms iter=994 REBUILD reject new_tc=21.8216 (was 21.7256)
t=41680ms iter=994 incumb=21.7256 ratchet=21.7522 best=21.7116 since_improve=834
t=41681ms iter=995 WAIST cost=19.0000 best_alt=15.0000 gap=4.0000 tried=5 sep_labels=15 clique_frac=0.02
t=41701ms iter=995 REBUILD reject new_tc=21.8185 (was 21.7256)
t=41722ms iter=995 incumb=21.7256 ratchet=21.7800 best=21.7116 since_improve=835
t=41723ms iter=996 WAIST cost=19.0000 best_alt=15.0000 gap=4.0000 tried=5 sep_labels=15 clique_frac=0.02
t=41742ms iter=996 REBUILD reject new_tc=21.8329 (was 21.7256)
t=41763ms iter=996 incumb=21.7256 ratchet=21.7498 best=21.7116 since_improve=836
t=41765ms iter=997 WAIST cost=19.0000 best_alt=15.0000 gap=4.0000 tried=5 sep_labels=15 clique_frac=0.02
t=41784ms iter=997 REBUILD reject new_tc=22.1901 (was 21.7256)
t=41805ms iter=997 incumb=21.7256 ratchet=21.8191 best=21.7116 since_improve=837
t=41806ms iter=998 WAIST cost=19.0000 best_alt=15.0000 gap=4.0000 tried=5 sep_labels=15 clique_frac=0.02
t=41825ms iter=998 REBUILD reject new_tc=22.2920 (was 21.7256)
t=41846ms iter=998 incumb=21.7256 ratchet=21.7524 best=21.7116 since_improve=838
t=41848ms iter=999 WAIST cost=19.0000 best_alt=15.0000 gap=4.0000 tried=5 sep_labels=15 clique_frac=0.02
t=41867ms iter=999 REBUILD reject new_tc=21.8316 (was 21.7256)
t=41889ms iter=999 incumb=21.7256 ratchet=21.7511 best=21.7116 since_improve=839
t=41890ms iter=1000 WAIST cost=19.0000 best_alt=15.0000 gap=4.0000 tried=5 sep_labels=15 clique_frac=0.02
t=41909ms iter=1000 REBUILD reject new_tc=21.9625 (was 21.7256)
t=41930ms iter=1000 incumb=21.7256 ratchet=21.7679 best=21.7116 since_improve=840
t=41932ms iter=1001 WAIST cost=19.0000 best_alt=15.0000 gap=4.0000 tried=5 sep_labels=15 clique_frac=0.02
t=41951ms iter=1001 REBUILD reject new_tc=22.1856 (was 21.7256)
t=41972ms iter=1001 incumb=21.7256 ratchet=21.9070 best=21.7116 since_improve=841
t=41973ms iter=1002 WAIST cost=19.0000 best_alt=15.0000 gap=4.0000 tried=5 sep_labels=15 clique_frac=0.02
t=41993ms iter=1002 REBUILD reject new_tc=21.9536 (was 21.7256)
t=42013ms iter=1002 incumb=21.7256 ratchet=21.8587 best=21.7116 since_improve=842
t=42015ms iter=1003 WAIST cost=19.0000 best_alt=15.0000 gap=4.0000 tried=5 sep_labels=15 clique_frac=0.02
t=42034ms iter=1003 REBUILD reject new_tc=22.1773 (was 21.7256)
t=42054ms iter=1003 incumb=21.7256 ratchet=21.8316 best=21.7116 since_improve=843
t=42056ms iter=1004 WAIST cost=19.0000 best_alt=15.0000 gap=4.0000 tried=5 sep_labels=15 clique_frac=0.02
t=42075ms iter=1004 REBUILD reject new_tc=21.8193 (was 21.7256)
t=42096ms iter=1004 incumb=21.7256 ratchet=21.8850 best=21.7116 since_improve=844
t=42097ms iter=1005 WAIST cost=19.0000 best_alt=15.0000 gap=4.0000 tried=5 sep_labels=15 clique_frac=0.02
t=42116ms iter=1005 REBUILD reject new_tc=22.1198 (was 21.7256)
t=42137ms iter=1005 incumb=21.7256 ratchet=21.8944 best=21.7116 since_improve=845
t=42139ms iter=1006 WAIST cost=19.0000 best_alt=15.0000 gap=4.0000 tried=5 sep_labels=15 clique_frac=0.02
t=42158ms iter=1006 REBUILD reject new_tc=22.1791 (was 21.7256)
t=42179ms iter=1006 incumb=21.7256 ratchet=21.8385 best=21.7116 since_improve=846
t=42181ms iter=1007 WAIST cost=19.0000 best_alt=15.0000 gap=4.0000 tried=5 sep_labels=15 clique_frac=0.02
t=42200ms iter=1007 REBUILD reject new_tc=21.8180 (was 21.7256)
t=42221ms iter=1007 incumb=21.7256 ratchet=21.7265 best=21.7116 since_improve=847
t=42222ms iter=1008 WAIST cost=19.0000 best_alt=15.0000 gap=4.0000 tried=5 sep_labels=15 clique_frac=0.02
t=42241ms iter=1008 REBUILD reject new_tc=22.0479 (was 21.7256)
t=42262ms iter=1008 incumb=21.7256 ratchet=21.7661 best=21.7116 since_improve=848
t=42264ms iter=1009 WAIST cost=19.0000 best_alt=15.0000 gap=4.0000 tried=5 sep_labels=15 clique_frac=0.02
t=42284ms iter=1009 REBUILD reject new_tc=21.8565 (was 21.7256)
t=42305ms iter=1009 incumb=21.7256 ratchet=21.7561 best=21.7116 since_improve=849
t=42306ms iter=1010 WAIST cost=19.0000 best_alt=15.0000 gap=4.0000 tried=5 sep_labels=15 clique_frac=0.02
t=42325ms iter=1010 REBUILD reject new_tc=21.9040 (was 21.7256)
t=42346ms iter=1010 incumb=21.7256 ratchet=21.8707 best=21.7116 since_improve=850
t=42348ms iter=1011 WAIST cost=19.0000 best_alt=15.0000 gap=4.0000 tried=5 sep_labels=15 clique_frac=0.02
t=42367ms iter=1011 REBUILD reject new_tc=22.2815 (was 21.7256)
t=42388ms iter=1011 incumb=21.7256 ratchet=21.8737 best=21.7116 since_improve=851
t=42389ms iter=1012 WAIST cost=19.0000 best_alt=15.0000 gap=4.0000 tried=5 sep_labels=15 clique_frac=0.02
t=42408ms iter=1012 REBUILD reject new_tc=22.1803 (was 21.7256)
t=42429ms iter=1012 incumb=21.7256 ratchet=21.8043 best=21.7116 since_improve=852
t=42431ms iter=1013 WAIST cost=19.0000 best_alt=15.0000 gap=4.0000 tried=5 sep_labels=15 clique_frac=0.02
t=42450ms iter=1013 REBUILD reject new_tc=21.7807 (was 21.7256)
t=42471ms iter=1013 incumb=21.7256 ratchet=21.7520 best=21.7116 since_improve=853
t=42472ms iter=1014 WAIST cost=19.0000 best_alt=15.0000 gap=4.0000 tried=5 sep_labels=15 clique_frac=0.02
t=42491ms iter=1014 REBUILD reject new_tc=21.9847 (was 21.7256)
t=42512ms iter=1014 incumb=21.7256 ratchet=21.8442 best=21.7116 since_improve=854
t=42513ms iter=1015 WAIST cost=19.0000 best_alt=15.0000 gap=4.0000 tried=5 sep_labels=15 clique_frac=0.02
t=42532ms iter=1015 REBUILD reject new_tc=22.2534 (was 21.7256)
t=42552ms iter=1015 incumb=21.7256 ratchet=21.8464 best=21.7116 since_improve=855
t=42554ms iter=1016 WAIST cost=19.0000 best_alt=15.0000 gap=4.0000 tried=5 sep_labels=15 clique_frac=0.02
t=42573ms iter=1016 REBUILD reject new_tc=21.8784 (was 21.7256)
t=42593ms iter=1016 incumb=21.7256 ratchet=21.8583 best=21.7116 since_improve=856
t=42595ms iter=1017 WAIST cost=19.0000 best_alt=15.0000 gap=4.0000 tried=5 sep_labels=15 clique_frac=0.02
t=42614ms iter=1017 REBUILD reject new_tc=22.1198 (was 21.7256)
t=42635ms iter=1017 incumb=21.7256 ratchet=21.7519 best=21.7116 since_improve=857
t=42636ms iter=1018 WAIST cost=19.0000 best_alt=15.0000 gap=4.0000 tried=5 sep_labels=15 clique_frac=0.02
t=42655ms iter=1018 REBUILD reject new_tc=22.1487 (was 21.7256)
t=42676ms iter=1018 incumb=21.7256 ratchet=21.7392 best=21.7116 since_improve=858
t=42678ms iter=1019 WAIST cost=19.0000 best_alt=15.0000 gap=4.0000 tried=5 sep_labels=15 clique_frac=0.02
t=42697ms iter=1019 REBUILD reject new_tc=22.1864 (was 21.7256)
t=42718ms iter=1019 incumb=21.7256 ratchet=21.8177 best=21.7116 since_improve=859
t=42719ms iter=1020 WAIST cost=19.0000 best_alt=15.0000 gap=4.0000 tried=5 sep_labels=15 clique_frac=0.02
t=42738ms iter=1020 REBUILD reject new_tc=21.8683 (was 21.7256)
t=42759ms iter=1020 incumb=21.7256 ratchet=21.8935 best=21.7116 since_improve=860
t=42760ms iter=1021 WAIST cost=19.0000 best_alt=15.0000 gap=4.0000 tried=5 sep_labels=15 clique_frac=0.02
t=42780ms iter=1021 REBUILD reject new_tc=22.1794 (was 21.7256)
t=42800ms iter=1021 incumb=21.7256 ratchet=21.8234 best=21.7116 since_improve=861
t=42802ms iter=1022 WAIST cost=19.0000 best_alt=15.0000 gap=4.0000 tried=5 sep_labels=15 clique_frac=0.02
t=42821ms iter=1022 REBUILD reject new_tc=21.9999 (was 21.7256)
t=42842ms iter=1022 incumb=21.7256 ratchet=21.9197 best=21.7116 since_improve=862
t=42844ms iter=1023 WAIST cost=19.0000 best_alt=15.0000 gap=4.0000 tried=5 sep_labels=15 clique_frac=0.02
t=42863ms iter=1023 REBUILD reject new_tc=22.3338 (was 21.7256)
t=42884ms iter=1023 incumb=21.7256 ratchet=21.8622 best=21.7116 since_improve=863
t=42885ms iter=1024 WAIST cost=19.0000 best_alt=15.0000 gap=4.0000 tried=5 sep_labels=15 clique_frac=0.02
t=42904ms iter=1024 REBUILD reject new_tc=21.8683 (was 21.7256)
t=42926ms iter=1024 incumb=21.7256 ratchet=21.8076 best=21.7116 since_improve=864
t=42928ms iter=1025 WAIST cost=19.0000 best_alt=15.0000 gap=4.0000 tried=5 sep_labels=15 clique_frac=0.02
t=42947ms iter=1025 REBUILD reject new_tc=22.1240 (was 21.7256)
t=42968ms iter=1025 incumb=21.7256 ratchet=21.7563 best=21.7116 since_improve=865
t=42969ms iter=1026 WAIST cost=19.0000 best_alt=15.0000 gap=4.0000 tried=5 sep_labels=15 clique_frac=0.02
t=42989ms iter=1026 REBUILD reject new_tc=21.8190 (was 21.7256)
t=43010ms iter=1026 incumb=21.7256 ratchet=21.8058 best=21.7116 since_improve=866
t=43011ms iter=1027 WAIST cost=19.0000 best_alt=15.0000 gap=4.0000 tried=5 sep_labels=15 clique_frac=0.02
t=43031ms iter=1027 REBUILD reject new_tc=21.8663 (was 21.7256)
t=43051ms iter=1027 incumb=21.7256 ratchet=21.8463 best=21.7116 since_improve=867
t=43053ms iter=1028 WAIST cost=19.0000 best_alt=15.0000 gap=4.0000 tried=5 sep_labels=15 clique_frac=0.02
t=43072ms iter=1028 REBUILD reject new_tc=22.0394 (was 21.7256)
t=43093ms iter=1028 incumb=21.7256 ratchet=21.8927 best=21.7116 since_improve=868
t=43094ms iter=1029 WAIST cost=19.0000 best_alt=15.0000 gap=4.0000 tried=5 sep_labels=15 clique_frac=0.02
t=43113ms iter=1029 REBUILD reject new_tc=21.8856 (was 21.7256)
t=43135ms iter=1029 incumb=21.7256 ratchet=21.7523 best=21.7116 since_improve=869
t=43136ms iter=1030 WAIST cost=19.0000 best_alt=15.0000 gap=4.0000 tried=5 sep_labels=15 clique_frac=0.02
t=43156ms iter=1030 REBUILD reject new_tc=21.9054 (was 21.7256)
t=43177ms iter=1030 incumb=21.7256 ratchet=21.8690 best=21.7116 since_improve=870
t=43178ms iter=1031 WAIST cost=19.0000 best_alt=15.0000 gap=4.0000 tried=5 sep_labels=15 clique_frac=0.02
t=43197ms iter=1031 REBUILD reject new_tc=21.9863 (was 21.7256)
t=43218ms iter=1031 incumb=21.7256 ratchet=21.8071 best=21.7116 since_improve=871
t=43220ms iter=1032 WAIST cost=19.0000 best_alt=15.0000 gap=4.0000 tried=5 sep_labels=15 clique_frac=0.02
t=43239ms iter=1032 REBUILD reject new_tc=21.8304 (was 21.7256)
t=43260ms iter=1032 incumb=21.7256 ratchet=21.8225 best=21.7116 since_improve=872
t=43261ms iter=1033 WAIST cost=19.0000 best_alt=15.0000 gap=4.0000 tried=5 sep_labels=15 clique_frac=0.02
t=43280ms iter=1033 REBUILD reject new_tc=21.8011 (was 21.7256)
t=43301ms iter=1033 incumb=21.7256 ratchet=21.8084 best=21.7116 since_improve=873
t=43302ms iter=1034 WAIST cost=19.0000 best_alt=15.0000 gap=4.0000 tried=5 sep_labels=15 clique_frac=0.02
t=43321ms iter=1034 REBUILD reject new_tc=21.8180 (was 21.7256)
t=43342ms iter=1034 incumb=21.7256 ratchet=21.9449 best=21.7116 since_improve=874
t=43344ms iter=1035 WAIST cost=19.0000 best_alt=15.0000 gap=4.0000 tried=5 sep_labels=15 clique_frac=0.02
t=43363ms iter=1035 REBUILD reject new_tc=22.3160 (was 21.7256)
t=43384ms iter=1035 incumb=21.7256 ratchet=21.8684 best=21.7116 since_improve=875
t=43386ms iter=1036 WAIST cost=19.0000 best_alt=15.0000 gap=4.0000 tried=5 sep_labels=15 clique_frac=0.02
t=43405ms iter=1036 REBUILD reject new_tc=21.8990 (was 21.7256)
t=43426ms iter=1036 incumb=21.7256 ratchet=21.7416 best=21.7116 since_improve=876
t=43428ms iter=1037 WAIST cost=19.0000 best_alt=15.0000 gap=4.0000 tried=5 sep_labels=15 clique_frac=0.02
t=43447ms iter=1037 REBUILD reject new_tc=22.0735 (was 21.7256)
t=43468ms iter=1037 incumb=21.7256 ratchet=21.8810 best=21.7116 since_improve=877
t=43469ms iter=1038 WAIST cost=19.0000 best_alt=15.0000 gap=4.0000 tried=5 sep_labels=15 clique_frac=0.02
t=43488ms iter=1038 REBUILD reject new_tc=22.3106 (was 21.7256)
t=43509ms iter=1038 incumb=21.7256 ratchet=21.8131 best=21.7116 since_improve=878
t=43511ms iter=1039 WAIST cost=19.0000 best_alt=15.0000 gap=4.0000 tried=5 sep_labels=15 clique_frac=0.02
t=43530ms iter=1039 REBUILD reject new_tc=21.8257 (was 21.7256)
t=43551ms iter=1039 incumb=21.7256 ratchet=21.8345 best=21.7116 since_improve=879
t=43553ms iter=1040 WAIST cost=19.0000 best_alt=15.0000 gap=4.0000 tried=5 sep_labels=15 clique_frac=0.02
t=43572ms iter=1040 REBUILD reject new_tc=21.8200 (was 21.7256)
t=43593ms iter=1040 incumb=21.7256 ratchet=21.7438 best=21.7116 since_improve=880
t=43595ms iter=1041 WAIST cost=19.0000 best_alt=15.0000 gap=4.0000 tried=5 sep_labels=15 clique_frac=0.02
t=43614ms iter=1041 REBUILD reject new_tc=21.8710 (was 21.7256)
t=43635ms iter=1041 incumb=21.7256 ratchet=21.8197 best=21.7116 since_improve=881
t=43637ms iter=1042 WAIST cost=19.0000 best_alt=15.0000 gap=4.0000 tried=5 sep_labels=15 clique_frac=0.02
t=43656ms iter=1042 REBUILD reject new_tc=22.2826 (was 21.7256)
t=43677ms iter=1042 incumb=21.7256 ratchet=21.9545 best=21.7116 since_improve=882
t=43678ms iter=1043 WAIST cost=19.0000 best_alt=15.0000 gap=4.0000 tried=5 sep_labels=15 clique_frac=0.02
t=43697ms iter=1043 REBUILD reject new_tc=22.1806 (was 21.7256)
t=43717ms iter=1043 incumb=21.7256 ratchet=22.0128 best=21.7116 since_improve=883
t=43719ms iter=1044 WAIST cost=19.0000 best_alt=15.0000 gap=4.0000 tried=5 sep_labels=15 clique_frac=0.02
t=43738ms iter=1044 REBUILD reject new_tc=21.8713 (was 21.7256)
t=43758ms iter=1044 incumb=21.7256 ratchet=21.9025 best=21.7116 since_improve=884
t=43760ms iter=1045 WAIST cost=19.0000 best_alt=15.0000 gap=4.0000 tried=5 sep_labels=15 clique_frac=0.02
t=43779ms iter=1045 REBUILD reject new_tc=21.8186 (was 21.7256)
t=43800ms iter=1045 incumb=21.7256 ratchet=22.0886 best=21.7116 since_improve=885
t=43801ms iter=1046 WAIST cost=19.0000 best_alt=15.0000 gap=4.0000 tried=5 sep_labels=15 clique_frac=0.02
t=43821ms iter=1046 REBUILD reject new_tc=21.8197 (was 21.7256)
t=43842ms iter=1046 incumb=21.7256 ratchet=21.8843 best=21.7116 since_improve=886
t=43843ms iter=1047 WAIST cost=19.0000 best_alt=15.0000 gap=4.0000 tried=5 sep_labels=15 clique_frac=0.02
t=43862ms iter=1047 REBUILD reject new_tc=21.8671 (was 21.7256)
t=43883ms iter=1047 incumb=21.7256 ratchet=21.8076 best=21.7116 since_improve=887
t=43884ms iter=1048 WAIST cost=19.0000 best_alt=15.0000 gap=4.0000 tried=5 sep_labels=15 clique_frac=0.02
t=43904ms iter=1048 REBUILD reject new_tc=21.9652 (was 21.7256)
t=43934ms iter=1048 incumb=21.7256 ratchet=21.8195 best=21.7111 since_improve=888
t=43936ms iter=1049 WAIST cost=19.0000 best_alt=15.0000 gap=4.0000 tried=5 sep_labels=15 clique_frac=0.02
t=43955ms iter=1049 REBUILD reject new_tc=21.8595 (was 21.7256)
t=43975ms iter=1049 incumb=21.7256 ratchet=21.9762 best=21.7111 since_improve=889
t=43977ms iter=1050 WAIST cost=19.0000 best_alt=15.0000 gap=4.0000 tried=5 sep_labels=15 clique_frac=0.02
t=43996ms iter=1050 REBUILD reject new_tc=22.1799 (was 21.7256)
t=44017ms iter=1050 incumb=21.7256 ratchet=21.7799 best=21.7111 since_improve=890
t=44018ms iter=1051 WAIST cost=19.0000 best_alt=15.0000 gap=4.0000 tried=5 sep_labels=15 clique_frac=0.02
t=44037ms iter=1051 REBUILD reject new_tc=22.1301 (was 21.7256)
t=44058ms iter=1051 incumb=21.7256 ratchet=21.8211 best=21.7111 since_improve=891
t=44060ms iter=1052 WAIST cost=19.0000 best_alt=15.0000 gap=4.0000 tried=5 sep_labels=15 clique_frac=0.02
t=44079ms iter=1052 REBUILD reject new_tc=21.9571 (was 21.7256)
t=44100ms iter=1052 incumb=21.7256 ratchet=21.8952 best=21.7111 since_improve=892
t=44101ms iter=1053 WAIST cost=19.0000 best_alt=15.0000 gap=4.0000 tried=5 sep_labels=15 clique_frac=0.02
t=44120ms iter=1053 REBUILD reject new_tc=21.8194 (was 21.7256)
t=44141ms iter=1053 incumb=21.7256 ratchet=21.7970 best=21.7111 since_improve=893
t=44143ms iter=1054 WAIST cost=19.0000 best_alt=15.0000 gap=4.0000 tried=5 sep_labels=15 clique_frac=0.02
t=44162ms iter=1054 REBUILD reject new_tc=21.8682 (was 21.7256)
t=44183ms iter=1054 incumb=21.7256 ratchet=21.8209 best=21.7111 since_improve=894
t=44184ms iter=1055 WAIST cost=19.0000 best_alt=15.0000 gap=4.0000 tried=5 sep_labels=15 clique_frac=0.02
t=44203ms iter=1055 REBUILD reject new_tc=21.8184 (was 21.7256)
t=44225ms iter=1055 incumb=21.7256 ratchet=21.9861 best=21.7111 since_improve=895
t=44226ms iter=1056 WAIST cost=19.0000 best_alt=15.0000 gap=4.0000 tried=5 sep_labels=15 clique_frac=0.02
t=44245ms iter=1056 REBUILD reject new_tc=21.8893 (was 21.7256)
t=44266ms iter=1056 incumb=21.7256 ratchet=21.7423 best=21.7111 since_improve=896
t=44268ms iter=1057 WAIST cost=19.0000 best_alt=15.0000 gap=4.0000 tried=5 sep_labels=15 clique_frac=0.02
t=44287ms iter=1057 REBUILD reject new_tc=22.0532 (was 21.7256)
t=44308ms iter=1057 incumb=21.7256 ratchet=21.8945 best=21.7111 since_improve=897
t=44309ms iter=1058 WAIST cost=19.0000 best_alt=15.0000 gap=4.0000 tried=5 sep_labels=15 clique_frac=0.02
t=44330ms iter=1058 REBUILD reject new_tc=21.8349 (was 21.7256)
t=44351ms iter=1058 incumb=21.7256 ratchet=21.8862 best=21.7111 since_improve=898
t=44353ms iter=1059 WAIST cost=19.0000 best_alt=15.0000 gap=4.0000 tried=5 sep_labels=15 clique_frac=0.02
t=44372ms iter=1059 REBUILD reject new_tc=22.0544 (was 21.7256)
t=44393ms iter=1059 incumb=21.7256 ratchet=21.8827 best=21.7111 since_improve=899
t=44394ms iter=1060 WAIST cost=19.0000 best_alt=15.0000 gap=4.0000 tried=5 sep_labels=15 clique_frac=0.02
t=44413ms iter=1060 REBUILD reject new_tc=21.8186 (was 21.7256)
t=44434ms iter=1060 incumb=21.7256 ratchet=21.7749 best=21.7111 since_improve=900
t=44435ms iter=1061 WAIST cost=19.0000 best_alt=15.0000 gap=4.0000 tried=5 sep_labels=15 clique_frac=0.02
t=44454ms iter=1061 REBUILD reject new_tc=21.9474 (was 21.7256)
t=44475ms iter=1061 incumb=21.7256 ratchet=21.7651 best=21.7111 since_improve=901
t=44477ms iter=1062 WAIST cost=19.0000 best_alt=15.0000 gap=4.0000 tried=5 sep_labels=15 clique_frac=0.02
t=44496ms iter=1062 REBUILD reject new_tc=21.8197 (was 21.7256)
t=44516ms iter=1062 incumb=21.7256 ratchet=21.8557 best=21.7111 since_improve=902
t=44518ms iter=1063 WAIST cost=19.0000 best_alt=15.0000 gap=4.0000 tried=5 sep_labels=15 clique_frac=0.02
t=44537ms iter=1063 REBUILD reject new_tc=21.9170 (was 21.7256)
t=44558ms iter=1063 incumb=21.7256 ratchet=21.9001 best=21.7111 since_improve=903
t=44559ms iter=1064 WAIST cost=19.0000 best_alt=15.0000 gap=4.0000 tried=5 sep_labels=15 clique_frac=0.02
t=44578ms iter=1064 REBUILD reject new_tc=22.2823 (was 21.7256)
t=44599ms iter=1064 incumb=21.7256 ratchet=21.8071 best=21.7111 since_improve=904
t=44600ms iter=1065 WAIST cost=19.0000 best_alt=15.0000 gap=4.0000 tried=5 sep_labels=15 clique_frac=0.02
t=44620ms iter=1065 REBUILD reject new_tc=22.1539 (was 21.7256)
t=44640ms iter=1065 incumb=21.7256 ratchet=21.7668 best=21.7111 since_improve=905
t=44642ms iter=1066 WAIST cost=19.0000 best_alt=15.0000 gap=4.0000 tried=5 sep_labels=15 clique_frac=0.02
t=44661ms iter=1066 REBUILD reject new_tc=22.1491 (was 21.7256)
t=44681ms iter=1066 incumb=21.7256 ratchet=21.8322 best=21.7111 since_improve=906
t=44683ms iter=1067 WAIST cost=19.0000 best_alt=15.0000 gap=4.0000 tried=5 sep_labels=15 clique_frac=0.02
t=44702ms iter=1067 REBUILD reject new_tc=22.0371 (was 21.7256)
t=44723ms iter=1067 incumb=21.7256 ratchet=21.8429 best=21.7111 since_improve=907
t=44724ms iter=1068 WAIST cost=19.0000 best_alt=15.0000 gap=4.0000 tried=5 sep_labels=15 clique_frac=0.02
t=44743ms iter=1068 REBUILD reject new_tc=22.1043 (was 21.7256)
t=44764ms iter=1068 incumb=21.7256 ratchet=21.8685 best=21.7111 since_improve=908
t=44765ms iter=1069 WAIST cost=19.0000 best_alt=15.0000 gap=4.0000 tried=5 sep_labels=15 clique_frac=0.02
t=44784ms iter=1069 REBUILD reject new_tc=22.3423 (was 21.7256)
t=44805ms iter=1069 incumb=21.7256 ratchet=21.7413 best=21.7111 since_improve=909
t=44807ms iter=1070 WAIST cost=19.0000 best_alt=15.0000 gap=4.0000 tried=5 sep_labels=15 clique_frac=0.02
t=44826ms iter=1070 REBUILD reject new_tc=22.2826 (was 21.7256)
t=44847ms iter=1070 incumb=21.7256 ratchet=21.8941 best=21.7111 since_improve=910
t=44848ms iter=1071 WAIST cost=19.0000 best_alt=15.0000 gap=4.0000 tried=5 sep_labels=15 clique_frac=0.02
t=44867ms iter=1071 REBUILD reject new_tc=21.9192 (was 21.7256)
t=44888ms iter=1071 incumb=21.7256 ratchet=21.8598 best=21.7111 since_improve=911
t=44890ms iter=1072 WAIST cost=19.0000 best_alt=15.0000 gap=4.0000 tried=5 sep_labels=15 clique_frac=0.02
t=44909ms iter=1072 REBUILD reject new_tc=22.3723 (was 21.7256)
t=44930ms iter=1072 incumb=21.7256 ratchet=21.8630 best=21.7111 since_improve=912
t=44931ms iter=1073 WAIST cost=19.0000 best_alt=15.0000 gap=4.0000 tried=5 sep_labels=15 clique_frac=0.02
t=44951ms iter=1073 REBUILD reject new_tc=21.8294 (was 21.7256)
t=44971ms iter=1073 incumb=21.7256 ratchet=21.9463 best=21.7111 since_improve=913
t=44973ms iter=1074 WAIST cost=19.0000 best_alt=15.0000 gap=4.0000 tried=5 sep_labels=15 clique_frac=0.02
t=44992ms iter=1074 REBUILD reject new_tc=22.0489 (was 21.7256)
t=45013ms iter=1074 incumb=21.7256 ratchet=21.7988 best=21.7111 since_improve=914
t=45015ms iter=1075 WAIST cost=19.0000 best_alt=15.0000 gap=4.0000 tried=5 sep_labels=15 clique_frac=0.02
t=45034ms iter=1075 REBUILD reject new_tc=21.8170 (was 21.7256)
t=45055ms iter=1075 incumb=21.7256 ratchet=21.7663 best=21.7111 since_improve=915
t=45056ms iter=1076 WAIST cost=19.0000 best_alt=15.0000 gap=4.0000 tried=5 sep_labels=15 clique_frac=0.02
t=45076ms iter=1076 REBUILD reject new_tc=22.3373 (was 21.7256)
t=45097ms iter=1076 incumb=21.7256 ratchet=21.8484 best=21.7111 since_improve=916
t=45098ms iter=1077 WAIST cost=19.0000 best_alt=15.0000 gap=4.0000 tried=5 sep_labels=15 clique_frac=0.02
t=45117ms iter=1077 REBUILD reject new_tc=21.8582 (was 21.7256)
t=45138ms iter=1077 incumb=21.7256 ratchet=21.8197 best=21.7111 since_improve=917
t=45140ms iter=1078 WAIST cost=19.0000 best_alt=15.0000 gap=4.0000 tried=5 sep_labels=15 clique_frac=0.02
t=45159ms iter=1078 REBUILD reject new_tc=21.8246 (was 21.7256)
t=45179ms iter=1078 incumb=21.7256 ratchet=21.8408 best=21.7111 since_improve=918
t=45181ms iter=1079 WAIST cost=19.0000 best_alt=15.0000 gap=4.0000 tried=5 sep_labels=15 clique_frac=0.02
t=45200ms iter=1079 REBUILD reject new_tc=22.3553 (was 21.7256)
t=45221ms iter=1079 incumb=21.7256 ratchet=21.8782 best=21.7111 since_improve=919
t=45223ms iter=1080 WAIST cost=19.0000 best_alt=15.0000 gap=4.0000 tried=5 sep_labels=15 clique_frac=0.02
t=45242ms iter=1080 REBUILD reject new_tc=22.3249 (was 21.7256)
t=45262ms iter=1080 incumb=21.7256 ratchet=21.9323 best=21.7111 since_improve=920
t=45264ms iter=1081 WAIST cost=19.0000 best_alt=15.0000 gap=4.0000 tried=5 sep_labels=15 clique_frac=0.02
t=45283ms iter=1081 REBUILD reject new_tc=21.8186 (was 21.7256)
t=45304ms iter=1081 incumb=21.7256 ratchet=21.8953 best=21.7111 since_improve=921
t=45305ms iter=1082 WAIST cost=19.0000 best_alt=15.0000 gap=4.0000 tried=5 sep_labels=15 clique_frac=0.02
t=45324ms iter=1082 REBUILD reject new_tc=22.0813 (was 21.7256)
t=45345ms iter=1082 incumb=21.7256 ratchet=22.0312 best=21.7111 since_improve=922
t=45346ms iter=1083 WAIST cost=19.0000 best_alt=15.0000 gap=4.0000 tried=5 sep_labels=15 clique_frac=0.02
t=45365ms iter=1083 REBUILD reject new_tc=21.8178 (was 21.7256)
t=45386ms iter=1083 incumb=21.7256 ratchet=21.8933 best=21.7111 since_improve=923
t=45388ms iter=1084 WAIST cost=19.0000 best_alt=15.0000 gap=4.0000 tried=5 sep_labels=15 clique_frac=0.02
t=45407ms iter=1084 REBUILD reject new_tc=22.2543 (was 21.7256)
t=45428ms iter=1084 incumb=21.7256 ratchet=21.8565 best=21.7111 since_improve=924
t=45429ms iter=1085 WAIST cost=19.0000 best_alt=15.0000 gap=4.0000 tried=5 sep_labels=15 clique_frac=0.02
t=45449ms iter=1085 REBUILD reject new_tc=21.8604 (was 21.7256)
t=45469ms iter=1085 incumb=21.7256 ratchet=21.8945 best=21.7111 since_improve=925
t=45471ms iter=1086 WAIST cost=19.0000 best_alt=15.0000 gap=4.0000 tried=5 sep_labels=15 clique_frac=0.02
t=45490ms iter=1086 REBUILD reject new_tc=21.8808 (was 21.7256)
t=45511ms iter=1086 incumb=21.7256 ratchet=21.8139 best=21.7111 since_improve=926
t=45512ms iter=1087 WAIST cost=19.0000 best_alt=15.0000 gap=4.0000 tried=5 sep_labels=15 clique_frac=0.02
t=45531ms iter=1087 REBUILD reject new_tc=21.8178 (was 21.7256)
t=45552ms iter=1087 incumb=21.7256 ratchet=21.7295 best=21.7111 since_improve=927
t=45554ms iter=1088 WAIST cost=19.0000 best_alt=15.0000 gap=4.0000 tried=5 sep_labels=15 clique_frac=0.02
t=45573ms iter=1088 REBUILD reject new_tc=22.3334 (was 21.7256)
t=45594ms iter=1088 incumb=21.7256 ratchet=21.9501 best=21.7111 since_improve=928
t=45595ms iter=1089 WAIST cost=19.0000 best_alt=15.0000 gap=4.0000 tried=5 sep_labels=15 clique_frac=0.02
t=45614ms iter=1089 REBUILD reject new_tc=22.3633 (was 21.7256)
t=45636ms iter=1089 incumb=21.7256 ratchet=21.7539 best=21.7111 since_improve=929
t=45637ms iter=1090 WAIST cost=19.0000 best_alt=15.0000 gap=4.0000 tried=5 sep_labels=15 clique_frac=0.02
t=45656ms iter=1090 REBUILD reject new_tc=22.1796 (was 21.7256)
t=45677ms iter=1090 incumb=21.7256 ratchet=21.8486 best=21.7111 since_improve=930
t=45678ms iter=1091 WAIST cost=19.0000 best_alt=15.0000 gap=4.0000 tried=5 sep_labels=15 clique_frac=0.02
t=45697ms iter=1091 REBUILD reject new_tc=21.8776 (was 21.7256)
t=45718ms iter=1091 incumb=21.7256 ratchet=21.7955 best=21.7111 since_improve=931
t=45719ms iter=1092 WAIST cost=19.0000 best_alt=15.0000 gap=4.0000 tried=5 sep_labels=15 clique_frac=0.02
t=45738ms iter=1092 REBUILD reject new_tc=21.8699 (was 21.7256)
t=45759ms iter=1092 incumb=21.7256 ratchet=21.7625 best=21.7111 since_improve=932
t=45760ms iter=1093 WAIST cost=19.0000 best_alt=15.0000 gap=4.0000 tried=5 sep_labels=15 clique_frac=0.02
t=45779ms iter=1093 REBUILD reject new_tc=22.1946 (was 21.7256)
t=45800ms iter=1093 incumb=21.7256 ratchet=21.8473 best=21.7111 since_improve=933
t=45802ms iter=1094 WAIST cost=19.0000 best_alt=15.0000 gap=4.0000 tried=5 sep_labels=15 clique_frac=0.02
t=45821ms iter=1094 REBUILD reject new_tc=21.8430 (was 21.7256)
t=45842ms iter=1094 incumb=21.7256 ratchet=22.0949 best=21.7111 since_improve=934
t=45843ms iter=1095 WAIST cost=19.0000 best_alt=15.0000 gap=4.0000 tried=5 sep_labels=15 clique_frac=0.02
t=45863ms iter=1095 REBUILD reject new_tc=21.8200 (was 21.7256)
t=45883ms iter=1095 incumb=21.7256 ratchet=21.7530 best=21.7111 since_improve=935
t=45885ms iter=1096 WAIST cost=19.0000 best_alt=15.0000 gap=4.0000 tried=5 sep_labels=15 clique_frac=0.02
t=45904ms iter=1096 REBUILD reject new_tc=21.8323 (was 21.7256)
t=45925ms iter=1096 incumb=21.7256 ratchet=21.7441 best=21.7111 since_improve=936
t=45927ms iter=1097 WAIST cost=19.0000 best_alt=15.0000 gap=4.0000 tried=5 sep_labels=15 clique_frac=0.02
t=45946ms iter=1097 REBUILD reject new_tc=22.1699 (was 21.7256)
t=45967ms iter=1097 incumb=21.7256 ratchet=21.8124 best=21.7111 since_improve=937
t=45968ms iter=1098 WAIST cost=19.0000 best_alt=15.0000 gap=4.0000 tried=5 sep_labels=15 clique_frac=0.02
t=45987ms iter=1098 REBUILD reject new_tc=21.8174 (was 21.7256)
t=46009ms iter=1098 incumb=21.7256 ratchet=21.8457 best=21.7111 since_improve=938
t=46010ms iter=1099 WAIST cost=19.0000 best_alt=15.0000 gap=4.0000 tried=5 sep_labels=15 clique_frac=0.02
t=46029ms iter=1099 REBUILD reject new_tc=21.8601 (was 21.7256)
t=46051ms iter=1099 incumb=21.7256 ratchet=21.7684 best=21.7111 since_improve=939
t=46052ms iter=1100 WAIST cost=19.0000 best_alt=15.0000 gap=4.0000 tried=5 sep_labels=15 clique_frac=0.02
t=46071ms iter=1100 REBUILD reject new_tc=22.0816 (was 21.7256)
t=46092ms iter=1100 incumb=21.7256 ratchet=21.8443 best=21.7111 since_improve=940
t=46093ms iter=1101 WAIST cost=19.0000 best_alt=15.0000 gap=4.0000 tried=5 sep_labels=15 clique_frac=0.02
t=46112ms iter=1101 REBUILD reject new_tc=21.8274 (was 21.7256)
t=46133ms iter=1101 incumb=21.7256 ratchet=21.7959 best=21.7111 since_improve=941
t=46135ms iter=1102 WAIST cost=19.0000 best_alt=15.0000 gap=4.0000 tried=5 sep_labels=15 clique_frac=0.02
t=46154ms iter=1102 REBUILD reject new_tc=21.7808 (was 21.7256)
t=46175ms iter=1102 incumb=21.7256 ratchet=21.7650 best=21.7111 since_improve=942
t=46176ms iter=1103 WAIST cost=19.0000 best_alt=15.0000 gap=4.0000 tried=5 sep_labels=15 clique_frac=0.02
t=46196ms iter=1103 REBUILD reject new_tc=22.1229 (was 21.7256)
t=46216ms iter=1103 incumb=21.7256 ratchet=21.8422 best=21.7111 since_improve=943
t=46218ms iter=1104 WAIST cost=19.0000 best_alt=15.0000 gap=4.0000 tried=5 sep_labels=15 clique_frac=0.02
t=46237ms iter=1104 REBUILD reject new_tc=21.8943 (was 21.7256)
t=46258ms iter=1104 incumb=21.7256 ratchet=21.8673 best=21.7111 since_improve=944
t=46259ms iter=1105 WAIST cost=19.0000 best_alt=15.0000 gap=4.0000 tried=5 sep_labels=15 clique_frac=0.02
t=46278ms iter=1105 REBUILD reject new_tc=22.1793 (was 21.7256)
t=46299ms iter=1105 incumb=21.7256 ratchet=21.7911 best=21.7111 since_improve=945
t=46301ms iter=1106 WAIST cost=19.0000 best_alt=15.0000 gap=4.0000 tried=5 sep_labels=15 clique_frac=0.02
t=46320ms iter=1106 REBUILD reject new_tc=21.8250 (was 21.7256)
t=46341ms iter=1106 incumb=21.7256 ratchet=21.7940 best=21.7111 since_improve=946
t=46342ms iter=1107 WAIST cost=19.0000 best_alt=15.0000 gap=4.0000 tried=5 sep_labels=15 clique_frac=0.02
t=46361ms iter=1107 REBUILD reject new_tc=22.3179 (was 21.7256)
t=46382ms iter=1107 incumb=21.7256 ratchet=21.9311 best=21.7111 since_improve=947
t=46384ms iter=1108 WAIST cost=19.0000 best_alt=15.0000 gap=4.0000 tried=5 sep_labels=15 clique_frac=0.02
t=46403ms iter=1108 REBUILD reject new_tc=21.8388 (was 21.7256)
t=46424ms iter=1108 incumb=21.7256 ratchet=22.0219 best=21.7111 since_improve=948
t=46425ms iter=1109 WAIST cost=19.0000 best_alt=15.0000 gap=4.0000 tried=5 sep_labels=15 clique_frac=0.02
t=46445ms iter=1109 REBUILD reject new_tc=22.2993 (was 21.7256)
t=46465ms iter=1109 incumb=21.7256 ratchet=21.8799 best=21.7111 since_improve=949
t=46467ms iter=1110 WAIST cost=19.0000 best_alt=15.0000 gap=4.0000 tried=5 sep_labels=15 clique_frac=0.02
t=46486ms iter=1110 REBUILD reject new_tc=21.9116 (was 21.7256)
t=46507ms iter=1110 incumb=21.7256 ratchet=21.8609 best=21.7111 since_improve=950
t=46509ms iter=1111 WAIST cost=19.0000 best_alt=15.0000 gap=4.0000 tried=5 sep_labels=15 clique_frac=0.02
t=46528ms iter=1111 REBUILD reject new_tc=22.1608 (was 21.7256)
t=46549ms iter=1111 incumb=21.7256 ratchet=21.9707 best=21.7111 since_improve=951
t=46550ms iter=1112 WAIST cost=19.0000 best_alt=15.0000 gap=4.0000 tried=5 sep_labels=15 clique_frac=0.02
t=46570ms iter=1112 REBUILD reject new_tc=21.8301 (was 21.7256)
t=46591ms iter=1112 incumb=21.7256 ratchet=22.0894 best=21.7111 since_improve=952
t=46592ms iter=1113 WAIST cost=19.0000 best_alt=15.0000 gap=4.0000 tried=5 sep_labels=15 clique_frac=0.02
t=46611ms iter=1113 REBUILD reject new_tc=21.8213 (was 21.7256)
t=46632ms iter=1113 incumb=21.7256 ratchet=21.9066 best=21.7111 since_improve=953
t=46634ms iter=1114 WAIST cost=19.0000 best_alt=15.0000 gap=4.0000 tried=5 sep_labels=15 clique_frac=0.02
t=46653ms iter=1114 REBUILD reject new_tc=21.9041 (was 21.7256)
t=46674ms iter=1114 incumb=21.7256 ratchet=21.7804 best=21.7111 since_improve=954
t=46675ms iter=1115 WAIST cost=19.0000 best_alt=15.0000 gap=4.0000 tried=5 sep_labels=15 clique_frac=0.02
t=46694ms iter=1115 REBUILD reject new_tc=22.2367 (was 21.7256)
t=46715ms iter=1115 incumb=21.7256 ratchet=21.8501 best=21.7111 since_improve=955
t=46717ms iter=1116 WAIST cost=19.0000 best_alt=15.0000 gap=4.0000 tried=5 sep_labels=15 clique_frac=0.02
t=46736ms iter=1116 REBUILD reject new_tc=21.8568 (was 21.7256)
t=46757ms iter=1116 incumb=21.7256 ratchet=21.8201 best=21.7111 since_improve=956
t=46759ms iter=1117 WAIST cost=19.0000 best_alt=15.0000 gap=4.0000 tried=5 sep_labels=15 clique_frac=0.02
t=46778ms iter=1117 REBUILD reject new_tc=22.0716 (was 21.7256)
t=46799ms iter=1117 incumb=21.7256 ratchet=21.7555 best=21.7111 since_improve=957
t=46800ms iter=1118 WAIST cost=19.0000 best_alt=15.0000 gap=4.0000 tried=5 sep_labels=15 clique_frac=0.02
t=46819ms iter=1118 REBUILD reject new_tc=21.7795 (was 21.7256)
t=46840ms iter=1118 incumb=21.7256 ratchet=21.8452 best=21.7111 since_improve=958
t=46842ms iter=1119 WAIST cost=19.0000 best_alt=15.0000 gap=4.0000 tried=5 sep_labels=15 clique_frac=0.02
t=46861ms iter=1119 REBUILD reject new_tc=22.0357 (was 21.7256)
t=46882ms iter=1119 incumb=21.7256 ratchet=21.7374 best=21.7111 since_improve=959
t=46883ms iter=1120 WAIST cost=19.0000 best_alt=15.0000 gap=4.0000 tried=5 sep_labels=15 clique_frac=0.02
t=46903ms iter=1120 REBUILD reject new_tc=21.8189 (was 21.7256)
t=46924ms iter=1120 incumb=21.7256 ratchet=21.8919 best=21.7111 since_improve=960
t=46925ms iter=1121 WAIST cost=19.0000 best_alt=15.0000 gap=4.0000 tried=5 sep_labels=15 clique_frac=0.02
t=46944ms iter=1121 REBUILD reject new_tc=21.8172 (was 21.7256)
t=46966ms iter=1121 incumb=21.7256 ratchet=22.0951 best=21.7111 since_improve=961
t=46967ms iter=1122 WAIST cost=19.0000 best_alt=15.0000 gap=4.0000 tried=5 sep_labels=15 clique_frac=0.02
t=46986ms iter=1122 REBUILD reject new_tc=21.8222 (was 21.7256)
t=47007ms iter=1122 incumb=21.7256 ratchet=21.7426 best=21.7111 since_improve=962
t=47009ms iter=1123 WAIST cost=19.0000 best_alt=15.0000 gap=4.0000 tried=5 sep_labels=15 clique_frac=0.02
t=47028ms iter=1123 REBUILD reject new_tc=21.8174 (was 21.7256)
t=47049ms iter=1123 incumb=21.7256 ratchet=21.7406 best=21.7111 since_improve=963
t=47050ms iter=1124 WAIST cost=19.0000 best_alt=15.0000 gap=4.0000 tried=5 sep_labels=15 clique_frac=0.02
t=47070ms iter=1124 REBUILD reject new_tc=21.8243 (was 21.7256)
t=47091ms iter=1124 incumb=21.7256 ratchet=21.9000 best=21.7111 since_improve=964
t=47092ms iter=1125 WAIST cost=19.0000 best_alt=15.0000 gap=4.0000 tried=5 sep_labels=15 clique_frac=0.02
t=47111ms iter=1125 REBUILD reject new_tc=22.1779 (was 21.7256)
t=47133ms iter=1125 incumb=21.7256 ratchet=22.1711 best=21.7111 since_improve=965
t=47134ms iter=1126 WAIST cost=19.0000 best_alt=15.0000 gap=4.0000 tried=5 sep_labels=15 clique_frac=0.02
t=47153ms iter=1126 REBUILD reject new_tc=21.9961 (was 21.7256)
t=47174ms iter=1126 incumb=21.7256 ratchet=21.8834 best=21.7111 since_improve=966
t=47176ms iter=1127 WAIST cost=19.0000 best_alt=15.0000 gap=4.0000 tried=5 sep_labels=15 clique_frac=0.02
t=47195ms iter=1127 REBUILD reject new_tc=22.4121 (was 21.7256)
t=47215ms iter=1127 incumb=21.7256 ratchet=22.0919 best=21.7111 since_improve=967
t=47217ms iter=1128 WAIST cost=19.0000 best_alt=15.0000 gap=4.0000 tried=5 sep_labels=15 clique_frac=0.02
t=47236ms iter=1128 REBUILD reject new_tc=21.8680 (was 21.7256)
t=47257ms iter=1128 incumb=21.7256 ratchet=21.9421 best=21.7111 since_improve=968
t=47259ms iter=1129 WAIST cost=19.0000 best_alt=15.0000 gap=4.0000 tried=5 sep_labels=15 clique_frac=0.02
t=47278ms iter=1129 REBUILD reject new_tc=21.9183 (was 21.7256)
t=47298ms iter=1129 incumb=21.7256 ratchet=21.9331 best=21.7111 since_improve=969
t=47300ms iter=1130 WAIST cost=19.0000 best_alt=15.0000 gap=4.0000 tried=5 sep_labels=15 clique_frac=0.02
t=47319ms iter=1130 REBUILD reject new_tc=22.3391 (was 21.7256)
t=47340ms iter=1130 incumb=21.7256 ratchet=21.9645 best=21.7111 since_improve=970
t=47341ms iter=1131 WAIST cost=19.0000 best_alt=15.0000 gap=4.0000 tried=5 sep_labels=15 clique_frac=0.02
t=47360ms iter=1131 REBUILD reject new_tc=21.8054 (was 21.7256)
t=47381ms iter=1131 incumb=21.7256 ratchet=21.8579 best=21.7111 since_improve=971
t=47383ms iter=1132 WAIST cost=19.0000 best_alt=15.0000 gap=4.0000 tried=5 sep_labels=15 clique_frac=0.02
t=47402ms iter=1132 REBUILD reject new_tc=21.9374 (was 21.7256)
t=47423ms iter=1132 incumb=21.7256 ratchet=21.8093 best=21.7111 since_improve=972
t=47424ms iter=1133 WAIST cost=19.0000 best_alt=15.0000 gap=4.0000 tried=5 sep_labels=15 clique_frac=0.02
t=47444ms iter=1133 REBUILD reject new_tc=21.8557 (was 21.7256)
t=47464ms iter=1133 incumb=21.7256 ratchet=21.7962 best=21.7111 since_improve=973
t=47465ms iter=1134 WAIST cost=19.0000 best_alt=15.0000 gap=4.0000 tried=5 sep_labels=15 clique_frac=0.02
t=47485ms iter=1134 REBUILD reject new_tc=21.7787 (was 21.7256)
t=47506ms iter=1134 incumb=21.7256 ratchet=21.9206 best=21.7111 since_improve=974
t=47507ms iter=1135 WAIST cost=19.0000 best_alt=15.0000 gap=4.0000 tried=5 sep_labels=15 clique_frac=0.02
t=47527ms iter=1135 REBUILD reject new_tc=22.1889 (was 21.7256)
t=47548ms iter=1135 incumb=21.7256 ratchet=21.8693 best=21.7111 since_improve=975
t=47549ms iter=1136 WAIST cost=19.0000 best_alt=15.0000 gap=4.0000 tried=5 sep_labels=15 clique_frac=0.02
t=47569ms iter=1136 REBUILD reject new_tc=21.7789 (was 21.7256)
t=47590ms iter=1136 incumb=21.7256 ratchet=21.8948 best=21.7111 since_improve=976
t=47591ms iter=1137 WAIST cost=19.0000 best_alt=15.0000 gap=4.0000 tried=5 sep_labels=15 clique_frac=0.02
t=47610ms iter=1137 REBUILD reject new_tc=22.1175 (was 21.7256)
t=47631ms iter=1137 incumb=21.7256 ratchet=21.7674 best=21.7111 since_improve=977
t=47633ms iter=1138 WAIST cost=19.0000 best_alt=15.0000 gap=4.0000 tried=5 sep_labels=15 clique_frac=0.02
t=47652ms iter=1138 REBUILD reject new_tc=22.2937 (was 21.7256)
t=47673ms iter=1138 incumb=21.7256 ratchet=21.7541 best=21.7111 since_improve=978
t=47674ms iter=1139 WAIST cost=19.0000 best_alt=15.0000 gap=4.0000 tried=5 sep_labels=15 clique_frac=0.02
t=47693ms iter=1139 REBUILD reject new_tc=22.1790 (was 21.7256)
t=47714ms iter=1139 incumb=21.7256 ratchet=21.7464 best=21.7111 since_improve=979
t=47715ms iter=1140 WAIST cost=19.0000 best_alt=15.0000 gap=4.0000 tried=5 sep_labels=15 clique_frac=0.02
t=47734ms iter=1140 REBUILD reject new_tc=21.8758 (was 21.7256)
t=47755ms iter=1140 incumb=21.7256 ratchet=21.7514 best=21.7111 since_improve=980
t=47757ms iter=1141 WAIST cost=19.0000 best_alt=15.0000 gap=4.0000 tried=5 sep_labels=15 clique_frac=0.02
t=47776ms iter=1141 REBUILD reject new_tc=21.8216 (was 21.7256)
t=47796ms iter=1141 incumb=21.7256 ratchet=21.7635 best=21.7111 since_improve=981
t=47798ms iter=1142 WAIST cost=19.0000 best_alt=15.0000 gap=4.0000 tried=5 sep_labels=15 clique_frac=0.02
t=47817ms iter=1142 REBUILD reject new_tc=21.9022 (was 21.7256)
t=47838ms iter=1142 incumb=21.7256 ratchet=21.7390 best=21.7111 since_improve=982
t=47839ms iter=1143 WAIST cost=19.0000 best_alt=15.0000 gap=4.0000 tried=5 sep_labels=15 clique_frac=0.02
t=47858ms iter=1143 REBUILD reject new_tc=21.8227 (was 21.7256)
t=47879ms iter=1143 incumb=21.7256 ratchet=21.9051 best=21.7111 since_improve=983
t=47880ms iter=1144 WAIST cost=19.0000 best_alt=15.0000 gap=4.0000 tried=5 sep_labels=15 clique_frac=0.02
t=47899ms iter=1144 REBUILD reject new_tc=22.5222 (was 21.7256)
t=47920ms iter=1144 incumb=21.7256 ratchet=21.8928 best=21.7111 since_improve=984
t=47921ms iter=1145 WAIST cost=19.0000 best_alt=15.0000 gap=4.0000 tried=5 sep_labels=15 clique_frac=0.02
t=47940ms iter=1145 REBUILD reject new_tc=21.9078 (was 21.7256)
t=47961ms iter=1145 incumb=21.7256 ratchet=21.7826 best=21.7111 since_improve=985
t=47962ms iter=1146 WAIST cost=19.0000 best_alt=15.0000 gap=4.0000 tried=5 sep_labels=15 clique_frac=0.02
t=47981ms iter=1146 REBUILD reject new_tc=22.2103 (was 21.7256)
t=48001ms iter=1146 incumb=21.7256 ratchet=21.9091 best=21.7111 since_improve=986
t=48003ms iter=1147 WAIST cost=19.0000 best_alt=15.0000 gap=4.0000 tried=5 sep_labels=15 clique_frac=0.02
t=48022ms iter=1147 REBUILD reject new_tc=22.0437 (was 21.7256)
t=48042ms iter=1147 incumb=21.7256 ratchet=21.9783 best=21.7111 since_improve=987
t=48044ms iter=1148 WAIST cost=19.0000 best_alt=15.0000 gap=4.0000 tried=5 sep_labels=15 clique_frac=0.02
t=48063ms iter=1148 REBUILD reject new_tc=22.2538 (was 21.7256)
t=48084ms iter=1148 incumb=21.7256 ratchet=21.7462 best=21.7111 since_improve=988
t=48086ms iter=1149 WAIST cost=19.0000 best_alt=15.0000 gap=4.0000 tried=5 sep_labels=15 clique_frac=0.02
t=48104ms iter=1149 REBUILD reject new_tc=22.1799 (was 21.7256)
t=48125ms iter=1149 incumb=21.7256 ratchet=21.8032 best=21.7111 since_improve=989
t=48127ms iter=1150 WAIST cost=19.0000 best_alt=15.0000 gap=4.0000 tried=5 sep_labels=15 clique_frac=0.02
t=48145ms iter=1150 REBUILD reject new_tc=21.9403 (was 21.7256)
t=48166ms iter=1150 incumb=21.7256 ratchet=21.8233 best=21.7111 since_improve=990
t=48168ms iter=1151 WAIST cost=19.0000 best_alt=15.0000 gap=4.0000 tried=5 sep_labels=15 clique_frac=0.02
t=48187ms iter=1151 REBUILD reject new_tc=22.0402 (was 21.7256)
t=48208ms iter=1151 incumb=21.7256 ratchet=22.0776 best=21.7111 since_improve=991
t=48209ms iter=1152 WAIST cost=19.0000 best_alt=15.0000 gap=4.0000 tried=5 sep_labels=15 clique_frac=0.02
t=48229ms iter=1152 REBUILD reject new_tc=22.4043 (was 21.7256)
t=48250ms iter=1152 incumb=21.7256 ratchet=21.9253 best=21.7111 since_improve=992
t=48251ms iter=1153 WAIST cost=19.0000 best_alt=15.0000 gap=4.0000 tried=5 sep_labels=15 clique_frac=0.02
t=48270ms iter=1153 REBUILD reject new_tc=21.9595 (was 21.7256)
t=48291ms iter=1153 incumb=21.7256 ratchet=21.8805 best=21.7111 since_improve=993
t=48293ms iter=1154 WAIST cost=19.0000 best_alt=15.0000 gap=4.0000 tried=5 sep_labels=15 clique_frac=0.02
t=48312ms iter=1154 REBUILD reject new_tc=22.0089 (was 21.7256)
t=48333ms iter=1154 incumb=21.7256 ratchet=21.7686 best=21.7111 since_improve=994
t=48334ms iter=1155 WAIST cost=19.0000 best_alt=15.0000 gap=4.0000 tried=5 sep_labels=15 clique_frac=0.02
t=48353ms iter=1155 REBUILD reject new_tc=21.8204 (was 21.7256)
t=48374ms iter=1155 incumb=21.7256 ratchet=21.9594 best=21.7111 since_improve=995
t=48376ms iter=1156 WAIST cost=19.0000 best_alt=15.0000 gap=4.0000 tried=5 sep_labels=15 clique_frac=0.02
t=48394ms iter=1156 REBUILD reject new_tc=22.1874 (was 21.7256)
t=48415ms iter=1156 incumb=21.7256 ratchet=21.7536 best=21.7111 since_improve=996
t=48417ms iter=1157 WAIST cost=19.0000 best_alt=15.0000 gap=4.0000 tried=5 sep_labels=15 clique_frac=0.02
t=48436ms iter=1157 REBUILD reject new_tc=22.2086 (was 21.7256)
t=48456ms iter=1157 incumb=21.7256 ratchet=21.7441 best=21.7111 since_improve=997
t=48458ms iter=1158 WAIST cost=19.0000 best_alt=15.0000 gap=4.0000 tried=5 sep_labels=15 clique_frac=0.02
t=48477ms iter=1158 REBUILD reject new_tc=21.8183 (was 21.7256)
t=48497ms iter=1158 incumb=21.7256 ratchet=21.9344 best=21.7111 since_improve=998
t=48499ms iter=1159 WAIST cost=19.0000 best_alt=15.0000 gap=4.0000 tried=5 sep_labels=15 clique_frac=0.02
t=48518ms iter=1159 REBUILD reject new_tc=21.8314 (was 21.7256)
t=48539ms iter=1159 incumb=21.7256 ratchet=22.1120 best=21.7111 since_improve=999
t=48540ms iter=1160 WAIST cost=19.0000 best_alt=15.0000 gap=4.0000 tried=5 sep_labels=15 clique_frac=0.02
t=48559ms iter=1160 REBUILD reject new_tc=22.0829 (was 21.7256)
t=48580ms iter=1160 incumb=21.7256 ratchet=21.7416 best=21.7111 since_improve=1000
t=48582ms iter=1161 WAIST cost=19.0000 best_alt=15.0000 gap=4.0000 tried=5 sep_labels=15 clique_frac=0.02
t=48601ms iter=1161 REBUILD reject new_tc=21.7785 (was 21.7256)
t=48622ms iter=1161 incumb=21.7256 ratchet=21.8303 best=21.7111 since_improve=1001
t=48624ms iter=1162 WAIST cost=19.0000 best_alt=15.0000 gap=4.0000 tried=5 sep_labels=15 clique_frac=0.02
t=48643ms iter=1162 REBUILD reject new_tc=21.8314 (was 21.7256)
t=48664ms iter=1162 incumb=21.7256 ratchet=21.8321 best=21.7111 since_improve=1002
t=48665ms iter=1163 WAIST cost=19.0000 best_alt=15.0000 gap=4.0000 tried=5 sep_labels=15 clique_frac=0.02
t=48684ms iter=1163 REBUILD reject new_tc=22.2554 (was 21.7256)
t=48705ms iter=1163 incumb=21.7256 ratchet=21.7404 best=21.7111 since_improve=1003
t=48706ms iter=1164 WAIST cost=19.0000 best_alt=15.0000 gap=4.0000 tried=5 sep_labels=15 clique_frac=0.02
t=48725ms iter=1164 REBUILD reject new_tc=22.1255 (was 21.7256)
t=48746ms iter=1164 incumb=21.7256 ratchet=21.7305 best=21.7111 since_improve=1004
t=48748ms iter=1165 WAIST cost=19.0000 best_alt=15.0000 gap=4.0000 tried=5 sep_labels=15 clique_frac=0.02
t=48767ms iter=1165 REBUILD reject new_tc=21.9979 (was 21.7256)
t=48788ms iter=1165 incumb=21.7256 ratchet=21.7293 best=21.7111 since_improve=1005
t=48789ms iter=1166 WAIST cost=19.0000 best_alt=15.0000 gap=4.0000 tried=5 sep_labels=15 clique_frac=0.02
t=48809ms iter=1166 REBUILD reject new_tc=21.8294 (was 21.7256)
t=48830ms iter=1166 incumb=21.7256 ratchet=21.7462 best=21.7111 since_improve=1006
t=48831ms iter=1167 WAIST cost=19.0000 best_alt=15.0000 gap=4.0000 tried=5 sep_labels=15 clique_frac=0.02
t=48851ms iter=1167 REBUILD reject new_tc=21.8206 (was 21.7256)
t=48872ms iter=1167 incumb=21.7256 ratchet=21.7582 best=21.7111 since_improve=1007
t=48873ms iter=1168 WAIST cost=19.0000 best_alt=15.0000 gap=4.0000 tried=5 sep_labels=15 clique_frac=0.02
t=48892ms iter=1168 REBUILD reject new_tc=21.8692 (was 21.7256)
t=48913ms iter=1168 incumb=21.7256 ratchet=21.7564 best=21.7111 since_improve=1008
t=48914ms iter=1169 WAIST cost=19.0000 best_alt=15.0000 gap=4.0000 tried=5 sep_labels=15 clique_frac=0.02
t=48933ms iter=1169 REBUILD reject new_tc=22.1787 (was 21.7256)
t=48954ms iter=1169 incumb=21.7256 ratchet=21.9614 best=21.7111 since_improve=1009
t=48955ms iter=1170 WAIST cost=19.0000 best_alt=15.0000 gap=4.0000 tried=5 sep_labels=15 clique_frac=0.02
t=48974ms iter=1170 REBUILD reject new_tc=21.8709 (was 21.7256)
t=48995ms iter=1170 incumb=21.7256 ratchet=21.9073 best=21.7111 since_improve=1010
t=48996ms iter=1171 WAIST cost=19.0000 best_alt=15.0000 gap=4.0000 tried=5 sep_labels=15 clique_frac=0.02
t=49015ms iter=1171 REBUILD reject new_tc=21.8687 (was 21.7256)
t=49036ms iter=1171 incumb=21.7256 ratchet=21.8584 best=21.7111 since_improve=1011
t=49038ms iter=1172 WAIST cost=19.0000 best_alt=15.0000 gap=4.0000 tried=5 sep_labels=15 clique_frac=0.02
t=49057ms iter=1172 REBUILD reject new_tc=21.9550 (was 21.7256)
t=49077ms iter=1172 incumb=21.7256 ratchet=21.8933 best=21.7111 since_improve=1012
t=49079ms iter=1173 WAIST cost=19.0000 best_alt=15.0000 gap=4.0000 tried=5 sep_labels=15 clique_frac=0.02
t=49098ms iter=1173 REBUILD reject new_tc=22.1157 (was 21.7256)
t=49119ms iter=1173 incumb=21.7256 ratchet=21.8449 best=21.7111 since_improve=1013
t=49120ms iter=1174 WAIST cost=19.0000 best_alt=15.0000 gap=4.0000 tried=5 sep_labels=15 clique_frac=0.02
t=49140ms iter=1174 REBUILD reject new_tc=21.8452 (was 21.7256)
t=49161ms iter=1174 incumb=21.7256 ratchet=21.7740 best=21.7111 since_improve=1014
t=49162ms iter=1175 WAIST cost=19.0000 best_alt=15.0000 gap=4.0000 tried=5 sep_labels=15 clique_frac=0.02
t=49181ms iter=1175 REBUILD reject new_tc=21.8304 (was 21.7256)
t=49202ms iter=1175 incumb=21.7256 ratchet=21.7411 best=21.7111 since_improve=1015
t=49203ms iter=1176 WAIST cost=19.0000 best_alt=15.0000 gap=4.0000 tried=5 sep_labels=15 clique_frac=0.02
t=49222ms iter=1176 REBUILD reject new_tc=22.2600 (was 21.7256)
t=49243ms iter=1176 incumb=21.7256 ratchet=21.8582 best=21.7111 since_improve=1016
t=49245ms iter=1177 WAIST cost=19.0000 best_alt=15.0000 gap=4.0000 tried=5 sep_labels=15 clique_frac=0.02
t=49264ms iter=1177 REBUILD reject new_tc=21.8185 (was 21.7256)
t=49285ms iter=1177 incumb=21.7256 ratchet=21.8096 best=21.7111 since_improve=1017
t=49287ms iter=1178 WAIST cost=19.0000 best_alt=15.0000 gap=4.0000 tried=5 sep_labels=15 clique_frac=0.02
t=49316ms iter=1178 REBUILD reject new_tc=22.1941 (was 21.7256)
t=49352ms iter=1178 incumb=21.7256 ratchet=21.8337 best=21.7111 since_improve=1018
t=49355ms iter=1179 WAIST cost=19.0000 best_alt=15.0000 gap=4.0000 tried=5 sep_labels=15 clique_frac=0.02
t=49378ms iter=1179 REBUILD reject new_tc=22.1959 (was 21.7256)
t=49399ms iter=1179 incumb=21.7256 ratchet=22.0857 best=21.7111 since_improve=1019
t=49401ms iter=1180 WAIST cost=19.0000 best_alt=15.0000 gap=4.0000 tried=5 sep_labels=15 clique_frac=0.02
t=49420ms iter=1180 REBUILD reject new_tc=21.7796 (was 21.7256)
t=49442ms iter=1180 incumb=21.7256 ratchet=22.0599 best=21.7111 since_improve=1020
t=49443ms iter=1181 WAIST cost=19.0000 best_alt=15.0000 gap=4.0000 tried=5 sep_labels=15 clique_frac=0.02
t=49462ms iter=1181 REBUILD reject new_tc=21.9159 (was 21.7256)
t=49483ms iter=1181 incumb=21.7256 ratchet=21.9159 best=21.7111 since_improve=1021
t=49484ms iter=1182 WAIST cost=19.0000 best_alt=15.0000 gap=4.0000 tried=5 sep_labels=15 clique_frac=0.02
t=49503ms iter=1182 REBUILD reject new_tc=21.8299 (was 21.7256)
t=49524ms iter=1182 incumb=21.7256 ratchet=21.8868 best=21.7111 since_improve=1022
t=49526ms iter=1183 WAIST cost=19.0000 best_alt=15.0000 gap=4.0000 tried=5 sep_labels=15 clique_frac=0.02
t=49545ms iter=1183 REBUILD reject new_tc=21.9953 (was 21.7256)
t=49566ms iter=1183 incumb=21.7256 ratchet=21.8872 best=21.7111 since_improve=1023
t=49567ms iter=1184 WAIST cost=19.0000 best_alt=15.0000 gap=4.0000 tried=5 sep_labels=15 clique_frac=0.02
t=49586ms iter=1184 REBUILD reject new_tc=22.2711 (was 21.7256)
t=49608ms iter=1184 incumb=21.7256 ratchet=21.7953 best=21.7111 since_improve=1024
t=49609ms iter=1185 WAIST cost=19.0000 best_alt=15.0000 gap=4.0000 tried=5 sep_labels=15 clique_frac=0.02
t=49628ms iter=1185 REBUILD reject new_tc=21.8202 (was 21.7256)
t=49650ms iter=1185 incumb=21.7256 ratchet=21.9194 best=21.7111 since_improve=1025
t=49651ms iter=1186 WAIST cost=19.0000 best_alt=15.0000 gap=4.0000 tried=5 sep_labels=15 clique_frac=0.02
t=49670ms iter=1186 REBUILD reject new_tc=21.9514 (was 21.7256)
t=49691ms iter=1186 incumb=21.7256 ratchet=21.7520 best=21.7111 since_improve=1026
t=49692ms iter=1187 WAIST cost=19.0000 best_alt=15.0000 gap=4.0000 tried=5 sep_labels=15 clique_frac=0.02
t=49711ms iter=1187 REBUILD reject new_tc=21.9522 (was 21.7256)
t=49732ms iter=1187 incumb=21.7256 ratchet=21.7802 best=21.7111 since_improve=1027
t=49734ms iter=1188 WAIST cost=19.0000 best_alt=15.0000 gap=4.0000 tried=5 sep_labels=15 clique_frac=0.02
t=49753ms iter=1188 REBUILD reject new_tc=22.2688 (was 21.7256)
t=49773ms iter=1188 incumb=21.7256 ratchet=21.8839 best=21.7111 since_improve=1028
t=49775ms iter=1189 WAIST cost=19.0000 best_alt=15.0000 gap=4.0000 tried=5 sep_labels=15 clique_frac=0.02
t=49794ms iter=1189 REBUILD reject new_tc=22.1662 (was 21.7256)
t=49814ms iter=1189 incumb=21.7256 ratchet=21.7705 best=21.7111 since_improve=1029
t=49816ms iter=1190 WAIST cost=19.0000 best_alt=15.0000 gap=4.0000 tried=5 sep_labels=15 clique_frac=0.02
t=49835ms iter=1190 REBUILD reject new_tc=21.8693 (was 21.7256)
t=49856ms iter=1190 incumb=21.7256 ratchet=21.8463 best=21.7111 since_improve=1030
t=49857ms iter=1191 WAIST cost=19.0000 best_alt=15.0000 gap=4.0000 tried=5 sep_labels=15 clique_frac=0.02
t=49876ms iter=1191 REBUILD reject new_tc=22.3674 (was 21.7256)
t=49917ms iter=1191 incumb=21.7256 ratchet=21.9087 best=21.7111 since_improve=1031
t=49921ms iter=1192 WAIST cost=19.0000 best_alt=15.0000 gap=4.0000 tried=5 sep_labels=15 clique_frac=0.02
t=49964ms iter=1192 REBUILD reject new_tc=22.1172 (was 21.7256)
t=50004ms iter=1192 incumb=21.7256 ratchet=21.8459 best=21.7111 since_improve=1032
t=50006ms iter=1193 WAIST cost=19.0000 best_alt=15.0000 gap=4.0000 tried=5 sep_labels=15 clique_frac=0.02
t=50024ms iter=1193 REBUILD reject new_tc=21.8195 (was 21.7256)
t=50046ms iter=1193 incumb=21.7256 ratchet=21.7664 best=21.7111 since_improve=1033
t=50047ms iter=1194 WAIST cost=19.0000 best_alt=15.0000 gap=4.0000 tried=5 sep_labels=15 clique_frac=0.02
t=50066ms iter=1194 REBUILD reject new_tc=22.4700 (was 21.7256)
t=50087ms iter=1194 incumb=21.7256 ratchet=22.0473 best=21.7111 since_improve=1034
t=50089ms iter=1195 WAIST cost=19.0000 best_alt=15.0000 gap=4.0000 tried=5 sep_labels=15 clique_frac=0.02
t=50108ms iter=1195 REBUILD reject new_tc=21.8207 (was 21.7256)
t=50128ms iter=1195 incumb=21.7256 ratchet=21.7396 best=21.7111 since_improve=1035
t=50129ms iter=1196 WAIST cost=19.0000 best_alt=15.0000 gap=4.0000 tried=5 sep_labels=15 clique_frac=0.02
t=50148ms iter=1196 REBUILD reject new_tc=22.0403 (was 21.7256)
t=50168ms iter=1196 incumb=21.7256 ratchet=21.8557 best=21.7111 since_improve=1036
t=50170ms iter=1197 WAIST cost=19.0000 best_alt=15.0000 gap=4.0000 tried=5 sep_labels=15 clique_frac=0.02
t=50189ms iter=1197 REBUILD reject new_tc=22.0551 (was 21.7256)
t=50210ms iter=1197 incumb=21.7256 ratchet=21.8423 best=21.7111 since_improve=1037
t=50211ms iter=1198 WAIST cost=19.0000 best_alt=15.0000 gap=4.0000 tried=5 sep_labels=15 clique_frac=0.02
t=50230ms iter=1198 REBUILD reject new_tc=22.3346 (was 21.7256)
t=50251ms iter=1198 incumb=21.7256 ratchet=21.8835 best=21.7111 since_improve=1038
t=50253ms iter=1199 WAIST cost=19.0000 best_alt=15.0000 gap=4.0000 tried=5 sep_labels=15 clique_frac=0.02
t=50272ms iter=1199 REBUILD reject new_tc=21.8673 (was 21.7256)
t=50293ms iter=1199 incumb=21.7256 ratchet=21.8672 best=21.7111 since_improve=1039
t=50294ms iter=1200 WAIST cost=19.0000 best_alt=15.0000 gap=4.0000 tried=5 sep_labels=15 clique_frac=0.02
t=50313ms iter=1200 REBUILD reject new_tc=22.2592 (was 21.7256)
t=50336ms iter=1200 incumb=21.7256 ratchet=21.8936 best=21.7111 since_improve=1040
t=50338ms iter=1201 WAIST cost=19.0000 best_alt=15.0000 gap=4.0000 tried=5 sep_labels=15 clique_frac=0.02
t=50357ms iter=1201 REBUILD reject new_tc=21.8300 (was 21.7256)
t=50379ms iter=1201 incumb=21.7256 ratchet=21.9081 best=21.7111 since_improve=1041
t=50380ms iter=1202 WAIST cost=19.0000 best_alt=15.0000 gap=4.0000 tried=5 sep_labels=15 clique_frac=0.02
t=50399ms iter=1202 REBUILD reject new_tc=21.9752 (was 21.7256)
t=50421ms iter=1202 incumb=21.7256 ratchet=21.8589 best=21.7111 since_improve=1042
t=50422ms iter=1203 WAIST cost=19.0000 best_alt=15.0000 gap=4.0000 tried=5 sep_labels=15 clique_frac=0.02
t=50441ms iter=1203 REBUILD reject new_tc=22.0374 (was 21.7256)
t=50463ms iter=1203 incumb=21.7256 ratchet=21.8883 best=21.7111 since_improve=1043
t=50464ms iter=1204 WAIST cost=19.0000 best_alt=15.0000 gap=4.0000 tried=5 sep_labels=15 clique_frac=0.02
t=50483ms iter=1204 REBUILD reject new_tc=21.9057 (was 21.7256)
t=50504ms iter=1204 incumb=21.7256 ratchet=21.9357 best=21.7111 since_improve=1044
t=50506ms iter=1205 WAIST cost=19.0000 best_alt=15.0000 gap=4.0000 tried=5 sep_labels=15 clique_frac=0.02
t=50525ms iter=1205 REBUILD reject new_tc=21.9894 (was 21.7256)
t=50546ms iter=1205 incumb=21.7256 ratchet=21.8450 best=21.7111 since_improve=1045
t=50548ms iter=1206 WAIST cost=19.0000 best_alt=15.0000 gap=4.0000 tried=5 sep_labels=15 clique_frac=0.02
t=50567ms iter=1206 REBUILD reject new_tc=22.4568 (was 21.7256)
t=50588ms iter=1206 incumb=21.7256 ratchet=21.7766 best=21.7111 since_improve=1046
t=50589ms iter=1207 WAIST cost=19.0000 best_alt=15.0000 gap=4.0000 tried=5 sep_labels=15 clique_frac=0.02
t=50608ms iter=1207 REBUILD reject new_tc=22.0520 (was 21.7256)
t=50629ms iter=1207 incumb=21.7256 ratchet=21.8629 best=21.7111 since_improve=1047
t=50630ms iter=1208 WAIST cost=19.0000 best_alt=15.0000 gap=4.0000 tried=5 sep_labels=15 clique_frac=0.02
t=50650ms iter=1208 REBUILD reject new_tc=22.0387 (was 21.7256)
t=50670ms iter=1208 incumb=21.7256 ratchet=22.1019 best=21.7111 since_improve=1048
t=50672ms iter=1209 WAIST cost=19.0000 best_alt=15.0000 gap=4.0000 tried=5 sep_labels=15 clique_frac=0.02
t=50691ms iter=1209 REBUILD reject new_tc=22.1795 (was 21.7256)
t=50712ms iter=1209 incumb=21.7256 ratchet=21.8139 best=21.7111 since_improve=1049
t=50713ms iter=1210 WAIST cost=19.0000 best_alt=15.0000 gap=4.0000 tried=5 sep_labels=15 clique_frac=0.02
t=50732ms iter=1210 REBUILD reject new_tc=21.8690 (was 21.7256)
t=50753ms iter=1210 incumb=21.7256 ratchet=21.8150 best=21.7111 since_improve=1050
t=50754ms iter=1211 WAIST cost=19.0000 best_alt=15.0000 gap=4.0000 tried=5 sep_labels=15 clique_frac=0.02
t=50773ms iter=1211 REBUILD reject new_tc=21.9863 (was 21.7256)
t=50794ms iter=1211 incumb=21.7256 ratchet=21.7965 best=21.7111 since_improve=1051
t=50795ms iter=1212 WAIST cost=19.0000 best_alt=15.0000 gap=4.0000 tried=5 sep_labels=15 clique_frac=0.02
t=50815ms iter=1212 REBUILD reject new_tc=21.9546 (was 21.7256)
t=50835ms iter=1212 incumb=21.7256 ratchet=21.7872 best=21.7111 since_improve=1052
t=50837ms iter=1213 WAIST cost=19.0000 best_alt=15.0000 gap=4.0000 tried=5 sep_labels=15 clique_frac=0.02
t=50856ms iter=1213 REBUILD reject new_tc=22.0416 (was 21.7256)
t=50877ms iter=1213 incumb=21.7256 ratchet=21.7537 best=21.7111 since_improve=1053
t=50879ms iter=1214 WAIST cost=19.0000 best_alt=15.0000 gap=4.0000 tried=5 sep_labels=15 clique_frac=0.02
t=50899ms iter=1214 REBUILD reject new_tc=21.8677 (was 21.7256)
t=50920ms iter=1214 incumb=21.7256 ratchet=21.7531 best=21.7111 since_improve=1054
t=50921ms iter=1215 WAIST cost=19.0000 best_alt=15.0000 gap=4.0000 tried=5 sep_labels=15 clique_frac=0.02
t=50940ms iter=1215 REBUILD reject new_tc=21.9419 (was 21.7256)
t=50961ms iter=1215 incumb=21.7256 ratchet=21.7810 best=21.7111 since_improve=1055
t=50963ms iter=1216 WAIST cost=19.0000 best_alt=15.0000 gap=4.0000 tried=5 sep_labels=15 clique_frac=0.02
t=50982ms iter=1216 REBUILD reject new_tc=22.2814 (was 21.7256)
t=51003ms iter=1216 incumb=21.7256 ratchet=21.8582 best=21.7111 since_improve=1056
t=51004ms iter=1217 WAIST cost=19.0000 best_alt=15.0000 gap=4.0000 tried=5 sep_labels=15 clique_frac=0.02
t=51024ms iter=1217 REBUILD reject new_tc=22.1531 (was 21.7256)
t=51045ms iter=1217 incumb=21.7256 ratchet=22.0771 best=21.7111 since_improve=1057
t=51046ms iter=1218 WAIST cost=19.0000 best_alt=15.0000 gap=4.0000 tried=5 sep_labels=15 clique_frac=0.02
t=51065ms iter=1218 REBUILD reject new_tc=21.9989 (was 21.7256)
t=51086ms iter=1218 incumb=21.7256 ratchet=21.8974 best=21.7111 since_improve=1058
t=51088ms iter=1219 WAIST cost=19.0000 best_alt=15.0000 gap=4.0000 tried=5 sep_labels=15 clique_frac=0.02
t=51106ms iter=1219 REBUILD reject new_tc=22.0409 (was 21.7256)
t=51127ms iter=1219 incumb=21.7256 ratchet=21.9445 best=21.7111 since_improve=1059
t=51129ms iter=1220 WAIST cost=19.0000 best_alt=15.0000 gap=4.0000 tried=5 sep_labels=15 clique_frac=0.02
t=51148ms iter=1220 REBUILD reject new_tc=21.8669 (was 21.7256)
t=51169ms iter=1220 incumb=21.7256 ratchet=21.7939 best=21.7111 since_improve=1060
t=51171ms iter=1221 WAIST cost=19.0000 best_alt=15.0000 gap=4.0000 tried=5 sep_labels=15 clique_frac=0.02
t=51190ms iter=1221 REBUILD reject new_tc=21.7879 (was 21.7256)
t=51211ms iter=1221 incumb=21.7256 ratchet=21.8962 best=21.7111 since_improve=1061
t=51213ms iter=1222 WAIST cost=19.0000 best_alt=15.0000 gap=4.0000 tried=5 sep_labels=15 clique_frac=0.02
t=51232ms iter=1222 REBUILD reject new_tc=21.8694 (was 21.7256)
t=51253ms iter=1222 incumb=21.7256 ratchet=22.0585 best=21.7111 since_improve=1062
t=51255ms iter=1223 WAIST cost=19.0000 best_alt=15.0000 gap=4.0000 tried=5 sep_labels=15 clique_frac=0.02
t=51274ms iter=1223 REBUILD reject new_tc=21.8684 (was 21.7256)
t=51295ms iter=1223 incumb=21.7256 ratchet=21.7850 best=21.7111 since_improve=1063
t=51296ms iter=1224 WAIST cost=19.0000 best_alt=15.0000 gap=4.0000 tried=5 sep_labels=15 clique_frac=0.02
t=51315ms iter=1224 REBUILD reject new_tc=22.3506 (was 21.7256)
t=51336ms iter=1224 incumb=21.7256 ratchet=21.7529 best=21.7111 since_improve=1064
t=51338ms iter=1225 WAIST cost=19.0000 best_alt=15.0000 gap=4.0000 tried=5 sep_labels=15 clique_frac=0.02
t=51356ms iter=1225 REBUILD reject new_tc=22.5821 (was 21.7256)
t=51377ms iter=1225 incumb=21.7256 ratchet=21.7584 best=21.7111 since_improve=1065
t=51379ms iter=1226 WAIST cost=19.0000 best_alt=15.0000 gap=4.0000 tried=5 sep_labels=15 clique_frac=0.02
t=51398ms iter=1226 REBUILD reject new_tc=21.8796 (was 21.7256)
t=51419ms iter=1226 incumb=21.7256 ratchet=21.7926 best=21.7111 since_improve=1066
t=51420ms iter=1227 WAIST cost=19.0000 best_alt=15.0000 gap=4.0000 tried=5 sep_labels=15 clique_frac=0.02
t=51439ms iter=1227 REBUILD reject new_tc=22.1274 (was 21.7256)
t=51461ms iter=1227 incumb=21.7256 ratchet=21.8587 best=21.7111 since_improve=1067
t=51462ms iter=1228 WAIST cost=19.0000 best_alt=15.0000 gap=4.0000 tried=5 sep_labels=15 clique_frac=0.02
t=51481ms iter=1228 REBUILD reject new_tc=21.8206 (was 21.7256)
t=51502ms iter=1228 incumb=21.7256 ratchet=21.8840 best=21.7111 since_improve=1068
t=51504ms iter=1229 WAIST cost=19.0000 best_alt=15.0000 gap=4.0000 tried=5 sep_labels=15 clique_frac=0.02
t=51523ms iter=1229 REBUILD reject new_tc=22.1149 (was 21.7256)
t=51544ms iter=1229 incumb=21.7256 ratchet=21.7535 best=21.7111 since_improve=1069
t=51545ms iter=1230 WAIST cost=19.0000 best_alt=15.0000 gap=4.0000 tried=5 sep_labels=15 clique_frac=0.02
t=51564ms iter=1230 REBUILD reject new_tc=21.7823 (was 21.7256)
t=51585ms iter=1230 incumb=21.7256 ratchet=21.8322 best=21.7111 since_improve=1070
t=51586ms iter=1231 WAIST cost=19.0000 best_alt=15.0000 gap=4.0000 tried=5 sep_labels=15 clique_frac=0.02
t=51605ms iter=1231 REBUILD reject new_tc=21.8959 (was 21.7256)
t=51626ms iter=1231 incumb=21.7256 ratchet=21.8120 best=21.7111 since_improve=1071
t=51627ms iter=1232 WAIST cost=19.0000 best_alt=15.0000 gap=4.0000 tried=5 sep_labels=15 clique_frac=0.02
t=51647ms iter=1232 REBUILD reject new_tc=21.8407 (was 21.7256)
t=51668ms iter=1232 incumb=21.7256 ratchet=21.8530 best=21.7111 since_improve=1072
t=51669ms iter=1233 WAIST cost=19.0000 best_alt=15.0000 gap=4.0000 tried=5 sep_labels=15 clique_frac=0.02
t=51688ms iter=1233 REBUILD reject new_tc=22.2560 (was 21.7256)
t=51709ms iter=1233 incumb=21.7256 ratchet=21.8124 best=21.7111 since_improve=1073
t=51710ms iter=1234 WAIST cost=19.0000 best_alt=15.0000 gap=4.0000 tried=5 sep_labels=15 clique_frac=0.02
t=51730ms iter=1234 REBUILD reject new_tc=21.8258 (was 21.7256)
t=51750ms iter=1234 incumb=21.7256 ratchet=21.7623 best=21.7111 since_improve=1074
t=51752ms iter=1235 WAIST cost=19.0000 best_alt=15.0000 gap=4.0000 tried=5 sep_labels=15 clique_frac=0.02
t=51771ms iter=1235 REBUILD reject new_tc=21.8683 (was 21.7256)
t=51792ms iter=1235 incumb=21.7256 ratchet=21.7532 best=21.7111 since_improve=1075
t=51793ms iter=1236 WAIST cost=19.0000 best_alt=15.0000 gap=4.0000 tried=5 sep_labels=15 clique_frac=0.02
t=51813ms iter=1236 REBUILD reject new_tc=22.0094 (was 21.7256)
t=51834ms iter=1236 incumb=21.7256 ratchet=21.9795 best=21.7111 since_improve=1076
t=51836ms iter=1237 WAIST cost=19.0000 best_alt=15.0000 gap=4.0000 tried=5 sep_labels=15 clique_frac=0.02
t=51855ms iter=1237 REBUILD reject new_tc=21.8175 (was 21.7256)
t=51876ms iter=1237 incumb=21.7256 ratchet=21.9193 best=21.7111 since_improve=1077
t=51877ms iter=1238 WAIST cost=19.0000 best_alt=15.0000 gap=4.0000 tried=5 sep_labels=15 clique_frac=0.02
t=51897ms iter=1238 REBUILD reject new_tc=22.1188 (was 21.7256)
t=51918ms iter=1238 incumb=21.7256 ratchet=21.8801 best=21.7111 since_improve=1078
t=51919ms iter=1239 WAIST cost=19.0000 best_alt=15.0000 gap=4.0000 tried=5 sep_labels=15 clique_frac=0.02
t=51938ms iter=1239 REBUILD reject new_tc=21.8297 (was 21.7256)
t=51959ms iter=1239 incumb=21.7256 ratchet=21.8162 best=21.7111 since_improve=1079
t=51961ms iter=1240 WAIST cost=19.0000 best_alt=15.0000 gap=4.0000 tried=5 sep_labels=15 clique_frac=0.02
t=51980ms iter=1240 REBUILD reject new_tc=21.8298 (was 21.7256)
t=52001ms iter=1240 incumb=21.7256 ratchet=21.8513 best=21.7111 since_improve=1080
t=52002ms iter=1241 WAIST cost=19.0000 best_alt=15.0000 gap=4.0000 tried=5 sep_labels=15 clique_frac=0.02
t=52021ms iter=1241 REBUILD reject new_tc=21.8795 (was 21.7256)
t=52042ms iter=1241 incumb=21.7256 ratchet=21.7714 best=21.7111 since_improve=1081
t=52044ms iter=1242 WAIST cost=19.0000 best_alt=15.0000 gap=4.0000 tried=5 sep_labels=15 clique_frac=0.02
t=52063ms iter=1242 REBUILD reject new_tc=22.2109 (was 21.7256)
t=52083ms iter=1242 incumb=21.7256 ratchet=21.8453 best=21.7111 since_improve=1082
t=52085ms iter=1243 WAIST cost=19.0000 best_alt=15.0000 gap=4.0000 tried=5 sep_labels=15 clique_frac=0.02
t=52104ms iter=1243 REBUILD reject new_tc=21.8807 (was 21.7256)
t=52125ms iter=1243 incumb=21.7256 ratchet=21.9040 best=21.7111 since_improve=1083
t=52126ms iter=1244 WAIST cost=19.0000 best_alt=15.0000 gap=4.0000 tried=5 sep_labels=15 clique_frac=0.02
t=52146ms iter=1244 REBUILD reject new_tc=21.8601 (was 21.7256)
t=52167ms iter=1244 incumb=21.7256 ratchet=21.8001 best=21.7111 since_improve=1084
t=52168ms iter=1245 WAIST cost=19.0000 best_alt=15.0000 gap=4.0000 tried=5 sep_labels=15 clique_frac=0.02
t=52187ms iter=1245 REBUILD reject new_tc=21.7872 (was 21.7256)
t=52208ms iter=1245 incumb=21.7256 ratchet=21.7815 best=21.7111 since_improve=1085
t=52210ms iter=1246 WAIST cost=19.0000 best_alt=15.0000 gap=4.0000 tried=5 sep_labels=15 clique_frac=0.02
t=52229ms iter=1246 REBUILD reject new_tc=22.2130 (was 21.7256)
t=52250ms iter=1246 incumb=21.7256 ratchet=21.7651 best=21.7111 since_improve=1086
t=52252ms iter=1247 WAIST cost=19.0000 best_alt=15.0000 gap=4.0000 tried=5 sep_labels=15 clique_frac=0.02
t=52271ms iter=1247 REBUILD reject new_tc=21.9041 (was 21.7256)
t=52292ms iter=1247 incumb=21.7256 ratchet=21.9078 best=21.7111 since_improve=1087
t=52293ms iter=1248 WAIST cost=19.0000 best_alt=15.0000 gap=4.0000 tried=5 sep_labels=15 clique_frac=0.02
t=52312ms iter=1248 REBUILD reject new_tc=21.9089 (was 21.7256)
t=52335ms iter=1248 incumb=21.7256 ratchet=21.7430 best=21.7111 since_improve=1088
t=52336ms iter=1249 WAIST cost=19.0000 best_alt=15.0000 gap=4.0000 tried=5 sep_labels=15 clique_frac=0.02
t=52355ms iter=1249 REBUILD reject new_tc=21.9422 (was 21.7256)
t=52376ms iter=1249 incumb=21.7256 ratchet=21.9782 best=21.7111 since_improve=1089
t=52377ms iter=1250 WAIST cost=19.0000 best_alt=15.0000 gap=4.0000 tried=5 sep_labels=15 clique_frac=0.02
t=52396ms iter=1250 REBUILD reject new_tc=22.3316 (was 21.7256)
t=52418ms iter=1250 incumb=21.7256 ratchet=21.8916 best=21.7111 since_improve=1090
t=52419ms iter=1251 WAIST cost=19.0000 best_alt=15.0000 gap=4.0000 tried=5 sep_labels=15 clique_frac=0.02
t=52438ms iter=1251 REBUILD reject new_tc=21.9172 (was 21.7256)
t=52460ms iter=1251 incumb=21.7256 ratchet=21.7562 best=21.7111 since_improve=1091
t=52461ms iter=1252 WAIST cost=19.0000 best_alt=15.0000 gap=4.0000 tried=5 sep_labels=15 clique_frac=0.02
t=52480ms iter=1252 REBUILD reject new_tc=21.7785 (was 21.7256)
t=52502ms iter=1252 incumb=21.7256 ratchet=21.9303 best=21.7111 since_improve=1092
t=52503ms iter=1253 WAIST cost=19.0000 best_alt=15.0000 gap=4.0000 tried=5 sep_labels=15 clique_frac=0.02
t=52523ms iter=1253 REBUILD reject new_tc=21.8697 (was 21.7256)
t=52543ms iter=1253 incumb=21.7256 ratchet=21.8375 best=21.7111 since_improve=1093
t=52545ms iter=1254 WAIST cost=19.0000 best_alt=15.0000 gap=4.0000 tried=5 sep_labels=15 clique_frac=0.02
t=52564ms iter=1254 REBUILD reject new_tc=22.0907 (was 21.7256)
t=52585ms iter=1254 incumb=21.7256 ratchet=21.7542 best=21.7111 since_improve=1094
t=52586ms iter=1255 WAIST cost=19.0000 best_alt=15.0000 gap=4.0000 tried=5 sep_labels=15 clique_frac=0.02
t=52605ms iter=1255 REBUILD reject new_tc=22.1780 (was 21.7256)
t=52626ms iter=1255 incumb=21.7256 ratchet=21.7427 best=21.7111 since_improve=1095
t=52628ms iter=1256 WAIST cost=19.0000 best_alt=15.0000 gap=4.0000 tried=5 sep_labels=15 clique_frac=0.02
t=52647ms iter=1256 REBUILD reject new_tc=22.1375 (was 21.7256)
t=52668ms iter=1256 incumb=21.7256 ratchet=21.8948 best=21.7111 since_improve=1096
t=52670ms iter=1257 WAIST cost=19.0000 best_alt=15.0000 gap=4.0000 tried=5 sep_labels=15 clique_frac=0.02
t=52689ms iter=1257 REBUILD reject new_tc=21.9513 (was 21.7256)
t=52710ms iter=1257 incumb=21.7256 ratchet=21.8808 best=21.7111 since_improve=1097
t=52711ms iter=1258 WAIST cost=19.0000 best_alt=15.0000 gap=4.0000 tried=5 sep_labels=15 clique_frac=0.02
t=52730ms iter=1258 REBUILD reject new_tc=21.8777 (was 21.7256)
t=52752ms iter=1258 incumb=21.7256 ratchet=21.7668 best=21.7111 since_improve=1098
t=52753ms iter=1259 WAIST cost=19.0000 best_alt=15.0000 gap=4.0000 tried=5 sep_labels=15 clique_frac=0.02
t=52772ms iter=1259 REBUILD reject new_tc=22.1265 (was 21.7256)
t=52793ms iter=1259 incumb=21.7256 ratchet=21.9075 best=21.7111 since_improve=1099
t=52794ms iter=1260 WAIST cost=19.0000 best_alt=15.0000 gap=4.0000 tried=5 sep_labels=15 clique_frac=0.02
t=52813ms iter=1260 REBUILD reject new_tc=21.8927 (was 21.7256)
t=52834ms iter=1260 incumb=21.7256 ratchet=21.7618 best=21.7111 since_improve=1100
t=52836ms iter=1261 WAIST cost=19.0000 best_alt=15.0000 gap=4.0000 tried=5 sep_labels=15 clique_frac=0.02
t=52855ms iter=1261 REBUILD reject new_tc=21.8594 (was 21.7256)
t=52876ms iter=1261 incumb=21.7256 ratchet=21.8568 best=21.7111 since_improve=1101
t=52877ms iter=1262 WAIST cost=19.0000 best_alt=15.0000 gap=4.0000 tried=5 sep_labels=15 clique_frac=0.02
t=52897ms iter=1262 REBUILD reject new_tc=21.8242 (was 21.7256)
t=52918ms iter=1262 incumb=21.7256 ratchet=21.7658 best=21.7111 since_improve=1102
t=52920ms iter=1263 WAIST cost=19.0000 best_alt=15.0000 gap=4.0000 tried=5 sep_labels=15 clique_frac=0.02
t=52939ms iter=1263 REBUILD reject new_tc=22.0710 (was 21.7256)
t=52959ms iter=1263 incumb=21.7256 ratchet=21.7935 best=21.7111 since_improve=1103
t=52961ms iter=1264 WAIST cost=19.0000 best_alt=15.0000 gap=4.0000 tried=5 sep_labels=15 clique_frac=0.02
t=52980ms iter=1264 REBUILD reject new_tc=21.8587 (was 21.7256)
t=53001ms iter=1264 incumb=21.7256 ratchet=21.7918 best=21.7111 since_improve=1104
t=53002ms iter=1265 WAIST cost=19.0000 best_alt=15.0000 gap=4.0000 tried=5 sep_labels=15 clique_frac=0.02
t=53021ms iter=1265 REBUILD reject new_tc=22.0716 (was 21.7256)
t=53042ms iter=1265 incumb=21.7256 ratchet=21.8124 best=21.7111 since_improve=1105
t=53044ms iter=1266 WAIST cost=19.0000 best_alt=15.0000 gap=4.0000 tried=5 sep_labels=15 clique_frac=0.02
t=53063ms iter=1266 REBUILD reject new_tc=21.8197 (was 21.7256)
t=53084ms iter=1266 incumb=21.7256 ratchet=21.8018 best=21.7111 since_improve=1106
t=53085ms iter=1267 WAIST cost=19.0000 best_alt=15.0000 gap=4.0000 tried=5 sep_labels=15 clique_frac=0.02
t=53104ms iter=1267 REBUILD reject new_tc=21.8173 (was 21.7256)
t=53126ms iter=1267 incumb=21.7256 ratchet=21.8099 best=21.7111 since_improve=1107
t=53127ms iter=1268 WAIST cost=19.0000 best_alt=15.0000 gap=4.0000 tried=5 sep_labels=15 clique_frac=0.02
t=53146ms iter=1268 REBUILD reject new_tc=21.8555 (was 21.7256)
t=53167ms iter=1268 incumb=21.7256 ratchet=21.9321 best=21.7111 since_improve=1108
t=53169ms iter=1269 WAIST cost=19.0000 best_alt=15.0000 gap=4.0000 tried=5 sep_labels=15 clique_frac=0.02
t=53188ms iter=1269 REBUILD reject new_tc=22.0422 (was 21.7256)
t=53209ms iter=1269 incumb=21.7256 ratchet=21.9108 best=21.7111 since_improve=1109
t=53210ms iter=1270 WAIST cost=19.0000 best_alt=15.0000 gap=4.0000 tried=5 sep_labels=15 clique_frac=0.02
t=53229ms iter=1270 REBUILD reject new_tc=21.9984 (was 21.7256)
t=53251ms iter=1270 incumb=21.7256 ratchet=21.7571 best=21.7111 since_improve=1110
t=53252ms iter=1271 WAIST cost=19.0000 best_alt=15.0000 gap=4.0000 tried=5 sep_labels=15 clique_frac=0.02
t=53271ms iter=1271 REBUILD reject new_tc=22.1776 (was 21.7256)
t=53292ms iter=1271 incumb=21.7256 ratchet=21.7903 best=21.7111 since_improve=1111
t=53294ms iter=1272 WAIST cost=19.0000 best_alt=15.0000 gap=4.0000 tried=5 sep_labels=15 clique_frac=0.02
t=53313ms iter=1272 REBUILD reject new_tc=22.2141 (was 21.7256)
t=53334ms iter=1272 incumb=21.7256 ratchet=21.8490 best=21.7111 since_improve=1112
t=53336ms iter=1273 WAIST cost=19.0000 best_alt=15.0000 gap=4.0000 tried=5 sep_labels=15 clique_frac=0.02
t=53355ms iter=1273 REBUILD reject new_tc=22.2100 (was 21.7256)
t=53376ms iter=1273 incumb=21.7256 ratchet=22.0379 best=21.7111 since_improve=1113
t=53377ms iter=1274 WAIST cost=19.0000 best_alt=15.0000 gap=4.0000 tried=5 sep_labels=15 clique_frac=0.02
t=53396ms iter=1274 REBUILD reject new_tc=22.0428 (was 21.7256)
t=53417ms iter=1274 incumb=21.7256 ratchet=21.7938 best=21.7111 since_improve=1114
t=53419ms iter=1275 WAIST cost=19.0000 best_alt=15.0000 gap=4.0000 tried=5 sep_labels=15 clique_frac=0.02
t=53438ms iter=1275 REBUILD reject new_tc=21.8278 (was 21.7256)
t=53459ms iter=1275 incumb=21.7256 ratchet=21.7528 best=21.7111 since_improve=1115
t=53460ms iter=1276 WAIST cost=19.0000 best_alt=15.0000 gap=4.0000 tried=5 sep_labels=15 clique_frac=0.02
t=53480ms iter=1276 REBUILD reject new_tc=21.7812 (was 21.7256)
t=53501ms iter=1276 incumb=21.7256 ratchet=21.9276 best=21.7111 since_improve=1116
t=53502ms iter=1277 WAIST cost=19.0000 best_alt=15.0000 gap=4.0000 tried=5 sep_labels=15 clique_frac=0.02
t=53522ms iter=1277 REBUILD reject new_tc=21.8256 (was 21.7256)
t=53543ms iter=1277 incumb=21.7256 ratchet=21.8122 best=21.7111 since_improve=1117
t=53545ms iter=1278 WAIST cost=19.0000 best_alt=15.0000 gap=4.0000 tried=5 sep_labels=15 clique_frac=0.02
t=53563ms iter=1278 REBUILD reject new_tc=22.2734 (was 21.7256)
t=53585ms iter=1278 incumb=21.7256 ratchet=21.8807 best=21.7111 since_improve=1118
t=53586ms iter=1279 WAIST cost=19.0000 best_alt=15.0000 gap=4.0000 tried=5 sep_labels=15 clique_frac=0.02
t=53605ms iter=1279 REBUILD reject new_tc=22.0919 (was 21.7256)
t=53626ms iter=1279 incumb=21.7256 ratchet=21.7526 best=21.7111 since_improve=1119
t=53628ms iter=1280 WAIST cost=19.0000 best_alt=15.0000 gap=4.0000 tried=5 sep_labels=15 clique_frac=0.02
t=53647ms iter=1280 REBUILD reject new_tc=22.0406 (was 21.7256)
t=53664ms iter=1280 incumb=21.7256 ratchet=21.7610 best=21.7111 since_improve=1120
t=53666ms iter=1281 WAIST cost=19.0000 best_alt=15.0000 gap=4.0000 tried=5 sep_labels=15 clique_frac=0.02
t=53685ms iter=1281 REBUILD reject new_tc=21.8766 (was 21.7256)
t=53706ms iter=1281 incumb=21.7256 ratchet=21.8892 best=21.7111 since_improve=1121
t=53707ms iter=1282 WAIST cost=19.0000 best_alt=15.0000 gap=4.0000 tried=5 sep_labels=15 clique_frac=0.02
t=53727ms iter=1282 REBUILD reject new_tc=21.9171 (was 21.7256)
t=53747ms iter=1282 incumb=21.7256 ratchet=21.9759 best=21.7111 since_improve=1122
t=53749ms iter=1283 WAIST cost=19.0000 best_alt=15.0000 gap=4.0000 tried=5 sep_labels=15 clique_frac=0.02
t=53768ms iter=1283 REBUILD reject new_tc=22.1303 (was 21.7256)
t=53788ms iter=1283 incumb=21.7256 ratchet=21.8631 best=21.7111 since_improve=1123
t=53790ms iter=1284 WAIST cost=19.0000 best_alt=15.0000 gap=4.0000 tried=5 sep_labels=15 clique_frac=0.02
t=53809ms iter=1284 REBUILD reject new_tc=21.9761 (was 21.7256)
t=53830ms iter=1284 incumb=21.7256 ratchet=21.8428 best=21.7111 since_improve=1124
t=53831ms iter=1285 WAIST cost=19.0000 best_alt=15.0000 gap=4.0000 tried=5 sep_labels=15 clique_frac=0.02
t=53850ms iter=1285 REBUILD reject new_tc=22.0745 (was 21.7256)
t=53871ms iter=1285 incumb=21.7256 ratchet=21.8068 best=21.7111 since_improve=1125
t=53873ms iter=1286 WAIST cost=19.0000 best_alt=15.0000 gap=4.0000 tried=5 sep_labels=15 clique_frac=0.02
t=53892ms iter=1286 REBUILD reject new_tc=21.8853 (was 21.7256)
t=53913ms iter=1286 incumb=21.7256 ratchet=21.7808 best=21.7111 since_improve=1126
t=53915ms iter=1287 WAIST cost=19.0000 best_alt=15.0000 gap=4.0000 tried=5 sep_labels=15 clique_frac=0.02
t=53934ms iter=1287 REBUILD reject new_tc=21.8898 (was 21.7256)
t=53955ms iter=1287 incumb=21.7256 ratchet=21.7742 best=21.7111 since_improve=1127
t=53956ms iter=1288 WAIST cost=19.0000 best_alt=15.0000 gap=4.0000 tried=5 sep_labels=15 clique_frac=0.02
t=53975ms iter=1288 REBUILD reject new_tc=21.8214 (was 21.7256)
t=53996ms iter=1288 incumb=21.7256 ratchet=21.8829 best=21.7111 since_improve=1128
t=53998ms iter=1289 WAIST cost=19.0000 best_alt=15.0000 gap=4.0000 tried=5 sep_labels=15 clique_frac=0.02
t=54017ms iter=1289 REBUILD reject new_tc=22.1357 (was 21.7256)
t=54038ms iter=1289 incumb=21.7256 ratchet=21.8036 best=21.7111 since_improve=1129
t=54040ms iter=1290 WAIST cost=19.0000 best_alt=15.0000 gap=4.0000 tried=5 sep_labels=15 clique_frac=0.02
t=54059ms iter=1290 REBUILD reject new_tc=22.1853 (was 21.7256)
t=54079ms iter=1290 incumb=21.7256 ratchet=21.8957 best=21.7111 since_improve=1130
t=54081ms iter=1291 WAIST cost=19.0000 best_alt=15.0000 gap=4.0000 tried=5 sep_labels=15 clique_frac=0.02
t=54100ms iter=1291 REBUILD reject new_tc=21.9600 (was 21.7256)
t=54121ms iter=1291 incumb=21.7256 ratchet=21.7264 best=21.7111 since_improve=1131
t=54122ms iter=1292 WAIST cost=19.0000 best_alt=15.0000 gap=4.0000 tried=5 sep_labels=15 clique_frac=0.02
t=54142ms iter=1292 REBUILD reject new_tc=21.7829 (was 21.7256)
t=54163ms iter=1292 incumb=21.7256 ratchet=21.8449 best=21.7111 since_improve=1132
t=54164ms iter=1293 WAIST cost=19.0000 best_alt=15.0000 gap=4.0000 tried=5 sep_labels=15 clique_frac=0.02
t=54183ms iter=1293 REBUILD reject new_tc=22.1816 (was 21.7256)
t=54204ms iter=1293 incumb=21.7256 ratchet=21.7958 best=21.7111 since_improve=1133
t=54205ms iter=1294 WAIST cost=19.0000 best_alt=15.0000 gap=4.0000 tried=5 sep_labels=15 clique_frac=0.02
t=54224ms iter=1294 REBUILD reject new_tc=21.8209 (was 21.7256)
t=54245ms iter=1294 incumb=21.7256 ratchet=21.8457 best=21.7111 since_improve=1134
t=54247ms iter=1295 WAIST cost=19.0000 best_alt=15.0000 gap=4.0000 tried=5 sep_labels=15 clique_frac=0.02
t=54266ms iter=1295 REBUILD reject new_tc=22.4525 (was 21.7256)
t=54287ms iter=1295 incumb=21.7256 ratchet=21.7415 best=21.7111 since_improve=1135
t=54288ms iter=1296 WAIST cost=19.0000 best_alt=15.0000 gap=4.0000 tried=5 sep_labels=15 clique_frac=0.02
t=54307ms iter=1296 REBUILD reject new_tc=22.0822 (was 21.7256)
t=54329ms iter=1296 incumb=21.7256 ratchet=21.8104 best=21.7111 since_improve=1136
t=54330ms iter=1297 WAIST cost=19.0000 best_alt=15.0000 gap=4.0000 tried=5 sep_labels=15 clique_frac=0.02
t=54349ms iter=1297 REBUILD reject new_tc=22.1186 (was 21.7256)
t=54370ms iter=1297 incumb=21.7256 ratchet=21.7718 best=21.7111 since_improve=1137
t=54372ms iter=1298 WAIST cost=19.0000 best_alt=15.0000 gap=4.0000 tried=5 sep_labels=15 clique_frac=0.02
t=54391ms iter=1298 REBUILD reject new_tc=21.9564 (was 21.7256)
t=54412ms iter=1298 incumb=21.7256 ratchet=21.8568 best=21.7111 since_improve=1138
t=54413ms iter=1299 WAIST cost=19.0000 best_alt=15.0000 gap=4.0000 tried=5 sep_labels=15 clique_frac=0.02
t=54432ms iter=1299 REBUILD reject new_tc=22.1702 (was 21.7256)
t=54453ms iter=1299 incumb=21.7256 ratchet=21.7444 best=21.7111 since_improve=1139
t=54454ms iter=1300 WAIST cost=19.0000 best_alt=15.0000 gap=4.0000 tried=5 sep_labels=15 clique_frac=0.02
t=54474ms iter=1300 REBUILD reject new_tc=21.8567 (was 21.7256)
t=54494ms iter=1300 incumb=21.7256 ratchet=21.7653 best=21.7111 since_improve=1140
t=54496ms iter=1301 WAIST cost=19.0000 best_alt=15.0000 gap=4.0000 tried=5 sep_labels=15 clique_frac=0.02
t=54515ms iter=1301 REBUILD reject new_tc=22.2724 (was 21.7256)
t=54536ms iter=1301 incumb=21.7256 ratchet=21.8303 best=21.7111 since_improve=1141
t=54537ms iter=1302 WAIST cost=19.0000 best_alt=15.0000 gap=4.0000 tried=5 sep_labels=15 clique_frac=0.02
t=54557ms iter=1302 REBUILD reject new_tc=22.4952 (was 21.7256)
t=54577ms iter=1302 incumb=21.7256 ratchet=21.8500 best=21.7111 since_improve=1142
t=54579ms iter=1303 WAIST cost=19.0000 best_alt=15.0000 gap=4.0000 tried=5 sep_labels=15 clique_frac=0.02
t=54598ms iter=1303 REBUILD reject new_tc=22.1557 (was 21.7256)
t=54619ms iter=1303 incumb=21.7256 ratchet=21.8805 best=21.7111 since_improve=1143
t=54620ms iter=1304 WAIST cost=19.0000 best_alt=15.0000 gap=4.0000 tried=5 sep_labels=15 clique_frac=0.02
t=54639ms iter=1304 REBUILD reject new_tc=22.0390 (was 21.7256)
t=54660ms iter=1304 incumb=21.7256 ratchet=21.7507 best=21.7111 since_improve=1144
t=54662ms iter=1305 WAIST cost=19.0000 best_alt=15.0000 gap=4.0000 tried=5 sep_labels=15 clique_frac=0.02
t=54681ms iter=1305 REBUILD reject new_tc=21.7925 (was 21.7256)
t=54702ms iter=1305 incumb=21.7256 ratchet=21.8924 best=21.7111 since_improve=1145
t=54704ms iter=1306 WAIST cost=19.0000 best_alt=15.0000 gap=4.0000 tried=5 sep_labels=15 clique_frac=0.02
t=54723ms iter=1306 REBUILD reject new_tc=21.8671 (was 21.7256)
t=54744ms iter=1306 incumb=21.7256 ratchet=21.8949 best=21.7111 since_improve=1146
t=54746ms iter=1307 WAIST cost=19.0000 best_alt=15.0000 gap=4.0000 tried=5 sep_labels=15 clique_frac=0.02
t=54765ms iter=1307 REBUILD reject new_tc=21.9997 (was 21.7256)
t=54786ms iter=1307 incumb=21.7256 ratchet=21.7556 best=21.7111 since_improve=1147
t=54787ms iter=1308 WAIST cost=19.0000 best_alt=15.0000 gap=4.0000 tried=5 sep_labels=15 clique_frac=0.02
t=54806ms iter=1308 REBUILD reject new_tc=22.0861 (was 21.7256)
t=54827ms iter=1308 incumb=21.7256 ratchet=21.8325 best=21.7111 since_improve=1148
t=54828ms iter=1309 WAIST cost=19.0000 best_alt=15.0000 gap=4.0000 tried=5 sep_labels=15 clique_frac=0.02
t=54847ms iter=1309 REBUILD reject new_tc=22.4746 (was 21.7256)
t=54868ms iter=1309 incumb=21.7256 ratchet=21.7531 best=21.7111 since_improve=1149
t=54869ms iter=1310 WAIST cost=19.0000 best_alt=15.0000 gap=4.0000 tried=5 sep_labels=15 clique_frac=0.02
t=54888ms iter=1310 REBUILD reject new_tc=21.8283 (was 21.7256)
t=54909ms iter=1310 incumb=21.7256 ratchet=21.8208 best=21.7111 since_improve=1150
t=54911ms iter=1311 WAIST cost=19.0000 best_alt=15.0000 gap=4.0000 tried=5 sep_labels=15 clique_frac=0.02
t=54930ms iter=1311 REBUILD reject new_tc=21.8682 (was 21.7256)
t=54951ms iter=1311 incumb=21.7256 ratchet=21.8324 best=21.7111 since_improve=1151
t=54953ms iter=1312 WAIST cost=19.0000 best_alt=15.0000 gap=4.0000 tried=5 sep_labels=15 clique_frac=0.02
t=54972ms iter=1312 REBUILD reject new_tc=21.8673 (was 21.7256)
t=54993ms iter=1312 incumb=21.7256 ratchet=21.8717 best=21.7111 since_improve=1152
t=54994ms iter=1313 WAIST cost=19.0000 best_alt=15.0000 gap=4.0000 tried=5 sep_labels=15 clique_frac=0.02
t=55013ms iter=1313 REBUILD reject new_tc=22.0423 (was 21.7256)
t=55034ms iter=1313 incumb=21.7256 ratchet=21.8087 best=21.7111 since_improve=1153
t=55036ms iter=1314 WAIST cost=19.0000 best_alt=15.0000 gap=4.0000 tried=5 sep_labels=15 clique_frac=0.02
t=55055ms iter=1314 REBUILD reject new_tc=21.9169 (was 21.7256)
t=55076ms iter=1314 incumb=21.7256 ratchet=21.8314 best=21.7111 since_improve=1154
t=55077ms iter=1315 WAIST cost=19.0000 best_alt=15.0000 gap=4.0000 tried=5 sep_labels=15 clique_frac=0.02
t=55096ms iter=1315 REBUILD reject new_tc=21.8563 (was 21.7256)
t=55117ms iter=1315 incumb=21.7256 ratchet=21.9075 best=21.7111 since_improve=1155
t=55119ms iter=1316 WAIST cost=19.0000 best_alt=15.0000 gap=4.0000 tried=5 sep_labels=15 clique_frac=0.02
t=55138ms iter=1316 REBUILD reject new_tc=22.3269 (was 21.7256)
t=55159ms iter=1316 incumb=21.7256 ratchet=21.8327 best=21.7111 since_improve=1156
t=55160ms iter=1317 WAIST cost=19.0000 best_alt=15.0000 gap=4.0000 tried=5 sep_labels=15 clique_frac=0.02
t=55179ms iter=1317 REBUILD reject new_tc=22.0103 (was 21.7256)
t=55200ms iter=1317 incumb=21.7256 ratchet=21.8598 best=21.7111 since_improve=1157
t=55202ms iter=1318 WAIST cost=19.0000 best_alt=15.0000 gap=4.0000 tried=5 sep_labels=15 clique_frac=0.02
t=55221ms iter=1318 REBUILD reject new_tc=21.8417 (was 21.7256)
t=55242ms iter=1318 incumb=21.7256 ratchet=21.8934 best=21.7111 since_improve=1158
t=55243ms iter=1319 WAIST cost=19.0000 best_alt=15.0000 gap=4.0000 tried=5 sep_labels=15 clique_frac=0.02
t=55262ms iter=1319 REBUILD reject new_tc=22.0492 (was 21.7256)
t=55283ms iter=1319 incumb=21.7256 ratchet=21.7396 best=21.7111 since_improve=1159
t=55285ms iter=1320 WAIST cost=19.0000 best_alt=15.0000 gap=4.0000 tried=5 sep_labels=15 clique_frac=0.02
t=55304ms iter=1320 REBUILD reject new_tc=22.2170 (was 21.7256)
t=55325ms iter=1320 incumb=21.7256 ratchet=21.8561 best=21.7111 since_improve=1160
t=55327ms iter=1321 WAIST cost=19.0000 best_alt=15.0000 gap=4.0000 tried=5 sep_labels=15 clique_frac=0.02
t=55346ms iter=1321 REBUILD reject new_tc=21.8290 (was 21.7256)
t=55366ms iter=1321 incumb=21.7256 ratchet=21.8586 best=21.7111 since_improve=1161
t=55368ms iter=1322 WAIST cost=19.0000 best_alt=15.0000 gap=4.0000 tried=5 sep_labels=15 clique_frac=0.02
t=55387ms iter=1322 REBUILD reject new_tc=21.9607 (was 21.7256)
t=55408ms iter=1322 incumb=21.7256 ratchet=21.7641 best=21.7111 since_improve=1162
t=55410ms iter=1323 WAIST cost=19.0000 best_alt=15.0000 gap=4.0000 tried=5 sep_labels=15 clique_frac=0.02
t=55429ms iter=1323 REBUILD reject new_tc=21.9311 (was 21.7256)
t=55450ms iter=1323 incumb=21.7256 ratchet=21.7488 best=21.7111 since_improve=1163
t=55452ms iter=1324 WAIST cost=19.0000 best_alt=15.0000 gap=4.0000 tried=5 sep_labels=15 clique_frac=0.02
t=55471ms iter=1324 REBUILD reject new_tc=21.8894 (was 21.7256)
t=55491ms iter=1324 incumb=21.7256 ratchet=22.0657 best=21.7111 since_improve=1164
t=55493ms iter=1325 WAIST cost=19.0000 best_alt=15.0000 gap=4.0000 tried=5 sep_labels=15 clique_frac=0.02
t=55512ms iter=1325 REBUILD reject new_tc=21.9036 (was 21.7256)
t=55532ms iter=1325 incumb=21.7256 ratchet=21.7998 best=21.7111 since_improve=1165
t=55533ms iter=1326 WAIST cost=19.0000 best_alt=15.0000 gap=4.0000 tried=5 sep_labels=15 clique_frac=0.02
t=55553ms iter=1326 REBUILD reject new_tc=22.3950 (was 21.7256)
t=55573ms iter=1326 incumb=21.7256 ratchet=21.7878 best=21.7111 since_improve=1166
t=55574ms iter=1327 WAIST cost=19.0000 best_alt=15.0000 gap=4.0000 tried=5 sep_labels=15 clique_frac=0.02
t=55594ms iter=1327 REBUILD reject new_tc=22.0401 (was 21.7256)
t=55615ms iter=1327 incumb=21.7256 ratchet=21.7552 best=21.7111 since_improve=1167
t=55616ms iter=1328 WAIST cost=19.0000 best_alt=15.0000 gap=4.0000 tried=5 sep_labels=15 clique_frac=0.02
t=55635ms iter=1328 REBUILD reject new_tc=22.1637 (was 21.7256)
t=55656ms iter=1328 incumb=21.7256 ratchet=21.9171 best=21.7111 since_improve=1168
t=55657ms iter=1329 WAIST cost=19.0000 best_alt=15.0000 gap=4.0000 tried=5 sep_labels=15 clique_frac=0.02
t=55676ms iter=1329 REBUILD reject new_tc=21.8197 (was 21.7256)
t=55698ms iter=1329 incumb=21.7256 ratchet=21.8043 best=21.7111 since_improve=1169
t=55699ms iter=1330 WAIST cost=19.0000 best_alt=15.0000 gap=4.0000 tried=5 sep_labels=15 clique_frac=0.02
t=55718ms iter=1330 REBUILD reject new_tc=21.8295 (was 21.7256)
t=55739ms iter=1330 incumb=21.7256 ratchet=21.7668 best=21.7111 since_improve=1170
t=55740ms iter=1331 WAIST cost=19.0000 best_alt=15.0000 gap=4.0000 tried=5 sep_labels=15 clique_frac=0.02
t=55759ms iter=1331 REBUILD reject new_tc=21.8698 (was 21.7256)
t=55780ms iter=1331 incumb=21.7256 ratchet=21.7956 best=21.7111 since_improve=1171
t=55782ms iter=1332 WAIST cost=19.0000 best_alt=15.0000 gap=4.0000 tried=5 sep_labels=15 clique_frac=0.02
t=55800ms iter=1332 REBUILD reject new_tc=22.0483 (was 21.7256)
t=55821ms iter=1332 incumb=21.7256 ratchet=21.8939 best=21.7111 since_improve=1172
t=55822ms iter=1333 WAIST cost=19.0000 best_alt=15.0000 gap=4.0000 tried=5 sep_labels=15 clique_frac=0.02
t=55841ms iter=1333 REBUILD reject new_tc=22.0914 (was 21.7256)
t=55862ms iter=1333 incumb=21.7256 ratchet=21.7958 best=21.7111 since_improve=1173
t=55863ms iter=1334 WAIST cost=19.0000 best_alt=15.0000 gap=4.0000 tried=5 sep_labels=15 clique_frac=0.02
t=55883ms iter=1334 REBUILD reject new_tc=21.8687 (was 21.7256)
t=55904ms iter=1334 incumb=21.7256 ratchet=21.7566 best=21.7111 since_improve=1174
t=55905ms iter=1335 WAIST cost=19.0000 best_alt=15.0000 gap=4.0000 tried=5 sep_labels=15 clique_frac=0.02
t=55924ms iter=1335 REBUILD reject new_tc=21.8777 (was 21.7256)
t=55945ms iter=1335 incumb=21.7256 ratchet=21.8465 best=21.7111 since_improve=1175
t=55947ms iter=1336 WAIST cost=19.0000 best_alt=15.0000 gap=4.0000 tried=5 sep_labels=15 clique_frac=0.02
t=55965ms iter=1336 REBUILD reject new_tc=22.3175 (was 21.7256)
t=55986ms iter=1336 incumb=21.7256 ratchet=22.0755 best=21.7111 since_improve=1176
t=55988ms iter=1337 WAIST cost=19.0000 best_alt=15.0000 gap=4.0000 tried=5 sep_labels=15 clique_frac=0.02
t=56007ms iter=1337 REBUILD reject new_tc=22.5644 (was 21.7256)
t=56028ms iter=1337 incumb=21.7256 ratchet=21.8227 best=21.7111 since_improve=1177
t=56030ms iter=1338 WAIST cost=19.0000 best_alt=15.0000 gap=4.0000 tried=5 sep_labels=15 clique_frac=0.02
t=56049ms iter=1338 REBUILD reject new_tc=21.8306 (was 21.7256)
t=56070ms iter=1338 incumb=21.7256 ratchet=21.7944 best=21.7111 since_improve=1178
t=56071ms iter=1339 WAIST cost=19.0000 best_alt=15.0000 gap=4.0000 tried=5 sep_labels=15 clique_frac=0.02
t=56090ms iter=1339 REBUILD reject new_tc=22.5427 (was 21.7256)
t=56111ms iter=1339 incumb=21.7256 ratchet=21.7520 best=21.7111 since_improve=1179
t=56112ms iter=1340 WAIST cost=19.0000 best_alt=15.0000 gap=4.0000 tried=5 sep_labels=15 clique_frac=0.02
t=56131ms iter=1340 REBUILD reject new_tc=21.9201 (was 21.7256)
t=56152ms iter=1340 incumb=21.7256 ratchet=21.8204 best=21.7111 since_improve=1180
t=56154ms iter=1341 WAIST cost=19.0000 best_alt=15.0000 gap=4.0000 tried=5 sep_labels=15 clique_frac=0.02
t=56173ms iter=1341 REBUILD reject new_tc=21.8187 (was 21.7256)
t=56193ms iter=1341 incumb=21.7256 ratchet=21.9288 best=21.7111 since_improve=1181
t=56195ms iter=1342 WAIST cost=19.0000 best_alt=15.0000 gap=4.0000 tried=5 sep_labels=15 clique_frac=0.02
t=56214ms iter=1342 REBUILD reject new_tc=21.7882 (was 21.7256)
t=56234ms iter=1342 incumb=21.7256 ratchet=21.9200 best=21.7111 since_improve=1182
t=56236ms iter=1343 WAIST cost=19.0000 best_alt=15.0000 gap=4.0000 tried=5 sep_labels=15 clique_frac=0.02
t=56255ms iter=1343 REBUILD reject new_tc=22.0956 (was 21.7256)
t=56275ms iter=1343 incumb=21.7256 ratchet=21.9830 best=21.7111 since_improve=1183
t=56277ms iter=1344 WAIST cost=19.0000 best_alt=15.0000 gap=4.0000 tried=5 sep_labels=15 clique_frac=0.02
t=56295ms iter=1344 REBUILD reject new_tc=22.3441 (was 21.7256)
t=56316ms iter=1344 incumb=21.7256 ratchet=21.7665 best=21.7111 since_improve=1184
t=56318ms iter=1345 WAIST cost=19.0000 best_alt=15.0000 gap=4.0000 tried=5 sep_labels=15 clique_frac=0.02
t=56337ms iter=1345 REBUILD reject new_tc=21.8580 (was 21.7256)
t=56357ms iter=1345 incumb=21.7256 ratchet=21.8418 best=21.7111 since_improve=1185
t=56359ms iter=1346 WAIST cost=19.0000 best_alt=15.0000 gap=4.0000 tried=5 sep_labels=15 clique_frac=0.02
t=56378ms iter=1346 REBUILD reject new_tc=22.2572 (was 21.7256)
t=56398ms iter=1346 incumb=21.7256 ratchet=21.8393 best=21.7111 since_improve=1186
t=56400ms iter=1347 WAIST cost=19.0000 best_alt=15.0000 gap=4.0000 tried=5 sep_labels=15 clique_frac=0.02
t=56419ms iter=1347 REBUILD reject new_tc=21.8675 (was 21.7256)
t=56440ms iter=1347 incumb=21.7256 ratchet=21.7398 best=21.7111 since_improve=1187
t=56442ms iter=1348 WAIST cost=19.0000 best_alt=15.0000 gap=4.0000 tried=5 sep_labels=15 clique_frac=0.02
t=56461ms iter=1348 REBUILD reject new_tc=21.8548 (was 21.7256)
t=56481ms iter=1348 incumb=21.7256 ratchet=21.7576 best=21.7111 since_improve=1188
t=56483ms iter=1349 WAIST cost=19.0000 best_alt=15.0000 gap=4.0000 tried=5 sep_labels=15 clique_frac=0.02
t=56502ms iter=1349 REBUILD reject new_tc=22.0398 (was 21.7256)
t=56522ms iter=1349 incumb=21.7256 ratchet=21.7549 best=21.7111 since_improve=1189
t=56524ms iter=1350 WAIST cost=19.0000 best_alt=15.0000 gap=4.0000 tried=5 sep_labels=15 clique_frac=0.02
t=56543ms iter=1350 REBUILD reject new_tc=21.8672 (was 21.7256)
t=56564ms iter=1350 incumb=21.7256 ratchet=22.0020 best=21.7111 since_improve=1190
t=56565ms iter=1351 WAIST cost=19.0000 best_alt=15.0000 gap=4.0000 tried=5 sep_labels=15 clique_frac=0.02
t=56584ms iter=1351 REBUILD reject new_tc=21.8687 (was 21.7256)
t=56605ms iter=1351 incumb=21.7256 ratchet=21.8706 best=21.7111 since_improve=1191
t=56607ms iter=1352 WAIST cost=19.0000 best_alt=15.0000 gap=4.0000 tried=5 sep_labels=15 clique_frac=0.02
t=56626ms iter=1352 REBUILD reject new_tc=21.8695 (was 21.7256)
t=56647ms iter=1352 incumb=21.7256 ratchet=21.7426 best=21.7111 since_improve=1192
t=56648ms iter=1353 WAIST cost=19.0000 best_alt=15.0000 gap=4.0000 tried=5 sep_labels=15 clique_frac=0.02
t=56667ms iter=1353 REBUILD reject new_tc=22.2435 (was 21.7256)
t=56688ms iter=1353 incumb=21.7256 ratchet=21.7920 best=21.7111 since_improve=1193
t=56690ms iter=1354 WAIST cost=19.0000 best_alt=15.0000 gap=4.0000 tried=5 sep_labels=15 clique_frac=0.02
t=56709ms iter=1354 REBUILD reject new_tc=21.8174 (was 21.7256)
t=56730ms iter=1354 incumb=21.7256 ratchet=22.0318 best=21.7111 since_improve=1194
t=56731ms iter=1355 WAIST cost=19.0000 best_alt=15.0000 gap=4.0000 tried=5 sep_labels=15 clique_frac=0.02
t=56750ms iter=1355 REBUILD reject new_tc=21.7798 (was 21.7256)
t=56772ms iter=1355 incumb=21.7256 ratchet=21.7821 best=21.7111 since_improve=1195
t=56773ms iter=1356 WAIST cost=19.0000 best_alt=15.0000 gap=4.0000 tried=5 sep_labels=15 clique_frac=0.02
t=56792ms iter=1356 REBUILD reject new_tc=21.8697 (was 21.7256)
t=56813ms iter=1356 incumb=21.7256 ratchet=21.7520 best=21.7111 since_improve=1196
t=56814ms iter=1357 WAIST cost=19.0000 best_alt=15.0000 gap=4.0000 tried=5 sep_labels=15 clique_frac=0.02
t=56833ms iter=1357 REBUILD reject new_tc=22.1819 (was 21.7256)
t=56854ms iter=1357 incumb=21.7256 ratchet=21.8571 best=21.7111 since_improve=1197
t=56856ms iter=1358 WAIST cost=19.0000 best_alt=15.0000 gap=4.0000 tried=5 sep_labels=15 clique_frac=0.02
t=56875ms iter=1358 REBUILD reject new_tc=21.9647 (was 21.7256)
t=56896ms iter=1358 incumb=21.7256 ratchet=21.9176 best=21.7111 since_improve=1198
t=56898ms iter=1359 WAIST cost=19.0000 best_alt=15.0000 gap=4.0000 tried=5 sep_labels=15 clique_frac=0.02
t=56917ms iter=1359 REBUILD reject new_tc=21.7796 (was 21.7256)
t=56939ms iter=1359 incumb=21.7256 ratchet=21.8178 best=21.7111 since_improve=1199
t=56940ms iter=1360 WAIST cost=19.0000 best_alt=15.0000 gap=4.0000 tried=5 sep_labels=15 clique_frac=0.02
t=56959ms iter=1360 REBUILD reject new_tc=22.2718 (was 21.7256)
t=56980ms iter=1360 incumb=21.7256 ratchet=21.8071 best=21.7111 since_improve=1200
t=56981ms iter=1361 WAIST cost=19.0000 best_alt=15.0000 gap=4.0000 tried=5 sep_labels=15 clique_frac=0.02
t=57000ms iter=1361 REBUILD reject new_tc=21.9157 (was 21.7256)
t=57021ms iter=1361 incumb=21.7256 ratchet=21.8508 best=21.7111 since_improve=1201
t=57022ms iter=1362 WAIST cost=19.0000 best_alt=15.0000 gap=4.0000 tried=5 sep_labels=15 clique_frac=0.02
t=57041ms iter=1362 REBUILD reject new_tc=21.8574 (was 21.7256)
t=57062ms iter=1362 incumb=21.7256 ratchet=21.7560 best=21.7111 since_improve=1202
t=57064ms iter=1363 WAIST cost=19.0000 best_alt=15.0000 gap=4.0000 tried=5 sep_labels=15 clique_frac=0.02
t=57083ms iter=1363 REBUILD reject new_tc=22.1941 (was 21.7256)
t=57104ms iter=1363 incumb=21.7256 ratchet=21.7524 best=21.7111 since_improve=1203
t=57105ms iter=1364 WAIST cost=19.0000 best_alt=15.0000 gap=4.0000 tried=5 sep_labels=15 clique_frac=0.02
t=57124ms iter=1364 REBUILD reject new_tc=22.1825 (was 21.7256)
t=57145ms iter=1364 incumb=21.7256 ratchet=21.8052 best=21.7111 since_improve=1204
t=57147ms iter=1365 WAIST cost=19.0000 best_alt=15.0000 gap=4.0000 tried=5 sep_labels=15 clique_frac=0.02
t=57166ms iter=1365 REBUILD reject new_tc=22.0747 (was 21.7256)
t=57187ms iter=1365 incumb=21.7256 ratchet=21.8096 best=21.7111 since_improve=1205
t=57189ms iter=1366 WAIST cost=19.0000 best_alt=15.0000 gap=4.0000 tried=5 sep_labels=15 clique_frac=0.02
t=57208ms iter=1366 REBUILD reject new_tc=22.1852 (was 21.7256)
t=57228ms iter=1366 incumb=21.7256 ratchet=21.9594 best=21.7111 since_improve=1206
t=57230ms iter=1367 WAIST cost=19.0000 best_alt=15.0000 gap=4.0000 tried=5 sep_labels=15 clique_frac=0.02
t=57249ms iter=1367 REBUILD reject new_tc=21.9731 (was 21.7256)
t=57270ms iter=1367 incumb=21.7256 ratchet=21.9056 best=21.7111 since_improve=1207
t=57271ms iter=1368 WAIST cost=19.0000 best_alt=15.0000 gap=4.0000 tried=5 sep_labels=15 clique_frac=0.02
t=57290ms iter=1368 REBUILD reject new_tc=21.9994 (was 21.7256)
t=57311ms iter=1368 incumb=21.7256 ratchet=21.7668 best=21.7111 since_improve=1208
t=57313ms iter=1369 WAIST cost=19.0000 best_alt=15.0000 gap=4.0000 tried=5 sep_labels=15 clique_frac=0.02
t=57332ms iter=1369 REBUILD reject new_tc=21.8191 (was 21.7256)
t=57353ms iter=1369 incumb=21.7256 ratchet=21.7929 best=21.7111 since_improve=1209
t=57354ms iter=1370 WAIST cost=19.0000 best_alt=15.0000 gap=4.0000 tried=5 sep_labels=15 clique_frac=0.02
t=57374ms iter=1370 REBUILD reject new_tc=21.8793 (was 21.7256)
t=57394ms iter=1370 incumb=21.7256 ratchet=21.8313 best=21.7111 since_improve=1210
t=57395ms iter=1371 WAIST cost=19.0000 best_alt=15.0000 gap=4.0000 tried=5 sep_labels=15 clique_frac=0.02
t=57415ms iter=1371 REBUILD reject new_tc=22.1485 (was 21.7256)
t=57436ms iter=1371 incumb=21.7256 ratchet=21.7484 best=21.7111 since_improve=1211
t=57437ms iter=1372 WAIST cost=19.0000 best_alt=15.0000 gap=4.0000 tried=5 sep_labels=15 clique_frac=0.02
t=57456ms iter=1372 REBUILD reject new_tc=22.1800 (was 21.7256)
t=57477ms iter=1372 incumb=21.7256 ratchet=21.7247 best=21.7111 since_improve=0
t=57478ms iter=1373 WAIST cost=19.0000 best_alt=15.0000 gap=4.0000 tried=5 sep_labels=15 clique_frac=0.02
t=57498ms iter=1373 REBUILD reject new_tc=21.8656 (was 21.7247)
t=57518ms iter=1373 incumb=21.7247 ratchet=21.9418 best=21.7111 since_improve=1
t=57519ms iter=1374 WAIST cost=19.0000 best_alt=15.0000 gap=4.0000 tried=5 sep_labels=15 clique_frac=0.02
t=57538ms iter=1374 REBUILD reject new_tc=21.8549 (was 21.7247)
t=57560ms iter=1374 incumb=21.7247 ratchet=21.7538 best=21.7111 since_improve=2
t=57561ms iter=1375 WAIST cost=19.0000 best_alt=15.0000 gap=4.0000 tried=5 sep_labels=15 clique_frac=0.02
t=57580ms iter=1375 REBUILD reject new_tc=21.8610 (was 21.7247)
t=57601ms iter=1375 incumb=21.7247 ratchet=21.7702 best=21.7111 since_improve=3
t=57602ms iter=1376 WAIST cost=19.0000 best_alt=15.0000 gap=4.0000 tried=5 sep_labels=15 clique_frac=0.02
t=57622ms iter=1376 REBUILD reject new_tc=21.9159 (was 21.7247)
t=57643ms iter=1376 incumb=21.7247 ratchet=21.7648 best=21.7111 since_improve=4
t=57644ms iter=1377 WAIST cost=19.0000 best_alt=15.0000 gap=4.0000 tried=5 sep_labels=15 clique_frac=0.02
t=57663ms iter=1377 REBUILD reject new_tc=22.0861 (was 21.7247)
t=57684ms iter=1377 incumb=21.7247 ratchet=21.9072 best=21.7111 since_improve=5
t=57685ms iter=1378 WAIST cost=19.0000 best_alt=15.0000 gap=4.0000 tried=5 sep_labels=15 clique_frac=0.02
t=57704ms iter=1378 REBUILD reject new_tc=22.2531 (was 21.7247)
t=57725ms iter=1378 incumb=21.7247 ratchet=21.8769 best=21.7111 since_improve=6
t=57727ms iter=1379 WAIST cost=19.0000 best_alt=15.0000 gap=4.0000 tried=5 sep_labels=15 clique_frac=0.02
t=57746ms iter=1379 REBUILD reject new_tc=22.1485 (was 21.7247)
t=57767ms iter=1379 incumb=21.7247 ratchet=21.7756 best=21.7111 since_improve=7
t=57769ms iter=1380 WAIST cost=19.0000 best_alt=15.0000 gap=4.0000 tried=5 sep_labels=15 clique_frac=0.02
t=57788ms iter=1380 REBUILD reject new_tc=21.8590 (was 21.7247)
t=57809ms iter=1380 incumb=21.7247 ratchet=21.8328 best=21.7111 since_improve=8
t=57810ms iter=1381 WAIST cost=19.0000 best_alt=15.0000 gap=4.0000 tried=5 sep_labels=15 clique_frac=0.02
t=57829ms iter=1381 REBUILD reject new_tc=21.8709 (was 21.7247)
t=57850ms iter=1381 incumb=21.7247 ratchet=21.8475 best=21.7111 since_improve=9
t=57852ms iter=1382 WAIST cost=19.0000 best_alt=15.0000 gap=4.0000 tried=5 sep_labels=15 clique_frac=0.02
t=57871ms iter=1382 REBUILD reject new_tc=21.7802 (was 21.7247)
t=57892ms iter=1382 incumb=21.7247 ratchet=21.7925 best=21.7111 since_improve=10
t=57894ms iter=1383 WAIST cost=19.0000 best_alt=15.0000 gap=4.0000 tried=5 sep_labels=15 clique_frac=0.02
t=57913ms iter=1383 REBUILD reject new_tc=21.9750 (was 21.7247)
t=57934ms iter=1383 incumb=21.7247 ratchet=21.7573 best=21.7111 since_improve=11
t=57935ms iter=1384 WAIST cost=19.0000 best_alt=15.0000 gap=4.0000 tried=5 sep_labels=15 clique_frac=0.02
t=57954ms iter=1384 REBUILD reject new_tc=22.2531 (was 21.7247)
t=57975ms iter=1384 incumb=21.7247 ratchet=21.9272 best=21.7111 since_improve=12
t=57977ms iter=1385 WAIST cost=19.0000 best_alt=15.0000 gap=4.0000 tried=5 sep_labels=15 clique_frac=0.02
t=57996ms iter=1385 REBUILD reject new_tc=21.8694 (was 21.7247)
t=58017ms iter=1385 incumb=21.7247 ratchet=22.0784 best=21.7111 since_improve=13
t=58018ms iter=1386 WAIST cost=19.0000 best_alt=15.0000 gap=4.0000 tried=5 sep_labels=15 clique_frac=0.02
t=58037ms iter=1386 REBUILD reject new_tc=22.0913 (was 21.7247)
t=58058ms iter=1386 incumb=21.7247 ratchet=22.0656 best=21.7111 since_improve=14
t=58059ms iter=1387 WAIST cost=19.0000 best_alt=15.0000 gap=4.0000 tried=5 sep_labels=15 clique_frac=0.02
t=58078ms iter=1387 REBUILD reject new_tc=21.8693 (was 21.7247)
t=58099ms iter=1387 incumb=21.7247 ratchet=21.8478 best=21.7111 since_improve=15
t=58101ms iter=1388 WAIST cost=19.0000 best_alt=15.0000 gap=4.0000 tried=5 sep_labels=15 clique_frac=0.02
t=58119ms iter=1388 REBUILD reject new_tc=22.4108 (was 21.7247)
t=58141ms iter=1388 incumb=21.7247 ratchet=21.7826 best=21.7111 since_improve=16
t=58142ms iter=1389 WAIST cost=19.0000 best_alt=15.0000 gap=4.0000 tried=5 sep_labels=15 clique_frac=0.02
t=58161ms iter=1389 REBUILD reject new_tc=22.0895 (was 21.7247)
t=58182ms iter=1389 incumb=21.7247 ratchet=21.8426 best=21.7111 since_improve=17
t=58184ms iter=1390 WAIST cost=19.0000 best_alt=15.0000 gap=4.0000 tried=5 sep_labels=15 clique_frac=0.02
t=58203ms iter=1390 REBUILD reject new_tc=22.0021 (was 21.7247)
t=58224ms iter=1390 incumb=21.7247 ratchet=21.7556 best=21.7111 since_improve=18
t=58225ms iter=1391 WAIST cost=19.0000 best_alt=15.0000 gap=4.0000 tried=5 sep_labels=15 clique_frac=0.02
t=58244ms iter=1391 REBUILD reject new_tc=21.8593 (was 21.7247)
t=58265ms iter=1391 incumb=21.7247 ratchet=21.7273 best=21.7111 since_improve=19
t=58266ms iter=1392 WAIST cost=19.0000 best_alt=15.0000 gap=4.0000 tried=5 sep_labels=15 clique_frac=0.02
t=58286ms iter=1392 REBUILD reject new_tc=21.9051 (was 21.7247)
t=58307ms iter=1392 incumb=21.7247 ratchet=21.7403 best=21.7111 since_improve=20
t=58309ms iter=1393 WAIST cost=19.0000 best_alt=15.0000 gap=4.0000 tried=5 sep_labels=15 clique_frac=0.02
t=58328ms iter=1393 REBUILD reject new_tc=22.2085 (was 21.7247)
t=58349ms iter=1393 incumb=21.7247 ratchet=21.7417 best=21.7111 since_improve=21
t=58351ms iter=1394 WAIST cost=19.0000 best_alt=15.0000 gap=4.0000 tried=5 sep_labels=15 clique_frac=0.02
t=58369ms iter=1394 REBUILD reject new_tc=22.5835 (was 21.7247)
t=58390ms iter=1394 incumb=21.7247 ratchet=21.7676 best=21.7111 since_improve=22
t=58392ms iter=1395 WAIST cost=19.0000 best_alt=15.0000 gap=4.0000 tried=5 sep_labels=15 clique_frac=0.02
t=58411ms iter=1395 REBUILD reject new_tc=22.1574 (was 21.7247)
t=58432ms iter=1395 incumb=21.7247 ratchet=21.7925 best=21.7111 since_improve=23
t=58433ms iter=1396 WAIST cost=19.0000 best_alt=15.0000 gap=4.0000 tried=5 sep_labels=15 clique_frac=0.02
t=58453ms iter=1396 REBUILD reject new_tc=21.8231 (was 21.7247)
t=58474ms iter=1396 incumb=21.7247 ratchet=21.7546 best=21.7111 since_improve=24
t=58475ms iter=1397 WAIST cost=19.0000 best_alt=15.0000 gap=4.0000 tried=5 sep_labels=15 clique_frac=0.02
t=58494ms iter=1397 REBUILD reject new_tc=22.2161 (was 21.7247)
t=58515ms iter=1397 incumb=21.7247 ratchet=21.7675 best=21.7111 since_improve=25
t=58516ms iter=1398 WAIST cost=19.0000 best_alt=15.0000 gap=4.0000 tried=5 sep_labels=15 clique_frac=0.02
t=58535ms iter=1398 REBUILD reject new_tc=21.8188 (was 21.7247)
t=58556ms iter=1398 incumb=21.7247 ratchet=21.7976 best=21.7111 since_improve=26
t=58558ms iter=1399 WAIST cost=19.0000 best_alt=15.0000 gap=4.0000 tried=5 sep_labels=15 clique_frac=0.02
t=58577ms iter=1399 REBUILD reject new_tc=21.8588 (was 21.7247)
t=58597ms iter=1399 incumb=21.7247 ratchet=21.7764 best=21.7111 since_improve=27
t=58599ms iter=1400 WAIST cost=19.0000 best_alt=15.0000 gap=4.0000 tried=5 sep_labels=15 clique_frac=0.02
t=58618ms iter=1400 REBUILD reject new_tc=22.1243 (was 21.7247)
t=58639ms iter=1400 incumb=21.7247 ratchet=21.9876 best=21.7111 since_improve=28
t=58641ms iter=1401 WAIST cost=19.0000 best_alt=15.0000 gap=4.0000 tried=5 sep_labels=15 clique_frac=0.02
t=58660ms iter=1401 REBUILD reject new_tc=22.0911 (was 21.7247)
t=58681ms iter=1401 incumb=21.7247 ratchet=21.8452 best=21.7111 since_improve=29
t=58683ms iter=1402 WAIST cost=19.0000 best_alt=15.0000 gap=4.0000 tried=5 sep_labels=15 clique_frac=0.02
t=58702ms iter=1402 REBUILD reject new_tc=22.1205 (was 21.7247)
t=58723ms iter=1402 incumb=21.7247 ratchet=21.8199 best=21.7111 since_improve=30
t=58724ms iter=1403 WAIST cost=19.0000 best_alt=15.0000 gap=4.0000 tried=5 sep_labels=15 clique_frac=0.02
t=58743ms iter=1403 REBUILD reject new_tc=21.9089 (was 21.7247)
t=58764ms iter=1403 incumb=21.7247 ratchet=21.9336 best=21.7111 since_improve=31
t=58766ms iter=1404 WAIST cost=19.0000 best_alt=15.0000 gap=4.0000 tried=5 sep_labels=15 clique_frac=0.02
t=58785ms iter=1404 REBUILD reject new_tc=21.8661 (was 21.7247)
t=58806ms iter=1404 incumb=21.7247 ratchet=21.7967 best=21.7111 since_improve=32
t=58807ms iter=1405 WAIST cost=19.0000 best_alt=15.0000 gap=4.0000 tried=5 sep_labels=15 clique_frac=0.02
t=58826ms iter=1405 REBUILD reject new_tc=21.8199 (was 21.7247)
t=58847ms iter=1405 incumb=21.7247 ratchet=21.9345 best=21.7111 since_improve=33
t=58849ms iter=1406 WAIST cost=19.0000 best_alt=15.0000 gap=4.0000 tried=5 sep_labels=15 clique_frac=0.02
t=58868ms iter=1406 REBUILD reject new_tc=22.2091 (was 21.7247)
t=58889ms iter=1406 incumb=21.7247 ratchet=21.7582 best=21.7111 since_improve=34
t=58891ms iter=1407 WAIST cost=19.0000 best_alt=15.0000 gap=4.0000 tried=5 sep_labels=15 clique_frac=0.02
t=58910ms iter=1407 REBUILD reject new_tc=21.8256 (was 21.7247)
t=58931ms iter=1407 incumb=21.7247 ratchet=21.8128 best=21.7111 since_improve=35
t=58932ms iter=1408 WAIST cost=19.0000 best_alt=15.0000 gap=4.0000 tried=5 sep_labels=15 clique_frac=0.02
t=58951ms iter=1408 REBUILD reject new_tc=22.1835 (was 21.7247)
t=58972ms iter=1408 incumb=21.7247 ratchet=21.7643 best=21.7111 since_improve=36
t=58974ms iter=1409 WAIST cost=19.0000 best_alt=15.0000 gap=4.0000 tried=5 sep_labels=15 clique_frac=0.02
t=58993ms iter=1409 REBUILD reject new_tc=21.7806 (was 21.7247)
t=59014ms iter=1409 incumb=21.7247 ratchet=21.8054 best=21.7111 since_improve=37
t=59015ms iter=1410 WAIST cost=19.0000 best_alt=15.0000 gap=4.0000 tried=5 sep_labels=15 clique_frac=0.02
t=59035ms iter=1410 REBUILD reject new_tc=21.8232 (was 21.7247)
t=59055ms iter=1410 incumb=21.7247 ratchet=21.8131 best=21.7111 since_improve=38
t=59057ms iter=1411 WAIST cost=19.0000 best_alt=15.0000 gap=4.0000 tried=5 sep_labels=15 clique_frac=0.02
t=59076ms iter=1411 REBUILD reject new_tc=21.9853 (was 21.7247)
t=59096ms iter=1411 incumb=21.7247 ratchet=21.8811 best=21.7111 since_improve=39
t=59098ms iter=1412 WAIST cost=19.0000 best_alt=15.0000 gap=4.0000 tried=5 sep_labels=15 clique_frac=0.02
t=59117ms iter=1412 REBUILD reject new_tc=21.8317 (was 21.7247)
t=59138ms iter=1412 incumb=21.7247 ratchet=21.7959 best=21.7111 since_improve=40
t=59139ms iter=1413 WAIST cost=19.0000 best_alt=15.0000 gap=4.0000 tried=5 sep_labels=15 clique_frac=0.02
t=59159ms iter=1413 REBUILD reject new_tc=21.8799 (was 21.7247)
t=59179ms iter=1413 incumb=21.7247 ratchet=21.7528 best=21.7111 since_improve=41
t=59181ms iter=1414 WAIST cost=19.0000 best_alt=15.0000 gap=4.0000 tried=5 sep_labels=15 clique_frac=0.02
t=59200ms iter=1414 REBUILD reject new_tc=22.0553 (was 21.7247)
t=59220ms iter=1414 incumb=21.7247 ratchet=21.9904 best=21.7111 since_improve=42
t=59222ms iter=1415 WAIST cost=19.0000 best_alt=15.0000 gap=4.0000 tried=5 sep_labels=15 clique_frac=0.02
t=59241ms iter=1415 REBUILD reject new_tc=21.9171 (was 21.7247)
t=59262ms iter=1415 incumb=21.7247 ratchet=21.8174 best=21.7111 since_improve=43
t=59263ms iter=1416 WAIST cost=19.0000 best_alt=15.0000 gap=4.0000 tried=5 sep_labels=15 clique_frac=0.02
t=59282ms iter=1416 REBUILD reject new_tc=22.1788 (was 21.7247)
t=59303ms iter=1416 incumb=21.7247 ratchet=21.8589 best=21.7111 since_improve=44
t=59304ms iter=1417 WAIST cost=19.0000 best_alt=15.0000 gap=4.0000 tried=5 sep_labels=15 clique_frac=0.02
t=59323ms iter=1417 REBUILD reject new_tc=22.1811 (was 21.7247)
t=59344ms iter=1417 incumb=21.7247 ratchet=21.7539 best=21.7111 since_improve=45
t=59345ms iter=1418 WAIST cost=19.0000 best_alt=15.0000 gap=4.0000 tried=5 sep_labels=15 clique_frac=0.02
t=59364ms iter=1418 REBUILD reject new_tc=22.5324 (was 21.7247)
t=59386ms iter=1418 incumb=21.7247 ratchet=21.8328 best=21.7111 since_improve=46
t=59387ms iter=1419 WAIST cost=19.0000 best_alt=15.0000 gap=4.0000 tried=5 sep_labels=15 clique_frac=0.02
t=59406ms iter=1419 REBUILD reject new_tc=21.9044 (was 21.7247)
t=59427ms iter=1419 incumb=21.7247 ratchet=21.8049 best=21.7111 since_improve=47
t=59429ms iter=1420 WAIST cost=19.0000 best_alt=15.0000 gap=4.0000 tried=5 sep_labels=15 clique_frac=0.02
t=59448ms iter=1420 REBUILD reject new_tc=22.3314 (was 21.7247)
t=59469ms iter=1420 incumb=21.7247 ratchet=21.8444 best=21.7111 since_improve=48
t=59470ms iter=1421 WAIST cost=19.0000 best_alt=15.0000 gap=4.0000 tried=5 sep_labels=15 clique_frac=0.02
t=59489ms iter=1421 REBUILD reject new_tc=21.7796 (was 21.7247)
t=59510ms iter=1421 incumb=21.7247 ratchet=21.9081 best=21.7111 since_improve=49
t=59512ms iter=1422 WAIST cost=19.0000 best_alt=15.0000 gap=4.0000 tried=5 sep_labels=15 clique_frac=0.02
t=59531ms iter=1422 REBUILD reject new_tc=21.8732 (was 21.7247)
t=59553ms iter=1422 incumb=21.7247 ratchet=21.7645 best=21.7111 since_improve=50
t=59554ms iter=1423 WAIST cost=19.0000 best_alt=15.0000 gap=4.0000 tried=5 sep_labels=15 clique_frac=0.02
t=59573ms iter=1423 REBUILD reject new_tc=21.9401 (was 21.7247)
t=59594ms iter=1423 incumb=21.7247 ratchet=21.7386 best=21.7111 since_improve=51
t=59596ms iter=1424 WAIST cost=19.0000 best_alt=15.0000 gap=4.0000 tried=5 sep_labels=15 clique_frac=0.02
t=59615ms iter=1424 REBUILD reject new_tc=21.7797 (was 21.7247)
t=59636ms iter=1424 incumb=21.7247 ratchet=21.8350 best=21.7111 since_improve=52
t=59637ms iter=1425 WAIST cost=19.0000 best_alt=15.0000 gap=4.0000 tried=5 sep_labels=15 clique_frac=0.02
t=59657ms iter=1425 REBUILD reject new_tc=21.8216 (was 21.7247)
t=59677ms iter=1425 incumb=21.7247 ratchet=21.8948 best=21.7111 since_improve=53
t=59679ms iter=1426 WAIST cost=19.0000 best_alt=15.0000 gap=4.0000 tried=5 sep_labels=15 clique_frac=0.02
t=59698ms iter=1426 REBUILD reject new_tc=22.1048 (was 21.7247)
t=59719ms iter=1426 incumb=21.7247 ratchet=21.8937 best=21.7111 since_improve=54
t=59720ms iter=1427 WAIST cost=19.0000 best_alt=15.0000 gap=4.0000 tried=5 sep_labels=15 clique_frac=0.02
t=59739ms iter=1427 REBUILD reject new_tc=21.8830 (was 21.7247)
t=59760ms iter=1427 incumb=21.7247 ratchet=21.8899 best=21.7111 since_improve=55
t=59762ms iter=1428 WAIST cost=19.0000 best_alt=15.0000 gap=4.0000 tried=5 sep_labels=15 clique_frac=0.02
t=59781ms iter=1428 REBUILD reject new_tc=21.7779 (was 21.7247)
t=59802ms iter=1428 incumb=21.7247 ratchet=21.8547 best=21.7111 since_improve=56
t=59803ms iter=1429 WAIST cost=19.0000 best_alt=15.0000 gap=4.0000 tried=5 sep_labels=15 clique_frac=0.02
t=59822ms iter=1429 REBUILD reject new_tc=22.0267 (was 21.7247)
t=59843ms iter=1429 incumb=21.7247 ratchet=21.7684 best=21.7111 since_improve=57
t=59844ms iter=1430 WAIST cost=19.0000 best_alt=15.0000 gap=4.0000 tried=5 sep_labels=15 clique_frac=0.02
t=59864ms iter=1430 REBUILD reject new_tc=22.1800 (was 21.7247)
t=59884ms iter=1430 incumb=21.7247 ratchet=21.8340 best=21.7111 since_improve=58
t=59886ms iter=1431 WAIST cost=19.0000 best_alt=15.0000 gap=4.0000 tried=5 sep_labels=15 clique_frac=0.02
t=59905ms iter=1431 REBUILD reject new_tc=21.8701 (was 21.7247)
t=59926ms iter=1431 incumb=21.7247 ratchet=21.7316 best=21.7111 since_improve=59
t=59928ms iter=1432 WAIST cost=19.0000 best_alt=15.0000 gap=4.0000 tried=5 sep_labels=15 clique_frac=0.02
t=59947ms iter=1432 REBUILD reject new_tc=22.0060 (was 21.7247)
t=59968ms iter=1432 incumb=21.7247 ratchet=21.8745 best=21.7111 since_improve=60
t=59969ms iter=1433 WAIST cost=19.0000 best_alt=15.0000 gap=4.0000 tried=5 sep_labels=15 clique_frac=0.02
t=59988ms iter=1433 REBUILD reject new_tc=22.0883 (was 21.7247)
t=60009ms iter=1433 incumb=21.7247 ratchet=21.8424 best=21.7111 since_improve=61
t=60010ms iter=1434 WAIST cost=19.0000 best_alt=15.0000 gap=4.0000 tried=5 sep_labels=15 clique_frac=0.02
t=60029ms iter=1434 REBUILD reject new_tc=21.8254 (was 21.7247)
t=60051ms iter=1434 incumb=21.7247 ratchet=21.9444 best=21.7111 since_improve=62
t=60052ms iter=1435 WAIST cost=19.0000 best_alt=15.0000 gap=4.0000 tried=5 sep_labels=15 clique_frac=0.02
t=60071ms iter=1435 REBUILD reject new_tc=22.0965 (was 21.7247)
t=60092ms iter=1435 incumb=21.7247 ratchet=21.8803 best=21.7111 since_improve=63
t=60093ms iter=1436 WAIST cost=19.0000 best_alt=15.0000 gap=4.0000 tried=5 sep_labels=15 clique_frac=0.02
t=60112ms iter=1436 REBUILD reject new_tc=22.0428 (was 21.7247)
t=60133ms iter=1436 incumb=21.7247 ratchet=21.8437 best=21.7111 since_improve=64
t=60134ms iter=1437 WAIST cost=19.0000 best_alt=15.0000 gap=4.0000 tried=5 sep_labels=15 clique_frac=0.02
t=60153ms iter=1437 REBUILD reject new_tc=22.2177 (was 21.7247)
t=60174ms iter=1437 incumb=21.7247 ratchet=21.7619 best=21.7111 since_improve=65
t=60176ms iter=1438 WAIST cost=19.0000 best_alt=15.0000 gap=4.0000 tried=5 sep_labels=15 clique_frac=0.02
t=60195ms iter=1438 REBUILD reject new_tc=21.8331 (was 21.7247)
t=60215ms iter=1438 incumb=21.7247 ratchet=21.8338 best=21.7111 since_improve=66
t=60216ms iter=1439 WAIST cost=19.0000 best_alt=15.0000 gap=4.0000 tried=5 sep_labels=15 clique_frac=0.02
t=60236ms iter=1439 REBUILD reject new_tc=22.3332 (was 21.7247)
t=60256ms iter=1439 incumb=21.7247 ratchet=21.8963 best=21.7111 since_improve=67
t=60258ms iter=1440 WAIST cost=19.0000 best_alt=15.0000 gap=4.0000 tried=5 sep_labels=15 clique_frac=0.02
t=60277ms iter=1440 REBUILD reject new_tc=21.8690 (was 21.7247)
t=60298ms iter=1440 incumb=21.7247 ratchet=21.9283 best=21.7111 since_improve=68
t=60299ms iter=1441 WAIST cost=19.0000 best_alt=15.0000 gap=4.0000 tried=5 sep_labels=15 clique_frac=0.02
t=60318ms iter=1441 REBUILD reject new_tc=22.1787 (was 21.7247)
t=60339ms iter=1441 incumb=21.7247 ratchet=21.7425 best=21.7111 since_improve=69
t=60340ms iter=1442 WAIST cost=19.0000 best_alt=15.0000 gap=4.0000 tried=5 sep_labels=15 clique_frac=0.02
t=60359ms iter=1442 REBUILD reject new_tc=21.8266 (was 21.7247)
t=60380ms iter=1442 incumb=21.7247 ratchet=21.7265 best=21.7111 since_improve=70
t=60382ms iter=1443 WAIST cost=19.0000 best_alt=15.0000 gap=4.0000 tried=5 sep_labels=15 clique_frac=0.02
t=60401ms iter=1443 REBUILD reject new_tc=22.0935 (was 21.7247)
t=60422ms iter=1443 incumb=21.7247 ratchet=21.9079 best=21.7111 since_improve=71
t=60423ms iter=1444 WAIST cost=19.0000 best_alt=15.0000 gap=4.0000 tried=5 sep_labels=15 clique_frac=0.02
t=60442ms iter=1444 REBUILD reject new_tc=21.8825 (was 21.7247)
t=60463ms iter=1444 incumb=21.7247 ratchet=21.9636 best=21.7111 since_improve=72
t=60465ms iter=1445 WAIST cost=19.0000 best_alt=15.0000 gap=4.0000 tried=5 sep_labels=15 clique_frac=0.02
t=60484ms iter=1445 REBUILD reject new_tc=21.9407 (was 21.7247)
t=60505ms iter=1445 incumb=21.7247 ratchet=21.7610 best=21.7111 since_improve=73
t=60506ms iter=1446 WAIST cost=19.0000 best_alt=15.0000 gap=4.0000 tried=5 sep_labels=15 clique_frac=0.02
t=60525ms iter=1446 REBUILD reject new_tc=21.8332 (was 21.7247)
t=60546ms iter=1446 incumb=21.7247 ratchet=21.7930 best=21.7111 since_improve=74
t=60547ms iter=1447 WAIST cost=19.0000 best_alt=15.0000 gap=4.0000 tried=5 sep_labels=15 clique_frac=0.02
t=60566ms iter=1447 REBUILD reject new_tc=21.8309 (was 21.7247)
t=60587ms iter=1447 incumb=21.7247 ratchet=21.8086 best=21.7111 since_improve=75
t=60589ms iter=1448 WAIST cost=19.0000 best_alt=15.0000 gap=4.0000 tried=5 sep_labels=15 clique_frac=0.02
t=60608ms iter=1448 REBUILD reject new_tc=22.1803 (was 21.7247)
t=60629ms iter=1448 incumb=21.7247 ratchet=21.9022 best=21.7111 since_improve=76
t=60630ms iter=1449 WAIST cost=19.0000 best_alt=15.0000 gap=4.0000 tried=5 sep_labels=15 clique_frac=0.02
t=60649ms iter=1449 REBUILD reject new_tc=21.8805 (was 21.7247)
t=60670ms iter=1449 incumb=21.7247 ratchet=21.8090 best=21.7111 since_improve=77
t=60672ms iter=1450 WAIST cost=19.0000 best_alt=15.0000 gap=4.0000 tried=5 sep_labels=15 clique_frac=0.02
t=60690ms iter=1450 REBUILD reject new_tc=22.0571 (was 21.7247)
t=60711ms iter=1450 incumb=21.7247 ratchet=21.8268 best=21.7111 since_improve=78
t=60713ms iter=1451 WAIST cost=19.0000 best_alt=15.0000 gap=4.0000 tried=5 sep_labels=15 clique_frac=0.02
t=60732ms iter=1451 REBUILD reject new_tc=22.1182 (was 21.7247)
t=60753ms iter=1451 incumb=21.7247 ratchet=21.8454 best=21.7111 since_improve=79
t=60754ms iter=1452 WAIST cost=19.0000 best_alt=15.0000 gap=4.0000 tried=5 sep_labels=15 clique_frac=0.02
t=60774ms iter=1452 REBUILD reject new_tc=21.9548 (was 21.7247)
t=60795ms iter=1452 incumb=21.7247 ratchet=21.7654 best=21.7111 since_improve=80
t=60796ms iter=1453 WAIST cost=19.0000 best_alt=15.0000 gap=4.0000 tried=5 sep_labels=15 clique_frac=0.02
t=60815ms iter=1453 REBUILD reject new_tc=21.9067 (was 21.7247)
t=60836ms iter=1453 incumb=21.7247 ratchet=21.8934 best=21.7111 since_improve=81
t=60838ms iter=1454 WAIST cost=19.0000 best_alt=15.0000 gap=4.0000 tried=5 sep_labels=15 clique_frac=0.02
t=60857ms iter=1454 REBUILD reject new_tc=21.7822 (was 21.7247)
t=60878ms iter=1454 incumb=21.7247 ratchet=21.8943 best=21.7111 since_improve=82
t=60879ms iter=1455 WAIST cost=19.0000 best_alt=15.0000 gap=4.0000 tried=5 sep_labels=15 clique_frac=0.02
t=60899ms iter=1455 REBUILD reject new_tc=21.8207 (was 21.7247)
t=60920ms iter=1455 incumb=21.7247 ratchet=21.9352 best=21.7111 since_improve=83
t=60921ms iter=1456 WAIST cost=19.0000 best_alt=15.0000 gap=4.0000 tried=5 sep_labels=15 clique_frac=0.02
t=60940ms iter=1456 REBUILD reject new_tc=22.1796 (was 21.7247)
t=60961ms iter=1456 incumb=21.7247 ratchet=21.9361 best=21.7111 since_improve=84
t=60963ms iter=1457 WAIST cost=19.0000 best_alt=15.0000 gap=4.0000 tried=5 sep_labels=15 clique_frac=0.02
t=60982ms iter=1457 REBUILD reject new_tc=22.1178 (was 21.7247)
t=61003ms iter=1457 incumb=21.7247 ratchet=21.8441 best=21.7111 since_improve=85
t=61004ms iter=1458 WAIST cost=19.0000 best_alt=15.0000 gap=4.0000 tried=5 sep_labels=15 clique_frac=0.02
t=61024ms iter=1458 REBUILD reject new_tc=21.9154 (was 21.7247)
t=61045ms iter=1458 incumb=21.7247 ratchet=21.8541 best=21.7111 since_improve=86
t=61046ms iter=1459 WAIST cost=19.0000 best_alt=15.0000 gap=4.0000 tried=5 sep_labels=15 clique_frac=0.02
t=61066ms iter=1459 REBUILD reject new_tc=21.8934 (was 21.7247)
t=61087ms iter=1459 incumb=21.7247 ratchet=21.7781 best=21.7111 since_improve=87
t=61088ms iter=1460 WAIST cost=19.0000 best_alt=15.0000 gap=4.0000 tried=5 sep_labels=15 clique_frac=0.02
t=61108ms iter=1460 REBUILD reject new_tc=21.9560 (was 21.7247)
t=61129ms iter=1460 incumb=21.7247 ratchet=21.9073 best=21.7111 since_improve=88
t=61130ms iter=1461 WAIST cost=19.0000 best_alt=15.0000 gap=4.0000 tried=5 sep_labels=15 clique_frac=0.02
t=61150ms iter=1461 REBUILD reject new_tc=21.7920 (was 21.7247)
t=61171ms iter=1461 incumb=21.7247 ratchet=21.8344 best=21.7111 since_improve=89
t=61172ms iter=1462 WAIST cost=19.0000 best_alt=15.0000 gap=4.0000 tried=5 sep_labels=15 clique_frac=0.02
t=61191ms iter=1462 REBUILD reject new_tc=22.0422 (was 21.7247)
t=61213ms iter=1462 incumb=21.7247 ratchet=21.8455 best=21.7111 since_improve=90
t=61214ms iter=1463 WAIST cost=19.0000 best_alt=15.0000 gap=4.0000 tried=5 sep_labels=15 clique_frac=0.02
t=61233ms iter=1463 REBUILD reject new_tc=22.1786 (was 21.7247)
t=61254ms iter=1463 incumb=21.7247 ratchet=21.8999 best=21.7111 since_improve=91
t=61255ms iter=1464 WAIST cost=19.0000 best_alt=15.0000 gap=4.0000 tried=5 sep_labels=15 clique_frac=0.02
t=61274ms iter=1464 REBUILD reject new_tc=21.8680 (was 21.7247)
t=61295ms iter=1464 incumb=21.7247 ratchet=21.9168 best=21.7111 since_improve=92
t=61297ms iter=1465 WAIST cost=19.0000 best_alt=15.0000 gap=4.0000 tried=5 sep_labels=15 clique_frac=0.02
t=61316ms iter=1465 REBUILD reject new_tc=21.8788 (was 21.7247)
t=61337ms iter=1465 incumb=21.7247 ratchet=21.8457 best=21.7111 since_improve=93
t=61339ms iter=1466 WAIST cost=19.0000 best_alt=15.0000 gap=4.0000 tried=5 sep_labels=15 clique_frac=0.02
t=61358ms iter=1466 REBUILD reject new_tc=21.8697 (was 21.7247)
t=61379ms iter=1466 incumb=21.7247 ratchet=21.7682 best=21.7111 since_improve=94
t=61381ms iter=1467 WAIST cost=19.0000 best_alt=15.0000 gap=4.0000 tried=5 sep_labels=15 clique_frac=0.02
t=61402ms iter=1467 REBUILD reject new_tc=21.9143 (was 21.7247)
t=61422ms iter=1467 incumb=21.7247 ratchet=21.7516 best=21.7111 since_improve=95
t=61424ms iter=1468 WAIST cost=19.0000 best_alt=15.0000 gap=4.0000 tried=5 sep_labels=15 clique_frac=0.02
t=61444ms iter=1468 REBUILD reject new_tc=21.8185 (was 21.7247)
t=61464ms iter=1468 incumb=21.7247 ratchet=21.9367 best=21.7111 since_improve=96
t=61466ms iter=1469 WAIST cost=19.0000 best_alt=15.0000 gap=4.0000 tried=5 sep_labels=15 clique_frac=0.02
t=61485ms iter=1469 REBUILD reject new_tc=21.8804 (was 21.7247)
t=61506ms iter=1469 incumb=21.7247 ratchet=21.8465 best=21.7111 since_improve=97
t=61508ms iter=1470 WAIST cost=19.0000 best_alt=15.0000 gap=4.0000 tried=5 sep_labels=15 clique_frac=0.02
t=61527ms iter=1470 REBUILD reject new_tc=22.1806 (was 21.7247)
t=61548ms iter=1470 incumb=21.7247 ratchet=21.8834 best=21.7111 since_improve=98
t=61549ms iter=1471 WAIST cost=19.0000 best_alt=15.0000 gap=4.0000 tried=5 sep_labels=15 clique_frac=0.02
t=61568ms iter=1471 REBUILD reject new_tc=21.9040 (was 21.7247)
t=61590ms iter=1471 incumb=21.7247 ratchet=21.9670 best=21.7111 since_improve=99
t=61591ms iter=1472 WAIST cost=19.0000 best_alt=15.0000 gap=4.0000 tried=5 sep_labels=15 clique_frac=0.02
t=61610ms iter=1472 REBUILD reject new_tc=21.8195 (was 21.7247)
t=61631ms iter=1472 incumb=21.7247 ratchet=21.7397 best=21.7111 since_improve=100
t=61633ms iter=1473 WAIST cost=19.0000 best_alt=15.0000 gap=4.0000 tried=5 sep_labels=15 clique_frac=0.02
t=61652ms iter=1473 REBUILD reject new_tc=21.9971 (was 21.7247)
t=61673ms iter=1473 incumb=21.7247 ratchet=21.8103 best=21.7111 since_improve=101
t=61675ms iter=1474 WAIST cost=19.0000 best_alt=15.0000 gap=4.0000 tried=5 sep_labels=15 clique_frac=0.02
t=61694ms iter=1474 REBUILD reject new_tc=22.4394 (was 21.7247)
t=61714ms iter=1474 incumb=21.7247 ratchet=21.7581 best=21.7111 since_improve=102
t=61716ms iter=1475 WAIST cost=19.0000 best_alt=15.0000 gap=4.0000 tried=5 sep_labels=15 clique_frac=0.02
t=61735ms iter=1475 REBUILD reject new_tc=21.8204 (was 21.7247)
t=61756ms iter=1475 incumb=21.7247 ratchet=21.7258 best=21.7111 since_improve=103
t=61758ms iter=1476 WAIST cost=19.0000 best_alt=15.0000 gap=4.0000 tried=5 sep_labels=15 clique_frac=0.02
t=61777ms iter=1476 REBUILD reject new_tc=22.4165 (was 21.7247)
t=61798ms iter=1476 incumb=21.7247 ratchet=21.8904 best=21.7111 since_improve=104
t=61799ms iter=1477 WAIST cost=19.0000 best_alt=15.0000 gap=4.0000 tried=5 sep_labels=15 clique_frac=0.02
t=61819ms iter=1477 REBUILD reject new_tc=22.0489 (was 21.7247)
t=61840ms iter=1477 incumb=21.7247 ratchet=21.8833 best=21.7111 since_improve=105
t=61842ms iter=1478 WAIST cost=19.0000 best_alt=15.0000 gap=4.0000 tried=5 sep_labels=15 clique_frac=0.02
t=61861ms iter=1478 REBUILD reject new_tc=22.4659 (was 21.7247)
t=61882ms iter=1478 incumb=21.7247 ratchet=21.8682 best=21.7111 since_improve=106
t=61883ms iter=1479 WAIST cost=19.0000 best_alt=15.0000 gap=4.0000 tried=5 sep_labels=15 clique_frac=0.02
t=61903ms iter=1479 REBUILD reject new_tc=22.4018 (was 21.7247)
t=61923ms iter=1479 incumb=21.7247 ratchet=21.8606 best=21.7111 since_improve=107
t=61925ms iter=1480 WAIST cost=19.0000 best_alt=15.0000 gap=4.0000 tried=5 sep_labels=15 clique_frac=0.02
t=61944ms iter=1480 REBUILD reject new_tc=21.8199 (was 21.7247)
t=61965ms iter=1480 incumb=21.7247 ratchet=21.8385 best=21.7111 since_improve=108
t=61966ms iter=1481 WAIST cost=19.0000 best_alt=15.0000 gap=4.0000 tried=5 sep_labels=15 clique_frac=0.02
t=61985ms iter=1481 REBUILD reject new_tc=21.8679 (was 21.7247)
t=62006ms iter=1481 incumb=21.7247 ratchet=21.7391 best=21.7111 since_improve=109
t=62008ms iter=1482 WAIST cost=19.0000 best_alt=15.0000 gap=4.0000 tried=5 sep_labels=15 clique_frac=0.02
t=62026ms iter=1482 REBUILD reject new_tc=22.4048 (was 21.7247)
t=62047ms iter=1482 incumb=21.7247 ratchet=21.8571 best=21.7111 since_improve=110
t=62048ms iter=1483 WAIST cost=19.0000 best_alt=15.0000 gap=4.0000 tried=5 sep_labels=15 clique_frac=0.02
t=62067ms iter=1483 REBUILD reject new_tc=22.2647 (was 21.7247)
t=62088ms iter=1483 incumb=21.7247 ratchet=21.9095 best=21.7111 since_improve=111
t=62089ms iter=1484 WAIST cost=19.0000 best_alt=15.0000 gap=4.0000 tried=5 sep_labels=15 clique_frac=0.02
t=62108ms iter=1484 REBUILD reject new_tc=22.2123 (was 21.7247)
t=62129ms iter=1484 incumb=21.7247 ratchet=21.8802 best=21.7111 since_improve=112
t=62131ms iter=1485 WAIST cost=19.0000 best_alt=15.0000 gap=4.0000 tried=5 sep_labels=15 clique_frac=0.02
t=62150ms iter=1485 REBUILD reject new_tc=21.8200 (was 21.7247)
t=62171ms iter=1485 incumb=21.7247 ratchet=22.0461 best=21.7111 since_improve=113
t=62173ms iter=1486 WAIST cost=19.0000 best_alt=15.0000 gap=4.0000 tried=5 sep_labels=15 clique_frac=0.02
t=62192ms iter=1486 REBUILD reject new_tc=22.4109 (was 21.7247)
t=62212ms iter=1486 incumb=21.7247 ratchet=21.7799 best=21.7111 since_improve=114
t=62214ms iter=1487 WAIST cost=19.0000 best_alt=15.0000 gap=4.0000 tried=5 sep_labels=15 clique_frac=0.02
t=62233ms iter=1487 REBUILD reject new_tc=22.6278 (was 21.7247)
t=62254ms iter=1487 incumb=21.7247 ratchet=21.7415 best=21.7111 since_improve=115
t=62255ms iter=1488 WAIST cost=19.0000 best_alt=15.0000 gap=4.0000 tried=5 sep_labels=15 clique_frac=0.02
t=62274ms iter=1488 REBUILD reject new_tc=21.9298 (was 21.7247)
t=62294ms iter=1488 incumb=21.7247 ratchet=21.8448 best=21.7111 since_improve=116
t=62296ms iter=1489 WAIST cost=19.0000 best_alt=15.0000 gap=4.0000 tried=5 sep_labels=15 clique_frac=0.02
t=62315ms iter=1489 REBUILD reject new_tc=22.0509 (was 21.7247)
t=62336ms iter=1489 incumb=21.7247 ratchet=21.9086 best=21.7111 since_improve=117
t=62338ms iter=1490 WAIST cost=19.0000 best_alt=15.0000 gap=4.0000 tried=5 sep_labels=15 clique_frac=0.02
t=62357ms iter=1490 REBUILD reject new_tc=21.8179 (was 21.7247)
t=62378ms iter=1490 incumb=21.7247 ratchet=21.7533 best=21.7111 since_improve=118
t=62379ms iter=1491 WAIST cost=19.0000 best_alt=15.0000 gap=4.0000 tried=5 sep_labels=15 clique_frac=0.02
t=62398ms iter=1491 REBUILD reject new_tc=21.8925 (was 21.7247)
t=62419ms iter=1491 incumb=21.7247 ratchet=21.7538 best=21.7111 since_improve=119
t=62421ms iter=1492 WAIST cost=19.0000 best_alt=15.0000 gap=4.0000 tried=5 sep_labels=15 clique_frac=0.02
t=62440ms iter=1492 REBUILD reject new_tc=22.3352 (was 21.7247)
t=62461ms iter=1492 incumb=21.7247 ratchet=21.9421 best=21.7111 since_improve=120
t=62463ms iter=1493 WAIST cost=19.0000 best_alt=15.0000 gap=4.0000 tried=5 sep_labels=15 clique_frac=0.02
t=62482ms iter=1493 REBUILD reject new_tc=22.1469 (was 21.7247)
t=62503ms iter=1493 incumb=21.7247 ratchet=21.9465 best=21.7111 since_improve=121
t=62505ms iter=1494 WAIST cost=19.0000 best_alt=15.0000 gap=4.0000 tried=5 sep_labels=15 clique_frac=0.02
t=62524ms iter=1494 REBUILD reject new_tc=22.3334 (was 21.7247)
t=62545ms iter=1494 incumb=21.7247 ratchet=21.7266 best=21.7111 since_improve=122
t=62546ms iter=1495 WAIST cost=19.0000 best_alt=15.0000 gap=4.0000 tried=5 sep_labels=15 clique_frac=0.02
t=62565ms iter=1495 REBUILD reject new_tc=22.3799 (was 21.7247)
t=62586ms iter=1495 incumb=21.7247 ratchet=21.7445 best=21.7111 since_improve=123
t=62587ms iter=1496 WAIST cost=19.0000 best_alt=15.0000 gap=4.0000 tried=5 sep_labels=15 clique_frac=0.02
t=62606ms iter=1496 REBUILD reject new_tc=21.8166 (was 21.7247)
t=62628ms iter=1496 incumb=21.7247 ratchet=21.8103 best=21.7111 since_improve=124
t=62629ms iter=1497 WAIST cost=19.0000 best_alt=15.0000 gap=4.0000 tried=5 sep_labels=15 clique_frac=0.02
t=62649ms iter=1497 REBUILD reject new_tc=21.9393 (was 21.7247)
t=62669ms iter=1497 incumb=21.7247 ratchet=22.1421 best=21.7111 since_improve=125
t=62671ms iter=1498 WAIST cost=19.0000 best_alt=15.0000 gap=4.0000 tried=5 sep_labels=15 clique_frac=0.02
t=62689ms iter=1498 REBUILD reject new_tc=22.3881 (was 21.7247)
t=62710ms iter=1498 incumb=21.7247 ratchet=21.7268 best=21.7111 since_improve=126
t=62712ms iter=1499 WAIST cost=19.0000 best_alt=15.0000 gap=4.0000 tried=5 sep_labels=15 clique_frac=0.02
t=62731ms iter=1499 REBUILD reject new_tc=21.8740 (was 21.7247)
t=62752ms iter=1499 incumb=21.7247 ratchet=21.7874 best=21.7111 since_improve=127
t=62754ms iter=1500 WAIST cost=19.0000 best_alt=15.0000 gap=4.0000 tried=5 sep_labels=15 clique_frac=0.02
t=62773ms iter=1500 REBUILD reject new_tc=21.8326 (was 21.7247)
t=62794ms iter=1500 incumb=21.7247 ratchet=21.7803 best=21.7111 since_improve=128
t=62795ms iter=1501 WAIST cost=19.0000 best_alt=15.0000 gap=4.0000 tried=5 sep_labels=15 clique_frac=0.02
t=62814ms iter=1501 REBUILD reject new_tc=22.4537 (was 21.7247)
t=62835ms iter=1501 incumb=21.7247 ratchet=21.7438 best=21.7111 since_improve=129
t=62837ms iter=1502 WAIST cost=19.0000 best_alt=15.0000 gap=4.0000 tried=5 sep_labels=15 clique_frac=0.02
t=62856ms iter=1502 REBUILD reject new_tc=22.0830 (was 21.7247)
t=62876ms iter=1502 incumb=21.7247 ratchet=21.7706 best=21.7111 since_improve=130
t=62877ms iter=1503 WAIST cost=19.0000 best_alt=15.0000 gap=4.0000 tried=5 sep_labels=15 clique_frac=0.02
t=62897ms iter=1503 REBUILD reject new_tc=21.9536 (was 21.7247)
t=62918ms iter=1503 incumb=21.7247 ratchet=22.0654 best=21.7111 since_improve=131
t=62919ms iter=1504 WAIST cost=19.0000 best_alt=15.0000 gap=4.0000 tried=5 sep_labels=15 clique_frac=0.02
t=62938ms iter=1504 REBUILD reject new_tc=22.1458 (was 21.7247)
t=62960ms iter=1504 incumb=21.7247 ratchet=21.8840 best=21.7111 since_improve=132
t=62961ms iter=1505 WAIST cost=19.0000 best_alt=15.0000 gap=4.0000 tried=5 sep_labels=15 clique_frac=0.02
t=62980ms iter=1505 REBUILD reject new_tc=22.0630 (was 21.7247)
t=63001ms iter=1505 incumb=21.7247 ratchet=21.8064 best=21.7111 since_improve=133
t=63003ms iter=1506 WAIST cost=19.0000 best_alt=15.0000 gap=4.0000 tried=5 sep_labels=15 clique_frac=0.02
t=63022ms iter=1506 REBUILD reject new_tc=21.8168 (was 21.7247)
t=63043ms iter=1506 incumb=21.7247 ratchet=21.7405 best=21.7111 since_improve=134
t=63044ms iter=1507 WAIST cost=19.0000 best_alt=15.0000 gap=4.0000 tried=5 sep_labels=15 clique_frac=0.02
t=63063ms iter=1507 REBUILD reject new_tc=22.3965 (was 21.7247)
t=63084ms iter=1507 incumb=21.7247 ratchet=21.8603 best=21.7111 since_improve=135
t=63086ms iter=1508 WAIST cost=19.0000 best_alt=15.0000 gap=4.0000 tried=5 sep_labels=15 clique_frac=0.02
t=63105ms iter=1508 REBUILD reject new_tc=21.8799 (was 21.7247)
t=63126ms iter=1508 incumb=21.7247 ratchet=22.0771 best=21.7111 since_improve=136
t=63127ms iter=1509 WAIST cost=19.0000 best_alt=15.0000 gap=4.0000 tried=5 sep_labels=15 clique_frac=0.02
t=63146ms iter=1509 REBUILD reject new_tc=21.9143 (was 21.7247)
t=63167ms iter=1509 incumb=21.7247 ratchet=21.9460 best=21.7111 since_improve=137
t=63168ms iter=1510 WAIST cost=19.0000 best_alt=15.0000 gap=4.0000 tried=5 sep_labels=15 clique_frac=0.02
t=63188ms iter=1510 REBUILD reject new_tc=21.8186 (was 21.7247)
t=63208ms iter=1510 incumb=21.7247 ratchet=21.7627 best=21.7111 since_improve=138
t=63210ms iter=1511 WAIST cost=19.0000 best_alt=15.0000 gap=4.0000 tried=5 sep_labels=15 clique_frac=0.02
t=63229ms iter=1511 REBUILD reject new_tc=22.3361 (was 21.7247)
t=63250ms iter=1511 incumb=21.7247 ratchet=21.7306 best=21.7111 since_improve=139
t=63252ms iter=1512 WAIST cost=19.0000 best_alt=15.0000 gap=4.0000 tried=5 sep_labels=15 clique_frac=0.02
t=63271ms iter=1512 REBUILD reject new_tc=21.8713 (was 21.7247)
t=63292ms iter=1512 incumb=21.7247 ratchet=22.0211 best=21.7111 since_improve=140
t=63294ms iter=1513 WAIST cost=19.0000 best_alt=15.0000 gap=4.0000 tried=5 sep_labels=15 clique_frac=0.02
t=63313ms iter=1513 REBUILD reject new_tc=21.9476 (was 21.7247)
t=63333ms iter=1513 incumb=21.7247 ratchet=21.9683 best=21.7111 since_improve=141
t=63335ms iter=1514 WAIST cost=19.0000 best_alt=15.0000 gap=4.0000 tried=5 sep_labels=15 clique_frac=0.02
t=63354ms iter=1514 REBUILD reject new_tc=21.7789 (was 21.7247)
t=63375ms iter=1514 incumb=21.7247 ratchet=21.7843 best=21.7111 since_improve=142
t=63376ms iter=1515 WAIST cost=19.0000 best_alt=15.0000 gap=4.0000 tried=5 sep_labels=15 clique_frac=0.02
t=63395ms iter=1515 REBUILD reject new_tc=21.8229 (was 21.7247)
t=63416ms iter=1515 incumb=21.7247 ratchet=22.0228 best=21.7111 since_improve=143
t=63418ms iter=1516 WAIST cost=19.0000 best_alt=15.0000 gap=4.0000 tried=5 sep_labels=15 clique_frac=0.02
t=63436ms iter=1516 REBUILD reject new_tc=22.0741 (was 21.7247)
t=63457ms iter=1516 incumb=21.7247 ratchet=21.7466 best=21.7111 since_improve=144
t=63459ms iter=1517 WAIST cost=19.0000 best_alt=15.0000 gap=4.0000 tried=5 sep_labels=15 clique_frac=0.02
t=63478ms iter=1517 REBUILD reject new_tc=21.8689 (was 21.7247)
t=63499ms iter=1517 incumb=21.7247 ratchet=21.7566 best=21.7111 since_improve=145
t=63500ms iter=1518 WAIST cost=19.0000 best_alt=15.0000 gap=4.0000 tried=5 sep_labels=15 clique_frac=0.02
t=63519ms iter=1518 REBUILD reject new_tc=22.0972 (was 21.7247)
t=63540ms iter=1518 incumb=21.7247 ratchet=21.7544 best=21.7111 since_improve=146
t=63541ms iter=1519 WAIST cost=19.0000 best_alt=15.0000 gap=4.0000 tried=5 sep_labels=15 clique_frac=0.02
t=63560ms iter=1519 REBUILD reject new_tc=22.1192 (was 21.7247)
t=63581ms iter=1519 incumb=21.7247 ratchet=21.8055 best=21.7111 since_improve=147
t=63583ms iter=1520 WAIST cost=19.0000 best_alt=15.0000 gap=4.0000 tried=5 sep_labels=15 clique_frac=0.02
t=63602ms iter=1520 REBUILD reject new_tc=21.9528 (was 21.7247)
t=63623ms iter=1520 incumb=21.7247 ratchet=21.9066 best=21.7111 since_improve=148
t=63625ms iter=1521 WAIST cost=19.0000 best_alt=15.0000 gap=4.0000 tried=5 sep_labels=15 clique_frac=0.02
t=63644ms iter=1521 REBUILD reject new_tc=21.8770 (was 21.7247)
t=63664ms iter=1521 incumb=21.7247 ratchet=21.8615 best=21.7111 since_improve=149
t=63666ms iter=1522 WAIST cost=19.0000 best_alt=15.0000 gap=4.0000 tried=5 sep_labels=15 clique_frac=0.02
t=63685ms iter=1522 REBUILD reject new_tc=22.2555 (was 21.7247)
t=63705ms iter=1522 incumb=21.7247 ratchet=21.8705 best=21.7111 since_improve=150
t=63707ms iter=1523 WAIST cost=19.0000 best_alt=15.0000 gap=4.0000 tried=5 sep_labels=15 clique_frac=0.02
t=63726ms iter=1523 REBUILD reject new_tc=21.8206 (was 21.7247)
t=63747ms iter=1523 incumb=21.7247 ratchet=21.8148 best=21.7111 since_improve=151
t=63748ms iter=1524 WAIST cost=19.0000 best_alt=15.0000 gap=4.0000 tried=5 sep_labels=15 clique_frac=0.02
t=63767ms iter=1524 REBUILD reject new_tc=21.8919 (was 21.7247)
t=63788ms iter=1524 incumb=21.7247 ratchet=21.8920 best=21.7111 since_improve=152
t=63789ms iter=1525 WAIST cost=19.0000 best_alt=15.0000 gap=4.0000 tried=5 sep_labels=15 clique_frac=0.02
t=63808ms iter=1525 REBUILD reject new_tc=22.4030 (was 21.7247)
t=63828ms iter=1525 incumb=21.7247 ratchet=22.0675 best=21.7111 since_improve=153
t=63829ms iter=1526 WAIST cost=19.0000 best_alt=15.0000 gap=4.0000 tried=5 sep_labels=15 clique_frac=0.02
t=63848ms iter=1526 REBUILD reject new_tc=22.3324 (was 21.7247)
t=63869ms iter=1526 incumb=21.7247 ratchet=21.7703 best=21.7111 since_improve=154
t=63871ms iter=1527 WAIST cost=19.0000 best_alt=15.0000 gap=4.0000 tried=5 sep_labels=15 clique_frac=0.02
t=63890ms iter=1527 REBUILD reject new_tc=21.9036 (was 21.7247)
t=63911ms iter=1527 incumb=21.7247 ratchet=21.8512 best=21.7111 since_improve=155
t=63913ms iter=1528 WAIST cost=19.0000 best_alt=15.0000 gap=4.0000 tried=5 sep_labels=15 clique_frac=0.02
t=63932ms iter=1528 REBUILD reject new_tc=21.8215 (was 21.7247)
t=63953ms iter=1528 incumb=21.7247 ratchet=21.9740 best=21.7111 since_improve=156
t=63955ms iter=1529 WAIST cost=19.0000 best_alt=15.0000 gap=4.0000 tried=5 sep_labels=15 clique_frac=0.02
t=63974ms iter=1529 REBUILD reject new_tc=22.1515 (was 21.7247)
t=63994ms iter=1529 incumb=21.7247 ratchet=21.7433 best=21.7111 since_improve=157
t=63996ms iter=1530 WAIST cost=19.0000 best_alt=15.0000 gap=4.0000 tried=5 sep_labels=15 clique_frac=0.02
t=64015ms iter=1530 REBUILD reject new_tc=21.8561 (was 21.7247)
t=64037ms iter=1530 incumb=21.7247 ratchet=21.7583 best=21.7111 since_improve=158
t=64038ms iter=1531 WAIST cost=19.0000 best_alt=15.0000 gap=4.0000 tried=5 sep_labels=15 clique_frac=0.02
t=64057ms iter=1531 REBUILD reject new_tc=21.8580 (was 21.7247)
t=64078ms iter=1531 incumb=21.7247 ratchet=21.8065 best=21.7111 since_improve=159
t=64079ms iter=1532 WAIST cost=19.0000 best_alt=15.0000 gap=4.0000 tried=5 sep_labels=15 clique_frac=0.02
t=64098ms iter=1532 REBUILD reject new_tc=22.2358 (was 21.7247)
t=64119ms iter=1532 incumb=21.7247 ratchet=21.8443 best=21.7111 since_improve=160
t=64121ms iter=1533 WAIST cost=19.0000 best_alt=15.0000 gap=4.0000 tried=5 sep_labels=15 clique_frac=0.02
t=64139ms iter=1533 REBUILD reject new_tc=22.1780 (was 21.7247)
t=64160ms iter=1533 incumb=21.7247 ratchet=21.7535 best=21.7111 since_improve=161
t=64161ms iter=1534 WAIST cost=19.0000 best_alt=15.0000 gap=4.0000 tried=5 sep_labels=15 clique_frac=0.02
t=64180ms iter=1534 REBUILD reject new_tc=22.0160 (was 21.7247)
t=64201ms iter=1534 incumb=21.7247 ratchet=21.7960 best=21.7111 since_improve=162
t=64202ms iter=1535 WAIST cost=19.0000 best_alt=15.0000 gap=4.0000 tried=5 sep_labels=15 clique_frac=0.02
t=64221ms iter=1535 REBUILD reject new_tc=22.1895 (was 21.7247)
t=64242ms iter=1535 incumb=21.7247 ratchet=22.0144 best=21.7111 since_improve=163
t=64244ms iter=1536 WAIST cost=19.0000 best_alt=15.0000 gap=4.0000 tried=5 sep_labels=15 clique_frac=0.02
t=64263ms iter=1536 REBUILD reject new_tc=21.8178 (was 21.7247)
t=64284ms iter=1536 incumb=21.7247 ratchet=21.8495 best=21.7111 since_improve=164
t=64286ms iter=1537 WAIST cost=19.0000 best_alt=15.0000 gap=4.0000 tried=5 sep_labels=15 clique_frac=0.02
t=64305ms iter=1537 REBUILD reject new_tc=21.8347 (was 21.7247)
t=64326ms iter=1537 incumb=21.7247 ratchet=21.8177 best=21.7111 since_improve=165
t=64327ms iter=1538 WAIST cost=19.0000 best_alt=15.0000 gap=4.0000 tried=5 sep_labels=15 clique_frac=0.02
t=64346ms iter=1538 REBUILD reject new_tc=22.1888 (was 21.7247)
t=64367ms iter=1538 incumb=21.7247 ratchet=21.7383 best=21.7111 since_improve=166
t=64368ms iter=1539 WAIST cost=19.0000 best_alt=15.0000 gap=4.0000 tried=5 sep_labels=15 clique_frac=0.02
t=64387ms iter=1539 REBUILD reject new_tc=21.8802 (was 21.7247)
t=64408ms iter=1539 incumb=21.7247 ratchet=21.7543 best=21.7111 since_improve=167
t=64410ms iter=1540 WAIST cost=19.0000 best_alt=15.0000 gap=4.0000 tried=5 sep_labels=15 clique_frac=0.02
t=64429ms iter=1540 REBUILD reject new_tc=22.2367 (was 21.7247)
t=64450ms iter=1540 incumb=21.7247 ratchet=21.9186 best=21.7111 since_improve=168
t=64451ms iter=1541 WAIST cost=19.0000 best_alt=15.0000 gap=4.0000 tried=5 sep_labels=15 clique_frac=0.02
t=64470ms iter=1541 REBUILD reject new_tc=21.9827 (was 21.7247)
t=64491ms iter=1541 incumb=21.7247 ratchet=21.8318 best=21.7111 since_improve=169
t=64493ms iter=1542 WAIST cost=19.0000 best_alt=15.0000 gap=4.0000 tried=5 sep_labels=15 clique_frac=0.02
t=64512ms iter=1542 REBUILD reject new_tc=22.1786 (was 21.7247)
t=64533ms iter=1542 incumb=21.7247 ratchet=21.9486 best=21.7111 since_improve=170
t=64534ms iter=1543 WAIST cost=19.0000 best_alt=15.0000 gap=4.0000 tried=5 sep_labels=15 clique_frac=0.02
t=64553ms iter=1543 REBUILD reject new_tc=21.7775 (was 21.7247)
t=64574ms iter=1543 incumb=21.7247 ratchet=21.7719 best=21.7111 since_improve=171
t=64575ms iter=1544 WAIST cost=19.0000 best_alt=15.0000 gap=4.0000 tried=5 sep_labels=15 clique_frac=0.02
t=64594ms iter=1544 REBUILD reject new_tc=21.7912 (was 21.7247)
t=64616ms iter=1544 incumb=21.7247 ratchet=21.7960 best=21.7111 since_improve=172
t=64617ms iter=1545 WAIST cost=19.0000 best_alt=15.0000 gap=4.0000 tried=5 sep_labels=15 clique_frac=0.02
t=64636ms iter=1545 REBUILD reject new_tc=21.7872 (was 21.7247)
t=64657ms iter=1545 incumb=21.7247 ratchet=21.8422 best=21.7111 since_improve=173
t=64659ms iter=1546 WAIST cost=19.0000 best_alt=15.0000 gap=4.0000 tried=5 sep_labels=15 clique_frac=0.02
t=64678ms iter=1546 REBUILD reject new_tc=21.7806 (was 21.7247)
t=64699ms iter=1546 incumb=21.7247 ratchet=21.8495 best=21.7111 since_improve=174
t=64700ms iter=1547 WAIST cost=19.0000 best_alt=15.0000 gap=4.0000 tried=5 sep_labels=15 clique_frac=0.02
t=64719ms iter=1547 REBUILD reject new_tc=22.3390 (was 21.7247)
t=64740ms iter=1547 incumb=21.7247 ratchet=21.8966 best=21.7111 since_improve=175
t=64741ms iter=1548 WAIST cost=19.0000 best_alt=15.0000 gap=4.0000 tried=5 sep_labels=15 clique_frac=0.02
t=64760ms iter=1548 REBUILD reject new_tc=22.0498 (was 21.7247)
t=64781ms iter=1548 incumb=21.7247 ratchet=21.7970 best=21.7111 since_improve=176
t=64783ms iter=1549 WAIST cost=19.0000 best_alt=15.0000 gap=4.0000 tried=5 sep_labels=15 clique_frac=0.02
t=64802ms iter=1549 REBUILD reject new_tc=21.8683 (was 21.7247)
t=64823ms iter=1549 incumb=21.7247 ratchet=21.8168 best=21.7111 since_improve=177
t=64824ms iter=1550 WAIST cost=19.0000 best_alt=15.0000 gap=4.0000 tried=5 sep_labels=15 clique_frac=0.02
t=64843ms iter=1550 REBUILD reject new_tc=22.1208 (was 21.7247)
t=64865ms iter=1550 incumb=21.7247 ratchet=21.9529 best=21.7111 since_improve=178
t=64866ms iter=1551 WAIST cost=19.0000 best_alt=15.0000 gap=4.0000 tried=5 sep_labels=15 clique_frac=0.02
t=64885ms iter=1551 REBUILD reject new_tc=22.3590 (was 21.7247)
t=64905ms iter=1551 incumb=21.7247 ratchet=21.8051 best=21.7111 since_improve=179
t=64907ms iter=1552 WAIST cost=19.0000 best_alt=15.0000 gap=4.0000 tried=5 sep_labels=15 clique_frac=0.02
t=64926ms iter=1552 REBUILD reject new_tc=21.7809 (was 21.7247)
t=64947ms iter=1552 incumb=21.7247 ratchet=21.7545 best=21.7111 since_improve=180
t=64949ms iter=1553 WAIST cost=19.0000 best_alt=15.0000 gap=4.0000 tried=5 sep_labels=15 clique_frac=0.02
t=64968ms iter=1553 REBUILD reject new_tc=21.8171 (was 21.7247)
t=64989ms iter=1553 incumb=21.7247 ratchet=22.0183 best=21.7111 since_improve=181
t=64990ms iter=1554 WAIST cost=19.0000 best_alt=15.0000 gap=4.0000 tried=5 sep_labels=15 clique_frac=0.02
t=65009ms iter=1554 REBUILD reject new_tc=21.8682 (was 21.7247)
t=65030ms iter=1554 incumb=21.7247 ratchet=21.7930 best=21.7111 since_improve=182
t=65031ms iter=1555 WAIST cost=19.0000 best_alt=15.0000 gap=4.0000 tried=5 sep_labels=15 clique_frac=0.02
t=65050ms iter=1555 REBUILD reject new_tc=21.9706 (was 21.7247)
t=65071ms iter=1555 incumb=21.7247 ratchet=21.7923 best=21.7111 since_improve=183
t=65072ms iter=1556 WAIST cost=19.0000 best_alt=15.0000 gap=4.0000 tried=5 sep_labels=15 clique_frac=0.02
t=65091ms iter=1556 REBUILD reject new_tc=22.4023 (was 21.7247)
t=65112ms iter=1556 incumb=21.7247 ratchet=21.7973 best=21.7111 since_improve=184
t=65114ms iter=1557 WAIST cost=19.0000 best_alt=15.0000 gap=4.0000 tried=5 sep_labels=15 clique_frac=0.02
t=65133ms iter=1557 REBUILD reject new_tc=21.8187 (was 21.7247)
t=65154ms iter=1557 incumb=21.7247 ratchet=21.7651 best=21.7111 since_improve=185
t=65155ms iter=1558 WAIST cost=19.0000 best_alt=15.0000 gap=4.0000 tried=5 sep_labels=15 clique_frac=0.02
t=65175ms iter=1558 REBUILD reject new_tc=22.3381 (was 21.7247)
t=65196ms iter=1558 incumb=21.7247 ratchet=21.8053 best=21.7111 since_improve=186
t=65198ms iter=1559 WAIST cost=19.0000 best_alt=15.0000 gap=4.0000 tried=5 sep_labels=15 clique_frac=0.02
t=65217ms iter=1559 REBUILD reject new_tc=22.0469 (was 21.7247)
t=65238ms iter=1559 incumb=21.7247 ratchet=21.8806 best=21.7111 since_improve=187
t=65239ms iter=1560 WAIST cost=19.0000 best_alt=15.0000 gap=4.0000 tried=5 sep_labels=15 clique_frac=0.02
t=65258ms iter=1560 REBUILD reject new_tc=21.8542 (was 21.7247)
t=65280ms iter=1560 incumb=21.7247 ratchet=22.0204 best=21.7111 since_improve=188
t=65281ms iter=1561 WAIST cost=19.0000 best_alt=15.0000 gap=4.0000 tried=5 sep_labels=15 clique_frac=0.02
t=65301ms iter=1561 REBUILD reject new_tc=21.9076 (was 21.7247)
t=65322ms iter=1561 incumb=21.7247 ratchet=21.7561 best=21.7111 since_improve=189
t=65323ms iter=1562 WAIST cost=19.0000 best_alt=15.0000 gap=4.0000 tried=5 sep_labels=15 clique_frac=0.02
t=65342ms iter=1562 REBUILD reject new_tc=21.8929 (was 21.7247)
t=65363ms iter=1562 incumb=21.7247 ratchet=21.9146 best=21.7111 since_improve=190
t=65365ms iter=1563 WAIST cost=19.0000 best_alt=15.0000 gap=4.0000 tried=5 sep_labels=15 clique_frac=0.02
t=65384ms iter=1563 REBUILD reject new_tc=21.8695 (was 21.7247)
t=65405ms iter=1563 incumb=21.7247 ratchet=21.8565 best=21.7111 since_improve=191
t=65407ms iter=1564 WAIST cost=19.0000 best_alt=15.0000 gap=4.0000 tried=5 sep_labels=15 clique_frac=0.02
t=65426ms iter=1564 REBUILD reject new_tc=22.1252 (was 21.7247)
t=65447ms iter=1564 incumb=21.7247 ratchet=21.9103 best=21.7111 since_improve=192
t=65448ms iter=1565 WAIST cost=19.0000 best_alt=15.0000 gap=4.0000 tried=5 sep_labels=15 clique_frac=0.02
t=65468ms iter=1565 REBUILD reject new_tc=22.0818 (was 21.7247)
t=65488ms iter=1565 incumb=21.7247 ratchet=21.7291 best=21.7111 since_improve=193
t=65490ms iter=1566 WAIST cost=19.0000 best_alt=15.0000 gap=4.0000 tried=5 sep_labels=15 clique_frac=0.02
t=65509ms iter=1566 REBUILD reject new_tc=22.4291 (was 21.7247)
t=65530ms iter=1566 incumb=21.7247 ratchet=21.7559 best=21.7111 since_improve=194
t=65531ms iter=1567 WAIST cost=19.0000 best_alt=15.0000 gap=4.0000 tried=5 sep_labels=15 clique_frac=0.02
t=65550ms iter=1567 REBUILD reject new_tc=22.3032 (was 21.7247)
t=65571ms iter=1567 incumb=21.7247 ratchet=21.7548 best=21.7111 since_improve=195
t=65573ms iter=1568 WAIST cost=19.0000 best_alt=15.0000 gap=4.0000 tried=5 sep_labels=15 clique_frac=0.02
t=65592ms iter=1568 REBUILD reject new_tc=22.1183 (was 21.7247)
t=65613ms iter=1568 incumb=21.7247 ratchet=21.7615 best=21.7111 since_improve=196
t=65614ms iter=1569 WAIST cost=19.0000 best_alt=15.0000 gap=4.0000 tried=5 sep_labels=15 clique_frac=0.02
t=65633ms iter=1569 REBUILD reject new_tc=21.8199 (was 21.7247)
t=65655ms iter=1569 incumb=21.7247 ratchet=21.9092 best=21.7111 since_improve=197
t=65656ms iter=1570 WAIST cost=19.0000 best_alt=15.0000 gap=4.0000 tried=5 sep_labels=15 clique_frac=0.02
t=65675ms iter=1570 REBUILD reject new_tc=22.2364 (was 21.7247)
t=65696ms iter=1570 incumb=21.7247 ratchet=22.0701 best=21.7111 since_improve=198
t=65697ms iter=1571 WAIST cost=19.0000 best_alt=15.0000 gap=4.0000 tried=5 sep_labels=15 clique_frac=0.02
t=65716ms iter=1571 REBUILD reject new_tc=21.8198 (was 21.7247)
t=65737ms iter=1571 incumb=21.7247 ratchet=21.8591 best=21.7111 since_improve=199
t=65738ms iter=1572 WAIST cost=19.0000 best_alt=15.0000 gap=4.0000 tried=5 sep_labels=15 clique_frac=0.02
t=65758ms iter=1572 REBUILD reject new_tc=21.8682 (was 21.7247)
t=65779ms iter=1572 incumb=21.7247 ratchet=21.8437 best=21.7111 since_improve=200
t=65780ms iter=1573 WAIST cost=19.0000 best_alt=15.0000 gap=4.0000 tried=5 sep_labels=15 clique_frac=0.02
t=65799ms iter=1573 REBUILD reject new_tc=22.2654 (was 21.7247)
t=65820ms iter=1573 incumb=21.7247 ratchet=21.8535 best=21.7111 since_improve=201
t=65822ms iter=1574 WAIST cost=19.0000 best_alt=15.0000 gap=4.0000 tried=5 sep_labels=15 clique_frac=0.02
t=65840ms iter=1574 REBUILD reject new_tc=22.2124 (was 21.7247)
t=65862ms iter=1574 incumb=21.7247 ratchet=21.8557 best=21.7111 since_improve=202
t=65863ms iter=1575 WAIST cost=19.0000 best_alt=15.0000 gap=4.0000 tried=5 sep_labels=15 clique_frac=0.02
t=65882ms iter=1575 REBUILD reject new_tc=22.1013 (was 21.7247)
t=65904ms iter=1575 incumb=21.7247 ratchet=21.9180 best=21.7111 since_improve=203
t=65905ms iter=1576 WAIST cost=19.0000 best_alt=15.0000 gap=4.0000 tried=5 sep_labels=15 clique_frac=0.02
t=65925ms iter=1576 REBUILD reject new_tc=21.9213 (was 21.7247)
t=65945ms iter=1576 incumb=21.7247 ratchet=21.7811 best=21.7111 since_improve=204
t=65947ms iter=1577 WAIST cost=19.0000 best_alt=15.0000 gap=4.0000 tried=5 sep_labels=15 clique_frac=0.02
t=65966ms iter=1577 REBUILD reject new_tc=22.4767 (was 21.7247)
t=65987ms iter=1577 incumb=21.7247 ratchet=21.9057 best=21.7111 since_improve=205
t=65988ms iter=1578 WAIST cost=19.0000 best_alt=15.0000 gap=4.0000 tried=5 sep_labels=15 clique_frac=0.02
t=66007ms iter=1578 REBUILD reject new_tc=22.0912 (was 21.7247)
t=66028ms iter=1578 incumb=21.7247 ratchet=21.9297 best=21.7111 since_improve=206
t=66029ms iter=1579 WAIST cost=19.0000 best_alt=15.0000 gap=4.0000 tried=5 sep_labels=15 clique_frac=0.02
t=66049ms iter=1579 REBUILD reject new_tc=21.8559 (was 21.7247)
t=66070ms iter=1579 incumb=21.7247 ratchet=21.7448 best=21.7111 since_improve=207
t=66071ms iter=1580 WAIST cost=19.0000 best_alt=15.0000 gap=4.0000 tried=5 sep_labels=15 clique_frac=0.02
t=66090ms iter=1580 REBUILD reject new_tc=21.8179 (was 21.7247)
t=66111ms iter=1580 incumb=21.7247 ratchet=21.7537 best=21.7111 since_improve=208
t=66112ms iter=1581 WAIST cost=19.0000 best_alt=15.0000 gap=4.0000 tried=5 sep_labels=15 clique_frac=0.02
t=66131ms iter=1581 REBUILD reject new_tc=22.0852 (was 21.7247)
t=66153ms iter=1581 incumb=21.7247 ratchet=21.8200 best=21.7111 since_improve=209
t=66154ms iter=1582 WAIST cost=19.0000 best_alt=15.0000 gap=4.0000 tried=5 sep_labels=15 clique_frac=0.02
t=66174ms iter=1582 REBUILD reject new_tc=21.7939 (was 21.7247)
t=66195ms iter=1582 incumb=21.7247 ratchet=21.7395 best=21.7111 since_improve=210
t=66196ms iter=1583 WAIST cost=19.0000 best_alt=15.0000 gap=4.0000 tried=5 sep_labels=15 clique_frac=0.02
t=66215ms iter=1583 REBUILD reject new_tc=21.9629 (was 21.7247)
t=66236ms iter=1583 incumb=21.7247 ratchet=21.7565 best=21.7111 since_improve=211
t=66237ms iter=1584 WAIST cost=19.0000 best_alt=15.0000 gap=4.0000 tried=5 sep_labels=15 clique_frac=0.02
t=66256ms iter=1584 REBUILD reject new_tc=22.3591 (was 21.7247)
t=66277ms iter=1584 incumb=21.7247 ratchet=21.9325 best=21.7111 since_improve=212
t=66278ms iter=1585 WAIST cost=19.0000 best_alt=15.0000 gap=4.0000 tried=5 sep_labels=15 clique_frac=0.02
t=66297ms iter=1585 REBUILD reject new_tc=22.0178 (was 21.7247)
t=66317ms iter=1585 incumb=21.7247 ratchet=21.8464 best=21.7111 since_improve=213
t=66319ms iter=1586 WAIST cost=19.0000 best_alt=15.0000 gap=4.0000 tried=5 sep_labels=15 clique_frac=0.02
t=66338ms iter=1586 REBUILD reject new_tc=21.8217 (was 21.7247)
t=66358ms iter=1586 incumb=21.7247 ratchet=21.7396 best=21.7111 since_improve=214
t=66360ms iter=1587 WAIST cost=19.0000 best_alt=15.0000 gap=4.0000 tried=5 sep_labels=15 clique_frac=0.02
t=66379ms iter=1587 REBUILD reject new_tc=21.8355 (was 21.7247)
t=66400ms iter=1587 incumb=21.7247 ratchet=21.7821 best=21.7111 since_improve=215
t=66402ms iter=1588 WAIST cost=19.0000 best_alt=15.0000 gap=4.0000 tried=5 sep_labels=15 clique_frac=0.02
t=66421ms iter=1588 REBUILD reject new_tc=22.1778 (was 21.7247)
t=66441ms iter=1588 incumb=21.7247 ratchet=21.9643 best=21.7111 since_improve=216
t=66443ms iter=1589 WAIST cost=19.0000 best_alt=15.0000 gap=4.0000 tried=5 sep_labels=15 clique_frac=0.02
t=66462ms iter=1589 REBUILD reject new_tc=22.3626 (was 21.7247)
t=66483ms iter=1589 incumb=21.7247 ratchet=22.0575 best=21.7111 since_improve=217
t=66484ms iter=1590 WAIST cost=19.0000 best_alt=15.0000 gap=4.0000 tried=5 sep_labels=15 clique_frac=0.02
t=66503ms iter=1590 REBUILD reject new_tc=22.0496 (was 21.7247)
t=66524ms iter=1590 incumb=21.7247 ratchet=21.8581 best=21.7111 since_improve=218
t=66525ms iter=1591 WAIST cost=19.0000 best_alt=15.0000 gap=4.0000 tried=5 sep_labels=15 clique_frac=0.02
t=66544ms iter=1591 REBUILD reject new_tc=21.9050 (was 21.7247)
t=66566ms iter=1591 incumb=21.7247 ratchet=21.8089 best=21.7111 since_improve=219
t=66567ms iter=1592 WAIST cost=19.0000 best_alt=15.0000 gap=4.0000 tried=5 sep_labels=15 clique_frac=0.02
t=66586ms iter=1592 REBUILD reject new_tc=21.9827 (was 21.7247)
t=66607ms iter=1592 incumb=21.7247 ratchet=21.9468 best=21.7111 since_improve=220
t=66608ms iter=1593 WAIST cost=19.0000 best_alt=15.0000 gap=4.0000 tried=5 sep_labels=15 clique_frac=0.02
t=66627ms iter=1593 REBUILD reject new_tc=22.3422 (was 21.7247)
t=66649ms iter=1593 incumb=21.7247 ratchet=21.9071 best=21.7111 since_improve=221
t=66650ms iter=1594 WAIST cost=19.0000 best_alt=15.0000 gap=4.0000 tried=5 sep_labels=15 clique_frac=0.02
t=66669ms iter=1594 REBUILD reject new_tc=21.9040 (was 21.7247)
t=66691ms iter=1594 incumb=21.7247 ratchet=21.8658 best=21.7111 since_improve=222
t=66692ms iter=1595 WAIST cost=19.0000 best_alt=15.0000 gap=4.0000 tried=5 sep_labels=15 clique_frac=0.02
t=66711ms iter=1595 REBUILD reject new_tc=21.8164 (was 21.7247)
t=66732ms iter=1595 incumb=21.7247 ratchet=21.8791 best=21.7111 since_improve=223
t=66733ms iter=1596 WAIST cost=19.0000 best_alt=15.0000 gap=4.0000 tried=5 sep_labels=15 clique_frac=0.02
t=66753ms iter=1596 REBUILD reject new_tc=21.8360 (was 21.7247)
t=66773ms iter=1596 incumb=21.7247 ratchet=22.0236 best=21.7111 since_improve=224
t=66774ms iter=1597 WAIST cost=19.0000 best_alt=15.0000 gap=4.0000 tried=5 sep_labels=15 clique_frac=0.02
t=66793ms iter=1597 REBUILD reject new_tc=21.9067 (was 21.7247)
t=66814ms iter=1597 incumb=21.7247 ratchet=21.7671 best=21.7111 since_improve=225
t=66816ms iter=1598 WAIST cost=19.0000 best_alt=15.0000 gap=4.0000 tried=5 sep_labels=15 clique_frac=0.02
t=66835ms iter=1598 REBUILD reject new_tc=22.0761 (was 21.7247)
t=66856ms iter=1598 incumb=21.7247 ratchet=21.7543 best=21.7111 since_improve=226
t=66857ms iter=1599 WAIST cost=19.0000 best_alt=15.0000 gap=4.0000 tried=5 sep_labels=15 clique_frac=0.02
t=66876ms iter=1599 REBUILD reject new_tc=21.8189 (was 21.7247)
t=66897ms iter=1599 incumb=21.7247 ratchet=21.7956 best=21.7111 since_improve=227
t=66899ms iter=1600 WAIST cost=19.0000 best_alt=15.0000 gap=4.0000 tried=5 sep_labels=15 clique_frac=0.02
t=66917ms iter=1600 REBUILD reject new_tc=22.3195 (was 21.7247)
t=66938ms iter=1600 incumb=21.7247 ratchet=21.7700 best=21.7111 since_improve=228
t=66940ms iter=1601 WAIST cost=19.0000 best_alt=15.0000 gap=4.0000 tried=5 sep_labels=15 clique_frac=0.02
t=66959ms iter=1601 REBUILD reject new_tc=21.8559 (was 21.7247)
t=66980ms iter=1601 incumb=21.7247 ratchet=21.8690 best=21.7111 since_improve=229
t=66981ms iter=1602 WAIST cost=19.0000 best_alt=15.0000 gap=4.0000 tried=5 sep_labels=15 clique_frac=0.02
t=67000ms iter=1602 REBUILD reject new_tc=22.4159 (was 21.7247)
t=67021ms iter=1602 incumb=21.7247 ratchet=21.9434 best=21.7111 since_improve=230
t=67023ms iter=1603 WAIST cost=19.0000 best_alt=15.0000 gap=4.0000 tried=5 sep_labels=15 clique_frac=0.02
t=67042ms iter=1603 REBUILD reject new_tc=21.9060 (was 21.7247)
t=67062ms iter=1603 incumb=21.7247 ratchet=21.8332 best=21.7111 since_improve=231
t=67064ms iter=1604 WAIST cost=19.0000 best_alt=15.0000 gap=4.0000 tried=5 sep_labels=15 clique_frac=0.02
t=67083ms iter=1604 REBUILD reject new_tc=21.8863 (was 21.7247)
t=67105ms iter=1604 incumb=21.7247 ratchet=21.7988 best=21.7111 since_improve=232
t=67106ms iter=1605 WAIST cost=19.0000 best_alt=15.0000 gap=4.0000 tried=5 sep_labels=15 clique_frac=0.02
t=67125ms iter=1605 REBUILD reject new_tc=22.0554 (was 21.7247)
t=67145ms iter=1605 incumb=21.7247 ratchet=21.8438 best=21.7111 since_improve=233
t=67147ms iter=1606 WAIST cost=19.0000 best_alt=15.0000 gap=4.0000 tried=5 sep_labels=15 clique_frac=0.02
t=67166ms iter=1606 REBUILD reject new_tc=22.0521 (was 21.7247)
t=67187ms iter=1606 incumb=21.7247 ratchet=21.7859 best=21.7111 since_improve=234
t=67189ms iter=1607 WAIST cost=19.0000 best_alt=15.0000 gap=4.0000 tried=5 sep_labels=15 clique_frac=0.02
t=67208ms iter=1607 REBUILD reject new_tc=21.8266 (was 21.7247)
t=67229ms iter=1607 incumb=21.7247 ratchet=21.7383 best=21.7111 since_improve=235
t=67230ms iter=1608 WAIST cost=19.0000 best_alt=15.0000 gap=4.0000 tried=5 sep_labels=15 clique_frac=0.02
t=67249ms iter=1608 REBUILD reject new_tc=21.9359 (was 21.7247)
t=67271ms iter=1608 incumb=21.7247 ratchet=21.9055 best=21.7111 since_improve=236
t=67272ms iter=1609 WAIST cost=19.0000 best_alt=15.0000 gap=4.0000 tried=5 sep_labels=15 clique_frac=0.02
t=67291ms iter=1609 REBUILD reject new_tc=21.9173 (was 21.7247)
t=67311ms iter=1609 incumb=21.7247 ratchet=21.9107 best=21.7111 since_improve=237
t=67313ms iter=1610 WAIST cost=19.0000 best_alt=15.0000 gap=4.0000 tried=5 sep_labels=15 clique_frac=0.02
t=67332ms iter=1610 REBUILD reject new_tc=22.2424 (was 21.7247)
t=67353ms iter=1610 incumb=21.7247 ratchet=21.7403 best=21.7111 since_improve=238
t=67355ms iter=1611 WAIST cost=19.0000 best_alt=15.0000 gap=4.0000 tried=5 sep_labels=15 clique_frac=0.02
t=67374ms iter=1611 REBUILD reject new_tc=21.7920 (was 21.7247)
t=67395ms iter=1611 incumb=21.7247 ratchet=21.8618 best=21.7111 since_improve=239
t=67396ms iter=1612 WAIST cost=19.0000 best_alt=15.0000 gap=4.0000 tried=5 sep_labels=15 clique_frac=0.02
t=67415ms iter=1612 REBUILD reject new_tc=21.9071 (was 21.7247)
t=67436ms iter=1612 incumb=21.7247 ratchet=21.9818 best=21.7111 since_improve=240
t=67438ms iter=1613 WAIST cost=19.0000 best_alt=15.0000 gap=4.0000 tried=5 sep_labels=15 clique_frac=0.02
t=67457ms iter=1613 REBUILD reject new_tc=22.4286 (was 21.7247)
t=67478ms iter=1613 incumb=21.7247 ratchet=21.7581 best=21.7111 since_improve=241
t=67479ms iter=1614 WAIST cost=19.0000 best_alt=15.0000 gap=4.0000 tried=5 sep_labels=15 clique_frac=0.02
t=67498ms iter=1614 REBUILD reject new_tc=22.0463 (was 21.7247)
t=67519ms iter=1614 incumb=21.7247 ratchet=21.7545 best=21.7111 since_improve=242
t=67521ms iter=1615 WAIST cost=19.0000 best_alt=15.0000 gap=4.0000 tried=5 sep_labels=15 clique_frac=0.02
t=67540ms iter=1615 REBUILD reject new_tc=21.8255 (was 21.7247)
t=67561ms iter=1615 incumb=21.7247 ratchet=21.8459 best=21.7111 since_improve=243
t=67563ms iter=1616 WAIST cost=19.0000 best_alt=15.0000 gap=4.0000 tried=5 sep_labels=15 clique_frac=0.02
t=67582ms iter=1616 REBUILD reject new_tc=21.8974 (was 21.7247)
t=67603ms iter=1616 incumb=21.7247 ratchet=21.7479 best=21.7111 since_improve=244
t=67604ms iter=1617 WAIST cost=19.0000 best_alt=15.0000 gap=4.0000 tried=5 sep_labels=15 clique_frac=0.02
t=67623ms iter=1617 REBUILD reject new_tc=22.4431 (was 21.7247)
t=67643ms iter=1617 incumb=21.7247 ratchet=21.8559 best=21.7111 since_improve=245
t=67645ms iter=1618 WAIST cost=19.0000 best_alt=15.0000 gap=4.0000 tried=5 sep_labels=15 clique_frac=0.02
t=67664ms iter=1618 REBUILD reject new_tc=22.0310 (was 21.7247)
t=67684ms iter=1618 incumb=21.7247 ratchet=21.8946 best=21.7111 since_improve=246
t=67686ms iter=1619 WAIST cost=19.0000 best_alt=15.0000 gap=4.0000 tried=5 sep_labels=15 clique_frac=0.02
t=67705ms iter=1619 REBUILD reject new_tc=22.4106 (was 21.7247)
t=67725ms iter=1619 incumb=21.7247 ratchet=21.7642 best=21.7111 since_improve=247
t=67727ms iter=1620 WAIST cost=19.0000 best_alt=15.0000 gap=4.0000 tried=5 sep_labels=15 clique_frac=0.02
t=67746ms iter=1620 REBUILD reject new_tc=21.9253 (was 21.7247)
t=67767ms iter=1620 incumb=21.7247 ratchet=21.7529 best=21.7111 since_improve=248
t=67768ms iter=1621 WAIST cost=19.0000 best_alt=15.0000 gap=4.0000 tried=5 sep_labels=15 clique_frac=0.02
t=67787ms iter=1621 REBUILD reject new_tc=21.7782 (was 21.7247)
t=67807ms iter=1621 incumb=21.7247 ratchet=21.7401 best=21.7111 since_improve=249
t=67809ms iter=1622 WAIST cost=19.0000 best_alt=15.0000 gap=4.0000 tried=5 sep_labels=15 clique_frac=0.02
t=67828ms iter=1622 REBUILD reject new_tc=22.1047 (was 21.7247)
t=67848ms iter=1622 incumb=21.7247 ratchet=21.8952 best=21.7111 since_improve=250
t=67850ms iter=1623 WAIST cost=19.0000 best_alt=15.0000 gap=4.0000 tried=5 sep_labels=15 clique_frac=0.02
t=67869ms iter=1623 REBUILD reject new_tc=21.9455 (was 21.7247)
t=67890ms iter=1623 incumb=21.7247 ratchet=21.8301 best=21.7111 since_improve=251
t=67892ms iter=1624 WAIST cost=19.0000 best_alt=15.0000 gap=4.0000 tried=5 sep_labels=15 clique_frac=0.02
t=67911ms iter=1624 REBUILD reject new_tc=22.1877 (was 21.7247)
t=67931ms iter=1624 incumb=21.7247 ratchet=21.7801 best=21.7111 since_improve=252
t=67933ms iter=1625 WAIST cost=19.0000 best_alt=15.0000 gap=4.0000 tried=5 sep_labels=15 clique_frac=0.02
t=67952ms iter=1625 REBUILD reject new_tc=21.8642 (was 21.7247)
t=67973ms iter=1625 incumb=21.7247 ratchet=21.7929 best=21.7111 since_improve=253
t=67974ms iter=1626 WAIST cost=19.0000 best_alt=15.0000 gap=4.0000 tried=5 sep_labels=15 clique_frac=0.02
t=67993ms iter=1626 REBUILD reject new_tc=21.8501 (was 21.7247)
t=68014ms iter=1626 incumb=21.7247 ratchet=21.8594 best=21.7111 since_improve=254
t=68016ms iter=1627 WAIST cost=19.0000 best_alt=15.0000 gap=4.0000 tried=5 sep_labels=15 clique_frac=0.02
t=68035ms iter=1627 REBUILD reject new_tc=21.8424 (was 21.7247)
t=68055ms iter=1627 incumb=21.7247 ratchet=21.7958 best=21.7111 since_improve=255
t=68057ms iter=1628 WAIST cost=19.0000 best_alt=15.0000 gap=4.0000 tried=5 sep_labels=15 clique_frac=0.02
t=68076ms iter=1628 REBUILD reject new_tc=21.9200 (was 21.7247)
t=68097ms iter=1628 incumb=21.7247 ratchet=21.7957 best=21.7111 since_improve=256
t=68098ms iter=1629 WAIST cost=19.0000 best_alt=15.0000 gap=4.0000 tried=5 sep_labels=15 clique_frac=0.02
t=68117ms iter=1629 REBUILD reject new_tc=21.8694 (was 21.7247)
t=68138ms iter=1629 incumb=21.7247 ratchet=22.0744 best=21.7111 since_improve=257
t=68140ms iter=1630 WAIST cost=19.0000 best_alt=15.0000 gap=4.0000 tried=5 sep_labels=15 clique_frac=0.02
t=68159ms iter=1630 REBUILD reject new_tc=22.1469 (was 21.7247)
t=68180ms iter=1630 incumb=21.7247 ratchet=21.7912 best=21.7111 since_improve=258
t=68181ms iter=1631 WAIST cost=19.0000 best_alt=15.0000 gap=4.0000 tried=5 sep_labels=15 clique_frac=0.02
t=68200ms iter=1631 REBUILD reject new_tc=21.8301 (was 21.7247)
t=68221ms iter=1631 incumb=21.7247 ratchet=21.8470 best=21.7111 since_improve=259
t=68222ms iter=1632 WAIST cost=19.0000 best_alt=15.0000 gap=4.0000 tried=5 sep_labels=15 clique_frac=0.02
t=68241ms iter=1632 REBUILD reject new_tc=21.8165 (was 21.7247)
t=68263ms iter=1632 incumb=21.7247 ratchet=21.7392 best=21.7111 since_improve=260
t=68264ms iter=1633 WAIST cost=19.0000 best_alt=15.0000 gap=4.0000 tried=5 sep_labels=15 clique_frac=0.02
t=68283ms iter=1633 REBUILD reject new_tc=22.3166 (was 21.7247)
t=68304ms iter=1633 incumb=21.7247 ratchet=21.7917 best=21.7111 since_improve=261
t=68305ms iter=1634 WAIST cost=19.0000 best_alt=15.0000 gap=4.0000 tried=5 sep_labels=15 clique_frac=0.02
t=68324ms iter=1634 REBUILD reject new_tc=22.4737 (was 21.7247)
t=68345ms iter=1634 incumb=21.7247 ratchet=21.7693 best=21.7111 since_improve=262
t=68347ms iter=1635 WAIST cost=19.0000 best_alt=15.0000 gap=4.0000 tried=5 sep_labels=15 clique_frac=0.02
t=68366ms iter=1635 REBUILD reject new_tc=21.9059 (was 21.7247)
t=68387ms iter=1635 incumb=21.7247 ratchet=21.9539 best=21.7111 since_improve=263
t=68388ms iter=1636 WAIST cost=19.0000 best_alt=15.0000 gap=4.0000 tried=5 sep_labels=15 clique_frac=0.02
t=68407ms iter=1636 REBUILD reject new_tc=22.2824 (was 21.7247)
t=68428ms iter=1636 incumb=21.7247 ratchet=21.7374 best=21.7111 since_improve=264
t=68430ms iter=1637 WAIST cost=19.0000 best_alt=15.0000 gap=4.0000 tried=5 sep_labels=15 clique_frac=0.02
t=68449ms iter=1637 REBUILD reject new_tc=21.9059 (was 21.7247)
t=68470ms iter=1637 incumb=21.7247 ratchet=21.7916 best=21.7111 since_improve=265
t=68472ms iter=1638 WAIST cost=19.0000 best_alt=15.0000 gap=4.0000 tried=5 sep_labels=15 clique_frac=0.02
t=68491ms iter=1638 REBUILD reject new_tc=21.8822 (was 21.7247)
t=68512ms iter=1638 incumb=21.7247 ratchet=21.9427 best=21.7111 since_improve=266
t=68513ms iter=1639 WAIST cost=19.0000 best_alt=15.0000 gap=4.0000 tried=5 sep_labels=15 clique_frac=0.02
t=68532ms iter=1639 REBUILD reject new_tc=21.8689 (was 21.7247)
t=68553ms iter=1639 incumb=21.7247 ratchet=21.8961 best=21.7111 since_improve=267
t=68554ms iter=1640 WAIST cost=19.0000 best_alt=15.0000 gap=4.0000 tried=5 sep_labels=15 clique_frac=0.02
t=68573ms iter=1640 REBUILD reject new_tc=22.2084 (was 21.7247)
t=68594ms iter=1640 incumb=21.7247 ratchet=21.7905 best=21.7111 since_improve=268
t=68595ms iter=1641 WAIST cost=19.0000 best_alt=15.0000 gap=4.0000 tried=5 sep_labels=15 clique_frac=0.02
t=68615ms iter=1641 REBUILD reject new_tc=21.7789 (was 21.7247)
t=68635ms iter=1641 incumb=21.7247 ratchet=21.9296 best=21.7111 since_improve=269
t=68637ms iter=1642 WAIST cost=19.0000 best_alt=15.0000 gap=4.0000 tried=5 sep_labels=15 clique_frac=0.02
t=68655ms iter=1642 REBUILD reject new_tc=22.0805 (was 21.7247)
t=68676ms iter=1642 incumb=21.7247 ratchet=21.8569 best=21.7111 since_improve=270
t=68678ms iter=1643 WAIST cost=19.0000 best_alt=15.0000 gap=4.0000 tried=5 sep_labels=15 clique_frac=0.02
t=68697ms iter=1643 REBUILD reject new_tc=22.1799 (was 21.7247)
t=68718ms iter=1643 incumb=21.7247 ratchet=21.8457 best=21.7111 since_improve=271
t=68719ms iter=1644 WAIST cost=19.0000 best_alt=15.0000 gap=4.0000 tried=5 sep_labels=15 clique_frac=0.02
t=68738ms iter=1644 REBUILD reject new_tc=21.9637 (was 21.7247)
t=68759ms iter=1644 incumb=21.7247 ratchet=21.9932 best=21.7111 since_improve=272
t=68761ms iter=1645 WAIST cost=19.0000 best_alt=15.0000 gap=4.0000 tried=5 sep_labels=15 clique_frac=0.02
t=68780ms iter=1645 REBUILD reject new_tc=21.8324 (was 21.7247)
t=68801ms iter=1645 incumb=21.7247 ratchet=22.0073 best=21.7111 since_improve=273
t=68802ms iter=1646 WAIST cost=19.0000 best_alt=15.0000 gap=4.0000 tried=5 sep_labels=15 clique_frac=0.02
t=68821ms iter=1646 REBUILD reject new_tc=22.1793 (was 21.7247)
t=68842ms iter=1646 incumb=21.7247 ratchet=21.7706 best=21.7111 since_improve=274
t=68843ms iter=1647 WAIST cost=19.0000 best_alt=15.0000 gap=4.0000 tried=5 sep_labels=15 clique_frac=0.02
t=68863ms iter=1647 REBUILD reject new_tc=21.8687 (was 21.7247)
t=68883ms iter=1647 incumb=21.7247 ratchet=21.7324 best=21.7111 since_improve=275
t=68885ms iter=1648 WAIST cost=19.0000 best_alt=15.0000 gap=4.0000 tried=5 sep_labels=15 clique_frac=0.02
t=68904ms iter=1648 REBUILD reject new_tc=22.1000 (was 21.7247)
t=68925ms iter=1648 incumb=21.7247 ratchet=21.9323 best=21.7111 since_improve=276
t=68926ms iter=1649 WAIST cost=19.0000 best_alt=15.0000 gap=4.0000 tried=5 sep_labels=15 clique_frac=0.02
t=68945ms iter=1649 REBUILD reject new_tc=22.1230 (was 21.7247)
t=68967ms iter=1649 incumb=21.7247 ratchet=21.8411 best=21.7111 since_improve=277
t=68968ms iter=1650 WAIST cost=19.0000 best_alt=15.0000 gap=4.0000 tried=5 sep_labels=15 clique_frac=0.02
t=68987ms iter=1650 REBUILD reject new_tc=22.0103 (was 21.7247)
t=69008ms iter=1650 incumb=21.7247 ratchet=21.7520 best=21.7111 since_improve=278
t=69010ms iter=1651 WAIST cost=19.0000 best_alt=15.0000 gap=4.0000 tried=5 sep_labels=15 clique_frac=0.02
t=69028ms iter=1651 REBUILD reject new_tc=22.4102 (was 21.7247)
t=69049ms iter=1651 incumb=21.7247 ratchet=21.7416 best=21.7111 since_improve=279
t=69051ms iter=1652 WAIST cost=19.0000 best_alt=15.0000 gap=4.0000 tried=5 sep_labels=15 clique_frac=0.02
t=69071ms iter=1652 REBUILD reject new_tc=21.9167 (was 21.7247)
t=69091ms iter=1652 incumb=21.7247 ratchet=21.7536 best=21.7111 since_improve=280
t=69093ms iter=1653 WAIST cost=19.0000 best_alt=15.0000 gap=4.0000 tried=5 sep_labels=15 clique_frac=0.02
t=69111ms iter=1653 REBUILD reject new_tc=22.1976 (was 21.7247)
t=69132ms iter=1653 incumb=21.7247 ratchet=21.8697 best=21.7111 since_improve=281
t=69134ms iter=1654 WAIST cost=19.0000 best_alt=15.0000 gap=4.0000 tried=5 sep_labels=15 clique_frac=0.02
t=69153ms iter=1654 REBUILD reject new_tc=22.1800 (was 21.7247)
t=69174ms iter=1654 incumb=21.7247 ratchet=21.8550 best=21.7111 since_improve=282
t=69175ms iter=1655 WAIST cost=19.0000 best_alt=15.0000 gap=4.0000 tried=5 sep_labels=15 clique_frac=0.02
t=69194ms iter=1655 REBUILD reject new_tc=22.0410 (was 21.7247)
t=69215ms iter=1655 incumb=21.7247 ratchet=21.8805 best=21.7111 since_improve=283
t=69216ms iter=1656 WAIST cost=19.0000 best_alt=15.0000 gap=4.0000 tried=5 sep_labels=15 clique_frac=0.02
t=69235ms iter=1656 REBUILD reject new_tc=21.9243 (was 21.7247)
t=69256ms iter=1656 incumb=21.7247 ratchet=21.7553 best=21.7111 since_improve=284
t=69258ms iter=1657 WAIST cost=19.0000 best_alt=15.0000 gap=4.0000 tried=5 sep_labels=15 clique_frac=0.02
t=69277ms iter=1657 REBUILD reject new_tc=22.0087 (was 21.7247)
t=69297ms iter=1657 incumb=21.7247 ratchet=21.8050 best=21.7111 since_improve=285
t=69299ms iter=1658 WAIST cost=19.0000 best_alt=15.0000 gap=4.0000 tried=5 sep_labels=15 clique_frac=0.02
t=69318ms iter=1658 REBUILD reject new_tc=21.8316 (was 21.7247)
t=69339ms iter=1658 incumb=21.7247 ratchet=21.8853 best=21.7111 since_improve=286
t=69341ms iter=1659 WAIST cost=19.0000 best_alt=15.0000 gap=4.0000 tried=5 sep_labels=15 clique_frac=0.02
t=69360ms iter=1659 REBUILD reject new_tc=22.0913 (was 21.7247)
t=69381ms iter=1659 incumb=21.7247 ratchet=21.8102 best=21.7111 since_improve=287
t=69382ms iter=1660 WAIST cost=19.0000 best_alt=15.0000 gap=4.0000 tried=5 sep_labels=15 clique_frac=0.02
t=69401ms iter=1660 REBUILD reject new_tc=22.1961 (was 21.7247)
t=69422ms iter=1660 incumb=21.7247 ratchet=22.0753 best=21.7111 since_improve=288
t=69424ms iter=1661 WAIST cost=19.0000 best_alt=15.0000 gap=4.0000 tried=5 sep_labels=15 clique_frac=0.02
t=69443ms iter=1661 REBUILD reject new_tc=21.8302 (was 21.7247)
t=69464ms iter=1661 incumb=21.7247 ratchet=22.1292 best=21.7111 since_improve=289
t=69465ms iter=1662 WAIST cost=19.0000 best_alt=15.0000 gap=4.0000 tried=5 sep_labels=15 clique_frac=0.02
t=69484ms iter=1662 REBUILD reject new_tc=22.3231 (was 21.7247)
t=69505ms iter=1662 incumb=21.7247 ratchet=21.7961 best=21.7111 since_improve=290
t=69507ms iter=1663 WAIST cost=19.0000 best_alt=15.0000 gap=4.0000 tried=5 sep_labels=15 clique_frac=0.02
t=69526ms iter=1663 REBUILD reject new_tc=21.9322 (was 21.7247)
t=69546ms iter=1663 incumb=21.7247 ratchet=21.7947 best=21.7111 since_improve=291
t=69548ms iter=1664 WAIST cost=19.0000 best_alt=15.0000 gap=4.0000 tried=5 sep_labels=15 clique_frac=0.02
t=69567ms iter=1664 REBUILD reject new_tc=22.0247 (was 21.7247)
t=69588ms iter=1664 incumb=21.7247 ratchet=21.8444 best=21.7111 since_improve=292
t=69589ms iter=1665 WAIST cost=19.0000 best_alt=15.0000 gap=4.0000 tried=5 sep_labels=15 clique_frac=0.02
t=69608ms iter=1665 REBUILD reject new_tc=22.3179 (was 21.7247)
t=69629ms iter=1665 incumb=21.7247 ratchet=21.9294 best=21.7111 since_improve=293
t=69630ms iter=1666 WAIST cost=19.0000 best_alt=15.0000 gap=4.0000 tried=5 sep_labels=15 clique_frac=0.02
t=69649ms iter=1666 REBUILD reject new_tc=22.4293 (was 21.7247)
t=69670ms iter=1666 incumb=21.7247 ratchet=21.8578 best=21.7111 since_improve=294
t=69672ms iter=1667 WAIST cost=19.0000 best_alt=15.0000 gap=4.0000 tried=5 sep_labels=15 clique_frac=0.02
t=69691ms iter=1667 REBUILD reject new_tc=21.8618 (was 21.7247)
t=69712ms iter=1667 incumb=21.7247 ratchet=21.8066 best=21.7111 since_improve=295
t=69713ms iter=1668 WAIST cost=19.0000 best_alt=15.0000 gap=4.0000 tried=5 sep_labels=15 clique_frac=0.02
t=69732ms iter=1668 REBUILD reject new_tc=21.9038 (was 21.7247)
t=69753ms iter=1668 incumb=21.7247 ratchet=21.8061 best=21.7111 since_improve=296
t=69755ms iter=1669 WAIST cost=19.0000 best_alt=15.0000 gap=4.0000 tried=5 sep_labels=15 clique_frac=0.02
t=69774ms iter=1669 REBUILD reject new_tc=21.8906 (was 21.7247)
t=69795ms iter=1669 incumb=21.7247 ratchet=21.7530 best=21.7111 since_improve=297
t=69797ms iter=1670 WAIST cost=19.0000 best_alt=15.0000 gap=4.0000 tried=5 sep_labels=15 clique_frac=0.02
t=69815ms iter=1670 REBUILD reject new_tc=22.1176 (was 21.7247)
t=69837ms iter=1670 incumb=21.7247 ratchet=21.8232 best=21.7111 since_improve=298
t=69838ms iter=1671 WAIST cost=19.0000 best_alt=15.0000 gap=4.0000 tried=5 sep_labels=15 clique_frac=0.02
t=69857ms iter=1671 REBUILD reject new_tc=22.4009 (was 21.7247)
t=69878ms iter=1671 incumb=21.7247 ratchet=21.7650 best=21.7111 since_improve=299
t=69879ms iter=1672 WAIST cost=19.0000 best_alt=15.0000 gap=4.0000 tried=5 sep_labels=15 clique_frac=0.02
t=69899ms iter=1672 REBUILD reject new_tc=21.8683 (was 21.7247)
t=69919ms iter=1672 incumb=21.7247 ratchet=21.8377 best=21.7111 since_improve=300
t=69921ms iter=1673 WAIST cost=19.0000 best_alt=15.0000 gap=4.0000 tried=5 sep_labels=15 clique_frac=0.02
t=69939ms iter=1673 REBUILD reject new_tc=22.2721 (was 21.7247)
t=69960ms iter=1673 incumb=21.7247 ratchet=21.7783 best=21.7111 since_improve=301
t=69962ms iter=1674 WAIST cost=19.0000 best_alt=15.0000 gap=4.0000 tried=5 sep_labels=15 clique_frac=0.02
t=69981ms iter=1674 REBUILD reject new_tc=21.7893 (was 21.7247)
t=70002ms iter=1674 incumb=21.7247 ratchet=22.0258 best=21.7111 since_improve=302
t=70003ms iter=1675 WAIST cost=19.0000 best_alt=15.0000 gap=4.0000 tried=5 sep_labels=15 clique_frac=0.02
t=70022ms iter=1675 REBUILD reject new_tc=21.8668 (was 21.7247)
t=70043ms iter=1675 incumb=21.7247 ratchet=21.9273 best=21.7111 since_improve=303
t=70044ms iter=1676 WAIST cost=19.0000 best_alt=15.0000 gap=4.0000 tried=5 sep_labels=15 clique_frac=0.02
t=70063ms iter=1676 REBUILD reject new_tc=21.9394 (was 21.7247)
t=70084ms iter=1676 incumb=21.7247 ratchet=21.7910 best=21.7111 since_improve=304
t=70086ms iter=1677 WAIST cost=19.0000 best_alt=15.0000 gap=4.0000 tried=5 sep_labels=15 clique_frac=0.02
t=70105ms iter=1677 REBUILD reject new_tc=22.1780 (was 21.7247)
t=70125ms iter=1677 incumb=21.7247 ratchet=21.8978 best=21.7111 since_improve=305
t=70127ms iter=1678 WAIST cost=19.0000 best_alt=15.0000 gap=4.0000 tried=5 sep_labels=15 clique_frac=0.02
t=70146ms iter=1678 REBUILD reject new_tc=22.0368 (was 21.7247)
t=70167ms iter=1678 incumb=21.7247 ratchet=21.8056 best=21.7111 since_improve=306
t=70169ms iter=1679 WAIST cost=19.0000 best_alt=15.0000 gap=4.0000 tried=5 sep_labels=15 clique_frac=0.02
t=70188ms iter=1679 REBUILD reject new_tc=21.9050 (was 21.7247)
t=70209ms iter=1679 incumb=21.7247 ratchet=21.8625 best=21.7111 since_improve=307
t=70210ms iter=1680 WAIST cost=19.0000 best_alt=15.0000 gap=4.0000 tried=5 sep_labels=15 clique_frac=0.02
t=70229ms iter=1680 REBUILD reject new_tc=21.8303 (was 21.7247)
t=70250ms iter=1680 incumb=21.7247 ratchet=21.9659 best=21.7111 since_improve=308
t=70251ms iter=1681 WAIST cost=19.0000 best_alt=15.0000 gap=4.0000 tried=5 sep_labels=15 clique_frac=0.02
t=70270ms iter=1681 REBUILD reject new_tc=22.1495 (was 21.7247)
t=70291ms iter=1681 incumb=21.7247 ratchet=21.7414 best=21.7111 since_improve=309
t=70293ms iter=1682 WAIST cost=19.0000 best_alt=15.0000 gap=4.0000 tried=5 sep_labels=15 clique_frac=0.02
t=70312ms iter=1682 REBUILD reject new_tc=22.2708 (was 21.7247)
t=70332ms iter=1682 incumb=21.7247 ratchet=22.1410 best=21.7111 since_improve=310
t=70334ms iter=1683 WAIST cost=19.0000 best_alt=15.0000 gap=4.0000 tried=5 sep_labels=15 clique_frac=0.02
t=70353ms iter=1683 REBUILD reject new_tc=22.0399 (was 21.7247)
t=70374ms iter=1683 incumb=21.7247 ratchet=21.7935 best=21.7111 since_improve=311
t=70376ms iter=1684 WAIST cost=19.0000 best_alt=15.0000 gap=4.0000 tried=5 sep_labels=15 clique_frac=0.02
t=70395ms iter=1684 REBUILD reject new_tc=21.8673 (was 21.7247)
t=70416ms iter=1684 incumb=21.7247 ratchet=21.9853 best=21.7111 since_improve=312
t=70417ms iter=1685 WAIST cost=19.0000 best_alt=15.0000 gap=4.0000 tried=5 sep_labels=15 clique_frac=0.02
t=70436ms iter=1685 REBUILD reject new_tc=21.9165 (was 21.7247)
t=70457ms iter=1685 incumb=21.7247 ratchet=21.7409 best=21.7111 since_improve=313
t=70459ms iter=1686 WAIST cost=19.0000 best_alt=15.0000 gap=4.0000 tried=5 sep_labels=15 clique_frac=0.02
t=70478ms iter=1686 REBUILD reject new_tc=22.3331 (was 21.7247)
t=70498ms iter=1686 incumb=21.7247 ratchet=21.7390 best=21.7111 since_improve=314
t=70500ms iter=1687 WAIST cost=19.0000 best_alt=15.0000 gap=4.0000 tried=5 sep_labels=15 clique_frac=0.02
t=70519ms iter=1687 REBUILD reject new_tc=21.8254 (was 21.7247)
t=70540ms iter=1687 incumb=21.7247 ratchet=21.9519 best=21.7111 since_improve=315
t=70541ms iter=1688 WAIST cost=19.0000 best_alt=15.0000 gap=4.0000 tried=5 sep_labels=15 clique_frac=0.02
t=70560ms iter=1688 REBUILD reject new_tc=22.3866 (was 21.7247)
t=70581ms iter=1688 incumb=21.7247 ratchet=21.8252 best=21.7111 since_improve=316
t=70583ms iter=1689 WAIST cost=19.0000 best_alt=15.0000 gap=4.0000 tried=5 sep_labels=15 clique_frac=0.02
t=70602ms iter=1689 REBUILD reject new_tc=21.7926 (was 21.7247)
t=70623ms iter=1689 incumb=21.7247 ratchet=21.9058 best=21.7111 since_improve=317
t=70624ms iter=1690 WAIST cost=19.0000 best_alt=15.0000 gap=4.0000 tried=5 sep_labels=15 clique_frac=0.02
t=70643ms iter=1690 REBUILD reject new_tc=21.9388 (was 21.7247)
t=70665ms iter=1690 incumb=21.7247 ratchet=21.8810 best=21.7111 since_improve=318
t=70666ms iter=1691 WAIST cost=19.0000 best_alt=15.0000 gap=4.0000 tried=5 sep_labels=15 clique_frac=0.02
t=70686ms iter=1691 REBUILD reject new_tc=21.8819 (was 21.7247)
t=70707ms iter=1691 incumb=21.7247 ratchet=22.0340 best=21.7111 since_improve=319
t=70708ms iter=1692 WAIST cost=19.0000 best_alt=15.0000 gap=4.0000 tried=5 sep_labels=15 clique_frac=0.02
t=70727ms iter=1692 REBUILD reject new_tc=22.4770 (was 21.7247)
t=70748ms iter=1692 incumb=21.7247 ratchet=21.7601 best=21.7111 since_improve=320
t=70749ms iter=1693 WAIST cost=19.0000 best_alt=15.0000 gap=4.0000 tried=5 sep_labels=15 clique_frac=0.02
t=70769ms iter=1693 REBUILD reject new_tc=21.8285 (was 21.7247)
t=70790ms iter=1693 incumb=21.7247 ratchet=21.8038 best=21.7111 since_improve=321
t=70791ms iter=1694 WAIST cost=19.0000 best_alt=15.0000 gap=4.0000 tried=5 sep_labels=15 clique_frac=0.02
t=70810ms iter=1694 REBUILD reject new_tc=22.3339 (was 21.7247)
t=70831ms iter=1694 incumb=21.7247 ratchet=22.0716 best=21.7111 since_improve=322
t=70832ms iter=1695 WAIST cost=19.0000 best_alt=15.0000 gap=4.0000 tried=5 sep_labels=15 clique_frac=0.02
t=70851ms iter=1695 REBUILD reject new_tc=22.2874 (was 21.7247)
t=70872ms iter=1695 incumb=21.7247 ratchet=21.8666 best=21.7111 since_improve=323
t=70873ms iter=1696 WAIST cost=19.0000 best_alt=15.0000 gap=4.0000 tried=5 sep_labels=15 clique_frac=0.02
t=70892ms iter=1696 REBUILD reject new_tc=22.1227 (was 21.7247)
t=70913ms iter=1696 incumb=21.7247 ratchet=21.8407 best=21.7111 since_improve=324
t=70915ms iter=1697 WAIST cost=19.0000 best_alt=15.0000 gap=4.0000 tried=5 sep_labels=15 clique_frac=0.02
t=70934ms iter=1697 REBUILD reject new_tc=22.1874 (was 21.7247)
t=70955ms iter=1697 incumb=21.7247 ratchet=21.7573 best=21.7111 since_improve=325
t=70956ms iter=1698 WAIST cost=19.0000 best_alt=15.0000 gap=4.0000 tried=5 sep_labels=15 clique_frac=0.02
t=70975ms iter=1698 REBUILD reject new_tc=22.2787 (was 21.7247)
t=70996ms iter=1698 incumb=21.7247 ratchet=21.8952 best=21.7111 since_improve=326
t=70998ms iter=1699 WAIST cost=19.0000 best_alt=15.0000 gap=4.0000 tried=5 sep_labels=15 clique_frac=0.02
t=71016ms iter=1699 REBUILD reject new_tc=22.2784 (was 21.7247)
t=71037ms iter=1699 incumb=21.7247 ratchet=21.9438 best=21.7111 since_improve=327
t=71038ms iter=1700 WAIST cost=19.0000 best_alt=15.0000 gap=4.0000 tried=5 sep_labels=15 clique_frac=0.02
t=71057ms iter=1700 REBUILD reject new_tc=22.1776 (was 21.7247)
t=71078ms iter=1700 incumb=21.7247 ratchet=21.7778 best=21.7111 since_improve=328
t=71079ms iter=1701 WAIST cost=19.0000 best_alt=15.0000 gap=4.0000 tried=5 sep_labels=15 clique_frac=0.02
t=71098ms iter=1701 REBUILD reject new_tc=22.3158 (was 21.7247)
t=71119ms iter=1701 incumb=21.7247 ratchet=21.7405 best=21.7111 since_improve=329
t=71121ms iter=1702 WAIST cost=19.0000 best_alt=15.0000 gap=4.0000 tried=5 sep_labels=15 clique_frac=0.02
t=71139ms iter=1702 REBUILD reject new_tc=21.8212 (was 21.7247)
t=71161ms iter=1702 incumb=21.7247 ratchet=21.9408 best=21.7111 since_improve=330
t=71162ms iter=1703 WAIST cost=19.0000 best_alt=15.0000 gap=4.0000 tried=5 sep_labels=15 clique_frac=0.02
t=71182ms iter=1703 REBUILD reject new_tc=22.0822 (was 21.7247)
t=71202ms iter=1703 incumb=21.7247 ratchet=21.8561 best=21.7111 since_improve=331
t=71204ms iter=1704 WAIST cost=19.0000 best_alt=15.0000 gap=4.0000 tried=5 sep_labels=15 clique_frac=0.02
t=71223ms iter=1704 REBUILD reject new_tc=22.2579 (was 21.7247)
t=71244ms iter=1704 incumb=21.7247 ratchet=21.7539 best=21.7111 since_improve=332
t=71245ms iter=1705 WAIST cost=19.0000 best_alt=15.0000 gap=4.0000 tried=5 sep_labels=15 clique_frac=0.02
t=71264ms iter=1705 REBUILD reject new_tc=22.1364 (was 21.7247)
t=71286ms iter=1705 incumb=21.7247 ratchet=21.7946 best=21.7111 since_improve=333
t=71287ms iter=1706 WAIST cost=19.0000 best_alt=15.0000 gap=4.0000 tried=5 sep_labels=15 clique_frac=0.02
t=71306ms iter=1706 REBUILD reject new_tc=22.1816 (was 21.7247)
t=71327ms iter=1706 incumb=21.7247 ratchet=21.7807 best=21.7111 since_improve=334
t=71328ms iter=1707 WAIST cost=19.0000 best_alt=15.0000 gap=4.0000 tried=5 sep_labels=15 clique_frac=0.02
t=71347ms iter=1707 REBUILD reject new_tc=21.8192 (was 21.7247)
t=71368ms iter=1707 incumb=21.7247 ratchet=22.1411 best=21.7111 since_improve=335
t=71370ms iter=1708 WAIST cost=19.0000 best_alt=15.0000 gap=4.0000 tried=5 sep_labels=15 clique_frac=0.02
t=71389ms iter=1708 REBUILD reject new_tc=22.1801 (was 21.7247)
t=71410ms iter=1708 incumb=21.7247 ratchet=21.9010 best=21.7111 since_improve=336
t=71412ms iter=1709 WAIST cost=19.0000 best_alt=15.0000 gap=4.0000 tried=5 sep_labels=15 clique_frac=0.02
t=71431ms iter=1709 REBUILD reject new_tc=21.8389 (was 21.7247)
t=71452ms iter=1709 incumb=21.7247 ratchet=21.7643 best=21.7111 since_improve=337
t=71454ms iter=1710 WAIST cost=19.0000 best_alt=15.0000 gap=4.0000 tried=5 sep_labels=15 clique_frac=0.02
t=71473ms iter=1710 REBUILD reject new_tc=22.0827 (was 21.7247)
t=71494ms iter=1710 incumb=21.7247 ratchet=21.8449 best=21.7111 since_improve=338
t=71495ms iter=1711 WAIST cost=19.0000 best_alt=15.0000 gap=4.0000 tried=5 sep_labels=15 clique_frac=0.02
t=71515ms iter=1711 REBUILD reject new_tc=21.9255 (was 21.7247)
t=71535ms iter=1711 incumb=21.7247 ratchet=21.9102 best=21.7111 since_improve=339
t=71537ms iter=1712 WAIST cost=19.0000 best_alt=15.0000 gap=4.0000 tried=5 sep_labels=15 clique_frac=0.02
t=71556ms iter=1712 REBUILD reject new_tc=21.8217 (was 21.7247)
t=71576ms iter=1712 incumb=21.7247 ratchet=21.7678 best=21.7111 since_improve=340
t=71578ms iter=1713 WAIST cost=19.0000 best_alt=15.0000 gap=4.0000 tried=5 sep_labels=15 clique_frac=0.02
t=71597ms iter=1713 REBUILD reject new_tc=22.0419 (was 21.7247)
t=71618ms iter=1713 incumb=21.7247 ratchet=21.7544 best=21.7111 since_improve=341
t=71619ms iter=1714 WAIST cost=19.0000 best_alt=15.0000 gap=4.0000 tried=5 sep_labels=15 clique_frac=0.02
t=71638ms iter=1714 REBUILD reject new_tc=21.8707 (was 21.7247)
t=71659ms iter=1714 incumb=21.7247 ratchet=21.8361 best=21.7111 since_improve=342
t=71661ms iter=1715 WAIST cost=19.0000 best_alt=15.0000 gap=4.0000 tried=5 sep_labels=15 clique_frac=0.02
t=71680ms iter=1715 REBUILD reject new_tc=22.1120 (was 21.7247)
t=71701ms iter=1715 incumb=21.7247 ratchet=21.7537 best=21.7111 since_improve=343
t=71702ms iter=1716 WAIST cost=19.0000 best_alt=15.0000 gap=4.0000 tried=5 sep_labels=15 clique_frac=0.02
t=71722ms iter=1716 REBUILD reject new_tc=21.8782 (was 21.7247)
t=71742ms iter=1716 incumb=21.7247 ratchet=21.7614 best=21.7111 since_improve=344
t=71744ms iter=1717 WAIST cost=19.0000 best_alt=15.0000 gap=4.0000 tried=5 sep_labels=15 clique_frac=0.02
t=71763ms iter=1717 REBUILD reject new_tc=21.8220 (was 21.7247)
t=71784ms iter=1717 incumb=21.7247 ratchet=21.7956 best=21.7111 since_improve=345
t=71785ms iter=1718 WAIST cost=19.0000 best_alt=15.0000 gap=4.0000 tried=5 sep_labels=15 clique_frac=0.02
t=71805ms iter=1718 REBUILD reject new_tc=21.7806 (was 21.7247)
t=71825ms iter=1718 incumb=21.7247 ratchet=21.7921 best=21.7111 since_improve=346
t=71827ms iter=1719 WAIST cost=19.0000 best_alt=15.0000 gap=4.0000 tried=5 sep_labels=15 clique_frac=0.02
t=71846ms iter=1719 REBUILD reject new_tc=21.8302 (was 21.7247)
t=71867ms iter=1719 incumb=21.7247 ratchet=21.8054 best=21.7111 since_improve=347
t=71869ms iter=1720 WAIST cost=19.0000 best_alt=15.0000 gap=4.0000 tried=5 sep_labels=15 clique_frac=0.02
t=71889ms iter=1720 REBUILD reject new_tc=21.8794 (was 21.7247)
t=71909ms iter=1720 incumb=21.7247 ratchet=21.8575 best=21.7111 since_improve=348
t=71911ms iter=1721 WAIST cost=19.0000 best_alt=15.0000 gap=4.0000 tried=5 sep_labels=15 clique_frac=0.02
t=71930ms iter=1721 REBUILD reject new_tc=21.7813 (was 21.7247)
t=71951ms iter=1721 incumb=21.7247 ratchet=21.9309 best=21.7111 since_improve=349
t=71952ms iter=1722 WAIST cost=19.0000 best_alt=15.0000 gap=4.0000 tried=5 sep_labels=15 clique_frac=0.02
t=71972ms iter=1722 REBUILD reject new_tc=22.0143 (was 21.7247)
t=71992ms iter=1722 incumb=21.7247 ratchet=21.7262 best=21.7111 since_improve=350
t=71993ms iter=1723 WAIST cost=19.0000 best_alt=15.0000 gap=4.0000 tried=5 sep_labels=15 clique_frac=0.02
t=72012ms iter=1723 REBUILD reject new_tc=22.2337 (was 21.7247)
t=72033ms iter=1723 incumb=21.7247 ratchet=21.8048 best=21.7111 since_improve=351
t=72034ms iter=1724 WAIST cost=19.0000 best_alt=15.0000 gap=4.0000 tried=5 sep_labels=15 clique_frac=0.02
t=72054ms iter=1724 REBUILD reject new_tc=21.7790 (was 21.7247)
t=72075ms iter=1724 incumb=21.7247 ratchet=21.8502 best=21.7111 since_improve=352
t=72076ms iter=1725 WAIST cost=19.0000 best_alt=15.0000 gap=4.0000 tried=5 sep_labels=15 clique_frac=0.02
t=72095ms iter=1725 REBUILD reject new_tc=21.8331 (was 21.7247)
t=72116ms iter=1725 incumb=21.7247 ratchet=21.8930 best=21.7111 since_improve=353
t=72118ms iter=1726 WAIST cost=19.0000 best_alt=15.0000 gap=4.0000 tried=5 sep_labels=15 clique_frac=0.02
t=72137ms iter=1726 REBUILD reject new_tc=21.8180 (was 21.7247)
t=72158ms iter=1726 incumb=21.7247 ratchet=21.7921 best=21.7111 since_improve=354
t=72159ms iter=1727 WAIST cost=19.0000 best_alt=15.0000 gap=4.0000 tried=5 sep_labels=15 clique_frac=0.02
t=72178ms iter=1727 REBUILD reject new_tc=21.8517 (was 21.7247)
t=72199ms iter=1727 incumb=21.7247 ratchet=21.8127 best=21.7111 since_improve=355
t=72201ms iter=1728 WAIST cost=19.0000 best_alt=15.0000 gap=4.0000 tried=5 sep_labels=15 clique_frac=0.02
t=72219ms iter=1728 REBUILD reject new_tc=21.9039 (was 21.7247)
t=72240ms iter=1728 incumb=21.7247 ratchet=21.8016 best=21.7111 since_improve=356
t=72242ms iter=1729 WAIST cost=19.0000 best_alt=15.0000 gap=4.0000 tried=5 sep_labels=15 clique_frac=0.02
t=72261ms iter=1729 REBUILD reject new_tc=21.8315 (was 21.7247)
t=72282ms iter=1729 incumb=21.7247 ratchet=21.8108 best=21.7111 since_improve=357
t=72283ms iter=1730 WAIST cost=19.0000 best_alt=15.0000 gap=4.0000 tried=5 sep_labels=15 clique_frac=0.02
t=72302ms iter=1730 REBUILD reject new_tc=21.8923 (was 21.7247)
t=72323ms iter=1730 incumb=21.7247 ratchet=21.8468 best=21.7111 since_improve=358
t=72324ms iter=1731 WAIST cost=19.0000 best_alt=15.0000 gap=4.0000 tried=5 sep_labels=15 clique_frac=0.02
t=72343ms iter=1731 REBUILD reject new_tc=22.1075 (was 21.7247)
t=72364ms iter=1731 incumb=21.7247 ratchet=21.7434 best=21.7111 since_improve=359
t=72365ms iter=1732 WAIST cost=19.0000 best_alt=15.0000 gap=4.0000 tried=5 sep_labels=15 clique_frac=0.02
t=72384ms iter=1732 REBUILD reject new_tc=22.2552 (was 21.7247)
t=72405ms iter=1732 incumb=21.7247 ratchet=21.9246 best=21.7111 since_improve=360
t=72407ms iter=1733 WAIST cost=19.0000 best_alt=15.0000 gap=4.0000 tried=5 sep_labels=15 clique_frac=0.02
t=72426ms iter=1733 REBUILD reject new_tc=22.2134 (was 21.7247)
t=72447ms iter=1733 incumb=21.7247 ratchet=21.7513 best=21.7111 since_improve=361
t=72449ms iter=1734 WAIST cost=19.0000 best_alt=15.0000 gap=4.0000 tried=5 sep_labels=15 clique_frac=0.02
t=72467ms iter=1734 REBUILD reject new_tc=21.8179 (was 21.7247)
t=72489ms iter=1734 incumb=21.7247 ratchet=21.9782 best=21.7111 since_improve=362
t=72490ms iter=1735 WAIST cost=19.0000 best_alt=15.0000 gap=4.0000 tried=5 sep_labels=15 clique_frac=0.02
t=72509ms iter=1735 REBUILD reject new_tc=21.7881 (was 21.7247)
t=72530ms iter=1735 incumb=21.7247 ratchet=21.7712 best=21.7111 since_improve=363
t=72531ms iter=1736 WAIST cost=19.0000 best_alt=15.0000 gap=4.0000 tried=5 sep_labels=15 clique_frac=0.02
t=72550ms iter=1736 REBUILD reject new_tc=21.7784 (was 21.7247)
t=72571ms iter=1736 incumb=21.7247 ratchet=21.8843 best=21.7111 since_improve=364
t=72573ms iter=1737 WAIST cost=19.0000 best_alt=15.0000 gap=4.0000 tried=5 sep_labels=15 clique_frac=0.02
t=72592ms iter=1737 REBUILD reject new_tc=21.8191 (was 21.7247)
t=72612ms iter=1737 incumb=21.7247 ratchet=22.0788 best=21.7111 since_improve=365
t=72614ms iter=1738 WAIST cost=19.0000 best_alt=15.0000 gap=4.0000 tried=5 sep_labels=15 clique_frac=0.02
t=72633ms iter=1738 REBUILD reject new_tc=21.7881 (was 21.7247)
t=72654ms iter=1738 incumb=21.7247 ratchet=21.9074 best=21.7111 since_improve=366
t=72655ms iter=1739 WAIST cost=19.0000 best_alt=15.0000 gap=4.0000 tried=5 sep_labels=15 clique_frac=0.02
t=72675ms iter=1739 REBUILD reject new_tc=22.3279 (was 21.7247)
t=72696ms iter=1739 incumb=21.7247 ratchet=21.9398 best=21.7111 since_improve=367
t=72697ms iter=1740 WAIST cost=19.0000 best_alt=15.0000 gap=4.0000 tried=5 sep_labels=15 clique_frac=0.02
t=72716ms iter=1740 REBUILD reject new_tc=21.8194 (was 21.7247)
t=72737ms iter=1740 incumb=21.7247 ratchet=21.7938 best=21.7111 since_improve=368
t=72738ms iter=1741 WAIST cost=19.0000 best_alt=15.0000 gap=4.0000 tried=5 sep_labels=15 clique_frac=0.02
t=72758ms iter=1741 REBUILD reject new_tc=21.9522 (was 21.7247)
t=72779ms iter=1741 incumb=21.7247 ratchet=21.9193 best=21.7111 since_improve=369
t=72780ms iter=1742 WAIST cost=19.0000 best_alt=15.0000 gap=4.0000 tried=5 sep_labels=15 clique_frac=0.02
t=72800ms iter=1742 REBUILD reject new_tc=21.8393 (was 21.7247)
t=72820ms iter=1742 incumb=21.7247 ratchet=21.9297 best=21.7111 since_improve=370
t=72822ms iter=1743 WAIST cost=19.0000 best_alt=15.0000 gap=4.0000 tried=5 sep_labels=15 clique_frac=0.02
t=72841ms iter=1743 REBUILD reject new_tc=21.9041 (was 21.7247)
t=72862ms iter=1743 incumb=21.7247 ratchet=21.8213 best=21.7111 since_improve=371
t=72863ms iter=1744 WAIST cost=19.0000 best_alt=15.0000 gap=4.0000 tried=5 sep_labels=15 clique_frac=0.02
t=72883ms iter=1744 REBUILD reject new_tc=21.8308 (was 21.7247)
t=72904ms iter=1744 incumb=21.7247 ratchet=21.7530 best=21.7111 since_improve=372
t=72905ms iter=1745 WAIST cost=19.0000 best_alt=15.0000 gap=4.0000 tried=5 sep_labels=15 clique_frac=0.02
t=72924ms iter=1745 REBUILD reject new_tc=21.8205 (was 21.7247)
t=72945ms iter=1745 incumb=21.7247 ratchet=21.8304 best=21.7111 since_improve=373
t=72946ms iter=1746 WAIST cost=19.0000 best_alt=15.0000 gap=4.0000 tried=5 sep_labels=15 clique_frac=0.02
t=72965ms iter=1746 REBUILD reject new_tc=22.2093 (was 21.7247)
t=72986ms iter=1746 incumb=21.7247 ratchet=21.7907 best=21.7111 since_improve=374
t=72988ms iter=1747 WAIST cost=19.0000 best_alt=15.0000 gap=4.0000 tried=5 sep_labels=15 clique_frac=0.02
t=73007ms iter=1747 REBUILD reject new_tc=21.8561 (was 21.7247)
t=73027ms iter=1747 incumb=21.7247 ratchet=21.7804 best=21.7111 since_improve=375
t=73029ms iter=1748 WAIST cost=19.0000 best_alt=15.0000 gap=4.0000 tried=5 sep_labels=15 clique_frac=0.02
t=73048ms iter=1748 REBUILD reject new_tc=21.8324 (was 21.7247)
t=73069ms iter=1748 incumb=21.7247 ratchet=21.8467 best=21.7111 since_improve=376
t=73070ms iter=1749 WAIST cost=19.0000 best_alt=15.0000 gap=4.0000 tried=5 sep_labels=15 clique_frac=0.02
t=73089ms iter=1749 REBUILD reject new_tc=22.0419 (was 21.7247)
t=73110ms iter=1749 incumb=21.7247 ratchet=21.9300 best=21.7111 since_improve=377
t=73112ms iter=1750 WAIST cost=19.0000 best_alt=15.0000 gap=4.0000 tried=5 sep_labels=15 clique_frac=0.02
t=73130ms iter=1750 REBUILD reject new_tc=22.0378 (was 21.7247)
t=73151ms iter=1750 incumb=21.7247 ratchet=21.8438 best=21.7111 since_improve=378
t=73152ms iter=1751 WAIST cost=19.0000 best_alt=15.0000 gap=4.0000 tried=5 sep_labels=15 clique_frac=0.02
t=73171ms iter=1751 REBUILD reject new_tc=21.8318 (was 21.7247)
t=73192ms iter=1751 incumb=21.7247 ratchet=21.8455 best=21.7111 since_improve=379
t=73194ms iter=1752 WAIST cost=19.0000 best_alt=15.0000 gap=4.0000 tried=5 sep_labels=15 clique_frac=0.02
t=73213ms iter=1752 REBUILD reject new_tc=21.8678 (was 21.7247)
t=73233ms iter=1752 incumb=21.7247 ratchet=21.8702 best=21.7111 since_improve=380
t=73235ms iter=1753 WAIST cost=19.0000 best_alt=15.0000 gap=4.0000 tried=5 sep_labels=15 clique_frac=0.02
t=73254ms iter=1753 REBUILD reject new_tc=21.8195 (was 21.7247)
t=73275ms iter=1753 incumb=21.7247 ratchet=21.7404 best=21.7111 since_improve=381
t=73276ms iter=1754 WAIST cost=19.0000 best_alt=15.0000 gap=4.0000 tried=5 sep_labels=15 clique_frac=0.02
t=73295ms iter=1754 REBUILD reject new_tc=22.1232 (was 21.7247)
t=73316ms iter=1754 incumb=21.7247 ratchet=21.8729 best=21.7111 since_improve=382
t=73317ms iter=1755 WAIST cost=19.0000 best_alt=15.0000 gap=4.0000 tried=5 sep_labels=15 clique_frac=0.02
t=73336ms iter=1755 REBUILD reject new_tc=21.8558 (was 21.7247)
t=73357ms iter=1755 incumb=21.7247 ratchet=21.8445 best=21.7111 since_improve=383
t=73359ms iter=1756 WAIST cost=19.0000 best_alt=15.0000 gap=4.0000 tried=5 sep_labels=15 clique_frac=0.02
t=73378ms iter=1756 REBUILD reject new_tc=21.9839 (was 21.7247)
t=73399ms iter=1756 incumb=21.7247 ratchet=21.7414 best=21.7111 since_improve=384
t=73400ms iter=1757 WAIST cost=19.0000 best_alt=15.0000 gap=4.0000 tried=5 sep_labels=15 clique_frac=0.02
t=73419ms iter=1757 REBUILD reject new_tc=22.4305 (was 21.7247)
t=73440ms iter=1757 incumb=21.7247 ratchet=21.9997 best=21.7111 since_improve=385
t=73441ms iter=1758 WAIST cost=19.0000 best_alt=15.0000 gap=4.0000 tried=5 sep_labels=15 clique_frac=0.02
t=73460ms iter=1758 REBUILD reject new_tc=22.0066 (was 21.7247)
t=73481ms iter=1758 incumb=21.7247 ratchet=21.8956 best=21.7111 since_improve=386
t=73483ms iter=1759 WAIST cost=19.0000 best_alt=15.0000 gap=4.0000 tried=5 sep_labels=15 clique_frac=0.02
t=73502ms iter=1759 REBUILD reject new_tc=22.3588 (was 21.7247)
t=73522ms iter=1759 incumb=21.7247 ratchet=21.8817 best=21.7111 since_improve=387
t=73524ms iter=1760 WAIST cost=19.0000 best_alt=15.0000 gap=4.0000 tried=5 sep_labels=15 clique_frac=0.02
t=73543ms iter=1760 REBUILD reject new_tc=22.4027 (was 21.7247)
t=73564ms iter=1760 incumb=21.7247 ratchet=21.8482 best=21.7111 since_improve=388
t=73565ms iter=1761 WAIST cost=19.0000 best_alt=15.0000 gap=4.0000 tried=5 sep_labels=15 clique_frac=0.02
t=73584ms iter=1761 REBUILD reject new_tc=22.0407 (was 21.7247)
t=73605ms iter=1761 incumb=21.7247 ratchet=21.7662 best=21.7111 since_improve=389
t=73607ms iter=1762 WAIST cost=19.0000 best_alt=15.0000 gap=4.0000 tried=5 sep_labels=15 clique_frac=0.02
t=73625ms iter=1762 REBUILD reject new_tc=22.1772 (was 21.7247)
t=73646ms iter=1762 incumb=21.7247 ratchet=21.8065 best=21.7111 since_improve=390
t=73648ms iter=1763 WAIST cost=19.0000 best_alt=15.0000 gap=4.0000 tried=5 sep_labels=15 clique_frac=0.02
t=73667ms iter=1763 REBUILD reject new_tc=21.8270 (was 21.7247)
t=73688ms iter=1763 incumb=21.7247 ratchet=21.7686 best=21.7111 since_improve=391
t=73690ms iter=1764 WAIST cost=19.0000 best_alt=15.0000 gap=4.0000 tried=5 sep_labels=15 clique_frac=0.02
t=73709ms iter=1764 REBUILD reject new_tc=22.3347 (was 21.7247)
t=73729ms iter=1764 incumb=21.7247 ratchet=21.8954 best=21.7111 since_improve=392
t=73731ms iter=1765 WAIST cost=19.0000 best_alt=15.0000 gap=4.0000 tried=5 sep_labels=15 clique_frac=0.02
t=73750ms iter=1765 REBUILD reject new_tc=21.8723 (was 21.7247)
t=73771ms iter=1765 incumb=21.7247 ratchet=21.8443 best=21.7111 since_improve=393
t=73772ms iter=1766 WAIST cost=19.0000 best_alt=15.0000 gap=4.0000 tried=5 sep_labels=15 clique_frac=0.02
t=73791ms iter=1766 REBUILD reject new_tc=22.3337 (was 21.7247)
t=73812ms iter=1766 incumb=21.7247 ratchet=22.0108 best=21.7111 since_improve=394
t=73813ms iter=1767 WAIST cost=19.0000 best_alt=15.0000 gap=4.0000 tried=5 sep_labels=15 clique_frac=0.02
t=73832ms iter=1767 REBUILD reject new_tc=21.9163 (was 21.7247)
t=73853ms iter=1767 incumb=21.7247 ratchet=21.8943 best=21.7111 since_improve=395
t=73855ms iter=1768 WAIST cost=19.0000 best_alt=15.0000 gap=4.0000 tried=5 sep_labels=15 clique_frac=0.02
t=73874ms iter=1768 REBUILD reject new_tc=21.8693 (was 21.7247)
t=73895ms iter=1768 incumb=21.7247 ratchet=21.7539 best=21.7111 since_improve=396
t=73896ms iter=1769 WAIST cost=19.0000 best_alt=15.0000 gap=4.0000 tried=5 sep_labels=15 clique_frac=0.02
t=73915ms iter=1769 REBUILD reject new_tc=22.2834 (was 21.7247)
t=73937ms iter=1769 incumb=21.7247 ratchet=21.7601 best=21.7111 since_improve=397
t=73938ms iter=1770 WAIST cost=19.0000 best_alt=15.0000 gap=4.0000 tried=5 sep_labels=15 clique_frac=0.02
t=73957ms iter=1770 REBUILD reject new_tc=22.1484 (was 21.7247)
t=73978ms iter=1770 incumb=21.7247 ratchet=21.9412 best=21.7111 since_improve=398
t=73979ms iter=1771 WAIST cost=19.0000 best_alt=15.0000 gap=4.0000 tried=5 sep_labels=15 clique_frac=0.02
t=73998ms iter=1771 REBUILD reject new_tc=21.8181 (was 21.7247)
t=74019ms iter=1771 incumb=21.7247 ratchet=21.8703 best=21.7111 since_improve=399
t=74021ms iter=1772 WAIST cost=19.0000 best_alt=15.0000 gap=4.0000 tried=5 sep_labels=15 clique_frac=0.02
t=74039ms iter=1772 REBUILD reject new_tc=22.2540 (was 21.7247)
t=74060ms iter=1772 incumb=21.7247 ratchet=21.8109 best=21.7111 since_improve=400
t=74062ms iter=1773 WAIST cost=19.0000 best_alt=15.0000 gap=4.0000 tried=5 sep_labels=15 clique_frac=0.02
t=74080ms iter=1773 REBUILD reject new_tc=22.1225 (was 21.7247)
t=74102ms iter=1773 incumb=21.7247 ratchet=22.2384 best=21.7111 since_improve=401
t=74103ms iter=1774 WAIST cost=19.0000 best_alt=15.0000 gap=4.0000 tried=5 sep_labels=15 clique_frac=0.02
t=74122ms iter=1774 REBUILD reject new_tc=22.1966 (was 21.7247)
t=74143ms iter=1774 incumb=21.7247 ratchet=21.7518 best=21.7111 since_improve=402
t=74144ms iter=1775 WAIST cost=19.0000 best_alt=15.0000 gap=4.0000 tried=5 sep_labels=15 clique_frac=0.02
t=74163ms iter=1775 REBUILD reject new_tc=22.0020 (was 21.7247)
t=74184ms iter=1775 incumb=21.7247 ratchet=21.7941 best=21.7111 since_improve=403
t=74186ms iter=1776 WAIST cost=19.0000 best_alt=15.0000 gap=4.0000 tried=5 sep_labels=15 clique_frac=0.02
t=74206ms iter=1776 REBUILD reject new_tc=21.8265 (was 21.7247)
t=74227ms iter=1776 incumb=21.7247 ratchet=21.9098 best=21.7111 since_improve=404
t=74228ms iter=1777 WAIST cost=19.0000 best_alt=15.0000 gap=4.0000 tried=5 sep_labels=15 clique_frac=0.02
t=74247ms iter=1777 REBUILD reject new_tc=21.8708 (was 21.7247)
t=74268ms iter=1777 incumb=21.7247 ratchet=21.8475 best=21.7111 since_improve=405
t=74270ms iter=1778 WAIST cost=19.0000 best_alt=15.0000 gap=4.0000 tried=5 sep_labels=15 clique_frac=0.02
t=74289ms iter=1778 REBUILD reject new_tc=22.1871 (was 21.7247)
t=74309ms iter=1778 incumb=21.7247 ratchet=21.7545 best=21.7111 since_improve=406
t=74311ms iter=1779 WAIST cost=19.0000 best_alt=15.0000 gap=4.0000 tried=5 sep_labels=15 clique_frac=0.02
t=74330ms iter=1779 REBUILD reject new_tc=22.0440 (was 21.7247)
t=74351ms iter=1779 incumb=21.7247 ratchet=21.7923 best=21.7111 since_improve=407
t=74352ms iter=1780 WAIST cost=19.0000 best_alt=15.0000 gap=4.0000 tried=5 sep_labels=15 clique_frac=0.02
t=74371ms iter=1780 REBUILD reject new_tc=21.8590 (was 21.7247)
t=74392ms iter=1780 incumb=21.7247 ratchet=21.7678 best=21.7111 since_improve=408
t=74394ms iter=1781 WAIST cost=19.0000 best_alt=15.0000 gap=4.0000 tried=5 sep_labels=15 clique_frac=0.02
t=74413ms iter=1781 REBUILD reject new_tc=21.8184 (was 21.7247)
t=74433ms iter=1781 incumb=21.7247 ratchet=21.9368 best=21.7111 since_improve=409
t=74434ms iter=1782 WAIST cost=19.0000 best_alt=15.0000 gap=4.0000 tried=5 sep_labels=15 clique_frac=0.02
t=74453ms iter=1782 REBUILD reject new_tc=22.2548 (was 21.7247)
t=74474ms iter=1782 incumb=21.7247 ratchet=21.7648 best=21.7111 since_improve=410
t=74475ms iter=1783 WAIST cost=19.0000 best_alt=15.0000 gap=4.0000 tried=5 sep_labels=15 clique_frac=0.02
t=74494ms iter=1783 REBUILD reject new_tc=21.7784 (was 21.7247)
t=74523ms iter=1783 incumb=21.7247 ratchet=21.8249 best=21.7111 since_improve=411
t=74524ms iter=1784 WAIST cost=19.0000 best_alt=15.0000 gap=4.0000 tried=5 sep_labels=15 clique_frac=0.02
t=74543ms iter=1784 REBUILD reject new_tc=22.1415 (was 21.7247)
t=74564ms iter=1784 incumb=21.7247 ratchet=21.7504 best=21.7111 since_improve=412
t=74565ms iter=1785 WAIST cost=19.0000 best_alt=15.0000 gap=4.0000 tried=5 sep_labels=15 clique_frac=0.02
t=74584ms iter=1785 REBUILD reject new_tc=22.0423 (was 21.7247)
t=74605ms iter=1785 incumb=21.7247 ratchet=21.7859 best=21.7111 since_improve=413
t=74607ms iter=1786 WAIST cost=19.0000 best_alt=15.0000 gap=4.0000 tried=5 sep_labels=15 clique_frac=0.02
t=74626ms iter=1786 REBUILD reject new_tc=22.1544 (was 21.7247)
t=74647ms iter=1786 incumb=21.7247 ratchet=22.0000 best=21.7111 since_improve=414
t=74649ms iter=1787 WAIST cost=19.0000 best_alt=15.0000 gap=4.0000 tried=5 sep_labels=15 clique_frac=0.02
t=74669ms iter=1787 REBUILD reject new_tc=21.8309 (was 21.7247)
t=74690ms iter=1787 incumb=21.7247 ratchet=22.1113 best=21.7111 since_improve=415
t=74691ms iter=1788 WAIST cost=19.0000 best_alt=15.0000 gap=4.0000 tried=5 sep_labels=15 clique_frac=0.02
t=74710ms iter=1788 REBUILD reject new_tc=21.8846 (was 21.7247)
t=74731ms iter=1788 incumb=21.7247 ratchet=21.9200 best=21.7111 since_improve=416
t=74733ms iter=1789 WAIST cost=19.0000 best_alt=15.0000 gap=4.0000 tried=5 sep_labels=15 clique_frac=0.02
t=74752ms iter=1789 REBUILD reject new_tc=21.8660 (was 21.7247)
t=74772ms iter=1789 incumb=21.7247 ratchet=22.0214 best=21.7111 since_improve=417
t=74774ms iter=1790 WAIST cost=19.0000 best_alt=15.0000 gap=4.0000 tried=5 sep_labels=15 clique_frac=0.02
t=74793ms iter=1790 REBUILD reject new_tc=21.8561 (was 21.7247)
t=74814ms iter=1790 incumb=21.7247 ratchet=21.7460 best=21.7111 since_improve=418
t=74815ms iter=1791 WAIST cost=19.0000 best_alt=15.0000 gap=4.0000 tried=5 sep_labels=15 clique_frac=0.02
t=74834ms iter=1791 REBUILD reject new_tc=21.9957 (was 21.7247)
t=74855ms iter=1791 incumb=21.7247 ratchet=21.8033 best=21.7111 since_improve=419
t=74857ms iter=1792 WAIST cost=19.0000 best_alt=15.0000 gap=4.0000 tried=5 sep_labels=15 clique_frac=0.02
t=74876ms iter=1792 REBUILD reject new_tc=21.9159 (was 21.7247)
t=74897ms iter=1792 incumb=21.7247 ratchet=21.8936 best=21.7111 since_improve=420
t=74898ms iter=1793 WAIST cost=19.0000 best_alt=15.0000 gap=4.0000 tried=5 sep_labels=15 clique_frac=0.02
t=74918ms iter=1793 REBUILD reject new_tc=21.8585 (was 21.7247)
t=74939ms iter=1793 incumb=21.7247 ratchet=21.7460 best=21.7111 since_improve=421
t=74940ms iter=1794 WAIST cost=19.0000 best_alt=15.0000 gap=4.0000 tried=5 sep_labels=15 clique_frac=0.02
t=74960ms iter=1794 REBUILD reject new_tc=21.8712 (was 21.7247)
t=74981ms iter=1794 incumb=21.7247 ratchet=21.8351 best=21.7111 since_improve=422
t=74982ms iter=1795 WAIST cost=19.0000 best_alt=15.0000 gap=4.0000 tried=5 sep_labels=15 clique_frac=0.02
t=75001ms iter=1795 REBUILD reject new_tc=22.2552 (was 21.7247)
t=75021ms iter=1795 incumb=21.7247 ratchet=21.7577 best=21.7111 since_improve=423
t=75023ms iter=1796 WAIST cost=19.0000 best_alt=15.0000 gap=4.0000 tried=5 sep_labels=15 clique_frac=0.02
t=75042ms iter=1796 REBUILD reject new_tc=21.9467 (was 21.7247)
t=75062ms iter=1796 incumb=21.7247 ratchet=21.9547 best=21.7111 since_improve=424
t=75064ms iter=1797 WAIST cost=19.0000 best_alt=15.0000 gap=4.0000 tried=5 sep_labels=15 clique_frac=0.02
t=75083ms iter=1797 REBUILD reject new_tc=21.8244 (was 21.7247)
t=75104ms iter=1797 incumb=21.7247 ratchet=21.8172 best=21.7111 since_improve=425
t=75105ms iter=1798 WAIST cost=19.0000 best_alt=15.0000 gap=4.0000 tried=5 sep_labels=15 clique_frac=0.02
t=75124ms iter=1798 REBUILD reject new_tc=21.8670 (was 21.7247)
t=75146ms iter=1798 incumb=21.7247 ratchet=21.7955 best=21.7111 since_improve=426
t=75147ms iter=1799 WAIST cost=19.0000 best_alt=15.0000 gap=4.0000 tried=5 sep_labels=15 clique_frac=0.02
t=75166ms iter=1799 REBUILD reject new_tc=22.0764 (was 21.7247)
t=75187ms iter=1799 incumb=21.7247 ratchet=21.7656 best=21.7111 since_improve=427
t=75189ms iter=1800 WAIST cost=19.0000 best_alt=15.0000 gap=4.0000 tried=5 sep_labels=15 clique_frac=0.02
t=75208ms iter=1800 REBUILD reject new_tc=21.9287 (was 21.7247)
t=75228ms iter=1800 incumb=21.7247 ratchet=21.8050 best=21.7111 since_improve=428
t=75230ms iter=1801 WAIST cost=19.0000 best_alt=15.0000 gap=4.0000 tried=5 sep_labels=15 clique_frac=0.02
t=75249ms iter=1801 REBUILD reject new_tc=22.1778 (was 21.7247)
t=75269ms iter=1801 incumb=21.7247 ratchet=22.1592 best=21.7111 since_improve=429
t=75271ms iter=1802 WAIST cost=19.0000 best_alt=15.0000 gap=4.0000 tried=5 sep_labels=15 clique_frac=0.02
t=75290ms iter=1802 REBUILD reject new_tc=21.8752 (was 21.7247)
t=75311ms iter=1802 incumb=21.7247 ratchet=21.7438 best=21.7111 since_improve=430
t=75312ms iter=1803 WAIST cost=19.0000 best_alt=15.0000 gap=4.0000 tried=5 sep_labels=15 clique_frac=0.02
t=75331ms iter=1803 REBUILD reject new_tc=22.3168 (was 21.7247)
t=75353ms iter=1803 incumb=21.7247 ratchet=21.7796 best=21.7111 since_improve=431
t=75354ms iter=1804 WAIST cost=19.0000 best_alt=15.0000 gap=4.0000 tried=5 sep_labels=15 clique_frac=0.02
t=75373ms iter=1804 REBUILD reject new_tc=21.7932 (was 21.7247)
t=75394ms iter=1804 incumb=21.7247 ratchet=21.9904 best=21.7111 since_improve=432
t=75396ms iter=1805 WAIST cost=19.0000 best_alt=15.0000 gap=4.0000 tried=5 sep_labels=15 clique_frac=0.02
t=75414ms iter=1805 REBUILD reject new_tc=22.2869 (was 21.7247)
t=75435ms iter=1805 incumb=21.7247 ratchet=21.7551 best=21.7111 since_improve=433
t=75437ms iter=1806 WAIST cost=19.0000 best_alt=15.0000 gap=4.0000 tried=5 sep_labels=15 clique_frac=0.02
t=75456ms iter=1806 REBUILD reject new_tc=22.1552 (was 21.7247)
t=75476ms iter=1806 incumb=21.7247 ratchet=21.9188 best=21.7111 since_improve=434
t=75477ms iter=1807 WAIST cost=19.0000 best_alt=15.0000 gap=4.0000 tried=5 sep_labels=15 clique_frac=0.02
t=75496ms iter=1807 REBUILD reject new_tc=22.4416 (was 21.7247)
t=75517ms iter=1807 incumb=21.7247 ratchet=21.7882 best=21.7111 since_improve=435
t=75518ms iter=1808 WAIST cost=19.0000 best_alt=15.0000 gap=4.0000 tried=5 sep_labels=15 clique_frac=0.02
t=75537ms iter=1808 REBUILD reject new_tc=21.9019 (was 21.7247)
t=75557ms iter=1808 incumb=21.7247 ratchet=22.0134 best=21.7111 since_improve=436
t=75559ms iter=1809 WAIST cost=19.0000 best_alt=15.0000 gap=4.0000 tried=5 sep_labels=15 clique_frac=0.02
t=75578ms iter=1809 REBUILD reject new_tc=21.9595 (was 21.7247)
t=75599ms iter=1809 incumb=21.7247 ratchet=22.0775 best=21.7111 since_improve=437
t=75601ms iter=1810 WAIST cost=19.0000 best_alt=15.0000 gap=4.0000 tried=5 sep_labels=15 clique_frac=0.02
t=75620ms iter=1810 REBUILD reject new_tc=21.8168 (was 21.7247)
t=75640ms iter=1810 incumb=21.7247 ratchet=21.9547 best=21.7111 since_improve=438
t=75642ms iter=1811 WAIST cost=19.0000 best_alt=15.0000 gap=4.0000 tried=5 sep_labels=15 clique_frac=0.02
t=75661ms iter=1811 REBUILD reject new_tc=21.8688 (was 21.7247)
t=75682ms iter=1811 incumb=21.7247 ratchet=21.7432 best=21.7111 since_improve=439
t=75683ms iter=1812 WAIST cost=19.0000 best_alt=15.0000 gap=4.0000 tried=5 sep_labels=15 clique_frac=0.02
t=75702ms iter=1812 REBUILD reject new_tc=22.1884 (was 21.7247)
t=75723ms iter=1812 incumb=21.7247 ratchet=21.8211 best=21.7111 since_improve=440
t=75724ms iter=1813 WAIST cost=19.0000 best_alt=15.0000 gap=4.0000 tried=5 sep_labels=15 clique_frac=0.02
t=75743ms iter=1813 REBUILD reject new_tc=21.9165 (was 21.7247)
t=75764ms iter=1813 incumb=21.7247 ratchet=21.8486 best=21.7111 since_improve=441
t=75765ms iter=1814 WAIST cost=19.0000 best_alt=15.0000 gap=4.0000 tried=5 sep_labels=15 clique_frac=0.02
t=75784ms iter=1814 REBUILD reject new_tc=22.1854 (was 21.7247)
t=75805ms iter=1814 incumb=21.7247 ratchet=21.9407 best=21.7111 since_improve=442
t=75807ms iter=1815 WAIST cost=19.0000 best_alt=15.0000 gap=4.0000 tried=5 sep_labels=15 clique_frac=0.02
t=75826ms iter=1815 REBUILD reject new_tc=21.9726 (was 21.7247)
t=75846ms iter=1815 incumb=21.7247 ratchet=21.7405 best=21.7111 since_improve=443
t=75848ms iter=1816 WAIST cost=19.0000 best_alt=15.0000 gap=4.0000 tried=5 sep_labels=15 clique_frac=0.02
t=75867ms iter=1816 REBUILD reject new_tc=22.2648 (was 21.7247)
t=75888ms iter=1816 incumb=21.7247 ratchet=21.8477 best=21.7111 since_improve=444
t=75890ms iter=1817 WAIST cost=19.0000 best_alt=15.0000 gap=4.0000 tried=5 sep_labels=15 clique_frac=0.02
t=75909ms iter=1817 REBUILD reject new_tc=21.9414 (was 21.7247)
t=75930ms iter=1817 incumb=21.7247 ratchet=22.0103 best=21.7111 since_improve=445
t=75931ms iter=1818 WAIST cost=19.0000 best_alt=15.0000 gap=4.0000 tried=5 sep_labels=15 clique_frac=0.02
t=75950ms iter=1818 REBUILD reject new_tc=21.8873 (was 21.7247)
t=75971ms iter=1818 incumb=21.7247 ratchet=21.7420 best=21.7111 since_improve=446
t=75973ms iter=1819 WAIST cost=19.0000 best_alt=15.0000 gap=4.0000 tried=5 sep_labels=15 clique_frac=0.02
t=75992ms iter=1819 REBUILD reject new_tc=21.9166 (was 21.7247)
t=76012ms iter=1819 incumb=21.7247 ratchet=21.9774 best=21.7111 since_improve=447
t=76014ms iter=1820 WAIST cost=19.0000 best_alt=15.0000 gap=4.0000 tried=5 sep_labels=15 clique_frac=0.02
t=76033ms iter=1820 REBUILD reject new_tc=22.3244 (was 21.7247)
t=76054ms iter=1820 incumb=21.7247 ratchet=21.8054 best=21.7111 since_improve=448
t=76055ms iter=1821 WAIST cost=19.0000 best_alt=15.0000 gap=4.0000 tried=5 sep_labels=15 clique_frac=0.02
t=76074ms iter=1821 REBUILD reject new_tc=21.8554 (was 21.7247)
t=76095ms iter=1821 incumb=21.7247 ratchet=21.8560 best=21.7111 since_improve=449
t=76097ms iter=1822 WAIST cost=19.0000 best_alt=15.0000 gap=4.0000 tried=5 sep_labels=15 clique_frac=0.02
t=76116ms iter=1822 REBUILD reject new_tc=22.0797 (was 21.7247)
t=76137ms iter=1822 incumb=21.7247 ratchet=21.7803 best=21.7111 since_improve=450
t=76138ms iter=1823 WAIST cost=19.0000 best_alt=15.0000 gap=4.0000 tried=5 sep_labels=15 clique_frac=0.02
t=76157ms iter=1823 REBUILD reject new_tc=22.2699 (was 21.7247)
t=76178ms iter=1823 incumb=21.7247 ratchet=21.8453 best=21.7111 since_improve=451
t=76179ms iter=1824 WAIST cost=19.0000 best_alt=15.0000 gap=4.0000 tried=5 sep_labels=15 clique_frac=0.02
t=76198ms iter=1824 REBUILD reject new_tc=21.7829 (was 21.7247)
t=76219ms iter=1824 incumb=21.7247 ratchet=21.7427 best=21.7111 since_improve=452
t=76221ms iter=1825 WAIST cost=19.0000 best_alt=15.0000 gap=4.0000 tried=5 sep_labels=15 clique_frac=0.02
t=76240ms iter=1825 REBUILD reject new_tc=21.8701 (was 21.7247)
t=76260ms iter=1825 incumb=21.7247 ratchet=21.8069 best=21.7111 since_improve=453
t=76262ms iter=1826 WAIST cost=19.0000 best_alt=15.0000 gap=4.0000 tried=5 sep_labels=15 clique_frac=0.02
t=76281ms iter=1826 REBUILD reject new_tc=21.8176 (was 21.7247)
t=76301ms iter=1826 incumb=21.7247 ratchet=21.8955 best=21.7111 since_improve=454
t=76303ms iter=1827 WAIST cost=19.0000 best_alt=15.0000 gap=4.0000 tried=5 sep_labels=15 clique_frac=0.02
t=76322ms iter=1827 REBUILD reject new_tc=21.8207 (was 21.7247)
t=76343ms iter=1827 incumb=21.7247 ratchet=21.9390 best=21.7111 since_improve=455
t=76344ms iter=1828 WAIST cost=19.0000 best_alt=15.0000 gap=4.0000 tried=5 sep_labels=15 clique_frac=0.02
t=76363ms iter=1828 REBUILD reject new_tc=21.8238 (was 21.7247)
t=76384ms iter=1828 incumb=21.7247 ratchet=21.8362 best=21.7111 since_improve=456
t=76386ms iter=1829 WAIST cost=19.0000 best_alt=15.0000 gap=4.0000 tried=5 sep_labels=15 clique_frac=0.02
t=76405ms iter=1829 REBUILD reject new_tc=21.8173 (was 21.7247)
t=76426ms iter=1829 incumb=21.7247 ratchet=21.8081 best=21.7111 since_improve=457
t=76427ms iter=1830 WAIST cost=19.0000 best_alt=15.0000 gap=4.0000 tried=5 sep_labels=15 clique_frac=0.02
t=76446ms iter=1830 REBUILD reject new_tc=21.8230 (was 21.7247)
t=76467ms iter=1830 incumb=21.7247 ratchet=21.8553 best=21.7111 since_improve=458
t=76468ms iter=1831 WAIST cost=19.0000 best_alt=15.0000 gap=4.0000 tried=5 sep_labels=15 clique_frac=0.02
t=76487ms iter=1831 REBUILD reject new_tc=22.0809 (was 21.7247)
t=76507ms iter=1831 incumb=21.7247 ratchet=21.8619 best=21.7111 since_improve=459
t=76509ms iter=1832 WAIST cost=19.0000 best_alt=15.0000 gap=4.0000 tried=5 sep_labels=15 clique_frac=0.02
t=76528ms iter=1832 REBUILD reject new_tc=21.7826 (was 21.7247)
t=76549ms iter=1832 incumb=21.7247 ratchet=21.9987 best=21.7111 since_improve=460
t=76550ms iter=1833 WAIST cost=19.0000 best_alt=15.0000 gap=4.0000 tried=5 sep_labels=15 clique_frac=0.02
t=76570ms iter=1833 REBUILD reject new_tc=21.8178 (was 21.7247)
t=76590ms iter=1833 incumb=21.7247 ratchet=21.8498 best=21.7111 since_improve=461
t=76592ms iter=1834 WAIST cost=19.0000 best_alt=15.0000 gap=4.0000 tried=5 sep_labels=15 clique_frac=0.02
t=76611ms iter=1834 REBUILD reject new_tc=22.0029 (was 21.7247)
t=76632ms iter=1834 incumb=21.7247 ratchet=21.9064 best=21.7111 since_improve=462
t=76633ms iter=1835 WAIST cost=19.0000 best_alt=15.0000 gap=4.0000 tried=5 sep_labels=15 clique_frac=0.02
t=76653ms iter=1835 REBUILD reject new_tc=21.7883 (was 21.7247)
t=76673ms iter=1835 incumb=21.7247 ratchet=21.8954 best=21.7111 since_improve=463
t=76675ms iter=1836 WAIST cost=19.0000 best_alt=15.0000 gap=4.0000 tried=5 sep_labels=15 clique_frac=0.02
t=76694ms iter=1836 REBUILD reject new_tc=21.8817 (was 21.7247)
t=76715ms iter=1836 incumb=21.7247 ratchet=21.7297 best=21.7111 since_improve=464
t=76716ms iter=1837 WAIST cost=19.0000 best_alt=15.0000 gap=4.0000 tried=5 sep_labels=15 clique_frac=0.02
t=76735ms iter=1837 REBUILD reject new_tc=21.8583 (was 21.7247)
t=76756ms iter=1837 incumb=21.7247 ratchet=21.9052 best=21.7111 since_improve=465
t=76758ms iter=1838 WAIST cost=19.0000 best_alt=15.0000 gap=4.0000 tried=5 sep_labels=15 clique_frac=0.02
t=76777ms iter=1838 REBUILD reject new_tc=21.8552 (was 21.7247)
t=76798ms iter=1838 incumb=21.7247 ratchet=21.7528 best=21.7111 since_improve=466
t=76799ms iter=1839 WAIST cost=19.0000 best_alt=15.0000 gap=4.0000 tried=5 sep_labels=15 clique_frac=0.02
t=76818ms iter=1839 REBUILD reject new_tc=21.9166 (was 21.7247)
t=76839ms iter=1839 incumb=21.7247 ratchet=21.7645 best=21.7111 since_improve=467
t=76841ms iter=1840 WAIST cost=19.0000 best_alt=15.0000 gap=4.0000 tried=5 sep_labels=15 clique_frac=0.02
t=76860ms iter=1840 REBUILD reject new_tc=21.8611 (was 21.7247)
t=76881ms iter=1840 incumb=21.7247 ratchet=22.0436 best=21.7111 since_improve=468
t=76882ms iter=1841 WAIST cost=19.0000 best_alt=15.0000 gap=4.0000 tried=5 sep_labels=15 clique_frac=0.02
t=76901ms iter=1841 REBUILD reject new_tc=21.9678 (was 21.7247)
t=76921ms iter=1841 incumb=21.7247 ratchet=21.7974 best=21.7111 since_improve=469
t=76923ms iter=1842 WAIST cost=19.0000 best_alt=15.0000 gap=4.0000 tried=5 sep_labels=15 clique_frac=0.02
t=76941ms iter=1842 REBUILD reject new_tc=22.2646 (was 21.7247)
t=76962ms iter=1842 incumb=21.7247 ratchet=21.8202 best=21.7111 since_improve=470
t=76964ms iter=1843 WAIST cost=19.0000 best_alt=15.0000 gap=4.0000 tried=5 sep_labels=15 clique_frac=0.02
t=76983ms iter=1843 REBUILD reject new_tc=21.9061 (was 21.7247)
t=77003ms iter=1843 incumb=21.7247 ratchet=21.8068 best=21.7111 since_improve=471
t=77005ms iter=1844 WAIST cost=19.0000 best_alt=15.0000 gap=4.0000 tried=5 sep_labels=15 clique_frac=0.02
t=77024ms iter=1844 REBUILD reject new_tc=21.8201 (was 21.7247)
t=77045ms iter=1844 incumb=21.7247 ratchet=21.8320 best=21.7111 since_improve=472
t=77047ms iter=1845 WAIST cost=19.0000 best_alt=15.0000 gap=4.0000 tried=5 sep_labels=15 clique_frac=0.02
t=77066ms iter=1845 REBUILD reject new_tc=21.8688 (was 21.7247)
t=77087ms iter=1845 incumb=21.7247 ratchet=21.8037 best=21.7111 since_improve=473
t=77088ms iter=1846 WAIST cost=19.0000 best_alt=15.0000 gap=4.0000 tried=5 sep_labels=15 clique_frac=0.02
t=77107ms iter=1846 REBUILD reject new_tc=21.7790 (was 21.7247)
t=77128ms iter=1846 incumb=21.7247 ratchet=22.1513 best=21.7111 since_improve=474
t=77129ms iter=1847 WAIST cost=19.0000 best_alt=15.0000 gap=4.0000 tried=5 sep_labels=15 clique_frac=0.02
t=77148ms iter=1847 REBUILD reject new_tc=21.8277 (was 21.7247)
t=77168ms iter=1847 incumb=21.7247 ratchet=21.8477 best=21.7111 since_improve=475
t=77170ms iter=1848 WAIST cost=19.0000 best_alt=15.0000 gap=4.0000 tried=5 sep_labels=15 clique_frac=0.02
t=77189ms iter=1848 REBUILD reject new_tc=21.9950 (was 21.7247)
t=77210ms iter=1848 incumb=21.7247 ratchet=22.0770 best=21.7111 since_improve=476
t=77211ms iter=1849 WAIST cost=19.0000 best_alt=15.0000 gap=4.0000 tried=5 sep_labels=15 clique_frac=0.02
t=77230ms iter=1849 REBUILD reject new_tc=22.3857 (was 21.7247)
t=77251ms iter=1849 incumb=21.7247 ratchet=21.7532 best=21.7111 since_improve=477
t=77252ms iter=1850 WAIST cost=19.0000 best_alt=15.0000 gap=4.0000 tried=5 sep_labels=15 clique_frac=0.02
t=77272ms iter=1850 REBUILD reject new_tc=21.8705 (was 21.7247)
t=77292ms iter=1850 incumb=21.7247 ratchet=21.7540 best=21.7111 since_improve=478
t=77293ms iter=1851 WAIST cost=19.0000 best_alt=15.0000 gap=4.0000 tried=5 sep_labels=15 clique_frac=0.02
t=77312ms iter=1851 REBUILD reject new_tc=21.8869 (was 21.7247)
t=77333ms iter=1851 incumb=21.7247 ratchet=21.8489 best=21.7111 since_improve=479
t=77334ms iter=1852 WAIST cost=19.0000 best_alt=15.0000 gap=4.0000 tried=5 sep_labels=15 clique_frac=0.02
t=77353ms iter=1852 REBUILD reject new_tc=22.4114 (was 21.7247)
t=77374ms iter=1852 incumb=21.7247 ratchet=21.8048 best=21.7111 since_improve=480
t=77375ms iter=1853 WAIST cost=19.0000 best_alt=15.0000 gap=4.0000 tried=5 sep_labels=15 clique_frac=0.02
t=77395ms iter=1853 REBUILD reject new_tc=22.1175 (was 21.7247)
t=77416ms iter=1853 incumb=21.7247 ratchet=21.7807 best=21.7111 since_improve=481
t=77417ms iter=1854 WAIST cost=19.0000 best_alt=15.0000 gap=4.0000 tried=5 sep_labels=15 clique_frac=0.02
t=77436ms iter=1854 REBUILD reject new_tc=21.8800 (was 21.7247)
t=77456ms iter=1854 incumb=21.7247 ratchet=21.8335 best=21.7111 since_improve=482
t=77458ms iter=1855 WAIST cost=19.0000 best_alt=15.0000 gap=4.0000 tried=5 sep_labels=15 clique_frac=0.02
t=77477ms iter=1855 REBUILD reject new_tc=21.9382 (was 21.7247)
t=77498ms iter=1855 incumb=21.7247 ratchet=21.7663 best=21.7111 since_improve=483
t=77499ms iter=1856 WAIST cost=19.0000 best_alt=15.0000 gap=4.0000 tried=5 sep_labels=15 clique_frac=0.02
t=77518ms iter=1856 REBUILD reject new_tc=22.0069 (was 21.7247)
t=77539ms iter=1856 incumb=21.7247 ratchet=21.8835 best=21.7111 since_improve=484
t=77540ms iter=1857 WAIST cost=19.0000 best_alt=15.0000 gap=4.0000 tried=5 sep_labels=15 clique_frac=0.02
t=77559ms iter=1857 REBUILD reject new_tc=21.8205 (was 21.7247)
t=77580ms iter=1857 incumb=21.7247 ratchet=21.7575 best=21.7111 since_improve=485
t=77582ms iter=1858 WAIST cost=19.0000 best_alt=15.0000 gap=4.0000 tried=5 sep_labels=15 clique_frac=0.02
t=77601ms iter=1858 REBUILD reject new_tc=21.8792 (was 21.7247)
t=77622ms iter=1858 incumb=21.7247 ratchet=21.8071 best=21.7111 since_improve=486
t=77624ms iter=1859 WAIST cost=19.0000 best_alt=15.0000 gap=4.0000 tried=5 sep_labels=15 clique_frac=0.02
t=77643ms iter=1859 REBUILD reject new_tc=21.9158 (was 21.7247)
t=77663ms iter=1859 incumb=21.7247 ratchet=21.8255 best=21.7111 since_improve=487
t=77665ms iter=1860 WAIST cost=19.0000 best_alt=15.0000 gap=4.0000 tried=5 sep_labels=15 clique_frac=0.02
t=77684ms iter=1860 REBUILD reject new_tc=21.8550 (was 21.7247)
t=77704ms iter=1860 incumb=21.7247 ratchet=21.7425 best=21.7111 since_improve=488
t=77706ms iter=1861 WAIST cost=19.0000 best_alt=15.0000 gap=4.0000 tried=5 sep_labels=15 clique_frac=0.02
t=77725ms iter=1861 REBUILD reject new_tc=22.1860 (was 21.7247)
t=77745ms iter=1861 incumb=21.7247 ratchet=21.7993 best=21.7111 since_improve=489
t=77747ms iter=1862 WAIST cost=19.0000 best_alt=15.0000 gap=4.0000 tried=5 sep_labels=15 clique_frac=0.02
t=77765ms iter=1862 REBUILD reject new_tc=21.9070 (was 21.7247)
t=77786ms iter=1862 incumb=21.7247 ratchet=21.7389 best=21.7111 since_improve=490
t=77787ms iter=1863 WAIST cost=19.0000 best_alt=15.0000 gap=4.0000 tried=5 sep_labels=15 clique_frac=0.02
t=77806ms iter=1863 REBUILD reject new_tc=22.2544 (was 21.7247)
t=77827ms iter=1863 incumb=21.7247 ratchet=21.7810 best=21.7111 since_improve=491
t=77828ms iter=1864 WAIST cost=19.0000 best_alt=15.0000 gap=4.0000 tried=5 sep_labels=15 clique_frac=0.02
t=77859ms iter=1864 REBUILD reject new_tc=22.4097 (was 21.7247)
t=77881ms iter=1864 incumb=21.7247 ratchet=21.8214 best=21.7111 since_improve=492
t=77882ms iter=1865 WAIST cost=19.0000 best_alt=15.0000 gap=4.0000 tried=5 sep_labels=15 clique_frac=0.02
t=77901ms iter=1865 REBUILD reject new_tc=21.8350 (was 21.7247)
t=77922ms iter=1865 incumb=21.7247 ratchet=21.8842 best=21.7111 since_improve=493
t=77923ms iter=1866 WAIST cost=19.0000 best_alt=15.0000 gap=4.0000 tried=5 sep_labels=15 clique_frac=0.02
t=77942ms iter=1866 REBUILD reject new_tc=21.8320 (was 21.7247)
t=77963ms iter=1866 incumb=21.7247 ratchet=21.8276 best=21.7111 since_improve=494
t=77965ms iter=1867 WAIST cost=19.0000 best_alt=15.0000 gap=4.0000 tried=5 sep_labels=15 clique_frac=0.02
t=77983ms iter=1867 REBUILD reject new_tc=22.0408 (was 21.7247)
t=78004ms iter=1867 incumb=21.7247 ratchet=21.8092 best=21.7111 since_improve=495
t=78006ms iter=1868 WAIST cost=19.0000 best_alt=15.0000 gap=4.0000 tried=5 sep_labels=15 clique_frac=0.02
t=78025ms iter=1868 REBUILD reject new_tc=22.1760 (was 21.7247)
t=78043ms iter=1868 incumb=21.7247 ratchet=21.9204 best=21.7111 since_improve=496
t=78044ms iter=1869 WAIST cost=19.0000 best_alt=15.0000 gap=4.0000 tried=5 sep_labels=15 clique_frac=0.02
t=78056ms iter=1869 REBUILD reject new_tc=22.2527 (was 21.7247)
t=78070ms iter=1869 incumb=21.7247 ratchet=21.8447 best=21.7111 since_improve=497
t=78070ms iter=1870 WAIST cost=19.0000 best_alt=15.0000 gap=4.0000 tried=5 sep_labels=15 clique_frac=0.02
t=78083ms iter=1870 REBUILD reject new_tc=21.8299 (was 21.7247)
t=78105ms iter=1870 incumb=21.7247 ratchet=21.9339 best=21.7111 since_improve=498
t=78106ms iter=1871 WAIST cost=19.0000 best_alt=15.0000 gap=4.0000 tried=5 sep_labels=15 clique_frac=0.02
t=78125ms iter=1871 REBUILD reject new_tc=22.4099 (was 21.7247)
t=78146ms iter=1871 incumb=21.7247 ratchet=21.7489 best=21.7111 since_improve=499
t=78147ms iter=1872 WAIST cost=19.0000 best_alt=15.0000 gap=4.0000 tried=5 sep_labels=15 clique_frac=0.02
t=78167ms iter=1872 REBUILD reject new_tc=22.1801 (was 21.7247)
t=78187ms iter=1872 incumb=21.7247 ratchet=21.9880 best=21.7111 since_improve=500
t=78189ms iter=1873 WAIST cost=19.0000 best_alt=15.0000 gap=4.0000 tried=5 sep_labels=15 clique_frac=0.02
t=78208ms iter=1873 REBUILD reject new_tc=21.8177 (was 21.7247)
t=78228ms iter=1873 incumb=21.7247 ratchet=21.8960 best=21.7111 since_improve=501
t=78230ms iter=1874 WAIST cost=19.0000 best_alt=15.0000 gap=4.0000 tried=5 sep_labels=15 clique_frac=0.02
t=78249ms iter=1874 REBUILD reject new_tc=22.5227 (was 21.7247)
t=78270ms iter=1874 incumb=21.7247 ratchet=21.8838 best=21.7111 since_improve=502
t=78271ms iter=1875 WAIST cost=19.0000 best_alt=15.0000 gap=4.0000 tried=5 sep_labels=15 clique_frac=0.02
t=78290ms iter=1875 REBUILD reject new_tc=21.8677 (was 21.7247)
t=78311ms iter=1875 incumb=21.7247 ratchet=22.1084 best=21.7111 since_improve=503
t=78312ms iter=1876 WAIST cost=19.0000 best_alt=15.0000 gap=4.0000 tried=5 sep_labels=15 clique_frac=0.02
t=78331ms iter=1876 REBUILD reject new_tc=22.6719 (was 21.7247)
t=78352ms iter=1876 incumb=21.7247 ratchet=22.1848 best=21.7111 since_improve=504
t=78353ms iter=1877 WAIST cost=19.0000 best_alt=15.0000 gap=4.0000 tried=5 sep_labels=15 clique_frac=0.02
t=78372ms iter=1877 REBUILD reject new_tc=22.4376 (was 21.7247)
t=78393ms iter=1877 incumb=21.7247 ratchet=21.7575 best=21.7111 since_improve=505
t=78395ms iter=1878 WAIST cost=19.0000 best_alt=15.0000 gap=4.0000 tried=5 sep_labels=15 clique_frac=0.02
t=78414ms iter=1878 REBUILD reject new_tc=22.1333 (was 21.7247)
t=78435ms iter=1878 incumb=21.7247 ratchet=21.8611 best=21.7111 since_improve=506
t=78437ms iter=1879 WAIST cost=19.0000 best_alt=15.0000 gap=4.0000 tried=5 sep_labels=15 clique_frac=0.02
t=78456ms iter=1879 REBUILD reject new_tc=22.3863 (was 21.7247)
t=78477ms iter=1879 incumb=21.7247 ratchet=21.9756 best=21.7111 since_improve=507
t=78478ms iter=1880 WAIST cost=19.0000 best_alt=15.0000 gap=4.0000 tried=5 sep_labels=15 clique_frac=0.02
t=78497ms iter=1880 REBUILD reject new_tc=22.1537 (was 21.7247)
t=78518ms iter=1880 incumb=21.7247 ratchet=21.8830 best=21.7111 since_improve=508
t=78520ms iter=1881 WAIST cost=19.0000 best_alt=15.0000 gap=4.0000 tried=5 sep_labels=15 clique_frac=0.02
t=78540ms iter=1881 REBUILD reject new_tc=21.8452 (was 21.7247)
t=78561ms iter=1881 incumb=21.7247 ratchet=21.7793 best=21.7111 since_improve=509
t=78563ms iter=1882 WAIST cost=19.0000 best_alt=15.0000 gap=4.0000 tried=5 sep_labels=15 clique_frac=0.02
t=78582ms iter=1882 REBUILD reject new_tc=21.8230 (was 21.7247)
t=78603ms iter=1882 incumb=21.7247 ratchet=21.7380 best=21.7111 since_improve=510
t=78604ms iter=1883 WAIST cost=19.0000 best_alt=15.0000 gap=4.0000 tried=5 sep_labels=15 clique_frac=0.02
t=78624ms iter=1883 REBUILD reject new_tc=21.9452 (was 21.7247)
t=78644ms iter=1883 incumb=21.7247 ratchet=21.8983 best=21.7111 since_improve=511
t=78646ms iter=1884 WAIST cost=19.0000 best_alt=15.0000 gap=4.0000 tried=5 sep_labels=15 clique_frac=0.02
t=78665ms iter=1884 REBUILD reject new_tc=21.8791 (was 21.7247)
t=78685ms iter=1884 incumb=21.7247 ratchet=21.8327 best=21.7111 since_improve=512
t=78687ms iter=1885 WAIST cost=19.0000 best_alt=15.0000 gap=4.0000 tried=5 sep_labels=15 clique_frac=0.02
t=78706ms iter=1885 REBUILD reject new_tc=21.8169 (was 21.7247)
t=78726ms iter=1885 incumb=21.7247 ratchet=21.7665 best=21.7111 since_improve=513
t=78728ms iter=1886 WAIST cost=19.0000 best_alt=15.0000 gap=4.0000 tried=5 sep_labels=15 clique_frac=0.02
t=78747ms iter=1886 REBUILD reject new_tc=22.3621 (was 21.7247)
t=78768ms iter=1886 incumb=21.7247 ratchet=21.8028 best=21.7111 since_improve=514
t=78769ms iter=1887 WAIST cost=19.0000 best_alt=15.0000 gap=4.0000 tried=5 sep_labels=15 clique_frac=0.02
t=78788ms iter=1887 REBUILD reject new_tc=22.3592 (was 21.7247)
t=78809ms iter=1887 incumb=21.7247 ratchet=21.7437 best=21.7111 since_improve=515
t=78811ms iter=1888 WAIST cost=19.0000 best_alt=15.0000 gap=4.0000 tried=5 sep_labels=15 clique_frac=0.02
t=78830ms iter=1888 REBUILD reject new_tc=21.9099 (was 21.7247)
t=78850ms iter=1888 incumb=21.7247 ratchet=21.8836 best=21.7111 since_improve=516
t=78852ms iter=1889 WAIST cost=19.0000 best_alt=15.0000 gap=4.0000 tried=5 sep_labels=15 clique_frac=0.02
t=78871ms iter=1889 REBUILD reject new_tc=21.8693 (was 21.7247)
t=78892ms iter=1889 incumb=21.7247 ratchet=21.7804 best=21.7111 since_improve=517
t=78893ms iter=1890 WAIST cost=19.0000 best_alt=15.0000 gap=4.0000 tried=5 sep_labels=15 clique_frac=0.02
t=78913ms iter=1890 REBUILD reject new_tc=21.9053 (was 21.7247)
t=78933ms iter=1890 incumb=21.7247 ratchet=21.7992 best=21.7111 since_improve=518
t=78935ms iter=1891 WAIST cost=19.0000 best_alt=15.0000 gap=4.0000 tried=5 sep_labels=15 clique_frac=0.02
t=78954ms iter=1891 REBUILD reject new_tc=22.0425 (was 21.7247)
t=78975ms iter=1891 incumb=21.7247 ratchet=21.7801 best=21.7111 since_improve=519
t=78976ms iter=1892 WAIST cost=19.0000 best_alt=15.0000 gap=4.0000 tried=5 sep_labels=15 clique_frac=0.02
t=78995ms iter=1892 REBUILD reject new_tc=21.8598 (was 21.7247)
t=79016ms iter=1892 incumb=21.7247 ratchet=21.8071 best=21.7111 since_improve=520
t=79018ms iter=1893 WAIST cost=19.0000 best_alt=15.0000 gap=4.0000 tried=5 sep_labels=15 clique_frac=0.02
t=79037ms iter=1893 REBUILD reject new_tc=22.1902 (was 21.7247)
t=79058ms iter=1893 incumb=21.7247 ratchet=21.7582 best=21.7111 since_improve=521
t=79059ms iter=1894 WAIST cost=19.0000 best_alt=15.0000 gap=4.0000 tried=5 sep_labels=15 clique_frac=0.02
t=79078ms iter=1894 REBUILD reject new_tc=22.1805 (was 21.7247)
t=79099ms iter=1894 incumb=21.7247 ratchet=21.8439 best=21.7111 since_improve=522
t=79101ms iter=1895 WAIST cost=19.0000 best_alt=15.0000 gap=4.0000 tried=5 sep_labels=15 clique_frac=0.02
t=79120ms iter=1895 REBUILD reject new_tc=21.8686 (was 21.7247)
t=79140ms iter=1895 incumb=21.7247 ratchet=21.7930 best=21.7111 since_improve=523
t=79142ms iter=1896 WAIST cost=19.0000 best_alt=15.0000 gap=4.0000 tried=5 sep_labels=15 clique_frac=0.02
t=79161ms iter=1896 REBUILD reject new_tc=21.8229 (was 21.7247)
t=79182ms iter=1896 incumb=21.7247 ratchet=21.8963 best=21.7111 since_improve=524
t=79183ms iter=1897 WAIST cost=19.0000 best_alt=15.0000 gap=4.0000 tried=5 sep_labels=15 clique_frac=0.02
t=79202ms iter=1897 REBUILD reject new_tc=22.2549 (was 21.7247)
t=79223ms iter=1897 incumb=21.7247 ratchet=21.8929 best=21.7111 since_improve=525
t=79224ms iter=1898 WAIST cost=19.0000 best_alt=15.0000 gap=4.0000 tried=5 sep_labels=15 clique_frac=0.02
t=79243ms iter=1898 REBUILD reject new_tc=22.1266 (was 21.7247)
t=79264ms iter=1898 incumb=21.7247 ratchet=21.7884 best=21.7111 since_improve=526
t=79265ms iter=1899 WAIST cost=19.0000 best_alt=15.0000 gap=4.0000 tried=5 sep_labels=15 clique_frac=0.02
t=79284ms iter=1899 REBUILD reject new_tc=21.9192 (was 21.7247)
t=79305ms iter=1899 incumb=21.7247 ratchet=21.7669 best=21.7111 since_improve=527
t=79306ms iter=1900 WAIST cost=19.0000 best_alt=15.0000 gap=4.0000 tried=5 sep_labels=15 clique_frac=0.02
t=79325ms iter=1900 REBUILD reject new_tc=22.1429 (was 21.7247)
t=79346ms iter=1900 incumb=21.7247 ratchet=21.7686 best=21.7111 since_improve=528
t=79347ms iter=1901 WAIST cost=19.0000 best_alt=15.0000 gap=4.0000 tried=5 sep_labels=15 clique_frac=0.02
t=79367ms iter=1901 REBUILD reject new_tc=22.3467 (was 21.7247)
t=79387ms iter=1901 incumb=21.7247 ratchet=21.7666 best=21.7111 since_improve=529
t=79389ms iter=1902 WAIST cost=19.0000 best_alt=15.0000 gap=4.0000 tried=5 sep_labels=15 clique_frac=0.02
t=79408ms iter=1902 REBUILD reject new_tc=21.8549 (was 21.7247)
t=79429ms iter=1902 incumb=21.7247 ratchet=21.7671 best=21.7111 since_improve=530
t=79430ms iter=1903 WAIST cost=19.0000 best_alt=15.0000 gap=4.0000 tried=5 sep_labels=15 clique_frac=0.02
t=79449ms iter=1903 REBUILD reject new_tc=21.8259 (was 21.7247)
t=79469ms iter=1903 incumb=21.7247 ratchet=21.8946 best=21.7111 since_improve=531
t=79471ms iter=1904 WAIST cost=19.0000 best_alt=15.0000 gap=4.0000 tried=5 sep_labels=15 clique_frac=0.02
t=79490ms iter=1904 REBUILD reject new_tc=21.8170 (was 21.7247)
t=79510ms iter=1904 incumb=21.7247 ratchet=21.8329 best=21.7111 since_improve=532
t=79512ms iter=1905 WAIST cost=19.0000 best_alt=15.0000 gap=4.0000 tried=5 sep_labels=15 clique_frac=0.02
t=79531ms iter=1905 REBUILD reject new_tc=21.8870 (was 21.7247)
t=79551ms iter=1905 incumb=21.7247 ratchet=22.2534 best=21.7111 since_improve=533
t=79553ms iter=1906 WAIST cost=19.0000 best_alt=15.0000 gap=4.0000 tried=5 sep_labels=15 clique_frac=0.02
t=79572ms iter=1906 REBUILD reject new_tc=22.3357 (was 21.7247)
t=79593ms iter=1906 incumb=21.7247 ratchet=21.8837 best=21.7111 since_improve=534
t=79594ms iter=1907 WAIST cost=19.0000 best_alt=15.0000 gap=4.0000 tried=5 sep_labels=15 clique_frac=0.02
t=79613ms iter=1907 REBUILD reject new_tc=22.1130 (was 21.7247)
t=79634ms iter=1907 incumb=21.7247 ratchet=21.7847 best=21.7111 since_improve=535
t=79635ms iter=1908 WAIST cost=19.0000 best_alt=15.0000 gap=4.0000 tried=5 sep_labels=15 clique_frac=0.02
t=79654ms iter=1908 REBUILD reject new_tc=21.8195 (was 21.7247)
t=79675ms iter=1908 incumb=21.7247 ratchet=21.7584 best=21.7111 since_improve=536
t=79677ms iter=1909 WAIST cost=19.0000 best_alt=15.0000 gap=4.0000 tried=5 sep_labels=15 clique_frac=0.02
t=79696ms iter=1909 REBUILD reject new_tc=21.9545 (was 21.7247)
t=79717ms iter=1909 incumb=21.7247 ratchet=22.0351 best=21.7111 since_improve=537
t=79719ms iter=1910 WAIST cost=19.0000 best_alt=15.0000 gap=4.0000 tried=5 sep_labels=15 clique_frac=0.02
t=79738ms iter=1910 REBUILD reject new_tc=21.8681 (was 21.7247)
t=79769ms iter=1910 incumb=21.7247 ratchet=21.9182 best=21.7111 since_improve=538
t=79772ms iter=1911 WAIST cost=19.0000 best_alt=15.0000 gap=4.0000 tried=5 sep_labels=15 clique_frac=0.02
t=79791ms iter=1911 REBUILD reject new_tc=22.2440 (was 21.7247)
t=79811ms iter=1911 incumb=21.7247 ratchet=21.7424 best=21.7111 since_improve=539
t=79813ms iter=1912 WAIST cost=19.0000 best_alt=15.0000 gap=4.0000 tried=5 sep_labels=15 clique_frac=0.02
t=79832ms iter=1912 REBUILD reject new_tc=22.1453 (was 21.7247)
t=79852ms iter=1912 incumb=21.7247 ratchet=21.8843 best=21.7111 since_improve=540
t=79854ms iter=1913 WAIST cost=19.0000 best_alt=15.0000 gap=4.0000 tried=5 sep_labels=15 clique_frac=0.02
t=79873ms iter=1913 REBUILD reject new_tc=21.8564 (was 21.7247)
t=79894ms iter=1913 incumb=21.7247 ratchet=21.9316 best=21.7111 since_improve=541
t=79896ms iter=1914 WAIST cost=19.0000 best_alt=15.0000 gap=4.0000 tried=5 sep_labels=15 clique_frac=0.02
t=79914ms iter=1914 REBUILD reject new_tc=22.0412 (was 21.7247)
t=79935ms iter=1914 incumb=21.7247 ratchet=21.7569 best=21.7111 since_improve=542
t=79937ms iter=1915 WAIST cost=19.0000 best_alt=15.0000 gap=4.0000 tried=5 sep_labels=15 clique_frac=0.02
t=79956ms iter=1915 REBUILD reject new_tc=22.0424 (was 21.7247)
t=79976ms iter=1915 incumb=21.7247 ratchet=21.7548 best=21.7111 since_improve=543
t=79978ms iter=1916 WAIST cost=19.0000 best_alt=15.0000 gap=4.0000 tried=5 sep_labels=15 clique_frac=0.02
t=79997ms iter=1916 REBUILD reject new_tc=21.8550 (was 21.7247)
t=80018ms iter=1916 incumb=21.7247 ratchet=21.8599 best=21.7111 since_improve=544
t=80019ms iter=1917 WAIST cost=19.0000 best_alt=15.0000 gap=4.0000 tried=5 sep_labels=15 clique_frac=0.02
t=80038ms iter=1917 REBUILD reject new_tc=22.2758 (was 21.7247)
t=80059ms iter=1917 incumb=21.7247 ratchet=22.0402 best=21.7111 since_improve=545
t=80060ms iter=1918 WAIST cost=19.0000 best_alt=15.0000 gap=4.0000 tried=5 sep_labels=15 clique_frac=0.02
t=80079ms iter=1918 REBUILD reject new_tc=21.7929 (was 21.7247)
t=80100ms iter=1918 incumb=21.7247 ratchet=21.7290 best=21.7111 since_improve=546
t=80102ms iter=1919 WAIST cost=19.0000 best_alt=15.0000 gap=4.0000 tried=5 sep_labels=15 clique_frac=0.02
t=80121ms iter=1919 REBUILD reject new_tc=21.8327 (was 21.7247)
t=80142ms iter=1919 incumb=21.7247 ratchet=21.9384 best=21.7111 since_improve=547
t=80143ms iter=1920 WAIST cost=19.0000 best_alt=15.0000 gap=4.0000 tried=5 sep_labels=15 clique_frac=0.02
t=80163ms iter=1920 REBUILD reject new_tc=21.8509 (was 21.7247)
t=80183ms iter=1920 incumb=21.7247 ratchet=22.0679 best=21.7111 since_improve=548
t=80185ms iter=1921 WAIST cost=19.0000 best_alt=15.0000 gap=4.0000 tried=5 sep_labels=15 clique_frac=0.02
t=80203ms iter=1921 REBUILD reject new_tc=21.7821 (was 21.7247)
t=80224ms iter=1921 incumb=21.7247 ratchet=21.7454 best=21.7111 since_improve=549
t=80226ms iter=1922 WAIST cost=19.0000 best_alt=15.0000 gap=4.0000 tried=5 sep_labels=15 clique_frac=0.02
t=80245ms iter=1922 REBUILD reject new_tc=22.2033 (was 21.7247)
t=80265ms iter=1922 incumb=21.7247 ratchet=21.7535 best=21.7111 since_improve=550
t=80266ms iter=1923 WAIST cost=19.0000 best_alt=15.0000 gap=4.0000 tried=5 sep_labels=15 clique_frac=0.02
t=80284ms iter=1923 REBUILD reject new_tc=22.2894 (was 21.7247)
t=80305ms iter=1923 incumb=21.7247 ratchet=22.0083 best=21.7111 since_improve=551
t=80306ms iter=1924 WAIST cost=19.0000 best_alt=15.0000 gap=4.0000 tried=5 sep_labels=15 clique_frac=0.02
t=80325ms iter=1924 REBUILD reject new_tc=21.8667 (was 21.7247)
t=80346ms iter=1924 incumb=21.7247 ratchet=21.8116 best=21.7111 since_improve=552
t=80348ms iter=1925 WAIST cost=19.0000 best_alt=15.0000 gap=4.0000 tried=5 sep_labels=15 clique_frac=0.02
t=80367ms iter=1925 REBUILD reject new_tc=21.8323 (was 21.7247)
t=80387ms iter=1925 incumb=21.7247 ratchet=21.7933 best=21.7111 since_improve=553
t=80389ms iter=1926 WAIST cost=19.0000 best_alt=15.0000 gap=4.0000 tried=5 sep_labels=15 clique_frac=0.02
t=80408ms iter=1926 REBUILD reject new_tc=21.8207 (was 21.7247)
t=80429ms iter=1926 incumb=21.7247 ratchet=21.7663 best=21.7111 since_improve=554
t=80430ms iter=1927 WAIST cost=19.0000 best_alt=15.0000 gap=4.0000 tried=5 sep_labels=15 clique_frac=0.02
t=80449ms iter=1927 REBUILD reject new_tc=21.7804 (was 21.7247)
t=80470ms iter=1927 incumb=21.7247 ratchet=21.8817 best=21.7111 since_improve=555
t=80471ms iter=1928 WAIST cost=19.0000 best_alt=15.0000 gap=4.0000 tried=5 sep_labels=15 clique_frac=0.02
t=80491ms iter=1928 REBUILD reject new_tc=21.8184 (was 21.7247)
t=80511ms iter=1928 incumb=21.7247 ratchet=21.8955 best=21.7111 since_improve=556
t=80513ms iter=1929 WAIST cost=19.0000 best_alt=15.0000 gap=4.0000 tried=5 sep_labels=15 clique_frac=0.02
t=80532ms iter=1929 REBUILD reject new_tc=22.2447 (was 21.7247)
t=80552ms iter=1929 incumb=21.7247 ratchet=21.7519 best=21.7111 since_improve=557
t=80554ms iter=1930 WAIST cost=19.0000 best_alt=15.0000 gap=4.0000 tried=5 sep_labels=15 clique_frac=0.02
t=80572ms iter=1930 REBUILD reject new_tc=21.8191 (was 21.7247)
t=80593ms iter=1930 incumb=21.7247 ratchet=21.7532 best=21.7111 since_improve=558
t=80595ms iter=1931 WAIST cost=19.0000 best_alt=15.0000 gap=4.0000 tried=5 sep_labels=15 clique_frac=0.02
t=80614ms iter=1931 REBUILD reject new_tc=21.8185 (was 21.7247)
t=80635ms iter=1931 incumb=21.7247 ratchet=21.8012 best=21.7111 since_improve=559
t=80636ms iter=1932 WAIST cost=19.0000 best_alt=15.0000 gap=4.0000 tried=5 sep_labels=15 clique_frac=0.02
t=80655ms iter=1932 REBUILD reject new_tc=21.8329 (was 21.7247)
t=80676ms iter=1932 incumb=21.7247 ratchet=21.8978 best=21.7111 since_improve=560
t=80677ms iter=1933 WAIST cost=19.0000 best_alt=15.0000 gap=4.0000 tried=5 sep_labels=15 clique_frac=0.02
t=80696ms iter=1933 REBUILD reject new_tc=21.9416 (was 21.7247)
t=80716ms iter=1933 incumb=21.7247 ratchet=21.8004 best=21.7111 since_improve=561
t=80718ms iter=1934 WAIST cost=19.0000 best_alt=15.0000 gap=4.0000 tried=5 sep_labels=15 clique_frac=0.02
t=80736ms iter=1934 REBUILD reject new_tc=21.8202 (was 21.7247)
t=80758ms iter=1934 incumb=21.7247 ratchet=21.7930 best=21.7111 since_improve=562
t=80759ms iter=1935 WAIST cost=19.0000 best_alt=15.0000 gap=4.0000 tried=5 sep_labels=15 clique_frac=0.02
t=80779ms iter=1935 REBUILD reject new_tc=21.9003 (was 21.7247)
t=80800ms iter=1935 incumb=21.7247 ratchet=21.7456 best=21.7111 since_improve=563
t=80801ms iter=1936 WAIST cost=19.0000 best_alt=15.0000 gap=4.0000 tried=5 sep_labels=15 clique_frac=0.02
t=80820ms iter=1936 REBUILD reject new_tc=21.9806 (was 21.7247)
t=80841ms iter=1936 incumb=21.7247 ratchet=21.8763 best=21.7111 since_improve=564
t=80843ms iter=1937 WAIST cost=19.0000 best_alt=15.0000 gap=4.0000 tried=5 sep_labels=15 clique_frac=0.02
t=80862ms iter=1937 REBUILD reject new_tc=22.0401 (was 21.7247)
t=80883ms iter=1937 incumb=21.7247 ratchet=21.7939 best=21.7111 since_improve=565
t=80884ms iter=1938 WAIST cost=19.0000 best_alt=15.0000 gap=4.0000 tried=5 sep_labels=15 clique_frac=0.02
t=80903ms iter=1938 REBUILD reject new_tc=22.2026 (was 21.7247)
t=80924ms iter=1938 incumb=21.7247 ratchet=21.8058 best=21.7111 since_improve=566
t=80925ms iter=1939 WAIST cost=19.0000 best_alt=15.0000 gap=4.0000 tried=5 sep_labels=15 clique_frac=0.02
t=80944ms iter=1939 REBUILD reject new_tc=22.2536 (was 21.7247)
t=80964ms iter=1939 incumb=21.7247 ratchet=21.8617 best=21.7111 since_improve=567
t=80966ms iter=1940 WAIST cost=19.0000 best_alt=15.0000 gap=4.0000 tried=5 sep_labels=15 clique_frac=0.02
t=80985ms iter=1940 REBUILD reject new_tc=22.2838 (was 21.7247)
t=81006ms iter=1940 incumb=21.7247 ratchet=21.9776 best=21.7111 since_improve=568
t=81007ms iter=1941 WAIST cost=19.0000 best_alt=15.0000 gap=4.0000 tried=5 sep_labels=15 clique_frac=0.02
t=81026ms iter=1941 REBUILD reject new_tc=22.1565 (was 21.7247)
t=81047ms iter=1941 incumb=21.7247 ratchet=21.7413 best=21.7111 since_improve=569
t=81048ms iter=1942 WAIST cost=19.0000 best_alt=15.0000 gap=4.0000 tried=5 sep_labels=15 clique_frac=0.02
t=81067ms iter=1942 REBUILD reject new_tc=21.9058 (was 21.7247)
t=81088ms iter=1942 incumb=21.7247 ratchet=21.9184 best=21.7111 since_improve=570
t=81090ms iter=1943 WAIST cost=19.0000 best_alt=15.0000 gap=4.0000 tried=5 sep_labels=15 clique_frac=0.02
t=81109ms iter=1943 REBUILD reject new_tc=21.7927 (was 21.7247)
t=81129ms iter=1943 incumb=21.7247 ratchet=21.7941 best=21.7111 since_improve=571
t=81131ms iter=1944 WAIST cost=19.0000 best_alt=15.0000 gap=4.0000 tried=5 sep_labels=15 clique_frac=0.02
t=81150ms iter=1944 REBUILD reject new_tc=22.1379 (was 21.7247)
t=81171ms iter=1944 incumb=21.7247 ratchet=21.7795 best=21.7111 since_improve=572
t=81172ms iter=1945 WAIST cost=19.0000 best_alt=15.0000 gap=4.0000 tried=5 sep_labels=15 clique_frac=0.02
t=81191ms iter=1945 REBUILD reject new_tc=22.3703 (was 21.7247)
t=81211ms iter=1945 incumb=21.7247 ratchet=21.8092 best=21.7111 since_improve=573
t=81213ms iter=1946 WAIST cost=19.0000 best_alt=15.0000 gap=4.0000 tried=5 sep_labels=15 clique_frac=0.02
t=81232ms iter=1946 REBUILD reject new_tc=21.8700 (was 21.7247)
t=81253ms iter=1946 incumb=21.7247 ratchet=21.9529 best=21.7111 since_improve=574
t=81254ms iter=1947 WAIST cost=19.0000 best_alt=15.0000 gap=4.0000 tried=5 sep_labels=15 clique_frac=0.02
t=81273ms iter=1947 REBUILD reject new_tc=21.8174 (was 21.7247)
t=81294ms iter=1947 incumb=21.7247 ratchet=21.7311 best=21.7111 since_improve=575
t=81295ms iter=1948 WAIST cost=19.0000 best_alt=15.0000 gap=4.0000 tried=5 sep_labels=15 clique_frac=0.02
t=81314ms iter=1948 REBUILD reject new_tc=22.1500 (was 21.7247)
t=81335ms iter=1948 incumb=21.7247 ratchet=21.7813 best=21.7111 since_improve=576
t=81337ms iter=1949 WAIST cost=19.0000 best_alt=15.0000 gap=4.0000 tried=5 sep_labels=15 clique_frac=0.02
t=81356ms iter=1949 REBUILD reject new_tc=21.9009 (was 21.7247)
t=81377ms iter=1949 incumb=21.7247 ratchet=21.9427 best=21.7111 since_improve=577
t=81379ms iter=1950 WAIST cost=19.0000 best_alt=15.0000 gap=4.0000 tried=5 sep_labels=15 clique_frac=0.02
t=81398ms iter=1950 REBUILD reject new_tc=22.3370 (was 21.7247)
t=81419ms iter=1950 incumb=21.7247 ratchet=21.8110 best=21.7111 since_improve=578
t=81420ms iter=1951 WAIST cost=19.0000 best_alt=15.0000 gap=4.0000 tried=5 sep_labels=15 clique_frac=0.02
t=81439ms iter=1951 REBUILD reject new_tc=21.9182 (was 21.7247)
t=81460ms iter=1951 incumb=21.7247 ratchet=21.8103 best=21.7111 since_improve=579
t=81462ms iter=1952 WAIST cost=19.0000 best_alt=15.0000 gap=4.0000 tried=5 sep_labels=15 clique_frac=0.02
t=81481ms iter=1952 REBUILD reject new_tc=21.8672 (was 21.7247)
t=81502ms iter=1952 incumb=21.7247 ratchet=21.8883 best=21.7111 since_improve=580
t=81503ms iter=1953 WAIST cost=19.0000 best_alt=15.0000 gap=4.0000 tried=5 sep_labels=15 clique_frac=0.02
t=81522ms iter=1953 REBUILD reject new_tc=22.1795 (was 21.7247)
t=81543ms iter=1953 incumb=21.7247 ratchet=21.8163 best=21.7111 since_improve=581
t=81545ms iter=1954 WAIST cost=19.0000 best_alt=15.0000 gap=4.0000 tried=5 sep_labels=15 clique_frac=0.02
t=81563ms iter=1954 REBUILD reject new_tc=22.0540 (was 21.7247)
t=81584ms iter=1954 incumb=21.7247 ratchet=21.7919 best=21.7111 since_improve=582
t=81586ms iter=1955 WAIST cost=19.0000 best_alt=15.0000 gap=4.0000 tried=5 sep_labels=15 clique_frac=0.02
t=81605ms iter=1955 REBUILD reject new_tc=21.8299 (was 21.7247)
t=81626ms iter=1955 incumb=21.7247 ratchet=21.8949 best=21.7111 since_improve=583
t=81627ms iter=1956 WAIST cost=19.0000 best_alt=15.0000 gap=4.0000 tried=5 sep_labels=15 clique_frac=0.02
t=81646ms iter=1956 REBUILD reject new_tc=21.7800 (was 21.7247)
t=81668ms iter=1956 incumb=21.7247 ratchet=21.8688 best=21.7111 since_improve=584
t=81669ms iter=1957 WAIST cost=19.0000 best_alt=15.0000 gap=4.0000 tried=5 sep_labels=15 clique_frac=0.02
t=81688ms iter=1957 REBUILD reject new_tc=22.0485 (was 21.7247)
t=81709ms iter=1957 incumb=21.7247 ratchet=21.7627 best=21.7111 since_improve=585
t=81711ms iter=1958 WAIST cost=19.0000 best_alt=15.0000 gap=4.0000 tried=5 sep_labels=15 clique_frac=0.02
t=81730ms iter=1958 REBUILD reject new_tc=21.8179 (was 21.7247)
t=81751ms iter=1958 incumb=21.7247 ratchet=21.8599 best=21.7111 since_improve=586
t=81752ms iter=1959 WAIST cost=19.0000 best_alt=15.0000 gap=4.0000 tried=5 sep_labels=15 clique_frac=0.02
t=81772ms iter=1959 REBUILD reject new_tc=21.9975 (was 21.7247)
t=81793ms iter=1959 incumb=21.7247 ratchet=21.9784 best=21.7111 since_improve=587
t=81794ms iter=1960 WAIST cost=19.0000 best_alt=15.0000 gap=4.0000 tried=5 sep_labels=15 clique_frac=0.02
t=81813ms iter=1960 REBUILD reject new_tc=22.2098 (was 21.7247)
t=81834ms iter=1960 incumb=21.7247 ratchet=21.8934 best=21.7111 since_improve=588
t=81835ms iter=1961 WAIST cost=19.0000 best_alt=15.0000 gap=4.0000 tried=5 sep_labels=15 clique_frac=0.02
t=81854ms iter=1961 REBUILD reject new_tc=21.8300 (was 21.7247)
t=81876ms iter=1961 incumb=21.7247 ratchet=22.0429 best=21.7111 since_improve=589
t=81877ms iter=1962 WAIST cost=19.0000 best_alt=15.0000 gap=4.0000 tried=5 sep_labels=15 clique_frac=0.02
t=81896ms iter=1962 REBUILD reject new_tc=21.8179 (was 21.7247)
t=81917ms iter=1962 incumb=21.7247 ratchet=21.8528 best=21.7111 since_improve=590
t=81919ms iter=1963 WAIST cost=19.0000 best_alt=15.0000 gap=4.0000 tried=5 sep_labels=15 clique_frac=0.02
t=81938ms iter=1963 REBUILD reject new_tc=22.2093 (was 21.7247)
t=81958ms iter=1963 incumb=21.7247 ratchet=21.7945 best=21.7111 since_improve=591
t=81960ms iter=1964 WAIST cost=19.0000 best_alt=15.0000 gap=4.0000 tried=5 sep_labels=15 clique_frac=0.02
t=81979ms iter=1964 REBUILD reject new_tc=21.8168 (was 21.7247)
t=82000ms iter=1964 incumb=21.7247 ratchet=21.7668 best=21.7111 since_improve=592
t=82002ms iter=1965 WAIST cost=19.0000 best_alt=15.0000 gap=4.0000 tried=5 sep_labels=15 clique_frac=0.02
t=82020ms iter=1965 REBUILD reject new_tc=22.3063 (was 21.7247)
t=82042ms iter=1965 incumb=21.7247 ratchet=21.8463 best=21.7111 since_improve=593
t=82043ms iter=1966 WAIST cost=19.0000 best_alt=15.0000 gap=4.0000 tried=5 sep_labels=15 clique_frac=0.02
t=82062ms iter=1966 REBUILD reject new_tc=21.8198 (was 21.7247)
t=82083ms iter=1966 incumb=21.7247 ratchet=21.8048 best=21.7111 since_improve=594
t=82084ms iter=1967 WAIST cost=19.0000 best_alt=15.0000 gap=4.0000 tried=5 sep_labels=15 clique_frac=0.02
t=82104ms iter=1967 REBUILD reject new_tc=21.9633 (was 21.7247)
t=82125ms iter=1967 incumb=21.7247 ratchet=21.7401 best=21.7111 since_improve=595
t=82126ms iter=1968 WAIST cost=19.0000 best_alt=15.0000 gap=4.0000 tried=5 sep_labels=15 clique_frac=0.02
t=82145ms iter=1968 REBUILD reject new_tc=22.3344 (was 21.7247)
t=82166ms iter=1968 incumb=21.7247 ratchet=21.9009 best=21.7111 since_improve=596
t=82167ms iter=1969 WAIST cost=19.0000 best_alt=15.0000 gap=4.0000 tried=5 sep_labels=15 clique_frac=0.02
t=82187ms iter=1969 REBUILD reject new_tc=21.9570 (was 21.7247)
t=82208ms iter=1969 incumb=21.7247 ratchet=21.7528 best=21.7111 since_improve=597
t=82210ms iter=1970 WAIST cost=19.0000 best_alt=15.0000 gap=4.0000 tried=5 sep_labels=15 clique_frac=0.02
t=82229ms iter=1970 REBUILD reject new_tc=21.9319 (was 21.7247)
t=82250ms iter=1970 incumb=21.7247 ratchet=21.8381 best=21.7111 since_improve=598
t=82251ms iter=1971 WAIST cost=19.0000 best_alt=15.0000 gap=4.0000 tried=5 sep_labels=15 clique_frac=0.02
t=82270ms iter=1971 REBUILD reject new_tc=21.7790 (was 21.7247)
t=82291ms iter=1971 incumb=21.7247 ratchet=21.7979 best=21.7111 since_improve=599
t=82292ms iter=1972 WAIST cost=19.0000 best_alt=15.0000 gap=4.0000 tried=5 sep_labels=15 clique_frac=0.02
t=82311ms iter=1972 REBUILD reject new_tc=22.0478 (was 21.7247)
t=82332ms iter=1972 incumb=21.7247 ratchet=21.7655 best=21.7111 since_improve=600
t=82333ms iter=1973 WAIST cost=19.0000 best_alt=15.0000 gap=4.0000 tried=5 sep_labels=15 clique_frac=0.02
t=82352ms iter=1973 REBUILD reject new_tc=21.8181 (was 21.7247)
t=82373ms iter=1973 incumb=21.7247 ratchet=21.7425 best=21.7111 since_improve=601
t=82375ms iter=1974 WAIST cost=19.0000 best_alt=15.0000 gap=4.0000 tried=5 sep_labels=15 clique_frac=0.02
t=82394ms iter=1974 REBUILD reject new_tc=22.1372 (was 21.7247)
t=82415ms iter=1974 incumb=21.7247 ratchet=21.9314 best=21.7111 since_improve=602
t=82417ms iter=1975 WAIST cost=19.0000 best_alt=15.0000 gap=4.0000 tried=5 sep_labels=15 clique_frac=0.02
t=82435ms iter=1975 REBUILD reject new_tc=21.9000 (was 21.7247)
t=82457ms iter=1975 incumb=21.7247 ratchet=21.8054 best=21.7111 since_improve=603
t=82458ms iter=1976 WAIST cost=19.0000 best_alt=15.0000 gap=4.0000 tried=5 sep_labels=15 clique_frac=0.02
t=82477ms iter=1976 REBUILD reject new_tc=22.2596 (was 21.7247)
t=82500ms iter=1976 incumb=21.7247 ratchet=21.9323 best=21.7111 since_improve=604
t=82502ms iter=1977 WAIST cost=19.0000 best_alt=15.0000 gap=4.0000 tried=5 sep_labels=15 clique_frac=0.02
t=82521ms iter=1977 REBUILD reject new_tc=21.7813 (was 21.7247)
t=82543ms iter=1977 incumb=21.7247 ratchet=21.9065 best=21.7111 since_improve=605
t=82544ms iter=1978 WAIST cost=19.0000 best_alt=15.0000 gap=4.0000 tried=5 sep_labels=15 clique_frac=0.02
t=82564ms iter=1978 REBUILD reject new_tc=22.1422 (was 21.7247)
t=82584ms iter=1978 incumb=21.7247 ratchet=21.8477 best=21.7111 since_improve=606
t=82586ms iter=1979 WAIST cost=19.0000 best_alt=15.0000 gap=4.0000 tried=5 sep_labels=15 clique_frac=0.02
t=82605ms iter=1979 REBUILD reject new_tc=21.7806 (was 21.7247)
t=82626ms iter=1979 incumb=21.7247 ratchet=21.8104 best=21.7111 since_improve=607
t=82628ms iter=1980 WAIST cost=19.0000 best_alt=15.0000 gap=4.0000 tried=5 sep_labels=15 clique_frac=0.02
t=82647ms iter=1980 REBUILD reject new_tc=22.4539 (was 21.7247)
t=82668ms iter=1980 incumb=21.7247 ratchet=21.8499 best=21.7111 since_improve=608
t=82669ms iter=1981 WAIST cost=19.0000 best_alt=15.0000 gap=4.0000 tried=5 sep_labels=15 clique_frac=0.02
t=82688ms iter=1981 REBUILD reject new_tc=21.7808 (was 21.7247)
t=82710ms iter=1981 incumb=21.7247 ratchet=21.7808 best=21.7111 since_improve=609
t=82711ms iter=1982 WAIST cost=19.0000 best_alt=15.0000 gap=4.0000 tried=5 sep_labels=15 clique_frac=0.02
t=82730ms iter=1982 REBUILD reject new_tc=21.8279 (was 21.7247)
t=82751ms iter=1982 incumb=21.7247 ratchet=21.8128 best=21.7111 since_improve=610
t=82753ms iter=1983 WAIST cost=19.0000 best_alt=15.0000 gap=4.0000 tried=5 sep_labels=15 clique_frac=0.02
t=82772ms iter=1983 REBUILD reject new_tc=22.1856 (was 21.7247)
t=82792ms iter=1983 incumb=21.7247 ratchet=21.8848 best=21.7111 since_improve=611
t=82793ms iter=1984 WAIST cost=19.0000 best_alt=15.0000 gap=4.0000 tried=5 sep_labels=15 clique_frac=0.02
t=82813ms iter=1984 REBUILD reject new_tc=22.2122 (was 21.7247)
t=82834ms iter=1984 incumb=21.7247 ratchet=21.7832 best=21.7111 since_improve=612
t=82835ms iter=1985 WAIST cost=19.0000 best_alt=15.0000 gap=4.0000 tried=5 sep_labels=15 clique_frac=0.02
t=82854ms iter=1985 REBUILD reject new_tc=21.8685 (was 21.7247)
t=82875ms iter=1985 incumb=21.7247 ratchet=21.7892 best=21.7111 since_improve=613
t=82876ms iter=1986 WAIST cost=19.0000 best_alt=15.0000 gap=4.0000 tried=5 sep_labels=15 clique_frac=0.02
t=82895ms iter=1986 REBUILD reject new_tc=22.2533 (was 21.7247)
t=82916ms iter=1986 incumb=21.7247 ratchet=21.7399 best=21.7111 since_improve=614
t=82917ms iter=1987 WAIST cost=19.0000 best_alt=15.0000 gap=4.0000 tried=5 sep_labels=15 clique_frac=0.02
t=82936ms iter=1987 REBUILD reject new_tc=22.2114 (was 21.7247)
t=82958ms iter=1987 incumb=21.7247 ratchet=22.0363 best=21.7111 since_improve=615
t=82959ms iter=1988 WAIST cost=19.0000 best_alt=15.0000 gap=4.0000 tried=5 sep_labels=15 clique_frac=0.02
t=82978ms iter=1988 REBUILD reject new_tc=21.8687 (was 21.7247)
t=82999ms iter=1988 incumb=21.7247 ratchet=21.8075 best=21.7111 since_improve=616
t=83000ms iter=1989 WAIST cost=19.0000 best_alt=15.0000 gap=4.0000 tried=5 sep_labels=15 clique_frac=0.02
t=83019ms iter=1989 REBUILD reject new_tc=21.8193 (was 21.7247)
t=83040ms iter=1989 incumb=21.7247 ratchet=21.8195 best=21.7111 since_improve=617
t=83042ms iter=1990 WAIST cost=19.0000 best_alt=15.0000 gap=4.0000 tried=5 sep_labels=15 clique_frac=0.02
t=83061ms iter=1990 REBUILD reject new_tc=21.9167 (was 21.7247)
t=83081ms iter=1990 incumb=21.7247 ratchet=22.0207 best=21.7111 since_improve=618
t=83083ms iter=1991 WAIST cost=19.0000 best_alt=15.0000 gap=4.0000 tried=5 sep_labels=15 clique_frac=0.02
t=83102ms iter=1991 REBUILD reject new_tc=22.0750 (was 21.7247)
t=83123ms iter=1991 incumb=21.7247 ratchet=21.8520 best=21.7111 since_improve=619
t=83125ms iter=1992 WAIST cost=19.0000 best_alt=15.0000 gap=4.0000 tried=5 sep_labels=15 clique_frac=0.02
t=83144ms iter=1992 REBUILD reject new_tc=22.1175 (was 21.7247)
t=83165ms iter=1992 incumb=21.7247 ratchet=21.7787 best=21.7111 since_improve=620
t=83166ms iter=1993 WAIST cost=19.0000 best_alt=15.0000 gap=4.0000 tried=5 sep_labels=15 clique_frac=0.02
t=83185ms iter=1993 REBUILD reject new_tc=21.8429 (was 21.7247)
t=83207ms iter=1993 incumb=21.7247 ratchet=22.1480 best=21.7111 since_improve=621
t=83209ms iter=1994 WAIST cost=19.0000 best_alt=15.0000 gap=4.0000 tried=5 sep_labels=15 clique_frac=0.02
t=83228ms iter=1994 REBUILD reject new_tc=21.9616 (was 21.7247)
t=83249ms iter=1994 incumb=21.7247 ratchet=21.7545 best=21.7111 since_improve=622
t=83251ms iter=1995 WAIST cost=19.0000 best_alt=15.0000 gap=4.0000 tried=5 sep_labels=15 clique_frac=0.02
t=83270ms iter=1995 REBUILD reject new_tc=21.7919 (was 21.7247)
t=83291ms iter=1995 incumb=21.7247 ratchet=21.8470 best=21.7111 since_improve=623
t=83293ms iter=1996 WAIST cost=19.0000 best_alt=15.0000 gap=4.0000 tried=5 sep_labels=15 clique_frac=0.02
t=83312ms iter=1996 REBUILD reject new_tc=21.8577 (was 21.7247)
t=83332ms iter=1996 incumb=21.7247 ratchet=21.8307 best=21.7111 since_improve=624
t=83334ms iter=1997 WAIST cost=19.0000 best_alt=15.0000 gap=4.0000 tried=5 sep_labels=15 clique_frac=0.02
t=83353ms iter=1997 REBUILD reject new_tc=21.8677 (was 21.7247)
t=83373ms iter=1997 incumb=21.7247 ratchet=21.7563 best=21.7111 since_improve=625
t=83375ms iter=1998 WAIST cost=19.0000 best_alt=15.0000 gap=4.0000 tried=5 sep_labels=15 clique_frac=0.02
t=83394ms iter=1998 REBUILD reject new_tc=21.7793 (was 21.7247)
t=83415ms iter=1998 incumb=21.7247 ratchet=21.8428 best=21.7111 since_improve=626
t=83416ms iter=1999 WAIST cost=19.0000 best_alt=15.0000 gap=4.0000 tried=5 sep_labels=15 clique_frac=0.02
t=83436ms iter=1999 REBUILD reject new_tc=21.8712 (was 21.7247)
t=83456ms iter=1999 incumb=21.7247 ratchet=21.7543 best=21.7111 since_improve=627
t=83458ms iter=2000 WAIST cost=19.0000 best_alt=15.0000 gap=4.0000 tried=5 sep_labels=15 clique_frac=0.02
t=83477ms iter=2000 REBUILD reject new_tc=22.1133 (was 21.7247)
t=83498ms iter=2000 incumb=21.7247 ratchet=21.8660 best=21.7111 since_improve=628
t=83499ms iter=2001 WAIST cost=19.0000 best_alt=15.0000 gap=4.0000 tried=5 sep_labels=15 clique_frac=0.02
t=83518ms iter=2001 REBUILD reject new_tc=22.1879 (was 21.7247)
t=83539ms iter=2001 incumb=21.7247 ratchet=21.7827 best=21.7111 since_improve=629
t=83541ms iter=2002 WAIST cost=19.0000 best_alt=15.0000 gap=4.0000 tried=5 sep_labels=15 clique_frac=0.02
t=83560ms iter=2002 REBUILD reject new_tc=21.9413 (was 21.7247)
t=83581ms iter=2002 incumb=21.7247 ratchet=21.7411 best=21.7111 since_improve=630
t=83582ms iter=2003 WAIST cost=19.0000 best_alt=15.0000 gap=4.0000 tried=5 sep_labels=15 clique_frac=0.02
t=83601ms iter=2003 REBUILD reject new_tc=22.0515 (was 21.7247)
t=83622ms iter=2003 incumb=21.7247 ratchet=21.8202 best=21.7111 since_improve=631
t=83623ms iter=2004 WAIST cost=19.0000 best_alt=15.0000 gap=4.0000 tried=5 sep_labels=15 clique_frac=0.02
t=83642ms iter=2004 REBUILD reject new_tc=22.3299 (was 21.7247)
t=83663ms iter=2004 incumb=21.7247 ratchet=21.9463 best=21.7111 since_improve=632
t=83665ms iter=2005 WAIST cost=19.0000 best_alt=15.0000 gap=4.0000 tried=5 sep_labels=15 clique_frac=0.02
t=83684ms iter=2005 REBUILD reject new_tc=22.4776 (was 21.7247)
t=83705ms iter=2005 incumb=21.7247 ratchet=21.8338 best=21.7111 since_improve=633
t=83707ms iter=2006 WAIST cost=19.0000 best_alt=15.0000 gap=4.0000 tried=5 sep_labels=15 clique_frac=0.02
t=83726ms iter=2006 REBUILD reject new_tc=22.2469 (was 21.7247)
t=83747ms iter=2006 incumb=21.7247 ratchet=21.7410 best=21.7111 since_improve=634
t=83748ms iter=2007 WAIST cost=19.0000 best_alt=15.0000 gap=4.0000 tried=5 sep_labels=15 clique_frac=0.02
t=83768ms iter=2007 REBUILD reject new_tc=21.8876 (was 21.7247)
t=83789ms iter=2007 incumb=21.7247 ratchet=21.8739 best=21.7111 since_improve=635
t=83790ms iter=2008 WAIST cost=19.0000 best_alt=15.0000 gap=4.0000 tried=5 sep_labels=15 clique_frac=0.02
t=83809ms iter=2008 REBUILD reject new_tc=22.1358 (was 21.7247)
t=83830ms iter=2008 incumb=21.7247 ratchet=21.7567 best=21.7111 since_improve=636
t=83831ms iter=2009 WAIST cost=19.0000 best_alt=15.0000 gap=4.0000 tried=5 sep_labels=15 clique_frac=0.02
t=83850ms iter=2009 REBUILD reject new_tc=22.1359 (was 21.7247)
t=83871ms iter=2009 incumb=21.7247 ratchet=21.8068 best=21.7111 since_improve=637
t=83873ms iter=2010 WAIST cost=19.0000 best_alt=15.0000 gap=4.0000 tried=5 sep_labels=15 clique_frac=0.02
t=83892ms iter=2010 REBUILD reject new_tc=21.8961 (was 21.7247)
t=83913ms iter=2010 incumb=21.7247 ratchet=21.9402 best=21.7111 since_improve=638
t=83914ms iter=2011 WAIST cost=19.0000 best_alt=15.0000 gap=4.0000 tried=5 sep_labels=15 clique_frac=0.02
t=83933ms iter=2011 REBUILD reject new_tc=21.8266 (was 21.7247)
t=83955ms iter=2011 incumb=21.7247 ratchet=21.9911 best=21.7111 since_improve=639
t=83956ms iter=2012 WAIST cost=19.0000 best_alt=15.0000 gap=4.0000 tried=5 sep_labels=15 clique_frac=0.02
t=83975ms iter=2012 REBUILD reject new_tc=22.0429 (was 21.7247)
t=83996ms iter=2012 incumb=21.7247 ratchet=21.8669 best=21.7111 since_improve=640
t=83997ms iter=2013 WAIST cost=19.0000 best_alt=15.0000 gap=4.0000 tried=5 sep_labels=15 clique_frac=0.02
t=84016ms iter=2013 REBUILD reject new_tc=21.8273 (was 21.7247)
t=84037ms iter=2013 incumb=21.7247 ratchet=21.8900 best=21.7111 since_improve=641
t=84039ms iter=2014 WAIST cost=19.0000 best_alt=15.0000 gap=4.0000 tried=5 sep_labels=15 clique_frac=0.02
t=84058ms iter=2014 REBUILD reject new_tc=21.8676 (was 21.7247)
t=84079ms iter=2014 incumb=21.7247 ratchet=21.8308 best=21.7111 since_improve=642
t=84081ms iter=2015 WAIST cost=19.0000 best_alt=15.0000 gap=4.0000 tried=5 sep_labels=15 clique_frac=0.02
t=84100ms iter=2015 REBUILD reject new_tc=22.1784 (was 21.7247)
t=84121ms iter=2015 incumb=21.7247 ratchet=21.8841 best=21.7111 since_improve=643
t=84122ms iter=2016 WAIST cost=19.0000 best_alt=15.0000 gap=4.0000 tried=5 sep_labels=15 clique_frac=0.02
t=84141ms iter=2016 REBUILD reject new_tc=21.8296 (was 21.7247)
t=84163ms iter=2016 incumb=21.7247 ratchet=21.8917 best=21.7111 since_improve=644
t=84164ms iter=2017 WAIST cost=19.0000 best_alt=15.0000 gap=4.0000 tried=5 sep_labels=15 clique_frac=0.02
t=84183ms iter=2017 REBUILD reject new_tc=21.9993 (was 21.7247)
t=84204ms iter=2017 incumb=21.7247 ratchet=21.8278 best=21.7111 since_improve=645
t=84206ms iter=2018 WAIST cost=19.0000 best_alt=15.0000 gap=4.0000 tried=5 sep_labels=15 clique_frac=0.02
t=84225ms iter=2018 REBUILD reject new_tc=21.8555 (was 21.7247)
t=84246ms iter=2018 incumb=21.7247 ratchet=21.7622 best=21.7111 since_improve=646
t=84247ms iter=2019 WAIST cost=19.0000 best_alt=15.0000 gap=4.0000 tried=5 sep_labels=15 clique_frac=0.02
t=84266ms iter=2019 REBUILD reject new_tc=21.8189 (was 21.7247)
t=84287ms iter=2019 incumb=21.7247 ratchet=21.8291 best=21.7111 since_improve=647
t=84288ms iter=2020 WAIST cost=19.0000 best_alt=15.0000 gap=4.0000 tried=5 sep_labels=15 clique_frac=0.02
t=84308ms iter=2020 REBUILD reject new_tc=21.8788 (was 21.7247)
t=84329ms iter=2020 incumb=21.7247 ratchet=21.9369 best=21.7111 since_improve=648
t=84330ms iter=2021 WAIST cost=19.0000 best_alt=15.0000 gap=4.0000 tried=5 sep_labels=15 clique_frac=0.02
t=84349ms iter=2021 REBUILD reject new_tc=21.8750 (was 21.7247)
t=84370ms iter=2021 incumb=21.7247 ratchet=21.7930 best=21.7111 since_improve=649
t=84372ms iter=2022 WAIST cost=19.0000 best_alt=15.0000 gap=4.0000 tried=5 sep_labels=15 clique_frac=0.02
t=84391ms iter=2022 REBUILD reject new_tc=21.9072 (was 21.7247)
t=84411ms iter=2022 incumb=21.7247 ratchet=22.0815 best=21.7111 since_improve=650
t=84413ms iter=2023 WAIST cost=19.0000 best_alt=15.0000 gap=4.0000 tried=5 sep_labels=15 clique_frac=0.02
t=84432ms iter=2023 REBUILD reject new_tc=21.8280 (was 21.7247)
t=84453ms iter=2023 incumb=21.7247 ratchet=21.7410 best=21.7111 since_improve=651
t=84454ms iter=2024 WAIST cost=19.0000 best_alt=15.0000 gap=4.0000 tried=5 sep_labels=15 clique_frac=0.02
t=84474ms iter=2024 REBUILD reject new_tc=21.8310 (was 21.7247)
t=84495ms iter=2024 incumb=21.7247 ratchet=21.7783 best=21.7111 since_improve=652
t=84496ms iter=2025 WAIST cost=19.0000 best_alt=15.0000 gap=4.0000 tried=5 sep_labels=15 clique_frac=0.02
t=84515ms iter=2025 REBUILD reject new_tc=22.0816 (was 21.7247)
t=84536ms iter=2025 incumb=21.7247 ratchet=21.7537 best=21.7111 since_improve=653
t=84538ms iter=2026 WAIST cost=19.0000 best_alt=15.0000 gap=4.0000 tried=5 sep_labels=15 clique_frac=0.02
t=84557ms iter=2026 REBUILD reject new_tc=22.4886 (was 21.7247)
t=84577ms iter=2026 incumb=21.7247 ratchet=21.7483 best=21.7111 since_improve=654
t=84579ms iter=2027 WAIST cost=19.0000 best_alt=15.0000 gap=4.0000 tried=5 sep_labels=15 clique_frac=0.02
t=84598ms iter=2027 REBUILD reject new_tc=21.8171 (was 21.7247)
t=84619ms iter=2027 incumb=21.7247 ratchet=22.1183 best=21.7111 since_improve=655
t=84620ms iter=2028 WAIST cost=19.0000 best_alt=15.0000 gap=4.0000 tried=5 sep_labels=15 clique_frac=0.02
t=84640ms iter=2028 REBUILD reject new_tc=21.9005 (was 21.7247)
t=84660ms iter=2028 incumb=21.7247 ratchet=21.8478 best=21.7111 since_improve=656
t=84662ms iter=2029 WAIST cost=19.0000 best_alt=15.0000 gap=4.0000 tried=5 sep_labels=15 clique_frac=0.02
t=84680ms iter=2029 REBUILD reject new_tc=21.8961 (was 21.7247)
t=84701ms iter=2029 incumb=21.7247 ratchet=21.7921 best=21.7111 since_improve=657
t=84703ms iter=2030 WAIST cost=19.0000 best_alt=15.0000 gap=4.0000 tried=5 sep_labels=15 clique_frac=0.02
t=84722ms iter=2030 REBUILD reject new_tc=22.1661 (was 21.7247)
t=84742ms iter=2030 incumb=21.7247 ratchet=21.9182 best=21.7111 since_improve=658
t=84744ms iter=2031 WAIST cost=19.0000 best_alt=15.0000 gap=4.0000 tried=5 sep_labels=15 clique_frac=0.02
t=84763ms iter=2031 REBUILD reject new_tc=21.9043 (was 21.7247)
t=84784ms iter=2031 incumb=21.7247 ratchet=21.8833 best=21.7111 since_improve=659
t=84785ms iter=2032 WAIST cost=19.0000 best_alt=15.0000 gap=4.0000 tried=5 sep_labels=15 clique_frac=0.02
t=84804ms iter=2032 REBUILD reject new_tc=21.9164 (was 21.7247)
t=84825ms iter=2032 incumb=21.7247 ratchet=21.8460 best=21.7111 since_improve=660
t=84826ms iter=2033 WAIST cost=19.0000 best_alt=15.0000 gap=4.0000 tried=5 sep_labels=15 clique_frac=0.02
t=84845ms iter=2033 REBUILD reject new_tc=21.9862 (was 21.7247)
t=84866ms iter=2033 incumb=21.7247 ratchet=21.7826 best=21.7111 since_improve=661
t=84868ms iter=2034 WAIST cost=19.0000 best_alt=15.0000 gap=4.0000 tried=5 sep_labels=15 clique_frac=0.02
t=84887ms iter=2034 REBUILD reject new_tc=21.8713 (was 21.7247)
t=84908ms iter=2034 incumb=21.7247 ratchet=21.7534 best=21.7111 since_improve=662
t=84909ms iter=2035 WAIST cost=19.0000 best_alt=15.0000 gap=4.0000 tried=5 sep_labels=15 clique_frac=0.02
t=84928ms iter=2035 REBUILD reject new_tc=21.7784 (was 21.7247)
t=84949ms iter=2035 incumb=21.7247 ratchet=21.7685 best=21.7111 since_improve=663
t=84950ms iter=2036 WAIST cost=19.0000 best_alt=15.0000 gap=4.0000 tried=5 sep_labels=15 clique_frac=0.02
t=84969ms iter=2036 REBUILD reject new_tc=21.8359 (was 21.7247)
t=84990ms iter=2036 incumb=21.7247 ratchet=21.9642 best=21.7111 since_improve=664
t=84991ms iter=2037 WAIST cost=19.0000 best_alt=15.0000 gap=4.0000 tried=5 sep_labels=15 clique_frac=0.02
t=85010ms iter=2037 REBUILD reject new_tc=22.2544 (was 21.7247)
t=85031ms iter=2037 incumb=21.7247 ratchet=21.8372 best=21.7111 since_improve=665
t=85033ms iter=2038 WAIST cost=19.0000 best_alt=15.0000 gap=4.0000 tried=5 sep_labels=15 clique_frac=0.02
t=85052ms iter=2038 REBUILD reject new_tc=21.8328 (was 21.7247)
t=85073ms iter=2038 incumb=21.7247 ratchet=21.7448 best=21.7111 since_improve=666
t=85074ms iter=2039 WAIST cost=19.0000 best_alt=15.0000 gap=4.0000 tried=5 sep_labels=15 clique_frac=0.02
t=85093ms iter=2039 REBUILD reject new_tc=22.3699 (was 21.7247)
t=85114ms iter=2039 incumb=21.7247 ratchet=21.7500 best=21.7111 since_improve=667
t=85115ms iter=2040 WAIST cost=19.0000 best_alt=15.0000 gap=4.0000 tried=5 sep_labels=15 clique_frac=0.02
t=85134ms iter=2040 REBUILD reject new_tc=21.8574 (was 21.7247)
t=85155ms iter=2040 incumb=21.7247 ratchet=21.7394 best=21.7111 since_improve=668
t=85156ms iter=2041 WAIST cost=19.0000 best_alt=15.0000 gap=4.0000 tried=5 sep_labels=15 clique_frac=0.02
t=85175ms iter=2041 REBUILD reject new_tc=22.2901 (was 21.7247)
t=85196ms iter=2041 incumb=21.7247 ratchet=21.8056 best=21.7111 since_improve=669
t=85198ms iter=2042 WAIST cost=19.0000 best_alt=15.0000 gap=4.0000 tried=5 sep_labels=15 clique_frac=0.02
t=85217ms iter=2042 REBUILD reject new_tc=22.0203 (was 21.7247)
t=85238ms iter=2042 incumb=21.7247 ratchet=21.9486 best=21.7111 since_improve=670
t=85240ms iter=2043 WAIST cost=19.0000 best_alt=15.0000 gap=4.0000 tried=5 sep_labels=15 clique_frac=0.02
t=85259ms iter=2043 REBUILD reject new_tc=21.9177 (was 21.7247)
t=85279ms iter=2043 incumb=21.7247 ratchet=21.7429 best=21.7111 since_improve=671
t=85281ms iter=2044 WAIST cost=19.0000 best_alt=15.0000 gap=4.0000 tried=5 sep_labels=15 clique_frac=0.02
t=85300ms iter=2044 REBUILD reject new_tc=21.7794 (was 21.7247)
t=85321ms iter=2044 incumb=21.7247 ratchet=21.7937 best=21.7111 since_improve=672
t=85322ms iter=2045 WAIST cost=19.0000 best_alt=15.0000 gap=4.0000 tried=5 sep_labels=15 clique_frac=0.02
t=85341ms iter=2045 REBUILD reject new_tc=22.4035 (was 21.7247)
t=85362ms iter=2045 incumb=21.7247 ratchet=21.9362 best=21.7111 since_improve=673
t=85363ms iter=2046 WAIST cost=19.0000 best_alt=15.0000 gap=4.0000 tried=5 sep_labels=15 clique_frac=0.02
t=85382ms iter=2046 REBUILD reject new_tc=21.8322 (was 21.7247)
t=85403ms iter=2046 incumb=21.7247 ratchet=21.9386 best=21.7111 since_improve=674
t=85405ms iter=2047 WAIST cost=19.0000 best_alt=15.0000 gap=4.0000 tried=5 sep_labels=15 clique_frac=0.02
t=85424ms iter=2047 REBUILD reject new_tc=21.8804 (was 21.7247)
t=85445ms iter=2047 incumb=21.7247 ratchet=21.8057 best=21.7111 since_improve=675
t=85446ms iter=2048 WAIST cost=19.0000 best_alt=15.0000 gap=4.0000 tried=5 sep_labels=15 clique_frac=0.02
t=85465ms iter=2048 REBUILD reject new_tc=22.4032 (was 21.7247)
t=85485ms iter=2048 incumb=21.7247 ratchet=21.7844 best=21.7111 since_improve=676
t=85487ms iter=2049 WAIST cost=19.0000 best_alt=15.0000 gap=4.0000 tried=5 sep_labels=15 clique_frac=0.02
t=85506ms iter=2049 REBUILD reject new_tc=22.4028 (was 21.7247)
t=85527ms iter=2049 incumb=21.7247 ratchet=21.9063 best=21.7111 since_improve=677
t=85528ms iter=2050 WAIST cost=19.0000 best_alt=15.0000 gap=4.0000 tried=5 sep_labels=15 clique_frac=0.02
t=85547ms iter=2050 REBUILD reject new_tc=21.9064 (was 21.7247)
t=85568ms iter=2050 incumb=21.7247 ratchet=21.7600 best=21.7111 since_improve=678
t=85570ms iter=2051 WAIST cost=19.0000 best_alt=15.0000 gap=4.0000 tried=5 sep_labels=15 clique_frac=0.02
t=85589ms iter=2051 REBUILD reject new_tc=22.3380 (was 21.7247)
t=85610ms iter=2051 incumb=21.7247 ratchet=21.8929 best=21.7111 since_improve=679
t=85611ms iter=2052 WAIST cost=19.0000 best_alt=15.0000 gap=4.0000 tried=5 sep_labels=15 clique_frac=0.02
t=85630ms iter=2052 REBUILD reject new_tc=21.7793 (was 21.7247)
t=85651ms iter=2052 incumb=21.7247 ratchet=21.7520 best=21.7111 since_improve=680
t=85652ms iter=2053 WAIST cost=19.0000 best_alt=15.0000 gap=4.0000 tried=5 sep_labels=15 clique_frac=0.02
t=85671ms iter=2053 REBUILD reject new_tc=22.2545 (was 21.7247)
t=85691ms iter=2053 incumb=21.7247 ratchet=21.9225 best=21.7111 since_improve=681
t=85692ms iter=2054 WAIST cost=19.0000 best_alt=15.0000 gap=4.0000 tried=5 sep_labels=15 clique_frac=0.02
t=85711ms iter=2054 REBUILD reject new_tc=21.8310 (was 21.7247)
t=85732ms iter=2054 incumb=21.7247 ratchet=21.7475 best=21.7111 since_improve=682
t=85734ms iter=2055 WAIST cost=19.0000 best_alt=15.0000 gap=4.0000 tried=5 sep_labels=15 clique_frac=0.02
t=85753ms iter=2055 REBUILD reject new_tc=22.4688 (was 21.7247)
t=85774ms iter=2055 incumb=21.7247 ratchet=21.7298 best=21.7111 since_improve=683
t=85775ms iter=2056 WAIST cost=19.0000 best_alt=15.0000 gap=4.0000 tried=5 sep_labels=15 clique_frac=0.02
t=85794ms iter=2056 REBUILD reject new_tc=21.8567 (was 21.7247)
t=85815ms iter=2056 incumb=21.7247 ratchet=22.0339 best=21.7111 since_improve=684
t=85817ms iter=2057 WAIST cost=19.0000 best_alt=15.0000 gap=4.0000 tried=5 sep_labels=15 clique_frac=0.02
t=85836ms iter=2057 REBUILD reject new_tc=21.8681 (was 21.7247)
t=85857ms iter=2057 incumb=21.7247 ratchet=21.7404 best=21.7111 since_improve=685
t=85859ms iter=2058 WAIST cost=19.0000 best_alt=15.0000 gap=4.0000 tried=5 sep_labels=15 clique_frac=0.02
t=85878ms iter=2058 REBUILD reject new_tc=21.8218 (was 21.7247)
t=85898ms iter=2058 incumb=21.7247 ratchet=21.7564 best=21.7111 since_improve=686
t=85900ms iter=2059 WAIST cost=19.0000 best_alt=15.0000 gap=4.0000 tried=5 sep_labels=15 clique_frac=0.02
t=85919ms iter=2059 REBUILD reject new_tc=21.8249 (was 21.7247)
t=85940ms iter=2059 incumb=21.7247 ratchet=21.8063 best=21.7111 since_improve=687
t=85942ms iter=2060 WAIST cost=19.0000 best_alt=15.0000 gap=4.0000 tried=5 sep_labels=15 clique_frac=0.02
t=85961ms iter=2060 REBUILD reject new_tc=21.7823 (was 21.7247)
t=85982ms iter=2060 incumb=21.7247 ratchet=21.8575 best=21.7111 since_improve=688
t=85983ms iter=2061 WAIST cost=19.0000 best_alt=15.0000 gap=4.0000 tried=5 sep_labels=15 clique_frac=0.02
t=86002ms iter=2061 REBUILD reject new_tc=22.1160 (was 21.7247)
t=86024ms iter=2061 incumb=21.7247 ratchet=21.8483 best=21.7111 since_improve=689
t=86025ms iter=2062 WAIST cost=19.0000 best_alt=15.0000 gap=4.0000 tried=5 sep_labels=15 clique_frac=0.02
t=86045ms iter=2062 REBUILD reject new_tc=21.8316 (was 21.7247)
t=86066ms iter=2062 incumb=21.7247 ratchet=21.8355 best=21.7111 since_improve=690
t=86067ms iter=2063 WAIST cost=19.0000 best_alt=15.0000 gap=4.0000 tried=5 sep_labels=15 clique_frac=0.02
t=86086ms iter=2063 REBUILD reject new_tc=22.3317 (was 21.7247)
t=86107ms iter=2063 incumb=21.7247 ratchet=21.8457 best=21.7111 since_improve=691
t=86108ms iter=2064 WAIST cost=19.0000 best_alt=15.0000 gap=4.0000 tried=5 sep_labels=15 clique_frac=0.02
t=86127ms iter=2064 REBUILD reject new_tc=22.3957 (was 21.7247)
t=86148ms iter=2064 incumb=21.7247 ratchet=21.7549 best=21.7111 since_improve=692
t=86149ms iter=2065 WAIST cost=19.0000 best_alt=15.0000 gap=4.0000 tried=5 sep_labels=15 clique_frac=0.02
t=86168ms iter=2065 REBUILD reject new_tc=22.5082 (was 21.7247)
t=86188ms iter=2065 incumb=21.7247 ratchet=21.8566 best=21.7111 since_improve=693
t=86190ms iter=2066 WAIST cost=19.0000 best_alt=15.0000 gap=4.0000 tried=5 sep_labels=15 clique_frac=0.02
t=86209ms iter=2066 REBUILD reject new_tc=22.4448 (was 21.7247)
t=86230ms iter=2066 incumb=21.7247 ratchet=21.7565 best=21.7111 since_improve=694
t=86231ms iter=2067 WAIST cost=19.0000 best_alt=15.0000 gap=4.0000 tried=5 sep_labels=15 clique_frac=0.02
t=86250ms iter=2067 REBUILD reject new_tc=21.9096 (was 21.7247)
t=86271ms iter=2067 incumb=21.7247 ratchet=21.7948 best=21.7111 since_improve=695
t=86273ms iter=2068 WAIST cost=19.0000 best_alt=15.0000 gap=4.0000 tried=5 sep_labels=15 clique_frac=0.02
t=86292ms iter=2068 REBUILD reject new_tc=22.1790 (was 21.7247)
t=86313ms iter=2068 incumb=21.7247 ratchet=21.7274 best=21.7111 since_improve=696
t=86314ms iter=2069 WAIST cost=19.0000 best_alt=15.0000 gap=4.0000 tried=5 sep_labels=15 clique_frac=0.02
t=86333ms iter=2069 REBUILD reject new_tc=21.9566 (was 21.7247)
t=86354ms iter=2069 incumb=21.7247 ratchet=21.8517 best=21.7111 since_improve=697
t=86356ms iter=2070 WAIST cost=19.0000 best_alt=15.0000 gap=4.0000 tried=5 sep_labels=15 clique_frac=0.02
t=86375ms iter=2070 REBUILD reject new_tc=22.1518 (was 21.7247)
t=86396ms iter=2070 incumb=21.7247 ratchet=21.7418 best=21.7111 since_improve=698
t=86397ms iter=2071 WAIST cost=19.0000 best_alt=15.0000 gap=4.0000 tried=5 sep_labels=15 clique_frac=0.02
t=86417ms iter=2071 REBUILD reject new_tc=21.8690 (was 21.7247)
t=86438ms iter=2071 incumb=21.7247 ratchet=21.8401 best=21.7111 since_improve=699
t=86439ms iter=2072 WAIST cost=19.0000 best_alt=15.0000 gap=4.0000 tried=5 sep_labels=15 clique_frac=0.02
t=86458ms iter=2072 REBUILD reject new_tc=21.8191 (was 21.7247)
t=86480ms iter=2072 incumb=21.7247 ratchet=21.7651 best=21.7111 since_improve=700
t=86481ms iter=2073 WAIST cost=19.0000 best_alt=15.0000 gap=4.0000 tried=5 sep_labels=15 clique_frac=0.02
t=86500ms iter=2073 REBUILD reject new_tc=22.4742 (was 21.7247)
t=86521ms iter=2073 incumb=21.7247 ratchet=21.7557 best=21.7111 since_improve=701
t=86522ms iter=2074 WAIST cost=19.0000 best_alt=15.0000 gap=4.0000 tried=5 sep_labels=15 clique_frac=0.02
t=86541ms iter=2074 REBUILD reject new_tc=22.0904 (was 21.7247)
t=86562ms iter=2074 incumb=21.7247 ratchet=21.8311 best=21.7111 since_improve=702
t=86563ms iter=2075 WAIST cost=19.0000 best_alt=15.0000 gap=4.0000 tried=5 sep_labels=15 clique_frac=0.02
t=86582ms iter=2075 REBUILD reject new_tc=22.2553 (was 21.7247)
t=86603ms iter=2075 incumb=21.7247 ratchet=21.9420 best=21.7111 since_improve=703
t=86604ms iter=2076 WAIST cost=19.0000 best_alt=15.0000 gap=4.0000 tried=5 sep_labels=15 clique_frac=0.02
t=86623ms iter=2076 REBUILD reject new_tc=22.1783 (was 21.7247)
t=86645ms iter=2076 incumb=21.7247 ratchet=21.8184 best=21.7111 since_improve=704
t=86646ms iter=2077 WAIST cost=19.0000 best_alt=15.0000 gap=4.0000 tried=5 sep_labels=15 clique_frac=0.02
t=86665ms iter=2077 REBUILD reject new_tc=22.0833 (was 21.7247)
t=86686ms iter=2077 incumb=21.7247 ratchet=21.7927 best=21.7111 since_improve=705
t=86687ms iter=2078 WAIST cost=19.0000 best_alt=15.0000 gap=4.0000 tried=5 sep_labels=15 clique_frac=0.02
t=86706ms iter=2078 REBUILD reject new_tc=21.8188 (was 21.7247)
t=86727ms iter=2078 incumb=21.7247 ratchet=21.7543 best=21.7111 since_improve=706
t=86729ms iter=2079 WAIST cost=19.0000 best_alt=15.0000 gap=4.0000 tried=5 sep_labels=15 clique_frac=0.02
t=86748ms iter=2079 REBUILD reject new_tc=21.8597 (was 21.7247)
t=86769ms iter=2079 incumb=21.7247 ratchet=21.8026 best=21.7111 since_improve=707
t=86770ms iter=2080 WAIST cost=19.0000 best_alt=15.0000 gap=4.0000 tried=5 sep_labels=15 clique_frac=0.02
t=86789ms iter=2080 REBUILD reject new_tc=22.3338 (was 21.7247)
t=86810ms iter=2080 incumb=21.7247 ratchet=21.7384 best=21.7111 since_improve=708
t=86811ms iter=2081 WAIST cost=19.0000 best_alt=15.0000 gap=4.0000 tried=5 sep_labels=15 clique_frac=0.02
t=86830ms iter=2081 REBUILD reject new_tc=21.8191 (was 21.7247)
t=86852ms iter=2081 incumb=21.7247 ratchet=21.8063 best=21.7111 since_improve=709
t=86853ms iter=2082 WAIST cost=19.0000 best_alt=15.0000 gap=4.0000 tried=5 sep_labels=15 clique_frac=0.02
t=86872ms iter=2082 REBUILD reject new_tc=21.8178 (was 21.7247)
t=86893ms iter=2082 incumb=21.7247 ratchet=21.9146 best=21.7111 since_improve=710
t=86895ms iter=2083 WAIST cost=19.0000 best_alt=15.0000 gap=4.0000 tried=5 sep_labels=15 clique_frac=0.02
t=86914ms iter=2083 REBUILD reject new_tc=21.8675 (was 21.7247)
t=86934ms iter=2083 incumb=21.7247 ratchet=21.7381 best=21.7111 since_improve=711
t=86936ms iter=2084 WAIST cost=19.0000 best_alt=15.0000 gap=4.0000 tried=5 sep_labels=15 clique_frac=0.02
t=86955ms iter=2084 REBUILD reject new_tc=22.3804 (was 21.7247)
t=86975ms iter=2084 incumb=21.7247 ratchet=22.2429 best=21.7111 since_improve=712
t=86977ms iter=2085 WAIST cost=19.0000 best_alt=15.0000 gap=4.0000 tried=5 sep_labels=15 clique_frac=0.02
t=86996ms iter=2085 REBUILD reject new_tc=22.1492 (was 21.7247)
t=87017ms iter=2085 incumb=21.7247 ratchet=22.1115 best=21.7111 since_improve=713
t=87018ms iter=2086 WAIST cost=19.0000 best_alt=15.0000 gap=4.0000 tried=5 sep_labels=15 clique_frac=0.02
t=87037ms iter=2086 REBUILD reject new_tc=22.1875 (was 21.7247)
t=87058ms iter=2086 incumb=21.7247 ratchet=21.8294 best=21.7111 since_improve=714
t=87059ms iter=2087 WAIST cost=19.0000 best_alt=15.0000 gap=4.0000 tried=5 sep_labels=15 clique_frac=0.02
t=87079ms iter=2087 REBUILD reject new_tc=21.7791 (was 21.7247)
t=87099ms iter=2087 incumb=21.7247 ratchet=21.7514 best=21.7111 since_improve=715
t=87101ms iter=2088 WAIST cost=19.0000 best_alt=15.0000 gap=4.0000 tried=5 sep_labels=15 clique_frac=0.02
t=87120ms iter=2088 REBUILD reject new_tc=21.8170 (was 21.7247)
t=87141ms iter=2088 incumb=21.7247 ratchet=21.8347 best=21.7111 since_improve=716
t=87142ms iter=2089 WAIST cost=19.0000 best_alt=15.0000 gap=4.0000 tried=5 sep_labels=15 clique_frac=0.02
t=87161ms iter=2089 REBUILD reject new_tc=21.9948 (was 21.7247)
t=87182ms iter=2089 incumb=21.7247 ratchet=21.8274 best=21.7111 since_improve=717
t=87184ms iter=2090 WAIST cost=19.0000 best_alt=15.0000 gap=4.0000 tried=5 sep_labels=15 clique_frac=0.02
t=87203ms iter=2090 REBUILD reject new_tc=21.8576 (was 21.7247)
t=87224ms iter=2090 incumb=21.7247 ratchet=21.7930 best=21.7111 since_improve=718
t=87225ms iter=2091 WAIST cost=19.0000 best_alt=15.0000 gap=4.0000 tried=5 sep_labels=15 clique_frac=0.02
t=87244ms iter=2091 REBUILD reject new_tc=22.2669 (was 21.7247)
t=87266ms iter=2091 incumb=21.7247 ratchet=21.9017 best=21.7111 since_improve=719
t=87267ms iter=2092 WAIST cost=19.0000 best_alt=15.0000 gap=4.0000 tried=5 sep_labels=15 clique_frac=0.02
t=87286ms iter=2092 REBUILD reject new_tc=22.0533 (was 21.7247)
t=87300ms iter=2092 incumb=21.7247 ratchet=21.7627 best=21.7111 since_improve=720
t_final=87309ms tc_reduced=21.7111 tc_full=21.7905 leaves=403
surgery summary: calls=2092 cheaper_cuts=2092 rebuild_accepts=4 waist_min_hits=0
