probe: instance=surfacecode_d9 n_orig=403 n=113 fusible=0.7196 nlabels=126 t=2ms
seed_greedy tc=23.3838 t=505ms
t=514ms iter=1 WAIST cost=20.0000 best_alt=16.0000 gap=4.0000 tried=5 sep_labels=16 clique_frac=0.06
t=534ms iter=1 REBUILD ACCEPT new_tc=22.1060 (was 22.1973)
t=556ms iter=1 incumb=22.1060 ratchet=22.1740 best=22.0752 since_improve=1
t=557ms iter=2 WAIST cost=20.0000 best_alt=16.0000 gap=4.0000 tried=5 sep_labels=16 clique_frac=0.06
t=577ms iter=2 REBUILD ACCEPT new_tc=22.1046 (was 22.1060)
t=600ms iter=2 incumb=22.1046 ratchet=21.7811 best=21.7188 since_improve=0
t=601ms iter=3 WAIST cost=19.0000 best_alt=15.0000 gap=4.0000 tried=5 sep_labels=15 clique_frac=0.05
t=621ms iter=3 REBUILD reject new_tc=21.8739 (was 21.7811)
t=642ms iter=3 incumb=21.7811 ratchet=21.7552 best=21.7188 since_improve=0
t=644ms iter=4 WAIST cost=19.0000 best_alt=15.0000 gap=4.0000 tried=5 sep_labels=15 clique_frac=0.05
t=663ms iter=4 REBUILD reject new_tc=22.3682 (was 21.7552)
t=685ms iter=4 incumb=21.7552 ratchet=21.7760 best=21.7188 since_improve=1
t=686ms iter=5 WAIST cost=19.0000 best_alt=15.0000 gap=4.0000 tried=5 sep_labels=15 clique_frac=0.05
t=706ms iter=5 REBUILD reject new_tc=21.9342 (was 21.7552)
t=727ms iter=5 incumb=21.7552 ratchet=21.9068 best=21.7188 since_improve=2
t=729ms iter=6 WAIST cost=19.0000 best_alt=15.0000 gap=4.0000 tried=5 sep_labels=15 clique_frac=0.05
t=749ms iter=6 REBUILD reject new_tc=22.0768 (was 21.7552)
t=771ms iter=6 incumb=21.7552 ratchet=22.0264 best=21.7188 since_improve=3
t=772ms iter=7 WAIST cost=19.0000 best_alt=15.0000 gap=4.0000 tried=5 sep_labels=15 clique_frac=0.05
t=792ms iter=7 REBUILD reject new_tc=22.4199 (was 21.7552)
t=813ms iter=7 incumb=21.7552 ratchet=21.7695 best=21.7188 since_improve=4
t=815ms iter=8 WAIST cost=19.0000 best_alt=15.0000 gap=4.0000 tried=5 sep_labels=15 clique_frac=0.05
t=834ms iter=8 REBUILD reject new_tc=22.1846 (was 21.7552)
t=856ms iter=8 incumb=21.7552 ratchet=21.8316 best=21.7188 since_improve=5
t=858ms iter=9 WAIST cost=19.0000 best_alt=15.0000 gap=4.0000 tried=5 sep_labels=15 clique_frac=0.05
t=877ms iter=9 REBUILD reject new_tc=21.8276 (was 21.7552)
t=899ms iter=9 incumb=21.7552 ratchet=21.7690 best=21.7188 since_improve=6
t=900ms iter=10 WAIST cost=19.0000 best_alt=15.0000 gap=4.0000 tried=5 sep_labels=15 clique_frac=0.05
t=920ms iter=10 REBUILD reject new_tc=21.8651 (was 21.7552)
t=942ms iter=10 incumb=21.7552 ratchet=21.8550 best=21.7188 since_improve=7
t=944ms iter=11 WAIST cost=19.0000 best_alt=15.0000 gap=4.0000 tried=5 sep_labels=15 clique_frac=0.05
t=963ms iter=11 REBUILD reject new_tc=21.9865 (was 21.7552)
t=985ms iter=11 incumb=21.7552 ratchet=21.7521 best=21.7188 since_improve=0
t=986ms iter=12 WAIST cost=19.0000 best_alt=15.0000 gap=4.0000 tried=5 sep_labels=15 clique_frac=0.02
t=1006ms iter=12 REBUILD reject new_tc=21.8558 (was 21.7521)
t=1028ms iter=12 incumb=21.7521 ratchet=21.7950 best=21.7188 since_improve=1
t=1029ms iter=13 WAIST cost=19.0000 best_alt=15.0000 gap=4.0000 tried=5 sep_labels=15 clique_frac=0.02
t=1049ms iter=13 REBUILD reject new_tc=21.8616 (was 21.7521)
t=1071ms iter=13 incumb=21.7521 ratchet=21.8712 best=21.7188 since_improve=2
t=1072ms iter=14 WAIST cost=19.0000 best_alt=15.0000 gap=4.0000 tried=5 sep_labels=15 clique_frac=0.02
t=1092ms iter=14 REBUILD reject new_tc=21.8200 (was 21.7521)
t=1114ms iter=14 incumb=21.7521 ratchet=21.9770 best=21.7188 since_improve=3
t=1115ms iter=15 WAIST cost=19.0000 best_alt=15.0000 gap=4.0000 tried=5 sep_labels=15 clique_frac=0.02
t=1135ms iter=15 REBUILD reject new_tc=22.3507 (was 21.7521)
t=1156ms iter=15 incumb=21.7521 ratchet=21.8174 best=21.7188 since_improve=4
t=1158ms iter=16 WAIST cost=19.0000 best_alt=15.0000 gap=4.0000 tried=5 sep_labels=15 clique_frac=0.02
t=1177ms iter=16 REBUILD reject new_tc=21.9572 (was 21.7521)
t=1199ms iter=16 incumb=21.7521 ratchet=21.8212 best=21.7188 since_improve=5
t=1201ms iter=17 WAIST cost=19.0000 best_alt=15.0000 gap=4.0000 tried=5 sep_labels=15 clique_frac=0.02
t=1220ms iter=17 REBUILD reject new_tc=21.8451 (was 21.7521)
t=1242ms iter=17 incumb=21.7521 ratchet=21.8089 best=21.7188 since_improve=6
t=1243ms iter=18 WAIST cost=19.0000 best_alt=15.0000 gap=4.0000 tried=5 sep_labels=15 clique_frac=0.02
t=1263ms iter=18 REBUILD reject new_tc=21.8938 (was 21.7521)
t=1285ms iter=18 incumb=21.7521 ratchet=21.8058 best=21.7188 since_improve=7
t=1286ms iter=19 WAIST cost=19.0000 best_alt=15.0000 gap=4.0000 tried=5 sep_labels=15 clique_frac=0.02
t=1306ms iter=19 REBUILD reject new_tc=21.9765 (was 21.7521)
t=1328ms iter=19 incumb=21.7521 ratchet=21.8714 best=21.7188 since_improve=8
t=1329ms iter=20 WAIST cost=19.0000 best_alt=15.0000 gap=4.0000 tried=5 sep_labels=15 clique_frac=0.02
t=1349ms iter=20 REBUILD reject new_tc=22.1588 (was 21.7521)
t=1370ms iter=20 incumb=21.7521 ratchet=21.7698 best=21.7188 since_improve=9
t=1372ms iter=21 WAIST cost=19.0000 best_alt=15.0000 gap=4.0000 tried=5 sep_labels=15 clique_frac=0.02
t=1391ms iter=21 REBUILD reject new_tc=21.8190 (was 21.7521)
t=1413ms iter=21 incumb=21.7521 ratchet=21.9065 best=21.7188 since_improve=10
t=1415ms iter=22 WAIST cost=19.0000 best_alt=15.0000 gap=4.0000 tried=5 sep_labels=15 clique_frac=0.02
t=1434ms iter=22 REBUILD reject new_tc=21.8744 (was 21.7521)
t=1456ms iter=22 incumb=21.7521 ratchet=21.7990 best=21.7188 since_improve=11
t=1457ms iter=23 WAIST cost=19.0000 best_alt=15.0000 gap=4.0000 tried=5 sep_labels=15 clique_frac=0.02
t=1477ms iter=23 REBUILD reject new_tc=22.0615 (was 21.7521)
t=1498ms iter=23 incumb=21.7521 ratchet=21.7665 best=21.7188 since_improve=12
t=1500ms iter=24 WAIST cost=19.0000 best_alt=15.0000 gap=4.0000 tried=5 sep_labels=15 clique_frac=0.02
t=1519ms iter=24 REBUILD reject new_tc=21.8260 (was 21.7521)
t=1541ms iter=24 incumb=21.7521 ratchet=21.7718 best=21.7188 since_improve=13
t=1543ms iter=25 WAIST cost=19.0000 best_alt=15.0000 gap=4.0000 tried=5 sep_labels=15 clique_frac=0.02
t=1563ms iter=25 REBUILD reject new_tc=21.8200 (was 21.7521)
t=1585ms iter=25 incumb=21.7521 ratchet=21.7925 best=21.7188 since_improve=14
t=1586ms iter=26 WAIST cost=19.0000 best_alt=15.0000 gap=4.0000 tried=5 sep_labels=15 clique_frac=0.02
t=1606ms iter=26 REBUILD reject new_tc=21.9657 (was 21.7521)
t=1627ms iter=26 incumb=21.7521 ratchet=21.8232 best=21.7188 since_improve=15
t=1629ms iter=27 WAIST cost=19.0000 best_alt=15.0000 gap=4.0000 tried=5 sep_labels=15 clique_frac=0.02
t=1648ms iter=27 REBUILD reject new_tc=22.1278 (was 21.7521)
t=1670ms iter=27 incumb=21.7521 ratchet=21.8062 best=21.7188 since_improve=16
t=1672ms iter=28 WAIST cost=19.0000 best_alt=15.0000 gap=4.0000 tried=5 sep_labels=15 clique_frac=0.02
t=1692ms iter=28 REBUILD reject new_tc=21.8517 (was 21.7521)
t=1713ms iter=28 incumb=21.7521 ratchet=21.8193 best=21.7188 since_improve=17
t=1715ms iter=29 WAIST cost=19.0000 best_alt=15.0000 gap=4.0000 tried=5 sep_labels=15 clique_frac=0.02
t=1734ms iter=29 REBUILD reject new_tc=21.7794 (was 21.7521)
t=1756ms iter=29 incumb=21.7521 ratchet=21.7675 best=21.7188 since_improve=18
t=1758ms iter=30 WAIST cost=19.0000 best_alt=15.0000 gap=4.0000 tried=5 sep_labels=15 clique_frac=0.02
t=1777ms iter=30 REBUILD reject new_tc=21.8191 (was 21.7521)
t=1798ms iter=30 incumb=21.7521 ratchet=21.9841 best=21.7188 since_improve=19
t=1800ms iter=31 WAIST cost=19.0000 best_alt=15.0000 gap=4.0000 tried=5 sep_labels=15 clique_frac=0.02
t=1820ms iter=31 REBUILD reject new_tc=21.8731 (was 21.7521)
t=1842ms iter=31 incumb=21.7521 ratchet=21.7715 best=21.7188 since_improve=20
t=1843ms iter=32 WAIST cost=19.0000 best_alt=15.0000 gap=4.0000 tried=5 sep_labels=15 clique_frac=0.02
t=1863ms iter=32 REBUILD reject new_tc=21.8319 (was 21.7521)
t=1885ms iter=32 incumb=21.7521 ratchet=21.9804 best=21.7188 since_improve=21
t=1886ms iter=33 WAIST cost=19.0000 best_alt=15.0000 gap=4.0000 tried=5 sep_labels=15 clique_frac=0.02
t=1906ms iter=33 REBUILD reject new_tc=21.8832 (was 21.7521)
t=1928ms iter=33 incumb=21.7521 ratchet=21.9787 best=21.7188 since_improve=22
t=1929ms iter=34 WAIST cost=19.0000 best_alt=15.0000 gap=4.0000 tried=5 sep_labels=15 clique_frac=0.02
t=1949ms iter=34 REBUILD reject new_tc=21.8320 (was 21.7521)
t=1971ms iter=34 incumb=21.7521 ratchet=21.7714 best=21.7188 since_improve=23
t=1972ms iter=35 WAIST cost=19.0000 best_alt=15.0000 gap=4.0000 tried=5 sep_labels=15 clique_frac=0.02
t=1992ms iter=35 REBUILD reject new_tc=21.9191 (was 21.7521)
t=2013ms iter=35 incumb=21.7521 ratchet=21.8064 best=21.7188 since_improve=24
t=2015ms iter=36 WAIST cost=19.0000 best_alt=15.0000 gap=4.0000 tried=5 sep_labels=15 clique_frac=0.02
t=2035ms iter=36 REBUILD reject new_tc=21.8265 (was 21.7521)
t=2056ms iter=36 incumb=21.7521 ratchet=21.8298 best=21.7188 since_improve=25
t=2058ms iter=37 WAIST cost=19.0000 best_alt=15.0000 gap=4.0000 tried=5 sep_labels=15 clique_frac=0.02
t=2077ms iter=37 REBUILD reject new_tc=22.0566 (was 21.7521)
t=2099ms iter=37 incumb=21.7521 ratchet=21.9156 best=21.7188 since_improve=26
t=2101ms iter=38 WAIST cost=19.0000 best_alt=15.0000 gap=4.0000 tried=5 sep_labels=15 clique_frac=0.02
t=2120ms iter=38 REBUILD reject new_tc=21.8558 (was 21.7521)
t=2142ms iter=38 incumb=21.7521 ratchet=21.9214 best=21.7188 since_improve=27
t=2144ms iter=39 WAIST cost=19.0000 best_alt=15.0000 gap=4.0000 tried=5 sep_labels=15 clique_frac=0.02
t=2164ms iter=39 REBUILD reject new_tc=22.0194 (was 21.7521)
t=2185ms iter=39 incumb=21.7521 ratchet=21.9324 best=21.7188 since_improve=28
t=2187ms iter=40 WAIST cost=19.0000 best_alt=15.0000 gap=4.0000 tried=5 sep_labels=15 clique_frac=0.02
t=2207ms iter=40 REBUILD reject new_tc=21.8285 (was 21.7521)
t=2228ms iter=40 incumb=21.7521 ratchet=22.1397 best=21.7188 since_improve=29
t=2229ms iter=41 WAIST cost=19.0000 best_alt=15.0000 gap=4.0000 tried=5 sep_labels=15 clique_frac=0.02
t=2249ms iter=41 REBUILD reject new_tc=22.3539 (was 21.7521)
t=2271ms iter=41 incumb=21.7521 ratchet=21.8084 best=21.7188 since_improve=30
t=2272ms iter=42 WAIST cost=19.0000 best_alt=15.0000 gap=4.0000 tried=5 sep_labels=15 clique_frac=0.02
t=2292ms iter=42 REBUILD reject new_tc=21.7802 (was 21.7521)
t=2314ms iter=42 incumb=21.7521 ratchet=21.7672 best=21.7188 since_improve=31
t=2315ms iter=43 WAIST cost=19.0000 best_alt=15.0000 gap=4.0000 tried=5 sep_labels=15 clique_frac=0.02
t=2335ms iter=43 REBUILD reject new_tc=22.3256 (was 21.7521)
t=2357ms iter=43 incumb=21.7521 ratchet=21.7676 best=21.7188 since_improve=32
t=2358ms iter=44 WAIST cost=19.0000 best_alt=15.0000 gap=4.0000 tried=5 sep_labels=15 clique_frac=0.02
t=2378ms iter=44 REBUILD reject new_tc=21.8695 (was 21.7521)
t=2400ms iter=44 incumb=21.7521 ratchet=21.7673 best=21.7188 since_improve=33
t=2401ms iter=45 WAIST cost=19.0000 best_alt=15.0000 gap=4.0000 tried=5 sep_labels=15 clique_frac=0.02
t=2421ms iter=45 REBUILD reject new_tc=21.8575 (was 21.7521)
t=2443ms iter=45 incumb=21.7521 ratchet=21.7678 best=21.7188 since_improve=34
t=2444ms iter=46 WAIST cost=19.0000 best_alt=15.0000 gap=4.0000 tried=5 sep_labels=15 clique_frac=0.02
t=2464ms iter=46 REBUILD reject new_tc=22.1276 (was 21.7521)
t=2486ms iter=46 incumb=21.7521 ratchet=21.7680 best=21.7188 since_improve=35
t=2487ms iter=47 WAIST cost=19.0000 best_alt=15.0000 gap=4.0000 tried=5 sep_labels=15 clique_frac=0.02
t=2507ms iter=47 REBUILD reject new_tc=21.9606 (was 21.7521)
t=2529ms iter=47 incumb=21.7521 ratchet=21.9178 best=21.7188 since_improve=36
t=2530ms iter=48 WAIST cost=19.0000 best_alt=15.0000 gap=4.0000 tried=5 sep_labels=15 clique_frac=0.02
t=2550ms iter=48 REBUILD reject new_tc=21.8391 (was 21.7521)
t=2572ms iter=48 incumb=21.7521 ratchet=21.8464 best=21.7188 since_improve=37
t=2574ms iter=49 WAIST cost=19.0000 best_alt=15.0000 gap=4.0000 tried=5 sep_labels=15 clique_frac=0.02
t=2594ms iter=49 REBUILD reject new_tc=22.1797 (was 21.7521)
t=2615ms iter=49 incumb=21.7521 ratchet=21.8074 best=21.7188 since_improve=38
t=2617ms iter=50 WAIST cost=19.0000 best_alt=15.0000 gap=4.0000 tried=5 sep_labels=15 clique_frac=0.02
t=2637ms iter=50 REBUILD reject new_tc=21.9778 (was 21.7521)
t=2659ms iter=50 incumb=21.7521 ratchet=21.8190 best=21.7188 since_improve=39
t=2660ms iter=51 WAIST cost=19.0000 best_alt=15.0000 gap=4.0000 tried=5 sep_labels=15 clique_frac=0.02
t=2680ms iter=51 REBUILD reject new_tc=21.8755 (was 21.7521)
t=2701ms iter=51 incumb=21.7521 ratchet=21.9508 best=21.7188 since_improve=40
t=2703ms iter=52 WAIST cost=19.0000 best_alt=15.0000 gap=4.0000 tried=5 sep_labels=15 clique_frac=0.02
t=2722ms iter=52 REBUILD reject new_tc=22.1776 (was 21.7521)
t=2744ms iter=52 incumb=21.7521 ratchet=21.7846 best=21.7188 since_improve=41
t=2745ms iter=53 WAIST cost=19.0000 best_alt=15.0000 gap=4.0000 tried=5 sep_labels=15 clique_frac=0.02
t=2765ms iter=53 REBUILD reject new_tc=21.9132 (was 21.7521)
t=2787ms iter=53 incumb=21.7521 ratchet=21.7597 best=21.7188 since_improve=42
t=2788ms iter=54 WAIST cost=19.0000 best_alt=15.0000 gap=4.0000 tried=5 sep_labels=15 clique_frac=0.02
t=2807ms iter=54 REBUILD reject new_tc=21.8267 (was 21.7521)
t=2829ms iter=54 incumb=21.7521 ratchet=21.8063 best=21.7188 since_improve=43
t=2831ms iter=55 WAIST cost=19.0000 best_alt=15.0000 gap=4.0000 tried=5 sep_labels=15 clique_frac=0.02
t=2850ms iter=55 REBUILD reject new_tc=22.1187 (was 21.7521)
t=2871ms iter=55 incumb=21.7521 ratchet=21.7652 best=21.7188 since_improve=44
t=2873ms iter=56 WAIST cost=19.0000 best_alt=15.0000 gap=4.0000 tried=5 sep_labels=15 clique_frac=0.02
t=2892ms iter=56 REBUILD reject new_tc=22.0577 (was 21.7521)
t=2914ms iter=56 incumb=21.7521 ratchet=21.7817 best=21.7188 since_improve=45
t=2915ms iter=57 WAIST cost=19.0000 best_alt=15.0000 gap=4.0000 tried=5 sep_labels=15 clique_frac=0.02
t=2935ms iter=57 REBUILD reject new_tc=22.0914 (was 21.7521)
t=2957ms iter=57 incumb=21.7521 ratchet=21.8571 best=21.7188 since_improve=46
t=2958ms iter=58 WAIST cost=19.0000 best_alt=15.0000 gap=4.0000 tried=5 sep_labels=15 clique_frac=0.02
t=2978ms iter=58 REBUILD reject new_tc=21.8712 (was 21.7521)
t=2999ms iter=58 incumb=21.7521 ratchet=21.8712 best=21.7188 since_improve=47
t=3001ms iter=59 WAIST cost=19.0000 best_alt=15.0000 gap=4.0000 tried=5 sep_labels=15 clique_frac=0.02
t=3020ms iter=59 REBUILD reject new_tc=21.9605 (was 21.7521)
t=3042ms iter=59 incumb=21.7521 ratchet=21.7617 best=21.7188 since_improve=48
t=3044ms iter=60 WAIST cost=19.0000 best_alt=15.0000 gap=4.0000 tried=5 sep_labels=15 clique_frac=0.02
t=3063ms iter=60 REBUILD reject new_tc=21.9164 (was 21.7521)
t=3085ms iter=60 incumb=21.7521 ratchet=21.7667 best=21.7188 since_improve=49
t=3086ms iter=61 WAIST cost=19.0000 best_alt=15.0000 gap=4.0000 tried=5 sep_labels=15 clique_frac=0.02
t=3106ms iter=61 REBUILD reject new_tc=22.3360 (was 21.7521)
t=3127ms iter=61 incumb=21.7521 ratchet=21.7436 best=21.7188 since_improve=0
t=3129ms iter=62 WAIST cost=19.0000 best_alt=15.0000 gap=4.0000 tried=5 sep_labels=15 clique_frac=0.07
t=3149ms iter=62 REBUILD reject new_tc=22.1189 (was 21.7436)
t=3171ms iter=62 incumb=21.7436 ratchet=21.8428 best=21.7188 since_improve=1
t=3172ms iter=63 WAIST cost=19.0000 best_alt=15.0000 gap=4.0000 tried=5 sep_labels=15 clique_frac=0.07
t=3192ms iter=63 REBUILD reject new_tc=21.8437 (was 21.7436)
t=3213ms iter=63 incumb=21.7436 ratchet=22.0148 best=21.7188 since_improve=2
t=3215ms iter=64 WAIST cost=19.0000 best_alt=15.0000 gap=4.0000 tried=5 sep_labels=15 clique_frac=0.10
t=3235ms iter=64 REBUILD reject new_tc=21.9059 (was 21.7436)
t=3257ms iter=64 incumb=21.7436 ratchet=21.8274 best=21.7188 since_improve=3
t=3258ms iter=65 WAIST cost=19.0000 best_alt=16.0000 gap=3.0000 tried=5 sep_labels=16 clique_frac=0.09
t=3278ms iter=65 REBUILD reject new_tc=21.7893 (was 21.7436)
t=3300ms iter=65 incumb=21.7436 ratchet=21.7553 best=21.7188 since_improve=4
t=3301ms iter=66 WAIST cost=19.0000 best_alt=15.0000 gap=4.0000 tried=5 sep_labels=15 clique_frac=0.06
t=3327ms iter=66 REBUILD ACCEPT new_tc=21.7409 (was 21.7436)
t=3349ms iter=66 incumb=21.7409 ratchet=21.8075 best=21.7188 since_improve=1
t=3350ms iter=67 WAIST cost=19.0000 best_alt=15.0000 gap=4.0000 tried=5 sep_labels=15 clique_frac=0.02
t=3370ms iter=67 REBUILD reject new_tc=21.9294 (was 21.7409)
t=3391ms iter=67 incumb=21.7409 ratchet=21.7671 best=21.7188 since_improve=2
t=3392ms iter=68 WAIST cost=19.0000 best_alt=15.0000 gap=4.0000 tried=5 sep_labels=15 clique_frac=0.02
t=3412ms iter=68 REBUILD reject new_tc=22.1818 (was 21.7409)
t=3434ms iter=68 incumb=21.7409 ratchet=21.7914 best=21.7188 since_improve=3
t=3435ms iter=69 WAIST cost=19.0000 best_alt=15.0000 gap=4.0000 tried=5 sep_labels=15 clique_frac=0.02
t=3455ms iter=69 REBUILD reject new_tc=21.8260 (was 21.7409)
t=3477ms iter=69 incumb=21.7409 ratchet=21.8339 best=21.7188 since_improve=4
t=3478ms iter=70 WAIST cost=19.0000 best_alt=15.0000 gap=4.0000 tried=5 sep_labels=15 clique_frac=0.02
t=3497ms iter=70 REBUILD reject new_tc=22.0813 (was 21.7409)
t=3518ms iter=70 incumb=21.7409 ratchet=21.7561 best=21.7188 since_improve=5
t=3520ms iter=71 WAIST cost=19.0000 best_alt=15.0000 gap=4.0000 tried=5 sep_labels=15 clique_frac=0.02
t=3540ms iter=71 REBUILD reject new_tc=21.8299 (was 21.7409)
t=3562ms iter=71 incumb=21.7409 ratchet=21.9191 best=21.7188 since_improve=6
t=3563ms iter=72 WAIST cost=19.0000 best_alt=15.0000 gap=4.0000 tried=5 sep_labels=15 clique_frac=0.02
t=3583ms iter=72 REBUILD reject new_tc=22.1778 (was 21.7409)
t=3605ms iter=72 incumb=21.7409 ratchet=21.7575 best=21.7188 since_improve=7
t=3606ms iter=73 WAIST cost=19.0000 best_alt=15.0000 gap=4.0000 tried=5 sep_labels=15 clique_frac=0.02
t=3626ms iter=73 REBUILD reject new_tc=22.3332 (was 21.7409)
t=3647ms iter=73 incumb=21.7409 ratchet=21.8059 best=21.7188 since_improve=8
t=3649ms iter=74 WAIST cost=19.0000 best_alt=15.0000 gap=4.0000 tried=5 sep_labels=15 clique_frac=0.02
t=3669ms iter=74 REBUILD reject new_tc=22.0488 (was 21.7409)
t=3690ms iter=74 incumb=21.7409 ratchet=21.8912 best=21.7188 since_improve=9
t=3692ms iter=75 WAIST cost=19.0000 best_alt=15.0000 gap=4.0000 tried=5 sep_labels=15 clique_frac=0.02
t=3712ms iter=75 REBUILD reject new_tc=22.1785 (was 21.7409)
t=3733ms iter=75 incumb=21.7409 ratchet=21.7703 best=21.7188 since_improve=10
t=3735ms iter=76 WAIST cost=19.0000 best_alt=15.0000 gap=4.0000 tried=5 sep_labels=15 clique_frac=0.02
t=3755ms iter=76 REBUILD reject new_tc=21.7787 (was 21.7409)
t=3777ms iter=76 incumb=21.7409 ratchet=21.7971 best=21.7188 since_improve=11
t=3779ms iter=77 WAIST cost=19.0000 best_alt=15.0000 gap=4.0000 tried=5 sep_labels=15 clique_frac=0.02
t=3798ms iter=77 REBUILD reject new_tc=21.7779 (was 21.7409)
t=3820ms iter=77 incumb=21.7409 ratchet=21.7515 best=21.7188 since_improve=12
t=3822ms iter=78 WAIST cost=19.0000 best_alt=15.0000 gap=4.0000 tried=5 sep_labels=15 clique_frac=0.02
t=3841ms iter=78 REBUILD reject new_tc=22.5948 (was 21.7409)
t=3863ms iter=78 incumb=21.7409 ratchet=21.7690 best=21.7188 since_improve=13
t=3865ms iter=79 WAIST cost=19.0000 best_alt=15.0000 gap=4.0000 tried=5 sep_labels=15 clique_frac=0.02
t=3884ms iter=79 REBUILD reject new_tc=21.9052 (was 21.7409)
t=3907ms iter=79 incumb=21.7409 ratchet=21.7491 best=21.7188 since_improve=14
t=3908ms iter=80 WAIST cost=19.0000 best_alt=15.0000 gap=4.0000 tried=5 sep_labels=15 clique_frac=0.02
t=3928ms iter=80 REBUILD reject new_tc=22.3316 (was 21.7409)
t=3950ms iter=80 incumb=21.7409 ratchet=21.7544 best=21.7188 since_improve=15
t=3951ms iter=81 WAIST cost=19.0000 best_alt=15.0000 gap=4.0000 tried=5 sep_labels=15 clique_frac=0.02
t=3971ms iter=81 REBUILD reject new_tc=22.3398 (was 21.7409)
t=3992ms iter=81 incumb=21.7409 ratchet=21.8206 best=21.7188 since_improve=16
t=3994ms iter=82 WAIST cost=19.0000 best_alt=15.0000 gap=4.0000 tried=5 sep_labels=15 clique_frac=0.02
t=4014ms iter=82 REBUILD reject new_tc=21.9131 (was 21.7409)
t=4036ms iter=82 incumb=21.7409 ratchet=21.7810 best=21.7188 since_improve=17
t=4037ms iter=83 WAIST cost=19.0000 best_alt=15.0000 gap=4.0000 tried=5 sep_labels=15 clique_frac=0.02
t=4057ms iter=83 REBUILD reject new_tc=22.3505 (was 21.7409)
t=4079ms iter=83 incumb=21.7409 ratchet=21.8585 best=21.7188 since_improve=18
t=4080ms iter=84 WAIST cost=19.0000 best_alt=15.0000 gap=4.0000 tried=5 sep_labels=15 clique_frac=0.02
t=4100ms iter=84 REBUILD reject new_tc=22.0472 (was 21.7409)
t=4121ms iter=84 incumb=21.7409 ratchet=21.8450 best=21.7188 since_improve=19
t=4123ms iter=85 WAIST cost=19.0000 best_alt=15.0000 gap=4.0000 tried=5 sep_labels=15 clique_frac=0.02
t=4142ms iter=85 REBUILD reject new_tc=22.2094 (was 21.7409)
t=4164ms iter=85 incumb=21.7409 ratchet=21.8176 best=21.7188 since_improve=20
t=4166ms iter=86 WAIST cost=19.0000 best_alt=15.0000 gap=4.0000 tried=5 sep_labels=15 clique_frac=0.02
t=4186ms iter=86 REBUILD reject new_tc=22.1804 (was 21.7409)
t=4208ms iter=86 incumb=21.7409 ratchet=21.8270 best=21.7188 since_improve=21
t=4209ms iter=87 WAIST cost=19.0000 best_alt=15.0000 gap=4.0000 tried=5 sep_labels=15 clique_frac=0.02
t=4229ms iter=87 REBUILD reject new_tc=21.8198 (was 21.7409)
t=4250ms iter=87 incumb=21.7409 ratchet=21.9375 best=21.7188 since_improve=22
t=4252ms iter=88 WAIST cost=19.0000 best_alt=15.0000 gap=4.0000 tried=5 sep_labels=15 clique_frac=0.02
t=4271ms iter=88 REBUILD reject new_tc=21.9031 (was 21.7409)
t=4293ms iter=88 incumb=21.7409 ratchet=21.9632 best=21.7188 since_improve=23
t=4295ms iter=89 WAIST cost=19.0000 best_alt=15.0000 gap=4.0000 tried=5 sep_labels=15 clique_frac=0.02
t=4314ms iter=89 REBUILD reject new_tc=22.4369 (was 21.7409)
t=4336ms iter=89 incumb=21.7409 ratchet=21.8351 best=21.7188 since_improve=24
t=4338ms iter=90 WAIST cost=19.0000 best_alt=15.0000 gap=4.0000 tried=5 sep_labels=15 clique_frac=0.02
t=4358ms iter=90 REBUILD reject new_tc=21.8430 (was 21.7409)
t=4379ms iter=90 incumb=21.7409 ratchet=21.8933 best=21.7188 since_improve=25
t=4381ms iter=91 WAIST cost=19.0000 best_alt=15.0000 gap=4.0000 tried=5 sep_labels=15 clique_frac=0.02
t=4400ms iter=91 REBUILD reject new_tc=21.9202 (was 21.7409)
t=4422ms iter=91 incumb=21.7409 ratchet=21.7467 best=21.7188 since_improve=26
t=4424ms iter=92 WAIST cost=19.0000 best_alt=15.0000 gap=4.0000 tried=5 sep_labels=15 clique_frac=0.02
t=4444ms iter=92 REBUILD reject new_tc=21.8194 (was 21.7409)
t=4465ms iter=92 incumb=21.7409 ratchet=21.7256 best=21.7188 since_improve=0
t=4466ms iter=93 WAIST cost=19.0000 best_alt=15.0000 gap=4.0000 tried=5 sep_labels=15 clique_frac=0.02
t=4486ms iter=93 REBUILD reject new_tc=22.0751 (was 21.7256)
t=4507ms iter=93 incumb=21.7256 ratchet=21.8548 best=21.7188 since_improve=1
t=4509ms iter=94 WAIST cost=19.0000 best_alt=15.0000 gap=4.0000 tried=5 sep_labels=15 clique_frac=0.02
t=4528ms iter=94 REBUILD reject new_tc=21.8329 (was 21.7256)
t=4550ms iter=94 incumb=21.7256 ratchet=21.7410 best=21.7188 since_improve=2
t=4552ms iter=95 WAIST cost=19.0000 best_alt=15.0000 gap=4.0000 tried=5 sep_labels=15 clique_frac=0.02
t=4571ms iter=95 REBUILD reject new_tc=21.7893 (was 21.7256)
t=4593ms iter=95 incumb=21.7256 ratchet=21.9892 best=21.7188 since_improve=3
t=4594ms iter=96 WAIST cost=19.0000 best_alt=15.0000 gap=4.0000 tried=5 sep_labels=15 clique_frac=0.02
t=4614ms iter=96 REBUILD reject new_tc=21.8312 (was 21.7256)
t=4636ms iter=96 incumb=21.7256 ratchet=21.7549 best=21.7188 since_improve=4
t=4637ms iter=97 WAIST cost=19.0000 best_alt=15.0000 gap=4.0000 tried=5 sep_labels=15 clique_frac=0.02
t=4657ms iter=97 REBUILD reject new_tc=21.7800 (was 21.7256)
t=4678ms iter=97 incumb=21.7256 ratchet=21.7728 best=21.7188 since_improve=5
t=4680ms iter=98 WAIST cost=19.0000 best_alt=15.0000 gap=4.0000 tried=5 sep_labels=15 clique_frac=0.02
t=4699ms iter=98 REBUILD reject new_tc=22.1798 (was 21.7256)
t=4721ms iter=98 incumb=21.7256 ratchet=21.7923 best=21.7188 since_improve=6
t=4722ms iter=99 WAIST cost=19.0000 best_alt=15.0000 gap=4.0000 tried=5 sep_labels=15 clique_frac=0.02
t=4742ms iter=99 REBUILD reject new_tc=21.8208 (was 21.7256)
t=4764ms iter=99 incumb=21.7256 ratchet=21.7292 best=21.7188 since_improve=7
t=4766ms iter=100 WAIST cost=19.0000 best_alt=15.0000 gap=4.0000 tried=5 sep_labels=15 clique_frac=0.02
t=4786ms iter=100 REBUILD reject new_tc=21.9679 (was 21.7256)
t=4807ms iter=100 incumb=21.7256 ratchet=21.8959 best=21.7188 since_improve=8
t=4809ms iter=101 WAIST cost=19.0000 best_alt=15.0000 gap=4.0000 tried=5 sep_labels=15 clique_frac=0.02
t=4829ms iter=101 REBUILD reject new_tc=21.8184 (was 21.7256)
t=4851ms iter=101 incumb=21.7256 ratchet=21.8166 best=21.7188 since_improve=9
t=4852ms iter=102 WAIST cost=19.0000 best_alt=15.0000 gap=4.0000 tried=5 sep_labels=15 clique_frac=0.02
t=4872ms iter=102 REBUILD reject new_tc=21.8772 (was 21.7256)
t=4894ms iter=102 incumb=21.7256 ratchet=21.7921 best=21.7188 since_improve=10
t=4895ms iter=103 WAIST cost=19.0000 best_alt=15.0000 gap=4.0000 tried=5 sep_labels=15 clique_frac=0.02
t=4915ms iter=103 REBUILD reject new_tc=21.8291 (was 21.7256)
t=4937ms iter=103 incumb=21.7256 ratchet=21.7960 best=21.7188 since_improve=11
t=4939ms iter=104 WAIST cost=19.0000 best_alt=15.0000 gap=4.0000 tried=5 sep_labels=15 clique_frac=0.02
t=4958ms iter=104 REBUILD reject new_tc=21.9838 (was 21.7256)
t=4981ms iter=104 incumb=21.7256 ratchet=21.9065 best=21.7188 since_improve=12
t=4982ms iter=105 WAIST cost=19.0000 best_alt=15.0000 gap=4.0000 tried=5 sep_labels=15 clique_frac=0.02
t=5002ms iter=105 REBUILD reject new_tc=22.1808 (was 21.7256)
t=5024ms iter=105 incumb=21.7256 ratchet=21.9359 best=21.7188 since_improve=13
t=5025ms iter=106 WAIST cost=19.0000 best_alt=15.0000 gap=4.0000 tried=5 sep_labels=15 clique_frac=0.02
t=5045ms iter=106 REBUILD reject new_tc=21.8198 (was 21.7256)
t=5067ms iter=106 incumb=21.7256 ratchet=21.7994 best=21.7188 since_improve=14
t=5068ms iter=107 WAIST cost=19.0000 best_alt=15.0000 gap=4.0000 tried=5 sep_labels=15 clique_frac=0.02
t=5088ms iter=107 REBUILD reject new_tc=22.2608 (was 21.7256)
t=5109ms iter=107 incumb=21.7256 ratchet=21.8425 best=21.7188 since_improve=15
t=5111ms iter=108 WAIST cost=19.0000 best_alt=15.0000 gap=4.0000 tried=5 sep_labels=15 clique_frac=0.02
t=5130ms iter=108 REBUILD reject new_tc=21.9482 (was 21.7256)
t=5152ms iter=108 incumb=21.7256 ratchet=21.8951 best=21.7188 since_improve=16
t=5154ms iter=109 WAIST cost=19.0000 best_alt=15.0000 gap=4.0000 tried=5 sep_labels=15 clique_frac=0.02
t=5174ms iter=109 REBUILD reject new_tc=22.1246 (was 21.7256)
t=5196ms iter=109 incumb=21.7256 ratchet=21.8602 best=21.7188 since_improve=17
t=5198ms iter=110 WAIST cost=19.0000 best_alt=15.0000 gap=4.0000 tried=5 sep_labels=15 clique_frac=0.02
t=5217ms iter=110 REBUILD reject new_tc=21.9623 (was 21.7256)
t=5239ms iter=110 incumb=21.7256 ratchet=21.8056 best=21.7188 since_improve=18
t=5241ms iter=111 WAIST cost=19.0000 best_alt=15.0000 gap=4.0000 tried=5 sep_labels=15 clique_frac=0.02
t=5261ms iter=111 REBUILD reject new_tc=21.8201 (was 21.7256)
t=5282ms iter=111 incumb=21.7256 ratchet=21.7426 best=21.7188 since_improve=19
t=5284ms iter=112 WAIST cost=19.0000 best_alt=15.0000 gap=4.0000 tried=5 sep_labels=15 clique_frac=0.02
t=5304ms iter=112 REBUILD reject new_tc=22.2093 (was 21.7256)
t=5325ms iter=112 incumb=21.7256 ratchet=21.7416 best=21.7188 since_improve=20
t=5327ms iter=113 WAIST cost=19.0000 best_alt=15.0000 gap=4.0000 tried=5 sep_labels=15 clique_frac=0.02
t=5346ms iter=113 REBUILD reject new_tc=21.8178 (was 21.7256)
t=5368ms iter=113 incumb=21.7256 ratchet=21.7664 best=21.7188 since_improve=21
t=5369ms iter=114 WAIST cost=19.0000 best_alt=15.0000 gap=4.0000 tried=5 sep_labels=15 clique_frac=0.02
t=5389ms iter=114 REBUILD reject new_tc=22.1966 (was 21.7256)
t=5411ms iter=114 incumb=21.7256 ratchet=21.8213 best=21.7188 since_improve=22
t=5412ms iter=115 WAIST cost=19.0000 best_alt=15.0000 gap=4.0000 tried=5 sep_labels=15 clique_frac=0.02
t=5432ms iter=115 REBUILD reject new_tc=21.9174 (was 21.7256)
t=5466ms iter=115 incumb=21.7256 ratchet=21.7565 best=21.7188 since_improve=23
t=5467ms iter=116 WAIST cost=19.0000 best_alt=15.0000 gap=4.0000 tried=5 sep_labels=15 clique_frac=0.02
t=5486ms iter=116 REBUILD reject new_tc=22.3258 (was 21.7256)
t=5508ms iter=116 incumb=21.7256 ratchet=21.8571 best=21.7188 since_improve=24
t=5510ms iter=117 WAIST cost=19.0000 best_alt=15.0000 gap=4.0000 tried=5 sep_labels=15 clique_frac=0.02
t=5529ms iter=117 REBUILD reject new_tc=21.9509 (was 21.7256)
t=5551ms iter=117 incumb=21.7256 ratchet=21.8417 best=21.7188 since_improve=25
t=5552ms iter=118 WAIST cost=19.0000 best_alt=15.0000 gap=4.0000 tried=5 sep_labels=15 clique_frac=0.02
t=5572ms iter=118 REBUILD reject new_tc=22.4890 (was 21.7256)
t=5594ms iter=118 incumb=21.7256 ratchet=21.8335 best=21.7188 since_improve=26
t=5595ms iter=119 WAIST cost=19.0000 best_alt=15.0000 gap=4.0000 tried=5 sep_labels=15 clique_frac=0.02
t=5615ms iter=119 REBUILD reject new_tc=22.2674 (was 21.7256)
t=5637ms iter=119 incumb=21.7256 ratchet=21.8070 best=21.7188 since_improve=27
t=5638ms iter=120 WAIST cost=19.0000 best_alt=15.0000 gap=4.0000 tried=5 sep_labels=15 clique_frac=0.02
t=5658ms iter=120 REBUILD reject new_tc=22.2563 (was 21.7256)
t=5679ms iter=120 incumb=21.7256 ratchet=21.8569 best=21.7188 since_improve=28
t=5681ms iter=121 WAIST cost=19.0000 best_alt=15.0000 gap=4.0000 tried=5 sep_labels=15 clique_frac=0.02
t=5701ms iter=121 REBUILD reject new_tc=21.8555 (was 21.7256)
t=5723ms iter=121 incumb=21.7256 ratchet=21.8092 best=21.7188 since_improve=29
t=5724ms iter=122 WAIST cost=19.0000 best_alt=15.0000 gap=4.0000 tried=5 sep_labels=15 clique_frac=0.02
t=5744ms iter=122 REBUILD reject new_tc=21.9862 (was 21.7256)
t=5766ms iter=122 incumb=21.7256 ratchet=21.8909 best=21.7188 since_improve=30
t=5767ms iter=123 WAIST cost=19.0000 best_alt=15.0000 gap=4.0000 tried=5 sep_labels=15 clique_frac=0.02
t=5787ms iter=123 REBUILD reject new_tc=22.3642 (was 21.7256)
t=5808ms iter=123 incumb=21.7256 ratchet=21.9720 best=21.7188 since_improve=31
t=5810ms iter=124 WAIST cost=19.0000 best_alt=15.0000 gap=4.0000 tried=5 sep_labels=15 clique_frac=0.02
t=5830ms iter=124 REBUILD reject new_tc=21.8215 (was 21.7256)
t=5852ms iter=124 incumb=21.7256 ratchet=21.8640 best=21.7188 since_improve=32
t=5853ms iter=125 WAIST cost=19.0000 best_alt=15.0000 gap=4.0000 tried=5 sep_labels=15 clique_frac=0.02
t=5873ms iter=125 REBUILD reject new_tc=21.9933 (was 21.7256)
t=5895ms iter=125 incumb=21.7256 ratchet=21.7932 best=21.7188 since_improve=33
t=5896ms iter=126 WAIST cost=19.0000 best_alt=15.0000 gap=4.0000 tried=5 sep_labels=15 clique_frac=0.02
t=5916ms iter=126 REBUILD reject new_tc=21.8218 (was 21.7256)
t=5938ms iter=126 incumb=21.7256 ratchet=21.8466 best=21.7188 since_improve=34
t=5939ms iter=127 WAIST cost=19.0000 best_alt=15.0000 gap=4.0000 tried=5 sep_labels=15 clique_frac=0.02
t=5959ms iter=127 REBUILD reject new_tc=21.9768 (was 21.7256)
t=5981ms iter=127 incumb=21.7256 ratchet=21.9051 best=21.7188 since_improve=35
t=5983ms iter=128 WAIST cost=19.0000 best_alt=15.0000 gap=4.0000 tried=5 sep_labels=15 clique_frac=0.02
t=6002ms iter=128 REBUILD reject new_tc=21.8201 (was 21.7256)
t=6024ms iter=128 incumb=21.7256 ratchet=21.8413 best=21.7188 since_improve=36
t=6025ms iter=129 WAIST cost=19.0000 best_alt=15.0000 gap=4.0000 tried=5 sep_labels=15 clique_frac=0.02
t=6045ms iter=129 REBUILD reject new_tc=21.8308 (was 21.7256)
t=6066ms iter=129 incumb=21.7256 ratchet=21.9884 best=21.7188 since_improve=37
t=6068ms iter=130 WAIST cost=19.0000 best_alt=15.0000 gap=4.0000 tried=5 sep_labels=15 clique_frac=0.02
t=6088ms iter=130 REBUILD reject new_tc=21.8713 (was 21.7256)
t=6109ms iter=130 incumb=21.7256 ratchet=21.8089 best=21.7188 since_improve=38
t=6111ms iter=131 WAIST cost=19.0000 best_alt=15.0000 gap=4.0000 tried=5 sep_labels=15 clique_frac=0.02
t=6130ms iter=131 REBUILD reject new_tc=22.1787 (was 21.7256)
t=6152ms iter=131 incumb=21.7256 ratchet=21.8049 best=21.7188 since_improve=39
t=6154ms iter=132 WAIST cost=19.0000 best_alt=15.0000 gap=4.0000 tried=5 sep_labels=15 clique_frac=0.02
t=6174ms iter=132 REBUILD reject new_tc=22.0622 (was 21.7256)
t=6195ms iter=132 incumb=21.7256 ratchet=21.7560 best=21.7188 since_improve=40
t=6197ms iter=133 WAIST cost=19.0000 best_alt=15.0000 gap=4.0000 tried=5 sep_labels=15 clique_frac=0.02
t=6217ms iter=133 REBUILD reject new_tc=21.9822 (was 21.7256)
t=6238ms iter=133 incumb=21.7256 ratchet=22.0569 best=21.7188 since_improve=41
t=6240ms iter=134 WAIST cost=19.0000 best_alt=15.0000 gap=4.0000 tried=5 sep_labels=15 clique_frac=0.02
t=6259ms iter=134 REBUILD reject new_tc=22.3341 (was 21.7256)
t=6281ms iter=134 incumb=21.7256 ratchet=21.7656 best=21.7188 since_improve=42
t=6283ms iter=135 WAIST cost=19.0000 best_alt=15.0000 gap=4.0000 tried=5 sep_labels=15 clique_frac=0.02
t=6302ms iter=135 REBUILD reject new_tc=22.1440 (was 21.7256)
t=6324ms iter=135 incumb=21.7256 ratchet=21.7436 best=21.7188 since_improve=43
t=6326ms iter=136 WAIST cost=19.0000 best_alt=15.0000 gap=4.0000 tried=5 sep_labels=15 clique_frac=0.02
t=6345ms iter=136 REBUILD reject new_tc=21.8176 (was 21.7256)
t=6367ms iter=136 incumb=21.7256 ratchet=21.9660 best=21.7188 since_improve=44
t=6368ms iter=137 WAIST cost=19.0000 best_alt=15.0000 gap=4.0000 tried=5 sep_labels=15 clique_frac=0.02
t=6388ms iter=137 REBUILD reject new_tc=21.8309 (was 21.7256)
t=6410ms iter=137 incumb=21.7256 ratchet=21.7599 best=21.7188 since_improve=45
t=6411ms iter=138 WAIST cost=19.0000 best_alt=15.0000 gap=4.0000 tried=5 sep_labels=15 clique_frac=0.02
t=6431ms iter=138 REBUILD reject new_tc=21.7857 (was 21.7256)
t=6452ms iter=138 incumb=21.7256 ratchet=21.9786 best=21.7188 since_improve=46
t=6453ms iter=139 WAIST cost=19.0000 best_alt=15.0000 gap=4.0000 tried=5 sep_labels=15 clique_frac=0.02
t=6473ms iter=139 REBUILD reject new_tc=21.9627 (was 21.7256)
t=6494ms iter=139 incumb=21.7256 ratchet=21.9024 best=21.7188 since_improve=47
t=6496ms iter=140 WAIST cost=19.0000 best_alt=15.0000 gap=4.0000 tried=5 sep_labels=15 clique_frac=0.02
t=6515ms iter=140 REBUILD reject new_tc=22.2439 (was 21.7256)
t=6536ms iter=140 incumb=21.7256 ratchet=21.9350 best=21.7188 since_improve=48
t=6538ms iter=141 WAIST cost=19.0000 best_alt=15.0000 gap=4.0000 tried=5 sep_labels=15 clique_frac=0.02
t=6558ms iter=141 REBUILD reject new_tc=22.4107 (was 21.7256)
t=6580ms iter=141 incumb=21.7256 ratchet=21.7958 best=21.7188 since_improve=49
t=6581ms iter=142 WAIST cost=19.0000 best_alt=15.0000 gap=4.0000 tried=5 sep_labels=15 clique_frac=0.02
t=6601ms iter=142 REBUILD reject new_tc=22.3976 (was 21.7256)
t=6622ms iter=142 incumb=21.7256 ratchet=21.9385 best=21.7188 since_improve=50
t=6624ms iter=143 WAIST cost=19.0000 best_alt=15.0000 gap=4.0000 tried=5 sep_labels=15 clique_frac=0.02
t=6644ms iter=143 REBUILD reject new_tc=21.8303 (was 21.7256)
t=6666ms iter=143 incumb=21.7256 ratchet=21.7929 best=21.7188 since_improve=51
t=6667ms iter=144 WAIST cost=19.0000 best_alt=15.0000 gap=4.0000 tried=5 sep_labels=15 clique_frac=0.02
t=6687ms iter=144 REBUILD reject new_tc=21.8782 (was 21.7256)
t=6709ms iter=144 incumb=21.7256 ratchet=21.8056 best=21.7188 since_improve=52
t=6711ms iter=145 WAIST cost=19.0000 best_alt=15.0000 gap=4.0000 tried=5 sep_labels=15 clique_frac=0.02
t=6730ms iter=145 REBUILD reject new_tc=22.3079 (was 21.7256)
t=6752ms iter=145 incumb=21.7256 ratchet=21.7395 best=21.7188 since_improve=53
t=6753ms iter=146 WAIST cost=19.0000 best_alt=15.0000 gap=4.0000 tried=5 sep_labels=15 clique_frac=0.02
t=6773ms iter=146 REBUILD reject new_tc=21.9056 (was 21.7256)
t=6795ms iter=146 incumb=21.7256 ratchet=22.1335 best=21.7188 since_improve=54
t=6797ms iter=147 WAIST cost=19.0000 best_alt=15.0000 gap=4.0000 tried=5 sep_labels=15 clique_frac=0.02
t=6816ms iter=147 REBUILD reject new_tc=21.8404 (was 21.7256)
t=6838ms iter=147 incumb=21.7256 ratchet=21.8872 best=21.7188 since_improve=55
t=6839ms iter=148 WAIST cost=19.0000 best_alt=15.0000 gap=4.0000 tried=5 sep_labels=15 clique_frac=0.02
t=6859ms iter=148 REBUILD reject new_tc=21.8672 (was 21.7256)
t=6880ms iter=148 incumb=21.7256 ratchet=21.8060 best=21.7188 since_improve=56
t=6882ms iter=149 WAIST cost=19.0000 best_alt=15.0000 gap=4.0000 tried=5 sep_labels=15 clique_frac=0.02
t=6902ms iter=149 REBUILD reject new_tc=21.8776 (was 21.7256)
t=6923ms iter=149 incumb=21.7256 ratchet=21.7679 best=21.7188 since_improve=57
t=6925ms iter=150 WAIST cost=19.0000 best_alt=15.0000 gap=4.0000 tried=5 sep_labels=15 clique_frac=0.02
t=6945ms iter=150 REBUILD reject new_tc=22.0426 (was 21.7256)
t=6966ms iter=150 incumb=21.7256 ratchet=21.7916 best=21.7188 since_improve=58
t=6968ms iter=151 WAIST cost=19.0000 best_alt=15.0000 gap=4.0000 tried=5 sep_labels=15 clique_frac=0.02
t=6987ms iter=151 REBUILD reject new_tc=22.2552 (was 21.7256)
t=7009ms iter=151 incumb=21.7256 ratchet=21.8189 best=21.7188 since_improve=59
t=7011ms iter=152 WAIST cost=19.0000 best_alt=15.0000 gap=4.0000 tried=5 sep_labels=15 clique_frac=0.02
t=7030ms iter=152 REBUILD reject new_tc=21.9659 (was 21.7256)
t=7053ms iter=152 incumb=21.7256 ratchet=21.8488 best=21.7188 since_improve=60
t=7054ms iter=153 WAIST cost=19.0000 best_alt=15.0000 gap=4.0000 tried=5 sep_labels=15 clique_frac=0.02
t=7074ms iter=153 REBUILD reject new_tc=21.8809 (was 21.7256)
t=7095ms iter=153 incumb=21.7256 ratchet=21.9047 best=21.7188 since_improve=61
t=7097ms iter=154 WAIST cost=19.0000 best_alt=15.0000 gap=4.0000 tried=5 sep_labels=15 clique_frac=0.02
t=7117ms iter=154 REBUILD reject new_tc=22.1455 (was 21.7256)
t=7138ms iter=154 incumb=21.7256 ratchet=21.8292 best=21.7188 since_improve=62
t=7140ms iter=155 WAIST cost=19.0000 best_alt=15.0000 gap=4.0000 tried=5 sep_labels=15 clique_frac=0.02
t=7160ms iter=155 REBUILD reject new_tc=21.8204 (was 21.7256)
t=7182ms iter=155 incumb=21.7256 ratchet=21.7545 best=21.7188 since_improve=63
t=7183ms iter=156 WAIST cost=19.0000 best_alt=15.0000 gap=4.0000 tried=5 sep_labels=15 clique_frac=0.02
t=7203ms iter=156 REBUILD reject new_tc=22.1981 (was 21.7256)
t=7225ms iter=156 incumb=21.7256 ratchet=21.7603 best=21.7188 since_improve=64
t=7226ms iter=157 WAIST cost=19.0000 best_alt=15.0000 gap=4.0000 tried=5 sep_labels=15 clique_frac=0.02
t=7246ms iter=157 REBUILD reject new_tc=22.0491 (was 21.7256)
t=7268ms iter=157 incumb=21.7256 ratchet=21.7923 best=21.7188 since_improve=65
t=7269ms iter=158 WAIST cost=19.0000 best_alt=15.0000 gap=4.0000 tried=5 sep_labels=15 clique_frac=0.02
t=7289ms iter=158 REBUILD reject new_tc=22.2097 (was 21.7256)
t=7310ms iter=158 incumb=21.7256 ratchet=21.8071 best=21.7188 since_improve=66
t=7312ms iter=159 WAIST cost=19.0000 best_alt=15.0000 gap=4.0000 tried=5 sep_labels=15 clique_frac=0.02
t=7331ms iter=159 REBUILD reject new_tc=21.8322 (was 21.7256)
t=7353ms iter=159 incumb=21.7256 ratchet=21.8928 best=21.7188 since_improve=67
t=7355ms iter=160 WAIST cost=19.0000 best_alt=15.0000 gap=4.0000 tried=5 sep_labels=15 clique_frac=0.02
t=7374ms iter=160 REBUILD reject new_tc=21.9980 (was 21.7256)
t=7396ms iter=160 incumb=21.7256 ratchet=21.8579 best=21.7188 since_improve=68
t=7397ms iter=161 WAIST cost=19.0000 best_alt=15.0000 gap=4.0000 tried=5 sep_labels=15 clique_frac=0.02
t=7417ms iter=161 REBUILD reject new_tc=21.8199 (was 21.7256)
t=7438ms iter=161 incumb=21.7256 ratchet=21.7410 best=21.7188 since_improve=69
t=7440ms iter=162 WAIST cost=19.0000 best_alt=15.0000 gap=4.0000 tried=5 sep_labels=15 clique_frac=0.02
t=7459ms iter=162 REBUILD reject new_tc=21.8170 (was 21.7256)
t=7481ms iter=162 incumb=21.7256 ratchet=21.8219 best=21.7188 since_improve=70
t=7483ms iter=163 WAIST cost=19.0000 best_alt=15.0000 gap=4.0000 tried=5 sep_labels=15 clique_frac=0.02
t=7502ms iter=163 REBUILD reject new_tc=21.7828 (was 21.7256)
t=7524ms iter=163 incumb=21.7256 ratchet=21.8840 best=21.7188 since_improve=71
t=7525ms iter=164 WAIST cost=19.0000 best_alt=15.0000 gap=4.0000 tried=5 sep_labels=15 clique_frac=0.02
t=7545ms iter=164 REBUILD reject new_tc=22.3335 (was 21.7256)
t=7567ms iter=164 incumb=21.7256 ratchet=21.9041 best=21.7188 since_improve=72
t=7568ms iter=165 WAIST cost=19.0000 best_alt=15.0000 gap=4.0000 tried=5 sep_labels=15 clique_frac=0.02
t=7589ms iter=165 REBUILD reject new_tc=21.9162 (was 21.7256)
t=7610ms iter=165 incumb=21.7256 ratchet=21.8320 best=21.7188 since_improve=73
t=7611ms iter=166 WAIST cost=19.0000 best_alt=15.0000 gap=4.0000 tried=5 sep_labels=15 clique_frac=0.02
t=7631ms iter=166 REBUILD reject new_tc=21.8197 (was 21.7256)
t=7653ms iter=166 incumb=21.7256 ratchet=21.8340 best=21.7188 since_improve=74
t=7654ms iter=167 WAIST cost=19.0000 best_alt=15.0000 gap=4.0000 tried=5 sep_labels=15 clique_frac=0.02
t=7674ms iter=167 REBUILD reject new_tc=22.1786 (was 21.7256)
t=7696ms iter=167 incumb=21.7256 ratchet=21.8317 best=21.7188 since_improve=75
t=7698ms iter=168 WAIST cost=19.0000 best_alt=15.0000 gap=4.0000 tried=5 sep_labels=15 clique_frac=0.02
t=7717ms iter=168 REBUILD reject new_tc=21.9272 (was 21.7256)
t=7738ms iter=168 incumb=21.7256 ratchet=21.8639 best=21.7188 since_improve=76
t=7740ms iter=169 WAIST cost=19.0000 best_alt=15.0000 gap=4.0000 tried=5 sep_labels=15 clique_frac=0.02
t=7759ms iter=169 REBUILD reject new_tc=22.1855 (was 21.7256)
t=7781ms iter=169 incumb=21.7256 ratchet=21.7767 best=21.7188 since_improve=77
t=7783ms iter=170 WAIST cost=19.0000 best_alt=15.0000 gap=4.0000 tried=5 sep_labels=15 clique_frac=0.02
t=7802ms iter=170 REBUILD reject new_tc=21.8646 (was 21.7256)
t=7824ms iter=170 incumb=21.7256 ratchet=21.8578 best=21.7188 since_improve=78
t=7826ms iter=171 WAIST cost=19.0000 best_alt=15.0000 gap=4.0000 tried=5 sep_labels=15 clique_frac=0.02
t=7845ms iter=171 REBUILD reject new_tc=21.8179 (was 21.7256)
t=7867ms iter=171 incumb=21.7256 ratchet=21.9457 best=21.7188 since_improve=79
t=7869ms iter=172 WAIST cost=19.0000 best_alt=15.0000 gap=4.0000 tried=5 sep_labels=15 clique_frac=0.02
t=7889ms iter=172 REBUILD reject new_tc=21.8204 (was 21.7256)
t=7911ms iter=172 incumb=21.7256 ratchet=21.7531 best=21.7188 since_improve=80
t=7912ms iter=173 WAIST cost=19.0000 best_alt=15.0000 gap=4.0000 tried=5 sep_labels=15 clique_frac=0.02
t=7932ms iter=173 REBUILD reject new_tc=21.8563 (was 21.7256)
t=7953ms iter=173 incumb=21.7256 ratchet=21.9704 best=21.7188 since_improve=81
t=7955ms iter=174 WAIST cost=19.0000 best_alt=15.0000 gap=4.0000 tried=5 sep_labels=15 clique_frac=0.02
t=7975ms iter=174 REBUILD reject new_tc=21.9206 (was 21.7256)
t=7997ms iter=174 incumb=21.7256 ratchet=21.8306 best=21.7188 since_improve=82
t=7998ms iter=175 WAIST cost=19.0000 best_alt=15.0000 gap=4.0000 tried=5 sep_labels=15 clique_frac=0.02
t=8018ms iter=175 REBUILD reject new_tc=22.1276 (was 21.7256)
t=8039ms iter=175 incumb=21.7256 ratchet=21.7523 best=21.7188 since_improve=83
t=8041ms iter=176 WAIST cost=19.0000 best_alt=15.0000 gap=4.0000 tried=5 sep_labels=15 clique_frac=0.02
t=8060ms iter=176 REBUILD reject new_tc=22.1793 (was 21.7256)
t=8082ms iter=176 incumb=21.7256 ratchet=21.7676 best=21.7188 since_improve=84
t=8084ms iter=177 WAIST cost=19.0000 best_alt=15.0000 gap=4.0000 tried=5 sep_labels=15 clique_frac=0.02
t=8104ms iter=177 REBUILD reject new_tc=22.0062 (was 21.7256)
t=8125ms iter=177 incumb=21.7256 ratchet=21.8847 best=21.7188 since_improve=85
t=8126ms iter=178 WAIST cost=19.0000 best_alt=15.0000 gap=4.0000 tried=5 sep_labels=15 clique_frac=0.02
t=8146ms iter=178 REBUILD reject new_tc=21.7996 (was 21.7256)
t=8168ms iter=178 incumb=21.7256 ratchet=21.9284 best=21.7188 since_improve=86
t=8169ms iter=179 WAIST cost=19.0000 best_alt=15.0000 gap=4.0000 tried=5 sep_labels=15 clique_frac=0.02
t=8189ms iter=179 REBUILD reject new_tc=22.2810 (was 21.7256)
t=8210ms iter=179 incumb=21.7256 ratchet=21.8829 best=21.7188 since_improve=87
t=8212ms iter=180 WAIST cost=19.0000 best_alt=15.0000 gap=4.0000 tried=5 sep_labels=15 clique_frac=0.02
t=8231ms iter=180 REBUILD reject new_tc=22.1190 (was 21.7256)
t=8253ms iter=180 incumb=21.7256 ratchet=21.7596 best=21.7188 since_improve=88
t=8254ms iter=181 WAIST cost=19.0000 best_alt=15.0000 gap=4.0000 tried=5 sep_labels=15 clique_frac=0.02
t=8274ms iter=181 REBUILD reject new_tc=21.7856 (was 21.7256)
t=8296ms iter=181 incumb=21.7256 ratchet=21.7522 best=21.7188 since_improve=89
t=8297ms iter=182 WAIST cost=19.0000 best_alt=15.0000 gap=4.0000 tried=5 sep_labels=15 clique_frac=0.02
t=8317ms iter=182 REBUILD reject new_tc=21.9020 (was 21.7256)
t=8338ms iter=182 incumb=21.7256 ratchet=22.0011 best=21.7188 since_improve=90
t=8340ms iter=183 WAIST cost=19.0000 best_alt=15.0000 gap=4.0000 tried=5 sep_labels=15 clique_frac=0.02
t=8359ms iter=183 REBUILD reject new_tc=21.8684 (was 21.7256)
t=8381ms iter=183 incumb=21.7256 ratchet=22.1215 best=21.7188 since_improve=91
t=8383ms iter=184 WAIST cost=19.0000 best_alt=15.0000 gap=4.0000 tried=5 sep_labels=15 clique_frac=0.02
t=8402ms iter=184 REBUILD reject new_tc=21.9053 (was 21.7256)
t=8424ms iter=184 incumb=21.7256 ratchet=21.7542 best=21.7188 since_improve=92
t=8425ms iter=185 WAIST cost=19.0000 best_alt=15.0000 gap=4.0000 tried=5 sep_labels=15 clique_frac=0.02
t=8445ms iter=185 REBUILD reject new_tc=21.8680 (was 21.7256)
t=8466ms iter=185 incumb=21.7256 ratchet=21.7944 best=21.7188 since_improve=93
t=8468ms iter=186 WAIST cost=19.0000 best_alt=15.0000 gap=4.0000 tried=5 sep_labels=15 clique_frac=0.02
t=8488ms iter=186 REBUILD reject new_tc=21.8402 (was 21.7256)
t=8510ms iter=186 incumb=21.7256 ratchet=21.8088 best=21.7188 since_improve=94
t=8511ms iter=187 WAIST cost=19.0000 best_alt=15.0000 gap=4.0000 tried=5 sep_labels=15 clique_frac=0.02
t=8531ms iter=187 REBUILD reject new_tc=21.8198 (was 21.7256)
t=8553ms iter=187 incumb=21.7256 ratchet=21.7285 best=21.7188 since_improve=95
t=8555ms iter=188 WAIST cost=19.0000 best_alt=15.0000 gap=4.0000 tried=5 sep_labels=15 clique_frac=0.02
t=8574ms iter=188 REBUILD reject new_tc=21.8720 (was 21.7256)
t=8597ms iter=188 incumb=21.7256 ratchet=21.8427 best=21.7188 since_improve=96
t=8598ms iter=189 WAIST cost=19.0000 best_alt=15.0000 gap=4.0000 tried=5 sep_labels=15 clique_frac=0.02
t=8618ms iter=189 REBUILD reject new_tc=22.3496 (was 21.7256)
t=8640ms iter=189 incumb=21.7256 ratchet=21.8698 best=21.7188 since_improve=97
t=8641ms iter=190 WAIST cost=19.0000 best_alt=15.0000 gap=4.0000 tried=5 sep_labels=15 clique_frac=0.02
t=8661ms iter=190 REBUILD reject new_tc=21.9516 (was 21.7256)
t=8683ms iter=190 incumb=21.7256 ratchet=21.8960 best=21.7188 since_improve=98
t=8684ms iter=191 WAIST cost=19.0000 best_alt=15.0000 gap=4.0000 tried=5 sep_labels=15 clique_frac=0.02
t=8704ms iter=191 REBUILD reject new_tc=22.4087 (was 21.7256)
t=8725ms iter=191 incumb=21.7256 ratchet=21.8740 best=21.7188 since_improve=99
t=8727ms iter=192 WAIST cost=19.0000 best_alt=15.0000 gap=4.0000 tried=5 sep_labels=15 clique_frac=0.02
t=8747ms iter=192 REBUILD reject new_tc=21.9185 (was 21.7256)
t=8769ms iter=192 incumb=21.7256 ratchet=21.7445 best=21.7188 since_improve=100
t=8770ms iter=193 WAIST cost=19.0000 best_alt=15.0000 gap=4.0000 tried=5 sep_labels=15 clique_frac=0.02
t=8789ms iter=193 REBUILD reject new_tc=22.2541 (was 21.7256)
t=8811ms iter=193 incumb=21.7256 ratchet=21.8174 best=21.7188 since_improve=101
t=8813ms iter=194 WAIST cost=19.0000 best_alt=15.0000 gap=4.0000 tried=5 sep_labels=15 clique_frac=0.02
t=8832ms iter=194 REBUILD reject new_tc=22.2502 (was 21.7256)
t=8854ms iter=194 incumb=21.7256 ratchet=21.9927 best=21.7188 since_improve=102
t=8855ms iter=195 WAIST cost=19.0000 best_alt=15.0000 gap=4.0000 tried=5 sep_labels=15 clique_frac=0.02
t=8875ms iter=195 REBUILD reject new_tc=21.9032 (was 21.7256)
t=8897ms iter=195 incumb=21.7256 ratchet=21.9204 best=21.7188 since_improve=103
t=8898ms iter=196 WAIST cost=19.0000 best_alt=15.0000 gap=4.0000 tried=5 sep_labels=15 clique_frac=0.02
t=8918ms iter=196 REBUILD reject new_tc=22.1548 (was 21.7256)
t=8940ms iter=196 incumb=21.7256 ratchet=21.8575 best=21.7188 since_improve=104
t=8942ms iter=197 WAIST cost=19.0000 best_alt=15.0000 gap=4.0000 tried=5 sep_labels=15 clique_frac=0.02
t=8961ms iter=197 REBUILD reject new_tc=21.8186 (was 21.7256)
t=8983ms iter=197 incumb=21.7256 ratchet=21.8466 best=21.7188 since_improve=105
t=8985ms iter=198 WAIST cost=19.0000 best_alt=15.0000 gap=4.0000 tried=5 sep_labels=15 clique_frac=0.02
t=9004ms iter=198 REBUILD reject new_tc=22.0150 (was 21.7256)
t=9026ms iter=198 incumb=21.7256 ratchet=21.9338 best=21.7188 since_improve=106
t=9028ms iter=199 WAIST cost=19.0000 best_alt=15.0000 gap=4.0000 tried=5 sep_labels=15 clique_frac=0.02
t=9047ms iter=199 REBUILD reject new_tc=22.4041 (was 21.7256)
t=9069ms iter=199 incumb=21.7256 ratchet=21.9606 best=21.7188 since_improve=107
t=9071ms iter=200 WAIST cost=19.0000 best_alt=15.0000 gap=4.0000 tried=5 sep_labels=15 clique_frac=0.02
t=9090ms iter=200 REBUILD reject new_tc=21.8186 (was 21.7256)
t=9112ms iter=200 incumb=21.7256 ratchet=21.8097 best=21.7188 since_improve=108
t=9114ms iter=201 WAIST cost=19.0000 best_alt=15.0000 gap=4.0000 tried=5 sep_labels=15 clique_frac=0.02
t=9134ms iter=201 REBUILD reject new_tc=21.8195 (was 21.7256)
t=9156ms iter=201 incumb=21.7256 ratchet=21.7916 best=21.7188 since_improve=109
t=9157ms iter=202 WAIST cost=19.0000 best_alt=15.0000 gap=4.0000 tried=5 sep_labels=15 clique_frac=0.02
t=9177ms iter=202 REBUILD reject new_tc=21.8184 (was 21.7256)
t=9194ms iter=202 incumb=21.7256 ratchet=21.7543 best=21.7188 since_improve=110
t=9195ms iter=203 WAIST cost=19.0000 best_alt=15.0000 gap=4.0000 tried=5 sep_labels=15 clique_frac=0.02
t=9208ms iter=203 REBUILD reject new_tc=22.0495 (was 21.7256)
t=9225ms iter=203 incumb=21.7256 ratchet=21.7413 best=21.7188 since_improve=111
t=9227ms iter=204 WAIST cost=19.0000 best_alt=15.0000 gap=4.0000 tried=5 sep_labels=15 clique_frac=0.02
t=9246ms iter=204 REBUILD reject new_tc=22.1891 (was 21.7256)
t=9268ms iter=204 incumb=21.7256 ratchet=21.9175 best=21.7188 since_improve=112
t=9269ms iter=205 WAIST cost=19.0000 best_alt=15.0000 gap=4.0000 tried=5 sep_labels=15 clique_frac=0.02
t=9287ms iter=205 REBUILD reject new_tc=21.8563 (was 21.7256)
t=9308ms iter=205 incumb=21.7256 ratchet=21.7959 best=21.7188 since_improve=113
t=9310ms iter=206 WAIST cost=19.0000 best_alt=15.0000 gap=4.0000 tried=5 sep_labels=15 clique_frac=0.02
t=9329ms iter=206 REBUILD reject new_tc=21.8180 (was 21.7256)
t=9350ms iter=206 incumb=21.7256 ratchet=21.7398 best=21.7188 since_improve=114
t=9351ms iter=207 WAIST cost=19.0000 best_alt=15.0000 gap=4.0000 tried=5 sep_labels=15 clique_frac=0.02
t=9371ms iter=207 REBUILD reject new_tc=21.8285 (was 21.7256)
t=9392ms iter=207 incumb=21.7256 ratchet=21.8973 best=21.7188 since_improve=115
t=9394ms iter=208 WAIST cost=19.0000 best_alt=15.0000 gap=4.0000 tried=5 sep_labels=15 clique_frac=0.02
t=9413ms iter=208 REBUILD reject new_tc=21.7795 (was 21.7256)
t=9434ms iter=208 incumb=21.7256 ratchet=21.7572 best=21.7188 since_improve=116
t=9435ms iter=209 WAIST cost=19.0000 best_alt=15.0000 gap=4.0000 tried=5 sep_labels=15 clique_frac=0.02
t=9454ms iter=209 REBUILD reject new_tc=22.4525 (was 21.7256)
t=9475ms iter=209 incumb=21.7256 ratchet=21.8591 best=21.7188 since_improve=117
t=9477ms iter=210 WAIST cost=19.0000 best_alt=15.0000 gap=4.0000 tried=5 sep_labels=15 clique_frac=0.02
t=9496ms iter=210 REBUILD reject new_tc=21.8290 (was 21.7256)
t=9516ms iter=210 incumb=21.7256 ratchet=21.8024 best=21.7188 since_improve=118
t=9518ms iter=211 WAIST cost=19.0000 best_alt=15.0000 gap=4.0000 tried=5 sep_labels=15 clique_frac=0.02
t=9537ms iter=211 REBUILD reject new_tc=21.8276 (was 21.7256)
t=9559ms iter=211 incumb=21.7256 ratchet=21.7677 best=21.7188 since_improve=119
t=9560ms iter=212 WAIST cost=19.0000 best_alt=15.0000 gap=4.0000 tried=5 sep_labels=15 clique_frac=0.02
t=9580ms iter=212 REBUILD reject new_tc=21.7783 (was 21.7256)
t=9601ms iter=212 incumb=21.7256 ratchet=21.9000 best=21.7188 since_improve=120
t=9603ms iter=213 WAIST cost=19.0000 best_alt=15.0000 gap=4.0000 tried=5 sep_labels=15 clique_frac=0.02
t=9622ms iter=213 REBUILD reject new_tc=22.4027 (was 21.7256)
t=9644ms iter=213 incumb=21.7256 ratchet=21.8480 best=21.7188 since_improve=121
t=9645ms iter=214 WAIST cost=19.0000 best_alt=15.0000 gap=4.0000 tried=5 sep_labels=15 clique_frac=0.02
t=9665ms iter=214 REBUILD reject new_tc=21.8579 (was 21.7256)
t=9687ms iter=214 incumb=21.7256 ratchet=21.8064 best=21.7188 since_improve=122
t=9688ms iter=215 WAIST cost=19.0000 best_alt=15.0000 gap=4.0000 tried=5 sep_labels=15 clique_frac=0.02
t=9707ms iter=215 REBUILD reject new_tc=21.7789 (was 21.7256)
t=9729ms iter=215 incumb=21.7256 ratchet=21.9041 best=21.7188 since_improve=123
t=9730ms iter=216 WAIST cost=19.0000 best_alt=15.0000 gap=4.0000 tried=5 sep_labels=15 clique_frac=0.02
t=9750ms iter=216 REBUILD reject new_tc=21.9949 (was 21.7256)
t=9772ms iter=216 incumb=21.7256 ratchet=22.0129 best=21.7188 since_improve=124
t=9773ms iter=217 WAIST cost=19.0000 best_alt=15.0000 gap=4.0000 tried=5 sep_labels=15 clique_frac=0.02
t=9793ms iter=217 REBUILD reject new_tc=21.9192 (was 21.7256)
t=9814ms iter=217 incumb=21.7256 ratchet=21.7584 best=21.7188 since_improve=125
t=9815ms iter=218 WAIST cost=19.0000 best_alt=15.0000 gap=4.0000 tried=5 sep_labels=15 clique_frac=0.02
t=9834ms iter=218 REBUILD reject new_tc=22.0401 (was 21.7256)
t=9854ms iter=218 incumb=21.7256 ratchet=22.0608 best=21.7188 since_improve=126
t=9856ms iter=219 WAIST cost=19.0000 best_alt=15.0000 gap=4.0000 tried=5 sep_labels=15 clique_frac=0.02
t=9875ms iter=219 REBUILD reject new_tc=22.3322 (was 21.7256)
t=9895ms iter=219 incumb=21.7256 ratchet=21.7536 best=21.7188 since_improve=127
t=9897ms iter=220 WAIST cost=19.0000 best_alt=15.0000 gap=4.0000 tried=5 sep_labels=15 clique_frac=0.02
t=9915ms iter=220 REBUILD reject new_tc=21.8772 (was 21.7256)
t=9936ms iter=220 incumb=21.7256 ratchet=21.7677 best=21.7188 since_improve=128
t=9937ms iter=221 WAIST cost=19.0000 best_alt=15.0000 gap=4.0000 tried=5 sep_labels=15 clique_frac=0.02
t=9956ms iter=221 REBUILD reject new_tc=22.2165 (was 21.7256)
t=9977ms iter=221 incumb=21.7256 ratchet=21.7503 best=21.7188 since_improve=129
t=9978ms iter=222 WAIST cost=19.0000 best_alt=15.0000 gap=4.0000 tried=5 sep_labels=15 clique_frac=0.02
t=9997ms iter=222 REBUILD reject new_tc=21.8336 (was 21.7256)
t=10018ms iter=222 incumb=21.7256 ratchet=21.7647 best=21.7188 since_improve=130
t=10020ms iter=223 WAIST cost=19.0000 best_alt=15.0000 gap=4.0000 tried=5 sep_labels=15 clique_frac=0.02
t=10039ms iter=223 REBUILD reject new_tc=21.8708 (was 21.7256)
t=10060ms iter=223 incumb=21.7256 ratchet=21.7552 best=21.7188 since_improve=131
t=10061ms iter=224 WAIST cost=19.0000 best_alt=15.0000 gap=4.0000 tried=5 sep_labels=15 clique_frac=0.02
t=10080ms iter=224 REBUILD reject new_tc=22.3873 (was 21.7256)
t=10101ms iter=224 incumb=21.7256 ratchet=21.8098 best=21.7188 since_improve=132
t=10103ms iter=225 WAIST cost=19.0000 best_alt=15.0000 gap=4.0000 tried=5 sep_labels=15 clique_frac=0.02
t=10122ms iter=225 REBUILD reject new_tc=21.9190 (was 21.7256)
t=10143ms iter=225 incumb=21.7256 ratchet=21.8212 best=21.7188 since_improve=133
t=10144ms iter=226 WAIST cost=19.0000 best_alt=15.0000 gap=4.0000 tried=5 sep_labels=15 clique_frac=0.02
t=10164ms iter=226 REBUILD reject new_tc=21.9085 (was 21.7256)
t=10185ms iter=226 incumb=21.7256 ratchet=21.9415 best=21.7188 since_improve=134
t=10186ms iter=227 WAIST cost=19.0000 best_alt=15.0000 gap=4.0000 tried=5 sep_labels=15 clique_frac=0.02
t=10206ms iter=227 REBUILD reject new_tc=22.0399 (was 21.7256)
t=10227ms iter=227 incumb=21.7256 ratchet=21.8466 best=21.7188 since_improve=135
t=10228ms iter=228 WAIST cost=19.0000 best_alt=15.0000 gap=4.0000 tried=5 sep_labels=15 clique_frac=0.02
t=10247ms iter=228 REBUILD reject new_tc=22.0835 (was 21.7256)
t=10269ms iter=228 incumb=21.7256 ratchet=21.8451 best=21.7188 since_improve=136
t=10270ms iter=229 WAIST cost=19.0000 best_alt=15.0000 gap=4.0000 tried=5 sep_labels=15 clique_frac=0.02
t=10289ms iter=229 REBUILD reject new_tc=22.3180 (was 21.7256)
t=10310ms iter=229 incumb=21.7256 ratchet=21.7393 best=21.7188 since_improve=137
t=10312ms iter=230 WAIST cost=19.0000 best_alt=15.0000 gap=4.0000 tried=5 sep_labels=15 clique_frac=0.02
t=10331ms iter=230 REBUILD reject new_tc=22.0509 (was 21.7256)
t=10351ms iter=230 incumb=21.7256 ratchet=21.8674 best=21.7188 since_improve=138
t=10353ms iter=231 WAIST cost=19.0000 best_alt=15.0000 gap=4.0000 tried=5 sep_labels=15 clique_frac=0.02
t=10372ms iter=231 REBUILD reject new_tc=22.2552 (was 21.7256)
t=10393ms iter=231 incumb=21.7256 ratchet=21.8596 best=21.7188 since_improve=139
t=10394ms iter=232 WAIST cost=19.0000 best_alt=15.0000 gap=4.0000 tried=5 sep_labels=15 clique_frac=0.02
t=10413ms iter=232 REBUILD reject new_tc=21.8419 (was 21.7256)
t=10434ms iter=232 incumb=21.7256 ratchet=21.9085 best=21.7188 since_improve=140
t=10436ms iter=233 WAIST cost=19.0000 best_alt=15.0000 gap=4.0000 tried=5 sep_labels=15 clique_frac=0.02
t=10455ms iter=233 REBUILD reject new_tc=21.8557 (was 21.7256)
t=10476ms iter=233 incumb=21.7256 ratchet=21.7654 best=21.7188 since_improve=141
t=10477ms iter=234 WAIST cost=19.0000 best_alt=15.0000 gap=4.0000 tried=5 sep_labels=15 clique_frac=0.02
t=10496ms iter=234 REBUILD reject new_tc=21.7830 (was 21.7256)
t=10517ms iter=234 incumb=21.7256 ratchet=21.7668 best=21.7188 since_improve=142
t=10518ms iter=235 WAIST cost=19.0000 best_alt=15.0000 gap=4.0000 tried=5 sep_labels=15 clique_frac=0.02
t=10537ms iter=235 REBUILD reject new_tc=22.1805 (was 21.7256)
t=10558ms iter=235 incumb=21.7256 ratchet=21.7610 best=21.7188 since_improve=143
t=10560ms iter=236 WAIST cost=19.0000 best_alt=15.0000 gap=4.0000 tried=5 sep_labels=15 clique_frac=0.02
t=10587ms iter=236 REBUILD reject new_tc=22.0401 (was 21.7256)
t=10610ms iter=236 incumb=21.7256 ratchet=22.0774 best=21.7188 since_improve=144
t=10611ms iter=237 WAIST cost=19.0000 best_alt=15.0000 gap=4.0000 tried=5 sep_labels=15 clique_frac=0.02
t=10630ms iter=237 REBUILD reject new_tc=22.0474 (was 21.7256)
t=10651ms iter=237 incumb=21.7256 ratchet=21.7776 best=21.7188 since_improve=145
t=10653ms iter=238 WAIST cost=19.0000 best_alt=15.0000 gap=4.0000 tried=5 sep_labels=15 clique_frac=0.02
t=10672ms iter=238 REBUILD reject new_tc=21.8167 (was 21.7256)
t=10693ms iter=238 incumb=21.7256 ratchet=21.7387 best=21.7188 since_improve=146
t=10695ms iter=239 WAIST cost=19.0000 best_alt=15.0000 gap=4.0000 tried=5 sep_labels=15 clique_frac=0.02
t=10714ms iter=239 REBUILD reject new_tc=21.8688 (was 21.7256)
t=10735ms iter=239 incumb=21.7256 ratchet=21.7700 best=21.7188 since_improve=147
t=10737ms iter=240 WAIST cost=19.0000 best_alt=15.0000 gap=4.0000 tried=5 sep_labels=15 clique_frac=0.02
t=10756ms iter=240 REBUILD reject new_tc=21.8885 (was 21.7256)
t=10777ms iter=240 incumb=21.7256 ratchet=21.8442 best=21.7188 since_improve=148
t=10778ms iter=241 WAIST cost=19.0000 best_alt=15.0000 gap=4.0000 tried=5 sep_labels=15 clique_frac=0.02
t=10797ms iter=241 REBUILD reject new_tc=22.3348 (was 21.7256)
t=10818ms iter=241 incumb=21.7256 ratchet=21.7962 best=21.7188 since_improve=149
t=10820ms iter=242 WAIST cost=19.0000 best_alt=15.0000 gap=4.0000 tried=5 sep_labels=15 clique_frac=0.02
t=10839ms iter=242 REBUILD reject new_tc=21.9047 (was 21.7256)
t=10860ms iter=242 incumb=21.7256 ratchet=21.7698 best=21.7188 since_improve=150
t=10861ms iter=243 WAIST cost=19.0000 best_alt=15.0000 gap=4.0000 tried=5 sep_labels=15 clique_frac=0.02
t=10880ms iter=243 REBUILD reject new_tc=21.9513 (was 21.7256)
t=10902ms iter=243 incumb=21.7256 ratchet=21.8079 best=21.7188 since_improve=151
t=10903ms iter=244 WAIST cost=19.0000 best_alt=15.0000 gap=4.0000 tried=5 sep_labels=15 clique_frac=0.02
t=10922ms iter=244 REBUILD reject new_tc=21.9058 (was 21.7256)
t=10943ms iter=244 incumb=21.7256 ratchet=21.8057 best=21.7188 since_improve=152
t=10944ms iter=245 WAIST cost=19.0000 best_alt=15.0000 gap=4.0000 tried=5 sep_labels=15 clique_frac=0.02
t=10963ms iter=245 REBUILD reject new_tc=22.4948 (was 21.7256)
t=10984ms iter=245 incumb=21.7256 ratchet=21.7543 best=21.7188 since_improve=153
t=10986ms iter=246 WAIST cost=19.0000 best_alt=15.0000 gap=4.0000 tried=5 sep_labels=15 clique_frac=0.02
t=11004ms iter=246 REBUILD reject new_tc=22.0523 (was 21.7256)
t=11025ms iter=246 incumb=21.7256 ratchet=21.7434 best=21.7188 since_improve=154
t=11027ms iter=247 WAIST cost=19.0000 best_alt=15.0000 gap=4.0000 tried=5 sep_labels=15 clique_frac=0.02
t=11046ms iter=247 REBUILD reject new_tc=22.0484 (was 21.7256)
t=11067ms iter=247 incumb=21.7256 ratchet=21.8339 best=21.7188 since_improve=155
t=11069ms iter=248 WAIST cost=19.0000 best_alt=15.0000 gap=4.0000 tried=5 sep_labels=15 clique_frac=0.02
t=11088ms iter=248 REBUILD reject new_tc=22.1790 (was 21.7256)
t=11109ms iter=248 incumb=21.7256 ratchet=21.7565 best=21.7188 since_improve=156
t=11111ms iter=249 WAIST cost=19.0000 best_alt=15.0000 gap=4.0000 tried=5 sep_labels=15 clique_frac=0.02
t=11130ms iter=249 REBUILD reject new_tc=22.2104 (was 21.7256)
t=11151ms iter=249 incumb=21.7256 ratchet=21.8632 best=21.7188 since_improve=157
t=11153ms iter=250 WAIST cost=19.0000 best_alt=15.0000 gap=4.0000 tried=5 sep_labels=15 clique_frac=0.02
t=11171ms iter=250 REBUILD reject new_tc=22.3340 (was 21.7256)
t=11193ms iter=250 incumb=21.7256 ratchet=21.9575 best=21.7188 since_improve=158
t=11194ms iter=251 WAIST cost=19.0000 best_alt=15.0000 gap=4.0000 tried=5 sep_labels=15 clique_frac=0.02
t=11213ms iter=251 REBUILD reject new_tc=21.8334 (was 21.7256)
t=11234ms iter=251 incumb=21.7256 ratchet=21.7557 best=21.7188 since_improve=159
t=11236ms iter=252 WAIST cost=19.0000 best_alt=15.0000 gap=4.0000 tried=5 sep_labels=15 clique_frac=0.02
t=11255ms iter=252 REBUILD reject new_tc=21.8587 (was 21.7256)
t=11275ms iter=252 incumb=21.7256 ratchet=21.9022 best=21.7188 since_improve=160
t=11277ms iter=253 WAIST cost=19.0000 best_alt=15.0000 gap=4.0000 tried=5 sep_labels=15 clique_frac=0.02
t=11295ms iter=253 REBUILD reject new_tc=21.8185 (was 21.7256)
t=11316ms iter=253 incumb=21.7256 ratchet=21.7912 best=21.7188 since_improve=161
t=11318ms iter=254 WAIST cost=19.0000 best_alt=15.0000 gap=4.0000 tried=5 sep_labels=15 clique_frac=0.02
t=11337ms iter=254 REBUILD reject new_tc=21.7795 (was 21.7256)
t=11358ms iter=254 incumb=21.7256 ratchet=21.7791 best=21.7188 since_improve=162
t=11359ms iter=255 WAIST cost=19.0000 best_alt=15.0000 gap=4.0000 tried=5 sep_labels=15 clique_frac=0.02
t=11379ms iter=255 REBUILD reject new_tc=22.0934 (was 21.7256)
t=11400ms iter=255 incumb=21.7256 ratchet=21.7657 best=21.7188 since_improve=163
t=11401ms iter=256 WAIST cost=19.0000 best_alt=15.0000 gap=4.0000 tried=5 sep_labels=15 clique_frac=0.02
t=11421ms iter=256 REBUILD reject new_tc=21.9648 (was 21.7256)
t=11442ms iter=256 incumb=21.7256 ratchet=22.0410 best=21.7188 since_improve=164
t=11443ms iter=257 WAIST cost=19.0000 best_alt=15.0000 gap=4.0000 tried=5 sep_labels=15 clique_frac=0.02
t=11462ms iter=257 REBUILD reject new_tc=21.8166 (was 21.7256)
t=11483ms iter=257 incumb=21.7256 ratchet=21.8294 best=21.7188 since_improve=165
t=11485ms iter=258 WAIST cost=19.0000 best_alt=15.0000 gap=4.0000 tried=5 sep_labels=15 clique_frac=0.02
t=11504ms iter=258 REBUILD reject new_tc=22.1777 (was 21.7256)
t=11525ms iter=258 incumb=21.7256 ratchet=21.8733 best=21.7188 since_improve=166
t=11526ms iter=259 WAIST cost=19.0000 best_alt=15.0000 gap=4.0000 tried=5 sep_labels=15 clique_frac=0.02
t=11546ms iter=259 REBUILD reject new_tc=22.0400 (was 21.7256)
t=11567ms iter=259 incumb=21.7256 ratchet=21.7690 best=21.7188 since_improve=167
t=11569ms iter=260 WAIST cost=19.0000 best_alt=15.0000 gap=4.0000 tried=5 sep_labels=15 clique_frac=0.02
t=11588ms iter=260 REBUILD reject new_tc=21.7822 (was 21.7256)
t=11609ms iter=260 incumb=21.7256 ratchet=21.9813 best=21.7188 since_improve=168
t=11611ms iter=261 WAIST cost=19.0000 best_alt=15.0000 gap=4.0000 tried=5 sep_labels=15 clique_frac=0.02
t=11630ms iter=261 REBUILD reject new_tc=22.0663 (was 21.7256)
t=11650ms iter=261 incumb=21.7256 ratchet=21.7524 best=21.7188 since_improve=169
t=11652ms iter=262 WAIST cost=19.0000 best_alt=15.0000 gap=4.0000 tried=5 sep_labels=15 clique_frac=0.02
t=11671ms iter=262 REBUILD reject new_tc=22.0049 (was 21.7256)
t=11692ms iter=262 incumb=21.7256 ratchet=21.7465 best=21.7188 since_improve=170
t=11693ms iter=263 WAIST cost=19.0000 best_alt=15.0000 gap=4.0000 tried=5 sep_labels=15 clique_frac=0.02
t=11712ms iter=263 REBUILD reject new_tc=21.9429 (was 21.7256)
t=11733ms iter=263 incumb=21.7256 ratchet=21.7672 best=21.7188 since_improve=171
t=11735ms iter=264 WAIST cost=19.0000 best_alt=15.0000 gap=4.0000 tried=5 sep_labels=15 clique_frac=0.02
t=11754ms iter=264 REBUILD reject new_tc=21.7797 (was 21.7256)
t=11775ms iter=264 incumb=21.7256 ratchet=21.8318 best=21.7188 since_improve=172
t=11777ms iter=265 WAIST cost=19.0000 best_alt=15.0000 gap=4.0000 tried=5 sep_labels=15 clique_frac=0.02
t=11796ms iter=265 REBUILD reject new_tc=22.1808 (was 21.7256)
t=11816ms iter=265 incumb=21.7256 ratchet=21.8300 best=21.7188 since_improve=173
t=11818ms iter=266 WAIST cost=19.0000 best_alt=15.0000 gap=4.0000 tried=5 sep_labels=15 clique_frac=0.02
t=11837ms iter=266 REBUILD reject new_tc=21.8233 (was 21.7256)
t=11857ms iter=266 incumb=21.7256 ratchet=21.8168 best=21.7188 since_improve=174
t=11859ms iter=267 WAIST cost=19.0000 best_alt=15.0000 gap=4.0000 tried=5 sep_labels=15 clique_frac=0.02
t=11878ms iter=267 REBUILD reject new_tc=21.8430 (was 21.7256)
t=11900ms iter=267 incumb=21.7256 ratchet=21.8456 best=21.7188 since_improve=175
t=11901ms iter=268 WAIST cost=19.0000 best_alt=15.0000 gap=4.0000 tried=5 sep_labels=15 clique_frac=0.02
t=11920ms iter=268 REBUILD reject new_tc=21.8206 (was 21.7256)
t=11941ms iter=268 incumb=21.7256 ratchet=21.9167 best=21.7188 since_improve=176
t=11942ms iter=269 WAIST cost=19.0000 best_alt=15.0000 gap=4.0000 tried=5 sep_labels=15 clique_frac=0.02
t=11961ms iter=269 REBUILD reject new_tc=22.2541 (was 21.7256)
t=11982ms iter=269 incumb=21.7256 ratchet=21.8649 best=21.7188 since_improve=177
t=11984ms iter=270 WAIST cost=19.0000 best_alt=15.0000 gap=4.0000 tried=5 sep_labels=15 clique_frac=0.02
t=12003ms iter=270 REBUILD reject new_tc=21.8178 (was 21.7256)
t=12023ms iter=270 incumb=21.7256 ratchet=21.8557 best=21.7188 since_improve=178
t=12025ms iter=271 WAIST cost=19.0000 best_alt=15.0000 gap=4.0000 tried=5 sep_labels=15 clique_frac=0.02
t=12044ms iter=271 REBUILD reject new_tc=21.9357 (was 21.7256)
t=12065ms iter=271 incumb=21.7256 ratchet=21.7523 best=21.7188 since_improve=179
t=12066ms iter=272 WAIST cost=19.0000 best_alt=15.0000 gap=4.0000 tried=5 sep_labels=15 clique_frac=0.02
t=12085ms iter=272 REBUILD reject new_tc=22.2561 (was 21.7256)
t=12106ms iter=272 incumb=21.7256 ratchet=22.0752 best=21.7188 since_improve=180
t=12108ms iter=273 WAIST cost=19.0000 best_alt=15.0000 gap=4.0000 tried=5 sep_labels=15 clique_frac=0.02
t=12127ms iter=273 REBUILD reject new_tc=22.3366 (was 21.7256)
t=12149ms iter=273 incumb=21.7256 ratchet=21.7693 best=21.7188 since_improve=181
t=12150ms iter=274 WAIST cost=19.0000 best_alt=15.0000 gap=4.0000 tried=5 sep_labels=15 clique_frac=0.02
t=12169ms iter=274 REBUILD reject new_tc=21.7793 (was 21.7256)
t=12190ms iter=274 incumb=21.7256 ratchet=21.8052 best=21.7188 since_improve=182
t=12192ms iter=275 WAIST cost=19.0000 best_alt=15.0000 gap=4.0000 tried=5 sep_labels=15 clique_frac=0.02
t=12211ms iter=275 REBUILD reject new_tc=22.1779 (was 21.7256)
t=12231ms iter=275 incumb=21.7256 ratchet=21.7411 best=21.7188 since_improve=183
t=12233ms iter=276 WAIST cost=19.0000 best_alt=15.0000 gap=4.0000 tried=5 sep_labels=15 clique_frac=0.02
t=12252ms iter=276 REBUILD reject new_tc=22.1794 (was 21.7256)
t=12272ms iter=276 incumb=21.7256 ratchet=22.9848 best=21.7188 since_improve=184
t=12274ms iter=277 WAIST cost=19.0000 best_alt=15.0000 gap=4.0000 tried=5 sep_labels=15 clique_frac=0.02
t=12293ms iter=277 REBUILD reject new_tc=22.1437 (was 21.7256)
t=12314ms iter=277 incumb=21.7256 ratchet=21.9006 best=21.7188 since_improve=185
t=12315ms iter=278 WAIST cost=19.0000 best_alt=15.0000 gap=4.0000 tried=5 sep_labels=15 clique_frac=0.02
t=12334ms iter=278 REBUILD reject new_tc=22.1806 (was 21.7256)
t=12355ms iter=278 incumb=21.7256 ratchet=21.7560 best=21.7188 since_improve=186
t=12357ms iter=279 WAIST cost=19.0000 best_alt=15.0000 gap=4.0000 tried=5 sep_labels=15 clique_frac=0.02
t=12376ms iter=279 REBUILD reject new_tc=21.8561 (was 21.7256)
t=12397ms iter=279 incumb=21.7256 ratchet=22.0212 best=21.7188 since_improve=187
t=12399ms iter=280 WAIST cost=19.0000 best_alt=15.0000 gap=4.0000 tried=5 sep_labels=15 clique_frac=0.02
t=12418ms iter=280 REBUILD reject new_tc=22.2538 (was 21.7256)
t=12438ms iter=280 incumb=21.7256 ratchet=22.0210 best=21.7188 since_improve=188
t=12440ms iter=281 WAIST cost=19.0000 best_alt=15.0000 gap=4.0000 tried=5 sep_labels=15 clique_frac=0.02
t=12459ms iter=281 REBUILD reject new_tc=22.1876 (was 21.7256)
t=12480ms iter=281 incumb=21.7256 ratchet=21.8488 best=21.7188 since_improve=189
t=12481ms iter=282 WAIST cost=19.0000 best_alt=15.0000 gap=4.0000 tried=5 sep_labels=15 clique_frac=0.02
t=12501ms iter=282 REBUILD reject new_tc=21.8189 (was 21.7256)
t=12521ms iter=282 incumb=21.7256 ratchet=21.7951 best=21.7188 since_improve=190
t=12523ms iter=283 WAIST cost=19.0000 best_alt=15.0000 gap=4.0000 tried=5 sep_labels=15 clique_frac=0.02
t=12542ms iter=283 REBUILD reject new_tc=21.9544 (was 21.7256)
t=12563ms iter=283 incumb=21.7256 ratchet=21.8545 best=21.7188 since_improve=191
t=12565ms iter=284 WAIST cost=19.0000 best_alt=15.0000 gap=4.0000 tried=5 sep_labels=15 clique_frac=0.02
t=12585ms iter=284 REBUILD reject new_tc=21.8183 (was 21.7256)
t=12606ms iter=284 incumb=21.7256 ratchet=21.8073 best=21.7188 since_improve=192
t=12607ms iter=285 WAIST cost=19.0000 best_alt=15.0000 gap=4.0000 tried=5 sep_labels=15 clique_frac=0.02
t=12627ms iter=285 REBUILD reject new_tc=22.1544 (was 21.7256)
t=12648ms iter=285 incumb=21.7256 ratchet=22.0024 best=21.7188 since_improve=193
t=12649ms iter=286 WAIST cost=19.0000 best_alt=15.0000 gap=4.0000 tried=5 sep_labels=15 clique_frac=0.02
t=12668ms iter=286 REBUILD reject new_tc=21.8747 (was 21.7256)
t=12689ms iter=286 incumb=21.7256 ratchet=21.9073 best=21.7188 since_improve=194
t=12691ms iter=287 WAIST cost=19.0000 best_alt=15.0000 gap=4.0000 tried=5 sep_labels=15 clique_frac=0.02
t=12710ms iter=287 REBUILD reject new_tc=21.8597 (was 21.7256)
t=12731ms iter=287 incumb=21.7256 ratchet=21.9408 best=21.7188 since_improve=195
t=12732ms iter=288 WAIST cost=19.0000 best_alt=15.0000 gap=4.0000 tried=5 sep_labels=15 clique_frac=0.02
t=12751ms iter=288 REBUILD reject new_tc=21.8183 (was 21.7256)
t=12772ms iter=288 incumb=21.7256 ratchet=21.8061 best=21.7188 since_improve=196
t=12774ms iter=289 WAIST cost=19.0000 best_alt=15.0000 gap=4.0000 tried=5 sep_labels=15 clique_frac=0.02
t=12793ms iter=289 REBUILD reject new_tc=21.9585 (was 21.7256)
t=12813ms iter=289 incumb=21.7256 ratchet=21.8809 best=21.7188 since_improve=197
t=12815ms iter=290 WAIST cost=19.0000 best_alt=15.0000 gap=4.0000 tried=5 sep_labels=15 clique_frac=0.02
t=12834ms iter=290 REBUILD reject new_tc=22.0185 (was 21.7256)
t=12855ms iter=290 incumb=21.7256 ratchet=21.8319 best=21.7188 since_improve=198
t=12856ms iter=291 WAIST cost=19.0000 best_alt=15.0000 gap=4.0000 tried=5 sep_labels=15 clique_frac=0.02
t=12876ms iter=291 REBUILD reject new_tc=21.8700 (was 21.7256)
t=12897ms iter=291 incumb=21.7256 ratchet=21.7785 best=21.7188 since_improve=199
t=12898ms iter=292 WAIST cost=19.0000 best_alt=15.0000 gap=4.0000 tried=5 sep_labels=15 clique_frac=0.02
t=12917ms iter=292 REBUILD reject new_tc=21.8722 (was 21.7256)
t=12938ms iter=292 incumb=21.7256 ratchet=21.7400 best=21.7188 since_improve=200
t=12940ms iter=293 WAIST cost=19.0000 best_alt=15.0000 gap=4.0000 tried=5 sep_labels=15 clique_frac=0.02
t=12959ms iter=293 REBUILD reject new_tc=22.4175 (was 21.7256)
t=12979ms iter=293 incumb=21.7256 ratchet=21.8470 best=21.7188 since_improve=201
t=12981ms iter=294 WAIST cost=19.0000 best_alt=15.0000 gap=4.0000 tried=5 sep_labels=15 clique_frac=0.02
t=13000ms iter=294 REBUILD reject new_tc=22.0589 (was 21.7256)
t=13020ms iter=294 incumb=21.7256 ratchet=21.7943 best=21.7188 since_improve=202
t=13021ms iter=295 WAIST cost=19.0000 best_alt=15.0000 gap=4.0000 tried=5 sep_labels=15 clique_frac=0.02
t=13040ms iter=295 REBUILD reject new_tc=22.1200 (was 21.7256)
t=13061ms iter=295 incumb=21.7256 ratchet=21.7526 best=21.7188 since_improve=203
t=13062ms iter=296 WAIST cost=19.0000 best_alt=15.0000 gap=4.0000 tried=5 sep_labels=15 clique_frac=0.02
t=13082ms iter=296 REBUILD reject new_tc=21.8189 (was 21.7256)
t=13102ms iter=296 incumb=21.7256 ratchet=21.7533 best=21.7188 since_improve=204
t=13104ms iter=297 WAIST cost=19.0000 best_alt=15.0000 gap=4.0000 tried=5 sep_labels=15 clique_frac=0.02
t=13123ms iter=297 REBUILD reject new_tc=21.8309 (was 21.7256)
t=13143ms iter=297 incumb=21.7256 ratchet=21.8967 best=21.7188 since_improve=205
t=13145ms iter=298 WAIST cost=19.0000 best_alt=15.0000 gap=4.0000 tried=5 sep_labels=15 clique_frac=0.02
t=13163ms iter=298 REBUILD reject new_tc=22.1781 (was 21.7256)
t=13184ms iter=298 incumb=21.7256 ratchet=21.7567 best=21.7188 since_improve=206
t=13186ms iter=299 WAIST cost=19.0000 best_alt=15.0000 gap=4.0000 tried=5 sep_labels=15 clique_frac=0.02
t=13205ms iter=299 REBUILD reject new_tc=22.1618 (was 21.7256)
t=13225ms iter=299 incumb=21.7256 ratchet=21.7960 best=21.7188 since_improve=207
t=13227ms iter=300 WAIST cost=19.0000 best_alt=15.0000 gap=4.0000 tried=5 sep_labels=15 clique_frac=0.02
t=13246ms iter=300 REBUILD reject new_tc=21.8193 (was 21.7256)
t=13267ms iter=300 incumb=21.7256 ratchet=21.8559 best=21.7188 since_improve=208
t=13268ms iter=301 WAIST cost=19.0000 best_alt=15.0000 gap=4.0000 tried=5 sep_labels=15 clique_frac=0.02
t=13287ms iter=301 REBUILD reject new_tc=21.8688 (was 21.7256)
t=13308ms iter=301 incumb=21.7256 ratchet=21.7831 best=21.7188 since_improve=209
t=13310ms iter=302 WAIST cost=19.0000 best_alt=15.0000 gap=4.0000 tried=5 sep_labels=15 clique_frac=0.02
t=13329ms iter=302 REBUILD reject new_tc=21.8206 (was 21.7256)
t=13350ms iter=302 incumb=21.7256 ratchet=21.7550 best=21.7188 since_improve=210
t=13352ms iter=303 WAIST cost=19.0000 best_alt=15.0000 gap=4.0000 tried=5 sep_labels=15 clique_frac=0.02
t=13371ms iter=303 REBUILD reject new_tc=21.8343 (was 21.7256)
t=13392ms iter=303 incumb=21.7256 ratchet=21.7675 best=21.7188 since_improve=211
t=13393ms iter=304 WAIST cost=19.0000 best_alt=15.0000 gap=4.0000 tried=5 sep_labels=15 clique_frac=0.02
t=13412ms iter=304 REBUILD reject new_tc=22.4628 (was 21.7256)
t=13433ms iter=304 incumb=21.7256 ratchet=21.7586 best=21.7188 since_improve=212
t=13434ms iter=305 WAIST cost=19.0000 best_alt=15.0000 gap=4.0000 tried=5 sep_labels=15 clique_frac=0.02
t=13453ms iter=305 REBUILD reject new_tc=22.2866 (was 21.7256)
t=13473ms iter=305 incumb=21.7256 ratchet=21.7511 best=21.7188 since_improve=213
t=13475ms iter=306 WAIST cost=19.0000 best_alt=15.0000 gap=4.0000 tried=5 sep_labels=15 clique_frac=0.02
t=13494ms iter=306 REBUILD reject new_tc=21.7885 (was 21.7256)
t=13515ms iter=306 incumb=21.7256 ratchet=22.0237 best=21.7188 since_improve=214
t=13516ms iter=307 WAIST cost=19.0000 best_alt=15.0000 gap=4.0000 tried=5 sep_labels=15 clique_frac=0.02
t=13535ms iter=307 REBUILD reject new_tc=21.8205 (was 21.7256)
t=13557ms iter=307 incumb=21.7256 ratchet=21.7664 best=21.7188 since_improve=215
t=13558ms iter=308 WAIST cost=19.0000 best_alt=15.0000 gap=4.0000 tried=5 sep_labels=15 clique_frac=0.02
t=13577ms iter=308 REBUILD reject new_tc=22.5239 (was 21.7256)
t=13598ms iter=308 incumb=21.7256 ratchet=21.7395 best=21.7188 since_improve=216
t=13599ms iter=309 WAIST cost=19.0000 best_alt=15.0000 gap=4.0000 tried=5 sep_labels=15 clique_frac=0.02
t=13618ms iter=309 REBUILD reject new_tc=21.8708 (was 21.7256)
t=13639ms iter=309 incumb=21.7256 ratchet=21.7699 best=21.7188 since_improve=217
t=13641ms iter=310 WAIST cost=19.0000 best_alt=15.0000 gap=4.0000 tried=5 sep_labels=15 clique_frac=0.02
t=13660ms iter=310 REBUILD reject new_tc=22.1892 (was 21.7256)
t=13680ms iter=310 incumb=21.7256 ratchet=21.8105 best=21.7188 since_improve=218
t=13682ms iter=311 WAIST cost=19.0000 best_alt=15.0000 gap=4.0000 tried=5 sep_labels=15 clique_frac=0.02
t=13701ms iter=311 REBUILD reject new_tc=21.8206 (was 21.7256)
t=13722ms iter=311 incumb=21.7256 ratchet=21.8075 best=21.7188 since_improve=219
t=13723ms iter=312 WAIST cost=19.0000 best_alt=15.0000 gap=4.0000 tried=5 sep_labels=15 clique_frac=0.02
t=13742ms iter=312 REBUILD reject new_tc=22.1591 (was 21.7256)
t=13763ms iter=312 incumb=21.7256 ratchet=21.8045 best=21.7188 since_improve=220
t=13765ms iter=313 WAIST cost=19.0000 best_alt=15.0000 gap=4.0000 tried=5 sep_labels=15 clique_frac=0.02
t=13784ms iter=313 REBUILD reject new_tc=22.0031 (was 21.7256)
t=13805ms iter=313 incumb=21.7256 ratchet=21.8558 best=21.7188 since_improve=221
t=13807ms iter=314 WAIST cost=19.0000 best_alt=15.0000 gap=4.0000 tried=5 sep_labels=15 clique_frac=0.02
t=13826ms iter=314 REBUILD reject new_tc=21.8167 (was 21.7256)
t=13846ms iter=314 incumb=21.7256 ratchet=21.8777 best=21.7188 since_improve=222
t=13848ms iter=315 WAIST cost=19.0000 best_alt=15.0000 gap=4.0000 tried=5 sep_labels=15 clique_frac=0.02
t=13867ms iter=315 REBUILD reject new_tc=22.1865 (was 21.7256)
t=13888ms iter=315 incumb=21.7256 ratchet=21.9044 best=21.7188 since_improve=223
t=13889ms iter=316 WAIST cost=19.0000 best_alt=15.0000 gap=4.0000 tried=5 sep_labels=15 clique_frac=0.02
t=13908ms iter=316 REBUILD reject new_tc=22.0556 (was 21.7256)
t=13928ms iter=316 incumb=21.7256 ratchet=21.7406 best=21.7188 since_improve=224
t=13930ms iter=317 WAIST cost=19.0000 best_alt=15.0000 gap=4.0000 tried=5 sep_labels=15 clique_frac=0.02
t=13949ms iter=317 REBUILD reject new_tc=22.2383 (was 21.7256)
t=13970ms iter=317 incumb=21.7256 ratchet=21.7816 best=21.7188 since_improve=225
t=13972ms iter=318 WAIST cost=19.0000 best_alt=15.0000 gap=4.0000 tried=5 sep_labels=15 clique_frac=0.02
t=13991ms iter=318 REBUILD reject new_tc=21.9513 (was 21.7256)
t=14012ms iter=318 incumb=21.7256 ratchet=21.8195 best=21.7188 since_improve=226
t=14014ms iter=319 WAIST cost=19.0000 best_alt=15.0000 gap=4.0000 tried=5 sep_labels=15 clique_frac=0.02
t=14033ms iter=319 REBUILD reject new_tc=21.8268 (was 21.7256)
t=14053ms iter=319 incumb=21.7256 ratchet=21.9173 best=21.7188 since_improve=227
t=14055ms iter=320 WAIST cost=19.0000 best_alt=15.0000 gap=4.0000 tried=5 sep_labels=15 clique_frac=0.02
t=14074ms iter=320 REBUILD reject new_tc=21.8274 (was 21.7256)
t=14094ms iter=320 incumb=21.7256 ratchet=21.8707 best=21.7188 since_improve=228
t=14096ms iter=321 WAIST cost=19.0000 best_alt=15.0000 gap=4.0000 tried=5 sep_labels=15 clique_frac=0.02
t=14115ms iter=321 REBUILD reject new_tc=22.1815 (was 21.7256)
t=14135ms iter=321 incumb=21.7256 ratchet=21.8474 best=21.7188 since_improve=229
t=14137ms iter=322 WAIST cost=19.0000 best_alt=15.0000 gap=4.0000 tried=5 sep_labels=15 clique_frac=0.02
t=14156ms iter=322 REBUILD reject new_tc=21.7949 (was 21.7256)
t=14177ms iter=322 incumb=21.7256 ratchet=21.9742 best=21.7188 since_improve=230
t=14178ms iter=323 WAIST cost=19.0000 best_alt=15.0000 gap=4.0000 tried=5 sep_labels=15 clique_frac=0.02
t=14197ms iter=323 REBUILD reject new_tc=22.5580 (was 21.7256)
t=14218ms iter=323 incumb=21.7256 ratchet=21.7575 best=21.7188 since_improve=231
t=14220ms iter=324 WAIST cost=19.0000 best_alt=15.0000 gap=4.0000 tried=5 sep_labels=15 clique_frac=0.02
t=14239ms iter=324 REBUILD reject new_tc=21.8557 (was 21.7256)
t=14259ms iter=324 incumb=21.7256 ratchet=21.9058 best=21.7188 since_improve=232
t=14261ms iter=325 WAIST cost=19.0000 best_alt=15.0000 gap=4.0000 tried=5 sep_labels=15 clique_frac=0.02
t=14280ms iter=325 REBUILD reject new_tc=22.2553 (was 21.7256)
t=14301ms iter=325 incumb=21.7256 ratchet=21.7542 best=21.7188 since_improve=233
t=14302ms iter=326 WAIST cost=19.0000 best_alt=15.0000 gap=4.0000 tried=5 sep_labels=15 clique_frac=0.02
t=14321ms iter=326 REBUILD reject new_tc=22.2336 (was 21.7256)
t=14342ms iter=326 incumb=21.7256 ratchet=22.1308 best=21.7188 since_improve=234
t=14344ms iter=327 WAIST cost=19.0000 best_alt=15.0000 gap=4.0000 tried=5 sep_labels=15 clique_frac=0.02
t=14363ms iter=327 REBUILD reject new_tc=22.3735 (was 21.7256)
t=14383ms iter=327 incumb=21.7256 ratchet=21.9041 best=21.7188 since_improve=235
t=14384ms iter=328 WAIST cost=19.0000 best_alt=15.0000 gap=4.0000 tried=5 sep_labels=15 clique_frac=0.02
t=14404ms iter=328 REBUILD reject new_tc=21.9367 (was 21.7256)
t=14424ms iter=328 incumb=21.7256 ratchet=21.7532 best=21.7188 since_improve=236
t=14426ms iter=329 WAIST cost=19.0000 best_alt=15.0000 gap=4.0000 tried=5 sep_labels=15 clique_frac=0.02
t=14445ms iter=329 REBUILD reject new_tc=21.8210 (was 21.7256)
t=14465ms iter=329 incumb=21.7256 ratchet=21.8601 best=21.7188 since_improve=237
t=14467ms iter=330 WAIST cost=19.0000 best_alt=15.0000 gap=4.0000 tried=5 sep_labels=15 clique_frac=0.02
t=14486ms iter=330 REBUILD reject new_tc=22.2558 (was 21.7256)
t=14507ms iter=330 incumb=21.7256 ratchet=21.8687 best=21.7188 since_improve=238
t=14508ms iter=331 WAIST cost=19.0000 best_alt=15.0000 gap=4.0000 tried=5 sep_labels=15 clique_frac=0.02
t=14527ms iter=331 REBUILD reject new_tc=21.9988 (was 21.7256)
t=14548ms iter=331 incumb=21.7256 ratchet=22.0346 best=21.7188 since_improve=239
t=14549ms iter=332 WAIST cost=19.0000 best_alt=15.0000 gap=4.0000 tried=5 sep_labels=15 clique_frac=0.02
t=14569ms iter=332 REBUILD reject new_tc=21.7804 (was 21.7256)
t=14590ms iter=332 incumb=21.7256 ratchet=22.0147 best=21.7188 since_improve=240
t=14592ms iter=333 WAIST cost=19.0000 best_alt=15.0000 gap=4.0000 tried=5 sep_labels=15 clique_frac=0.02
t=14611ms iter=333 REBUILD reject new_tc=22.4028 (was 21.7256)
t=14632ms iter=333 incumb=21.7256 ratchet=21.8333 best=21.7188 since_improve=241
t=14633ms iter=334 WAIST cost=19.0000 best_alt=15.0000 gap=4.0000 tried=5 sep_labels=15 clique_frac=0.02
t=14653ms iter=334 REBUILD reject new_tc=21.9712 (was 21.7256)
t=14674ms iter=334 incumb=21.7256 ratchet=21.8442 best=21.7188 since_improve=242
t=14675ms iter=335 WAIST cost=19.0000 best_alt=15.0000 gap=4.0000 tried=5 sep_labels=15 clique_frac=0.02
t=14695ms iter=335 REBUILD reject new_tc=21.9531 (was 21.7256)
t=14716ms iter=335 incumb=21.7256 ratchet=21.7643 best=21.7188 since_improve=243
t=14718ms iter=336 WAIST cost=19.0000 best_alt=15.0000 gap=4.0000 tried=5 sep_labels=15 clique_frac=0.02
t=14737ms iter=336 REBUILD reject new_tc=22.0674 (was 21.7256)
t=14757ms iter=336 incumb=21.7256 ratchet=21.7927 best=21.7188 since_improve=244
t=14759ms iter=337 WAIST cost=19.0000 best_alt=15.0000 gap=4.0000 tried=5 sep_labels=15 clique_frac=0.02
t=14778ms iter=337 REBUILD reject new_tc=21.9055 (was 21.7256)
t=14799ms iter=337 incumb=21.7256 ratchet=21.7721 best=21.7188 since_improve=245
t=14800ms iter=338 WAIST cost=19.0000 best_alt=15.0000 gap=4.0000 tried=5 sep_labels=15 clique_frac=0.02
t=14820ms iter=338 REBUILD reject new_tc=21.9599 (was 21.7256)
t=14840ms iter=338 incumb=21.7256 ratchet=21.7387 best=21.7188 since_improve=246
t=14842ms iter=339 WAIST cost=19.0000 best_alt=15.0000 gap=4.0000 tried=5 sep_labels=15 clique_frac=0.02
t=14861ms iter=339 REBUILD reject new_tc=22.1287 (was 21.7256)
t=14882ms iter=339 incumb=21.7256 ratchet=21.8462 best=21.7188 since_improve=247
t=14883ms iter=340 WAIST cost=19.0000 best_alt=15.0000 gap=4.0000 tried=5 sep_labels=15 clique_frac=0.02
t=14902ms iter=340 REBUILD reject new_tc=21.8192 (was 21.7256)
t=14923ms iter=340 incumb=21.7256 ratchet=22.0993 best=21.7188 since_improve=248
t=14925ms iter=341 WAIST cost=19.0000 best_alt=15.0000 gap=4.0000 tried=5 sep_labels=15 clique_frac=0.02
t=14944ms iter=341 REBUILD reject new_tc=22.0513 (was 21.7256)
t=14965ms iter=341 incumb=21.7256 ratchet=22.0110 best=21.7188 since_improve=249
t=14966ms iter=342 WAIST cost=19.0000 best_alt=15.0000 gap=4.0000 tried=5 sep_labels=15 clique_frac=0.02
t=14986ms iter=342 REBUILD reject new_tc=21.8193 (was 21.7256)
t=15006ms iter=342 incumb=21.7256 ratchet=21.7691 best=21.7188 since_improve=250
t=15008ms iter=343 WAIST cost=19.0000 best_alt=15.0000 gap=4.0000 tried=5 sep_labels=15 clique_frac=0.02
t=15027ms iter=343 REBUILD reject new_tc=21.9481 (was 21.7256)
t=15048ms iter=343 incumb=21.7256 ratchet=21.7657 best=21.7188 since_improve=251
t=15050ms iter=344 WAIST cost=19.0000 best_alt=15.0000 gap=4.0000 tried=5 sep_labels=15 clique_frac=0.02
t=15069ms iter=344 REBUILD reject new_tc=21.8929 (was 21.7256)
t=15091ms iter=344 incumb=21.7256 ratchet=21.7682 best=21.7188 since_improve=252
t=15092ms iter=345 WAIST cost=19.0000 best_alt=15.0000 gap=4.0000 tried=5 sep_labels=15 clique_frac=0.02
t=15111ms iter=345 REBUILD reject new_tc=21.8935 (was 21.7256)
t=15132ms iter=345 incumb=21.7256 ratchet=21.8712 best=21.7188 since_improve=253
t=15134ms iter=346 WAIST cost=19.0000 best_alt=15.0000 gap=4.0000 tried=5 sep_labels=15 clique_frac=0.02
t=15153ms iter=346 REBUILD reject new_tc=22.1520 (was 21.7256)
t=15174ms iter=346 incumb=21.7256 ratchet=21.7557 best=21.7188 since_improve=254
t=15176ms iter=347 WAIST cost=19.0000 best_alt=15.0000 gap=4.0000 tried=5 sep_labels=15 clique_frac=0.02
t=15195ms iter=347 REBUILD reject new_tc=21.8168 (was 21.7256)
t=15215ms iter=347 incumb=21.7256 ratchet=21.8938 best=21.7188 since_improve=255
t=15217ms iter=348 WAIST cost=19.0000 best_alt=15.0000 gap=4.0000 tried=5 sep_labels=15 clique_frac=0.02
t=15236ms iter=348 REBUILD reject new_tc=21.8973 (was 21.7256)
t=15256ms iter=348 incumb=21.7256 ratchet=21.8800 best=21.7188 since_improve=256
t=15258ms iter=349 WAIST cost=19.0000 best_alt=15.0000 gap=4.0000 tried=5 sep_labels=15 clique_frac=0.02
t=15277ms iter=349 REBUILD reject new_tc=21.8674 (was 21.7256)
t=15298ms iter=349 incumb=21.7256 ratchet=22.0018 best=21.7188 since_improve=257
t=15300ms iter=350 WAIST cost=19.0000 best_alt=15.0000 gap=4.0000 tried=5 sep_labels=15 clique_frac=0.02
t=15319ms iter=350 REBUILD reject new_tc=21.8182 (was 21.7256)
t=15340ms iter=350 incumb=21.7256 ratchet=21.8106 best=21.7188 since_improve=258
t=15341ms iter=351 WAIST cost=19.0000 best_alt=15.0000 gap=4.0000 tried=5 sep_labels=15 clique_frac=0.02
t=15360ms iter=351 REBUILD reject new_tc=22.1822 (was 21.7256)
t=15381ms iter=351 incumb=21.7256 ratchet=21.8560 best=21.7188 since_improve=259
t=15383ms iter=352 WAIST cost=19.0000 best_alt=15.0000 gap=4.0000 tried=5 sep_labels=15 clique_frac=0.02
t=15402ms iter=352 REBUILD reject new_tc=21.8614 (was 21.7256)
t=15423ms iter=352 incumb=21.7256 ratchet=21.8973 best=21.7188 since_improve=260
t=15424ms iter=353 WAIST cost=19.0000 best_alt=15.0000 gap=4.0000 tried=5 sep_labels=15 clique_frac=0.02
t=15443ms iter=353 REBUILD reject new_tc=22.1780 (was 21.7256)
t=15463ms iter=353 incumb=21.7256 ratchet=21.7353 best=21.7188 since_improve=261
t=15465ms iter=354 WAIST cost=19.0000 best_alt=15.0000 gap=4.0000 tried=5 sep_labels=15 clique_frac=0.02
t=15484ms iter=354 REBUILD reject new_tc=22.1190 (was 21.7256)
t=15505ms iter=354 incumb=21.7256 ratchet=21.8465 best=21.7188 since_improve=262
t=15506ms iter=355 WAIST cost=19.0000 best_alt=15.0000 gap=4.0000 tried=5 sep_labels=15 clique_frac=0.02
t=15525ms iter=355 REBUILD reject new_tc=21.7795 (was 21.7256)
t=15547ms iter=355 incumb=21.7256 ratchet=21.7837 best=21.7188 since_improve=263
t=15548ms iter=356 WAIST cost=19.0000 best_alt=15.0000 gap=4.0000 tried=5 sep_labels=15 clique_frac=0.02
t=15567ms iter=356 REBUILD reject new_tc=22.2570 (was 21.7256)
t=15588ms iter=356 incumb=21.7256 ratchet=21.7524 best=21.7188 since_improve=264
t=15590ms iter=357 WAIST cost=19.0000 best_alt=15.0000 gap=4.0000 tried=5 sep_labels=15 clique_frac=0.02
t=15609ms iter=357 REBUILD reject new_tc=21.8697 (was 21.7256)
t=15630ms iter=357 incumb=21.7256 ratchet=21.7557 best=21.7188 since_improve=265
t=15632ms iter=358 WAIST cost=19.0000 best_alt=15.0000 gap=4.0000 tried=5 sep_labels=15 clique_frac=0.02
t=15651ms iter=358 REBUILD reject new_tc=21.8768 (was 21.7256)
t=15672ms iter=358 incumb=21.7256 ratchet=21.9292 best=21.7188 since_improve=266
t=15673ms iter=359 WAIST cost=19.0000 best_alt=15.0000 gap=4.0000 tried=5 sep_labels=15 clique_frac=0.02
t=15692ms iter=359 REBUILD reject new_tc=22.1802 (was 21.7256)
t=15713ms iter=359 incumb=21.7256 ratchet=21.8187 best=21.7188 since_improve=267
t=15715ms iter=360 WAIST cost=19.0000 best_alt=15.0000 gap=4.0000 tried=5 sep_labels=15 clique_frac=0.02
t=15734ms iter=360 REBUILD reject new_tc=21.8171 (was 21.7256)
t=15755ms iter=360 incumb=21.7256 ratchet=21.7709 best=21.7188 since_improve=268
t=15756ms iter=361 WAIST cost=19.0000 best_alt=15.0000 gap=4.0000 tried=5 sep_labels=15 clique_frac=0.02
t=15775ms iter=361 REBUILD reject new_tc=21.9017 (was 21.7256)
t=15796ms iter=361 incumb=21.7256 ratchet=21.8466 best=21.7188 since_improve=269
t=15797ms iter=362 WAIST cost=19.0000 best_alt=15.0000 gap=4.0000 tried=5 sep_labels=15 clique_frac=0.02
t=15816ms iter=362 REBUILD reject new_tc=21.8356 (was 21.7256)
t=15837ms iter=362 incumb=21.7256 ratchet=21.9001 best=21.7188 since_improve=270
t=15839ms iter=363 WAIST cost=19.0000 best_alt=15.0000 gap=4.0000 tried=5 sep_labels=15 clique_frac=0.02
t=15858ms iter=363 REBUILD reject new_tc=21.8705 (was 21.7256)
t=15879ms iter=363 incumb=21.7256 ratchet=21.7547 best=21.7188 since_improve=271
t=15881ms iter=364 WAIST cost=19.0000 best_alt=15.0000 gap=4.0000 tried=5 sep_labels=15 clique_frac=0.02
t=15900ms iter=364 REBUILD reject new_tc=22.3759 (was 21.7256)
t=15921ms iter=364 incumb=21.7256 ratchet=21.8578 best=21.7188 since_improve=272
t=15923ms iter=365 WAIST cost=19.0000 best_alt=15.0000 gap=4.0000 tried=5 sep_labels=15 clique_frac=0.02
t=15942ms iter=365 REBUILD reject new_tc=22.0299 (was 21.7256)
t=15963ms iter=365 incumb=21.7256 ratchet=21.9175 best=21.7188 since_improve=273
t=15964ms iter=366 WAIST cost=19.0000 best_alt=15.0000 gap=4.0000 tried=5 sep_labels=15 clique_frac=0.02
t=15983ms iter=366 REBUILD reject new_tc=22.1801 (was 21.7256)
t=16005ms iter=366 incumb=21.7256 ratchet=21.7934 best=21.7188 since_improve=274
t=16006ms iter=367 WAIST cost=19.0000 best_alt=15.0000 gap=4.0000 tried=5 sep_labels=15 clique_frac=0.02
t=16026ms iter=367 REBUILD reject new_tc=21.8701 (was 21.7256)
t=16047ms iter=367 incumb=21.7256 ratchet=22.0000 best=21.7188 since_improve=275
t=16048ms iter=368 WAIST cost=19.0000 best_alt=15.0000 gap=4.0000 tried=5 sep_labels=15 clique_frac=0.02
t=16067ms iter=368 REBUILD reject new_tc=21.8827 (was 21.7256)
t=16088ms iter=368 incumb=21.7256 ratchet=21.7520 best=21.7188 since_improve=276
t=16090ms iter=369 WAIST cost=19.0000 best_alt=15.0000 gap=4.0000 tried=5 sep_labels=15 clique_frac=0.02
t=16109ms iter=369 REBUILD reject new_tc=22.1156 (was 21.7256)
t=16130ms iter=369 incumb=21.7256 ratchet=21.8579 best=21.7188 since_improve=277
t=16131ms iter=370 WAIST cost=19.0000 best_alt=15.0000 gap=4.0000 tried=5 sep_labels=15 clique_frac=0.02
t=16151ms iter=370 REBUILD reject new_tc=21.8319 (was 21.7256)
t=16171ms iter=370 incumb=21.7256 ratchet=21.7649 best=21.7188 since_improve=278
t=16173ms iter=371 WAIST cost=19.0000 best_alt=15.0000 gap=4.0000 tried=5 sep_labels=15 clique_frac=0.02
t=16192ms iter=371 REBUILD reject new_tc=22.2480 (was 21.7256)
t=16212ms iter=371 incumb=21.7256 ratchet=21.8314 best=21.7188 since_improve=279
t=16214ms iter=372 WAIST cost=19.0000 best_alt=15.0000 gap=4.0000 tried=5 sep_labels=15 clique_frac=0.02
t=16233ms iter=372 REBUILD reject new_tc=21.8169 (was 21.7256)
t=16254ms iter=372 incumb=21.7256 ratchet=21.8061 best=21.7188 since_improve=280
t=16255ms iter=373 WAIST cost=19.0000 best_alt=15.0000 gap=4.0000 tried=5 sep_labels=15 clique_frac=0.02
t=16275ms iter=373 REBUILD reject new_tc=21.7893 (was 21.7256)
t=16296ms iter=373 incumb=21.7256 ratchet=21.7393 best=21.7188 since_improve=281
t=16297ms iter=374 WAIST cost=19.0000 best_alt=15.0000 gap=4.0000 tried=5 sep_labels=15 clique_frac=0.02
t=16317ms iter=374 REBUILD reject new_tc=21.8308 (was 21.7256)
t=16337ms iter=374 incumb=21.7256 ratchet=21.8940 best=21.7188 since_improve=282
t=16339ms iter=375 WAIST cost=19.0000 best_alt=15.0000 gap=4.0000 tried=5 sep_labels=15 clique_frac=0.02
t=16358ms iter=375 REBUILD reject new_tc=21.8779 (was 21.7256)
t=16378ms iter=375 incumb=21.7256 ratchet=21.8056 best=21.7188 since_improve=283
t=16380ms iter=376 WAIST cost=19.0000 best_alt=15.0000 gap=4.0000 tried=5 sep_labels=15 clique_frac=0.02
t=16399ms iter=376 REBUILD reject new_tc=21.7793 (was 21.7256)
t=16420ms iter=376 incumb=21.7256 ratchet=21.8590 best=21.7188 since_improve=284
t=16421ms iter=377 WAIST cost=19.0000 best_alt=15.0000 gap=4.0000 tried=5 sep_labels=15 clique_frac=0.02
t=16440ms iter=377 REBUILD reject new_tc=21.8924 (was 21.7256)
t=16461ms iter=377 incumb=21.7256 ratchet=21.7469 best=21.7188 since_improve=285
t=16463ms iter=378 WAIST cost=19.0000 best_alt=15.0000 gap=4.0000 tried=5 sep_labels=15 clique_frac=0.02
t=16482ms iter=378 REBUILD reject new_tc=21.9151 (was 21.7256)
t=16503ms iter=378 incumb=21.7256 ratchet=21.7937 best=21.7188 since_improve=286
t=16504ms iter=379 WAIST cost=19.0000 best_alt=15.0000 gap=4.0000 tried=5 sep_labels=15 clique_frac=0.02
t=16523ms iter=379 REBUILD reject new_tc=21.8209 (was 21.7256)
t=16544ms iter=379 incumb=21.7256 ratchet=21.8861 best=21.7188 since_improve=287
t=16545ms iter=380 WAIST cost=19.0000 best_alt=15.0000 gap=4.0000 tried=5 sep_labels=15 clique_frac=0.02
t=16564ms iter=380 REBUILD reject new_tc=21.9959 (was 21.7256)
t=16585ms iter=380 incumb=21.7256 ratchet=21.9041 best=21.7188 since_improve=288
t=16587ms iter=381 WAIST cost=19.0000 best_alt=15.0000 gap=4.0000 tried=5 sep_labels=15 clique_frac=0.02
t=16606ms iter=381 REBUILD reject new_tc=22.4916 (was 21.7256)
t=16626ms iter=381 incumb=21.7256 ratchet=21.7420 best=21.7188 since_improve=289
t=16627ms iter=382 WAIST cost=19.0000 best_alt=15.0000 gap=4.0000 tried=5 sep_labels=15 clique_frac=0.02
t=16646ms iter=382 REBUILD reject new_tc=21.8567 (was 21.7256)
t=16667ms iter=382 incumb=21.7256 ratchet=21.7542 best=21.7188 since_improve=290
t=16668ms iter=383 WAIST cost=19.0000 best_alt=15.0000 gap=4.0000 tried=5 sep_labels=15 clique_frac=0.02
t=16687ms iter=383 REBUILD reject new_tc=22.4212 (was 21.7256)
t=16708ms iter=383 incumb=21.7256 ratchet=21.7408 best=21.7188 since_improve=291
t=16710ms iter=384 WAIST cost=19.0000 best_alt=15.0000 gap=4.0000 tried=5 sep_labels=15 clique_frac=0.02
t=16729ms iter=384 REBUILD reject new_tc=21.9158 (was 21.7256)
t=16750ms iter=384 incumb=21.7256 ratchet=22.1651 best=21.7188 since_improve=292
t=16751ms iter=385 WAIST cost=19.0000 best_alt=15.0000 gap=4.0000 tried=5 sep_labels=15 clique_frac=0.02
t=16771ms iter=385 REBUILD reject new_tc=21.9049 (was 21.7256)
t=16791ms iter=385 incumb=21.7256 ratchet=21.7616 best=21.7188 since_improve=293
t=16793ms iter=386 WAIST cost=19.0000 best_alt=15.0000 gap=4.0000 tried=5 sep_labels=15 clique_frac=0.02
t=16812ms iter=386 REBUILD reject new_tc=22.4727 (was 21.7256)
t=16832ms iter=386 incumb=21.7256 ratchet=21.8435 best=21.7188 since_improve=294
t=16834ms iter=387 WAIST cost=19.0000 best_alt=15.0000 gap=4.0000 tried=5 sep_labels=15 clique_frac=0.02
t=16853ms iter=387 REBUILD reject new_tc=22.0902 (was 21.7256)
t=16873ms iter=387 incumb=21.7256 ratchet=21.7882 best=21.7188 since_improve=295
t=16875ms iter=388 WAIST cost=19.0000 best_alt=15.0000 gap=4.0000 tried=5 sep_labels=15 clique_frac=0.02
t=16894ms iter=388 REBUILD reject new_tc=21.8204 (was 21.7256)
t=16915ms iter=388 incumb=21.7256 ratchet=21.9391 best=21.7188 since_improve=296
t=16917ms iter=389 WAIST cost=19.0000 best_alt=15.0000 gap=4.0000 tried=5 sep_labels=15 clique_frac=0.02
t=16936ms iter=389 REBUILD reject new_tc=21.9968 (was 21.7256)
t=16957ms iter=389 incumb=21.7256 ratchet=21.8686 best=21.7188 since_improve=297
t=16958ms iter=390 WAIST cost=19.0000 best_alt=15.0000 gap=4.0000 tried=5 sep_labels=15 clique_frac=0.02
t=16977ms iter=390 REBUILD reject new_tc=22.1146 (was 21.7256)
t=16998ms iter=390 incumb=21.7256 ratchet=21.7947 best=21.7188 since_improve=298
t=16999ms iter=391 WAIST cost=19.0000 best_alt=15.0000 gap=4.0000 tried=5 sep_labels=15 clique_frac=0.02
t=17019ms iter=391 REBUILD reject new_tc=21.8331 (was 21.7256)
t=17039ms iter=391 incumb=21.7256 ratchet=21.7832 best=21.7188 since_improve=299
t=17041ms iter=392 WAIST cost=19.0000 best_alt=15.0000 gap=4.0000 tried=5 sep_labels=15 clique_frac=0.02
t=17060ms iter=392 REBUILD reject new_tc=21.8301 (was 21.7256)
t=17081ms iter=392 incumb=21.7256 ratchet=21.9360 best=21.7188 since_improve=300
t=17082ms iter=393 WAIST cost=19.0000 best_alt=15.0000 gap=4.0000 tried=5 sep_labels=15 clique_frac=0.02
t=17102ms iter=393 REBUILD reject new_tc=21.7800 (was 21.7256)
t=17122ms iter=393 incumb=21.7256 ratchet=21.7539 best=21.7188 since_improve=301
t=17124ms iter=394 WAIST cost=19.0000 best_alt=15.0000 gap=4.0000 tried=5 sep_labels=15 clique_frac=0.02
t=17143ms iter=394 REBUILD reject new_tc=21.8188 (was 21.7256)
t=17164ms iter=394 incumb=21.7256 ratchet=21.7446 best=21.7188 since_improve=302
t=17165ms iter=395 WAIST cost=19.0000 best_alt=15.0000 gap=4.0000 tried=5 sep_labels=15 clique_frac=0.02
t=17184ms iter=395 REBUILD reject new_tc=21.9315 (was 21.7256)
t=17205ms iter=395 incumb=21.7256 ratchet=21.7551 best=21.7188 since_improve=303
t=17206ms iter=396 WAIST cost=19.0000 best_alt=15.0000 gap=4.0000 tried=5 sep_labels=15 clique_frac=0.02
t=17226ms iter=396 REBUILD reject new_tc=21.8764 (was 21.7256)
t=17246ms iter=396 incumb=21.7256 ratchet=21.9080 best=21.7188 since_improve=304
t=17248ms iter=397 WAIST cost=19.0000 best_alt=15.0000 gap=4.0000 tried=5 sep_labels=15 clique_frac=0.02
t=17267ms iter=397 REBUILD reject new_tc=22.0917 (was 21.7256)
t=17287ms iter=397 incumb=21.7256 ratchet=21.8081 best=21.7188 since_improve=305
t=17289ms iter=398 WAIST cost=19.0000 best_alt=15.0000 gap=4.0000 tried=5 sep_labels=15 clique_frac=0.02
t=17308ms iter=398 REBUILD reject new_tc=22.1008 (was 21.7256)
t=17329ms iter=398 incumb=21.7256 ratchet=21.9331 best=21.7188 since_improve=306
t=17331ms iter=399 WAIST cost=19.0000 best_alt=15.0000 gap=4.0000 tried=5 sep_labels=15 clique_frac=0.02
t=17350ms iter=399 REBUILD reject new_tc=22.0054 (was 21.7256)
t=17370ms iter=399 incumb=21.7256 ratchet=21.8466 best=21.7188 since_improve=307
t=17372ms iter=400 WAIST cost=19.0000 best_alt=15.0000 gap=4.0000 tried=5 sep_labels=15 clique_frac=0.02
t=17391ms iter=400 REBUILD reject new_tc=22.1780 (was 21.7256)
t=17412ms iter=400 incumb=21.7256 ratchet=21.9410 best=21.7188 since_improve=308
t=17413ms iter=401 WAIST cost=19.0000 best_alt=15.0000 gap=4.0000 tried=5 sep_labels=15 clique_frac=0.02
t=17432ms iter=401 REBUILD reject new_tc=22.0189 (was 21.7256)
t=17453ms iter=401 incumb=21.7256 ratchet=21.8436 best=21.7188 since_improve=309
t=17454ms iter=402 WAIST cost=19.0000 best_alt=15.0000 gap=4.0000 tried=5 sep_labels=15 clique_frac=0.02
t=17473ms iter=402 REBUILD reject new_tc=21.9414 (was 21.7256)
t=17494ms iter=402 incumb=21.7256 ratchet=21.7684 best=21.7188 since_improve=310
t=17495ms iter=403 WAIST cost=19.0000 best_alt=15.0000 gap=4.0000 tried=5 sep_labels=15 clique_frac=0.02
t=17514ms iter=403 REBUILD reject new_tc=22.2101 (was 21.7256)
t=17535ms iter=403 incumb=21.7256 ratchet=21.7968 best=21.7188 since_improve=311
t=17537ms iter=404 WAIST cost=19.0000 best_alt=15.0000 gap=4.0000 tried=5 sep_labels=15 clique_frac=0.02
t=17556ms iter=404 REBUILD reject new_tc=21.7805 (was 21.7256)
t=17577ms iter=404 incumb=21.7256 ratchet=21.7909 best=21.7188 since_improve=312
t=17579ms iter=405 WAIST cost=19.0000 best_alt=15.0000 gap=4.0000 tried=5 sep_labels=15 clique_frac=0.02
t=17598ms iter=405 REBUILD reject new_tc=21.9039 (was 21.7256)
t=17618ms iter=405 incumb=21.7256 ratchet=21.7558 best=21.7188 since_improve=313
t=17620ms iter=406 WAIST cost=19.0000 best_alt=15.0000 gap=4.0000 tried=5 sep_labels=15 clique_frac=0.02
t=17639ms iter=406 REBUILD reject new_tc=22.2915 (was 21.7256)
t=17659ms iter=406 incumb=21.7256 ratchet=21.7580 best=21.7188 since_improve=314
t=17661ms iter=407 WAIST cost=19.0000 best_alt=15.0000 gap=4.0000 tried=5 sep_labels=15 clique_frac=0.02
t=17680ms iter=407 REBUILD reject new_tc=22.1183 (was 21.7256)
t=17701ms iter=407 incumb=21.7256 ratchet=21.7408 best=21.7188 since_improve=315
t=17702ms iter=408 WAIST cost=19.0000 best_alt=15.0000 gap=4.0000 tried=5 sep_labels=15 clique_frac=0.02
t=17722ms iter=408 REBUILD reject new_tc=21.8195 (was 21.7256)
t=17742ms iter=408 incumb=21.7256 ratchet=21.8956 best=21.7188 since_improve=316
t=17744ms iter=409 WAIST cost=19.0000 best_alt=15.0000 gap=4.0000 tried=5 sep_labels=15 clique_frac=0.02
t=17763ms iter=409 REBUILD reject new_tc=21.7794 (was 21.7256)
t=17784ms iter=409 incumb=21.7256 ratchet=21.7701 best=21.7188 since_improve=317
t=17786ms iter=410 WAIST cost=19.0000 best_alt=15.0000 gap=4.0000 tried=5 sep_labels=15 clique_frac=0.02
t=17804ms iter=410 REBUILD reject new_tc=21.8654 (was 21.7256)
t=17825ms iter=410 incumb=21.7256 ratchet=21.7676 best=21.7188 since_improve=318
t=17827ms iter=411 WAIST cost=19.0000 best_alt=15.0000 gap=4.0000 tried=5 sep_labels=15 clique_frac=0.02
t=17846ms iter=411 REBUILD reject new_tc=22.4022 (was 21.7256)
t=17867ms iter=411 incumb=21.7256 ratchet=21.8168 best=21.7188 since_improve=319
t=17868ms iter=412 WAIST cost=19.0000 best_alt=15.0000 gap=4.0000 tried=5 sep_labels=15 clique_frac=0.02
t=17888ms iter=412 REBUILD reject new_tc=21.7806 (was 21.7256)
t=17909ms iter=412 incumb=21.7256 ratchet=21.8114 best=21.7188 since_improve=320
t=17910ms iter=413 WAIST cost=19.0000 best_alt=15.0000 gap=4.0000 tried=5 sep_labels=15 clique_frac=0.02
t=17929ms iter=413 REBUILD reject new_tc=22.0969 (was 21.7256)
t=17950ms iter=413 incumb=21.7256 ratchet=21.8705 best=21.7188 since_improve=321
t=17951ms iter=414 WAIST cost=19.0000 best_alt=15.0000 gap=4.0000 tried=5 sep_labels=15 clique_frac=0.02
t=17970ms iter=414 REBUILD reject new_tc=21.8665 (was 21.7256)
t=17991ms iter=414 incumb=21.7256 ratchet=21.7764 best=21.7188 since_improve=322
t=17993ms iter=415 WAIST cost=19.0000 best_alt=15.0000 gap=4.0000 tried=5 sep_labels=15 clique_frac=0.02
t=18012ms iter=415 REBUILD reject new_tc=21.8736 (was 21.7256)
t=18033ms iter=415 incumb=21.7256 ratchet=21.8038 best=21.7188 since_improve=323
t=18034ms iter=416 WAIST cost=19.0000 best_alt=15.0000 gap=4.0000 tried=5 sep_labels=15 clique_frac=0.02
t=18054ms iter=416 REBUILD reject new_tc=21.8187 (was 21.7256)
t=18074ms iter=416 incumb=21.7256 ratchet=21.7526 best=21.7188 since_improve=324
t=18076ms iter=417 WAIST cost=19.0000 best_alt=15.0000 gap=4.0000 tried=5 sep_labels=15 clique_frac=0.02
t=18095ms iter=417 REBUILD reject new_tc=22.0913 (was 21.7256)
t=18116ms iter=417 incumb=21.7256 ratchet=21.7600 best=21.7188 since_improve=325
t=18118ms iter=418 WAIST cost=19.0000 best_alt=15.0000 gap=4.0000 tried=5 sep_labels=15 clique_frac=0.02
t=18137ms iter=418 REBUILD reject new_tc=21.8811 (was 21.7256)
t=18158ms iter=418 incumb=21.7256 ratchet=21.7385 best=21.7188 since_improve=326
t=18159ms iter=419 WAIST cost=19.0000 best_alt=15.0000 gap=4.0000 tried=5 sep_labels=15 clique_frac=0.02
t=18178ms iter=419 REBUILD reject new_tc=21.9595 (was 21.7256)
t=18199ms iter=419 incumb=21.7256 ratchet=22.0088 best=21.7188 since_improve=327
t=18201ms iter=420 WAIST cost=19.0000 best_alt=15.0000 gap=4.0000 tried=5 sep_labels=15 clique_frac=0.02
t=18221ms iter=420 REBUILD reject new_tc=22.1169 (was 21.7256)
t=18242ms iter=420 incumb=21.7256 ratchet=21.9569 best=21.7188 since_improve=328
t=18243ms iter=421 WAIST cost=19.0000 best_alt=15.0000 gap=4.0000 tried=5 sep_labels=15 clique_frac=0.02
t=18262ms iter=421 REBUILD reject new_tc=21.8195 (was 21.7256)
t=18283ms iter=421 incumb=21.7256 ratchet=21.7389 best=21.7188 since_improve=329
t=18285ms iter=422 WAIST cost=19.0000 best_alt=15.0000 gap=4.0000 tried=5 sep_labels=15 clique_frac=0.02
t=18304ms iter=422 REBUILD reject new_tc=21.8900 (was 21.7256)
t=18324ms iter=422 incumb=21.7256 ratchet=21.8311 best=21.7188 since_improve=330
t=18326ms iter=423 WAIST cost=19.0000 best_alt=15.0000 gap=4.0000 tried=5 sep_labels=15 clique_frac=0.02
t=18345ms iter=423 REBUILD reject new_tc=22.1802 (was 21.7256)
t=18366ms iter=423 incumb=21.7256 ratchet=21.8741 best=21.7188 since_improve=331
t=18367ms iter=424 WAIST cost=19.0000 best_alt=15.0000 gap=4.0000 tried=5 sep_labels=15 clique_frac=0.02
t=18386ms iter=424 REBUILD reject new_tc=21.8180 (was 21.7256)
t=18408ms iter=424 incumb=21.7256 ratchet=21.9190 best=21.7188 since_improve=332
t=18409ms iter=425 WAIST cost=19.0000 best_alt=15.0000 gap=4.0000 tried=5 sep_labels=15 clique_frac=0.02
t=18429ms iter=425 REBUILD reject new_tc=21.8919 (was 21.7256)
t=18450ms iter=425 incumb=21.7256 ratchet=21.8085 best=21.7188 since_improve=333
t=18451ms iter=426 WAIST cost=19.0000 best_alt=15.0000 gap=4.0000 tried=5 sep_labels=15 clique_frac=0.02
t=18470ms iter=426 REBUILD reject new_tc=22.3064 (was 21.7256)
t=18491ms iter=426 incumb=21.7256 ratchet=21.7641 best=21.7188 since_improve=334
t=18492ms iter=427 WAIST cost=19.0000 best_alt=15.0000 gap=4.0000 tried=5 sep_labels=15 clique_frac=0.02
t=18512ms iter=427 REBUILD reject new_tc=22.1246 (was 21.7256)
t=18532ms iter=427 incumb=21.7256 ratchet=21.8619 best=21.7188 since_improve=335
t=18534ms iter=428 WAIST cost=19.0000 best_alt=15.0000 gap=4.0000 tried=5 sep_labels=15 clique_frac=0.02
t=18553ms iter=428 REBUILD reject new_tc=21.8195 (was 21.7256)
t=18574ms iter=428 incumb=21.7256 ratchet=22.1885 best=21.7188 since_improve=336
t=18576ms iter=429 WAIST cost=19.0000 best_alt=15.0000 gap=4.0000 tried=5 sep_labels=15 clique_frac=0.02
t=18594ms iter=429 REBUILD reject new_tc=22.0822 (was 21.7256)
t=18615ms iter=429 incumb=21.7256 ratchet=21.7496 best=21.7188 since_improve=337
t=18617ms iter=430 WAIST cost=19.0000 best_alt=15.0000 gap=4.0000 tried=5 sep_labels=15 clique_frac=0.02
t=18636ms iter=430 REBUILD reject new_tc=21.9821 (was 21.7256)
t=18656ms iter=430 incumb=21.7256 ratchet=21.7582 best=21.7188 since_improve=338
t=18658ms iter=431 WAIST cost=19.0000 best_alt=15.0000 gap=4.0000 tried=5 sep_labels=15 clique_frac=0.02
t=18677ms iter=431 REBUILD reject new_tc=21.8797 (was 21.7256)
t=18698ms iter=431 incumb=21.7256 ratchet=21.7458 best=21.7188 since_improve=339
t=18699ms iter=432 WAIST cost=19.0000 best_alt=15.0000 gap=4.0000 tried=5 sep_labels=15 clique_frac=0.02
t=18718ms iter=432 REBUILD reject new_tc=22.1782 (was 21.7256)
t=18739ms iter=432 incumb=21.7256 ratchet=21.7410 best=21.7188 since_improve=340
t=18740ms iter=433 WAIST cost=19.0000 best_alt=15.0000 gap=4.0000 tried=5 sep_labels=15 clique_frac=0.02
t=18759ms iter=433 REBUILD reject new_tc=22.3105 (was 21.7256)
t=18780ms iter=433 incumb=21.7256 ratchet=21.7536 best=21.7188 since_improve=341
t=18782ms iter=434 WAIST cost=19.0000 best_alt=15.0000 gap=4.0000 tried=5 sep_labels=15 clique_frac=0.02
t=18800ms iter=434 REBUILD reject new_tc=21.9762 (was 21.7256)
t=18821ms iter=434 incumb=21.7256 ratchet=21.7936 best=21.7188 since_improve=342
t=18823ms iter=435 WAIST cost=19.0000 best_alt=15.0000 gap=4.0000 tried=5 sep_labels=15 clique_frac=0.02
t=18842ms iter=435 REBUILD reject new_tc=21.9533 (was 21.7256)
t=18863ms iter=435 incumb=21.7256 ratchet=21.7451 best=21.7188 since_improve=343
t=18864ms iter=436 WAIST cost=19.0000 best_alt=15.0000 gap=4.0000 tried=5 sep_labels=15 clique_frac=0.02
t=18883ms iter=436 REBUILD reject new_tc=22.4228 (was 21.7256)
t=18904ms iter=436 incumb=21.7256 ratchet=21.8583 best=21.7188 since_improve=344
t=18906ms iter=437 WAIST cost=19.0000 best_alt=15.0000 gap=4.0000 tried=5 sep_labels=15 clique_frac=0.02
t=18925ms iter=437 REBUILD reject new_tc=22.0274 (was 21.7256)
t=18946ms iter=437 incumb=21.7256 ratchet=21.7690 best=21.7188 since_improve=345
t=18948ms iter=438 WAIST cost=19.0000 best_alt=15.0000 gap=4.0000 tried=5 sep_labels=15 clique_frac=0.02
t=18967ms iter=438 REBUILD reject new_tc=22.2286 (was 21.7256)
t=18987ms iter=438 incumb=21.7256 ratchet=21.8387 best=21.7188 since_improve=346
t=18989ms iter=439 WAIST cost=19.0000 best_alt=15.0000 gap=4.0000 tried=5 sep_labels=15 clique_frac=0.02
t=19008ms iter=439 REBUILD reject new_tc=21.9644 (was 21.7256)
t=19029ms iter=439 incumb=21.7256 ratchet=21.7598 best=21.7188 since_improve=347
t=19031ms iter=440 WAIST cost=19.0000 best_alt=15.0000 gap=4.0000 tried=5 sep_labels=15 clique_frac=0.02
t=19050ms iter=440 REBUILD reject new_tc=21.8689 (was 21.7256)
t=19071ms iter=440 incumb=21.7256 ratchet=21.8958 best=21.7188 since_improve=348
t=19073ms iter=441 WAIST cost=19.0000 best_alt=15.0000 gap=4.0000 tried=5 sep_labels=15 clique_frac=0.02
t=19092ms iter=441 REBUILD reject new_tc=22.2080 (was 21.7256)
t=19113ms iter=441 incumb=21.7256 ratchet=21.8492 best=21.7188 since_improve=349
t=19114ms iter=442 WAIST cost=19.0000 best_alt=15.0000 gap=4.0000 tried=5 sep_labels=15 clique_frac=0.02
t=19133ms iter=442 REBUILD reject new_tc=22.0395 (was 21.7256)
t=19154ms iter=442 incumb=21.7256 ratchet=21.7924 best=21.7188 since_improve=350
t=19156ms iter=443 WAIST cost=19.0000 best_alt=15.0000 gap=4.0000 tried=5 sep_labels=15 clique_frac=0.02
t=19175ms iter=443 REBUILD reject new_tc=21.8681 (was 21.7256)
t=19196ms iter=443 incumb=21.7256 ratchet=21.7414 best=21.7188 since_improve=351
t=19198ms iter=444 WAIST cost=19.0000 best_alt=15.0000 gap=4.0000 tried=5 sep_labels=15 clique_frac=0.02
t=19217ms iter=444 REBUILD reject new_tc=21.8425 (was 21.7256)
t=19237ms iter=444 incumb=21.7256 ratchet=21.7687 best=21.7188 since_improve=352
t=19239ms iter=445 WAIST cost=19.0000 best_alt=15.0000 gap=4.0000 tried=5 sep_labels=15 clique_frac=0.02
t=19258ms iter=445 REBUILD reject new_tc=21.9982 (was 21.7256)
t=19279ms iter=445 incumb=21.7256 ratchet=21.9636 best=21.7188 since_improve=353
t=19280ms iter=446 WAIST cost=19.0000 best_alt=15.0000 gap=4.0000 tried=5 sep_labels=15 clique_frac=0.02
t=19299ms iter=446 REBUILD reject new_tc=21.8195 (was 21.7256)
t=19320ms iter=446 incumb=21.7256 ratchet=21.8759 best=21.7188 since_improve=354
t=19322ms iter=447 WAIST cost=19.0000 best_alt=15.0000 gap=4.0000 tried=5 sep_labels=15 clique_frac=0.02
t=19341ms iter=447 REBUILD reject new_tc=21.8406 (was 21.7256)
t=19361ms iter=447 incumb=21.7256 ratchet=21.8427 best=21.7188 since_improve=355
t=19363ms iter=448 WAIST cost=19.0000 best_alt=15.0000 gap=4.0000 tried=5 sep_labels=15 clique_frac=0.02
t=19382ms iter=448 REBUILD reject new_tc=22.2055 (was 21.7256)
t=19403ms iter=448 incumb=21.7256 ratchet=21.7415 best=21.7188 since_improve=356
t=19404ms iter=449 WAIST cost=19.0000 best_alt=15.0000 gap=4.0000 tried=5 sep_labels=15 clique_frac=0.02
t=19424ms iter=449 REBUILD reject new_tc=21.8224 (was 21.7256)
t=19444ms iter=449 incumb=21.7256 ratchet=21.8954 best=21.7188 since_improve=357
t=19446ms iter=450 WAIST cost=19.0000 best_alt=15.0000 gap=4.0000 tried=5 sep_labels=15 clique_frac=0.02
t=19465ms iter=450 REBUILD reject new_tc=21.8678 (was 21.7256)
t=19486ms iter=450 incumb=21.7256 ratchet=21.8877 best=21.7188 since_improve=358
t=19487ms iter=451 WAIST cost=19.0000 best_alt=15.0000 gap=4.0000 tried=5 sep_labels=15 clique_frac=0.02
t=19506ms iter=451 REBUILD reject new_tc=22.0861 (was 21.7256)
t=19527ms iter=451 incumb=21.7256 ratchet=21.7542 best=21.7188 since_improve=359
t=19529ms iter=452 WAIST cost=19.0000 best_alt=15.0000 gap=4.0000 tried=5 sep_labels=15 clique_frac=0.02
t=19548ms iter=452 REBUILD reject new_tc=21.9145 (was 21.7256)
t=19569ms iter=452 incumb=21.7256 ratchet=21.7531 best=21.7188 since_improve=360
t=19570ms iter=453 WAIST cost=19.0000 best_alt=15.0000 gap=4.0000 tried=5 sep_labels=15 clique_frac=0.02
t=19590ms iter=453 REBUILD reject new_tc=22.2703 (was 21.7256)
t=19611ms iter=453 incumb=21.7256 ratchet=21.9036 best=21.7188 since_improve=361
t=19613ms iter=454 WAIST cost=19.0000 best_alt=15.0000 gap=4.0000 tried=5 sep_labels=15 clique_frac=0.02
t=19632ms iter=454 REBUILD reject new_tc=21.8208 (was 21.7256)
t=19653ms iter=454 incumb=21.7256 ratchet=21.7427 best=21.7188 since_improve=362
t=19654ms iter=455 WAIST cost=19.0000 best_alt=15.0000 gap=4.0000 tried=5 sep_labels=15 clique_frac=0.02
t=19673ms iter=455 REBUILD reject new_tc=21.8374 (was 21.7256)
t=19695ms iter=455 incumb=21.7256 ratchet=21.9037 best=21.7188 since_improve=363
t=19697ms iter=456 WAIST cost=19.0000 best_alt=15.0000 gap=4.0000 tried=5 sep_labels=15 clique_frac=0.02
t=19716ms iter=456 REBUILD reject new_tc=21.8260 (was 21.7256)
t=19736ms iter=456 incumb=21.7256 ratchet=21.7485 best=21.7188 since_improve=364
t=19738ms iter=457 WAIST cost=19.0000 best_alt=15.0000 gap=4.0000 tried=5 sep_labels=15 clique_frac=0.02
t=19757ms iter=457 REBUILD reject new_tc=22.1462 (was 21.7256)
t=19778ms iter=457 incumb=21.7256 ratchet=21.7385 best=21.7188 since_improve=365
t=19780ms iter=458 WAIST cost=19.0000 best_alt=15.0000 gap=4.0000 tried=5 sep_labels=15 clique_frac=0.02
t=19799ms iter=458 REBUILD reject new_tc=22.3324 (was 21.7256)
t=19820ms iter=458 incumb=21.7256 ratchet=21.7558 best=21.7188 since_improve=366
t=19821ms iter=459 WAIST cost=19.0000 best_alt=15.0000 gap=4.0000 tried=5 sep_labels=15 clique_frac=0.02
t=19840ms iter=459 REBUILD reject new_tc=21.9075 (was 21.7256)
t=19861ms iter=459 incumb=21.7256 ratchet=21.8581 best=21.7188 since_improve=367
t=19863ms iter=460 WAIST cost=19.0000 best_alt=15.0000 gap=4.0000 tried=5 sep_labels=15 clique_frac=0.02
t=19882ms iter=460 REBUILD reject new_tc=21.8804 (was 21.7256)
t=19903ms iter=460 incumb=21.7256 ratchet=21.8190 best=21.7188 since_improve=368
t=19905ms iter=461 WAIST cost=19.0000 best_alt=15.0000 gap=4.0000 tried=5 sep_labels=15 clique_frac=0.02
t=19924ms iter=461 REBUILD reject new_tc=21.9190 (was 21.7256)
t=19945ms iter=461 incumb=21.7256 ratchet=21.8589 best=21.7188 since_improve=369
t=19947ms iter=462 WAIST cost=19.0000 best_alt=15.0000 gap=4.0000 tried=5 sep_labels=15 clique_frac=0.02
t=19966ms iter=462 REBUILD reject new_tc=21.7813 (was 21.7256)
t=19987ms iter=462 incumb=21.7256 ratchet=21.7399 best=21.7188 since_improve=370
t=19989ms iter=463 WAIST cost=19.0000 best_alt=15.0000 gap=4.0000 tried=5 sep_labels=15 clique_frac=0.02
t=20008ms iter=463 REBUILD reject new_tc=21.8301 (was 21.7256)
t=20029ms iter=463 incumb=21.7256 ratchet=21.7531 best=21.7188 since_improve=371
t=20030ms iter=464 WAIST cost=19.0000 best_alt=15.0000 gap=4.0000 tried=5 sep_labels=15 clique_frac=0.02
t=20050ms iter=464 REBUILD reject new_tc=22.1788 (was 21.7256)
t=20071ms iter=464 incumb=21.7256 ratchet=21.7785 best=21.7188 since_improve=372
t=20072ms iter=465 WAIST cost=19.0000 best_alt=15.0000 gap=4.0000 tried=5 sep_labels=15 clique_frac=0.02
t=20091ms iter=465 REBUILD reject new_tc=22.0761 (was 21.7256)
t=20112ms iter=465 incumb=21.7256 ratchet=21.7522 best=21.7188 since_improve=373
t=20114ms iter=466 WAIST cost=19.0000 best_alt=15.0000 gap=4.0000 tried=5 sep_labels=15 clique_frac=0.02
t=20133ms iter=466 REBUILD reject new_tc=22.2577 (was 21.7256)
t=20154ms iter=466 incumb=21.7256 ratchet=21.7955 best=21.7188 since_improve=374
t=20156ms iter=467 WAIST cost=19.0000 best_alt=15.0000 gap=4.0000 tried=5 sep_labels=15 clique_frac=0.02
t=20175ms iter=467 REBUILD reject new_tc=21.9172 (was 21.7256)
t=20196ms iter=467 incumb=21.7256 ratchet=21.8591 best=21.7188 since_improve=375
t=20197ms iter=468 WAIST cost=19.0000 best_alt=15.0000 gap=4.0000 tried=5 sep_labels=15 clique_frac=0.02
t=20217ms iter=468 REBUILD reject new_tc=22.2543 (was 21.7256)
t=20238ms iter=468 incumb=21.7256 ratchet=21.7533 best=21.7188 since_improve=376
t=20240ms iter=469 WAIST cost=19.0000 best_alt=15.0000 gap=4.0000 tried=5 sep_labels=15 clique_frac=0.02
t=20259ms iter=469 REBUILD reject new_tc=22.1777 (was 21.7256)
t=20280ms iter=469 incumb=21.7256 ratchet=21.8813 best=21.7188 since_improve=377
t=20281ms iter=470 WAIST cost=19.0000 best_alt=15.0000 gap=4.0000 tried=5 sep_labels=15 clique_frac=0.02
t=20300ms iter=470 REBUILD reject new_tc=22.2753 (was 21.7256)
t=20321ms iter=470 incumb=21.7256 ratchet=21.9485 best=21.7188 since_improve=378
t=20323ms iter=471 WAIST cost=19.0000 best_alt=15.0000 gap=4.0000 tried=5 sep_labels=15 clique_frac=0.02
t=20342ms iter=471 REBUILD reject new_tc=21.9260 (was 21.7256)
t=20363ms iter=471 incumb=21.7256 ratchet=21.8679 best=21.7188 since_improve=379
t=20364ms iter=472 WAIST cost=19.0000 best_alt=15.0000 gap=4.0000 tried=5 sep_labels=15 clique_frac=0.02
t=20383ms iter=472 REBUILD reject new_tc=21.8199 (was 21.7256)
t=20405ms iter=472 incumb=21.7256 ratchet=21.7553 best=21.7188 since_improve=380
t=20406ms iter=473 WAIST cost=19.0000 best_alt=15.0000 gap=4.0000 tried=5 sep_labels=15 clique_frac=0.02
t=20426ms iter=473 REBUILD reject new_tc=21.8210 (was 21.7256)
t=20447ms iter=473 incumb=21.7256 ratchet=21.7519 best=21.7188 since_improve=381
t=20448ms iter=474 WAIST cost=19.0000 best_alt=15.0000 gap=4.0000 tried=5 sep_labels=15 clique_frac=0.02
t=20468ms iter=474 REBUILD reject new_tc=21.9557 (was 21.7256)
t=20489ms iter=474 incumb=21.7256 ratchet=21.8042 best=21.7188 since_improve=382
t=20490ms iter=475 WAIST cost=19.0000 best_alt=15.0000 gap=4.0000 tried=5 sep_labels=15 clique_frac=0.02
t=20510ms iter=475 REBUILD reject new_tc=22.0409 (was 21.7256)
t=20530ms iter=475 incumb=21.7256 ratchet=22.0875 best=21.7188 since_improve=383
t=20532ms iter=476 WAIST cost=19.0000 best_alt=15.0000 gap=4.0000 tried=5 sep_labels=15 clique_frac=0.02
t=20551ms iter=476 REBUILD reject new_tc=22.3380 (was 21.7256)
t=20572ms iter=476 incumb=21.7256 ratchet=21.7525 best=21.7188 since_improve=384
t=20574ms iter=477 WAIST cost=19.0000 best_alt=15.0000 gap=4.0000 tried=5 sep_labels=15 clique_frac=0.02
t=20593ms iter=477 REBUILD reject new_tc=21.8809 (was 21.7256)
t=20614ms iter=477 incumb=21.7256 ratchet=21.9476 best=21.7188 since_improve=385
t=20616ms iter=478 WAIST cost=19.0000 best_alt=15.0000 gap=4.0000 tried=5 sep_labels=15 clique_frac=0.02
t=20635ms iter=478 REBUILD reject new_tc=21.8692 (was 21.7256)
t=20657ms iter=478 incumb=21.7256 ratchet=21.7951 best=21.7188 since_improve=386
t=20658ms iter=479 WAIST cost=19.0000 best_alt=15.0000 gap=4.0000 tried=5 sep_labels=15 clique_frac=0.02
t=20678ms iter=479 REBUILD reject new_tc=21.8375 (was 21.7256)
t=20698ms iter=479 incumb=21.7256 ratchet=21.7925 best=21.7188 since_improve=387
t=20700ms iter=480 WAIST cost=19.0000 best_alt=15.0000 gap=4.0000 tried=5 sep_labels=15 clique_frac=0.02
t=20719ms iter=480 REBUILD reject new_tc=21.7779 (was 21.7256)
t=20740ms iter=480 incumb=21.7256 ratchet=21.7524 best=21.7188 since_improve=388
t=20741ms iter=481 WAIST cost=19.0000 best_alt=15.0000 gap=4.0000 tried=5 sep_labels=15 clique_frac=0.02
t=20761ms iter=481 REBUILD reject new_tc=21.8659 (was 21.7256)
t=20782ms iter=481 incumb=21.7256 ratchet=21.7555 best=21.7188 since_improve=389
t=20784ms iter=482 WAIST cost=19.0000 best_alt=15.0000 gap=4.0000 tried=5 sep_labels=15 clique_frac=0.02
t=20803ms iter=482 REBUILD reject new_tc=21.8897 (was 21.7256)
t=20824ms iter=482 incumb=21.7256 ratchet=22.0233 best=21.7188 since_improve=390
t=20825ms iter=483 WAIST cost=19.0000 best_alt=15.0000 gap=4.0000 tried=5 sep_labels=15 clique_frac=0.02
t=20844ms iter=483 REBUILD reject new_tc=21.9285 (was 21.7256)
t=20865ms iter=483 incumb=21.7256 ratchet=21.7405 best=21.7188 since_improve=391
t=20866ms iter=484 WAIST cost=19.0000 best_alt=15.0000 gap=4.0000 tried=5 sep_labels=15 clique_frac=0.02
t=20886ms iter=484 REBUILD reject new_tc=21.8217 (was 21.7256)
t=20907ms iter=484 incumb=21.7256 ratchet=21.7252 best=21.7188 since_improve=0
t=20908ms iter=485 WAIST cost=19.0000 best_alt=15.0000 gap=4.0000 tried=5 sep_labels=15 clique_frac=0.08
t=20928ms iter=485 REBUILD reject new_tc=22.3178 (was 21.7252)
t=20948ms iter=485 incumb=21.7252 ratchet=21.8565 best=21.7188 since_improve=1
t=20950ms iter=486 WAIST cost=19.0000 best_alt=15.0000 gap=4.0000 tried=5 sep_labels=15 clique_frac=0.08
t=20969ms iter=486 REBUILD reject new_tc=21.8579 (was 21.7252)
t=20989ms iter=486 incumb=21.7252 ratchet=21.8462 best=21.7188 since_improve=2
t=20991ms iter=487 WAIST cost=19.0000 best_alt=15.0000 gap=4.0000 tried=5 sep_labels=15 clique_frac=0.08
t=21010ms iter=487 REBUILD reject new_tc=21.8061 (was 21.7252)
t=21031ms iter=487 incumb=21.7252 ratchet=21.7920 best=21.7188 since_improve=3
t=21032ms iter=488 WAIST cost=19.0000 best_alt=15.0000 gap=4.0000 tried=5 sep_labels=15 clique_frac=0.08
t=21052ms iter=488 REBUILD reject new_tc=21.8541 (was 21.7252)
t=21072ms iter=488 incumb=21.7252 ratchet=21.9091 best=21.7188 since_improve=4
t=21074ms iter=489 WAIST cost=19.0000 best_alt=15.0000 gap=4.0000 tried=5 sep_labels=15 clique_frac=0.08
t=21093ms iter=489 REBUILD reject new_tc=21.9427 (was 21.7252)
t=21114ms iter=489 incumb=21.7252 ratchet=21.8500 best=21.7188 since_improve=5
t=21115ms iter=490 WAIST cost=19.0000 best_alt=15.0000 gap=4.0000 tried=5 sep_labels=15 clique_frac=0.08
t=21134ms iter=490 REBUILD reject new_tc=22.1053 (was 21.7252)
t=21155ms iter=490 incumb=21.7252 ratchet=21.7960 best=21.7188 since_improve=6
t=21156ms iter=491 WAIST cost=19.0000 best_alt=15.0000 gap=4.0000 tried=5 sep_labels=15 clique_frac=0.08
t=21175ms iter=491 REBUILD reject new_tc=22.0751 (was 21.7252)
t=21196ms iter=491 incumb=21.7252 ratchet=21.9761 best=21.7188 since_improve=7
t=21198ms iter=492 WAIST cost=19.0000 best_alt=15.0000 gap=4.0000 tried=5 sep_labels=15 clique_frac=0.08
t=21217ms iter=492 REBUILD reject new_tc=22.1658 (was 21.7252)
t=21237ms iter=492 incumb=21.7252 ratchet=21.9436 best=21.7188 since_improve=8
t=21239ms iter=493 WAIST cost=19.0000 best_alt=15.0000 gap=4.0000 tried=5 sep_labels=15 clique_frac=0.08
t=21258ms iter=493 REBUILD reject new_tc=22.0772 (was 21.7252)
t=21279ms iter=493 incumb=21.7252 ratchet=21.7428 best=21.7188 since_improve=9
t=21280ms iter=494 WAIST cost=19.0000 best_alt=15.0000 gap=4.0000 tried=5 sep_labels=15 clique_frac=0.08
t=21300ms iter=494 REBUILD reject new_tc=21.7945 (was 21.7252)
t=21321ms iter=494 incumb=21.7252 ratchet=21.7544 best=21.7188 since_improve=10
t=21322ms iter=495 WAIST cost=19.0000 best_alt=15.0000 gap=4.0000 tried=5 sep_labels=15 clique_frac=0.08
t=21341ms iter=495 REBUILD reject new_tc=22.1792 (was 21.7252)
t=21362ms iter=495 incumb=21.7252 ratchet=21.8551 best=21.7188 since_improve=11
t=21364ms iter=496 WAIST cost=19.0000 best_alt=15.0000 gap=4.0000 tried=5 sep_labels=15 clique_frac=0.08
t=21383ms iter=496 REBUILD reject new_tc=21.8076 (was 21.7252)
t=21404ms iter=496 incumb=21.7252 ratchet=21.8953 best=21.7188 since_improve=12
t=21406ms iter=497 WAIST cost=19.0000 best_alt=15.0000 gap=4.0000 tried=5 sep_labels=15 clique_frac=0.08
t=21425ms iter=497 REBUILD reject new_tc=22.1623 (was 21.7252)
t=21446ms iter=497 incumb=21.7252 ratchet=21.7425 best=21.7188 since_improve=13
t=21448ms iter=498 WAIST cost=19.0000 best_alt=15.0000 gap=4.0000 tried=5 sep_labels=15 clique_frac=0.08
t=21467ms iter=498 REBUILD reject new_tc=21.8692 (was 21.7252)
t=21488ms iter=498 incumb=21.7252 ratchet=21.9067 best=21.7188 since_improve=14
t=21490ms iter=499 WAIST cost=19.0000 best_alt=15.0000 gap=4.0000 tried=5 sep_labels=15 clique_frac=0.08
t=21509ms iter=499 REBUILD reject new_tc=21.9160 (was 21.7252)
t=21530ms iter=499 incumb=21.7252 ratchet=21.8572 best=21.7188 since_improve=15
t=21531ms iter=500 WAIST cost=19.0000 best_alt=15.0000 gap=4.0000 tried=5 sep_labels=15 clique_frac=0.08
t=21550ms iter=500 REBUILD reject new_tc=21.8125 (was 21.7252)
t=21571ms iter=500 incumb=21.7252 ratchet=21.8228 best=21.7188 since_improve=16
t=21573ms iter=501 WAIST cost=19.0000 best_alt=15.0000 gap=4.0000 tried=5 sep_labels=15 clique_frac=0.08
t=21593ms iter=501 REBUILD reject new_tc=21.9500 (was 21.7252)
t=21614ms iter=501 incumb=21.7252 ratchet=21.7409 best=21.7188 since_improve=17
t=21615ms iter=502 WAIST cost=19.0000 best_alt=15.0000 gap=4.0000 tried=5 sep_labels=15 clique_frac=0.08
t=21634ms iter=502 REBUILD reject new_tc=21.7719 (was 21.7252)
t=21655ms iter=502 incumb=21.7252 ratchet=21.8190 best=21.7188 since_improve=18
t=21657ms iter=503 WAIST cost=19.0000 best_alt=15.0000 gap=4.0000 tried=5 sep_labels=15 clique_frac=0.08
t=21676ms iter=503 REBUILD reject new_tc=21.9125 (was 21.7252)
t=21696ms iter=503 incumb=21.7252 ratchet=21.7671 best=21.7188 since_improve=19
t=21698ms iter=504 WAIST cost=19.0000 best_alt=15.0000 gap=4.0000 tried=5 sep_labels=15 clique_frac=0.08
t=21717ms iter=504 REBUILD reject new_tc=22.0000 (was 21.7252)
t=21738ms iter=504 incumb=21.7252 ratchet=21.9236 best=21.7188 since_improve=20
t=21740ms iter=505 WAIST cost=19.0000 best_alt=15.0000 gap=4.0000 tried=5 sep_labels=15 clique_frac=0.08
t=21759ms iter=505 REBUILD reject new_tc=21.9442 (was 21.7252)
t=21780ms iter=505 incumb=21.7252 ratchet=22.0012 best=21.7188 since_improve=21
t=21782ms iter=506 WAIST cost=19.0000 best_alt=15.0000 gap=4.0000 tried=5 sep_labels=15 clique_frac=0.08
t=21801ms iter=506 REBUILD reject new_tc=22.2983 (was 21.7252)
t=21822ms iter=506 incumb=21.7252 ratchet=21.7425 best=21.7188 since_improve=22
t=21824ms iter=507 WAIST cost=19.0000 best_alt=15.0000 gap=4.0000 tried=5 sep_labels=15 clique_frac=0.08
t=21843ms iter=507 REBUILD reject new_tc=21.8558 (was 21.7252)
t=21864ms iter=507 incumb=21.7252 ratchet=21.7399 best=21.7188 since_improve=23
t=21865ms iter=508 WAIST cost=19.0000 best_alt=15.0000 gap=4.0000 tried=5 sep_labels=15 clique_frac=0.08
t=21885ms iter=508 REBUILD reject new_tc=22.2505 (was 21.7252)
t=21906ms iter=508 incumb=21.7252 ratchet=21.7521 best=21.7188 since_improve=24
t=21907ms iter=509 WAIST cost=19.0000 best_alt=15.0000 gap=4.0000 tried=5 sep_labels=15 clique_frac=0.08
t=21927ms iter=509 REBUILD reject new_tc=22.1102 (was 21.7252)
t=21947ms iter=509 incumb=21.7252 ratchet=21.8400 best=21.7188 since_improve=25
t=21949ms iter=510 WAIST cost=19.0000 best_alt=15.0000 gap=4.0000 tried=5 sep_labels=15 clique_frac=0.08
t=21968ms iter=510 REBUILD reject new_tc=21.8603 (was 21.7252)
t=21989ms iter=510 incumb=21.7252 ratchet=21.7967 best=21.7188 since_improve=26
t=21990ms iter=511 WAIST cost=19.0000 best_alt=15.0000 gap=4.0000 tried=5 sep_labels=15 clique_frac=0.08
t=22010ms iter=511 REBUILD reject new_tc=21.8912 (was 21.7252)
t=22031ms iter=511 incumb=21.7252 ratchet=21.7980 best=21.7188 since_improve=27
t=22033ms iter=512 WAIST cost=19.0000 best_alt=15.0000 gap=4.0000 tried=5 sep_labels=15 clique_frac=0.08
t=22052ms iter=512 REBUILD reject new_tc=21.7550 (was 21.7252)
t=22073ms iter=512 incumb=21.7252 ratchet=21.8455 best=21.7188 since_improve=28
t=22075ms iter=513 WAIST cost=19.0000 best_alt=15.0000 gap=4.0000 tried=5 sep_labels=15 clique_frac=0.08
t=22094ms iter=513 REBUILD reject new_tc=22.1692 (was 21.7252)
t=22115ms iter=513 incumb=21.7252 ratchet=21.8408 best=21.7188 since_improve=29
t=22116ms iter=514 WAIST cost=19.0000 best_alt=15.0000 gap=4.0000 tried=5 sep_labels=15 clique_frac=0.08
t=22135ms iter=514 REBUILD reject new_tc=21.9944 (was 21.7252)
t=22156ms iter=514 incumb=21.7252 ratchet=21.8325 best=21.7188 since_improve=30
t=22157ms iter=515 WAIST cost=19.0000 best_alt=15.0000 gap=4.0000 tried=5 sep_labels=15 clique_frac=0.08
t=22177ms iter=515 REBUILD reject new_tc=21.8949 (was 21.7252)
t=22198ms iter=515 incumb=21.7252 ratchet=21.7738 best=21.7188 since_improve=31
t=22200ms iter=516 WAIST cost=19.0000 best_alt=15.0000 gap=4.0000 tried=5 sep_labels=15 clique_frac=0.08
t=22219ms iter=516 REBUILD reject new_tc=21.8586 (was 21.7252)
t=22240ms iter=516 incumb=21.7252 ratchet=21.8163 best=21.7188 since_improve=32
t=22242ms iter=517 WAIST cost=19.0000 best_alt=15.0000 gap=4.0000 tried=5 sep_labels=15 clique_frac=0.08
t=22261ms iter=517 REBUILD reject new_tc=21.9483 (was 21.7252)
t=22282ms iter=517 incumb=21.7252 ratchet=21.8559 best=21.7188 since_improve=33
t=22284ms iter=518 WAIST cost=19.0000 best_alt=15.0000 gap=4.0000 tried=5 sep_labels=15 clique_frac=0.08
t=22303ms iter=518 REBUILD reject new_tc=21.8704 (was 21.7252)
t=22324ms iter=518 incumb=21.7252 ratchet=21.9271 best=21.7188 since_improve=34
t=22326ms iter=519 WAIST cost=19.0000 best_alt=15.0000 gap=4.0000 tried=5 sep_labels=15 clique_frac=0.08
t=22345ms iter=519 REBUILD reject new_tc=21.9504 (was 21.7252)
t=22366ms iter=519 incumb=21.7252 ratchet=21.7419 best=21.7188 since_improve=35
t=22367ms iter=520 WAIST cost=19.0000 best_alt=15.0000 gap=4.0000 tried=5 sep_labels=15 clique_frac=0.08
t=22387ms iter=520 REBUILD reject new_tc=21.9336 (was 21.7252)
t=22408ms iter=520 incumb=21.7252 ratchet=21.7426 best=21.7188 since_improve=36
t=22410ms iter=521 WAIST cost=19.0000 best_alt=15.0000 gap=4.0000 tried=5 sep_labels=15 clique_frac=0.08
t=22429ms iter=521 REBUILD reject new_tc=22.0264 (was 21.7252)
t=22450ms iter=521 incumb=21.7252 ratchet=21.8931 best=21.7188 since_improve=37
t=22452ms iter=522 WAIST cost=19.0000 best_alt=15.0000 gap=4.0000 tried=5 sep_labels=15 clique_frac=0.08
t=22471ms iter=522 REBUILD reject new_tc=22.1727 (was 21.7252)
t=22492ms iter=522 incumb=21.7252 ratchet=21.8117 best=21.7188 since_improve=38
t=22493ms iter=523 WAIST cost=19.0000 best_alt=15.0000 gap=4.0000 tried=5 sep_labels=15 clique_frac=0.08
t=22513ms iter=523 REBUILD reject new_tc=21.9625 (was 21.7252)
t=22534ms iter=523 incumb=21.7252 ratchet=21.7446 best=21.7188 since_improve=39
t=22536ms iter=524 WAIST cost=19.0000 best_alt=15.0000 gap=4.0000 tried=5 sep_labels=15 clique_frac=0.08
t=22555ms iter=524 REBUILD reject new_tc=21.9758 (was 21.7252)
t=22576ms iter=524 incumb=21.7252 ratchet=21.7514 best=21.7188 since_improve=40
t=22577ms iter=525 WAIST cost=19.0000 best_alt=15.0000 gap=4.0000 tried=5 sep_labels=15 clique_frac=0.08
t=22597ms iter=525 REBUILD reject new_tc=22.2949 (was 21.7252)
t=22618ms iter=525 incumb=21.7252 ratchet=21.8457 best=21.7188 since_improve=41
t=22620ms iter=526 WAIST cost=19.0000 best_alt=15.0000 gap=4.0000 tried=5 sep_labels=15 clique_frac=0.08
t=22639ms iter=526 REBUILD reject new_tc=22.2496 (was 21.7252)
t=22660ms iter=526 incumb=21.7252 ratchet=21.7425 best=21.7188 since_improve=42
t=22661ms iter=527 WAIST cost=19.0000 best_alt=15.0000 gap=4.0000 tried=5 sep_labels=15 clique_frac=0.08
t=22680ms iter=527 REBUILD reject new_tc=22.1339 (was 21.7252)
t=22702ms iter=527 incumb=21.7252 ratchet=21.7975 best=21.7188 since_improve=43
t=22703ms iter=528 WAIST cost=19.0000 best_alt=15.0000 gap=4.0000 tried=5 sep_labels=15 clique_frac=0.08
t=22722ms iter=528 REBUILD reject new_tc=21.9390 (was 21.7252)
t=22743ms iter=528 incumb=21.7252 ratchet=22.0566 best=21.7188 since_improve=44
t=22744ms iter=529 WAIST cost=19.0000 best_alt=15.0000 gap=4.0000 tried=5 sep_labels=15 clique_frac=0.08
t=22763ms iter=529 REBUILD reject new_tc=22.1255 (was 21.7252)
t=22784ms iter=529 incumb=21.7252 ratchet=21.7530 best=21.7188 since_improve=45
t=22786ms iter=530 WAIST cost=19.0000 best_alt=15.0000 gap=4.0000 tried=5 sep_labels=15 clique_frac=0.08
t=22805ms iter=530 REBUILD reject new_tc=22.0668 (was 21.7252)
t=22827ms iter=530 incumb=21.7252 ratchet=21.8585 best=21.7188 since_improve=46
t=22828ms iter=531 WAIST cost=19.0000 best_alt=15.0000 gap=4.0000 tried=5 sep_labels=15 clique_frac=0.08
t=22847ms iter=531 REBUILD reject new_tc=21.8132 (was 21.7252)
t=22868ms iter=531 incumb=21.7252 ratchet=21.9497 best=21.7188 since_improve=47
t=22870ms iter=532 WAIST cost=19.0000 best_alt=15.0000 gap=4.0000 tried=5 sep_labels=15 clique_frac=0.08
t=22889ms iter=532 REBUILD reject new_tc=22.1753 (was 21.7252)
t=22910ms iter=532 incumb=21.7252 ratchet=21.8712 best=21.7188 since_improve=48
t=22912ms iter=533 WAIST cost=19.0000 best_alt=15.0000 gap=4.0000 tried=5 sep_labels=15 clique_frac=0.08
t=22931ms iter=533 REBUILD reject new_tc=22.2565 (was 21.7252)
t=22952ms iter=533 incumb=21.7252 ratchet=21.8756 best=21.7188 since_improve=49
t=22954ms iter=534 WAIST cost=19.0000 best_alt=15.0000 gap=4.0000 tried=5 sep_labels=15 clique_frac=0.08
t=22973ms iter=534 REBUILD reject new_tc=21.8582 (was 21.7252)
t=22994ms iter=534 incumb=21.7252 ratchet=21.9648 best=21.7188 since_improve=50
t=22996ms iter=535 WAIST cost=19.0000 best_alt=15.0000 gap=4.0000 tried=5 sep_labels=15 clique_frac=0.08
t=23015ms iter=535 REBUILD reject new_tc=21.7660 (was 21.7252)
t=23036ms iter=535 incumb=21.7252 ratchet=21.8462 best=21.7188 since_improve=51
t=23038ms iter=536 WAIST cost=19.0000 best_alt=15.0000 gap=4.0000 tried=5 sep_labels=15 clique_frac=0.08
t=23057ms iter=536 REBUILD reject new_tc=21.7622 (was 21.7252)
t=23079ms iter=536 incumb=21.7252 ratchet=21.8686 best=21.7188 since_improve=52
t=23080ms iter=537 WAIST cost=19.0000 best_alt=15.0000 gap=4.0000 tried=5 sep_labels=15 clique_frac=0.08
t=23099ms iter=537 REBUILD reject new_tc=22.1979 (was 21.7252)
t=23121ms iter=537 incumb=21.7252 ratchet=21.8109 best=21.7188 since_improve=53
t=23123ms iter=538 WAIST cost=19.0000 best_alt=15.0000 gap=4.0000 tried=5 sep_labels=15 clique_frac=0.08
t=23142ms iter=538 REBUILD reject new_tc=22.1671 (was 21.7252)
t=23163ms iter=538 incumb=21.7252 ratchet=21.8104 best=21.7188 since_improve=54
t=23164ms iter=539 WAIST cost=19.0000 best_alt=15.0000 gap=4.0000 tried=5 sep_labels=15 clique_frac=0.08
t=23184ms iter=539 REBUILD reject new_tc=22.2481 (was 21.7252)
t=23205ms iter=539 incumb=21.7252 ratchet=21.9345 best=21.7188 since_improve=55
t=23206ms iter=540 WAIST cost=19.0000 best_alt=15.0000 gap=4.0000 tried=5 sep_labels=15 clique_frac=0.08
t=23226ms iter=540 REBUILD reject new_tc=22.2077 (was 21.7252)
t=23247ms iter=540 incumb=21.7252 ratchet=22.0029 best=21.7188 since_improve=56
t=23249ms iter=541 WAIST cost=19.0000 best_alt=15.0000 gap=4.0000 tried=5 sep_labels=15 clique_frac=0.08
t=23268ms iter=541 REBUILD reject new_tc=22.1701 (was 21.7252)
t=23289ms iter=541 incumb=21.7252 ratchet=21.7407 best=21.7188 since_improve=57
t=23291ms iter=542 WAIST cost=19.0000 best_alt=15.0000 gap=4.0000 tried=5 sep_labels=15 clique_frac=0.08
t=23311ms iter=542 REBUILD reject new_tc=21.9187 (was 21.7252)
t=23332ms iter=542 incumb=21.7252 ratchet=21.8819 best=21.7188 since_improve=58
t=23334ms iter=543 WAIST cost=19.0000 best_alt=15.0000 gap=4.0000 tried=5 sep_labels=15 clique_frac=0.08
t=23353ms iter=543 REBUILD reject new_tc=21.9414 (was 21.7252)
t=23374ms iter=543 incumb=21.7252 ratchet=21.8839 best=21.7188 since_improve=59
t=23376ms iter=544 WAIST cost=19.0000 best_alt=15.0000 gap=4.0000 tried=5 sep_labels=15 clique_frac=0.08
t=23395ms iter=544 REBUILD reject new_tc=21.8831 (was 21.7252)
t=23417ms iter=544 incumb=21.7252 ratchet=21.9238 best=21.7188 since_improve=60
t=23418ms iter=545 WAIST cost=19.0000 best_alt=15.0000 gap=4.0000 tried=5 sep_labels=15 clique_frac=0.08
t=23438ms iter=545 REBUILD reject new_tc=21.9490 (was 21.7252)
t=23459ms iter=545 incumb=21.7252 ratchet=21.7935 best=21.7188 since_improve=61
t=23460ms iter=546 WAIST cost=19.0000 best_alt=15.0000 gap=4.0000 tried=5 sep_labels=15 clique_frac=0.08
t=23480ms iter=546 REBUILD reject new_tc=21.7645 (was 21.7252)
t=23500ms iter=546 incumb=21.7252 ratchet=21.8055 best=21.7188 since_improve=62
t=23502ms iter=547 WAIST cost=19.0000 best_alt=15.0000 gap=4.0000 tried=5 sep_labels=15 clique_frac=0.08
t=23522ms iter=547 REBUILD reject new_tc=21.8598 (was 21.7252)
t=23543ms iter=547 incumb=21.7252 ratchet=22.0193 best=21.7188 since_improve=63
t=23544ms iter=548 WAIST cost=19.0000 best_alt=15.0000 gap=4.0000 tried=5 sep_labels=15 clique_frac=0.08
t=23564ms iter=548 REBUILD reject new_tc=21.7537 (was 21.7252)
t=23585ms iter=548 incumb=21.7252 ratchet=21.9515 best=21.7188 since_improve=64
t=23587ms iter=549 WAIST cost=19.0000 best_alt=15.0000 gap=4.0000 tried=5 sep_labels=15 clique_frac=0.08
t=23606ms iter=549 REBUILD reject new_tc=21.8540 (was 21.7252)
t=23627ms iter=549 incumb=21.7252 ratchet=21.7547 best=21.7188 since_improve=65
t=23629ms iter=550 WAIST cost=19.0000 best_alt=15.0000 gap=4.0000 tried=5 sep_labels=15 clique_frac=0.08
t=23648ms iter=550 REBUILD reject new_tc=21.8916 (was 21.7252)
t=23669ms iter=550 incumb=21.7252 ratchet=21.8561 best=21.7188 since_improve=66
t=23670ms iter=551 WAIST cost=19.0000 best_alt=15.0000 gap=4.0000 tried=5 sep_labels=15 clique_frac=0.08
t=23690ms iter=551 REBUILD reject new_tc=21.7672 (was 21.7252)
t=23711ms iter=551 incumb=21.7252 ratchet=21.9755 best=21.7188 since_improve=67
t=23712ms iter=552 WAIST cost=19.0000 best_alt=15.0000 gap=4.0000 tried=5 sep_labels=15 clique_frac=0.08
t=23731ms iter=552 REBUILD reject new_tc=21.8094 (was 21.7252)
t=23753ms iter=552 incumb=21.7252 ratchet=21.9430 best=21.7188 since_improve=68
t=23754ms iter=553 WAIST cost=19.0000 best_alt=15.0000 gap=4.0000 tried=5 sep_labels=15 clique_frac=0.08
t=23773ms iter=553 REBUILD reject new_tc=21.8614 (was 21.7252)
t=23795ms iter=553 incumb=21.7252 ratchet=21.9992 best=21.7188 since_improve=69
t=23796ms iter=554 WAIST cost=19.0000 best_alt=15.0000 gap=4.0000 tried=5 sep_labels=15 clique_frac=0.08
t=23815ms iter=554 REBUILD reject new_tc=22.3938 (was 21.7252)
t=23836ms iter=554 incumb=21.7252 ratchet=21.8841 best=21.7188 since_improve=70
t=23838ms iter=555 WAIST cost=19.0000 best_alt=15.0000 gap=4.0000 tried=5 sep_labels=15 clique_frac=0.08
t=23857ms iter=555 REBUILD reject new_tc=22.1681 (was 21.7252)
t=23877ms iter=555 incumb=21.7252 ratchet=21.8222 best=21.7188 since_improve=71
t=23879ms iter=556 WAIST cost=19.0000 best_alt=15.0000 gap=4.0000 tried=5 sep_labels=15 clique_frac=0.08
t=23898ms iter=556 REBUILD reject new_tc=21.8970 (was 21.7252)
t=23919ms iter=556 incumb=21.7252 ratchet=21.7384 best=21.7188 since_improve=72
t=23920ms iter=557 WAIST cost=19.0000 best_alt=15.0000 gap=4.0000 tried=5 sep_labels=15 clique_frac=0.08
t=23939ms iter=557 REBUILD reject new_tc=22.1724 (was 21.7252)
t=23961ms iter=557 incumb=21.7252 ratchet=21.9051 best=21.7188 since_improve=73
t=23962ms iter=558 WAIST cost=19.0000 best_alt=15.0000 gap=4.0000 tried=5 sep_labels=15 clique_frac=0.08
t=23981ms iter=558 REBUILD reject new_tc=21.8917 (was 21.7252)
t=24002ms iter=558 incumb=21.7252 ratchet=21.8183 best=21.7188 since_improve=74
t=24004ms iter=559 WAIST cost=19.0000 best_alt=15.0000 gap=4.0000 tried=5 sep_labels=15 clique_frac=0.08
t=24023ms iter=559 REBUILD reject new_tc=21.9453 (was 21.7252)
t=24044ms iter=559 incumb=21.7252 ratchet=21.8617 best=21.7188 since_improve=75
t=24045ms iter=560 WAIST cost=19.0000 best_alt=15.0000 gap=4.0000 tried=5 sep_labels=15 clique_frac=0.08
t=24065ms iter=560 REBUILD reject new_tc=22.0202 (was 21.7252)
t=24086ms iter=560 incumb=21.7252 ratchet=21.7416 best=21.7188 since_improve=76
t=24087ms iter=561 WAIST cost=19.0000 best_alt=15.0000 gap=4.0000 tried=5 sep_labels=15 clique_frac=0.08
t=24106ms iter=561 REBUILD reject new_tc=21.7680 (was 21.7252)
t=24127ms iter=561 incumb=21.7252 ratchet=21.8306 best=21.7188 since_improve=77
t=24128ms iter=562 WAIST cost=19.0000 best_alt=15.0000 gap=4.0000 tried=5 sep_labels=15 clique_frac=0.08
t=24147ms iter=562 REBUILD reject new_tc=21.9558 (was 21.7252)
t=24168ms iter=562 incumb=21.7252 ratchet=21.8443 best=21.7188 since_improve=78
t=24169ms iter=563 WAIST cost=19.0000 best_alt=15.0000 gap=4.0000 tried=5 sep_labels=15 clique_frac=0.08
t=24189ms iter=563 REBUILD reject new_tc=21.9605 (was 21.7252)
t=24209ms iter=563 incumb=21.7252 ratchet=21.7784 best=21.7188 since_improve=79
t=24210ms iter=564 WAIST cost=19.0000 best_alt=15.0000 gap=4.0000 tried=5 sep_labels=15 clique_frac=0.08
t=24230ms iter=564 REBUILD reject new_tc=21.8099 (was 21.7252)
t=24251ms iter=564 incumb=21.7252 ratchet=21.8115 best=21.7188 since_improve=80
t=24253ms iter=565 WAIST cost=19.0000 best_alt=15.0000 gap=4.0000 tried=5 sep_labels=15 clique_frac=0.08
t=24272ms iter=565 REBUILD reject new_tc=22.4323 (was 21.7252)
t=24293ms iter=565 incumb=21.7252 ratchet=21.8302 best=21.7188 since_improve=81
t=24294ms iter=566 WAIST cost=19.0000 best_alt=15.0000 gap=4.0000 tried=5 sep_labels=15 clique_frac=0.08
t=24314ms iter=566 REBUILD reject new_tc=21.8546 (was 21.7252)
t=24335ms iter=566 incumb=21.7252 ratchet=21.8348 best=21.7188 since_improve=82
t=24336ms iter=567 WAIST cost=19.0000 best_alt=15.0000 gap=4.0000 tried=5 sep_labels=15 clique_frac=0.08
t=24356ms iter=567 REBUILD reject new_tc=21.8047 (was 21.7252)
t=24376ms iter=567 incumb=21.7252 ratchet=21.8985 best=21.7188 since_improve=83
t=24378ms iter=568 WAIST cost=19.0000 best_alt=15.0000 gap=4.0000 tried=5 sep_labels=15 clique_frac=0.08
t=24397ms iter=568 REBUILD reject new_tc=22.3543 (was 21.7252)
t=24418ms iter=568 incumb=21.7252 ratchet=21.7539 best=21.7188 since_improve=84
t=24420ms iter=569 WAIST cost=19.0000 best_alt=15.0000 gap=4.0000 tried=5 sep_labels=15 clique_frac=0.08
t=24439ms iter=569 REBUILD reject new_tc=21.9394 (was 21.7252)
t=24460ms iter=569 incumb=21.7252 ratchet=21.7417 best=21.7188 since_improve=85
t=24461ms iter=570 WAIST cost=19.0000 best_alt=15.0000 gap=4.0000 tried=5 sep_labels=15 clique_frac=0.08
t=24480ms iter=570 REBUILD reject new_tc=22.1044 (was 21.7252)
t=24501ms iter=570 incumb=21.7252 ratchet=21.7546 best=21.7188 since_improve=86
t=24502ms iter=571 WAIST cost=19.0000 best_alt=15.0000 gap=4.0000 tried=5 sep_labels=15 clique_frac=0.08
t=24522ms iter=571 REBUILD reject new_tc=22.1719 (was 21.7252)
t=24542ms iter=571 incumb=21.7252 ratchet=21.8445 best=21.7188 since_improve=87
t=24543ms iter=572 WAIST cost=19.0000 best_alt=15.0000 gap=4.0000 tried=5 sep_labels=15 clique_frac=0.08
t=24563ms iter=572 REBUILD reject new_tc=21.9407 (was 21.7252)
t=24584ms iter=572 incumb=21.7252 ratchet=21.8561 best=21.7188 since_improve=88
t=24586ms iter=573 WAIST cost=19.0000 best_alt=15.0000 gap=4.0000 tried=5 sep_labels=15 clique_frac=0.08
t=24605ms iter=573 REBUILD reject new_tc=22.1039 (was 21.7252)
t=24626ms iter=573 incumb=21.7252 ratchet=21.9294 best=21.7188 since_improve=89
t=24627ms iter=574 WAIST cost=19.0000 best_alt=15.0000 gap=4.0000 tried=5 sep_labels=15 clique_frac=0.08
t=24647ms iter=574 REBUILD reject new_tc=22.0878 (was 21.7252)
t=24667ms iter=574 incumb=21.7252 ratchet=21.7927 best=21.7188 since_improve=90
t=24669ms iter=575 WAIST cost=19.0000 best_alt=15.0000 gap=4.0000 tried=5 sep_labels=15 clique_frac=0.08
t=24689ms iter=575 REBUILD reject new_tc=21.8931 (was 21.7252)
t=24709ms iter=575 incumb=21.7252 ratchet=21.8573 best=21.7188 since_improve=91
t=24711ms iter=576 WAIST cost=19.0000 best_alt=15.0000 gap=4.0000 tried=5 sep_labels=15 clique_frac=0.08
t=24731ms iter=576 REBUILD reject new_tc=21.9412 (was 21.7252)
t=24751ms iter=576 incumb=21.7252 ratchet=21.7972 best=21.7188 since_improve=92
t=24752ms iter=577 WAIST cost=19.0000 best_alt=15.0000 gap=4.0000 tried=5 sep_labels=15 clique_frac=0.08
t=24772ms iter=577 REBUILD reject new_tc=22.2587 (was 21.7252)
t=24793ms iter=577 incumb=21.7252 ratchet=21.8298 best=21.7188 since_improve=93
t=24794ms iter=578 WAIST cost=19.0000 best_alt=15.0000 gap=4.0000 tried=5 sep_labels=15 clique_frac=0.08
t=24814ms iter=578 REBUILD reject new_tc=21.9127 (was 21.7252)
t=24836ms iter=578 incumb=21.7252 ratchet=21.8664 best=21.7188 since_improve=94
t=24837ms iter=579 WAIST cost=19.0000 best_alt=15.0000 gap=4.0000 tried=5 sep_labels=15 clique_frac=0.08
t=24857ms iter=579 REBUILD reject new_tc=22.2676 (was 21.7252)
t=24879ms iter=579 incumb=21.7252 ratchet=21.7990 best=21.7188 since_improve=95
t=24880ms iter=580 WAIST cost=19.0000 best_alt=15.0000 gap=4.0000 tried=5 sep_labels=15 clique_frac=0.08
t=24899ms iter=580 REBUILD reject new_tc=22.1670 (was 21.7252)
t=24920ms iter=580 incumb=21.7252 ratchet=21.9201 best=21.7188 since_improve=96
t=24922ms iter=581 WAIST cost=19.0000 best_alt=15.0000 gap=4.0000 tried=5 sep_labels=15 clique_frac=0.08
t=24941ms iter=581 REBUILD reject new_tc=22.0500 (was 21.7252)
t=24962ms iter=581 incumb=21.7252 ratchet=21.8824 best=21.7188 since_improve=97
t=24964ms iter=582 WAIST cost=19.0000 best_alt=15.0000 gap=4.0000 tried=5 sep_labels=15 clique_frac=0.08
t=24983ms iter=582 REBUILD reject new_tc=21.9408 (was 21.7252)
t=25004ms iter=582 incumb=21.7252 ratchet=21.8307 best=21.7188 since_improve=98
t=25006ms iter=583 WAIST cost=19.0000 best_alt=15.0000 gap=4.0000 tried=5 sep_labels=15 clique_frac=0.08
t=25025ms iter=583 REBUILD reject new_tc=21.8566 (was 21.7252)
t=25047ms iter=583 incumb=21.7252 ratchet=21.7383 best=21.7188 since_improve=99
t=25048ms iter=584 WAIST cost=19.0000 best_alt=15.0000 gap=4.0000 tried=5 sep_labels=15 clique_frac=0.08
t=25067ms iter=584 REBUILD reject new_tc=21.7592 (was 21.7252)
t=25088ms iter=584 incumb=21.7252 ratchet=21.9014 best=21.7188 since_improve=100
t=25089ms iter=585 WAIST cost=19.0000 best_alt=15.0000 gap=4.0000 tried=5 sep_labels=15 clique_frac=0.08
t=25108ms iter=585 REBUILD reject new_tc=22.1696 (was 21.7252)
t=25129ms iter=585 incumb=21.7252 ratchet=21.8169 best=21.7188 since_improve=101
t=25131ms iter=586 WAIST cost=19.0000 best_alt=15.0000 gap=4.0000 tried=5 sep_labels=15 clique_frac=0.08
t=25150ms iter=586 REBUILD reject new_tc=21.8947 (was 21.7252)
t=25171ms iter=586 incumb=21.7252 ratchet=21.8563 best=21.7188 since_improve=102
t=25172ms iter=587 WAIST cost=19.0000 best_alt=15.0000 gap=4.0000 tried=5 sep_labels=15 clique_frac=0.08
t=25192ms iter=587 REBUILD reject new_tc=22.0864 (was 21.7252)
t=25213ms iter=587 incumb=21.7252 ratchet=21.8011 best=21.7188 since_improve=103
t=25214ms iter=588 WAIST cost=19.0000 best_alt=15.0000 gap=4.0000 tried=5 sep_labels=15 clique_frac=0.08
t=25234ms iter=588 REBUILD reject new_tc=21.8754 (was 21.7252)
t=25255ms iter=588 incumb=21.7252 ratchet=21.9790 best=21.7188 since_improve=104
t=25257ms iter=589 WAIST cost=19.0000 best_alt=15.0000 gap=4.0000 tried=5 sep_labels=15 clique_frac=0.08
t=25276ms iter=589 REBUILD reject new_tc=22.0642 (was 21.7252)
t=25297ms iter=589 incumb=21.7252 ratchet=21.8358 best=21.7188 since_improve=105
t=25299ms iter=590 WAIST cost=19.0000 best_alt=15.0000 gap=4.0000 tried=5 sep_labels=15 clique_frac=0.08
t=25319ms iter=590 REBUILD reject new_tc=21.8510 (was 21.7252)
t=25340ms iter=590 incumb=21.7252 ratchet=21.7996 best=21.7188 since_improve=106
t=25342ms iter=591 WAIST cost=19.0000 best_alt=15.0000 gap=4.0000 tried=5 sep_labels=15 clique_frac=0.08
t=25361ms iter=591 REBUILD reject new_tc=21.9421 (was 21.7252)
t=25381ms iter=591 incumb=21.7252 ratchet=21.8028 best=21.7188 since_improve=107
t=25383ms iter=592 WAIST cost=19.0000 best_alt=15.0000 gap=4.0000 tried=5 sep_labels=15 clique_frac=0.08
t=25402ms iter=592 REBUILD reject new_tc=22.0809 (was 21.7252)
t=25423ms iter=592 incumb=21.7252 ratchet=21.9448 best=21.7188 since_improve=108
t=25425ms iter=593 WAIST cost=19.0000 best_alt=15.0000 gap=4.0000 tried=5 sep_labels=15 clique_frac=0.08
t=25444ms iter=593 REBUILD reject new_tc=22.1671 (was 21.7252)
t=25465ms iter=593 incumb=21.7252 ratchet=21.9816 best=21.7188 since_improve=109
t=25467ms iter=594 WAIST cost=19.0000 best_alt=15.0000 gap=4.0000 tried=5 sep_labels=15 clique_frac=0.08
t=25486ms iter=594 REBUILD reject new_tc=21.7600 (was 21.7252)
t=25507ms iter=594 incumb=21.7252 ratchet=21.8808 best=21.7188 since_improve=110
t=25509ms iter=595 WAIST cost=19.0000 best_alt=15.0000 gap=4.0000 tried=5 sep_labels=15 clique_frac=0.08
t=25528ms iter=595 REBUILD reject new_tc=22.2444 (was 21.7252)
t=25549ms iter=595 incumb=21.7252 ratchet=21.8819 best=21.7188 since_improve=111
t=25550ms iter=596 WAIST cost=19.0000 best_alt=15.0000 gap=4.0000 tried=5 sep_labels=15 clique_frac=0.08
t=25570ms iter=596 REBUILD reject new_tc=22.3218 (was 21.7252)
t=25591ms iter=596 incumb=21.7252 ratchet=21.7809 best=21.7188 since_improve=112
t=25593ms iter=597 WAIST cost=19.0000 best_alt=15.0000 gap=4.0000 tried=5 sep_labels=15 clique_frac=0.08
t=25613ms iter=597 REBUILD reject new_tc=21.9421 (was 21.7252)
t=25634ms iter=597 incumb=21.7252 ratchet=21.7697 best=21.7188 since_improve=113
t=25636ms iter=598 WAIST cost=19.0000 best_alt=15.0000 gap=4.0000 tried=5 sep_labels=15 clique_frac=0.08
t=25655ms iter=598 REBUILD reject new_tc=21.9405 (was 21.7252)
t=25676ms iter=598 incumb=21.7252 ratchet=22.1610 best=21.7188 since_improve=114
t=25678ms iter=599 WAIST cost=19.0000 best_alt=15.0000 gap=4.0000 tried=5 sep_labels=15 clique_frac=0.08
t=25697ms iter=599 REBUILD reject new_tc=21.7932 (was 21.7252)
t=25719ms iter=599 incumb=21.7252 ratchet=22.1026 best=21.7188 since_improve=115
t=25720ms iter=600 WAIST cost=19.0000 best_alt=15.0000 gap=4.0000 tried=5 sep_labels=15 clique_frac=0.08
t=25739ms iter=600 REBUILD reject new_tc=22.0883 (was 21.7252)
t=25760ms iter=600 incumb=21.7252 ratchet=21.7604 best=21.7188 since_improve=116
t=25762ms iter=601 WAIST cost=19.0000 best_alt=15.0000 gap=4.0000 tried=5 sep_labels=15 clique_frac=0.08
t=25781ms iter=601 REBUILD reject new_tc=22.2855 (was 21.7252)
t=25803ms iter=601 incumb=21.7252 ratchet=21.7390 best=21.7188 since_improve=117
t=25804ms iter=602 WAIST cost=19.0000 best_alt=15.0000 gap=4.0000 tried=5 sep_labels=15 clique_frac=0.08
t=25824ms iter=602 REBUILD reject new_tc=21.9567 (was 21.7252)
t=25845ms iter=602 incumb=21.7252 ratchet=21.7404 best=21.7188 since_improve=118
t=25846ms iter=603 WAIST cost=19.0000 best_alt=15.0000 gap=4.0000 tried=5 sep_labels=15 clique_frac=0.08
t=25866ms iter=603 REBUILD reject new_tc=22.3250 (was 21.7252)
t=25887ms iter=603 incumb=21.7252 ratchet=21.8827 best=21.7188 since_improve=119
t=25888ms iter=604 WAIST cost=19.0000 best_alt=15.0000 gap=4.0000 tried=5 sep_labels=15 clique_frac=0.08
t=25908ms iter=604 REBUILD reject new_tc=21.9413 (was 21.7252)
t=25929ms iter=604 incumb=21.7252 ratchet=21.8072 best=21.7188 since_improve=120
t=25930ms iter=605 WAIST cost=19.0000 best_alt=15.0000 gap=4.0000 tried=5 sep_labels=15 clique_frac=0.08
t=25950ms iter=605 REBUILD reject new_tc=22.2951 (was 21.7252)
t=25971ms iter=605 incumb=21.7252 ratchet=22.4343 best=21.7188 since_improve=121
t=25972ms iter=606 WAIST cost=19.0000 best_alt=15.0000 gap=4.0000 tried=5 sep_labels=15 clique_frac=0.08
t=25994ms iter=606 REBUILD reject new_tc=21.7549 (was 21.7252)
t=26027ms iter=606 incumb=21.7252 ratchet=21.7946 best=21.7188 since_improve=122
t=26030ms iter=607 WAIST cost=19.0000 best_alt=15.0000 gap=4.0000 tried=5 sep_labels=15 clique_frac=0.08
t=26057ms iter=607 REBUILD reject new_tc=21.9412 (was 21.7252)
t=26077ms iter=607 incumb=21.7252 ratchet=21.9086 best=21.7188 since_improve=123
t=26079ms iter=608 WAIST cost=19.0000 best_alt=15.0000 gap=4.0000 tried=5 sep_labels=15 clique_frac=0.08
t=26099ms iter=608 REBUILD reject new_tc=21.9410 (was 21.7252)
t=26120ms iter=608 incumb=21.7252 ratchet=21.7819 best=21.7188 since_improve=124
t=26121ms iter=609 WAIST cost=19.0000 best_alt=15.0000 gap=4.0000 tried=5 sep_labels=15 clique_frac=0.08
t=26140ms iter=609 REBUILD reject new_tc=21.9418 (was 21.7252)
t=26161ms iter=609 incumb=21.7252 ratchet=21.8577 best=21.7188 since_improve=125
t=26163ms iter=610 WAIST cost=19.0000 best_alt=15.0000 gap=4.0000 tried=5 sep_labels=15 clique_frac=0.08
t=26182ms iter=610 REBUILD reject new_tc=22.3152 (was 21.7252)
t=26203ms iter=610 incumb=21.7252 ratchet=21.7991 best=21.7188 since_improve=126
t=26205ms iter=611 WAIST cost=19.0000 best_alt=15.0000 gap=4.0000 tried=5 sep_labels=15 clique_frac=0.08
t=26225ms iter=611 REBUILD reject new_tc=22.3257 (was 21.7252)
t=26246ms iter=611 incumb=21.7252 ratchet=21.7548 best=21.7188 since_improve=127
t=26248ms iter=612 WAIST cost=19.0000 best_alt=15.0000 gap=4.0000 tried=5 sep_labels=15 clique_frac=0.08
t=26267ms iter=612 REBUILD reject new_tc=21.7565 (was 21.7252)
t=26288ms iter=612 incumb=21.7252 ratchet=21.8096 best=21.7188 since_improve=128
t=26290ms iter=613 WAIST cost=19.0000 best_alt=15.0000 gap=4.0000 tried=5 sep_labels=15 clique_frac=0.08
t=26309ms iter=613 REBUILD reject new_tc=21.8619 (was 21.7252)
t=26329ms iter=613 incumb=21.7252 ratchet=21.8135 best=21.7188 since_improve=129
t=26331ms iter=614 WAIST cost=19.0000 best_alt=15.0000 gap=4.0000 tried=5 sep_labels=15 clique_frac=0.08
t=26350ms iter=614 REBUILD reject new_tc=22.1706 (was 21.7252)
t=26371ms iter=614 incumb=21.7252 ratchet=21.7793 best=21.7188 since_improve=130
t=26373ms iter=615 WAIST cost=19.0000 best_alt=15.0000 gap=4.0000 tried=5 sep_labels=15 clique_frac=0.08
t=26393ms iter=615 REBUILD reject new_tc=21.8879 (was 21.7252)
t=26414ms iter=615 incumb=21.7252 ratchet=21.7424 best=21.7188 since_improve=131
t=26415ms iter=616 WAIST cost=19.0000 best_alt=15.0000 gap=4.0000 tried=5 sep_labels=15 clique_frac=0.08
t=26435ms iter=616 REBUILD reject new_tc=21.9423 (was 21.7252)
t=26456ms iter=616 incumb=21.7252 ratchet=21.9786 best=21.7188 since_improve=132
t=26458ms iter=617 WAIST cost=19.0000 best_alt=15.0000 gap=4.0000 tried=5 sep_labels=15 clique_frac=0.08
t=26477ms iter=617 REBUILD reject new_tc=21.8612 (was 21.7252)
t=26499ms iter=617 incumb=21.7252 ratchet=21.7646 best=21.7188 since_improve=133
t=26500ms iter=618 WAIST cost=19.0000 best_alt=15.0000 gap=4.0000 tried=5 sep_labels=15 clique_frac=0.08
t=26520ms iter=618 REBUILD reject new_tc=21.9624 (was 21.7252)
t=26541ms iter=618 incumb=21.7252 ratchet=21.8935 best=21.7188 since_improve=134
t=26543ms iter=619 WAIST cost=19.0000 best_alt=15.0000 gap=4.0000 tried=5 sep_labels=15 clique_frac=0.08
t=26562ms iter=619 REBUILD reject new_tc=21.8625 (was 21.7252)
t=26598ms iter=619 incumb=21.7252 ratchet=21.7431 best=21.7188 since_improve=135
t=26602ms iter=620 WAIST cost=19.0000 best_alt=15.0000 gap=4.0000 tried=5 sep_labels=15 clique_frac=0.08
t=26632ms iter=620 REBUILD reject new_tc=21.8954 (was 21.7252)
t=26655ms iter=620 incumb=21.7252 ratchet=21.8567 best=21.7188 since_improve=136
t=26656ms iter=621 WAIST cost=19.0000 best_alt=15.0000 gap=4.0000 tried=5 sep_labels=15 clique_frac=0.08
t=26680ms iter=621 REBUILD reject new_tc=21.8584 (was 21.7252)
t=26707ms iter=621 incumb=21.7252 ratchet=21.8189 best=21.7188 since_improve=137
t=26708ms iter=622 WAIST cost=19.0000 best_alt=15.0000 gap=4.0000 tried=5 sep_labels=15 clique_frac=0.08
t=26728ms iter=622 REBUILD reject new_tc=21.7641 (was 21.7252)
t=26749ms iter=622 incumb=21.7252 ratchet=21.7693 best=21.7188 since_improve=138
t=26750ms iter=623 WAIST cost=19.0000 best_alt=15.0000 gap=4.0000 tried=5 sep_labels=15 clique_frac=0.08
t=26770ms iter=623 REBUILD reject new_tc=22.0969 (was 21.7252)
t=26791ms iter=623 incumb=21.7252 ratchet=21.7937 best=21.7188 since_improve=139
t=26792ms iter=624 WAIST cost=19.0000 best_alt=15.0000 gap=4.0000 tried=5 sep_labels=15 clique_frac=0.08
t=26812ms iter=624 REBUILD reject new_tc=21.8180 (was 21.7252)
t=26833ms iter=624 incumb=21.7252 ratchet=21.8934 best=21.7188 since_improve=140
t=26835ms iter=625 WAIST cost=19.0000 best_alt=15.0000 gap=4.0000 tried=5 sep_labels=15 clique_frac=0.08
t=26854ms iter=625 REBUILD reject new_tc=21.8570 (was 21.7252)
t=26875ms iter=625 incumb=21.7252 ratchet=21.8984 best=21.7188 since_improve=141
t=26876ms iter=626 WAIST cost=19.0000 best_alt=15.0000 gap=4.0000 tried=5 sep_labels=15 clique_frac=0.08
t=26895ms iter=626 REBUILD reject new_tc=21.8544 (was 21.7252)
t=26916ms iter=626 incumb=21.7252 ratchet=21.7565 best=21.7188 since_improve=142
t=26918ms iter=627 WAIST cost=19.0000 best_alt=15.0000 gap=4.0000 tried=5 sep_labels=15 clique_frac=0.08
t=26938ms iter=627 REBUILD reject new_tc=22.0865 (was 21.7252)
t=26959ms iter=627 incumb=21.7252 ratchet=21.9984 best=21.7188 since_improve=143
t=26960ms iter=628 WAIST cost=19.0000 best_alt=15.0000 gap=4.0000 tried=5 sep_labels=15 clique_frac=0.08
t=26980ms iter=628 REBUILD reject new_tc=22.1703 (was 21.7252)
t=27001ms iter=628 incumb=21.7252 ratchet=21.9372 best=21.7188 since_improve=144
t=27002ms iter=629 WAIST cost=19.0000 best_alt=15.0000 gap=4.0000 tried=5 sep_labels=15 clique_frac=0.08
t=27022ms iter=629 REBUILD reject new_tc=22.2474 (was 21.7252)
t=27043ms iter=629 incumb=21.7252 ratchet=21.8469 best=21.7188 since_improve=145
t=27045ms iter=630 WAIST cost=19.0000 best_alt=15.0000 gap=4.0000 tried=5 sep_labels=15 clique_frac=0.08
t=27064ms iter=630 REBUILD reject new_tc=21.9922 (was 21.7252)
t=27085ms iter=630 incumb=21.7252 ratchet=21.8932 best=21.7188 since_improve=146
t=27086ms iter=631 WAIST cost=19.0000 best_alt=15.0000 gap=4.0000 tried=5 sep_labels=15 clique_frac=0.08
t=27106ms iter=631 REBUILD reject new_tc=21.8934 (was 21.7252)
t=27136ms iter=631 incumb=21.7252 ratchet=21.7409 best=21.7155 since_improve=147
t=27137ms iter=632 WAIST cost=19.0000 best_alt=15.0000 gap=4.0000 tried=5 sep_labels=15 clique_frac=0.08
t=27157ms iter=632 REBUILD reject new_tc=21.8860 (was 21.7252)
t=27177ms iter=632 incumb=21.7252 ratchet=21.7999 best=21.7155 since_improve=148
t=27179ms iter=633 WAIST cost=19.0000 best_alt=15.0000 gap=4.0000 tried=5 sep_labels=15 clique_frac=0.08
t=27199ms iter=633 REBUILD reject new_tc=21.9540 (was 21.7252)
t=27220ms iter=633 incumb=21.7252 ratchet=22.0104 best=21.7155 since_improve=149
t=27221ms iter=634 WAIST cost=19.0000 best_alt=15.0000 gap=4.0000 tried=5 sep_labels=15 clique_frac=0.08
t=27240ms iter=634 REBUILD reject new_tc=21.9003 (was 21.7252)
t=27261ms iter=634 incumb=21.7252 ratchet=21.9055 best=21.7155 since_improve=150
t=27262ms iter=635 WAIST cost=19.0000 best_alt=15.0000 gap=4.0000 tried=5 sep_labels=15 clique_frac=0.08
t=27282ms iter=635 REBUILD reject new_tc=21.9409 (was 21.7252)
t=27302ms iter=635 incumb=21.7252 ratchet=21.7647 best=21.7155 since_improve=151
t=27304ms iter=636 WAIST cost=19.0000 best_alt=15.0000 gap=4.0000 tried=5 sep_labels=15 clique_frac=0.08
t=27323ms iter=636 REBUILD reject new_tc=21.8932 (was 21.7252)
t=27345ms iter=636 incumb=21.7252 ratchet=21.8294 best=21.7155 since_improve=152
t=27346ms iter=637 WAIST cost=19.0000 best_alt=15.0000 gap=4.0000 tried=5 sep_labels=15 clique_frac=0.08
t=27366ms iter=637 REBUILD reject new_tc=22.0297 (was 21.7252)
t=27387ms iter=637 incumb=21.7252 ratchet=22.0220 best=21.7155 since_improve=153
t=27388ms iter=638 WAIST cost=19.0000 best_alt=15.0000 gap=4.0000 tried=5 sep_labels=15 clique_frac=0.08
t=27408ms iter=638 REBUILD reject new_tc=21.9743 (was 21.7252)
t=27429ms iter=638 incumb=21.7252 ratchet=21.8152 best=21.7155 since_improve=154
t=27431ms iter=639 WAIST cost=19.0000 best_alt=15.0000 gap=4.0000 tried=5 sep_labels=15 clique_frac=0.08
t=27450ms iter=639 REBUILD reject new_tc=21.8529 (was 21.7252)
t=27472ms iter=639 incumb=21.7252 ratchet=21.8059 best=21.7155 since_improve=155
t=27473ms iter=640 WAIST cost=19.0000 best_alt=15.0000 gap=4.0000 tried=5 sep_labels=15 clique_frac=0.08
t=27493ms iter=640 REBUILD reject new_tc=22.1039 (was 21.7252)
t=27514ms iter=640 incumb=21.7252 ratchet=21.7283 best=21.7155 since_improve=156
t=27516ms iter=641 WAIST cost=19.0000 best_alt=15.0000 gap=4.0000 tried=5 sep_labels=15 clique_frac=0.08
t=27535ms iter=641 REBUILD reject new_tc=21.9606 (was 21.7252)
t=27557ms iter=641 incumb=21.7252 ratchet=21.8429 best=21.7155 since_improve=157
t=27558ms iter=642 WAIST cost=19.0000 best_alt=15.0000 gap=4.0000 tried=5 sep_labels=15 clique_frac=0.08
t=27578ms iter=642 REBUILD reject new_tc=22.1756 (was 21.7252)
t=27598ms iter=642 incumb=21.7252 ratchet=21.7397 best=21.7155 since_improve=158
t=27600ms iter=643 WAIST cost=19.0000 best_alt=15.0000 gap=4.0000 tried=5 sep_labels=15 clique_frac=0.08
t=27620ms iter=643 REBUILD reject new_tc=21.8045 (was 21.7252)
t=27641ms iter=643 incumb=21.7252 ratchet=21.8586 best=21.7155 since_improve=159
t=27643ms iter=644 WAIST cost=19.0000 best_alt=15.0000 gap=4.0000 tried=5 sep_labels=15 clique_frac=0.08
t=27662ms iter=644 REBUILD reject new_tc=21.7717 (was 21.7252)
t=27683ms iter=644 incumb=21.7252 ratchet=21.7659 best=21.7155 since_improve=160
t=27685ms iter=645 WAIST cost=19.0000 best_alt=15.0000 gap=4.0000 tried=5 sep_labels=15 clique_frac=0.08
t=27704ms iter=645 REBUILD reject new_tc=21.9431 (was 21.7252)
t=27725ms iter=645 incumb=21.7252 ratchet=21.8491 best=21.7155 since_improve=161
t=27726ms iter=646 WAIST cost=19.0000 best_alt=15.0000 gap=4.0000 tried=5 sep_labels=15 clique_frac=0.08
t=27745ms iter=646 REBUILD reject new_tc=21.9531 (was 21.7252)
t=27767ms iter=646 incumb=21.7252 ratchet=21.7548 best=21.7155 since_improve=162
t=27769ms iter=647 WAIST cost=19.0000 best_alt=15.0000 gap=4.0000 tried=5 sep_labels=15 clique_frac=0.08
t=27788ms iter=647 REBUILD reject new_tc=21.9273 (was 21.7252)
t=27809ms iter=647 incumb=21.7252 ratchet=21.7939 best=21.7155 since_improve=163
t=27810ms iter=648 WAIST cost=19.0000 best_alt=15.0000 gap=4.0000 tried=5 sep_labels=15 clique_frac=0.08
t=27829ms iter=648 REBUILD reject new_tc=22.1370 (was 21.7252)
t=27851ms iter=648 incumb=21.7252 ratchet=21.7411 best=21.7155 since_improve=164
t=27852ms iter=649 WAIST cost=19.0000 best_alt=15.0000 gap=4.0000 tried=5 sep_labels=15 clique_frac=0.08
t=27872ms iter=649 REBUILD reject new_tc=22.1074 (was 21.7252)
t=27893ms iter=649 incumb=21.7252 ratchet=21.7795 best=21.7155 since_improve=165
t=27894ms iter=650 WAIST cost=19.0000 best_alt=15.0000 gap=4.0000 tried=5 sep_labels=15 clique_frac=0.08
t=27913ms iter=650 REBUILD reject new_tc=21.8961 (was 21.7252)
t=27934ms iter=650 incumb=21.7252 ratchet=21.7901 best=21.7155 since_improve=166
t=27936ms iter=651 WAIST cost=19.0000 best_alt=15.0000 gap=4.0000 tried=5 sep_labels=15 clique_frac=0.08
t=27955ms iter=651 REBUILD reject new_tc=22.1699 (was 21.7252)
t=27976ms iter=651 incumb=21.7252 ratchet=21.8004 best=21.7155 since_improve=167
t=27978ms iter=652 WAIST cost=19.0000 best_alt=15.0000 gap=4.0000 tried=5 sep_labels=15 clique_frac=0.08
t=27997ms iter=652 REBUILD reject new_tc=21.9073 (was 21.7252)
t=28017ms iter=652 incumb=21.7252 ratchet=21.8345 best=21.7155 since_improve=168
t=28019ms iter=653 WAIST cost=19.0000 best_alt=15.0000 gap=4.0000 tried=5 sep_labels=15 clique_frac=0.08
t=28038ms iter=653 REBUILD reject new_tc=21.8578 (was 21.7252)
t=28059ms iter=653 incumb=21.7252 ratchet=21.7655 best=21.7155 since_improve=169
t=28061ms iter=654 WAIST cost=19.0000 best_alt=15.0000 gap=4.0000 tried=5 sep_labels=15 clique_frac=0.08
t=28080ms iter=654 REBUILD reject new_tc=21.8965 (was 21.7252)
t=28101ms iter=654 incumb=21.7252 ratchet=21.8462 best=21.7155 since_improve=170
t=28102ms iter=655 WAIST cost=19.0000 best_alt=15.0000 gap=4.0000 tried=5 sep_labels=15 clique_frac=0.08
t=28122ms iter=655 REBUILD reject new_tc=21.8472 (was 21.7252)
t=28143ms iter=655 incumb=21.7252 ratchet=21.9879 best=21.7155 since_improve=171
t=28144ms iter=656 WAIST cost=19.0000 best_alt=15.0000 gap=4.0000 tried=5 sep_labels=15 clique_frac=0.08
t=28163ms iter=656 REBUILD reject new_tc=22.0880 (was 21.7252)
t=28185ms iter=656 incumb=21.7252 ratchet=21.9909 best=21.7155 since_improve=172
t=28186ms iter=657 WAIST cost=19.0000 best_alt=15.0000 gap=4.0000 tried=5 sep_labels=15 clique_frac=0.08
t=28206ms iter=657 REBUILD reject new_tc=22.1966 (was 21.7252)
t=28227ms iter=657 incumb=21.7252 ratchet=21.7981 best=21.7155 since_improve=173
t=28228ms iter=658 WAIST cost=19.0000 best_alt=15.0000 gap=4.0000 tried=5 sep_labels=15 clique_frac=0.08
t=28248ms iter=658 REBUILD reject new_tc=21.8603 (was 21.7252)
t=28269ms iter=658 incumb=21.7252 ratchet=21.8082 best=21.7155 since_improve=174
t=28270ms iter=659 WAIST cost=19.0000 best_alt=15.0000 gap=4.0000 tried=5 sep_labels=15 clique_frac=0.08
t=28290ms iter=659 REBUILD reject new_tc=22.0237 (was 21.7252)
t=28311ms iter=659 incumb=21.7252 ratchet=21.7395 best=21.7155 since_improve=175
t=28312ms iter=660 WAIST cost=19.0000 best_alt=15.0000 gap=4.0000 tried=5 sep_labels=15 clique_frac=0.08
t=28332ms iter=660 REBUILD reject new_tc=21.8575 (was 21.7252)
t=28354ms iter=660 incumb=21.7252 ratchet=21.7461 best=21.7155 since_improve=176
t=28355ms iter=661 WAIST cost=19.0000 best_alt=15.0000 gap=4.0000 tried=5 sep_labels=15 clique_frac=0.08
t=28375ms iter=661 REBUILD reject new_tc=22.1692 (was 21.7252)
t=28396ms iter=661 incumb=21.7252 ratchet=21.7921 best=21.7155 since_improve=177
t=28397ms iter=662 WAIST cost=19.0000 best_alt=15.0000 gap=4.0000 tried=5 sep_labels=15 clique_frac=0.08
t=28417ms iter=662 REBUILD reject new_tc=22.2538 (was 21.7252)
t=28438ms iter=662 incumb=21.7252 ratchet=21.7957 best=21.7155 since_improve=178
t=28439ms iter=663 WAIST cost=19.0000 best_alt=15.0000 gap=4.0000 tried=5 sep_labels=15 clique_frac=0.08
t=28459ms iter=663 REBUILD reject new_tc=22.1685 (was 21.7252)
t=28480ms iter=663 incumb=21.7252 ratchet=21.8063 best=21.7155 since_improve=179
t=28481ms iter=664 WAIST cost=19.0000 best_alt=15.0000 gap=4.0000 tried=5 sep_labels=15 clique_frac=0.08
t=28501ms iter=664 REBUILD reject new_tc=21.9402 (was 21.7252)
t=28522ms iter=664 incumb=21.7252 ratchet=21.7431 best=21.7155 since_improve=180
t=28523ms iter=665 WAIST cost=19.0000 best_alt=15.0000 gap=4.0000 tried=5 sep_labels=15 clique_frac=0.08
t=28543ms iter=665 REBUILD reject new_tc=21.8694 (was 21.7252)
t=28564ms iter=665 incumb=21.7252 ratchet=21.9624 best=21.7155 since_improve=181
t=28565ms iter=666 WAIST cost=19.0000 best_alt=15.0000 gap=4.0000 tried=5 sep_labels=15 clique_frac=0.08
t=28585ms iter=666 REBUILD reject new_tc=21.8541 (was 21.7252)
t=28606ms iter=666 incumb=21.7252 ratchet=21.7467 best=21.7155 since_improve=182
t=28607ms iter=667 WAIST cost=19.0000 best_alt=15.0000 gap=4.0000 tried=5 sep_labels=15 clique_frac=0.08
t=28627ms iter=667 REBUILD reject new_tc=21.9097 (was 21.7252)
t=28647ms iter=667 incumb=21.7252 ratchet=21.8084 best=21.7155 since_improve=183
t=28649ms iter=668 WAIST cost=19.0000 best_alt=15.0000 gap=4.0000 tried=5 sep_labels=15 clique_frac=0.08
t=28669ms iter=668 REBUILD reject new_tc=22.0962 (was 21.7252)
t=28689ms iter=668 incumb=21.7252 ratchet=21.9673 best=21.7155 since_improve=184
t=28691ms iter=669 WAIST cost=19.0000 best_alt=15.0000 gap=4.0000 tried=5 sep_labels=15 clique_frac=0.08
t=28710ms iter=669 REBUILD reject new_tc=21.8576 (was 21.7252)
t=28731ms iter=669 incumb=21.7252 ratchet=21.9325 best=21.7155 since_improve=185
t=28732ms iter=670 WAIST cost=19.0000 best_alt=15.0000 gap=4.0000 tried=5 sep_labels=15 clique_frac=0.08
t=28752ms iter=670 REBUILD reject new_tc=21.7655 (was 21.7252)
t=28773ms iter=670 incumb=21.7252 ratchet=21.8224 best=21.7155 since_improve=186
t=28774ms iter=671 WAIST cost=19.0000 best_alt=15.0000 gap=4.0000 tried=5 sep_labels=15 clique_frac=0.08
t=28794ms iter=671 REBUILD reject new_tc=22.1714 (was 21.7252)
t=28815ms iter=671 incumb=21.7252 ratchet=21.8412 best=21.7155 since_improve=187
t=28816ms iter=672 WAIST cost=19.0000 best_alt=15.0000 gap=4.0000 tried=5 sep_labels=15 clique_frac=0.08
t=28835ms iter=672 REBUILD reject new_tc=22.0900 (was 21.7252)
t=28857ms iter=672 incumb=21.7252 ratchet=21.8950 best=21.7155 since_improve=188
t=28858ms iter=673 WAIST cost=19.0000 best_alt=15.0000 gap=4.0000 tried=5 sep_labels=15 clique_frac=0.08
t=28878ms iter=673 REBUILD reject new_tc=21.8057 (was 21.7252)
t=28899ms iter=673 incumb=21.7252 ratchet=21.8641 best=21.7155 since_improve=189
t=28901ms iter=674 WAIST cost=19.0000 best_alt=15.0000 gap=4.0000 tried=5 sep_labels=15 clique_frac=0.08
t=28920ms iter=674 REBUILD reject new_tc=21.8558 (was 21.7252)
t=28941ms iter=674 incumb=21.7252 ratchet=21.8218 best=21.7155 since_improve=190
t=28942ms iter=675 WAIST cost=19.0000 best_alt=15.0000 gap=4.0000 tried=5 sep_labels=15 clique_frac=0.08
t=28962ms iter=675 REBUILD reject new_tc=22.1007 (was 21.7252)
t=28983ms iter=675 incumb=21.7252 ratchet=21.7972 best=21.7155 since_improve=191
t=28984ms iter=676 WAIST cost=19.0000 best_alt=15.0000 gap=4.0000 tried=5 sep_labels=15 clique_frac=0.08
t=29004ms iter=676 REBUILD reject new_tc=21.9450 (was 21.7252)
t=29025ms iter=676 incumb=21.7252 ratchet=21.8520 best=21.7155 since_improve=192
t=29027ms iter=677 WAIST cost=19.0000 best_alt=15.0000 gap=4.0000 tried=5 sep_labels=15 clique_frac=0.08
t=29047ms iter=677 REBUILD reject new_tc=21.9438 (was 21.7252)
t=29067ms iter=677 incumb=21.7252 ratchet=21.8935 best=21.7155 since_improve=193
t=29069ms iter=678 WAIST cost=19.0000 best_alt=15.0000 gap=4.0000 tried=5 sep_labels=15 clique_frac=0.08
t=29088ms iter=678 REBUILD reject new_tc=21.8690 (was 21.7252)
t=29109ms iter=678 incumb=21.7252 ratchet=21.8322 best=21.7155 since_improve=194
t=29110ms iter=679 WAIST cost=19.0000 best_alt=15.0000 gap=4.0000 tried=5 sep_labels=15 clique_frac=0.08
t=29130ms iter=679 REBUILD reject new_tc=21.7522 (was 21.7252)
t=29151ms iter=679 incumb=21.7252 ratchet=21.8877 best=21.7155 since_improve=195
t=29153ms iter=680 WAIST cost=19.0000 best_alt=15.0000 gap=4.0000 tried=5 sep_labels=15 clique_frac=0.08
t=29172ms iter=680 REBUILD reject new_tc=21.9490 (was 21.7252)
t=29193ms iter=680 incumb=21.7252 ratchet=21.7740 best=21.7155 since_improve=196
t=29194ms iter=681 WAIST cost=19.0000 best_alt=15.0000 gap=4.0000 tried=5 sep_labels=15 clique_frac=0.08
t=29214ms iter=681 REBUILD reject new_tc=22.1166 (was 21.7252)
t=29235ms iter=681 incumb=21.7252 ratchet=21.7543 best=21.7155 since_improve=197
t=29236ms iter=682 WAIST cost=19.0000 best_alt=15.0000 gap=4.0000 tried=5 sep_labels=15 clique_frac=0.08
t=29256ms iter=682 REBUILD reject new_tc=21.9713 (was 21.7252)
t=29277ms iter=682 incumb=21.7252 ratchet=21.7386 best=21.7155 since_improve=198
t=29278ms iter=683 WAIST cost=19.0000 best_alt=15.0000 gap=4.0000 tried=5 sep_labels=15 clique_frac=0.08
t=29297ms iter=683 REBUILD reject new_tc=22.1225 (was 21.7252)
t=29318ms iter=683 incumb=21.7252 ratchet=21.8082 best=21.7155 since_improve=199
t=29320ms iter=684 WAIST cost=19.0000 best_alt=15.0000 gap=4.0000 tried=5 sep_labels=15 clique_frac=0.08
t=29340ms iter=684 REBUILD reject new_tc=21.7761 (was 21.7252)
t=29361ms iter=684 incumb=21.7252 ratchet=21.8869 best=21.7155 since_improve=200
t=29362ms iter=685 WAIST cost=19.0000 best_alt=15.0000 gap=4.0000 tried=5 sep_labels=15 clique_frac=0.08
t=29382ms iter=685 REBUILD reject new_tc=21.8449 (was 21.7252)
t=29403ms iter=685 incumb=21.7252 ratchet=21.9055 best=21.7155 since_improve=201
t=29404ms iter=686 WAIST cost=19.0000 best_alt=15.0000 gap=4.0000 tried=5 sep_labels=15 clique_frac=0.08
t=29423ms iter=686 REBUILD reject new_tc=21.8448 (was 21.7252)
t=29445ms iter=686 incumb=21.7252 ratchet=21.8309 best=21.7155 since_improve=202
t=29446ms iter=687 WAIST cost=19.0000 best_alt=15.0000 gap=4.0000 tried=5 sep_labels=15 clique_frac=0.08
t=29466ms iter=687 REBUILD reject new_tc=21.7718 (was 21.7252)
t=29487ms iter=687 incumb=21.7252 ratchet=21.8448 best=21.7155 since_improve=203
t=29488ms iter=688 WAIST cost=19.0000 best_alt=15.0000 gap=4.0000 tried=5 sep_labels=15 clique_frac=0.08
t=29508ms iter=688 REBUILD reject new_tc=22.1661 (was 21.7252)
t=29529ms iter=688 incumb=21.7252 ratchet=21.7567 best=21.7155 since_improve=204
t=29530ms iter=689 WAIST cost=19.0000 best_alt=15.0000 gap=4.0000 tried=5 sep_labels=15 clique_frac=0.08
t=29550ms iter=689 REBUILD reject new_tc=22.4995 (was 21.7252)
t=29571ms iter=689 incumb=21.7252 ratchet=21.7563 best=21.7155 since_improve=205
t=29572ms iter=690 WAIST cost=19.0000 best_alt=15.0000 gap=4.0000 tried=5 sep_labels=15 clique_frac=0.08
t=29592ms iter=690 REBUILD reject new_tc=21.9559 (was 21.7252)
t=29613ms iter=690 incumb=21.7252 ratchet=21.7555 best=21.7155 since_improve=206
t=29614ms iter=691 WAIST cost=19.0000 best_alt=15.0000 gap=4.0000 tried=5 sep_labels=15 clique_frac=0.08
t=29634ms iter=691 REBUILD reject new_tc=22.1100 (was 21.7252)
t=29655ms iter=691 incumb=21.7252 ratchet=21.7310 best=21.7155 since_improve=207
t=29656ms iter=692 WAIST cost=19.0000 best_alt=15.0000 gap=4.0000 tried=5 sep_labels=15 clique_frac=0.08
t=29676ms iter=692 REBUILD reject new_tc=22.1669 (was 21.7252)
t=29697ms iter=692 incumb=21.7252 ratchet=21.8999 best=21.7155 since_improve=208
t=29698ms iter=693 WAIST cost=19.0000 best_alt=15.0000 gap=4.0000 tried=5 sep_labels=15 clique_frac=0.08
t=29718ms iter=693 REBUILD reject new_tc=21.9413 (was 21.7252)
t=29739ms iter=693 incumb=21.7252 ratchet=21.7398 best=21.7155 since_improve=209
t=29740ms iter=694 WAIST cost=19.0000 best_alt=15.0000 gap=4.0000 tried=5 sep_labels=15 clique_frac=0.08
t=29759ms iter=694 REBUILD reject new_tc=21.8611 (was 21.7252)
t=29780ms iter=694 incumb=21.7252 ratchet=21.8041 best=21.7155 since_improve=210
t=29781ms iter=695 WAIST cost=19.0000 best_alt=15.0000 gap=4.0000 tried=5 sep_labels=15 clique_frac=0.08
t=29801ms iter=695 REBUILD reject new_tc=22.0492 (was 21.7252)
t=29822ms iter=695 incumb=21.7252 ratchet=21.8599 best=21.7155 since_improve=211
t=29824ms iter=696 WAIST cost=19.0000 best_alt=15.0000 gap=4.0000 tried=5 sep_labels=15 clique_frac=0.08
t=29843ms iter=696 REBUILD reject new_tc=21.7527 (was 21.7252)
t=29864ms iter=696 incumb=21.7252 ratchet=21.8124 best=21.7155 since_improve=212
t=29865ms iter=697 WAIST cost=19.0000 best_alt=15.0000 gap=4.0000 tried=5 sep_labels=15 clique_frac=0.08
t=29885ms iter=697 REBUILD reject new_tc=21.7671 (was 21.7252)
t=29905ms iter=697 incumb=21.7252 ratchet=21.9888 best=21.7155 since_improve=213
t=29907ms iter=698 WAIST cost=19.0000 best_alt=15.0000 gap=4.0000 tried=5 sep_labels=15 clique_frac=0.08
t=29926ms iter=698 REBUILD reject new_tc=21.8948 (was 21.7252)
t=29948ms iter=698 incumb=21.7252 ratchet=22.1180 best=21.7155 since_improve=214
t=29949ms iter=699 WAIST cost=19.0000 best_alt=15.0000 gap=4.0000 tried=5 sep_labels=15 clique_frac=0.08
t=29968ms iter=699 REBUILD reject new_tc=21.9963 (was 21.7252)
t=29989ms iter=699 incumb=21.7252 ratchet=22.0583 best=21.7155 since_improve=215
t=29990ms iter=700 WAIST cost=19.0000 best_alt=15.0000 gap=4.0000 tried=5 sep_labels=15 clique_frac=0.08
t=30010ms iter=700 REBUILD reject new_tc=22.0418 (was 21.7252)
t=30031ms iter=700 incumb=21.7252 ratchet=21.7957 best=21.7155 since_improve=216
t=30032ms iter=701 WAIST cost=19.0000 best_alt=15.0000 gap=4.0000 tried=5 sep_labels=15 clique_frac=0.08
t=30052ms iter=701 REBUILD reject new_tc=21.9074 (was 21.7252)
t=30073ms iter=701 incumb=21.7252 ratchet=21.8557 best=21.7155 since_improve=217
t=30074ms iter=702 WAIST cost=19.0000 best_alt=15.0000 gap=4.0000 tried=5 sep_labels=15 clique_frac=0.08
t=30093ms iter=702 REBUILD reject new_tc=21.9152 (was 21.7252)
t=30115ms iter=702 incumb=21.7252 ratchet=21.7519 best=21.7155 since_improve=218
t=30116ms iter=703 WAIST cost=19.0000 best_alt=15.0000 gap=4.0000 tried=5 sep_labels=15 clique_frac=0.08
t=30136ms iter=703 REBUILD reject new_tc=22.2932 (was 21.7252)
t=30157ms iter=703 incumb=21.7252 ratchet=21.8838 best=21.7155 since_improve=219
t=30158ms iter=704 WAIST cost=19.0000 best_alt=15.0000 gap=4.0000 tried=5 sep_labels=15 clique_frac=0.08
t=30177ms iter=704 REBUILD reject new_tc=21.8684 (was 21.7252)
t=30198ms iter=704 incumb=21.7252 ratchet=21.8177 best=21.7155 since_improve=220
t=30199ms iter=705 WAIST cost=19.0000 best_alt=15.0000 gap=4.0000 tried=5 sep_labels=15 clique_frac=0.08
t=30219ms iter=705 REBUILD reject new_tc=21.8544 (was 21.7252)
t=30239ms iter=705 incumb=21.7252 ratchet=21.8863 best=21.7155 since_improve=221
t=30241ms iter=706 WAIST cost=19.0000 best_alt=15.0000 gap=4.0000 tried=5 sep_labels=15 clique_frac=0.08
t=30260ms iter=706 REBUILD reject new_tc=21.9410 (was 21.7252)
t=30281ms iter=706 incumb=21.7252 ratchet=21.7393 best=21.7155 since_improve=222
t=30283ms iter=707 WAIST cost=19.0000 best_alt=15.0000 gap=4.0000 tried=5 sep_labels=15 clique_frac=0.08
t=30302ms iter=707 REBUILD reject new_tc=22.1696 (was 21.7252)
t=30323ms iter=707 incumb=21.7252 ratchet=21.7537 best=21.7155 since_improve=223
t=30324ms iter=708 WAIST cost=19.0000 best_alt=15.0000 gap=4.0000 tried=5 sep_labels=15 clique_frac=0.08
t=30344ms iter=708 REBUILD reject new_tc=21.8665 (was 21.7252)
t=30366ms iter=708 incumb=21.7252 ratchet=21.9167 best=21.7155 since_improve=224
t=30367ms iter=709 WAIST cost=19.0000 best_alt=15.0000 gap=4.0000 tried=5 sep_labels=15 clique_frac=0.08
t=30387ms iter=709 REBUILD reject new_tc=22.0882 (was 21.7252)
t=30411ms iter=709 incumb=21.7252 ratchet=21.7542 best=21.7155 since_improve=225
t=30412ms iter=710 WAIST cost=19.0000 best_alt=15.0000 gap=4.0000 tried=5 sep_labels=15 clique_frac=0.08
t=30433ms iter=710 REBUILD reject new_tc=21.7649 (was 21.7252)
t=30453ms iter=710 incumb=21.7252 ratchet=21.7661 best=21.7155 since_improve=226
t=30455ms iter=711 WAIST cost=19.0000 best_alt=15.0000 gap=4.0000 tried=5 sep_labels=15 clique_frac=0.08
t=30474ms iter=711 REBUILD reject new_tc=22.0361 (was 21.7252)
t=30496ms iter=711 incumb=21.7252 ratchet=21.7656 best=21.7155 since_improve=227
t=30497ms iter=712 WAIST cost=19.0000 best_alt=15.0000 gap=4.0000 tried=5 sep_labels=15 clique_frac=0.08
t=30516ms iter=712 REBUILD reject new_tc=22.1918 (was 21.7252)
t=30537ms iter=712 incumb=21.7252 ratchet=21.8082 best=21.7155 since_improve=228
t=30538ms iter=713 WAIST cost=19.0000 best_alt=15.0000 gap=4.0000 tried=5 sep_labels=15 clique_frac=0.08
t=30557ms iter=713 REBUILD reject new_tc=22.0892 (was 21.7252)
t=30578ms iter=713 incumb=21.7252 ratchet=21.8170 best=21.7155 since_improve=229
t=30579ms iter=714 WAIST cost=19.0000 best_alt=15.0000 gap=4.0000 tried=5 sep_labels=15 clique_frac=0.08
t=30599ms iter=714 REBUILD reject new_tc=21.7538 (was 21.7252)
t=30620ms iter=714 incumb=21.7252 ratchet=21.7447 best=21.7155 since_improve=230
t=30621ms iter=715 WAIST cost=19.0000 best_alt=15.0000 gap=4.0000 tried=5 sep_labels=15 clique_frac=0.08
t=30641ms iter=715 REBUILD reject new_tc=21.7967 (was 21.7252)
t=30662ms iter=715 incumb=21.7252 ratchet=21.8556 best=21.7155 since_improve=231
t=30663ms iter=716 WAIST cost=19.0000 best_alt=15.0000 gap=4.0000 tried=5 sep_labels=15 clique_frac=0.08
t=30682ms iter=716 REBUILD reject new_tc=21.9806 (was 21.7252)
t=30703ms iter=716 incumb=21.7252 ratchet=21.8142 best=21.7155 since_improve=232
t=30704ms iter=717 WAIST cost=19.0000 best_alt=15.0000 gap=4.0000 tried=5 sep_labels=15 clique_frac=0.08
t=30724ms iter=717 REBUILD reject new_tc=21.9403 (was 21.7252)
t=30745ms iter=717 incumb=21.7252 ratchet=21.7692 best=21.7155 since_improve=233
t=30746ms iter=718 WAIST cost=19.0000 best_alt=15.0000 gap=4.0000 tried=5 sep_labels=15 clique_frac=0.08
t=30766ms iter=718 REBUILD reject new_tc=21.7761 (was 21.7252)
t=30787ms iter=718 incumb=21.7252 ratchet=21.8139 best=21.7155 since_improve=234
t=30788ms iter=719 WAIST cost=19.0000 best_alt=15.0000 gap=4.0000 tried=5 sep_labels=15 clique_frac=0.08
t=30807ms iter=719 REBUILD reject new_tc=22.1401 (was 21.7252)
t=30828ms iter=719 incumb=21.7252 ratchet=21.7502 best=21.7155 since_improve=235
t=30830ms iter=720 WAIST cost=19.0000 best_alt=15.0000 gap=4.0000 tried=5 sep_labels=15 clique_frac=0.08
t=30850ms iter=720 REBUILD reject new_tc=22.1278 (was 21.7252)
t=30871ms iter=720 incumb=21.7252 ratchet=21.8878 best=21.7155 since_improve=236
t=30873ms iter=721 WAIST cost=19.0000 best_alt=15.0000 gap=4.0000 tried=5 sep_labels=15 clique_frac=0.08
t=30892ms iter=721 REBUILD reject new_tc=21.7687 (was 21.7252)
t=30914ms iter=721 incumb=21.7252 ratchet=21.7549 best=21.7155 since_improve=237
t=30915ms iter=722 WAIST cost=19.0000 best_alt=15.0000 gap=4.0000 tried=5 sep_labels=15 clique_frac=0.08
t=30935ms iter=722 REBUILD reject new_tc=21.8657 (was 21.7252)
t=30956ms iter=722 incumb=21.7252 ratchet=22.0757 best=21.7155 since_improve=238
t=30957ms iter=723 WAIST cost=19.0000 best_alt=15.0000 gap=4.0000 tried=5 sep_labels=15 clique_frac=0.08
t=30977ms iter=723 REBUILD reject new_tc=22.0935 (was 21.7252)
t=30998ms iter=723 incumb=21.7252 ratchet=21.8317 best=21.7155 since_improve=239
t=30999ms iter=724 WAIST cost=19.0000 best_alt=15.0000 gap=4.0000 tried=5 sep_labels=15 clique_frac=0.08
t=31018ms iter=724 REBUILD reject new_tc=22.2426 (was 21.7252)
t=31040ms iter=724 incumb=21.7252 ratchet=21.9414 best=21.7155 since_improve=240
t=31041ms iter=725 WAIST cost=19.0000 best_alt=15.0000 gap=4.0000 tried=5 sep_labels=15 clique_frac=0.08
t=31061ms iter=725 REBUILD reject new_tc=21.8103 (was 21.7252)
t=31082ms iter=725 incumb=21.7252 ratchet=21.7560 best=21.7155 since_improve=241
t=31083ms iter=726 WAIST cost=19.0000 best_alt=15.0000 gap=4.0000 tried=5 sep_labels=15 clique_frac=0.08
t=31103ms iter=726 REBUILD reject new_tc=21.9430 (was 21.7252)
t=31123ms iter=726 incumb=21.7252 ratchet=21.7966 best=21.7155 since_improve=242
t=31125ms iter=727 WAIST cost=19.0000 best_alt=15.0000 gap=4.0000 tried=5 sep_labels=15 clique_frac=0.08
t=31144ms iter=727 REBUILD reject new_tc=22.1811 (was 21.7252)
t=31165ms iter=727 incumb=21.7252 ratchet=21.9338 best=21.7155 since_improve=243
t=31167ms iter=728 WAIST cost=19.0000 best_alt=15.0000 gap=4.0000 tried=5 sep_labels=15 clique_frac=0.08
t=31186ms iter=728 REBUILD reject new_tc=21.7635 (was 21.7252)
t=31207ms iter=728 incumb=21.7252 ratchet=21.7394 best=21.7155 since_improve=244
t=31209ms iter=729 WAIST cost=19.0000 best_alt=15.0000 gap=4.0000 tried=5 sep_labels=15 clique_frac=0.08
t=31229ms iter=729 REBUILD reject new_tc=22.1144 (was 21.7252)
t=31250ms iter=729 incumb=21.7252 ratchet=21.8368 best=21.7155 since_improve=245
t=31252ms iter=730 WAIST cost=19.0000 best_alt=15.0000 gap=4.0000 tried=5 sep_labels=15 clique_frac=0.08
t=31271ms iter=730 REBUILD reject new_tc=21.7546 (was 21.7252)
t=31292ms iter=730 incumb=21.7252 ratchet=21.9395 best=21.7155 since_improve=246
t=31294ms iter=731 WAIST cost=19.0000 best_alt=15.0000 gap=4.0000 tried=5 sep_labels=15 clique_frac=0.08
t=31314ms iter=731 REBUILD reject new_tc=21.9243 (was 21.7252)
t=31335ms iter=731 incumb=21.7252 ratchet=21.8968 best=21.7155 since_improve=247
t=31336ms iter=732 WAIST cost=19.0000 best_alt=15.0000 gap=4.0000 tried=5 sep_labels=15 clique_frac=0.08
t=31356ms iter=732 REBUILD reject new_tc=22.1436 (was 21.7252)
t=31376ms iter=732 incumb=21.7252 ratchet=21.8901 best=21.7155 since_improve=248
t=31378ms iter=733 WAIST cost=19.0000 best_alt=15.0000 gap=4.0000 tried=5 sep_labels=15 clique_frac=0.08
t=31397ms iter=733 REBUILD reject new_tc=21.8075 (was 21.7252)
t=31418ms iter=733 incumb=21.7252 ratchet=21.8460 best=21.7155 since_improve=249
t=31420ms iter=734 WAIST cost=19.0000 best_alt=15.0000 gap=4.0000 tried=5 sep_labels=15 clique_frac=0.08
t=31439ms iter=734 REBUILD reject new_tc=21.9412 (was 21.7252)
t=31460ms iter=734 incumb=21.7252 ratchet=21.8312 best=21.7155 since_improve=250
t=31461ms iter=735 WAIST cost=19.0000 best_alt=15.0000 gap=4.0000 tried=5 sep_labels=15 clique_frac=0.08
t=31481ms iter=735 REBUILD reject new_tc=21.9474 (was 21.7252)
t=31501ms iter=735 incumb=21.7252 ratchet=21.8066 best=21.7155 since_improve=251
t=31503ms iter=736 WAIST cost=19.0000 best_alt=15.0000 gap=4.0000 tried=5 sep_labels=15 clique_frac=0.08
t=31522ms iter=736 REBUILD reject new_tc=21.8819 (was 21.7252)
t=31543ms iter=736 incumb=21.7252 ratchet=21.9708 best=21.7155 since_improve=252
t=31544ms iter=737 WAIST cost=19.0000 best_alt=15.0000 gap=4.0000 tried=5 sep_labels=15 clique_frac=0.08
t=31564ms iter=737 REBUILD reject new_tc=22.1668 (was 21.7252)
t=31584ms iter=737 incumb=21.7252 ratchet=21.8938 best=21.7155 since_improve=253
t=31586ms iter=738 WAIST cost=19.0000 best_alt=15.0000 gap=4.0000 tried=5 sep_labels=15 clique_frac=0.08
t=31605ms iter=738 REBUILD reject new_tc=21.8775 (was 21.7252)
t=31627ms iter=738 incumb=21.7252 ratchet=21.7395 best=21.7155 since_improve=254
t=31628ms iter=739 WAIST cost=19.0000 best_alt=15.0000 gap=4.0000 tried=5 sep_labels=15 clique_frac=0.08
t=31647ms iter=739 REBUILD reject new_tc=21.8605 (was 21.7252)
t=31668ms iter=739 incumb=21.7252 ratchet=21.9277 best=21.7155 since_improve=255
t=31670ms iter=740 WAIST cost=19.0000 best_alt=15.0000 gap=4.0000 tried=5 sep_labels=15 clique_frac=0.08
t=31689ms iter=740 REBUILD reject new_tc=22.1687 (was 21.7252)
t=31709ms iter=740 incumb=21.7252 ratchet=22.1893 best=21.7155 since_improve=256
t=31711ms iter=741 WAIST cost=19.0000 best_alt=15.0000 gap=4.0000 tried=5 sep_labels=15 clique_frac=0.08
t=31730ms iter=741 REBUILD reject new_tc=21.9875 (was 21.7252)
t=31751ms iter=741 incumb=21.7252 ratchet=21.7931 best=21.7155 since_improve=257
t=31753ms iter=742 WAIST cost=19.0000 best_alt=15.0000 gap=4.0000 tried=5 sep_labels=15 clique_frac=0.08
t=31772ms iter=742 REBUILD reject new_tc=21.7533 (was 21.7252)
t=31793ms iter=742 incumb=21.7252 ratchet=21.9295 best=21.7155 since_improve=258
t=31794ms iter=743 WAIST cost=19.0000 best_alt=15.0000 gap=4.0000 tried=5 sep_labels=15 clique_frac=0.08
t=31813ms iter=743 REBUILD reject new_tc=21.9421 (was 21.7252)
t=31834ms iter=743 incumb=21.7252 ratchet=21.8724 best=21.7155 since_improve=259
t=31836ms iter=744 WAIST cost=19.0000 best_alt=15.0000 gap=4.0000 tried=5 sep_labels=15 clique_frac=0.08
t=31855ms iter=744 REBUILD reject new_tc=22.0185 (was 21.7252)
t=31877ms iter=744 incumb=21.7252 ratchet=21.8088 best=21.7155 since_improve=260
t=31878ms iter=745 WAIST cost=19.0000 best_alt=15.0000 gap=4.0000 tried=5 sep_labels=15 clique_frac=0.08
t=31897ms iter=745 REBUILD reject new_tc=22.0953 (was 21.7252)
t=31918ms iter=745 incumb=21.7252 ratchet=21.7415 best=21.7155 since_improve=261
t=31920ms iter=746 WAIST cost=19.0000 best_alt=15.0000 gap=4.0000 tried=5 sep_labels=15 clique_frac=0.08
t=31940ms iter=746 REBUILD reject new_tc=21.7520 (was 21.7252)
t=31960ms iter=746 incumb=21.7252 ratchet=21.8980 best=21.7155 since_improve=262
t=31962ms iter=747 WAIST cost=19.0000 best_alt=15.0000 gap=4.0000 tried=5 sep_labels=15 clique_frac=0.08
t=31981ms iter=747 REBUILD reject new_tc=21.8563 (was 21.7252)
t=32002ms iter=747 incumb=21.7252 ratchet=21.7944 best=21.7155 since_improve=263
t=32003ms iter=748 WAIST cost=19.0000 best_alt=15.0000 gap=4.0000 tried=5 sep_labels=15 clique_frac=0.08
t=32023ms iter=748 REBUILD reject new_tc=21.8915 (was 21.7252)
t=32044ms iter=748 incumb=21.7252 ratchet=21.7444 best=21.7155 since_improve=264
t=32045ms iter=749 WAIST cost=19.0000 best_alt=15.0000 gap=4.0000 tried=5 sep_labels=15 clique_frac=0.08
t=32065ms iter=749 REBUILD reject new_tc=21.7662 (was 21.7252)
t=32086ms iter=749 incumb=21.7252 ratchet=21.8247 best=21.7155 since_improve=265
t=32087ms iter=750 WAIST cost=19.0000 best_alt=15.0000 gap=4.0000 tried=5 sep_labels=15 clique_frac=0.08
t=32106ms iter=750 REBUILD reject new_tc=22.4395 (was 21.7252)
t=32127ms iter=750 incumb=21.7252 ratchet=21.7484 best=21.7155 since_improve=266
t=32128ms iter=751 WAIST cost=19.0000 best_alt=15.0000 gap=4.0000 tried=5 sep_labels=15 clique_frac=0.08
t=32148ms iter=751 REBUILD reject new_tc=21.8559 (was 21.7252)
t=32169ms iter=751 incumb=21.7252 ratchet=22.0803 best=21.7155 since_improve=267
t=32170ms iter=752 WAIST cost=19.0000 best_alt=15.0000 gap=4.0000 tried=5 sep_labels=15 clique_frac=0.08
t=32190ms iter=752 REBUILD reject new_tc=21.8555 (was 21.7252)
t=32210ms iter=752 incumb=21.7252 ratchet=21.7558 best=21.7155 since_improve=268
t=32212ms iter=753 WAIST cost=19.0000 best_alt=15.0000 gap=4.0000 tried=5 sep_labels=15 clique_frac=0.08
t=32231ms iter=753 REBUILD reject new_tc=21.9383 (was 21.7252)
t=32252ms iter=753 incumb=21.7252 ratchet=21.8562 best=21.7155 since_improve=269
t=32253ms iter=754 WAIST cost=19.0000 best_alt=15.0000 gap=4.0000 tried=5 sep_labels=15 clique_frac=0.08
t=32273ms iter=754 REBUILD reject new_tc=22.1676 (was 21.7252)
t=32293ms iter=754 incumb=21.7252 ratchet=21.9680 best=21.7155 since_improve=270
t=32295ms iter=755 WAIST cost=19.0000 best_alt=15.0000 gap=4.0000 tried=5 sep_labels=15 clique_frac=0.08
t=32314ms iter=755 REBUILD reject new_tc=22.1144 (was 21.7252)
t=32335ms iter=755 incumb=21.7252 ratchet=22.0055 best=21.7155 since_improve=271
t=32336ms iter=756 WAIST cost=19.0000 best_alt=15.0000 gap=4.0000 tried=5 sep_labels=15 clique_frac=0.08
t=32355ms iter=756 REBUILD reject new_tc=22.3237 (was 21.7252)
t=32376ms iter=756 incumb=21.7252 ratchet=21.8805 best=21.7155 since_improve=272
t=32377ms iter=757 WAIST cost=19.0000 best_alt=15.0000 gap=4.0000 tried=5 sep_labels=15 clique_frac=0.08
t=32397ms iter=757 REBUILD reject new_tc=21.8562 (was 21.7252)
t=32417ms iter=757 incumb=21.7252 ratchet=21.8449 best=21.7155 since_improve=273
t=32419ms iter=758 WAIST cost=19.0000 best_alt=15.0000 gap=4.0000 tried=5 sep_labels=15 clique_frac=0.08
t=32438ms iter=758 REBUILD reject new_tc=21.9552 (was 21.7252)
t=32458ms iter=758 incumb=21.7252 ratchet=21.7522 best=21.7155 since_improve=274
t=32460ms iter=759 WAIST cost=19.0000 best_alt=15.0000 gap=4.0000 tried=5 sep_labels=15 clique_frac=0.08
t=32480ms iter=759 REBUILD reject new_tc=21.9435 (was 21.7252)
t=32501ms iter=759 incumb=21.7252 ratchet=21.8649 best=21.7155 since_improve=275
t=32502ms iter=760 WAIST cost=19.0000 best_alt=15.0000 gap=4.0000 tried=5 sep_labels=15 clique_frac=0.08
t=32522ms iter=760 REBUILD reject new_tc=22.0727 (was 21.7252)
t=32543ms iter=760 incumb=21.7252 ratchet=21.9161 best=21.7155 since_improve=276
t=32544ms iter=761 WAIST cost=19.0000 best_alt=15.0000 gap=4.0000 tried=5 sep_labels=15 clique_frac=0.08
t=32564ms iter=761 REBUILD reject new_tc=21.9431 (was 21.7252)
t=32584ms iter=761 incumb=21.7252 ratchet=21.8031 best=21.7155 since_improve=277
t=32586ms iter=762 WAIST cost=19.0000 best_alt=15.0000 gap=4.0000 tried=5 sep_labels=15 clique_frac=0.08
t=32605ms iter=762 REBUILD reject new_tc=21.8547 (was 21.7252)
t=32627ms iter=762 incumb=21.7252 ratchet=21.7535 best=21.7155 since_improve=278
t=32628ms iter=763 WAIST cost=19.0000 best_alt=15.0000 gap=4.0000 tried=5 sep_labels=15 clique_frac=0.08
t=32647ms iter=763 REBUILD reject new_tc=21.8561 (was 21.7252)
t=32668ms iter=763 incumb=21.7252 ratchet=21.7580 best=21.7155 since_improve=279
t=32670ms iter=764 WAIST cost=19.0000 best_alt=15.0000 gap=4.0000 tried=5 sep_labels=15 clique_frac=0.08
t=32689ms iter=764 REBUILD reject new_tc=22.0722 (was 21.7252)
t=32709ms iter=764 incumb=21.7252 ratchet=21.8442 best=21.7155 since_improve=280
t=32711ms iter=765 WAIST cost=19.0000 best_alt=15.0000 gap=4.0000 tried=5 sep_labels=15 clique_frac=0.08
t=32730ms iter=765 REBUILD reject new_tc=22.3437 (was 21.7252)
t=32752ms iter=765 incumb=21.7252 ratchet=21.9410 best=21.7155 since_improve=281
t=32753ms iter=766 WAIST cost=19.0000 best_alt=15.0000 gap=4.0000 tried=5 sep_labels=15 clique_frac=0.08
t=32773ms iter=766 REBUILD reject new_tc=22.0438 (was 21.7252)
t=32794ms iter=766 incumb=21.7252 ratchet=21.8955 best=21.7155 since_improve=282
t=32795ms iter=767 WAIST cost=19.0000 best_alt=15.0000 gap=4.0000 tried=5 sep_labels=15 clique_frac=0.08
t=32815ms iter=767 REBUILD reject new_tc=22.0877 (was 21.7252)
t=32836ms iter=767 incumb=21.7252 ratchet=21.8460 best=21.7155 since_improve=283
t=32838ms iter=768 WAIST cost=19.0000 best_alt=15.0000 gap=4.0000 tried=5 sep_labels=15 clique_frac=0.08
t=32857ms iter=768 REBUILD reject new_tc=21.9389 (was 21.7252)
t=32878ms iter=768 incumb=21.7252 ratchet=21.8952 best=21.7155 since_improve=284
t=32880ms iter=769 WAIST cost=19.0000 best_alt=15.0000 gap=4.0000 tried=5 sep_labels=15 clique_frac=0.08
t=32899ms iter=769 REBUILD reject new_tc=21.9552 (was 21.7252)
t=32920ms iter=769 incumb=21.7252 ratchet=21.8851 best=21.7155 since_improve=285
t=32921ms iter=770 WAIST cost=19.0000 best_alt=15.0000 gap=4.0000 tried=5 sep_labels=15 clique_frac=0.08
t=32941ms iter=770 REBUILD reject new_tc=21.9980 (was 21.7252)
t=32961ms iter=770 incumb=21.7252 ratchet=21.7548 best=21.7155 since_improve=286
t=32963ms iter=771 WAIST cost=19.0000 best_alt=15.0000 gap=4.0000 tried=5 sep_labels=15 clique_frac=0.08
t=32982ms iter=771 REBUILD reject new_tc=21.7668 (was 21.7252)
t=33004ms iter=771 incumb=21.7252 ratchet=21.8203 best=21.7155 since_improve=287
t=33005ms iter=772 WAIST cost=19.0000 best_alt=15.0000 gap=4.0000 tried=5 sep_labels=15 clique_frac=0.08
t=33024ms iter=772 REBUILD reject new_tc=22.1672 (was 21.7252)
t=33045ms iter=772 incumb=21.7252 ratchet=21.8562 best=21.7155 since_improve=288
t=33047ms iter=773 WAIST cost=19.0000 best_alt=15.0000 gap=4.0000 tried=5 sep_labels=15 clique_frac=0.08
t=33067ms iter=773 REBUILD reject new_tc=22.0205 (was 21.7252)
t=33087ms iter=773 incumb=21.7252 ratchet=22.1190 best=21.7155 since_improve=289
t=33089ms iter=774 WAIST cost=19.0000 best_alt=15.0000 gap=4.0000 tried=5 sep_labels=15 clique_frac=0.08
t=33109ms iter=774 REBUILD reject new_tc=21.8430 (was 21.7252)
t=33130ms iter=774 incumb=21.7252 ratchet=21.7886 best=21.7155 since_improve=290
t=33131ms iter=775 WAIST cost=19.0000 best_alt=15.0000 gap=4.0000 tried=5 sep_labels=15 clique_frac=0.08
t=33151ms iter=775 REBUILD reject new_tc=21.9420 (was 21.7252)
t=33172ms iter=775 incumb=21.7252 ratchet=21.9390 best=21.7155 since_improve=291
t=33173ms iter=776 WAIST cost=19.0000 best_alt=15.0000 gap=4.0000 tried=5 sep_labels=15 clique_frac=0.08
t=33192ms iter=776 REBUILD reject new_tc=21.8044 (was 21.7252)
t=33213ms iter=776 incumb=21.7252 ratchet=21.9050 best=21.7155 since_improve=292
t=33215ms iter=777 WAIST cost=19.0000 best_alt=15.0000 gap=4.0000 tried=5 sep_labels=15 clique_frac=0.08
t=33234ms iter=777 REBUILD reject new_tc=21.8517 (was 21.7252)
t=33255ms iter=777 incumb=21.7252 ratchet=21.7378 best=21.7155 since_improve=293
t=33257ms iter=778 WAIST cost=19.0000 best_alt=15.0000 gap=4.0000 tried=5 sep_labels=15 clique_frac=0.08
t=33276ms iter=778 REBUILD reject new_tc=22.1223 (was 21.7252)
t=33297ms iter=778 incumb=21.7252 ratchet=21.8039 best=21.7155 since_improve=294
t=33298ms iter=779 WAIST cost=19.0000 best_alt=15.0000 gap=4.0000 tried=5 sep_labels=15 clique_frac=0.08
t=33317ms iter=779 REBUILD reject new_tc=22.0887 (was 21.7252)
t=33338ms iter=779 incumb=21.7252 ratchet=21.9408 best=21.7155 since_improve=295
t=33340ms iter=780 WAIST cost=19.0000 best_alt=15.0000 gap=4.0000 tried=5 sep_labels=15 clique_frac=0.08
t=33359ms iter=780 REBUILD reject new_tc=21.9423 (was 21.7252)
t=33381ms iter=780 incumb=21.7252 ratchet=21.7664 best=21.7155 since_improve=296
t=33382ms iter=781 WAIST cost=19.0000 best_alt=15.0000 gap=4.0000 tried=5 sep_labels=15 clique_frac=0.08
t=33401ms iter=781 REBUILD reject new_tc=21.8083 (was 21.7252)
t=33422ms iter=781 incumb=21.7252 ratchet=21.7492 best=21.7155 since_improve=297
t=33424ms iter=782 WAIST cost=19.0000 best_alt=15.0000 gap=4.0000 tried=5 sep_labels=15 clique_frac=0.08
t=33443ms iter=782 REBUILD reject new_tc=22.0364 (was 21.7252)
t=33464ms iter=782 incumb=21.7252 ratchet=21.7671 best=21.7155 since_improve=298
t=33465ms iter=783 WAIST cost=19.0000 best_alt=15.0000 gap=4.0000 tried=5 sep_labels=15 clique_frac=0.08
t=33485ms iter=783 REBUILD reject new_tc=22.3257 (was 21.7252)
t=33506ms iter=783 incumb=21.7252 ratchet=21.7397 best=21.7155 since_improve=299
t=33507ms iter=784 WAIST cost=19.0000 best_alt=15.0000 gap=4.0000 tried=5 sep_labels=15 clique_frac=0.08
t=33526ms iter=784 REBUILD reject new_tc=21.8910 (was 21.7252)
t=33547ms iter=784 incumb=21.7252 ratchet=21.8013 best=21.7155 since_improve=300
t=33549ms iter=785 WAIST cost=19.0000 best_alt=15.0000 gap=4.0000 tried=5 sep_labels=15 clique_frac=0.08
t=33568ms iter=785 REBUILD reject new_tc=21.9022 (was 21.7252)
t=33589ms iter=785 incumb=21.7252 ratchet=21.7524 best=21.7155 since_improve=301
t=33591ms iter=786 WAIST cost=19.0000 best_alt=15.0000 gap=4.0000 tried=5 sep_labels=15 clique_frac=0.08
t=33610ms iter=786 REBUILD reject new_tc=21.8586 (was 21.7252)
t=33632ms iter=786 incumb=21.7252 ratchet=21.8112 best=21.7155 since_improve=302
t=33633ms iter=787 WAIST cost=19.0000 best_alt=15.0000 gap=4.0000 tried=5 sep_labels=15 clique_frac=0.08
t=33653ms iter=787 REBUILD reject new_tc=22.1535 (was 21.7252)
t=33674ms iter=787 incumb=21.7252 ratchet=22.0762 best=21.7155 since_improve=303
t=33676ms iter=788 WAIST cost=19.0000 best_alt=15.0000 gap=4.0000 tried=5 sep_labels=15 clique_frac=0.08
t=33695ms iter=788 REBUILD reject new_tc=22.0869 (was 21.7252)
t=33716ms iter=788 incumb=21.7252 ratchet=21.9389 best=21.7155 since_improve=304
t=33718ms iter=789 WAIST cost=19.0000 best_alt=15.0000 gap=4.0000 tried=5 sep_labels=15 clique_frac=0.08
t=33737ms iter=789 REBUILD reject new_tc=22.2522 (was 21.7252)
t=33758ms iter=789 incumb=21.7252 ratchet=21.7949 best=21.7155 since_improve=305
t=33760ms iter=790 WAIST cost=19.0000 best_alt=15.0000 gap=4.0000 tried=5 sep_labels=15 clique_frac=0.08
t=33779ms iter=790 REBUILD reject new_tc=22.1671 (was 21.7252)
t=33800ms iter=790 incumb=21.7252 ratchet=21.7402 best=21.7155 since_improve=306
t=33802ms iter=791 WAIST cost=19.0000 best_alt=15.0000 gap=4.0000 tried=5 sep_labels=15 clique_frac=0.08
t=33821ms iter=791 REBUILD reject new_tc=22.0865 (was 21.7252)
t=33842ms iter=791 incumb=21.7252 ratchet=21.8311 best=21.7155 since_improve=307
t=33844ms iter=792 WAIST cost=19.0000 best_alt=15.0000 gap=4.0000 tried=5 sep_labels=15 clique_frac=0.08
t=33864ms iter=792 REBUILD reject new_tc=21.7516 (was 21.7252)
t=33885ms iter=792 incumb=21.7252 ratchet=22.0197 best=21.7155 since_improve=308
t=33886ms iter=793 WAIST cost=19.0000 best_alt=15.0000 gap=4.0000 tried=5 sep_labels=15 clique_frac=0.08
t=33906ms iter=793 REBUILD reject new_tc=22.2891 (was 21.7252)
t=33927ms iter=793 incumb=21.7252 ratchet=21.8902 best=21.7155 since_improve=309
t=33928ms iter=794 WAIST cost=19.0000 best_alt=15.0000 gap=4.0000 tried=5 sep_labels=15 clique_frac=0.08
t=33948ms iter=794 REBUILD reject new_tc=21.9760 (was 21.7252)
t=33969ms iter=794 incumb=21.7252 ratchet=21.7528 best=21.7155 since_improve=310
t=33970ms iter=795 WAIST cost=19.0000 best_alt=15.0000 gap=4.0000 tried=5 sep_labels=15 clique_frac=0.08
t=33990ms iter=795 REBUILD reject new_tc=21.8976 (was 21.7252)
t=34011ms iter=795 incumb=21.7252 ratchet=21.7795 best=21.7155 since_improve=311
t=34013ms iter=796 WAIST cost=19.0000 best_alt=15.0000 gap=4.0000 tried=5 sep_labels=15 clique_frac=0.08
t=34032ms iter=796 REBUILD reject new_tc=22.1669 (was 21.7252)
t=34054ms iter=796 incumb=21.7252 ratchet=21.8436 best=21.7155 since_improve=312
t=34055ms iter=797 WAIST cost=19.0000 best_alt=15.0000 gap=4.0000 tried=5 sep_labels=15 clique_frac=0.08
t=34075ms iter=797 REBUILD reject new_tc=21.9977 (was 21.7252)
t=34095ms iter=797 incumb=21.7252 ratchet=21.8330 best=21.7155 since_improve=313
t=34096ms iter=798 WAIST cost=19.0000 best_alt=15.0000 gap=4.0000 tried=5 sep_labels=15 clique_frac=0.08
t=34116ms iter=798 REBUILD reject new_tc=21.8594 (was 21.7252)
t=34137ms iter=798 incumb=21.7252 ratchet=21.7387 best=21.7155 since_improve=314
t=34138ms iter=799 WAIST cost=19.0000 best_alt=15.0000 gap=4.0000 tried=5 sep_labels=15 clique_frac=0.08
t=34158ms iter=799 REBUILD reject new_tc=21.9856 (was 21.7252)
t=34179ms iter=799 incumb=21.7252 ratchet=21.7711 best=21.7155 since_improve=315
t=34180ms iter=800 WAIST cost=19.0000 best_alt=15.0000 gap=4.0000 tried=5 sep_labels=15 clique_frac=0.08
t=34200ms iter=800 REBUILD reject new_tc=21.8952 (was 21.7252)
t=34221ms iter=800 incumb=21.7252 ratchet=21.9050 best=21.7155 since_improve=316
t=34222ms iter=801 WAIST cost=19.0000 best_alt=15.0000 gap=4.0000 tried=5 sep_labels=15 clique_frac=0.08
t=34242ms iter=801 REBUILD reject new_tc=22.3303 (was 21.7252)
t=34263ms iter=801 incumb=21.7252 ratchet=21.8680 best=21.7155 since_improve=317
t=34264ms iter=802 WAIST cost=19.0000 best_alt=15.0000 gap=4.0000 tried=5 sep_labels=15 clique_frac=0.08
t=34283ms iter=802 REBUILD reject new_tc=22.1219 (was 21.7252)
t=34304ms iter=802 incumb=21.7252 ratchet=21.9547 best=21.7155 since_improve=318
t=34306ms iter=803 WAIST cost=19.0000 best_alt=15.0000 gap=4.0000 tried=5 sep_labels=15 clique_frac=0.08
t=34325ms iter=803 REBUILD reject new_tc=21.9635 (was 21.7252)
t=34346ms iter=803 incumb=21.7252 ratchet=21.9008 best=21.7155 since_improve=319
t=34348ms iter=804 WAIST cost=19.0000 best_alt=15.0000 gap=4.0000 tried=5 sep_labels=15 clique_frac=0.08
t=34367ms iter=804 REBUILD reject new_tc=22.3514 (was 21.7252)
t=34387ms iter=804 incumb=21.7252 ratchet=21.9201 best=21.7155 since_improve=320
t=34389ms iter=805 WAIST cost=19.0000 best_alt=15.0000 gap=4.0000 tried=5 sep_labels=15 clique_frac=0.08
t=34408ms iter=805 REBUILD reject new_tc=22.1100 (was 21.7252)
t=34429ms iter=805 incumb=21.7252 ratchet=22.0106 best=21.7155 since_improve=321
t=34430ms iter=806 WAIST cost=19.0000 best_alt=15.0000 gap=4.0000 tried=5 sep_labels=15 clique_frac=0.08
t=34450ms iter=806 REBUILD reject new_tc=22.1632 (was 21.7252)
t=34471ms iter=806 incumb=21.7252 ratchet=22.0692 best=21.7155 since_improve=322
t=34472ms iter=807 WAIST cost=19.0000 best_alt=15.0000 gap=4.0000 tried=5 sep_labels=15 clique_frac=0.08
t=34492ms iter=807 REBUILD reject new_tc=21.9464 (was 21.7252)
t=34512ms iter=807 incumb=21.7252 ratchet=21.8950 best=21.7155 since_improve=323
t=34514ms iter=808 WAIST cost=19.0000 best_alt=15.0000 gap=4.0000 tried=5 sep_labels=15 clique_frac=0.08
t=34533ms iter=808 REBUILD reject new_tc=22.1274 (was 21.7252)
t=34554ms iter=808 incumb=21.7252 ratchet=21.8071 best=21.7155 since_improve=324
t=34555ms iter=809 WAIST cost=19.0000 best_alt=15.0000 gap=4.0000 tried=5 sep_labels=15 clique_frac=0.08
t=34574ms iter=809 REBUILD reject new_tc=22.2864 (was 21.7252)
t=34594ms iter=809 incumb=21.7252 ratchet=21.7544 best=21.7155 since_improve=325
t=34596ms iter=810 WAIST cost=19.0000 best_alt=15.0000 gap=4.0000 tried=5 sep_labels=15 clique_frac=0.08
t=34615ms iter=810 REBUILD reject new_tc=21.9065 (was 21.7252)
t=34636ms iter=810 incumb=21.7252 ratchet=21.7999 best=21.7155 since_improve=326
t=34638ms iter=811 WAIST cost=19.0000 best_alt=15.0000 gap=4.0000 tried=5 sep_labels=15 clique_frac=0.08
t=34657ms iter=811 REBUILD reject new_tc=21.8586 (was 21.7252)
t=34678ms iter=811 incumb=21.7252 ratchet=21.8739 best=21.7155 since_improve=327
t=34680ms iter=812 WAIST cost=19.0000 best_alt=15.0000 gap=4.0000 tried=5 sep_labels=15 clique_frac=0.08
t=34699ms iter=812 REBUILD reject new_tc=21.8923 (was 21.7252)
t=34720ms iter=812 incumb=21.7252 ratchet=21.7580 best=21.7155 since_improve=328
t=34721ms iter=813 WAIST cost=19.0000 best_alt=15.0000 gap=4.0000 tried=5 sep_labels=15 clique_frac=0.08
t=34741ms iter=813 REBUILD reject new_tc=21.7653 (was 21.7252)
t=34762ms iter=813 incumb=21.7252 ratchet=21.7434 best=21.7155 since_improve=329
t=34763ms iter=814 WAIST cost=19.0000 best_alt=15.0000 gap=4.0000 tried=5 sep_labels=15 clique_frac=0.08
t=34782ms iter=814 REBUILD reject new_tc=21.9609 (was 21.7252)
t=34803ms iter=814 incumb=21.7252 ratchet=22.0474 best=21.7155 since_improve=330
t=34804ms iter=815 WAIST cost=19.0000 best_alt=15.0000 gap=4.0000 tried=5 sep_labels=15 clique_frac=0.08
t=34824ms iter=815 REBUILD reject new_tc=21.8570 (was 21.7252)
t=34844ms iter=815 incumb=21.7252 ratchet=21.8945 best=21.7155 since_improve=331
t=34846ms iter=816 WAIST cost=19.0000 best_alt=15.0000 gap=4.0000 tried=5 sep_labels=15 clique_frac=0.08
t=34865ms iter=816 REBUILD reject new_tc=21.8597 (was 21.7252)
t=34885ms iter=816 incumb=21.7252 ratchet=21.8083 best=21.7155 since_improve=332
t=34887ms iter=817 WAIST cost=19.0000 best_alt=15.0000 gap=4.0000 tried=5 sep_labels=15 clique_frac=0.08
t=34906ms iter=817 REBUILD reject new_tc=22.1923 (was 21.7252)
t=34927ms iter=817 incumb=21.7252 ratchet=22.0716 best=21.7155 since_improve=333
t=34929ms iter=818 WAIST cost=19.0000 best_alt=15.0000 gap=4.0000 tried=5 sep_labels=15 clique_frac=0.08
t=34948ms iter=818 REBUILD reject new_tc=22.1698 (was 21.7252)
t=34969ms iter=818 incumb=21.7252 ratchet=21.9792 best=21.7155 since_improve=334
t=34970ms iter=819 WAIST cost=19.0000 best_alt=15.0000 gap=4.0000 tried=5 sep_labels=15 clique_frac=0.08
t=34990ms iter=819 REBUILD reject new_tc=21.8063 (was 21.7252)
t=35011ms iter=819 incumb=21.7252 ratchet=21.8572 best=21.7155 since_improve=335
t=35013ms iter=820 WAIST cost=19.0000 best_alt=15.0000 gap=4.0000 tried=5 sep_labels=15 clique_frac=0.08
t=35032ms iter=820 REBUILD reject new_tc=21.8585 (was 21.7252)
t=35053ms iter=820 incumb=21.7252 ratchet=21.9257 best=21.7155 since_improve=336
t=35055ms iter=821 WAIST cost=19.0000 best_alt=15.0000 gap=4.0000 tried=5 sep_labels=15 clique_frac=0.08
t=35074ms iter=821 REBUILD reject new_tc=22.0872 (was 21.7252)
t=35095ms iter=821 incumb=21.7252 ratchet=21.9775 best=21.7155 since_improve=337
t=35097ms iter=822 WAIST cost=19.0000 best_alt=15.0000 gap=4.0000 tried=5 sep_labels=15 clique_frac=0.08
t=35116ms iter=822 REBUILD reject new_tc=21.9419 (was 21.7252)
t=35136ms iter=822 incumb=21.7252 ratchet=21.8455 best=21.7155 since_improve=338
t=35137ms iter=823 WAIST cost=19.0000 best_alt=15.0000 gap=4.0000 tried=5 sep_labels=15 clique_frac=0.08
t=35157ms iter=823 REBUILD reject new_tc=22.1174 (was 21.7252)
t=35177ms iter=823 incumb=21.7252 ratchet=21.9871 best=21.7155 since_improve=339
t=35179ms iter=824 WAIST cost=19.0000 best_alt=15.0000 gap=4.0000 tried=5 sep_labels=15 clique_frac=0.08
t=35198ms iter=824 REBUILD reject new_tc=21.8571 (was 21.7252)
t=35219ms iter=824 incumb=21.7252 ratchet=21.7679 best=21.7155 since_improve=340
t=35221ms iter=825 WAIST cost=19.0000 best_alt=15.0000 gap=4.0000 tried=5 sep_labels=15 clique_frac=0.08
t=35240ms iter=825 REBUILD reject new_tc=21.8617 (was 21.7252)
t=35261ms iter=825 incumb=21.7252 ratchet=21.8552 best=21.7155 since_improve=341
t=35263ms iter=826 WAIST cost=19.0000 best_alt=15.0000 gap=4.0000 tried=5 sep_labels=15 clique_frac=0.08
t=35282ms iter=826 REBUILD reject new_tc=21.8558 (was 21.7252)
t=35303ms iter=826 incumb=21.7252 ratchet=21.8307 best=21.7155 since_improve=342
t=35305ms iter=827 WAIST cost=19.0000 best_alt=15.0000 gap=4.0000 tried=5 sep_labels=15 clique_frac=0.08
t=35324ms iter=827 REBUILD reject new_tc=22.0327 (was 21.7252)
t=35345ms iter=827 incumb=21.7252 ratchet=21.7263 best=21.7155 since_improve=343
t=35346ms iter=828 WAIST cost=19.0000 best_alt=15.0000 gap=4.0000 tried=5 sep_labels=15 clique_frac=0.08
t=35366ms iter=828 REBUILD reject new_tc=22.2517 (was 21.7252)
t=35387ms iter=828 incumb=21.7252 ratchet=21.7672 best=21.7155 since_improve=344
t=35388ms iter=829 WAIST cost=19.0000 best_alt=15.0000 gap=4.0000 tried=5 sep_labels=15 clique_frac=0.08
t=35407ms iter=829 REBUILD reject new_tc=22.2236 (was 21.7252)
t=35429ms iter=829 incumb=21.7252 ratchet=21.8929 best=21.7155 since_improve=345
t=35430ms iter=830 WAIST cost=19.0000 best_alt=15.0000 gap=4.0000 tried=5 sep_labels=15 clique_frac=0.08
t=35450ms iter=830 REBUILD reject new_tc=21.8952 (was 21.7252)
t=35471ms iter=830 incumb=21.7252 ratchet=22.0070 best=21.7155 since_improve=346
t=35473ms iter=831 WAIST cost=19.0000 best_alt=15.0000 gap=4.0000 tried=5 sep_labels=15 clique_frac=0.08
t=35492ms iter=831 REBUILD reject new_tc=22.3364 (was 21.7252)
t=35513ms iter=831 incumb=21.7252 ratchet=21.8461 best=21.7155 since_improve=347
t=35515ms iter=832 WAIST cost=19.0000 best_alt=15.0000 gap=4.0000 tried=5 sep_labels=15 clique_frac=0.08
t=35534ms iter=832 REBUILD reject new_tc=22.1681 (was 21.7252)
t=35555ms iter=832 incumb=21.7252 ratchet=21.8456 best=21.7155 since_improve=348
t=35556ms iter=833 WAIST cost=19.0000 best_alt=15.0000 gap=4.0000 tried=5 sep_labels=15 clique_frac=0.08
t=35576ms iter=833 REBUILD reject new_tc=22.0228 (was 21.7252)
t=35597ms iter=833 incumb=21.7252 ratchet=21.7911 best=21.7155 since_improve=349
t=35598ms iter=834 WAIST cost=19.0000 best_alt=15.0000 gap=4.0000 tried=5 sep_labels=15 clique_frac=0.08
t=35618ms iter=834 REBUILD reject new_tc=21.8651 (was 21.7252)
t=35639ms iter=834 incumb=21.7252 ratchet=21.7458 best=21.7155 since_improve=350
t=35640ms iter=835 WAIST cost=19.0000 best_alt=15.0000 gap=4.0000 tried=5 sep_labels=15 clique_frac=0.08
t=35660ms iter=835 REBUILD reject new_tc=21.8557 (was 21.7252)
t=35681ms iter=835 incumb=21.7252 ratchet=21.7924 best=21.7155 since_improve=351
t=35683ms iter=836 WAIST cost=19.0000 best_alt=15.0000 gap=4.0000 tried=5 sep_labels=15 clique_frac=0.08
t=35702ms iter=836 REBUILD reject new_tc=21.8911 (was 21.7252)
t=35724ms iter=836 incumb=21.7252 ratchet=21.8837 best=21.7155 since_improve=352
t=35725ms iter=837 WAIST cost=19.0000 best_alt=15.0000 gap=4.0000 tried=5 sep_labels=15 clique_frac=0.08
t=35745ms iter=837 REBUILD reject new_tc=21.8945 (was 21.7252)
t=35766ms iter=837 incumb=21.7252 ratchet=21.7940 best=21.7155 since_improve=353
t=35768ms iter=838 WAIST cost=19.0000 best_alt=15.0000 gap=4.0000 tried=5 sep_labels=15 clique_frac=0.08
t=35787ms iter=838 REBUILD reject new_tc=22.2049 (was 21.7252)
t=35808ms iter=838 incumb=21.7252 ratchet=21.7963 best=21.7155 since_improve=354
t=35810ms iter=839 WAIST cost=19.0000 best_alt=15.0000 gap=4.0000 tried=5 sep_labels=15 clique_frac=0.08
t=35829ms iter=839 REBUILD reject new_tc=22.1070 (was 21.7252)
t=35851ms iter=839 incumb=21.7252 ratchet=21.9200 best=21.7155 since_improve=355
t=35852ms iter=840 WAIST cost=19.0000 best_alt=15.0000 gap=4.0000 tried=5 sep_labels=15 clique_frac=0.08
t=35872ms iter=840 REBUILD reject new_tc=22.1324 (was 21.7252)
t=35893ms iter=840 incumb=21.7252 ratchet=21.8786 best=21.7155 since_improve=356
t=35895ms iter=841 WAIST cost=19.0000 best_alt=15.0000 gap=4.0000 tried=5 sep_labels=15 clique_frac=0.08
t=35914ms iter=841 REBUILD reject new_tc=22.1672 (was 21.7252)
t=35935ms iter=841 incumb=21.7252 ratchet=21.7433 best=21.7155 since_improve=357
t=35936ms iter=842 WAIST cost=19.0000 best_alt=15.0000 gap=4.0000 tried=5 sep_labels=15 clique_frac=0.08
t=35956ms iter=842 REBUILD reject new_tc=21.9393 (was 21.7252)
t=35977ms iter=842 incumb=21.7252 ratchet=21.8337 best=21.7155 since_improve=358
t=35978ms iter=843 WAIST cost=19.0000 best_alt=15.0000 gap=4.0000 tried=5 sep_labels=15 clique_frac=0.08
t=35997ms iter=843 REBUILD reject new_tc=22.3190 (was 21.7252)
t=36018ms iter=843 incumb=21.7252 ratchet=21.8339 best=21.7155 since_improve=359
t=36020ms iter=844 WAIST cost=19.0000 best_alt=15.0000 gap=4.0000 tried=5 sep_labels=15 clique_frac=0.08
t=36039ms iter=844 REBUILD reject new_tc=22.3314 (was 21.7252)
t=36060ms iter=844 incumb=21.7252 ratchet=22.0535 best=21.7155 since_improve=360
t=36061ms iter=845 WAIST cost=19.0000 best_alt=15.0000 gap=4.0000 tried=5 sep_labels=15 clique_frac=0.08
t=36081ms iter=845 REBUILD reject new_tc=21.8527 (was 21.7252)
t=36102ms iter=845 incumb=21.7252 ratchet=21.7797 best=21.7155 since_improve=361
t=36104ms iter=846 WAIST cost=19.0000 best_alt=15.0000 gap=4.0000 tried=5 sep_labels=15 clique_frac=0.08
t=36123ms iter=846 REBUILD reject new_tc=22.3255 (was 21.7252)
t=36144ms iter=846 incumb=21.7252 ratchet=21.8251 best=21.7155 since_improve=362
t=36146ms iter=847 WAIST cost=19.0000 best_alt=15.0000 gap=4.0000 tried=5 sep_labels=15 clique_frac=0.08
t=36166ms iter=847 REBUILD reject new_tc=21.9012 (was 21.7252)
t=36187ms iter=847 incumb=21.7252 ratchet=21.8957 best=21.7155 since_improve=363
t=36189ms iter=848 WAIST cost=19.0000 best_alt=15.0000 gap=4.0000 tried=5 sep_labels=15 clique_frac=0.08
t=36208ms iter=848 REBUILD reject new_tc=22.3457 (was 21.7252)
t=36229ms iter=848 incumb=21.7252 ratchet=21.8080 best=21.7155 since_improve=364
t=36231ms iter=849 WAIST cost=19.0000 best_alt=15.0000 gap=4.0000 tried=5 sep_labels=15 clique_frac=0.08
t=36250ms iter=849 REBUILD reject new_tc=22.1737 (was 21.7252)
t=36271ms iter=849 incumb=21.7252 ratchet=21.7790 best=21.7155 since_improve=365
t=36273ms iter=850 WAIST cost=19.0000 best_alt=15.0000 gap=4.0000 tried=5 sep_labels=15 clique_frac=0.08
t=36292ms iter=850 REBUILD reject new_tc=22.0855 (was 21.7252)
t=36313ms iter=850 incumb=21.7252 ratchet=21.8455 best=21.7155 since_improve=366
t=36315ms iter=851 WAIST cost=19.0000 best_alt=15.0000 gap=4.0000 tried=5 sep_labels=15 clique_frac=0.08
t=36334ms iter=851 REBUILD reject new_tc=22.1685 (was 21.7252)
t=36355ms iter=851 incumb=21.7252 ratchet=21.7896 best=21.7155 since_improve=367
t=36357ms iter=852 WAIST cost=19.0000 best_alt=15.0000 gap=4.0000 tried=5 sep_labels=15 clique_frac=0.08
t=36376ms iter=852 REBUILD reject new_tc=21.8044 (was 21.7252)
t=36398ms iter=852 incumb=21.7252 ratchet=21.8715 best=21.7155 since_improve=368
t=36399ms iter=853 WAIST cost=19.0000 best_alt=15.0000 gap=4.0000 tried=5 sep_labels=15 clique_frac=0.08
t=36419ms iter=853 REBUILD reject new_tc=21.9536 (was 21.7252)
t=36439ms iter=853 incumb=21.7252 ratchet=21.8916 best=21.7155 since_improve=369
t=36441ms iter=854 WAIST cost=19.0000 best_alt=15.0000 gap=4.0000 tried=5 sep_labels=15 clique_frac=0.08
t=36461ms iter=854 REBUILD reject new_tc=21.8299 (was 21.7252)
t=36481ms iter=854 incumb=21.7252 ratchet=22.0263 best=21.7155 since_improve=370
t=36483ms iter=855 WAIST cost=19.0000 best_alt=15.0000 gap=4.0000 tried=5 sep_labels=15 clique_frac=0.08
t=36502ms iter=855 REBUILD reject new_tc=21.7651 (was 21.7252)
t=36523ms iter=855 incumb=21.7252 ratchet=21.8840 best=21.7155 since_improve=371
t=36524ms iter=856 WAIST cost=19.0000 best_alt=15.0000 gap=4.0000 tried=5 sep_labels=15 clique_frac=0.08
t=36543ms iter=856 REBUILD reject new_tc=22.1766 (was 21.7252)
t=36563ms iter=856 incumb=21.7252 ratchet=21.8646 best=21.7155 since_improve=372
t=36565ms iter=857 WAIST cost=19.0000 best_alt=15.0000 gap=4.0000 tried=5 sep_labels=15 clique_frac=0.08
t=36584ms iter=857 REBUILD reject new_tc=21.7611 (was 21.7252)
t=36605ms iter=857 incumb=21.7252 ratchet=21.8175 best=21.7155 since_improve=373
t=36606ms iter=858 WAIST cost=19.0000 best_alt=15.0000 gap=4.0000 tried=5 sep_labels=15 clique_frac=0.08
t=36626ms iter=858 REBUILD reject new_tc=21.8041 (was 21.7252)
t=36647ms iter=858 incumb=21.7252 ratchet=21.7637 best=21.7155 since_improve=374
t=36648ms iter=859 WAIST cost=19.0000 best_alt=15.0000 gap=4.0000 tried=5 sep_labels=15 clique_frac=0.08
t=36668ms iter=859 REBUILD reject new_tc=21.7673 (was 21.7252)
t=36688ms iter=859 incumb=21.7252 ratchet=21.7410 best=21.7155 since_improve=375
t=36690ms iter=860 WAIST cost=19.0000 best_alt=15.0000 gap=4.0000 tried=5 sep_labels=15 clique_frac=0.08
t=36709ms iter=860 REBUILD reject new_tc=21.9411 (was 21.7252)
t=36730ms iter=860 incumb=21.7252 ratchet=21.8453 best=21.7155 since_improve=376
t=36731ms iter=861 WAIST cost=19.0000 best_alt=15.0000 gap=4.0000 tried=5 sep_labels=15 clique_frac=0.08
t=36751ms iter=861 REBUILD reject new_tc=22.0541 (was 21.7252)
t=36772ms iter=861 incumb=21.7252 ratchet=21.9205 best=21.7155 since_improve=377
t=36773ms iter=862 WAIST cost=19.0000 best_alt=15.0000 gap=4.0000 tried=5 sep_labels=15 clique_frac=0.08
t=36793ms iter=862 REBUILD reject new_tc=22.1694 (was 21.7252)
t=36813ms iter=862 incumb=21.7252 ratchet=21.8573 best=21.7155 since_improve=378
t=36815ms iter=863 WAIST cost=19.0000 best_alt=15.0000 gap=4.0000 tried=5 sep_labels=15 clique_frac=0.08
t=36834ms iter=863 REBUILD reject new_tc=21.7534 (was 21.7252)
t=36855ms iter=863 incumb=21.7252 ratchet=21.8100 best=21.7155 since_improve=379
t=36857ms iter=864 WAIST cost=19.0000 best_alt=15.0000 gap=4.0000 tried=5 sep_labels=15 clique_frac=0.08
t=36876ms iter=864 REBUILD reject new_tc=22.1275 (was 21.7252)
t=36897ms iter=864 incumb=21.7252 ratchet=21.8988 best=21.7155 since_improve=380
t=36898ms iter=865 WAIST cost=19.0000 best_alt=15.0000 gap=4.0000 tried=5 sep_labels=15 clique_frac=0.08
t=36918ms iter=865 REBUILD reject new_tc=22.1696 (was 21.7252)
t=36939ms iter=865 incumb=21.7252 ratchet=21.8444 best=21.7155 since_improve=381
t=36940ms iter=866 WAIST cost=19.0000 best_alt=15.0000 gap=4.0000 tried=5 sep_labels=15 clique_frac=0.08
t=36960ms iter=866 REBUILD reject new_tc=21.8074 (was 21.7252)
t=36981ms iter=866 incumb=21.7252 ratchet=21.8175 best=21.7155 since_improve=382
t=36982ms iter=867 WAIST cost=19.0000 best_alt=15.0000 gap=4.0000 tried=5 sep_labels=15 clique_frac=0.08
t=37002ms iter=867 REBUILD reject new_tc=21.7639 (was 21.7252)
t=37023ms iter=867 incumb=21.7252 ratchet=21.7289 best=21.7155 since_improve=383
t=37024ms iter=868 WAIST cost=19.0000 best_alt=15.0000 gap=4.0000 tried=5 sep_labels=15 clique_frac=0.08
t=37044ms iter=868 REBUILD reject new_tc=21.8037 (was 21.7252)
t=37064ms iter=868 incumb=21.7252 ratchet=21.9546 best=21.7155 since_improve=384
t=37066ms iter=869 WAIST cost=19.0000 best_alt=15.0000 gap=4.0000 tried=5 sep_labels=15 clique_frac=0.08
t=37085ms iter=869 REBUILD reject new_tc=21.8174 (was 21.7252)
t=37106ms iter=869 incumb=21.7252 ratchet=21.9489 best=21.7155 since_improve=385
t=37107ms iter=870 WAIST cost=19.0000 best_alt=15.0000 gap=4.0000 tried=5 sep_labels=15 clique_frac=0.08
t=37127ms iter=870 REBUILD reject new_tc=21.8606 (was 21.7252)
t=37147ms iter=870 incumb=21.7252 ratchet=21.8979 best=21.7155 since_improve=386
t=37149ms iter=871 WAIST cost=19.0000 best_alt=15.0000 gap=4.0000 tried=5 sep_labels=15 clique_frac=0.08
t=37168ms iter=871 REBUILD reject new_tc=21.9399 (was 21.7252)
t=37189ms iter=871 incumb=21.7252 ratchet=21.8320 best=21.7155 since_improve=387
t=37190ms iter=872 WAIST cost=19.0000 best_alt=15.0000 gap=4.0000 tried=5 sep_labels=15 clique_frac=0.08
t=37210ms iter=872 REBUILD reject new_tc=21.8406 (was 21.7252)
t=37231ms iter=872 incumb=21.7252 ratchet=21.8992 best=21.7155 since_improve=388
t=37233ms iter=873 WAIST cost=19.0000 best_alt=15.0000 gap=4.0000 tried=5 sep_labels=15 clique_frac=0.08
t=37252ms iter=873 REBUILD reject new_tc=21.8960 (was 21.7252)
t=37273ms iter=873 incumb=21.7252 ratchet=22.0810 best=21.7155 since_improve=389
t=37275ms iter=874 WAIST cost=19.0000 best_alt=15.0000 gap=4.0000 tried=5 sep_labels=15 clique_frac=0.08
t=37294ms iter=874 REBUILD reject new_tc=21.8947 (was 21.7252)
t=37315ms iter=874 incumb=21.7252 ratchet=21.8448 best=21.7155 since_improve=390
t=37317ms iter=875 WAIST cost=19.0000 best_alt=15.0000 gap=4.0000 tried=5 sep_labels=15 clique_frac=0.08
t=37336ms iter=875 REBUILD reject new_tc=22.1115 (was 21.7252)
t=37357ms iter=875 incumb=21.7252 ratchet=21.7386 best=21.7155 since_improve=391
t=37359ms iter=876 WAIST cost=19.0000 best_alt=15.0000 gap=4.0000 tried=5 sep_labels=15 clique_frac=0.08
t=37378ms iter=876 REBUILD reject new_tc=22.0909 (was 21.7252)
t=37399ms iter=876 incumb=21.7252 ratchet=21.9538 best=21.7155 since_improve=392
t=37400ms iter=877 WAIST cost=19.0000 best_alt=15.0000 gap=4.0000 tried=5 sep_labels=15 clique_frac=0.08
t=37419ms iter=877 REBUILD reject new_tc=21.9021 (was 21.7252)
t=37440ms iter=877 incumb=21.7252 ratchet=21.7575 best=21.7155 since_improve=393
t=37441ms iter=878 WAIST cost=19.0000 best_alt=15.0000 gap=4.0000 tried=5 sep_labels=15 clique_frac=0.08
t=37461ms iter=878 REBUILD reject new_tc=22.2515 (was 21.7252)
t=37482ms iter=878 incumb=21.7252 ratchet=21.7564 best=21.7155 since_improve=394
t=37483ms iter=879 WAIST cost=19.0000 best_alt=15.0000 gap=4.0000 tried=5 sep_labels=15 clique_frac=0.08
t=37503ms iter=879 REBUILD reject new_tc=21.9981 (was 21.7252)
t=37524ms iter=879 incumb=21.7252 ratchet=21.9462 best=21.7155 since_improve=395
t=37525ms iter=880 WAIST cost=19.0000 best_alt=15.0000 gap=4.0000 tried=5 sep_labels=15 clique_frac=0.08
t=37545ms iter=880 REBUILD reject new_tc=22.0049 (was 21.7252)
t=37566ms iter=880 incumb=21.7252 ratchet=21.7419 best=21.7155 since_improve=396
t=37567ms iter=881 WAIST cost=19.0000 best_alt=15.0000 gap=4.0000 tried=5 sep_labels=15 clique_frac=0.08
t=37586ms iter=881 REBUILD reject new_tc=21.9497 (was 21.7252)
t=37608ms iter=881 incumb=21.7252 ratchet=21.9193 best=21.7155 since_improve=397
t=37609ms iter=882 WAIST cost=19.0000 best_alt=15.0000 gap=4.0000 tried=5 sep_labels=15 clique_frac=0.08
t=37629ms iter=882 REBUILD reject new_tc=21.8236 (was 21.7252)
t=37650ms iter=882 incumb=21.7252 ratchet=21.8438 best=21.7155 since_improve=398
t=37652ms iter=883 WAIST cost=19.0000 best_alt=15.0000 gap=4.0000 tried=5 sep_labels=15 clique_frac=0.08
t=37671ms iter=883 REBUILD reject new_tc=21.8934 (was 21.7252)
t=37692ms iter=883 incumb=21.7252 ratchet=21.9635 best=21.7155 since_improve=399
t=37693ms iter=884 WAIST cost=19.0000 best_alt=15.0000 gap=4.0000 tried=5 sep_labels=15 clique_frac=0.08
t=37712ms iter=884 REBUILD reject new_tc=21.8595 (was 21.7252)
t=37734ms iter=884 incumb=21.7252 ratchet=21.9089 best=21.7155 since_improve=400
t=37735ms iter=885 WAIST cost=19.0000 best_alt=15.0000 gap=4.0000 tried=5 sep_labels=15 clique_frac=0.08
t=37754ms iter=885 REBUILD reject new_tc=22.2860 (was 21.7252)
t=37775ms iter=885 incumb=21.7252 ratchet=22.0529 best=21.7155 since_improve=401
t=37776ms iter=886 WAIST cost=19.0000 best_alt=15.0000 gap=4.0000 tried=5 sep_labels=15 clique_frac=0.08
t=37796ms iter=886 REBUILD reject new_tc=21.8995 (was 21.7252)
t=37817ms iter=886 incumb=21.7252 ratchet=22.0186 best=21.7155 since_improve=402
t=37818ms iter=887 WAIST cost=19.0000 best_alt=15.0000 gap=4.0000 tried=5 sep_labels=15 clique_frac=0.08
t=37837ms iter=887 REBUILD reject new_tc=21.9834 (was 21.7252)
t=37858ms iter=887 incumb=21.7252 ratchet=21.7700 best=21.7155 since_improve=403
t=37860ms iter=888 WAIST cost=19.0000 best_alt=15.0000 gap=4.0000 tried=5 sep_labels=15 clique_frac=0.08
t=37879ms iter=888 REBUILD reject new_tc=21.8674 (was 21.7252)
t=37900ms iter=888 incumb=21.7252 ratchet=21.9541 best=21.7155 since_improve=404
t=37901ms iter=889 WAIST cost=19.0000 best_alt=15.0000 gap=4.0000 tried=5 sep_labels=15 clique_frac=0.08
t=37921ms iter=889 REBUILD reject new_tc=22.1136 (was 21.7252)
t=37942ms iter=889 incumb=21.7252 ratchet=21.7520 best=21.7155 since_improve=405
t=37943ms iter=890 WAIST cost=19.0000 best_alt=15.0000 gap=4.0000 tried=5 sep_labels=15 clique_frac=0.08
t=37963ms iter=890 REBUILD reject new_tc=21.9409 (was 21.7252)
t=37984ms iter=890 incumb=21.7252 ratchet=21.8603 best=21.7155 since_improve=406
t=37986ms iter=891 WAIST cost=19.0000 best_alt=15.0000 gap=4.0000 tried=5 sep_labels=15 clique_frac=0.08
t=38005ms iter=891 REBUILD reject new_tc=22.0717 (was 21.7252)
t=38027ms iter=891 incumb=21.7252 ratchet=22.0673 best=21.7155 since_improve=407
t=38028ms iter=892 WAIST cost=19.0000 best_alt=15.0000 gap=4.0000 tried=5 sep_labels=15 clique_frac=0.08
t=38048ms iter=892 REBUILD reject new_tc=22.3887 (was 21.7252)
t=38069ms iter=892 incumb=21.7252 ratchet=21.7554 best=21.7155 since_improve=408
t=38071ms iter=893 WAIST cost=19.0000 best_alt=15.0000 gap=4.0000 tried=5 sep_labels=15 clique_frac=0.08
t=38090ms iter=893 REBUILD reject new_tc=22.1682 (was 21.7252)
t=38111ms iter=893 incumb=21.7252 ratchet=21.8744 best=21.7155 since_improve=409
t=38113ms iter=894 WAIST cost=19.0000 best_alt=15.0000 gap=4.0000 tried=5 sep_labels=15 clique_frac=0.08
t=38132ms iter=894 REBUILD reject new_tc=22.0860 (was 21.7252)
t=38153ms iter=894 incumb=21.7252 ratchet=21.7410 best=21.7155 since_improve=410
t=38154ms iter=895 WAIST cost=19.0000 best_alt=15.0000 gap=4.0000 tried=5 sep_labels=15 clique_frac=0.08
t=38174ms iter=895 REBUILD reject new_tc=22.1684 (was 21.7252)
t=38195ms iter=895 incumb=21.7252 ratchet=21.7551 best=21.7155 since_improve=411
t=38196ms iter=896 WAIST cost=19.0000 best_alt=15.0000 gap=4.0000 tried=5 sep_labels=15 clique_frac=0.08
t=38216ms iter=896 REBUILD reject new_tc=21.9505 (was 21.7252)
t=38237ms iter=896 incumb=21.7252 ratchet=21.9893 best=21.7155 since_improve=412
t=38239ms iter=897 WAIST cost=19.0000 best_alt=15.0000 gap=4.0000 tried=5 sep_labels=15 clique_frac=0.08
t=38258ms iter=897 REBUILD reject new_tc=21.9042 (was 21.7252)
t=38279ms iter=897 incumb=21.7252 ratchet=21.8292 best=21.7155 since_improve=413
t=38281ms iter=898 WAIST cost=19.0000 best_alt=15.0000 gap=4.0000 tried=5 sep_labels=15 clique_frac=0.08
t=38300ms iter=898 REBUILD reject new_tc=21.9734 (was 21.7252)
t=38322ms iter=898 incumb=21.7252 ratchet=21.8191 best=21.7155 since_improve=414
t=38323ms iter=899 WAIST cost=19.0000 best_alt=15.0000 gap=4.0000 tried=5 sep_labels=15 clique_frac=0.08
t=38343ms iter=899 REBUILD reject new_tc=21.9950 (was 21.7252)
t=38364ms iter=899 incumb=21.7252 ratchet=21.8464 best=21.7155 since_improve=415
t=38365ms iter=900 WAIST cost=19.0000 best_alt=15.0000 gap=4.0000 tried=5 sep_labels=15 clique_frac=0.08
t=38385ms iter=900 REBUILD reject new_tc=22.1278 (was 21.7252)
t=38406ms iter=900 incumb=21.7252 ratchet=21.8057 best=21.7155 since_improve=416
t=38407ms iter=901 WAIST cost=19.0000 best_alt=15.0000 gap=4.0000 tried=5 sep_labels=15 clique_frac=0.08
t=38427ms iter=901 REBUILD reject new_tc=21.8025 (was 21.7252)
t=38448ms iter=901 incumb=21.7252 ratchet=21.8841 best=21.7155 since_improve=417
t=38449ms iter=902 WAIST cost=19.0000 best_alt=15.0000 gap=4.0000 tried=5 sep_labels=15 clique_frac=0.08
t=38469ms iter=902 REBUILD reject new_tc=22.0876 (was 21.7252)
t=38491ms iter=902 incumb=21.7252 ratchet=21.7254 best=21.7155 since_improve=418
t=38492ms iter=903 WAIST cost=19.0000 best_alt=15.0000 gap=4.0000 tried=5 sep_labels=15 clique_frac=0.08
t=38511ms iter=903 REBUILD reject new_tc=21.9437 (was 21.7252)
t=38532ms iter=903 incumb=21.7252 ratchet=21.8321 best=21.7155 since_improve=419
t=38533ms iter=904 WAIST cost=19.0000 best_alt=15.0000 gap=4.0000 tried=5 sep_labels=15 clique_frac=0.08
t=38553ms iter=904 REBUILD reject new_tc=22.2451 (was 21.7252)
t=38574ms iter=904 incumb=21.7252 ratchet=21.8971 best=21.7155 since_improve=420
t=38575ms iter=905 WAIST cost=19.0000 best_alt=15.0000 gap=4.0000 tried=5 sep_labels=15 clique_frac=0.08
t=38594ms iter=905 REBUILD reject new_tc=21.8927 (was 21.7252)
t=38615ms iter=905 incumb=21.7252 ratchet=21.8491 best=21.7155 since_improve=421
t=38616ms iter=906 WAIST cost=19.0000 best_alt=15.0000 gap=4.0000 tried=5 sep_labels=15 clique_frac=0.08
t=38636ms iter=906 REBUILD reject new_tc=22.0218 (was 21.7252)
t=38657ms iter=906 incumb=21.7252 ratchet=21.7928 best=21.7155 since_improve=422
t=38658ms iter=907 WAIST cost=19.0000 best_alt=15.0000 gap=4.0000 tried=5 sep_labels=15 clique_frac=0.08
t=38677ms iter=907 REBUILD reject new_tc=22.0239 (was 21.7252)
t=38698ms iter=907 incumb=21.7252 ratchet=21.8989 best=21.7155 since_improve=423
t=38699ms iter=908 WAIST cost=19.0000 best_alt=15.0000 gap=4.0000 tried=5 sep_labels=15 clique_frac=0.08
t=38719ms iter=908 REBUILD reject new_tc=21.9062 (was 21.7252)
t=38740ms iter=908 incumb=21.7252 ratchet=21.8164 best=21.7155 since_improve=424
t=38742ms iter=909 WAIST cost=19.0000 best_alt=15.0000 gap=4.0000 tried=5 sep_labels=15 clique_frac=0.08
t=38761ms iter=909 REBUILD reject new_tc=22.1165 (was 21.7252)
t=38782ms iter=909 incumb=21.7252 ratchet=21.8302 best=21.7155 since_improve=425
t=38784ms iter=910 WAIST cost=19.0000 best_alt=15.0000 gap=4.0000 tried=5 sep_labels=15 clique_frac=0.08
t=38803ms iter=910 REBUILD reject new_tc=22.0296 (was 21.7252)
t=38824ms iter=910 incumb=21.7252 ratchet=21.9451 best=21.7155 since_improve=426
t=38825ms iter=911 WAIST cost=19.0000 best_alt=15.0000 gap=4.0000 tried=5 sep_labels=15 clique_frac=0.08
t=38845ms iter=911 REBUILD reject new_tc=21.9402 (was 21.7252)
t=38866ms iter=911 incumb=21.7252 ratchet=21.8827 best=21.7155 since_improve=427
t=38868ms iter=912 WAIST cost=19.0000 best_alt=15.0000 gap=4.0000 tried=5 sep_labels=15 clique_frac=0.08
t=38887ms iter=912 REBUILD reject new_tc=21.9287 (was 21.7252)
t=38909ms iter=912 incumb=21.7252 ratchet=21.7606 best=21.7155 since_improve=428
t=38910ms iter=913 WAIST cost=19.0000 best_alt=15.0000 gap=4.0000 tried=5 sep_labels=15 clique_frac=0.08
t=38930ms iter=913 REBUILD reject new_tc=21.9663 (was 21.7252)
t=38951ms iter=913 incumb=21.7252 ratchet=21.7958 best=21.7155 since_improve=429
t=38953ms iter=914 WAIST cost=19.0000 best_alt=15.0000 gap=4.0000 tried=5 sep_labels=15 clique_frac=0.08
t=38972ms iter=914 REBUILD reject new_tc=22.0097 (was 21.7252)
t=38993ms iter=914 incumb=21.7252 ratchet=22.0228 best=21.7155 since_improve=430
t=38995ms iter=915 WAIST cost=19.0000 best_alt=15.0000 gap=4.0000 tried=5 sep_labels=15 clique_frac=0.08
t=39014ms iter=915 REBUILD reject new_tc=21.8973 (was 21.7252)
t=39035ms iter=915 incumb=21.7252 ratchet=21.9414 best=21.7155 since_improve=431
t=39036ms iter=916 WAIST cost=19.0000 best_alt=15.0000 gap=4.0000 tried=5 sep_labels=15 clique_frac=0.08
t=39055ms iter=916 REBUILD reject new_tc=21.9445 (was 21.7252)
t=39076ms iter=916 incumb=21.7252 ratchet=21.8694 best=21.7155 since_improve=432
t=39078ms iter=917 WAIST cost=19.0000 best_alt=15.0000 gap=4.0000 tried=5 sep_labels=15 clique_frac=0.08
t=39097ms iter=917 REBUILD reject new_tc=21.8993 (was 21.7252)
t=39118ms iter=917 incumb=21.7252 ratchet=21.8181 best=21.7155 since_improve=433
t=39120ms iter=918 WAIST cost=19.0000 best_alt=15.0000 gap=4.0000 tried=5 sep_labels=15 clique_frac=0.08
t=39139ms iter=918 REBUILD reject new_tc=21.7517 (was 21.7252)
t=39160ms iter=918 incumb=21.7252 ratchet=21.8453 best=21.7155 since_improve=434
t=39161ms iter=919 WAIST cost=19.0000 best_alt=15.0000 gap=4.0000 tried=5 sep_labels=15 clique_frac=0.08
t=39180ms iter=919 REBUILD reject new_tc=21.9388 (was 21.7252)
t=39201ms iter=919 incumb=21.7252 ratchet=21.8951 best=21.7155 since_improve=435
t=39202ms iter=920 WAIST cost=19.0000 best_alt=15.0000 gap=4.0000 tried=5 sep_labels=15 clique_frac=0.08
t=39222ms iter=920 REBUILD reject new_tc=21.9950 (was 21.7252)
t=39243ms iter=920 incumb=21.7252 ratchet=22.0320 best=21.7155 since_improve=436
t=39244ms iter=921 WAIST cost=19.0000 best_alt=15.0000 gap=4.0000 tried=5 sep_labels=15 clique_frac=0.08
t=39264ms iter=921 REBUILD reject new_tc=22.0200 (was 21.7252)
t=39285ms iter=921 incumb=21.7252 ratchet=21.9045 best=21.7155 since_improve=437
t=39286ms iter=922 WAIST cost=19.0000 best_alt=15.0000 gap=4.0000 tried=5 sep_labels=15 clique_frac=0.08
t=39306ms iter=922 REBUILD reject new_tc=21.7535 (was 21.7252)
t=39327ms iter=922 incumb=21.7252 ratchet=21.8331 best=21.7155 since_improve=438
t=39329ms iter=923 WAIST cost=19.0000 best_alt=15.0000 gap=4.0000 tried=5 sep_labels=15 clique_frac=0.08
t=39348ms iter=923 REBUILD reject new_tc=21.8622 (was 21.7252)
t=39369ms iter=923 incumb=21.7252 ratchet=21.7280 best=21.7155 since_improve=439
t=39371ms iter=924 WAIST cost=19.0000 best_alt=15.0000 gap=4.0000 tried=5 sep_labels=15 clique_frac=0.08
t=39390ms iter=924 REBUILD reject new_tc=21.8567 (was 21.7252)
t=39411ms iter=924 incumb=21.7252 ratchet=21.9872 best=21.7155 since_improve=440
t=39413ms iter=925 WAIST cost=19.0000 best_alt=15.0000 gap=4.0000 tried=5 sep_labels=15 clique_frac=0.08
t=39432ms iter=925 REBUILD reject new_tc=21.8955 (was 21.7252)
t=39452ms iter=925 incumb=21.7252 ratchet=21.7778 best=21.7155 since_improve=441
t=39454ms iter=926 WAIST cost=19.0000 best_alt=15.0000 gap=4.0000 tried=5 sep_labels=15 clique_frac=0.08
t=39473ms iter=926 REBUILD reject new_tc=21.9434 (was 21.7252)
t=39494ms iter=926 incumb=21.7252 ratchet=21.7532 best=21.7155 since_improve=442
t=39495ms iter=927 WAIST cost=19.0000 best_alt=15.0000 gap=4.0000 tried=5 sep_labels=15 clique_frac=0.08
t=39515ms iter=927 REBUILD reject new_tc=21.7677 (was 21.7252)
t=39536ms iter=927 incumb=21.7252 ratchet=21.8046 best=21.7155 since_improve=443
t=39538ms iter=928 WAIST cost=19.0000 best_alt=15.0000 gap=4.0000 tried=5 sep_labels=15 clique_frac=0.08
t=39557ms iter=928 REBUILD reject new_tc=21.9389 (was 21.7252)
t=39579ms iter=928 incumb=21.7252 ratchet=22.2037 best=21.7155 since_improve=444
t=39580ms iter=929 WAIST cost=19.0000 best_alt=15.0000 gap=4.0000 tried=5 sep_labels=15 clique_frac=0.08
t=39599ms iter=929 REBUILD reject new_tc=21.7517 (was 21.7252)
t=39621ms iter=929 incumb=21.7252 ratchet=21.8114 best=21.7155 since_improve=445
t=39622ms iter=930 WAIST cost=19.0000 best_alt=15.0000 gap=4.0000 tried=5 sep_labels=15 clique_frac=0.08
t=39641ms iter=930 REBUILD reject new_tc=22.1666 (was 21.7252)
t=39662ms iter=930 incumb=21.7252 ratchet=21.7654 best=21.7155 since_improve=446
t=39664ms iter=931 WAIST cost=19.0000 best_alt=15.0000 gap=4.0000 tried=5 sep_labels=15 clique_frac=0.08
t=39683ms iter=931 REBUILD reject new_tc=21.9162 (was 21.7252)
t=39704ms iter=931 incumb=21.7252 ratchet=21.9208 best=21.7155 since_improve=447
t=39705ms iter=932 WAIST cost=19.0000 best_alt=15.0000 gap=4.0000 tried=5 sep_labels=15 clique_frac=0.08
t=39725ms iter=932 REBUILD reject new_tc=21.7545 (was 21.7252)
t=39746ms iter=932 incumb=21.7252 ratchet=21.7721 best=21.7155 since_improve=448
t=39748ms iter=933 WAIST cost=19.0000 best_alt=15.0000 gap=4.0000 tried=5 sep_labels=15 clique_frac=0.08
t=39767ms iter=933 REBUILD reject new_tc=22.1081 (was 21.7252)
t=39788ms iter=933 incumb=21.7252 ratchet=21.9454 best=21.7155 since_improve=449
t=39789ms iter=934 WAIST cost=19.0000 best_alt=15.0000 gap=4.0000 tried=5 sep_labels=15 clique_frac=0.08
t=39808ms iter=934 REBUILD reject new_tc=22.2534 (was 21.7252)
t=39830ms iter=934 incumb=21.7252 ratchet=21.8488 best=21.7155 since_improve=450
t=39831ms iter=935 WAIST cost=19.0000 best_alt=15.0000 gap=4.0000 tried=5 sep_labels=15 clique_frac=0.08
t=39851ms iter=935 REBUILD reject new_tc=21.7775 (was 21.7252)
t=39872ms iter=935 incumb=21.7252 ratchet=21.8339 best=21.7155 since_improve=451
t=39874ms iter=936 WAIST cost=19.0000 best_alt=15.0000 gap=4.0000 tried=5 sep_labels=15 clique_frac=0.08
t=39893ms iter=936 REBUILD reject new_tc=21.9406 (was 21.7252)
t=39914ms iter=936 incumb=21.7252 ratchet=21.7924 best=21.7155 since_improve=452
t=39916ms iter=937 WAIST cost=19.0000 best_alt=15.0000 gap=4.0000 tried=5 sep_labels=15 clique_frac=0.08
t=39935ms iter=937 REBUILD reject new_tc=22.2212 (was 21.7252)
t=39956ms iter=937 incumb=21.7252 ratchet=21.8950 best=21.7155 since_improve=453
t=39957ms iter=938 WAIST cost=19.0000 best_alt=15.0000 gap=4.0000 tried=5 sep_labels=15 clique_frac=0.08
t=39977ms iter=938 REBUILD reject new_tc=21.9846 (was 21.7252)
t=39997ms iter=938 incumb=21.7252 ratchet=21.7814 best=21.7155 since_improve=454
t=39998ms iter=939 WAIST cost=19.0000 best_alt=15.0000 gap=4.0000 tried=5 sep_labels=15 clique_frac=0.08
t=40018ms iter=939 REBUILD reject new_tc=22.1136 (was 21.7252)
t=40039ms iter=939 incumb=21.7252 ratchet=21.7788 best=21.7155 since_improve=455
t=40040ms iter=940 WAIST cost=19.0000 best_alt=15.0000 gap=4.0000 tried=5 sep_labels=15 clique_frac=0.08
t=40060ms iter=940 REBUILD reject new_tc=21.8548 (was 21.7252)
t=40081ms iter=940 incumb=21.7252 ratchet=21.9313 best=21.7155 since_improve=456
t=40083ms iter=941 WAIST cost=19.0000 best_alt=15.0000 gap=4.0000 tried=5 sep_labels=15 clique_frac=0.08
t=40102ms iter=941 REBUILD reject new_tc=21.8573 (was 21.7252)
t=40123ms iter=941 incumb=21.7252 ratchet=21.7284 best=21.7155 since_improve=457
t=40125ms iter=942 WAIST cost=19.0000 best_alt=15.0000 gap=4.0000 tried=5 sep_labels=15 clique_frac=0.08
t=40144ms iter=942 REBUILD reject new_tc=21.8819 (was 21.7252)
t=40165ms iter=942 incumb=21.7252 ratchet=21.8445 best=21.7155 since_improve=458
t=40166ms iter=943 WAIST cost=19.0000 best_alt=15.0000 gap=4.0000 tried=5 sep_labels=15 clique_frac=0.08
t=40185ms iter=943 REBUILD reject new_tc=21.8955 (was 21.7252)
t=40206ms iter=943 incumb=21.7252 ratchet=21.8145 best=21.7155 since_improve=459
t=40208ms iter=944 WAIST cost=19.0000 best_alt=15.0000 gap=4.0000 tried=5 sep_labels=15 clique_frac=0.08
t=40227ms iter=944 REBUILD reject new_tc=21.9281 (was 21.7252)
t=40248ms iter=944 incumb=21.7252 ratchet=21.7427 best=21.7155 since_improve=460
t=40250ms iter=945 WAIST cost=19.0000 best_alt=15.0000 gap=4.0000 tried=5 sep_labels=15 clique_frac=0.08
t=40269ms iter=945 REBUILD reject new_tc=22.2443 (was 21.7252)
t=40291ms iter=945 incumb=21.7252 ratchet=21.8172 best=21.7155 since_improve=461
t=40292ms iter=946 WAIST cost=19.0000 best_alt=15.0000 gap=4.0000 tried=5 sep_labels=15 clique_frac=0.08
t=40311ms iter=946 REBUILD reject new_tc=22.2108 (was 21.7252)
t=40333ms iter=946 incumb=21.7252 ratchet=21.8541 best=21.7155 since_improve=462
t=40334ms iter=947 WAIST cost=19.0000 best_alt=15.0000 gap=4.0000 tried=5 sep_labels=15 clique_frac=0.08
t=40354ms iter=947 REBUILD reject new_tc=21.9049 (was 21.7252)
t=40375ms iter=947 incumb=21.7252 ratchet=21.8432 best=21.7155 since_improve=463
t=40376ms iter=948 WAIST cost=19.0000 best_alt=15.0000 gap=4.0000 tried=5 sep_labels=15 clique_frac=0.08
t=40396ms iter=948 REBUILD reject new_tc=22.1524 (was 21.7252)
t=40417ms iter=948 incumb=21.7252 ratchet=21.9030 best=21.7155 since_improve=464
t=40418ms iter=949 WAIST cost=19.0000 best_alt=15.0000 gap=4.0000 tried=5 sep_labels=15 clique_frac=0.08
t=40438ms iter=949 REBUILD reject new_tc=21.9065 (was 21.7252)
t=40459ms iter=949 incumb=21.7252 ratchet=21.7844 best=21.7155 since_improve=465
t=40460ms iter=950 WAIST cost=19.0000 best_alt=15.0000 gap=4.0000 tried=5 sep_labels=15 clique_frac=0.08
t=40480ms iter=950 REBUILD reject new_tc=21.8614 (was 21.7252)
t=40501ms iter=950 incumb=21.7252 ratchet=21.8059 best=21.7155 since_improve=466
t=40502ms iter=951 WAIST cost=19.0000 best_alt=15.0000 gap=4.0000 tried=5 sep_labels=15 clique_frac=0.08
t=40522ms iter=951 REBUILD reject new_tc=21.8575 (was 21.7252)
t=40543ms iter=951 incumb=21.7252 ratchet=21.9389 best=21.7155 since_improve=467
t=40544ms iter=952 WAIST cost=19.0000 best_alt=15.0000 gap=4.0000 tried=5 sep_labels=15 clique_frac=0.08
t=40564ms iter=952 REBUILD reject new_tc=22.1690 (was 21.7252)
t=40584ms iter=952 incumb=21.7252 ratchet=21.8813 best=21.7155 since_improve=468
t=40586ms iter=953 WAIST cost=19.0000 best_alt=15.0000 gap=4.0000 tried=5 sep_labels=15 clique_frac=0.08
t=40605ms iter=953 REBUILD reject new_tc=22.5212 (was 21.7252)
t=40626ms iter=953 incumb=21.7252 ratchet=21.7546 best=21.7155 since_improve=469
t=40628ms iter=954 WAIST cost=19.0000 best_alt=15.0000 gap=4.0000 tried=5 sep_labels=15 clique_frac=0.08
t=40647ms iter=954 REBUILD reject new_tc=21.9065 (was 21.7252)
t=40668ms iter=954 incumb=21.7252 ratchet=21.9028 best=21.7155 since_improve=470
t=40670ms iter=955 WAIST cost=19.0000 best_alt=15.0000 gap=4.0000 tried=5 sep_labels=15 clique_frac=0.08
t=40689ms iter=955 REBUILD reject new_tc=22.2539 (was 21.7252)
t=40710ms iter=955 incumb=21.7252 ratchet=21.8491 best=21.7155 since_improve=471
t=40712ms iter=956 WAIST cost=19.0000 best_alt=15.0000 gap=4.0000 tried=5 sep_labels=15 clique_frac=0.08
t=40731ms iter=956 REBUILD reject new_tc=21.7913 (was 21.7252)
t=40752ms iter=956 incumb=21.7252 ratchet=21.8824 best=21.7155 since_improve=472
t=40753ms iter=957 WAIST cost=19.0000 best_alt=15.0000 gap=4.0000 tried=5 sep_labels=15 clique_frac=0.08
t=40773ms iter=957 REBUILD reject new_tc=21.9376 (was 21.7252)
t=40794ms iter=957 incumb=21.7252 ratchet=21.8441 best=21.7155 since_improve=473
t=40795ms iter=958 WAIST cost=19.0000 best_alt=15.0000 gap=4.0000 tried=5 sep_labels=15 clique_frac=0.08
t=40815ms iter=958 REBUILD reject new_tc=21.9337 (was 21.7252)
t=40836ms iter=958 incumb=21.7252 ratchet=21.7473 best=21.7155 since_improve=474
t=40837ms iter=959 WAIST cost=19.0000 best_alt=15.0000 gap=4.0000 tried=5 sep_labels=15 clique_frac=0.08
t=40857ms iter=959 REBUILD reject new_tc=21.9534 (was 21.7252)
t=40878ms iter=959 incumb=21.7252 ratchet=21.8617 best=21.7155 since_improve=475
t=40879ms iter=960 WAIST cost=19.0000 best_alt=15.0000 gap=4.0000 tried=5 sep_labels=15 clique_frac=0.08
t=40898ms iter=960 REBUILD reject new_tc=21.8553 (was 21.7252)
t=40919ms iter=960 incumb=21.7252 ratchet=21.9475 best=21.7155 since_improve=476
t=40921ms iter=961 WAIST cost=19.0000 best_alt=15.0000 gap=4.0000 tried=5 sep_labels=15 clique_frac=0.08
t=40940ms iter=961 REBUILD reject new_tc=21.9392 (was 21.7252)
t=40961ms iter=961 incumb=21.7252 ratchet=21.7410 best=21.7155 since_improve=477
t=40962ms iter=962 WAIST cost=19.0000 best_alt=15.0000 gap=4.0000 tried=5 sep_labels=15 clique_frac=0.08
t=40982ms iter=962 REBUILD reject new_tc=21.8716 (was 21.7252)
t=41002ms iter=962 incumb=21.7252 ratchet=21.9324 best=21.7155 since_improve=478
t=41004ms iter=963 WAIST cost=19.0000 best_alt=15.0000 gap=4.0000 tried=5 sep_labels=15 clique_frac=0.08
t=41023ms iter=963 REBUILD reject new_tc=21.9502 (was 21.7252)
t=41044ms iter=963 incumb=21.7252 ratchet=21.9411 best=21.7155 since_improve=479
t=41046ms iter=964 WAIST cost=19.0000 best_alt=15.0000 gap=4.0000 tried=5 sep_labels=15 clique_frac=0.08
t=41065ms iter=964 REBUILD reject new_tc=22.2510 (was 21.7252)
t=41086ms iter=964 incumb=21.7252 ratchet=21.7809 best=21.7155 since_improve=480
t=41088ms iter=965 WAIST cost=19.0000 best_alt=15.0000 gap=4.0000 tried=5 sep_labels=15 clique_frac=0.08
t=41107ms iter=965 REBUILD reject new_tc=21.8953 (was 21.7252)
t=41128ms iter=965 incumb=21.7252 ratchet=21.8231 best=21.7155 since_improve=481
t=41129ms iter=966 WAIST cost=19.0000 best_alt=15.0000 gap=4.0000 tried=5 sep_labels=15 clique_frac=0.08
t=41148ms iter=966 REBUILD reject new_tc=22.0872 (was 21.7252)
t=41169ms iter=966 incumb=21.7252 ratchet=21.8448 best=21.7155 since_improve=482
t=41171ms iter=967 WAIST cost=19.0000 best_alt=15.0000 gap=4.0000 tried=5 sep_labels=15 clique_frac=0.08
t=41190ms iter=967 REBUILD reject new_tc=21.8059 (was 21.7252)
t=41211ms iter=967 incumb=21.7252 ratchet=21.8820 best=21.7155 since_improve=483
t=41213ms iter=968 WAIST cost=19.0000 best_alt=15.0000 gap=4.0000 tried=5 sep_labels=15 clique_frac=0.08
t=41232ms iter=968 REBUILD reject new_tc=22.1688 (was 21.7252)
t=41253ms iter=968 incumb=21.7252 ratchet=21.8172 best=21.7155 since_improve=484
t=41254ms iter=969 WAIST cost=19.0000 best_alt=15.0000 gap=4.0000 tried=5 sep_labels=15 clique_frac=0.08
t=41274ms iter=969 REBUILD reject new_tc=21.8817 (was 21.7252)
t=41295ms iter=969 incumb=21.7252 ratchet=21.8319 best=21.7155 since_improve=485
t=41296ms iter=970 WAIST cost=19.0000 best_alt=15.0000 gap=4.0000 tried=5 sep_labels=15 clique_frac=0.08
t=41316ms iter=970 REBUILD reject new_tc=21.8613 (was 21.7252)
t=41337ms iter=970 incumb=21.7252 ratchet=21.7674 best=21.7155 since_improve=486
t=41338ms iter=971 WAIST cost=19.0000 best_alt=15.0000 gap=4.0000 tried=5 sep_labels=15 clique_frac=0.08
t=41357ms iter=971 REBUILD reject new_tc=21.8598 (was 21.7252)
t=41378ms iter=971 incumb=21.7252 ratchet=21.8330 best=21.7155 since_improve=487
t=41380ms iter=972 WAIST cost=19.0000 best_alt=15.0000 gap=4.0000 tried=5 sep_labels=15 clique_frac=0.08
t=41399ms iter=972 REBUILD reject new_tc=22.2664 (was 21.7252)
t=41420ms iter=972 incumb=21.7252 ratchet=21.8552 best=21.7155 since_improve=488
t=41421ms iter=973 WAIST cost=19.0000 best_alt=15.0000 gap=4.0000 tried=5 sep_labels=15 clique_frac=0.08
t=41441ms iter=973 REBUILD reject new_tc=21.8076 (was 21.7252)
t=41462ms iter=973 incumb=21.7252 ratchet=21.8818 best=21.7155 since_improve=489
t=41463ms iter=974 WAIST cost=19.0000 best_alt=15.0000 gap=4.0000 tried=5 sep_labels=15 clique_frac=0.08
t=41483ms iter=974 REBUILD reject new_tc=22.1678 (was 21.7252)
t=41503ms iter=974 incumb=21.7252 ratchet=21.9561 best=21.7155 since_improve=490
t=41505ms iter=975 WAIST cost=19.0000 best_alt=15.0000 gap=4.0000 tried=5 sep_labels=15 clique_frac=0.08
t=41524ms iter=975 REBUILD reject new_tc=22.1697 (was 21.7252)
t=41545ms iter=975 incumb=21.7252 ratchet=21.7527 best=21.7155 since_improve=491
t=41546ms iter=976 WAIST cost=19.0000 best_alt=15.0000 gap=4.0000 tried=5 sep_labels=15 clique_frac=0.08
t=41566ms iter=976 REBUILD reject new_tc=21.9411 (was 21.7252)
t=41587ms iter=976 incumb=21.7252 ratchet=21.7979 best=21.7155 since_improve=492
t=41589ms iter=977 WAIST cost=19.0000 best_alt=15.0000 gap=4.0000 tried=5 sep_labels=15 clique_frac=0.08
t=41608ms iter=977 REBUILD reject new_tc=21.8564 (was 21.7252)
t=41630ms iter=977 incumb=21.7252 ratchet=21.8071 best=21.7155 since_improve=493
t=41632ms iter=978 WAIST cost=19.0000 best_alt=15.0000 gap=4.0000 tried=5 sep_labels=15 clique_frac=0.08
t=41651ms iter=978 REBUILD reject new_tc=21.8931 (was 21.7252)
t=41672ms iter=978 incumb=21.7252 ratchet=21.8316 best=21.7155 since_improve=494
t=41674ms iter=979 WAIST cost=19.0000 best_alt=15.0000 gap=4.0000 tried=5 sep_labels=15 clique_frac=0.08
t=41693ms iter=979 REBUILD reject new_tc=21.9411 (was 21.7252)
t=41714ms iter=979 incumb=21.7252 ratchet=21.8085 best=21.7155 since_improve=495
t=41716ms iter=980 WAIST cost=19.0000 best_alt=15.0000 gap=4.0000 tried=5 sep_labels=15 clique_frac=0.08
t=41735ms iter=980 REBUILD reject new_tc=21.9396 (was 21.7252)
t=41756ms iter=980 incumb=21.7252 ratchet=21.8074 best=21.7155 since_improve=496
t=41758ms iter=981 WAIST cost=19.0000 best_alt=15.0000 gap=4.0000 tried=5 sep_labels=15 clique_frac=0.08
t=41777ms iter=981 REBUILD reject new_tc=21.8943 (was 21.7252)
t=41797ms iter=981 incumb=21.7252 ratchet=21.7405 best=21.7155 since_improve=497
t=41799ms iter=982 WAIST cost=19.0000 best_alt=15.0000 gap=4.0000 tried=5 sep_labels=15 clique_frac=0.08
t=41818ms iter=982 REBUILD reject new_tc=22.0665 (was 21.7252)
t=41839ms iter=982 incumb=21.7252 ratchet=21.8057 best=21.7155 since_improve=498
t=41840ms iter=983 WAIST cost=19.0000 best_alt=15.0000 gap=4.0000 tried=5 sep_labels=15 clique_frac=0.08
t=41859ms iter=983 REBUILD reject new_tc=21.7983 (was 21.7252)
t=41880ms iter=983 incumb=21.7252 ratchet=21.8552 best=21.7155 since_improve=499
t=41882ms iter=984 WAIST cost=19.0000 best_alt=15.0000 gap=4.0000 tried=5 sep_labels=15 clique_frac=0.08
t=41901ms iter=984 REBUILD reject new_tc=22.1133 (was 21.7252)
t=41922ms iter=984 incumb=21.7252 ratchet=21.9531 best=21.7155 since_improve=500
t=41923ms iter=985 WAIST cost=19.0000 best_alt=15.0000 gap=4.0000 tried=5 sep_labels=15 clique_frac=0.08
t=41943ms iter=985 REBUILD reject new_tc=21.8667 (was 21.7252)
t=41964ms iter=985 incumb=21.7252 ratchet=21.7657 best=21.7155 since_improve=501
t=41965ms iter=986 WAIST cost=19.0000 best_alt=15.0000 gap=4.0000 tried=5 sep_labels=15 clique_frac=0.08
t=41985ms iter=986 REBUILD reject new_tc=22.2709 (was 21.7252)
t=42006ms iter=986 incumb=21.7252 ratchet=21.8089 best=21.7155 since_improve=502
t=42007ms iter=987 WAIST cost=19.0000 best_alt=15.0000 gap=4.0000 tried=5 sep_labels=15 clique_frac=0.08
t=42027ms iter=987 REBUILD reject new_tc=21.8447 (was 21.7252)
t=42048ms iter=987 incumb=21.7252 ratchet=21.8943 best=21.7155 since_improve=503
t=42050ms iter=988 WAIST cost=19.0000 best_alt=15.0000 gap=4.0000 tried=5 sep_labels=15 clique_frac=0.08
t=42069ms iter=988 REBUILD reject new_tc=21.7674 (was 21.7252)
t=42090ms iter=988 incumb=21.7252 ratchet=21.9248 best=21.7155 since_improve=504
t=42092ms iter=989 WAIST cost=19.0000 best_alt=15.0000 gap=4.0000 tried=5 sep_labels=15 clique_frac=0.08
t=42111ms iter=989 REBUILD reject new_tc=22.1896 (was 21.7252)
t=42132ms iter=989 incumb=21.7252 ratchet=21.7542 best=21.7155 since_improve=505
t=42133ms iter=990 WAIST cost=19.0000 best_alt=15.0000 gap=4.0000 tried=5 sep_labels=15 clique_frac=0.08
t=42153ms iter=990 REBUILD reject new_tc=21.7956 (was 21.7252)
t=42174ms iter=990 incumb=21.7252 ratchet=21.7786 best=21.7155 since_improve=506
t=42175ms iter=991 WAIST cost=19.0000 best_alt=15.0000 gap=4.0000 tried=5 sep_labels=15 clique_frac=0.08
t=42195ms iter=991 REBUILD reject new_tc=21.9545 (was 21.7252)
t=42216ms iter=991 incumb=21.7252 ratchet=21.8062 best=21.7155 since_improve=507
t=42217ms iter=992 WAIST cost=19.0000 best_alt=15.0000 gap=4.0000 tried=5 sep_labels=15 clique_frac=0.08
t=42237ms iter=992 REBUILD reject new_tc=22.1259 (was 21.7252)
t=42258ms iter=992 incumb=21.7252 ratchet=22.0626 best=21.7155 since_improve=508
t=42259ms iter=993 WAIST cost=19.0000 best_alt=15.0000 gap=4.0000 tried=5 sep_labels=15 clique_frac=0.08
t=42279ms iter=993 REBUILD reject new_tc=22.1555 (was 21.7252)
t=42300ms iter=993 incumb=21.7252 ratchet=21.8066 best=21.7155 since_improve=509
t=42301ms iter=994 WAIST cost=19.0000 best_alt=15.0000 gap=4.0000 tried=5 sep_labels=15 clique_frac=0.08
t=42320ms iter=994 REBUILD reject new_tc=22.1698 (was 21.7252)
t=42341ms iter=994 incumb=21.7252 ratchet=21.9999 best=21.7155 since_improve=510
t=42343ms iter=995 WAIST cost=19.0000 best_alt=15.0000 gap=4.0000 tried=5 sep_labels=15 clique_frac=0.08
t=42362ms iter=995 REBUILD reject new_tc=21.9496 (was 21.7252)
t=42383ms iter=995 incumb=21.7252 ratchet=21.7670 best=21.7155 since_improve=511
t=42385ms iter=996 WAIST cost=19.0000 best_alt=15.0000 gap=4.0000 tried=5 sep_labels=15 clique_frac=0.08
t=42404ms iter=996 REBUILD reject new_tc=22.0390 (was 21.7252)
t=42425ms iter=996 incumb=21.7252 ratchet=21.7973 best=21.7155 since_improve=512
t=42427ms iter=997 WAIST cost=19.0000 best_alt=15.0000 gap=4.0000 tried=5 sep_labels=15 clique_frac=0.08
t=42446ms iter=997 REBUILD reject new_tc=22.1664 (was 21.7252)
t=42468ms iter=997 incumb=21.7252 ratchet=22.0011 best=21.7155 since_improve=513
t=42469ms iter=998 WAIST cost=19.0000 best_alt=15.0000 gap=4.0000 tried=5 sep_labels=15 clique_frac=0.08
t=42488ms iter=998 REBUILD reject new_tc=21.8564 (was 21.7252)
t=42509ms iter=998 incumb=21.7252 ratchet=21.9785 best=21.7155 since_improve=514
t=42511ms iter=999 WAIST cost=19.0000 best_alt=15.0000 gap=4.0000 tried=5 sep_labels=15 clique_frac=0.08
t=42530ms iter=999 REBUILD reject new_tc=21.9409 (was 21.7252)
t=42551ms iter=999 incumb=21.7252 ratchet=21.7564 best=21.7155 since_improve=515
t=42553ms iter=1000 WAIST cost=19.0000 best_alt=15.0000 gap=4.0000 tried=5 sep_labels=15 clique_frac=0.08
t=42572ms iter=1000 REBUILD reject new_tc=21.8552 (was 21.7252)
t=42593ms iter=1000 incumb=21.7252 ratchet=21.7394 best=21.7155 since_improve=516
t=42595ms iter=1001 WAIST cost=19.0000 best_alt=15.0000 gap=4.0000 tried=5 sep_labels=15 clique_frac=0.08
t=42614ms iter=1001 REBUILD reject new_tc=22.0330 (was 21.7252)
t=42636ms iter=1001 incumb=21.7252 ratchet=22.0121 best=21.7155 since_improve=517
t=42637ms iter=1002 WAIST cost=19.0000 best_alt=15.0000 gap=4.0000 tried=5 sep_labels=15 clique_frac=0.08
t=42656ms iter=1002 REBUILD reject new_tc=22.3303 (was 21.7252)
t=42677ms iter=1002 incumb=21.7252 ratchet=22.0078 best=21.7155 since_improve=518
t=42679ms iter=1003 WAIST cost=19.0000 best_alt=15.0000 gap=4.0000 tried=5 sep_labels=15 clique_frac=0.08
t=42698ms iter=1003 REBUILD reject new_tc=21.9900 (was 21.7252)
t=42719ms iter=1003 incumb=21.7252 ratchet=21.8442 best=21.7155 since_improve=519
t=42721ms iter=1004 WAIST cost=19.0000 best_alt=15.0000 gap=4.0000 tried=5 sep_labels=15 clique_frac=0.08
t=42741ms iter=1004 REBUILD reject new_tc=22.2789 (was 21.7252)
t=42762ms iter=1004 incumb=21.7252 ratchet=21.8024 best=21.7155 since_improve=520
t=42763ms iter=1005 WAIST cost=19.0000 best_alt=15.0000 gap=4.0000 tried=5 sep_labels=15 clique_frac=0.08
t=42783ms iter=1005 REBUILD reject new_tc=21.9060 (was 21.7252)
t=42804ms iter=1005 incumb=21.7252 ratchet=21.8942 best=21.7155 since_improve=521
t=42806ms iter=1006 WAIST cost=19.0000 best_alt=15.0000 gap=4.0000 tried=5 sep_labels=15 clique_frac=0.08
t=42825ms iter=1006 REBUILD reject new_tc=22.0208 (was 21.7252)
t=42846ms iter=1006 incumb=21.7252 ratchet=21.8797 best=21.7155 since_improve=522
t=42847ms iter=1007 WAIST cost=19.0000 best_alt=15.0000 gap=4.0000 tried=5 sep_labels=15 clique_frac=0.08
t=42867ms iter=1007 REBUILD reject new_tc=22.3252 (was 21.7252)
t=42888ms iter=1007 incumb=21.7252 ratchet=21.8537 best=21.7155 since_improve=523
t=42890ms iter=1008 WAIST cost=19.0000 best_alt=15.0000 gap=4.0000 tried=5 sep_labels=15 clique_frac=0.08
t=42909ms iter=1008 REBUILD reject new_tc=22.1678 (was 21.7252)
t=42930ms iter=1008 incumb=21.7252 ratchet=21.8450 best=21.7155 since_improve=524
t=42932ms iter=1009 WAIST cost=19.0000 best_alt=15.0000 gap=4.0000 tried=5 sep_labels=15 clique_frac=0.08
t=42951ms iter=1009 REBUILD reject new_tc=22.2752 (was 21.7252)
t=42972ms iter=1009 incumb=21.7252 ratchet=21.9357 best=21.7155 since_improve=525
t=42974ms iter=1010 WAIST cost=19.0000 best_alt=15.0000 gap=4.0000 tried=5 sep_labels=15 clique_frac=0.08
t=42993ms iter=1010 REBUILD reject new_tc=21.9417 (was 21.7252)
t=43014ms iter=1010 incumb=21.7252 ratchet=21.8196 best=21.7155 since_improve=526
t=43016ms iter=1011 WAIST cost=19.0000 best_alt=15.0000 gap=4.0000 tried=5 sep_labels=15 clique_frac=0.08
t=43035ms iter=1011 REBUILD reject new_tc=21.8602 (was 21.7252)
t=43056ms iter=1011 incumb=21.7252 ratchet=22.0013 best=21.7155 since_improve=527
t=43057ms iter=1012 WAIST cost=19.0000 best_alt=15.0000 gap=4.0000 tried=5 sep_labels=15 clique_frac=0.08
t=43077ms iter=1012 REBUILD reject new_tc=22.0430 (was 21.7252)
t=43098ms iter=1012 incumb=21.7252 ratchet=21.7619 best=21.7155 since_improve=528
t=43100ms iter=1013 WAIST cost=19.0000 best_alt=15.0000 gap=4.0000 tried=5 sep_labels=15 clique_frac=0.08
t=43119ms iter=1013 REBUILD reject new_tc=21.9703 (was 21.7252)
t=43140ms iter=1013 incumb=21.7252 ratchet=21.9673 best=21.7155 since_improve=529
t=43142ms iter=1014 WAIST cost=19.0000 best_alt=15.0000 gap=4.0000 tried=5 sep_labels=15 clique_frac=0.08
t=43162ms iter=1014 REBUILD reject new_tc=22.0270 (was 21.7252)
t=43183ms iter=1014 incumb=21.7252 ratchet=21.7538 best=21.7155 since_improve=530
t=43184ms iter=1015 WAIST cost=19.0000 best_alt=15.0000 gap=4.0000 tried=5 sep_labels=15 clique_frac=0.08
t=43204ms iter=1015 REBUILD reject new_tc=21.7564 (was 21.7252)
t=43225ms iter=1015 incumb=21.7252 ratchet=21.8425 best=21.7155 since_improve=531
t=43227ms iter=1016 WAIST cost=19.0000 best_alt=15.0000 gap=4.0000 tried=5 sep_labels=15 clique_frac=0.08
t=43246ms iter=1016 REBUILD reject new_tc=21.9415 (was 21.7252)
t=43267ms iter=1016 incumb=21.7252 ratchet=21.7416 best=21.7155 since_improve=532
t=43269ms iter=1017 WAIST cost=19.0000 best_alt=15.0000 gap=4.0000 tried=5 sep_labels=15 clique_frac=0.08
t=43289ms iter=1017 REBUILD reject new_tc=21.9392 (was 21.7252)
t=43310ms iter=1017 incumb=21.7252 ratchet=21.9077 best=21.7155 since_improve=533
t=43311ms iter=1018 WAIST cost=19.0000 best_alt=15.0000 gap=4.0000 tried=5 sep_labels=15 clique_frac=0.08
t=43330ms iter=1018 REBUILD reject new_tc=21.8287 (was 21.7252)
t=43352ms iter=1018 incumb=21.7252 ratchet=21.8198 best=21.7155 since_improve=534
t=43353ms iter=1019 WAIST cost=19.0000 best_alt=15.0000 gap=4.0000 tried=5 sep_labels=15 clique_frac=0.08
t=43372ms iter=1019 REBUILD reject new_tc=22.0217 (was 21.7252)
t=43393ms iter=1019 incumb=21.7252 ratchet=21.8062 best=21.7155 since_improve=535
t=43394ms iter=1020 WAIST cost=19.0000 best_alt=15.0000 gap=4.0000 tried=5 sep_labels=15 clique_frac=0.08
t=43414ms iter=1020 REBUILD reject new_tc=22.1275 (was 21.7252)
t=43435ms iter=1020 incumb=21.7252 ratchet=21.7484 best=21.7155 since_improve=536
t=43436ms iter=1021 WAIST cost=19.0000 best_alt=15.0000 gap=4.0000 tried=5 sep_labels=15 clique_frac=0.08
t=43456ms iter=1021 REBUILD reject new_tc=21.8157 (was 21.7252)
t=43477ms iter=1021 incumb=21.7252 ratchet=21.7668 best=21.7155 since_improve=537
t=43478ms iter=1022 WAIST cost=19.0000 best_alt=15.0000 gap=4.0000 tried=5 sep_labels=15 clique_frac=0.08
t=43497ms iter=1022 REBUILD reject new_tc=21.8208 (was 21.7252)
t=43518ms iter=1022 incumb=21.7252 ratchet=21.8457 best=21.7155 since_improve=538
t=43520ms iter=1023 WAIST cost=19.0000 best_alt=15.0000 gap=4.0000 tried=5 sep_labels=15 clique_frac=0.08
t=43539ms iter=1023 REBUILD reject new_tc=21.9407 (was 21.7252)
t=43560ms iter=1023 incumb=21.7252 ratchet=21.8962 best=21.7155 since_improve=539
t=43561ms iter=1024 WAIST cost=19.0000 best_alt=15.0000 gap=4.0000 tried=5 sep_labels=15 clique_frac=0.08
t=43581ms iter=1024 REBUILD reject new_tc=21.9521 (was 21.7252)
t=43601ms iter=1024 incumb=21.7252 ratchet=21.9057 best=21.7155 since_improve=540
t=43603ms iter=1025 WAIST cost=19.0000 best_alt=15.0000 gap=4.0000 tried=5 sep_labels=15 clique_frac=0.08
t=43622ms iter=1025 REBUILD reject new_tc=22.2569 (was 21.7252)
t=43644ms iter=1025 incumb=21.7252 ratchet=21.7786 best=21.7155 since_improve=541
t=43646ms iter=1026 WAIST cost=19.0000 best_alt=15.0000 gap=4.0000 tried=5 sep_labels=15 clique_frac=0.08
t=43665ms iter=1026 REBUILD reject new_tc=22.0877 (was 21.7252)
t=43686ms iter=1026 incumb=21.7252 ratchet=21.8801 best=21.7155 since_improve=542
t=43688ms iter=1027 WAIST cost=19.0000 best_alt=15.0000 gap=4.0000 tried=5 sep_labels=15 clique_frac=0.08
t=43707ms iter=1027 REBUILD reject new_tc=21.8234 (was 21.7252)
t=43728ms iter=1027 incumb=21.7252 ratchet=21.8609 best=21.7155 since_improve=543
t=43730ms iter=1028 WAIST cost=19.0000 best_alt=15.0000 gap=4.0000 tried=5 sep_labels=15 clique_frac=0.08
t=43750ms iter=1028 REBUILD reject new_tc=21.8569 (was 21.7252)
t=43771ms iter=1028 incumb=21.7252 ratchet=21.8570 best=21.7155 since_improve=544
t=43772ms iter=1029 WAIST cost=19.0000 best_alt=15.0000 gap=4.0000 tried=5 sep_labels=15 clique_frac=0.08
t=43792ms iter=1029 REBUILD reject new_tc=21.9432 (was 21.7252)
t=43812ms iter=1029 incumb=21.7252 ratchet=21.8691 best=21.7155 since_improve=545
t=43814ms iter=1030 WAIST cost=19.0000 best_alt=15.0000 gap=4.0000 tried=5 sep_labels=15 clique_frac=0.08
t=43833ms iter=1030 REBUILD reject new_tc=22.1219 (was 21.7252)
t=43854ms iter=1030 incumb=21.7252 ratchet=21.8454 best=21.7155 since_improve=546
t=43855ms iter=1031 WAIST cost=19.0000 best_alt=15.0000 gap=4.0000 tried=5 sep_labels=15 clique_frac=0.08
t=43875ms iter=1031 REBUILD reject new_tc=21.7662 (was 21.7252)
t=43896ms iter=1031 incumb=21.7252 ratchet=21.8059 best=21.7155 since_improve=547
t=43898ms iter=1032 WAIST cost=19.0000 best_alt=15.0000 gap=4.0000 tried=5 sep_labels=15 clique_frac=0.08
t=43918ms iter=1032 REBUILD reject new_tc=21.7622 (was 21.7252)
t=43939ms iter=1032 incumb=21.7252 ratchet=21.7443 best=21.7155 since_improve=548
t=43940ms iter=1033 WAIST cost=19.0000 best_alt=15.0000 gap=4.0000 tried=5 sep_labels=15 clique_frac=0.08
t=43959ms iter=1033 REBUILD reject new_tc=22.1675 (was 21.7252)
t=43981ms iter=1033 incumb=21.7252 ratchet=21.7247 best=21.7155 since_improve=0
t=43982ms iter=1034 WAIST cost=19.0000 best_alt=15.0000 gap=4.0000 tried=5 sep_labels=15 clique_frac=0.05
t=44002ms iter=1034 REBUILD reject new_tc=22.3253 (was 21.7247)
t=44023ms iter=1034 incumb=21.7247 ratchet=21.8994 best=21.7155 since_improve=1
t=44024ms iter=1035 WAIST cost=19.0000 best_alt=15.0000 gap=4.0000 tried=5 sep_labels=15 clique_frac=0.05
t=44043ms iter=1035 REBUILD reject new_tc=21.9488 (was 21.7247)
t=44064ms iter=1035 incumb=21.7247 ratchet=21.7869 best=21.7155 since_improve=2
t=44066ms iter=1036 WAIST cost=19.0000 best_alt=15.0000 gap=4.0000 tried=5 sep_labels=15 clique_frac=0.05
t=44085ms iter=1036 REBUILD reject new_tc=21.9595 (was 21.7247)
t=44106ms iter=1036 incumb=21.7247 ratchet=21.8938 best=21.7155 since_improve=3
t=44108ms iter=1037 WAIST cost=19.0000 best_alt=15.0000 gap=4.0000 tried=5 sep_labels=15 clique_frac=0.05
t=44127ms iter=1037 REBUILD reject new_tc=22.1554 (was 21.7247)
t=44148ms iter=1037 incumb=21.7247 ratchet=21.9320 best=21.7155 since_improve=4
t=44149ms iter=1038 WAIST cost=19.0000 best_alt=15.0000 gap=4.0000 tried=5 sep_labels=15 clique_frac=0.05
t=44169ms iter=1038 REBUILD reject new_tc=21.8176 (was 21.7247)
t=44190ms iter=1038 incumb=21.7247 ratchet=21.7404 best=21.7155 since_improve=5
t=44191ms iter=1039 WAIST cost=19.0000 best_alt=15.0000 gap=4.0000 tried=5 sep_labels=15 clique_frac=0.05
t=44210ms iter=1039 REBUILD reject new_tc=21.9534 (was 21.7247)
t=44232ms iter=1039 incumb=21.7247 ratchet=21.8101 best=21.7155 since_improve=6
t=44233ms iter=1040 WAIST cost=19.0000 best_alt=15.0000 gap=4.0000 tried=5 sep_labels=15 clique_frac=0.05
t=44252ms iter=1040 REBUILD reject new_tc=22.0445 (was 21.7247)
t=44273ms iter=1040 incumb=21.7247 ratchet=21.7576 best=21.7155 since_improve=7
t=44275ms iter=1041 WAIST cost=19.0000 best_alt=15.0000 gap=4.0000 tried=5 sep_labels=15 clique_frac=0.05
t=44294ms iter=1041 REBUILD reject new_tc=21.9125 (was 21.7247)
t=44315ms iter=1041 incumb=21.7247 ratchet=21.7667 best=21.7155 since_improve=8
t=44317ms iter=1042 WAIST cost=19.0000 best_alt=15.0000 gap=4.0000 tried=5 sep_labels=15 clique_frac=0.05
t=44336ms iter=1042 REBUILD reject new_tc=21.9456 (was 21.7247)
t=44357ms iter=1042 incumb=21.7247 ratchet=21.8952 best=21.7155 since_improve=9
t=44359ms iter=1043 WAIST cost=19.0000 best_alt=15.0000 gap=4.0000 tried=5 sep_labels=15 clique_frac=0.05
t=44378ms iter=1043 REBUILD reject new_tc=21.8691 (was 21.7247)
t=44399ms iter=1043 incumb=21.7247 ratchet=21.8694 best=21.7155 since_improve=10
t=44401ms iter=1044 WAIST cost=19.0000 best_alt=15.0000 gap=4.0000 tried=5 sep_labels=15 clique_frac=0.05
t=44420ms iter=1044 REBUILD reject new_tc=22.1973 (was 21.7247)
t=44441ms iter=1044 incumb=21.7247 ratchet=21.8356 best=21.7155 since_improve=11
t=44442ms iter=1045 WAIST cost=19.0000 best_alt=15.0000 gap=4.0000 tried=5 sep_labels=15 clique_frac=0.05
t=44462ms iter=1045 REBUILD reject new_tc=21.8718 (was 21.7247)
t=44483ms iter=1045 incumb=21.7247 ratchet=21.9050 best=21.7155 since_improve=12
t=44484ms iter=1046 WAIST cost=19.0000 best_alt=15.0000 gap=4.0000 tried=5 sep_labels=15 clique_frac=0.05
t=44503ms iter=1046 REBUILD reject new_tc=22.1526 (was 21.7247)
t=44525ms iter=1046 incumb=21.7247 ratchet=21.8328 best=21.7155 since_improve=13
t=44526ms iter=1047 WAIST cost=19.0000 best_alt=15.0000 gap=4.0000 tried=5 sep_labels=15 clique_frac=0.05
t=44545ms iter=1047 REBUILD reject new_tc=21.9154 (was 21.7247)
t=44567ms iter=1047 incumb=21.7247 ratchet=21.7545 best=21.7155 since_improve=14
t=44569ms iter=1048 WAIST cost=19.0000 best_alt=15.0000 gap=4.0000 tried=5 sep_labels=15 clique_frac=0.05
t=44588ms iter=1048 REBUILD reject new_tc=22.1766 (was 21.7247)
t=44608ms iter=1048 incumb=21.7247 ratchet=21.8841 best=21.7155 since_improve=15
t=44610ms iter=1049 WAIST cost=19.0000 best_alt=15.0000 gap=4.0000 tried=5 sep_labels=15 clique_frac=0.05
t=44629ms iter=1049 REBUILD reject new_tc=21.8674 (was 21.7247)
t=44649ms iter=1049 incumb=21.7247 ratchet=21.7524 best=21.7155 since_improve=16
t=44651ms iter=1050 WAIST cost=19.0000 best_alt=15.0000 gap=4.0000 tried=5 sep_labels=15 clique_frac=0.05
t=44670ms iter=1050 REBUILD reject new_tc=21.7668 (was 21.7247)
t=44691ms iter=1050 incumb=21.7247 ratchet=21.8137 best=21.7155 since_improve=17
t=44692ms iter=1051 WAIST cost=19.0000 best_alt=15.0000 gap=4.0000 tried=5 sep_labels=15 clique_frac=0.05
t=44712ms iter=1051 REBUILD reject new_tc=21.8181 (was 21.7247)
t=44732ms iter=1051 incumb=21.7247 ratchet=21.8868 best=21.7155 since_improve=18
t=44734ms iter=1052 WAIST cost=19.0000 best_alt=15.0000 gap=4.0000 tried=5 sep_labels=15 clique_frac=0.05
t=44753ms iter=1052 REBUILD reject new_tc=22.4035 (was 21.7247)
t=44774ms iter=1052 incumb=21.7247 ratchet=21.9461 best=21.7155 since_improve=19
t=44776ms iter=1053 WAIST cost=19.0000 best_alt=15.0000 gap=4.0000 tried=5 sep_labels=15 clique_frac=0.05
t=44795ms iter=1053 REBUILD reject new_tc=22.0319 (was 21.7247)
t=44817ms iter=1053 incumb=21.7247 ratchet=21.8433 best=21.7155 since_improve=20
t=44818ms iter=1054 WAIST cost=19.0000 best_alt=15.0000 gap=4.0000 tried=5 sep_labels=15 clique_frac=0.05
t=44837ms iter=1054 REBUILD reject new_tc=22.1243 (was 21.7247)
t=44859ms iter=1054 incumb=21.7247 ratchet=21.7920 best=21.7155 since_improve=21
t=44861ms iter=1055 WAIST cost=19.0000 best_alt=15.0000 gap=4.0000 tried=5 sep_labels=15 clique_frac=0.05
t=44880ms iter=1055 REBUILD reject new_tc=21.8683 (was 21.7247)
t=44902ms iter=1055 incumb=21.7247 ratchet=21.7444 best=21.7155 since_improve=22
t=44903ms iter=1056 WAIST cost=19.0000 best_alt=15.0000 gap=4.0000 tried=5 sep_labels=15 clique_frac=0.05
t=44922ms iter=1056 REBUILD reject new_tc=22.0837 (was 21.7247)
t=44952ms iter=1056 incumb=21.7247 ratchet=21.7669 best=21.7124 since_improve=23
t=44954ms iter=1057 WAIST cost=19.0000 best_alt=15.0000 gap=4.0000 tried=5 sep_labels=15 clique_frac=0.05
t=44973ms iter=1057 REBUILD reject new_tc=21.9041 (was 21.7247)
t=44995ms iter=1057 incumb=21.7247 ratchet=21.7554 best=21.7124 since_improve=24
t=44996ms iter=1058 WAIST cost=19.0000 best_alt=15.0000 gap=4.0000 tried=5 sep_labels=15 clique_frac=0.05
t=45016ms iter=1058 REBUILD reject new_tc=22.0768 (was 21.7247)
t=45037ms iter=1058 incumb=21.7247 ratchet=21.7944 best=21.7124 since_improve=25
t=45038ms iter=1059 WAIST cost=19.0000 best_alt=15.0000 gap=4.0000 tried=5 sep_labels=15 clique_frac=0.05
t=45058ms iter=1059 REBUILD reject new_tc=22.1947 (was 21.7247)
t=45079ms iter=1059 incumb=21.7247 ratchet=21.7938 best=21.7124 since_improve=26
t=45081ms iter=1060 WAIST cost=19.0000 best_alt=15.0000 gap=4.0000 tried=5 sep_labels=15 clique_frac=0.05
t=45100ms iter=1060 REBUILD reject new_tc=21.9594 (was 21.7247)
t=45122ms iter=1060 incumb=21.7247 ratchet=21.7443 best=21.7124 since_improve=27
t=45123ms iter=1061 WAIST cost=19.0000 best_alt=15.0000 gap=4.0000 tried=5 sep_labels=15 clique_frac=0.05
t=45143ms iter=1061 REBUILD reject new_tc=22.1349 (was 21.7247)
t=45164ms iter=1061 incumb=21.7247 ratchet=21.8681 best=21.7124 since_improve=28
t=45165ms iter=1062 WAIST cost=19.0000 best_alt=15.0000 gap=4.0000 tried=5 sep_labels=15 clique_frac=0.05
t=45184ms iter=1062 REBUILD reject new_tc=21.9069 (was 21.7247)
t=45206ms iter=1062 incumb=21.7247 ratchet=21.7952 best=21.7124 since_improve=29
t=45207ms iter=1063 WAIST cost=19.0000 best_alt=15.0000 gap=4.0000 tried=5 sep_labels=15 clique_frac=0.05
t=45227ms iter=1063 REBUILD reject new_tc=21.8681 (was 21.7247)
t=45248ms iter=1063 incumb=21.7247 ratchet=21.8524 best=21.7124 since_improve=30
t=45250ms iter=1064 WAIST cost=19.0000 best_alt=15.0000 gap=4.0000 tried=5 sep_labels=15 clique_frac=0.05
t=45269ms iter=1064 REBUILD reject new_tc=22.1806 (was 21.7247)
t=45290ms iter=1064 incumb=21.7247 ratchet=21.8459 best=21.7124 since_improve=31
t=45291ms iter=1065 WAIST cost=19.0000 best_alt=15.0000 gap=4.0000 tried=5 sep_labels=15 clique_frac=0.05
t=45312ms iter=1065 REBUILD reject new_tc=21.9537 (was 21.7247)
t=45332ms iter=1065 incumb=21.7247 ratchet=21.8588 best=21.7124 since_improve=32
t=45334ms iter=1066 WAIST cost=19.0000 best_alt=15.0000 gap=4.0000 tried=5 sep_labels=15 clique_frac=0.05
t=45353ms iter=1066 REBUILD reject new_tc=21.7783 (was 21.7247)
t=45374ms iter=1066 incumb=21.7247 ratchet=21.8687 best=21.7124 since_improve=33
t=45375ms iter=1067 WAIST cost=19.0000 best_alt=15.0000 gap=4.0000 tried=5 sep_labels=15 clique_frac=0.05
t=45394ms iter=1067 REBUILD reject new_tc=21.8835 (was 21.7247)
t=45415ms iter=1067 incumb=21.7247 ratchet=21.7822 best=21.7124 since_improve=34
t=45417ms iter=1068 WAIST cost=19.0000 best_alt=15.0000 gap=4.0000 tried=5 sep_labels=15 clique_frac=0.05
t=45436ms iter=1068 REBUILD reject new_tc=22.0113 (was 21.7247)
t=45458ms iter=1068 incumb=21.7247 ratchet=21.8500 best=21.7124 since_improve=35
t=45459ms iter=1069 WAIST cost=19.0000 best_alt=15.0000 gap=4.0000 tried=5 sep_labels=15 clique_frac=0.05
t=45479ms iter=1069 REBUILD reject new_tc=22.0791 (was 21.7247)
t=45500ms iter=1069 incumb=21.7247 ratchet=22.0021 best=21.7124 since_improve=36
t=45501ms iter=1070 WAIST cost=19.0000 best_alt=15.0000 gap=4.0000 tried=5 sep_labels=15 clique_frac=0.05
t=45521ms iter=1070 REBUILD reject new_tc=21.7686 (was 21.7247)
t=45542ms iter=1070 incumb=21.7247 ratchet=21.8946 best=21.7124 since_improve=37
t=45544ms iter=1071 WAIST cost=19.0000 best_alt=15.0000 gap=4.0000 tried=5 sep_labels=15 clique_frac=0.05
t=45563ms iter=1071 REBUILD reject new_tc=22.1024 (was 21.7247)
t=45584ms iter=1071 incumb=21.7247 ratchet=21.9648 best=21.7124 since_improve=38
t=45585ms iter=1072 WAIST cost=19.0000 best_alt=15.0000 gap=4.0000 tried=5 sep_labels=15 clique_frac=0.05
t=45605ms iter=1072 REBUILD reject new_tc=21.9535 (was 21.7247)
t=45626ms iter=1072 incumb=21.7247 ratchet=22.1478 best=21.7124 since_improve=39
t=45627ms iter=1073 WAIST cost=19.0000 best_alt=15.0000 gap=4.0000 tried=5 sep_labels=15 clique_frac=0.05
t=45646ms iter=1073 REBUILD reject new_tc=22.0973 (was 21.7247)
t=45667ms iter=1073 incumb=21.7247 ratchet=21.7430 best=21.7124 since_improve=40
t=45668ms iter=1074 WAIST cost=19.0000 best_alt=15.0000 gap=4.0000 tried=5 sep_labels=15 clique_frac=0.05
t=45687ms iter=1074 REBUILD reject new_tc=22.0450 (was 21.7247)
t=45708ms iter=1074 incumb=21.7247 ratchet=21.9190 best=21.7124 since_improve=41
t=45709ms iter=1075 WAIST cost=19.0000 best_alt=15.0000 gap=4.0000 tried=5 sep_labels=15 clique_frac=0.05
t=45728ms iter=1075 REBUILD reject new_tc=22.0996 (was 21.7247)
t=45749ms iter=1075 incumb=21.7247 ratchet=21.9080 best=21.7124 since_improve=42
t=45751ms iter=1076 WAIST cost=19.0000 best_alt=15.0000 gap=4.0000 tried=5 sep_labels=15 clique_frac=0.05
t=45770ms iter=1076 REBUILD reject new_tc=21.8772 (was 21.7247)
t=45791ms iter=1076 incumb=21.7247 ratchet=21.8447 best=21.7124 since_improve=43
t=45792ms iter=1077 WAIST cost=19.0000 best_alt=15.0000 gap=4.0000 tried=5 sep_labels=15 clique_frac=0.05
t=45811ms iter=1077 REBUILD reject new_tc=21.8672 (was 21.7247)
t=45833ms iter=1077 incumb=21.7247 ratchet=21.7818 best=21.7124 since_improve=44
t=45834ms iter=1078 WAIST cost=19.0000 best_alt=15.0000 gap=4.0000 tried=5 sep_labels=15 clique_frac=0.05
t=45853ms iter=1078 REBUILD reject new_tc=21.9066 (was 21.7247)
t=45874ms iter=1078 incumb=21.7247 ratchet=21.7977 best=21.7124 since_improve=45
t=45876ms iter=1079 WAIST cost=19.0000 best_alt=15.0000 gap=4.0000 tried=5 sep_labels=15 clique_frac=0.05
t=45895ms iter=1079 REBUILD reject new_tc=21.8769 (was 21.7247)
t=45916ms iter=1079 incumb=21.7247 ratchet=21.7531 best=21.7124 since_improve=46
t=45917ms iter=1080 WAIST cost=19.0000 best_alt=15.0000 gap=4.0000 tried=5 sep_labels=15 clique_frac=0.05
t=45937ms iter=1080 REBUILD reject new_tc=22.1782 (was 21.7247)
t=45957ms iter=1080 incumb=21.7247 ratchet=21.7572 best=21.7124 since_improve=47
t=45958ms iter=1081 WAIST cost=19.0000 best_alt=15.0000 gap=4.0000 tried=5 sep_labels=15 clique_frac=0.05
t=45978ms iter=1081 REBUILD reject new_tc=21.9612 (was 21.7247)
t=45998ms iter=1081 incumb=21.7247 ratchet=21.7667 best=21.7124 since_improve=48
t=46000ms iter=1082 WAIST cost=19.0000 best_alt=15.0000 gap=4.0000 tried=5 sep_labels=15 clique_frac=0.05
t=46019ms iter=1082 REBUILD reject new_tc=22.1112 (was 21.7247)
t=46040ms iter=1082 incumb=21.7247 ratchet=21.9361 best=21.7124 since_improve=49
t=46041ms iter=1083 WAIST cost=19.0000 best_alt=15.0000 gap=4.0000 tried=5 sep_labels=15 clique_frac=0.05
t=46060ms iter=1083 REBUILD reject new_tc=21.8574 (was 21.7247)
t=46081ms iter=1083 incumb=21.7247 ratchet=21.7935 best=21.7124 since_improve=50
t=46083ms iter=1084 WAIST cost=19.0000 best_alt=15.0000 gap=4.0000 tried=5 sep_labels=15 clique_frac=0.05
t=46102ms iter=1084 REBUILD reject new_tc=22.1242 (was 21.7247)
t=46122ms iter=1084 incumb=21.7247 ratchet=21.7929 best=21.7124 since_improve=51
t=46124ms iter=1085 WAIST cost=19.0000 best_alt=15.0000 gap=4.0000 tried=5 sep_labels=15 clique_frac=0.05
t=46143ms iter=1085 REBUILD reject new_tc=21.9518 (was 21.7247)
t=46164ms iter=1085 incumb=21.7247 ratchet=22.0988 best=21.7124 since_improve=52
t=46165ms iter=1086 WAIST cost=19.0000 best_alt=15.0000 gap=4.0000 tried=5 sep_labels=15 clique_frac=0.05
t=46185ms iter=1086 REBUILD reject new_tc=21.9164 (was 21.7247)
t=46206ms iter=1086 incumb=21.7247 ratchet=21.8568 best=21.7124 since_improve=53
t=46207ms iter=1087 WAIST cost=19.0000 best_alt=15.0000 gap=4.0000 tried=5 sep_labels=15 clique_frac=0.05
t=46227ms iter=1087 REBUILD reject new_tc=21.7758 (was 21.7247)
t=46248ms iter=1087 incumb=21.7247 ratchet=21.7672 best=21.7124 since_improve=54
t=46249ms iter=1088 WAIST cost=19.0000 best_alt=15.0000 gap=4.0000 tried=5 sep_labels=15 clique_frac=0.05
t=46269ms iter=1088 REBUILD reject new_tc=21.9896 (was 21.7247)
t=46290ms iter=1088 incumb=21.7247 ratchet=21.9074 best=21.7124 since_improve=55
t=46291ms iter=1089 WAIST cost=19.0000 best_alt=15.0000 gap=4.0000 tried=5 sep_labels=15 clique_frac=0.05
t=46310ms iter=1089 REBUILD reject new_tc=21.8496 (was 21.7247)
t=46331ms iter=1089 incumb=21.7247 ratchet=21.7424 best=21.7124 since_improve=56
t=46332ms iter=1090 WAIST cost=19.0000 best_alt=15.0000 gap=4.0000 tried=5 sep_labels=15 clique_frac=0.05
t=46351ms iter=1090 REBUILD reject new_tc=21.8070 (was 21.7247)
t=46372ms iter=1090 incumb=21.7247 ratchet=21.8886 best=21.7124 since_improve=57
t=46374ms iter=1091 WAIST cost=19.0000 best_alt=15.0000 gap=4.0000 tried=5 sep_labels=15 clique_frac=0.05
t=46393ms iter=1091 REBUILD reject new_tc=22.1786 (was 21.7247)
t=46414ms iter=1091 incumb=21.7247 ratchet=21.7555 best=21.7124 since_improve=58
t=46415ms iter=1092 WAIST cost=19.0000 best_alt=15.0000 gap=4.0000 tried=5 sep_labels=15 clique_frac=0.05
t=46435ms iter=1092 REBUILD reject new_tc=22.0975 (was 21.7247)
t=46456ms iter=1092 incumb=21.7247 ratchet=21.8441 best=21.7124 since_improve=59
t=46457ms iter=1093 WAIST cost=19.0000 best_alt=15.0000 gap=4.0000 tried=5 sep_labels=15 clique_frac=0.05
t=46476ms iter=1093 REBUILD reject new_tc=21.9146 (was 21.7247)
t=46497ms iter=1093 incumb=21.7247 ratchet=21.8308 best=21.7124 since_improve=60
t=46499ms iter=1094 WAIST cost=19.0000 best_alt=15.0000 gap=4.0000 tried=5 sep_labels=15 clique_frac=0.05
t=46518ms iter=1094 REBUILD reject new_tc=22.1848 (was 21.7247)
t=46539ms iter=1094 incumb=21.7247 ratchet=21.9160 best=21.7124 since_improve=61
t=46540ms iter=1095 WAIST cost=19.0000 best_alt=15.0000 gap=4.0000 tried=5 sep_labels=15 clique_frac=0.05
t=46559ms iter=1095 REBUILD reject new_tc=22.2936 (was 21.7247)
t=46580ms iter=1095 incumb=21.7247 ratchet=22.0674 best=21.7124 since_improve=62
t=46581ms iter=1096 WAIST cost=19.0000 best_alt=15.0000 gap=4.0000 tried=5 sep_labels=15 clique_frac=0.05
t=46601ms iter=1096 REBUILD reject new_tc=21.8636 (was 21.7247)
t=46622ms iter=1096 incumb=21.7247 ratchet=21.8585 best=21.7124 since_improve=63
t=46623ms iter=1097 WAIST cost=19.0000 best_alt=15.0000 gap=4.0000 tried=5 sep_labels=15 clique_frac=0.05
t=46643ms iter=1097 REBUILD reject new_tc=21.8002 (was 21.7247)
t=46663ms iter=1097 incumb=21.7247 ratchet=21.9049 best=21.7124 since_improve=64
t=46665ms iter=1098 WAIST cost=19.0000 best_alt=15.0000 gap=4.0000 tried=5 sep_labels=15 clique_frac=0.05
t=46684ms iter=1098 REBUILD reject new_tc=21.9516 (was 21.7247)
t=46705ms iter=1098 incumb=21.7247 ratchet=22.1890 best=21.7124 since_improve=65
t=46707ms iter=1099 WAIST cost=19.0000 best_alt=15.0000 gap=4.0000 tried=5 sep_labels=15 clique_frac=0.05
t=46726ms iter=1099 REBUILD reject new_tc=21.7945 (was 21.7247)
t=46747ms iter=1099 incumb=21.7247 ratchet=21.8941 best=21.7124 since_improve=66
t=46748ms iter=1100 WAIST cost=19.0000 best_alt=15.0000 gap=4.0000 tried=5 sep_labels=15 clique_frac=0.05
t=46768ms iter=1100 REBUILD reject new_tc=21.9253 (was 21.7247)
t=46789ms iter=1100 incumb=21.7247 ratchet=21.8483 best=21.7124 since_improve=67
t=46791ms iter=1101 WAIST cost=19.0000 best_alt=15.0000 gap=4.0000 tried=5 sep_labels=15 clique_frac=0.05
t=46810ms iter=1101 REBUILD reject new_tc=22.0973 (was 21.7247)
t=46831ms iter=1101 incumb=21.7247 ratchet=21.8564 best=21.7124 since_improve=68
t=46833ms iter=1102 WAIST cost=19.0000 best_alt=15.0000 gap=4.0000 tried=5 sep_labels=15 clique_frac=0.05
t=46852ms iter=1102 REBUILD reject new_tc=22.2506 (was 21.7247)
t=46873ms iter=1102 incumb=21.7247 ratchet=21.8049 best=21.7124 since_improve=69
t=46875ms iter=1103 WAIST cost=19.0000 best_alt=15.0000 gap=4.0000 tried=5 sep_labels=15 clique_frac=0.05
t=46895ms iter=1103 REBUILD reject new_tc=22.1143 (was 21.7247)
t=46915ms iter=1103 incumb=21.7247 ratchet=21.7653 best=21.7124 since_improve=70
t=46916ms iter=1104 WAIST cost=19.0000 best_alt=15.0000 gap=4.0000 tried=5 sep_labels=15 clique_frac=0.05
t=46936ms iter=1104 REBUILD reject new_tc=21.8710 (was 21.7247)
t=46957ms iter=1104 incumb=21.7247 ratchet=21.9778 best=21.7124 since_improve=71
t=46958ms iter=1105 WAIST cost=19.0000 best_alt=15.0000 gap=4.0000 tried=5 sep_labels=15 clique_frac=0.05
t=46977ms iter=1105 REBUILD reject new_tc=21.9973 (was 21.7247)
t=46998ms iter=1105 incumb=21.7247 ratchet=21.8093 best=21.7124 since_improve=72
t=47000ms iter=1106 WAIST cost=19.0000 best_alt=15.0000 gap=4.0000 tried=5 sep_labels=15 clique_frac=0.05
t=47019ms iter=1106 REBUILD reject new_tc=22.1256 (was 21.7247)
t=47039ms iter=1106 incumb=21.7247 ratchet=21.8946 best=21.7124 since_improve=73
t=47040ms iter=1107 WAIST cost=19.0000 best_alt=15.0000 gap=4.0000 tried=5 sep_labels=15 clique_frac=0.05
t=47059ms iter=1107 REBUILD reject new_tc=22.0993 (was 21.7247)
t=47081ms iter=1107 incumb=21.7247 ratchet=21.7778 best=21.7124 since_improve=74
t=47082ms iter=1108 WAIST cost=19.0000 best_alt=15.0000 gap=4.0000 tried=5 sep_labels=15 clique_frac=0.05
t=47101ms iter=1108 REBUILD reject new_tc=21.9966 (was 21.7247)
t=47122ms iter=1108 incumb=21.7247 ratchet=21.7821 best=21.7124 since_improve=75
t=47124ms iter=1109 WAIST cost=19.0000 best_alt=15.0000 gap=4.0000 tried=5 sep_labels=15 clique_frac=0.05
t=47143ms iter=1109 REBUILD reject new_tc=21.8791 (was 21.7247)
t=47164ms iter=1109 incumb=21.7247 ratchet=21.8953 best=21.7124 since_improve=76
t=47165ms iter=1110 WAIST cost=19.0000 best_alt=15.0000 gap=4.0000 tried=5 sep_labels=15 clique_frac=0.05
t=47185ms iter=1110 REBUILD reject new_tc=21.9051 (was 21.7247)
t=47206ms iter=1110 incumb=21.7247 ratchet=21.7251 best=21.7124 since_improve=77
t=47207ms iter=1111 WAIST cost=19.0000 best_alt=15.0000 gap=4.0000 tried=5 sep_labels=15 clique_frac=0.05
t=47227ms iter=1111 REBUILD reject new_tc=21.9023 (was 21.7247)
t=47248ms iter=1111 incumb=21.7247 ratchet=21.9645 best=21.7124 since_improve=78
t=47249ms iter=1112 WAIST cost=19.0000 best_alt=15.0000 gap=4.0000 tried=5 sep_labels=15 clique_frac=0.05
t=47269ms iter=1112 REBUILD reject new_tc=21.9897 (was 21.7247)
t=47290ms iter=1112 incumb=21.7247 ratchet=21.7943 best=21.7124 since_improve=79
t=47292ms iter=1113 WAIST cost=19.0000 best_alt=15.0000 gap=4.0000 tried=5 sep_labels=15 clique_frac=0.05
t=47311ms iter=1113 REBUILD reject new_tc=22.0324 (was 21.7247)
t=47333ms iter=1113 incumb=21.7247 ratchet=21.8814 best=21.7124 since_improve=80
t=47334ms iter=1114 WAIST cost=19.0000 best_alt=15.0000 gap=4.0000 tried=5 sep_labels=15 clique_frac=0.05
t=47354ms iter=1114 REBUILD reject new_tc=22.3316 (was 21.7247)
t=47375ms iter=1114 incumb=21.7247 ratchet=22.0512 best=21.7124 since_improve=81
t=47376ms iter=1115 WAIST cost=19.0000 best_alt=15.0000 gap=4.0000 tried=5 sep_labels=15 clique_frac=0.05
t=47396ms iter=1115 REBUILD reject new_tc=21.9786 (was 21.7247)
t=47417ms iter=1115 incumb=21.7247 ratchet=21.8448 best=21.7124 since_improve=82
t=47418ms iter=1116 WAIST cost=19.0000 best_alt=15.0000 gap=4.0000 tried=5 sep_labels=15 clique_frac=0.05
t=47438ms iter=1116 REBUILD reject new_tc=21.7805 (was 21.7247)
t=47459ms iter=1116 incumb=21.7247 ratchet=21.9268 best=21.7124 since_improve=83
t=47460ms iter=1117 WAIST cost=19.0000 best_alt=15.0000 gap=4.0000 tried=5 sep_labels=15 clique_frac=0.05
t=47480ms iter=1117 REBUILD reject new_tc=22.2910 (was 21.7247)
t=47501ms iter=1117 incumb=21.7247 ratchet=21.7656 best=21.7124 since_improve=84
t=47503ms iter=1118 WAIST cost=19.0000 best_alt=15.0000 gap=4.0000 tried=5 sep_labels=15 clique_frac=0.05
t=47522ms iter=1118 REBUILD reject new_tc=21.9066 (was 21.7247)
t=47544ms iter=1118 incumb=21.7247 ratchet=21.8448 best=21.7124 since_improve=85
t=47545ms iter=1119 WAIST cost=19.0000 best_alt=15.0000 gap=4.0000 tried=5 sep_labels=15 clique_frac=0.05
t=47565ms iter=1119 REBUILD reject new_tc=22.0312 (was 21.7247)
t=47586ms iter=1119 incumb=21.7247 ratchet=21.8851 best=21.7124 since_improve=86
t=47588ms iter=1120 WAIST cost=19.0000 best_alt=15.0000 gap=4.0000 tried=5 sep_labels=15 clique_frac=0.05
t=47607ms iter=1120 REBUILD reject new_tc=21.8940 (was 21.7247)
t=47628ms iter=1120 incumb=21.7247 ratchet=21.7258 best=21.7124 since_improve=87
t=47629ms iter=1121 WAIST cost=19.0000 best_alt=15.0000 gap=4.0000 tried=5 sep_labels=15 clique_frac=0.05
t=47649ms iter=1121 REBUILD reject new_tc=21.9845 (was 21.7247)
t=47670ms iter=1121 incumb=21.7247 ratchet=21.9297 best=21.7124 since_improve=88
t=47671ms iter=1122 WAIST cost=19.0000 best_alt=15.0000 gap=4.0000 tried=5 sep_labels=15 clique_frac=0.05
t=47691ms iter=1122 REBUILD reject new_tc=21.8704 (was 21.7247)
t=47712ms iter=1122 incumb=21.7247 ratchet=21.8071 best=21.7124 since_improve=89
t=47713ms iter=1123 WAIST cost=19.0000 best_alt=15.0000 gap=4.0000 tried=5 sep_labels=15 clique_frac=0.05
t=47732ms iter=1123 REBUILD reject new_tc=21.8779 (was 21.7247)
t=47753ms iter=1123 incumb=21.7247 ratchet=21.8835 best=21.7124 since_improve=90
t=47755ms iter=1124 WAIST cost=19.0000 best_alt=15.0000 gap=4.0000 tried=5 sep_labels=15 clique_frac=0.05
t=47774ms iter=1124 REBUILD reject new_tc=21.9423 (was 21.7247)
t=47795ms iter=1124 incumb=21.7247 ratchet=21.8185 best=21.7124 since_improve=91
t=47797ms iter=1125 WAIST cost=19.0000 best_alt=15.0000 gap=4.0000 tried=5 sep_labels=15 clique_frac=0.05
t=47816ms iter=1125 REBUILD reject new_tc=21.8709 (was 21.7247)
t=47837ms iter=1125 incumb=21.7247 ratchet=21.7290 best=21.7124 since_improve=92
t=47839ms iter=1126 WAIST cost=19.0000 best_alt=15.0000 gap=4.0000 tried=5 sep_labels=15 clique_frac=0.05
t=47858ms iter=1126 REBUILD reject new_tc=22.2341 (was 21.7247)
t=47878ms iter=1126 incumb=21.7247 ratchet=21.7844 best=21.7124 since_improve=93
t=47880ms iter=1127 WAIST cost=19.0000 best_alt=15.0000 gap=4.0000 tried=5 sep_labels=15 clique_frac=0.05
t=47900ms iter=1127 REBUILD reject new_tc=21.7945 (was 21.7247)
t=47921ms iter=1127 incumb=21.7247 ratchet=21.9993 best=21.7124 since_improve=94
t=47922ms iter=1128 WAIST cost=19.0000 best_alt=15.0000 gap=4.0000 tried=5 sep_labels=15 clique_frac=0.05
t=47942ms iter=1128 REBUILD reject new_tc=21.7667 (was 21.7247)
t=47963ms iter=1128 incumb=21.7247 ratchet=21.9072 best=21.7124 since_improve=95
t=47965ms iter=1129 WAIST cost=19.0000 best_alt=15.0000 gap=4.0000 tried=5 sep_labels=15 clique_frac=0.05
t=47984ms iter=1129 REBUILD reject new_tc=21.8658 (was 21.7247)
t=48005ms iter=1129 incumb=21.7247 ratchet=21.8875 best=21.7124 since_improve=96
t=48006ms iter=1130 WAIST cost=19.0000 best_alt=15.0000 gap=4.0000 tried=5 sep_labels=15 clique_frac=0.05
t=48026ms iter=1130 REBUILD reject new_tc=22.3324 (was 21.7247)
t=48047ms iter=1130 incumb=21.7247 ratchet=21.8844 best=21.7124 since_improve=97
t=48048ms iter=1131 WAIST cost=19.0000 best_alt=15.0000 gap=4.0000 tried=5 sep_labels=15 clique_frac=0.05
t=48068ms iter=1131 REBUILD reject new_tc=21.9119 (was 21.7247)
t=48089ms iter=1131 incumb=21.7247 ratchet=21.7635 best=21.7124 since_improve=98
t=48090ms iter=1132 WAIST cost=19.0000 best_alt=15.0000 gap=4.0000 tried=5 sep_labels=15 clique_frac=0.05
t=48110ms iter=1132 REBUILD reject new_tc=22.3424 (was 21.7247)
t=48131ms iter=1132 incumb=21.7247 ratchet=21.9054 best=21.7124 since_improve=99
t=48132ms iter=1133 WAIST cost=19.0000 best_alt=15.0000 gap=4.0000 tried=5 sep_labels=15 clique_frac=0.05
t=48152ms iter=1133 REBUILD reject new_tc=21.9611 (was 21.7247)
t=48172ms iter=1133 incumb=21.7247 ratchet=21.7920 best=21.7124 since_improve=100
t=48174ms iter=1134 WAIST cost=19.0000 best_alt=15.0000 gap=4.0000 tried=5 sep_labels=15 clique_frac=0.05
t=48193ms iter=1134 REBUILD reject new_tc=22.1065 (was 21.7247)
t=48214ms iter=1134 incumb=21.7247 ratchet=21.7529 best=21.7124 since_improve=101
t=48216ms iter=1135 WAIST cost=19.0000 best_alt=15.0000 gap=4.0000 tried=5 sep_labels=15 clique_frac=0.05
t=48235ms iter=1135 REBUILD reject new_tc=22.2924 (was 21.7247)
t=48255ms iter=1135 incumb=21.7247 ratchet=21.7928 best=21.7124 since_improve=102
t=48257ms iter=1136 WAIST cost=19.0000 best_alt=15.0000 gap=4.0000 tried=5 sep_labels=15 clique_frac=0.05
t=48276ms iter=1136 REBUILD reject new_tc=22.1784 (was 21.7247)
t=48297ms iter=1136 incumb=21.7247 ratchet=21.7968 best=21.7124 since_improve=103
t=48298ms iter=1137 WAIST cost=19.0000 best_alt=15.0000 gap=4.0000 tried=5 sep_labels=15 clique_frac=0.05
t=48326ms iter=1137 REBUILD reject new_tc=22.2529 (was 21.7247)
t=48347ms iter=1137 incumb=21.7247 ratchet=21.7418 best=21.7124 since_improve=104
t=48348ms iter=1138 WAIST cost=19.0000 best_alt=15.0000 gap=4.0000 tried=5 sep_labels=15 clique_frac=0.05
t=48367ms iter=1138 REBUILD reject new_tc=22.0455 (was 21.7247)
t=48388ms iter=1138 incumb=21.7247 ratchet=21.7533 best=21.7124 since_improve=105
t=48389ms iter=1139 WAIST cost=19.0000 best_alt=15.0000 gap=4.0000 tried=5 sep_labels=15 clique_frac=0.05
t=48408ms iter=1139 REBUILD reject new_tc=22.2625 (was 21.7247)
t=48430ms iter=1139 incumb=21.7247 ratchet=21.8159 best=21.7124 since_improve=106
t=48431ms iter=1140 WAIST cost=19.0000 best_alt=15.0000 gap=4.0000 tried=5 sep_labels=15 clique_frac=0.05
t=48450ms iter=1140 REBUILD reject new_tc=22.1173 (was 21.7247)
t=48471ms iter=1140 incumb=21.7247 ratchet=21.7565 best=21.7124 since_improve=107
t=48473ms iter=1141 WAIST cost=19.0000 best_alt=15.0000 gap=4.0000 tried=5 sep_labels=15 clique_frac=0.05
t=48492ms iter=1141 REBUILD reject new_tc=21.7799 (was 21.7247)
t=48513ms iter=1141 incumb=21.7247 ratchet=21.8441 best=21.7124 since_improve=108
t=48514ms iter=1142 WAIST cost=19.0000 best_alt=15.0000 gap=4.0000 tried=5 sep_labels=15 clique_frac=0.05
t=48533ms iter=1142 REBUILD reject new_tc=22.0342 (was 21.7247)
t=48554ms iter=1142 incumb=21.7247 ratchet=22.0100 best=21.7124 since_improve=109
t=48555ms iter=1143 WAIST cost=19.0000 best_alt=15.0000 gap=4.0000 tried=5 sep_labels=15 clique_frac=0.05
t=48574ms iter=1143 REBUILD reject new_tc=22.1896 (was 21.7247)
t=48596ms iter=1143 incumb=21.7247 ratchet=21.8546 best=21.7124 since_improve=110
t=48597ms iter=1144 WAIST cost=19.0000 best_alt=15.0000 gap=4.0000 tried=5 sep_labels=15 clique_frac=0.05
t=48617ms iter=1144 REBUILD reject new_tc=21.9550 (was 21.7247)
t=48638ms iter=1144 incumb=21.7247 ratchet=21.7942 best=21.7124 since_improve=111
t=48639ms iter=1145 WAIST cost=19.0000 best_alt=15.0000 gap=4.0000 tried=5 sep_labels=15 clique_frac=0.05
t=48658ms iter=1145 REBUILD reject new_tc=21.8007 (was 21.7247)
t=48680ms iter=1145 incumb=21.7247 ratchet=21.8903 best=21.7124 since_improve=112
t=48681ms iter=1146 WAIST cost=19.0000 best_alt=15.0000 gap=4.0000 tried=5 sep_labels=15 clique_frac=0.05
t=48701ms iter=1146 REBUILD reject new_tc=22.0339 (was 21.7247)
t=48721ms iter=1146 incumb=21.7247 ratchet=21.8459 best=21.7124 since_improve=113
t=48723ms iter=1147 WAIST cost=19.0000 best_alt=15.0000 gap=4.0000 tried=5 sep_labels=15 clique_frac=0.05
t=48742ms iter=1147 REBUILD reject new_tc=22.2449 (was 21.7247)
t=48763ms iter=1147 incumb=21.7247 ratchet=21.8114 best=21.7124 since_improve=114
t=48764ms iter=1148 WAIST cost=19.0000 best_alt=15.0000 gap=4.0000 tried=5 sep_labels=15 clique_frac=0.05
t=48783ms iter=1148 REBUILD reject new_tc=21.9524 (was 21.7247)
t=48805ms iter=1148 incumb=21.7247 ratchet=21.8829 best=21.7124 since_improve=115
t=48806ms iter=1149 WAIST cost=19.0000 best_alt=15.0000 gap=4.0000 tried=5 sep_labels=15 clique_frac=0.05
t=48825ms iter=1149 REBUILD reject new_tc=21.9296 (was 21.7247)
t=48846ms iter=1149 incumb=21.7247 ratchet=21.8482 best=21.7124 since_improve=116
t=48847ms iter=1150 WAIST cost=19.0000 best_alt=15.0000 gap=4.0000 tried=5 sep_labels=15 clique_frac=0.05
t=48867ms iter=1150 REBUILD reject new_tc=21.8825 (was 21.7247)
t=48887ms iter=1150 incumb=21.7247 ratchet=22.1134 best=21.7124 since_improve=117
t=48889ms iter=1151 WAIST cost=19.0000 best_alt=15.0000 gap=4.0000 tried=5 sep_labels=15 clique_frac=0.05
t=48908ms iter=1151 REBUILD reject new_tc=21.7712 (was 21.7247)
t=48929ms iter=1151 incumb=21.7247 ratchet=21.8604 best=21.7124 since_improve=118
t=48930ms iter=1152 WAIST cost=19.0000 best_alt=15.0000 gap=4.0000 tried=5 sep_labels=15 clique_frac=0.05
t=48949ms iter=1152 REBUILD reject new_tc=21.8676 (was 21.7247)
t=48970ms iter=1152 incumb=21.7247 ratchet=21.7904 best=21.7124 since_improve=119
t=48972ms iter=1153 WAIST cost=19.0000 best_alt=15.0000 gap=4.0000 tried=5 sep_labels=15 clique_frac=0.05
t=48991ms iter=1153 REBUILD reject new_tc=21.9614 (was 21.7247)
t=49012ms iter=1153 incumb=21.7247 ratchet=21.8471 best=21.7124 since_improve=120
t=49013ms iter=1154 WAIST cost=19.0000 best_alt=15.0000 gap=4.0000 tried=5 sep_labels=15 clique_frac=0.05
t=49033ms iter=1154 REBUILD reject new_tc=22.1377 (was 21.7247)
t=49054ms iter=1154 incumb=21.7247 ratchet=21.7662 best=21.7124 since_improve=121
t=49055ms iter=1155 WAIST cost=19.0000 best_alt=15.0000 gap=4.0000 tried=5 sep_labels=15 clique_frac=0.05
t=49075ms iter=1155 REBUILD reject new_tc=22.1771 (was 21.7247)
t=49095ms iter=1155 incumb=21.7247 ratchet=21.7316 best=21.7124 since_improve=122
t=49096ms iter=1156 WAIST cost=19.0000 best_alt=15.0000 gap=4.0000 tried=5 sep_labels=15 clique_frac=0.05
t=49116ms iter=1156 REBUILD reject new_tc=21.8715 (was 21.7247)
t=49136ms iter=1156 incumb=21.7247 ratchet=21.7273 best=21.7124 since_improve=123
t=49138ms iter=1157 WAIST cost=19.0000 best_alt=15.0000 gap=4.0000 tried=5 sep_labels=15 clique_frac=0.05
t=49157ms iter=1157 REBUILD reject new_tc=22.3531 (was 21.7247)
t=49178ms iter=1157 incumb=21.7247 ratchet=21.8965 best=21.7124 since_improve=124
t=49179ms iter=1158 WAIST cost=19.0000 best_alt=15.0000 gap=4.0000 tried=5 sep_labels=15 clique_frac=0.05
t=49198ms iter=1158 REBUILD reject new_tc=21.9734 (was 21.7247)
t=49219ms iter=1158 incumb=21.7247 ratchet=21.8176 best=21.7124 since_improve=125
t=49221ms iter=1159 WAIST cost=19.0000 best_alt=15.0000 gap=4.0000 tried=5 sep_labels=15 clique_frac=0.05
t=49240ms iter=1159 REBUILD reject new_tc=22.0643 (was 21.7247)
t=49261ms iter=1159 incumb=21.7247 ratchet=21.9975 best=21.7124 since_improve=126
t=49263ms iter=1160 WAIST cost=19.0000 best_alt=15.0000 gap=4.0000 tried=5 sep_labels=15 clique_frac=0.05
t=49282ms iter=1160 REBUILD reject new_tc=22.1262 (was 21.7247)
t=49303ms iter=1160 incumb=21.7247 ratchet=22.0510 best=21.7124 since_improve=127
t=49305ms iter=1161 WAIST cost=19.0000 best_alt=15.0000 gap=4.0000 tried=5 sep_labels=15 clique_frac=0.05
t=49324ms iter=1161 REBUILD reject new_tc=22.3141 (was 21.7247)
t=49345ms iter=1161 incumb=21.7247 ratchet=21.7938 best=21.7124 since_improve=128
t=49347ms iter=1162 WAIST cost=19.0000 best_alt=15.0000 gap=4.0000 tried=5 sep_labels=15 clique_frac=0.05
t=49366ms iter=1162 REBUILD reject new_tc=22.0171 (was 21.7247)
t=49387ms iter=1162 incumb=21.7247 ratchet=21.8173 best=21.7124 since_improve=129
t=49389ms iter=1163 WAIST cost=19.0000 best_alt=15.0000 gap=4.0000 tried=5 sep_labels=15 clique_frac=0.05
t=49408ms iter=1163 REBUILD reject new_tc=22.4833 (was 21.7247)
t=49429ms iter=1163 incumb=21.7247 ratchet=21.7407 best=21.7124 since_improve=130
t=49431ms iter=1164 WAIST cost=19.0000 best_alt=15.0000 gap=4.0000 tried=5 sep_labels=15 clique_frac=0.05
t=49450ms iter=1164 REBUILD reject new_tc=21.8613 (was 21.7247)
t=49471ms iter=1164 incumb=21.7247 ratchet=21.7522 best=21.7124 since_improve=131
t=49473ms iter=1165 WAIST cost=19.0000 best_alt=15.0000 gap=4.0000 tried=5 sep_labels=15 clique_frac=0.05
t=49492ms iter=1165 REBUILD reject new_tc=21.8399 (was 21.7247)
t=49513ms iter=1165 incumb=21.7247 ratchet=22.0821 best=21.7124 since_improve=132
t=49514ms iter=1166 WAIST cost=19.0000 best_alt=15.0000 gap=4.0000 tried=5 sep_labels=15 clique_frac=0.05
t=49534ms iter=1166 REBUILD reject new_tc=21.7662 (was 21.7247)
t=49554ms iter=1166 incumb=21.7247 ratchet=22.0108 best=21.7124 since_improve=133
t=49556ms iter=1167 WAIST cost=19.0000 best_alt=15.0000 gap=4.0000 tried=5 sep_labels=15 clique_frac=0.05
t=49575ms iter=1167 REBUILD reject new_tc=21.9867 (was 21.7247)
t=49596ms iter=1167 incumb=21.7247 ratchet=21.9186 best=21.7124 since_improve=134
t=49598ms iter=1168 WAIST cost=19.0000 best_alt=15.0000 gap=4.0000 tried=5 sep_labels=15 clique_frac=0.05
t=49617ms iter=1168 REBUILD reject new_tc=21.9749 (was 21.7247)
t=49639ms iter=1168 incumb=21.7247 ratchet=21.7691 best=21.7124 since_improve=135
t=49640ms iter=1169 WAIST cost=19.0000 best_alt=15.0000 gap=4.0000 tried=5 sep_labels=15 clique_frac=0.05
t=49660ms iter=1169 REBUILD reject new_tc=21.9033 (was 21.7247)
t=49681ms iter=1169 incumb=21.7247 ratchet=21.7534 best=21.7124 since_improve=136
t=49682ms iter=1170 WAIST cost=19.0000 best_alt=15.0000 gap=4.0000 tried=5 sep_labels=15 clique_frac=0.05
t=49702ms iter=1170 REBUILD reject new_tc=22.2633 (was 21.7247)
t=49722ms iter=1170 incumb=21.7247 ratchet=21.7903 best=21.7124 since_improve=137
t=49724ms iter=1171 WAIST cost=19.0000 best_alt=15.0000 gap=4.0000 tried=5 sep_labels=15 clique_frac=0.05
t=49743ms iter=1171 REBUILD reject new_tc=21.9530 (was 21.7247)
t=49764ms iter=1171 incumb=21.7247 ratchet=21.8187 best=21.7124 since_improve=138
t=49765ms iter=1172 WAIST cost=19.0000 best_alt=15.0000 gap=4.0000 tried=5 sep_labels=15 clique_frac=0.05
t=49784ms iter=1172 REBUILD reject new_tc=22.1767 (was 21.7247)
t=49806ms iter=1172 incumb=21.7247 ratchet=21.7932 best=21.7124 since_improve=139
t=49807ms iter=1173 WAIST cost=19.0000 best_alt=15.0000 gap=4.0000 tried=5 sep_labels=15 clique_frac=0.05
t=49826ms iter=1173 REBUILD reject new_tc=21.9529 (was 21.7247)
t=49847ms iter=1173 incumb=21.7247 ratchet=21.7248 best=21.7124 since_improve=140
t=49849ms iter=1174 WAIST cost=19.0000 best_alt=15.0000 gap=4.0000 tried=5 sep_labels=15 clique_frac=0.05
t=49868ms iter=1174 REBUILD reject new_tc=22.0329 (was 21.7247)
t=49889ms iter=1174 incumb=21.7247 ratchet=21.7461 best=21.7124 since_improve=141
t=49891ms iter=1175 WAIST cost=19.0000 best_alt=15.0000 gap=4.0000 tried=5 sep_labels=15 clique_frac=0.05
t=49910ms iter=1175 REBUILD reject new_tc=21.7783 (was 21.7247)
t=49931ms iter=1175 incumb=21.7247 ratchet=21.8778 best=21.7124 since_improve=142
t=49933ms iter=1176 WAIST cost=19.0000 best_alt=15.0000 gap=4.0000 tried=5 sep_labels=15 clique_frac=0.05
t=49952ms iter=1176 REBUILD reject new_tc=21.8199 (was 21.7247)
t=49973ms iter=1176 incumb=21.7247 ratchet=21.7949 best=21.7124 since_improve=143
t=49975ms iter=1177 WAIST cost=19.0000 best_alt=15.0000 gap=4.0000 tried=5 sep_labels=15 clique_frac=0.05
t=49994ms iter=1177 REBUILD reject new_tc=22.2604 (was 21.7247)
t=50015ms iter=1177 incumb=21.7247 ratchet=21.8201 best=21.7124 since_improve=144
t=50016ms iter=1178 WAIST cost=19.0000 best_alt=15.0000 gap=4.0000 tried=5 sep_labels=15 clique_frac=0.05
t=50035ms iter=1178 REBUILD reject new_tc=21.9608 (was 21.7247)
t=50057ms iter=1178 incumb=21.7247 ratchet=21.9560 best=21.7124 since_improve=145
t=50058ms iter=1179 WAIST cost=19.0000 best_alt=15.0000 gap=4.0000 tried=5 sep_labels=15 clique_frac=0.05
t=50078ms iter=1179 REBUILD reject new_tc=21.9264 (was 21.7247)
t=50099ms iter=1179 incumb=21.7247 ratchet=21.8822 best=21.7124 since_improve=146
t=50100ms iter=1180 WAIST cost=19.0000 best_alt=15.0000 gap=4.0000 tried=5 sep_labels=15 clique_frac=0.05
t=50120ms iter=1180 REBUILD reject new_tc=21.9606 (was 21.7247)
t=50140ms iter=1180 incumb=21.7247 ratchet=21.8504 best=21.7124 since_improve=147
t=50141ms iter=1181 WAIST cost=19.0000 best_alt=15.0000 gap=4.0000 tried=5 sep_labels=15 clique_frac=0.05
t=50161ms iter=1181 REBUILD reject new_tc=21.9519 (was 21.7247)
t=50182ms iter=1181 incumb=21.7247 ratchet=22.0116 best=21.7124 since_improve=148
t=50184ms iter=1182 WAIST cost=19.0000 best_alt=15.0000 gap=4.0000 tried=5 sep_labels=15 clique_frac=0.05
t=50203ms iter=1182 REBUILD reject new_tc=21.8655 (was 21.7247)
t=50224ms iter=1182 incumb=21.7247 ratchet=21.9375 best=21.7124 since_improve=149
t=50226ms iter=1183 WAIST cost=19.0000 best_alt=15.0000 gap=4.0000 tried=5 sep_labels=15 clique_frac=0.05
t=50245ms iter=1183 REBUILD reject new_tc=21.8750 (was 21.7247)
t=50266ms iter=1183 incumb=21.7247 ratchet=21.7512 best=21.7124 since_improve=150
t=50268ms iter=1184 WAIST cost=19.0000 best_alt=15.0000 gap=4.0000 tried=5 sep_labels=15 clique_frac=0.05
t=50287ms iter=1184 REBUILD reject new_tc=22.0966 (was 21.7247)
t=50309ms iter=1184 incumb=21.7247 ratchet=21.7675 best=21.7124 since_improve=151
t=50310ms iter=1185 WAIST cost=19.0000 best_alt=15.0000 gap=4.0000 tried=5 sep_labels=15 clique_frac=0.05
t=50330ms iter=1185 REBUILD reject new_tc=21.7780 (was 21.7247)
t=50351ms iter=1185 incumb=21.7247 ratchet=21.7249 best=21.7124 since_improve=152
t=50352ms iter=1186 WAIST cost=19.0000 best_alt=15.0000 gap=4.0000 tried=5 sep_labels=15 clique_frac=0.05
t=50372ms iter=1186 REBUILD reject new_tc=21.9652 (was 21.7247)
t=50394ms iter=1186 incumb=21.7247 ratchet=21.9065 best=21.7124 since_improve=153
t=50395ms iter=1187 WAIST cost=19.0000 best_alt=15.0000 gap=4.0000 tried=5 sep_labels=15 clique_frac=0.05
t=50414ms iter=1187 REBUILD reject new_tc=21.9078 (was 21.7247)
t=50435ms iter=1187 incumb=21.7247 ratchet=21.9970 best=21.7124 since_improve=154
t=50437ms iter=1188 WAIST cost=19.0000 best_alt=15.0000 gap=4.0000 tried=5 sep_labels=15 clique_frac=0.05
t=50457ms iter=1188 REBUILD reject new_tc=21.9059 (was 21.7247)
t=50478ms iter=1188 incumb=21.7247 ratchet=21.7668 best=21.7124 since_improve=155
t=50480ms iter=1189 WAIST cost=19.0000 best_alt=15.0000 gap=4.0000 tried=5 sep_labels=15 clique_frac=0.05
t=50499ms iter=1189 REBUILD reject new_tc=22.1773 (was 21.7247)
t=50520ms iter=1189 incumb=21.7247 ratchet=21.7384 best=21.7124 since_improve=156
t=50522ms iter=1190 WAIST cost=19.0000 best_alt=15.0000 gap=4.0000 tried=5 sep_labels=15 clique_frac=0.05
t=50541ms iter=1190 REBUILD reject new_tc=21.8198 (was 21.7247)
t=50562ms iter=1190 incumb=21.7247 ratchet=21.8072 best=21.7124 since_improve=157
t=50563ms iter=1191 WAIST cost=19.0000 best_alt=15.0000 gap=4.0000 tried=5 sep_labels=15 clique_frac=0.05
t=50583ms iter=1191 REBUILD reject new_tc=22.1053 (was 21.7247)
t=50604ms iter=1191 incumb=21.7247 ratchet=21.7685 best=21.7124 since_improve=158
t=50606ms iter=1192 WAIST cost=19.0000 best_alt=15.0000 gap=4.0000 tried=5 sep_labels=15 clique_frac=0.05
t=50625ms iter=1192 REBUILD reject new_tc=21.8918 (was 21.7247)
t=50646ms iter=1192 incumb=21.7247 ratchet=21.9664 best=21.7124 since_improve=159
t=50648ms iter=1193 WAIST cost=19.0000 best_alt=15.0000 gap=4.0000 tried=5 sep_labels=15 clique_frac=0.05
t=50667ms iter=1193 REBUILD reject new_tc=21.8671 (was 21.7247)
t=50688ms iter=1193 incumb=21.7247 ratchet=21.7660 best=21.7124 since_improve=160
t=50689ms iter=1194 WAIST cost=19.0000 best_alt=15.0000 gap=4.0000 tried=5 sep_labels=15 clique_frac=0.05
t=50709ms iter=1194 REBUILD reject new_tc=22.0321 (was 21.7247)
t=50730ms iter=1194 incumb=21.7247 ratchet=21.7737 best=21.7124 since_improve=161
t=50732ms iter=1195 WAIST cost=19.0000 best_alt=15.0000 gap=4.0000 tried=5 sep_labels=15 clique_frac=0.05
t=50751ms iter=1195 REBUILD reject new_tc=22.0452 (was 21.7247)
t=50773ms iter=1195 incumb=21.7247 ratchet=21.7577 best=21.7124 since_improve=162
t=50774ms iter=1196 WAIST cost=19.0000 best_alt=15.0000 gap=4.0000 tried=5 sep_labels=15 clique_frac=0.05
t=50794ms iter=1196 REBUILD reject new_tc=22.1072 (was 21.7247)
t=50815ms iter=1196 incumb=21.7247 ratchet=21.7662 best=21.7124 since_improve=163
t=50816ms iter=1197 WAIST cost=19.0000 best_alt=15.0000 gap=4.0000 tried=5 sep_labels=15 clique_frac=0.05
t=50836ms iter=1197 REBUILD reject new_tc=22.2619 (was 21.7247)
t=50857ms iter=1197 incumb=21.7247 ratchet=21.7689 best=21.7124 since_improve=164
t=50859ms iter=1198 WAIST cost=19.0000 best_alt=15.0000 gap=4.0000 tried=5 sep_labels=15 clique_frac=0.05
t=50878ms iter=1198 REBUILD reject new_tc=21.8727 (was 21.7247)
t=50899ms iter=1198 incumb=21.7247 ratchet=21.8564 best=21.7124 since_improve=165
t=50901ms iter=1199 WAIST cost=19.0000 best_alt=15.0000 gap=4.0000 tried=5 sep_labels=15 clique_frac=0.05
t=50921ms iter=1199 REBUILD reject new_tc=22.1097 (was 21.7247)
t=50941ms iter=1199 incumb=21.7247 ratchet=21.8455 best=21.7124 since_improve=166
t=50943ms iter=1200 WAIST cost=19.0000 best_alt=15.0000 gap=4.0000 tried=5 sep_labels=15 clique_frac=0.05
t=50963ms iter=1200 REBUILD reject new_tc=22.2965 (was 21.7247)
t=50984ms iter=1200 incumb=21.7247 ratchet=21.7637 best=21.7124 since_improve=167
t=50985ms iter=1201 WAIST cost=19.0000 best_alt=15.0000 gap=4.0000 tried=5 sep_labels=15 clique_frac=0.05
t=51004ms iter=1201 REBUILD reject new_tc=21.8724 (was 21.7247)
t=51025ms iter=1201 incumb=21.7247 ratchet=22.1494 best=21.7124 since_improve=168
t=51027ms iter=1202 WAIST cost=19.0000 best_alt=15.0000 gap=4.0000 tried=5 sep_labels=15 clique_frac=0.05
t=51046ms iter=1202 REBUILD reject new_tc=22.0983 (was 21.7247)
t=51067ms iter=1202 incumb=21.7247 ratchet=21.7265 best=21.7124 since_improve=169
t=51068ms iter=1203 WAIST cost=19.0000 best_alt=15.0000 gap=4.0000 tried=5 sep_labels=15 clique_frac=0.05
t=51088ms iter=1203 REBUILD reject new_tc=22.1438 (was 21.7247)
t=51108ms iter=1203 incumb=21.7247 ratchet=21.8580 best=21.7124 since_improve=170
t=51110ms iter=1204 WAIST cost=19.0000 best_alt=15.0000 gap=4.0000 tried=5 sep_labels=15 clique_frac=0.05
t=51129ms iter=1204 REBUILD reject new_tc=22.1792 (was 21.7247)
t=51150ms iter=1204 incumb=21.7247 ratchet=21.8473 best=21.7124 since_improve=171
t=51152ms iter=1205 WAIST cost=19.0000 best_alt=15.0000 gap=4.0000 tried=5 sep_labels=15 clique_frac=0.05
t=51171ms iter=1205 REBUILD reject new_tc=22.2240 (was 21.7247)
t=51192ms iter=1205 incumb=21.7247 ratchet=21.7408 best=21.7124 since_improve=172
t=51193ms iter=1206 WAIST cost=19.0000 best_alt=15.0000 gap=4.0000 tried=5 sep_labels=15 clique_frac=0.05
t=51213ms iter=1206 REBUILD reject new_tc=21.7860 (was 21.7247)
t=51234ms iter=1206 incumb=21.7247 ratchet=21.8054 best=21.7124 since_improve=173
t=51235ms iter=1207 WAIST cost=19.0000 best_alt=15.0000 gap=4.0000 tried=5 sep_labels=15 clique_frac=0.05
t=51254ms iter=1207 REBUILD reject new_tc=21.9560 (was 21.7247)
t=51275ms iter=1207 incumb=21.7247 ratchet=21.9185 best=21.7124 since_improve=174
t=51277ms iter=1208 WAIST cost=19.0000 best_alt=15.0000 gap=4.0000 tried=5 sep_labels=15 clique_frac=0.05
t=51297ms iter=1208 REBUILD reject new_tc=22.0034 (was 21.7247)
t=51317ms iter=1208 incumb=21.7247 ratchet=21.7969 best=21.7124 since_improve=175
t=51319ms iter=1209 WAIST cost=19.0000 best_alt=15.0000 gap=4.0000 tried=5 sep_labels=15 clique_frac=0.05
t=51338ms iter=1209 REBUILD reject new_tc=21.9613 (was 21.7247)
t=51359ms iter=1209 incumb=21.7247 ratchet=21.7414 best=21.7124 since_improve=176
t=51360ms iter=1210 WAIST cost=19.0000 best_alt=15.0000 gap=4.0000 tried=5 sep_labels=15 clique_frac=0.05
t=51379ms iter=1210 REBUILD reject new_tc=22.2337 (was 21.7247)
t=51400ms iter=1210 incumb=21.7247 ratchet=21.8186 best=21.7124 since_improve=177
t=51402ms iter=1211 WAIST cost=19.0000 best_alt=15.0000 gap=4.0000 tried=5 sep_labels=15 clique_frac=0.05
t=51421ms iter=1211 REBUILD reject new_tc=21.7696 (was 21.7247)
t=51442ms iter=1211 incumb=21.7247 ratchet=22.2424 best=21.7124 since_improve=178
t=51443ms iter=1212 WAIST cost=19.0000 best_alt=15.0000 gap=4.0000 tried=5 sep_labels=15 clique_frac=0.05
t=51463ms iter=1212 REBUILD reject new_tc=22.0788 (was 21.7247)
t=51484ms iter=1212 incumb=21.7247 ratchet=21.8067 best=21.7124 since_improve=179
t=51485ms iter=1213 WAIST cost=19.0000 best_alt=15.0000 gap=4.0000 tried=5 sep_labels=15 clique_frac=0.05
t=51505ms iter=1213 REBUILD reject new_tc=22.0400 (was 21.7247)
t=51526ms iter=1213 incumb=21.7247 ratchet=21.7398 best=21.7124 since_improve=180
t=51527ms iter=1214 WAIST cost=19.0000 best_alt=15.0000 gap=4.0000 tried=5 sep_labels=15 clique_frac=0.05
t=51546ms iter=1214 REBUILD reject new_tc=22.1808 (was 21.7247)
t=51567ms iter=1214 incumb=21.7247 ratchet=21.8932 best=21.7124 since_improve=181
t=51569ms iter=1215 WAIST cost=19.0000 best_alt=15.0000 gap=4.0000 tried=5 sep_labels=15 clique_frac=0.05
t=51588ms iter=1215 REBUILD reject new_tc=22.1226 (was 21.7247)
t=51609ms iter=1215 incumb=21.7247 ratchet=21.7525 best=21.7124 since_improve=182
t=51610ms iter=1216 WAIST cost=19.0000 best_alt=15.0000 gap=4.0000 tried=5 sep_labels=15 clique_frac=0.05
t=51629ms iter=1216 REBUILD reject new_tc=21.9272 (was 21.7247)
t=51650ms iter=1216 incumb=21.7247 ratchet=21.7644 best=21.7124 since_improve=183
t=51652ms iter=1217 WAIST cost=19.0000 best_alt=15.0000 gap=4.0000 tried=5 sep_labels=15 clique_frac=0.05
t=51671ms iter=1217 REBUILD reject new_tc=22.3605 (was 21.7247)
t=51692ms iter=1217 incumb=21.7247 ratchet=21.8061 best=21.7124 since_improve=184
t=51693ms iter=1218 WAIST cost=19.0000 best_alt=15.0000 gap=4.0000 tried=5 sep_labels=15 clique_frac=0.05
t=51712ms iter=1218 REBUILD reject new_tc=22.1188 (was 21.7247)
t=51733ms iter=1218 incumb=21.7247 ratchet=21.8453 best=21.7124 since_improve=185
t=51735ms iter=1219 WAIST cost=19.0000 best_alt=15.0000 gap=4.0000 tried=5 sep_labels=15 clique_frac=0.05
t=51754ms iter=1219 REBUILD reject new_tc=22.0410 (was 21.7247)
t=51775ms iter=1219 incumb=21.7247 ratchet=21.8456 best=21.7124 since_improve=186
t=51776ms iter=1220 WAIST cost=19.0000 best_alt=15.0000 gap=4.0000 tried=5 sep_labels=15 clique_frac=0.05
t=51795ms iter=1220 REBUILD reject new_tc=21.8687 (was 21.7247)
t=51816ms iter=1220 incumb=21.7247 ratchet=21.7641 best=21.7124 since_improve=187
t=51818ms iter=1221 WAIST cost=19.0000 best_alt=15.0000 gap=4.0000 tried=5 sep_labels=15 clique_frac=0.05
t=51837ms iter=1221 REBUILD reject new_tc=21.7793 (was 21.7247)
t=51859ms iter=1221 incumb=21.7247 ratchet=22.0432 best=21.7124 since_improve=188
t=51860ms iter=1222 WAIST cost=19.0000 best_alt=15.0000 gap=4.0000 tried=5 sep_labels=15 clique_frac=0.05
t=51880ms iter=1222 REBUILD reject new_tc=21.9537 (was 21.7247)
t=51901ms iter=1222 incumb=21.7247 ratchet=21.8165 best=21.7124 since_improve=189
t=51902ms iter=1223 WAIST cost=19.0000 best_alt=15.0000 gap=4.0000 tried=5 sep_labels=15 clique_frac=0.05
t=51921ms iter=1223 REBUILD reject new_tc=21.9199 (was 21.7247)
t=51942ms iter=1223 incumb=21.7247 ratchet=21.8341 best=21.7124 since_improve=190
t=51944ms iter=1224 WAIST cost=19.0000 best_alt=15.0000 gap=4.0000 tried=5 sep_labels=15 clique_frac=0.05
t=51963ms iter=1224 REBUILD reject new_tc=21.9521 (was 21.7247)
t=51984ms iter=1224 incumb=21.7247 ratchet=21.7813 best=21.7124 since_improve=191
t=51985ms iter=1225 WAIST cost=19.0000 best_alt=15.0000 gap=4.0000 tried=5 sep_labels=15 clique_frac=0.05
t=52004ms iter=1225 REBUILD reject new_tc=22.0338 (was 21.7247)
t=52025ms iter=1225 incumb=21.7247 ratchet=22.0202 best=21.7124 since_improve=192
t=52026ms iter=1226 WAIST cost=19.0000 best_alt=15.0000 gap=4.0000 tried=5 sep_labels=15 clique_frac=0.05
t=52046ms iter=1226 REBUILD reject new_tc=21.8223 (was 21.7247)
t=52066ms iter=1226 incumb=21.7247 ratchet=21.8049 best=21.7124 since_improve=193
t=52068ms iter=1227 WAIST cost=19.0000 best_alt=15.0000 gap=4.0000 tried=5 sep_labels=15 clique_frac=0.05
t=52087ms iter=1227 REBUILD reject new_tc=22.2164 (was 21.7247)
t=52109ms iter=1227 incumb=21.7247 ratchet=21.9560 best=21.7124 since_improve=194
t=52110ms iter=1228 WAIST cost=19.0000 best_alt=15.0000 gap=4.0000 tried=5 sep_labels=15 clique_frac=0.05
t=52129ms iter=1228 REBUILD reject new_tc=21.9421 (was 21.7247)
t=52150ms iter=1228 incumb=21.7247 ratchet=21.9306 best=21.7124 since_improve=195
t=52152ms iter=1229 WAIST cost=19.0000 best_alt=15.0000 gap=4.0000 tried=5 sep_labels=15 clique_frac=0.05
t=52171ms iter=1229 REBUILD reject new_tc=21.8692 (was 21.7247)
t=52192ms iter=1229 incumb=21.7247 ratchet=21.9057 best=21.7124 since_improve=196
t=52193ms iter=1230 WAIST cost=19.0000 best_alt=15.0000 gap=4.0000 tried=5 sep_labels=15 clique_frac=0.05
t=52212ms iter=1230 REBUILD reject new_tc=21.8699 (was 21.7247)
t=52233ms iter=1230 incumb=21.7247 ratchet=21.8947 best=21.7124 since_improve=197
t=52234ms iter=1231 WAIST cost=19.0000 best_alt=15.0000 gap=4.0000 tried=5 sep_labels=15 clique_frac=0.05
t=52254ms iter=1231 REBUILD reject new_tc=22.2601 (was 21.7247)
t=52275ms iter=1231 incumb=21.7247 ratchet=21.7549 best=21.7124 since_improve=198
t=52277ms iter=1232 WAIST cost=19.0000 best_alt=15.0000 gap=4.0000 tried=5 sep_labels=15 clique_frac=0.05
t=52296ms iter=1232 REBUILD reject new_tc=22.0982 (was 21.7247)
t=52317ms iter=1232 incumb=21.7247 ratchet=21.7280 best=21.7124 since_improve=199
t=52318ms iter=1233 WAIST cost=19.0000 best_alt=15.0000 gap=4.0000 tried=5 sep_labels=15 clique_frac=0.05
t=52337ms iter=1233 REBUILD reject new_tc=21.8712 (was 21.7247)
t=52358ms iter=1233 incumb=21.7247 ratchet=21.7968 best=21.7124 since_improve=200
t=52360ms iter=1234 WAIST cost=19.0000 best_alt=15.0000 gap=4.0000 tried=5 sep_labels=15 clique_frac=0.05
t=52379ms iter=1234 REBUILD reject new_tc=21.8893 (was 21.7247)
t=52401ms iter=1234 incumb=21.7247 ratchet=21.9286 best=21.7124 since_improve=201
t=52402ms iter=1235 WAIST cost=19.0000 best_alt=15.0000 gap=4.0000 tried=5 sep_labels=15 clique_frac=0.05
t=52422ms iter=1235 REBUILD reject new_tc=21.7799 (was 21.7247)
t=52443ms iter=1235 incumb=21.7247 ratchet=21.7544 best=21.7124 since_improve=202
t=52444ms iter=1236 WAIST cost=19.0000 best_alt=15.0000 gap=4.0000 tried=5 sep_labels=15 clique_frac=0.05
t=52464ms iter=1236 REBUILD reject new_tc=21.9976 (was 21.7247)
t=52485ms iter=1236 incumb=21.7247 ratchet=21.8813 best=21.7124 since_improve=203
t=52486ms iter=1237 WAIST cost=19.0000 best_alt=15.0000 gap=4.0000 tried=5 sep_labels=15 clique_frac=0.05
t=52506ms iter=1237 REBUILD reject new_tc=22.3410 (was 21.7247)
t=52527ms iter=1237 incumb=21.7247 ratchet=21.8081 best=21.7124 since_improve=204
t=52528ms iter=1238 WAIST cost=19.0000 best_alt=15.0000 gap=4.0000 tried=5 sep_labels=15 clique_frac=0.05
t=52547ms iter=1238 REBUILD reject new_tc=21.9435 (was 21.7247)
t=52569ms iter=1238 incumb=21.7247 ratchet=21.7421 best=21.7124 since_improve=205
t=52570ms iter=1239 WAIST cost=19.0000 best_alt=15.0000 gap=4.0000 tried=5 sep_labels=15 clique_frac=0.05
t=52589ms iter=1239 REBUILD reject new_tc=21.8719 (was 21.7247)
t=52610ms iter=1239 incumb=21.7247 ratchet=22.0711 best=21.7124 since_improve=206
t=52611ms iter=1240 WAIST cost=19.0000 best_alt=15.0000 gap=4.0000 tried=5 sep_labels=15 clique_frac=0.05
t=52631ms iter=1240 REBUILD reject new_tc=21.8656 (was 21.7247)
t=52652ms iter=1240 incumb=21.7247 ratchet=21.7900 best=21.7124 since_improve=207
t=52653ms iter=1241 WAIST cost=19.0000 best_alt=15.0000 gap=4.0000 tried=5 sep_labels=15 clique_frac=0.05
t=52672ms iter=1241 REBUILD reject new_tc=22.1151 (was 21.7247)
t=52693ms iter=1241 incumb=21.7247 ratchet=21.8057 best=21.7124 since_improve=208
t=52694ms iter=1242 WAIST cost=19.0000 best_alt=15.0000 gap=4.0000 tried=5 sep_labels=15 clique_frac=0.05
t=52714ms iter=1242 REBUILD reject new_tc=21.9032 (was 21.7247)
t=52735ms iter=1242 incumb=21.7247 ratchet=21.8696 best=21.7124 since_improve=209
t=52736ms iter=1243 WAIST cost=19.0000 best_alt=15.0000 gap=4.0000 tried=5 sep_labels=15 clique_frac=0.05
t=52756ms iter=1243 REBUILD reject new_tc=21.9523 (was 21.7247)
t=52777ms iter=1243 incumb=21.7247 ratchet=21.8761 best=21.7124 since_improve=210
t=52778ms iter=1244 WAIST cost=19.0000 best_alt=15.0000 gap=4.0000 tried=5 sep_labels=15 clique_frac=0.05
t=52798ms iter=1244 REBUILD reject new_tc=21.7787 (was 21.7247)
t=52819ms iter=1244 incumb=21.7247 ratchet=21.9842 best=21.7124 since_improve=211
t=52821ms iter=1245 WAIST cost=19.0000 best_alt=15.0000 gap=4.0000 tried=5 sep_labels=15 clique_frac=0.05
t=52840ms iter=1245 REBUILD reject new_tc=21.9519 (was 21.7247)
t=52861ms iter=1245 incumb=21.7247 ratchet=21.9653 best=21.7124 since_improve=212
t=52863ms iter=1246 WAIST cost=19.0000 best_alt=15.0000 gap=4.0000 tried=5 sep_labels=15 clique_frac=0.05
t=52882ms iter=1246 REBUILD reject new_tc=22.1407 (was 21.7247)
t=52903ms iter=1246 incumb=21.7247 ratchet=21.7824 best=21.7124 since_improve=213
t=52905ms iter=1247 WAIST cost=19.0000 best_alt=15.0000 gap=4.0000 tried=5 sep_labels=15 clique_frac=0.05
t=52924ms iter=1247 REBUILD reject new_tc=22.1245 (was 21.7247)
t=52945ms iter=1247 incumb=21.7247 ratchet=21.8322 best=21.7124 since_improve=214
t=52947ms iter=1248 WAIST cost=19.0000 best_alt=15.0000 gap=4.0000 tried=5 sep_labels=15 clique_frac=0.05
t=52966ms iter=1248 REBUILD reject new_tc=22.1225 (was 21.7247)
t=52987ms iter=1248 incumb=21.7247 ratchet=21.8033 best=21.7124 since_improve=215
t=52989ms iter=1249 WAIST cost=19.0000 best_alt=15.0000 gap=4.0000 tried=5 sep_labels=15 clique_frac=0.05
t=53009ms iter=1249 REBUILD reject new_tc=22.2142 (was 21.7247)
t=53030ms iter=1249 incumb=21.7247 ratchet=21.8772 best=21.7124 since_improve=216
t=53031ms iter=1250 WAIST cost=19.0000 best_alt=15.0000 gap=4.0000 tried=5 sep_labels=15 clique_frac=0.05
t=53051ms iter=1250 REBUILD reject new_tc=22.2060 (was 21.7247)
t=53072ms iter=1250 incumb=21.7247 ratchet=21.7822 best=21.7124 since_improve=217
t=53073ms iter=1251 WAIST cost=19.0000 best_alt=15.0000 gap=4.0000 tried=5 sep_labels=15 clique_frac=0.05
t=53093ms iter=1251 REBUILD reject new_tc=21.8283 (was 21.7247)
t=53114ms iter=1251 incumb=21.7247 ratchet=22.0550 best=21.7124 since_improve=218
t=53115ms iter=1252 WAIST cost=19.0000 best_alt=15.0000 gap=4.0000 tried=5 sep_labels=15 clique_frac=0.05
t=53135ms iter=1252 REBUILD reject new_tc=21.9490 (was 21.7247)
t=53155ms iter=1252 incumb=21.7247 ratchet=21.8410 best=21.7124 since_improve=219
t=53157ms iter=1253 WAIST cost=19.0000 best_alt=15.0000 gap=4.0000 tried=5 sep_labels=15 clique_frac=0.05
t=53176ms iter=1253 REBUILD reject new_tc=21.9964 (was 21.7247)
t=53198ms iter=1253 incumb=21.7247 ratchet=21.9387 best=21.7124 since_improve=220
t=53199ms iter=1254 WAIST cost=19.0000 best_alt=15.0000 gap=4.0000 tried=5 sep_labels=15 clique_frac=0.05
t=53219ms iter=1254 REBUILD reject new_tc=21.8805 (was 21.7247)
t=53239ms iter=1254 incumb=21.7247 ratchet=21.8798 best=21.7124 since_improve=221
t=53241ms iter=1255 WAIST cost=19.0000 best_alt=15.0000 gap=4.0000 tried=5 sep_labels=15 clique_frac=0.05
t=53260ms iter=1255 REBUILD reject new_tc=22.1131 (was 21.7247)
t=53281ms iter=1255 incumb=21.7247 ratchet=21.8439 best=21.7124 since_improve=222
t=53283ms iter=1256 WAIST cost=19.0000 best_alt=15.0000 gap=4.0000 tried=5 sep_labels=15 clique_frac=0.05
t=53303ms iter=1256 REBUILD reject new_tc=21.9051 (was 21.7247)
t=53324ms iter=1256 incumb=21.7247 ratchet=21.7424 best=21.7124 since_improve=223
t=53325ms iter=1257 WAIST cost=19.0000 best_alt=15.0000 gap=4.0000 tried=5 sep_labels=15 clique_frac=0.05
t=53344ms iter=1257 REBUILD reject new_tc=22.0305 (was 21.7247)
t=53365ms iter=1257 incumb=21.7247 ratchet=21.8952 best=21.7124 since_improve=224
t=53367ms iter=1258 WAIST cost=19.0000 best_alt=15.0000 gap=4.0000 tried=5 sep_labels=15 clique_frac=0.05
t=53386ms iter=1258 REBUILD reject new_tc=21.8772 (was 21.7247)
t=53407ms iter=1258 incumb=21.7247 ratchet=21.8903 best=21.7124 since_improve=225
t=53409ms iter=1259 WAIST cost=19.0000 best_alt=15.0000 gap=4.0000 tried=5 sep_labels=15 clique_frac=0.05
t=53428ms iter=1259 REBUILD reject new_tc=21.8189 (was 21.7247)
t=53449ms iter=1259 incumb=21.7247 ratchet=21.8073 best=21.7124 since_improve=226
t=53450ms iter=1260 WAIST cost=19.0000 best_alt=15.0000 gap=4.0000 tried=5 sep_labels=15 clique_frac=0.05
t=53469ms iter=1260 REBUILD reject new_tc=21.8635 (was 21.7247)
t=53490ms iter=1260 incumb=21.7247 ratchet=21.7988 best=21.7124 since_improve=227
t=53492ms iter=1261 WAIST cost=19.0000 best_alt=15.0000 gap=4.0000 tried=5 sep_labels=15 clique_frac=0.05
t=53511ms iter=1261 REBUILD reject new_tc=21.9992 (was 21.7247)
t=53532ms iter=1261 incumb=21.7247 ratchet=21.8796 best=21.7124 since_improve=228
t=53533ms iter=1262 WAIST cost=19.0000 best_alt=15.0000 gap=4.0000 tried=5 sep_labels=15 clique_frac=0.05
t=53553ms iter=1262 REBUILD reject new_tc=21.9509 (was 21.7247)
t=53573ms iter=1262 incumb=21.7247 ratchet=21.7712 best=21.7124 since_improve=229
t=53575ms iter=1263 WAIST cost=19.0000 best_alt=15.0000 gap=4.0000 tried=5 sep_labels=15 clique_frac=0.05
t=53594ms iter=1263 REBUILD reject new_tc=21.8680 (was 21.7247)
t=53615ms iter=1263 incumb=21.7247 ratchet=21.9252 best=21.7124 since_improve=230
t=53617ms iter=1264 WAIST cost=19.0000 best_alt=15.0000 gap=4.0000 tried=5 sep_labels=15 clique_frac=0.05
t=53636ms iter=1264 REBUILD reject new_tc=21.9579 (was 21.7247)
t=53658ms iter=1264 incumb=21.7247 ratchet=21.7943 best=21.7124 since_improve=231
t=53659ms iter=1265 WAIST cost=19.0000 best_alt=15.0000 gap=4.0000 tried=5 sep_labels=15 clique_frac=0.05
t=53678ms iter=1265 REBUILD reject new_tc=21.9010 (was 21.7247)
t=53699ms iter=1265 incumb=21.7247 ratchet=21.8345 best=21.7124 since_improve=232
t=53701ms iter=1266 WAIST cost=19.0000 best_alt=15.0000 gap=4.0000 tried=5 sep_labels=15 clique_frac=0.05
t=53720ms iter=1266 REBUILD reject new_tc=21.7813 (was 21.7247)
t=53741ms iter=1266 incumb=21.7247 ratchet=21.7984 best=21.7124 since_improve=233
t=53742ms iter=1267 WAIST cost=19.0000 best_alt=15.0000 gap=4.0000 tried=5 sep_labels=15 clique_frac=0.05
t=53762ms iter=1267 REBUILD reject new_tc=21.9283 (was 21.7247)
t=53782ms iter=1267 incumb=21.7247 ratchet=21.8545 best=21.7124 since_improve=234
t=53784ms iter=1268 WAIST cost=19.0000 best_alt=15.0000 gap=4.0000 tried=5 sep_labels=15 clique_frac=0.05
t=53803ms iter=1268 REBUILD reject new_tc=21.8802 (was 21.7247)
t=53824ms iter=1268 incumb=21.7247 ratchet=21.8812 best=21.7124 since_improve=235
t=53825ms iter=1269 WAIST cost=19.0000 best_alt=15.0000 gap=4.0000 tried=5 sep_labels=15 clique_frac=0.05
t=53845ms iter=1269 REBUILD reject new_tc=21.8713 (was 21.7247)
t=53866ms iter=1269 incumb=21.7247 ratchet=21.8894 best=21.7124 since_improve=236
t=53867ms iter=1270 WAIST cost=19.0000 best_alt=15.0000 gap=4.0000 tried=5 sep_labels=15 clique_frac=0.05
t=53887ms iter=1270 REBUILD reject new_tc=21.8294 (was 21.7247)
t=53908ms iter=1270 incumb=21.7247 ratchet=21.7368 best=21.7124 since_improve=237
t=53909ms iter=1271 WAIST cost=19.0000 best_alt=15.0000 gap=4.0000 tried=5 sep_labels=15 clique_frac=0.05
t=53930ms iter=1271 REBUILD reject new_tc=21.9068 (was 21.7247)
t=53950ms iter=1271 incumb=21.7247 ratchet=21.8537 best=21.7124 since_improve=238
t=53952ms iter=1272 WAIST cost=19.0000 best_alt=15.0000 gap=4.0000 tried=5 sep_labels=15 clique_frac=0.05
t=53971ms iter=1272 REBUILD reject new_tc=21.7747 (was 21.7247)
t=53993ms iter=1272 incumb=21.7247 ratchet=21.7688 best=21.7124 since_improve=239
t=53994ms iter=1273 WAIST cost=19.0000 best_alt=15.0000 gap=4.0000 tried=5 sep_labels=15 clique_frac=0.05
t=54013ms iter=1273 REBUILD reject new_tc=21.9530 (was 21.7247)
t=54034ms iter=1273 incumb=21.7247 ratchet=21.7422 best=21.7124 since_improve=240
t=54036ms iter=1274 WAIST cost=19.0000 best_alt=15.0000 gap=4.0000 tried=5 sep_labels=15 clique_frac=0.05
t=54055ms iter=1274 REBUILD reject new_tc=21.9164 (was 21.7247)
t=54085ms iter=1274 incumb=21.7247 ratchet=21.7786 best=21.7110 since_improve=241
t=54087ms iter=1275 WAIST cost=19.0000 best_alt=15.0000 gap=4.0000 tried=5 sep_labels=15 clique_frac=0.05
t=54106ms iter=1275 REBUILD reject new_tc=22.1386 (was 21.7247)
t=54127ms iter=1275 incumb=21.7247 ratchet=22.0344 best=21.7110 since_improve=242
t=54129ms iter=1276 WAIST cost=19.0000 best_alt=15.0000 gap=4.0000 tried=5 sep_labels=15 clique_frac=0.05
t=54148ms iter=1276 REBUILD reject new_tc=22.0320 (was 21.7247)
t=54169ms iter=1276 incumb=21.7247 ratchet=21.7952 best=21.7110 since_improve=243
t=54171ms iter=1277 WAIST cost=19.0000 best_alt=15.0000 gap=4.0000 tried=5 sep_labels=15 clique_frac=0.05
t=54190ms iter=1277 REBUILD reject new_tc=22.0295 (was 21.7247)
t=54211ms iter=1277 incumb=21.7247 ratchet=21.7788 best=21.7110 since_improve=244
t=54213ms iter=1278 WAIST cost=19.0000 best_alt=15.0000 gap=4.0000 tried=5 sep_labels=15 clique_frac=0.05
t=54232ms iter=1278 REBUILD reject new_tc=21.9815 (was 21.7247)
t=54253ms iter=1278 incumb=21.7247 ratchet=21.7572 best=21.7110 since_improve=245
t=54255ms iter=1279 WAIST cost=19.0000 best_alt=15.0000 gap=4.0000 tried=5 sep_labels=15 clique_frac=0.05
t=54274ms iter=1279 REBUILD reject new_tc=22.1391 (was 21.7247)
t=54295ms iter=1279 incumb=21.7247 ratchet=21.8050 best=21.7110 since_improve=246
t=54296ms iter=1280 WAIST cost=19.0000 best_alt=15.0000 gap=4.0000 tried=5 sep_labels=15 clique_frac=0.05
t=54315ms iter=1280 REBUILD reject new_tc=22.2527 (was 21.7247)
t=54336ms iter=1280 incumb=21.7247 ratchet=21.8831 best=21.7110 since_improve=247
t=54338ms iter=1281 WAIST cost=19.0000 best_alt=15.0000 gap=4.0000 tried=5 sep_labels=15 clique_frac=0.05
t=54357ms iter=1281 REBUILD reject new_tc=22.2616 (was 21.7247)
t=54378ms iter=1281 incumb=21.7247 ratchet=21.7826 best=21.7110 since_improve=248
t=54379ms iter=1282 WAIST cost=19.0000 best_alt=15.0000 gap=4.0000 tried=5 sep_labels=15 clique_frac=0.05
t=54399ms iter=1282 REBUILD reject new_tc=21.9539 (was 21.7247)
t=54420ms iter=1282 incumb=21.7247 ratchet=21.7931 best=21.7110 since_improve=249
t=54421ms iter=1283 WAIST cost=19.0000 best_alt=15.0000 gap=4.0000 tried=5 sep_labels=15 clique_frac=0.05
t=54440ms iter=1283 REBUILD reject new_tc=21.9516 (was 21.7247)
t=54462ms iter=1283 incumb=21.7247 ratchet=21.7817 best=21.7110 since_improve=250
t=54463ms iter=1284 WAIST cost=19.0000 best_alt=15.0000 gap=4.0000 tried=5 sep_labels=15 clique_frac=0.05
t=54483ms iter=1284 REBUILD reject new_tc=21.8751 (was 21.7247)
t=54504ms iter=1284 incumb=21.7247 ratchet=21.8800 best=21.7110 since_improve=251
t=54505ms iter=1285 WAIST cost=19.0000 best_alt=15.0000 gap=4.0000 tried=5 sep_labels=15 clique_frac=0.05
t=54525ms iter=1285 REBUILD reject new_tc=21.9059 (was 21.7247)
t=54545ms iter=1285 incumb=21.7247 ratchet=21.8925 best=21.7110 since_improve=252
t=54547ms iter=1286 WAIST cost=19.0000 best_alt=15.0000 gap=4.0000 tried=5 sep_labels=15 clique_frac=0.05
t=54566ms iter=1286 REBUILD reject new_tc=21.9520 (was 21.7247)
t=54587ms iter=1286 incumb=21.7247 ratchet=21.8475 best=21.7110 since_improve=253
t=54588ms iter=1287 WAIST cost=19.0000 best_alt=15.0000 gap=4.0000 tried=5 sep_labels=15 clique_frac=0.05
t=54608ms iter=1287 REBUILD reject new_tc=21.8059 (was 21.7247)
t=54629ms iter=1287 incumb=21.7247 ratchet=21.8606 best=21.7110 since_improve=254
t=54630ms iter=1288 WAIST cost=19.0000 best_alt=15.0000 gap=4.0000 tried=5 sep_labels=15 clique_frac=0.05
t=54650ms iter=1288 REBUILD reject new_tc=22.3396 (was 21.7247)
t=54671ms iter=1288 incumb=21.7247 ratchet=21.8593 best=21.7110 since_improve=255
t=54672ms iter=1289 WAIST cost=19.0000 best_alt=15.0000 gap=4.0000 tried=5 sep_labels=15 clique_frac=0.05
t=54692ms iter=1289 REBUILD reject new_tc=21.9147 (was 21.7247)
t=54713ms iter=1289 incumb=21.7247 ratchet=21.7546 best=21.7110 since_improve=256
t=54714ms iter=1290 WAIST cost=19.0000 best_alt=15.0000 gap=4.0000 tried=5 sep_labels=15 clique_frac=0.05
t=54733ms iter=1290 REBUILD reject new_tc=22.1794 (was 21.7247)
t=54755ms iter=1290 incumb=21.7247 ratchet=22.0187 best=21.7110 since_improve=257
t=54756ms iter=1291 WAIST cost=19.0000 best_alt=15.0000 gap=4.0000 tried=5 sep_labels=15 clique_frac=0.05
t=54775ms iter=1291 REBUILD reject new_tc=22.1773 (was 21.7247)
t=54796ms iter=1291 incumb=21.7247 ratchet=21.7798 best=21.7110 since_improve=258
t=54797ms iter=1292 WAIST cost=19.0000 best_alt=15.0000 gap=4.0000 tried=5 sep_labels=15 clique_frac=0.05
t=54817ms iter=1292 REBUILD reject new_tc=22.1395 (was 21.7247)
t=54838ms iter=1292 incumb=21.7247 ratchet=21.8934 best=21.7110 since_improve=259
t=54839ms iter=1293 WAIST cost=19.0000 best_alt=15.0000 gap=4.0000 tried=5 sep_labels=15 clique_frac=0.05
t=54859ms iter=1293 REBUILD reject new_tc=21.8696 (was 21.7247)
t=54880ms iter=1293 incumb=21.7247 ratchet=22.3153 best=21.7110 since_improve=260
t=54882ms iter=1294 WAIST cost=19.0000 best_alt=15.0000 gap=4.0000 tried=5 sep_labels=15 clique_frac=0.05
t=54901ms iter=1294 REBUILD reject new_tc=22.0973 (was 21.7247)
t=54922ms iter=1294 incumb=21.7247 ratchet=21.8993 best=21.7110 since_improve=261
t=54923ms iter=1295 WAIST cost=19.0000 best_alt=15.0000 gap=4.0000 tried=5 sep_labels=15 clique_frac=0.05
t=54942ms iter=1295 REBUILD reject new_tc=21.9521 (was 21.7247)
t=54964ms iter=1295 incumb=21.7247 ratchet=21.7511 best=21.7110 since_improve=262
t=54965ms iter=1296 WAIST cost=19.0000 best_alt=15.0000 gap=4.0000 tried=5 sep_labels=15 clique_frac=0.05
t=54985ms iter=1296 REBUILD reject new_tc=21.9628 (was 21.7247)
t=55006ms iter=1296 incumb=21.7247 ratchet=21.8296 best=21.7110 since_improve=263
t=55007ms iter=1297 WAIST cost=19.0000 best_alt=15.0000 gap=4.0000 tried=5 sep_labels=15 clique_frac=0.05
t=55027ms iter=1297 REBUILD reject new_tc=21.8222 (was 21.7247)
t=55047ms iter=1297 incumb=21.7247 ratchet=21.8018 best=21.7110 since_improve=264
t=55049ms iter=1298 WAIST cost=19.0000 best_alt=15.0000 gap=4.0000 tried=5 sep_labels=15 clique_frac=0.05
t=55068ms iter=1298 REBUILD reject new_tc=21.8079 (was 21.7247)
t=55090ms iter=1298 incumb=21.7247 ratchet=21.9323 best=21.7110 since_improve=265
t=55091ms iter=1299 WAIST cost=19.0000 best_alt=15.0000 gap=4.0000 tried=5 sep_labels=15 clique_frac=0.05
t=55111ms iter=1299 REBUILD reject new_tc=21.8684 (was 21.7247)
t=55131ms iter=1299 incumb=21.7247 ratchet=21.8819 best=21.7110 since_improve=266
t=55133ms iter=1300 WAIST cost=19.0000 best_alt=15.0000 gap=4.0000 tried=5 sep_labels=15 clique_frac=0.05
t=55152ms iter=1300 REBUILD reject new_tc=22.3280 (was 21.7247)
t=55173ms iter=1300 incumb=21.7247 ratchet=21.7801 best=21.7110 since_improve=267
t=55174ms iter=1301 WAIST cost=19.0000 best_alt=15.0000 gap=4.0000 tried=5 sep_labels=15 clique_frac=0.05
t=55194ms iter=1301 REBUILD reject new_tc=22.2444 (was 21.7247)
t=55215ms iter=1301 incumb=21.7247 ratchet=21.7279 best=21.7110 since_improve=268
t=55216ms iter=1302 WAIST cost=19.0000 best_alt=15.0000 gap=4.0000 tried=5 sep_labels=15 clique_frac=0.05
t=55236ms iter=1302 REBUILD reject new_tc=21.9704 (was 21.7247)
t=55257ms iter=1302 incumb=21.7247 ratchet=22.0665 best=21.7110 since_improve=269
t=55258ms iter=1303 WAIST cost=19.0000 best_alt=15.0000 gap=4.0000 tried=5 sep_labels=15 clique_frac=0.05
t=55277ms iter=1303 REBUILD reject new_tc=21.8825 (was 21.7247)
t=55298ms iter=1303 incumb=21.7247 ratchet=21.8693 best=21.7110 since_improve=270
t=55300ms iter=1304 WAIST cost=19.0000 best_alt=15.0000 gap=4.0000 tried=5 sep_labels=15 clique_frac=0.05
t=55319ms iter=1304 REBUILD reject new_tc=21.9688 (was 21.7247)
t=55340ms iter=1304 incumb=21.7247 ratchet=21.8940 best=21.7110 since_improve=271
t=55341ms iter=1305 WAIST cost=19.0000 best_alt=15.0000 gap=4.0000 tried=5 sep_labels=15 clique_frac=0.05
t=55361ms iter=1305 REBUILD reject new_tc=21.9229 (was 21.7247)
t=55382ms iter=1305 incumb=21.7247 ratchet=21.8791 best=21.7110 since_improve=272
t=55383ms iter=1306 WAIST cost=19.0000 best_alt=15.0000 gap=4.0000 tried=5 sep_labels=15 clique_frac=0.05
t=55402ms iter=1306 REBUILD reject new_tc=21.9502 (was 21.7247)
t=55423ms iter=1306 incumb=21.7247 ratchet=21.8811 best=21.7110 since_improve=273
t=55424ms iter=1307 WAIST cost=19.0000 best_alt=15.0000 gap=4.0000 tried=5 sep_labels=15 clique_frac=0.05
t=55444ms iter=1307 REBUILD reject new_tc=21.8290 (was 21.7247)
t=55465ms iter=1307 incumb=21.7247 ratchet=21.8675 best=21.7110 since_improve=274
t=55466ms iter=1308 WAIST cost=19.0000 best_alt=15.0000 gap=4.0000 tried=5 sep_labels=15 clique_frac=0.05
t=55486ms iter=1308 REBUILD reject new_tc=21.7805 (was 21.7247)
t=55507ms iter=1308 incumb=21.7247 ratchet=21.7430 best=21.7110 since_improve=275
t=55509ms iter=1309 WAIST cost=19.0000 best_alt=15.0000 gap=4.0000 tried=5 sep_labels=15 clique_frac=0.05
t=55528ms iter=1309 REBUILD reject new_tc=21.7695 (was 21.7247)
t=55550ms iter=1309 incumb=21.7247 ratchet=21.8084 best=21.7110 since_improve=276
t=55551ms iter=1310 WAIST cost=19.0000 best_alt=15.0000 gap=4.0000 tried=5 sep_labels=15 clique_frac=0.05
t=55571ms iter=1310 REBUILD reject new_tc=21.8626 (was 21.7247)
t=55592ms iter=1310 incumb=21.7247 ratchet=22.0024 best=21.7110 since_improve=277
t=55593ms iter=1311 WAIST cost=19.0000 best_alt=15.0000 gap=4.0000 tried=5 sep_labels=15 clique_frac=0.05
t=55612ms iter=1311 REBUILD reject new_tc=21.9490 (was 21.7247)
t=55634ms iter=1311 incumb=21.7247 ratchet=21.7416 best=21.7110 since_improve=278
t=55635ms iter=1312 WAIST cost=19.0000 best_alt=15.0000 gap=4.0000 tried=5 sep_labels=15 clique_frac=0.05
t=55654ms iter=1312 REBUILD reject new_tc=22.2744 (was 21.7247)
t=55675ms iter=1312 incumb=21.7247 ratchet=21.9103 best=21.7110 since_improve=279
t=55677ms iter=1313 WAIST cost=19.0000 best_alt=15.0000 gap=4.0000 tried=5 sep_labels=15 clique_frac=0.05
t=55696ms iter=1313 REBUILD reject new_tc=21.7786 (was 21.7247)
t=55717ms iter=1313 incumb=21.7247 ratchet=21.7742 best=21.7110 since_improve=280
t=55719ms iter=1314 WAIST cost=19.0000 best_alt=15.0000 gap=4.0000 tried=5 sep_labels=15 clique_frac=0.05
t=55738ms iter=1314 REBUILD reject new_tc=21.8218 (was 21.7247)
t=55759ms iter=1314 incumb=21.7247 ratchet=21.7534 best=21.7110 since_improve=281
t=55760ms iter=1315 WAIST cost=19.0000 best_alt=15.0000 gap=4.0000 tried=5 sep_labels=15 clique_frac=0.05
t=55779ms iter=1315 REBUILD reject new_tc=22.0981 (was 21.7247)
t=55800ms iter=1315 incumb=21.7247 ratchet=21.8965 best=21.7110 since_improve=282
t=55801ms iter=1316 WAIST cost=19.0000 best_alt=15.0000 gap=4.0000 tried=5 sep_labels=15 clique_frac=0.05
t=55821ms iter=1316 REBUILD reject new_tc=21.8694 (was 21.7247)
t=55842ms iter=1316 incumb=21.7247 ratchet=21.7288 best=21.7110 since_improve=283
t=55843ms iter=1317 WAIST cost=19.0000 best_alt=15.0000 gap=4.0000 tried=5 sep_labels=15 clique_frac=0.05
t=55863ms iter=1317 REBUILD reject new_tc=21.9524 (was 21.7247)
t=55884ms iter=1317 incumb=21.7247 ratchet=21.8452 best=21.7110 since_improve=284
t=55885ms iter=1318 WAIST cost=19.0000 best_alt=15.0000 gap=4.0000 tried=5 sep_labels=15 clique_frac=0.05
t=55904ms iter=1318 REBUILD reject new_tc=22.2599 (was 21.7247)
t=55925ms iter=1318 incumb=21.7247 ratchet=21.7813 best=21.7110 since_improve=285
t=55927ms iter=1319 WAIST cost=19.0000 best_alt=15.0000 gap=4.0000 tried=5 sep_labels=15 clique_frac=0.05
t=55946ms iter=1319 REBUILD reject new_tc=21.9508 (was 21.7247)
t=55967ms iter=1319 incumb=21.7247 ratchet=21.8921 best=21.7110 since_improve=286
t=55969ms iter=1320 WAIST cost=19.0000 best_alt=15.0000 gap=4.0000 tried=5 sep_labels=15 clique_frac=0.05
t=55989ms iter=1320 REBUILD reject new_tc=22.1391 (was 21.7247)
t=56010ms iter=1320 incumb=21.7247 ratchet=21.7257 best=21.7110 since_improve=287
t=56011ms iter=1321 WAIST cost=19.0000 best_alt=15.0000 gap=4.0000 tried=5 sep_labels=15 clique_frac=0.05
t=56030ms iter=1321 REBUILD reject new_tc=22.1245 (was 21.7247)
t=56051ms iter=1321 incumb=21.7247 ratchet=21.7695 best=21.7110 since_improve=288
t=56053ms iter=1322 WAIST cost=19.0000 best_alt=15.0000 gap=4.0000 tried=5 sep_labels=15 clique_frac=0.05
t=56073ms iter=1322 REBUILD reject new_tc=22.1288 (was 21.7247)
t=56094ms iter=1322 incumb=21.7247 ratchet=22.1545 best=21.7110 since_improve=289
t=56095ms iter=1323 WAIST cost=19.0000 best_alt=15.0000 gap=4.0000 tried=5 sep_labels=15 clique_frac=0.05
t=56115ms iter=1323 REBUILD reject new_tc=21.9554 (was 21.7247)
t=56136ms iter=1323 incumb=21.7247 ratchet=21.8939 best=21.7110 since_improve=290
t=56137ms iter=1324 WAIST cost=19.0000 best_alt=15.0000 gap=4.0000 tried=5 sep_labels=15 clique_frac=0.05
t=56156ms iter=1324 REBUILD reject new_tc=22.0993 (was 21.7247)
t=56177ms iter=1324 incumb=21.7247 ratchet=21.7402 best=21.7110 since_improve=291
t=56179ms iter=1325 WAIST cost=19.0000 best_alt=15.0000 gap=4.0000 tried=5 sep_labels=15 clique_frac=0.05
t=56198ms iter=1325 REBUILD reject new_tc=21.9520 (was 21.7247)
t=56219ms iter=1325 incumb=21.7247 ratchet=21.9281 best=21.7110 since_improve=292
t=56221ms iter=1326 WAIST cost=19.0000 best_alt=15.0000 gap=4.0000 tried=5 sep_labels=15 clique_frac=0.05
t=56240ms iter=1326 REBUILD reject new_tc=21.8664 (was 21.7247)
t=56260ms iter=1326 incumb=21.7247 ratchet=21.9408 best=21.7110 since_improve=293
t=56262ms iter=1327 WAIST cost=19.0000 best_alt=15.0000 gap=4.0000 tried=5 sep_labels=15 clique_frac=0.05
t=56281ms iter=1327 REBUILD reject new_tc=21.9599 (was 21.7247)
t=56302ms iter=1327 incumb=21.7247 ratchet=21.9362 best=21.7110 since_improve=294
t=56303ms iter=1328 WAIST cost=19.0000 best_alt=15.0000 gap=4.0000 tried=5 sep_labels=15 clique_frac=0.05
t=56322ms iter=1328 REBUILD reject new_tc=21.9532 (was 21.7247)
t=56343ms iter=1328 incumb=21.7247 ratchet=21.7927 best=21.7110 since_improve=295
t=56344ms iter=1329 WAIST cost=19.0000 best_alt=15.0000 gap=4.0000 tried=5 sep_labels=15 clique_frac=0.05
t=56364ms iter=1329 REBUILD reject new_tc=22.2605 (was 21.7247)
t=56385ms iter=1329 incumb=21.7247 ratchet=21.8821 best=21.7110 since_improve=296
t=56386ms iter=1330 WAIST cost=19.0000 best_alt=15.0000 gap=4.0000 tried=5 sep_labels=15 clique_frac=0.05
t=56406ms iter=1330 REBUILD reject new_tc=21.9632 (was 21.7247)
t=56426ms iter=1330 incumb=21.7247 ratchet=21.8327 best=21.7110 since_improve=297
t=56428ms iter=1331 WAIST cost=19.0000 best_alt=15.0000 gap=4.0000 tried=5 sep_labels=15 clique_frac=0.05
t=56447ms iter=1331 REBUILD reject new_tc=21.8879 (was 21.7247)
t=56468ms iter=1331 incumb=21.7247 ratchet=21.7402 best=21.7110 since_improve=298
t=56470ms iter=1332 WAIST cost=19.0000 best_alt=15.0000 gap=4.0000 tried=5 sep_labels=15 clique_frac=0.05
t=56489ms iter=1332 REBUILD reject new_tc=22.1946 (was 21.7247)
t=56510ms iter=1332 incumb=21.7247 ratchet=21.8097 best=21.7110 since_improve=299
t=56511ms iter=1333 WAIST cost=19.0000 best_alt=15.0000 gap=4.0000 tried=5 sep_labels=15 clique_frac=0.05
t=56531ms iter=1333 REBUILD reject new_tc=21.8064 (was 21.7247)
t=56551ms iter=1333 incumb=21.7247 ratchet=21.7908 best=21.7110 since_improve=300
t=56553ms iter=1334 WAIST cost=19.0000 best_alt=15.0000 gap=4.0000 tried=5 sep_labels=15 clique_frac=0.05
t=56572ms iter=1334 REBUILD reject new_tc=21.9057 (was 21.7247)
t=56593ms iter=1334 incumb=21.7247 ratchet=21.8108 best=21.7110 since_improve=301
t=56595ms iter=1335 WAIST cost=19.0000 best_alt=15.0000 gap=4.0000 tried=5 sep_labels=15 clique_frac=0.05
t=56614ms iter=1335 REBUILD reject new_tc=22.2541 (was 21.7247)
t=56635ms iter=1335 incumb=21.7247 ratchet=21.7562 best=21.7110 since_improve=302
t=56636ms iter=1336 WAIST cost=19.0000 best_alt=15.0000 gap=4.0000 tried=5 sep_labels=15 clique_frac=0.05
t=56656ms iter=1336 REBUILD reject new_tc=21.9964 (was 21.7247)
t=56677ms iter=1336 incumb=21.7247 ratchet=21.8829 best=21.7110 since_improve=303
t=56678ms iter=1337 WAIST cost=19.0000 best_alt=15.0000 gap=4.0000 tried=5 sep_labels=15 clique_frac=0.05
t=56698ms iter=1337 REBUILD reject new_tc=21.8714 (was 21.7247)
t=56718ms iter=1337 incumb=21.7247 ratchet=21.9304 best=21.7110 since_improve=304
t=56720ms iter=1338 WAIST cost=19.0000 best_alt=15.0000 gap=4.0000 tried=5 sep_labels=15 clique_frac=0.05
t=56739ms iter=1338 REBUILD reject new_tc=22.1183 (was 21.7247)
t=56760ms iter=1338 incumb=21.7247 ratchet=22.0011 best=21.7110 since_improve=305
t=56761ms iter=1339 WAIST cost=19.0000 best_alt=15.0000 gap=4.0000 tried=5 sep_labels=15 clique_frac=0.05
t=56780ms iter=1339 REBUILD reject new_tc=21.8728 (was 21.7247)
t=56801ms iter=1339 incumb=21.7247 ratchet=21.7398 best=21.7110 since_improve=306
t=56803ms iter=1340 WAIST cost=19.0000 best_alt=15.0000 gap=4.0000 tried=5 sep_labels=15 clique_frac=0.05
t=56822ms iter=1340 REBUILD reject new_tc=21.9183 (was 21.7247)
t=56843ms iter=1340 incumb=21.7247 ratchet=21.7538 best=21.7110 since_improve=307
t=56845ms iter=1341 WAIST cost=19.0000 best_alt=15.0000 gap=4.0000 tried=5 sep_labels=15 clique_frac=0.05
t=56864ms iter=1341 REBUILD reject new_tc=21.8772 (was 21.7247)
t=56885ms iter=1341 incumb=21.7247 ratchet=21.7314 best=21.7110 since_improve=308
t=56887ms iter=1342 WAIST cost=19.0000 best_alt=15.0000 gap=4.0000 tried=5 sep_labels=15 clique_frac=0.05
t=56906ms iter=1342 REBUILD reject new_tc=21.9142 (was 21.7247)
t=56928ms iter=1342 incumb=21.7247 ratchet=21.7711 best=21.7110 since_improve=309
t=56929ms iter=1343 WAIST cost=19.0000 best_alt=15.0000 gap=4.0000 tried=5 sep_labels=15 clique_frac=0.05
t=56948ms iter=1343 REBUILD reject new_tc=22.1094 (was 21.7247)
t=56969ms iter=1343 incumb=21.7247 ratchet=21.8090 best=21.7110 since_improve=310
t=56970ms iter=1344 WAIST cost=19.0000 best_alt=15.0000 gap=4.0000 tried=5 sep_labels=15 clique_frac=0.05
t=56989ms iter=1344 REBUILD reject new_tc=21.9523 (was 21.7247)
t=57010ms iter=1344 incumb=21.7247 ratchet=21.8819 best=21.7110 since_improve=311
t=57012ms iter=1345 WAIST cost=19.0000 best_alt=15.0000 gap=4.0000 tried=5 sep_labels=15 clique_frac=0.05
t=57031ms iter=1345 REBUILD reject new_tc=22.1215 (was 21.7247)
t=57052ms iter=1345 incumb=21.7247 ratchet=21.8514 best=21.7110 since_improve=312
t=57053ms iter=1346 WAIST cost=19.0000 best_alt=15.0000 gap=4.0000 tried=5 sep_labels=15 clique_frac=0.05
t=57073ms iter=1346 REBUILD reject new_tc=21.8706 (was 21.7247)
t=57093ms iter=1346 incumb=21.7247 ratchet=21.7543 best=21.7110 since_improve=313
t=57095ms iter=1347 WAIST cost=19.0000 best_alt=15.0000 gap=4.0000 tried=5 sep_labels=15 clique_frac=0.05
t=57114ms iter=1347 REBUILD reject new_tc=21.7788 (was 21.7247)
t=57135ms iter=1347 incumb=21.7247 ratchet=22.0976 best=21.7110 since_improve=314
t=57136ms iter=1348 WAIST cost=19.0000 best_alt=15.0000 gap=4.0000 tried=5 sep_labels=15 clique_frac=0.05
t=57156ms iter=1348 REBUILD reject new_tc=21.9872 (was 21.7247)
t=57177ms iter=1348 incumb=21.7247 ratchet=21.9298 best=21.7110 since_improve=315
t=57179ms iter=1349 WAIST cost=19.0000 best_alt=15.0000 gap=4.0000 tried=5 sep_labels=15 clique_frac=0.05
t=57198ms iter=1349 REBUILD reject new_tc=21.8706 (was 21.7247)
t=57220ms iter=1349 incumb=21.7247 ratchet=22.0101 best=21.7110 since_improve=316
t=57221ms iter=1350 WAIST cost=19.0000 best_alt=15.0000 gap=4.0000 tried=5 sep_labels=15 clique_frac=0.05
t=57240ms iter=1350 REBUILD reject new_tc=22.0913 (was 21.7247)
t=57261ms iter=1350 incumb=21.7247 ratchet=21.7689 best=21.7110 since_improve=317
t=57262ms iter=1351 WAIST cost=19.0000 best_alt=15.0000 gap=4.0000 tried=5 sep_labels=15 clique_frac=0.05
t=57282ms iter=1351 REBUILD reject new_tc=21.8583 (was 21.7247)
t=57303ms iter=1351 incumb=21.7247 ratchet=21.8046 best=21.7110 since_improve=318
t=57305ms iter=1352 WAIST cost=19.0000 best_alt=15.0000 gap=4.0000 tried=5 sep_labels=15 clique_frac=0.05
t=57324ms iter=1352 REBUILD reject new_tc=21.8918 (was 21.7247)
t=57346ms iter=1352 incumb=21.7247 ratchet=21.8221 best=21.7110 since_improve=319
t=57347ms iter=1353 WAIST cost=19.0000 best_alt=15.0000 gap=4.0000 tried=5 sep_labels=15 clique_frac=0.05
t=57367ms iter=1353 REBUILD reject new_tc=21.7808 (was 21.7247)
t=57387ms iter=1353 incumb=21.7247 ratchet=21.9556 best=21.7110 since_improve=320
t=57389ms iter=1354 WAIST cost=19.0000 best_alt=15.0000 gap=4.0000 tried=5 sep_labels=15 clique_frac=0.05
t=57408ms iter=1354 REBUILD reject new_tc=21.9133 (was 21.7247)
t=57429ms iter=1354 incumb=21.7247 ratchet=21.7737 best=21.7110 since_improve=321
t=57430ms iter=1355 WAIST cost=19.0000 best_alt=15.0000 gap=4.0000 tried=5 sep_labels=15 clique_frac=0.05
t=57449ms iter=1355 REBUILD reject new_tc=22.5269 (was 21.7247)
t=57471ms iter=1355 incumb=21.7247 ratchet=21.7480 best=21.7110 since_improve=322
t=57472ms iter=1356 WAIST cost=19.0000 best_alt=15.0000 gap=4.0000 tried=5 sep_labels=15 clique_frac=0.05
t=57491ms iter=1356 REBUILD reject new_tc=22.3346 (was 21.7247)
t=57512ms iter=1356 incumb=21.7247 ratchet=21.8205 best=21.7110 since_improve=323
t=57513ms iter=1357 WAIST cost=19.0000 best_alt=15.0000 gap=4.0000 tried=5 sep_labels=15 clique_frac=0.05
t=57532ms iter=1357 REBUILD reject new_tc=21.9090 (was 21.7247)
t=57553ms iter=1357 incumb=21.7247 ratchet=21.9395 best=21.7110 since_improve=324
t=57555ms iter=1358 WAIST cost=19.0000 best_alt=15.0000 gap=4.0000 tried=5 sep_labels=15 clique_frac=0.05
t=57574ms iter=1358 REBUILD reject new_tc=21.9059 (was 21.7247)
t=57595ms iter=1358 incumb=21.7247 ratchet=21.7923 best=21.7110 since_improve=325
t=57597ms iter=1359 WAIST cost=19.0000 best_alt=15.0000 gap=4.0000 tried=5 sep_labels=15 clique_frac=0.05
t=57616ms iter=1359 REBUILD reject new_tc=22.3419 (was 21.7247)
t=57637ms iter=1359 incumb=21.7247 ratchet=22.0657 best=21.7110 since_improve=326
t=57638ms iter=1360 WAIST cost=19.0000 best_alt=15.0000 gap=4.0000 tried=5 sep_labels=15 clique_frac=0.05
t=57658ms iter=1360 REBUILD reject new_tc=22.1645 (was 21.7247)
t=57679ms iter=1360 incumb=21.7247 ratchet=21.8999 best=21.7110 since_improve=327
t=57680ms iter=1361 WAIST cost=19.0000 best_alt=15.0000 gap=4.0000 tried=5 sep_labels=15 clique_frac=0.05
t=57699ms iter=1361 REBUILD reject new_tc=21.9271 (was 21.7247)
t=57720ms iter=1361 incumb=21.7247 ratchet=21.7930 best=21.7110 since_improve=328
t=57721ms iter=1362 WAIST cost=19.0000 best_alt=15.0000 gap=4.0000 tried=5 sep_labels=15 clique_frac=0.05
t=57741ms iter=1362 REBUILD reject new_tc=21.8694 (was 21.7247)
t=57762ms iter=1362 incumb=21.7247 ratchet=21.8451 best=21.7110 since_improve=329
t=57763ms iter=1363 WAIST cost=19.0000 best_alt=15.0000 gap=4.0000 tried=5 sep_labels=15 clique_frac=0.05
t=57783ms iter=1363 REBUILD reject new_tc=21.8669 (was 21.7247)
t=57804ms iter=1363 incumb=21.7247 ratchet=21.8089 best=21.7110 since_improve=330
t=57806ms iter=1364 WAIST cost=19.0000 best_alt=15.0000 gap=4.0000 tried=5 sep_labels=15 clique_frac=0.05
t=57825ms iter=1364 REBUILD reject new_tc=21.9709 (was 21.7247)
t=57846ms iter=1364 incumb=21.7247 ratchet=21.8048 best=21.7110 since_improve=331
t=57847ms iter=1365 WAIST cost=19.0000 best_alt=15.0000 gap=4.0000 tried=5 sep_labels=15 clique_frac=0.05
t=57867ms iter=1365 REBUILD reject new_tc=21.8636 (was 21.7247)
t=57887ms iter=1365 incumb=21.7247 ratchet=22.0227 best=21.7110 since_improve=332
t=57889ms iter=1366 WAIST cost=19.0000 best_alt=15.0000 gap=4.0000 tried=5 sep_labels=15 clique_frac=0.05
t=57908ms iter=1366 REBUILD reject new_tc=21.9139 (was 21.7247)
t=57929ms iter=1366 incumb=21.7247 ratchet=21.7416 best=21.7110 since_improve=333
t=57930ms iter=1367 WAIST cost=19.0000 best_alt=15.0000 gap=4.0000 tried=5 sep_labels=15 clique_frac=0.05
t=57950ms iter=1367 REBUILD reject new_tc=21.8064 (was 21.7247)
t=57971ms iter=1367 incumb=21.7247 ratchet=21.8823 best=21.7110 since_improve=334
t=57972ms iter=1368 WAIST cost=19.0000 best_alt=15.0000 gap=4.0000 tried=5 sep_labels=15 clique_frac=0.05
t=57991ms iter=1368 REBUILD reject new_tc=22.0345 (was 21.7247)
t=58012ms iter=1368 incumb=21.7247 ratchet=21.9374 best=21.7110 since_improve=335
t=58014ms iter=1369 WAIST cost=19.0000 best_alt=15.0000 gap=4.0000 tried=5 sep_labels=15 clique_frac=0.05
t=58033ms iter=1369 REBUILD reject new_tc=21.8789 (was 21.7247)
t=58054ms iter=1369 incumb=21.7247 ratchet=21.8335 best=21.7110 since_improve=336
t=58056ms iter=1370 WAIST cost=19.0000 best_alt=15.0000 gap=4.0000 tried=5 sep_labels=15 clique_frac=0.05
t=58075ms iter=1370 REBUILD reject new_tc=22.0993 (was 21.7247)
t=58096ms iter=1370 incumb=21.7247 ratchet=21.8469 best=21.7110 since_improve=337
t=58097ms iter=1371 WAIST cost=19.0000 best_alt=15.0000 gap=4.0000 tried=5 sep_labels=15 clique_frac=0.05
t=58116ms iter=1371 REBUILD reject new_tc=22.2067 (was 21.7247)
t=58137ms iter=1371 incumb=21.7247 ratchet=21.7674 best=21.7110 since_improve=338
t=58139ms iter=1372 WAIST cost=19.0000 best_alt=15.0000 gap=4.0000 tried=5 sep_labels=15 clique_frac=0.05
t=58158ms iter=1372 REBUILD reject new_tc=21.9121 (was 21.7247)
t=58179ms iter=1372 incumb=21.7247 ratchet=21.7694 best=21.7110 since_improve=339
t=58180ms iter=1373 WAIST cost=19.0000 best_alt=15.0000 gap=4.0000 tried=5 sep_labels=15 clique_frac=0.05
t=58200ms iter=1373 REBUILD reject new_tc=21.9162 (was 21.7247)
t=58220ms iter=1373 incumb=21.7247 ratchet=21.8824 best=21.7110 since_improve=340
t=58222ms iter=1374 WAIST cost=19.0000 best_alt=15.0000 gap=4.0000 tried=5 sep_labels=15 clique_frac=0.05
t=58241ms iter=1374 REBUILD reject new_tc=22.1785 (was 21.7247)
t=58262ms iter=1374 incumb=21.7247 ratchet=21.8355 best=21.7110 since_improve=341
t=58263ms iter=1375 WAIST cost=19.0000 best_alt=15.0000 gap=4.0000 tried=5 sep_labels=15 clique_frac=0.05
t=58283ms iter=1375 REBUILD reject new_tc=21.8671 (was 21.7247)
t=58304ms iter=1375 incumb=21.7247 ratchet=21.8868 best=21.7110 since_improve=342
t=58305ms iter=1376 WAIST cost=19.0000 best_alt=15.0000 gap=4.0000 tried=5 sep_labels=15 clique_frac=0.05
t=58325ms iter=1376 REBUILD reject new_tc=21.8852 (was 21.7247)
t=58346ms iter=1376 incumb=21.7247 ratchet=21.8846 best=21.7110 since_improve=343
t=58348ms iter=1377 WAIST cost=19.0000 best_alt=15.0000 gap=4.0000 tried=5 sep_labels=15 clique_frac=0.05
t=58367ms iter=1377 REBUILD reject new_tc=21.8222 (was 21.7247)
t=58389ms iter=1377 incumb=21.7247 ratchet=21.7517 best=21.7110 since_improve=344
t=58390ms iter=1378 WAIST cost=19.0000 best_alt=15.0000 gap=4.0000 tried=5 sep_labels=15 clique_frac=0.05
t=58410ms iter=1378 REBUILD reject new_tc=21.9431 (was 21.7247)
t=58431ms iter=1378 incumb=21.7247 ratchet=21.8161 best=21.7110 since_improve=345
t=58432ms iter=1379 WAIST cost=19.0000 best_alt=15.0000 gap=4.0000 tried=5 sep_labels=15 clique_frac=0.05
t=58452ms iter=1379 REBUILD reject new_tc=21.9646 (was 21.7247)
t=58473ms iter=1379 incumb=21.7247 ratchet=21.8280 best=21.7110 since_improve=346
t=58474ms iter=1380 WAIST cost=19.0000 best_alt=15.0000 gap=4.0000 tried=5 sep_labels=15 clique_frac=0.05
t=58493ms iter=1380 REBUILD reject new_tc=22.0990 (was 21.7247)
t=58514ms iter=1380 incumb=21.7247 ratchet=21.8952 best=21.7110 since_improve=347
t=58515ms iter=1381 WAIST cost=19.0000 best_alt=15.0000 gap=4.0000 tried=5 sep_labels=15 clique_frac=0.05
t=58534ms iter=1381 REBUILD reject new_tc=22.1766 (was 21.7247)
t=58555ms iter=1381 incumb=21.7247 ratchet=21.7928 best=21.7110 since_improve=348
t=58557ms iter=1382 WAIST cost=19.0000 best_alt=15.0000 gap=4.0000 tried=5 sep_labels=15 clique_frac=0.05
t=58576ms iter=1382 REBUILD reject new_tc=21.8179 (was 21.7247)
t=58597ms iter=1382 incumb=21.7247 ratchet=21.7956 best=21.7110 since_improve=349
t=58599ms iter=1383 WAIST cost=19.0000 best_alt=15.0000 gap=4.0000 tried=5 sep_labels=15 clique_frac=0.05
t=58618ms iter=1383 REBUILD reject new_tc=21.8704 (was 21.7247)
t=58640ms iter=1383 incumb=21.7247 ratchet=21.7409 best=21.7110 since_improve=350
t=58641ms iter=1384 WAIST cost=19.0000 best_alt=15.0000 gap=4.0000 tried=5 sep_labels=15 clique_frac=0.05
t=58661ms iter=1384 REBUILD reject new_tc=21.7802 (was 21.7247)
t=58681ms iter=1384 incumb=21.7247 ratchet=21.9335 best=21.7110 since_improve=351
t=58683ms iter=1385 WAIST cost=19.0000 best_alt=15.0000 gap=4.0000 tried=5 sep_labels=15 clique_frac=0.05
t=58702ms iter=1385 REBUILD reject new_tc=22.0763 (was 21.7247)
t=58723ms iter=1385 incumb=21.7247 ratchet=21.8069 best=21.7110 since_improve=352
t=58724ms iter=1386 WAIST cost=19.0000 best_alt=15.0000 gap=4.0000 tried=5 sep_labels=15 clique_frac=0.05
t=58743ms iter=1386 REBUILD reject new_tc=21.9510 (was 21.7247)
t=58764ms iter=1386 incumb=21.7247 ratchet=21.8851 best=21.7110 since_improve=353
t=58765ms iter=1387 WAIST cost=19.0000 best_alt=15.0000 gap=4.0000 tried=5 sep_labels=15 clique_frac=0.05
t=58785ms iter=1387 REBUILD reject new_tc=22.0965 (was 21.7247)
t=58806ms iter=1387 incumb=21.7247 ratchet=21.9538 best=21.7110 since_improve=354
t=58807ms iter=1388 WAIST cost=19.0000 best_alt=15.0000 gap=4.0000 tried=5 sep_labels=15 clique_frac=0.05
t=58827ms iter=1388 REBUILD reject new_tc=21.8671 (was 21.7247)
t=58848ms iter=1388 incumb=21.7247 ratchet=21.8489 best=21.7110 since_improve=355
t=58849ms iter=1389 WAIST cost=19.0000 best_alt=15.0000 gap=4.0000 tried=5 sep_labels=15 clique_frac=0.05
t=58869ms iter=1389 REBUILD reject new_tc=22.3598 (was 21.7247)
t=58891ms iter=1389 incumb=21.7247 ratchet=21.7941 best=21.7110 since_improve=356
t=58892ms iter=1390 WAIST cost=19.0000 best_alt=15.0000 gap=4.0000 tried=5 sep_labels=15 clique_frac=0.05
t=58912ms iter=1390 REBUILD reject new_tc=21.9076 (was 21.7247)
t=58933ms iter=1390 incumb=21.7247 ratchet=21.7574 best=21.7110 since_improve=357
t=58934ms iter=1391 WAIST cost=19.0000 best_alt=15.0000 gap=4.0000 tried=5 sep_labels=15 clique_frac=0.05
t=58953ms iter=1391 REBUILD reject new_tc=22.2998 (was 21.7247)
t=58974ms iter=1391 incumb=21.7247 ratchet=21.8061 best=21.7110 since_improve=358
t=58976ms iter=1392 WAIST cost=19.0000 best_alt=15.0000 gap=4.0000 tried=5 sep_labels=15 clique_frac=0.05
t=58995ms iter=1392 REBUILD reject new_tc=21.9545 (was 21.7247)
t=59017ms iter=1392 incumb=21.7247 ratchet=21.8493 best=21.7110 since_improve=359
t=59018ms iter=1393 WAIST cost=19.0000 best_alt=15.0000 gap=4.0000 tried=5 sep_labels=15 clique_frac=0.05
t=59037ms iter=1393 REBUILD reject new_tc=21.7921 (was 21.7247)
t=59058ms iter=1393 incumb=21.7247 ratchet=21.9666 best=21.7110 since_improve=360
t=59060ms iter=1394 WAIST cost=19.0000 best_alt=15.0000 gap=4.0000 tried=5 sep_labels=15 clique_frac=0.05
t=59079ms iter=1394 REBUILD reject new_tc=21.8765 (was 21.7247)
t=59100ms iter=1394 incumb=21.7247 ratchet=21.7682 best=21.7110 since_improve=361
t=59102ms iter=1395 WAIST cost=19.0000 best_alt=15.0000 gap=4.0000 tried=5 sep_labels=15 clique_frac=0.05
t=59121ms iter=1395 REBUILD reject new_tc=22.0340 (was 21.7247)
t=59143ms iter=1395 incumb=21.7247 ratchet=21.7291 best=21.7110 since_improve=362
t=59144ms iter=1396 WAIST cost=19.0000 best_alt=15.0000 gap=4.0000 tried=5 sep_labels=15 clique_frac=0.05
t=59163ms iter=1396 REBUILD reject new_tc=21.9342 (was 21.7247)
t=59184ms iter=1396 incumb=21.7247 ratchet=21.7522 best=21.7110 since_improve=363
t=59186ms iter=1397 WAIST cost=19.0000 best_alt=15.0000 gap=4.0000 tried=5 sep_labels=15 clique_frac=0.05
t=59205ms iter=1397 REBUILD reject new_tc=21.8134 (was 21.7247)
t=59226ms iter=1397 incumb=21.7247 ratchet=21.9415 best=21.7110 since_improve=364
t=59228ms iter=1398 WAIST cost=19.0000 best_alt=15.0000 gap=4.0000 tried=5 sep_labels=15 clique_frac=0.05
t=59247ms iter=1398 REBUILD reject new_tc=21.9668 (was 21.7247)
t=59268ms iter=1398 incumb=21.7247 ratchet=21.7555 best=21.7110 since_improve=365
t=59269ms iter=1399 WAIST cost=19.0000 best_alt=15.0000 gap=4.0000 tried=5 sep_labels=15 clique_frac=0.05
t=59288ms iter=1399 REBUILD reject new_tc=21.9090 (was 21.7247)
t=59309ms iter=1399 incumb=21.7247 ratchet=21.8408 best=21.7110 since_improve=366
t=59310ms iter=1400 WAIST cost=19.0000 best_alt=15.0000 gap=4.0000 tried=5 sep_labels=15 clique_frac=0.05
t=59330ms iter=1400 REBUILD reject new_tc=21.7762 (was 21.7247)
t=59350ms iter=1400 incumb=21.7247 ratchet=21.8050 best=21.7110 since_improve=367
t=59352ms iter=1401 WAIST cost=19.0000 best_alt=15.0000 gap=4.0000 tried=5 sep_labels=15 clique_frac=0.05
t=59371ms iter=1401 REBUILD reject new_tc=22.1803 (was 21.7247)
t=59392ms iter=1401 incumb=21.7247 ratchet=21.7529 best=21.7110 since_improve=368
t=59393ms iter=1402 WAIST cost=19.0000 best_alt=15.0000 gap=4.0000 tried=5 sep_labels=15 clique_frac=0.05
t=59413ms iter=1402 REBUILD reject new_tc=22.3230 (was 21.7247)
t=59433ms iter=1402 incumb=21.7247 ratchet=21.8141 best=21.7110 since_improve=369
t=59435ms iter=1403 WAIST cost=19.0000 best_alt=15.0000 gap=4.0000 tried=5 sep_labels=15 clique_frac=0.05
t=59454ms iter=1403 REBUILD reject new_tc=21.8391 (was 21.7247)
t=59475ms iter=1403 incumb=21.7247 ratchet=21.7995 best=21.7110 since_improve=370
t=59476ms iter=1404 WAIST cost=19.0000 best_alt=15.0000 gap=4.0000 tried=5 sep_labels=15 clique_frac=0.05
t=59496ms iter=1404 REBUILD reject new_tc=21.8564 (was 21.7247)
t=59517ms iter=1404 incumb=21.7247 ratchet=22.1152 best=21.7110 since_improve=371
t=59518ms iter=1405 WAIST cost=19.0000 best_alt=15.0000 gap=4.0000 tried=5 sep_labels=15 clique_frac=0.05
t=59537ms iter=1405 REBUILD reject new_tc=22.2874 (was 21.7247)
t=59559ms iter=1405 incumb=21.7247 ratchet=21.7636 best=21.7110 since_improve=372
t=59560ms iter=1406 WAIST cost=19.0000 best_alt=15.0000 gap=4.0000 tried=5 sep_labels=15 clique_frac=0.05
t=59580ms iter=1406 REBUILD reject new_tc=21.8767 (was 21.7247)
t=59601ms iter=1406 incumb=21.7247 ratchet=21.7544 best=21.7110 since_improve=373
t=59602ms iter=1407 WAIST cost=19.0000 best_alt=15.0000 gap=4.0000 tried=5 sep_labels=15 clique_frac=0.05
t=59621ms iter=1407 REBUILD reject new_tc=21.7794 (was 21.7247)
t=59642ms iter=1407 incumb=21.7247 ratchet=21.8926 best=21.7110 since_improve=374
t=59643ms iter=1408 WAIST cost=19.0000 best_alt=15.0000 gap=4.0000 tried=5 sep_labels=15 clique_frac=0.05
t=59663ms iter=1408 REBUILD reject new_tc=21.9059 (was 21.7247)
t=59684ms iter=1408 incumb=21.7247 ratchet=21.7960 best=21.7110 since_improve=375
t=59685ms iter=1409 WAIST cost=19.0000 best_alt=15.0000 gap=4.0000 tried=5 sep_labels=15 clique_frac=0.05
t=59704ms iter=1409 REBUILD reject new_tc=22.0128 (was 21.7247)
t=59725ms iter=1409 incumb=21.7247 ratchet=21.8542 best=21.7110 since_improve=376
t=59727ms iter=1410 WAIST cost=19.0000 best_alt=15.0000 gap=4.0000 tried=5 sep_labels=15 clique_frac=0.05
t=59746ms iter=1410 REBUILD reject new_tc=21.9520 (was 21.7247)
t=59766ms iter=1410 incumb=21.7247 ratchet=21.8466 best=21.7110 since_improve=377
t=59768ms iter=1411 WAIST cost=19.0000 best_alt=15.0000 gap=4.0000 tried=5 sep_labels=15 clique_frac=0.05
t=59787ms iter=1411 REBUILD reject new_tc=22.0320 (was 21.7247)
t=59808ms iter=1411 incumb=21.7247 ratchet=21.8007 best=21.7110 since_improve=378
t=59809ms iter=1412 WAIST cost=19.0000 best_alt=15.0000 gap=4.0000 tried=5 sep_labels=15 clique_frac=0.05
t=59828ms iter=1412 REBUILD reject new_tc=22.0373 (was 21.7247)
t=59849ms iter=1412 incumb=21.7247 ratchet=21.7282 best=21.7110 since_improve=379
t=59851ms iter=1413 WAIST cost=19.0000 best_alt=15.0000 gap=4.0000 tried=5 sep_labels=15 clique_frac=0.05
t=59870ms iter=1413 REBUILD reject new_tc=21.9616 (was 21.7247)
t=59892ms iter=1413 incumb=21.7247 ratchet=21.9423 best=21.7110 since_improve=380
t=59893ms iter=1414 WAIST cost=19.0000 best_alt=15.0000 gap=4.0000 tried=5 sep_labels=15 clique_frac=0.05
t=59912ms iter=1414 REBUILD reject new_tc=21.9175 (was 21.7247)
t=59933ms iter=1414 incumb=21.7247 ratchet=21.8451 best=21.7110 since_improve=381
t=59934ms iter=1415 WAIST cost=19.0000 best_alt=15.0000 gap=4.0000 tried=5 sep_labels=15 clique_frac=0.05
t=59954ms iter=1415 REBUILD reject new_tc=22.1384 (was 21.7247)
t=59975ms iter=1415 incumb=21.7247 ratchet=21.9318 best=21.7110 since_improve=382
t=59976ms iter=1416 WAIST cost=19.0000 best_alt=15.0000 gap=4.0000 tried=5 sep_labels=15 clique_frac=0.05
t=59996ms iter=1416 REBUILD reject new_tc=21.8817 (was 21.7247)
t=60017ms iter=1416 incumb=21.7247 ratchet=21.7541 best=21.7110 since_improve=383
t=60018ms iter=1417 WAIST cost=19.0000 best_alt=15.0000 gap=4.0000 tried=5 sep_labels=15 clique_frac=0.05
t=60037ms iter=1417 REBUILD reject new_tc=21.9511 (was 21.7247)
t=60058ms iter=1417 incumb=21.7247 ratchet=21.7539 best=21.7110 since_improve=384
t=60060ms iter=1418 WAIST cost=19.0000 best_alt=15.0000 gap=4.0000 tried=5 sep_labels=15 clique_frac=0.05
t=60079ms iter=1418 REBUILD reject new_tc=21.9522 (was 21.7247)
t=60100ms iter=1418 incumb=21.7247 ratchet=21.9380 best=21.7110 since_improve=385
t=60102ms iter=1419 WAIST cost=19.0000 best_alt=15.0000 gap=4.0000 tried=5 sep_labels=15 clique_frac=0.05
t=60121ms iter=1419 REBUILD reject new_tc=21.8701 (was 21.7247)
t=60142ms iter=1419 incumb=21.7247 ratchet=21.7392 best=21.7110 since_improve=386
t=60144ms iter=1420 WAIST cost=19.0000 best_alt=15.0000 gap=4.0000 tried=5 sep_labels=15 clique_frac=0.05
t=60163ms iter=1420 REBUILD reject new_tc=21.8692 (was 21.7247)
t=60184ms iter=1420 incumb=21.7247 ratchet=21.8530 best=21.7110 since_improve=387
t=60185ms iter=1421 WAIST cost=19.0000 best_alt=15.0000 gap=4.0000 tried=5 sep_labels=15 clique_frac=0.05
t=60204ms iter=1421 REBUILD reject new_tc=22.1716 (was 21.7247)
t=60225ms iter=1421 incumb=21.7247 ratchet=21.7797 best=21.7110 since_improve=388
t=60226ms iter=1422 WAIST cost=19.0000 best_alt=15.0000 gap=4.0000 tried=5 sep_labels=15 clique_frac=0.05
t=60246ms iter=1422 REBUILD reject new_tc=21.7750 (was 21.7247)
t=60267ms iter=1422 incumb=21.7247 ratchet=21.7300 best=21.7110 since_improve=389
t=60268ms iter=1423 WAIST cost=19.0000 best_alt=15.0000 gap=4.0000 tried=5 sep_labels=15 clique_frac=0.05
t=60287ms iter=1423 REBUILD reject new_tc=22.0009 (was 21.7247)
t=60308ms iter=1423 incumb=21.7247 ratchet=21.7566 best=21.7110 since_improve=390
t=60310ms iter=1424 WAIST cost=19.0000 best_alt=15.0000 gap=4.0000 tried=5 sep_labels=15 clique_frac=0.05
t=60329ms iter=1424 REBUILD reject new_tc=22.2165 (was 21.7247)
t=60350ms iter=1424 incumb=21.7247 ratchet=21.7825 best=21.7110 since_improve=391
t=60351ms iter=1425 WAIST cost=19.0000 best_alt=15.0000 gap=4.0000 tried=5 sep_labels=15 clique_frac=0.05
t=60370ms iter=1425 REBUILD reject new_tc=22.1092 (was 21.7247)
t=60391ms iter=1425 incumb=21.7247 ratchet=21.8562 best=21.7110 since_improve=392
t=60392ms iter=1426 WAIST cost=19.0000 best_alt=15.0000 gap=4.0000 tried=5 sep_labels=15 clique_frac=0.05
t=60411ms iter=1426 REBUILD reject new_tc=21.9858 (was 21.7247)
t=60433ms iter=1426 incumb=21.7247 ratchet=21.8960 best=21.7110 since_improve=393
t=60434ms iter=1427 WAIST cost=19.0000 best_alt=15.0000 gap=4.0000 tried=5 sep_labels=15 clique_frac=0.05
t=60453ms iter=1427 REBUILD reject new_tc=21.9026 (was 21.7247)
t=60474ms iter=1427 incumb=21.7247 ratchet=21.7385 best=21.7110 since_improve=394
t=60476ms iter=1428 WAIST cost=19.0000 best_alt=15.0000 gap=4.0000 tried=5 sep_labels=15 clique_frac=0.05
t=60495ms iter=1428 REBUILD reject new_tc=21.8572 (was 21.7247)
t=60516ms iter=1428 incumb=21.7247 ratchet=21.9881 best=21.7110 since_improve=395
t=60518ms iter=1429 WAIST cost=19.0000 best_alt=15.0000 gap=4.0000 tried=5 sep_labels=15 clique_frac=0.05
t=60537ms iter=1429 REBUILD reject new_tc=21.9652 (was 21.7247)
t=60558ms iter=1429 incumb=21.7247 ratchet=21.9416 best=21.7110 since_improve=396
t=60559ms iter=1430 WAIST cost=19.0000 best_alt=15.0000 gap=4.0000 tried=5 sep_labels=15 clique_frac=0.05
t=60579ms iter=1430 REBUILD reject new_tc=22.1083 (was 21.7247)
t=60600ms iter=1430 incumb=21.7247 ratchet=21.8334 best=21.7110 since_improve=397
t=60601ms iter=1431 WAIST cost=19.0000 best_alt=15.0000 gap=4.0000 tried=5 sep_labels=15 clique_frac=0.05
t=60621ms iter=1431 REBUILD reject new_tc=21.9019 (was 21.7247)
t=60642ms iter=1431 incumb=21.7247 ratchet=21.7810 best=21.7110 since_improve=398
t=60643ms iter=1432 WAIST cost=19.0000 best_alt=15.0000 gap=4.0000 tried=5 sep_labels=15 clique_frac=0.05
t=60663ms iter=1432 REBUILD reject new_tc=22.1791 (was 21.7247)
t=60684ms iter=1432 incumb=21.7247 ratchet=21.7931 best=21.7110 since_improve=399
t=60685ms iter=1433 WAIST cost=19.0000 best_alt=15.0000 gap=4.0000 tried=5 sep_labels=15 clique_frac=0.05
t=60704ms iter=1433 REBUILD reject new_tc=21.9816 (was 21.7247)
t=60726ms iter=1433 incumb=21.7247 ratchet=21.8056 best=21.7110 since_improve=400
t=60727ms iter=1434 WAIST cost=19.0000 best_alt=15.0000 gap=4.0000 tried=5 sep_labels=15 clique_frac=0.05
t=60746ms iter=1434 REBUILD reject new_tc=21.8791 (was 21.7247)
t=60767ms iter=1434 incumb=21.7247 ratchet=21.7790 best=21.7110 since_improve=401
t=60769ms iter=1435 WAIST cost=19.0000 best_alt=15.0000 gap=4.0000 tried=5 sep_labels=15 clique_frac=0.05
t=60788ms iter=1435 REBUILD reject new_tc=21.9025 (was 21.7247)
t=60809ms iter=1435 incumb=21.7247 ratchet=21.8056 best=21.7110 since_improve=402
t=60811ms iter=1436 WAIST cost=19.0000 best_alt=15.0000 gap=4.0000 tried=5 sep_labels=15 clique_frac=0.05
t=60830ms iter=1436 REBUILD reject new_tc=21.9432 (was 21.7247)
t=60851ms iter=1436 incumb=21.7247 ratchet=21.8463 best=21.7110 since_improve=403
t=60852ms iter=1437 WAIST cost=19.0000 best_alt=15.0000 gap=4.0000 tried=5 sep_labels=15 clique_frac=0.05
t=60872ms iter=1437 REBUILD reject new_tc=22.0913 (was 21.7247)
t=60893ms iter=1437 incumb=21.7247 ratchet=21.7926 best=21.7110 since_improve=404
t=60895ms iter=1438 WAIST cost=19.0000 best_alt=15.0000 gap=4.0000 tried=5 sep_labels=15 clique_frac=0.05
t=60914ms iter=1438 REBUILD reject new_tc=22.1776 (was 21.7247)
t=60936ms iter=1438 incumb=21.7247 ratchet=21.8324 best=21.7110 since_improve=405
t=60937ms iter=1439 WAIST cost=19.0000 best_alt=15.0000 gap=4.0000 tried=5 sep_labels=15 clique_frac=0.05
t=60956ms iter=1439 REBUILD reject new_tc=22.1775 (was 21.7247)
t=60978ms iter=1439 incumb=21.7247 ratchet=21.7690 best=21.7110 since_improve=406
t=60979ms iter=1440 WAIST cost=19.0000 best_alt=15.0000 gap=4.0000 tried=5 sep_labels=15 clique_frac=0.05
t=60998ms iter=1440 REBUILD reject new_tc=22.2544 (was 21.7247)
t=61019ms iter=1440 incumb=21.7247 ratchet=21.8597 best=21.7110 since_improve=407
t=61020ms iter=1441 WAIST cost=19.0000 best_alt=15.0000 gap=4.0000 tried=5 sep_labels=15 clique_frac=0.05
t=61040ms iter=1441 REBUILD reject new_tc=22.2606 (was 21.7247)
t=61061ms iter=1441 incumb=21.7247 ratchet=21.7693 best=21.7110 since_improve=408
t=61062ms iter=1442 WAIST cost=19.0000 best_alt=15.0000 gap=4.0000 tried=5 sep_labels=15 clique_frac=0.05
t=61082ms iter=1442 REBUILD reject new_tc=21.8109 (was 21.7247)
t=61103ms iter=1442 incumb=21.7247 ratchet=21.7413 best=21.7110 since_improve=409
t=61104ms iter=1443 WAIST cost=19.0000 best_alt=15.0000 gap=4.0000 tried=5 sep_labels=15 clique_frac=0.05
t=61124ms iter=1443 REBUILD reject new_tc=21.9356 (was 21.7247)
t=61145ms iter=1443 incumb=21.7247 ratchet=21.7283 best=21.7110 since_improve=410
t=61146ms iter=1444 WAIST cost=19.0000 best_alt=15.0000 gap=4.0000 tried=5 sep_labels=15 clique_frac=0.05
t=61165ms iter=1444 REBUILD reject new_tc=21.8517 (was 21.7247)
t=61186ms iter=1444 incumb=21.7247 ratchet=21.8162 best=21.7110 since_improve=411
t=61188ms iter=1445 WAIST cost=19.0000 best_alt=15.0000 gap=4.0000 tried=5 sep_labels=15 clique_frac=0.05
t=61207ms iter=1445 REBUILD reject new_tc=21.8640 (was 21.7247)
t=61228ms iter=1445 incumb=21.7247 ratchet=21.8482 best=21.7110 since_improve=412
t=61230ms iter=1446 WAIST cost=19.0000 best_alt=15.0000 gap=4.0000 tried=5 sep_labels=15 clique_frac=0.05
t=61249ms iter=1446 REBUILD reject new_tc=21.9523 (was 21.7247)
t=61270ms iter=1446 incumb=21.7247 ratchet=21.7936 best=21.7110 since_improve=413
t=61272ms iter=1447 WAIST cost=19.0000 best_alt=15.0000 gap=4.0000 tried=5 sep_labels=15 clique_frac=0.05
t=61291ms iter=1447 REBUILD reject new_tc=21.9071 (was 21.7247)
t=61312ms iter=1447 incumb=21.7247 ratchet=21.7966 best=21.7110 since_improve=414
t=61314ms iter=1448 WAIST cost=19.0000 best_alt=15.0000 gap=4.0000 tried=5 sep_labels=15 clique_frac=0.05
t=61333ms iter=1448 REBUILD reject new_tc=22.0002 (was 21.7247)
t=61355ms iter=1448 incumb=21.7247 ratchet=21.8333 best=21.7110 since_improve=415
t=61356ms iter=1449 WAIST cost=19.0000 best_alt=15.0000 gap=4.0000 tried=5 sep_labels=15 clique_frac=0.05
t=61376ms iter=1449 REBUILD reject new_tc=21.9624 (was 21.7247)
t=61397ms iter=1449 incumb=21.7247 ratchet=21.8059 best=21.7110 since_improve=416
t=61398ms iter=1450 WAIST cost=19.0000 best_alt=15.0000 gap=4.0000 tried=5 sep_labels=15 clique_frac=0.05
t=61418ms iter=1450 REBUILD reject new_tc=21.8792 (was 21.7247)
t=61439ms iter=1450 incumb=21.7247 ratchet=21.7272 best=21.7110 since_improve=417
t=61441ms iter=1451 WAIST cost=19.0000 best_alt=15.0000 gap=4.0000 tried=5 sep_labels=15 clique_frac=0.05
t=61460ms iter=1451 REBUILD reject new_tc=21.9923 (was 21.7247)
t=61481ms iter=1451 incumb=21.7247 ratchet=21.8212 best=21.7110 since_improve=418
t=61482ms iter=1452 WAIST cost=19.0000 best_alt=15.0000 gap=4.0000 tried=5 sep_labels=15 clique_frac=0.05
t=61501ms iter=1452 REBUILD reject new_tc=21.9984 (was 21.7247)
t=61522ms iter=1452 incumb=21.7247 ratchet=21.7530 best=21.7110 since_improve=419
t=61524ms iter=1453 WAIST cost=19.0000 best_alt=15.0000 gap=4.0000 tried=5 sep_labels=15 clique_frac=0.05
t=61543ms iter=1453 REBUILD reject new_tc=22.0849 (was 21.7247)
t=61564ms iter=1453 incumb=21.7247 ratchet=21.7541 best=21.7110 since_improve=420
t=61565ms iter=1454 WAIST cost=19.0000 best_alt=15.0000 gap=4.0000 tried=5 sep_labels=15 clique_frac=0.05
t=61585ms iter=1454 REBUILD reject new_tc=21.8722 (was 21.7247)
t=61606ms iter=1454 incumb=21.7247 ratchet=21.7784 best=21.7110 since_improve=421
t=61608ms iter=1455 WAIST cost=19.0000 best_alt=15.0000 gap=4.0000 tried=5 sep_labels=15 clique_frac=0.05
t=61627ms iter=1455 REBUILD reject new_tc=22.1871 (was 21.7247)
t=61648ms iter=1455 incumb=21.7247 ratchet=21.7875 best=21.7110 since_improve=422
t=61649ms iter=1456 WAIST cost=19.0000 best_alt=15.0000 gap=4.0000 tried=5 sep_labels=15 clique_frac=0.05
t=61669ms iter=1456 REBUILD reject new_tc=21.9188 (was 21.7247)
t=61690ms iter=1456 incumb=21.7247 ratchet=21.9192 best=21.7110 since_improve=423
t=61692ms iter=1457 WAIST cost=19.0000 best_alt=15.0000 gap=4.0000 tried=5 sep_labels=15 clique_frac=0.05
t=61711ms iter=1457 REBUILD reject new_tc=22.0319 (was 21.7247)
t=61733ms iter=1457 incumb=21.7247 ratchet=22.0661 best=21.7110 since_improve=424
t=61734ms iter=1458 WAIST cost=19.0000 best_alt=15.0000 gap=4.0000 tried=5 sep_labels=15 clique_frac=0.05
t=61754ms iter=1458 REBUILD reject new_tc=22.0710 (was 21.7247)
t=61775ms iter=1458 incumb=21.7247 ratchet=21.7810 best=21.7110 since_improve=425
t=61776ms iter=1459 WAIST cost=19.0000 best_alt=15.0000 gap=4.0000 tried=5 sep_labels=15 clique_frac=0.05
t=61795ms iter=1459 REBUILD reject new_tc=21.7817 (was 21.7247)
t=61817ms iter=1459 incumb=21.7247 ratchet=21.8489 best=21.7110 since_improve=426
t=61818ms iter=1460 WAIST cost=19.0000 best_alt=15.0000 gap=4.0000 tried=5 sep_labels=15 clique_frac=0.05
t=61837ms iter=1460 REBUILD reject new_tc=22.3268 (was 21.7247)
t=61858ms iter=1460 incumb=21.7247 ratchet=21.8822 best=21.7110 since_improve=427
t=61859ms iter=1461 WAIST cost=19.0000 best_alt=15.0000 gap=4.0000 tried=5 sep_labels=15 clique_frac=0.05
t=61879ms iter=1461 REBUILD reject new_tc=22.0976 (was 21.7247)
t=61900ms iter=1461 incumb=21.7247 ratchet=21.8465 best=21.7110 since_improve=428
t=61901ms iter=1462 WAIST cost=19.0000 best_alt=15.0000 gap=4.0000 tried=5 sep_labels=15 clique_frac=0.05
t=61921ms iter=1462 REBUILD reject new_tc=21.9858 (was 21.7247)
t=61941ms iter=1462 incumb=21.7247 ratchet=21.8060 best=21.7110 since_improve=429
t=61943ms iter=1463 WAIST cost=19.0000 best_alt=15.0000 gap=4.0000 tried=5 sep_labels=15 clique_frac=0.05
t=61962ms iter=1463 REBUILD reject new_tc=21.9649 (was 21.7247)
t=61983ms iter=1463 incumb=21.7247 ratchet=21.8833 best=21.7110 since_improve=430
t=61985ms iter=1464 WAIST cost=19.0000 best_alt=15.0000 gap=4.0000 tried=5 sep_labels=15 clique_frac=0.05
t=62004ms iter=1464 REBUILD reject new_tc=22.2655 (was 21.7247)
t=62025ms iter=1464 incumb=21.7247 ratchet=21.9364 best=21.7110 since_improve=431
t=62026ms iter=1465 WAIST cost=19.0000 best_alt=15.0000 gap=4.0000 tried=5 sep_labels=15 clique_frac=0.05
t=62046ms iter=1465 REBUILD reject new_tc=21.8186 (was 21.7247)
t=62066ms iter=1465 incumb=21.7247 ratchet=21.7734 best=21.7110 since_improve=432
t=62068ms iter=1466 WAIST cost=19.0000 best_alt=15.0000 gap=4.0000 tried=5 sep_labels=15 clique_frac=0.05
t=62087ms iter=1466 REBUILD reject new_tc=21.9144 (was 21.7247)
t=62107ms iter=1466 incumb=21.7247 ratchet=21.9617 best=21.7110 since_improve=433
t=62109ms iter=1467 WAIST cost=19.0000 best_alt=15.0000 gap=4.0000 tried=5 sep_labels=15 clique_frac=0.05
t=62128ms iter=1467 REBUILD reject new_tc=22.2744 (was 21.7247)
t=62149ms iter=1467 incumb=21.7247 ratchet=21.8054 best=21.7110 since_improve=434
t=62150ms iter=1468 WAIST cost=19.0000 best_alt=15.0000 gap=4.0000 tried=5 sep_labels=15 clique_frac=0.05
t=62170ms iter=1468 REBUILD reject new_tc=21.9498 (was 21.7247)
t=62191ms iter=1468 incumb=21.7247 ratchet=21.8094 best=21.7110 since_improve=435
t=62192ms iter=1469 WAIST cost=19.0000 best_alt=15.0000 gap=4.0000 tried=5 sep_labels=15 clique_frac=0.05
t=62211ms iter=1469 REBUILD reject new_tc=21.8843 (was 21.7247)
t=62232ms iter=1469 incumb=21.7247 ratchet=21.8453 best=21.7110 since_improve=436
t=62234ms iter=1470 WAIST cost=19.0000 best_alt=15.0000 gap=4.0000 tried=5 sep_labels=15 clique_frac=0.05
t=62253ms iter=1470 REBUILD reject new_tc=21.8144 (was 21.7247)
t=62273ms iter=1470 incumb=21.7247 ratchet=21.7857 best=21.7110 since_improve=437
t=62275ms iter=1471 WAIST cost=19.0000 best_alt=15.0000 gap=4.0000 tried=5 sep_labels=15 clique_frac=0.05
t=62294ms iter=1471 REBUILD reject new_tc=22.2591 (was 21.7247)
t=62315ms iter=1471 incumb=21.7247 ratchet=21.8431 best=21.7110 since_improve=438
t=62317ms iter=1472 WAIST cost=19.0000 best_alt=15.0000 gap=4.0000 tried=5 sep_labels=15 clique_frac=0.05
t=62336ms iter=1472 REBUILD reject new_tc=21.9764 (was 21.7247)
t=62357ms iter=1472 incumb=21.7247 ratchet=21.8087 best=21.7110 since_improve=439
t=62358ms iter=1473 WAIST cost=19.0000 best_alt=15.0000 gap=4.0000 tried=5 sep_labels=15 clique_frac=0.05
t=62378ms iter=1473 REBUILD reject new_tc=21.7916 (was 21.7247)
t=62399ms iter=1473 incumb=21.7247 ratchet=21.7801 best=21.7110 since_improve=440
t=62400ms iter=1474 WAIST cost=19.0000 best_alt=15.0000 gap=4.0000 tried=5 sep_labels=15 clique_frac=0.05
t=62420ms iter=1474 REBUILD reject new_tc=21.9538 (was 21.7247)
t=62441ms iter=1474 incumb=21.7247 ratchet=21.9652 best=21.7110 since_improve=441
t=62442ms iter=1475 WAIST cost=19.0000 best_alt=15.0000 gap=4.0000 tried=5 sep_labels=15 clique_frac=0.05
t=62462ms iter=1475 REBUILD reject new_tc=22.2003 (was 21.7247)
t=62483ms iter=1475 incumb=21.7247 ratchet=21.8445 best=21.7110 since_improve=442
t=62485ms iter=1476 WAIST cost=19.0000 best_alt=15.0000 gap=4.0000 tried=5 sep_labels=15 clique_frac=0.05
t=62504ms iter=1476 REBUILD reject new_tc=22.0978 (was 21.7247)
t=62525ms iter=1476 incumb=21.7247 ratchet=21.7440 best=21.7110 since_improve=443
t=62527ms iter=1477 WAIST cost=19.0000 best_alt=15.0000 gap=4.0000 tried=5 sep_labels=15 clique_frac=0.05
t=62546ms iter=1477 REBUILD reject new_tc=21.9518 (was 21.7247)
t=62567ms iter=1477 incumb=21.7247 ratchet=21.9989 best=21.7110 since_improve=444
t=62569ms iter=1478 WAIST cost=19.0000 best_alt=15.0000 gap=4.0000 tried=5 sep_labels=15 clique_frac=0.05
t=62588ms iter=1478 REBUILD reject new_tc=22.1948 (was 21.7247)
t=62609ms iter=1478 incumb=21.7247 ratchet=21.7524 best=21.7110 since_improve=445
t=62611ms iter=1479 WAIST cost=19.0000 best_alt=15.0000 gap=4.0000 tried=5 sep_labels=15 clique_frac=0.05
t=62630ms iter=1479 REBUILD reject new_tc=22.0975 (was 21.7247)
t=62651ms iter=1479 incumb=21.7247 ratchet=21.8835 best=21.7110 since_improve=446
t=62652ms iter=1480 WAIST cost=19.0000 best_alt=15.0000 gap=4.0000 tried=5 sep_labels=15 clique_frac=0.05
t=62671ms iter=1480 REBUILD reject new_tc=21.9256 (was 21.7247)
t=62692ms iter=1480 incumb=21.7247 ratchet=21.9025 best=21.7110 since_improve=447
t=62693ms iter=1481 WAIST cost=19.0000 best_alt=15.0000 gap=4.0000 tried=5 sep_labels=15 clique_frac=0.05
t=62712ms iter=1481 REBUILD reject new_tc=21.8736 (was 21.7247)
t=62733ms iter=1481 incumb=21.7247 ratchet=21.9084 best=21.7110 since_improve=448
t=62734ms iter=1482 WAIST cost=19.0000 best_alt=15.0000 gap=4.0000 tried=5 sep_labels=15 clique_frac=0.05
t=62753ms iter=1482 REBUILD reject new_tc=22.1919 (was 21.7247)
t=62774ms iter=1482 incumb=21.7247 ratchet=21.7537 best=21.7110 since_improve=449
t=62776ms iter=1483 WAIST cost=19.0000 best_alt=15.0000 gap=4.0000 tried=5 sep_labels=15 clique_frac=0.05
t=62795ms iter=1483 REBUILD reject new_tc=22.1200 (was 21.7247)
t=62816ms iter=1483 incumb=21.7247 ratchet=21.9686 best=21.7110 since_improve=450
t=62817ms iter=1484 WAIST cost=19.0000 best_alt=15.0000 gap=4.0000 tried=5 sep_labels=15 clique_frac=0.05
t=62837ms iter=1484 REBUILD reject new_tc=21.9542 (was 21.7247)
t=62857ms iter=1484 incumb=21.7247 ratchet=21.8448 best=21.7110 since_improve=451
t=62859ms iter=1485 WAIST cost=19.0000 best_alt=15.0000 gap=4.0000 tried=5 sep_labels=15 clique_frac=0.05
t=62878ms iter=1485 REBUILD reject new_tc=22.2078 (was 21.7247)
t=62898ms iter=1485 incumb=21.7247 ratchet=21.8475 best=21.7110 since_improve=452
t=62900ms iter=1486 WAIST cost=19.0000 best_alt=15.0000 gap=4.0000 tried=5 sep_labels=15 clique_frac=0.05
t=62919ms iter=1486 REBUILD reject new_tc=22.3407 (was 21.7247)
t=62940ms iter=1486 incumb=21.7247 ratchet=21.7130 best=21.7110 since_improve=0
t=62941ms iter=1487 WAIST cost=19.0000 best_alt=15.0000 gap=4.0000 tried=5 sep_labels=15 clique_frac=0.05
t=62960ms iter=1487 REBUILD reject new_tc=21.8061 (was 21.7130)
t=62981ms iter=1487 incumb=21.7130 ratchet=21.9656 best=21.7110 since_improve=1
t=62982ms iter=1488 WAIST cost=19.0000 best_alt=15.0000 gap=4.0000 tried=5 sep_labels=15 clique_frac=0.05
t=63001ms iter=1488 REBUILD reject new_tc=21.8679 (was 21.7130)
t=63022ms iter=1488 incumb=21.7130 ratchet=21.7548 best=21.7110 since_improve=2
t=63024ms iter=1489 WAIST cost=19.0000 best_alt=15.0000 gap=4.0000 tried=5 sep_labels=15 clique_frac=0.05
t=63043ms iter=1489 REBUILD reject new_tc=21.9932 (was 21.7130)
t=63064ms iter=1489 incumb=21.7130 ratchet=21.8054 best=21.7110 since_improve=3
t=63066ms iter=1490 WAIST cost=19.0000 best_alt=15.0000 gap=4.0000 tried=5 sep_labels=15 clique_frac=0.05
t=63085ms iter=1490 REBUILD reject new_tc=21.8705 (was 21.7130)
t=63105ms iter=1490 incumb=21.7130 ratchet=21.7517 best=21.7110 since_improve=4
t=63107ms iter=1491 WAIST cost=19.0000 best_alt=15.0000 gap=4.0000 tried=5 sep_labels=15 clique_frac=0.05
t=63127ms iter=1491 REBUILD reject new_tc=22.0204 (was 21.7130)
t=63148ms iter=1491 incumb=21.7130 ratchet=21.7812 best=21.7110 since_improve=5
t=63149ms iter=1492 WAIST cost=19.0000 best_alt=15.0000 gap=4.0000 tried=5 sep_labels=15 clique_frac=0.05
t=63168ms iter=1492 REBUILD reject new_tc=22.1148 (was 21.7130)
t=63189ms iter=1492 incumb=21.7130 ratchet=21.8090 best=21.7110 since_improve=6
t=63190ms iter=1493 WAIST cost=19.0000 best_alt=15.0000 gap=4.0000 tried=5 sep_labels=15 clique_frac=0.05
t=63209ms iter=1493 REBUILD reject new_tc=22.2063 (was 21.7130)
t=63230ms iter=1493 incumb=21.7130 ratchet=21.8560 best=21.7110 since_improve=7
t=63231ms iter=1494 WAIST cost=19.0000 best_alt=15.0000 gap=4.0000 tried=5 sep_labels=15 clique_frac=0.05
t=63250ms iter=1494 REBUILD reject new_tc=21.9056 (was 21.7130)
t=63271ms iter=1494 incumb=21.7130 ratchet=21.7394 best=21.7110 since_improve=8
t=63273ms iter=1495 WAIST cost=19.0000 best_alt=15.0000 gap=4.0000 tried=5 sep_labels=15 clique_frac=0.05
t=63292ms iter=1495 REBUILD reject new_tc=21.8859 (was 21.7130)
t=63313ms iter=1495 incumb=21.7130 ratchet=21.7487 best=21.7110 since_improve=9
t=63315ms iter=1496 WAIST cost=19.0000 best_alt=15.0000 gap=4.0000 tried=5 sep_labels=15 clique_frac=0.05
t=63334ms iter=1496 REBUILD reject new_tc=21.8703 (was 21.7130)
t=63355ms iter=1496 incumb=21.7130 ratchet=21.8355 best=21.7110 since_improve=10
t=63356ms iter=1497 WAIST cost=19.0000 best_alt=15.0000 gap=4.0000 tried=5 sep_labels=15 clique_frac=0.05
t=63375ms iter=1497 REBUILD reject new_tc=22.0305 (was 21.7130)
t=63396ms iter=1497 incumb=21.7130 ratchet=21.8156 best=21.7110 since_improve=11
t=63397ms iter=1498 WAIST cost=19.0000 best_alt=15.0000 gap=4.0000 tried=5 sep_labels=15 clique_frac=0.05
t=63416ms iter=1498 REBUILD reject new_tc=22.4583 (was 21.7130)
t=63437ms iter=1498 incumb=21.7130 ratchet=21.7528 best=21.7110 since_improve=12
t=63439ms iter=1499 WAIST cost=19.0000 best_alt=15.0000 gap=4.0000 tried=5 sep_labels=15 clique_frac=0.05
t=63458ms iter=1499 REBUILD reject new_tc=21.9244 (was 21.7130)
t=63478ms iter=1499 incumb=21.7130 ratchet=21.7674 best=21.7110 since_improve=13
t=63480ms iter=1500 WAIST cost=19.0000 best_alt=15.0000 gap=4.0000 tried=5 sep_labels=15 clique_frac=0.05
t=63499ms iter=1500 REBUILD reject new_tc=21.8913 (was 21.7130)
t=63520ms iter=1500 incumb=21.7130 ratchet=21.9306 best=21.7110 since_improve=14
t=63521ms iter=1501 WAIST cost=19.0000 best_alt=15.0000 gap=4.0000 tried=5 sep_labels=15 clique_frac=0.05
t=63541ms iter=1501 REBUILD reject new_tc=21.9145 (was 21.7130)
t=63562ms iter=1501 incumb=21.7130 ratchet=21.7946 best=21.7110 since_improve=15
t=63563ms iter=1502 WAIST cost=19.0000 best_alt=15.0000 gap=4.0000 tried=5 sep_labels=15 clique_frac=0.05
t=63583ms iter=1502 REBUILD reject new_tc=22.3344 (was 21.7130)
t=63603ms iter=1502 incumb=21.7130 ratchet=22.0664 best=21.7110 since_improve=16
t=63605ms iter=1503 WAIST cost=19.0000 best_alt=15.0000 gap=4.0000 tried=5 sep_labels=15 clique_frac=0.05
t=63625ms iter=1503 REBUILD reject new_tc=21.8623 (was 21.7130)
t=63645ms iter=1503 incumb=21.7130 ratchet=21.9665 best=21.7110 since_improve=17
t=63647ms iter=1504 WAIST cost=19.0000 best_alt=15.0000 gap=4.0000 tried=5 sep_labels=15 clique_frac=0.05
t=63666ms iter=1504 REBUILD reject new_tc=21.8686 (was 21.7130)
t=63687ms iter=1504 incumb=21.7130 ratchet=21.8676 best=21.7110 since_improve=18
t=63688ms iter=1505 WAIST cost=19.0000 best_alt=15.0000 gap=4.0000 tried=5 sep_labels=15 clique_frac=0.05
t=63708ms iter=1505 REBUILD reject new_tc=22.0450 (was 21.7130)
t=63728ms iter=1505 incumb=21.7130 ratchet=21.8319 best=21.7110 since_improve=19
t=63730ms iter=1506 WAIST cost=19.0000 best_alt=15.0000 gap=4.0000 tried=5 sep_labels=15 clique_frac=0.05
t=63749ms iter=1506 REBUILD reject new_tc=22.3172 (was 21.7130)
t=63769ms iter=1506 incumb=21.7130 ratchet=21.7843 best=21.7110 since_improve=20
t=63771ms iter=1507 WAIST cost=19.0000 best_alt=15.0000 gap=4.0000 tried=5 sep_labels=15 clique_frac=0.05
t=63790ms iter=1507 REBUILD reject new_tc=22.1790 (was 21.7130)
t=63812ms iter=1507 incumb=21.7130 ratchet=21.7932 best=21.7110 since_improve=21
t=63813ms iter=1508 WAIST cost=19.0000 best_alt=15.0000 gap=4.0000 tried=5 sep_labels=15 clique_frac=0.05
t=63832ms iter=1508 REBUILD reject new_tc=22.1072 (was 21.7130)
t=63853ms iter=1508 incumb=21.7130 ratchet=21.8599 best=21.7110 since_improve=22
t=63855ms iter=1509 WAIST cost=19.0000 best_alt=15.0000 gap=4.0000 tried=5 sep_labels=15 clique_frac=0.05
t=63874ms iter=1509 REBUILD reject new_tc=22.2631 (was 21.7130)
t=63895ms iter=1509 incumb=21.7130 ratchet=22.0249 best=21.7110 since_improve=23
t=63897ms iter=1510 WAIST cost=19.0000 best_alt=15.0000 gap=4.0000 tried=5 sep_labels=15 clique_frac=0.05
t=63916ms iter=1510 REBUILD reject new_tc=21.9435 (was 21.7130)
t=63937ms iter=1510 incumb=21.7130 ratchet=21.8076 best=21.7110 since_improve=24
t=63938ms iter=1511 WAIST cost=19.0000 best_alt=15.0000 gap=4.0000 tried=5 sep_labels=15 clique_frac=0.05
t=63957ms iter=1511 REBUILD reject new_tc=22.0755 (was 21.7130)
t=63979ms iter=1511 incumb=21.7130 ratchet=21.8931 best=21.7110 since_improve=25
t=63980ms iter=1512 WAIST cost=19.0000 best_alt=15.0000 gap=4.0000 tried=5 sep_labels=15 clique_frac=0.05
t=63999ms iter=1512 REBUILD reject new_tc=21.9992 (was 21.7130)
t=64020ms iter=1512 incumb=21.7130 ratchet=22.3682 best=21.7110 since_improve=26
t=64021ms iter=1513 WAIST cost=19.0000 best_alt=15.0000 gap=4.0000 tried=5 sep_labels=15 clique_frac=0.05
t=64041ms iter=1513 REBUILD reject new_tc=21.8190 (was 21.7130)
t=64062ms iter=1513 incumb=21.7130 ratchet=21.7509 best=21.7110 since_improve=27
t=64064ms iter=1514 WAIST cost=19.0000 best_alt=15.0000 gap=4.0000 tried=5 sep_labels=15 clique_frac=0.05
t=64083ms iter=1514 REBUILD reject new_tc=22.3615 (was 21.7130)
t=64104ms iter=1514 incumb=21.7130 ratchet=21.8331 best=21.7110 since_improve=28
t=64105ms iter=1515 WAIST cost=19.0000 best_alt=15.0000 gap=4.0000 tried=5 sep_labels=15 clique_frac=0.05
t=64124ms iter=1515 REBUILD reject new_tc=21.9173 (was 21.7130)
t=64145ms iter=1515 incumb=21.7130 ratchet=22.2090 best=21.7110 since_improve=29
t=64146ms iter=1516 WAIST cost=19.0000 best_alt=15.0000 gap=4.0000 tried=5 sep_labels=15 clique_frac=0.05
t=64166ms iter=1516 REBUILD reject new_tc=22.0314 (was 21.7130)
t=64187ms iter=1516 incumb=21.7130 ratchet=21.8443 best=21.7110 since_improve=30
t=64188ms iter=1517 WAIST cost=19.0000 best_alt=15.0000 gap=4.0000 tried=5 sep_labels=15 clique_frac=0.05
t=64207ms iter=1517 REBUILD reject new_tc=21.9623 (was 21.7130)
t=64228ms iter=1517 incumb=21.7130 ratchet=21.8150 best=21.7110 since_improve=31
t=64230ms iter=1518 WAIST cost=19.0000 best_alt=15.0000 gap=4.0000 tried=5 sep_labels=15 clique_frac=0.05
t=64249ms iter=1518 REBUILD reject new_tc=21.8700 (was 21.7130)
t=64271ms iter=1518 incumb=21.7130 ratchet=21.8590 best=21.7110 since_improve=32
t=64272ms iter=1519 WAIST cost=19.0000 best_alt=15.0000 gap=4.0000 tried=5 sep_labels=15 clique_frac=0.05
t=64292ms iter=1519 REBUILD reject new_tc=21.9555 (was 21.7130)
t=64313ms iter=1519 incumb=21.7130 ratchet=21.9485 best=21.7110 since_improve=33
t=64315ms iter=1520 WAIST cost=19.0000 best_alt=15.0000 gap=4.0000 tried=5 sep_labels=15 clique_frac=0.05
t=64334ms iter=1520 REBUILD reject new_tc=21.7688 (was 21.7130)
t=64354ms iter=1520 incumb=21.7130 ratchet=21.8334 best=21.7110 since_improve=34
t=64356ms iter=1521 WAIST cost=19.0000 best_alt=15.0000 gap=4.0000 tried=5 sep_labels=15 clique_frac=0.05
t=64375ms iter=1521 REBUILD reject new_tc=21.7816 (was 21.7130)
t=64396ms iter=1521 incumb=21.7130 ratchet=21.9540 best=21.7110 since_improve=35
t=64397ms iter=1522 WAIST cost=19.0000 best_alt=15.0000 gap=4.0000 tried=5 sep_labels=15 clique_frac=0.05
t=64417ms iter=1522 REBUILD reject new_tc=21.8658 (was 21.7130)
t=64438ms iter=1522 incumb=21.7130 ratchet=21.9414 best=21.7110 since_improve=36
t=64439ms iter=1523 WAIST cost=19.0000 best_alt=15.0000 gap=4.0000 tried=5 sep_labels=15 clique_frac=0.05
t=64459ms iter=1523 REBUILD reject new_tc=21.8256 (was 21.7130)
t=64480ms iter=1523 incumb=21.7130 ratchet=21.7980 best=21.7110 since_improve=37
t=64481ms iter=1524 WAIST cost=19.0000 best_alt=15.0000 gap=4.0000 tried=5 sep_labels=15 clique_frac=0.05
t=64500ms iter=1524 REBUILD reject new_tc=22.1772 (was 21.7130)
t=64521ms iter=1524 incumb=21.7130 ratchet=21.9508 best=21.7110 since_improve=38
t=64522ms iter=1525 WAIST cost=19.0000 best_alt=15.0000 gap=4.0000 tried=5 sep_labels=15 clique_frac=0.05
t=64542ms iter=1525 REBUILD reject new_tc=22.2223 (was 21.7130)
t=64563ms iter=1525 incumb=21.7130 ratchet=21.7294 best=21.7110 since_improve=39
t=64564ms iter=1526 WAIST cost=19.0000 best_alt=15.0000 gap=4.0000 tried=5 sep_labels=15 clique_frac=0.05
t=64584ms iter=1526 REBUILD reject new_tc=22.2020 (was 21.7130)
t=64605ms iter=1526 incumb=21.7130 ratchet=21.8680 best=21.7110 since_improve=40
t=64606ms iter=1527 WAIST cost=19.0000 best_alt=15.0000 gap=4.0000 tried=5 sep_labels=15 clique_frac=0.05
t=64626ms iter=1527 REBUILD reject new_tc=21.9216 (was 21.7130)
t=64647ms iter=1527 incumb=21.7130 ratchet=21.7806 best=21.7110 since_improve=41
t=64648ms iter=1528 WAIST cost=19.0000 best_alt=15.0000 gap=4.0000 tried=5 sep_labels=15 clique_frac=0.05
t=64668ms iter=1528 REBUILD reject new_tc=21.7659 (was 21.7130)
t=64689ms iter=1528 incumb=21.7130 ratchet=21.8825 best=21.7110 since_improve=42
t=64690ms iter=1529 WAIST cost=19.0000 best_alt=15.0000 gap=4.0000 tried=5 sep_labels=15 clique_frac=0.05
t=64710ms iter=1529 REBUILD reject new_tc=21.8673 (was 21.7130)
t=64731ms iter=1529 incumb=21.7130 ratchet=21.7276 best=21.7110 since_improve=43
t=64733ms iter=1530 WAIST cost=19.0000 best_alt=15.0000 gap=4.0000 tried=5 sep_labels=15 clique_frac=0.05
t=64752ms iter=1530 REBUILD reject new_tc=21.8683 (was 21.7130)
t=64773ms iter=1530 incumb=21.7130 ratchet=22.1102 best=21.7110 since_improve=44
t=64775ms iter=1531 WAIST cost=19.0000 best_alt=15.0000 gap=4.0000 tried=5 sep_labels=15 clique_frac=0.05
t=64794ms iter=1531 REBUILD reject new_tc=22.1817 (was 21.7130)
t=64815ms iter=1531 incumb=21.7130 ratchet=21.7435 best=21.7110 since_improve=45
t=64817ms iter=1532 WAIST cost=19.0000 best_alt=15.0000 gap=4.0000 tried=5 sep_labels=15 clique_frac=0.05
t=64836ms iter=1532 REBUILD reject new_tc=21.7796 (was 21.7130)
t=64857ms iter=1532 incumb=21.7130 ratchet=21.8431 best=21.7110 since_improve=46
t=64859ms iter=1533 WAIST cost=19.0000 best_alt=15.0000 gap=4.0000 tried=5 sep_labels=15 clique_frac=0.05
t=64878ms iter=1533 REBUILD reject new_tc=21.8563 (was 21.7130)
t=64899ms iter=1533 incumb=21.7130 ratchet=21.9998 best=21.7110 since_improve=47
t=64901ms iter=1534 WAIST cost=19.0000 best_alt=15.0000 gap=4.0000 tried=5 sep_labels=15 clique_frac=0.05
t=64920ms iter=1534 REBUILD reject new_tc=21.8199 (was 21.7130)
t=64941ms iter=1534 incumb=21.7130 ratchet=22.0357 best=21.7110 since_improve=48
t=64943ms iter=1535 WAIST cost=19.0000 best_alt=15.0000 gap=4.0000 tried=5 sep_labels=15 clique_frac=0.05
t=64962ms iter=1535 REBUILD reject new_tc=22.1795 (was 21.7130)
t=64983ms iter=1535 incumb=21.7130 ratchet=21.7677 best=21.7110 since_improve=49
t=64984ms iter=1536 WAIST cost=19.0000 best_alt=15.0000 gap=4.0000 tried=5 sep_labels=15 clique_frac=0.05
t=65004ms iter=1536 REBUILD reject new_tc=21.9521 (was 21.7130)
t=65025ms iter=1536 incumb=21.7130 ratchet=21.7689 best=21.7110 since_improve=50
t=65026ms iter=1537 WAIST cost=19.0000 best_alt=15.0000 gap=4.0000 tried=5 sep_labels=15 clique_frac=0.05
t=65046ms iter=1537 REBUILD reject new_tc=21.8592 (was 21.7130)
t=65066ms iter=1537 incumb=21.7130 ratchet=21.8739 best=21.7110 since_improve=51
t=65068ms iter=1538 WAIST cost=19.0000 best_alt=15.0000 gap=4.0000 tried=5 sep_labels=15 clique_frac=0.05
t=65087ms iter=1538 REBUILD reject new_tc=22.3415 (was 21.7130)
t=65108ms iter=1538 incumb=21.7130 ratchet=21.9267 best=21.7110 since_improve=52
t=65110ms iter=1539 WAIST cost=19.0000 best_alt=15.0000 gap=4.0000 tried=5 sep_labels=15 clique_frac=0.05
t=65129ms iter=1539 REBUILD reject new_tc=21.9657 (was 21.7130)
t=65150ms iter=1539 incumb=21.7130 ratchet=21.8067 best=21.7110 since_improve=53
t=65152ms iter=1540 WAIST cost=19.0000 best_alt=15.0000 gap=4.0000 tried=5 sep_labels=15 clique_frac=0.05
t=65171ms iter=1540 REBUILD reject new_tc=21.8207 (was 21.7130)
t=65192ms iter=1540 incumb=21.7130 ratchet=21.7916 best=21.7110 since_improve=54
t=65194ms iter=1541 WAIST cost=19.0000 best_alt=15.0000 gap=4.0000 tried=5 sep_labels=15 clique_frac=0.05
t=65213ms iter=1541 REBUILD reject new_tc=21.9635 (was 21.7130)
t=65234ms iter=1541 incumb=21.7130 ratchet=21.9422 best=21.7110 since_improve=55
t=65235ms iter=1542 WAIST cost=19.0000 best_alt=15.0000 gap=4.0000 tried=5 sep_labels=15 clique_frac=0.05
t=65255ms iter=1542 REBUILD reject new_tc=22.0346 (was 21.7130)
t=65276ms iter=1542 incumb=21.7130 ratchet=21.7274 best=21.7110 since_improve=56
t=65278ms iter=1543 WAIST cost=19.0000 best_alt=15.0000 gap=4.0000 tried=5 sep_labels=15 clique_frac=0.05
t=65297ms iter=1543 REBUILD reject new_tc=21.8689 (was 21.7130)
t=65318ms iter=1543 incumb=21.7130 ratchet=22.0722 best=21.7110 since_improve=57
t=65319ms iter=1544 WAIST cost=19.0000 best_alt=15.0000 gap=4.0000 tried=5 sep_labels=15 clique_frac=0.05
t=65339ms iter=1544 REBUILD reject new_tc=22.1289 (was 21.7130)
t=65360ms iter=1544 incumb=21.7130 ratchet=21.8320 best=21.7110 since_improve=58
t=65361ms iter=1545 WAIST cost=19.0000 best_alt=15.0000 gap=4.0000 tried=5 sep_labels=15 clique_frac=0.05
t=65381ms iter=1545 REBUILD reject new_tc=21.8678 (was 21.7130)
t=65402ms iter=1545 incumb=21.7130 ratchet=21.8813 best=21.7110 since_improve=59
t=65403ms iter=1546 WAIST cost=19.0000 best_alt=15.0000 gap=4.0000 tried=5 sep_labels=15 clique_frac=0.05
t=65423ms iter=1546 REBUILD reject new_tc=22.3297 (was 21.7130)
t=65444ms iter=1546 incumb=21.7130 ratchet=21.7380 best=21.7110 since_improve=60
t=65445ms iter=1547 WAIST cost=19.0000 best_alt=15.0000 gap=4.0000 tried=5 sep_labels=15 clique_frac=0.05
t=65464ms iter=1547 REBUILD reject new_tc=21.9502 (was 21.7130)
t=65485ms iter=1547 incumb=21.7130 ratchet=21.7562 best=21.7110 since_improve=61
t=65487ms iter=1548 WAIST cost=19.0000 best_alt=15.0000 gap=4.0000 tried=5 sep_labels=15 clique_frac=0.05
t=65506ms iter=1548 REBUILD reject new_tc=21.9521 (was 21.7130)
t=65527ms iter=1548 incumb=21.7130 ratchet=21.8330 best=21.7110 since_improve=62
t=65529ms iter=1549 WAIST cost=19.0000 best_alt=15.0000 gap=4.0000 tried=5 sep_labels=15 clique_frac=0.05
t=65548ms iter=1549 REBUILD reject new_tc=21.8066 (was 21.7130)
t=65569ms iter=1549 incumb=21.7130 ratchet=21.7289 best=21.7110 since_improve=63
t=65571ms iter=1550 WAIST cost=19.0000 best_alt=15.0000 gap=4.0000 tried=5 sep_labels=15 clique_frac=0.05
t=65590ms iter=1550 REBUILD reject new_tc=22.0998 (was 21.7130)
t=65611ms iter=1550 incumb=21.7130 ratchet=21.8686 best=21.7110 since_improve=64
t=65612ms iter=1551 WAIST cost=19.0000 best_alt=15.0000 gap=4.0000 tried=5 sep_labels=15 clique_frac=0.05
t=65632ms iter=1551 REBUILD reject new_tc=22.1758 (was 21.7130)
t=65653ms iter=1551 incumb=21.7130 ratchet=21.7544 best=21.7110 since_improve=65
t=65654ms iter=1552 WAIST cost=19.0000 best_alt=15.0000 gap=4.0000 tried=5 sep_labels=15 clique_frac=0.05
t=65674ms iter=1552 REBUILD reject new_tc=22.0316 (was 21.7130)
t=65695ms iter=1552 incumb=21.7130 ratchet=21.7419 best=21.7110 since_improve=66
t=65696ms iter=1553 WAIST cost=19.0000 best_alt=15.0000 gap=4.0000 tried=5 sep_labels=15 clique_frac=0.05
t=65716ms iter=1553 REBUILD reject new_tc=21.8660 (was 21.7130)
t=65736ms iter=1553 incumb=21.7130 ratchet=21.8700 best=21.7110 since_improve=67
t=65738ms iter=1554 WAIST cost=19.0000 best_alt=15.0000 gap=4.0000 tried=5 sep_labels=15 clique_frac=0.05
t=65757ms iter=1554 REBUILD reject new_tc=22.1238 (was 21.7130)
t=65779ms iter=1554 incumb=21.7130 ratchet=21.7528 best=21.7110 since_improve=68
t=65780ms iter=1555 WAIST cost=19.0000 best_alt=15.0000 gap=4.0000 tried=5 sep_labels=15 clique_frac=0.05
t=65799ms iter=1555 REBUILD reject new_tc=22.3171 (was 21.7130)
t=65820ms iter=1555 incumb=21.7130 ratchet=21.8337 best=21.7110 since_improve=69
t=65821ms iter=1556 WAIST cost=19.0000 best_alt=15.0000 gap=4.0000 tried=5 sep_labels=15 clique_frac=0.05
t=65841ms iter=1556 REBUILD reject new_tc=22.2360 (was 21.7130)
t=65862ms iter=1556 incumb=21.7130 ratchet=21.9305 best=21.7110 since_improve=70
t=65863ms iter=1557 WAIST cost=19.0000 best_alt=15.0000 gap=4.0000 tried=5 sep_labels=15 clique_frac=0.05
t=65882ms iter=1557 REBUILD reject new_tc=22.7922 (was 21.7130)
t=65903ms iter=1557 incumb=21.7130 ratchet=21.8064 best=21.7110 since_improve=71
t=65904ms iter=1558 WAIST cost=19.0000 best_alt=15.0000 gap=4.0000 tried=5 sep_labels=15 clique_frac=0.05
t=65923ms iter=1558 REBUILD reject new_tc=21.9502 (was 21.7130)
t=65944ms iter=1558 incumb=21.7130 ratchet=22.0564 best=21.7110 since_improve=72
t=65945ms iter=1559 WAIST cost=19.0000 best_alt=15.0000 gap=4.0000 tried=5 sep_labels=15 clique_frac=0.05
t=65965ms iter=1559 REBUILD reject new_tc=21.7884 (was 21.7130)
t=65985ms iter=1559 incumb=21.7130 ratchet=22.1806 best=21.7110 since_improve=73
t=65986ms iter=1560 WAIST cost=19.0000 best_alt=15.0000 gap=4.0000 tried=5 sep_labels=15 clique_frac=0.05
t=66006ms iter=1560 REBUILD reject new_tc=22.1769 (was 21.7130)
t=66026ms iter=1560 incumb=21.7130 ratchet=21.8798 best=21.7110 since_improve=74
t=66028ms iter=1561 WAIST cost=19.0000 best_alt=15.0000 gap=4.0000 tried=5 sep_labels=15 clique_frac=0.05
t=66047ms iter=1561 REBUILD reject new_tc=22.2622 (was 21.7130)
t=66068ms iter=1561 incumb=21.7130 ratchet=21.9060 best=21.7110 since_improve=75
t=66069ms iter=1562 WAIST cost=19.0000 best_alt=15.0000 gap=4.0000 tried=5 sep_labels=15 clique_frac=0.05
t=66088ms iter=1562 REBUILD reject new_tc=22.0498 (was 21.7130)
t=66109ms iter=1562 incumb=21.7130 ratchet=21.9988 best=21.7110 since_improve=76
t=66111ms iter=1563 WAIST cost=19.0000 best_alt=15.0000 gap=4.0000 tried=5 sep_labels=15 clique_frac=0.05
t=66130ms iter=1563 REBUILD reject new_tc=21.8671 (was 21.7130)
t=66151ms iter=1563 incumb=21.7130 ratchet=21.7921 best=21.7110 since_improve=77
t=66153ms iter=1564 WAIST cost=19.0000 best_alt=15.0000 gap=4.0000 tried=5 sep_labels=15 clique_frac=0.05
t=66172ms iter=1564 REBUILD reject new_tc=22.3677 (was 21.7130)
t=66193ms iter=1564 incumb=21.7130 ratchet=21.7998 best=21.7110 since_improve=78
t=66194ms iter=1565 WAIST cost=19.0000 best_alt=15.0000 gap=4.0000 tried=5 sep_labels=15 clique_frac=0.05
t=66214ms iter=1565 REBUILD reject new_tc=22.1185 (was 21.7130)
t=66234ms iter=1565 incumb=21.7130 ratchet=21.8688 best=21.7110 since_improve=79
t=66236ms iter=1566 WAIST cost=19.0000 best_alt=15.0000 gap=4.0000 tried=5 sep_labels=15 clique_frac=0.05
t=66255ms iter=1566 REBUILD reject new_tc=22.1785 (was 21.7130)
t=66276ms iter=1566 incumb=21.7130 ratchet=22.0952 best=21.7110 since_improve=80
t=66278ms iter=1567 WAIST cost=19.0000 best_alt=15.0000 gap=4.0000 tried=5 sep_labels=15 clique_frac=0.05
t=66297ms iter=1567 REBUILD reject new_tc=21.9536 (was 21.7130)
t=66318ms iter=1567 incumb=21.7130 ratchet=22.0540 best=21.7110 since_improve=81
t=66320ms iter=1568 WAIST cost=19.0000 best_alt=15.0000 gap=4.0000 tried=5 sep_labels=15 clique_frac=0.05
t=66339ms iter=1568 REBUILD reject new_tc=21.8774 (was 21.7130)
t=66360ms iter=1568 incumb=21.7130 ratchet=21.8599 best=21.7110 since_improve=82
t=66361ms iter=1569 WAIST cost=19.0000 best_alt=15.0000 gap=4.0000 tried=5 sep_labels=15 clique_frac=0.05
t=66380ms iter=1569 REBUILD reject new_tc=22.1817 (was 21.7130)
t=66401ms iter=1569 incumb=21.7130 ratchet=21.7942 best=21.7110 since_improve=83
t=66403ms iter=1570 WAIST cost=19.0000 best_alt=15.0000 gap=4.0000 tried=5 sep_labels=15 clique_frac=0.05
t=66422ms iter=1570 REBUILD reject new_tc=21.8168 (was 21.7130)
t=66443ms iter=1570 incumb=21.7130 ratchet=21.8975 best=21.7110 since_improve=84
t=66445ms iter=1571 WAIST cost=19.0000 best_alt=15.0000 gap=4.0000 tried=5 sep_labels=15 clique_frac=0.05
t=66464ms iter=1571 REBUILD reject new_tc=21.9541 (was 21.7130)
t=66485ms iter=1571 incumb=21.7130 ratchet=22.0101 best=21.7110 since_improve=85
t=66486ms iter=1572 WAIST cost=19.0000 best_alt=15.0000 gap=4.0000 tried=5 sep_labels=15 clique_frac=0.05
t=66505ms iter=1572 REBUILD reject new_tc=21.8263 (was 21.7130)
t=66526ms iter=1572 incumb=21.7130 ratchet=21.8177 best=21.7110 since_improve=86
t=66528ms iter=1573 WAIST cost=19.0000 best_alt=15.0000 gap=4.0000 tried=5 sep_labels=15 clique_frac=0.05
t=66547ms iter=1573 REBUILD reject new_tc=22.0340 (was 21.7130)
t=66568ms iter=1573 incumb=21.7130 ratchet=21.8212 best=21.7110 since_improve=87
t=66570ms iter=1574 WAIST cost=19.0000 best_alt=15.0000 gap=4.0000 tried=5 sep_labels=15 clique_frac=0.05
t=66589ms iter=1574 REBUILD reject new_tc=22.4029 (was 21.7130)
t=66610ms iter=1574 incumb=21.7130 ratchet=21.8733 best=21.7110 since_improve=88
t=66612ms iter=1575 WAIST cost=19.0000 best_alt=15.0000 gap=4.0000 tried=5 sep_labels=15 clique_frac=0.05
t=66631ms iter=1575 REBUILD reject new_tc=21.7684 (was 21.7130)
t=66652ms iter=1575 incumb=21.7130 ratchet=21.9289 best=21.7110 since_improve=89
t=66653ms iter=1576 WAIST cost=19.0000 best_alt=15.0000 gap=4.0000 tried=5 sep_labels=15 clique_frac=0.05
t=66673ms iter=1576 REBUILD reject new_tc=21.9136 (was 21.7130)
t=66694ms iter=1576 incumb=21.7130 ratchet=21.8704 best=21.7110 since_improve=90
t=66695ms iter=1577 WAIST cost=19.0000 best_alt=15.0000 gap=4.0000 tried=5 sep_labels=15 clique_frac=0.05
t=66714ms iter=1577 REBUILD reject new_tc=22.3268 (was 21.7130)
t=66736ms iter=1577 incumb=21.7130 ratchet=21.9449 best=21.7110 since_improve=91
t=66738ms iter=1578 WAIST cost=19.0000 best_alt=15.0000 gap=4.0000 tried=5 sep_labels=15 clique_frac=0.05
t=66757ms iter=1578 REBUILD reject new_tc=22.3166 (was 21.7130)
t=66778ms iter=1578 incumb=21.7130 ratchet=21.7426 best=21.7110 since_improve=92
t=66779ms iter=1579 WAIST cost=19.0000 best_alt=15.0000 gap=4.0000 tried=5 sep_labels=15 clique_frac=0.05
t=66799ms iter=1579 REBUILD reject new_tc=22.0981 (was 21.7130)
t=66820ms iter=1579 incumb=21.7130 ratchet=21.9217 best=21.7110 since_improve=93
t=66821ms iter=1580 WAIST cost=19.0000 best_alt=15.0000 gap=4.0000 tried=5 sep_labels=15 clique_frac=0.05
t=66841ms iter=1580 REBUILD reject new_tc=21.8767 (was 21.7130)
t=66861ms iter=1580 incumb=21.7130 ratchet=21.9093 best=21.7110 since_improve=94
t=66863ms iter=1581 WAIST cost=19.0000 best_alt=15.0000 gap=4.0000 tried=5 sep_labels=15 clique_frac=0.05
t=66882ms iter=1581 REBUILD reject new_tc=22.0365 (was 21.7130)
t=66903ms iter=1581 incumb=21.7130 ratchet=21.8022 best=21.7110 since_improve=95
t=66904ms iter=1582 WAIST cost=19.0000 best_alt=15.0000 gap=4.0000 tried=5 sep_labels=15 clique_frac=0.05
t=66923ms iter=1582 REBUILD reject new_tc=22.1772 (was 21.7130)
t=66944ms iter=1582 incumb=21.7130 ratchet=21.8952 best=21.7110 since_improve=96
t=66946ms iter=1583 WAIST cost=19.0000 best_alt=15.0000 gap=4.0000 tried=5 sep_labels=15 clique_frac=0.05
t=66965ms iter=1583 REBUILD reject new_tc=21.8779 (was 21.7130)
t=66986ms iter=1583 incumb=21.7130 ratchet=21.9999 best=21.7110 since_improve=97
t=66988ms iter=1584 WAIST cost=19.0000 best_alt=15.0000 gap=4.0000 tried=5 sep_labels=15 clique_frac=0.05
t=67008ms iter=1584 REBUILD reject new_tc=22.2010 (was 21.7130)
t=67029ms iter=1584 incumb=21.7130 ratchet=22.0153 best=21.7110 since_improve=98
t=67030ms iter=1585 WAIST cost=19.0000 best_alt=15.0000 gap=4.0000 tried=5 sep_labels=15 clique_frac=0.05
t=67050ms iter=1585 REBUILD reject new_tc=21.9241 (was 21.7130)
t=67071ms iter=1585 incumb=21.7130 ratchet=21.7694 best=21.7110 since_improve=99
t=67072ms iter=1586 WAIST cost=19.0000 best_alt=15.0000 gap=4.0000 tried=5 sep_labels=15 clique_frac=0.05
t=67092ms iter=1586 REBUILD reject new_tc=21.8173 (was 21.7130)
t=67112ms iter=1586 incumb=21.7130 ratchet=21.7549 best=21.7110 since_improve=100
t=67114ms iter=1587 WAIST cost=19.0000 best_alt=15.0000 gap=4.0000 tried=5 sep_labels=15 clique_frac=0.05
t=67133ms iter=1587 REBUILD reject new_tc=21.9871 (was 21.7130)
t=67154ms iter=1587 incumb=21.7130 ratchet=21.8306 best=21.7110 since_improve=101
t=67155ms iter=1588 WAIST cost=19.0000 best_alt=15.0000 gap=4.0000 tried=5 sep_labels=15 clique_frac=0.05
t=67175ms iter=1588 REBUILD reject new_tc=21.9068 (was 21.7130)
t=67195ms iter=1588 incumb=21.7130 ratchet=21.9195 best=21.7110 since_improve=102
t=67197ms iter=1589 WAIST cost=19.0000 best_alt=15.0000 gap=4.0000 tried=5 sep_labels=15 clique_frac=0.05
t=67216ms iter=1589 REBUILD reject new_tc=21.9519 (was 21.7130)
t=67237ms iter=1589 incumb=21.7130 ratchet=21.8693 best=21.7110 since_improve=103
t=67238ms iter=1590 WAIST cost=19.0000 best_alt=15.0000 gap=4.0000 tried=5 sep_labels=15 clique_frac=0.05
t=67258ms iter=1590 REBUILD reject new_tc=21.9860 (was 21.7130)
t=67279ms iter=1590 incumb=21.7130 ratchet=21.8709 best=21.7110 since_improve=104
t=67280ms iter=1591 WAIST cost=19.0000 best_alt=15.0000 gap=4.0000 tried=5 sep_labels=15 clique_frac=0.05
t=67300ms iter=1591 REBUILD reject new_tc=22.0296 (was 21.7130)
t=67321ms iter=1591 incumb=21.7130 ratchet=21.9463 best=21.7110 since_improve=105
t=67322ms iter=1592 WAIST cost=19.0000 best_alt=15.0000 gap=4.0000 tried=5 sep_labels=15 clique_frac=0.05
t=67341ms iter=1592 REBUILD reject new_tc=21.9645 (was 21.7130)
t=67362ms iter=1592 incumb=21.7130 ratchet=21.8453 best=21.7110 since_improve=106
t=67364ms iter=1593 WAIST cost=19.0000 best_alt=15.0000 gap=4.0000 tried=5 sep_labels=15 clique_frac=0.05
t=67383ms iter=1593 REBUILD reject new_tc=21.9537 (was 21.7130)
t=67404ms iter=1593 incumb=21.7130 ratchet=21.9089 best=21.7110 since_improve=107
t=67406ms iter=1594 WAIST cost=19.0000 best_alt=15.0000 gap=4.0000 tried=5 sep_labels=15 clique_frac=0.05
t=67425ms iter=1594 REBUILD reject new_tc=21.9519 (was 21.7130)
t=67446ms iter=1594 incumb=21.7130 ratchet=21.7799 best=21.7110 since_improve=108
t=67448ms iter=1595 WAIST cost=19.0000 best_alt=15.0000 gap=4.0000 tried=5 sep_labels=15 clique_frac=0.05
t=67467ms iter=1595 REBUILD reject new_tc=22.0973 (was 21.7130)
t=67488ms iter=1595 incumb=21.7130 ratchet=21.7692 best=21.7110 since_improve=109
t=67490ms iter=1596 WAIST cost=19.0000 best_alt=15.0000 gap=4.0000 tried=5 sep_labels=15 clique_frac=0.05
t=67509ms iter=1596 REBUILD reject new_tc=21.8246 (was 21.7130)
t=67530ms iter=1596 incumb=21.7130 ratchet=21.7807 best=21.7110 since_improve=110
t=67532ms iter=1597 WAIST cost=19.0000 best_alt=15.0000 gap=4.0000 tried=5 sep_labels=15 clique_frac=0.05
t=67551ms iter=1597 REBUILD reject new_tc=21.9036 (was 21.7130)
t=67572ms iter=1597 incumb=21.7130 ratchet=21.7949 best=21.7110 since_improve=111
t=67574ms iter=1598 WAIST cost=19.0000 best_alt=15.0000 gap=4.0000 tried=5 sep_labels=15 clique_frac=0.05
t=67593ms iter=1598 REBUILD reject new_tc=21.9634 (was 21.7130)
t=67614ms iter=1598 incumb=21.7130 ratchet=21.9651 best=21.7110 since_improve=112
t=67616ms iter=1599 WAIST cost=19.0000 best_alt=15.0000 gap=4.0000 tried=5 sep_labels=15 clique_frac=0.05
t=67635ms iter=1599 REBUILD reject new_tc=22.1150 (was 21.7130)
t=67656ms iter=1599 incumb=21.7130 ratchet=21.7527 best=21.7110 since_improve=113
t=67657ms iter=1600 WAIST cost=19.0000 best_alt=15.0000 gap=4.0000 tried=5 sep_labels=15 clique_frac=0.05
t=67677ms iter=1600 REBUILD reject new_tc=21.9297 (was 21.7130)
t=67698ms iter=1600 incumb=21.7130 ratchet=22.0052 best=21.7110 since_improve=114
t=67699ms iter=1601 WAIST cost=19.0000 best_alt=15.0000 gap=4.0000 tried=5 sep_labels=15 clique_frac=0.05
t=67718ms iter=1601 REBUILD reject new_tc=21.9879 (was 21.7130)
t=67740ms iter=1601 incumb=21.7130 ratchet=21.7816 best=21.7110 since_improve=115
t=67741ms iter=1602 WAIST cost=19.0000 best_alt=15.0000 gap=4.0000 tried=5 sep_labels=15 clique_frac=0.05
t=67760ms iter=1602 REBUILD reject new_tc=21.8172 (was 21.7130)
t=67782ms iter=1602 incumb=21.7130 ratchet=21.8976 best=21.7110 since_improve=116
t=67783ms iter=1603 WAIST cost=19.0000 best_alt=15.0000 gap=4.0000 tried=5 sep_labels=15 clique_frac=0.05
t=67802ms iter=1603 REBUILD reject new_tc=22.1867 (was 21.7130)
t=67824ms iter=1603 incumb=21.7130 ratchet=21.8585 best=21.7110 since_improve=117
t=67825ms iter=1604 WAIST cost=19.0000 best_alt=15.0000 gap=4.0000 tried=5 sep_labels=15 clique_frac=0.05
t=67845ms iter=1604 REBUILD reject new_tc=22.1229 (was 21.7130)
t=67866ms iter=1604 incumb=21.7130 ratchet=21.8324 best=21.7110 since_improve=118
t=67867ms iter=1605 WAIST cost=19.0000 best_alt=15.0000 gap=4.0000 tried=5 sep_labels=15 clique_frac=0.05
t=67887ms iter=1605 REBUILD reject new_tc=21.9184 (was 21.7130)
t=67908ms iter=1605 incumb=21.7130 ratchet=21.7536 best=21.7110 since_improve=119
t=67909ms iter=1606 WAIST cost=19.0000 best_alt=15.0000 gap=4.0000 tried=5 sep_labels=15 clique_frac=0.05
t=67929ms iter=1606 REBUILD reject new_tc=22.0976 (was 21.7130)
t=67950ms iter=1606 incumb=21.7130 ratchet=21.7717 best=21.7110 since_improve=120
t=67952ms iter=1607 WAIST cost=19.0000 best_alt=15.0000 gap=4.0000 tried=5 sep_labels=15 clique_frac=0.05
t=67972ms iter=1607 REBUILD reject new_tc=21.8316 (was 21.7130)
t=67993ms iter=1607 incumb=21.7130 ratchet=21.8210 best=21.7110 since_improve=121
t=67995ms iter=1608 WAIST cost=19.0000 best_alt=15.0000 gap=4.0000 tried=5 sep_labels=15 clique_frac=0.05
t=68015ms iter=1608 REBUILD reject new_tc=21.9276 (was 21.7130)
t=68036ms iter=1608 incumb=21.7130 ratchet=21.9045 best=21.7110 since_improve=122
t=68037ms iter=1609 WAIST cost=19.0000 best_alt=15.0000 gap=4.0000 tried=5 sep_labels=15 clique_frac=0.05
t=68057ms iter=1609 REBUILD reject new_tc=21.8167 (was 21.7130)
t=68078ms iter=1609 incumb=21.7130 ratchet=22.1308 best=21.7110 since_improve=123
t=68079ms iter=1610 WAIST cost=19.0000 best_alt=15.0000 gap=4.0000 tried=5 sep_labels=15 clique_frac=0.05
t=68098ms iter=1610 REBUILD reject new_tc=21.9891 (was 21.7130)
t=68119ms iter=1610 incumb=21.7130 ratchet=21.7516 best=21.7110 since_improve=124
t=68121ms iter=1611 WAIST cost=19.0000 best_alt=15.0000 gap=4.0000 tried=5 sep_labels=15 clique_frac=0.05
t=68141ms iter=1611 REBUILD reject new_tc=22.0397 (was 21.7130)
t=68161ms iter=1611 incumb=21.7130 ratchet=21.9230 best=21.7110 since_improve=125
t=68163ms iter=1612 WAIST cost=19.0000 best_alt=15.0000 gap=4.0000 tried=5 sep_labels=15 clique_frac=0.05
t=68182ms iter=1612 REBUILD reject new_tc=22.0967 (was 21.7130)
t=68202ms iter=1612 incumb=21.7130 ratchet=21.7665 best=21.7110 since_improve=126
t=68204ms iter=1613 WAIST cost=19.0000 best_alt=15.0000 gap=4.0000 tried=5 sep_labels=15 clique_frac=0.05
t=68224ms iter=1613 REBUILD reject new_tc=21.8847 (was 21.7130)
t=68244ms iter=1613 incumb=21.7130 ratchet=21.8007 best=21.7110 since_improve=127
t=68245ms iter=1614 WAIST cost=19.0000 best_alt=15.0000 gap=4.0000 tried=5 sep_labels=15 clique_frac=0.05
t=68265ms iter=1614 REBUILD reject new_tc=21.8575 (was 21.7130)
t=68285ms iter=1614 incumb=21.7130 ratchet=21.7511 best=21.7110 since_improve=128
t=68287ms iter=1615 WAIST cost=19.0000 best_alt=15.0000 gap=4.0000 tried=5 sep_labels=15 clique_frac=0.05
t=68306ms iter=1615 REBUILD reject new_tc=22.1776 (was 21.7130)
t=68327ms iter=1615 incumb=21.7130 ratchet=21.8309 best=21.7110 since_improve=129
t=68328ms iter=1616 WAIST cost=19.0000 best_alt=15.0000 gap=4.0000 tried=5 sep_labels=15 clique_frac=0.05
t=68347ms iter=1616 REBUILD reject new_tc=22.2419 (was 21.7130)
t=68368ms iter=1616 incumb=21.7130 ratchet=21.7552 best=21.7110 since_improve=130
t=68369ms iter=1617 WAIST cost=19.0000 best_alt=15.0000 gap=4.0000 tried=5 sep_labels=15 clique_frac=0.05
t=68388ms iter=1617 REBUILD reject new_tc=22.2975 (was 21.7130)
t=68409ms iter=1617 incumb=21.7130 ratchet=21.7683 best=21.7110 since_improve=131
t=68411ms iter=1618 WAIST cost=19.0000 best_alt=15.0000 gap=4.0000 tried=5 sep_labels=15 clique_frac=0.05
t=68430ms iter=1618 REBUILD reject new_tc=21.9187 (was 21.7130)
t=68451ms iter=1618 incumb=21.7130 ratchet=21.8387 best=21.7110 since_improve=132
t=68452ms iter=1619 WAIST cost=19.0000 best_alt=15.0000 gap=4.0000 tried=5 sep_labels=15 clique_frac=0.05
t=68471ms iter=1619 REBUILD reject new_tc=21.9727 (was 21.7130)
t=68492ms iter=1619 incumb=21.7130 ratchet=22.0131 best=21.7110 since_improve=133
t=68494ms iter=1620 WAIST cost=19.0000 best_alt=15.0000 gap=4.0000 tried=5 sep_labels=15 clique_frac=0.05
t=68514ms iter=1620 REBUILD reject new_tc=21.8264 (was 21.7130)
t=68535ms iter=1620 incumb=21.7130 ratchet=21.8851 best=21.7110 since_improve=134
t=68536ms iter=1621 WAIST cost=19.0000 best_alt=15.0000 gap=4.0000 tried=5 sep_labels=15 clique_frac=0.05
t=68555ms iter=1621 REBUILD reject new_tc=22.1192 (was 21.7130)
t=68576ms iter=1621 incumb=21.7130 ratchet=21.8350 best=21.7110 since_improve=135
t=68578ms iter=1622 WAIST cost=19.0000 best_alt=15.0000 gap=4.0000 tried=5 sep_labels=15 clique_frac=0.05
t=68597ms iter=1622 REBUILD reject new_tc=21.9065 (was 21.7130)
t=68618ms iter=1622 incumb=21.7130 ratchet=21.8823 best=21.7110 since_improve=136
t=68620ms iter=1623 WAIST cost=19.0000 best_alt=15.0000 gap=4.0000 tried=5 sep_labels=15 clique_frac=0.05
t=68639ms iter=1623 REBUILD reject new_tc=21.9610 (was 21.7130)
t=68660ms iter=1623 incumb=21.7130 ratchet=22.0660 best=21.7110 since_improve=137
t=68661ms iter=1624 WAIST cost=19.0000 best_alt=15.0000 gap=4.0000 tried=5 sep_labels=15 clique_frac=0.05
t=68681ms iter=1624 REBUILD reject new_tc=21.9529 (was 21.7130)
t=68702ms iter=1624 incumb=21.7130 ratchet=21.8825 best=21.7110 since_improve=138
t=68703ms iter=1625 WAIST cost=19.0000 best_alt=15.0000 gap=4.0000 tried=5 sep_labels=15 clique_frac=0.05
t=68723ms iter=1625 REBUILD reject new_tc=21.7717 (was 21.7130)
t=68744ms iter=1625 incumb=21.7130 ratchet=21.7399 best=21.7110 since_improve=139
t=68745ms iter=1626 WAIST cost=19.0000 best_alt=15.0000 gap=4.0000 tried=5 sep_labels=15 clique_frac=0.05
t=68764ms iter=1626 REBUILD reject new_tc=21.9526 (was 21.7130)
t=68785ms iter=1626 incumb=21.7130 ratchet=22.0224 best=21.7110 since_improve=140
t=68786ms iter=1627 WAIST cost=19.0000 best_alt=15.0000 gap=4.0000 tried=5 sep_labels=15 clique_frac=0.05
t=68806ms iter=1627 REBUILD reject new_tc=22.0298 (was 21.7130)
t=68826ms iter=1627 incumb=21.7130 ratchet=21.8914 best=21.7110 since_improve=141
t=68828ms iter=1628 WAIST cost=19.0000 best_alt=15.0000 gap=4.0000 tried=5 sep_labels=15 clique_frac=0.05
t=68847ms iter=1628 REBUILD reject new_tc=22.2528 (was 21.7130)
t=68867ms iter=1628 incumb=21.7130 ratchet=21.8318 best=21.7110 since_improve=142
t=68869ms iter=1629 WAIST cost=19.0000 best_alt=15.0000 gap=4.0000 tried=5 sep_labels=15 clique_frac=0.05
t=68888ms iter=1629 REBUILD reject new_tc=21.8704 (was 21.7130)
t=68909ms iter=1629 incumb=21.7130 ratchet=21.7778 best=21.7110 since_improve=143
t=68911ms iter=1630 WAIST cost=19.0000 best_alt=15.0000 gap=4.0000 tried=5 sep_labels=15 clique_frac=0.05
t=68930ms iter=1630 REBUILD reject new_tc=21.8984 (was 21.7130)
t=68951ms iter=1630 incumb=21.7130 ratchet=21.7395 best=21.7110 since_improve=144
t=68952ms iter=1631 WAIST cost=19.0000 best_alt=15.0000 gap=4.0000 tried=5 sep_labels=15 clique_frac=0.05
t=68971ms iter=1631 REBUILD reject new_tc=21.8310 (was 21.7130)
t=68991ms iter=1631 incumb=21.7130 ratchet=21.8380 best=21.7110 since_improve=145
t=68993ms iter=1632 WAIST cost=19.0000 best_alt=15.0000 gap=4.0000 tried=5 sep_labels=15 clique_frac=0.05
t=69012ms iter=1632 REBUILD reject new_tc=22.0887 (was 21.7130)
t=69033ms iter=1632 incumb=21.7130 ratchet=21.7384 best=21.7110 since_improve=146
t=69034ms iter=1633 WAIST cost=19.0000 best_alt=15.0000 gap=4.0000 tried=5 sep_labels=15 clique_frac=0.05
t=69054ms iter=1633 REBUILD reject new_tc=21.9633 (was 21.7130)
t=69075ms iter=1633 incumb=21.7130 ratchet=21.8443 best=21.7110 since_improve=147
t=69076ms iter=1634 WAIST cost=19.0000 best_alt=15.0000 gap=4.0000 tried=5 sep_labels=15 clique_frac=0.05
t=69096ms iter=1634 REBUILD reject new_tc=21.9718 (was 21.7130)
t=69118ms iter=1634 incumb=21.7130 ratchet=21.8699 best=21.7110 since_improve=148
t=69119ms iter=1635 WAIST cost=19.0000 best_alt=15.0000 gap=4.0000 tried=5 sep_labels=15 clique_frac=0.05
t=69138ms iter=1635 REBUILD reject new_tc=22.0374 (was 21.7130)
t=69159ms iter=1635 incumb=21.7130 ratchet=21.7425 best=21.7110 since_improve=149
t=69160ms iter=1636 WAIST cost=19.0000 best_alt=15.0000 gap=4.0000 tried=5 sep_labels=15 clique_frac=0.05
t=69179ms iter=1636 REBUILD reject new_tc=22.0721 (was 21.7130)
t=69200ms iter=1636 incumb=21.7130 ratchet=21.7536 best=21.7110 since_improve=150
t=69202ms iter=1637 WAIST cost=19.0000 best_alt=15.0000 gap=4.0000 tried=5 sep_labels=15 clique_frac=0.05
t=69221ms iter=1637 REBUILD reject new_tc=21.9535 (was 21.7130)
t=69241ms iter=1637 incumb=21.7130 ratchet=21.8925 best=21.7110 since_improve=151
t=69243ms iter=1638 WAIST cost=19.0000 best_alt=15.0000 gap=4.0000 tried=5 sep_labels=15 clique_frac=0.05
t=69262ms iter=1638 REBUILD reject new_tc=22.1949 (was 21.7130)
t=69283ms iter=1638 incumb=21.7130 ratchet=21.7399 best=21.7110 since_improve=152
t=69284ms iter=1639 WAIST cost=19.0000 best_alt=15.0000 gap=4.0000 tried=5 sep_labels=15 clique_frac=0.05
t=69304ms iter=1639 REBUILD reject new_tc=21.8708 (was 21.7130)
t=69325ms iter=1639 incumb=21.7130 ratchet=22.0819 best=21.7110 since_improve=153
t=69326ms iter=1640 WAIST cost=19.0000 best_alt=15.0000 gap=4.0000 tried=5 sep_labels=15 clique_frac=0.05
t=69345ms iter=1640 REBUILD reject new_tc=21.8207 (was 21.7130)
t=69366ms iter=1640 incumb=21.7130 ratchet=21.8445 best=21.7110 since_improve=154
t=69368ms iter=1641 WAIST cost=19.0000 best_alt=15.0000 gap=4.0000 tried=5 sep_labels=15 clique_frac=0.05
t=69387ms iter=1641 REBUILD reject new_tc=22.1242 (was 21.7130)
t=69407ms iter=1641 incumb=21.7130 ratchet=21.8455 best=21.7110 since_improve=155
t=69409ms iter=1642 WAIST cost=19.0000 best_alt=15.0000 gap=4.0000 tried=5 sep_labels=15 clique_frac=0.05
t=69428ms iter=1642 REBUILD reject new_tc=22.1182 (was 21.7130)
t=69448ms iter=1642 incumb=21.7130 ratchet=21.8698 best=21.7110 since_improve=156
t=69450ms iter=1643 WAIST cost=19.0000 best_alt=15.0000 gap=4.0000 tried=5 sep_labels=15 clique_frac=0.05
t=69469ms iter=1643 REBUILD reject new_tc=21.9055 (was 21.7130)
t=69490ms iter=1643 incumb=21.7130 ratchet=21.9067 best=21.7110 since_improve=157
t=69492ms iter=1644 WAIST cost=19.0000 best_alt=15.0000 gap=4.0000 tried=5 sep_labels=15 clique_frac=0.05
t=69511ms iter=1644 REBUILD reject new_tc=21.8737 (was 21.7130)
t=69532ms iter=1644 incumb=21.7130 ratchet=21.8816 best=21.7110 since_improve=158
t=69533ms iter=1645 WAIST cost=19.0000 best_alt=15.0000 gap=4.0000 tried=5 sep_labels=15 clique_frac=0.05
t=69552ms iter=1645 REBUILD reject new_tc=21.8576 (was 21.7130)
t=69574ms iter=1645 incumb=21.7130 ratchet=21.7690 best=21.7110 since_improve=159
t=69575ms iter=1646 WAIST cost=19.0000 best_alt=15.0000 gap=4.0000 tried=5 sep_labels=15 clique_frac=0.05
t=69594ms iter=1646 REBUILD reject new_tc=21.9474 (was 21.7130)
t=69615ms iter=1646 incumb=21.7130 ratchet=21.7559 best=21.7110 since_improve=160
t=69617ms iter=1647 WAIST cost=19.0000 best_alt=15.0000 gap=4.0000 tried=5 sep_labels=15 clique_frac=0.05
t=69636ms iter=1647 REBUILD reject new_tc=22.0492 (was 21.7130)
t=69657ms iter=1647 incumb=21.7130 ratchet=21.9174 best=21.7110 since_improve=161
t=69658ms iter=1648 WAIST cost=19.0000 best_alt=15.0000 gap=4.0000 tried=5 sep_labels=15 clique_frac=0.05
t=69678ms iter=1648 REBUILD reject new_tc=21.7670 (was 21.7130)
t=69699ms iter=1648 incumb=21.7130 ratchet=21.7199 best=21.7110 since_improve=162
t=69700ms iter=1649 WAIST cost=19.0000 best_alt=15.0000 gap=4.0000 tried=5 sep_labels=15 clique_frac=0.05
t=69720ms iter=1649 REBUILD reject new_tc=21.8684 (was 21.7130)
t=69740ms iter=1649 incumb=21.7130 ratchet=21.9024 best=21.7110 since_improve=163
t=69742ms iter=1650 WAIST cost=19.0000 best_alt=15.0000 gap=4.0000 tried=5 sep_labels=15 clique_frac=0.05
t=69761ms iter=1650 REBUILD reject new_tc=22.0821 (was 21.7130)
t=69782ms iter=1650 incumb=21.7130 ratchet=21.7420 best=21.7110 since_improve=164
t=69783ms iter=1651 WAIST cost=19.0000 best_alt=15.0000 gap=4.0000 tried=5 sep_labels=15 clique_frac=0.05
t=69802ms iter=1651 REBUILD reject new_tc=21.9557 (was 21.7130)
t=69824ms iter=1651 incumb=21.7130 ratchet=21.8912 best=21.7110 since_improve=165
t=69825ms iter=1652 WAIST cost=19.0000 best_alt=15.0000 gap=4.0000 tried=5 sep_labels=15 clique_frac=0.05
t=69845ms iter=1652 REBUILD reject new_tc=21.9515 (was 21.7130)
t=69865ms iter=1652 incumb=21.7130 ratchet=21.7529 best=21.7110 since_improve=166
t=69867ms iter=1653 WAIST cost=19.0000 best_alt=15.0000 gap=4.0000 tried=5 sep_labels=15 clique_frac=0.05
t=69886ms iter=1653 REBUILD reject new_tc=21.8968 (was 21.7130)
t=69907ms iter=1653 incumb=21.7130 ratchet=21.8981 best=21.7110 since_improve=167
t=69908ms iter=1654 WAIST cost=19.0000 best_alt=15.0000 gap=4.0000 tried=5 sep_labels=15 clique_frac=0.05
t=69928ms iter=1654 REBUILD reject new_tc=21.8664 (was 21.7130)
t=69948ms iter=1654 incumb=21.7130 ratchet=21.9427 best=21.7110 since_improve=168
t=69950ms iter=1655 WAIST cost=19.0000 best_alt=15.0000 gap=4.0000 tried=5 sep_labels=15 clique_frac=0.05
t=69969ms iter=1655 REBUILD reject new_tc=22.1848 (was 21.7130)
t=69989ms iter=1655 incumb=21.7130 ratchet=21.7558 best=21.7110 since_improve=169
t=69991ms iter=1656 WAIST cost=19.0000 best_alt=15.0000 gap=4.0000 tried=5 sep_labels=15 clique_frac=0.05
t=70011ms iter=1656 REBUILD reject new_tc=22.1553 (was 21.7130)
t=70032ms iter=1656 incumb=21.7130 ratchet=22.0409 best=21.7110 since_improve=170
t=70033ms iter=1657 WAIST cost=19.0000 best_alt=15.0000 gap=4.0000 tried=5 sep_labels=15 clique_frac=0.05
t=70052ms iter=1657 REBUILD reject new_tc=22.1924 (was 21.7130)
t=70074ms iter=1657 incumb=21.7130 ratchet=21.8606 best=21.7110 since_improve=171
t=70075ms iter=1658 WAIST cost=19.0000 best_alt=15.0000 gap=4.0000 tried=5 sep_labels=15 clique_frac=0.05
t=70095ms iter=1658 REBUILD reject new_tc=22.5228 (was 21.7130)
t=70115ms iter=1658 incumb=21.7130 ratchet=21.8330 best=21.7110 since_improve=172
t=70117ms iter=1659 WAIST cost=19.0000 best_alt=15.0000 gap=4.0000 tried=5 sep_labels=15 clique_frac=0.05
t=70136ms iter=1659 REBUILD reject new_tc=22.3028 (was 21.7130)
t=70157ms iter=1659 incumb=21.7130 ratchet=21.8022 best=21.7110 since_improve=173
t=70159ms iter=1660 WAIST cost=19.0000 best_alt=15.0000 gap=4.0000 tried=5 sep_labels=15 clique_frac=0.05
t=70178ms iter=1660 REBUILD reject new_tc=22.1148 (was 21.7130)
t=70199ms iter=1660 incumb=21.7130 ratchet=21.7369 best=21.7110 since_improve=174
t=70201ms iter=1661 WAIST cost=19.0000 best_alt=15.0000 gap=4.0000 tried=5 sep_labels=15 clique_frac=0.05
t=70220ms iter=1661 REBUILD reject new_tc=21.7690 (was 21.7130)
t=70241ms iter=1661 incumb=21.7130 ratchet=21.8197 best=21.7110 since_improve=175
t=70243ms iter=1662 WAIST cost=19.0000 best_alt=15.0000 gap=4.0000 tried=5 sep_labels=15 clique_frac=0.05
t=70262ms iter=1662 REBUILD reject new_tc=21.8697 (was 21.7130)
t=70283ms iter=1662 incumb=21.7130 ratchet=21.8486 best=21.7110 since_improve=176
t=70285ms iter=1663 WAIST cost=19.0000 best_alt=15.0000 gap=4.0000 tried=5 sep_labels=15 clique_frac=0.05
t=70304ms iter=1663 REBUILD reject new_tc=21.7808 (was 21.7130)
t=70325ms iter=1663 incumb=21.7130 ratchet=21.8062 best=21.7110 since_improve=177
t=70327ms iter=1664 WAIST cost=19.0000 best_alt=15.0000 gap=4.0000 tried=5 sep_labels=15 clique_frac=0.05
t=70346ms iter=1664 REBUILD reject new_tc=21.9150 (was 21.7130)
t=70367ms iter=1664 incumb=21.7130 ratchet=21.9672 best=21.7110 since_improve=178
t=70369ms iter=1665 WAIST cost=19.0000 best_alt=15.0000 gap=4.0000 tried=5 sep_labels=15 clique_frac=0.05
t=70388ms iter=1665 REBUILD reject new_tc=21.8058 (was 21.7130)
t=70409ms iter=1665 incumb=21.7130 ratchet=21.8671 best=21.7110 since_improve=179
t=70411ms iter=1666 WAIST cost=19.0000 best_alt=15.0000 gap=4.0000 tried=5 sep_labels=15 clique_frac=0.05
t=70430ms iter=1666 REBUILD reject new_tc=22.1612 (was 21.7130)
t=70451ms iter=1666 incumb=21.7130 ratchet=22.0133 best=21.7110 since_improve=180
t=70453ms iter=1667 WAIST cost=19.0000 best_alt=15.0000 gap=4.0000 tried=5 sep_labels=15 clique_frac=0.05
t=70472ms iter=1667 REBUILD reject new_tc=22.2193 (was 21.7130)
t=70493ms iter=1667 incumb=21.7130 ratchet=21.7690 best=21.7110 since_improve=181
t=70494ms iter=1668 WAIST cost=19.0000 best_alt=15.0000 gap=4.0000 tried=5 sep_labels=15 clique_frac=0.05
t=70514ms iter=1668 REBUILD reject new_tc=21.9177 (was 21.7130)
t=70535ms iter=1668 incumb=21.7130 ratchet=22.3017 best=21.7110 since_improve=182
t=70536ms iter=1669 WAIST cost=19.0000 best_alt=15.0000 gap=4.0000 tried=5 sep_labels=15 clique_frac=0.05
t=70555ms iter=1669 REBUILD reject new_tc=22.0560 (was 21.7130)
t=70576ms iter=1669 incumb=21.7130 ratchet=21.7669 best=21.7110 since_improve=183
t=70578ms iter=1670 WAIST cost=19.0000 best_alt=15.0000 gap=4.0000 tried=5 sep_labels=15 clique_frac=0.05
t=70597ms iter=1670 REBUILD reject new_tc=22.1398 (was 21.7130)
t=70618ms iter=1670 incumb=21.7130 ratchet=21.9309 best=21.7110 since_improve=184
t=70619ms iter=1671 WAIST cost=19.0000 best_alt=15.0000 gap=4.0000 tried=5 sep_labels=15 clique_frac=0.05
t=70639ms iter=1671 REBUILD reject new_tc=22.1107 (was 21.7130)
t=70660ms iter=1671 incumb=21.7130 ratchet=21.7530 best=21.7110 since_improve=185
t=70662ms iter=1672 WAIST cost=19.0000 best_alt=15.0000 gap=4.0000 tried=5 sep_labels=15 clique_frac=0.05
t=70681ms iter=1672 REBUILD reject new_tc=21.8567 (was 21.7130)
t=70702ms iter=1672 incumb=21.7130 ratchet=21.7400 best=21.7110 since_improve=186
t=70703ms iter=1673 WAIST cost=19.0000 best_alt=15.0000 gap=4.0000 tried=5 sep_labels=15 clique_frac=0.05
t=70723ms iter=1673 REBUILD reject new_tc=22.1790 (was 21.7130)
t=70744ms iter=1673 incumb=21.7130 ratchet=21.8645 best=21.7110 since_improve=187
t=70745ms iter=1674 WAIST cost=19.0000 best_alt=15.0000 gap=4.0000 tried=5 sep_labels=15 clique_frac=0.05
t=70764ms iter=1674 REBUILD reject new_tc=21.7649 (was 21.7130)
t=70786ms iter=1674 incumb=21.7130 ratchet=21.7685 best=21.7110 since_improve=188
t=70787ms iter=1675 WAIST cost=19.0000 best_alt=15.0000 gap=4.0000 tried=5 sep_labels=15 clique_frac=0.05
t=70806ms iter=1675 REBUILD reject new_tc=21.8678 (was 21.7130)
t=70827ms iter=1675 incumb=21.7130 ratchet=21.7804 best=21.7110 since_improve=189
t=70829ms iter=1676 WAIST cost=19.0000 best_alt=15.0000 gap=4.0000 tried=5 sep_labels=15 clique_frac=0.05
t=70848ms iter=1676 REBUILD reject new_tc=22.1397 (was 21.7130)
t=70869ms iter=1676 incumb=21.7130 ratchet=21.7565 best=21.7110 since_improve=190
t=70870ms iter=1677 WAIST cost=19.0000 best_alt=15.0000 gap=4.0000 tried=5 sep_labels=15 clique_frac=0.05
t=70890ms iter=1677 REBUILD reject new_tc=21.9023 (was 21.7130)
t=70911ms iter=1677 incumb=21.7130 ratchet=21.7835 best=21.7110 since_improve=191
t=70912ms iter=1678 WAIST cost=19.0000 best_alt=15.0000 gap=4.0000 tried=5 sep_labels=15 clique_frac=0.05
t=70932ms iter=1678 REBUILD reject new_tc=21.8642 (was 21.7130)
t=70953ms iter=1678 incumb=21.7130 ratchet=21.9414 best=21.7110 since_improve=192
t=70954ms iter=1679 WAIST cost=19.0000 best_alt=15.0000 gap=4.0000 tried=5 sep_labels=15 clique_frac=0.05
t=70974ms iter=1679 REBUILD reject new_tc=21.8692 (was 21.7130)
t=70994ms iter=1679 incumb=21.7130 ratchet=21.8821 best=21.7110 since_improve=193
t=70996ms iter=1680 WAIST cost=19.0000 best_alt=15.0000 gap=4.0000 tried=5 sep_labels=15 clique_frac=0.05
t=71015ms iter=1680 REBUILD reject new_tc=21.9510 (was 21.7130)
t=71036ms iter=1680 incumb=21.7130 ratchet=21.8913 best=21.7110 since_improve=194
t=71037ms iter=1681 WAIST cost=19.0000 best_alt=15.0000 gap=4.0000 tried=5 sep_labels=15 clique_frac=0.05
t=71057ms iter=1681 REBUILD reject new_tc=22.2990 (was 21.7130)
t=71078ms iter=1681 incumb=21.7130 ratchet=21.8080 best=21.7110 since_improve=195
t=71080ms iter=1682 WAIST cost=19.0000 best_alt=15.0000 gap=4.0000 tried=5 sep_labels=15 clique_frac=0.05
t=71100ms iter=1682 REBUILD reject new_tc=21.7653 (was 21.7130)
t=71121ms iter=1682 incumb=21.7130 ratchet=21.7939 best=21.7110 since_improve=196
t=71122ms iter=1683 WAIST cost=19.0000 best_alt=15.0000 gap=4.0000 tried=5 sep_labels=15 clique_frac=0.05
t=71142ms iter=1683 REBUILD reject new_tc=22.0406 (was 21.7130)
t=71163ms iter=1683 incumb=21.7130 ratchet=22.0109 best=21.7110 since_improve=197
t=71164ms iter=1684 WAIST cost=19.0000 best_alt=15.0000 gap=4.0000 tried=5 sep_labels=15 clique_frac=0.05
t=71184ms iter=1684 REBUILD reject new_tc=22.0259 (was 21.7130)
t=71204ms iter=1684 incumb=21.7130 ratchet=21.9756 best=21.7110 since_improve=198
t=71206ms iter=1685 WAIST cost=19.0000 best_alt=15.0000 gap=4.0000 tried=5 sep_labels=15 clique_frac=0.05
t=71225ms iter=1685 REBUILD reject new_tc=21.8705 (was 21.7130)
t=71246ms iter=1685 incumb=21.7130 ratchet=21.8306 best=21.7110 since_improve=199
t=71248ms iter=1686 WAIST cost=19.0000 best_alt=15.0000 gap=4.0000 tried=5 sep_labels=15 clique_frac=0.05
t=71267ms iter=1686 REBUILD reject new_tc=21.8657 (was 21.7130)
t=71289ms iter=1686 incumb=21.7130 ratchet=21.7402 best=21.7110 since_improve=200
t=71290ms iter=1687 WAIST cost=19.0000 best_alt=15.0000 gap=4.0000 tried=5 sep_labels=15 clique_frac=0.05
t=71310ms iter=1687 REBUILD reject new_tc=21.9166 (was 21.7130)
t=71330ms iter=1687 incumb=21.7130 ratchet=21.7425 best=21.7110 since_improve=201
t=71331ms iter=1688 WAIST cost=19.0000 best_alt=15.0000 gap=4.0000 tried=5 sep_labels=15 clique_frac=0.05
t=71351ms iter=1688 REBUILD reject new_tc=21.8078 (was 21.7130)
t=71373ms iter=1688 incumb=21.7130 ratchet=21.8284 best=21.7110 since_improve=202
t=71374ms iter=1689 WAIST cost=19.0000 best_alt=15.0000 gap=4.0000 tried=5 sep_labels=15 clique_frac=0.05
t=71394ms iter=1689 REBUILD reject new_tc=21.7862 (was 21.7130)
t=71415ms iter=1689 incumb=21.7130 ratchet=21.8581 best=21.7110 since_improve=203
t=71417ms iter=1690 WAIST cost=19.0000 best_alt=15.0000 gap=4.0000 tried=5 sep_labels=15 clique_frac=0.05
t=71436ms iter=1690 REBUILD reject new_tc=21.9038 (was 21.7130)
t=71457ms iter=1690 incumb=21.7130 ratchet=21.8327 best=21.7110 since_improve=204
t=71458ms iter=1691 WAIST cost=19.0000 best_alt=15.0000 gap=4.0000 tried=5 sep_labels=15 clique_frac=0.05
t=71478ms iter=1691 REBUILD reject new_tc=22.4174 (was 21.7130)
t=71498ms iter=1691 incumb=21.7130 ratchet=21.7549 best=21.7110 since_improve=205
t=71500ms iter=1692 WAIST cost=19.0000 best_alt=15.0000 gap=4.0000 tried=5 sep_labels=15 clique_frac=0.05
t=71519ms iter=1692 REBUILD reject new_tc=22.0993 (was 21.7130)
t=71540ms iter=1692 incumb=21.7130 ratchet=21.8569 best=21.7110 since_improve=206
t=71541ms iter=1693 WAIST cost=19.0000 best_alt=15.0000 gap=4.0000 tried=5 sep_labels=15 clique_frac=0.05
t=71561ms iter=1693 REBUILD reject new_tc=22.0696 (was 21.7130)
t=71581ms iter=1693 incumb=21.7130 ratchet=21.7248 best=21.7110 since_improve=207
t=71583ms iter=1694 WAIST cost=19.0000 best_alt=15.0000 gap=4.0000 tried=5 sep_labels=15 clique_frac=0.05
t=71602ms iter=1694 REBUILD reject new_tc=21.8699 (was 21.7130)
t=71623ms iter=1694 incumb=21.7130 ratchet=21.8906 best=21.7110 since_improve=208
t=71624ms iter=1695 WAIST cost=19.0000 best_alt=15.0000 gap=4.0000 tried=5 sep_labels=15 clique_frac=0.05
t=71644ms iter=1695 REBUILD reject new_tc=21.9521 (was 21.7130)
t=71665ms iter=1695 incumb=21.7130 ratchet=21.7794 best=21.7110 since_improve=209
t=71666ms iter=1696 WAIST cost=19.0000 best_alt=15.0000 gap=4.0000 tried=5 sep_labels=15 clique_frac=0.05
t=71686ms iter=1696 REBUILD reject new_tc=21.9180 (was 21.7130)
t=71707ms iter=1696 incumb=21.7130 ratchet=21.9232 best=21.7110 since_improve=210
t=71709ms iter=1697 WAIST cost=19.0000 best_alt=15.0000 gap=4.0000 tried=5 sep_labels=15 clique_frac=0.05
t=71728ms iter=1697 REBUILD reject new_tc=21.9580 (was 21.7130)
t=71749ms iter=1697 incumb=21.7130 ratchet=21.8997 best=21.7110 since_improve=211
t=71750ms iter=1698 WAIST cost=19.0000 best_alt=15.0000 gap=4.0000 tried=5 sep_labels=15 clique_frac=0.05
t=71769ms iter=1698 REBUILD reject new_tc=22.0972 (was 21.7130)
t=71790ms iter=1698 incumb=21.7130 ratchet=21.7691 best=21.7110 since_improve=212
t=71791ms iter=1699 WAIST cost=19.0000 best_alt=15.0000 gap=4.0000 tried=5 sep_labels=15 clique_frac=0.05
t=71810ms iter=1699 REBUILD reject new_tc=22.3868 (was 21.7130)
t=71831ms iter=1699 incumb=21.7130 ratchet=21.7426 best=21.7110 since_improve=213
t=71832ms iter=1700 WAIST cost=19.0000 best_alt=15.0000 gap=4.0000 tried=5 sep_labels=15 clique_frac=0.05
t=71851ms iter=1700 REBUILD reject new_tc=22.1829 (was 21.7130)
t=71872ms iter=1700 incumb=21.7130 ratchet=21.8618 best=21.7110 since_improve=214
t=71874ms iter=1701 WAIST cost=19.0000 best_alt=15.0000 gap=4.0000 tried=5 sep_labels=15 clique_frac=0.05
t=71893ms iter=1701 REBUILD reject new_tc=21.9280 (was 21.7130)
t=71914ms iter=1701 incumb=21.7130 ratchet=21.8209 best=21.7110 since_improve=215
t=71916ms iter=1702 WAIST cost=19.0000 best_alt=15.0000 gap=4.0000 tried=5 sep_labels=15 clique_frac=0.05
t=71935ms iter=1702 REBUILD reject new_tc=21.9044 (was 21.7130)
t=71956ms iter=1702 incumb=21.7130 ratchet=21.8844 best=21.7110 since_improve=216
t=71958ms iter=1703 WAIST cost=19.0000 best_alt=15.0000 gap=4.0000 tried=5 sep_labels=15 clique_frac=0.05
t=71977ms iter=1703 REBUILD reject new_tc=21.8800 (was 21.7130)
t=71997ms iter=1703 incumb=21.7130 ratchet=21.7820 best=21.7110 since_improve=217
t=71999ms iter=1704 WAIST cost=19.0000 best_alt=15.0000 gap=4.0000 tried=5 sep_labels=15 clique_frac=0.05
t=72019ms iter=1704 REBUILD reject new_tc=21.9859 (was 21.7130)
t=72040ms iter=1704 incumb=21.7130 ratchet=21.9643 best=21.7110 since_improve=218
t=72041ms iter=1705 WAIST cost=19.0000 best_alt=15.0000 gap=4.0000 tried=5 sep_labels=15 clique_frac=0.05
t=72060ms iter=1705 REBUILD reject new_tc=21.8305 (was 21.7130)
t=72081ms iter=1705 incumb=21.7130 ratchet=21.8819 best=21.7110 since_improve=219
t=72083ms iter=1706 WAIST cost=19.0000 best_alt=15.0000 gap=4.0000 tried=5 sep_labels=15 clique_frac=0.05
t=72102ms iter=1706 REBUILD reject new_tc=21.8711 (was 21.7130)
t=72123ms iter=1706 incumb=21.7130 ratchet=21.8791 best=21.7110 since_improve=220
t=72124ms iter=1707 WAIST cost=19.0000 best_alt=15.0000 gap=4.0000 tried=5 sep_labels=15 clique_frac=0.05
t=72144ms iter=1707 REBUILD reject new_tc=22.1776 (was 21.7130)
t=72165ms iter=1707 incumb=21.7130 ratchet=21.8954 best=21.7110 since_improve=221
t=72166ms iter=1708 WAIST cost=19.0000 best_alt=15.0000 gap=4.0000 tried=5 sep_labels=15 clique_frac=0.05
t=72186ms iter=1708 REBUILD reject new_tc=22.0313 (was 21.7130)
t=72206ms iter=1708 incumb=21.7130 ratchet=21.7395 best=21.7110 since_improve=222
t=72208ms iter=1709 WAIST cost=19.0000 best_alt=15.0000 gap=4.0000 tried=5 sep_labels=15 clique_frac=0.05
t=72227ms iter=1709 REBUILD reject new_tc=22.1196 (was 21.7130)
t=72248ms iter=1709 incumb=21.7130 ratchet=22.2375 best=21.7110 since_improve=223
t=72250ms iter=1710 WAIST cost=19.0000 best_alt=15.0000 gap=4.0000 tried=5 sep_labels=15 clique_frac=0.05
t=72269ms iter=1710 REBUILD reject new_tc=21.8846 (was 21.7130)
t=72290ms iter=1710 incumb=21.7130 ratchet=21.7833 best=21.7110 since_improve=224
t=72292ms iter=1711 WAIST cost=19.0000 best_alt=15.0000 gap=4.0000 tried=5 sep_labels=15 clique_frac=0.05
t=72311ms iter=1711 REBUILD reject new_tc=21.8703 (was 21.7130)
t=72332ms iter=1711 incumb=21.7130 ratchet=22.1699 best=21.7110 since_improve=225
t=72333ms iter=1712 WAIST cost=19.0000 best_alt=15.0000 gap=4.0000 tried=5 sep_labels=15 clique_frac=0.05
t=72352ms iter=1712 REBUILD reject new_tc=22.1766 (was 21.7130)
t=72374ms iter=1712 incumb=21.7130 ratchet=21.8320 best=21.7110 since_improve=226
t=72375ms iter=1713 WAIST cost=19.0000 best_alt=15.0000 gap=4.0000 tried=5 sep_labels=15 clique_frac=0.05
t=72395ms iter=1713 REBUILD reject new_tc=21.8677 (was 21.7130)
t=72416ms iter=1713 incumb=21.7130 ratchet=21.8066 best=21.7110 since_improve=227
t=72418ms iter=1714 WAIST cost=19.0000 best_alt=15.0000 gap=4.0000 tried=5 sep_labels=15 clique_frac=0.05
t=72437ms iter=1714 REBUILD reject new_tc=21.8690 (was 21.7130)
t=72458ms iter=1714 incumb=21.7130 ratchet=21.7496 best=21.7110 since_improve=228
t=72459ms iter=1715 WAIST cost=19.0000 best_alt=15.0000 gap=4.0000 tried=5 sep_labels=15 clique_frac=0.05
t=72478ms iter=1715 REBUILD reject new_tc=21.9522 (was 21.7130)
t=72499ms iter=1715 incumb=21.7130 ratchet=21.7942 best=21.7110 since_improve=229
t=72500ms iter=1716 WAIST cost=19.0000 best_alt=15.0000 gap=4.0000 tried=5 sep_labels=15 clique_frac=0.05
t=72519ms iter=1716 REBUILD reject new_tc=21.9666 (was 21.7130)
t=72540ms iter=1716 incumb=21.7130 ratchet=21.7501 best=21.7110 since_improve=230
t=72542ms iter=1717 WAIST cost=19.0000 best_alt=15.0000 gap=4.0000 tried=5 sep_labels=15 clique_frac=0.05
t=72561ms iter=1717 REBUILD reject new_tc=22.1818 (was 21.7130)
t=72582ms iter=1717 incumb=21.7130 ratchet=21.9585 best=21.7110 since_improve=231
t=72584ms iter=1718 WAIST cost=19.0000 best_alt=15.0000 gap=4.0000 tried=5 sep_labels=15 clique_frac=0.05
t=72603ms iter=1718 REBUILD reject new_tc=21.8706 (was 21.7130)
t=72624ms iter=1718 incumb=21.7130 ratchet=21.9428 best=21.7110 since_improve=232
t=72626ms iter=1719 WAIST cost=19.0000 best_alt=15.0000 gap=4.0000 tried=5 sep_labels=15 clique_frac=0.05
t=72645ms iter=1719 REBUILD reject new_tc=21.9525 (was 21.7130)
t=72666ms iter=1719 incumb=21.7130 ratchet=21.8598 best=21.7110 since_improve=233
t=72668ms iter=1720 WAIST cost=19.0000 best_alt=15.0000 gap=4.0000 tried=5 sep_labels=15 clique_frac=0.05
t=72687ms iter=1720 REBUILD reject new_tc=22.2470 (was 21.7130)
t=72708ms iter=1720 incumb=21.7130 ratchet=21.8473 best=21.7110 since_improve=234
t=72710ms iter=1721 WAIST cost=19.0000 best_alt=15.0000 gap=4.0000 tried=5 sep_labels=15 clique_frac=0.05
t=72729ms iter=1721 REBUILD reject new_tc=21.7650 (was 21.7130)
t=72750ms iter=1721 incumb=21.7130 ratchet=21.7806 best=21.7110 since_improve=235
t=72752ms iter=1722 WAIST cost=19.0000 best_alt=15.0000 gap=4.0000 tried=5 sep_labels=15 clique_frac=0.05
t=72771ms iter=1722 REBUILD reject new_tc=22.2690 (was 21.7130)
t=72792ms iter=1722 incumb=21.7130 ratchet=21.9036 best=21.7110 since_improve=236
t=72794ms iter=1723 WAIST cost=19.0000 best_alt=15.0000 gap=4.0000 tried=5 sep_labels=15 clique_frac=0.05
t=72813ms iter=1723 REBUILD reject new_tc=21.9268 (was 21.7130)
t=72834ms iter=1723 incumb=21.7130 ratchet=21.7939 best=21.7110 since_improve=237
t=72836ms iter=1724 WAIST cost=19.0000 best_alt=15.0000 gap=4.0000 tried=5 sep_labels=15 clique_frac=0.05
t=72855ms iter=1724 REBUILD reject new_tc=22.2477 (was 21.7130)
t=72877ms iter=1724 incumb=21.7130 ratchet=21.7538 best=21.7110 since_improve=238
t=72878ms iter=1725 WAIST cost=19.0000 best_alt=15.0000 gap=4.0000 tried=5 sep_labels=15 clique_frac=0.05
t=72897ms iter=1725 REBUILD reject new_tc=21.8895 (was 21.7130)
t=72919ms iter=1725 incumb=21.7130 ratchet=21.9891 best=21.7110 since_improve=239
t=72921ms iter=1726 WAIST cost=19.0000 best_alt=15.0000 gap=4.0000 tried=5 sep_labels=15 clique_frac=0.05
t=72940ms iter=1726 REBUILD reject new_tc=21.8665 (was 21.7130)
t=72961ms iter=1726 incumb=21.7130 ratchet=21.8844 best=21.7110 since_improve=240
t=72962ms iter=1727 WAIST cost=19.0000 best_alt=15.0000 gap=4.0000 tried=5 sep_labels=15 clique_frac=0.05
t=72982ms iter=1727 REBUILD reject new_tc=21.9532 (was 21.7130)
t=73003ms iter=1727 incumb=21.7130 ratchet=21.9993 best=21.7110 since_improve=241
t=73004ms iter=1728 WAIST cost=19.0000 best_alt=15.0000 gap=4.0000 tried=5 sep_labels=15 clique_frac=0.05
t=73023ms iter=1728 REBUILD reject new_tc=21.9497 (was 21.7130)
t=73044ms iter=1728 incumb=21.7130 ratchet=21.9305 best=21.7110 since_improve=242
t=73046ms iter=1729 WAIST cost=19.0000 best_alt=15.0000 gap=4.0000 tried=5 sep_labels=15 clique_frac=0.05
t=73065ms iter=1729 REBUILD reject new_tc=21.9607 (was 21.7130)
t=73086ms iter=1729 incumb=21.7130 ratchet=21.7910 best=21.7110 since_improve=243
t=73088ms iter=1730 WAIST cost=19.0000 best_alt=15.0000 gap=4.0000 tried=5 sep_labels=15 clique_frac=0.05
t=73107ms iter=1730 REBUILD reject new_tc=22.0152 (was 21.7130)
t=73129ms iter=1730 incumb=21.7130 ratchet=21.8863 best=21.7110 since_improve=244
t=73130ms iter=1731 WAIST cost=19.0000 best_alt=15.0000 gap=4.0000 tried=5 sep_labels=15 clique_frac=0.05
t=73150ms iter=1731 REBUILD reject new_tc=22.1162 (was 21.7130)
t=73171ms iter=1731 incumb=21.7130 ratchet=21.8373 best=21.7110 since_improve=245
t=73172ms iter=1732 WAIST cost=19.0000 best_alt=15.0000 gap=4.0000 tried=5 sep_labels=15 clique_frac=0.05
t=73192ms iter=1732 REBUILD reject new_tc=21.7790 (was 21.7130)
t=73213ms iter=1732 incumb=21.7130 ratchet=21.9882 best=21.7110 since_improve=246
t=73215ms iter=1733 WAIST cost=19.0000 best_alt=15.0000 gap=4.0000 tried=5 sep_labels=15 clique_frac=0.05
t=73234ms iter=1733 REBUILD reject new_tc=21.8550 (was 21.7130)
t=73255ms iter=1733 incumb=21.7130 ratchet=21.8443 best=21.7110 since_improve=247
t=73257ms iter=1734 WAIST cost=19.0000 best_alt=15.0000 gap=4.0000 tried=5 sep_labels=15 clique_frac=0.05
t=73276ms iter=1734 REBUILD reject new_tc=21.8210 (was 21.7130)
t=73297ms iter=1734 incumb=21.7130 ratchet=21.8562 best=21.7110 since_improve=248
t=73299ms iter=1735 WAIST cost=19.0000 best_alt=15.0000 gap=4.0000 tried=5 sep_labels=15 clique_frac=0.05
t=73318ms iter=1735 REBUILD reject new_tc=21.9512 (was 21.7130)
t=73340ms iter=1735 incumb=21.7130 ratchet=21.7930 best=21.7110 since_improve=249
t=73341ms iter=1736 WAIST cost=19.0000 best_alt=15.0000 gap=4.0000 tried=5 sep_labels=15 clique_frac=0.05
t=73361ms iter=1736 REBUILD reject new_tc=21.9724 (was 21.7130)
t=73382ms iter=1736 incumb=21.7130 ratchet=22.1297 best=21.7110 since_improve=250
t=73383ms iter=1737 WAIST cost=19.0000 best_alt=15.0000 gap=4.0000 tried=5 sep_labels=15 clique_frac=0.05
t=73403ms iter=1737 REBUILD reject new_tc=21.9525 (was 21.7130)
t=73424ms iter=1737 incumb=21.7130 ratchet=21.8037 best=21.7110 since_improve=251
t=73426ms iter=1738 WAIST cost=19.0000 best_alt=15.0000 gap=4.0000 tried=5 sep_labels=15 clique_frac=0.05
t=73445ms iter=1738 REBUILD reject new_tc=21.8661 (was 21.7130)
t=73466ms iter=1738 incumb=21.7130 ratchet=21.8162 best=21.7110 since_improve=252
t=73468ms iter=1739 WAIST cost=19.0000 best_alt=15.0000 gap=4.0000 tried=5 sep_labels=15 clique_frac=0.05
t=73487ms iter=1739 REBUILD reject new_tc=22.0987 (was 21.7130)
t=73508ms iter=1739 incumb=21.7130 ratchet=21.7657 best=21.7110 since_improve=253
t=73510ms iter=1740 WAIST cost=19.0000 best_alt=15.0000 gap=4.0000 tried=5 sep_labels=15 clique_frac=0.05
t=73529ms iter=1740 REBUILD reject new_tc=21.9071 (was 21.7130)
t=73550ms iter=1740 incumb=21.7130 ratchet=21.9415 best=21.7110 since_improve=254
t=73551ms iter=1741 WAIST cost=19.0000 best_alt=15.0000 gap=4.0000 tried=5 sep_labels=15 clique_frac=0.05
t=73571ms iter=1741 REBUILD reject new_tc=21.8502 (was 21.7130)
t=73592ms iter=1741 incumb=21.7130 ratchet=21.9425 best=21.7110 since_improve=255
t=73593ms iter=1742 WAIST cost=19.0000 best_alt=15.0000 gap=4.0000 tried=5 sep_labels=15 clique_frac=0.05
t=73613ms iter=1742 REBUILD reject new_tc=21.8708 (was 21.7130)
t=73634ms iter=1742 incumb=21.7130 ratchet=21.7660 best=21.7110 since_improve=256
t=73635ms iter=1743 WAIST cost=19.0000 best_alt=15.0000 gap=4.0000 tried=5 sep_labels=15 clique_frac=0.05
t=73655ms iter=1743 REBUILD reject new_tc=21.9509 (was 21.7130)
t=73676ms iter=1743 incumb=21.7130 ratchet=21.7542 best=21.7110 since_improve=257
t=73677ms iter=1744 WAIST cost=19.0000 best_alt=15.0000 gap=4.0000 tried=5 sep_labels=15 clique_frac=0.05
t=73696ms iter=1744 REBUILD reject new_tc=21.9533 (was 21.7130)
t=73717ms iter=1744 incumb=21.7130 ratchet=21.8307 best=21.7110 since_improve=258
t=73719ms iter=1745 WAIST cost=19.0000 best_alt=15.0000 gap=4.0000 tried=5 sep_labels=15 clique_frac=0.05
t=73738ms iter=1745 REBUILD reject new_tc=21.9521 (was 21.7130)
t=73759ms iter=1745 incumb=21.7130 ratchet=21.8528 best=21.7110 since_improve=259
t=73761ms iter=1746 WAIST cost=19.0000 best_alt=15.0000 gap=4.0000 tried=5 sep_labels=15 clique_frac=0.05
t=73780ms iter=1746 REBUILD reject new_tc=22.1943 (was 21.7130)
t=73801ms iter=1746 incumb=21.7130 ratchet=21.8077 best=21.7110 since_improve=260
t=73803ms iter=1747 WAIST cost=19.0000 best_alt=15.0000 gap=4.0000 tried=5 sep_labels=15 clique_frac=0.05
t=73822ms iter=1747 REBUILD reject new_tc=21.9190 (was 21.7130)
t=73843ms iter=1747 incumb=21.7130 ratchet=21.8970 best=21.7110 since_improve=261
t=73844ms iter=1748 WAIST cost=19.0000 best_alt=15.0000 gap=4.0000 tried=5 sep_labels=15 clique_frac=0.05
t=73864ms iter=1748 REBUILD reject new_tc=21.9529 (was 21.7130)
t=73884ms iter=1748 incumb=21.7130 ratchet=21.7528 best=21.7110 since_improve=262
t=73886ms iter=1749 WAIST cost=19.0000 best_alt=15.0000 gap=4.0000 tried=5 sep_labels=15 clique_frac=0.05
t=73905ms iter=1749 REBUILD reject new_tc=21.7657 (was 21.7130)
t=73926ms iter=1749 incumb=21.7130 ratchet=21.7911 best=21.7110 since_improve=263
t=73927ms iter=1750 WAIST cost=19.0000 best_alt=15.0000 gap=4.0000 tried=5 sep_labels=15 clique_frac=0.05
t=73947ms iter=1750 REBUILD reject new_tc=21.9272 (was 21.7130)
t=73968ms iter=1750 incumb=21.7130 ratchet=21.7141 best=21.7110 since_improve=264
t=73970ms iter=1751 WAIST cost=19.0000 best_alt=15.0000 gap=4.0000 tried=5 sep_labels=15 clique_frac=0.05
t=73989ms iter=1751 REBUILD reject new_tc=21.8697 (was 21.7130)
t=74010ms iter=1751 incumb=21.7130 ratchet=21.8823 best=21.7110 since_improve=265
t=74012ms iter=1752 WAIST cost=19.0000 best_alt=15.0000 gap=4.0000 tried=5 sep_labels=15 clique_frac=0.05
t=74031ms iter=1752 REBUILD reject new_tc=21.9644 (was 21.7130)
t=74052ms iter=1752 incumb=21.7130 ratchet=21.8511 best=21.7110 since_improve=266
t=74053ms iter=1753 WAIST cost=19.0000 best_alt=15.0000 gap=4.0000 tried=5 sep_labels=15 clique_frac=0.05
t=74073ms iter=1753 REBUILD reject new_tc=21.9516 (was 21.7130)
t=74094ms iter=1753 incumb=21.7130 ratchet=21.7627 best=21.7110 since_improve=267
t=74095ms iter=1754 WAIST cost=19.0000 best_alt=15.0000 gap=4.0000 tried=5 sep_labels=15 clique_frac=0.05
t=74114ms iter=1754 REBUILD reject new_tc=22.1967 (was 21.7130)
t=74135ms iter=1754 incumb=21.7130 ratchet=21.8819 best=21.7110 since_improve=268
t=74137ms iter=1755 WAIST cost=19.0000 best_alt=15.0000 gap=4.0000 tried=5 sep_labels=15 clique_frac=0.05
t=74156ms iter=1755 REBUILD reject new_tc=22.0965 (was 21.7130)
t=74177ms iter=1755 incumb=21.7130 ratchet=21.8421 best=21.7110 since_improve=269
t=74179ms iter=1756 WAIST cost=19.0000 best_alt=15.0000 gap=4.0000 tried=5 sep_labels=15 clique_frac=0.05
t=74198ms iter=1756 REBUILD reject new_tc=21.8700 (was 21.7130)
t=74219ms iter=1756 incumb=21.7130 ratchet=21.7987 best=21.7110 since_improve=270
t=74221ms iter=1757 WAIST cost=19.0000 best_alt=15.0000 gap=4.0000 tried=5 sep_labels=15 clique_frac=0.05
t=74240ms iter=1757 REBUILD reject new_tc=22.1213 (was 21.7130)
t=74261ms iter=1757 incumb=21.7130 ratchet=21.9523 best=21.7110 since_improve=271
t=74262ms iter=1758 WAIST cost=19.0000 best_alt=15.0000 gap=4.0000 tried=5 sep_labels=15 clique_frac=0.05
t=74282ms iter=1758 REBUILD reject new_tc=22.1472 (was 21.7130)
t=74303ms iter=1758 incumb=21.7130 ratchet=21.8437 best=21.7110 since_improve=272
t=74304ms iter=1759 WAIST cost=19.0000 best_alt=15.0000 gap=4.0000 tried=5 sep_labels=15 clique_frac=0.05
t=74324ms iter=1759 REBUILD reject new_tc=22.0323 (was 21.7130)
t=74346ms iter=1759 incumb=21.7130 ratchet=21.9338 best=21.7110 since_improve=273
t=74347ms iter=1760 WAIST cost=19.0000 best_alt=15.0000 gap=4.0000 tried=5 sep_labels=15 clique_frac=0.05
t=74366ms iter=1760 REBUILD reject new_tc=22.1184 (was 21.7130)
t=74387ms iter=1760 incumb=21.7130 ratchet=21.7126 best=21.7110 since_improve=0
t=74388ms iter=1761 WAIST cost=19.0000 best_alt=15.0000 gap=4.0000 tried=5 sep_labels=15 clique_frac=0.05
t=74407ms iter=1761 REBUILD reject new_tc=22.0033 (was 21.7126)
t=74428ms iter=1761 incumb=21.7126 ratchet=21.8336 best=21.7110 since_improve=1
t=74429ms iter=1762 WAIST cost=19.0000 best_alt=15.0000 gap=4.0000 tried=5 sep_labels=15 clique_frac=0.05
t=74449ms iter=1762 REBUILD reject new_tc=22.0978 (was 21.7126)
t=74469ms iter=1762 incumb=21.7126 ratchet=22.1332 best=21.7110 since_improve=2
t=74471ms iter=1763 WAIST cost=19.0000 best_alt=15.0000 gap=4.0000 tried=5 sep_labels=15 clique_frac=0.05
t=74490ms iter=1763 REBUILD reject new_tc=22.2707 (was 21.7126)
t=74511ms iter=1763 incumb=21.7126 ratchet=22.0461 best=21.7110 since_improve=3
t=74512ms iter=1764 WAIST cost=19.0000 best_alt=15.0000 gap=4.0000 tried=5 sep_labels=15 clique_frac=0.05
t=74531ms iter=1764 REBUILD reject new_tc=22.1892 (was 21.7126)
t=74552ms iter=1764 incumb=21.7126 ratchet=21.8469 best=21.7110 since_improve=4
t=74554ms iter=1765 WAIST cost=19.0000 best_alt=15.0000 gap=4.0000 tried=5 sep_labels=15 clique_frac=0.05
t=74573ms iter=1765 REBUILD reject new_tc=21.8674 (was 21.7126)
t=74594ms iter=1765 incumb=21.7126 ratchet=21.8632 best=21.7110 since_improve=5
t=74596ms iter=1766 WAIST cost=19.0000 best_alt=15.0000 gap=4.0000 tried=5 sep_labels=15 clique_frac=0.05
t=74615ms iter=1766 REBUILD reject new_tc=21.8182 (was 21.7126)
t=74637ms iter=1766 incumb=21.7126 ratchet=22.0818 best=21.7110 since_improve=6
t=74638ms iter=1767 WAIST cost=19.0000 best_alt=15.0000 gap=4.0000 tried=5 sep_labels=15 clique_frac=0.05
t=74658ms iter=1767 REBUILD reject new_tc=21.8679 (was 21.7126)
t=74679ms iter=1767 incumb=21.7126 ratchet=21.8546 best=21.7110 since_improve=7
t=74680ms iter=1768 WAIST cost=19.0000 best_alt=15.0000 gap=4.0000 tried=5 sep_labels=15 clique_frac=0.05
t=74700ms iter=1768 REBUILD reject new_tc=22.0979 (was 21.7126)
t=74721ms iter=1768 incumb=21.7126 ratchet=21.8417 best=21.7110 since_improve=8
t=74722ms iter=1769 WAIST cost=19.0000 best_alt=15.0000 gap=4.0000 tried=5 sep_labels=15 clique_frac=0.05
t=74742ms iter=1769 REBUILD reject new_tc=21.9549 (was 21.7126)
t=74763ms iter=1769 incumb=21.7126 ratchet=21.8069 best=21.7110 since_improve=9
t=74764ms iter=1770 WAIST cost=19.0000 best_alt=15.0000 gap=4.0000 tried=5 sep_labels=15 clique_frac=0.05
t=74783ms iter=1770 REBUILD reject new_tc=21.9558 (was 21.7126)
t=74804ms iter=1770 incumb=21.7126 ratchet=22.1386 best=21.7110 since_improve=10
t=74806ms iter=1771 WAIST cost=19.0000 best_alt=15.0000 gap=4.0000 tried=5 sep_labels=15 clique_frac=0.05
t=74825ms iter=1771 REBUILD reject new_tc=21.8271 (was 21.7126)
t=74846ms iter=1771 incumb=21.7126 ratchet=21.7281 best=21.7110 since_improve=11
t=74848ms iter=1772 WAIST cost=19.0000 best_alt=15.0000 gap=4.0000 tried=5 sep_labels=15 clique_frac=0.05
t=74867ms iter=1772 REBUILD reject new_tc=22.2660 (was 21.7126)
t=74888ms iter=1772 incumb=21.7126 ratchet=21.9512 best=21.7110 since_improve=12
t=74889ms iter=1773 WAIST cost=19.0000 best_alt=15.0000 gap=4.0000 tried=5 sep_labels=15 clique_frac=0.05
t=74909ms iter=1773 REBUILD reject new_tc=22.0822 (was 21.7126)
t=74930ms iter=1773 incumb=21.7126 ratchet=21.8844 best=21.7110 since_improve=13
t=74931ms iter=1774 WAIST cost=19.0000 best_alt=15.0000 gap=4.0000 tried=5 sep_labels=15 clique_frac=0.05
t=74950ms iter=1774 REBUILD reject new_tc=22.0191 (was 21.7126)
t=74971ms iter=1774 incumb=21.7126 ratchet=21.9998 best=21.7110 since_improve=14
t=74973ms iter=1775 WAIST cost=19.0000 best_alt=15.0000 gap=4.0000 tried=5 sep_labels=15 clique_frac=0.05
t=74992ms iter=1775 REBUILD reject new_tc=21.9406 (was 21.7126)
t=75013ms iter=1775 incumb=21.7126 ratchet=21.7819 best=21.7110 since_improve=15
t=75015ms iter=1776 WAIST cost=19.0000 best_alt=15.0000 gap=4.0000 tried=5 sep_labels=15 clique_frac=0.05
t=75034ms iter=1776 REBUILD reject new_tc=21.7879 (was 21.7126)
t=75055ms iter=1776 incumb=21.7126 ratchet=21.9073 best=21.7110 since_improve=16
t=75057ms iter=1777 WAIST cost=19.0000 best_alt=15.0000 gap=4.0000 tried=5 sep_labels=15 clique_frac=0.05
t=75076ms iter=1777 REBUILD reject new_tc=22.2606 (was 21.7126)
t=75098ms iter=1777 incumb=21.7126 ratchet=21.8960 best=21.7110 since_improve=17
t=75099ms iter=1778 WAIST cost=19.0000 best_alt=15.0000 gap=4.0000 tried=5 sep_labels=15 clique_frac=0.05
t=75119ms iter=1778 REBUILD reject new_tc=21.8857 (was 21.7126)
t=75140ms iter=1778 incumb=21.7126 ratchet=22.1561 best=21.7110 since_improve=18
t=75142ms iter=1779 WAIST cost=19.0000 best_alt=15.0000 gap=4.0000 tried=5 sep_labels=15 clique_frac=0.05
t=75161ms iter=1779 REBUILD reject new_tc=21.8825 (was 21.7126)
t=75182ms iter=1779 incumb=21.7126 ratchet=21.8099 best=21.7110 since_improve=19
t=75184ms iter=1780 WAIST cost=19.0000 best_alt=15.0000 gap=4.0000 tried=5 sep_labels=15 clique_frac=0.05
t=75203ms iter=1780 REBUILD reject new_tc=22.0074 (was 21.7126)
t=75224ms iter=1780 incumb=21.7126 ratchet=21.7477 best=21.7110 since_improve=20
t=75225ms iter=1781 WAIST cost=19.0000 best_alt=15.0000 gap=4.0000 tried=5 sep_labels=15 clique_frac=0.05
t=75245ms iter=1781 REBUILD reject new_tc=21.8564 (was 21.7126)
t=75265ms iter=1781 incumb=21.7126 ratchet=21.8016 best=21.7110 since_improve=21
t=75267ms iter=1782 WAIST cost=19.0000 best_alt=15.0000 gap=4.0000 tried=5 sep_labels=15 clique_frac=0.05
t=75286ms iter=1782 REBUILD reject new_tc=22.1766 (was 21.7126)
t=75307ms iter=1782 incumb=21.7126 ratchet=21.9802 best=21.7110 since_improve=22
t=75308ms iter=1783 WAIST cost=19.0000 best_alt=15.0000 gap=4.0000 tried=5 sep_labels=15 clique_frac=0.05
t=75328ms iter=1783 REBUILD reject new_tc=21.8773 (was 21.7126)
t=75349ms iter=1783 incumb=21.7126 ratchet=22.0268 best=21.7110 since_improve=23
t=75350ms iter=1784 WAIST cost=19.0000 best_alt=15.0000 gap=4.0000 tried=5 sep_labels=15 clique_frac=0.05
t=75370ms iter=1784 REBUILD reject new_tc=21.9523 (was 21.7126)
t=75390ms iter=1784 incumb=21.7126 ratchet=21.7270 best=21.7110 since_improve=24
t=75392ms iter=1785 WAIST cost=19.0000 best_alt=15.0000 gap=4.0000 tried=5 sep_labels=15 clique_frac=0.05
t=75411ms iter=1785 REBUILD reject new_tc=22.0964 (was 21.7126)
t=75432ms iter=1785 incumb=21.7126 ratchet=22.0284 best=21.7110 since_improve=25
t=75433ms iter=1786 WAIST cost=19.0000 best_alt=15.0000 gap=4.0000 tried=5 sep_labels=15 clique_frac=0.05
t=75452ms iter=1786 REBUILD reject new_tc=21.9520 (was 21.7126)
t=75474ms iter=1786 incumb=21.7126 ratchet=21.8712 best=21.7110 since_improve=26
t=75475ms iter=1787 WAIST cost=19.0000 best_alt=15.0000 gap=4.0000 tried=5 sep_labels=15 clique_frac=0.05
t=75495ms iter=1787 REBUILD reject new_tc=21.9524 (was 21.7126)
t=75515ms iter=1787 incumb=21.7126 ratchet=21.8811 best=21.7110 since_improve=27
t=75517ms iter=1788 WAIST cost=19.0000 best_alt=15.0000 gap=4.0000 tried=5 sep_labels=15 clique_frac=0.05
t=75536ms iter=1788 REBUILD reject new_tc=22.0314 (was 21.7126)
t=75557ms iter=1788 incumb=21.7126 ratchet=21.7529 best=21.7110 since_improve=28
t=75559ms iter=1789 WAIST cost=19.0000 best_alt=15.0000 gap=4.0000 tried=5 sep_labels=15 clique_frac=0.05
t=75578ms iter=1789 REBUILD reject new_tc=22.1474 (was 21.7126)
t=75599ms iter=1789 incumb=21.7126 ratchet=21.8618 best=21.7110 since_improve=29
t=75601ms iter=1790 WAIST cost=19.0000 best_alt=15.0000 gap=4.0000 tried=5 sep_labels=15 clique_frac=0.05
t=75620ms iter=1790 REBUILD reject new_tc=21.8186 (was 21.7126)
t=75641ms iter=1790 incumb=21.7126 ratchet=21.9656 best=21.7110 since_improve=30
t=75643ms iter=1791 WAIST cost=19.0000 best_alt=15.0000 gap=4.0000 tried=5 sep_labels=15 clique_frac=0.05
t=75662ms iter=1791 REBUILD reject new_tc=21.9064 (was 21.7126)
t=75683ms iter=1791 incumb=21.7126 ratchet=21.8463 best=21.7110 since_improve=31
t=75685ms iter=1792 WAIST cost=19.0000 best_alt=15.0000 gap=4.0000 tried=5 sep_labels=15 clique_frac=0.05
t=75704ms iter=1792 REBUILD reject new_tc=21.9685 (was 21.7126)
t=75725ms iter=1792 incumb=21.7126 ratchet=21.9389 best=21.7110 since_improve=32
t=75726ms iter=1793 WAIST cost=19.0000 best_alt=15.0000 gap=4.0000 tried=5 sep_labels=15 clique_frac=0.05
t=75746ms iter=1793 REBUILD reject new_tc=22.1856 (was 21.7126)
t=75767ms iter=1793 incumb=21.7126 ratchet=21.8068 best=21.7110 since_improve=33
t=75768ms iter=1794 WAIST cost=19.0000 best_alt=15.0000 gap=4.0000 tried=5 sep_labels=15 clique_frac=0.05
t=75788ms iter=1794 REBUILD reject new_tc=21.7685 (was 21.7126)
t=75809ms iter=1794 incumb=21.7126 ratchet=21.7339 best=21.7110 since_improve=34
t=75810ms iter=1795 WAIST cost=19.0000 best_alt=15.0000 gap=4.0000 tried=5 sep_labels=15 clique_frac=0.05
t=75830ms iter=1795 REBUILD reject new_tc=22.0050 (was 21.7126)
t=75851ms iter=1795 incumb=21.7126 ratchet=21.7958 best=21.7110 since_improve=35
t=75853ms iter=1796 WAIST cost=19.0000 best_alt=15.0000 gap=4.0000 tried=5 sep_labels=15 clique_frac=0.05
t=75872ms iter=1796 REBUILD reject new_tc=22.1168 (was 21.7126)
t=75893ms iter=1796 incumb=21.7126 ratchet=21.7944 best=21.7110 since_improve=36
t=75895ms iter=1797 WAIST cost=19.0000 best_alt=15.0000 gap=4.0000 tried=5 sep_labels=15 clique_frac=0.05
t=75915ms iter=1797 REBUILD reject new_tc=22.0435 (was 21.7126)
t=75936ms iter=1797 incumb=21.7126 ratchet=22.0682 best=21.7110 since_improve=37
t=75937ms iter=1798 WAIST cost=19.0000 best_alt=15.0000 gap=4.0000 tried=5 sep_labels=15 clique_frac=0.05
t=75957ms iter=1798 REBUILD reject new_tc=21.8995 (was 21.7126)
t=75978ms iter=1798 incumb=21.7126 ratchet=21.8449 best=21.7110 since_improve=38
t=75979ms iter=1799 WAIST cost=19.0000 best_alt=15.0000 gap=4.0000 tried=5 sep_labels=15 clique_frac=0.05
t=75998ms iter=1799 REBUILD reject new_tc=21.7793 (was 21.7126)
t=76020ms iter=1799 incumb=21.7126 ratchet=21.9389 best=21.7110 since_improve=39
t=76021ms iter=1800 WAIST cost=19.0000 best_alt=15.0000 gap=4.0000 tried=5 sep_labels=15 clique_frac=0.05
t=76041ms iter=1800 REBUILD reject new_tc=21.8118 (was 21.7126)
t=76062ms iter=1800 incumb=21.7126 ratchet=21.8814 best=21.7110 since_improve=40
t=76063ms iter=1801 WAIST cost=19.0000 best_alt=15.0000 gap=4.0000 tried=5 sep_labels=15 clique_frac=0.05
t=76083ms iter=1801 REBUILD reject new_tc=22.2700 (was 21.7126)
t=76103ms iter=1801 incumb=21.7126 ratchet=21.9878 best=21.7110 since_improve=41
t=76105ms iter=1802 WAIST cost=19.0000 best_alt=15.0000 gap=4.0000 tried=5 sep_labels=15 clique_frac=0.05
t=76124ms iter=1802 REBUILD reject new_tc=21.9829 (was 21.7126)
t=76145ms iter=1802 incumb=21.7126 ratchet=21.7458 best=21.7110 since_improve=42
t=76147ms iter=1803 WAIST cost=19.0000 best_alt=15.0000 gap=4.0000 tried=5 sep_labels=15 clique_frac=0.05
t=76166ms iter=1803 REBUILD reject new_tc=22.0330 (was 21.7126)
t=76187ms iter=1803 incumb=21.7126 ratchet=21.9672 best=21.7110 since_improve=43
t=76189ms iter=1804 WAIST cost=19.0000 best_alt=15.0000 gap=4.0000 tried=5 sep_labels=15 clique_frac=0.05
t=76208ms iter=1804 REBUILD reject new_tc=21.9193 (was 21.7126)
t=76228ms iter=1804 incumb=21.7126 ratchet=21.9794 best=21.7110 since_improve=44
t=76230ms iter=1805 WAIST cost=19.0000 best_alt=15.0000 gap=4.0000 tried=5 sep_labels=15 clique_frac=0.05
t=76249ms iter=1805 REBUILD reject new_tc=22.1770 (was 21.7126)
t=76270ms iter=1805 incumb=21.7126 ratchet=21.7392 best=21.7110 since_improve=45
t=76271ms iter=1806 WAIST cost=19.0000 best_alt=15.0000 gap=4.0000 tried=5 sep_labels=15 clique_frac=0.05
t=76291ms iter=1806 REBUILD reject new_tc=21.8188 (was 21.7126)
t=76313ms iter=1806 incumb=21.7126 ratchet=21.8180 best=21.7110 since_improve=46
t=76314ms iter=1807 WAIST cost=19.0000 best_alt=15.0000 gap=4.0000 tried=5 sep_labels=15 clique_frac=0.05
t=76334ms iter=1807 REBUILD reject new_tc=21.8693 (was 21.7126)
t=76354ms iter=1807 incumb=21.7126 ratchet=21.7298 best=21.7110 since_improve=47
t=76355ms iter=1808 WAIST cost=19.0000 best_alt=15.0000 gap=4.0000 tried=5 sep_labels=15 clique_frac=0.05
t=76374ms iter=1808 REBUILD reject new_tc=21.7783 (was 21.7126)
t=76395ms iter=1808 incumb=21.7126 ratchet=21.9080 best=21.7110 since_improve=48
t=76397ms iter=1809 WAIST cost=19.0000 best_alt=15.0000 gap=4.0000 tried=5 sep_labels=15 clique_frac=0.05
t=76416ms iter=1809 REBUILD reject new_tc=21.9652 (was 21.7126)
t=76437ms iter=1809 incumb=21.7126 ratchet=21.7842 best=21.7110 since_improve=49
t=76439ms iter=1810 WAIST cost=19.0000 best_alt=15.0000 gap=4.0000 tried=5 sep_labels=15 clique_frac=0.05
t=76458ms iter=1810 REBUILD reject new_tc=22.1980 (was 21.7126)
t=76479ms iter=1810 incumb=21.7126 ratchet=21.8816 best=21.7110 since_improve=50
t=76480ms iter=1811 WAIST cost=19.0000 best_alt=15.0000 gap=4.0000 tried=5 sep_labels=15 clique_frac=0.05
t=76499ms iter=1811 REBUILD reject new_tc=21.9051 (was 21.7126)
t=76520ms iter=1811 incumb=21.7126 ratchet=21.8717 best=21.7110 since_improve=51
t=76522ms iter=1812 WAIST cost=19.0000 best_alt=15.0000 gap=4.0000 tried=5 sep_labels=15 clique_frac=0.05
t=76541ms iter=1812 REBUILD reject new_tc=22.0801 (was 21.7126)
t=76563ms iter=1812 incumb=21.7126 ratchet=21.7951 best=21.7110 since_improve=52
t=76564ms iter=1813 WAIST cost=19.0000 best_alt=15.0000 gap=4.0000 tried=5 sep_labels=15 clique_frac=0.05
t=76584ms iter=1813 REBUILD reject new_tc=21.7907 (was 21.7126)
t=76605ms iter=1813 incumb=21.7126 ratchet=21.8443 best=21.7110 since_improve=53
t=76606ms iter=1814 WAIST cost=19.0000 best_alt=15.0000 gap=4.0000 tried=5 sep_labels=15 clique_frac=0.05
t=76626ms iter=1814 REBUILD reject new_tc=21.9648 (was 21.7126)
t=76647ms iter=1814 incumb=21.7126 ratchet=21.8695 best=21.7110 since_improve=54
t=76648ms iter=1815 WAIST cost=19.0000 best_alt=15.0000 gap=4.0000 tried=5 sep_labels=15 clique_frac=0.05
t=76667ms iter=1815 REBUILD reject new_tc=22.1362 (was 21.7126)
t=76688ms iter=1815 incumb=21.7126 ratchet=21.8457 best=21.7110 since_improve=55
t=76690ms iter=1816 WAIST cost=19.0000 best_alt=15.0000 gap=4.0000 tried=5 sep_labels=15 clique_frac=0.05
t=76709ms iter=1816 REBUILD reject new_tc=22.1793 (was 21.7126)
t=76730ms iter=1816 incumb=21.7126 ratchet=21.7153 best=21.7110 since_improve=56
t=76732ms iter=1817 WAIST cost=19.0000 best_alt=15.0000 gap=4.0000 tried=5 sep_labels=15 clique_frac=0.05
t=76751ms iter=1817 REBUILD reject new_tc=22.1786 (was 21.7126)
t=76772ms iter=1817 incumb=21.7126 ratchet=21.8720 best=21.7110 since_improve=57
t=76773ms iter=1818 WAIST cost=19.0000 best_alt=15.0000 gap=4.0000 tried=5 sep_labels=15 clique_frac=0.05
t=76793ms iter=1818 REBUILD reject new_tc=21.9699 (was 21.7126)
t=76814ms iter=1818 incumb=21.7126 ratchet=21.8555 best=21.7110 since_improve=58
t=76815ms iter=1819 WAIST cost=19.0000 best_alt=15.0000 gap=4.0000 tried=5 sep_labels=15 clique_frac=0.05
t=76835ms iter=1819 REBUILD reject new_tc=21.8690 (was 21.7126)
t=76856ms iter=1819 incumb=21.7126 ratchet=21.7493 best=21.7110 since_improve=59
t=76857ms iter=1820 WAIST cost=19.0000 best_alt=15.0000 gap=4.0000 tried=5 sep_labels=15 clique_frac=0.05
t=76877ms iter=1820 REBUILD reject new_tc=21.9627 (was 21.7126)
t=76897ms iter=1820 incumb=21.7126 ratchet=21.7251 best=21.7110 since_improve=60
t=76899ms iter=1821 WAIST cost=19.0000 best_alt=15.0000 gap=4.0000 tried=5 sep_labels=15 clique_frac=0.05
t=76918ms iter=1821 REBUILD reject new_tc=22.1232 (was 21.7126)
t=76939ms iter=1821 incumb=21.7126 ratchet=21.7428 best=21.7110 since_improve=61
t=76940ms iter=1822 WAIST cost=19.0000 best_alt=15.0000 gap=4.0000 tried=5 sep_labels=15 clique_frac=0.05
t=76960ms iter=1822 REBUILD reject new_tc=21.7779 (was 21.7126)
t=76981ms iter=1822 incumb=21.7126 ratchet=21.9184 best=21.7110 since_improve=62
t=76983ms iter=1823 WAIST cost=19.0000 best_alt=15.0000 gap=4.0000 tried=5 sep_labels=15 clique_frac=0.05
t=77002ms iter=1823 REBUILD reject new_tc=21.9549 (was 21.7126)
t=77022ms iter=1823 incumb=21.7126 ratchet=21.7142 best=21.7110 since_improve=63
t=77024ms iter=1824 WAIST cost=19.0000 best_alt=15.0000 gap=4.0000 tried=5 sep_labels=15 clique_frac=0.05
t=77043ms iter=1824 REBUILD reject new_tc=21.9261 (was 21.7126)
t=77064ms iter=1824 incumb=21.7126 ratchet=21.8061 best=21.7110 since_improve=64
t=77065ms iter=1825 WAIST cost=19.0000 best_alt=15.0000 gap=4.0000 tried=5 sep_labels=15 clique_frac=0.05
t=77085ms iter=1825 REBUILD reject new_tc=22.4512 (was 21.7126)
t=77106ms iter=1825 incumb=21.7126 ratchet=22.0243 best=21.7110 since_improve=65
t=77107ms iter=1826 WAIST cost=19.0000 best_alt=15.0000 gap=4.0000 tried=5 sep_labels=15 clique_frac=0.05
t=77126ms iter=1826 REBUILD reject new_tc=22.1784 (was 21.7126)
t=77148ms iter=1826 incumb=21.7126 ratchet=21.7408 best=21.7110 since_improve=66
t=77149ms iter=1827 WAIST cost=19.0000 best_alt=15.0000 gap=4.0000 tried=5 sep_labels=15 clique_frac=0.05
t=77169ms iter=1827 REBUILD reject new_tc=21.9705 (was 21.7126)
t=77189ms iter=1827 incumb=21.7126 ratchet=21.7513 best=21.7110 since_improve=67
t=77190ms iter=1828 WAIST cost=19.0000 best_alt=15.0000 gap=4.0000 tried=5 sep_labels=15 clique_frac=0.05
t=77210ms iter=1828 REBUILD reject new_tc=21.7806 (was 21.7126)
t=77231ms iter=1828 incumb=21.7126 ratchet=21.7445 best=21.7110 since_improve=68
t=77232ms iter=1829 WAIST cost=19.0000 best_alt=15.0000 gap=4.0000 tried=5 sep_labels=15 clique_frac=0.05
t=77252ms iter=1829 REBUILD reject new_tc=21.7654 (was 21.7126)
t=77273ms iter=1829 incumb=21.7126 ratchet=21.8427 best=21.7110 since_improve=69
t=77274ms iter=1830 WAIST cost=19.0000 best_alt=15.0000 gap=4.0000 tried=5 sep_labels=15 clique_frac=0.05
t=77294ms iter=1830 REBUILD reject new_tc=22.1798 (was 21.7126)
t=77314ms iter=1830 incumb=21.7126 ratchet=21.8443 best=21.7110 since_improve=70
t=77315ms iter=1831 WAIST cost=19.0000 best_alt=15.0000 gap=4.0000 tried=5 sep_labels=15 clique_frac=0.05
t=77335ms iter=1831 REBUILD reject new_tc=22.1777 (was 21.7126)
t=77356ms iter=1831 incumb=21.7126 ratchet=21.9143 best=21.7110 since_improve=71
t=77357ms iter=1832 WAIST cost=19.0000 best_alt=15.0000 gap=4.0000 tried=5 sep_labels=15 clique_frac=0.05
t=77376ms iter=1832 REBUILD reject new_tc=22.0500 (was 21.7126)
t=77397ms iter=1832 incumb=21.7126 ratchet=21.8360 best=21.7110 since_improve=72
t=77399ms iter=1833 WAIST cost=19.0000 best_alt=15.0000 gap=4.0000 tried=5 sep_labels=15 clique_frac=0.05
t=77418ms iter=1833 REBUILD reject new_tc=21.8305 (was 21.7126)
t=77439ms iter=1833 incumb=21.7126 ratchet=21.9139 best=21.7110 since_improve=73
t=77441ms iter=1834 WAIST cost=19.0000 best_alt=15.0000 gap=4.0000 tried=5 sep_labels=15 clique_frac=0.05
t=77460ms iter=1834 REBUILD reject new_tc=22.2673 (was 21.7126)
t=77481ms iter=1834 incumb=21.7126 ratchet=21.7392 best=21.7110 since_improve=74
t=77482ms iter=1835 WAIST cost=19.0000 best_alt=15.0000 gap=4.0000 tried=5 sep_labels=15 clique_frac=0.05
t=77502ms iter=1835 REBUILD reject new_tc=22.0323 (was 21.7126)
t=77522ms iter=1835 incumb=21.7126 ratchet=21.7472 best=21.7110 since_improve=75
t=77523ms iter=1836 WAIST cost=19.0000 best_alt=15.0000 gap=4.0000 tried=5 sep_labels=15 clique_frac=0.05
t=77543ms iter=1836 REBUILD reject new_tc=22.1177 (was 21.7126)
t=77563ms iter=1836 incumb=21.7126 ratchet=21.7788 best=21.7110 since_improve=76
t=77565ms iter=1837 WAIST cost=19.0000 best_alt=15.0000 gap=4.0000 tried=5 sep_labels=15 clique_frac=0.05
t=77584ms iter=1837 REBUILD reject new_tc=21.9950 (was 21.7126)
t=77605ms iter=1837 incumb=21.7126 ratchet=21.8916 best=21.7110 since_improve=77
t=77606ms iter=1838 WAIST cost=19.0000 best_alt=15.0000 gap=4.0000 tried=5 sep_labels=15 clique_frac=0.05
t=77626ms iter=1838 REBUILD reject new_tc=21.8925 (was 21.7126)
t=77647ms iter=1838 incumb=21.7126 ratchet=21.7407 best=21.7110 since_improve=78
t=77648ms iter=1839 WAIST cost=19.0000 best_alt=15.0000 gap=4.0000 tried=5 sep_labels=15 clique_frac=0.05
t=77667ms iter=1839 REBUILD reject new_tc=21.9056 (was 21.7126)
t=77688ms iter=1839 incumb=21.7126 ratchet=21.9644 best=21.7110 since_improve=79
t=77690ms iter=1840 WAIST cost=19.0000 best_alt=15.0000 gap=4.0000 tried=5 sep_labels=15 clique_frac=0.05
t=77709ms iter=1840 REBUILD reject new_tc=22.2538 (was 21.7126)
t=77729ms iter=1840 incumb=21.7126 ratchet=22.2030 best=21.7110 since_improve=80
t=77731ms iter=1841 WAIST cost=19.0000 best_alt=15.0000 gap=4.0000 tried=5 sep_labels=15 clique_frac=0.05
t=77750ms iter=1841 REBUILD reject new_tc=22.2606 (was 21.7126)
t=77771ms iter=1841 incumb=21.7126 ratchet=21.8056 best=21.7110 since_improve=81
t=77773ms iter=1842 WAIST cost=19.0000 best_alt=15.0000 gap=4.0000 tried=5 sep_labels=15 clique_frac=0.05
t=77792ms iter=1842 REBUILD reject new_tc=21.9519 (was 21.7126)
t=77813ms iter=1842 incumb=21.7126 ratchet=21.8997 best=21.7110 since_improve=82
t=77815ms iter=1843 WAIST cost=19.0000 best_alt=15.0000 gap=4.0000 tried=5 sep_labels=15 clique_frac=0.05
t=77834ms iter=1843 REBUILD reject new_tc=22.2540 (was 21.7126)
t=77855ms iter=1843 incumb=21.7126 ratchet=22.1502 best=21.7110 since_improve=83
t=77856ms iter=1844 WAIST cost=19.0000 best_alt=15.0000 gap=4.0000 tried=5 sep_labels=15 clique_frac=0.05
t=77876ms iter=1844 REBUILD reject new_tc=21.9537 (was 21.7126)
t=77897ms iter=1844 incumb=21.7126 ratchet=22.0111 best=21.7110 since_improve=84
t=77899ms iter=1845 WAIST cost=19.0000 best_alt=15.0000 gap=4.0000 tried=5 sep_labels=15 clique_frac=0.05
t=77918ms iter=1845 REBUILD reject new_tc=21.8927 (was 21.7126)
t=77939ms iter=1845 incumb=21.7126 ratchet=21.7432 best=21.7110 since_improve=85
t=77940ms iter=1846 WAIST cost=19.0000 best_alt=15.0000 gap=4.0000 tried=5 sep_labels=15 clique_frac=0.05
t=77960ms iter=1846 REBUILD reject new_tc=21.7879 (was 21.7126)
t=77981ms iter=1846 incumb=21.7126 ratchet=21.8448 best=21.7110 since_improve=86
t=77982ms iter=1847 WAIST cost=19.0000 best_alt=15.0000 gap=4.0000 tried=5 sep_labels=15 clique_frac=0.05
t=78002ms iter=1847 REBUILD reject new_tc=22.3522 (was 21.7126)
t=78023ms iter=1847 incumb=21.7126 ratchet=21.8055 best=21.7110 since_improve=87
t=78024ms iter=1848 WAIST cost=19.0000 best_alt=15.0000 gap=4.0000 tried=5 sep_labels=15 clique_frac=0.05
t=78044ms iter=1848 REBUILD reject new_tc=21.8802 (was 21.7126)
t=78065ms iter=1848 incumb=21.7126 ratchet=21.9169 best=21.7110 since_improve=88
t=78067ms iter=1849 WAIST cost=19.0000 best_alt=15.0000 gap=4.0000 tried=5 sep_labels=15 clique_frac=0.05
t=78086ms iter=1849 REBUILD reject new_tc=22.0371 (was 21.7126)
t=78107ms iter=1849 incumb=21.7126 ratchet=21.8314 best=21.7110 since_improve=89
t=78108ms iter=1850 WAIST cost=19.0000 best_alt=15.0000 gap=4.0000 tried=5 sep_labels=15 clique_frac=0.05
t=78128ms iter=1850 REBUILD reject new_tc=22.0757 (was 21.7126)
t=78148ms iter=1850 incumb=21.7126 ratchet=21.8464 best=21.7110 since_improve=90
t=78150ms iter=1851 WAIST cost=19.0000 best_alt=15.0000 gap=4.0000 tried=5 sep_labels=15 clique_frac=0.05
t=78169ms iter=1851 REBUILD reject new_tc=21.9956 (was 21.7126)
t=78189ms iter=1851 incumb=21.7126 ratchet=21.9784 best=21.7110 since_improve=91
t=78191ms iter=1852 WAIST cost=19.0000 best_alt=15.0000 gap=4.0000 tried=5 sep_labels=15 clique_frac=0.05
t=78210ms iter=1852 REBUILD reject new_tc=22.1781 (was 21.7126)
t=78231ms iter=1852 incumb=21.7126 ratchet=21.9904 best=21.7110 since_improve=92
t=78232ms iter=1853 WAIST cost=19.0000 best_alt=15.0000 gap=4.0000 tried=5 sep_labels=15 clique_frac=0.05
t=78252ms iter=1853 REBUILD reject new_tc=22.3340 (was 21.7126)
t=78273ms iter=1853 incumb=21.7126 ratchet=21.7959 best=21.7110 since_improve=93
t=78274ms iter=1854 WAIST cost=19.0000 best_alt=15.0000 gap=4.0000 tried=5 sep_labels=15 clique_frac=0.05
t=78293ms iter=1854 REBUILD reject new_tc=22.2315 (was 21.7126)
t=78314ms iter=1854 incumb=21.7126 ratchet=21.8196 best=21.7110 since_improve=94
t=78316ms iter=1855 WAIST cost=19.0000 best_alt=15.0000 gap=4.0000 tried=5 sep_labels=15 clique_frac=0.05
t=78335ms iter=1855 REBUILD reject new_tc=21.9190 (was 21.7126)
t=78357ms iter=1855 incumb=21.7126 ratchet=21.7556 best=21.7110 since_improve=95
t=78358ms iter=1856 WAIST cost=19.0000 best_alt=15.0000 gap=4.0000 tried=5 sep_labels=15 clique_frac=0.05
t=78377ms iter=1856 REBUILD reject new_tc=22.1195 (was 21.7126)
t=78398ms iter=1856 incumb=21.7126 ratchet=21.9285 best=21.7110 since_improve=96
t=78400ms iter=1857 WAIST cost=19.0000 best_alt=15.0000 gap=4.0000 tried=5 sep_labels=15 clique_frac=0.05
t=78419ms iter=1857 REBUILD reject new_tc=21.9720 (was 21.7126)
t=78440ms iter=1857 incumb=21.7126 ratchet=21.8193 best=21.7110 since_improve=97
t=78442ms iter=1858 WAIST cost=19.0000 best_alt=15.0000 gap=4.0000 tried=5 sep_labels=15 clique_frac=0.05
t=78461ms iter=1858 REBUILD reject new_tc=21.7816 (was 21.7126)
t=78483ms iter=1858 incumb=21.7126 ratchet=21.7553 best=21.7110 since_improve=98
t=78484ms iter=1859 WAIST cost=19.0000 best_alt=15.0000 gap=4.0000 tried=5 sep_labels=15 clique_frac=0.05
t=78503ms iter=1859 REBUILD reject new_tc=22.1423 (was 21.7126)
t=78525ms iter=1859 incumb=21.7126 ratchet=21.8963 best=21.7110 since_improve=99
t=78526ms iter=1860 WAIST cost=19.0000 best_alt=15.0000 gap=4.0000 tried=5 sep_labels=15 clique_frac=0.05
t=78546ms iter=1860 REBUILD reject new_tc=21.7661 (was 21.7126)
t=78567ms iter=1860 incumb=21.7126 ratchet=21.7965 best=21.7110 since_improve=100
t=78568ms iter=1861 WAIST cost=19.0000 best_alt=15.0000 gap=4.0000 tried=5 sep_labels=15 clique_frac=0.05
t=78588ms iter=1861 REBUILD reject new_tc=22.2088 (was 21.7126)
t=78609ms iter=1861 incumb=21.7126 ratchet=21.8826 best=21.7110 since_improve=101
t=78610ms iter=1862 WAIST cost=19.0000 best_alt=15.0000 gap=4.0000 tried=5 sep_labels=15 clique_frac=0.05
t=78629ms iter=1862 REBUILD reject new_tc=21.9536 (was 21.7126)
t=78651ms iter=1862 incumb=21.7126 ratchet=21.8938 best=21.7110 since_improve=102
t=78652ms iter=1863 WAIST cost=19.0000 best_alt=15.0000 gap=4.0000 tried=5 sep_labels=15 clique_frac=0.05
t=78671ms iter=1863 REBUILD reject new_tc=22.0416 (was 21.7126)
t=78693ms iter=1863 incumb=21.7126 ratchet=21.8592 best=21.7110 since_improve=103
t=78694ms iter=1864 WAIST cost=19.0000 best_alt=15.0000 gap=4.0000 tried=5 sep_labels=15 clique_frac=0.05
t=78713ms iter=1864 REBUILD reject new_tc=21.9299 (was 21.7126)
t=78734ms iter=1864 incumb=21.7126 ratchet=21.9534 best=21.7110 since_improve=104
t=78736ms iter=1865 WAIST cost=19.0000 best_alt=15.0000 gap=4.0000 tried=5 sep_labels=15 clique_frac=0.05
t=78755ms iter=1865 REBUILD reject new_tc=21.9052 (was 21.7126)
t=78776ms iter=1865 incumb=21.7126 ratchet=21.9407 best=21.7110 since_improve=105
t=78777ms iter=1866 WAIST cost=19.0000 best_alt=15.0000 gap=4.0000 tried=5 sep_labels=15 clique_frac=0.05
t=78797ms iter=1866 REBUILD reject new_tc=21.9047 (was 21.7126)
t=78818ms iter=1866 incumb=21.7126 ratchet=21.8814 best=21.7110 since_improve=106
t=78819ms iter=1867 WAIST cost=19.0000 best_alt=15.0000 gap=4.0000 tried=5 sep_labels=15 clique_frac=0.05
t=78839ms iter=1867 REBUILD reject new_tc=21.7681 (was 21.7126)
t=78860ms iter=1867 incumb=21.7126 ratchet=21.9501 best=21.7110 since_improve=107
t=78861ms iter=1868 WAIST cost=19.0000 best_alt=15.0000 gap=4.0000 tried=5 sep_labels=15 clique_frac=0.05
t=78881ms iter=1868 REBUILD reject new_tc=21.8197 (was 21.7126)
t=78902ms iter=1868 incumb=21.7126 ratchet=21.9672 best=21.7110 since_improve=108
t=78904ms iter=1869 WAIST cost=19.0000 best_alt=15.0000 gap=4.0000 tried=5 sep_labels=15 clique_frac=0.05
t=78924ms iter=1869 REBUILD reject new_tc=21.9024 (was 21.7126)
t=78945ms iter=1869 incumb=21.7126 ratchet=21.8822 best=21.7110 since_improve=109
t=78947ms iter=1870 WAIST cost=19.0000 best_alt=15.0000 gap=4.0000 tried=5 sep_labels=15 clique_frac=0.05
t=78966ms iter=1870 REBUILD reject new_tc=21.9550 (was 21.7126)
t=78988ms iter=1870 incumb=21.7126 ratchet=21.8074 best=21.7110 since_improve=110
t=78989ms iter=1871 WAIST cost=19.0000 best_alt=15.0000 gap=4.0000 tried=5 sep_labels=15 clique_frac=0.05
t=79008ms iter=1871 REBUILD reject new_tc=21.7649 (was 21.7126)
t=79030ms iter=1871 incumb=21.7126 ratchet=21.7975 best=21.7110 since_improve=111
t=79031ms iter=1872 WAIST cost=19.0000 best_alt=15.0000 gap=4.0000 tried=5 sep_labels=15 clique_frac=0.05
t=79051ms iter=1872 REBUILD reject new_tc=21.9594 (was 21.7126)
t=79072ms iter=1872 incumb=21.7126 ratchet=21.8043 best=21.7110 since_improve=112
t=79073ms iter=1873 WAIST cost=19.0000 best_alt=15.0000 gap=4.0000 tried=5 sep_labels=15 clique_frac=0.05
t=79092ms iter=1873 REBUILD reject new_tc=21.9060 (was 21.7126)
t=79113ms iter=1873 incumb=21.7126 ratchet=21.9298 best=21.7110 since_improve=113
t=79114ms iter=1874 WAIST cost=19.0000 best_alt=15.0000 gap=4.0000 tried=5 sep_labels=15 clique_frac=0.05
t=79134ms iter=1874 REBUILD reject new_tc=21.9192 (was 21.7126)
t=79155ms iter=1874 incumb=21.7126 ratchet=21.7929 best=21.7110 since_improve=114
t=79156ms iter=1875 WAIST cost=19.0000 best_alt=15.0000 gap=4.0000 tried=5 sep_labels=15 clique_frac=0.05
t=79175ms iter=1875 REBUILD reject new_tc=22.0974 (was 21.7126)
t=79197ms iter=1875 incumb=21.7126 ratchet=22.0901 best=21.7110 since_improve=115
t=79198ms iter=1876 WAIST cost=19.0000 best_alt=15.0000 gap=4.0000 tried=5 sep_labels=15 clique_frac=0.05
t=79217ms iter=1876 REBUILD reject new_tc=21.9640 (was 21.7126)
t=79239ms iter=1876 incumb=21.7126 ratchet=21.9204 best=21.7110 since_improve=116
t=79240ms iter=1877 WAIST cost=19.0000 best_alt=15.0000 gap=4.0000 tried=5 sep_labels=15 clique_frac=0.05
t=79260ms iter=1877 REBUILD reject new_tc=21.9052 (was 21.7126)
t=79281ms iter=1877 incumb=21.7126 ratchet=21.7852 best=21.7110 since_improve=117
t=79282ms iter=1878 WAIST cost=19.0000 best_alt=15.0000 gap=4.0000 tried=5 sep_labels=15 clique_frac=0.05
t=79302ms iter=1878 REBUILD reject new_tc=21.8924 (was 21.7126)
t=79323ms iter=1878 incumb=21.7126 ratchet=21.7662 best=21.7110 since_improve=118
t=79324ms iter=1879 WAIST cost=19.0000 best_alt=15.0000 gap=4.0000 tried=5 sep_labels=15 clique_frac=0.05
t=79343ms iter=1879 REBUILD reject new_tc=21.9529 (was 21.7126)
t=79364ms iter=1879 incumb=21.7126 ratchet=21.7682 best=21.7110 since_improve=119
t=79366ms iter=1880 WAIST cost=19.0000 best_alt=15.0000 gap=4.0000 tried=5 sep_labels=15 clique_frac=0.05
t=79385ms iter=1880 REBUILD reject new_tc=21.9055 (was 21.7126)
t=79406ms iter=1880 incumb=21.7126 ratchet=21.7946 best=21.7110 since_improve=120
t=79408ms iter=1881 WAIST cost=19.0000 best_alt=15.0000 gap=4.0000 tried=5 sep_labels=15 clique_frac=0.05
t=79427ms iter=1881 REBUILD reject new_tc=22.1761 (was 21.7126)
t=79448ms iter=1881 incumb=21.7126 ratchet=21.7681 best=21.7110 since_improve=121
t=79450ms iter=1882 WAIST cost=19.0000 best_alt=15.0000 gap=4.0000 tried=5 sep_labels=15 clique_frac=0.05
t=79469ms iter=1882 REBUILD reject new_tc=22.3861 (was 21.7126)
t=79490ms iter=1882 incumb=21.7126 ratchet=21.8798 best=21.7110 since_improve=122
t=79491ms iter=1883 WAIST cost=19.0000 best_alt=15.0000 gap=4.0000 tried=5 sep_labels=15 clique_frac=0.05
t=79511ms iter=1883 REBUILD reject new_tc=21.8597 (was 21.7126)
t=79532ms iter=1883 incumb=21.7126 ratchet=21.8942 best=21.7110 since_improve=123
t=79533ms iter=1884 WAIST cost=19.0000 best_alt=15.0000 gap=4.0000 tried=5 sep_labels=15 clique_frac=0.05
t=79553ms iter=1884 REBUILD reject new_tc=21.9038 (was 21.7126)
t=79574ms iter=1884 incumb=21.7126 ratchet=21.8623 best=21.7110 since_improve=124
t=79576ms iter=1885 WAIST cost=19.0000 best_alt=15.0000 gap=4.0000 tried=5 sep_labels=15 clique_frac=0.05
t=79595ms iter=1885 REBUILD reject new_tc=22.1406 (was 21.7126)
t=79615ms iter=1885 incumb=21.7126 ratchet=21.8588 best=21.7110 since_improve=125
t=79617ms iter=1886 WAIST cost=19.0000 best_alt=15.0000 gap=4.0000 tried=5 sep_labels=15 clique_frac=0.05
t=79636ms iter=1886 REBUILD reject new_tc=22.1170 (was 21.7126)
t=79657ms iter=1886 incumb=21.7126 ratchet=21.9187 best=21.7110 since_improve=126
t=79659ms iter=1887 WAIST cost=19.0000 best_alt=15.0000 gap=4.0000 tried=5 sep_labels=15 clique_frac=0.05
t=79678ms iter=1887 REBUILD reject new_tc=21.9055 (was 21.7126)
t=79698ms iter=1887 incumb=21.7126 ratchet=21.7399 best=21.7110 since_improve=127
t=79700ms iter=1888 WAIST cost=19.0000 best_alt=15.0000 gap=4.0000 tried=5 sep_labels=15 clique_frac=0.05
t=79719ms iter=1888 REBUILD reject new_tc=22.1776 (was 21.7126)
t=79740ms iter=1888 incumb=21.7126 ratchet=21.9627 best=21.7110 since_improve=128
t=79741ms iter=1889 WAIST cost=19.0000 best_alt=15.0000 gap=4.0000 tried=5 sep_labels=15 clique_frac=0.05
t=79760ms iter=1889 REBUILD reject new_tc=21.8641 (was 21.7126)
t=79782ms iter=1889 incumb=21.7126 ratchet=21.9992 best=21.7110 since_improve=129
t=79783ms iter=1890 WAIST cost=19.0000 best_alt=15.0000 gap=4.0000 tried=5 sep_labels=15 clique_frac=0.05
t=79802ms iter=1890 REBUILD reject new_tc=21.8183 (was 21.7126)
t=79824ms iter=1890 incumb=21.7126 ratchet=21.7943 best=21.7110 since_improve=130
t=79825ms iter=1891 WAIST cost=19.0000 best_alt=15.0000 gap=4.0000 tried=5 sep_labels=15 clique_frac=0.05
t=79844ms iter=1891 REBUILD reject new_tc=22.3355 (was 21.7126)
t=79866ms iter=1891 incumb=21.7126 ratchet=21.7845 best=21.7110 since_improve=131
t=79867ms iter=1892 WAIST cost=19.0000 best_alt=15.0000 gap=4.0000 tried=5 sep_labels=15 clique_frac=0.05
t=79887ms iter=1892 REBUILD reject new_tc=21.8697 (was 21.7126)
t=79907ms iter=1892 incumb=21.7126 ratchet=21.8358 best=21.7110 since_improve=132
t=79909ms iter=1893 WAIST cost=19.0000 best_alt=15.0000 gap=4.0000 tried=5 sep_labels=15 clique_frac=0.05
t=79928ms iter=1893 REBUILD reject new_tc=22.0349 (was 21.7126)
t=79949ms iter=1893 incumb=21.7126 ratchet=21.7730 best=21.7110 since_improve=133
t=79951ms iter=1894 WAIST cost=19.0000 best_alt=15.0000 gap=4.0000 tried=5 sep_labels=15 clique_frac=0.05
t=79970ms iter=1894 REBUILD reject new_tc=21.8820 (was 21.7126)
t=79991ms iter=1894 incumb=21.7126 ratchet=21.9293 best=21.7110 since_improve=134
t=79992ms iter=1895 WAIST cost=19.0000 best_alt=15.0000 gap=4.0000 tried=5 sep_labels=15 clique_frac=0.05
t=80012ms iter=1895 REBUILD reject new_tc=21.8595 (was 21.7126)
t=80032ms iter=1895 incumb=21.7126 ratchet=21.8465 best=21.7110 since_improve=135
t=80034ms iter=1896 WAIST cost=19.0000 best_alt=15.0000 gap=4.0000 tried=5 sep_labels=15 clique_frac=0.05
t=80053ms iter=1896 REBUILD reject new_tc=21.9560 (was 21.7126)
t=80075ms iter=1896 incumb=21.7126 ratchet=21.8452 best=21.7110 since_improve=136
t=80076ms iter=1897 WAIST cost=19.0000 best_alt=15.0000 gap=4.0000 tried=5 sep_labels=15 clique_frac=0.05
t=80096ms iter=1897 REBUILD reject new_tc=22.1060 (was 21.7126)
t=80117ms iter=1897 incumb=21.7126 ratchet=21.7391 best=21.7110 since_improve=137
t=80118ms iter=1898 WAIST cost=19.0000 best_alt=15.0000 gap=4.0000 tried=5 sep_labels=15 clique_frac=0.05
t=80138ms iter=1898 REBUILD reject new_tc=21.7802 (was 21.7126)
t=80159ms iter=1898 incumb=21.7126 ratchet=21.8682 best=21.7110 since_improve=138
t=80160ms iter=1899 WAIST cost=19.0000 best_alt=15.0000 gap=4.0000 tried=5 sep_labels=15 clique_frac=0.05
t=80179ms iter=1899 REBUILD reject new_tc=21.9548 (was 21.7126)
t=80200ms iter=1899 incumb=21.7126 ratchet=21.8307 best=21.7110 since_improve=139
t=80202ms iter=1900 WAIST cost=19.0000 best_alt=15.0000 gap=4.0000 tried=5 sep_labels=15 clique_frac=0.05
t=80221ms iter=1900 REBUILD reject new_tc=21.9165 (was 21.7126)
t=80242ms iter=1900 incumb=21.7126 ratchet=21.9002 best=21.7110 since_improve=140
t=80244ms iter=1901 WAIST cost=19.0000 best_alt=15.0000 gap=4.0000 tried=5 sep_labels=15 clique_frac=0.05
t=80263ms iter=1901 REBUILD reject new_tc=22.1234 (was 21.7126)
t=80284ms iter=1901 incumb=21.7126 ratchet=21.8571 best=21.7110 since_improve=141
t=80286ms iter=1902 WAIST cost=19.0000 best_alt=15.0000 gap=4.0000 tried=5 sep_labels=15 clique_frac=0.05
t=80305ms iter=1902 REBUILD reject new_tc=21.7658 (was 21.7126)
t=80326ms iter=1902 incumb=21.7126 ratchet=21.7715 best=21.7110 since_improve=142
t=80327ms iter=1903 WAIST cost=19.0000 best_alt=15.0000 gap=4.0000 tried=5 sep_labels=15 clique_frac=0.05
t=80347ms iter=1903 REBUILD reject new_tc=21.9519 (was 21.7126)
t=80368ms iter=1903 incumb=21.7126 ratchet=21.7528 best=21.7110 since_improve=143
t=80370ms iter=1904 WAIST cost=19.0000 best_alt=15.0000 gap=4.0000 tried=5 sep_labels=15 clique_frac=0.05
t=80389ms iter=1904 REBUILD reject new_tc=21.9109 (was 21.7126)
t=80410ms iter=1904 incumb=21.7126 ratchet=21.7932 best=21.7110 since_improve=144
t=80412ms iter=1905 WAIST cost=19.0000 best_alt=15.0000 gap=4.0000 tried=5 sep_labels=15 clique_frac=0.05
t=80431ms iter=1905 REBUILD reject new_tc=21.7800 (was 21.7126)
t=80452ms iter=1905 incumb=21.7126 ratchet=21.9362 best=21.7110 since_improve=145
t=80454ms iter=1906 WAIST cost=19.0000 best_alt=15.0000 gap=4.0000 tried=5 sep_labels=15 clique_frac=0.05
t=80473ms iter=1906 REBUILD reject new_tc=21.9649 (was 21.7126)
t=80493ms iter=1906 incumb=21.7126 ratchet=21.7396 best=21.7110 since_improve=146
t=80495ms iter=1907 WAIST cost=19.0000 best_alt=15.0000 gap=4.0000 tried=5 sep_labels=15 clique_frac=0.05
t=80514ms iter=1907 REBUILD reject new_tc=21.7754 (was 21.7126)
t=80535ms iter=1907 incumb=21.7126 ratchet=22.0328 best=21.7110 since_improve=147
t=80537ms iter=1908 WAIST cost=19.0000 best_alt=15.0000 gap=4.0000 tried=5 sep_labels=15 clique_frac=0.05
t=80556ms iter=1908 REBUILD reject new_tc=21.8286 (was 21.7126)
t=80577ms iter=1908 incumb=21.7126 ratchet=21.7405 best=21.7110 since_improve=148
t=80578ms iter=1909 WAIST cost=19.0000 best_alt=15.0000 gap=4.0000 tried=5 sep_labels=15 clique_frac=0.05
t=80598ms iter=1909 REBUILD reject new_tc=21.7863 (was 21.7126)
t=80619ms iter=1909 incumb=21.7126 ratchet=21.7393 best=21.7110 since_improve=149
t=80621ms iter=1910 WAIST cost=19.0000 best_alt=15.0000 gap=4.0000 tried=5 sep_labels=15 clique_frac=0.05
t=80640ms iter=1910 REBUILD reject new_tc=21.8367 (was 21.7126)
t=80661ms iter=1910 incumb=21.7126 ratchet=21.8567 best=21.7110 since_improve=150
t=80663ms iter=1911 WAIST cost=19.0000 best_alt=15.0000 gap=4.0000 tried=5 sep_labels=15 clique_frac=0.05
t=80682ms iter=1911 REBUILD reject new_tc=22.0978 (was 21.7126)
t=80703ms iter=1911 incumb=21.7126 ratchet=21.8878 best=21.7110 since_improve=151
t=80704ms iter=1912 WAIST cost=19.0000 best_alt=15.0000 gap=4.0000 tried=5 sep_labels=15 clique_frac=0.05
t=80723ms iter=1912 REBUILD reject new_tc=22.2558 (was 21.7126)
t=80744ms iter=1912 incumb=21.7126 ratchet=21.7540 best=21.7110 since_improve=152
t=80746ms iter=1913 WAIST cost=19.0000 best_alt=15.0000 gap=4.0000 tried=5 sep_labels=15 clique_frac=0.05
t=80765ms iter=1913 REBUILD reject new_tc=21.9067 (was 21.7126)
t=80786ms iter=1913 incumb=21.7126 ratchet=21.8080 best=21.7110 since_improve=153
t=80788ms iter=1914 WAIST cost=19.0000 best_alt=15.0000 gap=4.0000 tried=5 sep_labels=15 clique_frac=0.05
t=80807ms iter=1914 REBUILD reject new_tc=21.7676 (was 21.7126)
t=80828ms iter=1914 incumb=21.7126 ratchet=21.7669 best=21.7110 since_improve=154
t=80830ms iter=1915 WAIST cost=19.0000 best_alt=15.0000 gap=4.0000 tried=5 sep_labels=15 clique_frac=0.05
t=80849ms iter=1915 REBUILD reject new_tc=22.3456 (was 21.7126)
t=80871ms iter=1915 incumb=21.7126 ratchet=21.7740 best=21.7110 since_improve=155
t=80872ms iter=1916 WAIST cost=19.0000 best_alt=15.0000 gap=4.0000 tried=5 sep_labels=15 clique_frac=0.05
t=80892ms iter=1916 REBUILD reject new_tc=21.7804 (was 21.7126)
t=80913ms iter=1916 incumb=21.7126 ratchet=21.9151 best=21.7110 since_improve=156
t=80914ms iter=1917 WAIST cost=19.0000 best_alt=15.0000 gap=4.0000 tried=5 sep_labels=15 clique_frac=0.05
t=80933ms iter=1917 REBUILD reject new_tc=22.1814 (was 21.7126)
t=80954ms iter=1917 incumb=21.7126 ratchet=21.7564 best=21.7110 since_improve=157
t=80956ms iter=1918 WAIST cost=19.0000 best_alt=15.0000 gap=4.0000 tried=5 sep_labels=15 clique_frac=0.05
t=80975ms iter=1918 REBUILD reject new_tc=22.0414 (was 21.7126)
t=80996ms iter=1918 incumb=21.7126 ratchet=21.7533 best=21.7110 since_improve=158
t=80997ms iter=1919 WAIST cost=19.0000 best_alt=15.0000 gap=4.0000 tried=5 sep_labels=15 clique_frac=0.05
t=81018ms iter=1919 REBUILD reject new_tc=21.8518 (was 21.7126)
t=81046ms iter=1919 incumb=21.7126 ratchet=21.8037 best=21.7110 since_improve=159
t=81048ms iter=1920 WAIST cost=19.0000 best_alt=15.0000 gap=4.0000 tried=5 sep_labels=15 clique_frac=0.05
t=81067ms iter=1920 REBUILD reject new_tc=21.9606 (was 21.7126)
t=81088ms iter=1920 incumb=21.7126 ratchet=21.9444 best=21.7110 since_improve=160
t=81090ms iter=1921 WAIST cost=19.0000 best_alt=15.0000 gap=4.0000 tried=5 sep_labels=15 clique_frac=0.05
t=81109ms iter=1921 REBUILD reject new_tc=22.4744 (was 21.7126)
t=81130ms iter=1921 incumb=21.7126 ratchet=21.7268 best=21.7110 since_improve=161
t=81131ms iter=1922 WAIST cost=19.0000 best_alt=15.0000 gap=4.0000 tried=5 sep_labels=15 clique_frac=0.05
t=81151ms iter=1922 REBUILD reject new_tc=22.0878 (was 21.7126)
t=81171ms iter=1922 incumb=21.7126 ratchet=21.9251 best=21.7110 since_improve=162
t=81173ms iter=1923 WAIST cost=19.0000 best_alt=15.0000 gap=4.0000 tried=5 sep_labels=15 clique_frac=0.05
t=81192ms iter=1923 REBUILD reject new_tc=22.3025 (was 21.7126)
t=81213ms iter=1923 incumb=21.7126 ratchet=21.9329 best=21.7110 since_improve=163
t=81214ms iter=1924 WAIST cost=19.0000 best_alt=15.0000 gap=4.0000 tried=5 sep_labels=15 clique_frac=0.05
t=81233ms iter=1924 REBUILD reject new_tc=21.9051 (was 21.7126)
t=81254ms iter=1924 incumb=21.7126 ratchet=21.7937 best=21.7110 since_improve=164
t=81256ms iter=1925 WAIST cost=19.0000 best_alt=15.0000 gap=4.0000 tried=5 sep_labels=15 clique_frac=0.05
t=81275ms iter=1925 REBUILD reject new_tc=22.0436 (was 21.7126)
t=81296ms iter=1925 incumb=21.7126 ratchet=21.7258 best=21.7110 since_improve=165
t=81297ms iter=1926 WAIST cost=19.0000 best_alt=15.0000 gap=4.0000 tried=5 sep_labels=15 clique_frac=0.05
t=81317ms iter=1926 REBUILD reject new_tc=21.9522 (was 21.7126)
t=81337ms iter=1926 incumb=21.7126 ratchet=21.8345 best=21.7110 since_improve=166
t=81339ms iter=1927 WAIST cost=19.0000 best_alt=15.0000 gap=4.0000 tried=5 sep_labels=15 clique_frac=0.05
t=81358ms iter=1927 REBUILD reject new_tc=22.0372 (was 21.7126)
t=81379ms iter=1927 incumb=21.7126 ratchet=21.7862 best=21.7110 since_improve=167
t=81380ms iter=1928 WAIST cost=19.0000 best_alt=15.0000 gap=4.0000 tried=5 sep_labels=15 clique_frac=0.05
t=81400ms iter=1928 REBUILD reject new_tc=21.9960 (was 21.7126)
t=81421ms iter=1928 incumb=21.7126 ratchet=21.7691 best=21.7110 since_improve=168
t=81423ms iter=1929 WAIST cost=19.0000 best_alt=15.0000 gap=4.0000 tried=5 sep_labels=15 clique_frac=0.05
t=81443ms iter=1929 REBUILD reject new_tc=21.8604 (was 21.7126)
t=81464ms iter=1929 incumb=21.7126 ratchet=21.8253 best=21.7110 since_improve=169
t=81466ms iter=1930 WAIST cost=19.0000 best_alt=15.0000 gap=4.0000 tried=5 sep_labels=15 clique_frac=0.05
t=81485ms iter=1930 REBUILD reject new_tc=22.3346 (was 21.7126)
t=81506ms iter=1930 incumb=21.7126 ratchet=21.7130 best=21.7110 since_improve=170
t=81507ms iter=1931 WAIST cost=19.0000 best_alt=15.0000 gap=4.0000 tried=5 sep_labels=15 clique_frac=0.05
t=81527ms iter=1931 REBUILD reject new_tc=22.1764 (was 21.7126)
t=81548ms iter=1931 incumb=21.7126 ratchet=21.8331 best=21.7110 since_improve=171
t=81549ms iter=1932 WAIST cost=19.0000 best_alt=15.0000 gap=4.0000 tried=5 sep_labels=15 clique_frac=0.05
t=81569ms iter=1932 REBUILD reject new_tc=22.1774 (was 21.7126)
t=81590ms iter=1932 incumb=21.7126 ratchet=21.7961 best=21.7110 since_improve=172
t=81591ms iter=1933 WAIST cost=19.0000 best_alt=15.0000 gap=4.0000 tried=5 sep_labels=15 clique_frac=0.05
t=81611ms iter=1933 REBUILD reject new_tc=21.9063 (was 21.7126)
t=81631ms iter=1933 incumb=21.7126 ratchet=21.8827 best=21.7110 since_improve=173
t=81633ms iter=1934 WAIST cost=19.0000 best_alt=15.0000 gap=4.0000 tried=5 sep_labels=15 clique_frac=0.05
t=81652ms iter=1934 REBUILD reject new_tc=21.8723 (was 21.7126)
t=81673ms iter=1934 incumb=21.7126 ratchet=21.8960 best=21.7110 since_improve=174
t=81675ms iter=1935 WAIST cost=19.0000 best_alt=15.0000 gap=4.0000 tried=5 sep_labels=15 clique_frac=0.05
t=81694ms iter=1935 REBUILD reject new_tc=21.8719 (was 21.7126)
t=81715ms iter=1935 incumb=21.7126 ratchet=21.8942 best=21.7110 since_improve=175
t=81717ms iter=1936 WAIST cost=19.0000 best_alt=15.0000 gap=4.0000 tried=5 sep_labels=15 clique_frac=0.05
t=81736ms iter=1936 REBUILD reject new_tc=21.8688 (was 21.7126)
t=81757ms iter=1936 incumb=21.7126 ratchet=21.9633 best=21.7110 since_improve=176
t=81758ms iter=1937 WAIST cost=19.0000 best_alt=15.0000 gap=4.0000 tried=5 sep_labels=15 clique_frac=0.05
t=81778ms iter=1937 REBUILD reject new_tc=21.9167 (was 21.7126)
t=81798ms iter=1937 incumb=21.7126 ratchet=21.8592 best=21.7110 since_improve=177
t=81799ms iter=1938 WAIST cost=19.0000 best_alt=15.0000 gap=4.0000 tried=5 sep_labels=15 clique_frac=0.05
t=81819ms iter=1938 REBUILD reject new_tc=21.8683 (was 21.7126)
t=81840ms iter=1938 incumb=21.7126 ratchet=21.9877 best=21.7110 since_improve=178
t=81841ms iter=1939 WAIST cost=19.0000 best_alt=15.0000 gap=4.0000 tried=5 sep_labels=15 clique_frac=0.05
t=81861ms iter=1939 REBUILD reject new_tc=21.9048 (was 21.7126)
t=81882ms iter=1939 incumb=21.7126 ratchet=21.8964 best=21.7110 since_improve=179
t=81884ms iter=1940 WAIST cost=19.0000 best_alt=15.0000 gap=4.0000 tried=5 sep_labels=15 clique_frac=0.05
t=81903ms iter=1940 REBUILD reject new_tc=22.0439 (was 21.7126)
t=81924ms iter=1940 incumb=21.7126 ratchet=21.8675 best=21.7110 since_improve=180
t=81925ms iter=1941 WAIST cost=19.0000 best_alt=15.0000 gap=4.0000 tried=5 sep_labels=15 clique_frac=0.05
t=81945ms iter=1941 REBUILD reject new_tc=22.0977 (was 21.7126)
t=81966ms iter=1941 incumb=21.7126 ratchet=22.0954 best=21.7110 since_improve=181
t=81967ms iter=1942 WAIST cost=19.0000 best_alt=15.0000 gap=4.0000 tried=5 sep_labels=15 clique_frac=0.05
t=81986ms iter=1942 REBUILD reject new_tc=21.9509 (was 21.7126)
t=82007ms iter=1942 incumb=21.7126 ratchet=21.7942 best=21.7110 since_improve=182
t=82009ms iter=1943 WAIST cost=19.0000 best_alt=15.0000 gap=4.0000 tried=5 sep_labels=15 clique_frac=0.05
t=82028ms iter=1943 REBUILD reject new_tc=22.2703 (was 21.7126)
t=82049ms iter=1943 incumb=21.7126 ratchet=21.9289 best=21.7110 since_improve=183
t=82050ms iter=1944 WAIST cost=19.0000 best_alt=15.0000 gap=4.0000 tried=5 sep_labels=15 clique_frac=0.05
t=82069ms iter=1944 REBUILD reject new_tc=21.9182 (was 21.7126)
t=82091ms iter=1944 incumb=21.7126 ratchet=21.7424 best=21.7110 since_improve=184
t=82092ms iter=1945 WAIST cost=19.0000 best_alt=15.0000 gap=4.0000 tried=5 sep_labels=15 clique_frac=0.05
t=82111ms iter=1945 REBUILD reject new_tc=22.0407 (was 21.7126)
t=82133ms iter=1945 incumb=21.7126 ratchet=21.7402 best=21.7110 since_improve=185
t=82134ms iter=1946 WAIST cost=19.0000 best_alt=15.0000 gap=4.0000 tried=5 sep_labels=15 clique_frac=0.05
t=82153ms iter=1946 REBUILD reject new_tc=21.8692 (was 21.7126)
t=82173ms iter=1946 incumb=21.7126 ratchet=21.8474 best=21.7110 since_improve=186
t=82175ms iter=1947 WAIST cost=19.0000 best_alt=15.0000 gap=4.0000 tried=5 sep_labels=15 clique_frac=0.05
t=82195ms iter=1947 REBUILD reject new_tc=21.8832 (was 21.7126)
t=82216ms iter=1947 incumb=21.7126 ratchet=21.7786 best=21.7110 since_improve=187
t=82217ms iter=1948 WAIST cost=19.0000 best_alt=15.0000 gap=4.0000 tried=5 sep_labels=15 clique_frac=0.05
t=82236ms iter=1948 REBUILD reject new_tc=22.1144 (was 21.7126)
t=82257ms iter=1948 incumb=21.7126 ratchet=21.7385 best=21.7110 since_improve=188
t=82259ms iter=1949 WAIST cost=19.0000 best_alt=15.0000 gap=4.0000 tried=5 sep_labels=15 clique_frac=0.05
t=82278ms iter=1949 REBUILD reject new_tc=22.1772 (was 21.7126)
t=82299ms iter=1949 incumb=21.7126 ratchet=21.8509 best=21.7110 since_improve=189
t=82300ms iter=1950 WAIST cost=19.0000 best_alt=15.0000 gap=4.0000 tried=5 sep_labels=15 clique_frac=0.05
t=82320ms iter=1950 REBUILD reject new_tc=21.7669 (was 21.7126)
t=82341ms iter=1950 incumb=21.7126 ratchet=21.9563 best=21.7110 since_improve=190
t=82342ms iter=1951 WAIST cost=19.0000 best_alt=15.0000 gap=4.0000 tried=5 sep_labels=15 clique_frac=0.05
t=82362ms iter=1951 REBUILD reject new_tc=21.8816 (was 21.7126)
t=82383ms iter=1951 incumb=21.7126 ratchet=21.7548 best=21.7110 since_improve=191
t=82385ms iter=1952 WAIST cost=19.0000 best_alt=15.0000 gap=4.0000 tried=5 sep_labels=15 clique_frac=0.05
t=82404ms iter=1952 REBUILD reject new_tc=22.1929 (was 21.7126)
t=82425ms iter=1952 incumb=21.7126 ratchet=21.8207 best=21.7110 since_improve=192
t=82427ms iter=1953 WAIST cost=19.0000 best_alt=15.0000 gap=4.0000 tried=5 sep_labels=15 clique_frac=0.05
t=82446ms iter=1953 REBUILD reject new_tc=21.7658 (was 21.7126)
t=82467ms iter=1953 incumb=21.7126 ratchet=21.8857 best=21.7110 since_improve=193
t=82469ms iter=1954 WAIST cost=19.0000 best_alt=15.0000 gap=4.0000 tried=5 sep_labels=15 clique_frac=0.05
t=82488ms iter=1954 REBUILD reject new_tc=22.1770 (was 21.7126)
t=82509ms iter=1954 incumb=21.7126 ratchet=21.8469 best=21.7110 since_improve=194
t=82511ms iter=1955 WAIST cost=19.0000 best_alt=15.0000 gap=4.0000 tried=5 sep_labels=15 clique_frac=0.05
t=82530ms iter=1955 REBUILD reject new_tc=21.9496 (was 21.7126)
t=82551ms iter=1955 incumb=21.7126 ratchet=21.8938 best=21.7110 since_improve=195
t=82553ms iter=1956 WAIST cost=19.0000 best_alt=15.0000 gap=4.0000 tried=5 sep_labels=15 clique_frac=0.05
t=82572ms iter=1956 REBUILD reject new_tc=22.1373 (was 21.7126)
t=82593ms iter=1956 incumb=21.7126 ratchet=21.8214 best=21.7110 since_improve=196
t=82595ms iter=1957 WAIST cost=19.0000 best_alt=15.0000 gap=4.0000 tried=5 sep_labels=15 clique_frac=0.05
t=82614ms iter=1957 REBUILD reject new_tc=21.9641 (was 21.7126)
t=82635ms iter=1957 incumb=21.7126 ratchet=21.8307 best=21.7110 since_improve=197
t=82637ms iter=1958 WAIST cost=19.0000 best_alt=15.0000 gap=4.0000 tried=5 sep_labels=15 clique_frac=0.05
t=82656ms iter=1958 REBUILD reject new_tc=21.9530 (was 21.7126)
t=82677ms iter=1958 incumb=21.7126 ratchet=21.8184 best=21.7110 since_improve=198
t=82678ms iter=1959 WAIST cost=19.0000 best_alt=15.0000 gap=4.0000 tried=5 sep_labels=15 clique_frac=0.05
t=82698ms iter=1959 REBUILD reject new_tc=21.9563 (was 21.7126)
t=82719ms iter=1959 incumb=21.7126 ratchet=21.7545 best=21.7110 since_improve=199
t=82721ms iter=1960 WAIST cost=19.0000 best_alt=15.0000 gap=4.0000 tried=5 sep_labels=15 clique_frac=0.05
t=82740ms iter=1960 REBUILD reject new_tc=21.9172 (was 21.7126)
t=82761ms iter=1960 incumb=21.7126 ratchet=21.7762 best=21.7110 since_improve=200
t=82762ms iter=1961 WAIST cost=19.0000 best_alt=15.0000 gap=4.0000 tried=5 sep_labels=15 clique_frac=0.05
t=82782ms iter=1961 REBUILD reject new_tc=22.0339 (was 21.7126)
t=82803ms iter=1961 incumb=21.7126 ratchet=21.7560 best=21.7110 since_improve=201
t=82804ms iter=1962 WAIST cost=19.0000 best_alt=15.0000 gap=4.0000 tried=5 sep_labels=15 clique_frac=0.05
t=82824ms iter=1962 REBUILD reject new_tc=22.0410 (was 21.7126)
t=82845ms iter=1962 incumb=21.7126 ratchet=22.0048 best=21.7110 since_improve=202
t=82847ms iter=1963 WAIST cost=19.0000 best_alt=15.0000 gap=4.0000 tried=5 sep_labels=15 clique_frac=0.05
t=82866ms iter=1963 REBUILD reject new_tc=22.0425 (was 21.7126)
t=82887ms iter=1963 incumb=21.7126 ratchet=21.8765 best=21.7110 since_improve=203
t=82888ms iter=1964 WAIST cost=19.0000 best_alt=15.0000 gap=4.0000 tried=5 sep_labels=15 clique_frac=0.05
t=82908ms iter=1964 REBUILD reject new_tc=21.7759 (was 21.7126)
t=82929ms iter=1964 incumb=21.7126 ratchet=21.8439 best=21.7110 since_improve=204
t=82930ms iter=1965 WAIST cost=19.0000 best_alt=15.0000 gap=4.0000 tried=5 sep_labels=15 clique_frac=0.05
t=82950ms iter=1965 REBUILD reject new_tc=21.9961 (was 21.7126)
t=82970ms iter=1965 incumb=21.7126 ratchet=21.7487 best=21.7110 since_improve=205
t=82972ms iter=1966 WAIST cost=19.0000 best_alt=15.0000 gap=4.0000 tried=5 sep_labels=15 clique_frac=0.05
t=82991ms iter=1966 REBUILD reject new_tc=22.0314 (was 21.7126)
t=83012ms iter=1966 incumb=21.7126 ratchet=21.7983 best=21.7110 since_improve=206
t=83013ms iter=1967 WAIST cost=19.0000 best_alt=15.0000 gap=4.0000 tried=5 sep_labels=15 clique_frac=0.05
t=83033ms iter=1967 REBUILD reject new_tc=21.8843 (was 21.7126)
t=83054ms iter=1967 incumb=21.7126 ratchet=22.0627 best=21.7110 since_improve=207
t=83056ms iter=1968 WAIST cost=19.0000 best_alt=15.0000 gap=4.0000 tried=5 sep_labels=15 clique_frac=0.05
t=83075ms iter=1968 REBUILD reject new_tc=21.9638 (was 21.7126)
t=83097ms iter=1968 incumb=21.7126 ratchet=21.7265 best=21.7110 since_improve=208
t=83098ms iter=1969 WAIST cost=19.0000 best_alt=15.0000 gap=4.0000 tried=5 sep_labels=15 clique_frac=0.05
t=83118ms iter=1969 REBUILD reject new_tc=22.1770 (was 21.7126)
t=83138ms iter=1969 incumb=21.7126 ratchet=21.8339 best=21.7110 since_improve=209
t=83140ms iter=1970 WAIST cost=19.0000 best_alt=15.0000 gap=4.0000 tried=5 sep_labels=15 clique_frac=0.05
t=83159ms iter=1970 REBUILD reject new_tc=22.5530 (was 21.7126)
t=83181ms iter=1970 incumb=21.7126 ratchet=21.8220 best=21.7110 since_improve=210
t=83182ms iter=1971 WAIST cost=19.0000 best_alt=15.0000 gap=4.0000 tried=5 sep_labels=15 clique_frac=0.05
t=83201ms iter=1971 REBUILD reject new_tc=21.8698 (was 21.7126)
t=83222ms iter=1971 incumb=21.7126 ratchet=21.9535 best=21.7110 since_improve=211
t=83224ms iter=1972 WAIST cost=19.0000 best_alt=15.0000 gap=4.0000 tried=5 sep_labels=15 clique_frac=0.05
t=83243ms iter=1972 REBUILD reject new_tc=22.3594 (was 21.7126)
t=83264ms iter=1972 incumb=21.7126 ratchet=21.7787 best=21.7110 since_improve=212
t=83265ms iter=1973 WAIST cost=19.0000 best_alt=15.0000 gap=4.0000 tried=5 sep_labels=15 clique_frac=0.05
t=83285ms iter=1973 REBUILD reject new_tc=22.0056 (was 21.7126)
t=83306ms iter=1973 incumb=21.7126 ratchet=21.8443 best=21.7110 since_improve=213
t=83307ms iter=1974 WAIST cost=19.0000 best_alt=15.0000 gap=4.0000 tried=5 sep_labels=15 clique_frac=0.05
t=83327ms iter=1974 REBUILD reject new_tc=21.7674 (was 21.7126)
t=83348ms iter=1974 incumb=21.7126 ratchet=21.9622 best=21.7110 since_improve=214
t=83349ms iter=1975 WAIST cost=19.0000 best_alt=15.0000 gap=4.0000 tried=5 sep_labels=15 clique_frac=0.05
t=83368ms iter=1975 REBUILD reject new_tc=21.9045 (was 21.7126)
t=83390ms iter=1975 incumb=21.7126 ratchet=21.7689 best=21.7110 since_improve=215
t=83391ms iter=1976 WAIST cost=19.0000 best_alt=15.0000 gap=4.0000 tried=5 sep_labels=15 clique_frac=0.05
t=83411ms iter=1976 REBUILD reject new_tc=21.8168 (was 21.7126)
t=83432ms iter=1976 incumb=21.7126 ratchet=21.7815 best=21.7110 since_improve=216
t=83433ms iter=1977 WAIST cost=19.0000 best_alt=15.0000 gap=4.0000 tried=5 sep_labels=15 clique_frac=0.05
t=83453ms iter=1977 REBUILD reject new_tc=22.2611 (was 21.7126)
t=83474ms iter=1977 incumb=21.7126 ratchet=21.8578 best=21.7110 since_improve=217
t=83475ms iter=1978 WAIST cost=19.0000 best_alt=15.0000 gap=4.0000 tried=5 sep_labels=15 clique_frac=0.05
t=83495ms iter=1978 REBUILD reject new_tc=21.8700 (was 21.7126)
t=83516ms iter=1978 incumb=21.7126 ratchet=21.8187 best=21.7110 since_improve=218
t=83517ms iter=1979 WAIST cost=19.0000 best_alt=15.0000 gap=4.0000 tried=5 sep_labels=15 clique_frac=0.05
t=83537ms iter=1979 REBUILD reject new_tc=22.6732 (was 21.7126)
t=83558ms iter=1979 incumb=21.7126 ratchet=21.9015 best=21.7110 since_improve=219
t=83559ms iter=1980 WAIST cost=19.0000 best_alt=15.0000 gap=4.0000 tried=5 sep_labels=15 clique_frac=0.05
t=83579ms iter=1980 REBUILD reject new_tc=22.1944 (was 21.7126)
t=83600ms iter=1980 incumb=21.7126 ratchet=21.7392 best=21.7110 since_improve=220
t=83602ms iter=1981 WAIST cost=19.0000 best_alt=15.0000 gap=4.0000 tried=5 sep_labels=15 clique_frac=0.05
t=83621ms iter=1981 REBUILD reject new_tc=21.9201 (was 21.7126)
t=83642ms iter=1981 incumb=21.7126 ratchet=21.8932 best=21.7110 since_improve=221
t=83644ms iter=1982 WAIST cost=19.0000 best_alt=15.0000 gap=4.0000 tried=5 sep_labels=15 clique_frac=0.05
t=83663ms iter=1982 REBUILD reject new_tc=22.1770 (was 21.7126)
t=83684ms iter=1982 incumb=21.7126 ratchet=21.7761 best=21.7110 since_improve=222
t=83686ms iter=1983 WAIST cost=19.0000 best_alt=15.0000 gap=4.0000 tried=5 sep_labels=15 clique_frac=0.05
t=83705ms iter=1983 REBUILD reject new_tc=22.1243 (was 21.7126)
t=83725ms iter=1983 incumb=21.7126 ratchet=21.9647 best=21.7110 since_improve=223
t=83727ms iter=1984 WAIST cost=19.0000 best_alt=15.0000 gap=4.0000 tried=5 sep_labels=15 clique_frac=0.05
t=83746ms iter=1984 REBUILD reject new_tc=22.1560 (was 21.7126)
t=83767ms iter=1984 incumb=21.7126 ratchet=21.7945 best=21.7110 since_improve=224
t=83769ms iter=1985 WAIST cost=19.0000 best_alt=15.0000 gap=4.0000 tried=5 sep_labels=15 clique_frac=0.05
t=83787ms iter=1985 REBUILD reject new_tc=22.1785 (was 21.7126)
t=83808ms iter=1985 incumb=21.7126 ratchet=21.7293 best=21.7110 since_improve=225
t=83810ms iter=1986 WAIST cost=19.0000 best_alt=15.0000 gap=4.0000 tried=5 sep_labels=15 clique_frac=0.05
t=83829ms iter=1986 REBUILD reject new_tc=21.7799 (was 21.7126)
t=83850ms iter=1986 incumb=21.7126 ratchet=21.7577 best=21.7110 since_improve=226
t=83851ms iter=1987 WAIST cost=19.0000 best_alt=15.0000 gap=4.0000 tried=5 sep_labels=15 clique_frac=0.05
t=83871ms iter=1987 REBUILD reject new_tc=21.9521 (was 21.7126)
t=83892ms iter=1987 incumb=21.7126 ratchet=21.7748 best=21.7110 since_improve=227
t=83893ms iter=1988 WAIST cost=19.0000 best_alt=15.0000 gap=4.0000 tried=5 sep_labels=15 clique_frac=0.05
t=83912ms iter=1988 REBUILD reject new_tc=21.8099 (was 21.7126)
t=83933ms iter=1988 incumb=21.7126 ratchet=21.8559 best=21.7110 since_improve=228
t=83935ms iter=1989 WAIST cost=19.0000 best_alt=15.0000 gap=4.0000 tried=5 sep_labels=15 clique_frac=0.05
t=83954ms iter=1989 REBUILD reject new_tc=21.8719 (was 21.7126)
t=83976ms iter=1989 incumb=21.7126 ratchet=21.7859 best=21.7110 since_improve=229
t=83977ms iter=1990 WAIST cost=19.0000 best_alt=15.0000 gap=4.0000 tried=5 sep_labels=15 clique_frac=0.05
t=83996ms iter=1990 REBUILD reject new_tc=22.2677 (was 21.7126)
t=84017ms iter=1990 incumb=21.7126 ratchet=21.8063 best=21.7110 since_improve=230
t=84019ms iter=1991 WAIST cost=19.0000 best_alt=15.0000 gap=4.0000 tried=5 sep_labels=15 clique_frac=0.05
t=84039ms iter=1991 REBUILD reject new_tc=21.7787 (was 21.7126)
t=84060ms iter=1991 incumb=21.7126 ratchet=21.7488 best=21.7110 since_improve=231
t=84062ms iter=1992 WAIST cost=19.0000 best_alt=15.0000 gap=4.0000 tried=5 sep_labels=15 clique_frac=0.05
t=84081ms iter=1992 REBUILD reject new_tc=21.8946 (was 21.7126)
t=84103ms iter=1992 incumb=21.7126 ratchet=22.0748 best=21.7110 since_improve=232
t=84104ms iter=1993 WAIST cost=19.0000 best_alt=15.0000 gap=4.0000 tried=5 sep_labels=15 clique_frac=0.05
t=84123ms iter=1993 REBUILD reject new_tc=21.9074 (was 21.7126)
t=84145ms iter=1993 incumb=21.7126 ratchet=21.9062 best=21.7110 since_improve=233
t=84146ms iter=1994 WAIST cost=19.0000 best_alt=15.0000 gap=4.0000 tried=5 sep_labels=15 clique_frac=0.05
t=84166ms iter=1994 REBUILD reject new_tc=22.3245 (was 21.7126)
t=84187ms iter=1994 incumb=21.7126 ratchet=21.8493 best=21.7110 since_improve=234
t=84188ms iter=1995 WAIST cost=19.0000 best_alt=15.0000 gap=4.0000 tried=5 sep_labels=15 clique_frac=0.05
t=84208ms iter=1995 REBUILD reject new_tc=22.1849 (was 21.7126)
t=84228ms iter=1995 incumb=21.7126 ratchet=21.8842 best=21.7110 since_improve=235
t=84230ms iter=1996 WAIST cost=19.0000 best_alt=15.0000 gap=4.0000 tried=5 sep_labels=15 clique_frac=0.05
t=84250ms iter=1996 REBUILD reject new_tc=21.9201 (was 21.7126)
t=84270ms iter=1996 incumb=21.7126 ratchet=21.8333 best=21.7110 since_improve=236
t=84272ms iter=1997 WAIST cost=19.0000 best_alt=15.0000 gap=4.0000 tried=5 sep_labels=15 clique_frac=0.05
t=84291ms iter=1997 REBUILD reject new_tc=22.0893 (was 21.7126)
t=84311ms iter=1997 incumb=21.7126 ratchet=21.8091 best=21.7110 since_improve=237
t=84313ms iter=1998 WAIST cost=19.0000 best_alt=15.0000 gap=4.0000 tried=5 sep_labels=15 clique_frac=0.05
t=84332ms iter=1998 REBUILD reject new_tc=22.1784 (was 21.7126)
t=84353ms iter=1998 incumb=21.7126 ratchet=22.1598 best=21.7110 since_improve=238
t=84355ms iter=1999 WAIST cost=19.0000 best_alt=15.0000 gap=4.0000 tried=5 sep_labels=15 clique_frac=0.05
t=84374ms iter=1999 REBUILD reject new_tc=22.2611 (was 21.7126)
t=84395ms iter=1999 incumb=21.7126 ratchet=21.8943 best=21.7110 since_improve=239
t=84397ms iter=2000 WAIST cost=19.0000 best_alt=15.0000 gap=4.0000 tried=5 sep_labels=15 clique_frac=0.05
t=84416ms iter=2000 REBUILD reject new_tc=21.7661 (was 21.7126)
t=84437ms iter=2000 incumb=21.7126 ratchet=21.7532 best=21.7110 since_improve=240
t=84438ms iter=2001 WAIST cost=19.0000 best_alt=15.0000 gap=4.0000 tried=5 sep_labels=15 clique_frac=0.05
t=84458ms iter=2001 REBUILD reject new_tc=21.9622 (was 21.7126)
t=84479ms iter=2001 incumb=21.7126 ratchet=21.8547 best=21.7110 since_improve=241
t=84480ms iter=2002 WAIST cost=19.0000 best_alt=15.0000 gap=4.0000 tried=5 sep_labels=15 clique_frac=0.05
t=84500ms iter=2002 REBUILD reject new_tc=21.9653 (was 21.7126)
t=84520ms iter=2002 incumb=21.7126 ratchet=21.8195 best=21.7110 since_improve=242
t=84522ms iter=2003 WAIST cost=19.0000 best_alt=15.0000 gap=4.0000 tried=5 sep_labels=15 clique_frac=0.05
t=84541ms iter=2003 REBUILD reject new_tc=22.2181 (was 21.7126)
t=84562ms iter=2003 incumb=21.7126 ratchet=21.8347 best=21.7110 since_improve=243
t=84564ms iter=2004 WAIST cost=19.0000 best_alt=15.0000 gap=4.0000 tried=5 sep_labels=15 clique_frac=0.05
t=84583ms iter=2004 REBUILD reject new_tc=22.2080 (was 21.7126)
t=84604ms iter=2004 incumb=21.7126 ratchet=21.7932 best=21.7110 since_improve=244
t=84606ms iter=2005 WAIST cost=19.0000 best_alt=15.0000 gap=4.0000 tried=5 sep_labels=15 clique_frac=0.05
t=84625ms iter=2005 REBUILD reject new_tc=21.8673 (was 21.7126)
t=84646ms iter=2005 incumb=21.7126 ratchet=21.7780 best=21.7110 since_improve=245
t=84648ms iter=2006 WAIST cost=19.0000 best_alt=15.0000 gap=4.0000 tried=5 sep_labels=15 clique_frac=0.05
t=84667ms iter=2006 REBUILD reject new_tc=22.1774 (was 21.7126)
t=84688ms iter=2006 incumb=21.7126 ratchet=21.8432 best=21.7110 since_improve=246
t=84690ms iter=2007 WAIST cost=19.0000 best_alt=15.0000 gap=4.0000 tried=5 sep_labels=15 clique_frac=0.05
t=84709ms iter=2007 REBUILD reject new_tc=22.1772 (was 21.7126)
t=84730ms iter=2007 incumb=21.7126 ratchet=21.8436 best=21.7110 since_improve=247
t=84731ms iter=2008 WAIST cost=19.0000 best_alt=15.0000 gap=4.0000 tried=5 sep_labels=15 clique_frac=0.05
t=84751ms iter=2008 REBUILD reject new_tc=22.0619 (was 21.7126)
t=84772ms iter=2008 incumb=21.7126 ratchet=21.8703 best=21.7110 since_improve=248
t=84773ms iter=2009 WAIST cost=19.0000 best_alt=15.0000 gap=4.0000 tried=5 sep_labels=15 clique_frac=0.05
t=84793ms iter=2009 REBUILD reject new_tc=21.8695 (was 21.7126)
t=84814ms iter=2009 incumb=21.7126 ratchet=21.7951 best=21.7110 since_improve=249
t=84816ms iter=2010 WAIST cost=19.0000 best_alt=15.0000 gap=4.0000 tried=5 sep_labels=15 clique_frac=0.05
t=84835ms iter=2010 REBUILD reject new_tc=21.8703 (was 21.7126)
t=84856ms iter=2010 incumb=21.7126 ratchet=21.7559 best=21.7110 since_improve=250
t=84857ms iter=2011 WAIST cost=19.0000 best_alt=15.0000 gap=4.0000 tried=5 sep_labels=15 clique_frac=0.05
t=84877ms iter=2011 REBUILD reject new_tc=22.1952 (was 21.7126)
t=84898ms iter=2011 incumb=21.7126 ratchet=21.7689 best=21.7110 since_improve=251
t=84900ms iter=2012 WAIST cost=19.0000 best_alt=15.0000 gap=4.0000 tried=5 sep_labels=15 clique_frac=0.05
t=84920ms iter=2012 REBUILD reject new_tc=22.1158 (was 21.7126)
t=84940ms iter=2012 incumb=21.7126 ratchet=21.8695 best=21.7110 since_improve=252
t=84942ms iter=2013 WAIST cost=19.0000 best_alt=15.0000 gap=4.0000 tried=5 sep_labels=15 clique_frac=0.05
t=84961ms iter=2013 REBUILD reject new_tc=22.0961 (was 21.7126)
t=84982ms iter=2013 incumb=21.7126 ratchet=21.7981 best=21.7110 since_improve=253
t=84984ms iter=2014 WAIST cost=19.0000 best_alt=15.0000 gap=4.0000 tried=5 sep_labels=15 clique_frac=0.05
t=85003ms iter=2014 REBUILD reject new_tc=22.3443 (was 21.7126)
t=85023ms iter=2014 incumb=21.7126 ratchet=21.8541 best=21.7110 since_improve=254
t=85025ms iter=2015 WAIST cost=19.0000 best_alt=15.0000 gap=4.0000 tried=5 sep_labels=15 clique_frac=0.05
t=85044ms iter=2015 REBUILD reject new_tc=22.1140 (was 21.7126)
t=85065ms iter=2015 incumb=21.7126 ratchet=22.1267 best=21.7110 since_improve=255
t=85067ms iter=2016 WAIST cost=19.0000 best_alt=15.0000 gap=4.0000 tried=5 sep_labels=15 clique_frac=0.05
t=85086ms iter=2016 REBUILD reject new_tc=22.0427 (was 21.7126)
t=85107ms iter=2016 incumb=21.7126 ratchet=21.7517 best=21.7110 since_improve=256
t=85109ms iter=2017 WAIST cost=19.0000 best_alt=15.0000 gap=4.0000 tried=5 sep_labels=15 clique_frac=0.05
t=85128ms iter=2017 REBUILD reject new_tc=21.9162 (was 21.7126)
t=85150ms iter=2017 incumb=21.7126 ratchet=21.7406 best=21.7110 since_improve=257
t=85151ms iter=2018 WAIST cost=19.0000 best_alt=15.0000 gap=4.0000 tried=5 sep_labels=15 clique_frac=0.05
t=85171ms iter=2018 REBUILD reject new_tc=21.9863 (was 21.7126)
t=85192ms iter=2018 incumb=21.7126 ratchet=21.7656 best=21.7110 since_improve=258
t=85193ms iter=2019 WAIST cost=19.0000 best_alt=15.0000 gap=4.0000 tried=5 sep_labels=15 clique_frac=0.05
t=85213ms iter=2019 REBUILD reject new_tc=21.9582 (was 21.7126)
t=85234ms iter=2019 incumb=21.7126 ratchet=21.7678 best=21.7110 since_improve=259
t=85236ms iter=2020 WAIST cost=19.0000 best_alt=15.0000 gap=4.0000 tried=5 sep_labels=15 clique_frac=0.05
t=85255ms iter=2020 REBUILD reject new_tc=22.1047 (was 21.7126)
t=85276ms iter=2020 incumb=21.7126 ratchet=21.8244 best=21.7110 since_improve=260
t=85277ms iter=2021 WAIST cost=19.0000 best_alt=15.0000 gap=4.0000 tried=5 sep_labels=15 clique_frac=0.05
t=85297ms iter=2021 REBUILD reject new_tc=21.8205 (was 21.7126)
t=85318ms iter=2021 incumb=21.7126 ratchet=21.7931 best=21.7110 since_improve=261
t=85319ms iter=2022 WAIST cost=19.0000 best_alt=15.0000 gap=4.0000 tried=5 sep_labels=15 clique_frac=0.05
t=85338ms iter=2022 REBUILD reject new_tc=22.1453 (was 21.7126)
t=85359ms iter=2022 incumb=21.7126 ratchet=21.8480 best=21.7110 since_improve=262
t=85361ms iter=2023 WAIST cost=19.0000 best_alt=15.0000 gap=4.0000 tried=5 sep_labels=15 clique_frac=0.05
t=85380ms iter=2023 REBUILD reject new_tc=22.0738 (was 21.7126)
t=85401ms iter=2023 incumb=21.7126 ratchet=21.7280 best=21.7110 since_improve=263
t=85402ms iter=2024 WAIST cost=19.0000 best_alt=15.0000 gap=4.0000 tried=5 sep_labels=15 clique_frac=0.05
t=85422ms iter=2024 REBUILD reject new_tc=21.9096 (was 21.7126)
t=85443ms iter=2024 incumb=21.7126 ratchet=21.7581 best=21.7110 since_improve=264
t=85444ms iter=2025 WAIST cost=19.0000 best_alt=15.0000 gap=4.0000 tried=5 sep_labels=15 clique_frac=0.05
t=85464ms iter=2025 REBUILD reject new_tc=22.1990 (was 21.7126)
t=85484ms iter=2025 incumb=21.7126 ratchet=21.8559 best=21.7110 since_improve=265
t=85486ms iter=2026 WAIST cost=19.0000 best_alt=15.0000 gap=4.0000 tried=5 sep_labels=15 clique_frac=0.05
t=85506ms iter=2026 REBUILD reject new_tc=21.9069 (was 21.7126)
t=85527ms iter=2026 incumb=21.7126 ratchet=21.9663 best=21.7110 since_improve=266
t=85528ms iter=2027 WAIST cost=19.0000 best_alt=15.0000 gap=4.0000 tried=5 sep_labels=15 clique_frac=0.05
t=85548ms iter=2027 REBUILD reject new_tc=21.7735 (was 21.7126)
t=85569ms iter=2027 incumb=21.7126 ratchet=21.7529 best=21.7110 since_improve=267
t=85570ms iter=2028 WAIST cost=19.0000 best_alt=15.0000 gap=4.0000 tried=5 sep_labels=15 clique_frac=0.05
t=85590ms iter=2028 REBUILD reject new_tc=22.0156 (was 21.7126)
t=85611ms iter=2028 incumb=21.7126 ratchet=21.7688 best=21.7110 since_improve=268
t=85612ms iter=2029 WAIST cost=19.0000 best_alt=15.0000 gap=4.0000 tried=5 sep_labels=15 clique_frac=0.05
t=85632ms iter=2029 REBUILD reject new_tc=22.1794 (was 21.7126)
t=85654ms iter=2029 incumb=21.7126 ratchet=21.9806 best=21.7110 since_improve=269
t=85655ms iter=2030 WAIST cost=19.0000 best_alt=15.0000 gap=4.0000 tried=5 sep_labels=15 clique_frac=0.05
t=85674ms iter=2030 REBUILD reject new_tc=21.9530 (was 21.7126)
t=85695ms iter=2030 incumb=21.7126 ratchet=21.7510 best=21.7110 since_improve=270
t=85697ms iter=2031 WAIST cost=19.0000 best_alt=15.0000 gap=4.0000 tried=5 sep_labels=15 clique_frac=0.05
t=85717ms iter=2031 REBUILD reject new_tc=21.8081 (was 21.7126)
t=85738ms iter=2031 incumb=21.7126 ratchet=21.8846 best=21.7110 since_improve=271
t=85739ms iter=2032 WAIST cost=19.0000 best_alt=15.0000 gap=4.0000 tried=5 sep_labels=15 clique_frac=0.05
t=85758ms iter=2032 REBUILD reject new_tc=22.1045 (was 21.7126)
t=85779ms iter=2032 incumb=21.7126 ratchet=21.8463 best=21.7110 since_improve=272
t=85781ms iter=2033 WAIST cost=19.0000 best_alt=15.0000 gap=4.0000 tried=5 sep_labels=15 clique_frac=0.05
t=85800ms iter=2033 REBUILD reject new_tc=21.8709 (was 21.7126)
t=85821ms iter=2033 incumb=21.7126 ratchet=21.7392 best=21.7110 since_improve=273
t=85823ms iter=2034 WAIST cost=19.0000 best_alt=15.0000 gap=4.0000 tried=5 sep_labels=15 clique_frac=0.05
t=85842ms iter=2034 REBUILD reject new_tc=22.1770 (was 21.7126)
t=85863ms iter=2034 incumb=21.7126 ratchet=21.8318 best=21.7110 since_improve=274
t=85864ms iter=2035 WAIST cost=19.0000 best_alt=15.0000 gap=4.0000 tried=5 sep_labels=15 clique_frac=0.05
t=85883ms iter=2035 REBUILD reject new_tc=22.3740 (was 21.7126)
t=85904ms iter=2035 incumb=21.7126 ratchet=21.7969 best=21.7110 since_improve=275
t=85906ms iter=2036 WAIST cost=19.0000 best_alt=15.0000 gap=4.0000 tried=5 sep_labels=15 clique_frac=0.05
t=85925ms iter=2036 REBUILD reject new_tc=21.9606 (was 21.7126)
t=85946ms iter=2036 incumb=21.7126 ratchet=21.9651 best=21.7110 since_improve=276
t=85947ms iter=2037 WAIST cost=19.0000 best_alt=15.0000 gap=4.0000 tried=5 sep_labels=15 clique_frac=0.05
t=85967ms iter=2037 REBUILD reject new_tc=22.3875 (was 21.7126)
t=85994ms iter=2037 incumb=21.7126 ratchet=21.8812 best=21.7110 since_improve=277
t=85996ms iter=2038 WAIST cost=19.0000 best_alt=15.0000 gap=4.0000 tried=5 sep_labels=15 clique_frac=0.05
t=86031ms iter=2038 REBUILD reject new_tc=22.2643 (was 21.7126)
t=86058ms iter=2038 incumb=21.7126 ratchet=22.0454 best=21.7110 since_improve=278
t=86060ms iter=2039 WAIST cost=19.0000 best_alt=15.0000 gap=4.0000 tried=5 sep_labels=15 clique_frac=0.05
t=86079ms iter=2039 REBUILD reject new_tc=21.9611 (was 21.7126)
t=86101ms iter=2039 incumb=21.7126 ratchet=21.7443 best=21.7110 since_improve=279
t=86102ms iter=2040 WAIST cost=19.0000 best_alt=15.0000 gap=4.0000 tried=5 sep_labels=15 clique_frac=0.05
t=86121ms iter=2040 REBUILD reject new_tc=21.9820 (was 21.7126)
t=86142ms iter=2040 incumb=21.7126 ratchet=21.7577 best=21.7110 since_improve=280
t=86143ms iter=2041 WAIST cost=19.0000 best_alt=15.0000 gap=4.0000 tried=5 sep_labels=15 clique_frac=0.05
t=86162ms iter=2041 REBUILD reject new_tc=22.1137 (was 21.7126)
t=86182ms iter=2041 incumb=21.7126 ratchet=21.7291 best=21.7110 since_improve=281
t=86184ms iter=2042 WAIST cost=19.0000 best_alt=15.0000 gap=4.0000 tried=5 sep_labels=15 clique_frac=0.05
t=86203ms iter=2042 REBUILD reject new_tc=21.9077 (was 21.7126)
t=86224ms iter=2042 incumb=21.7126 ratchet=21.9289 best=21.7110 since_improve=282
t=86226ms iter=2043 WAIST cost=19.0000 best_alt=15.0000 gap=4.0000 tried=5 sep_labels=15 clique_frac=0.05
t=86245ms iter=2043 REBUILD reject new_tc=21.9535 (was 21.7126)
t=86266ms iter=2043 incumb=21.7126 ratchet=21.8104 best=21.7110 since_improve=283
t=86267ms iter=2044 WAIST cost=19.0000 best_alt=15.0000 gap=4.0000 tried=5 sep_labels=15 clique_frac=0.05
t=86287ms iter=2044 REBUILD reject new_tc=21.9533 (was 21.7126)
t=86308ms iter=2044 incumb=21.7126 ratchet=21.7402 best=21.7110 since_improve=284
t=86309ms iter=2045 WAIST cost=19.0000 best_alt=15.0000 gap=4.0000 tried=5 sep_labels=15 clique_frac=0.05
t=86328ms iter=2045 REBUILD reject new_tc=22.1474 (was 21.7126)
t=86349ms iter=2045 incumb=21.7126 ratchet=21.7443 best=21.7110 since_improve=285
t=86351ms iter=2046 WAIST cost=19.0000 best_alt=15.0000 gap=4.0000 tried=5 sep_labels=15 clique_frac=0.05
t=86370ms iter=2046 REBUILD reject new_tc=21.8278 (was 21.7126)
t=86391ms iter=2046 incumb=21.7126 ratchet=21.7521 best=21.7110 since_improve=286
t=86392ms iter=2047 WAIST cost=19.0000 best_alt=15.0000 gap=4.0000 tried=5 sep_labels=15 clique_frac=0.05
t=86411ms iter=2047 REBUILD reject new_tc=21.8171 (was 21.7126)
t=86432ms iter=2047 incumb=21.7126 ratchet=21.9087 best=21.7110 since_improve=287
t=86433ms iter=2048 WAIST cost=19.0000 best_alt=15.0000 gap=4.0000 tried=5 sep_labels=15 clique_frac=0.05
t=86453ms iter=2048 REBUILD reject new_tc=22.0311 (was 21.7126)
t=86474ms iter=2048 incumb=21.7126 ratchet=21.8796 best=21.7110 since_improve=288
t=86475ms iter=2049 WAIST cost=19.0000 best_alt=15.0000 gap=4.0000 tried=5 sep_labels=15 clique_frac=0.05
t=86495ms iter=2049 REBUILD reject new_tc=21.8575 (was 21.7126)
t=86516ms iter=2049 incumb=21.7126 ratchet=21.8524 best=21.7110 since_improve=289
t=86517ms iter=2050 WAIST cost=19.0000 best_alt=15.0000 gap=4.0000 tried=5 sep_labels=15 clique_frac=0.05
t=86536ms iter=2050 REBUILD reject new_tc=21.8698 (was 21.7126)
t=86557ms iter=2050 incumb=21.7126 ratchet=21.7539 best=21.7110 since_improve=290
t=86559ms iter=2051 WAIST cost=19.0000 best_alt=15.0000 gap=4.0000 tried=5 sep_labels=15 clique_frac=0.05
t=86578ms iter=2051 REBUILD reject new_tc=21.9162 (was 21.7126)
t=86599ms iter=2051 incumb=21.7126 ratchet=21.9085 best=21.7110 since_improve=291
t=86603ms iter=2052 WAIST cost=19.0000 best_alt=15.0000 gap=4.0000 tried=5 sep_labels=15 clique_frac=0.05
t=86627ms iter=2052 REBUILD reject new_tc=21.9497 (was 21.7126)
t=86648ms iter=2052 incumb=21.7126 ratchet=21.8077 best=21.7110 since_improve=292
t=86650ms iter=2053 WAIST cost=19.0000 best_alt=15.0000 gap=4.0000 tried=5 sep_labels=15 clique_frac=0.05
t=86669ms iter=2053 REBUILD reject new_tc=22.0187 (was 21.7126)
t=86690ms iter=2053 incumb=21.7126 ratchet=22.0432 best=21.7110 since_improve=293
t=86692ms iter=2054 WAIST cost=19.0000 best_alt=15.0000 gap=4.0000 tried=5 sep_labels=15 clique_frac=0.05
t=86711ms iter=2054 REBUILD reject new_tc=22.1219 (was 21.7126)
t=86733ms iter=2054 incumb=21.7126 ratchet=21.7566 best=21.7110 since_improve=294
t=86734ms iter=2055 WAIST cost=19.0000 best_alt=15.0000 gap=4.0000 tried=5 sep_labels=15 clique_frac=0.05
t=86753ms iter=2055 REBUILD reject new_tc=22.0964 (was 21.7126)
t=86774ms iter=2055 incumb=21.7126 ratchet=21.9190 best=21.7110 since_improve=295
t=86776ms iter=2056 WAIST cost=19.0000 best_alt=15.0000 gap=4.0000 tried=5 sep_labels=15 clique_frac=0.05
t=86795ms iter=2056 REBUILD reject new_tc=21.7739 (was 21.7126)
t=86817ms iter=2056 incumb=21.7126 ratchet=21.7693 best=21.7110 since_improve=296
t=86818ms iter=2057 WAIST cost=19.0000 best_alt=15.0000 gap=4.0000 tried=5 sep_labels=15 clique_frac=0.05
t=86837ms iter=2057 REBUILD reject new_tc=22.5111 (was 21.7126)
t=86859ms iter=2057 incumb=21.7126 ratchet=21.7933 best=21.7110 since_improve=297
t=86860ms iter=2058 WAIST cost=19.0000 best_alt=15.0000 gap=4.0000 tried=5 sep_labels=15 clique_frac=0.05
t=86879ms iter=2058 REBUILD reject new_tc=22.1794 (was 21.7126)
t=86902ms iter=2058 incumb=21.7126 ratchet=21.7855 best=21.7110 since_improve=298
t=86903ms iter=2059 WAIST cost=19.0000 best_alt=15.0000 gap=4.0000 tried=5 sep_labels=15 clique_frac=0.05
t=86923ms iter=2059 REBUILD reject new_tc=21.9635 (was 21.7126)
t=86943ms iter=2059 incumb=21.7126 ratchet=22.0042 best=21.7110 since_improve=299
t=86945ms iter=2060 WAIST cost=19.0000 best_alt=15.0000 gap=4.0000 tried=5 sep_labels=15 clique_frac=0.05
t=86964ms iter=2060 REBUILD reject new_tc=21.8682 (was 21.7126)
t=86985ms iter=2060 incumb=21.7126 ratchet=21.8567 best=21.7110 since_improve=300
t=86987ms iter=2061 WAIST cost=19.0000 best_alt=15.0000 gap=4.0000 tried=5 sep_labels=15 clique_frac=0.05
t=87006ms iter=2061 REBUILD reject new_tc=21.8602 (was 21.7126)
t=87027ms iter=2061 incumb=21.7126 ratchet=21.8328 best=21.7110 since_improve=301
t=87029ms iter=2062 WAIST cost=19.0000 best_alt=15.0000 gap=4.0000 tried=5 sep_labels=15 clique_frac=0.05
t=87048ms iter=2062 REBUILD reject new_tc=22.1860 (was 21.7126)
t=87069ms iter=2062 incumb=21.7126 ratchet=21.8464 best=21.7110 since_improve=302
t=87070ms iter=2063 WAIST cost=19.0000 best_alt=15.0000 gap=4.0000 tried=5 sep_labels=15 clique_frac=0.05
t=87090ms iter=2063 REBUILD reject new_tc=22.1810 (was 21.7126)
t=87111ms iter=2063 incumb=21.7126 ratchet=21.7699 best=21.7110 since_improve=303
t=87113ms iter=2064 WAIST cost=19.0000 best_alt=15.0000 gap=4.0000 tried=5 sep_labels=15 clique_frac=0.05
t=87132ms iter=2064 REBUILD reject new_tc=21.7781 (was 21.7126)
t=87153ms iter=2064 incumb=21.7126 ratchet=21.8499 best=21.7110 since_improve=304
t=87154ms iter=2065 WAIST cost=19.0000 best_alt=15.0000 gap=4.0000 tried=5 sep_labels=15 clique_frac=0.05
t=87174ms iter=2065 REBUILD reject new_tc=22.1852 (was 21.7126)
t=87195ms iter=2065 incumb=21.7126 ratchet=21.9298 best=21.7110 since_improve=305
t=87196ms iter=2066 WAIST cost=19.0000 best_alt=15.0000 gap=4.0000 tried=5 sep_labels=15 clique_frac=0.05
t=87215ms iter=2066 REBUILD reject new_tc=21.9522 (was 21.7126)
t=87237ms iter=2066 incumb=21.7126 ratchet=22.2450 best=21.7110 since_improve=306
t=87238ms iter=2067 WAIST cost=19.0000 best_alt=15.0000 gap=4.0000 tried=5 sep_labels=15 clique_frac=0.05
t=87258ms iter=2067 REBUILD reject new_tc=22.2598 (was 21.7126)
t=87279ms iter=2067 incumb=21.7126 ratchet=21.7589 best=21.7110 since_improve=307
t=87280ms iter=2068 WAIST cost=19.0000 best_alt=15.0000 gap=4.0000 tried=5 sep_labels=15 clique_frac=0.05
t=87300ms iter=2068 REBUILD reject new_tc=21.9846 (was 21.7126)
t=87301ms iter=2068 incumb=21.7126 ratchet=29.2865 best=21.7110 since_improve=308
t_final=87310ms tc_reduced=21.7110 tc_full=21.7901 leaves=403
surgery summary: calls=2068 cheaper_cuts=2068 rebuild_accepts=3 waist_min_hits=0
