probe: instance=sycamore_53_20_0 n_orig=3369 n=381 fusible=0.8869 nlabels=754 t=16ms
seed_greedy tc=88.0071 t=522ms
t=625ms iter=1 WAIST cost=58.0000 best_alt=52.0000 gap=6.0000 tried=5 sep_labels=52 clique_frac=0.01
t=933ms iter=1 REBUILD ACCEPT new_tc=61.2333 (was 61.7699)
t=2488ms iter=1 incumb=61.2333 ratchet=61.1071 best=61.1071 since_improve=0
t=2499ms iter=2 WAIST cost=57.0000 best_alt=52.0000 gap=5.0000 tried=5 sep_labels=52 clique_frac=0.01
t=2659ms iter=2 REBUILD reject new_tc=62.2877 (was 61.1071)
t=4863ms iter=2 incumb=61.1071 ratchet=60.9645 best=60.9343 since_improve=0
t=4874ms iter=3 WAIST cost=56.0000 best_alt=52.0000 gap=4.0000 tried=5 sep_labels=52 clique_frac=0.01
t=5211ms iter=3 REBUILD ACCEPT new_tc=60.7747 (was 60.9645)
t=7493ms iter=3 incumb=60.7747 ratchet=60.3438 best=60.3438 since_improve=0
t=7503ms iter=4 WAIST cost=56.0000 best_alt=51.0000 gap=5.0000 tried=5 sep_labels=51 clique_frac=0.01
t=7679ms iter=4 REBUILD reject new_tc=60.7497 (was 60.3438)
t=9338ms iter=4 incumb=60.3438 ratchet=60.2223 best=60.2200 since_improve=0
t=9347ms iter=5 WAIST cost=56.0000 best_alt=49.0000 gap=7.0000 tried=5 sep_labels=49 clique_frac=0.01
t=9515ms iter=5 REBUILD reject new_tc=61.3870 (was 60.2223)
t=11174ms iter=5 incumb=60.2223 ratchet=60.0487 best=60.0487 since_improve=0
t=11182ms iter=6 WAIST cost=56.0000 best_alt=52.0000 gap=4.0000 tried=5 sep_labels=52 clique_frac=0.01
t=11363ms iter=6 REBUILD reject new_tc=61.2069 (was 60.0487)
t=12073ms iter=6 incumb=60.0487 ratchet=60.0069 best=59.9944 since_improve=0
t=12084ms iter=7 WAIST cost=56.0000 best_alt=51.0000 gap=5.0000 tried=5 sep_labels=51 clique_frac=0.01
t=12258ms iter=7 REBUILD reject new_tc=63.8158 (was 60.0069)
t=12410ms iter=7 incumb=60.0069 ratchet=60.0623 best=59.9944 since_improve=1
t=12418ms iter=8 WAIST cost=56.0000 best_alt=51.0000 gap=5.0000 tried=5 sep_labels=51 clique_frac=0.01
t=12593ms iter=8 REBUILD reject new_tc=61.1035 (was 60.0069)
t=12750ms iter=8 incumb=60.0069 ratchet=60.0477 best=59.9944 since_improve=2
t=12758ms iter=9 WAIST cost=56.0000 best_alt=51.0000 gap=5.0000 tried=5 sep_labels=51 clique_frac=0.01
t=12929ms iter=9 REBUILD reject new_tc=63.5558 (was 60.0069)
t=13084ms iter=9 incumb=60.0069 ratchet=60.0083 best=59.9944 since_improve=3
t=13094ms iter=10 WAIST cost=56.0000 best_alt=51.0000 gap=5.0000 tried=5 sep_labels=51 clique_frac=0.01
t=13268ms iter=10 REBUILD reject new_tc=62.9720 (was 60.0069)
t=13421ms iter=10 incumb=60.0069 ratchet=60.0194 best=59.9944 since_improve=4
t=13430ms iter=11 WAIST cost=56.0000 best_alt=51.0000 gap=5.0000 tried=5 sep_labels=51 clique_frac=0.01
t=13607ms iter=11 REBUILD reject new_tc=60.1243 (was 60.0069)
t=14678ms iter=11 incumb=60.0069 ratchet=59.9583 best=59.9583 since_improve=0
t=14686ms iter=12 WAIST cost=56.0000 best_alt=51.0000 gap=5.0000 tried=5 sep_labels=51 clique_frac=0.01
t=14837ms iter=12 REBUILD reject new_tc=66.4224 (was 59.9583)
t=14993ms iter=12 incumb=59.9583 ratchet=59.9710 best=59.9583 since_improve=1
t=15002ms iter=13 WAIST cost=56.0000 best_alt=52.0000 gap=4.0000 tried=5 sep_labels=52 clique_frac=0.01
t=15171ms iter=13 REBUILD reject new_tc=63.3680 (was 59.9583)
t=15331ms iter=13 incumb=59.9583 ratchet=60.0464 best=59.9583 since_improve=2
t=15339ms iter=14 WAIST cost=56.0000 best_alt=52.0000 gap=4.0000 tried=5 sep_labels=52 clique_frac=0.01
t=15506ms iter=14 REBUILD reject new_tc=63.7068 (was 59.9583)
t=15665ms iter=14 incumb=59.9583 ratchet=60.0791 best=59.9583 since_improve=3
t=15673ms iter=15 WAIST cost=56.0000 best_alt=51.0000 gap=5.0000 tried=5 sep_labels=51 clique_frac=0.01
t=15812ms iter=15 REBUILD reject new_tc=76.0007 (was 59.9583)
t=15975ms iter=15 incumb=59.9583 ratchet=59.9638 best=59.9583 since_improve=4
t=15985ms iter=16 WAIST cost=56.0000 best_alt=50.0000 gap=6.0000 tried=5 sep_labels=50 clique_frac=0.01
t=16141ms iter=16 REBUILD reject new_tc=61.5535 (was 59.9583)
t=16290ms iter=16 incumb=59.9583 ratchet=60.0796 best=59.9583 since_improve=5
t=16298ms iter=17 WAIST cost=56.0000 best_alt=52.0000 gap=4.0000 tried=5 sep_labels=52 clique_frac=0.01
t=16469ms iter=17 REBUILD reject new_tc=67.2280 (was 59.9583)
t=16623ms iter=17 incumb=59.9583 ratchet=59.9842 best=59.9583 since_improve=6
t=16633ms iter=18 WAIST cost=56.0000 best_alt=51.0000 gap=5.0000 tried=5 sep_labels=51 clique_frac=0.01
t=16792ms iter=18 REBUILD reject new_tc=61.4043 (was 59.9583)
t=16954ms iter=18 incumb=59.9583 ratchet=59.9889 best=59.9583 since_improve=7
t=16961ms iter=19 WAIST cost=56.0000 best_alt=51.0000 gap=5.0000 tried=5 sep_labels=51 clique_frac=0.01
t=17109ms iter=19 REBUILD reject new_tc=61.3825 (was 59.9583)
t=17266ms iter=19 incumb=59.9583 ratchet=60.0598 best=59.9583 since_improve=8
t=17274ms iter=20 WAIST cost=56.0000 best_alt=52.0000 gap=4.0000 tried=5 sep_labels=52 clique_frac=0.01
t=17443ms iter=20 REBUILD reject new_tc=60.8056 (was 59.9583)
t=17600ms iter=20 incumb=59.9583 ratchet=59.9948 best=59.9583 since_improve=9
t=17608ms iter=21 WAIST cost=56.0000 best_alt=51.0000 gap=5.0000 tried=5 sep_labels=51 clique_frac=0.01
t=17779ms iter=21 REBUILD reject new_tc=61.4721 (was 59.9583)
t=18489ms iter=21 incumb=59.9583 ratchet=59.9553 best=59.9553 since_improve=0
t=18497ms iter=22 WAIST cost=56.0000 best_alt=51.0000 gap=5.0000 tried=5 sep_labels=51 clique_frac=0.01
t=18666ms iter=22 REBUILD reject new_tc=60.8174 (was 59.9553)
t=19369ms iter=22 incumb=59.9553 ratchet=59.9265 best=59.9265 since_improve=0
t=19379ms iter=23 WAIST cost=56.0000 best_alt=51.0000 gap=5.0000 tried=5 sep_labels=51 clique_frac=0.01
t=19557ms iter=23 REBUILD reject new_tc=61.2623 (was 59.9265)
t=19706ms iter=23 incumb=59.9265 ratchet=59.9789 best=59.9265 since_improve=1
t=19718ms iter=24 WAIST cost=56.0000 best_alt=51.0000 gap=5.0000 tried=5 sep_labels=51 clique_frac=0.01
t=19892ms iter=24 REBUILD reject new_tc=60.8584 (was 59.9265)
t=20046ms iter=24 incumb=59.9265 ratchet=59.9853 best=59.9265 since_improve=2
t=20055ms iter=25 WAIST cost=56.0000 best_alt=51.0000 gap=5.0000 tried=5 sep_labels=51 clique_frac=0.01
t=20233ms iter=25 REBUILD reject new_tc=60.8206 (was 59.9265)
t=20388ms iter=25 incumb=59.9265 ratchet=60.0553 best=59.9265 since_improve=3
t=20397ms iter=26 WAIST cost=56.0000 best_alt=51.0000 gap=5.0000 tried=5 sep_labels=51 clique_frac=0.01
t=20570ms iter=26 REBUILD reject new_tc=64.4066 (was 59.9265)
t=20721ms iter=26 incumb=59.9265 ratchet=59.9920 best=59.9265 since_improve=4
t=20729ms iter=27 WAIST cost=56.0000 best_alt=51.0000 gap=5.0000 tried=5 sep_labels=51 clique_frac=0.01
t=20906ms iter=27 REBUILD reject new_tc=60.6385 (was 59.9265)
t=21062ms iter=27 incumb=59.9265 ratchet=60.0907 best=59.9265 since_improve=5
t=21071ms iter=28 WAIST cost=56.0000 best_alt=51.0000 gap=5.0000 tried=5 sep_labels=51 clique_frac=0.01
t=21249ms iter=28 REBUILD reject new_tc=63.3406 (was 59.9265)
t=21393ms iter=28 incumb=59.9265 ratchet=60.3065 best=59.9265 since_improve=6
t=21403ms iter=29 WAIST cost=56.0000 best_alt=51.0000 gap=5.0000 tried=5 sep_labels=51 clique_frac=0.01
t=21574ms iter=29 REBUILD reject new_tc=60.7163 (was 59.9265)
t=21727ms iter=29 incumb=59.9265 ratchet=60.0043 best=59.9265 since_improve=7
t=21735ms iter=30 WAIST cost=56.0000 best_alt=51.0000 gap=5.0000 tried=5 sep_labels=51 clique_frac=0.01
t=21909ms iter=30 REBUILD reject new_tc=60.8141 (was 59.9265)
t=22066ms iter=30 incumb=59.9265 ratchet=60.2098 best=59.9265 since_improve=8
t=22074ms iter=31 WAIST cost=56.0000 best_alt=51.0000 gap=5.0000 tried=5 sep_labels=51 clique_frac=0.01
t=22239ms iter=31 REBUILD reject new_tc=63.7288 (was 59.9265)
t=22391ms iter=31 incumb=59.9265 ratchet=60.0350 best=59.9265 since_improve=9
t=22398ms iter=32 WAIST cost=56.0000 best_alt=51.0000 gap=5.0000 tried=5 sep_labels=51 clique_frac=0.01
t=22575ms iter=32 REBUILD reject new_tc=63.9682 (was 59.9265)
t=22732ms iter=32 incumb=59.9265 ratchet=60.0911 best=59.9265 since_improve=10
t=22741ms iter=33 WAIST cost=56.0000 best_alt=51.0000 gap=5.0000 tried=5 sep_labels=51 clique_frac=0.01
t=22904ms iter=33 REBUILD reject new_tc=68.0069 (was 59.9265)
t=23060ms iter=33 incumb=59.9265 ratchet=59.9735 best=59.9265 since_improve=11
t=23070ms iter=34 WAIST cost=56.0000 best_alt=51.0000 gap=5.0000 tried=5 sep_labels=51 clique_frac=0.01
t=23237ms iter=34 REBUILD reject new_tc=71.0066 (was 59.9265)
t=23396ms iter=34 incumb=59.9265 ratchet=59.9960 best=59.9265 since_improve=12
t=23403ms iter=35 WAIST cost=56.0000 best_alt=51.0000 gap=5.0000 tried=5 sep_labels=51 clique_frac=0.01
t=23580ms iter=35 REBUILD reject new_tc=61.3423 (was 59.9265)
t=23732ms iter=35 incumb=59.9265 ratchet=59.9849 best=59.9265 since_improve=13
t=23739ms iter=36 WAIST cost=56.0000 best_alt=51.0000 gap=5.0000 tried=5 sep_labels=51 clique_frac=0.01
t=23911ms iter=36 REBUILD reject new_tc=60.5429 (was 59.9265)
t=24058ms iter=36 incumb=59.9265 ratchet=60.2281 best=59.9265 since_improve=14
t=24067ms iter=37 WAIST cost=56.0000 best_alt=51.0000 gap=5.0000 tried=5 sep_labels=51 clique_frac=0.01
t=24230ms iter=37 REBUILD reject new_tc=76.0000 (was 59.9265)
t=24382ms iter=37 incumb=59.9265 ratchet=60.0808 best=59.9265 since_improve=15
t=24391ms iter=38 WAIST cost=56.0000 best_alt=51.0000 gap=5.0000 tried=5 sep_labels=51 clique_frac=0.01
t=24560ms iter=38 REBUILD reject new_tc=61.1336 (was 59.9265)
t=24715ms iter=38 incumb=59.9265 ratchet=60.0384 best=59.9265 since_improve=16
t=24723ms iter=39 WAIST cost=56.0000 best_alt=51.0000 gap=5.0000 tried=5 sep_labels=51 clique_frac=0.01
t=24900ms iter=39 REBUILD reject new_tc=60.8994 (was 59.9265)
t=25056ms iter=39 incumb=59.9265 ratchet=59.9776 best=59.9265 since_improve=17
t=25065ms iter=40 WAIST cost=56.0000 best_alt=51.0000 gap=5.0000 tried=5 sep_labels=51 clique_frac=0.01
t=25240ms iter=40 REBUILD reject new_tc=60.9031 (was 59.9265)
t=25397ms iter=40 incumb=59.9265 ratchet=59.9938 best=59.9265 since_improve=18
t=25405ms iter=41 WAIST cost=56.0000 best_alt=51.0000 gap=5.0000 tried=5 sep_labels=51 clique_frac=0.01
t=25576ms iter=41 REBUILD reject new_tc=60.0448 (was 59.9265)
t=25735ms iter=41 incumb=59.9265 ratchet=60.2073 best=59.9265 since_improve=19
t=25743ms iter=42 WAIST cost=56.0000 best_alt=51.0000 gap=5.0000 tried=5 sep_labels=51 clique_frac=0.01
t=25915ms iter=42 REBUILD reject new_tc=60.4290 (was 59.9265)
t=26063ms iter=42 incumb=59.9265 ratchet=59.9685 best=59.9265 since_improve=20
t=26070ms iter=43 WAIST cost=56.0000 best_alt=51.0000 gap=5.0000 tried=5 sep_labels=51 clique_frac=0.01
t=26249ms iter=43 REBUILD reject new_tc=60.7102 (was 59.9265)
t=26407ms iter=43 incumb=59.9265 ratchet=60.0241 best=59.9265 since_improve=21
t=26418ms iter=44 WAIST cost=56.0000 best_alt=51.0000 gap=5.0000 tried=5 sep_labels=51 clique_frac=0.01
t=26595ms iter=44 REBUILD reject new_tc=60.6783 (was 59.9265)
t=26749ms iter=44 incumb=59.9265 ratchet=60.0974 best=59.9265 since_improve=22
t=26756ms iter=45 WAIST cost=56.0000 best_alt=50.0000 gap=6.0000 tried=5 sep_labels=50 clique_frac=0.01
t=26926ms iter=45 REBUILD reject new_tc=60.9890 (was 59.9265)
t=27093ms iter=45 incumb=59.9265 ratchet=59.9331 best=59.9265 since_improve=23
t=27101ms iter=46 WAIST cost=56.0000 best_alt=49.0000 gap=7.0000 tried=5 sep_labels=49 clique_frac=0.01
t=27268ms iter=46 REBUILD reject new_tc=61.6486 (was 59.9265)
t=27433ms iter=46 incumb=59.9265 ratchet=60.0419 best=59.9265 since_improve=24
t=27443ms iter=47 WAIST cost=56.0000 best_alt=51.0000 gap=5.0000 tried=5 sep_labels=51 clique_frac=0.01
t=27613ms iter=47 REBUILD reject new_tc=63.5108 (was 59.9265)
t=27768ms iter=47 incumb=59.9265 ratchet=59.9846 best=59.9265 since_improve=25
t=27777ms iter=48 WAIST cost=56.0000 best_alt=51.0000 gap=5.0000 tried=5 sep_labels=51 clique_frac=0.01
t=27941ms iter=48 REBUILD reject new_tc=71.0022 (was 59.9265)
t=28102ms iter=48 incumb=59.9265 ratchet=60.0059 best=59.9265 since_improve=26
t=28110ms iter=49 WAIST cost=56.0000 best_alt=51.0000 gap=5.0000 tried=5 sep_labels=51 clique_frac=0.01
t=28283ms iter=49 REBUILD reject new_tc=59.9961 (was 59.9265)
t=28437ms iter=49 incumb=59.9265 ratchet=60.0850 best=59.9265 since_improve=27
t=28447ms iter=50 WAIST cost=56.0000 best_alt=51.0000 gap=5.0000 tried=5 sep_labels=51 clique_frac=0.01
t=28621ms iter=50 REBUILD reject new_tc=60.8928 (was 59.9265)
t=28781ms iter=50 incumb=59.9265 ratchet=60.0999 best=59.9265 since_improve=28
t=28788ms iter=51 WAIST cost=56.0000 best_alt=51.0000 gap=5.0000 tried=5 sep_labels=51 clique_frac=0.01
t=28964ms iter=51 REBUILD reject new_tc=60.8703 (was 59.9265)
t=29114ms iter=51 incumb=59.9265 ratchet=60.0246 best=59.9265 since_improve=29
t=29122ms iter=52 WAIST cost=56.0000 best_alt=51.0000 gap=5.0000 tried=5 sep_labels=51 clique_frac=0.01
t=29294ms iter=52 REBUILD reject new_tc=60.8423 (was 59.9265)
t=29447ms iter=52 incumb=59.9265 ratchet=59.9575 best=59.9265 since_improve=30
t=29457ms iter=53 WAIST cost=56.0000 best_alt=51.0000 gap=5.0000 tried=5 sep_labels=51 clique_frac=0.01
t=29627ms iter=53 REBUILD reject new_tc=60.6902 (was 59.9265)
t=29778ms iter=53 incumb=59.9265 ratchet=60.0479 best=59.9265 since_improve=31
t=29787ms iter=54 WAIST cost=56.0000 best_alt=51.0000 gap=5.0000 tried=5 sep_labels=51 clique_frac=0.01
t=29957ms iter=54 REBUILD reject new_tc=60.0262 (was 59.9265)
t=30115ms iter=54 incumb=59.9265 ratchet=60.0191 best=59.9265 since_improve=32
t=30124ms iter=55 WAIST cost=56.0000 best_alt=51.0000 gap=5.0000 tried=5 sep_labels=51 clique_frac=0.01
t=30300ms iter=55 REBUILD reject new_tc=66.0010 (was 59.9265)
t=30456ms iter=55 incumb=59.9265 ratchet=60.4737 best=59.9265 since_improve=33
t=30463ms iter=56 WAIST cost=56.0000 best_alt=51.0000 gap=5.0000 tried=5 sep_labels=51 clique_frac=0.01
t=30636ms iter=56 REBUILD reject new_tc=60.4691 (was 59.9265)
t=30796ms iter=56 incumb=59.9265 ratchet=60.0447 best=59.9265 since_improve=34
t=30806ms iter=57 WAIST cost=56.0000 best_alt=51.0000 gap=5.0000 tried=5 sep_labels=51 clique_frac=0.01
t=30974ms iter=57 REBUILD reject new_tc=65.2555 (was 59.9265)
t=31131ms iter=57 incumb=59.9265 ratchet=60.0583 best=59.9265 since_improve=35
t=31138ms iter=58 WAIST cost=56.0000 best_alt=51.0000 gap=5.0000 tried=5 sep_labels=51 clique_frac=0.01
t=31309ms iter=58 REBUILD reject new_tc=62.1627 (was 59.9265)
t=31463ms iter=58 incumb=59.9265 ratchet=60.0548 best=59.9265 since_improve=36
t=31471ms iter=59 WAIST cost=56.0000 best_alt=51.0000 gap=5.0000 tried=5 sep_labels=51 clique_frac=0.01
t=31641ms iter=59 REBUILD reject new_tc=60.7028 (was 59.9265)
t=31799ms iter=59 incumb=59.9265 ratchet=60.0845 best=59.9265 since_improve=37
t=31806ms iter=60 WAIST cost=56.0000 best_alt=51.0000 gap=5.0000 tried=5 sep_labels=51 clique_frac=0.01
t=31979ms iter=60 REBUILD reject new_tc=60.4420 (was 59.9265)
t=32136ms iter=60 incumb=59.9265 ratchet=59.9726 best=59.9265 since_improve=38
t=32144ms iter=61 WAIST cost=56.0000 best_alt=51.0000 gap=5.0000 tried=5 sep_labels=51 clique_frac=0.01
t=32318ms iter=61 REBUILD reject new_tc=60.4880 (was 59.9265)
t=32479ms iter=61 incumb=59.9265 ratchet=60.5804 best=59.9265 since_improve=39
t=32487ms iter=62 WAIST cost=56.0000 best_alt=51.0000 gap=5.0000 tried=5 sep_labels=51 clique_frac=0.01
t=32659ms iter=62 REBUILD reject new_tc=65.4355 (was 59.9265)
t=32811ms iter=62 incumb=59.9265 ratchet=60.0190 best=59.9265 since_improve=40
t=32820ms iter=63 WAIST cost=56.0000 best_alt=51.0000 gap=5.0000 tried=5 sep_labels=51 clique_frac=0.01
t=32994ms iter=63 REBUILD reject new_tc=60.1943 (was 59.9265)
t=33152ms iter=63 incumb=59.9265 ratchet=60.1219 best=59.9265 since_improve=41
t=33160ms iter=64 WAIST cost=56.0000 best_alt=51.0000 gap=5.0000 tried=5 sep_labels=51 clique_frac=0.01
t=33331ms iter=64 REBUILD reject new_tc=64.0854 (was 59.9265)
t=33479ms iter=64 incumb=59.9265 ratchet=59.9744 best=59.9265 since_improve=42
t=33490ms iter=65 WAIST cost=56.0000 best_alt=51.0000 gap=5.0000 tried=5 sep_labels=51 clique_frac=0.01
t=33664ms iter=65 REBUILD reject new_tc=61.3489 (was 59.9265)
t=33825ms iter=65 incumb=59.9265 ratchet=60.0142 best=59.9265 since_improve=43
t=33834ms iter=66 WAIST cost=56.0000 best_alt=51.0000 gap=5.0000 tried=5 sep_labels=51 clique_frac=0.01
t=33998ms iter=66 REBUILD reject new_tc=71.0054 (was 59.9265)
t=34155ms iter=66 incumb=59.9265 ratchet=59.9653 best=59.9265 since_improve=44
t=34165ms iter=67 WAIST cost=56.0000 best_alt=51.0000 gap=5.0000 tried=5 sep_labels=51 clique_frac=0.01
t=34340ms iter=67 REBUILD reject new_tc=61.2122 (was 59.9265)
t=34498ms iter=67 incumb=59.9265 ratchet=59.9625 best=59.9265 since_improve=45
t=34506ms iter=68 WAIST cost=56.0000 best_alt=51.0000 gap=5.0000 tried=5 sep_labels=51 clique_frac=0.01
t=34679ms iter=68 REBUILD reject new_tc=60.6626 (was 59.9265)
t=34829ms iter=68 incumb=59.9265 ratchet=59.9831 best=59.9265 since_improve=46
t=34839ms iter=69 WAIST cost=56.0000 best_alt=51.0000 gap=5.0000 tried=5 sep_labels=51 clique_frac=0.01
t=35016ms iter=69 REBUILD reject new_tc=60.6970 (was 59.9265)
t=35174ms iter=69 incumb=59.9265 ratchet=60.0776 best=59.9265 since_improve=47
t=35182ms iter=70 WAIST cost=56.0000 best_alt=51.0000 gap=5.0000 tried=5 sep_labels=51 clique_frac=0.01
t=35358ms iter=70 REBUILD reject new_tc=60.3003 (was 59.9265)
t=35517ms iter=70 incumb=59.9265 ratchet=60.0312 best=59.9265 since_improve=48
t=35526ms iter=71 WAIST cost=56.0000 best_alt=51.0000 gap=5.0000 tried=5 sep_labels=51 clique_frac=0.01
t=35698ms iter=71 REBUILD reject new_tc=60.7809 (was 59.9265)
t=35851ms iter=71 incumb=59.9265 ratchet=59.9760 best=59.9265 since_improve=49
t=35860ms iter=72 WAIST cost=56.0000 best_alt=51.0000 gap=5.0000 tried=5 sep_labels=51 clique_frac=0.01
t=36034ms iter=72 REBUILD reject new_tc=61.1072 (was 59.9265)
t=36193ms iter=72 incumb=59.9265 ratchet=60.0281 best=59.9265 since_improve=50
t=36201ms iter=73 WAIST cost=56.0000 best_alt=51.0000 gap=5.0000 tried=5 sep_labels=51 clique_frac=0.01
t=36372ms iter=73 REBUILD reject new_tc=65.1617 (was 59.9265)
t=36527ms iter=73 incumb=59.9265 ratchet=60.0059 best=59.9265 since_improve=51
t=36535ms iter=74 WAIST cost=56.0000 best_alt=51.0000 gap=5.0000 tried=5 sep_labels=51 clique_frac=0.01
t=36707ms iter=74 REBUILD reject new_tc=63.9060 (was 59.9265)
t=36864ms iter=74 incumb=59.9265 ratchet=60.0023 best=59.9265 since_improve=52
t=36873ms iter=75 WAIST cost=56.0000 best_alt=51.0000 gap=5.0000 tried=5 sep_labels=51 clique_frac=0.01
t=37041ms iter=75 REBUILD reject new_tc=60.9232 (was 59.9265)
t=37195ms iter=75 incumb=59.9265 ratchet=60.0609 best=59.9265 since_improve=53
t=37204ms iter=76 WAIST cost=56.0000 best_alt=51.0000 gap=5.0000 tried=5 sep_labels=51 clique_frac=0.01
t=37378ms iter=76 REBUILD reject new_tc=60.8231 (was 59.9265)
t=37537ms iter=76 incumb=59.9265 ratchet=60.0738 best=59.9265 since_improve=54
t=37545ms iter=77 WAIST cost=56.0000 best_alt=51.0000 gap=5.0000 tried=5 sep_labels=51 clique_frac=0.01
t=37722ms iter=77 REBUILD reject new_tc=65.5468 (was 59.9265)
t=37875ms iter=77 incumb=59.9265 ratchet=60.0238 best=59.9265 since_improve=55
t=37884ms iter=78 WAIST cost=56.0000 best_alt=51.0000 gap=5.0000 tried=5 sep_labels=51 clique_frac=0.01
t=38060ms iter=78 REBUILD reject new_tc=60.6347 (was 59.9265)
t=38215ms iter=78 incumb=59.9265 ratchet=59.9484 best=59.9265 since_improve=56
t=38223ms iter=79 WAIST cost=56.0000 best_alt=51.0000 gap=5.0000 tried=5 sep_labels=51 clique_frac=0.01
t=38394ms iter=79 REBUILD reject new_tc=63.7734 (was 59.9265)
t=38550ms iter=79 incumb=59.9265 ratchet=59.9348 best=59.9265 since_improve=57
t=38560ms iter=80 WAIST cost=56.0000 best_alt=50.0000 gap=6.0000 tried=5 sep_labels=50 clique_frac=0.01
t=38706ms iter=80 REBUILD reject new_tc=66.3796 (was 59.9265)
t=38859ms iter=80 incumb=59.9265 ratchet=60.1790 best=59.9265 since_improve=58
t=38869ms iter=81 WAIST cost=56.0000 best_alt=51.0000 gap=5.0000 tried=5 sep_labels=51 clique_frac=0.01
t=39045ms iter=81 REBUILD reject new_tc=60.7292 (was 59.9265)
t=39203ms iter=81 incumb=59.9265 ratchet=60.0454 best=59.9265 since_improve=59
t=39212ms iter=82 WAIST cost=56.0000 best_alt=51.0000 gap=5.0000 tried=5 sep_labels=51 clique_frac=0.01
t=39369ms iter=82 REBUILD reject new_tc=75.0010 (was 59.9265)
t=39519ms iter=82 incumb=59.9265 ratchet=59.9584 best=59.9265 since_improve=60
t=39529ms iter=83 WAIST cost=56.0000 best_alt=51.0000 gap=5.0000 tried=5 sep_labels=51 clique_frac=0.01
t=39703ms iter=83 REBUILD reject new_tc=61.4865 (was 59.9265)
t=39863ms iter=83 incumb=59.9265 ratchet=60.0310 best=59.9265 since_improve=61
t=39871ms iter=84 WAIST cost=56.0000 best_alt=51.0000 gap=5.0000 tried=5 sep_labels=51 clique_frac=0.01
t=40042ms iter=84 REBUILD reject new_tc=61.1292 (was 59.9265)
t=40197ms iter=84 incumb=59.9265 ratchet=60.0055 best=59.9265 since_improve=62
t=40205ms iter=85 WAIST cost=56.0000 best_alt=51.0000 gap=5.0000 tried=5 sep_labels=51 clique_frac=0.01
t=40377ms iter=85 REBUILD reject new_tc=65.5739 (was 59.9265)
t=40528ms iter=85 incumb=59.9265 ratchet=60.0397 best=59.9265 since_improve=63
t=40535ms iter=86 WAIST cost=56.0000 best_alt=51.0000 gap=5.0000 tried=5 sep_labels=51 clique_frac=0.01
t=40707ms iter=86 REBUILD reject new_tc=60.9034 (was 59.9265)
t=40901ms iter=86 incumb=59.9265 ratchet=60.1408 best=59.9265 since_improve=64
t=40910ms iter=87 WAIST cost=56.0000 best_alt=51.0000 gap=5.0000 tried=5 sep_labels=51 clique_frac=0.01
t=41082ms iter=87 REBUILD reject new_tc=61.1131 (was 59.9265)
t=41238ms iter=87 incumb=59.9265 ratchet=60.1113 best=59.9265 since_improve=65
t=41247ms iter=88 WAIST cost=56.0000 best_alt=51.0000 gap=5.0000 tried=5 sep_labels=51 clique_frac=0.01
t=41480ms iter=88 REBUILD reject new_tc=60.4394 (was 59.9265)
t=41641ms iter=88 incumb=59.9265 ratchet=59.9741 best=59.9265 since_improve=66
t=41650ms iter=89 WAIST cost=56.0000 best_alt=51.0000 gap=5.0000 tried=5 sep_labels=51 clique_frac=0.01
t=41823ms iter=89 REBUILD reject new_tc=60.6825 (was 59.9265)
t=41982ms iter=89 incumb=59.9265 ratchet=59.9991 best=59.9265 since_improve=67
t=41989ms iter=90 WAIST cost=56.0000 best_alt=51.0000 gap=5.0000 tried=5 sep_labels=51 clique_frac=0.01
t=42165ms iter=90 REBUILD reject new_tc=61.0467 (was 59.9265)
t=42315ms iter=90 incumb=59.9265 ratchet=59.9485 best=59.9265 since_improve=68
t=42324ms iter=91 WAIST cost=56.0000 best_alt=51.0000 gap=5.0000 tried=5 sep_labels=51 clique_frac=0.01
t=42496ms iter=91 REBUILD reject new_tc=64.2071 (was 59.9265)
t=42652ms iter=91 incumb=59.9265 ratchet=60.0629 best=59.9265 since_improve=69
t=42661ms iter=92 WAIST cost=56.0000 best_alt=51.0000 gap=5.0000 tried=5 sep_labels=51 clique_frac=0.01
t=42834ms iter=92 REBUILD reject new_tc=60.2589 (was 59.9265)
t=42987ms iter=92 incumb=59.9265 ratchet=59.9732 best=59.9265 since_improve=70
t=42998ms iter=93 WAIST cost=56.0000 best_alt=51.0000 gap=5.0000 tried=5 sep_labels=51 clique_frac=0.01
t=43176ms iter=93 REBUILD reject new_tc=61.0176 (was 59.9265)
t=43331ms iter=93 incumb=59.9265 ratchet=60.0030 best=59.9265 since_improve=71
t=43340ms iter=94 WAIST cost=56.0000 best_alt=50.0000 gap=6.0000 tried=5 sep_labels=50 clique_frac=0.01
t=43508ms iter=94 REBUILD reject new_tc=65.8929 (was 59.9265)
t=43669ms iter=94 incumb=59.9265 ratchet=60.0602 best=59.9265 since_improve=72
t=43677ms iter=95 WAIST cost=56.0000 best_alt=51.0000 gap=5.0000 tried=5 sep_labels=51 clique_frac=0.01
t=43854ms iter=95 REBUILD reject new_tc=60.6784 (was 59.9265)
t=44014ms iter=95 incumb=59.9265 ratchet=60.0128 best=59.9265 since_improve=73
t=44022ms iter=96 WAIST cost=56.0000 best_alt=51.0000 gap=5.0000 tried=5 sep_labels=51 clique_frac=0.01
t=44177ms iter=96 REBUILD reject new_tc=60.8161 (was 59.9265)
t=44325ms iter=96 incumb=59.9265 ratchet=60.0452 best=59.9265 since_improve=74
t=44335ms iter=97 WAIST cost=56.0000 best_alt=51.0000 gap=5.0000 tried=5 sep_labels=51 clique_frac=0.01
t=44495ms iter=97 REBUILD reject new_tc=60.7380 (was 59.9265)
t=44639ms iter=97 incumb=59.9265 ratchet=59.9369 best=59.9265 since_improve=75
t=44647ms iter=98 WAIST cost=56.0000 best_alt=51.0000 gap=5.0000 tried=5 sep_labels=51 clique_frac=0.01
t=44823ms iter=98 REBUILD reject new_tc=63.8593 (was 59.9265)
t=44971ms iter=98 incumb=59.9265 ratchet=59.9824 best=59.9265 since_improve=76
t=44978ms iter=99 WAIST cost=56.0000 best_alt=51.0000 gap=5.0000 tried=5 sep_labels=51 clique_frac=0.01
t=45151ms iter=99 REBUILD reject new_tc=63.3759 (was 59.9265)
t=45301ms iter=99 incumb=59.9265 ratchet=60.0457 best=59.9265 since_improve=77
t=45308ms iter=100 WAIST cost=56.0000 best_alt=49.0000 gap=7.0000 tried=5 sep_labels=49 clique_frac=0.01
t=45483ms iter=100 REBUILD reject new_tc=61.1697 (was 59.9265)
t=45632ms iter=100 incumb=59.9265 ratchet=60.1236 best=59.9265 since_improve=78
t=45639ms iter=101 WAIST cost=56.0000 best_alt=51.0000 gap=5.0000 tried=5 sep_labels=51 clique_frac=0.01
t=45814ms iter=101 REBUILD reject new_tc=65.2804 (was 59.9265)
t=45970ms iter=101 incumb=59.9265 ratchet=60.0397 best=59.9265 since_improve=79
t=45979ms iter=102 WAIST cost=56.0000 best_alt=50.0000 gap=6.0000 tried=5 sep_labels=50 clique_frac=0.01
t=46136ms iter=102 REBUILD reject new_tc=61.3228 (was 59.9265)
t=46292ms iter=102 incumb=59.9265 ratchet=59.9882 best=59.9265 since_improve=80
t=46301ms iter=103 WAIST cost=56.0000 best_alt=51.0000 gap=5.0000 tried=5 sep_labels=51 clique_frac=0.01
t=46470ms iter=103 REBUILD reject new_tc=63.4717 (was 59.9265)
t=46628ms iter=103 incumb=59.9265 ratchet=59.9803 best=59.9265 since_improve=81
t=46638ms iter=104 WAIST cost=56.0000 best_alt=51.0000 gap=5.0000 tried=5 sep_labels=51 clique_frac=0.01
t=46811ms iter=104 REBUILD reject new_tc=60.3862 (was 59.9265)
t=46966ms iter=104 incumb=59.9265 ratchet=60.0336 best=59.9265 since_improve=82
t=46975ms iter=105 WAIST cost=56.0000 best_alt=51.0000 gap=5.0000 tried=5 sep_labels=51 clique_frac=0.01
t=47150ms iter=105 REBUILD reject new_tc=60.5774 (was 59.9265)
t=47308ms iter=105 incumb=59.9265 ratchet=60.1108 best=59.9265 since_improve=83
t=47317ms iter=106 WAIST cost=56.0000 best_alt=50.0000 gap=6.0000 tried=5 sep_labels=50 clique_frac=0.01
t=47451ms iter=106 REBUILD reject new_tc=79.0000 (was 59.9265)
t=47609ms iter=106 incumb=59.9265 ratchet=60.0301 best=59.9265 since_improve=84
t=47619ms iter=107 WAIST cost=56.0000 best_alt=51.0000 gap=5.0000 tried=5 sep_labels=51 clique_frac=0.01
t=47793ms iter=107 REBUILD reject new_tc=63.2875 (was 59.9265)
t=47950ms iter=107 incumb=59.9265 ratchet=60.0191 best=59.9265 since_improve=85
t=47960ms iter=108 WAIST cost=56.0000 best_alt=51.0000 gap=5.0000 tried=5 sep_labels=51 clique_frac=0.01
t=48135ms iter=108 REBUILD reject new_tc=60.3453 (was 59.9265)
t=48289ms iter=108 incumb=59.9265 ratchet=59.9766 best=59.9265 since_improve=86
t=48297ms iter=109 WAIST cost=56.0000 best_alt=51.0000 gap=5.0000 tried=5 sep_labels=51 clique_frac=0.01
t=48472ms iter=109 REBUILD reject new_tc=60.8873 (was 59.9265)
t=48626ms iter=109 incumb=59.9265 ratchet=60.0304 best=59.9265 since_improve=87
t=48634ms iter=110 WAIST cost=56.0000 best_alt=51.0000 gap=5.0000 tried=5 sep_labels=51 clique_frac=0.01
t=48808ms iter=110 REBUILD reject new_tc=60.5931 (was 59.9265)
t=48971ms iter=110 incumb=59.9265 ratchet=59.9721 best=59.9265 since_improve=88
t=48980ms iter=111 WAIST cost=56.0000 best_alt=51.0000 gap=5.0000 tried=5 sep_labels=51 clique_frac=0.01
t=49155ms iter=111 REBUILD reject new_tc=60.7174 (was 59.9265)
t=49311ms iter=111 incumb=59.9265 ratchet=60.0856 best=59.9265 since_improve=89
t=49320ms iter=112 WAIST cost=56.0000 best_alt=51.0000 gap=5.0000 tried=5 sep_labels=51 clique_frac=0.01
t=49496ms iter=112 REBUILD reject new_tc=64.2071 (was 59.9265)
t=49649ms iter=112 incumb=59.9265 ratchet=59.9756 best=59.9265 since_improve=90
t=49658ms iter=113 WAIST cost=56.0000 best_alt=51.0000 gap=5.0000 tried=5 sep_labels=51 clique_frac=0.01
t=49828ms iter=113 REBUILD reject new_tc=64.0529 (was 59.9265)
t=49982ms iter=113 incumb=59.9265 ratchet=60.6543 best=59.9265 since_improve=91
t=49991ms iter=114 WAIST cost=56.0000 best_alt=51.0000 gap=5.0000 tried=5 sep_labels=51 clique_frac=0.01
t=50161ms iter=114 REBUILD reject new_tc=60.9340 (was 59.9265)
t=50313ms iter=114 incumb=59.9265 ratchet=60.1378 best=59.9265 since_improve=92
t=50322ms iter=115 WAIST cost=56.0000 best_alt=51.0000 gap=5.0000 tried=5 sep_labels=51 clique_frac=0.01
t=50497ms iter=115 REBUILD reject new_tc=60.5755 (was 59.9265)
t=50657ms iter=115 incumb=59.9265 ratchet=60.0011 best=59.9265 since_improve=93
t=50666ms iter=116 WAIST cost=56.0000 best_alt=51.0000 gap=5.0000 tried=5 sep_labels=51 clique_frac=0.01
t=50838ms iter=116 REBUILD reject new_tc=60.6808 (was 59.9265)
t=50991ms iter=116 incumb=59.9265 ratchet=60.0370 best=59.9265 since_improve=94
t=50999ms iter=117 WAIST cost=56.0000 best_alt=51.0000 gap=5.0000 tried=5 sep_labels=51 clique_frac=0.01
t=51173ms iter=117 REBUILD reject new_tc=60.9807 (was 59.9265)
t=51324ms iter=117 incumb=59.9265 ratchet=60.0699 best=59.9265 since_improve=95
t=51330ms iter=118 WAIST cost=56.0000 best_alt=51.0000 gap=5.0000 tried=5 sep_labels=51 clique_frac=0.01
t=51500ms iter=118 REBUILD reject new_tc=65.2766 (was 59.9265)
t=51654ms iter=118 incumb=59.9265 ratchet=59.9967 best=59.9265 since_improve=96
t=51662ms iter=119 WAIST cost=56.0000 best_alt=51.0000 gap=5.0000 tried=5 sep_labels=51 clique_frac=0.01
t=51841ms iter=119 REBUILD reject new_tc=64.0116 (was 59.9265)
t=51998ms iter=119 incumb=59.9265 ratchet=59.9711 best=59.9265 since_improve=97
t=52007ms iter=120 WAIST cost=56.0000 best_alt=51.0000 gap=5.0000 tried=5 sep_labels=51 clique_frac=0.01
t=52171ms iter=120 REBUILD reject new_tc=68.0077 (was 59.9265)
t=52331ms iter=120 incumb=59.9265 ratchet=60.0408 best=59.9265 since_improve=98
t=52338ms iter=121 WAIST cost=56.0000 best_alt=51.0000 gap=5.0000 tried=5 sep_labels=51 clique_frac=0.01
t=52516ms iter=121 REBUILD reject new_tc=64.3128 (was 59.9265)
t=52666ms iter=121 incumb=59.9265 ratchet=60.0865 best=59.9265 since_improve=99
t=52674ms iter=122 WAIST cost=56.0000 best_alt=51.0000 gap=5.0000 tried=5 sep_labels=51 clique_frac=0.01
t=52848ms iter=122 REBUILD reject new_tc=60.3997 (was 59.9265)
t=53007ms iter=122 incumb=59.9265 ratchet=60.0378 best=59.9265 since_improve=100
t=53016ms iter=123 WAIST cost=56.0000 best_alt=51.0000 gap=5.0000 tried=5 sep_labels=51 clique_frac=0.01
t=53191ms iter=123 REBUILD reject new_tc=60.3565 (was 59.9265)
t=53352ms iter=123 incumb=59.9265 ratchet=59.9546 best=59.9265 since_improve=101
t=53359ms iter=124 WAIST cost=56.0000 best_alt=51.0000 gap=5.0000 tried=5 sep_labels=51 clique_frac=0.01
t=53531ms iter=124 REBUILD reject new_tc=60.4949 (was 59.9265)
t=53689ms iter=124 incumb=59.9265 ratchet=60.0379 best=59.9265 since_improve=102
t=53700ms iter=125 WAIST cost=56.0000 best_alt=51.0000 gap=5.0000 tried=5 sep_labels=51 clique_frac=0.01
t=53874ms iter=125 REBUILD reject new_tc=60.4427 (was 59.9265)
t=54022ms iter=125 incumb=59.9265 ratchet=60.0164 best=59.9265 since_improve=103
t=54031ms iter=126 WAIST cost=56.0000 best_alt=51.0000 gap=5.0000 tried=5 sep_labels=51 clique_frac=0.01
t=54200ms iter=126 REBUILD reject new_tc=61.3920 (was 59.9265)
t=54354ms iter=126 incumb=59.9265 ratchet=60.1893 best=59.9265 since_improve=104
t=54363ms iter=127 WAIST cost=56.0000 best_alt=51.0000 gap=5.0000 tried=5 sep_labels=51 clique_frac=0.01
t=54530ms iter=127 REBUILD reject new_tc=71.0057 (was 59.9265)
t=54687ms iter=127 incumb=59.9265 ratchet=60.0696 best=59.9265 since_improve=105
t=54697ms iter=128 WAIST cost=56.0000 best_alt=51.0000 gap=5.0000 tried=5 sep_labels=51 clique_frac=0.01
t=54873ms iter=128 REBUILD reject new_tc=60.5861 (was 59.9265)
t=55032ms iter=128 incumb=59.9265 ratchet=59.9504 best=59.9265 since_improve=106
t=55040ms iter=129 WAIST cost=56.0000 best_alt=51.0000 gap=5.0000 tried=5 sep_labels=51 clique_frac=0.01
t=55212ms iter=129 REBUILD reject new_tc=60.7176 (was 59.9265)
t=55370ms iter=129 incumb=59.9265 ratchet=60.1219 best=59.9265 since_improve=107
t=55378ms iter=130 WAIST cost=56.0000 best_alt=51.0000 gap=5.0000 tried=5 sep_labels=51 clique_frac=0.01
t=55551ms iter=130 REBUILD reject new_tc=60.9970 (was 59.9265)
t=55707ms iter=130 incumb=59.9265 ratchet=60.1410 best=59.9265 since_improve=108
t=55714ms iter=131 WAIST cost=56.0000 best_alt=51.0000 gap=5.0000 tried=5 sep_labels=51 clique_frac=0.01
t=55866ms iter=131 REBUILD reject new_tc=76.0227 (was 59.9265)
t=56019ms iter=131 incumb=59.9265 ratchet=59.9946 best=59.9265 since_improve=109
t=56029ms iter=132 WAIST cost=56.0000 best_alt=50.0000 gap=6.0000 tried=5 sep_labels=50 clique_frac=0.01
t=56183ms iter=132 REBUILD reject new_tc=66.0873 (was 59.9265)
t=56332ms iter=132 incumb=59.9265 ratchet=60.0668 best=59.9265 since_improve=110
t=56340ms iter=133 WAIST cost=56.0000 best_alt=51.0000 gap=5.0000 tried=5 sep_labels=51 clique_frac=0.01
t=56506ms iter=133 REBUILD reject new_tc=60.2374 (was 59.9265)
t=56663ms iter=133 incumb=59.9265 ratchet=59.9905 best=59.9265 since_improve=111
t=56670ms iter=134 WAIST cost=56.0000 best_alt=51.0000 gap=5.0000 tried=5 sep_labels=51 clique_frac=0.01
t=56842ms iter=134 REBUILD reject new_tc=61.0944 (was 59.9265)
t=56998ms iter=134 incumb=59.9265 ratchet=60.0718 best=59.9265 since_improve=112
t=57007ms iter=135 WAIST cost=56.0000 best_alt=51.0000 gap=5.0000 tried=5 sep_labels=51 clique_frac=0.01
t=57179ms iter=135 REBUILD reject new_tc=60.4575 (was 59.9265)
t=57331ms iter=135 incumb=59.9265 ratchet=59.9450 best=59.9265 since_improve=113
t=57341ms iter=136 WAIST cost=56.0000 best_alt=49.0000 gap=7.0000 tried=5 sep_labels=49 clique_frac=0.01
t=57482ms iter=136 REBUILD reject new_tc=75.0017 (was 59.9265)
t=57635ms iter=136 incumb=59.9265 ratchet=60.0198 best=59.9265 since_improve=114
t=57644ms iter=137 WAIST cost=56.0000 best_alt=51.0000 gap=5.0000 tried=5 sep_labels=51 clique_frac=0.01
t=57822ms iter=137 REBUILD reject new_tc=60.8585 (was 59.9265)
t=57975ms iter=137 incumb=59.9265 ratchet=59.9910 best=59.9265 since_improve=115
t=57985ms iter=138 WAIST cost=56.0000 best_alt=51.0000 gap=5.0000 tried=5 sep_labels=51 clique_frac=0.01
t=58159ms iter=138 REBUILD reject new_tc=60.3178 (was 59.9265)
t=58312ms iter=138 incumb=59.9265 ratchet=60.0024 best=59.9265 since_improve=116
t=58322ms iter=139 WAIST cost=56.0000 best_alt=51.0000 gap=5.0000 tried=5 sep_labels=51 clique_frac=0.01
t=58494ms iter=139 REBUILD reject new_tc=60.5963 (was 59.9265)
t=58668ms iter=139 incumb=59.9265 ratchet=59.9875 best=59.9265 since_improve=117
t=58679ms iter=140 WAIST cost=56.0000 best_alt=51.0000 gap=5.0000 tried=5 sep_labels=51 clique_frac=0.01
t=58869ms iter=140 REBUILD reject new_tc=64.7848 (was 59.9265)
t=59024ms iter=140 incumb=59.9265 ratchet=60.0255 best=59.9265 since_improve=118
t=59032ms iter=141 WAIST cost=56.0000 best_alt=51.0000 gap=5.0000 tried=5 sep_labels=51 clique_frac=0.01
t=59202ms iter=141 REBUILD reject new_tc=60.7799 (was 59.9265)
t=59361ms iter=141 incumb=59.9265 ratchet=60.1912 best=59.9265 since_improve=119
t=59368ms iter=142 WAIST cost=56.0000 best_alt=51.0000 gap=5.0000 tried=5 sep_labels=51 clique_frac=0.01
t=59544ms iter=142 REBUILD reject new_tc=63.9859 (was 59.9265)
t=59701ms iter=142 incumb=59.9265 ratchet=59.9868 best=59.9265 since_improve=120
t=59709ms iter=143 WAIST cost=56.0000 best_alt=51.0000 gap=5.0000 tried=5 sep_labels=51 clique_frac=0.01
t=59882ms iter=143 REBUILD reject new_tc=61.8266 (was 59.9265)
t=60042ms iter=143 incumb=59.9265 ratchet=59.9920 best=59.9265 since_improve=121
t=60051ms iter=144 WAIST cost=56.0000 best_alt=51.0000 gap=5.0000 tried=5 sep_labels=51 clique_frac=0.01
t=60226ms iter=144 REBUILD reject new_tc=60.8962 (was 59.9265)
t=60389ms iter=144 incumb=59.9265 ratchet=59.9927 best=59.9265 since_improve=122
t=60397ms iter=145 WAIST cost=56.0000 best_alt=51.0000 gap=5.0000 tried=5 sep_labels=51 clique_frac=0.01
t=60572ms iter=145 REBUILD reject new_tc=64.8759 (was 59.9265)
t=60731ms iter=145 incumb=59.9265 ratchet=59.9969 best=59.9265 since_improve=123
t=60739ms iter=146 WAIST cost=56.0000 best_alt=51.0000 gap=5.0000 tried=5 sep_labels=51 clique_frac=0.01
t=60906ms iter=146 REBUILD reject new_tc=60.6112 (was 59.9265)
t=61065ms iter=146 incumb=59.9265 ratchet=60.0374 best=59.9265 since_improve=124
t=61074ms iter=147 WAIST cost=56.0000 best_alt=51.0000 gap=5.0000 tried=5 sep_labels=51 clique_frac=0.01
t=61244ms iter=147 REBUILD reject new_tc=60.9528 (was 59.9265)
t=61405ms iter=147 incumb=59.9265 ratchet=60.0187 best=59.9265 since_improve=125
t=61413ms iter=148 WAIST cost=56.0000 best_alt=51.0000 gap=5.0000 tried=5 sep_labels=51 clique_frac=0.01
t=61587ms iter=148 REBUILD reject new_tc=60.8272 (was 59.9265)
t=61742ms iter=148 incumb=59.9265 ratchet=60.0412 best=59.9265 since_improve=126
t=61752ms iter=149 WAIST cost=56.0000 best_alt=51.0000 gap=5.0000 tried=5 sep_labels=51 clique_frac=0.01
t=61918ms iter=149 REBUILD reject new_tc=65.1918 (was 59.9265)
t=62070ms iter=149 incumb=59.9265 ratchet=59.9420 best=59.9265 since_improve=127
t=62079ms iter=150 WAIST cost=56.0000 best_alt=51.0000 gap=5.0000 tried=5 sep_labels=51 clique_frac=0.01
t=62252ms iter=150 REBUILD reject new_tc=60.7065 (was 59.9265)
t=62409ms iter=150 incumb=59.9265 ratchet=60.0858 best=59.9265 since_improve=128
t=62417ms iter=151 WAIST cost=56.0000 best_alt=51.0000 gap=5.0000 tried=5 sep_labels=51 clique_frac=0.01
t=62587ms iter=151 REBUILD reject new_tc=60.7197 (was 59.9265)
t=62740ms iter=151 incumb=59.9265 ratchet=60.0597 best=59.9265 since_improve=129
t=62750ms iter=152 WAIST cost=56.0000 best_alt=51.0000 gap=5.0000 tried=5 sep_labels=51 clique_frac=0.01
t=62913ms iter=152 REBUILD reject new_tc=63.5878 (was 59.9265)
t=63070ms iter=152 incumb=59.9265 ratchet=60.0156 best=59.9265 since_improve=130
t=63079ms iter=153 WAIST cost=56.0000 best_alt=51.0000 gap=5.0000 tried=5 sep_labels=51 clique_frac=0.01
t=63254ms iter=153 REBUILD reject new_tc=60.1523 (was 59.9265)
t=63410ms iter=153 incumb=59.9265 ratchet=59.9771 best=59.9265 since_improve=131
t=63418ms iter=154 WAIST cost=56.0000 best_alt=51.0000 gap=5.0000 tried=5 sep_labels=51 clique_frac=0.01
t=63584ms iter=154 REBUILD reject new_tc=64.1708 (was 59.9265)
t=63742ms iter=154 incumb=59.9265 ratchet=60.1211 best=59.9265 since_improve=132
t=63752ms iter=155 WAIST cost=56.0000 best_alt=51.0000 gap=5.0000 tried=5 sep_labels=51 clique_frac=0.01
t=63926ms iter=155 REBUILD reject new_tc=61.0313 (was 59.9265)
t=64085ms iter=155 incumb=59.9265 ratchet=60.0823 best=59.9265 since_improve=133
t=64094ms iter=156 WAIST cost=56.0000 best_alt=51.0000 gap=5.0000 tried=5 sep_labels=51 clique_frac=0.01
t=64267ms iter=156 REBUILD reject new_tc=63.8374 (was 59.9265)
t=64425ms iter=156 incumb=59.9265 ratchet=60.1077 best=59.9265 since_improve=134
t=64434ms iter=157 WAIST cost=56.0000 best_alt=51.0000 gap=5.0000 tried=5 sep_labels=51 clique_frac=0.01
t=64607ms iter=157 REBUILD reject new_tc=60.1799 (was 59.9265)
t=64764ms iter=157 incumb=59.9265 ratchet=60.0016 best=59.9265 since_improve=135
t=64774ms iter=158 WAIST cost=56.0000 best_alt=51.0000 gap=5.0000 tried=5 sep_labels=51 clique_frac=0.01
t=64946ms iter=158 REBUILD reject new_tc=60.6612 (was 59.9265)
t=65106ms iter=158 incumb=59.9265 ratchet=59.9826 best=59.9265 since_improve=136
t=65114ms iter=159 WAIST cost=56.0000 best_alt=51.0000 gap=5.0000 tried=5 sep_labels=51 clique_frac=0.01
t=65292ms iter=159 REBUILD reject new_tc=61.0467 (was 59.9265)
t=65446ms iter=159 incumb=59.9265 ratchet=60.0218 best=59.9265 since_improve=137
t=65456ms iter=160 WAIST cost=56.0000 best_alt=51.0000 gap=5.0000 tried=5 sep_labels=51 clique_frac=0.01
t=65628ms iter=160 REBUILD reject new_tc=64.2563 (was 59.9265)
t=65786ms iter=160 incumb=59.9265 ratchet=59.9877 best=59.9265 since_improve=138
t=65795ms iter=161 WAIST cost=56.0000 best_alt=51.0000 gap=5.0000 tried=5 sep_labels=51 clique_frac=0.01
t=65965ms iter=161 REBUILD reject new_tc=75.0001 (was 59.9265)
t=66121ms iter=161 incumb=59.9265 ratchet=59.9839 best=59.9265 since_improve=139
t=66130ms iter=162 WAIST cost=56.0000 best_alt=51.0000 gap=5.0000 tried=5 sep_labels=51 clique_frac=0.01
t=66299ms iter=162 REBUILD reject new_tc=60.7370 (was 59.9265)
t=66455ms iter=162 incumb=59.9265 ratchet=60.0142 best=59.9265 since_improve=140
t=66462ms iter=163 WAIST cost=56.0000 best_alt=51.0000 gap=5.0000 tried=5 sep_labels=51 clique_frac=0.01
t=66632ms iter=163 REBUILD reject new_tc=60.1331 (was 59.9265)
t=66789ms iter=163 incumb=59.9265 ratchet=60.1284 best=59.9265 since_improve=141
t=66796ms iter=164 WAIST cost=56.0000 best_alt=51.0000 gap=5.0000 tried=5 sep_labels=51 clique_frac=0.01
t=66964ms iter=164 REBUILD reject new_tc=65.6573 (was 59.9265)
t=67123ms iter=164 incumb=59.9265 ratchet=60.0291 best=59.9265 since_improve=142
t=67133ms iter=165 WAIST cost=56.0000 best_alt=51.0000 gap=5.0000 tried=5 sep_labels=51 clique_frac=0.01
t=67299ms iter=165 REBUILD reject new_tc=60.5619 (was 59.9265)
t=67452ms iter=165 incumb=59.9265 ratchet=60.0219 best=59.9265 since_improve=143
t=67463ms iter=166 WAIST cost=56.0000 best_alt=51.0000 gap=5.0000 tried=5 sep_labels=51 clique_frac=0.01
t=67639ms iter=166 REBUILD reject new_tc=64.6530 (was 59.9265)
t=67791ms iter=166 incumb=59.9265 ratchet=60.0495 best=59.9265 since_improve=144
t=67800ms iter=167 WAIST cost=56.0000 best_alt=51.0000 gap=5.0000 tried=5 sep_labels=51 clique_frac=0.01
t=67974ms iter=167 REBUILD reject new_tc=61.0300 (was 59.9265)
t=68129ms iter=167 incumb=59.9265 ratchet=59.9451 best=59.9265 since_improve=145
t=68140ms iter=168 WAIST cost=56.0000 best_alt=51.0000 gap=5.0000 tried=5 sep_labels=51 clique_frac=0.01
t=68318ms iter=168 REBUILD reject new_tc=60.4457 (was 59.9265)
t=68467ms iter=168 incumb=59.9265 ratchet=60.0429 best=59.9265 since_improve=146
t=68475ms iter=169 WAIST cost=56.0000 best_alt=51.0000 gap=5.0000 tried=5 sep_labels=51 clique_frac=0.01
t=68647ms iter=169 REBUILD reject new_tc=60.4538 (was 59.9265)
t=68798ms iter=169 incumb=59.9265 ratchet=60.0363 best=59.9265 since_improve=147
t=68807ms iter=170 WAIST cost=56.0000 best_alt=51.0000 gap=5.0000 tried=5 sep_labels=51 clique_frac=0.01
t=68982ms iter=170 REBUILD reject new_tc=60.6695 (was 59.9265)
t=69136ms iter=170 incumb=59.9265 ratchet=59.9875 best=59.9265 since_improve=148
t=69143ms iter=171 WAIST cost=56.0000 best_alt=51.0000 gap=5.0000 tried=5 sep_labels=51 clique_frac=0.01
t=69316ms iter=171 REBUILD reject new_tc=60.3105 (was 59.9265)
t=69474ms iter=171 incumb=59.9265 ratchet=59.9753 best=59.9265 since_improve=149
t=69483ms iter=172 WAIST cost=56.0000 best_alt=50.0000 gap=6.0000 tried=5 sep_labels=50 clique_frac=0.01
t=69641ms iter=172 REBUILD reject new_tc=61.2153 (was 59.9265)
t=69797ms iter=172 incumb=59.9265 ratchet=59.9372 best=59.9265 since_improve=150
t=69804ms iter=173 WAIST cost=56.0000 best_alt=51.0000 gap=5.0000 tried=5 sep_labels=51 clique_frac=0.01
t=69975ms iter=173 REBUILD reject new_tc=65.3201 (was 59.9265)
t=70131ms iter=173 incumb=59.9265 ratchet=59.9672 best=59.9265 since_improve=151
t=70140ms iter=174 WAIST cost=56.0000 best_alt=51.0000 gap=5.0000 tried=5 sep_labels=51 clique_frac=0.01
t=70313ms iter=174 REBUILD reject new_tc=64.5251 (was 59.9265)
t=70839ms iter=174 incumb=59.9265 ratchet=59.9611 best=59.9259 since_improve=152
t=70850ms iter=175 WAIST cost=56.0000 best_alt=51.0000 gap=5.0000 tried=5 sep_labels=51 clique_frac=0.01
t=71010ms iter=175 REBUILD reject new_tc=79.0000 (was 59.9265)
t=71171ms iter=175 incumb=59.9265 ratchet=60.0072 best=59.9259 since_improve=153
t=71181ms iter=176 WAIST cost=56.0000 best_alt=51.0000 gap=5.0000 tried=5 sep_labels=51 clique_frac=0.01
t=71361ms iter=176 REBUILD reject new_tc=61.0829 (was 59.9265)
t=71514ms iter=176 incumb=59.9265 ratchet=60.0858 best=59.9259 since_improve=154
t=71522ms iter=177 WAIST cost=56.0000 best_alt=51.0000 gap=5.0000 tried=5 sep_labels=51 clique_frac=0.01
t=71693ms iter=177 REBUILD reject new_tc=61.3459 (was 59.9265)
t=71844ms iter=177 incumb=59.9265 ratchet=60.0412 best=59.9259 since_improve=155
t=71852ms iter=178 WAIST cost=56.0000 best_alt=51.0000 gap=5.0000 tried=5 sep_labels=51 clique_frac=0.01
t=72025ms iter=178 REBUILD reject new_tc=60.7648 (was 59.9265)
t=72177ms iter=178 incumb=59.9265 ratchet=59.9612 best=59.9259 since_improve=156
t=72186ms iter=179 WAIST cost=56.0000 best_alt=51.0000 gap=5.0000 tried=5 sep_labels=51 clique_frac=0.01
t=72358ms iter=179 REBUILD reject new_tc=63.6796 (was 59.9265)
t=72518ms iter=179 incumb=59.9265 ratchet=59.9869 best=59.9259 since_improve=157
t=72528ms iter=180 WAIST cost=56.0000 best_alt=51.0000 gap=5.0000 tried=5 sep_labels=51 clique_frac=0.01
t=72699ms iter=180 REBUILD reject new_tc=60.6877 (was 59.9265)
t=72849ms iter=180 incumb=59.9265 ratchet=59.9346 best=59.9259 since_improve=158
t=72858ms iter=181 WAIST cost=56.0000 best_alt=51.0000 gap=5.0000 tried=5 sep_labels=51 clique_frac=0.01
t=73033ms iter=181 REBUILD reject new_tc=60.8018 (was 59.9265)
t=73186ms iter=181 incumb=59.9265 ratchet=59.9905 best=59.9259 since_improve=159
t=73194ms iter=182 WAIST cost=56.0000 best_alt=50.0000 gap=6.0000 tried=5 sep_labels=50 clique_frac=0.01
t=73347ms iter=182 REBUILD reject new_tc=60.1691 (was 59.9265)
t=73501ms iter=182 incumb=59.9265 ratchet=59.9995 best=59.9259 since_improve=160
t=73510ms iter=183 WAIST cost=56.0000 best_alt=51.0000 gap=5.0000 tried=5 sep_labels=51 clique_frac=0.01
t=73680ms iter=183 REBUILD reject new_tc=60.5496 (was 59.9265)
t=73838ms iter=183 incumb=59.9265 ratchet=59.9890 best=59.9259 since_improve=161
t=73844ms iter=184 WAIST cost=56.0000 best_alt=51.0000 gap=5.0000 tried=5 sep_labels=51 clique_frac=0.01
t=74016ms iter=184 REBUILD reject new_tc=60.1215 (was 59.9265)
t=74174ms iter=184 incumb=59.9265 ratchet=59.9800 best=59.9259 since_improve=162
t=74182ms iter=185 WAIST cost=56.0000 best_alt=51.0000 gap=5.0000 tried=5 sep_labels=51 clique_frac=0.01
t=74354ms iter=185 REBUILD reject new_tc=60.7198 (was 59.9265)
t=74507ms iter=185 incumb=59.9265 ratchet=59.9833 best=59.9259 since_improve=163
t=74517ms iter=186 WAIST cost=56.0000 best_alt=51.0000 gap=5.0000 tried=5 sep_labels=51 clique_frac=0.01
t=74676ms iter=186 REBUILD reject new_tc=63.4057 (was 59.9265)
t=74830ms iter=186 incumb=59.9265 ratchet=59.9515 best=59.9259 since_improve=164
t=74840ms iter=187 WAIST cost=56.0000 best_alt=51.0000 gap=5.0000 tried=5 sep_labels=51 clique_frac=0.01
t=75015ms iter=187 REBUILD reject new_tc=64.0140 (was 59.9265)
t=75168ms iter=187 incumb=59.9265 ratchet=60.0805 best=59.9259 since_improve=165
t=75175ms iter=188 WAIST cost=56.0000 best_alt=51.0000 gap=5.0000 tried=5 sep_labels=51 clique_frac=0.01
t=75345ms iter=188 REBUILD reject new_tc=63.6892 (was 59.9265)
t=75507ms iter=188 incumb=59.9265 ratchet=60.0232 best=59.9259 since_improve=166
t=75517ms iter=189 WAIST cost=56.0000 best_alt=51.0000 gap=5.0000 tried=5 sep_labels=51 clique_frac=0.01
t=75680ms iter=189 REBUILD reject new_tc=61.5325 (was 59.9265)
t=75830ms iter=189 incumb=59.9265 ratchet=60.1947 best=59.9259 since_improve=167
t=75837ms iter=190 WAIST cost=56.0000 best_alt=51.0000 gap=5.0000 tried=5 sep_labels=51 clique_frac=0.01
t=76009ms iter=190 REBUILD reject new_tc=66.0397 (was 59.9265)
t=76166ms iter=190 incumb=59.9265 ratchet=60.0367 best=59.9259 since_improve=168
t=76174ms iter=191 WAIST cost=56.0000 best_alt=51.0000 gap=5.0000 tried=5 sep_labels=51 clique_frac=0.01
t=76344ms iter=191 REBUILD reject new_tc=65.3259 (was 59.9265)
t=76500ms iter=191 incumb=59.9265 ratchet=60.1256 best=59.9259 since_improve=169
t=76508ms iter=192 WAIST cost=56.0000 best_alt=51.0000 gap=5.0000 tried=5 sep_labels=51 clique_frac=0.01
t=76675ms iter=192 REBUILD reject new_tc=63.5487 (was 59.9265)
t=76828ms iter=192 incumb=59.9265 ratchet=59.9517 best=59.9259 since_improve=170
t=76835ms iter=193 WAIST cost=56.0000 best_alt=51.0000 gap=5.0000 tried=5 sep_labels=51 clique_frac=0.01
t=77006ms iter=193 REBUILD reject new_tc=67.1222 (was 59.9265)
t=77162ms iter=193 incumb=59.9265 ratchet=60.0030 best=59.9259 since_improve=171
t=77173ms iter=194 WAIST cost=56.0000 best_alt=51.0000 gap=5.0000 tried=5 sep_labels=51 clique_frac=0.01
t=77345ms iter=194 REBUILD reject new_tc=69.1024 (was 59.9265)
t=77502ms iter=194 incumb=59.9265 ratchet=60.0678 best=59.9259 since_improve=172
t=77510ms iter=195 WAIST cost=56.0000 best_alt=51.0000 gap=5.0000 tried=5 sep_labels=51 clique_frac=0.01
t=77688ms iter=195 REBUILD reject new_tc=63.5318 (was 59.9265)
t=77845ms iter=195 incumb=59.9265 ratchet=60.0241 best=59.9259 since_improve=173
t=77853ms iter=196 WAIST cost=56.0000 best_alt=51.0000 gap=5.0000 tried=5 sep_labels=51 clique_frac=0.01
t=78029ms iter=196 REBUILD reject new_tc=63.7659 (was 59.9265)
t=78177ms iter=196 incumb=59.9265 ratchet=60.2011 best=59.9259 since_improve=174
t=78187ms iter=197 WAIST cost=56.0000 best_alt=51.0000 gap=5.0000 tried=5 sep_labels=51 clique_frac=0.01
t=78356ms iter=197 REBUILD reject new_tc=60.5406 (was 59.9265)
t=78513ms iter=197 incumb=59.9265 ratchet=59.9860 best=59.9259 since_improve=175
t=78525ms iter=198 WAIST cost=56.0000 best_alt=51.0000 gap=5.0000 tried=5 sep_labels=51 clique_frac=0.01
t=78701ms iter=198 REBUILD reject new_tc=60.9264 (was 59.9265)
t=78851ms iter=198 incumb=59.9265 ratchet=60.1837 best=59.9259 since_improve=176
t=78861ms iter=199 WAIST cost=56.0000 best_alt=51.0000 gap=5.0000 tried=5 sep_labels=51 clique_frac=0.01
t=79037ms iter=199 REBUILD reject new_tc=60.7843 (was 59.9265)
t=79192ms iter=199 incumb=59.9265 ratchet=60.0190 best=59.9259 since_improve=177
t=79200ms iter=200 WAIST cost=56.0000 best_alt=51.0000 gap=5.0000 tried=5 sep_labels=51 clique_frac=0.01
t=79376ms iter=200 REBUILD reject new_tc=60.8976 (was 59.9265)
t=79530ms iter=200 incumb=59.9265 ratchet=60.0200 best=59.9259 since_improve=178
t=79538ms iter=201 WAIST cost=56.0000 best_alt=50.0000 gap=6.0000 tried=5 sep_labels=50 clique_frac=0.01
t=79691ms iter=201 REBUILD reject new_tc=60.9687 (was 59.9265)
t=79843ms iter=201 incumb=59.9265 ratchet=60.0103 best=59.9259 since_improve=179
t=79852ms iter=202 WAIST cost=56.0000 best_alt=51.0000 gap=5.0000 tried=5 sep_labels=51 clique_frac=0.01
t=80021ms iter=202 REBUILD reject new_tc=60.3401 (was 59.9265)
t=80172ms iter=202 incumb=59.9265 ratchet=60.0213 best=59.9259 since_improve=180
t=80180ms iter=203 WAIST cost=56.0000 best_alt=51.0000 gap=5.0000 tried=5 sep_labels=51 clique_frac=0.01
t=80350ms iter=203 REBUILD reject new_tc=63.8809 (was 59.9265)
t=80509ms iter=203 incumb=59.9265 ratchet=60.0663 best=59.9259 since_improve=181
t=80517ms iter=204 WAIST cost=56.0000 best_alt=51.0000 gap=5.0000 tried=5 sep_labels=51 clique_frac=0.01
t=80689ms iter=204 REBUILD reject new_tc=60.5255 (was 59.9265)
t=80844ms iter=204 incumb=59.9265 ratchet=59.9967 best=59.9259 since_improve=182
t=80854ms iter=205 WAIST cost=56.0000 best_alt=51.0000 gap=5.0000 tried=5 sep_labels=51 clique_frac=0.01
t=81028ms iter=205 REBUILD reject new_tc=60.9127 (was 59.9265)
t=81176ms iter=205 incumb=59.9265 ratchet=60.1159 best=59.9259 since_improve=183
t=81187ms iter=206 WAIST cost=56.0000 best_alt=51.0000 gap=5.0000 tried=5 sep_labels=51 clique_frac=0.01
t=81355ms iter=206 REBUILD reject new_tc=63.8776 (was 59.9265)
t=81512ms iter=206 incumb=59.9265 ratchet=60.0067 best=59.9259 since_improve=184
t=81520ms iter=207 WAIST cost=56.0000 best_alt=51.0000 gap=5.0000 tried=5 sep_labels=51 clique_frac=0.01
t=81694ms iter=207 REBUILD reject new_tc=60.9861 (was 59.9265)
t=81846ms iter=207 incumb=59.9265 ratchet=59.9995 best=59.9259 since_improve=185
t=81854ms iter=208 WAIST cost=56.0000 best_alt=51.0000 gap=5.0000 tried=5 sep_labels=51 clique_frac=0.01
t=82028ms iter=208 REBUILD reject new_tc=60.6821 (was 59.9265)
t=82182ms iter=208 incumb=59.9265 ratchet=60.0156 best=59.9259 since_improve=186
t=82191ms iter=209 WAIST cost=56.0000 best_alt=51.0000 gap=5.0000 tried=5 sep_labels=51 clique_frac=0.01
t=82365ms iter=209 REBUILD reject new_tc=60.7777 (was 59.9265)
t=82522ms iter=209 incumb=59.9265 ratchet=59.9617 best=59.9259 since_improve=187
t=82531ms iter=210 WAIST cost=56.0000 best_alt=51.0000 gap=5.0000 tried=5 sep_labels=51 clique_frac=0.01
t=82704ms iter=210 REBUILD reject new_tc=60.6594 (was 59.9265)
t=82862ms iter=210 incumb=59.9265 ratchet=60.0225 best=59.9259 since_improve=188
t=82870ms iter=211 WAIST cost=56.0000 best_alt=51.0000 gap=5.0000 tried=5 sep_labels=51 clique_frac=0.01
t=83039ms iter=211 REBUILD reject new_tc=60.6093 (was 59.9265)
t=83194ms iter=211 incumb=59.9265 ratchet=59.9681 best=59.9259 since_improve=189
t=83204ms iter=212 WAIST cost=56.0000 best_alt=51.0000 gap=5.0000 tried=5 sep_labels=51 clique_frac=0.01
t=83378ms iter=212 REBUILD reject new_tc=60.1220 (was 59.9265)
t=83536ms iter=212 incumb=59.9265 ratchet=60.0030 best=59.9259 since_improve=190
t=83545ms iter=213 WAIST cost=56.0000 best_alt=51.0000 gap=5.0000 tried=5 sep_labels=51 clique_frac=0.01
t=83713ms iter=213 REBUILD reject new_tc=60.5359 (was 59.9265)
t=83866ms iter=213 incumb=59.9265 ratchet=60.0253 best=59.9259 since_improve=191
t=83873ms iter=214 WAIST cost=56.0000 best_alt=51.0000 gap=5.0000 tried=5 sep_labels=51 clique_frac=0.01
t=84045ms iter=214 REBUILD reject new_tc=61.0688 (was 59.9265)
t=84201ms iter=214 incumb=59.9265 ratchet=60.1689 best=59.9259 since_improve=192
t=84210ms iter=215 WAIST cost=56.0000 best_alt=51.0000 gap=5.0000 tried=5 sep_labels=51 clique_frac=0.01
t=84385ms iter=215 REBUILD reject new_tc=61.1016 (was 59.9265)
t=84535ms iter=215 incumb=59.9265 ratchet=59.9474 best=59.9259 since_improve=193
t=84543ms iter=216 WAIST cost=56.0000 best_alt=51.0000 gap=5.0000 tried=5 sep_labels=51 clique_frac=0.01
t=84717ms iter=216 REBUILD reject new_tc=64.2888 (was 59.9265)
t=84868ms iter=216 incumb=59.9265 ratchet=60.1333 best=59.9259 since_improve=194
t=84877ms iter=217 WAIST cost=56.0000 best_alt=51.0000 gap=5.0000 tried=5 sep_labels=51 clique_frac=0.01
t=85056ms iter=217 REBUILD reject new_tc=60.2967 (was 59.9265)
t=85212ms iter=217 incumb=59.9265 ratchet=59.9949 best=59.9259 since_improve=195
t=85222ms iter=218 WAIST cost=56.0000 best_alt=51.0000 gap=5.0000 tried=5 sep_labels=51 clique_frac=0.01
t=85392ms iter=218 REBUILD reject new_tc=62.2953 (was 59.9265)
t=85545ms iter=218 incumb=59.9265 ratchet=60.0810 best=59.9259 since_improve=196
t=85552ms iter=219 WAIST cost=56.0000 best_alt=51.0000 gap=5.0000 tried=5 sep_labels=51 clique_frac=0.01
t=85728ms iter=219 REBUILD reject new_tc=60.1118 (was 59.9265)
t=85884ms iter=219 incumb=59.9265 ratchet=59.9774 best=59.9259 since_improve=197
t=85891ms iter=220 WAIST cost=56.0000 best_alt=51.0000 gap=5.0000 tried=5 sep_labels=51 clique_frac=0.01
t=86060ms iter=220 REBUILD reject new_tc=65.1860 (was 59.9265)
t=86214ms iter=220 incumb=59.9265 ratchet=59.9803 best=59.9259 since_improve=198
t=86223ms iter=221 WAIST cost=56.0000 best_alt=51.0000 gap=5.0000 tried=5 sep_labels=51 clique_frac=0.01
t=86401ms iter=221 REBUILD reject new_tc=60.5847 (was 59.9265)
t=86554ms iter=221 incumb=59.9265 ratchet=59.9843 best=59.9259 since_improve=199
t=86563ms iter=222 WAIST cost=56.0000 best_alt=51.0000 gap=5.0000 tried=5 sep_labels=51 clique_frac=0.01
t=86735ms iter=222 REBUILD reject new_tc=60.7624 (was 59.9265)
t=86891ms iter=222 incumb=59.9265 ratchet=60.0142 best=59.9259 since_improve=200
t=86901ms iter=223 WAIST cost=56.0000 best_alt=51.0000 gap=5.0000 tried=5 sep_labels=51 clique_frac=0.01
t=87076ms iter=223 REBUILD reject new_tc=60.1181 (was 59.9265)
t=87227ms iter=223 incumb=59.9265 ratchet=60.0218 best=59.9259 since_improve=201
t=87236ms iter=224 WAIST cost=56.0000 best_alt=50.0000 gap=6.0000 tried=5 sep_labels=50 clique_frac=0.01
t=87388ms iter=224 REBUILD reject new_tc=61.3781 (was 59.9265)
t=87542ms iter=224 incumb=59.9265 ratchet=59.9566 best=59.9259 since_improve=202
t=87551ms iter=225 WAIST cost=56.0000 best_alt=51.0000 gap=5.0000 tried=5 sep_labels=51 clique_frac=0.01
t=87728ms iter=225 REBUILD reject new_tc=60.8625 (was 59.9265)
t=87884ms iter=225 incumb=59.9265 ratchet=60.0211 best=59.9259 since_improve=203
t=87892ms iter=226 WAIST cost=56.0000 best_alt=51.0000 gap=5.0000 tried=5 sep_labels=51 clique_frac=0.01
t=88061ms iter=226 REBUILD reject new_tc=71.0062 (was 59.9265)
t=88214ms iter=226 incumb=59.9265 ratchet=59.9860 best=59.9259 since_improve=204
t=88221ms iter=227 WAIST cost=56.0000 best_alt=50.0000 gap=6.0000 tried=5 sep_labels=50 clique_frac=0.01
t=88379ms iter=227 REBUILD reject new_tc=72.0005 (was 59.9265)
t=88534ms iter=227 incumb=59.9265 ratchet=60.0690 best=59.9259 since_improve=205
t=88543ms iter=228 WAIST cost=56.0000 best_alt=51.0000 gap=5.0000 tried=5 sep_labels=51 clique_frac=0.01
t=88712ms iter=228 REBUILD reject new_tc=60.1222 (was 59.9265)
t=88870ms iter=228 incumb=59.9265 ratchet=59.9566 best=59.9259 since_improve=206
t=88878ms iter=229 WAIST cost=56.0000 best_alt=51.0000 gap=5.0000 tried=5 sep_labels=51 clique_frac=0.01
t=89047ms iter=229 REBUILD reject new_tc=64.1189 (was 59.9265)
t=89202ms iter=229 incumb=59.9265 ratchet=60.0191 best=59.9259 since_improve=207
t=89208ms iter=230 WAIST cost=56.0000 best_alt=51.0000 gap=5.0000 tried=5 sep_labels=51 clique_frac=0.01
t=89388ms iter=230 REBUILD reject new_tc=60.6506 (was 59.9265)
t=89540ms iter=230 incumb=59.9265 ratchet=59.9910 best=59.9259 since_improve=208
t=89547ms iter=231 WAIST cost=56.0000 best_alt=51.0000 gap=5.0000 tried=5 sep_labels=51 clique_frac=0.01
t=89719ms iter=231 REBUILD reject new_tc=63.5169 (was 59.9265)
t=89872ms iter=231 incumb=59.9265 ratchet=60.0142 best=59.9259 since_improve=209
t=89882ms iter=232 WAIST cost=56.0000 best_alt=51.0000 gap=5.0000 tried=5 sep_labels=51 clique_frac=0.01
t=90054ms iter=232 REBUILD reject new_tc=61.0464 (was 59.9265)
t=90206ms iter=232 incumb=59.9265 ratchet=60.0314 best=59.9259 since_improve=210
t=90214ms iter=233 WAIST cost=56.0000 best_alt=51.0000 gap=5.0000 tried=5 sep_labels=51 clique_frac=0.01
t=90388ms iter=233 REBUILD reject new_tc=60.5616 (was 59.9265)
t=90541ms iter=233 incumb=59.9265 ratchet=59.9711 best=59.9259 since_improve=211
t=90550ms iter=234 WAIST cost=56.0000 best_alt=51.0000 gap=5.0000 tried=5 sep_labels=51 clique_frac=0.01
t=90725ms iter=234 REBUILD reject new_tc=65.2880 (was 59.9265)
t=90882ms iter=234 incumb=59.9265 ratchet=59.9739 best=59.9259 since_improve=212
t=90889ms iter=235 WAIST cost=56.0000 best_alt=51.0000 gap=5.0000 tried=5 sep_labels=51 clique_frac=0.01
t=91064ms iter=235 REBUILD reject new_tc=66.0026 (was 59.9265)
t=91223ms iter=235 incumb=59.9265 ratchet=59.9922 best=59.9259 since_improve=213
t=91232ms iter=236 WAIST cost=56.0000 best_alt=51.0000 gap=5.0000 tried=5 sep_labels=51 clique_frac=0.01
t=91409ms iter=236 REBUILD reject new_tc=60.4269 (was 59.9265)
t=91567ms iter=236 incumb=59.9265 ratchet=59.9681 best=59.9259 since_improve=214
t=91577ms iter=237 WAIST cost=56.0000 best_alt=51.0000 gap=5.0000 tried=5 sep_labels=51 clique_frac=0.01
t=91749ms iter=237 REBUILD reject new_tc=61.0808 (was 59.9265)
t=91903ms iter=237 incumb=59.9265 ratchet=60.0267 best=59.9259 since_improve=215
t=91911ms iter=238 WAIST cost=56.0000 best_alt=51.0000 gap=5.0000 tried=5 sep_labels=51 clique_frac=0.01
t=92087ms iter=238 REBUILD reject new_tc=64.0673 (was 59.9265)
t=92242ms iter=238 incumb=59.9265 ratchet=60.0739 best=59.9259 since_improve=216
t=92251ms iter=239 WAIST cost=56.0000 best_alt=51.0000 gap=5.0000 tried=5 sep_labels=51 clique_frac=0.01
t=92430ms iter=239 REBUILD reject new_tc=60.6613 (was 59.9265)
t=92583ms iter=239 incumb=59.9265 ratchet=60.0063 best=59.9259 since_improve=217
t=92593ms iter=240 WAIST cost=56.0000 best_alt=50.0000 gap=6.0000 tried=5 sep_labels=50 clique_frac=0.01
t=92762ms iter=240 REBUILD reject new_tc=61.0494 (was 59.9265)
t=92917ms iter=240 incumb=59.9265 ratchet=60.1335 best=59.9259 since_improve=218
t=92924ms iter=241 WAIST cost=56.0000 best_alt=51.0000 gap=5.0000 tried=5 sep_labels=51 clique_frac=0.01
t=93095ms iter=241 REBUILD reject new_tc=65.2830 (was 59.9265)
t=93253ms iter=241 incumb=59.9265 ratchet=60.0398 best=59.9259 since_improve=219
t=93262ms iter=242 WAIST cost=56.0000 best_alt=51.0000 gap=5.0000 tried=5 sep_labels=51 clique_frac=0.01
t=93434ms iter=242 REBUILD reject new_tc=60.9707 (was 59.9265)
t=93591ms iter=242 incumb=59.9265 ratchet=60.0324 best=59.9259 since_improve=220
t=93600ms iter=243 WAIST cost=56.0000 best_alt=51.0000 gap=5.0000 tried=5 sep_labels=51 clique_frac=0.01
t=93771ms iter=243 REBUILD reject new_tc=64.4585 (was 59.9265)
t=93930ms iter=243 incumb=59.9265 ratchet=59.9565 best=59.9259 since_improve=221
t=93936ms iter=244 WAIST cost=56.0000 best_alt=51.0000 gap=5.0000 tried=5 sep_labels=51 clique_frac=0.01
t=94111ms iter=244 REBUILD reject new_tc=60.9090 (was 59.9265)
t=94267ms iter=244 incumb=59.9265 ratchet=59.9674 best=59.9259 since_improve=222
t=94276ms iter=245 WAIST cost=56.0000 best_alt=51.0000 gap=5.0000 tried=5 sep_labels=51 clique_frac=0.01
t=94450ms iter=245 REBUILD reject new_tc=61.2504 (was 59.9265)
t=94600ms iter=245 incumb=59.9265 ratchet=60.0722 best=59.9259 since_improve=223
t=94607ms iter=246 WAIST cost=56.0000 best_alt=51.0000 gap=5.0000 tried=5 sep_labels=51 clique_frac=0.01
t=94781ms iter=246 REBUILD reject new_tc=61.0949 (was 59.9265)
t=94937ms iter=246 incumb=59.9265 ratchet=59.9819 best=59.9259 since_improve=224
t=94946ms iter=247 WAIST cost=56.0000 best_alt=49.0000 gap=7.0000 tried=5 sep_labels=49 clique_frac=0.01
t=95101ms iter=247 REBUILD reject new_tc=61.0788 (was 59.9265)
t=95256ms iter=247 incumb=59.9265 ratchet=59.9536 best=59.9259 since_improve=225
t=95266ms iter=248 WAIST cost=56.0000 best_alt=51.0000 gap=5.0000 tried=5 sep_labels=51 clique_frac=0.01
t=95433ms iter=248 REBUILD reject new_tc=62.3834 (was 59.9265)
t=95792ms iter=248 incumb=59.9265 ratchet=59.9331 best=59.9213 since_improve=226
t=95802ms iter=249 WAIST cost=56.0000 best_alt=51.0000 gap=5.0000 tried=5 sep_labels=51 clique_frac=0.01
t=95977ms iter=249 REBUILD reject new_tc=60.8483 (was 59.9265)
t=96133ms iter=249 incumb=59.9265 ratchet=60.0441 best=59.9213 since_improve=227
t=96142ms iter=250 WAIST cost=56.0000 best_alt=51.0000 gap=5.0000 tried=5 sep_labels=51 clique_frac=0.01
t=96310ms iter=250 REBUILD reject new_tc=63.9144 (was 59.9265)
t=96470ms iter=250 incumb=59.9265 ratchet=60.0262 best=59.9213 since_improve=228
t=96480ms iter=251 WAIST cost=56.0000 best_alt=51.0000 gap=5.0000 tried=5 sep_labels=51 clique_frac=0.01
t=96651ms iter=251 REBUILD reject new_tc=60.6767 (was 59.9265)
t=96802ms iter=251 incumb=59.9265 ratchet=60.0216 best=59.9213 since_improve=229
t=96812ms iter=252 WAIST cost=56.0000 best_alt=51.0000 gap=5.0000 tried=5 sep_labels=51 clique_frac=0.01
t=96984ms iter=252 REBUILD reject new_tc=64.0892 (was 59.9265)
t=97131ms iter=252 incumb=59.9265 ratchet=60.0399 best=59.9213 since_improve=230
t=97139ms iter=253 WAIST cost=56.0000 best_alt=51.0000 gap=5.0000 tried=5 sep_labels=51 clique_frac=0.01
t=97312ms iter=253 REBUILD reject new_tc=60.7778 (was 59.9265)
t=97465ms iter=253 incumb=59.9265 ratchet=60.0096 best=59.9213 since_improve=231
t=97476ms iter=254 WAIST cost=56.0000 best_alt=51.0000 gap=5.0000 tried=5 sep_labels=51 clique_frac=0.01
t=97651ms iter=254 REBUILD reject new_tc=60.9771 (was 59.9265)
t=97809ms iter=254 incumb=59.9265 ratchet=60.0343 best=59.9213 since_improve=232
t=97816ms iter=255 WAIST cost=56.0000 best_alt=51.0000 gap=5.0000 tried=5 sep_labels=51 clique_frac=0.01
t=97994ms iter=255 REBUILD reject new_tc=64.2467 (was 59.9265)
t=98151ms iter=255 incumb=59.9265 ratchet=59.9546 best=59.9213 since_improve=233
t=98160ms iter=256 WAIST cost=56.0000 best_alt=51.0000 gap=5.0000 tried=5 sep_labels=51 clique_frac=0.01
t=98326ms iter=256 REBUILD reject new_tc=65.5368 (was 59.9265)
t=98485ms iter=256 incumb=59.9265 ratchet=60.1833 best=59.9213 since_improve=234
t=98493ms iter=257 WAIST cost=56.0000 best_alt=49.0000 gap=7.0000 tried=5 sep_labels=49 clique_frac=0.01
t=98647ms iter=257 REBUILD reject new_tc=61.3975 (was 59.9265)
t=98804ms iter=257 incumb=59.9265 ratchet=60.1912 best=59.9213 since_improve=235
t=98814ms iter=258 WAIST cost=56.0000 best_alt=51.0000 gap=5.0000 tried=5 sep_labels=51 clique_frac=0.01
t=98983ms iter=258 REBUILD reject new_tc=62.8319 (was 59.9265)
t=99130ms iter=258 incumb=59.9265 ratchet=60.0193 best=59.9213 since_improve=236
t=99138ms iter=259 WAIST cost=56.0000 best_alt=51.0000 gap=5.0000 tried=5 sep_labels=51 clique_frac=0.01
t=99312ms iter=259 REBUILD reject new_tc=63.9939 (was 59.9265)
t=99469ms iter=259 incumb=59.9265 ratchet=60.1146 best=59.9213 since_improve=237
t=99478ms iter=260 WAIST cost=56.0000 best_alt=51.0000 gap=5.0000 tried=5 sep_labels=51 clique_frac=0.01
t=99649ms iter=260 REBUILD reject new_tc=64.0500 (was 59.9265)
t=99803ms iter=260 incumb=59.9265 ratchet=60.0355 best=59.9213 since_improve=238
t=99811ms iter=261 WAIST cost=56.0000 best_alt=51.0000 gap=5.0000 tried=5 sep_labels=51 clique_frac=0.01
t=99984ms iter=261 REBUILD reject new_tc=61.3332 (was 59.9265)
t=100138ms iter=261 incumb=59.9265 ratchet=60.0205 best=59.9213 since_improve=239
t=100147ms iter=262 WAIST cost=56.0000 best_alt=51.0000 gap=5.0000 tried=5 sep_labels=51 clique_frac=0.01
t=100321ms iter=262 REBUILD reject new_tc=60.1189 (was 59.9265)
t=100480ms iter=262 incumb=59.9265 ratchet=60.0487 best=59.9213 since_improve=240
t=100490ms iter=263 WAIST cost=56.0000 best_alt=51.0000 gap=5.0000 tried=5 sep_labels=51 clique_frac=0.01
t=100662ms iter=263 REBUILD reject new_tc=60.5754 (was 59.9265)
t=100852ms iter=263 incumb=59.9265 ratchet=59.9931 best=59.9213 since_improve=241
t=100867ms iter=264 WAIST cost=56.0000 best_alt=51.0000 gap=5.0000 tried=5 sep_labels=51 clique_frac=0.01
t=101041ms iter=264 REBUILD reject new_tc=60.5685 (was 59.9265)
t=101197ms iter=264 incumb=59.9265 ratchet=59.9851 best=59.9213 since_improve=242
t=101206ms iter=265 WAIST cost=56.0000 best_alt=51.0000 gap=5.0000 tried=5 sep_labels=51 clique_frac=0.01
t=101370ms iter=265 REBUILD reject new_tc=78.0297 (was 59.9265)
t=101578ms iter=265 incumb=59.9265 ratchet=60.0051 best=59.9213 since_improve=243
t=101587ms iter=266 WAIST cost=56.0000 best_alt=51.0000 gap=5.0000 tried=5 sep_labels=51 clique_frac=0.01
t=101748ms iter=266 REBUILD reject new_tc=77.0002 (was 59.9265)
t=101901ms iter=266 incumb=59.9265 ratchet=59.9974 best=59.9213 since_improve=244
t=101911ms iter=267 WAIST cost=56.0000 best_alt=51.0000 gap=5.0000 tried=5 sep_labels=51 clique_frac=0.01
t=102075ms iter=267 REBUILD reject new_tc=68.0079 (was 59.9265)
t=102231ms iter=267 incumb=59.9265 ratchet=60.2993 best=59.9213 since_improve=245
t=102240ms iter=268 WAIST cost=56.0000 best_alt=51.0000 gap=5.0000 tried=5 sep_labels=51 clique_frac=0.01
t=102412ms iter=268 REBUILD reject new_tc=60.3090 (was 59.9265)
t=102568ms iter=268 incumb=59.9265 ratchet=60.0404 best=59.9213 since_improve=246
t=102576ms iter=269 WAIST cost=56.0000 best_alt=51.0000 gap=5.0000 tried=5 sep_labels=51 clique_frac=0.01
t=102750ms iter=269 REBUILD reject new_tc=60.5444 (was 59.9265)
t=102906ms iter=269 incumb=59.9265 ratchet=59.9940 best=59.9213 since_improve=247
t=102916ms iter=270 WAIST cost=56.0000 best_alt=51.0000 gap=5.0000 tried=5 sep_labels=51 clique_frac=0.01
t=103086ms iter=270 REBUILD reject new_tc=61.4151 (was 59.9265)
t=103234ms iter=270 incumb=59.9265 ratchet=60.0389 best=59.9213 since_improve=248
t=103242ms iter=271 WAIST cost=56.0000 best_alt=51.0000 gap=5.0000 tried=5 sep_labels=51 clique_frac=0.01
t=103408ms iter=271 REBUILD reject new_tc=60.7743 (was 59.9265)
t=103564ms iter=271 incumb=59.9265 ratchet=60.0418 best=59.9213 since_improve=249
t=103573ms iter=272 WAIST cost=56.0000 best_alt=51.0000 gap=5.0000 tried=5 sep_labels=51 clique_frac=0.01
t=103747ms iter=272 REBUILD reject new_tc=60.8273 (was 59.9265)
t=103903ms iter=272 incumb=59.9265 ratchet=59.9874 best=59.9213 since_improve=250
t=103911ms iter=273 WAIST cost=56.0000 best_alt=51.0000 gap=5.0000 tried=5 sep_labels=51 clique_frac=0.01
t=104084ms iter=273 REBUILD reject new_tc=61.1725 (was 59.9265)
t=104238ms iter=273 incumb=59.9265 ratchet=60.0184 best=59.9213 since_improve=251
t=104245ms iter=274 WAIST cost=56.0000 best_alt=51.0000 gap=5.0000 tried=5 sep_labels=51 clique_frac=0.01
t=104416ms iter=274 REBUILD reject new_tc=63.3900 (was 59.9265)
t=104571ms iter=274 incumb=59.9265 ratchet=60.0790 best=59.9213 since_improve=252
t=104581ms iter=275 WAIST cost=56.0000 best_alt=51.0000 gap=5.0000 tried=5 sep_labels=51 clique_frac=0.01
t=104757ms iter=275 REBUILD reject new_tc=63.8384 (was 59.9265)
t=104910ms iter=275 incumb=59.9265 ratchet=60.0052 best=59.9213 since_improve=253
t=104918ms iter=276 WAIST cost=56.0000 best_alt=51.0000 gap=5.0000 tried=5 sep_labels=51 clique_frac=0.01
t=105091ms iter=276 REBUILD reject new_tc=60.6683 (was 59.9265)
t=105246ms iter=276 incumb=59.9265 ratchet=60.1264 best=59.9213 since_improve=254
t=105253ms iter=277 WAIST cost=56.0000 best_alt=51.0000 gap=5.0000 tried=5 sep_labels=51 clique_frac=0.01
t=105424ms iter=277 REBUILD reject new_tc=60.6364 (was 59.9265)
t=105585ms iter=277 incumb=59.9265 ratchet=60.0878 best=59.9213 since_improve=255
t=105594ms iter=278 WAIST cost=56.0000 best_alt=51.0000 gap=5.0000 tried=5 sep_labels=51 clique_frac=0.01
t=105764ms iter=278 REBUILD reject new_tc=60.9493 (was 59.9265)
t=105919ms iter=278 incumb=59.9265 ratchet=60.0128 best=59.9213 since_improve=256
t=105927ms iter=279 WAIST cost=56.0000 best_alt=51.0000 gap=5.0000 tried=5 sep_labels=51 clique_frac=0.01
t=106084ms iter=279 REBUILD reject new_tc=77.0000 (was 59.9265)
t=106240ms iter=279 incumb=59.9265 ratchet=60.0377 best=59.9213 since_improve=257
t=106248ms iter=280 WAIST cost=56.0000 best_alt=51.0000 gap=5.0000 tried=5 sep_labels=51 clique_frac=0.01
t=106422ms iter=280 REBUILD reject new_tc=65.3916 (was 59.9265)
t=106573ms iter=280 incumb=59.9265 ratchet=60.0331 best=59.9213 since_improve=258
t=106582ms iter=281 WAIST cost=56.0000 best_alt=51.0000 gap=5.0000 tried=5 sep_labels=51 clique_frac=0.01
t=106755ms iter=281 REBUILD reject new_tc=60.7321 (was 59.9265)
t=106911ms iter=281 incumb=59.9265 ratchet=60.0528 best=59.9213 since_improve=259
t=106920ms iter=282 WAIST cost=56.0000 best_alt=51.0000 gap=5.0000 tried=5 sep_labels=51 clique_frac=0.01
t=107090ms iter=282 REBUILD reject new_tc=60.2343 (was 59.9265)
t=107246ms iter=282 incumb=59.9265 ratchet=60.0144 best=59.9213 since_improve=260
t=107257ms iter=283 WAIST cost=56.0000 best_alt=51.0000 gap=5.0000 tried=5 sep_labels=51 clique_frac=0.01
t=107424ms iter=283 REBUILD reject new_tc=63.3340 (was 59.9265)
t=107581ms iter=283 incumb=59.9265 ratchet=59.9922 best=59.9213 since_improve=261
t=107589ms iter=284 WAIST cost=56.0000 best_alt=51.0000 gap=5.0000 tried=5 sep_labels=51 clique_frac=0.01
t=107767ms iter=284 REBUILD reject new_tc=60.7198 (was 59.9265)
t=107913ms iter=284 incumb=59.9265 ratchet=59.9560 best=59.9213 since_improve=262
t=107922ms iter=285 WAIST cost=56.0000 best_alt=51.0000 gap=5.0000 tried=5 sep_labels=51 clique_frac=0.01
t=108093ms iter=285 REBUILD reject new_tc=61.4005 (was 59.9265)
t=108258ms iter=285 incumb=59.9265 ratchet=60.4301 best=59.9213 since_improve=263
t=108266ms iter=286 WAIST cost=56.0000 best_alt=51.0000 gap=5.0000 tried=5 sep_labels=51 clique_frac=0.01
t=108441ms iter=286 REBUILD reject new_tc=61.0898 (was 59.9265)
t=108601ms iter=286 incumb=59.9265 ratchet=59.9761 best=59.9213 since_improve=264
t=108609ms iter=287 WAIST cost=56.0000 best_alt=51.0000 gap=5.0000 tried=5 sep_labels=51 clique_frac=0.01
t=108781ms iter=287 REBUILD reject new_tc=60.4822 (was 59.9265)
t=108938ms iter=287 incumb=59.9265 ratchet=59.9516 best=59.9213 since_improve=265
t=108948ms iter=288 WAIST cost=56.0000 best_alt=51.0000 gap=5.0000 tried=5 sep_labels=51 clique_frac=0.01
t=109119ms iter=288 REBUILD reject new_tc=60.7715 (was 59.9265)
t=109274ms iter=288 incumb=59.9265 ratchet=60.0132 best=59.9213 since_improve=266
t=109281ms iter=289 WAIST cost=56.0000 best_alt=51.0000 gap=5.0000 tried=5 sep_labels=51 clique_frac=0.01
t=109458ms iter=289 REBUILD reject new_tc=61.0263 (was 59.9265)
t=109614ms iter=289 incumb=59.9265 ratchet=59.9805 best=59.9213 since_improve=267
t=109623ms iter=290 WAIST cost=56.0000 best_alt=49.0000 gap=7.0000 tried=5 sep_labels=49 clique_frac=0.01
t=109772ms iter=290 REBUILD reject new_tc=61.6668 (was 59.9265)
t=109933ms iter=290 incumb=59.9265 ratchet=60.0350 best=59.9213 since_improve=268
t=109943ms iter=291 WAIST cost=56.0000 best_alt=51.0000 gap=5.0000 tried=5 sep_labels=51 clique_frac=0.01
t=110111ms iter=291 REBUILD reject new_tc=64.0098 (was 59.9265)
t=110265ms iter=291 incumb=59.9265 ratchet=60.0329 best=59.9213 since_improve=269
t=110273ms iter=292 WAIST cost=56.0000 best_alt=51.0000 gap=5.0000 tried=5 sep_labels=51 clique_frac=0.01
t=110451ms iter=292 REBUILD reject new_tc=63.3707 (was 59.9265)
t=110607ms iter=292 incumb=59.9265 ratchet=59.9453 best=59.9213 since_improve=270
t=110615ms iter=293 WAIST cost=56.0000 best_alt=51.0000 gap=5.0000 tried=5 sep_labels=51 clique_frac=0.01
t=110787ms iter=293 REBUILD reject new_tc=64.1287 (was 59.9265)
t=110936ms iter=293 incumb=59.9265 ratchet=60.0650 best=59.9213 since_improve=271
t=110944ms iter=294 WAIST cost=56.0000 best_alt=51.0000 gap=5.0000 tried=5 sep_labels=51 clique_frac=0.01
t=111114ms iter=294 REBUILD reject new_tc=65.2638 (was 59.9265)
t=111271ms iter=294 incumb=59.9265 ratchet=60.0548 best=59.9213 since_improve=272
t=111279ms iter=295 WAIST cost=56.0000 best_alt=51.0000 gap=5.0000 tried=5 sep_labels=51 clique_frac=0.01
t=111453ms iter=295 REBUILD reject new_tc=60.2108 (was 59.9265)
t=111606ms iter=295 incumb=59.9265 ratchet=60.1281 best=59.9213 since_improve=273
t=111615ms iter=296 WAIST cost=56.0000 best_alt=51.0000 gap=5.0000 tried=5 sep_labels=51 clique_frac=0.01
t=111777ms iter=296 REBUILD reject new_tc=65.6617 (was 59.9265)
t=111936ms iter=296 incumb=59.9265 ratchet=59.9811 best=59.9213 since_improve=274
t=111943ms iter=297 WAIST cost=56.0000 best_alt=51.0000 gap=5.0000 tried=5 sep_labels=51 clique_frac=0.01
t=112117ms iter=297 REBUILD reject new_tc=60.3823 (was 59.9265)
t=112270ms iter=297 incumb=59.9265 ratchet=59.9892 best=59.9213 since_improve=275
t=112277ms iter=298 WAIST cost=56.0000 best_alt=51.0000 gap=5.0000 tried=5 sep_labels=51 clique_frac=0.01
t=112447ms iter=298 REBUILD reject new_tc=61.1244 (was 59.9265)
t=112605ms iter=298 incumb=59.9265 ratchet=60.1134 best=59.9213 since_improve=276
t=112613ms iter=299 WAIST cost=56.0000 best_alt=51.0000 gap=5.0000 tried=5 sep_labels=51 clique_frac=0.01
t=112783ms iter=299 REBUILD reject new_tc=60.7325 (was 59.9265)
t=112936ms iter=299 incumb=59.9265 ratchet=59.9797 best=59.9213 since_improve=277
t=112943ms iter=300 WAIST cost=56.0000 best_alt=51.0000 gap=5.0000 tried=5 sep_labels=51 clique_frac=0.01
t=113117ms iter=300 REBUILD reject new_tc=64.1793 (was 59.9265)
t=113268ms iter=300 incumb=59.9265 ratchet=59.9623 best=59.9213 since_improve=278
t=113277ms iter=301 WAIST cost=56.0000 best_alt=51.0000 gap=5.0000 tried=5 sep_labels=51 clique_frac=0.01
t=113444ms iter=301 REBUILD reject new_tc=64.6559 (was 59.9265)
t=113596ms iter=301 incumb=59.9265 ratchet=59.9694 best=59.9213 since_improve=279
t=113604ms iter=302 WAIST cost=56.0000 best_alt=51.0000 gap=5.0000 tried=5 sep_labels=51 clique_frac=0.01
t=113779ms iter=302 REBUILD reject new_tc=60.6803 (was 59.9265)
t=113932ms iter=302 incumb=59.9265 ratchet=60.0086 best=59.9213 since_improve=280
t=113940ms iter=303 WAIST cost=56.0000 best_alt=51.0000 gap=5.0000 tried=5 sep_labels=51 clique_frac=0.01
t=114104ms iter=303 REBUILD reject new_tc=62.8590 (was 59.9265)
t=114254ms iter=303 incumb=59.9265 ratchet=60.0403 best=59.9213 since_improve=281
t=114263ms iter=304 WAIST cost=56.0000 best_alt=51.0000 gap=5.0000 tried=5 sep_labels=51 clique_frac=0.01
t=114436ms iter=304 REBUILD reject new_tc=60.4770 (was 59.9265)
t=114588ms iter=304 incumb=59.9265 ratchet=59.9707 best=59.9213 since_improve=282
t=114598ms iter=305 WAIST cost=56.0000 best_alt=51.0000 gap=5.0000 tried=5 sep_labels=51 clique_frac=0.01
t=114771ms iter=305 REBUILD reject new_tc=60.2656 (was 59.9265)
t=114927ms iter=305 incumb=59.9265 ratchet=60.0520 best=59.9213 since_improve=283
t=114935ms iter=306 WAIST cost=56.0000 best_alt=51.0000 gap=5.0000 tried=5 sep_labels=51 clique_frac=0.01
t=115109ms iter=306 REBUILD reject new_tc=61.1432 (was 59.9265)
t=115269ms iter=306 incumb=59.9265 ratchet=59.9335 best=59.9213 since_improve=284
t=115280ms iter=307 WAIST cost=56.0000 best_alt=51.0000 gap=5.0000 tried=5 sep_labels=51 clique_frac=0.01
t=115451ms iter=307 REBUILD reject new_tc=61.1207 (was 59.9265)
t=115605ms iter=307 incumb=59.9265 ratchet=60.0516 best=59.9213 since_improve=285
t=115613ms iter=308 WAIST cost=56.0000 best_alt=51.0000 gap=5.0000 tried=5 sep_labels=51 clique_frac=0.01
t=115780ms iter=308 REBUILD reject new_tc=61.0656 (was 59.9265)
t=115934ms iter=308 incumb=59.9265 ratchet=60.1283 best=59.9213 since_improve=286
t=115943ms iter=309 WAIST cost=56.0000 best_alt=51.0000 gap=5.0000 tried=5 sep_labels=51 clique_frac=0.01
t=116118ms iter=309 REBUILD reject new_tc=60.7539 (was 59.9265)
t=116271ms iter=309 incumb=59.9265 ratchet=59.9985 best=59.9213 since_improve=287
t=116278ms iter=310 WAIST cost=56.0000 best_alt=51.0000 gap=5.0000 tried=5 sep_labels=51 clique_frac=0.01
t=116450ms iter=310 REBUILD reject new_tc=61.1663 (was 59.9265)
t=116608ms iter=310 incumb=59.9265 ratchet=59.9861 best=59.9213 since_improve=288
t=116617ms iter=311 WAIST cost=56.0000 best_alt=51.0000 gap=5.0000 tried=5 sep_labels=51 clique_frac=0.01
t=116779ms iter=311 REBUILD reject new_tc=75.0001 (was 59.9265)
t=116934ms iter=311 incumb=59.9265 ratchet=60.0017 best=59.9213 since_improve=289
t=116941ms iter=312 WAIST cost=56.0000 best_alt=51.0000 gap=5.0000 tried=5 sep_labels=51 clique_frac=0.01
t=117115ms iter=312 REBUILD reject new_tc=60.9371 (was 59.9265)
t=117271ms iter=312 incumb=59.9265 ratchet=60.1326 best=59.9213 since_improve=290
t=117280ms iter=313 WAIST cost=56.0000 best_alt=51.0000 gap=5.0000 tried=5 sep_labels=51 clique_frac=0.01
t=117454ms iter=313 REBUILD reject new_tc=65.3032 (was 59.9265)
t=117604ms iter=313 incumb=59.9265 ratchet=60.1050 best=59.9213 since_improve=291
t=117612ms iter=314 WAIST cost=56.0000 best_alt=51.0000 gap=5.0000 tried=5 sep_labels=51 clique_frac=0.01
t=117772ms iter=314 REBUILD reject new_tc=63.3833 (was 59.9265)
t=117925ms iter=314 incumb=59.9265 ratchet=60.0917 best=59.9213 since_improve=292
t=117933ms iter=315 WAIST cost=56.0000 best_alt=51.0000 gap=5.0000 tried=5 sep_labels=51 clique_frac=0.01
t=118105ms iter=315 REBUILD reject new_tc=60.7925 (was 59.9265)
t=118265ms iter=315 incumb=59.9265 ratchet=59.9995 best=59.9213 since_improve=293
t=118273ms iter=316 WAIST cost=56.0000 best_alt=51.0000 gap=5.0000 tried=5 sep_labels=51 clique_frac=0.01
t=118442ms iter=316 REBUILD reject new_tc=60.8937 (was 59.9265)
t=118593ms iter=316 incumb=59.9265 ratchet=60.0469 best=59.9213 since_improve=294
t=118602ms iter=317 WAIST cost=56.0000 best_alt=51.0000 gap=5.0000 tried=5 sep_labels=51 clique_frac=0.01
t=118771ms iter=317 REBUILD reject new_tc=61.9460 (was 59.9265)
t=118929ms iter=317 incumb=59.9265 ratchet=60.3061 best=59.9213 since_improve=295
t=118938ms iter=318 WAIST cost=56.0000 best_alt=51.0000 gap=5.0000 tried=5 sep_labels=51 clique_frac=0.01
t=119113ms iter=318 REBUILD reject new_tc=60.6572 (was 59.9265)
t=119264ms iter=318 incumb=59.9265 ratchet=60.0829 best=59.9213 since_improve=296
t=119272ms iter=319 WAIST cost=56.0000 best_alt=51.0000 gap=5.0000 tried=5 sep_labels=51 clique_frac=0.01
t=119441ms iter=319 REBUILD reject new_tc=63.4565 (was 59.9265)
t=119593ms iter=319 incumb=59.9265 ratchet=60.0144 best=59.9213 since_improve=297
t=119603ms iter=320 WAIST cost=56.0000 best_alt=51.0000 gap=5.0000 tried=5 sep_labels=51 clique_frac=0.01
t=119771ms iter=320 REBUILD reject new_tc=65.2576 (was 59.9265)
t=119928ms iter=320 incumb=59.9265 ratchet=59.9732 best=59.9213 since_improve=298
t=119935ms iter=321 WAIST cost=56.0000 best_alt=51.0000 gap=5.0000 tried=5 sep_labels=51 clique_frac=0.01
t=120110ms iter=321 REBUILD reject new_tc=60.7267 (was 59.9265)
t=120253ms iter=321 incumb=59.9265 ratchet=60.0938 best=59.9213 since_improve=299
t=120262ms iter=322 WAIST cost=56.0000 best_alt=51.0000 gap=5.0000 tried=5 sep_labels=51 clique_frac=0.01
t=120433ms iter=322 REBUILD reject new_tc=64.1161 (was 59.9265)
t=120590ms iter=322 incumb=59.9265 ratchet=60.0130 best=59.9213 since_improve=300
t=120600ms iter=323 WAIST cost=56.0000 best_alt=51.0000 gap=5.0000 tried=5 sep_labels=51 clique_frac=0.01
t=120775ms iter=323 REBUILD reject new_tc=62.1468 (was 59.9265)
t=120932ms iter=323 incumb=59.9265 ratchet=59.9362 best=59.9213 since_improve=301
t=120940ms iter=324 WAIST cost=56.0000 best_alt=51.0000 gap=5.0000 tried=5 sep_labels=51 clique_frac=0.01
t=121111ms iter=324 REBUILD reject new_tc=61.0541 (was 59.9265)
t=121268ms iter=324 incumb=59.9265 ratchet=59.9818 best=59.9213 since_improve=302
t=121279ms iter=325 WAIST cost=56.0000 best_alt=51.0000 gap=5.0000 tried=5 sep_labels=51 clique_frac=0.01
t=121461ms iter=325 REBUILD reject new_tc=63.8019 (was 59.9265)
t=121629ms iter=325 incumb=59.9265 ratchet=59.9341 best=59.9213 since_improve=303
t=121638ms iter=326 WAIST cost=56.0000 best_alt=51.0000 gap=5.0000 tried=5 sep_labels=51 clique_frac=0.01
t=121808ms iter=326 REBUILD reject new_tc=60.2678 (was 59.9265)
t=121961ms iter=326 incumb=59.9265 ratchet=59.9601 best=59.9213 since_improve=304
t=121970ms iter=327 WAIST cost=56.0000 best_alt=51.0000 gap=5.0000 tried=5 sep_labels=51 clique_frac=0.01
t=122145ms iter=327 REBUILD reject new_tc=60.4111 (was 59.9265)
t=122306ms iter=327 incumb=59.9265 ratchet=60.0209 best=59.9213 since_improve=305
t=122314ms iter=328 WAIST cost=56.0000 best_alt=51.0000 gap=5.0000 tried=5 sep_labels=51 clique_frac=0.01
t=122481ms iter=328 REBUILD reject new_tc=71.0058 (was 59.9265)
t=122640ms iter=328 incumb=59.9265 ratchet=60.0253 best=59.9213 since_improve=306
t=122649ms iter=329 WAIST cost=56.0000 best_alt=51.0000 gap=5.0000 tried=5 sep_labels=51 clique_frac=0.01
t=122820ms iter=329 REBUILD reject new_tc=63.9112 (was 59.9265)
t=122978ms iter=329 incumb=59.9265 ratchet=59.9939 best=59.9213 since_improve=307
t=122987ms iter=330 WAIST cost=56.0000 best_alt=51.0000 gap=5.0000 tried=5 sep_labels=51 clique_frac=0.01
t=123156ms iter=330 REBUILD reject new_tc=65.4422 (was 59.9265)
t=123311ms iter=330 incumb=59.9265 ratchet=60.0350 best=59.9213 since_improve=308
t=123321ms iter=331 WAIST cost=56.0000 best_alt=50.0000 gap=6.0000 tried=5 sep_labels=50 clique_frac=0.01
t=123475ms iter=331 REBUILD reject new_tc=61.4963 (was 59.9265)
t=123628ms iter=331 incumb=59.9265 ratchet=60.0762 best=59.9213 since_improve=309
t=123637ms iter=332 WAIST cost=56.0000 best_alt=51.0000 gap=5.0000 tried=5 sep_labels=51 clique_frac=0.01
t=123816ms iter=332 REBUILD reject new_tc=61.0668 (was 59.9265)
t=123974ms iter=332 incumb=59.9265 ratchet=59.9449 best=59.9213 since_improve=310
t=123983ms iter=333 WAIST cost=56.0000 best_alt=51.0000 gap=5.0000 tried=5 sep_labels=51 clique_frac=0.01
t=124154ms iter=333 REBUILD reject new_tc=65.4097 (was 59.9265)
t=124314ms iter=333 incumb=59.9265 ratchet=60.0724 best=59.9213 since_improve=311
t=124324ms iter=334 WAIST cost=56.0000 best_alt=50.0000 gap=6.0000 tried=5 sep_labels=50 clique_frac=0.01
t=124494ms iter=334 REBUILD reject new_tc=61.2555 (was 59.9265)
t=124651ms iter=334 incumb=59.9265 ratchet=59.9361 best=59.9213 since_improve=312
t=124659ms iter=335 WAIST cost=56.0000 best_alt=51.0000 gap=5.0000 tried=5 sep_labels=51 clique_frac=0.01
t=124826ms iter=335 REBUILD reject new_tc=66.0273 (was 59.9265)
t=124976ms iter=335 incumb=59.9265 ratchet=60.0207 best=59.9213 since_improve=313
t=124984ms iter=336 WAIST cost=56.0000 best_alt=51.0000 gap=5.0000 tried=5 sep_labels=51 clique_frac=0.01
t=125154ms iter=336 REBUILD reject new_tc=63.4681 (was 59.9265)
t=125301ms iter=336 incumb=59.9265 ratchet=60.0587 best=59.9213 since_improve=314
t=125310ms iter=337 WAIST cost=56.0000 best_alt=51.0000 gap=5.0000 tried=5 sep_labels=51 clique_frac=0.01
t=125485ms iter=337 REBUILD reject new_tc=66.0262 (was 59.9265)
t=125640ms iter=337 incumb=59.9265 ratchet=59.9515 best=59.9213 since_improve=315
t=125649ms iter=338 WAIST cost=56.0000 best_alt=51.0000 gap=5.0000 tried=5 sep_labels=51 clique_frac=0.01
t=125818ms iter=338 REBUILD reject new_tc=60.6065 (was 59.9265)
t=125974ms iter=338 incumb=59.9265 ratchet=60.0292 best=59.9213 since_improve=316
t=125982ms iter=339 WAIST cost=56.0000 best_alt=51.0000 gap=5.0000 tried=5 sep_labels=51 clique_frac=0.01
t=126152ms iter=339 REBUILD reject new_tc=63.9076 (was 59.9265)
t=126311ms iter=339 incumb=59.9265 ratchet=60.0595 best=59.9213 since_improve=317
t=126320ms iter=340 WAIST cost=56.0000 best_alt=51.0000 gap=5.0000 tried=5 sep_labels=51 clique_frac=0.01
t=126495ms iter=340 REBUILD reject new_tc=60.6559 (was 59.9265)
t=126644ms iter=340 incumb=59.9265 ratchet=60.3978 best=59.9213 since_improve=318
t=126650ms iter=341 WAIST cost=56.0000 best_alt=51.0000 gap=5.0000 tried=5 sep_labels=51 clique_frac=0.01
t=126813ms iter=341 REBUILD reject new_tc=60.8677 (was 59.9265)
t=126958ms iter=341 incumb=59.9265 ratchet=60.0956 best=59.9213 since_improve=319
t=126966ms iter=342 WAIST cost=56.0000 best_alt=51.0000 gap=5.0000 tried=5 sep_labels=51 clique_frac=0.01
t=127134ms iter=342 REBUILD reject new_tc=60.9813 (was 59.9265)
t=127282ms iter=342 incumb=59.9265 ratchet=60.0074 best=59.9213 since_improve=320
t=127291ms iter=343 WAIST cost=56.0000 best_alt=51.0000 gap=5.0000 tried=5 sep_labels=51 clique_frac=0.01
t=127464ms iter=343 REBUILD reject new_tc=60.7728 (was 59.9265)
t=127617ms iter=343 incumb=59.9265 ratchet=60.0254 best=59.9213 since_improve=321
t=127626ms iter=344 WAIST cost=56.0000 best_alt=51.0000 gap=5.0000 tried=5 sep_labels=51 clique_frac=0.01
t=127796ms iter=344 REBUILD reject new_tc=60.1864 (was 59.9265)
t=127943ms iter=344 incumb=59.9265 ratchet=60.0763 best=59.9213 since_improve=322
t=127954ms iter=345 WAIST cost=56.0000 best_alt=51.0000 gap=5.0000 tried=5 sep_labels=51 clique_frac=0.01
t=128124ms iter=345 REBUILD reject new_tc=61.3219 (was 59.9265)
t=128281ms iter=345 incumb=59.9265 ratchet=60.0137 best=59.9213 since_improve=323
t=128290ms iter=346 WAIST cost=56.0000 best_alt=51.0000 gap=5.0000 tried=5 sep_labels=51 clique_frac=0.01
t=128463ms iter=346 REBUILD reject new_tc=60.3567 (was 59.9265)
t=128616ms iter=346 incumb=59.9265 ratchet=60.0138 best=59.9213 since_improve=324
t=128625ms iter=347 WAIST cost=56.0000 best_alt=51.0000 gap=5.0000 tried=5 sep_labels=51 clique_frac=0.01
t=128795ms iter=347 REBUILD reject new_tc=62.4564 (was 59.9265)
t=128951ms iter=347 incumb=59.9265 ratchet=60.0441 best=59.9213 since_improve=325
t=128958ms iter=348 WAIST cost=56.0000 best_alt=50.0000 gap=6.0000 tried=5 sep_labels=50 clique_frac=0.01
t=129132ms iter=348 REBUILD reject new_tc=61.4586 (was 59.9265)
t=129290ms iter=348 incumb=59.9265 ratchet=60.2690 best=59.9213 since_improve=326
t=129298ms iter=349 WAIST cost=56.0000 best_alt=51.0000 gap=5.0000 tried=5 sep_labels=51 clique_frac=0.01
t=129467ms iter=349 REBUILD reject new_tc=61.9649 (was 59.9265)
t=129620ms iter=349 incumb=59.9265 ratchet=60.0032 best=59.9213 since_improve=327
t=129629ms iter=350 WAIST cost=56.0000 best_alt=51.0000 gap=5.0000 tried=5 sep_labels=51 clique_frac=0.01
t=129805ms iter=350 REBUILD reject new_tc=60.8056 (was 59.9265)
t=129961ms iter=350 incumb=59.9265 ratchet=60.1536 best=59.9213 since_improve=328
t=129969ms iter=351 WAIST cost=56.0000 best_alt=51.0000 gap=5.0000 tried=5 sep_labels=51 clique_frac=0.01
t=130121ms iter=351 REBUILD reject new_tc=60.6089 (was 59.9265)
t=130271ms iter=351 incumb=59.9265 ratchet=60.0562 best=59.9213 since_improve=329
t=130279ms iter=352 WAIST cost=56.0000 best_alt=51.0000 gap=5.0000 tried=5 sep_labels=51 clique_frac=0.01
t=130450ms iter=352 REBUILD reject new_tc=60.7363 (was 59.9265)
t=130605ms iter=352 incumb=59.9265 ratchet=60.0279 best=59.9213 since_improve=330
t=130613ms iter=353 WAIST cost=56.0000 best_alt=50.0000 gap=6.0000 tried=5 sep_labels=50 clique_frac=0.01
t=130787ms iter=353 REBUILD reject new_tc=61.3212 (was 59.9265)
t=130940ms iter=353 incumb=59.9265 ratchet=60.0002 best=59.9213 since_improve=331
t=130948ms iter=354 WAIST cost=56.0000 best_alt=51.0000 gap=5.0000 tried=5 sep_labels=51 clique_frac=0.01
t=131114ms iter=354 REBUILD reject new_tc=60.9049 (was 59.9265)
t=131264ms iter=354 incumb=59.9265 ratchet=60.0541 best=59.9213 since_improve=332
t=131271ms iter=355 WAIST cost=56.0000 best_alt=51.0000 gap=5.0000 tried=5 sep_labels=51 clique_frac=0.01
t=131445ms iter=355 REBUILD reject new_tc=61.0041 (was 59.9265)
t=131600ms iter=355 incumb=59.9265 ratchet=60.1204 best=59.9213 since_improve=333
t=131608ms iter=356 WAIST cost=56.0000 best_alt=51.0000 gap=5.0000 tried=5 sep_labels=51 clique_frac=0.01
t=131776ms iter=356 REBUILD reject new_tc=60.1971 (was 59.9265)
t=131931ms iter=356 incumb=59.9265 ratchet=60.0877 best=59.9213 since_improve=334
t=131939ms iter=357 WAIST cost=56.0000 best_alt=50.0000 gap=6.0000 tried=5 sep_labels=50 clique_frac=0.01
t=132109ms iter=357 REBUILD reject new_tc=61.4013 (was 59.9265)
t=132264ms iter=357 incumb=59.9265 ratchet=60.0357 best=59.9213 since_improve=335
t=132273ms iter=358 WAIST cost=56.0000 best_alt=51.0000 gap=5.0000 tried=5 sep_labels=51 clique_frac=0.01
t=132447ms iter=358 REBUILD reject new_tc=60.8616 (was 59.9265)
t=132601ms iter=358 incumb=59.9265 ratchet=59.9798 best=59.9213 since_improve=336
t=132611ms iter=359 WAIST cost=56.0000 best_alt=51.0000 gap=5.0000 tried=5 sep_labels=51 clique_frac=0.01
t=132786ms iter=359 REBUILD reject new_tc=61.1353 (was 59.9265)
t=132944ms iter=359 incumb=59.9265 ratchet=60.1128 best=59.9213 since_improve=337
t=132954ms iter=360 WAIST cost=56.0000 best_alt=51.0000 gap=5.0000 tried=5 sep_labels=51 clique_frac=0.01
t=133132ms iter=360 REBUILD reject new_tc=60.8058 (was 59.9265)
t=133290ms iter=360 incumb=59.9265 ratchet=60.0219 best=59.9213 since_improve=338
t=133298ms iter=361 WAIST cost=56.0000 best_alt=51.0000 gap=5.0000 tried=5 sep_labels=51 clique_frac=0.01
t=133471ms iter=361 REBUILD reject new_tc=60.8041 (was 59.9265)
t=133633ms iter=361 incumb=59.9265 ratchet=59.9669 best=59.9213 since_improve=339
t=133642ms iter=362 WAIST cost=56.0000 best_alt=51.0000 gap=5.0000 tried=5 sep_labels=51 clique_frac=0.01
t=133817ms iter=362 REBUILD reject new_tc=60.6506 (was 59.9265)
t=133970ms iter=362 incumb=59.9265 ratchet=60.0535 best=59.9213 since_improve=340
t=133978ms iter=363 WAIST cost=56.0000 best_alt=51.0000 gap=5.0000 tried=5 sep_labels=51 clique_frac=0.01
t=134151ms iter=363 REBUILD reject new_tc=60.3750 (was 59.9265)
t=134306ms iter=363 incumb=59.9265 ratchet=60.1028 best=59.9213 since_improve=341
t=134315ms iter=364 WAIST cost=56.0000 best_alt=51.0000 gap=5.0000 tried=5 sep_labels=51 clique_frac=0.01
t=134490ms iter=364 REBUILD reject new_tc=60.8368 (was 59.9265)
t=134644ms iter=364 incumb=59.9265 ratchet=59.9667 best=59.9213 since_improve=342
t=134653ms iter=365 WAIST cost=56.0000 best_alt=51.0000 gap=5.0000 tried=5 sep_labels=51 clique_frac=0.01
t=134820ms iter=365 REBUILD reject new_tc=60.8768 (was 59.9265)
t=134973ms iter=365 incumb=59.9265 ratchet=59.9977 best=59.9213 since_improve=343
t=134980ms iter=366 WAIST cost=56.0000 best_alt=51.0000 gap=5.0000 tried=5 sep_labels=51 clique_frac=0.01
t=135149ms iter=366 REBUILD reject new_tc=63.2647 (was 59.9265)
t=135301ms iter=366 incumb=59.9265 ratchet=59.9798 best=59.9213 since_improve=344
t=135309ms iter=367 WAIST cost=56.0000 best_alt=51.0000 gap=5.0000 tried=5 sep_labels=51 clique_frac=0.01
t=135479ms iter=367 REBUILD reject new_tc=61.1555 (was 59.9265)
t=135633ms iter=367 incumb=59.9265 ratchet=60.0938 best=59.9213 since_improve=345
t=135642ms iter=368 WAIST cost=56.0000 best_alt=50.0000 gap=6.0000 tried=5 sep_labels=50 clique_frac=0.01
t=135818ms iter=368 REBUILD reject new_tc=61.7506 (was 59.9265)
t=135974ms iter=368 incumb=59.9265 ratchet=60.0446 best=59.9213 since_improve=346
t=135981ms iter=369 WAIST cost=56.0000 best_alt=51.0000 gap=5.0000 tried=5 sep_labels=51 clique_frac=0.01
t=136154ms iter=369 REBUILD reject new_tc=60.7588 (was 59.9265)
t=136309ms iter=369 incumb=59.9265 ratchet=60.0524 best=59.9213 since_improve=347
t=136320ms iter=370 WAIST cost=56.0000 best_alt=51.0000 gap=5.0000 tried=5 sep_labels=51 clique_frac=0.01
t=136490ms iter=370 REBUILD reject new_tc=60.5949 (was 59.9265)
t=136637ms iter=370 incumb=59.9265 ratchet=60.0870 best=59.9213 since_improve=348
t=136647ms iter=371 WAIST cost=56.0000 best_alt=51.0000 gap=5.0000 tried=5 sep_labels=51 clique_frac=0.01
t=136820ms iter=371 REBUILD reject new_tc=60.1956 (was 59.9265)
t=136974ms iter=371 incumb=59.9265 ratchet=59.9931 best=59.9213 since_improve=349
t=136981ms iter=372 WAIST cost=56.0000 best_alt=51.0000 gap=5.0000 tried=5 sep_labels=51 clique_frac=0.01
t=137151ms iter=372 REBUILD reject new_tc=61.4511 (was 59.9265)
t=137306ms iter=372 incumb=59.9265 ratchet=59.9968 best=59.9213 since_improve=350
t=137318ms iter=373 WAIST cost=56.0000 best_alt=51.0000 gap=5.0000 tried=5 sep_labels=51 clique_frac=0.01
t=137484ms iter=373 REBUILD reject new_tc=60.2781 (was 59.9265)
t=137841ms iter=373 incumb=59.9265 ratchet=59.9213 best=59.9213 since_improve=0
t=137850ms iter=374 WAIST cost=56.0000 best_alt=49.0000 gap=7.0000 tried=5 sep_labels=49 clique_frac=0.01
t=137997ms iter=374 REBUILD reject new_tc=77.2822 (was 59.9213)
t=138146ms iter=374 incumb=59.9213 ratchet=60.0241 best=59.9213 since_improve=1
t=138154ms iter=375 WAIST cost=56.0000 best_alt=51.0000 gap=5.0000 tried=5 sep_labels=51 clique_frac=0.01
t=138305ms iter=375 REBUILD reject new_tc=62.9151 (was 59.9213)
t=138459ms iter=375 incumb=59.9213 ratchet=59.9899 best=59.9213 since_improve=2
t=138469ms iter=376 WAIST cost=56.0000 best_alt=51.0000 gap=5.0000 tried=5 sep_labels=51 clique_frac=0.01
t=138617ms iter=376 REBUILD reject new_tc=61.3034 (was 59.9213)
t=138768ms iter=376 incumb=59.9213 ratchet=60.0599 best=59.9213 since_improve=3
t=138776ms iter=377 WAIST cost=56.0000 best_alt=51.0000 gap=5.0000 tried=5 sep_labels=51 clique_frac=0.01
t=138924ms iter=377 REBUILD reject new_tc=73.0089 (was 59.9213)
t=139076ms iter=377 incumb=59.9213 ratchet=60.1631 best=59.9213 since_improve=4
t=139086ms iter=378 WAIST cost=56.0000 best_alt=51.0000 gap=5.0000 tried=5 sep_labels=51 clique_frac=0.01
t=139231ms iter=378 REBUILD reject new_tc=61.2813 (was 59.9213)
t=139379ms iter=378 incumb=59.9213 ratchet=60.0432 best=59.9213 since_improve=5
t=139386ms iter=379 WAIST cost=56.0000 best_alt=52.0000 gap=4.0000 tried=5 sep_labels=52 clique_frac=0.01
t=139558ms iter=379 REBUILD reject new_tc=60.5961 (was 59.9213)
t=139705ms iter=379 incumb=59.9213 ratchet=60.0074 best=59.9213 since_improve=6
t=139713ms iter=380 WAIST cost=56.0000 best_alt=52.0000 gap=4.0000 tried=5 sep_labels=52 clique_frac=0.01
t=139889ms iter=380 REBUILD reject new_tc=61.6210 (was 59.9213)
t=140043ms iter=380 incumb=59.9213 ratchet=60.0167 best=59.9213 since_improve=7
t=140053ms iter=381 WAIST cost=56.0000 best_alt=50.0000 gap=6.0000 tried=5 sep_labels=50 clique_frac=0.01
t=140199ms iter=381 REBUILD reject new_tc=68.4819 (was 59.9213)
t=140356ms iter=381 incumb=59.9213 ratchet=59.9818 best=59.9213 since_improve=8
t=140364ms iter=382 WAIST cost=56.0000 best_alt=52.0000 gap=4.0000 tried=5 sep_labels=52 clique_frac=0.01
t=140529ms iter=382 REBUILD reject new_tc=64.3198 (was 59.9213)
t=140686ms iter=382 incumb=59.9213 ratchet=59.9855 best=59.9213 since_improve=9
t=140693ms iter=383 WAIST cost=56.0000 best_alt=51.0000 gap=5.0000 tried=5 sep_labels=51 clique_frac=0.01
t=140852ms iter=383 REBUILD reject new_tc=75.0309 (was 59.9213)
t=141004ms iter=383 incumb=59.9213 ratchet=60.0800 best=59.9213 since_improve=10
t=141013ms iter=384 WAIST cost=56.0000 best_alt=51.0000 gap=5.0000 tried=5 sep_labels=51 clique_frac=0.01
t=141143ms iter=384 REBUILD reject new_tc=61.8226 (was 59.9213)
t=141294ms iter=384 incumb=59.9213 ratchet=60.1626 best=59.9213 since_improve=11
t=141301ms iter=385 WAIST cost=56.0000 best_alt=52.0000 gap=4.0000 tried=5 sep_labels=52 clique_frac=0.01
t=141470ms iter=385 REBUILD reject new_tc=60.5155 (was 59.9213)
t=141625ms iter=385 incumb=59.9213 ratchet=59.9876 best=59.9213 since_improve=12
t=141633ms iter=386 WAIST cost=56.0000 best_alt=51.0000 gap=5.0000 tried=5 sep_labels=51 clique_frac=0.01
t=141785ms iter=386 REBUILD reject new_tc=61.0173 (was 59.9213)
t=141929ms iter=386 incumb=59.9213 ratchet=60.0690 best=59.9213 since_improve=13
t=141937ms iter=387 WAIST cost=56.0000 best_alt=52.0000 gap=4.0000 tried=5 sep_labels=52 clique_frac=0.01
t=142100ms iter=387 REBUILD reject new_tc=66.4328 (was 59.9213)
t=142251ms iter=387 incumb=59.9213 ratchet=60.2634 best=59.9213 since_improve=14
t=142259ms iter=388 WAIST cost=56.0000 best_alt=51.0000 gap=5.0000 tried=5 sep_labels=51 clique_frac=0.01
t=142426ms iter=388 REBUILD reject new_tc=61.4128 (was 59.9213)
t=142581ms iter=388 incumb=59.9213 ratchet=59.9719 best=59.9213 since_improve=15
t=142589ms iter=389 WAIST cost=56.0000 best_alt=52.0000 gap=4.0000 tried=5 sep_labels=52 clique_frac=0.01
t=142761ms iter=389 REBUILD reject new_tc=60.7517 (was 59.9213)
t=142916ms iter=389 incumb=59.9213 ratchet=60.1097 best=59.9213 since_improve=16
t=142925ms iter=390 WAIST cost=56.0000 best_alt=52.0000 gap=4.0000 tried=5 sep_labels=52 clique_frac=0.01
t=143093ms iter=390 REBUILD reject new_tc=60.5930 (was 59.9213)
t=143242ms iter=390 incumb=59.9213 ratchet=60.1468 best=59.9213 since_improve=17
t=143250ms iter=391 WAIST cost=56.0000 best_alt=52.0000 gap=4.0000 tried=5 sep_labels=52 clique_frac=0.01
t=143415ms iter=391 REBUILD reject new_tc=61.5223 (was 59.9213)
t=143574ms iter=391 incumb=59.9213 ratchet=59.9655 best=59.9213 since_improve=18
t=143582ms iter=392 WAIST cost=56.0000 best_alt=49.0000 gap=7.0000 tried=5 sep_labels=49 clique_frac=0.01
t=143731ms iter=392 REBUILD reject new_tc=66.4981 (was 59.9213)
t=143884ms iter=392 incumb=59.9213 ratchet=60.0058 best=59.9213 since_improve=19
t=143893ms iter=393 WAIST cost=56.0000 best_alt=51.0000 gap=5.0000 tried=5 sep_labels=51 clique_frac=0.01
t=144062ms iter=393 REBUILD reject new_tc=61.0236 (was 59.9213)
t=144217ms iter=393 incumb=59.9213 ratchet=60.2839 best=59.9213 since_improve=20
t=144226ms iter=394 WAIST cost=56.0000 best_alt=52.0000 gap=4.0000 tried=5 sep_labels=52 clique_frac=0.01
t=144388ms iter=394 REBUILD reject new_tc=61.4936 (was 59.9213)
t=144539ms iter=394 incumb=59.9213 ratchet=60.0253 best=59.9213 since_improve=21
t=144549ms iter=395 WAIST cost=56.0000 best_alt=52.0000 gap=4.0000 tried=5 sep_labels=52 clique_frac=0.01
t=144718ms iter=395 REBUILD reject new_tc=61.4920 (was 59.9213)
t=144869ms iter=395 incumb=59.9213 ratchet=59.9607 best=59.9213 since_improve=22
t=144876ms iter=396 WAIST cost=56.0000 best_alt=52.0000 gap=4.0000 tried=5 sep_labels=52 clique_frac=0.01
t=145031ms iter=396 REBUILD reject new_tc=81.0000 (was 59.9213)
t=145188ms iter=396 incumb=59.9213 ratchet=59.9588 best=59.9213 since_improve=23
t=145195ms iter=397 WAIST cost=56.0000 best_alt=50.0000 gap=6.0000 tried=5 sep_labels=50 clique_frac=0.01
t=145344ms iter=397 REBUILD reject new_tc=61.6165 (was 59.9213)
t=145499ms iter=397 incumb=59.9213 ratchet=60.1754 best=59.9213 since_improve=24
t=145508ms iter=398 WAIST cost=56.0000 best_alt=50.0000 gap=6.0000 tried=5 sep_labels=50 clique_frac=0.01
t=145660ms iter=398 REBUILD reject new_tc=60.9311 (was 59.9213)
t=145819ms iter=398 incumb=59.9213 ratchet=59.9818 best=59.9213 since_improve=25
t=145828ms iter=399 WAIST cost=56.0000 best_alt=51.0000 gap=5.0000 tried=5 sep_labels=51 clique_frac=0.01
t=145975ms iter=399 REBUILD reject new_tc=68.3428 (was 59.9213)
t=146128ms iter=399 incumb=59.9213 ratchet=59.9836 best=59.9213 since_improve=26
t=146136ms iter=400 WAIST cost=56.0000 best_alt=52.0000 gap=4.0000 tried=5 sep_labels=52 clique_frac=0.01
t=146287ms iter=400 REBUILD reject new_tc=66.5720 (was 59.9213)
t=146435ms iter=400 incumb=59.9213 ratchet=59.9865 best=59.9213 since_improve=27
t=146443ms iter=401 WAIST cost=56.0000 best_alt=52.0000 gap=4.0000 tried=5 sep_labels=52 clique_frac=0.01
t=146596ms iter=401 REBUILD reject new_tc=68.0061 (was 59.9213)
t=146753ms iter=401 incumb=59.9213 ratchet=59.9677 best=59.9213 since_improve=28
t=146761ms iter=402 WAIST cost=56.0000 best_alt=52.0000 gap=4.0000 tried=5 sep_labels=52 clique_frac=0.01
t=146928ms iter=402 REBUILD reject new_tc=61.4133 (was 59.9213)
t=147074ms iter=402 incumb=59.9213 ratchet=59.9537 best=59.9213 since_improve=29
t=147083ms iter=403 WAIST cost=56.0000 best_alt=52.0000 gap=4.0000 tried=5 sep_labels=52 clique_frac=0.01
t=147244ms iter=403 REBUILD reject new_tc=66.5632 (was 59.9213)
t=147394ms iter=403 incumb=59.9213 ratchet=60.4786 best=59.9213 since_improve=30
t=147401ms iter=404 WAIST cost=56.0000 best_alt=52.0000 gap=4.0000 tried=5 sep_labels=52 clique_frac=0.01
t=147563ms iter=404 REBUILD reject new_tc=61.8184 (was 59.9213)
t=147704ms iter=404 incumb=59.9213 ratchet=60.0638 best=59.9213 since_improve=31
t=147711ms iter=405 WAIST cost=56.0000 best_alt=52.0000 gap=4.0000 tried=5 sep_labels=52 clique_frac=0.01
t=147878ms iter=405 REBUILD reject new_tc=61.2064 (was 59.9213)
t=148025ms iter=405 incumb=59.9213 ratchet=59.9989 best=59.9213 since_improve=32
t=148034ms iter=406 WAIST cost=56.0000 best_alt=51.0000 gap=5.0000 tried=5 sep_labels=51 clique_frac=0.01
t=148192ms iter=406 REBUILD reject new_tc=68.0130 (was 59.9213)
t=148344ms iter=406 incumb=59.9213 ratchet=60.0489 best=59.9213 since_improve=33
t=148354ms iter=407 WAIST cost=56.0000 best_alt=52.0000 gap=4.0000 tried=5 sep_labels=52 clique_frac=0.01
t=148527ms iter=407 REBUILD reject new_tc=61.1100 (was 59.9213)
t=148677ms iter=407 incumb=59.9213 ratchet=60.0872 best=59.9213 since_improve=34
t=148684ms iter=408 WAIST cost=56.0000 best_alt=51.0000 gap=5.0000 tried=5 sep_labels=51 clique_frac=0.01
t=148826ms iter=408 REBUILD reject new_tc=79.0003 (was 59.9213)
t=148979ms iter=408 incumb=59.9213 ratchet=60.1055 best=59.9213 since_improve=35
t=148988ms iter=409 WAIST cost=56.0000 best_alt=52.0000 gap=4.0000 tried=5 sep_labels=52 clique_frac=0.01
t=149157ms iter=409 REBUILD reject new_tc=61.0363 (was 59.9213)
t=149313ms iter=409 incumb=59.9213 ratchet=59.9633 best=59.9213 since_improve=36
t=149321ms iter=410 WAIST cost=56.0000 best_alt=50.0000 gap=6.0000 tried=5 sep_labels=50 clique_frac=0.01
t=149462ms iter=410 REBUILD reject new_tc=73.0002 (was 59.9213)
t=149613ms iter=410 incumb=59.9213 ratchet=59.9860 best=59.9213 since_improve=37
t=149621ms iter=411 WAIST cost=56.0000 best_alt=52.0000 gap=4.0000 tried=5 sep_labels=52 clique_frac=0.01
t=149782ms iter=411 REBUILD reject new_tc=71.0016 (was 59.9213)
t=149938ms iter=411 incumb=59.9213 ratchet=59.9978 best=59.9213 since_improve=38
t=149947ms iter=412 WAIST cost=56.0000 best_alt=52.0000 gap=4.0000 tried=5 sep_labels=52 clique_frac=0.01
t=150116ms iter=412 REBUILD reject new_tc=62.0078 (was 59.9213)
t=150274ms iter=412 incumb=59.9213 ratchet=59.9985 best=59.9213 since_improve=39
t=150282ms iter=413 WAIST cost=56.0000 best_alt=51.0000 gap=5.0000 tried=5 sep_labels=51 clique_frac=0.01
t=150446ms iter=413 REBUILD reject new_tc=61.6542 (was 59.9213)
t=150596ms iter=413 incumb=59.9213 ratchet=59.9471 best=59.9213 since_improve=40
t=150606ms iter=414 WAIST cost=56.0000 best_alt=52.0000 gap=4.0000 tried=5 sep_labels=52 clique_frac=0.01
t=150779ms iter=414 REBUILD reject new_tc=61.4508 (was 59.9213)
t=150937ms iter=414 incumb=59.9213 ratchet=60.2485 best=59.9213 since_improve=41
t=150947ms iter=415 WAIST cost=56.0000 best_alt=51.0000 gap=5.0000 tried=5 sep_labels=51 clique_frac=0.01
t=151101ms iter=415 REBUILD reject new_tc=61.4510 (was 59.9213)
t=151253ms iter=415 incumb=59.9213 ratchet=60.0367 best=59.9213 since_improve=42
t=151262ms iter=416 WAIST cost=56.0000 best_alt=50.0000 gap=6.0000 tried=5 sep_labels=50 clique_frac=0.01
t=151408ms iter=416 REBUILD reject new_tc=65.9942 (was 59.9213)
t=151567ms iter=416 incumb=59.9213 ratchet=60.0463 best=59.9213 since_improve=43
t=151575ms iter=417 WAIST cost=56.0000 best_alt=52.0000 gap=4.0000 tried=5 sep_labels=52 clique_frac=0.01
t=151740ms iter=417 REBUILD reject new_tc=60.8061 (was 59.9213)
t=151896ms iter=417 incumb=59.9213 ratchet=60.0816 best=59.9213 since_improve=44
t=151905ms iter=418 WAIST cost=56.0000 best_alt=51.0000 gap=5.0000 tried=5 sep_labels=51 clique_frac=0.01
t=152058ms iter=418 REBUILD reject new_tc=61.3327 (was 59.9213)
t=152218ms iter=418 incumb=59.9213 ratchet=60.0157 best=59.9213 since_improve=45
t=152229ms iter=419 WAIST cost=56.0000 best_alt=49.0000 gap=7.0000 tried=5 sep_labels=49 clique_frac=0.01
t=152381ms iter=419 REBUILD reject new_tc=61.0590 (was 59.9213)
t=152536ms iter=419 incumb=59.9213 ratchet=59.9940 best=59.9213 since_improve=46
t=152545ms iter=420 WAIST cost=56.0000 best_alt=52.0000 gap=4.0000 tried=5 sep_labels=52 clique_frac=0.01
t=152697ms iter=420 REBUILD reject new_tc=78.0000 (was 59.9213)
t=152851ms iter=420 incumb=59.9213 ratchet=60.0074 best=59.9213 since_improve=47
t=152860ms iter=421 WAIST cost=56.0000 best_alt=51.0000 gap=5.0000 tried=5 sep_labels=51 clique_frac=0.01
t=153010ms iter=421 REBUILD reject new_tc=62.7485 (was 59.9213)
t=153165ms iter=421 incumb=59.9213 ratchet=60.1364 best=59.9213 since_improve=48
t=153172ms iter=422 WAIST cost=56.0000 best_alt=51.0000 gap=5.0000 tried=5 sep_labels=51 clique_frac=0.01
t=153325ms iter=422 REBUILD reject new_tc=62.2737 (was 59.9213)
t=153481ms iter=422 incumb=59.9213 ratchet=59.9864 best=59.9213 since_improve=49
t=153493ms iter=423 WAIST cost=56.0000 best_alt=52.0000 gap=4.0000 tried=5 sep_labels=52 clique_frac=0.01
t=153669ms iter=423 REBUILD reject new_tc=61.4890 (was 59.9213)
t=153822ms iter=423 incumb=59.9213 ratchet=60.0638 best=59.9213 since_improve=50
t=153832ms iter=424 WAIST cost=56.0000 best_alt=51.0000 gap=5.0000 tried=5 sep_labels=51 clique_frac=0.01
t=153982ms iter=424 REBUILD reject new_tc=61.5623 (was 59.9213)
t=154134ms iter=424 incumb=59.9213 ratchet=59.9818 best=59.9213 since_improve=51
t=154141ms iter=425 WAIST cost=56.0000 best_alt=52.0000 gap=4.0000 tried=5 sep_labels=52 clique_frac=0.01
t=154306ms iter=425 REBUILD reject new_tc=61.0291 (was 59.9213)
t=154455ms iter=425 incumb=59.9213 ratchet=60.0890 best=59.9213 since_improve=52
t=154463ms iter=426 WAIST cost=56.0000 best_alt=52.0000 gap=4.0000 tried=5 sep_labels=52 clique_frac=0.01
t=154628ms iter=426 REBUILD reject new_tc=68.2330 (was 59.9213)
t=154781ms iter=426 incumb=59.9213 ratchet=60.1028 best=59.9213 since_improve=53
t=154788ms iter=427 WAIST cost=56.0000 best_alt=51.0000 gap=5.0000 tried=5 sep_labels=51 clique_frac=0.01
t=154941ms iter=427 REBUILD reject new_tc=61.4514 (was 59.9213)
t=155096ms iter=427 incumb=59.9213 ratchet=59.9646 best=59.9213 since_improve=54
t=155104ms iter=428 WAIST cost=56.0000 best_alt=52.0000 gap=4.0000 tried=5 sep_labels=52 clique_frac=0.01
t=155275ms iter=428 REBUILD reject new_tc=66.0672 (was 59.9213)
t=155430ms iter=428 incumb=59.9213 ratchet=59.9415 best=59.9213 since_improve=55
t=155439ms iter=429 WAIST cost=56.0000 best_alt=52.0000 gap=4.0000 tried=5 sep_labels=52 clique_frac=0.01
t=155610ms iter=429 REBUILD reject new_tc=60.7570 (was 59.9213)
t=155762ms iter=429 incumb=59.9213 ratchet=59.9997 best=59.9213 since_improve=56
t=155772ms iter=430 WAIST cost=56.0000 best_alt=52.0000 gap=4.0000 tried=5 sep_labels=52 clique_frac=0.01
t=155947ms iter=430 REBUILD reject new_tc=61.0567 (was 59.9213)
t=156107ms iter=430 incumb=59.9213 ratchet=59.9894 best=59.9213 since_improve=57
t=156117ms iter=431 WAIST cost=56.0000 best_alt=49.0000 gap=7.0000 tried=5 sep_labels=49 clique_frac=0.01
t=156269ms iter=431 REBUILD reject new_tc=60.2188 (was 59.9213)
t=156427ms iter=431 incumb=59.9213 ratchet=60.0591 best=59.9213 since_improve=58
t=156435ms iter=432 WAIST cost=56.0000 best_alt=51.0000 gap=5.0000 tried=5 sep_labels=51 clique_frac=0.01
t=156582ms iter=432 REBUILD reject new_tc=62.6298 (was 59.9213)
t=156740ms iter=432 incumb=59.9213 ratchet=59.9777 best=59.9213 since_improve=59
t=156749ms iter=433 WAIST cost=56.0000 best_alt=49.0000 gap=7.0000 tried=5 sep_labels=49 clique_frac=0.01
t=156900ms iter=433 REBUILD reject new_tc=60.8391 (was 59.9213)
t=157058ms iter=433 incumb=59.9213 ratchet=59.9903 best=59.9213 since_improve=60
t=157065ms iter=434 WAIST cost=56.0000 best_alt=51.0000 gap=5.0000 tried=5 sep_labels=51 clique_frac=0.01
t=157220ms iter=434 REBUILD reject new_tc=61.6200 (was 59.9213)
t=157371ms iter=434 incumb=59.9213 ratchet=59.9648 best=59.9213 since_improve=61
t=157379ms iter=435 WAIST cost=56.0000 best_alt=52.0000 gap=4.0000 tried=5 sep_labels=52 clique_frac=0.01
t=157551ms iter=435 REBUILD reject new_tc=61.3425 (was 59.9213)
t=157702ms iter=435 incumb=59.9213 ratchet=59.9692 best=59.9213 since_improve=62
t=157710ms iter=436 WAIST cost=56.0000 best_alt=52.0000 gap=4.0000 tried=5 sep_labels=52 clique_frac=0.01
t=157882ms iter=436 REBUILD reject new_tc=60.8458 (was 59.9213)
t=158039ms iter=436 incumb=59.9213 ratchet=60.1638 best=59.9213 since_improve=63
t=158047ms iter=437 WAIST cost=56.0000 best_alt=52.0000 gap=4.0000 tried=5 sep_labels=52 clique_frac=0.01
t=158216ms iter=437 REBUILD reject new_tc=60.2585 (was 59.9213)
t=158369ms iter=437 incumb=59.9213 ratchet=59.9875 best=59.9213 since_improve=64
t=158376ms iter=438 WAIST cost=56.0000 best_alt=50.0000 gap=6.0000 tried=5 sep_labels=50 clique_frac=0.01
t=158516ms iter=438 REBUILD reject new_tc=75.0001 (was 59.9213)
t=158673ms iter=438 incumb=59.9213 ratchet=59.9937 best=59.9213 since_improve=65
t=158682ms iter=439 WAIST cost=56.0000 best_alt=52.0000 gap=4.0000 tried=5 sep_labels=52 clique_frac=0.01
t=158859ms iter=439 REBUILD reject new_tc=61.4830 (was 59.9213)
t=159019ms iter=439 incumb=59.9213 ratchet=60.0649 best=59.9213 since_improve=66
t=159027ms iter=440 WAIST cost=56.0000 best_alt=52.0000 gap=4.0000 tried=5 sep_labels=52 clique_frac=0.01
t=159195ms iter=440 REBUILD reject new_tc=60.9824 (was 59.9213)
t=159348ms iter=440 incumb=59.9213 ratchet=60.0125 best=59.9213 since_improve=67
t=159357ms iter=441 WAIST cost=56.0000 best_alt=52.0000 gap=4.0000 tried=5 sep_labels=52 clique_frac=0.01
t=159527ms iter=441 REBUILD reject new_tc=61.3524 (was 59.9213)
t=159679ms iter=441 incumb=59.9213 ratchet=60.0845 best=59.9213 since_improve=68
t=159688ms iter=442 WAIST cost=56.0000 best_alt=52.0000 gap=4.0000 tried=5 sep_labels=52 clique_frac=0.01
t=159852ms iter=442 REBUILD reject new_tc=67.2365 (was 59.9213)
t=160012ms iter=442 incumb=59.9213 ratchet=60.1800 best=59.9213 since_improve=69
t=160021ms iter=443 WAIST cost=56.0000 best_alt=52.0000 gap=4.0000 tried=5 sep_labels=52 clique_frac=0.01
t=160190ms iter=443 REBUILD reject new_tc=66.3505 (was 59.9213)
t=160349ms iter=443 incumb=59.9213 ratchet=60.1024 best=59.9213 since_improve=70
t=160358ms iter=444 WAIST cost=56.0000 best_alt=51.0000 gap=5.0000 tried=5 sep_labels=51 clique_frac=0.01
t=160516ms iter=444 REBUILD reject new_tc=61.7187 (was 59.9213)
t=160671ms iter=444 incumb=59.9213 ratchet=60.1033 best=59.9213 since_improve=71
t=160680ms iter=445 WAIST cost=56.0000 best_alt=51.0000 gap=5.0000 tried=5 sep_labels=51 clique_frac=0.01
t=160877ms iter=445 REBUILD reject new_tc=61.2677 (was 59.9213)
t=161033ms iter=445 incumb=59.9213 ratchet=60.0184 best=59.9213 since_improve=72
t=161042ms iter=446 WAIST cost=56.0000 best_alt=51.0000 gap=5.0000 tried=5 sep_labels=51 clique_frac=0.01
t=161192ms iter=446 REBUILD reject new_tc=61.4554 (was 59.9213)
t=161349ms iter=446 incumb=59.9213 ratchet=60.0021 best=59.9213 since_improve=73
t=161355ms iter=447 WAIST cost=56.0000 best_alt=52.0000 gap=4.0000 tried=5 sep_labels=52 clique_frac=0.01
t=161561ms iter=447 REBUILD reject new_tc=60.7718 (was 59.9213)
t=161719ms iter=447 incumb=59.9213 ratchet=59.9926 best=59.9213 since_improve=74
t=161727ms iter=448 WAIST cost=56.0000 best_alt=52.0000 gap=4.0000 tried=5 sep_labels=52 clique_frac=0.01
t=161888ms iter=448 REBUILD reject new_tc=74.0048 (was 59.9213)
t=162042ms iter=448 incumb=59.9213 ratchet=59.9599 best=59.9213 since_improve=75
t=162049ms iter=449 WAIST cost=56.0000 best_alt=52.0000 gap=4.0000 tried=5 sep_labels=52 clique_frac=0.01
t=162207ms iter=449 REBUILD reject new_tc=63.5394 (was 59.9213)
t=162363ms iter=449 incumb=59.9213 ratchet=59.9691 best=59.9213 since_improve=76
t=162372ms iter=450 WAIST cost=56.0000 best_alt=49.0000 gap=7.0000 tried=5 sep_labels=49 clique_frac=0.01
t=162529ms iter=450 REBUILD reject new_tc=61.3418 (was 59.9213)
t=162683ms iter=450 incumb=59.9213 ratchet=60.0205 best=59.9213 since_improve=77
t=162692ms iter=451 WAIST cost=56.0000 best_alt=49.0000 gap=7.0000 tried=5 sep_labels=49 clique_frac=0.01
t=162846ms iter=451 REBUILD reject new_tc=61.4335 (was 59.9213)
t=163002ms iter=451 incumb=59.9213 ratchet=59.9494 best=59.9213 since_improve=78
t=163011ms iter=452 WAIST cost=56.0000 best_alt=50.0000 gap=6.0000 tried=5 sep_labels=50 clique_frac=0.01
t=163175ms iter=452 REBUILD reject new_tc=61.4017 (was 59.9213)
t=163328ms iter=452 incumb=59.9213 ratchet=60.2760 best=59.9213 since_improve=79
t=163337ms iter=453 WAIST cost=56.0000 best_alt=52.0000 gap=4.0000 tried=5 sep_labels=52 clique_frac=0.01
t=163506ms iter=453 REBUILD reject new_tc=60.9720 (was 59.9213)
t=163660ms iter=453 incumb=59.9213 ratchet=60.0111 best=59.9213 since_improve=80
t=163668ms iter=454 WAIST cost=56.0000 best_alt=52.0000 gap=4.0000 tried=5 sep_labels=52 clique_frac=0.01
t=163837ms iter=454 REBUILD reject new_tc=64.7521 (was 59.9213)
t=163994ms iter=454 incumb=59.9213 ratchet=60.0651 best=59.9213 since_improve=81
t=164002ms iter=455 WAIST cost=56.0000 best_alt=52.0000 gap=4.0000 tried=5 sep_labels=52 clique_frac=0.01
t=164174ms iter=455 REBUILD reject new_tc=60.3627 (was 59.9213)
t=164327ms iter=455 incumb=59.9213 ratchet=60.0269 best=59.9213 since_improve=82
t=164334ms iter=456 WAIST cost=56.0000 best_alt=52.0000 gap=4.0000 tried=5 sep_labels=52 clique_frac=0.01
t=164497ms iter=456 REBUILD reject new_tc=64.9271 (was 59.9213)
t=164652ms iter=456 incumb=59.9213 ratchet=60.0324 best=59.9213 since_improve=83
t=164658ms iter=457 WAIST cost=56.0000 best_alt=52.0000 gap=4.0000 tried=5 sep_labels=52 clique_frac=0.01
t=164831ms iter=457 REBUILD reject new_tc=61.5628 (was 59.9213)
t=164990ms iter=457 incumb=59.9213 ratchet=60.0192 best=59.9213 since_improve=84
t=164998ms iter=458 WAIST cost=56.0000 best_alt=52.0000 gap=4.0000 tried=5 sep_labels=52 clique_frac=0.01
t=165171ms iter=458 REBUILD reject new_tc=61.1154 (was 59.9213)
t=165328ms iter=458 incumb=59.9213 ratchet=60.0668 best=59.9213 since_improve=85
t=165337ms iter=459 WAIST cost=56.0000 best_alt=52.0000 gap=4.0000 tried=5 sep_labels=52 clique_frac=0.01
t=165508ms iter=459 REBUILD reject new_tc=61.5022 (was 59.9213)
t=165663ms iter=459 incumb=59.9213 ratchet=59.9762 best=59.9213 since_improve=86
t=165670ms iter=460 WAIST cost=56.0000 best_alt=52.0000 gap=4.0000 tried=5 sep_labels=52 clique_frac=0.01
t=165840ms iter=460 REBUILD reject new_tc=60.8600 (was 59.9213)
t=166001ms iter=460 incumb=59.9213 ratchet=60.0537 best=59.9213 since_improve=87
t=166008ms iter=461 WAIST cost=56.0000 best_alt=52.0000 gap=4.0000 tried=5 sep_labels=52 clique_frac=0.01
t=166167ms iter=461 REBUILD reject new_tc=73.0015 (was 59.9213)
t=166325ms iter=461 incumb=59.9213 ratchet=59.9611 best=59.9213 since_improve=88
t=166334ms iter=462 WAIST cost=56.0000 best_alt=51.0000 gap=5.0000 tried=5 sep_labels=51 clique_frac=0.01
t=166509ms iter=462 REBUILD reject new_tc=61.4594 (was 59.9213)
t=166667ms iter=462 incumb=59.9213 ratchet=60.0123 best=59.9213 since_improve=89
t=166675ms iter=463 WAIST cost=56.0000 best_alt=52.0000 gap=4.0000 tried=5 sep_labels=52 clique_frac=0.01
t=166849ms iter=463 REBUILD reject new_tc=61.5466 (was 59.9213)
t=167009ms iter=463 incumb=59.9213 ratchet=60.1609 best=59.9213 since_improve=90
t=167019ms iter=464 WAIST cost=56.0000 best_alt=51.0000 gap=5.0000 tried=5 sep_labels=51 clique_frac=0.01
t=167174ms iter=464 REBUILD reject new_tc=61.6517 (was 59.9213)
t=167325ms iter=464 incumb=59.9213 ratchet=60.0298 best=59.9213 since_improve=91
t=167332ms iter=465 WAIST cost=56.0000 best_alt=52.0000 gap=4.0000 tried=5 sep_labels=52 clique_frac=0.01
t=167504ms iter=465 REBUILD reject new_tc=60.2635 (was 59.9213)
t=167660ms iter=465 incumb=59.9213 ratchet=60.0956 best=59.9213 since_improve=92
t=167668ms iter=466 WAIST cost=56.0000 best_alt=52.0000 gap=4.0000 tried=5 sep_labels=52 clique_frac=0.01
t=167835ms iter=466 REBUILD reject new_tc=60.5944 (was 59.9213)
t=167990ms iter=466 incumb=59.9213 ratchet=60.1160 best=59.9213 since_improve=93
t=167999ms iter=467 WAIST cost=56.0000 best_alt=52.0000 gap=4.0000 tried=5 sep_labels=52 clique_frac=0.01
t=168169ms iter=467 REBUILD reject new_tc=60.4562 (was 59.9213)
t=168323ms iter=467 incumb=59.9213 ratchet=60.0198 best=59.9213 since_improve=94
t=168331ms iter=468 WAIST cost=56.0000 best_alt=52.0000 gap=4.0000 tried=5 sep_labels=52 clique_frac=0.01
t=168495ms iter=468 REBUILD reject new_tc=67.2820 (was 59.9213)
t=168649ms iter=468 incumb=59.9213 ratchet=59.9617 best=59.9213 since_improve=95
t=168658ms iter=469 WAIST cost=56.0000 best_alt=51.0000 gap=5.0000 tried=5 sep_labels=51 clique_frac=0.01
t=168816ms iter=469 REBUILD reject new_tc=61.8518 (was 59.9213)
t=168974ms iter=469 incumb=59.9213 ratchet=59.9879 best=59.9213 since_improve=96
t=168982ms iter=470 WAIST cost=56.0000 best_alt=51.0000 gap=5.0000 tried=5 sep_labels=51 clique_frac=0.01
t=169123ms iter=470 REBUILD reject new_tc=70.0027 (was 59.9213)
t=169277ms iter=470 incumb=59.9213 ratchet=60.1166 best=59.9213 since_improve=97
t=169285ms iter=471 WAIST cost=56.0000 best_alt=51.0000 gap=5.0000 tried=5 sep_labels=51 clique_frac=0.01
t=169438ms iter=471 REBUILD reject new_tc=63.7484 (was 59.9213)
t=169594ms iter=471 incumb=59.9213 ratchet=60.0883 best=59.9213 since_improve=98
t=169601ms iter=472 WAIST cost=56.0000 best_alt=51.0000 gap=5.0000 tried=5 sep_labels=51 clique_frac=0.02
t=169750ms iter=472 REBUILD reject new_tc=69.3084 (was 59.9213)
t=169906ms iter=472 incumb=59.9213 ratchet=60.3148 best=59.9213 since_improve=99
t=169913ms iter=473 WAIST cost=56.0000 best_alt=52.0000 gap=4.0000 tried=5 sep_labels=52 clique_frac=0.01
t=170077ms iter=473 REBUILD reject new_tc=61.4832 (was 59.9213)
t=170232ms iter=473 incumb=59.9213 ratchet=59.9761 best=59.9213 since_improve=100
t=170241ms iter=474 WAIST cost=56.0000 best_alt=52.0000 gap=4.0000 tried=5 sep_labels=52 clique_frac=0.01
t=170413ms iter=474 REBUILD reject new_tc=61.6374 (was 59.9213)
t=170569ms iter=474 incumb=59.9213 ratchet=59.9931 best=59.9213 since_improve=101
t=170578ms iter=475 WAIST cost=56.0000 best_alt=52.0000 gap=4.0000 tried=5 sep_labels=52 clique_frac=0.01
t=170751ms iter=475 REBUILD reject new_tc=60.5453 (was 59.9213)
t=170906ms iter=475 incumb=59.9213 ratchet=60.0317 best=59.9213 since_improve=102
t=170915ms iter=476 WAIST cost=56.0000 best_alt=52.0000 gap=4.0000 tried=5 sep_labels=52 clique_frac=0.01
t=171081ms iter=476 REBUILD reject new_tc=60.9612 (was 59.9213)
t=171239ms iter=476 incumb=59.9213 ratchet=60.1992 best=59.9213 since_improve=103
t=171248ms iter=477 WAIST cost=56.0000 best_alt=50.0000 gap=6.0000 tried=5 sep_labels=50 clique_frac=0.01
t=171404ms iter=477 REBUILD reject new_tc=61.6201 (was 59.9213)
t=171558ms iter=477 incumb=59.9213 ratchet=60.0199 best=59.9213 since_improve=104
t=171568ms iter=478 WAIST cost=56.0000 best_alt=52.0000 gap=4.0000 tried=5 sep_labels=52 clique_frac=0.01
t=171730ms iter=478 REBUILD reject new_tc=67.1594 (was 59.9213)
t=171887ms iter=478 incumb=59.9213 ratchet=59.9415 best=59.9213 since_improve=105
t=171894ms iter=479 WAIST cost=56.0000 best_alt=50.0000 gap=6.0000 tried=5 sep_labels=50 clique_frac=0.01
t=172049ms iter=479 REBUILD reject new_tc=61.1052 (was 59.9213)
t=172205ms iter=479 incumb=59.9213 ratchet=59.9796 best=59.9213 since_improve=106
t=172215ms iter=480 WAIST cost=56.0000 best_alt=52.0000 gap=4.0000 tried=5 sep_labels=52 clique_frac=0.01
t=172379ms iter=480 REBUILD reject new_tc=67.7288 (was 59.9213)
t=172537ms iter=480 incumb=59.9213 ratchet=60.0304 best=59.9213 since_improve=107
t=172545ms iter=481 WAIST cost=56.0000 best_alt=49.0000 gap=7.0000 tried=5 sep_labels=49 clique_frac=0.01
t=172683ms iter=481 REBUILD reject new_tc=80.0005 (was 59.9213)
t=172834ms iter=481 incumb=59.9213 ratchet=60.0323 best=59.9213 since_improve=108
t=172842ms iter=482 WAIST cost=56.0000 best_alt=52.0000 gap=4.0000 tried=5 sep_labels=52 clique_frac=0.01
t=173012ms iter=482 REBUILD reject new_tc=61.4804 (was 59.9213)
t=173164ms iter=482 incumb=59.9213 ratchet=60.0644 best=59.9213 since_improve=109
t=173172ms iter=483 WAIST cost=56.0000 best_alt=52.0000 gap=4.0000 tried=5 sep_labels=52 clique_frac=0.01
t=173342ms iter=483 REBUILD reject new_tc=60.9555 (was 59.9213)
t=173498ms iter=483 incumb=59.9213 ratchet=60.0324 best=59.9213 since_improve=110
t=173507ms iter=484 WAIST cost=56.0000 best_alt=52.0000 gap=4.0000 tried=5 sep_labels=52 clique_frac=0.01
t=173681ms iter=484 REBUILD reject new_tc=60.9461 (was 59.9213)
t=173837ms iter=484 incumb=59.9213 ratchet=60.0254 best=59.9213 since_improve=111
t=173846ms iter=485 WAIST cost=56.0000 best_alt=49.0000 gap=7.0000 tried=5 sep_labels=49 clique_frac=0.01
t=174001ms iter=485 REBUILD reject new_tc=61.4522 (was 59.9213)
t=174149ms iter=485 incumb=59.9213 ratchet=60.0781 best=59.9213 since_improve=112
t=174158ms iter=486 WAIST cost=56.0000 best_alt=51.0000 gap=5.0000 tried=5 sep_labels=51 clique_frac=0.01
t=174308ms iter=486 REBUILD reject new_tc=61.4933 (was 59.9213)
t=174460ms iter=486 incumb=59.9213 ratchet=59.9714 best=59.9213 since_improve=113
t=174468ms iter=487 WAIST cost=56.0000 best_alt=52.0000 gap=4.0000 tried=5 sep_labels=52 clique_frac=0.01
t=174635ms iter=487 REBUILD reject new_tc=60.4211 (was 59.9213)
t=174788ms iter=487 incumb=59.9213 ratchet=59.9555 best=59.9213 since_improve=114
t=174796ms iter=488 WAIST cost=56.0000 best_alt=51.0000 gap=5.0000 tried=5 sep_labels=51 clique_frac=0.01
t=174952ms iter=488 REBUILD reject new_tc=61.4948 (was 59.9213)
t=175104ms iter=488 incumb=59.9213 ratchet=60.1279 best=59.9213 since_improve=115
t=175113ms iter=489 WAIST cost=56.0000 best_alt=49.0000 gap=7.0000 tried=5 sep_labels=49 clique_frac=0.01
t=175266ms iter=489 REBUILD reject new_tc=61.4501 (was 59.9213)
t=175417ms iter=489 incumb=59.9213 ratchet=59.9611 best=59.9213 since_improve=116
t=175428ms iter=490 WAIST cost=56.0000 best_alt=49.0000 gap=7.0000 tried=5 sep_labels=49 clique_frac=0.01
t=175581ms iter=490 REBUILD reject new_tc=61.1665 (was 59.9213)
t=175734ms iter=490 incumb=59.9213 ratchet=59.9939 best=59.9213 since_improve=117
t=175742ms iter=491 WAIST cost=56.0000 best_alt=51.0000 gap=5.0000 tried=5 sep_labels=51 clique_frac=0.01
t=175900ms iter=491 REBUILD reject new_tc=70.0015 (was 59.9213)
t=176054ms iter=491 incumb=59.9213 ratchet=59.9718 best=59.9213 since_improve=118
t=176064ms iter=492 WAIST cost=56.0000 best_alt=52.0000 gap=4.0000 tried=5 sep_labels=52 clique_frac=0.01
t=176226ms iter=492 REBUILD reject new_tc=67.2820 (was 59.9213)
t=176381ms iter=492 incumb=59.9213 ratchet=60.1564 best=59.9213 since_improve=119
t=176389ms iter=493 WAIST cost=56.0000 best_alt=49.0000 gap=7.0000 tried=5 sep_labels=49 clique_frac=0.01
t=176545ms iter=493 REBUILD reject new_tc=68.6036 (was 59.9213)
t=176702ms iter=493 incumb=59.9213 ratchet=59.9379 best=59.9213 since_improve=120
t=176710ms iter=494 WAIST cost=56.0000 best_alt=51.0000 gap=5.0000 tried=5 sep_labels=51 clique_frac=0.01
t=176881ms iter=494 REBUILD reject new_tc=62.0238 (was 59.9213)
t=177039ms iter=494 incumb=59.9213 ratchet=59.9745 best=59.9213 since_improve=121
t=177048ms iter=495 WAIST cost=56.0000 best_alt=49.0000 gap=7.0000 tried=5 sep_labels=49 clique_frac=0.01
t=177198ms iter=495 REBUILD reject new_tc=66.2203 (was 59.9213)
t=177358ms iter=495 incumb=59.9213 ratchet=59.9673 best=59.9213 since_improve=122
t=177365ms iter=496 WAIST cost=56.0000 best_alt=52.0000 gap=4.0000 tried=5 sep_labels=52 clique_frac=0.01
t=177534ms iter=496 REBUILD reject new_tc=62.2962 (was 59.9213)
t=177692ms iter=496 incumb=59.9213 ratchet=59.9451 best=59.9213 since_improve=123
t=177700ms iter=497 WAIST cost=56.0000 best_alt=52.0000 gap=4.0000 tried=5 sep_labels=52 clique_frac=0.01
t=177867ms iter=497 REBUILD reject new_tc=68.5459 (was 59.9213)
t=178022ms iter=497 incumb=59.9213 ratchet=60.0065 best=59.9213 since_improve=124
t=178030ms iter=498 WAIST cost=56.0000 best_alt=52.0000 gap=4.0000 tried=5 sep_labels=52 clique_frac=0.01
t=178201ms iter=498 REBUILD reject new_tc=61.1216 (was 59.9213)
t=178358ms iter=498 incumb=59.9213 ratchet=60.0215 best=59.9213 since_improve=125
t=178366ms iter=499 WAIST cost=56.0000 best_alt=51.0000 gap=5.0000 tried=5 sep_labels=51 clique_frac=0.01
t=178525ms iter=499 REBUILD reject new_tc=61.4239 (was 59.9213)
t=178691ms iter=499 incumb=59.9213 ratchet=59.9609 best=59.9213 since_improve=126
t=178700ms iter=500 WAIST cost=56.0000 best_alt=52.0000 gap=4.0000 tried=5 sep_labels=52 clique_frac=0.01
t=178877ms iter=500 REBUILD reject new_tc=61.4093 (was 59.9213)
t=179035ms iter=500 incumb=59.9213 ratchet=59.9754 best=59.9213 since_improve=127
t=179044ms iter=501 WAIST cost=56.0000 best_alt=52.0000 gap=4.0000 tried=5 sep_labels=52 clique_frac=0.01
t=179277ms iter=501 REBUILD reject new_tc=60.9475 (was 59.9213)
t=179432ms iter=501 incumb=59.9213 ratchet=59.9962 best=59.9213 since_improve=128
t=179440ms iter=502 WAIST cost=56.0000 best_alt=52.0000 gap=4.0000 tried=5 sep_labels=52 clique_frac=0.01
t=179610ms iter=502 REBUILD reject new_tc=61.5185 (was 59.9213)
t=179766ms iter=502 incumb=59.9213 ratchet=60.0322 best=59.9213 since_improve=129
t=179774ms iter=503 WAIST cost=56.0000 best_alt=52.0000 gap=4.0000 tried=5 sep_labels=52 clique_frac=0.01
t=179944ms iter=503 REBUILD reject new_tc=61.4643 (was 59.9213)
t=180100ms iter=503 incumb=59.9213 ratchet=59.9662 best=59.9213 since_improve=130
t=180111ms iter=504 WAIST cost=56.0000 best_alt=51.0000 gap=5.0000 tried=5 sep_labels=51 clique_frac=0.01
t=180283ms iter=504 REBUILD reject new_tc=61.5034 (was 59.9213)
t=180433ms iter=504 incumb=59.9213 ratchet=59.9898 best=59.9213 since_improve=131
t=180440ms iter=505 WAIST cost=56.0000 best_alt=52.0000 gap=4.0000 tried=5 sep_labels=52 clique_frac=0.01
t=180611ms iter=505 REBUILD reject new_tc=61.3886 (was 59.9213)
t=180766ms iter=505 incumb=59.9213 ratchet=60.0912 best=59.9213 since_improve=132
t=180775ms iter=506 WAIST cost=56.0000 best_alt=49.0000 gap=7.0000 tried=5 sep_labels=49 clique_frac=0.01
t=180910ms iter=506 REBUILD reject new_tc=83.0000 (was 59.9213)
t=181069ms iter=506 incumb=59.9213 ratchet=59.9511 best=59.9213 since_improve=133
t=181076ms iter=507 WAIST cost=56.0000 best_alt=52.0000 gap=4.0000 tried=5 sep_labels=52 clique_frac=0.01
t=181241ms iter=507 REBUILD reject new_tc=61.3958 (was 59.9213)
t=181393ms iter=507 incumb=59.9213 ratchet=59.9414 best=59.9213 since_improve=134
t=181402ms iter=508 WAIST cost=56.0000 best_alt=52.0000 gap=4.0000 tried=5 sep_labels=52 clique_frac=0.01
t=181575ms iter=508 REBUILD reject new_tc=60.7552 (was 59.9213)
t=181737ms iter=508 incumb=59.9213 ratchet=59.9429 best=59.9213 since_improve=135
t=181748ms iter=509 WAIST cost=56.0000 best_alt=52.0000 gap=4.0000 tried=5 sep_labels=52 clique_frac=0.01
t=181920ms iter=509 REBUILD reject new_tc=62.0246 (was 59.9213)
t=182076ms iter=509 incumb=59.9213 ratchet=60.0364 best=59.9213 since_improve=136
t=182085ms iter=510 WAIST cost=56.0000 best_alt=51.0000 gap=5.0000 tried=5 sep_labels=51 clique_frac=0.01
t=182232ms iter=510 REBUILD reject new_tc=67.7886 (was 59.9213)
t=182382ms iter=510 incumb=59.9213 ratchet=60.0977 best=59.9213 since_improve=137
t=182389ms iter=511 WAIST cost=56.0000 best_alt=52.0000 gap=4.0000 tried=5 sep_labels=52 clique_frac=0.01
t=182552ms iter=511 REBUILD reject new_tc=65.2925 (was 59.9213)
t=182709ms iter=511 incumb=59.9213 ratchet=60.0453 best=59.9213 since_improve=138
t=182716ms iter=512 WAIST cost=56.0000 best_alt=52.0000 gap=4.0000 tried=5 sep_labels=52 clique_frac=0.01
t=182885ms iter=512 REBUILD reject new_tc=66.2360 (was 59.9213)
t=183041ms iter=512 incumb=59.9213 ratchet=59.9354 best=59.9213 since_improve=139
t=183050ms iter=513 WAIST cost=56.0000 best_alt=51.0000 gap=5.0000 tried=5 sep_labels=51 clique_frac=0.01
t=183194ms iter=513 REBUILD reject new_tc=72.0198 (was 59.9213)
t=183348ms iter=513 incumb=59.9213 ratchet=59.9761 best=59.9213 since_improve=140
t=183356ms iter=514 WAIST cost=56.0000 best_alt=49.0000 gap=7.0000 tried=5 sep_labels=49 clique_frac=0.01
t=183509ms iter=514 REBUILD reject new_tc=66.1134 (was 59.9213)
t=183663ms iter=514 incumb=59.9213 ratchet=60.1759 best=59.9213 since_improve=141
t=183671ms iter=515 WAIST cost=56.0000 best_alt=51.0000 gap=5.0000 tried=5 sep_labels=51 clique_frac=0.01
t=183822ms iter=515 REBUILD reject new_tc=61.3968 (was 59.9213)
t=183982ms iter=515 incumb=59.9213 ratchet=60.2080 best=59.9213 since_improve=142
t=183991ms iter=516 WAIST cost=56.0000 best_alt=49.0000 gap=7.0000 tried=5 sep_labels=49 clique_frac=0.01
t=184144ms iter=516 REBUILD reject new_tc=60.3012 (was 59.9213)
t=184301ms iter=516 incumb=59.9213 ratchet=60.0565 best=59.9213 since_improve=143
t=184309ms iter=517 WAIST cost=56.0000 best_alt=52.0000 gap=4.0000 tried=5 sep_labels=52 clique_frac=0.01
t=184479ms iter=517 REBUILD reject new_tc=61.7692 (was 59.9213)
t=184634ms iter=517 incumb=59.9213 ratchet=59.9473 best=59.9213 since_improve=144
t=184644ms iter=518 WAIST cost=56.0000 best_alt=52.0000 gap=4.0000 tried=5 sep_labels=52 clique_frac=0.01
t=184815ms iter=518 REBUILD reject new_tc=61.1315 (was 59.9213)
t=184971ms iter=518 incumb=59.9213 ratchet=59.9798 best=59.9213 since_improve=145
t=184977ms iter=519 WAIST cost=56.0000 best_alt=52.0000 gap=4.0000 tried=5 sep_labels=52 clique_frac=0.01
t=185148ms iter=519 REBUILD reject new_tc=61.2649 (was 59.9213)
t=185303ms iter=519 incumb=59.9213 ratchet=59.9692 best=59.9213 since_improve=146
t=185313ms iter=520 WAIST cost=56.0000 best_alt=51.0000 gap=5.0000 tried=5 sep_labels=51 clique_frac=0.01
t=185466ms iter=520 REBUILD reject new_tc=64.1501 (was 59.9213)
t=185620ms iter=520 incumb=59.9213 ratchet=60.1222 best=59.9213 since_improve=147
t=185628ms iter=521 WAIST cost=56.0000 best_alt=52.0000 gap=4.0000 tried=5 sep_labels=52 clique_frac=0.01
t=185798ms iter=521 REBUILD reject new_tc=61.3936 (was 59.9213)
t=185955ms iter=521 incumb=59.9213 ratchet=59.9999 best=59.9213 since_improve=148
t=185965ms iter=522 WAIST cost=56.0000 best_alt=52.0000 gap=4.0000 tried=5 sep_labels=52 clique_frac=0.01
t=186138ms iter=522 REBUILD reject new_tc=61.4706 (was 59.9213)
t=186292ms iter=522 incumb=59.9213 ratchet=60.0273 best=59.9213 since_improve=149
t=186301ms iter=523 WAIST cost=56.0000 best_alt=51.0000 gap=5.0000 tried=5 sep_labels=51 clique_frac=0.01
t=186442ms iter=523 REBUILD reject new_tc=77.0189 (was 59.9213)
t=186601ms iter=523 incumb=59.9213 ratchet=60.0918 best=59.9213 since_improve=150
t=186611ms iter=524 WAIST cost=56.0000 best_alt=51.0000 gap=5.0000 tried=5 sep_labels=51 clique_frac=0.01
t=186761ms iter=524 REBUILD reject new_tc=61.8246 (was 59.9213)
t=186918ms iter=524 incumb=59.9213 ratchet=59.9734 best=59.9213 since_improve=151
t=186925ms iter=525 WAIST cost=56.0000 best_alt=52.0000 gap=4.0000 tried=5 sep_labels=52 clique_frac=0.01
t=187088ms iter=525 REBUILD reject new_tc=64.8594 (was 59.9213)
t=187241ms iter=525 incumb=59.9213 ratchet=60.1050 best=59.9213 since_improve=152
t=187250ms iter=526 WAIST cost=56.0000 best_alt=51.0000 gap=5.0000 tried=5 sep_labels=51 clique_frac=0.01
t=187402ms iter=526 REBUILD reject new_tc=61.2733 (was 59.9213)
t=187557ms iter=526 incumb=59.9213 ratchet=60.0468 best=59.9213 since_improve=153
t=187568ms iter=527 WAIST cost=56.0000 best_alt=52.0000 gap=4.0000 tried=5 sep_labels=52 clique_frac=0.01
t=187736ms iter=527 REBUILD reject new_tc=61.3432 (was 59.9213)
t=187889ms iter=527 incumb=59.9213 ratchet=60.0228 best=59.9213 since_improve=154
t=187895ms iter=528 WAIST cost=56.0000 best_alt=52.0000 gap=4.0000 tried=5 sep_labels=52 clique_frac=0.01
t=188067ms iter=528 REBUILD reject new_tc=61.5917 (was 59.9213)
t=188213ms iter=528 incumb=59.9213 ratchet=60.0596 best=59.9213 since_improve=155
t=188223ms iter=529 WAIST cost=56.0000 best_alt=52.0000 gap=4.0000 tried=5 sep_labels=52 clique_frac=0.01
t=188393ms iter=529 REBUILD reject new_tc=61.5012 (was 59.9213)
t=188547ms iter=529 incumb=59.9213 ratchet=60.0200 best=59.9213 since_improve=156
t=188555ms iter=530 WAIST cost=56.0000 best_alt=49.0000 gap=7.0000 tried=5 sep_labels=49 clique_frac=0.01
t=188703ms iter=530 REBUILD reject new_tc=62.2207 (was 59.9213)
t=188859ms iter=530 incumb=59.9213 ratchet=60.0239 best=59.9213 since_improve=157
t=188868ms iter=531 WAIST cost=56.0000 best_alt=52.0000 gap=4.0000 tried=5 sep_labels=52 clique_frac=0.01
t=189031ms iter=531 REBUILD reject new_tc=61.6809 (was 59.9213)
t=189181ms iter=531 incumb=59.9213 ratchet=59.9788 best=59.9213 since_improve=158
t=189189ms iter=532 WAIST cost=56.0000 best_alt=52.0000 gap=4.0000 tried=5 sep_labels=52 clique_frac=0.01
t=189337ms iter=532 REBUILD reject new_tc=79.0000 (was 59.9213)
t=189496ms iter=532 incumb=59.9213 ratchet=59.9802 best=59.9213 since_improve=159
t=189503ms iter=533 WAIST cost=56.0000 best_alt=52.0000 gap=4.0000 tried=5 sep_labels=52 clique_frac=0.01
t=189682ms iter=533 REBUILD reject new_tc=61.9159 (was 59.9213)
t=189837ms iter=533 incumb=59.9213 ratchet=60.0521 best=59.9213 since_improve=160
t=189844ms iter=534 WAIST cost=56.0000 best_alt=52.0000 gap=4.0000 tried=5 sep_labels=52 clique_frac=0.01
t=190013ms iter=534 REBUILD reject new_tc=61.6542 (was 59.9213)
t=190173ms iter=534 incumb=59.9213 ratchet=59.9546 best=59.9213 since_improve=161
t=190183ms iter=535 WAIST cost=56.0000 best_alt=52.0000 gap=4.0000 tried=5 sep_labels=52 clique_frac=0.01
t=190349ms iter=535 REBUILD reject new_tc=61.8969 (was 59.9213)
t=190508ms iter=535 incumb=59.9213 ratchet=60.0468 best=59.9213 since_improve=162
t=190515ms iter=536 WAIST cost=56.0000 best_alt=52.0000 gap=4.0000 tried=5 sep_labels=52 clique_frac=0.01
t=190681ms iter=536 REBUILD reject new_tc=61.3224 (was 59.9213)
t=190833ms iter=536 incumb=59.9213 ratchet=60.0435 best=59.9213 since_improve=163
t=190842ms iter=537 WAIST cost=56.0000 best_alt=50.0000 gap=6.0000 tried=5 sep_labels=50 clique_frac=0.01
t=190992ms iter=537 REBUILD reject new_tc=61.4956 (was 59.9213)
t=191148ms iter=537 incumb=59.9213 ratchet=60.0427 best=59.9213 since_improve=164
t=191156ms iter=538 WAIST cost=56.0000 best_alt=52.0000 gap=4.0000 tried=5 sep_labels=52 clique_frac=0.01
t=191329ms iter=538 REBUILD reject new_tc=61.0575 (was 59.9213)
t=191480ms iter=538 incumb=59.9213 ratchet=60.0427 best=59.9213 since_improve=165
t=191490ms iter=539 WAIST cost=56.0000 best_alt=52.0000 gap=4.0000 tried=5 sep_labels=52 clique_frac=0.01
t=191661ms iter=539 REBUILD reject new_tc=60.5345 (was 59.9213)
t=191818ms iter=539 incumb=59.9213 ratchet=59.9482 best=59.9213 since_improve=166
t=191826ms iter=540 WAIST cost=56.0000 best_alt=52.0000 gap=4.0000 tried=5 sep_labels=52 clique_frac=0.01
t=191995ms iter=540 REBUILD reject new_tc=60.7865 (was 59.9213)
t=192153ms iter=540 incumb=59.9213 ratchet=60.0185 best=59.9213 since_improve=167
t=192162ms iter=541 WAIST cost=56.0000 best_alt=52.0000 gap=4.0000 tried=5 sep_labels=52 clique_frac=0.01
t=192332ms iter=541 REBUILD reject new_tc=61.4386 (was 59.9213)
t=192486ms iter=541 incumb=59.9213 ratchet=60.0002 best=59.9213 since_improve=168
t=192496ms iter=542 WAIST cost=56.0000 best_alt=51.0000 gap=5.0000 tried=5 sep_labels=51 clique_frac=0.01
t=192649ms iter=542 REBUILD reject new_tc=61.0443 (was 59.9213)
t=192803ms iter=542 incumb=59.9213 ratchet=60.0378 best=59.9213 since_improve=169
t=192812ms iter=543 WAIST cost=56.0000 best_alt=52.0000 gap=4.0000 tried=5 sep_labels=52 clique_frac=0.01
t=192983ms iter=543 REBUILD reject new_tc=60.9376 (was 59.9213)
t=193138ms iter=543 incumb=59.9213 ratchet=59.9834 best=59.9213 since_improve=170
t=193147ms iter=544 WAIST cost=56.0000 best_alt=52.0000 gap=4.0000 tried=5 sep_labels=52 clique_frac=0.01
t=193318ms iter=544 REBUILD reject new_tc=61.4704 (was 59.9213)
t=193474ms iter=544 incumb=59.9213 ratchet=59.9565 best=59.9213 since_improve=171
t=193483ms iter=545 WAIST cost=56.0000 best_alt=50.0000 gap=6.0000 tried=5 sep_labels=50 clique_frac=0.01
t=193641ms iter=545 REBUILD reject new_tc=61.2620 (was 59.9213)
t=193796ms iter=545 incumb=59.9213 ratchet=59.9422 best=59.9213 since_improve=172
t=193805ms iter=546 WAIST cost=56.0000 best_alt=51.0000 gap=5.0000 tried=5 sep_labels=51 clique_frac=0.01
t=193956ms iter=546 REBUILD reject new_tc=61.3749 (was 59.9213)
t=194109ms iter=546 incumb=59.9213 ratchet=60.0701 best=59.9213 since_improve=173
t=194118ms iter=547 WAIST cost=56.0000 best_alt=51.0000 gap=5.0000 tried=5 sep_labels=51 clique_frac=0.02
t=194271ms iter=547 REBUILD reject new_tc=60.8778 (was 59.9213)
t=194428ms iter=547 incumb=59.9213 ratchet=60.1668 best=59.9213 since_improve=174
t=194437ms iter=548 WAIST cost=56.0000 best_alt=51.0000 gap=5.0000 tried=5 sep_labels=51 clique_frac=0.01
t=194596ms iter=548 REBUILD reject new_tc=61.6068 (was 59.9213)
t=194736ms iter=548 incumb=59.9213 ratchet=60.0275 best=59.9213 since_improve=175
t=194745ms iter=549 WAIST cost=56.0000 best_alt=50.0000 gap=6.0000 tried=5 sep_labels=50 clique_frac=0.01
t=194880ms iter=549 REBUILD reject new_tc=61.0317 (was 59.9213)
t=195206ms iter=549 incumb=59.9213 ratchet=59.9157 best=59.9157 since_improve=0
t=195215ms iter=550 WAIST cost=56.0000 best_alt=49.0000 gap=7.0000 tried=5 sep_labels=49 clique_frac=0.01
t=195364ms iter=550 REBUILD reject new_tc=61.3228 (was 59.9157)
t=195517ms iter=550 incumb=59.9157 ratchet=59.9943 best=59.9157 since_improve=1
t=195525ms iter=551 WAIST cost=56.0000 best_alt=52.0000 gap=4.0000 tried=5 sep_labels=52 clique_frac=0.01
t=195694ms iter=551 REBUILD reject new_tc=62.1230 (was 59.9157)
t=195849ms iter=551 incumb=59.9157 ratchet=60.0225 best=59.9157 since_improve=2
t=195856ms iter=552 WAIST cost=56.0000 best_alt=51.0000 gap=5.0000 tried=5 sep_labels=51 clique_frac=0.01
t=195994ms iter=552 REBUILD reject new_tc=81.0000 (was 59.9157)
t=196152ms iter=552 incumb=59.9157 ratchet=59.9821 best=59.9157 since_improve=3
t=196160ms iter=553 WAIST cost=56.0000 best_alt=52.0000 gap=4.0000 tried=5 sep_labels=52 clique_frac=0.01
t=196317ms iter=553 REBUILD reject new_tc=67.2598 (was 59.9157)
t=196463ms iter=553 incumb=59.9157 ratchet=60.1819 best=59.9157 since_improve=4
t=196471ms iter=554 WAIST cost=56.0000 best_alt=52.0000 gap=4.0000 tried=5 sep_labels=52 clique_frac=0.01
t=196629ms iter=554 REBUILD reject new_tc=61.2474 (was 59.9157)
t=196777ms iter=554 incumb=59.9157 ratchet=60.0942 best=59.9157 since_improve=5
t=196786ms iter=555 WAIST cost=56.0000 best_alt=51.0000 gap=5.0000 tried=5 sep_labels=51 clique_frac=0.01
t=196941ms iter=555 REBUILD reject new_tc=61.4092 (was 59.9157)
t=197086ms iter=555 incumb=59.9157 ratchet=59.9817 best=59.9157 since_improve=6
t=197094ms iter=556 WAIST cost=56.0000 best_alt=52.0000 gap=4.0000 tried=5 sep_labels=52 clique_frac=0.01
t=197257ms iter=556 REBUILD reject new_tc=67.4871 (was 59.9157)
t=197405ms iter=556 incumb=59.9157 ratchet=60.0261 best=59.9157 since_improve=7
t=197412ms iter=557 WAIST cost=56.0000 best_alt=52.0000 gap=4.0000 tried=5 sep_labels=52 clique_frac=0.01
t=197576ms iter=557 REBUILD reject new_tc=61.0746 (was 59.9157)
t=197721ms iter=557 incumb=59.9157 ratchet=60.1364 best=59.9157 since_improve=8
t=197731ms iter=558 WAIST cost=56.0000 best_alt=52.0000 gap=4.0000 tried=5 sep_labels=52 clique_frac=0.01
t=197894ms iter=558 REBUILD reject new_tc=60.9216 (was 59.9157)
t=198035ms iter=558 incumb=59.9157 ratchet=59.9362 best=59.9157 since_improve=9
t=198040ms iter=559 WAIST cost=56.0000 best_alt=49.0000 gap=7.0000 tried=5 sep_labels=49 clique_frac=0.01
t=198147ms iter=559 REBUILD reject new_tc=61.4111 (was 59.9157)
t=198248ms iter=559 incumb=59.9157 ratchet=60.1235 best=59.9157 since_improve=10
t=198252ms iter=560 WAIST cost=56.0000 best_alt=52.0000 gap=4.0000 tried=5 sep_labels=52 clique_frac=0.01
t=198412ms iter=560 REBUILD reject new_tc=61.6631 (was 59.9157)
t=198564ms iter=560 incumb=59.9157 ratchet=59.9787 best=59.9157 since_improve=11
t=198572ms iter=561 WAIST cost=56.0000 best_alt=50.0000 gap=6.0000 tried=5 sep_labels=50 clique_frac=0.01
t=198720ms iter=561 REBUILD reject new_tc=61.2631 (was 59.9157)
t=198865ms iter=561 incumb=59.9157 ratchet=59.9842 best=59.9157 since_improve=12
t=198872ms iter=562 WAIST cost=56.0000 best_alt=52.0000 gap=4.0000 tried=5 sep_labels=52 clique_frac=0.01
t=199024ms iter=562 REBUILD reject new_tc=65.1053 (was 59.9157)
t=199148ms iter=562 incumb=59.9157 ratchet=60.0693 best=59.9157 since_improve=13
t=199153ms iter=563 WAIST cost=56.0000 best_alt=52.0000 gap=4.0000 tried=5 sep_labels=52 clique_frac=0.01
t=199265ms iter=563 REBUILD reject new_tc=60.2640 (was 59.9157)
t=199413ms iter=563 incumb=59.9157 ratchet=59.9739 best=59.9157 since_improve=14
t=199420ms iter=564 WAIST cost=56.0000 best_alt=52.0000 gap=4.0000 tried=5 sep_labels=52 clique_frac=0.01
t=199593ms iter=564 REBUILD reject new_tc=61.4571 (was 59.9157)
t=199733ms iter=564 incumb=59.9157 ratchet=60.0212 best=59.9157 since_improve=15
t=199740ms iter=565 WAIST cost=56.0000 best_alt=51.0000 gap=5.0000 tried=5 sep_labels=51 clique_frac=0.01
t=199888ms iter=565 REBUILD reject new_tc=60.9299 (was 59.9157)
t=200038ms iter=565 incumb=59.9157 ratchet=59.9794 best=59.9157 since_improve=16
t=200046ms iter=566 WAIST cost=56.0000 best_alt=52.0000 gap=4.0000 tried=5 sep_labels=52 clique_frac=0.01
t=200206ms iter=566 REBUILD reject new_tc=61.3091 (was 59.9157)
t=200354ms iter=566 incumb=59.9157 ratchet=59.9882 best=59.9157 since_improve=17
t=200361ms iter=567 WAIST cost=56.0000 best_alt=52.0000 gap=4.0000 tried=5 sep_labels=52 clique_frac=0.01
t=200524ms iter=567 REBUILD reject new_tc=60.5742 (was 59.9157)
t=200670ms iter=567 incumb=59.9157 ratchet=59.9932 best=59.9157 since_improve=18
t=200678ms iter=568 WAIST cost=56.0000 best_alt=52.0000 gap=4.0000 tried=5 sep_labels=52 clique_frac=0.01
t=200835ms iter=568 REBUILD reject new_tc=67.6953 (was 59.9157)
t=200986ms iter=568 incumb=59.9157 ratchet=59.9841 best=59.9157 since_improve=19
t=200992ms iter=569 WAIST cost=56.0000 best_alt=52.0000 gap=4.0000 tried=5 sep_labels=52 clique_frac=0.01
t=201120ms iter=569 REBUILD reject new_tc=60.7689 (was 59.9157)
t=201269ms iter=569 incumb=59.9157 ratchet=60.1439 best=59.9157 since_improve=20
t=201277ms iter=570 WAIST cost=56.0000 best_alt=52.0000 gap=4.0000 tried=5 sep_labels=52 clique_frac=0.01
t=201440ms iter=570 REBUILD reject new_tc=61.5326 (was 59.9157)
t=201592ms iter=570 incumb=59.9157 ratchet=60.0254 best=59.9157 since_improve=21
t=201601ms iter=571 WAIST cost=56.0000 best_alt=51.0000 gap=5.0000 tried=5 sep_labels=51 clique_frac=0.02
t=201744ms iter=571 REBUILD reject new_tc=61.3063 (was 59.9157)
t=201884ms iter=571 incumb=59.9157 ratchet=59.9862 best=59.9157 since_improve=22
t=201888ms iter=572 WAIST cost=56.0000 best_alt=50.0000 gap=6.0000 tried=5 sep_labels=50 clique_frac=0.01
t=201988ms iter=572 REBUILD reject new_tc=61.4926 (was 59.9157)
t=202088ms iter=572 incumb=59.9157 ratchet=59.9633 best=59.9157 since_improve=23
t=202093ms iter=573 WAIST cost=56.0000 best_alt=52.0000 gap=4.0000 tried=5 sep_labels=52 clique_frac=0.01
t=202203ms iter=573 REBUILD reject new_tc=60.9975 (was 59.9157)
t=202322ms iter=573 incumb=59.9157 ratchet=60.0002 best=59.9157 since_improve=24
t=202328ms iter=574 WAIST cost=56.0000 best_alt=52.0000 gap=4.0000 tried=5 sep_labels=52 clique_frac=0.01
t=202488ms iter=574 REBUILD reject new_tc=61.6604 (was 59.9157)
t=202633ms iter=574 incumb=59.9157 ratchet=60.0026 best=59.9157 since_improve=25
t=202641ms iter=575 WAIST cost=56.0000 best_alt=52.0000 gap=4.0000 tried=5 sep_labels=52 clique_frac=0.01
t=202812ms iter=575 REBUILD reject new_tc=61.2588 (was 59.9157)
t=202966ms iter=575 incumb=59.9157 ratchet=59.9739 best=59.9157 since_improve=26
t=202973ms iter=576 WAIST cost=56.0000 best_alt=52.0000 gap=4.0000 tried=5 sep_labels=52 clique_frac=0.01
t=203143ms iter=576 REBUILD reject new_tc=60.8545 (was 59.9157)
t=203292ms iter=576 incumb=59.9157 ratchet=59.9520 best=59.9157 since_improve=27
t=203300ms iter=577 WAIST cost=56.0000 best_alt=52.0000 gap=4.0000 tried=5 sep_labels=52 clique_frac=0.01
t=203463ms iter=577 REBUILD reject new_tc=60.9942 (was 59.9157)
t=203613ms iter=577 incumb=59.9157 ratchet=59.9830 best=59.9157 since_improve=28
t=203620ms iter=578 WAIST cost=56.0000 best_alt=49.0000 gap=7.0000 tried=5 sep_labels=49 clique_frac=0.01
t=203768ms iter=578 REBUILD reject new_tc=61.1347 (was 59.9157)
t=203918ms iter=578 incumb=59.9157 ratchet=60.2470 best=59.9157 since_improve=29
t=203927ms iter=579 WAIST cost=56.0000 best_alt=52.0000 gap=4.0000 tried=5 sep_labels=52 clique_frac=0.01
t=204096ms iter=579 REBUILD reject new_tc=61.0087 (was 59.9157)
t=204208ms iter=579 incumb=59.9157 ratchet=59.9697 best=59.9157 since_improve=30
t=204212ms iter=580 WAIST cost=56.0000 best_alt=49.0000 gap=7.0000 tried=5 sep_labels=49 clique_frac=0.01
t=204333ms iter=580 REBUILD reject new_tc=61.5295 (was 59.9157)
t=204485ms iter=580 incumb=59.9157 ratchet=60.0358 best=59.9157 since_improve=31
t=204493ms iter=581 WAIST cost=56.0000 best_alt=52.0000 gap=4.0000 tried=5 sep_labels=52 clique_frac=0.01
t=204645ms iter=581 REBUILD reject new_tc=61.3924 (was 59.9157)
t=204795ms iter=581 incumb=59.9157 ratchet=59.9889 best=59.9157 since_improve=32
t=204804ms iter=582 WAIST cost=56.0000 best_alt=50.0000 gap=6.0000 tried=5 sep_labels=50 clique_frac=0.01
t=204952ms iter=582 REBUILD reject new_tc=61.1827 (was 59.9157)
t=205104ms iter=582 incumb=59.9157 ratchet=60.0582 best=59.9157 since_improve=33
t=205111ms iter=583 WAIST cost=56.0000 best_alt=52.0000 gap=4.0000 tried=5 sep_labels=52 clique_frac=0.01
t=205268ms iter=583 REBUILD reject new_tc=67.2931 (was 59.9157)
t=205409ms iter=583 incumb=59.9157 ratchet=60.0482 best=59.9157 since_improve=34
t=205418ms iter=584 WAIST cost=56.0000 best_alt=52.0000 gap=4.0000 tried=5 sep_labels=52 clique_frac=0.01
t=205574ms iter=584 REBUILD reject new_tc=62.0659 (was 59.9157)
t=205724ms iter=584 incumb=59.9157 ratchet=60.2234 best=59.9157 since_improve=35
t=205731ms iter=585 WAIST cost=56.0000 best_alt=52.0000 gap=4.0000 tried=5 sep_labels=52 clique_frac=0.01
t=205886ms iter=585 REBUILD reject new_tc=61.3425 (was 59.9157)
t=206029ms iter=585 incumb=59.9157 ratchet=60.0158 best=59.9157 since_improve=36
t=206038ms iter=586 WAIST cost=56.0000 best_alt=51.0000 gap=5.0000 tried=5 sep_labels=51 clique_frac=0.01
t=206165ms iter=586 REBUILD reject new_tc=69.3484 (was 59.9157)
t=206268ms iter=586 incumb=59.9157 ratchet=60.0243 best=59.9157 since_improve=37
t=206276ms iter=587 WAIST cost=56.0000 best_alt=52.0000 gap=4.0000 tried=5 sep_labels=52 clique_frac=0.01
t=206442ms iter=587 REBUILD reject new_tc=60.5711 (was 59.9157)
t=206593ms iter=587 incumb=59.9157 ratchet=59.9838 best=59.9157 since_improve=38
t=206601ms iter=588 WAIST cost=56.0000 best_alt=52.0000 gap=4.0000 tried=5 sep_labels=52 clique_frac=0.01
t=206760ms iter=588 REBUILD reject new_tc=61.3883 (was 59.9157)
t=206908ms iter=588 incumb=59.9157 ratchet=59.9657 best=59.9157 since_improve=39
t=206915ms iter=589 WAIST cost=56.0000 best_alt=51.0000 gap=5.0000 tried=5 sep_labels=51 clique_frac=0.01
t=207059ms iter=589 REBUILD reject new_tc=61.9350 (was 59.9157)
t=207165ms iter=589 incumb=59.9157 ratchet=59.9923 best=59.9157 since_improve=40
t=207171ms iter=590 WAIST cost=56.0000 best_alt=52.0000 gap=4.0000 tried=5 sep_labels=52 clique_frac=0.01
t=207283ms iter=590 REBUILD reject new_tc=61.4388 (was 59.9157)
t=207435ms iter=590 incumb=59.9157 ratchet=60.0240 best=59.9157 since_improve=41
t=207442ms iter=591 WAIST cost=56.0000 best_alt=52.0000 gap=4.0000 tried=5 sep_labels=52 clique_frac=0.01
t=207617ms iter=591 REBUILD reject new_tc=60.6662 (was 59.9157)
t=207769ms iter=591 incumb=59.9157 ratchet=59.9883 best=59.9157 since_improve=42
t=207777ms iter=592 WAIST cost=56.0000 best_alt=51.0000 gap=5.0000 tried=5 sep_labels=51 clique_frac=0.01
t=207927ms iter=592 REBUILD reject new_tc=61.5889 (was 59.9157)
t=208086ms iter=592 incumb=59.9157 ratchet=60.0185 best=59.9157 since_improve=43
t=208096ms iter=593 WAIST cost=56.0000 best_alt=49.0000 gap=7.0000 tried=5 sep_labels=49 clique_frac=0.01
t=208231ms iter=593 REBUILD reject new_tc=78.0000 (was 59.9157)
t=208386ms iter=593 incumb=59.9157 ratchet=59.9969 best=59.9157 since_improve=44
t=208394ms iter=594 WAIST cost=56.0000 best_alt=51.0000 gap=5.0000 tried=5 sep_labels=51 clique_frac=0.01
t=208552ms iter=594 REBUILD reject new_tc=61.7582 (was 59.9157)
t=208704ms iter=594 incumb=59.9157 ratchet=60.0891 best=59.9157 since_improve=45
t=208713ms iter=595 WAIST cost=56.0000 best_alt=51.0000 gap=5.0000 tried=5 sep_labels=51 clique_frac=0.01
t=208871ms iter=595 REBUILD reject new_tc=61.8682 (was 59.9157)
t=209027ms iter=595 incumb=59.9157 ratchet=59.9766 best=59.9157 since_improve=46
t=209036ms iter=596 WAIST cost=56.0000 best_alt=52.0000 gap=4.0000 tried=5 sep_labels=52 clique_frac=0.01
t=209200ms iter=596 REBUILD reject new_tc=66.0557 (was 59.9157)
t=209355ms iter=596 incumb=59.9157 ratchet=59.9983 best=59.9157 since_improve=47
t=209362ms iter=597 WAIST cost=56.0000 best_alt=49.0000 gap=7.0000 tried=5 sep_labels=49 clique_frac=0.01
t=209516ms iter=597 REBUILD reject new_tc=61.6462 (was 59.9157)
t=209668ms iter=597 incumb=59.9157 ratchet=59.9584 best=59.9157 since_improve=48
t=209676ms iter=598 WAIST cost=56.0000 best_alt=52.0000 gap=4.0000 tried=5 sep_labels=52 clique_frac=0.01
t=209842ms iter=598 REBUILD reject new_tc=65.7530 (was 59.9157)
t=209992ms iter=598 incumb=59.9157 ratchet=60.0817 best=59.9157 since_improve=49
t=210001ms iter=599 WAIST cost=56.0000 best_alt=52.0000 gap=4.0000 tried=5 sep_labels=52 clique_frac=0.01
t=210150ms iter=599 REBUILD reject new_tc=64.6813 (was 59.9157)
t=210288ms iter=599 incumb=59.9157 ratchet=60.1944 best=59.9157 since_improve=50
t=210295ms iter=600 WAIST cost=56.0000 best_alt=51.0000 gap=5.0000 tried=5 sep_labels=51 clique_frac=0.01
t=210440ms iter=600 REBUILD reject new_tc=61.6504 (was 59.9157)
t=210596ms iter=600 incumb=59.9157 ratchet=60.0556 best=59.9157 since_improve=51
t=210604ms iter=601 WAIST cost=56.0000 best_alt=52.0000 gap=4.0000 tried=5 sep_labels=52 clique_frac=0.01
t=210768ms iter=601 REBUILD reject new_tc=61.5625 (was 59.9157)
t=210916ms iter=601 incumb=59.9157 ratchet=60.0182 best=59.9157 since_improve=52
t=210924ms iter=602 WAIST cost=56.0000 best_alt=51.0000 gap=5.0000 tried=5 sep_labels=51 clique_frac=0.01
t=211074ms iter=602 REBUILD reject new_tc=60.8064 (was 59.9157)
t=211226ms iter=602 incumb=59.9157 ratchet=59.9740 best=59.9157 since_improve=53
t=211234ms iter=603 WAIST cost=56.0000 best_alt=51.0000 gap=5.0000 tried=5 sep_labels=51 clique_frac=0.01
t=211375ms iter=603 REBUILD reject new_tc=62.8021 (was 59.9157)
t=211529ms iter=603 incumb=59.9157 ratchet=60.2216 best=59.9157 since_improve=54
t=211536ms iter=604 WAIST cost=56.0000 best_alt=52.0000 gap=4.0000 tried=5 sep_labels=52 clique_frac=0.01
t=211692ms iter=604 REBUILD reject new_tc=60.5947 (was 59.9157)
t=211841ms iter=604 incumb=59.9157 ratchet=59.9718 best=59.9157 since_improve=55
t=211848ms iter=605 WAIST cost=56.0000 best_alt=50.0000 gap=6.0000 tried=5 sep_labels=50 clique_frac=0.01
t=211997ms iter=605 REBUILD reject new_tc=61.2527 (was 59.9157)
t=212151ms iter=605 incumb=59.9157 ratchet=60.0025 best=59.9157 since_improve=56
t=212158ms iter=606 WAIST cost=56.0000 best_alt=52.0000 gap=4.0000 tried=5 sep_labels=52 clique_frac=0.01
t=212335ms iter=606 REBUILD reject new_tc=60.3885 (was 59.9157)
t=212487ms iter=606 incumb=59.9157 ratchet=59.9495 best=59.9157 since_improve=57
t=212495ms iter=607 WAIST cost=56.0000 best_alt=52.0000 gap=4.0000 tried=5 sep_labels=52 clique_frac=0.01
t=212662ms iter=607 REBUILD reject new_tc=64.0963 (was 59.9157)
t=212812ms iter=607 incumb=59.9157 ratchet=60.0182 best=59.9157 since_improve=58
t=212820ms iter=608 WAIST cost=56.0000 best_alt=52.0000 gap=4.0000 tried=5 sep_labels=52 clique_frac=0.01
t=212985ms iter=608 REBUILD reject new_tc=65.1086 (was 59.9157)
t=213140ms iter=608 incumb=59.9157 ratchet=60.0286 best=59.9157 since_improve=59
t=213148ms iter=609 WAIST cost=56.0000 best_alt=52.0000 gap=4.0000 tried=5 sep_labels=52 clique_frac=0.01
t=213309ms iter=609 REBUILD reject new_tc=72.0136 (was 59.9157)
t=213468ms iter=609 incumb=59.9157 ratchet=60.0964 best=59.9157 since_improve=60
t=213476ms iter=610 WAIST cost=56.0000 best_alt=52.0000 gap=4.0000 tried=5 sep_labels=52 clique_frac=0.01
t=213636ms iter=610 REBUILD reject new_tc=61.4205 (was 59.9157)
t=213790ms iter=610 incumb=59.9157 ratchet=59.9913 best=59.9157 since_improve=61
t=213797ms iter=611 WAIST cost=56.0000 best_alt=52.0000 gap=4.0000 tried=5 sep_labels=52 clique_frac=0.01
t=213951ms iter=611 REBUILD reject new_tc=61.5018 (was 59.9157)
t=214096ms iter=611 incumb=59.9157 ratchet=60.0367 best=59.9157 since_improve=62
t=214103ms iter=612 WAIST cost=56.0000 best_alt=52.0000 gap=4.0000 tried=5 sep_labels=52 clique_frac=0.01
t=214248ms iter=612 REBUILD reject new_tc=73.0002 (was 59.9157)
t=214399ms iter=612 incumb=59.9157 ratchet=59.9493 best=59.9157 since_improve=63
t=214410ms iter=613 WAIST cost=56.0000 best_alt=51.0000 gap=5.0000 tried=5 sep_labels=51 clique_frac=0.01
t=214559ms iter=613 REBUILD reject new_tc=61.5941 (was 59.9157)
t=214713ms iter=613 incumb=59.9157 ratchet=59.9703 best=59.9157 since_improve=64
t=214722ms iter=614 WAIST cost=56.0000 best_alt=51.0000 gap=5.0000 tried=5 sep_labels=51 clique_frac=0.01
t=214879ms iter=614 REBUILD reject new_tc=61.5612 (was 59.9157)
t=215036ms iter=614 incumb=59.9157 ratchet=60.0224 best=59.9157 since_improve=65
t=215043ms iter=615 WAIST cost=56.0000 best_alt=52.0000 gap=4.0000 tried=5 sep_labels=52 clique_frac=0.01
t=215209ms iter=615 REBUILD reject new_tc=65.1039 (was 59.9157)
t=215360ms iter=615 incumb=59.9157 ratchet=60.0335 best=59.9157 since_improve=66
t=215368ms iter=616 WAIST cost=56.0000 best_alt=52.0000 gap=4.0000 tried=5 sep_labels=52 clique_frac=0.01
t=215551ms iter=616 REBUILD reject new_tc=61.0152 (was 59.9157)
t=215698ms iter=616 incumb=59.9157 ratchet=59.9646 best=59.9157 since_improve=67
t=215704ms iter=617 WAIST cost=56.0000 best_alt=50.0000 gap=6.0000 tried=5 sep_labels=50 clique_frac=0.01
t=215855ms iter=617 REBUILD reject new_tc=61.6743 (was 59.9157)
t=216007ms iter=617 incumb=59.9157 ratchet=60.0781 best=59.9157 since_improve=68
t=216015ms iter=618 WAIST cost=56.0000 best_alt=52.0000 gap=4.0000 tried=5 sep_labels=52 clique_frac=0.01
t=216187ms iter=618 REBUILD reject new_tc=60.8874 (was 59.9157)
t=216338ms iter=618 incumb=59.9157 ratchet=60.1130 best=59.9157 since_improve=69
t=216346ms iter=619 WAIST cost=56.0000 best_alt=52.0000 gap=4.0000 tried=5 sep_labels=52 clique_frac=0.01
t=216516ms iter=619 REBUILD reject new_tc=60.9444 (was 59.9157)
t=216670ms iter=619 incumb=59.9157 ratchet=59.9710 best=59.9157 since_improve=70
t=216678ms iter=620 WAIST cost=56.0000 best_alt=49.0000 gap=7.0000 tried=5 sep_labels=49 clique_frac=0.01
t=216827ms iter=620 REBUILD reject new_tc=60.8352 (was 59.9157)
t=216983ms iter=620 incumb=59.9157 ratchet=60.0119 best=59.9157 since_improve=71
t=216990ms iter=621 WAIST cost=56.0000 best_alt=52.0000 gap=4.0000 tried=5 sep_labels=52 clique_frac=0.01
t=217160ms iter=621 REBUILD reject new_tc=61.5082 (was 59.9157)
t=217314ms iter=621 incumb=59.9157 ratchet=59.9905 best=59.9157 since_improve=72
t=217321ms iter=622 WAIST cost=56.0000 best_alt=52.0000 gap=4.0000 tried=5 sep_labels=52 clique_frac=0.01
t=217495ms iter=622 REBUILD reject new_tc=62.2615 (was 59.9157)
t=217650ms iter=622 incumb=59.9157 ratchet=59.9745 best=59.9157 since_improve=73
t=217657ms iter=623 WAIST cost=56.0000 best_alt=52.0000 gap=4.0000 tried=5 sep_labels=52 clique_frac=0.01
t=217817ms iter=623 REBUILD reject new_tc=62.0505 (was 59.9157)
t=217976ms iter=623 incumb=59.9157 ratchet=60.0748 best=59.9157 since_improve=74
t=217986ms iter=624 WAIST cost=56.0000 best_alt=50.0000 gap=6.0000 tried=5 sep_labels=50 clique_frac=0.01
t=218136ms iter=624 REBUILD reject new_tc=61.3924 (was 59.9157)
t=218295ms iter=624 incumb=59.9157 ratchet=59.9821 best=59.9157 since_improve=75
t=218303ms iter=625 WAIST cost=56.0000 best_alt=51.0000 gap=5.0000 tried=5 sep_labels=51 clique_frac=0.01
t=218459ms iter=625 REBUILD reject new_tc=61.6099 (was 59.9157)
t=218614ms iter=625 incumb=59.9157 ratchet=59.9553 best=59.9157 since_improve=76
t=218624ms iter=626 WAIST cost=56.0000 best_alt=50.0000 gap=6.0000 tried=5 sep_labels=50 clique_frac=0.01
t=218774ms iter=626 REBUILD reject new_tc=61.3516 (was 59.9157)
t=218913ms iter=626 incumb=59.9157 ratchet=59.9833 best=59.9157 since_improve=77
t=218921ms iter=627 WAIST cost=56.0000 best_alt=52.0000 gap=4.0000 tried=5 sep_labels=52 clique_frac=0.01
t=219083ms iter=627 REBUILD reject new_tc=60.9126 (was 59.9157)
t=219235ms iter=627 incumb=59.9157 ratchet=60.0418 best=59.9157 since_improve=78
t=219244ms iter=628 WAIST cost=56.0000 best_alt=51.0000 gap=5.0000 tried=5 sep_labels=51 clique_frac=0.01
t=219397ms iter=628 REBUILD reject new_tc=61.2102 (was 59.9157)
t=219554ms iter=628 incumb=59.9157 ratchet=60.0573 best=59.9157 since_improve=79
t=219562ms iter=629 WAIST cost=56.0000 best_alt=51.0000 gap=5.0000 tried=5 sep_labels=51 clique_frac=0.01
t=219739ms iter=629 REBUILD reject new_tc=65.0453 (was 59.9157)
t=219888ms iter=629 incumb=59.9157 ratchet=60.0037 best=59.9157 since_improve=80
t=219899ms iter=630 WAIST cost=56.0000 best_alt=50.0000 gap=6.0000 tried=5 sep_labels=50 clique_frac=0.01
t=220053ms iter=630 REBUILD reject new_tc=61.5788 (was 59.9157)
t=220207ms iter=630 incumb=59.9157 ratchet=60.0273 best=59.9157 since_improve=81
t=220215ms iter=631 WAIST cost=56.0000 best_alt=51.0000 gap=5.0000 tried=5 sep_labels=51 clique_frac=0.01
t=220372ms iter=631 REBUILD reject new_tc=61.1279 (was 59.9157)
t=220521ms iter=631 incumb=59.9157 ratchet=59.9834 best=59.9157 since_improve=82
t=220528ms iter=632 WAIST cost=56.0000 best_alt=51.0000 gap=5.0000 tried=5 sep_labels=51 clique_frac=0.02
t=220685ms iter=632 REBUILD reject new_tc=61.4860 (was 59.9157)
t=220874ms iter=632 incumb=59.9157 ratchet=59.9602 best=59.9157 since_improve=83
t=220883ms iter=633 WAIST cost=56.0000 best_alt=51.0000 gap=5.0000 tried=5 sep_labels=51 clique_frac=0.01
t=221037ms iter=633 REBUILD reject new_tc=61.0717 (was 59.9157)
t=221183ms iter=633 incumb=59.9157 ratchet=60.1626 best=59.9157 since_improve=84
t=221190ms iter=634 WAIST cost=56.0000 best_alt=51.0000 gap=5.0000 tried=5 sep_labels=51 clique_frac=0.01
t=221350ms iter=634 REBUILD reject new_tc=69.0585 (was 59.9157)
t=221551ms iter=634 incumb=59.9157 ratchet=60.0022 best=59.9157 since_improve=85
t=221560ms iter=635 WAIST cost=56.0000 best_alt=52.0000 gap=4.0000 tried=5 sep_labels=52 clique_frac=0.01
t=221722ms iter=635 REBUILD reject new_tc=60.6577 (was 59.9157)
t=221876ms iter=635 incumb=59.9157 ratchet=60.0288 best=59.9157 since_improve=86
t=221884ms iter=636 WAIST cost=56.0000 best_alt=52.0000 gap=4.0000 tried=5 sep_labels=52 clique_frac=0.01
t=222057ms iter=636 REBUILD reject new_tc=60.5378 (was 59.9157)
t=222208ms iter=636 incumb=59.9157 ratchet=59.9943 best=59.9157 since_improve=87
t=222217ms iter=637 WAIST cost=56.0000 best_alt=52.0000 gap=4.0000 tried=5 sep_labels=52 clique_frac=0.01
t=222390ms iter=637 REBUILD reject new_tc=60.4526 (was 59.9157)
t=222546ms iter=637 incumb=59.9157 ratchet=60.0812 best=59.9157 since_improve=88
t=222554ms iter=638 WAIST cost=56.0000 best_alt=51.0000 gap=5.0000 tried=5 sep_labels=51 clique_frac=0.01
t=222724ms iter=638 REBUILD reject new_tc=61.5620 (was 59.9157)
t=222876ms iter=638 incumb=59.9157 ratchet=60.0315 best=59.9157 since_improve=89
t=222884ms iter=639 WAIST cost=56.0000 best_alt=52.0000 gap=4.0000 tried=5 sep_labels=52 clique_frac=0.01
t=223051ms iter=639 REBUILD reject new_tc=67.8657 (was 59.9157)
t=223207ms iter=639 incumb=59.9157 ratchet=59.9979 best=59.9157 since_improve=90
t=223214ms iter=640 WAIST cost=56.0000 best_alt=52.0000 gap=4.0000 tried=5 sep_labels=52 clique_frac=0.01
t=223386ms iter=640 REBUILD reject new_tc=60.4415 (was 59.9157)
t=223536ms iter=640 incumb=59.9157 ratchet=60.1779 best=59.9157 since_improve=91
t=223544ms iter=641 WAIST cost=56.0000 best_alt=51.0000 gap=5.0000 tried=5 sep_labels=51 clique_frac=0.01
t=223695ms iter=641 REBUILD reject new_tc=61.5547 (was 59.9157)
t=223846ms iter=641 incumb=59.9157 ratchet=60.0979 best=59.9157 since_improve=92
t=223856ms iter=642 WAIST cost=56.0000 best_alt=51.0000 gap=5.0000 tried=5 sep_labels=51 clique_frac=0.01
t=224009ms iter=642 REBUILD reject new_tc=61.4681 (was 59.9157)
t=224161ms iter=642 incumb=59.9157 ratchet=60.0022 best=59.9157 since_improve=93
t=224168ms iter=643 WAIST cost=56.0000 best_alt=52.0000 gap=4.0000 tried=5 sep_labels=52 clique_frac=0.01
t=224338ms iter=643 REBUILD reject new_tc=61.3078 (was 59.9157)
t=224489ms iter=643 incumb=59.9157 ratchet=60.0334 best=59.9157 since_improve=94
t=224499ms iter=644 WAIST cost=56.0000 best_alt=51.0000 gap=5.0000 tried=5 sep_labels=51 clique_frac=0.01
t=224642ms iter=644 REBUILD reject new_tc=68.2192 (was 59.9157)
t=224800ms iter=644 incumb=59.9157 ratchet=59.9572 best=59.9157 since_improve=95
t=224809ms iter=645 WAIST cost=56.0000 best_alt=52.0000 gap=4.0000 tried=5 sep_labels=52 clique_frac=0.01
t=224983ms iter=645 REBUILD reject new_tc=60.5833 (was 59.9157)
t=225138ms iter=645 incumb=59.9157 ratchet=60.0925 best=59.9157 since_improve=96
t=225144ms iter=646 WAIST cost=56.0000 best_alt=52.0000 gap=4.0000 tried=5 sep_labels=52 clique_frac=0.01
t=225299ms iter=646 REBUILD reject new_tc=81.0000 (was 59.9157)
t=225453ms iter=646 incumb=59.9157 ratchet=60.0332 best=59.9157 since_improve=97
t=225461ms iter=647 WAIST cost=56.0000 best_alt=51.0000 gap=5.0000 tried=5 sep_labels=51 clique_frac=0.01
t=225612ms iter=647 REBUILD reject new_tc=61.5907 (was 59.9157)
t=225769ms iter=647 incumb=59.9157 ratchet=60.0075 best=59.9157 since_improve=98
t=225778ms iter=648 WAIST cost=56.0000 best_alt=50.0000 gap=6.0000 tried=5 sep_labels=50 clique_frac=0.01
t=225930ms iter=648 REBUILD reject new_tc=61.4613 (was 59.9157)
t=226084ms iter=648 incumb=59.9157 ratchet=60.0310 best=59.9157 since_improve=99
t=226093ms iter=649 WAIST cost=56.0000 best_alt=51.0000 gap=5.0000 tried=5 sep_labels=51 clique_frac=0.01
t=226241ms iter=649 REBUILD reject new_tc=61.6264 (was 59.9157)
t=226404ms iter=649 incumb=59.9157 ratchet=60.0057 best=59.9157 since_improve=100
t=226413ms iter=650 WAIST cost=56.0000 best_alt=49.0000 gap=7.0000 tried=5 sep_labels=49 clique_frac=0.01
t=226568ms iter=650 REBUILD reject new_tc=61.5609 (was 59.9157)
t=226714ms iter=650 incumb=59.9157 ratchet=60.0193 best=59.9157 since_improve=101
t=226722ms iter=651 WAIST cost=56.0000 best_alt=52.0000 gap=4.0000 tried=5 sep_labels=52 clique_frac=0.01
t=226892ms iter=651 REBUILD reject new_tc=66.1324 (was 59.9157)
t=227045ms iter=651 incumb=59.9157 ratchet=60.2390 best=59.9157 since_improve=102
t=227052ms iter=652 WAIST cost=56.0000 best_alt=50.0000 gap=6.0000 tried=5 sep_labels=50 clique_frac=0.01
t=227206ms iter=652 REBUILD reject new_tc=60.7528 (was 59.9157)
t=227363ms iter=652 incumb=59.9157 ratchet=60.0352 best=59.9157 since_improve=103
t=227371ms iter=653 WAIST cost=56.0000 best_alt=52.0000 gap=4.0000 tried=5 sep_labels=52 clique_frac=0.01
t=227532ms iter=653 REBUILD reject new_tc=62.7419 (was 59.9157)
t=227692ms iter=653 incumb=59.9157 ratchet=60.0196 best=59.9157 since_improve=104
t=227701ms iter=654 WAIST cost=56.0000 best_alt=52.0000 gap=4.0000 tried=5 sep_labels=52 clique_frac=0.01
t=227870ms iter=654 REBUILD reject new_tc=61.4570 (was 59.9157)
t=228026ms iter=654 incumb=59.9157 ratchet=60.0875 best=59.9157 since_improve=105
t=228033ms iter=655 WAIST cost=56.0000 best_alt=52.0000 gap=4.0000 tried=5 sep_labels=52 clique_frac=0.01
t=228200ms iter=655 REBUILD reject new_tc=61.5636 (was 59.9157)
t=228352ms iter=655 incumb=59.9157 ratchet=59.9922 best=59.9157 since_improve=106
t=228360ms iter=656 WAIST cost=56.0000 best_alt=51.0000 gap=5.0000 tried=5 sep_labels=51 clique_frac=0.01
t=228510ms iter=656 REBUILD reject new_tc=61.9872 (was 59.9157)
t=228663ms iter=656 incumb=59.9157 ratchet=60.0137 best=59.9157 since_improve=107
t=228673ms iter=657 WAIST cost=56.0000 best_alt=49.0000 gap=7.0000 tried=5 sep_labels=49 clique_frac=0.01
t=228823ms iter=657 REBUILD reject new_tc=61.4674 (was 59.9157)
t=228975ms iter=657 incumb=59.9157 ratchet=59.9571 best=59.9157 since_improve=108
t=228983ms iter=658 WAIST cost=56.0000 best_alt=52.0000 gap=4.0000 tried=5 sep_labels=52 clique_frac=0.01
t=229149ms iter=658 REBUILD reject new_tc=67.3165 (was 59.9157)
t=229299ms iter=658 incumb=59.9157 ratchet=60.0556 best=59.9157 since_improve=109
t=229308ms iter=659 WAIST cost=56.0000 best_alt=51.0000 gap=5.0000 tried=5 sep_labels=51 clique_frac=0.01
t=229480ms iter=659 REBUILD reject new_tc=61.7624 (was 59.9157)
t=229635ms iter=659 incumb=59.9157 ratchet=59.9539 best=59.9157 since_improve=110
t=229643ms iter=660 WAIST cost=56.0000 best_alt=52.0000 gap=4.0000 tried=5 sep_labels=52 clique_frac=0.01
t=229808ms iter=660 REBUILD reject new_tc=67.0321 (was 59.9157)
t=229965ms iter=660 incumb=59.9157 ratchet=60.2083 best=59.9157 since_improve=111
t=229972ms iter=661 WAIST cost=56.0000 best_alt=52.0000 gap=4.0000 tried=5 sep_labels=52 clique_frac=0.01
t=230140ms iter=661 REBUILD reject new_tc=60.5708 (was 59.9157)
t=230296ms iter=661 incumb=59.9157 ratchet=60.0641 best=59.9157 since_improve=112
t=230305ms iter=662 WAIST cost=56.0000 best_alt=52.0000 gap=4.0000 tried=5 sep_labels=52 clique_frac=0.01
t=230474ms iter=662 REBUILD reject new_tc=61.2023 (was 59.9157)
t=230625ms iter=662 incumb=59.9157 ratchet=60.0500 best=59.9157 since_improve=113
t=230634ms iter=663 WAIST cost=56.0000 best_alt=52.0000 gap=4.0000 tried=5 sep_labels=52 clique_frac=0.01
t=230804ms iter=663 REBUILD reject new_tc=67.0924 (was 59.9157)
t=230963ms iter=663 incumb=59.9157 ratchet=59.9623 best=59.9157 since_improve=114
t=230972ms iter=664 WAIST cost=56.0000 best_alt=49.0000 gap=7.0000 tried=5 sep_labels=49 clique_frac=0.01
t=231123ms iter=664 REBUILD reject new_tc=61.4430 (was 59.9157)
t=231281ms iter=664 incumb=59.9157 ratchet=60.0692 best=59.9157 since_improve=115
t=231292ms iter=665 WAIST cost=56.0000 best_alt=49.0000 gap=7.0000 tried=5 sep_labels=49 clique_frac=0.01
t=231443ms iter=665 REBUILD reject new_tc=61.3471 (was 59.9157)
t=231604ms iter=665 incumb=59.9157 ratchet=59.9740 best=59.9157 since_improve=116
t=231613ms iter=666 WAIST cost=56.0000 best_alt=52.0000 gap=4.0000 tried=5 sep_labels=52 clique_frac=0.01
t=231784ms iter=666 REBUILD reject new_tc=60.6060 (was 59.9157)
t=231939ms iter=666 incumb=59.9157 ratchet=60.1296 best=59.9157 since_improve=117
t=231947ms iter=667 WAIST cost=56.0000 best_alt=51.0000 gap=5.0000 tried=5 sep_labels=51 clique_frac=0.01
t=232117ms iter=667 REBUILD reject new_tc=63.9162 (was 59.9157)
t=232275ms iter=667 incumb=59.9157 ratchet=60.0303 best=59.9157 since_improve=118
t=232284ms iter=668 WAIST cost=56.0000 best_alt=51.0000 gap=5.0000 tried=5 sep_labels=51 clique_frac=0.01
t=232429ms iter=668 REBUILD reject new_tc=70.0061 (was 59.9157)
t=232586ms iter=668 incumb=59.9157 ratchet=60.0543 best=59.9157 since_improve=119
t=232594ms iter=669 WAIST cost=56.0000 best_alt=52.0000 gap=4.0000 tried=5 sep_labels=52 clique_frac=0.01
t=232758ms iter=669 REBUILD reject new_tc=67.3008 (was 59.9157)
t=232911ms iter=669 incumb=59.9157 ratchet=60.3875 best=59.9157 since_improve=120
t=232922ms iter=670 WAIST cost=56.0000 best_alt=51.0000 gap=5.0000 tried=5 sep_labels=51 clique_frac=0.01
t=233074ms iter=670 REBUILD reject new_tc=61.4389 (was 59.9157)
t=233221ms iter=670 incumb=59.9157 ratchet=59.9495 best=59.9157 since_improve=121
t=233228ms iter=671 WAIST cost=56.0000 best_alt=52.0000 gap=4.0000 tried=5 sep_labels=52 clique_frac=0.01
t=233396ms iter=671 REBUILD reject new_tc=60.3553 (was 59.9157)
t=233550ms iter=671 incumb=59.9157 ratchet=59.9623 best=59.9157 since_improve=122
t=233559ms iter=672 WAIST cost=56.0000 best_alt=49.0000 gap=7.0000 tried=5 sep_labels=49 clique_frac=0.01
t=233709ms iter=672 REBUILD reject new_tc=62.3533 (was 59.9157)
t=233870ms iter=672 incumb=59.9157 ratchet=60.0876 best=59.9157 since_improve=123
t=233878ms iter=673 WAIST cost=56.0000 best_alt=52.0000 gap=4.0000 tried=5 sep_labels=52 clique_frac=0.01
t=234050ms iter=673 REBUILD reject new_tc=60.6893 (was 59.9157)
t=234206ms iter=673 incumb=59.9157 ratchet=60.0198 best=59.9157 since_improve=124
t=234213ms iter=674 WAIST cost=56.0000 best_alt=52.0000 gap=4.0000 tried=5 sep_labels=52 clique_frac=0.01
t=234383ms iter=674 REBUILD reject new_tc=61.4589 (was 59.9157)
t=234537ms iter=674 incumb=59.9157 ratchet=59.9846 best=59.9157 since_improve=125
t=234544ms iter=675 WAIST cost=56.0000 best_alt=51.0000 gap=5.0000 tried=5 sep_labels=51 clique_frac=0.01
t=234697ms iter=675 REBUILD reject new_tc=61.3070 (was 59.9157)
t=234855ms iter=675 incumb=59.9157 ratchet=60.0075 best=59.9157 since_improve=126
t=234861ms iter=676 WAIST cost=56.0000 best_alt=49.0000 gap=7.0000 tried=5 sep_labels=49 clique_frac=0.01
t=235016ms iter=676 REBUILD reject new_tc=61.3372 (was 59.9157)
t=235171ms iter=676 incumb=59.9157 ratchet=59.9955 best=59.9157 since_improve=127
t=235179ms iter=677 WAIST cost=56.0000 best_alt=50.0000 gap=6.0000 tried=5 sep_labels=50 clique_frac=0.01
t=235320ms iter=677 REBUILD reject new_tc=70.5256 (was 59.9157)
t=235474ms iter=677 incumb=59.9157 ratchet=60.0656 best=59.9157 since_improve=128
t=235482ms iter=678 WAIST cost=56.0000 best_alt=49.0000 gap=7.0000 tried=5 sep_labels=49 clique_frac=0.01
t=235635ms iter=678 REBUILD reject new_tc=61.1010 (was 59.9157)
t=235792ms iter=678 incumb=59.9157 ratchet=60.2607 best=59.9157 since_improve=129
t=235800ms iter=679 WAIST cost=56.0000 best_alt=51.0000 gap=5.0000 tried=5 sep_labels=51 clique_frac=0.02
t=235951ms iter=679 REBUILD reject new_tc=61.5001 (was 59.9157)
t=236100ms iter=679 incumb=59.9157 ratchet=60.0450 best=59.9157 since_improve=130
t=236109ms iter=680 WAIST cost=56.0000 best_alt=51.0000 gap=5.0000 tried=5 sep_labels=51 clique_frac=0.01
t=236247ms iter=680 REBUILD reject new_tc=61.6577 (was 59.9157)
t=236395ms iter=680 incumb=59.9157 ratchet=60.1039 best=59.9157 since_improve=131
t=236401ms iter=681 WAIST cost=56.0000 best_alt=51.0000 gap=5.0000 tried=5 sep_labels=51 clique_frac=0.01
t=236541ms iter=681 REBUILD reject new_tc=63.5039 (was 59.9157)
t=236682ms iter=681 incumb=59.9157 ratchet=60.0818 best=59.9157 since_improve=132
t=236691ms iter=682 WAIST cost=56.0000 best_alt=49.0000 gap=7.0000 tried=5 sep_labels=49 clique_frac=0.01
t=236835ms iter=682 REBUILD reject new_tc=61.1609 (was 59.9157)
t=236990ms iter=682 incumb=59.9157 ratchet=60.1261 best=59.9157 since_improve=133
t=236998ms iter=683 WAIST cost=56.0000 best_alt=51.0000 gap=5.0000 tried=5 sep_labels=51 clique_frac=0.01
t=237152ms iter=683 REBUILD reject new_tc=61.5992 (was 59.9157)
t=237304ms iter=683 incumb=59.9157 ratchet=60.0683 best=59.9157 since_improve=134
t=237312ms iter=684 WAIST cost=56.0000 best_alt=52.0000 gap=4.0000 tried=5 sep_labels=52 clique_frac=0.01
t=237484ms iter=684 REBUILD reject new_tc=60.8515 (was 59.9157)
t=237639ms iter=684 incumb=59.9157 ratchet=60.1403 best=59.9157 since_improve=135
t=237649ms iter=685 WAIST cost=56.0000 best_alt=51.0000 gap=5.0000 tried=5 sep_labels=51 clique_frac=0.01
t=237801ms iter=685 REBUILD reject new_tc=61.4773 (was 59.9157)
t=237958ms iter=685 incumb=59.9157 ratchet=60.0000 best=59.9157 since_improve=136
t=237966ms iter=686 WAIST cost=56.0000 best_alt=52.0000 gap=4.0000 tried=5 sep_labels=52 clique_frac=0.01
t=238134ms iter=686 REBUILD reject new_tc=60.6162 (was 59.9157)
t=238290ms iter=686 incumb=59.9157 ratchet=60.0016 best=59.9157 since_improve=137
t=238299ms iter=687 WAIST cost=56.0000 best_alt=52.0000 gap=4.0000 tried=5 sep_labels=52 clique_frac=0.01
t=238468ms iter=687 REBUILD reject new_tc=61.4616 (was 59.9157)
t=238622ms iter=687 incumb=59.9157 ratchet=60.1051 best=59.9157 since_improve=138
t=238632ms iter=688 WAIST cost=56.0000 best_alt=51.0000 gap=5.0000 tried=5 sep_labels=51 clique_frac=0.01
t=238801ms iter=688 REBUILD reject new_tc=61.2817 (was 59.9157)
t=238951ms iter=688 incumb=59.9157 ratchet=59.9493 best=59.9157 since_improve=139
t=238957ms iter=689 WAIST cost=56.0000 best_alt=52.0000 gap=4.0000 tried=5 sep_labels=52 clique_frac=0.01
t=239125ms iter=689 REBUILD reject new_tc=60.6905 (was 59.9157)
t=239271ms iter=689 incumb=59.9157 ratchet=60.0689 best=59.9157 since_improve=140
t=239280ms iter=690 WAIST cost=56.0000 best_alt=50.0000 gap=6.0000 tried=5 sep_labels=50 clique_frac=0.01
t=239435ms iter=690 REBUILD reject new_tc=61.4042 (was 59.9157)
t=239590ms iter=690 incumb=59.9157 ratchet=60.0161 best=59.9157 since_improve=141
t=239600ms iter=691 WAIST cost=56.0000 best_alt=51.0000 gap=5.0000 tried=5 sep_labels=51 clique_frac=0.01
t=239758ms iter=691 REBUILD reject new_tc=61.2911 (was 59.9157)
t=239908ms iter=691 incumb=59.9157 ratchet=59.9746 best=59.9157 since_improve=142
t=239916ms iter=692 WAIST cost=56.0000 best_alt=52.0000 gap=4.0000 tried=5 sep_labels=52 clique_frac=0.01
t=240079ms iter=692 REBUILD reject new_tc=60.5847 (was 59.9157)
t=240229ms iter=692 incumb=59.9157 ratchet=60.0514 best=59.9157 since_improve=143
t=240237ms iter=693 WAIST cost=56.0000 best_alt=52.0000 gap=4.0000 tried=5 sep_labels=52 clique_frac=0.01
t=240409ms iter=693 REBUILD reject new_tc=61.8067 (was 59.9157)
t=240558ms iter=693 incumb=59.9157 ratchet=59.9600 best=59.9157 since_improve=144
t=240566ms iter=694 WAIST cost=56.0000 best_alt=52.0000 gap=4.0000 tried=5 sep_labels=52 clique_frac=0.01
t=240734ms iter=694 REBUILD reject new_tc=61.3261 (was 59.9157)
t=240888ms iter=694 incumb=59.9157 ratchet=59.9604 best=59.9157 since_improve=145
t=240896ms iter=695 WAIST cost=56.0000 best_alt=52.0000 gap=4.0000 tried=5 sep_labels=52 clique_frac=0.01
t=241064ms iter=695 REBUILD reject new_tc=61.5538 (was 59.9157)
t=241221ms iter=695 incumb=59.9157 ratchet=60.0185 best=59.9157 since_improve=146
t=241229ms iter=696 WAIST cost=56.0000 best_alt=52.0000 gap=4.0000 tried=5 sep_labels=52 clique_frac=0.01
t=241397ms iter=696 REBUILD reject new_tc=60.2746 (was 59.9157)
t=241554ms iter=696 incumb=59.9157 ratchet=60.0142 best=59.9157 since_improve=147
t=241563ms iter=697 WAIST cost=56.0000 best_alt=51.0000 gap=5.0000 tried=5 sep_labels=51 clique_frac=0.01
t=241717ms iter=697 REBUILD reject new_tc=61.7315 (was 59.9157)
t=241872ms iter=697 incumb=59.9157 ratchet=60.0759 best=59.9157 since_improve=148
t=241881ms iter=698 WAIST cost=56.0000 best_alt=51.0000 gap=5.0000 tried=5 sep_labels=51 clique_frac=0.01
t=242034ms iter=698 REBUILD reject new_tc=61.4381 (was 59.9157)
t=242188ms iter=698 incumb=59.9157 ratchet=60.0684 best=59.9157 since_improve=149
t=242196ms iter=699 WAIST cost=56.0000 best_alt=51.0000 gap=5.0000 tried=5 sep_labels=51 clique_frac=0.01
t=242360ms iter=699 REBUILD reject new_tc=62.0092 (was 59.9157)
t=242510ms iter=699 incumb=59.9157 ratchet=59.9998 best=59.9157 since_improve=150
t=242519ms iter=700 WAIST cost=56.0000 best_alt=51.0000 gap=5.0000 tried=5 sep_labels=51 clique_frac=0.01
t=242670ms iter=700 REBUILD reject new_tc=61.6612 (was 59.9157)
t=242824ms iter=700 incumb=59.9157 ratchet=60.1487 best=59.9157 since_improve=151
t=242833ms iter=701 WAIST cost=56.0000 best_alt=52.0000 gap=4.0000 tried=5 sep_labels=52 clique_frac=0.01
t=243005ms iter=701 REBUILD reject new_tc=60.8398 (was 59.9157)
t=243163ms iter=701 incumb=59.9157 ratchet=59.9603 best=59.9157 since_improve=152
t=243170ms iter=702 WAIST cost=56.0000 best_alt=52.0000 gap=4.0000 tried=5 sep_labels=52 clique_frac=0.01
t=243343ms iter=702 REBUILD reject new_tc=61.2994 (was 59.9157)
t=243501ms iter=702 incumb=59.9157 ratchet=60.0688 best=59.9157 since_improve=153
t=243509ms iter=703 WAIST cost=56.0000 best_alt=52.0000 gap=4.0000 tried=5 sep_labels=52 clique_frac=0.01
t=243683ms iter=703 REBUILD reject new_tc=61.4876 (was 59.9157)
t=243831ms iter=703 incumb=59.9157 ratchet=60.1459 best=59.9157 since_improve=154
t=243839ms iter=704 WAIST cost=56.0000 best_alt=49.0000 gap=7.0000 tried=5 sep_labels=49 clique_frac=0.01
t=243990ms iter=704 REBUILD reject new_tc=67.4816 (was 59.9157)
t=244146ms iter=704 incumb=59.9157 ratchet=59.9851 best=59.9157 since_improve=155
t=244154ms iter=705 WAIST cost=56.0000 best_alt=49.0000 gap=7.0000 tried=5 sep_labels=49 clique_frac=0.01
t=244303ms iter=705 REBUILD reject new_tc=63.3584 (was 59.9157)
t=244460ms iter=705 incumb=59.9157 ratchet=60.0928 best=59.9157 since_improve=156
t=244468ms iter=706 WAIST cost=56.0000 best_alt=52.0000 gap=4.0000 tried=5 sep_labels=52 clique_frac=0.01
t=244639ms iter=706 REBUILD reject new_tc=60.4918 (was 59.9157)
t=244794ms iter=706 incumb=59.9157 ratchet=60.0428 best=59.9157 since_improve=157
t=244801ms iter=707 WAIST cost=56.0000 best_alt=52.0000 gap=4.0000 tried=5 sep_labels=52 clique_frac=0.01
t=244974ms iter=707 REBUILD reject new_tc=60.7302 (was 59.9157)
t=245131ms iter=707 incumb=59.9157 ratchet=59.9832 best=59.9157 since_improve=158
t=245138ms iter=708 WAIST cost=56.0000 best_alt=51.0000 gap=5.0000 tried=5 sep_labels=51 clique_frac=0.01
t=245293ms iter=708 REBUILD reject new_tc=60.8843 (was 59.9157)
t=245446ms iter=708 incumb=59.9157 ratchet=60.0220 best=59.9157 since_improve=159
t=245454ms iter=709 WAIST cost=56.0000 best_alt=52.0000 gap=4.0000 tried=5 sep_labels=52 clique_frac=0.01
t=245621ms iter=709 REBUILD reject new_tc=67.2239 (was 59.9157)
t=245774ms iter=709 incumb=59.9157 ratchet=60.0004 best=59.9157 since_improve=160
t=245783ms iter=710 WAIST cost=56.0000 best_alt=51.0000 gap=5.0000 tried=5 sep_labels=51 clique_frac=0.01
t=245938ms iter=710 REBUILD reject new_tc=61.5528 (was 59.9157)
t=246089ms iter=710 incumb=59.9157 ratchet=59.9413 best=59.9157 since_improve=161
t=246097ms iter=711 WAIST cost=56.0000 best_alt=51.0000 gap=5.0000 tried=5 sep_labels=51 clique_frac=0.01
t=246251ms iter=711 REBUILD reject new_tc=61.2319 (was 59.9157)
t=246408ms iter=711 incumb=59.9157 ratchet=59.9744 best=59.9157 since_improve=162
t=246417ms iter=712 WAIST cost=56.0000 best_alt=52.0000 gap=4.0000 tried=5 sep_labels=52 clique_frac=0.01
t=246581ms iter=712 REBUILD reject new_tc=65.2739 (was 59.9157)
t=246738ms iter=712 incumb=59.9157 ratchet=59.9712 best=59.9157 since_improve=163
t=246747ms iter=713 WAIST cost=56.0000 best_alt=51.0000 gap=5.0000 tried=5 sep_labels=51 clique_frac=0.01
t=246917ms iter=713 REBUILD reject new_tc=61.5302 (was 59.9157)
t=247078ms iter=713 incumb=59.9157 ratchet=60.0144 best=59.9157 since_improve=164
t=247085ms iter=714 WAIST cost=56.0000 best_alt=52.0000 gap=4.0000 tried=5 sep_labels=52 clique_frac=0.01
t=247254ms iter=714 REBUILD reject new_tc=61.4536 (was 59.9157)
t=247406ms iter=714 incumb=59.9157 ratchet=60.0133 best=59.9157 since_improve=165
t=247413ms iter=715 WAIST cost=56.0000 best_alt=51.0000 gap=5.0000 tried=5 sep_labels=51 clique_frac=0.01
t=247573ms iter=715 REBUILD reject new_tc=61.0814 (was 59.9157)
t=247727ms iter=715 incumb=59.9157 ratchet=60.0493 best=59.9157 since_improve=166
t=247736ms iter=716 WAIST cost=56.0000 best_alt=52.0000 gap=4.0000 tried=5 sep_labels=52 clique_frac=0.01
t=247902ms iter=716 REBUILD reject new_tc=66.8349 (was 59.9157)
t=248054ms iter=716 incumb=59.9157 ratchet=59.9595 best=59.9157 since_improve=167
t=248061ms iter=717 WAIST cost=56.0000 best_alt=52.0000 gap=4.0000 tried=5 sep_labels=52 clique_frac=0.01
t=248236ms iter=717 REBUILD reject new_tc=60.5261 (was 59.9157)
t=248392ms iter=717 incumb=59.9157 ratchet=60.1367 best=59.9157 since_improve=168
t=248401ms iter=718 WAIST cost=56.0000 best_alt=51.0000 gap=5.0000 tried=5 sep_labels=51 clique_frac=0.01
t=248552ms iter=718 REBUILD reject new_tc=61.5164 (was 59.9157)
t=248695ms iter=718 incumb=59.9157 ratchet=60.1241 best=59.9157 since_improve=169
t=248702ms iter=719 WAIST cost=56.0000 best_alt=52.0000 gap=4.0000 tried=5 sep_labels=52 clique_frac=0.01
t=248861ms iter=719 REBUILD reject new_tc=72.0048 (was 59.9157)
t=249011ms iter=719 incumb=59.9157 ratchet=60.0254 best=59.9157 since_improve=170
t=249022ms iter=720 WAIST cost=56.0000 best_alt=51.0000 gap=5.0000 tried=5 sep_labels=51 clique_frac=0.01
t=249158ms iter=720 REBUILD reject new_tc=84.0000 (was 59.9157)
t=249310ms iter=720 incumb=59.9157 ratchet=60.0014 best=59.9157 since_improve=171
t=249317ms iter=721 WAIST cost=56.0000 best_alt=52.0000 gap=4.0000 tried=5 sep_labels=52 clique_frac=0.01
t=249482ms iter=721 REBUILD reject new_tc=60.9506 (was 59.9157)
t=249640ms iter=721 incumb=59.9157 ratchet=60.0595 best=59.9157 since_improve=172
t=249650ms iter=722 WAIST cost=56.0000 best_alt=52.0000 gap=4.0000 tried=5 sep_labels=52 clique_frac=0.01
t=249818ms iter=722 REBUILD reject new_tc=65.2476 (was 59.9157)
t=249972ms iter=722 incumb=59.9157 ratchet=60.2231 best=59.9157 since_improve=173
t=249981ms iter=723 WAIST cost=56.0000 best_alt=52.0000 gap=4.0000 tried=5 sep_labels=52 clique_frac=0.01
t=250135ms iter=723 REBUILD reject new_tc=72.1193 (was 59.9157)
t=250265ms iter=723 incumb=59.9157 ratchet=59.9923 best=59.9157 since_improve=174
t=250274ms iter=724 WAIST cost=56.0000 best_alt=52.0000 gap=4.0000 tried=5 sep_labels=52 clique_frac=0.01
t=250430ms iter=724 REBUILD reject new_tc=60.5081 (was 59.9157)
t=250578ms iter=724 incumb=59.9157 ratchet=60.3552 best=59.9157 since_improve=175
t=250586ms iter=725 WAIST cost=56.0000 best_alt=52.0000 gap=4.0000 tried=5 sep_labels=52 clique_frac=0.01
t=250751ms iter=725 REBUILD reject new_tc=61.6272 (was 59.9157)
t=250908ms iter=725 incumb=59.9157 ratchet=60.0756 best=59.9157 since_improve=176
t=250915ms iter=726 WAIST cost=56.0000 best_alt=52.0000 gap=4.0000 tried=5 sep_labels=52 clique_frac=0.01
t=251087ms iter=726 REBUILD reject new_tc=61.4504 (was 59.9157)
t=251245ms iter=726 incumb=59.9157 ratchet=59.9700 best=59.9157 since_improve=177
t=251252ms iter=727 WAIST cost=56.0000 best_alt=52.0000 gap=4.0000 tried=5 sep_labels=52 clique_frac=0.01
t=251423ms iter=727 REBUILD reject new_tc=61.5277 (was 59.9157)
t=251582ms iter=727 incumb=59.9157 ratchet=60.0091 best=59.9157 since_improve=178
t=251592ms iter=728 WAIST cost=56.0000 best_alt=52.0000 gap=4.0000 tried=5 sep_labels=52 clique_frac=0.01
t=251765ms iter=728 REBUILD reject new_tc=61.3270 (was 59.9157)
t=251924ms iter=728 incumb=59.9157 ratchet=60.0293 best=59.9157 since_improve=179
t=251933ms iter=729 WAIST cost=56.0000 best_alt=52.0000 gap=4.0000 tried=5 sep_labels=52 clique_frac=0.01
t=252102ms iter=729 REBUILD reject new_tc=61.2809 (was 59.9157)
t=252256ms iter=729 incumb=59.9157 ratchet=59.9611 best=59.9157 since_improve=180
t=252264ms iter=730 WAIST cost=56.0000 best_alt=52.0000 gap=4.0000 tried=5 sep_labels=52 clique_frac=0.01
t=252438ms iter=730 REBUILD reject new_tc=60.8710 (was 59.9157)
t=252595ms iter=730 incumb=59.9157 ratchet=60.0626 best=59.9157 since_improve=181
t=252607ms iter=731 WAIST cost=56.0000 best_alt=51.0000 gap=5.0000 tried=5 sep_labels=51 clique_frac=0.01
t=252758ms iter=731 REBUILD reject new_tc=65.9225 (was 59.9157)
t=252915ms iter=731 incumb=59.9157 ratchet=59.9631 best=59.9157 since_improve=182
t=252924ms iter=732 WAIST cost=56.0000 best_alt=51.0000 gap=5.0000 tried=5 sep_labels=51 clique_frac=0.01
t=253095ms iter=732 REBUILD reject new_tc=61.5921 (was 59.9157)
t=253249ms iter=732 incumb=59.9157 ratchet=60.0642 best=59.9157 since_improve=183
t=253258ms iter=733 WAIST cost=56.0000 best_alt=51.0000 gap=5.0000 tried=5 sep_labels=51 clique_frac=0.01
t=253414ms iter=733 REBUILD reject new_tc=61.4287 (was 59.9157)
t=253576ms iter=733 incumb=59.9157 ratchet=59.9899 best=59.9157 since_improve=184
t=253583ms iter=734 WAIST cost=56.0000 best_alt=52.0000 gap=4.0000 tried=5 sep_labels=52 clique_frac=0.01
t=253738ms iter=734 REBUILD reject new_tc=78.0000 (was 59.9157)
t=253886ms iter=734 incumb=59.9157 ratchet=60.2220 best=59.9157 since_improve=185
t=253896ms iter=735 WAIST cost=56.0000 best_alt=52.0000 gap=4.0000 tried=5 sep_labels=52 clique_frac=0.01
t=254063ms iter=735 REBUILD reject new_tc=60.2014 (was 59.9157)
t=254218ms iter=735 incumb=59.9157 ratchet=60.0790 best=59.9157 since_improve=186
t=254226ms iter=736 WAIST cost=56.0000 best_alt=51.0000 gap=5.0000 tried=5 sep_labels=51 clique_frac=0.01
t=254388ms iter=736 REBUILD reject new_tc=75.0369 (was 59.9157)
t=254542ms iter=736 incumb=59.9157 ratchet=60.1033 best=59.9157 since_improve=187
t=254549ms iter=737 WAIST cost=56.0000 best_alt=49.0000 gap=7.0000 tried=5 sep_labels=49 clique_frac=0.01
t=254692ms iter=737 REBUILD reject new_tc=72.0222 (was 59.9157)
t=254850ms iter=737 incumb=59.9157 ratchet=60.0432 best=59.9157 since_improve=188
t=254859ms iter=738 WAIST cost=56.0000 best_alt=52.0000 gap=4.0000 tried=5 sep_labels=52 clique_frac=0.01
t=255033ms iter=738 REBUILD reject new_tc=61.3751 (was 59.9157)
t=255191ms iter=738 incumb=59.9157 ratchet=59.9737 best=59.9157 since_improve=189
t=255198ms iter=739 WAIST cost=56.0000 best_alt=52.0000 gap=4.0000 tried=5 sep_labels=52 clique_frac=0.01
t=255364ms iter=739 REBUILD reject new_tc=62.7108 (was 59.9157)
t=255516ms iter=739 incumb=59.9157 ratchet=60.0571 best=59.9157 since_improve=190
t=255524ms iter=740 WAIST cost=56.0000 best_alt=52.0000 gap=4.0000 tried=5 sep_labels=52 clique_frac=0.01
t=255690ms iter=740 REBUILD reject new_tc=61.3037 (was 59.9157)
t=255845ms iter=740 incumb=59.9157 ratchet=59.9469 best=59.9157 since_improve=191
t=255854ms iter=741 WAIST cost=56.0000 best_alt=52.0000 gap=4.0000 tried=5 sep_labels=52 clique_frac=0.01
t=256026ms iter=741 REBUILD reject new_tc=61.2094 (was 59.9157)
t=256179ms iter=741 incumb=59.9157 ratchet=60.0532 best=59.9157 since_improve=192
t=256189ms iter=742 WAIST cost=56.0000 best_alt=51.0000 gap=5.0000 tried=5 sep_labels=51 clique_frac=0.01
t=256341ms iter=742 REBUILD reject new_tc=61.6012 (was 59.9157)
t=256498ms iter=742 incumb=59.9157 ratchet=59.9970 best=59.9157 since_improve=193
t=256508ms iter=743 WAIST cost=56.0000 best_alt=51.0000 gap=5.0000 tried=5 sep_labels=51 clique_frac=0.01
t=256658ms iter=743 REBUILD reject new_tc=61.1860 (was 59.9157)
t=256817ms iter=743 incumb=59.9157 ratchet=59.9718 best=59.9157 since_improve=194
t=256825ms iter=744 WAIST cost=56.0000 best_alt=52.0000 gap=4.0000 tried=5 sep_labels=52 clique_frac=0.01
t=256990ms iter=744 REBUILD reject new_tc=64.8344 (was 59.9157)
t=257142ms iter=744 incumb=59.9157 ratchet=59.9614 best=59.9157 since_improve=195
t=257151ms iter=745 WAIST cost=56.0000 best_alt=51.0000 gap=5.0000 tried=5 sep_labels=51 clique_frac=0.01
t=257301ms iter=745 REBUILD reject new_tc=60.8264 (was 59.9157)
t=257457ms iter=745 incumb=59.9157 ratchet=60.0710 best=59.9157 since_improve=196
t=257466ms iter=746 WAIST cost=56.0000 best_alt=52.0000 gap=4.0000 tried=5 sep_labels=52 clique_frac=0.01
t=257624ms iter=746 REBUILD reject new_tc=65.5327 (was 59.9157)
t=257776ms iter=746 incumb=59.9157 ratchet=59.9577 best=59.9157 since_improve=197
t=257785ms iter=747 WAIST cost=56.0000 best_alt=51.0000 gap=5.0000 tried=5 sep_labels=51 clique_frac=0.01
t=257934ms iter=747 REBUILD reject new_tc=61.4913 (was 59.9157)
t=258092ms iter=747 incumb=59.9157 ratchet=59.9714 best=59.9157 since_improve=198
t=258101ms iter=748 WAIST cost=56.0000 best_alt=51.0000 gap=5.0000 tried=5 sep_labels=51 clique_frac=0.01
t=258246ms iter=748 REBUILD reject new_tc=76.0006 (was 59.9157)
t=258404ms iter=748 incumb=59.9157 ratchet=59.9458 best=59.9157 since_improve=199
t=258411ms iter=749 WAIST cost=56.0000 best_alt=52.0000 gap=4.0000 tried=5 sep_labels=52 clique_frac=0.01
t=258575ms iter=749 REBUILD reject new_tc=61.1943 (was 59.9157)
t=258730ms iter=749 incumb=59.9157 ratchet=59.9647 best=59.9157 since_improve=200
t=258737ms iter=750 WAIST cost=56.0000 best_alt=52.0000 gap=4.0000 tried=5 sep_labels=52 clique_frac=0.01
t=258909ms iter=750 REBUILD reject new_tc=61.0290 (was 59.9157)
t=259064ms iter=750 incumb=59.9157 ratchet=59.9890 best=59.9157 since_improve=201
t=259072ms iter=751 WAIST cost=56.0000 best_alt=52.0000 gap=4.0000 tried=5 sep_labels=52 clique_frac=0.01
t=259246ms iter=751 REBUILD reject new_tc=61.2371 (was 59.9157)
t=259403ms iter=751 incumb=59.9157 ratchet=60.4678 best=59.9157 since_improve=202
t=259411ms iter=752 WAIST cost=56.0000 best_alt=51.0000 gap=5.0000 tried=5 sep_labels=51 clique_frac=0.01
t=259565ms iter=752 REBUILD reject new_tc=61.4014 (was 59.9157)
t=259718ms iter=752 incumb=59.9157 ratchet=60.0730 best=59.9157 since_improve=203
t=259726ms iter=753 WAIST cost=56.0000 best_alt=52.0000 gap=4.0000 tried=5 sep_labels=52 clique_frac=0.01
t=259898ms iter=753 REBUILD reject new_tc=60.8811 (was 59.9157)
t=260058ms iter=753 incumb=59.9157 ratchet=59.9544 best=59.9157 since_improve=204
t=260066ms iter=754 WAIST cost=56.0000 best_alt=52.0000 gap=4.0000 tried=5 sep_labels=52 clique_frac=0.01
t=260240ms iter=754 REBUILD reject new_tc=61.3873 (was 59.9157)
t=260399ms iter=754 incumb=59.9157 ratchet=60.0288 best=59.9157 since_improve=205
t=260407ms iter=755 WAIST cost=56.0000 best_alt=51.0000 gap=5.0000 tried=5 sep_labels=51 clique_frac=0.01
t=260552ms iter=755 REBUILD reject new_tc=62.1524 (was 59.9157)
t=260706ms iter=755 incumb=59.9157 ratchet=60.5014 best=59.9157 since_improve=206
t=260714ms iter=756 WAIST cost=56.0000 best_alt=51.0000 gap=5.0000 tried=5 sep_labels=51 clique_frac=0.01
t=260870ms iter=756 REBUILD reject new_tc=61.7841 (was 59.9157)
t=261027ms iter=756 incumb=59.9157 ratchet=59.9945 best=59.9157 since_improve=207
t=261034ms iter=757 WAIST cost=56.0000 best_alt=52.0000 gap=4.0000 tried=5 sep_labels=52 clique_frac=0.01
t=261202ms iter=757 REBUILD reject new_tc=61.3145 (was 59.9157)
t=261350ms iter=757 incumb=59.9157 ratchet=59.9447 best=59.9157 since_improve=208
t=261357ms iter=758 WAIST cost=56.0000 best_alt=52.0000 gap=4.0000 tried=5 sep_labels=52 clique_frac=0.01
t=261530ms iter=758 REBUILD reject new_tc=60.5617 (was 59.9157)
t=261684ms iter=758 incumb=59.9157 ratchet=59.9654 best=59.9157 since_improve=209
t=261693ms iter=759 WAIST cost=56.0000 best_alt=51.0000 gap=5.0000 tried=5 sep_labels=51 clique_frac=0.01
t=261848ms iter=759 REBUILD reject new_tc=61.4111 (was 59.9157)
t=261999ms iter=759 incumb=59.9157 ratchet=59.9651 best=59.9157 since_improve=210
t=262009ms iter=760 WAIST cost=56.0000 best_alt=52.0000 gap=4.0000 tried=5 sep_labels=52 clique_frac=0.01
t=262174ms iter=760 REBUILD reject new_tc=61.0652 (was 59.9157)
t=262330ms iter=760 incumb=59.9157 ratchet=60.0456 best=59.9157 since_improve=211
t=262337ms iter=761 WAIST cost=56.0000 best_alt=52.0000 gap=4.0000 tried=5 sep_labels=52 clique_frac=0.01
t=262510ms iter=761 REBUILD reject new_tc=60.7023 (was 59.9157)
t=262657ms iter=761 incumb=59.9157 ratchet=59.9899 best=59.9157 since_improve=212
t=262666ms iter=762 WAIST cost=56.0000 best_alt=51.0000 gap=5.0000 tried=5 sep_labels=51 clique_frac=0.01
t=262807ms iter=762 REBUILD reject new_tc=78.0000 (was 59.9157)
t=262957ms iter=762 incumb=59.9157 ratchet=59.9382 best=59.9157 since_improve=213
t=262964ms iter=763 WAIST cost=56.0000 best_alt=52.0000 gap=4.0000 tried=5 sep_labels=52 clique_frac=0.01
t=263131ms iter=763 REBUILD reject new_tc=65.9828 (was 59.9157)
t=263285ms iter=763 incumb=59.9157 ratchet=59.9742 best=59.9157 since_improve=214
t=263292ms iter=764 WAIST cost=56.0000 best_alt=52.0000 gap=4.0000 tried=5 sep_labels=52 clique_frac=0.01
t=263463ms iter=764 REBUILD reject new_tc=65.8407 (was 59.9157)
t=263621ms iter=764 incumb=59.9157 ratchet=60.1113 best=59.9157 since_improve=215
t=263629ms iter=765 WAIST cost=56.0000 best_alt=52.0000 gap=4.0000 tried=5 sep_labels=52 clique_frac=0.01
t=263797ms iter=765 REBUILD reject new_tc=60.7587 (was 59.9157)
t=263950ms iter=765 incumb=59.9157 ratchet=59.9773 best=59.9157 since_improve=216
t=263958ms iter=766 WAIST cost=56.0000 best_alt=52.0000 gap=4.0000 tried=5 sep_labels=52 clique_frac=0.01
t=264122ms iter=766 REBUILD reject new_tc=61.1343 (was 59.9157)
t=264276ms iter=766 incumb=59.9157 ratchet=60.0031 best=59.9157 since_improve=217
t=264284ms iter=767 WAIST cost=56.0000 best_alt=52.0000 gap=4.0000 tried=5 sep_labels=52 clique_frac=0.01
t=264455ms iter=767 REBUILD reject new_tc=61.3845 (was 59.9157)
t=264612ms iter=767 incumb=59.9157 ratchet=60.0191 best=59.9157 since_improve=218
t=264621ms iter=768 WAIST cost=56.0000 best_alt=52.0000 gap=4.0000 tried=5 sep_labels=52 clique_frac=0.01
t=264789ms iter=768 REBUILD reject new_tc=61.4720 (was 59.9157)
t=264947ms iter=768 incumb=59.9157 ratchet=59.9826 best=59.9157 since_improve=219
t=264955ms iter=769 WAIST cost=56.0000 best_alt=51.0000 gap=5.0000 tried=5 sep_labels=51 clique_frac=0.01
t=265106ms iter=769 REBUILD reject new_tc=68.8884 (was 59.9157)
t=265256ms iter=769 incumb=59.9157 ratchet=60.0480 best=59.9157 since_improve=220
t=265266ms iter=770 WAIST cost=56.0000 best_alt=52.0000 gap=4.0000 tried=5 sep_labels=52 clique_frac=0.01
t=265436ms iter=770 REBUILD reject new_tc=61.3061 (was 59.9157)
t=265594ms iter=770 incumb=59.9157 ratchet=59.9531 best=59.9157 since_improve=221
t=265602ms iter=771 WAIST cost=56.0000 best_alt=52.0000 gap=4.0000 tried=5 sep_labels=52 clique_frac=0.01
t=265771ms iter=771 REBUILD reject new_tc=60.6848 (was 59.9157)
t=265926ms iter=771 incumb=59.9157 ratchet=60.0764 best=59.9157 since_improve=222
t=265933ms iter=772 WAIST cost=56.0000 best_alt=52.0000 gap=4.0000 tried=5 sep_labels=52 clique_frac=0.01
t=266098ms iter=772 REBUILD reject new_tc=65.4770 (was 59.9157)
t=266252ms iter=772 incumb=59.9157 ratchet=59.9864 best=59.9157 since_improve=223
t=266260ms iter=773 WAIST cost=56.0000 best_alt=51.0000 gap=5.0000 tried=5 sep_labels=51 clique_frac=0.01
t=266436ms iter=773 REBUILD reject new_tc=61.6085 (was 59.9157)
t=266585ms iter=773 incumb=59.9157 ratchet=60.1011 best=59.9157 since_improve=224
t=266594ms iter=774 WAIST cost=56.0000 best_alt=51.0000 gap=5.0000 tried=5 sep_labels=51 clique_frac=0.02
t=266740ms iter=774 REBUILD reject new_tc=61.6547 (was 59.9157)
t=266898ms iter=774 incumb=59.9157 ratchet=59.9436 best=59.9157 since_improve=225
t=266906ms iter=775 WAIST cost=56.0000 best_alt=51.0000 gap=5.0000 tried=5 sep_labels=51 clique_frac=0.01
t=267063ms iter=775 REBUILD reject new_tc=61.8904 (was 59.9157)
t=267217ms iter=775 incumb=59.9157 ratchet=60.0007 best=59.9157 since_improve=226
t=267225ms iter=776 WAIST cost=56.0000 best_alt=51.0000 gap=5.0000 tried=5 sep_labels=51 clique_frac=0.01
t=267364ms iter=776 REBUILD reject new_tc=80.0001 (was 59.9157)
t=267518ms iter=776 incumb=59.9157 ratchet=60.1696 best=59.9157 since_improve=227
t=267527ms iter=777 WAIST cost=56.0000 best_alt=51.0000 gap=5.0000 tried=5 sep_labels=51 clique_frac=0.01
t=267683ms iter=777 REBUILD reject new_tc=61.8596 (was 59.9157)
t=267831ms iter=777 incumb=59.9157 ratchet=59.9449 best=59.9157 since_improve=228
t=267839ms iter=778 WAIST cost=56.0000 best_alt=51.0000 gap=5.0000 tried=5 sep_labels=51 clique_frac=0.01
t=267998ms iter=778 REBUILD reject new_tc=61.2610 (was 59.9157)
t=268151ms iter=778 incumb=59.9157 ratchet=59.9703 best=59.9157 since_improve=229
t=268162ms iter=779 WAIST cost=56.0000 best_alt=51.0000 gap=5.0000 tried=5 sep_labels=51 clique_frac=0.01
t=268333ms iter=779 REBUILD reject new_tc=64.3096 (was 59.9157)
t=268486ms iter=779 incumb=59.9157 ratchet=60.1048 best=59.9157 since_improve=230
t=268494ms iter=780 WAIST cost=56.0000 best_alt=51.0000 gap=5.0000 tried=5 sep_labels=51 clique_frac=0.01
t=268648ms iter=780 REBUILD reject new_tc=61.2716 (was 59.9157)
t=268798ms iter=780 incumb=59.9157 ratchet=59.9746 best=59.9157 since_improve=231
t=268807ms iter=781 WAIST cost=56.0000 best_alt=52.0000 gap=4.0000 tried=5 sep_labels=52 clique_frac=0.01
t=268968ms iter=781 REBUILD reject new_tc=73.0059 (was 59.9157)
t=269122ms iter=781 incumb=59.9157 ratchet=60.0575 best=59.9157 since_improve=232
t=269130ms iter=782 WAIST cost=56.0000 best_alt=52.0000 gap=4.0000 tried=5 sep_labels=52 clique_frac=0.01
t=269298ms iter=782 REBUILD reject new_tc=60.6634 (was 59.9157)
t=269456ms iter=782 incumb=59.9157 ratchet=59.9851 best=59.9157 since_improve=233
t=269466ms iter=783 WAIST cost=56.0000 best_alt=51.0000 gap=5.0000 tried=5 sep_labels=51 clique_frac=0.01
t=269624ms iter=783 REBUILD reject new_tc=74.0460 (was 59.9157)
t=269779ms iter=783 incumb=59.9157 ratchet=60.0288 best=59.9157 since_improve=234
t=269787ms iter=784 WAIST cost=56.0000 best_alt=52.0000 gap=4.0000 tried=5 sep_labels=52 clique_frac=0.01
t=269950ms iter=784 REBUILD reject new_tc=61.3198 (was 59.9157)
t=270108ms iter=784 incumb=59.9157 ratchet=60.1154 best=59.9157 since_improve=235
t=270115ms iter=785 WAIST cost=56.0000 best_alt=52.0000 gap=4.0000 tried=5 sep_labels=52 clique_frac=0.01
t=270284ms iter=785 REBUILD reject new_tc=60.5369 (was 59.9157)
t=270439ms iter=785 incumb=59.9157 ratchet=60.0034 best=59.9157 since_improve=236
t=270446ms iter=786 WAIST cost=56.0000 best_alt=52.0000 gap=4.0000 tried=5 sep_labels=52 clique_frac=0.01
t=270606ms iter=786 REBUILD reject new_tc=64.5164 (was 59.9157)
t=270767ms iter=786 incumb=59.9157 ratchet=60.0792 best=59.9157 since_improve=237
t=270774ms iter=787 WAIST cost=56.0000 best_alt=52.0000 gap=4.0000 tried=5 sep_labels=52 clique_frac=0.01
t=270939ms iter=787 REBUILD reject new_tc=67.2892 (was 59.9157)
t=271092ms iter=787 incumb=59.9157 ratchet=60.0324 best=59.9157 since_improve=238
t=271102ms iter=788 WAIST cost=56.0000 best_alt=51.0000 gap=5.0000 tried=5 sep_labels=51 clique_frac=0.01
t=271273ms iter=788 REBUILD reject new_tc=61.7452 (was 59.9157)
t=271421ms iter=788 incumb=59.9157 ratchet=60.0451 best=59.9157 since_improve=239
t=271428ms iter=789 WAIST cost=56.0000 best_alt=52.0000 gap=4.0000 tried=5 sep_labels=52 clique_frac=0.01
t=271606ms iter=789 REBUILD reject new_tc=61.4776 (was 59.9157)
t=271763ms iter=789 incumb=59.9157 ratchet=60.0136 best=59.9157 since_improve=240
t=271771ms iter=790 WAIST cost=56.0000 best_alt=52.0000 gap=4.0000 tried=5 sep_labels=52 clique_frac=0.01
t=271945ms iter=790 REBUILD reject new_tc=60.9839 (was 59.9157)
t=272103ms iter=790 incumb=59.9157 ratchet=59.9708 best=59.9157 since_improve=241
t=272110ms iter=791 WAIST cost=56.0000 best_alt=52.0000 gap=4.0000 tried=5 sep_labels=52 clique_frac=0.01
t=272276ms iter=791 REBUILD reject new_tc=66.4479 (was 59.9157)
t=272433ms iter=791 incumb=59.9157 ratchet=60.0473 best=59.9157 since_improve=242
t=272441ms iter=792 WAIST cost=56.0000 best_alt=51.0000 gap=5.0000 tried=5 sep_labels=51 clique_frac=0.01
t=272596ms iter=792 REBUILD reject new_tc=61.4482 (was 59.9157)
t=272752ms iter=792 incumb=59.9157 ratchet=59.9896 best=59.9157 since_improve=243
t=272759ms iter=793 WAIST cost=56.0000 best_alt=52.0000 gap=4.0000 tried=5 sep_labels=52 clique_frac=0.01
t=272929ms iter=793 REBUILD reject new_tc=65.5103 (was 59.9157)
t=273081ms iter=793 incumb=59.9157 ratchet=59.9920 best=59.9157 since_improve=244
t=273089ms iter=794 WAIST cost=56.0000 best_alt=52.0000 gap=4.0000 tried=5 sep_labels=52 clique_frac=0.01
t=273256ms iter=794 REBUILD reject new_tc=62.9508 (was 59.9157)
t=273413ms iter=794 incumb=59.9157 ratchet=59.9355 best=59.9157 since_improve=245
t=273419ms iter=795 WAIST cost=56.0000 best_alt=52.0000 gap=4.0000 tried=5 sep_labels=52 clique_frac=0.01
t=273588ms iter=795 REBUILD reject new_tc=60.5110 (was 59.9157)
t=273743ms iter=795 incumb=59.9157 ratchet=59.9956 best=59.9157 since_improve=246
t=273750ms iter=796 WAIST cost=56.0000 best_alt=51.0000 gap=5.0000 tried=5 sep_labels=51 clique_frac=0.01
t=273923ms iter=796 REBUILD reject new_tc=61.0958 (was 59.9157)
t=274079ms iter=796 incumb=59.9157 ratchet=59.9538 best=59.9157 since_improve=247
t=274088ms iter=797 WAIST cost=56.0000 best_alt=52.0000 gap=4.0000 tried=5 sep_labels=52 clique_frac=0.01
t=274255ms iter=797 REBUILD reject new_tc=61.3360 (was 59.9157)
t=274407ms iter=797 incumb=59.9157 ratchet=59.9687 best=59.9157 since_improve=248
t=274413ms iter=798 WAIST cost=56.0000 best_alt=52.0000 gap=4.0000 tried=5 sep_labels=52 clique_frac=0.01
t=274579ms iter=798 REBUILD reject new_tc=65.2602 (was 59.9157)
t=274735ms iter=798 incumb=59.9157 ratchet=59.9514 best=59.9157 since_improve=249
t=274743ms iter=799 WAIST cost=56.0000 best_alt=49.0000 gap=7.0000 tried=5 sep_labels=49 clique_frac=0.01
t=274893ms iter=799 REBUILD reject new_tc=61.2482 (was 59.9157)
t=275047ms iter=799 incumb=59.9157 ratchet=60.0907 best=59.9157 since_improve=250
t=275056ms iter=800 WAIST cost=56.0000 best_alt=51.0000 gap=5.0000 tried=5 sep_labels=51 clique_frac=0.01
t=275205ms iter=800 REBUILD reject new_tc=61.4697 (was 59.9157)
t=275361ms iter=800 incumb=59.9157 ratchet=60.3413 best=59.9157 since_improve=251
t=275369ms iter=801 WAIST cost=56.0000 best_alt=51.0000 gap=5.0000 tried=5 sep_labels=51 clique_frac=0.01
t=275504ms iter=801 REBUILD reject new_tc=79.0000 (was 59.9157)
t=275658ms iter=801 incumb=59.9157 ratchet=59.9736 best=59.9157 since_improve=252
t=275665ms iter=802 WAIST cost=56.0000 best_alt=52.0000 gap=4.0000 tried=5 sep_labels=52 clique_frac=0.01
t=275834ms iter=802 REBUILD reject new_tc=60.6711 (was 59.9157)
t=275985ms iter=802 incumb=59.9157 ratchet=59.9948 best=59.9157 since_improve=253
t=275993ms iter=803 WAIST cost=56.0000 best_alt=50.0000 gap=6.0000 tried=5 sep_labels=50 clique_frac=0.01
t=276146ms iter=803 REBUILD reject new_tc=61.8298 (was 59.9157)
t=276303ms iter=803 incumb=59.9157 ratchet=60.0624 best=59.9157 since_improve=254
t=276312ms iter=804 WAIST cost=56.0000 best_alt=52.0000 gap=4.0000 tried=5 sep_labels=52 clique_frac=0.01
t=276478ms iter=804 REBUILD reject new_tc=61.5273 (was 59.9157)
t=276629ms iter=804 incumb=59.9157 ratchet=59.9567 best=59.9157 since_improve=255
t=276640ms iter=805 WAIST cost=56.0000 best_alt=52.0000 gap=4.0000 tried=5 sep_labels=52 clique_frac=0.01
t=276813ms iter=805 REBUILD reject new_tc=60.7325 (was 59.9157)
t=276971ms iter=805 incumb=59.9157 ratchet=59.9602 best=59.9157 since_improve=256
t=276979ms iter=806 WAIST cost=56.0000 best_alt=52.0000 gap=4.0000 tried=5 sep_labels=52 clique_frac=0.01
t=277151ms iter=806 REBUILD reject new_tc=60.9476 (was 59.9157)
t=277305ms iter=806 incumb=59.9157 ratchet=60.1368 best=59.9157 since_improve=257
t=277313ms iter=807 WAIST cost=56.0000 best_alt=51.0000 gap=5.0000 tried=5 sep_labels=51 clique_frac=0.01
t=277484ms iter=807 REBUILD reject new_tc=62.1391 (was 59.9157)
t=277637ms iter=807 incumb=59.9157 ratchet=59.9993 best=59.9157 since_improve=258
t=277645ms iter=808 WAIST cost=56.0000 best_alt=52.0000 gap=4.0000 tried=5 sep_labels=52 clique_frac=0.01
t=277813ms iter=808 REBUILD reject new_tc=66.1791 (was 59.9157)
t=277969ms iter=808 incumb=59.9157 ratchet=60.0137 best=59.9157 since_improve=259
t=277975ms iter=809 WAIST cost=56.0000 best_alt=51.0000 gap=5.0000 tried=5 sep_labels=51 clique_frac=0.01
t=278124ms iter=809 REBUILD reject new_tc=61.6024 (was 59.9157)
t=278275ms iter=809 incumb=59.9157 ratchet=60.0388 best=59.9157 since_improve=260
t=278285ms iter=810 WAIST cost=56.0000 best_alt=52.0000 gap=4.0000 tried=5 sep_labels=52 clique_frac=0.01
t=278450ms iter=810 REBUILD reject new_tc=65.8351 (was 59.9157)
t=278601ms iter=810 incumb=59.9157 ratchet=60.1191 best=59.9157 since_improve=261
t=278611ms iter=811 WAIST cost=56.0000 best_alt=52.0000 gap=4.0000 tried=5 sep_labels=52 clique_frac=0.01
t=278766ms iter=811 REBUILD reject new_tc=81.0000 (was 59.9157)
t=278918ms iter=811 incumb=59.9157 ratchet=59.9776 best=59.9157 since_improve=262
t=278925ms iter=812 WAIST cost=56.0000 best_alt=52.0000 gap=4.0000 tried=5 sep_labels=52 clique_frac=0.01
t=279091ms iter=812 REBUILD reject new_tc=60.3468 (was 59.9157)
t=279247ms iter=812 incumb=59.9157 ratchet=60.0206 best=59.9157 since_improve=263
t=279256ms iter=813 WAIST cost=56.0000 best_alt=52.0000 gap=4.0000 tried=5 sep_labels=52 clique_frac=0.01
t=279423ms iter=813 REBUILD reject new_tc=60.1992 (was 59.9157)
t=279573ms iter=813 incumb=59.9157 ratchet=60.2915 best=59.9157 since_improve=264
t=279581ms iter=814 WAIST cost=56.0000 best_alt=52.0000 gap=4.0000 tried=5 sep_labels=52 clique_frac=0.01
t=279757ms iter=814 REBUILD reject new_tc=61.0503 (was 59.9157)
t=279914ms iter=814 incumb=59.9157 ratchet=60.0321 best=59.9157 since_improve=265
t=279922ms iter=815 WAIST cost=56.0000 best_alt=51.0000 gap=5.0000 tried=5 sep_labels=51 clique_frac=0.01
t=280074ms iter=815 REBUILD reject new_tc=66.8687 (was 59.9157)
t=280226ms iter=815 incumb=59.9157 ratchet=60.0037 best=59.9157 since_improve=266
t=280236ms iter=816 WAIST cost=56.0000 best_alt=50.0000 gap=6.0000 tried=5 sep_labels=50 clique_frac=0.01
t=280387ms iter=816 REBUILD reject new_tc=61.5672 (was 59.9157)
t=280545ms iter=816 incumb=59.9157 ratchet=59.9938 best=59.9157 since_improve=267
t=280554ms iter=817 WAIST cost=56.0000 best_alt=52.0000 gap=4.0000 tried=5 sep_labels=52 clique_frac=0.01
t=280703ms iter=817 REBUILD reject new_tc=75.0001 (was 59.9157)
t=280886ms iter=817 incumb=59.9157 ratchet=59.9387 best=59.9157 since_improve=268
t=280893ms iter=818 WAIST cost=56.0000 best_alt=52.0000 gap=4.0000 tried=5 sep_labels=52 clique_frac=0.01
t=281047ms iter=818 REBUILD reject new_tc=82.0000 (was 59.9157)
t=281203ms iter=818 incumb=59.9157 ratchet=60.0904 best=59.9157 since_improve=269
t=281211ms iter=819 WAIST cost=56.0000 best_alt=52.0000 gap=4.0000 tried=5 sep_labels=52 clique_frac=0.01
t=281386ms iter=819 REBUILD reject new_tc=61.3559 (was 59.9157)
t=281597ms iter=819 incumb=59.9157 ratchet=59.9851 best=59.9157 since_improve=270
t=281606ms iter=820 WAIST cost=56.0000 best_alt=50.0000 gap=6.0000 tried=5 sep_labels=50 clique_frac=0.01
t=281754ms iter=820 REBUILD reject new_tc=60.8322 (was 59.9157)
t=281908ms iter=820 incumb=59.9157 ratchet=59.9734 best=59.9157 since_improve=271
t=281916ms iter=821 WAIST cost=56.0000 best_alt=52.0000 gap=4.0000 tried=5 sep_labels=52 clique_frac=0.01
t=282080ms iter=821 REBUILD reject new_tc=61.5661 (was 59.9157)
t=282236ms iter=821 incumb=59.9157 ratchet=59.9964 best=59.9157 since_improve=272
t=282245ms iter=822 WAIST cost=56.0000 best_alt=52.0000 gap=4.0000 tried=5 sep_labels=52 clique_frac=0.01
t=282411ms iter=822 REBUILD reject new_tc=60.4995 (was 59.9157)
t=282567ms iter=822 incumb=59.9157 ratchet=60.0315 best=59.9157 since_improve=273
t=282576ms iter=823 WAIST cost=56.0000 best_alt=52.0000 gap=4.0000 tried=5 sep_labels=52 clique_frac=0.01
t=282751ms iter=823 REBUILD reject new_tc=61.2213 (was 59.9157)
t=282904ms iter=823 incumb=59.9157 ratchet=60.0222 best=59.9157 since_improve=274
t=282912ms iter=824 WAIST cost=56.0000 best_alt=52.0000 gap=4.0000 tried=5 sep_labels=52 clique_frac=0.01
t=283080ms iter=824 REBUILD reject new_tc=61.3427 (was 59.9157)
t=283235ms iter=824 incumb=59.9157 ratchet=59.9798 best=59.9157 since_improve=275
t=283244ms iter=825 WAIST cost=56.0000 best_alt=51.0000 gap=5.0000 tried=5 sep_labels=51 clique_frac=0.01
t=283390ms iter=825 REBUILD reject new_tc=62.0803 (was 59.9157)
t=283547ms iter=825 incumb=59.9157 ratchet=60.0535 best=59.9157 since_improve=276
t=283555ms iter=826 WAIST cost=56.0000 best_alt=52.0000 gap=4.0000 tried=5 sep_labels=52 clique_frac=0.01
t=283723ms iter=826 REBUILD reject new_tc=62.4080 (was 59.9157)
t=283879ms iter=826 incumb=59.9157 ratchet=60.1119 best=59.9157 since_improve=277
t=283887ms iter=827 WAIST cost=56.0000 best_alt=51.0000 gap=5.0000 tried=5 sep_labels=51 clique_frac=0.01
t=284038ms iter=827 REBUILD reject new_tc=61.3597 (was 59.9157)
t=284195ms iter=827 incumb=59.9157 ratchet=60.1511 best=59.9157 since_improve=278
t=284202ms iter=828 WAIST cost=56.0000 best_alt=52.0000 gap=4.0000 tried=5 sep_labels=52 clique_frac=0.01
t=284370ms iter=828 REBUILD reject new_tc=61.6329 (was 59.9157)
t=284520ms iter=828 incumb=59.9157 ratchet=60.0420 best=59.9157 since_improve=279
t=284528ms iter=829 WAIST cost=56.0000 best_alt=52.0000 gap=4.0000 tried=5 sep_labels=52 clique_frac=0.01
t=284695ms iter=829 REBUILD reject new_tc=60.8361 (was 59.9157)
t=284848ms iter=829 incumb=59.9157 ratchet=59.9696 best=59.9157 since_improve=280
t=284855ms iter=830 WAIST cost=56.0000 best_alt=52.0000 gap=4.0000 tried=5 sep_labels=52 clique_frac=0.01
t=285021ms iter=830 REBUILD reject new_tc=68.4707 (was 59.9157)
t=285173ms iter=830 incumb=59.9157 ratchet=59.9398 best=59.9157 since_improve=281
t=285183ms iter=831 WAIST cost=56.0000 best_alt=50.0000 gap=6.0000 tried=5 sep_labels=50 clique_frac=0.01
t=285337ms iter=831 REBUILD reject new_tc=61.5595 (was 59.9157)
t=285494ms iter=831 incumb=59.9157 ratchet=59.9787 best=59.9157 since_improve=282
t=285503ms iter=832 WAIST cost=56.0000 best_alt=50.0000 gap=6.0000 tried=5 sep_labels=50 clique_frac=0.01
t=285658ms iter=832 REBUILD reject new_tc=61.5160 (was 59.9157)
t=285813ms iter=832 incumb=59.9157 ratchet=60.0626 best=59.9157 since_improve=283
t=285823ms iter=833 WAIST cost=56.0000 best_alt=52.0000 gap=4.0000 tried=5 sep_labels=52 clique_frac=0.01
t=285988ms iter=833 REBUILD reject new_tc=60.0285 (was 59.9157)
t=286144ms iter=833 incumb=59.9157 ratchet=60.0680 best=59.9157 since_improve=284
t=286152ms iter=834 WAIST cost=56.0000 best_alt=52.0000 gap=4.0000 tried=5 sep_labels=52 clique_frac=0.01
t=286317ms iter=834 REBUILD reject new_tc=61.3350 (was 59.9157)
t=286469ms iter=834 incumb=59.9157 ratchet=60.0671 best=59.9157 since_improve=285
t=286477ms iter=835 WAIST cost=56.0000 best_alt=49.0000 gap=7.0000 tried=5 sep_labels=49 clique_frac=0.01
t=286613ms iter=835 REBUILD reject new_tc=78.0000 (was 59.9157)
t=286769ms iter=835 incumb=59.9157 ratchet=60.0485 best=59.9157 since_improve=286
t=286778ms iter=836 WAIST cost=56.0000 best_alt=52.0000 gap=4.0000 tried=5 sep_labels=52 clique_frac=0.01
t=286947ms iter=836 REBUILD reject new_tc=60.1266 (was 59.9157)
t=287101ms iter=836 incumb=59.9157 ratchet=59.9271 best=59.9157 since_improve=287
t=287110ms iter=837 WAIST cost=56.0000 best_alt=51.0000 gap=5.0000 tried=5 sep_labels=51 clique_frac=0.01
t=287260ms iter=837 REBUILD reject new_tc=61.5736 (was 59.9157)
t=287412ms iter=837 incumb=59.9157 ratchet=59.9798 best=59.9157 since_improve=288
t=287419ms iter=838 WAIST cost=56.0000 best_alt=52.0000 gap=4.0000 tried=5 sep_labels=52 clique_frac=0.01
t=287584ms iter=838 REBUILD reject new_tc=65.1240 (was 59.9157)
t=287733ms iter=838 incumb=59.9157 ratchet=60.0334 best=59.9157 since_improve=289
t=287741ms iter=839 WAIST cost=56.0000 best_alt=52.0000 gap=4.0000 tried=5 sep_labels=52 clique_frac=0.01
t=287911ms iter=839 REBUILD reject new_tc=60.7861 (was 59.9157)
t=288061ms iter=839 incumb=59.9157 ratchet=60.0222 best=59.9157 since_improve=290
t=288066ms iter=840 WAIST cost=56.0000 best_alt=51.0000 gap=5.0000 tried=5 sep_labels=51 clique_frac=0.01
t=288209ms iter=840 REBUILD reject new_tc=61.9871 (was 59.9157)
t=288356ms iter=840 incumb=59.9157 ratchet=59.9979 best=59.9157 since_improve=291
t=288366ms iter=841 WAIST cost=56.0000 best_alt=52.0000 gap=4.0000 tried=5 sep_labels=52 clique_frac=0.01
t=288516ms iter=841 REBUILD reject new_tc=72.0028 (was 59.9157)
t=288664ms iter=841 incumb=59.9157 ratchet=59.9740 best=59.9157 since_improve=292
t=288673ms iter=842 WAIST cost=56.0000 best_alt=51.0000 gap=5.0000 tried=5 sep_labels=51 clique_frac=0.01
t=288838ms iter=842 REBUILD reject new_tc=71.0064 (was 59.9157)
t=288994ms iter=842 incumb=59.9157 ratchet=60.0966 best=59.9157 since_improve=293
t=289002ms iter=843 WAIST cost=56.0000 best_alt=52.0000 gap=4.0000 tried=5 sep_labels=52 clique_frac=0.01
t=289172ms iter=843 REBUILD reject new_tc=69.8933 (was 59.9157)
t=289328ms iter=843 incumb=59.9157 ratchet=60.0979 best=59.9157 since_improve=294
t=289336ms iter=844 WAIST cost=56.0000 best_alt=52.0000 gap=4.0000 tried=5 sep_labels=52 clique_frac=0.01
t=289512ms iter=844 REBUILD reject new_tc=60.2424 (was 59.9157)
t=289672ms iter=844 incumb=59.9157 ratchet=59.9483 best=59.9157 since_improve=295
t=289679ms iter=845 WAIST cost=56.0000 best_alt=52.0000 gap=4.0000 tried=5 sep_labels=52 clique_frac=0.01
t=289844ms iter=845 REBUILD reject new_tc=60.3217 (was 59.9157)
t=290001ms iter=845 incumb=59.9157 ratchet=60.0951 best=59.9157 since_improve=296
t=290008ms iter=846 WAIST cost=56.0000 best_alt=52.0000 gap=4.0000 tried=5 sep_labels=52 clique_frac=0.01
t=290181ms iter=846 REBUILD reject new_tc=60.9340 (was 59.9157)
t=290328ms iter=846 incumb=59.9157 ratchet=59.9655 best=59.9157 since_improve=297
t=290337ms iter=847 WAIST cost=56.0000 best_alt=52.0000 gap=4.0000 tried=5 sep_labels=52 clique_frac=0.01
t=290500ms iter=847 REBUILD reject new_tc=61.2848 (was 59.9157)
t=290651ms iter=847 incumb=59.9157 ratchet=60.0323 best=59.9157 since_improve=298
t=290660ms iter=848 WAIST cost=56.0000 best_alt=52.0000 gap=4.0000 tried=5 sep_labels=52 clique_frac=0.01
t=290832ms iter=848 REBUILD reject new_tc=61.2330 (was 59.9157)
t=290983ms iter=848 incumb=59.9157 ratchet=60.0845 best=59.9157 since_improve=299
t=290990ms iter=849 WAIST cost=56.0000 best_alt=52.0000 gap=4.0000 tried=5 sep_labels=52 clique_frac=0.01
t=291165ms iter=849 REBUILD reject new_tc=60.9721 (was 59.9157)
t=291317ms iter=849 incumb=59.9157 ratchet=60.0190 best=59.9157 since_improve=300
t=291324ms iter=850 WAIST cost=56.0000 best_alt=52.0000 gap=4.0000 tried=5 sep_labels=52 clique_frac=0.01
t=291496ms iter=850 REBUILD reject new_tc=60.3586 (was 59.9157)
t=291653ms iter=850 incumb=59.9157 ratchet=60.0191 best=59.9157 since_improve=301
t=291660ms iter=851 WAIST cost=56.0000 best_alt=52.0000 gap=4.0000 tried=5 sep_labels=52 clique_frac=0.01
t=291827ms iter=851 REBUILD reject new_tc=61.1128 (was 59.9157)
t=291979ms iter=851 incumb=59.9157 ratchet=59.9835 best=59.9157 since_improve=302
t=291986ms iter=852 WAIST cost=56.0000 best_alt=52.0000 gap=4.0000 tried=5 sep_labels=52 clique_frac=0.01
t=292158ms iter=852 REBUILD reject new_tc=61.2059 (was 59.9157)
t=292317ms iter=852 incumb=59.9157 ratchet=60.0754 best=59.9157 since_improve=303
t=292326ms iter=853 WAIST cost=56.0000 best_alt=51.0000 gap=5.0000 tried=5 sep_labels=51 clique_frac=0.01
t=292483ms iter=853 REBUILD reject new_tc=61.6658 (was 59.9157)
t=292632ms iter=853 incumb=59.9157 ratchet=59.9761 best=59.9157 since_improve=304
t=292642ms iter=854 WAIST cost=56.0000 best_alt=51.0000 gap=5.0000 tried=5 sep_labels=51 clique_frac=0.01
t=292792ms iter=854 REBUILD reject new_tc=61.3556 (was 59.9157)
t=292944ms iter=854 incumb=59.9157 ratchet=59.9966 best=59.9157 since_improve=305
t=292954ms iter=855 WAIST cost=56.0000 best_alt=51.0000 gap=5.0000 tried=5 sep_labels=51 clique_frac=0.01
t=293109ms iter=855 REBUILD reject new_tc=65.0941 (was 59.9157)
t=293262ms iter=855 incumb=59.9157 ratchet=60.0948 best=59.9157 since_improve=306
t=293269ms iter=856 WAIST cost=56.0000 best_alt=52.0000 gap=4.0000 tried=5 sep_labels=52 clique_frac=0.01
t=293443ms iter=856 REBUILD reject new_tc=61.0487 (was 59.9157)
t=293599ms iter=856 incumb=59.9157 ratchet=60.3763 best=59.9157 since_improve=307
t=293610ms iter=857 WAIST cost=56.0000 best_alt=49.0000 gap=7.0000 tried=5 sep_labels=49 clique_frac=0.01
t=293754ms iter=857 REBUILD reject new_tc=60.7411 (was 59.9157)
t=293894ms iter=857 incumb=59.9157 ratchet=59.9934 best=59.9157 since_improve=308
t=293903ms iter=858 WAIST cost=56.0000 best_alt=51.0000 gap=5.0000 tried=5 sep_labels=51 clique_frac=0.01
t=294055ms iter=858 REBUILD reject new_tc=64.4252 (was 59.9157)
t=294210ms iter=858 incumb=59.9157 ratchet=59.9875 best=59.9157 since_improve=309
t=294217ms iter=859 WAIST cost=56.0000 best_alt=52.0000 gap=4.0000 tried=5 sep_labels=52 clique_frac=0.01
t=294388ms iter=859 REBUILD reject new_tc=62.0102 (was 59.9157)
t=294539ms iter=859 incumb=59.9157 ratchet=60.3898 best=59.9157 since_improve=310
t=294547ms iter=860 WAIST cost=56.0000 best_alt=52.0000 gap=4.0000 tried=5 sep_labels=52 clique_frac=0.01
t=294721ms iter=860 REBUILD reject new_tc=61.7972 (was 59.9157)
t=294864ms iter=860 incumb=59.9157 ratchet=59.9958 best=59.9157 since_improve=311
t=294872ms iter=861 WAIST cost=56.0000 best_alt=52.0000 gap=4.0000 tried=5 sep_labels=52 clique_frac=0.01
t=295030ms iter=861 REBUILD reject new_tc=63.7946 (was 59.9157)
t=295174ms iter=861 incumb=59.9157 ratchet=59.9887 best=59.9157 since_improve=312
t=295182ms iter=862 WAIST cost=56.0000 best_alt=52.0000 gap=4.0000 tried=5 sep_labels=52 clique_frac=0.01
t=295351ms iter=862 REBUILD reject new_tc=61.1154 (was 59.9157)
t=295501ms iter=862 incumb=59.9157 ratchet=59.9580 best=59.9157 since_improve=313
t=295510ms iter=863 WAIST cost=56.0000 best_alt=49.0000 gap=7.0000 tried=5 sep_labels=49 clique_frac=0.01
t=295652ms iter=863 REBUILD reject new_tc=72.0007 (was 59.9157)
t=295807ms iter=863 incumb=59.9157 ratchet=59.9787 best=59.9157 since_improve=314
t=295815ms iter=864 WAIST cost=56.0000 best_alt=52.0000 gap=4.0000 tried=5 sep_labels=52 clique_frac=0.01
t=295986ms iter=864 REBUILD reject new_tc=61.1254 (was 59.9157)
t=296140ms iter=864 incumb=59.9157 ratchet=60.0646 best=59.9157 since_improve=315
t=296149ms iter=865 WAIST cost=56.0000 best_alt=49.0000 gap=7.0000 tried=5 sep_labels=49 clique_frac=0.01
t=296302ms iter=865 REBUILD reject new_tc=61.3827 (was 59.9157)
t=296466ms iter=865 incumb=59.9157 ratchet=60.0115 best=59.9157 since_improve=316
t=296475ms iter=866 WAIST cost=56.0000 best_alt=52.0000 gap=4.0000 tried=5 sep_labels=52 clique_frac=0.01
t=296643ms iter=866 REBUILD reject new_tc=61.5026 (was 59.9157)
t=296794ms iter=866 incumb=59.9157 ratchet=59.9681 best=59.9157 since_improve=317
t=296803ms iter=867 WAIST cost=56.0000 best_alt=52.0000 gap=4.0000 tried=5 sep_labels=52 clique_frac=0.01
t=296977ms iter=867 REBUILD reject new_tc=61.3874 (was 59.9157)
t=297134ms iter=867 incumb=59.9157 ratchet=59.9244 best=59.9157 since_improve=318
t=297142ms iter=868 WAIST cost=56.0000 best_alt=49.0000 gap=7.0000 tried=5 sep_labels=49 clique_frac=0.01
t=297299ms iter=868 REBUILD reject new_tc=60.8891 (was 59.9157)
t=297450ms iter=868 incumb=59.9157 ratchet=59.9968 best=59.9157 since_improve=319
t=297457ms iter=869 WAIST cost=56.0000 best_alt=52.0000 gap=4.0000 tried=5 sep_labels=52 clique_frac=0.01
t=297625ms iter=869 REBUILD reject new_tc=61.3690 (was 59.9157)
t=297777ms iter=869 incumb=59.9157 ratchet=60.1474 best=59.9157 since_improve=320
t=297783ms iter=870 WAIST cost=56.0000 best_alt=52.0000 gap=4.0000 tried=5 sep_labels=52 clique_frac=0.01
t=297949ms iter=870 REBUILD reject new_tc=64.1655 (was 59.9157)
t=298102ms iter=870 incumb=59.9157 ratchet=60.1011 best=59.9157 since_improve=321
t=298111ms iter=871 WAIST cost=56.0000 best_alt=52.0000 gap=4.0000 tried=5 sep_labels=52 clique_frac=0.01
t=298281ms iter=871 REBUILD reject new_tc=60.9568 (was 59.9157)
t=298437ms iter=871 incumb=59.9157 ratchet=60.1549 best=59.9157 since_improve=322
t=298446ms iter=872 WAIST cost=56.0000 best_alt=51.0000 gap=5.0000 tried=5 sep_labels=51 clique_frac=0.01
t=298600ms iter=872 REBUILD reject new_tc=62.3874 (was 59.9157)
t=298751ms iter=872 incumb=59.9157 ratchet=60.0483 best=59.9157 since_improve=323
t=298760ms iter=873 WAIST cost=56.0000 best_alt=52.0000 gap=4.0000 tried=5 sep_labels=52 clique_frac=0.01
t=298929ms iter=873 REBUILD reject new_tc=60.4493 (was 59.9157)
t=299080ms iter=873 incumb=59.9157 ratchet=60.0437 best=59.9157 since_improve=324
t=299089ms iter=874 WAIST cost=56.0000 best_alt=50.0000 gap=6.0000 tried=5 sep_labels=50 clique_frac=0.01
t=299243ms iter=874 REBUILD reject new_tc=61.5163 (was 59.9157)
t=299391ms iter=874 incumb=59.9157 ratchet=60.0394 best=59.9157 since_improve=325
t=299400ms iter=875 WAIST cost=56.0000 best_alt=52.0000 gap=4.0000 tried=5 sep_labels=52 clique_frac=0.01
t=299585ms iter=875 REBUILD reject new_tc=60.6639 (was 59.9157)
t=299764ms iter=875 incumb=59.9157 ratchet=59.9920 best=59.9157 since_improve=326
t=299774ms iter=876 WAIST cost=56.0000 best_alt=50.0000 gap=6.0000 tried=5 sep_labels=50 clique_frac=0.01
t=299931ms iter=876 REBUILD reject new_tc=61.2548 (was 59.9157)
t=300082ms iter=876 incumb=59.9157 ratchet=60.0541 best=59.9157 since_improve=327
t=300090ms iter=877 WAIST cost=56.0000 best_alt=51.0000 gap=5.0000 tried=5 sep_labels=51 clique_frac=0.01
t=300241ms iter=877 REBUILD reject new_tc=61.0499 (was 59.9157)
t=300395ms iter=877 incumb=59.9157 ratchet=60.0135 best=59.9157 since_improve=328
t=300405ms iter=878 WAIST cost=56.0000 best_alt=52.0000 gap=4.0000 tried=5 sep_labels=52 clique_frac=0.01
t=300569ms iter=878 REBUILD reject new_tc=65.0790 (was 59.9157)
t=300724ms iter=878 incumb=59.9157 ratchet=60.0521 best=59.9157 since_improve=329
t=300731ms iter=879 WAIST cost=56.0000 best_alt=52.0000 gap=4.0000 tried=5 sep_labels=52 clique_frac=0.01
t=300898ms iter=879 REBUILD reject new_tc=60.7738 (was 59.9157)
t=301055ms iter=879 incumb=59.9157 ratchet=60.0451 best=59.9157 since_improve=330
t=301063ms iter=880 WAIST cost=56.0000 best_alt=52.0000 gap=4.0000 tried=5 sep_labels=52 clique_frac=0.01
t=301237ms iter=880 REBUILD reject new_tc=61.4032 (was 59.9157)
t=301396ms iter=880 incumb=59.9157 ratchet=59.9945 best=59.9157 since_improve=331
t=301405ms iter=881 WAIST cost=56.0000 best_alt=52.0000 gap=4.0000 tried=5 sep_labels=52 clique_frac=0.01
t=301575ms iter=881 REBUILD reject new_tc=61.4236 (was 59.9157)
t=301727ms iter=881 incumb=59.9157 ratchet=59.9710 best=59.9157 since_improve=332
t=301736ms iter=882 WAIST cost=56.0000 best_alt=52.0000 gap=4.0000 tried=5 sep_labels=52 clique_frac=0.01
t=301892ms iter=882 REBUILD reject new_tc=62.1959 (was 59.9157)
t=302042ms iter=882 incumb=59.9157 ratchet=60.0451 best=59.9157 since_improve=333
t=302051ms iter=883 WAIST cost=56.0000 best_alt=52.0000 gap=4.0000 tried=5 sep_labels=52 clique_frac=0.01
t=302225ms iter=883 REBUILD reject new_tc=61.6808 (was 59.9157)
t=302381ms iter=883 incumb=59.9157 ratchet=60.0518 best=59.9157 since_improve=334
t=302389ms iter=884 WAIST cost=56.0000 best_alt=51.0000 gap=5.0000 tried=5 sep_labels=51 clique_frac=0.01
t=302544ms iter=884 REBUILD reject new_tc=61.2232 (was 59.9157)
t=302701ms iter=884 incumb=59.9157 ratchet=59.9652 best=59.9157 since_improve=335
t=302710ms iter=885 WAIST cost=56.0000 best_alt=52.0000 gap=4.0000 tried=5 sep_labels=52 clique_frac=0.01
t=302868ms iter=885 REBUILD reject new_tc=76.0001 (was 59.9157)
t=303023ms iter=885 incumb=59.9157 ratchet=60.0316 best=59.9157 since_improve=336
t=303033ms iter=886 WAIST cost=56.0000 best_alt=51.0000 gap=5.0000 tried=5 sep_labels=51 clique_frac=0.01
t=303189ms iter=886 REBUILD reject new_tc=68.2139 (was 59.9157)
t=303344ms iter=886 incumb=59.9157 ratchet=59.9882 best=59.9157 since_improve=337
t=303354ms iter=887 WAIST cost=56.0000 best_alt=51.0000 gap=5.0000 tried=5 sep_labels=51 clique_frac=0.01
t=303488ms iter=887 REBUILD reject new_tc=83.0000 (was 59.9157)
t=303642ms iter=887 incumb=59.9157 ratchet=60.0722 best=59.9157 since_improve=338
t=303652ms iter=888 WAIST cost=56.0000 best_alt=52.0000 gap=4.0000 tried=5 sep_labels=52 clique_frac=0.01
t=303823ms iter=888 REBUILD reject new_tc=61.6073 (was 59.9157)
t=303981ms iter=888 incumb=59.9157 ratchet=59.9324 best=59.9157 since_improve=339
t=303990ms iter=889 WAIST cost=56.0000 best_alt=49.0000 gap=7.0000 tried=5 sep_labels=49 clique_frac=0.01
t=304141ms iter=889 REBUILD reject new_tc=60.8700 (was 59.9157)
t=304296ms iter=889 incumb=59.9157 ratchet=60.1465 best=59.9157 since_improve=340
t=304305ms iter=890 WAIST cost=56.0000 best_alt=52.0000 gap=4.0000 tried=5 sep_labels=52 clique_frac=0.01
t=304469ms iter=890 REBUILD reject new_tc=61.3793 (was 59.9157)
t=304636ms iter=890 incumb=59.9157 ratchet=60.0080 best=59.9157 since_improve=341
t=304643ms iter=891 WAIST cost=56.0000 best_alt=52.0000 gap=4.0000 tried=5 sep_labels=52 clique_frac=0.01
t=304798ms iter=891 REBUILD reject new_tc=71.0015 (was 59.9157)
t=304949ms iter=891 incumb=59.9157 ratchet=60.0604 best=59.9157 since_improve=342
t=304960ms iter=892 WAIST cost=56.0000 best_alt=49.0000 gap=7.0000 tried=5 sep_labels=49 clique_frac=0.01
t=305118ms iter=892 REBUILD reject new_tc=61.8151 (was 59.9157)
t=305252ms iter=892 incumb=59.9157 ratchet=59.9636 best=59.9157 since_improve=343
t=305262ms iter=893 WAIST cost=56.0000 best_alt=51.0000 gap=5.0000 tried=5 sep_labels=51 clique_frac=0.01
t=305415ms iter=893 REBUILD reject new_tc=61.6956 (was 59.9157)
t=305575ms iter=893 incumb=59.9157 ratchet=60.0340 best=59.9157 since_improve=344
t=305585ms iter=894 WAIST cost=56.0000 best_alt=51.0000 gap=5.0000 tried=5 sep_labels=51 clique_frac=0.01
t=305736ms iter=894 REBUILD reject new_tc=61.3062 (was 59.9157)
t=305886ms iter=894 incumb=59.9157 ratchet=60.0328 best=59.9157 since_improve=345
t=305894ms iter=895 WAIST cost=56.0000 best_alt=51.0000 gap=5.0000 tried=5 sep_labels=51 clique_frac=0.01
t=306050ms iter=895 REBUILD reject new_tc=62.0639 (was 59.9157)
t=306206ms iter=895 incumb=59.9157 ratchet=59.9958 best=59.9157 since_improve=346
t=306214ms iter=896 WAIST cost=56.0000 best_alt=52.0000 gap=4.0000 tried=5 sep_labels=52 clique_frac=0.01
t=306379ms iter=896 REBUILD reject new_tc=63.7028 (was 59.9157)
t=306533ms iter=896 incumb=59.9157 ratchet=60.0803 best=59.9157 since_improve=347
t=306541ms iter=897 WAIST cost=56.0000 best_alt=51.0000 gap=5.0000 tried=5 sep_labels=51 clique_frac=0.01
t=306692ms iter=897 REBUILD reject new_tc=72.7138 (was 59.9157)
t=306846ms iter=897 incumb=59.9157 ratchet=60.0775 best=59.9157 since_improve=348
t=306855ms iter=898 WAIST cost=56.0000 best_alt=52.0000 gap=4.0000 tried=5 sep_labels=52 clique_frac=0.01
t=307017ms iter=898 REBUILD reject new_tc=67.3190 (was 59.9157)
t=307175ms iter=898 incumb=59.9157 ratchet=59.9858 best=59.9157 since_improve=349
t=307184ms iter=899 WAIST cost=56.0000 best_alt=51.0000 gap=5.0000 tried=5 sep_labels=51 clique_frac=0.01
t=307344ms iter=899 REBUILD reject new_tc=61.1555 (was 59.9157)
t=307494ms iter=899 incumb=59.9157 ratchet=60.0991 best=59.9157 since_improve=350
t=307503ms iter=900 WAIST cost=56.0000 best_alt=52.0000 gap=4.0000 tried=5 sep_labels=52 clique_frac=0.01
t=307680ms iter=900 REBUILD reject new_tc=61.0198 (was 59.9157)
t=307835ms iter=900 incumb=59.9157 ratchet=59.9710 best=59.9157 since_improve=351
t=307845ms iter=901 WAIST cost=56.0000 best_alt=51.0000 gap=5.0000 tried=5 sep_labels=51 clique_frac=0.01
t=308017ms iter=901 REBUILD reject new_tc=63.9840 (was 59.9157)
t=308173ms iter=901 incumb=59.9157 ratchet=59.9712 best=59.9157 since_improve=352
t=308183ms iter=902 WAIST cost=56.0000 best_alt=50.0000 gap=6.0000 tried=5 sep_labels=50 clique_frac=0.01
t=308316ms iter=902 REBUILD reject new_tc=81.0000 (was 59.9157)
t=308473ms iter=902 incumb=59.9157 ratchet=60.0168 best=59.9157 since_improve=353
t=308481ms iter=903 WAIST cost=56.0000 best_alt=52.0000 gap=4.0000 tried=5 sep_labels=52 clique_frac=0.01
t=308649ms iter=903 REBUILD reject new_tc=61.1891 (was 59.9157)
t=308808ms iter=903 incumb=59.9157 ratchet=59.9919 best=59.9157 since_improve=354
t=308817ms iter=904 WAIST cost=56.0000 best_alt=51.0000 gap=5.0000 tried=5 sep_labels=51 clique_frac=0.01
t=308969ms iter=904 REBUILD reject new_tc=61.6486 (was 59.9157)
t=309121ms iter=904 incumb=59.9157 ratchet=59.9728 best=59.9157 since_improve=355
t=309131ms iter=905 WAIST cost=56.0000 best_alt=52.0000 gap=4.0000 tried=5 sep_labels=52 clique_frac=0.01
t=309301ms iter=905 REBUILD reject new_tc=67.0142 (was 59.9157)
t=309449ms iter=905 incumb=59.9157 ratchet=60.0838 best=59.9157 since_improve=356
t=309456ms iter=906 WAIST cost=56.0000 best_alt=52.0000 gap=4.0000 tried=5 sep_labels=52 clique_frac=0.01
t=309626ms iter=906 REBUILD reject new_tc=62.1145 (was 59.9157)
t=309777ms iter=906 incumb=59.9157 ratchet=60.0543 best=59.9157 since_improve=357
t=309786ms iter=907 WAIST cost=56.0000 best_alt=51.0000 gap=5.0000 tried=5 sep_labels=51 clique_frac=0.01
t=309943ms iter=907 REBUILD reject new_tc=61.9346 (was 59.9157)
t=310090ms iter=907 incumb=59.9157 ratchet=60.0478 best=59.9157 since_improve=358
t=310098ms iter=908 WAIST cost=56.0000 best_alt=49.0000 gap=7.0000 tried=5 sep_labels=49 clique_frac=0.01
t=310245ms iter=908 REBUILD reject new_tc=60.9560 (was 59.9157)
t=310397ms iter=908 incumb=59.9157 ratchet=60.0626 best=59.9157 since_improve=359
t=310407ms iter=909 WAIST cost=56.0000 best_alt=52.0000 gap=4.0000 tried=5 sep_labels=52 clique_frac=0.01
t=310576ms iter=909 REBUILD reject new_tc=61.3502 (was 59.9157)
t=310733ms iter=909 incumb=59.9157 ratchet=60.0401 best=59.9157 since_improve=360
t=310742ms iter=910 WAIST cost=56.0000 best_alt=52.0000 gap=4.0000 tried=5 sep_labels=52 clique_frac=0.01
t=310910ms iter=910 REBUILD reject new_tc=61.9934 (was 59.9157)
t=311065ms iter=910 incumb=59.9157 ratchet=60.0822 best=59.9157 since_improve=361
t=311073ms iter=911 WAIST cost=56.0000 best_alt=51.0000 gap=5.0000 tried=5 sep_labels=51 clique_frac=0.01
t=311221ms iter=911 REBUILD reject new_tc=60.9870 (was 59.9157)
t=311374ms iter=911 incumb=59.9157 ratchet=59.9609 best=59.9157 since_improve=362
t=311382ms iter=912 WAIST cost=56.0000 best_alt=52.0000 gap=4.0000 tried=5 sep_labels=52 clique_frac=0.01
t=311540ms iter=912 REBUILD reject new_tc=80.0000 (was 59.9157)
t=311690ms iter=912 incumb=59.9157 ratchet=60.3021 best=59.9157 since_improve=363
t=311700ms iter=913 WAIST cost=56.0000 best_alt=51.0000 gap=5.0000 tried=5 sep_labels=51 clique_frac=0.01
t=311852ms iter=913 REBUILD reject new_tc=61.7622 (was 59.9157)
t=312005ms iter=913 incumb=59.9157 ratchet=60.1057 best=59.9157 since_improve=364
t=312013ms iter=914 WAIST cost=56.0000 best_alt=51.0000 gap=5.0000 tried=5 sep_labels=51 clique_frac=0.01
t=312162ms iter=914 REBUILD reject new_tc=61.4808 (was 59.9157)
t=312318ms iter=914 incumb=59.9157 ratchet=59.9510 best=59.9157 since_improve=365
t=312327ms iter=915 WAIST cost=56.0000 best_alt=52.0000 gap=4.0000 tried=5 sep_labels=52 clique_frac=0.01
t=312500ms iter=915 REBUILD reject new_tc=60.8533 (was 59.9157)
t=312652ms iter=915 incumb=59.9157 ratchet=60.0577 best=59.9157 since_improve=366
t=312660ms iter=916 WAIST cost=56.0000 best_alt=50.0000 gap=6.0000 tried=5 sep_labels=50 clique_frac=0.01
t=312814ms iter=916 REBUILD reject new_tc=61.3037 (was 59.9157)
t=312968ms iter=916 incumb=59.9157 ratchet=60.0111 best=59.9157 since_improve=367
t=312978ms iter=917 WAIST cost=56.0000 best_alt=52.0000 gap=4.0000 tried=5 sep_labels=52 clique_frac=0.01
t=313146ms iter=917 REBUILD reject new_tc=61.1406 (was 59.9157)
t=313305ms iter=917 incumb=59.9157 ratchet=59.9566 best=59.9157 since_improve=368
t=313314ms iter=918 WAIST cost=56.0000 best_alt=49.0000 gap=7.0000 tried=5 sep_labels=49 clique_frac=0.01
t=313468ms iter=918 REBUILD reject new_tc=61.3940 (was 59.9157)
t=313620ms iter=918 incumb=59.9157 ratchet=59.9800 best=59.9157 since_improve=369
t=313628ms iter=919 WAIST cost=56.0000 best_alt=52.0000 gap=4.0000 tried=5 sep_labels=52 clique_frac=0.01
t=313794ms iter=919 REBUILD reject new_tc=67.3069 (was 59.9157)
t=313946ms iter=919 incumb=59.9157 ratchet=60.0119 best=59.9157 since_improve=370
t=313955ms iter=920 WAIST cost=56.0000 best_alt=51.0000 gap=5.0000 tried=5 sep_labels=51 clique_frac=0.02
t=314108ms iter=920 REBUILD reject new_tc=61.6391 (was 59.9157)
t=314259ms iter=920 incumb=59.9157 ratchet=60.0106 best=59.9157 since_improve=371
t=314267ms iter=921 WAIST cost=56.0000 best_alt=52.0000 gap=4.0000 tried=5 sep_labels=52 clique_frac=0.01
t=314433ms iter=921 REBUILD reject new_tc=61.3809 (was 59.9157)
t=314587ms iter=921 incumb=59.9157 ratchet=60.1475 best=59.9157 since_improve=372
t=314595ms iter=922 WAIST cost=56.0000 best_alt=51.0000 gap=5.0000 tried=5 sep_labels=51 clique_frac=0.01
t=314746ms iter=922 REBUILD reject new_tc=61.7273 (was 59.9157)
t=314901ms iter=922 incumb=59.9157 ratchet=60.0632 best=59.9157 since_improve=373
t=314909ms iter=923 WAIST cost=56.0000 best_alt=51.0000 gap=5.0000 tried=5 sep_labels=51 clique_frac=0.01
t=315055ms iter=923 REBUILD reject new_tc=61.6308 (was 59.9157)
t=315207ms iter=923 incumb=59.9157 ratchet=59.9922 best=59.9157 since_improve=374
t=315215ms iter=924 WAIST cost=56.0000 best_alt=51.0000 gap=5.0000 tried=5 sep_labels=51 clique_frac=0.01
t=315366ms iter=924 REBUILD reject new_tc=63.3343 (was 59.9157)
t=315519ms iter=924 incumb=59.9157 ratchet=59.9554 best=59.9157 since_improve=375
t=315527ms iter=925 WAIST cost=56.0000 best_alt=52.0000 gap=4.0000 tried=5 sep_labels=52 clique_frac=0.01
t=315697ms iter=925 REBUILD reject new_tc=60.9039 (was 59.9157)
t=315850ms iter=925 incumb=59.9157 ratchet=60.0440 best=59.9157 since_improve=376
t=315857ms iter=926 WAIST cost=56.0000 best_alt=52.0000 gap=4.0000 tried=5 sep_labels=52 clique_frac=0.01
t=316022ms iter=926 REBUILD reject new_tc=67.2744 (was 59.9157)
t=316179ms iter=926 incumb=59.9157 ratchet=59.9966 best=59.9157 since_improve=377
t=316187ms iter=927 WAIST cost=56.0000 best_alt=52.0000 gap=4.0000 tried=5 sep_labels=52 clique_frac=0.01
t=316364ms iter=927 REBUILD reject new_tc=61.3874 (was 59.9157)
t=316520ms iter=927 incumb=59.9157 ratchet=60.0841 best=59.9157 since_improve=378
t=316528ms iter=928 WAIST cost=56.0000 best_alt=52.0000 gap=4.0000 tried=5 sep_labels=52 clique_frac=0.01
t=316699ms iter=928 REBUILD reject new_tc=60.7948 (was 59.9157)
t=316853ms iter=928 incumb=59.9157 ratchet=59.9571 best=59.9157 since_improve=379
t=316862ms iter=929 WAIST cost=56.0000 best_alt=51.0000 gap=5.0000 tried=5 sep_labels=51 clique_frac=0.01
t=317019ms iter=929 REBUILD reject new_tc=61.4620 (was 59.9157)
t=317178ms iter=929 incumb=59.9157 ratchet=60.0032 best=59.9157 since_improve=380
t=317187ms iter=930 WAIST cost=56.0000 best_alt=52.0000 gap=4.0000 tried=5 sep_labels=52 clique_frac=0.01
t=317355ms iter=930 REBUILD reject new_tc=60.7175 (was 59.9157)
t=317513ms iter=930 incumb=59.9157 ratchet=59.9367 best=59.9157 since_improve=381
t=317522ms iter=931 WAIST cost=56.0000 best_alt=52.0000 gap=4.0000 tried=5 sep_labels=52 clique_frac=0.01
t=317691ms iter=931 REBUILD reject new_tc=61.4215 (was 59.9157)
t=317846ms iter=931 incumb=59.9157 ratchet=59.9887 best=59.9157 since_improve=382
t=317852ms iter=932 WAIST cost=56.0000 best_alt=52.0000 gap=4.0000 tried=5 sep_labels=52 clique_frac=0.01
t=318012ms iter=932 REBUILD reject new_tc=76.0000 (was 59.9157)
t=318164ms iter=932 incumb=59.9157 ratchet=60.0879 best=59.9157 since_improve=383
t=318174ms iter=933 WAIST cost=56.0000 best_alt=51.0000 gap=5.0000 tried=5 sep_labels=51 clique_frac=0.01
t=318328ms iter=933 REBUILD reject new_tc=61.4376 (was 59.9157)
t=318480ms iter=933 incumb=59.9157 ratchet=59.9534 best=59.9157 since_improve=384
t=318487ms iter=934 WAIST cost=56.0000 best_alt=51.0000 gap=5.0000 tried=5 sep_labels=51 clique_frac=0.01
t=318669ms iter=934 REBUILD reject new_tc=61.5305 (was 59.9157)
t=318828ms iter=934 incumb=59.9157 ratchet=59.9670 best=59.9157 since_improve=385
t=318838ms iter=935 WAIST cost=56.0000 best_alt=51.0000 gap=5.0000 tried=5 sep_labels=51 clique_frac=0.01
t=318988ms iter=935 REBUILD reject new_tc=61.6331 (was 59.9157)
t=319137ms iter=935 incumb=59.9157 ratchet=60.1870 best=59.9157 since_improve=386
t=319146ms iter=936 WAIST cost=56.0000 best_alt=52.0000 gap=4.0000 tried=5 sep_labels=52 clique_frac=0.01
t=319318ms iter=936 REBUILD reject new_tc=60.7144 (was 59.9157)
t=319476ms iter=936 incumb=59.9157 ratchet=60.1599 best=59.9157 since_improve=387
t=319485ms iter=937 WAIST cost=56.0000 best_alt=52.0000 gap=4.0000 tried=5 sep_labels=52 clique_frac=0.01
t=319657ms iter=937 REBUILD reject new_tc=64.1121 (was 59.9157)
t=319813ms iter=937 incumb=59.9157 ratchet=60.0151 best=59.9157 since_improve=388
t=319822ms iter=938 WAIST cost=56.0000 best_alt=52.0000 gap=4.0000 tried=5 sep_labels=52 clique_frac=0.01
t=319981ms iter=938 REBUILD reject new_tc=65.8445 (was 59.9157)
t=320133ms iter=938 incumb=59.9157 ratchet=60.0883 best=59.9157 since_improve=389
t=320140ms iter=939 WAIST cost=56.0000 best_alt=52.0000 gap=4.0000 tried=5 sep_labels=52 clique_frac=0.01
t=320310ms iter=939 REBUILD reject new_tc=64.7069 (was 59.9157)
t=320465ms iter=939 incumb=59.9157 ratchet=60.1883 best=59.9157 since_improve=390
t=320473ms iter=940 WAIST cost=56.0000 best_alt=51.0000 gap=5.0000 tried=5 sep_labels=51 clique_frac=0.01
t=320629ms iter=940 REBUILD reject new_tc=61.8029 (was 59.9157)
t=320785ms iter=940 incumb=59.9157 ratchet=60.0031 best=59.9157 since_improve=391
t=320793ms iter=941 WAIST cost=56.0000 best_alt=51.0000 gap=5.0000 tried=5 sep_labels=51 clique_frac=0.01
t=320946ms iter=941 REBUILD reject new_tc=62.6366 (was 59.9157)
t=321097ms iter=941 incumb=59.9157 ratchet=60.1484 best=59.9157 since_improve=392
t=321105ms iter=942 WAIST cost=56.0000 best_alt=49.0000 gap=7.0000 tried=5 sep_labels=49 clique_frac=0.01
t=321255ms iter=942 REBUILD reject new_tc=60.8497 (was 59.9157)
t=321408ms iter=942 incumb=59.9157 ratchet=59.9417 best=59.9157 since_improve=393
t=321416ms iter=943 WAIST cost=56.0000 best_alt=51.0000 gap=5.0000 tried=5 sep_labels=51 clique_frac=0.01
t=321560ms iter=943 REBUILD reject new_tc=61.7935 (was 59.9157)
t=321711ms iter=943 incumb=59.9157 ratchet=60.0132 best=59.9157 since_improve=394
t=321719ms iter=944 WAIST cost=56.0000 best_alt=52.0000 gap=4.0000 tried=5 sep_labels=52 clique_frac=0.01
t=321889ms iter=944 REBUILD reject new_tc=60.7658 (was 59.9157)
t=322042ms iter=944 incumb=59.9157 ratchet=59.9905 best=59.9157 since_improve=395
t=322051ms iter=945 WAIST cost=56.0000 best_alt=51.0000 gap=5.0000 tried=5 sep_labels=51 clique_frac=0.01
t=322190ms iter=945 REBUILD reject new_tc=62.1733 (was 59.9157)
t=322345ms iter=945 incumb=59.9157 ratchet=59.9645 best=59.9157 since_improve=396
t=322354ms iter=946 WAIST cost=56.0000 best_alt=52.0000 gap=4.0000 tried=5 sep_labels=52 clique_frac=0.01
t=322520ms iter=946 REBUILD reject new_tc=60.5317 (was 59.9157)
t=322675ms iter=946 incumb=59.9157 ratchet=59.9767 best=59.9157 since_improve=397
t=322682ms iter=947 WAIST cost=56.0000 best_alt=51.0000 gap=5.0000 tried=5 sep_labels=51 clique_frac=0.02
t=322837ms iter=947 REBUILD reject new_tc=63.6598 (was 59.9157)
t=322988ms iter=947 incumb=59.9157 ratchet=59.9945 best=59.9157 since_improve=398
t=322998ms iter=948 WAIST cost=56.0000 best_alt=51.0000 gap=5.0000 tried=5 sep_labels=51 clique_frac=0.01
t=323148ms iter=948 REBUILD reject new_tc=61.7785 (was 59.9157)
t=323304ms iter=948 incumb=59.9157 ratchet=59.9788 best=59.9157 since_improve=399
t=323312ms iter=949 WAIST cost=56.0000 best_alt=51.0000 gap=5.0000 tried=5 sep_labels=51 clique_frac=0.01
t=323465ms iter=949 REBUILD reject new_tc=61.3603 (was 59.9157)
t=323623ms iter=949 incumb=59.9157 ratchet=60.0142 best=59.9157 since_improve=400
t=323631ms iter=950 WAIST cost=56.0000 best_alt=52.0000 gap=4.0000 tried=5 sep_labels=52 clique_frac=0.01
t=323801ms iter=950 REBUILD reject new_tc=60.7087 (was 59.9157)
t=323953ms iter=950 incumb=59.9157 ratchet=59.9816 best=59.9157 since_improve=401
t=323961ms iter=951 WAIST cost=56.0000 best_alt=49.0000 gap=7.0000 tried=5 sep_labels=49 clique_frac=0.01
t=324113ms iter=951 REBUILD reject new_tc=61.0642 (was 59.9157)
t=324267ms iter=951 incumb=59.9157 ratchet=60.0672 best=59.9157 since_improve=402
t=324274ms iter=952 WAIST cost=56.0000 best_alt=52.0000 gap=4.0000 tried=5 sep_labels=52 clique_frac=0.01
t=324443ms iter=952 REBUILD reject new_tc=60.3813 (was 59.9157)
t=324598ms iter=952 incumb=59.9157 ratchet=60.1214 best=59.9157 since_improve=403
t=324607ms iter=953 WAIST cost=56.0000 best_alt=51.0000 gap=5.0000 tried=5 sep_labels=51 clique_frac=0.02
t=324749ms iter=953 REBUILD reject new_tc=75.0066 (was 59.9157)
t=324904ms iter=953 incumb=59.9157 ratchet=60.0627 best=59.9157 since_improve=404
t=324913ms iter=954 WAIST cost=56.0000 best_alt=51.0000 gap=5.0000 tried=5 sep_labels=51 clique_frac=0.01
t=325067ms iter=954 REBUILD reject new_tc=61.4478 (was 59.9157)
t=325224ms iter=954 incumb=59.9157 ratchet=60.0001 best=59.9157 since_improve=405
t=325232ms iter=955 WAIST cost=56.0000 best_alt=49.0000 gap=7.0000 tried=5 sep_labels=49 clique_frac=0.01
t=325382ms iter=955 REBUILD reject new_tc=66.3264 (was 59.9157)
t=325533ms iter=955 incumb=59.9157 ratchet=60.1153 best=59.9157 since_improve=406
t=325542ms iter=956 WAIST cost=56.0000 best_alt=51.0000 gap=5.0000 tried=5 sep_labels=51 clique_frac=0.01
t=325712ms iter=956 REBUILD reject new_tc=61.1191 (was 59.9157)
t=325866ms iter=956 incumb=59.9157 ratchet=59.9736 best=59.9157 since_improve=407
t=325875ms iter=957 WAIST cost=56.0000 best_alt=51.0000 gap=5.0000 tried=5 sep_labels=51 clique_frac=0.02
t=326021ms iter=957 REBUILD reject new_tc=66.6044 (was 59.9157)
t=326173ms iter=957 incumb=59.9157 ratchet=60.0515 best=59.9157 since_improve=408
t=326180ms iter=958 WAIST cost=56.0000 best_alt=52.0000 gap=4.0000 tried=5 sep_labels=52 clique_frac=0.01
t=326351ms iter=958 REBUILD reject new_tc=61.2332 (was 59.9157)
t=326506ms iter=958 incumb=59.9157 ratchet=60.0602 best=59.9157 since_improve=409
t=326513ms iter=959 WAIST cost=56.0000 best_alt=52.0000 gap=4.0000 tried=5 sep_labels=52 clique_frac=0.01
t=326675ms iter=959 REBUILD reject new_tc=69.0055 (was 59.9157)
t=326833ms iter=959 incumb=59.9157 ratchet=59.9791 best=59.9157 since_improve=410
t=326842ms iter=960 WAIST cost=56.0000 best_alt=51.0000 gap=5.0000 tried=5 sep_labels=51 clique_frac=0.01
t=326995ms iter=960 REBUILD reject new_tc=61.4848 (was 59.9157)
t=327147ms iter=960 incumb=59.9157 ratchet=59.9654 best=59.9157 since_improve=411
t=327156ms iter=961 WAIST cost=56.0000 best_alt=52.0000 gap=4.0000 tried=5 sep_labels=52 clique_frac=0.01
t=327326ms iter=961 REBUILD reject new_tc=60.7641 (was 59.9157)
t=327482ms iter=961 incumb=59.9157 ratchet=60.0135 best=59.9157 since_improve=412
t=327492ms iter=962 WAIST cost=56.0000 best_alt=51.0000 gap=5.0000 tried=5 sep_labels=51 clique_frac=0.01
t=327666ms iter=962 REBUILD reject new_tc=61.7091 (was 59.9157)
t=327813ms iter=962 incumb=59.9157 ratchet=60.0251 best=59.9157 since_improve=413
t=327822ms iter=963 WAIST cost=56.0000 best_alt=51.0000 gap=5.0000 tried=5 sep_labels=51 clique_frac=0.01
t=327975ms iter=963 REBUILD reject new_tc=61.3009 (was 59.9157)
t=328137ms iter=963 incumb=59.9157 ratchet=59.9435 best=59.9157 since_improve=414
t=328146ms iter=964 WAIST cost=56.0000 best_alt=51.0000 gap=5.0000 tried=5 sep_labels=51 clique_frac=0.01
t=328293ms iter=964 REBUILD reject new_tc=69.0073 (was 59.9157)
t=328438ms iter=964 incumb=59.9157 ratchet=60.0622 best=59.9157 since_improve=415
t=328448ms iter=965 WAIST cost=56.0000 best_alt=52.0000 gap=4.0000 tried=5 sep_labels=52 clique_frac=0.01
t=328617ms iter=965 REBUILD reject new_tc=61.3569 (was 59.9157)
t=328771ms iter=965 incumb=59.9157 ratchet=60.3354 best=59.9157 since_improve=416
t=328780ms iter=966 WAIST cost=56.0000 best_alt=51.0000 gap=5.0000 tried=5 sep_labels=51 clique_frac=0.01
t=328934ms iter=966 REBUILD reject new_tc=61.9717 (was 59.9157)
t=329079ms iter=966 incumb=59.9157 ratchet=60.1058 best=59.9157 since_improve=417
t=329088ms iter=967 WAIST cost=56.0000 best_alt=51.0000 gap=5.0000 tried=5 sep_labels=51 clique_frac=0.01
t=329241ms iter=967 REBUILD reject new_tc=61.6832 (was 59.9157)
t=329393ms iter=967 incumb=59.9157 ratchet=60.0107 best=59.9157 since_improve=418
t=329405ms iter=968 WAIST cost=56.0000 best_alt=51.0000 gap=5.0000 tried=5 sep_labels=51 clique_frac=0.01
t=329562ms iter=968 REBUILD reject new_tc=61.2367 (was 59.9157)
t=329723ms iter=968 incumb=59.9157 ratchet=60.1746 best=59.9157 since_improve=419
t=329732ms iter=969 WAIST cost=56.0000 best_alt=51.0000 gap=5.0000 tried=5 sep_labels=51 clique_frac=0.01
t=329886ms iter=969 REBUILD reject new_tc=61.6094 (was 59.9157)
t=330035ms iter=969 incumb=59.9157 ratchet=59.9415 best=59.9157 since_improve=420
t=330044ms iter=970 WAIST cost=56.0000 best_alt=51.0000 gap=5.0000 tried=5 sep_labels=51 clique_frac=0.01
t=330201ms iter=970 REBUILD reject new_tc=61.4487 (was 59.9157)
t=330358ms iter=970 incumb=59.9157 ratchet=60.0730 best=59.9157 since_improve=421
t=330365ms iter=971 WAIST cost=56.0000 best_alt=52.0000 gap=4.0000 tried=5 sep_labels=52 clique_frac=0.01
t=330535ms iter=971 REBUILD reject new_tc=61.2864 (was 59.9157)
t=330688ms iter=971 incumb=59.9157 ratchet=60.1314 best=59.9157 since_improve=422
t=330696ms iter=972 WAIST cost=56.0000 best_alt=52.0000 gap=4.0000 tried=5 sep_labels=52 clique_frac=0.01
t=330862ms iter=972 REBUILD reject new_tc=63.9356 (was 59.9157)
t=331016ms iter=972 incumb=59.9157 ratchet=59.9935 best=59.9157 since_improve=423
t=331024ms iter=973 WAIST cost=56.0000 best_alt=52.0000 gap=4.0000 tried=5 sep_labels=52 clique_frac=0.01
t=331180ms iter=973 REBUILD reject new_tc=74.0001 (was 59.9157)
t=331329ms iter=973 incumb=59.9157 ratchet=60.4391 best=59.9157 since_improve=424
t=331336ms iter=974 WAIST cost=56.0000 best_alt=52.0000 gap=4.0000 tried=5 sep_labels=52 clique_frac=0.01
t=331503ms iter=974 REBUILD reject new_tc=66.0572 (was 59.9157)
t=331658ms iter=974 incumb=59.9157 ratchet=59.9833 best=59.9157 since_improve=425
t=331665ms iter=975 WAIST cost=56.0000 best_alt=52.0000 gap=4.0000 tried=5 sep_labels=52 clique_frac=0.01
t=331834ms iter=975 REBUILD reject new_tc=61.0745 (was 59.9157)
t=331985ms iter=975 incumb=59.9157 ratchet=60.0685 best=59.9157 since_improve=426
t=331994ms iter=976 WAIST cost=56.0000 best_alt=51.0000 gap=5.0000 tried=5 sep_labels=51 clique_frac=0.01
t=332141ms iter=976 REBUILD reject new_tc=61.1630 (was 59.9157)
t=332293ms iter=976 incumb=59.9157 ratchet=59.9908 best=59.9157 since_improve=427
t=332303ms iter=977 WAIST cost=56.0000 best_alt=52.0000 gap=4.0000 tried=5 sep_labels=52 clique_frac=0.01
t=332479ms iter=977 REBUILD reject new_tc=61.7194 (was 59.9157)
t=332630ms iter=977 incumb=59.9157 ratchet=59.9683 best=59.9157 since_improve=428
t=332638ms iter=978 WAIST cost=56.0000 best_alt=51.0000 gap=5.0000 tried=5 sep_labels=51 clique_frac=0.01
t=332787ms iter=978 REBUILD reject new_tc=62.7173 (was 59.9157)
t=332937ms iter=978 incumb=59.9157 ratchet=60.0191 best=59.9157 since_improve=429
t=332945ms iter=979 WAIST cost=56.0000 best_alt=51.0000 gap=5.0000 tried=5 sep_labels=51 clique_frac=0.01
t=333092ms iter=979 REBUILD reject new_tc=61.4563 (was 59.9157)
t=333250ms iter=979 incumb=59.9157 ratchet=59.9729 best=59.9157 since_improve=430
t=333261ms iter=980 WAIST cost=56.0000 best_alt=49.0000 gap=7.0000 tried=5 sep_labels=49 clique_frac=0.01
t=333416ms iter=980 REBUILD reject new_tc=61.1880 (was 59.9157)
t=333578ms iter=980 incumb=59.9157 ratchet=59.9968 best=59.9157 since_improve=431
t=333586ms iter=981 WAIST cost=56.0000 best_alt=51.0000 gap=5.0000 tried=5 sep_labels=51 clique_frac=0.01
t=333740ms iter=981 REBUILD reject new_tc=61.7611 (was 59.9157)
t=333895ms iter=981 incumb=59.9157 ratchet=60.0520 best=59.9157 since_improve=432
t=333906ms iter=982 WAIST cost=56.0000 best_alt=51.0000 gap=5.0000 tried=5 sep_labels=51 clique_frac=0.01
t=334057ms iter=982 REBUILD reject new_tc=61.7205 (was 59.9157)
t=334210ms iter=982 incumb=59.9157 ratchet=60.0025 best=59.9157 since_improve=433
t=334220ms iter=983 WAIST cost=56.0000 best_alt=50.0000 gap=6.0000 tried=5 sep_labels=50 clique_frac=0.01
t=334377ms iter=983 REBUILD reject new_tc=64.3743 (was 59.9157)
t=334520ms iter=983 incumb=59.9157 ratchet=60.0707 best=59.9157 since_improve=434
t=334528ms iter=984 WAIST cost=56.0000 best_alt=52.0000 gap=4.0000 tried=5 sep_labels=52 clique_frac=0.01
t=334695ms iter=984 REBUILD reject new_tc=61.7704 (was 59.9157)
t=334850ms iter=984 incumb=59.9157 ratchet=60.0182 best=59.9157 since_improve=435
t=334859ms iter=985 WAIST cost=56.0000 best_alt=51.0000 gap=5.0000 tried=5 sep_labels=51 clique_frac=0.01
t=335012ms iter=985 REBUILD reject new_tc=61.2322 (was 59.9157)
t=335167ms iter=985 incumb=59.9157 ratchet=60.0316 best=59.9157 since_improve=436
t=335175ms iter=986 WAIST cost=56.0000 best_alt=52.0000 gap=4.0000 tried=5 sep_labels=52 clique_frac=0.01
t=335343ms iter=986 REBUILD reject new_tc=61.1678 (was 59.9157)
t=335499ms iter=986 incumb=59.9157 ratchet=60.0303 best=59.9157 since_improve=437
t=335506ms iter=987 WAIST cost=56.0000 best_alt=52.0000 gap=4.0000 tried=5 sep_labels=52 clique_frac=0.01
t=335682ms iter=987 REBUILD reject new_tc=61.6146 (was 59.9157)
t=335845ms iter=987 incumb=59.9157 ratchet=60.0706 best=59.9157 since_improve=438
t=335853ms iter=988 WAIST cost=56.0000 best_alt=52.0000 gap=4.0000 tried=5 sep_labels=52 clique_frac=0.01
t=336029ms iter=988 REBUILD reject new_tc=60.6106 (was 59.9157)
t=336183ms iter=988 incumb=59.9157 ratchet=60.0787 best=59.9157 since_improve=439
t=336190ms iter=989 WAIST cost=56.0000 best_alt=50.0000 gap=6.0000 tried=5 sep_labels=50 clique_frac=0.01
t=336336ms iter=989 REBUILD reject new_tc=68.0173 (was 59.9157)
t=336492ms iter=989 incumb=59.9157 ratchet=59.9787 best=59.9157 since_improve=440
t=336502ms iter=990 WAIST cost=56.0000 best_alt=51.0000 gap=5.0000 tried=5 sep_labels=51 clique_frac=0.01
t=336662ms iter=990 REBUILD reject new_tc=61.6043 (was 59.9157)
t=336814ms iter=990 incumb=59.9157 ratchet=60.1261 best=59.9157 since_improve=441
t=336822ms iter=991 WAIST cost=56.0000 best_alt=49.0000 gap=7.0000 tried=5 sep_labels=49 clique_frac=0.01
t=336975ms iter=991 REBUILD reject new_tc=61.3693 (was 59.9157)
t=337126ms iter=991 incumb=59.9157 ratchet=60.1429 best=59.9157 since_improve=442
t=337134ms iter=992 WAIST cost=56.0000 best_alt=52.0000 gap=4.0000 tried=5 sep_labels=52 clique_frac=0.01
t=337302ms iter=992 REBUILD reject new_tc=61.2385 (was 59.9157)
t=337459ms iter=992 incumb=59.9157 ratchet=59.9341 best=59.9157 since_improve=443
t=337466ms iter=993 WAIST cost=56.0000 best_alt=52.0000 gap=4.0000 tried=5 sep_labels=52 clique_frac=0.01
t=337630ms iter=993 REBUILD reject new_tc=61.4964 (was 59.9157)
t=337786ms iter=993 incumb=59.9157 ratchet=60.0819 best=59.9157 since_improve=444
t=337799ms iter=994 WAIST cost=56.0000 best_alt=51.0000 gap=5.0000 tried=5 sep_labels=51 clique_frac=0.01
t=337959ms iter=994 REBUILD reject new_tc=61.4332 (was 59.9157)
t=338114ms iter=994 incumb=59.9157 ratchet=60.0707 best=59.9157 since_improve=445
t=338121ms iter=995 WAIST cost=56.0000 best_alt=52.0000 gap=4.0000 tried=5 sep_labels=52 clique_frac=0.01
t=338293ms iter=995 REBUILD reject new_tc=60.4655 (was 59.9157)
t=338444ms iter=995 incumb=59.9157 ratchet=60.1990 best=59.9157 since_improve=446
t=338450ms iter=996 WAIST cost=56.0000 best_alt=52.0000 gap=4.0000 tried=5 sep_labels=52 clique_frac=0.01
t=338621ms iter=996 REBUILD reject new_tc=61.7201 (was 59.9157)
t=338769ms iter=996 incumb=59.9157 ratchet=59.9648 best=59.9157 since_improve=447
t=338780ms iter=997 WAIST cost=56.0000 best_alt=51.0000 gap=5.0000 tried=5 sep_labels=51 clique_frac=0.01
t=338932ms iter=997 REBUILD reject new_tc=61.6591 (was 59.9157)
t=339085ms iter=997 incumb=59.9157 ratchet=59.9663 best=59.9157 since_improve=448
t=339093ms iter=998 WAIST cost=56.0000 best_alt=51.0000 gap=5.0000 tried=5 sep_labels=51 clique_frac=0.01
t=339247ms iter=998 REBUILD reject new_tc=61.4971 (was 59.9157)
t=339398ms iter=998 incumb=59.9157 ratchet=60.2590 best=59.9157 since_improve=449
t=339405ms iter=999 WAIST cost=56.0000 best_alt=52.0000 gap=4.0000 tried=5 sep_labels=52 clique_frac=0.01
t=339563ms iter=999 REBUILD reject new_tc=70.0021 (was 59.9157)
t=339721ms iter=999 incumb=59.9157 ratchet=60.0232 best=59.9157 since_improve=450
t=339728ms iter=1000 WAIST cost=56.0000 best_alt=49.0000 gap=7.0000 tried=5 sep_labels=49 clique_frac=0.01
t=339880ms iter=1000 REBUILD reject new_tc=61.5175 (was 59.9157)
t=340031ms iter=1000 incumb=59.9157 ratchet=60.0639 best=59.9157 since_improve=451
t=340037ms iter=1001 WAIST cost=56.0000 best_alt=51.0000 gap=5.0000 tried=5 sep_labels=51 clique_frac=0.01
t=340190ms iter=1001 REBUILD reject new_tc=61.6712 (was 59.9157)
t=340343ms iter=1001 incumb=59.9157 ratchet=60.0995 best=59.9157 since_improve=452
t=340350ms iter=1002 WAIST cost=56.0000 best_alt=51.0000 gap=5.0000 tried=5 sep_labels=51 clique_frac=0.01
t=340501ms iter=1002 REBUILD reject new_tc=61.0246 (was 59.9157)
t=340646ms iter=1002 incumb=59.9157 ratchet=59.9617 best=59.9157 since_improve=453
t=340653ms iter=1003 WAIST cost=56.0000 best_alt=52.0000 gap=4.0000 tried=5 sep_labels=52 clique_frac=0.01
t=340851ms iter=1003 REBUILD reject new_tc=65.0689 (was 59.9157)
t=341008ms iter=1003 incumb=59.9157 ratchet=60.0314 best=59.9157 since_improve=454
t=341015ms iter=1004 WAIST cost=56.0000 best_alt=51.0000 gap=5.0000 tried=5 sep_labels=51 clique_frac=0.01
t=341153ms iter=1004 REBUILD reject new_tc=72.0008 (was 59.9157)
t=341308ms iter=1004 incumb=59.9157 ratchet=60.1588 best=59.9157 since_improve=455
t=341319ms iter=1005 WAIST cost=56.0000 best_alt=52.0000 gap=4.0000 tried=5 sep_labels=52 clique_frac=0.01
t=341504ms iter=1005 REBUILD reject new_tc=61.3768 (was 59.9157)
t=341654ms iter=1005 incumb=59.9157 ratchet=60.0856 best=59.9157 since_improve=456
t=341662ms iter=1006 WAIST cost=56.0000 best_alt=52.0000 gap=4.0000 tried=5 sep_labels=52 clique_frac=0.01
t=341832ms iter=1006 REBUILD reject new_tc=61.3530 (was 59.9157)
t=341985ms iter=1006 incumb=59.9157 ratchet=60.1818 best=59.9157 since_improve=457
t=341992ms iter=1007 WAIST cost=56.0000 best_alt=52.0000 gap=4.0000 tried=5 sep_labels=52 clique_frac=0.01
t=342164ms iter=1007 REBUILD reject new_tc=61.0043 (was 59.9157)
t=342322ms iter=1007 incumb=59.9157 ratchet=59.9933 best=59.9157 since_improve=458
t=342331ms iter=1008 WAIST cost=56.0000 best_alt=49.0000 gap=7.0000 tried=5 sep_labels=49 clique_frac=0.01
t=342481ms iter=1008 REBUILD reject new_tc=61.5707 (was 59.9157)
t=342633ms iter=1008 incumb=59.9157 ratchet=59.9585 best=59.9157 since_improve=459
t=342642ms iter=1009 WAIST cost=56.0000 best_alt=51.0000 gap=5.0000 tried=5 sep_labels=51 clique_frac=0.01
t=342796ms iter=1009 REBUILD reject new_tc=61.2638 (was 59.9157)
t=342948ms iter=1009 incumb=59.9157 ratchet=59.9786 best=59.9157 since_improve=460
t=342956ms iter=1010 WAIST cost=56.0000 best_alt=50.0000 gap=6.0000 tried=5 sep_labels=50 clique_frac=0.01
t=343109ms iter=1010 REBUILD reject new_tc=60.7919 (was 59.9157)
t=343266ms iter=1010 incumb=59.9157 ratchet=60.0379 best=59.9157 since_improve=461
t=343274ms iter=1011 WAIST cost=56.0000 best_alt=52.0000 gap=4.0000 tried=5 sep_labels=52 clique_frac=0.01
t=343441ms iter=1011 REBUILD reject new_tc=60.1438 (was 59.9157)
t=343592ms iter=1011 incumb=59.9157 ratchet=60.0550 best=59.9157 since_improve=462
t=343600ms iter=1012 WAIST cost=56.0000 best_alt=50.0000 gap=6.0000 tried=5 sep_labels=50 clique_frac=0.01
t=343751ms iter=1012 REBUILD reject new_tc=61.0325 (was 59.9157)
t=343904ms iter=1012 incumb=59.9157 ratchet=59.9661 best=59.9157 since_improve=463
t=343913ms iter=1013 WAIST cost=56.0000 best_alt=51.0000 gap=5.0000 tried=5 sep_labels=51 clique_frac=0.01
t=344068ms iter=1013 REBUILD reject new_tc=61.7049 (was 59.9157)
t=344220ms iter=1013 incumb=59.9157 ratchet=59.9721 best=59.9157 since_improve=464
t=344229ms iter=1014 WAIST cost=56.0000 best_alt=52.0000 gap=4.0000 tried=5 sep_labels=52 clique_frac=0.01
t=344395ms iter=1014 REBUILD reject new_tc=65.9498 (was 59.9157)
t=344550ms iter=1014 incumb=59.9157 ratchet=60.0185 best=59.9157 since_improve=465
t=344559ms iter=1015 WAIST cost=56.0000 best_alt=52.0000 gap=4.0000 tried=5 sep_labels=52 clique_frac=0.01
t=344727ms iter=1015 REBUILD reject new_tc=60.8301 (was 59.9157)
t=344879ms iter=1015 incumb=59.9157 ratchet=59.9832 best=59.9157 since_improve=466
t=344888ms iter=1016 WAIST cost=56.0000 best_alt=52.0000 gap=4.0000 tried=5 sep_labels=52 clique_frac=0.01
t=345061ms iter=1016 REBUILD reject new_tc=60.7868 (was 59.9157)
t=345216ms iter=1016 incumb=59.9157 ratchet=59.9692 best=59.9157 since_improve=467
t=345226ms iter=1017 WAIST cost=56.0000 best_alt=51.0000 gap=5.0000 tried=5 sep_labels=51 clique_frac=0.01
t=345364ms iter=1017 REBUILD reject new_tc=76.0001 (was 59.9157)
t=345517ms iter=1017 incumb=59.9157 ratchet=59.9623 best=59.9157 since_improve=468
t=345526ms iter=1018 WAIST cost=56.0000 best_alt=51.0000 gap=5.0000 tried=5 sep_labels=51 clique_frac=0.01
t=345677ms iter=1018 REBUILD reject new_tc=61.2532 (was 59.9157)
t=345835ms iter=1018 incumb=59.9157 ratchet=59.9675 best=59.9157 since_improve=469
t=345841ms iter=1019 WAIST cost=56.0000 best_alt=51.0000 gap=5.0000 tried=5 sep_labels=51 clique_frac=0.01
t=346002ms iter=1019 REBUILD reject new_tc=61.7778 (was 59.9157)
t=346156ms iter=1019 incumb=59.9157 ratchet=59.9894 best=59.9157 since_improve=470
t=346163ms iter=1020 WAIST cost=56.0000 best_alt=52.0000 gap=4.0000 tried=5 sep_labels=52 clique_frac=0.01
t=346329ms iter=1020 REBUILD reject new_tc=61.1402 (was 59.9157)
t=346481ms iter=1020 incumb=59.9157 ratchet=60.1079 best=59.9157 since_improve=471
t=346492ms iter=1021 WAIST cost=56.0000 best_alt=49.0000 gap=7.0000 tried=5 sep_labels=49 clique_frac=0.01
t=346644ms iter=1021 REBUILD reject new_tc=61.3533 (was 59.9157)
t=346799ms iter=1021 incumb=59.9157 ratchet=60.0399 best=59.9157 since_improve=472
t=346807ms iter=1022 WAIST cost=56.0000 best_alt=52.0000 gap=4.0000 tried=5 sep_labels=52 clique_frac=0.01
t=346977ms iter=1022 REBUILD reject new_tc=61.3180 (was 59.9157)
t=347132ms iter=1022 incumb=59.9157 ratchet=59.9935 best=59.9157 since_improve=473
t=347140ms iter=1023 WAIST cost=56.0000 best_alt=51.0000 gap=5.0000 tried=5 sep_labels=51 clique_frac=0.01
t=347289ms iter=1023 REBUILD reject new_tc=61.4580 (was 59.9157)
t=347447ms iter=1023 incumb=59.9157 ratchet=60.0646 best=59.9157 since_improve=474
t=347457ms iter=1024 WAIST cost=56.0000 best_alt=51.0000 gap=5.0000 tried=5 sep_labels=51 clique_frac=0.01
t=347612ms iter=1024 REBUILD reject new_tc=61.5471 (was 59.9157)
t=347765ms iter=1024 incumb=59.9157 ratchet=59.9884 best=59.9157 since_improve=475
t=347773ms iter=1025 WAIST cost=56.0000 best_alt=51.0000 gap=5.0000 tried=5 sep_labels=51 clique_frac=0.01
t=347939ms iter=1025 REBUILD reject new_tc=60.9861 (was 59.9157)
t=348094ms iter=1025 incumb=59.9157 ratchet=60.0046 best=59.9157 since_improve=476
t=348102ms iter=1026 WAIST cost=56.0000 best_alt=52.0000 gap=4.0000 tried=5 sep_labels=52 clique_frac=0.01
t=348271ms iter=1026 REBUILD reject new_tc=60.8979 (was 59.9157)
t=348426ms iter=1026 incumb=59.9157 ratchet=60.0073 best=59.9157 since_improve=477
t=348433ms iter=1027 WAIST cost=56.0000 best_alt=52.0000 gap=4.0000 tried=5 sep_labels=52 clique_frac=0.01
t=348601ms iter=1027 REBUILD reject new_tc=61.2139 (was 59.9157)
t=348754ms iter=1027 incumb=59.9157 ratchet=60.0781 best=59.9157 since_improve=478
t=348761ms iter=1028 WAIST cost=56.0000 best_alt=52.0000 gap=4.0000 tried=5 sep_labels=52 clique_frac=0.01
t=348930ms iter=1028 REBUILD reject new_tc=60.1560 (was 59.9157)
t=349088ms iter=1028 incumb=59.9157 ratchet=60.0241 best=59.9157 since_improve=479
t=349095ms iter=1029 WAIST cost=56.0000 best_alt=52.0000 gap=4.0000 tried=5 sep_labels=52 clique_frac=0.01
t=349243ms iter=1029 REBUILD reject new_tc=75.0009 (was 59.9157)
t=349392ms iter=1029 incumb=59.9157 ratchet=59.9274 best=59.9157 since_improve=480
t=349401ms iter=1030 WAIST cost=56.0000 best_alt=51.0000 gap=5.0000 tried=5 sep_labels=51 clique_frac=0.01
t=349556ms iter=1030 REBUILD reject new_tc=61.8163 (was 59.9157)
t=349711ms iter=1030 incumb=59.9157 ratchet=60.0051 best=59.9157 since_improve=481
t=349721ms iter=1031 WAIST cost=56.0000 best_alt=52.0000 gap=4.0000 tried=5 sep_labels=52 clique_frac=0.01
t=349895ms iter=1031 REBUILD reject new_tc=60.9603 (was 59.9157)
t=350051ms iter=1031 incumb=59.9157 ratchet=59.9592 best=59.9157 since_improve=482
t=350059ms iter=1032 WAIST cost=56.0000 best_alt=52.0000 gap=4.0000 tried=5 sep_labels=52 clique_frac=0.01
t=350233ms iter=1032 REBUILD reject new_tc=67.0466 (was 59.9157)
t=350392ms iter=1032 incumb=59.9157 ratchet=59.9856 best=59.9157 since_improve=483
t=350399ms iter=1033 WAIST cost=56.0000 best_alt=52.0000 gap=4.0000 tried=5 sep_labels=52 clique_frac=0.01
t=350566ms iter=1033 REBUILD reject new_tc=61.6942 (was 59.9157)
t=350721ms iter=1033 incumb=59.9157 ratchet=59.9403 best=59.9157 since_improve=484
t=350729ms iter=1034 WAIST cost=56.0000 best_alt=52.0000 gap=4.0000 tried=5 sep_labels=52 clique_frac=0.01
t=350902ms iter=1034 REBUILD reject new_tc=60.7406 (was 59.9157)
t=351054ms iter=1034 incumb=59.9157 ratchet=60.0812 best=59.9157 since_improve=485
t=351063ms iter=1035 WAIST cost=56.0000 best_alt=50.0000 gap=6.0000 tried=5 sep_labels=50 clique_frac=0.01
t=351218ms iter=1035 REBUILD reject new_tc=61.1600 (was 59.9157)
t=351371ms iter=1035 incumb=59.9157 ratchet=60.0887 best=59.9157 since_improve=486
t=351379ms iter=1036 WAIST cost=56.0000 best_alt=51.0000 gap=5.0000 tried=5 sep_labels=51 clique_frac=0.01
t=351533ms iter=1036 REBUILD reject new_tc=61.5284 (was 59.9157)
t=351682ms iter=1036 incumb=59.9157 ratchet=61.4242 best=59.9157 since_improve=487
t=351690ms iter=1037 WAIST cost=56.0000 best_alt=52.0000 gap=4.0000 tried=5 sep_labels=52 clique_frac=0.01
t=351853ms iter=1037 REBUILD reject new_tc=61.4481 (was 59.9157)
t=352006ms iter=1037 incumb=59.9157 ratchet=60.0397 best=59.9157 since_improve=488
t=352015ms iter=1038 WAIST cost=56.0000 best_alt=51.0000 gap=5.0000 tried=5 sep_labels=51 clique_frac=0.01
t=352167ms iter=1038 REBUILD reject new_tc=62.0920 (was 59.9157)
t=352315ms iter=1038 incumb=59.9157 ratchet=60.5002 best=59.9157 since_improve=489
t=352322ms iter=1039 WAIST cost=56.0000 best_alt=52.0000 gap=4.0000 tried=5 sep_labels=52 clique_frac=0.01
t=352491ms iter=1039 REBUILD reject new_tc=61.4502 (was 59.9157)
t=352643ms iter=1039 incumb=59.9157 ratchet=59.9765 best=59.9157 since_improve=490
t=352653ms iter=1040 WAIST cost=56.0000 best_alt=50.0000 gap=6.0000 tried=5 sep_labels=50 clique_frac=0.01
t=352806ms iter=1040 REBUILD reject new_tc=61.3293 (was 59.9157)
t=352958ms iter=1040 incumb=59.9157 ratchet=60.0214 best=59.9157 since_improve=491
t=352968ms iter=1041 WAIST cost=56.0000 best_alt=52.0000 gap=4.0000 tried=5 sep_labels=52 clique_frac=0.01
t=353142ms iter=1041 REBUILD reject new_tc=60.6662 (was 59.9157)
t=353301ms iter=1041 incumb=59.9157 ratchet=60.2624 best=59.9157 since_improve=492
t=353309ms iter=1042 WAIST cost=56.0000 best_alt=52.0000 gap=4.0000 tried=5 sep_labels=52 clique_frac=0.01
t=353474ms iter=1042 REBUILD reject new_tc=70.0025 (was 59.9157)
t=353627ms iter=1042 incumb=59.9157 ratchet=59.9613 best=59.9157 since_improve=493
t=353638ms iter=1043 WAIST cost=56.0000 best_alt=52.0000 gap=4.0000 tried=5 sep_labels=52 clique_frac=0.01
t=353803ms iter=1043 REBUILD reject new_tc=65.3633 (was 59.9157)
t=353957ms iter=1043 incumb=59.9157 ratchet=59.9652 best=59.9157 since_improve=494
t=353963ms iter=1044 WAIST cost=56.0000 best_alt=52.0000 gap=4.0000 tried=5 sep_labels=52 clique_frac=0.01
t=354133ms iter=1044 REBUILD reject new_tc=60.0422 (was 59.9157)
t=354282ms iter=1044 incumb=59.9157 ratchet=60.0676 best=59.9157 since_improve=495
t=354290ms iter=1045 WAIST cost=56.0000 best_alt=52.0000 gap=4.0000 tried=5 sep_labels=52 clique_frac=0.01
t=354446ms iter=1045 REBUILD reject new_tc=72.0045 (was 59.9157)
t=354601ms iter=1045 incumb=59.9157 ratchet=60.0362 best=59.9157 since_improve=496
t=354607ms iter=1046 WAIST cost=56.0000 best_alt=52.0000 gap=4.0000 tried=5 sep_labels=52 clique_frac=0.01
t=354767ms iter=1046 REBUILD reject new_tc=75.0012 (was 59.9157)
t=354921ms iter=1046 incumb=59.9157 ratchet=60.0566 best=59.9157 since_improve=497
t=354929ms iter=1047 WAIST cost=56.0000 best_alt=52.0000 gap=4.0000 tried=5 sep_labels=52 clique_frac=0.01
t=355095ms iter=1047 REBUILD reject new_tc=73.0055 (was 59.9157)
t=355249ms iter=1047 incumb=59.9157 ratchet=60.0004 best=59.9157 since_improve=498
t=355258ms iter=1048 WAIST cost=56.0000 best_alt=52.0000 gap=4.0000 tried=5 sep_labels=52 clique_frac=0.01
t=355422ms iter=1048 REBUILD reject new_tc=67.3688 (was 59.9157)
t=355573ms iter=1048 incumb=59.9157 ratchet=59.9703 best=59.9157 since_improve=499
t=355580ms iter=1049 WAIST cost=56.0000 best_alt=52.0000 gap=4.0000 tried=5 sep_labels=52 clique_frac=0.01
t=355755ms iter=1049 REBUILD reject new_tc=60.3517 (was 59.9157)
t=355912ms iter=1049 incumb=59.9157 ratchet=60.0123 best=59.9157 since_improve=500
t=355920ms iter=1050 WAIST cost=56.0000 best_alt=52.0000 gap=4.0000 tried=5 sep_labels=52 clique_frac=0.01
t=356087ms iter=1050 REBUILD reject new_tc=60.9350 (was 59.9157)
t=356236ms iter=1050 incumb=59.9157 ratchet=60.0480 best=59.9157 since_improve=501
t=356244ms iter=1051 WAIST cost=56.0000 best_alt=52.0000 gap=4.0000 tried=5 sep_labels=52 clique_frac=0.01
t=356420ms iter=1051 REBUILD reject new_tc=61.6461 (was 59.9157)
t=356574ms iter=1051 incumb=59.9157 ratchet=60.0584 best=59.9157 since_improve=502
t=356581ms iter=1052 WAIST cost=56.0000 best_alt=52.0000 gap=4.0000 tried=5 sep_labels=52 clique_frac=0.01
t=356749ms iter=1052 REBUILD reject new_tc=64.1377 (was 59.9157)
t=356907ms iter=1052 incumb=59.9157 ratchet=60.0495 best=59.9157 since_improve=503
t=356914ms iter=1053 WAIST cost=56.0000 best_alt=51.0000 gap=5.0000 tried=5 sep_labels=51 clique_frac=0.01
t=357069ms iter=1053 REBUILD reject new_tc=61.4143 (was 59.9157)
t=357224ms iter=1053 incumb=59.9157 ratchet=60.0112 best=59.9157 since_improve=504
t=357232ms iter=1054 WAIST cost=56.0000 best_alt=50.0000 gap=6.0000 tried=5 sep_labels=50 clique_frac=0.01
t=357389ms iter=1054 REBUILD reject new_tc=61.4553 (was 59.9157)
t=357537ms iter=1054 incumb=59.9157 ratchet=60.6522 best=59.9157 since_improve=505
t=357546ms iter=1055 WAIST cost=56.0000 best_alt=49.0000 gap=7.0000 tried=5 sep_labels=49 clique_frac=0.01
t=357695ms iter=1055 REBUILD reject new_tc=64.9238 (was 59.9157)
t=357846ms iter=1055 incumb=59.9157 ratchet=60.0418 best=59.9157 since_improve=506
t=357854ms iter=1056 WAIST cost=56.0000 best_alt=52.0000 gap=4.0000 tried=5 sep_labels=52 clique_frac=0.01
t=358025ms iter=1056 REBUILD reject new_tc=61.3031 (was 59.9157)
t=358179ms iter=1056 incumb=59.9157 ratchet=60.0297 best=59.9157 since_improve=507
t=358188ms iter=1057 WAIST cost=56.0000 best_alt=51.0000 gap=5.0000 tried=5 sep_labels=51 clique_frac=0.01
t=358340ms iter=1057 REBUILD reject new_tc=61.7808 (was 59.9157)
t=358494ms iter=1057 incumb=59.9157 ratchet=59.9484 best=59.9157 since_improve=508
t=358501ms iter=1058 WAIST cost=56.0000 best_alt=52.0000 gap=4.0000 tried=5 sep_labels=52 clique_frac=0.01
t=358675ms iter=1058 REBUILD reject new_tc=61.1972 (was 59.9157)
t=358831ms iter=1058 incumb=59.9157 ratchet=59.9784 best=59.9157 since_improve=509
t=358841ms iter=1059 WAIST cost=56.0000 best_alt=52.0000 gap=4.0000 tried=5 sep_labels=52 clique_frac=0.01
t=358996ms iter=1059 REBUILD reject new_tc=74.0001 (was 59.9157)
t=359153ms iter=1059 incumb=59.9157 ratchet=60.0760 best=59.9157 since_improve=510
t=359161ms iter=1060 WAIST cost=56.0000 best_alt=49.0000 gap=7.0000 tried=5 sep_labels=49 clique_frac=0.01
t=359311ms iter=1060 REBUILD reject new_tc=61.3286 (was 59.9157)
t=359459ms iter=1060 incumb=59.9157 ratchet=60.0653 best=59.9157 since_improve=511
t=359467ms iter=1061 WAIST cost=56.0000 best_alt=52.0000 gap=4.0000 tried=5 sep_labels=52 clique_frac=0.01
t=359631ms iter=1061 REBUILD reject new_tc=63.4658 (was 59.9157)
t=359787ms iter=1061 incumb=59.9157 ratchet=60.0482 best=59.9157 since_improve=512
t=359795ms iter=1062 WAIST cost=56.0000 best_alt=52.0000 gap=4.0000 tried=5 sep_labels=52 clique_frac=0.01
t=359968ms iter=1062 REBUILD reject new_tc=61.3720 (was 59.9157)
t=360121ms iter=1062 incumb=59.9157 ratchet=60.0103 best=59.9157 since_improve=513
t=360128ms iter=1063 WAIST cost=56.0000 best_alt=52.0000 gap=4.0000 tried=5 sep_labels=52 clique_frac=0.01
t=360299ms iter=1063 REBUILD reject new_tc=60.2972 (was 59.9157)
t=360453ms iter=1063 incumb=59.9157 ratchet=60.0425 best=59.9157 since_improve=514
t=360459ms iter=1064 WAIST cost=56.0000 best_alt=52.0000 gap=4.0000 tried=5 sep_labels=52 clique_frac=0.01
t=360632ms iter=1064 REBUILD reject new_tc=61.3629 (was 59.9157)
t=360784ms iter=1064 incumb=59.9157 ratchet=59.9925 best=59.9157 since_improve=515
t=360793ms iter=1065 WAIST cost=56.0000 best_alt=52.0000 gap=4.0000 tried=5 sep_labels=52 clique_frac=0.01
t=360966ms iter=1065 REBUILD reject new_tc=61.3724 (was 59.9157)
t=361113ms iter=1065 incumb=59.9157 ratchet=60.0335 best=59.9157 since_improve=516
t=361121ms iter=1066 WAIST cost=56.0000 best_alt=52.0000 gap=4.0000 tried=5 sep_labels=52 clique_frac=0.01
t=361294ms iter=1066 REBUILD reject new_tc=62.4334 (was 59.9157)
t=361437ms iter=1066 incumb=59.9157 ratchet=60.1198 best=59.9157 since_improve=517
t=361446ms iter=1067 WAIST cost=56.0000 best_alt=49.0000 gap=7.0000 tried=5 sep_labels=49 clique_frac=0.01
t=361596ms iter=1067 REBUILD reject new_tc=65.8800 (was 59.9157)
t=361754ms iter=1067 incumb=59.9157 ratchet=59.9676 best=59.9157 since_improve=518
t=361762ms iter=1068 WAIST cost=56.0000 best_alt=52.0000 gap=4.0000 tried=5 sep_labels=52 clique_frac=0.01
t=361935ms iter=1068 REBUILD reject new_tc=60.8264 (was 59.9157)
t=362088ms iter=1068 incumb=59.9157 ratchet=59.9646 best=59.9157 since_improve=519
t=362098ms iter=1069 WAIST cost=56.0000 best_alt=52.0000 gap=4.0000 tried=5 sep_labels=52 clique_frac=0.01
t=362260ms iter=1069 REBUILD reject new_tc=69.0050 (was 59.9157)
t=362412ms iter=1069 incumb=59.9157 ratchet=60.5494 best=59.9157 since_improve=520
t=362420ms iter=1070 WAIST cost=56.0000 best_alt=52.0000 gap=4.0000 tried=5 sep_labels=52 clique_frac=0.01
t=362591ms iter=1070 REBUILD reject new_tc=61.3859 (was 59.9157)
t=362749ms iter=1070 incumb=59.9157 ratchet=60.0644 best=59.9157 since_improve=521
t=362758ms iter=1071 WAIST cost=56.0000 best_alt=52.0000 gap=4.0000 tried=5 sep_labels=52 clique_frac=0.01
t=362929ms iter=1071 REBUILD reject new_tc=60.5632 (was 59.9157)
t=363081ms iter=1071 incumb=59.9157 ratchet=60.1333 best=59.9157 since_improve=522
t=363088ms iter=1072 WAIST cost=56.0000 best_alt=51.0000 gap=5.0000 tried=5 sep_labels=51 clique_frac=0.01
t=363244ms iter=1072 REBUILD reject new_tc=60.9079 (was 59.9157)
t=363395ms iter=1072 incumb=59.9157 ratchet=60.0308 best=59.9157 since_improve=523
t=363404ms iter=1073 WAIST cost=56.0000 best_alt=51.0000 gap=5.0000 tried=5 sep_labels=51 clique_frac=0.01
t=363555ms iter=1073 REBUILD reject new_tc=63.1515 (was 59.9157)
t=363709ms iter=1073 incumb=59.9157 ratchet=60.0093 best=59.9157 since_improve=524
t=363717ms iter=1074 WAIST cost=56.0000 best_alt=51.0000 gap=5.0000 tried=5 sep_labels=51 clique_frac=0.01
t=363890ms iter=1074 REBUILD reject new_tc=61.5092 (was 59.9157)
t=364043ms iter=1074 incumb=59.9157 ratchet=60.0836 best=59.9157 since_improve=525
t=364053ms iter=1075 WAIST cost=56.0000 best_alt=51.0000 gap=5.0000 tried=5 sep_labels=51 clique_frac=0.01
t=364205ms iter=1075 REBUILD reject new_tc=61.4648 (was 59.9157)
t=364365ms iter=1075 incumb=59.9157 ratchet=59.9427 best=59.9157 since_improve=526
t=364374ms iter=1076 WAIST cost=56.0000 best_alt=52.0000 gap=4.0000 tried=5 sep_labels=52 clique_frac=0.01
t=364546ms iter=1076 REBUILD reject new_tc=61.4019 (was 59.9157)
t=364700ms iter=1076 incumb=59.9157 ratchet=60.0653 best=59.9157 since_improve=527
t=364708ms iter=1077 WAIST cost=56.0000 best_alt=49.0000 gap=7.0000 tried=5 sep_labels=49 clique_frac=0.01
t=364844ms iter=1077 REBUILD reject new_tc=78.0000 (was 59.9157)
t=365003ms iter=1077 incumb=59.9157 ratchet=59.9975 best=59.9157 since_improve=528
t=365011ms iter=1078 WAIST cost=56.0000 best_alt=51.0000 gap=5.0000 tried=5 sep_labels=51 clique_frac=0.01
t=365162ms iter=1078 REBUILD reject new_tc=61.2637 (was 59.9157)
t=365315ms iter=1078 incumb=59.9157 ratchet=59.9712 best=59.9157 since_improve=529
t=365326ms iter=1079 WAIST cost=56.0000 best_alt=49.0000 gap=7.0000 tried=5 sep_labels=49 clique_frac=0.01
t=365481ms iter=1079 REBUILD reject new_tc=61.4472 (was 59.9157)
t=365637ms iter=1079 incumb=59.9157 ratchet=59.9719 best=59.9157 since_improve=530
t=365645ms iter=1080 WAIST cost=56.0000 best_alt=52.0000 gap=4.0000 tried=5 sep_labels=52 clique_frac=0.01
t=365815ms iter=1080 REBUILD reject new_tc=61.3981 (was 59.9157)
t=365973ms iter=1080 incumb=59.9157 ratchet=59.9819 best=59.9157 since_improve=531
t=365981ms iter=1081 WAIST cost=56.0000 best_alt=52.0000 gap=4.0000 tried=5 sep_labels=52 clique_frac=0.01
t=366163ms iter=1081 REBUILD reject new_tc=60.1311 (was 59.9157)
t=366322ms iter=1081 incumb=59.9157 ratchet=59.9826 best=59.9157 since_improve=532
t=366330ms iter=1082 WAIST cost=56.0000 best_alt=49.0000 gap=7.0000 tried=5 sep_labels=49 clique_frac=0.01
t=366486ms iter=1082 REBUILD reject new_tc=61.5298 (was 59.9157)
t=366643ms iter=1082 incumb=59.9157 ratchet=59.9267 best=59.9157 since_improve=533
t=366651ms iter=1083 WAIST cost=56.0000 best_alt=52.0000 gap=4.0000 tried=5 sep_labels=52 clique_frac=0.01
t=366822ms iter=1083 REBUILD reject new_tc=61.6577 (was 59.9157)
t=366979ms iter=1083 incumb=59.9157 ratchet=59.9715 best=59.9157 since_improve=534
t=366987ms iter=1084 WAIST cost=56.0000 best_alt=52.0000 gap=4.0000 tried=5 sep_labels=52 clique_frac=0.01
t=367161ms iter=1084 REBUILD reject new_tc=61.0454 (was 59.9157)
t=367315ms iter=1084 incumb=59.9157 ratchet=60.0109 best=59.9157 since_improve=535
t=367324ms iter=1085 WAIST cost=56.0000 best_alt=50.0000 gap=6.0000 tried=5 sep_labels=50 clique_frac=0.01
t=367476ms iter=1085 REBUILD reject new_tc=60.9212 (was 59.9157)
t=367632ms iter=1085 incumb=59.9157 ratchet=60.0077 best=59.9157 since_improve=536
t=367640ms iter=1086 WAIST cost=56.0000 best_alt=52.0000 gap=4.0000 tried=5 sep_labels=52 clique_frac=0.01
t=367808ms iter=1086 REBUILD reject new_tc=61.5226 (was 59.9157)
t=367961ms iter=1086 incumb=59.9157 ratchet=59.9951 best=59.9157 since_improve=537
t=367969ms iter=1087 WAIST cost=56.0000 best_alt=52.0000 gap=4.0000 tried=5 sep_labels=52 clique_frac=0.01
t=368140ms iter=1087 REBUILD reject new_tc=61.7527 (was 59.9157)
t=368298ms iter=1087 incumb=59.9157 ratchet=60.1336 best=59.9157 since_improve=538
t=368306ms iter=1088 WAIST cost=56.0000 best_alt=52.0000 gap=4.0000 tried=5 sep_labels=52 clique_frac=0.01
t=368465ms iter=1088 REBUILD reject new_tc=72.0023 (was 59.9157)
t=368621ms iter=1088 incumb=59.9157 ratchet=60.0136 best=59.9157 since_improve=539
t=368630ms iter=1089 WAIST cost=56.0000 best_alt=51.0000 gap=5.0000 tried=5 sep_labels=51 clique_frac=0.01
t=368806ms iter=1089 REBUILD reject new_tc=60.7619 (was 59.9157)
t=368959ms iter=1089 incumb=59.9157 ratchet=59.9627 best=59.9157 since_improve=540
t=368967ms iter=1090 WAIST cost=56.0000 best_alt=50.0000 gap=6.0000 tried=5 sep_labels=50 clique_frac=0.01
t=369113ms iter=1090 REBUILD reject new_tc=67.0243 (was 59.9157)
t=369269ms iter=1090 incumb=59.9157 ratchet=59.9484 best=59.9157 since_improve=541
t=369276ms iter=1091 WAIST cost=56.0000 best_alt=52.0000 gap=4.0000 tried=5 sep_labels=52 clique_frac=0.01
t=369447ms iter=1091 REBUILD reject new_tc=61.5407 (was 59.9157)
t=369602ms iter=1091 incumb=59.9157 ratchet=60.0156 best=59.9157 since_improve=542
t=369611ms iter=1092 WAIST cost=56.0000 best_alt=51.0000 gap=5.0000 tried=5 sep_labels=51 clique_frac=0.01
t=369758ms iter=1092 REBUILD reject new_tc=62.0382 (was 59.9157)
t=369913ms iter=1092 incumb=59.9157 ratchet=60.0147 best=59.9157 since_improve=543
t=369922ms iter=1093 WAIST cost=56.0000 best_alt=52.0000 gap=4.0000 tried=5 sep_labels=52 clique_frac=0.01
t=370097ms iter=1093 REBUILD reject new_tc=61.3556 (was 59.9157)
t=370247ms iter=1093 incumb=59.9157 ratchet=59.9810 best=59.9157 since_improve=544
t=370256ms iter=1094 WAIST cost=56.0000 best_alt=52.0000 gap=4.0000 tried=5 sep_labels=52 clique_frac=0.01
t=370431ms iter=1094 REBUILD reject new_tc=60.6908 (was 59.9157)
t=370589ms iter=1094 incumb=59.9157 ratchet=59.9768 best=59.9157 since_improve=545
t=370598ms iter=1095 WAIST cost=56.0000 best_alt=51.0000 gap=5.0000 tried=5 sep_labels=51 clique_frac=0.01
t=370753ms iter=1095 REBUILD reject new_tc=61.2608 (was 59.9157)
t=370908ms iter=1095 incumb=59.9157 ratchet=60.0396 best=59.9157 since_improve=546
t=370918ms iter=1096 WAIST cost=56.0000 best_alt=51.0000 gap=5.0000 tried=5 sep_labels=51 clique_frac=0.01
t=371071ms iter=1096 REBUILD reject new_tc=61.3674 (was 59.9157)
t=371222ms iter=1096 incumb=59.9157 ratchet=60.0178 best=59.9157 since_improve=547
t=371231ms iter=1097 WAIST cost=56.0000 best_alt=52.0000 gap=4.0000 tried=5 sep_labels=52 clique_frac=0.01
t=371403ms iter=1097 REBUILD reject new_tc=61.3000 (was 59.9157)
t=371560ms iter=1097 incumb=59.9157 ratchet=59.9950 best=59.9157 since_improve=548
t=371569ms iter=1098 WAIST cost=56.0000 best_alt=52.0000 gap=4.0000 tried=5 sep_labels=52 clique_frac=0.01
t=371739ms iter=1098 REBUILD reject new_tc=59.9773 (was 59.9157)
t=371893ms iter=1098 incumb=59.9157 ratchet=59.9480 best=59.9157 since_improve=549
t=371902ms iter=1099 WAIST cost=56.0000 best_alt=51.0000 gap=5.0000 tried=5 sep_labels=51 clique_frac=0.01
t=372056ms iter=1099 REBUILD reject new_tc=61.4900 (was 59.9157)
t=372211ms iter=1099 incumb=59.9157 ratchet=60.0043 best=59.9157 since_improve=550
t=372221ms iter=1100 WAIST cost=56.0000 best_alt=50.0000 gap=6.0000 tried=5 sep_labels=50 clique_frac=0.01
t=372374ms iter=1100 REBUILD reject new_tc=60.4190 (was 59.9157)
t=372527ms iter=1100 incumb=59.9157 ratchet=60.0386 best=59.9157 since_improve=551
t=372535ms iter=1101 WAIST cost=56.0000 best_alt=52.0000 gap=4.0000 tried=5 sep_labels=52 clique_frac=0.01
t=372698ms iter=1101 REBUILD reject new_tc=67.3280 (was 59.9157)
t=372858ms iter=1101 incumb=59.9157 ratchet=59.9734 best=59.9157 since_improve=552
t=372867ms iter=1102 WAIST cost=56.0000 best_alt=52.0000 gap=4.0000 tried=5 sep_labels=52 clique_frac=0.01
t=373035ms iter=1102 REBUILD reject new_tc=60.8274 (was 59.9157)
t=373188ms iter=1102 incumb=59.9157 ratchet=60.2677 best=59.9157 since_improve=553
t=373197ms iter=1103 WAIST cost=56.0000 best_alt=51.0000 gap=5.0000 tried=5 sep_labels=51 clique_frac=0.01
t=373350ms iter=1103 REBUILD reject new_tc=62.5519 (was 59.9157)
t=373500ms iter=1103 incumb=59.9157 ratchet=60.0789 best=59.9157 since_improve=554
t=373508ms iter=1104 WAIST cost=56.0000 best_alt=51.0000 gap=5.0000 tried=5 sep_labels=51 clique_frac=0.02
t=373648ms iter=1104 REBUILD reject new_tc=75.0060 (was 59.9157)
t=373803ms iter=1104 incumb=59.9157 ratchet=59.9616 best=59.9157 since_improve=555
t=373811ms iter=1105 WAIST cost=56.0000 best_alt=52.0000 gap=4.0000 tried=5 sep_labels=52 clique_frac=0.01
t=373979ms iter=1105 REBUILD reject new_tc=61.2933 (was 59.9157)
t=374135ms iter=1105 incumb=59.9157 ratchet=59.9799 best=59.9157 since_improve=556
t=374144ms iter=1106 WAIST cost=56.0000 best_alt=50.0000 gap=6.0000 tried=5 sep_labels=50 clique_frac=0.01
t=374305ms iter=1106 REBUILD reject new_tc=61.5337 (was 59.9157)
t=374459ms iter=1106 incumb=59.9157 ratchet=60.0177 best=59.9157 since_improve=557
t=374467ms iter=1107 WAIST cost=56.0000 best_alt=52.0000 gap=4.0000 tried=5 sep_labels=52 clique_frac=0.01
t=374639ms iter=1107 REBUILD reject new_tc=61.3840 (was 59.9157)
t=374797ms iter=1107 incumb=59.9157 ratchet=59.9653 best=59.9157 since_improve=558
t=374805ms iter=1108 WAIST cost=56.0000 best_alt=49.0000 gap=7.0000 tried=5 sep_labels=49 clique_frac=0.01
t=374955ms iter=1108 REBUILD reject new_tc=61.6832 (was 59.9157)
t=375108ms iter=1108 incumb=59.9157 ratchet=60.0441 best=59.9157 since_improve=559
t=375116ms iter=1109 WAIST cost=56.0000 best_alt=52.0000 gap=4.0000 tried=5 sep_labels=52 clique_frac=0.01
t=375283ms iter=1109 REBUILD reject new_tc=66.0136 (was 59.9157)
t=375428ms iter=1109 incumb=59.9157 ratchet=60.4614 best=59.9157 since_improve=560
t=375435ms iter=1110 WAIST cost=56.0000 best_alt=52.0000 gap=4.0000 tried=5 sep_labels=52 clique_frac=0.01
t=375603ms iter=1110 REBUILD reject new_tc=60.1896 (was 59.9157)
t=375761ms iter=1110 incumb=59.9157 ratchet=59.9853 best=59.9157 since_improve=561
t=375770ms iter=1111 WAIST cost=56.0000 best_alt=52.0000 gap=4.0000 tried=5 sep_labels=52 clique_frac=0.01
t=375942ms iter=1111 REBUILD reject new_tc=61.0081 (was 59.9157)
t=376097ms iter=1111 incumb=59.9157 ratchet=60.1336 best=59.9157 since_improve=562
t=376105ms iter=1112 WAIST cost=56.0000 best_alt=52.0000 gap=4.0000 tried=5 sep_labels=52 clique_frac=0.01
t=376270ms iter=1112 REBUILD reject new_tc=60.4434 (was 59.9157)
t=376424ms iter=1112 incumb=59.9157 ratchet=60.3330 best=59.9157 since_improve=563
t=376432ms iter=1113 WAIST cost=56.0000 best_alt=52.0000 gap=4.0000 tried=5 sep_labels=52 clique_frac=0.01
t=376600ms iter=1113 REBUILD reject new_tc=61.3450 (was 59.9157)
t=376755ms iter=1113 incumb=59.9157 ratchet=59.9583 best=59.9157 since_improve=564
t=376764ms iter=1114 WAIST cost=56.0000 best_alt=51.0000 gap=5.0000 tried=5 sep_labels=51 clique_frac=0.01
t=376928ms iter=1114 REBUILD reject new_tc=60.7633 (was 59.9157)
t=377084ms iter=1114 incumb=59.9157 ratchet=59.9839 best=59.9157 since_improve=565
t=377093ms iter=1115 WAIST cost=56.0000 best_alt=51.0000 gap=5.0000 tried=5 sep_labels=51 clique_frac=0.01
t=377251ms iter=1115 REBUILD reject new_tc=61.6917 (was 59.9157)
t=377408ms iter=1115 incumb=59.9157 ratchet=59.9967 best=59.9157 since_improve=566
t=377415ms iter=1116 WAIST cost=56.0000 best_alt=52.0000 gap=4.0000 tried=5 sep_labels=52 clique_frac=0.01
t=377579ms iter=1116 REBUILD reject new_tc=61.7182 (was 59.9157)
t=377731ms iter=1116 incumb=59.9157 ratchet=60.3378 best=59.9157 since_improve=567
t=377738ms iter=1117 WAIST cost=56.0000 best_alt=52.0000 gap=4.0000 tried=5 sep_labels=52 clique_frac=0.01
t=377904ms iter=1117 REBUILD reject new_tc=60.9836 (was 59.9157)
t=378060ms iter=1117 incumb=59.9157 ratchet=59.9575 best=59.9157 since_improve=568
t=378069ms iter=1118 WAIST cost=56.0000 best_alt=51.0000 gap=5.0000 tried=5 sep_labels=51 clique_frac=0.01
t=378228ms iter=1118 REBUILD reject new_tc=61.7843 (was 59.9157)
t=378379ms iter=1118 incumb=59.9157 ratchet=59.9416 best=59.9157 since_improve=569
t=378386ms iter=1119 WAIST cost=56.0000 best_alt=52.0000 gap=4.0000 tried=5 sep_labels=52 clique_frac=0.01
t=378554ms iter=1119 REBUILD reject new_tc=61.3797 (was 59.9157)
t=378712ms iter=1119 incumb=59.9157 ratchet=59.9536 best=59.9157 since_improve=570
t=378721ms iter=1120 WAIST cost=56.0000 best_alt=52.0000 gap=4.0000 tried=5 sep_labels=52 clique_frac=0.01
t=378890ms iter=1120 REBUILD reject new_tc=59.9920 (was 59.9157)
t=379048ms iter=1120 incumb=59.9157 ratchet=59.9332 best=59.9157 since_improve=571
t=379057ms iter=1121 WAIST cost=56.0000 best_alt=51.0000 gap=5.0000 tried=5 sep_labels=51 clique_frac=0.01
t=379215ms iter=1121 REBUILD reject new_tc=62.0164 (was 59.9157)
t=379373ms iter=1121 incumb=59.9157 ratchet=59.9705 best=59.9157 since_improve=572
t=379382ms iter=1122 WAIST cost=56.0000 best_alt=51.0000 gap=5.0000 tried=5 sep_labels=51 clique_frac=0.01
t=379549ms iter=1122 REBUILD reject new_tc=67.3382 (was 59.9157)
t=379703ms iter=1122 incumb=59.9157 ratchet=59.9897 best=59.9157 since_improve=573
t=379713ms iter=1123 WAIST cost=56.0000 best_alt=51.0000 gap=5.0000 tried=5 sep_labels=51 clique_frac=0.01
t=379868ms iter=1123 REBUILD reject new_tc=61.7906 (was 59.9157)
t=380023ms iter=1123 incumb=59.9157 ratchet=60.0033 best=59.9157 since_improve=574
t=380031ms iter=1124 WAIST cost=56.0000 best_alt=52.0000 gap=4.0000 tried=5 sep_labels=52 clique_frac=0.01
t=380196ms iter=1124 REBUILD reject new_tc=61.5395 (was 59.9157)
t=380353ms iter=1124 incumb=59.9157 ratchet=60.0752 best=59.9157 since_improve=575
t=380362ms iter=1125 WAIST cost=56.0000 best_alt=52.0000 gap=4.0000 tried=5 sep_labels=52 clique_frac=0.01
t=380526ms iter=1125 REBUILD reject new_tc=61.7304 (was 59.9157)
t=380686ms iter=1125 incumb=59.9157 ratchet=59.9544 best=59.9157 since_improve=576
t=380694ms iter=1126 WAIST cost=56.0000 best_alt=52.0000 gap=4.0000 tried=5 sep_labels=52 clique_frac=0.01
t=380868ms iter=1126 REBUILD reject new_tc=61.0196 (was 59.9157)
t=381021ms iter=1126 incumb=59.9157 ratchet=60.0703 best=59.9157 since_improve=577
t=381029ms iter=1127 WAIST cost=56.0000 best_alt=52.0000 gap=4.0000 tried=5 sep_labels=52 clique_frac=0.01
t=381196ms iter=1127 REBUILD reject new_tc=61.3810 (was 59.9157)
t=381352ms iter=1127 incumb=59.9157 ratchet=59.9396 best=59.9157 since_improve=578
t=381360ms iter=1128 WAIST cost=56.0000 best_alt=52.0000 gap=4.0000 tried=5 sep_labels=52 clique_frac=0.01
t=381526ms iter=1128 REBUILD reject new_tc=60.7235 (was 59.9157)
t=381680ms iter=1128 incumb=59.9157 ratchet=60.0218 best=59.9157 since_improve=579
t=381687ms iter=1129 WAIST cost=56.0000 best_alt=52.0000 gap=4.0000 tried=5 sep_labels=52 clique_frac=0.01
t=381854ms iter=1129 REBUILD reject new_tc=61.6175 (was 59.9157)
t=382010ms iter=1129 incumb=59.9157 ratchet=59.9189 best=59.9157 since_improve=580
t=382020ms iter=1130 WAIST cost=56.0000 best_alt=51.0000 gap=5.0000 tried=5 sep_labels=51 clique_frac=0.01
t=382175ms iter=1130 REBUILD reject new_tc=64.7348 (was 59.9157)
t=382328ms iter=1130 incumb=59.9157 ratchet=60.0003 best=59.9157 since_improve=581
t=382337ms iter=1131 WAIST cost=56.0000 best_alt=50.0000 gap=6.0000 tried=5 sep_labels=50 clique_frac=0.01
t=382482ms iter=1131 REBUILD reject new_tc=61.5901 (was 59.9157)
t=382640ms iter=1131 incumb=59.9157 ratchet=59.9767 best=59.9157 since_improve=582
t=382650ms iter=1132 WAIST cost=56.0000 best_alt=51.0000 gap=5.0000 tried=5 sep_labels=51 clique_frac=0.01
t=382803ms iter=1132 REBUILD reject new_tc=70.9128 (was 59.9157)
t=382954ms iter=1132 incumb=59.9157 ratchet=60.0086 best=59.9157 since_improve=583
t=382963ms iter=1133 WAIST cost=56.0000 best_alt=52.0000 gap=4.0000 tried=5 sep_labels=52 clique_frac=0.01
t=383126ms iter=1133 REBUILD reject new_tc=61.7784 (was 59.9157)
t=383278ms iter=1133 incumb=59.9157 ratchet=59.9887 best=59.9157 since_improve=584
t=383285ms iter=1134 WAIST cost=56.0000 best_alt=52.0000 gap=4.0000 tried=5 sep_labels=52 clique_frac=0.01
t=383458ms iter=1134 REBUILD reject new_tc=61.4285 (was 59.9157)
t=383619ms iter=1134 incumb=59.9157 ratchet=59.9693 best=59.9157 since_improve=585
t=383628ms iter=1135 WAIST cost=56.0000 best_alt=52.0000 gap=4.0000 tried=5 sep_labels=52 clique_frac=0.01
t=383792ms iter=1135 REBUILD reject new_tc=64.1114 (was 59.9157)
t=383944ms iter=1135 incumb=59.9157 ratchet=60.0332 best=59.9157 since_improve=586
t=383952ms iter=1136 WAIST cost=56.0000 best_alt=52.0000 gap=4.0000 tried=5 sep_labels=52 clique_frac=0.01
t=384110ms iter=1136 REBUILD reject new_tc=79.0001 (was 59.9157)
t=384263ms iter=1136 incumb=59.9157 ratchet=59.9815 best=59.9157 since_improve=587
t=384270ms iter=1137 WAIST cost=56.0000 best_alt=52.0000 gap=4.0000 tried=5 sep_labels=52 clique_frac=0.01
t=384443ms iter=1137 REBUILD reject new_tc=60.8909 (was 59.9157)
t=384596ms iter=1137 incumb=59.9157 ratchet=59.9688 best=59.9157 since_improve=588
t=384605ms iter=1138 WAIST cost=56.0000 best_alt=51.0000 gap=5.0000 tried=5 sep_labels=51 clique_frac=0.01
t=384758ms iter=1138 REBUILD reject new_tc=61.3586 (was 59.9157)
t=384913ms iter=1138 incumb=59.9157 ratchet=60.0413 best=59.9157 since_improve=589
t=384920ms iter=1139 WAIST cost=56.0000 best_alt=52.0000 gap=4.0000 tried=5 sep_labels=52 clique_frac=0.01
t=385088ms iter=1139 REBUILD reject new_tc=62.4630 (was 59.9157)
t=385245ms iter=1139 incumb=59.9157 ratchet=59.9562 best=59.9157 since_improve=590
t=385252ms iter=1140 WAIST cost=56.0000 best_alt=52.0000 gap=4.0000 tried=5 sep_labels=52 clique_frac=0.01
t=385419ms iter=1140 REBUILD reject new_tc=63.5233 (was 59.9157)
t=385571ms iter=1140 incumb=59.9157 ratchet=59.9528 best=59.9157 since_improve=591
t=385578ms iter=1141 WAIST cost=56.0000 best_alt=52.0000 gap=4.0000 tried=5 sep_labels=52 clique_frac=0.01
t=385746ms iter=1141 REBUILD reject new_tc=61.3722 (was 59.9157)
t=385903ms iter=1141 incumb=59.9157 ratchet=60.0281 best=59.9157 since_improve=592
t=385913ms iter=1142 WAIST cost=56.0000 best_alt=50.0000 gap=6.0000 tried=5 sep_labels=50 clique_frac=0.01
t=386061ms iter=1142 REBUILD reject new_tc=61.2019 (was 59.9157)
t=386217ms iter=1142 incumb=59.9157 ratchet=60.0732 best=59.9157 since_improve=593
t=386225ms iter=1143 WAIST cost=56.0000 best_alt=52.0000 gap=4.0000 tried=5 sep_labels=52 clique_frac=0.01
t=386394ms iter=1143 REBUILD reject new_tc=60.7301 (was 59.9157)
t=386545ms iter=1143 incumb=59.9157 ratchet=60.0224 best=59.9157 since_improve=594
t=386553ms iter=1144 WAIST cost=56.0000 best_alt=51.0000 gap=5.0000 tried=5 sep_labels=51 clique_frac=0.01
t=386704ms iter=1144 REBUILD reject new_tc=66.6672 (was 59.9157)
t=386855ms iter=1144 incumb=59.9157 ratchet=60.2183 best=59.9157 since_improve=595
t=386863ms iter=1145 WAIST cost=56.0000 best_alt=51.0000 gap=5.0000 tried=5 sep_labels=51 clique_frac=0.01
t=387015ms iter=1145 REBUILD reject new_tc=61.1819 (was 59.9157)
t=387168ms iter=1145 incumb=59.9157 ratchet=59.9522 best=59.9157 since_improve=596
t=387175ms iter=1146 WAIST cost=56.0000 best_alt=52.0000 gap=4.0000 tried=5 sep_labels=52 clique_frac=0.01
t=387343ms iter=1146 REBUILD reject new_tc=67.5902 (was 59.9157)
t=387493ms iter=1146 incumb=59.9157 ratchet=59.9209 best=59.9157 since_improve=597
t=387501ms iter=1147 WAIST cost=56.0000 best_alt=52.0000 gap=4.0000 tried=5 sep_labels=52 clique_frac=0.01
t=387670ms iter=1147 REBUILD reject new_tc=60.8560 (was 59.9157)
t=387823ms iter=1147 incumb=59.9157 ratchet=59.9869 best=59.9157 since_improve=598
t=387832ms iter=1148 WAIST cost=56.0000 best_alt=51.0000 gap=5.0000 tried=5 sep_labels=51 clique_frac=0.01
t=387974ms iter=1148 REBUILD reject new_tc=66.3080 (was 59.9157)
t=388129ms iter=1148 incumb=59.9157 ratchet=59.9285 best=59.9157 since_improve=599
t=388137ms iter=1149 WAIST cost=56.0000 best_alt=51.0000 gap=5.0000 tried=5 sep_labels=51 clique_frac=0.01
t=388287ms iter=1149 REBUILD reject new_tc=61.9587 (was 59.9157)
t=388447ms iter=1149 incumb=59.9157 ratchet=59.9810 best=59.9157 since_improve=600
t=388454ms iter=1150 WAIST cost=56.0000 best_alt=49.0000 gap=7.0000 tried=5 sep_labels=49 clique_frac=0.01
t=388607ms iter=1150 REBUILD reject new_tc=61.7941 (was 59.9157)
t=388760ms iter=1150 incumb=59.9157 ratchet=60.0431 best=59.9157 since_improve=601
t=388768ms iter=1151 WAIST cost=56.0000 best_alt=52.0000 gap=4.0000 tried=5 sep_labels=52 clique_frac=0.01
t=388925ms iter=1151 REBUILD reject new_tc=74.0036 (was 59.9157)
t=389086ms iter=1151 incumb=59.9157 ratchet=60.3412 best=59.9157 since_improve=602
t=389095ms iter=1152 WAIST cost=56.0000 best_alt=52.0000 gap=4.0000 tried=5 sep_labels=52 clique_frac=0.01
t=389266ms iter=1152 REBUILD reject new_tc=60.8153 (was 59.9157)
t=389425ms iter=1152 incumb=59.9157 ratchet=60.0061 best=59.9157 since_improve=603
t=389434ms iter=1153 WAIST cost=56.0000 best_alt=51.0000 gap=5.0000 tried=5 sep_labels=51 clique_frac=0.01
t=389589ms iter=1153 REBUILD reject new_tc=61.8386 (was 59.9157)
t=389742ms iter=1153 incumb=59.9157 ratchet=60.0153 best=59.9157 since_improve=604
t=389749ms iter=1154 WAIST cost=56.0000 best_alt=51.0000 gap=5.0000 tried=5 sep_labels=51 clique_frac=0.01
t=389903ms iter=1154 REBUILD reject new_tc=61.3180 (was 59.9157)
t=390061ms iter=1154 incumb=59.9157 ratchet=59.9883 best=59.9157 since_improve=605
t=390070ms iter=1155 WAIST cost=56.0000 best_alt=50.0000 gap=6.0000 tried=5 sep_labels=50 clique_frac=0.01
t=390224ms iter=1155 REBUILD reject new_tc=60.8689 (was 59.9157)
t=390374ms iter=1155 incumb=59.9157 ratchet=60.1396 best=59.9157 since_improve=606
t=390383ms iter=1156 WAIST cost=56.0000 best_alt=50.0000 gap=6.0000 tried=5 sep_labels=50 clique_frac=0.01
t=390537ms iter=1156 REBUILD reject new_tc=69.3403 (was 59.9157)
t=390694ms iter=1156 incumb=59.9157 ratchet=60.0034 best=59.9157 since_improve=607
t=390701ms iter=1157 WAIST cost=56.0000 best_alt=52.0000 gap=4.0000 tried=5 sep_labels=52 clique_frac=0.01
t=390860ms iter=1157 REBUILD reject new_tc=61.2058 (was 59.9157)
t=391010ms iter=1157 incumb=59.9157 ratchet=60.0344 best=59.9157 since_improve=608
t=391019ms iter=1158 WAIST cost=56.0000 best_alt=52.0000 gap=4.0000 tried=5 sep_labels=52 clique_frac=0.01
t=391182ms iter=1158 REBUILD reject new_tc=61.3562 (was 59.9157)
t=391333ms iter=1158 incumb=59.9157 ratchet=60.0175 best=59.9157 since_improve=609
t=391344ms iter=1159 WAIST cost=56.0000 best_alt=51.0000 gap=5.0000 tried=5 sep_labels=51 clique_frac=0.01
t=391497ms iter=1159 REBUILD reject new_tc=61.4109 (was 59.9157)
t=391645ms iter=1159 incumb=59.9157 ratchet=59.9425 best=59.9157 since_improve=610
t=391654ms iter=1160 WAIST cost=56.0000 best_alt=49.0000 gap=7.0000 tried=5 sep_labels=49 clique_frac=0.01
t=391795ms iter=1160 REBUILD reject new_tc=68.1226 (was 59.9157)
t=391950ms iter=1160 incumb=59.9157 ratchet=60.0012 best=59.9157 since_improve=611
t=391959ms iter=1161 WAIST cost=56.0000 best_alt=50.0000 gap=6.0000 tried=5 sep_labels=50 clique_frac=0.01
t=392113ms iter=1161 REBUILD reject new_tc=60.9501 (was 59.9157)
t=392271ms iter=1161 incumb=59.9157 ratchet=60.0334 best=59.9157 since_improve=612
t=392280ms iter=1162 WAIST cost=56.0000 best_alt=52.0000 gap=4.0000 tried=5 sep_labels=52 clique_frac=0.01
t=392453ms iter=1162 REBUILD reject new_tc=61.3683 (was 59.9157)
t=392602ms iter=1162 incumb=59.9157 ratchet=60.4528 best=59.9157 since_improve=613
t=392611ms iter=1163 WAIST cost=56.0000 best_alt=51.0000 gap=5.0000 tried=5 sep_labels=51 clique_frac=0.01
t=392782ms iter=1163 REBUILD reject new_tc=61.1908 (was 59.9157)
t=392938ms iter=1163 incumb=59.9157 ratchet=60.1635 best=59.9157 since_improve=614
t=392945ms iter=1164 WAIST cost=56.0000 best_alt=52.0000 gap=4.0000 tried=5 sep_labels=52 clique_frac=0.01
t=393104ms iter=1164 REBUILD reject new_tc=62.2203 (was 59.9157)
t=393260ms iter=1164 incumb=59.9157 ratchet=60.3214 best=59.9157 since_improve=615
t=393269ms iter=1165 WAIST cost=56.0000 best_alt=51.0000 gap=5.0000 tried=5 sep_labels=51 clique_frac=0.01
t=393424ms iter=1165 REBUILD reject new_tc=61.5268 (was 59.9157)
t=393581ms iter=1165 incumb=59.9157 ratchet=60.1093 best=59.9157 since_improve=616
t=393590ms iter=1166 WAIST cost=56.0000 best_alt=52.0000 gap=4.0000 tried=5 sep_labels=52 clique_frac=0.01
t=393761ms iter=1166 REBUILD reject new_tc=60.6544 (was 59.9157)
t=393918ms iter=1166 incumb=59.9157 ratchet=60.1089 best=59.9157 since_improve=617
t=393927ms iter=1167 WAIST cost=56.0000 best_alt=52.0000 gap=4.0000 tried=5 sep_labels=52 clique_frac=0.01
t=394092ms iter=1167 REBUILD reject new_tc=63.9339 (was 59.9157)
t=394247ms iter=1167 incumb=59.9157 ratchet=60.0574 best=59.9157 since_improve=618
t=394257ms iter=1168 WAIST cost=56.0000 best_alt=50.0000 gap=6.0000 tried=5 sep_labels=50 clique_frac=0.01
t=394405ms iter=1168 REBUILD reject new_tc=61.0266 (was 59.9157)
t=394561ms iter=1168 incumb=59.9157 ratchet=60.0178 best=59.9157 since_improve=619
t=394568ms iter=1169 WAIST cost=56.0000 best_alt=52.0000 gap=4.0000 tried=5 sep_labels=52 clique_frac=0.01
t=394733ms iter=1169 REBUILD reject new_tc=66.5707 (was 59.9157)
t=394890ms iter=1169 incumb=59.9157 ratchet=60.1087 best=59.9157 since_improve=620
t=394896ms iter=1170 WAIST cost=56.0000 best_alt=52.0000 gap=4.0000 tried=5 sep_labels=52 clique_frac=0.01
t=395062ms iter=1170 REBUILD reject new_tc=61.3853 (was 59.9157)
t=395221ms iter=1170 incumb=59.9157 ratchet=60.1709 best=59.9157 since_improve=621
t=395229ms iter=1171 WAIST cost=56.0000 best_alt=49.0000 gap=7.0000 tried=5 sep_labels=49 clique_frac=0.01
t=395387ms iter=1171 REBUILD reject new_tc=61.5773 (was 59.9157)
t=395543ms iter=1171 incumb=59.9157 ratchet=59.9630 best=59.9157 since_improve=622
t=395550ms iter=1172 WAIST cost=56.0000 best_alt=49.0000 gap=7.0000 tried=5 sep_labels=49 clique_frac=0.01
t=395707ms iter=1172 REBUILD reject new_tc=60.9359 (was 59.9157)
t=395863ms iter=1172 incumb=59.9157 ratchet=60.0245 best=59.9157 since_improve=623
t=395870ms iter=1173 WAIST cost=56.0000 best_alt=51.0000 gap=5.0000 tried=5 sep_labels=51 clique_frac=0.01
t=396023ms iter=1173 REBUILD reject new_tc=61.7057 (was 59.9157)
t=396177ms iter=1173 incumb=59.9157 ratchet=60.0035 best=59.9157 since_improve=624
t=396184ms iter=1174 WAIST cost=56.0000 best_alt=52.0000 gap=4.0000 tried=5 sep_labels=52 clique_frac=0.01
t=396345ms iter=1174 REBUILD reject new_tc=70.0146 (was 59.9157)
t=396497ms iter=1174 incumb=59.9157 ratchet=59.9471 best=59.9157 since_improve=625
t=396505ms iter=1175 WAIST cost=56.0000 best_alt=51.0000 gap=5.0000 tried=5 sep_labels=51 clique_frac=0.01
t=396659ms iter=1175 REBUILD reject new_tc=61.1576 (was 59.9157)
t=396817ms iter=1175 incumb=59.9157 ratchet=60.0248 best=59.9157 since_improve=626
t=396826ms iter=1176 WAIST cost=56.0000 best_alt=52.0000 gap=4.0000 tried=5 sep_labels=52 clique_frac=0.01
t=396995ms iter=1176 REBUILD reject new_tc=60.1834 (was 59.9157)
t=397158ms iter=1176 incumb=59.9157 ratchet=60.1165 best=59.9157 since_improve=627
t=397166ms iter=1177 WAIST cost=56.0000 best_alt=52.0000 gap=4.0000 tried=5 sep_labels=52 clique_frac=0.01
t=397335ms iter=1177 REBUILD reject new_tc=60.8236 (was 59.9157)
t=397485ms iter=1177 incumb=59.9157 ratchet=59.9751 best=59.9157 since_improve=628
t=397493ms iter=1178 WAIST cost=56.0000 best_alt=51.0000 gap=5.0000 tried=5 sep_labels=51 clique_frac=0.01
t=397640ms iter=1178 REBUILD reject new_tc=61.4995 (was 59.9157)
t=397797ms iter=1178 incumb=59.9157 ratchet=59.9440 best=59.9157 since_improve=629
t=397805ms iter=1179 WAIST cost=56.0000 best_alt=49.0000 gap=7.0000 tried=5 sep_labels=49 clique_frac=0.01
t=397957ms iter=1179 REBUILD reject new_tc=61.6859 (was 59.9157)
t=398108ms iter=1179 incumb=59.9157 ratchet=59.9961 best=59.9157 since_improve=630
t=398116ms iter=1180 WAIST cost=56.0000 best_alt=51.0000 gap=5.0000 tried=5 sep_labels=51 clique_frac=0.01
t=398268ms iter=1180 REBUILD reject new_tc=62.4915 (was 59.9157)
t=398427ms iter=1180 incumb=59.9157 ratchet=59.9442 best=59.9157 since_improve=631
t=398437ms iter=1181 WAIST cost=56.0000 best_alt=51.0000 gap=5.0000 tried=5 sep_labels=51 clique_frac=0.01
t=398584ms iter=1181 REBUILD reject new_tc=71.0037 (was 59.9157)
t=398742ms iter=1181 incumb=59.9157 ratchet=60.0116 best=59.9157 since_improve=632
t=398751ms iter=1182 WAIST cost=56.0000 best_alt=50.0000 gap=6.0000 tried=5 sep_labels=50 clique_frac=0.01
t=398902ms iter=1182 REBUILD reject new_tc=61.0087 (was 59.9157)
t=399057ms iter=1182 incumb=59.9157 ratchet=60.0281 best=59.9157 since_improve=633
t=399065ms iter=1183 WAIST cost=56.0000 best_alt=51.0000 gap=5.0000 tried=5 sep_labels=51 clique_frac=0.01
t=399220ms iter=1183 REBUILD reject new_tc=61.8686 (was 59.9157)
t=399377ms iter=1183 incumb=59.9157 ratchet=60.0156 best=59.9157 since_improve=634
t=399386ms iter=1184 WAIST cost=56.0000 best_alt=51.0000 gap=5.0000 tried=5 sep_labels=51 clique_frac=0.01
t=399539ms iter=1184 REBUILD reject new_tc=61.3654 (was 59.9157)
t=399695ms iter=1184 incumb=59.9157 ratchet=60.0119 best=59.9157 since_improve=635
t=399702ms iter=1185 WAIST cost=56.0000 best_alt=52.0000 gap=4.0000 tried=5 sep_labels=52 clique_frac=0.01
t=399870ms iter=1185 REBUILD reject new_tc=60.3217 (was 59.9157)
t=400025ms iter=1185 incumb=59.9157 ratchet=59.9529 best=59.9157 since_improve=636
t=400034ms iter=1186 WAIST cost=56.0000 best_alt=52.0000 gap=4.0000 tried=5 sep_labels=52 clique_frac=0.01
t=400201ms iter=1186 REBUILD reject new_tc=61.7422 (was 59.9157)
t=400351ms iter=1186 incumb=59.9157 ratchet=60.0535 best=59.9157 since_improve=637
t=400360ms iter=1187 WAIST cost=56.0000 best_alt=51.0000 gap=5.0000 tried=5 sep_labels=51 clique_frac=0.01
t=400517ms iter=1187 REBUILD reject new_tc=61.8519 (was 59.9157)
t=400675ms iter=1187 incumb=59.9157 ratchet=60.2504 best=59.9157 since_improve=638
t=400682ms iter=1188 WAIST cost=56.0000 best_alt=49.0000 gap=7.0000 tried=5 sep_labels=49 clique_frac=0.01
t=400859ms iter=1188 REBUILD reject new_tc=63.2307 (was 59.9157)
t=401011ms iter=1188 incumb=59.9157 ratchet=59.9544 best=59.9157 since_improve=639
t=401019ms iter=1189 WAIST cost=56.0000 best_alt=49.0000 gap=7.0000 tried=5 sep_labels=49 clique_frac=0.01
t=401176ms iter=1189 REBUILD reject new_tc=60.8723 (was 59.9157)
t=401329ms iter=1189 incumb=59.9157 ratchet=60.0856 best=59.9157 since_improve=640
t=401336ms iter=1190 WAIST cost=56.0000 best_alt=52.0000 gap=4.0000 tried=5 sep_labels=52 clique_frac=0.01
t=401535ms iter=1190 REBUILD reject new_tc=61.4222 (was 59.9157)
t=401693ms iter=1190 incumb=59.9157 ratchet=60.0056 best=59.9157 since_improve=641
t=401702ms iter=1191 WAIST cost=56.0000 best_alt=51.0000 gap=5.0000 tried=5 sep_labels=51 clique_frac=0.01
t=401877ms iter=1191 REBUILD reject new_tc=60.6604 (was 59.9157)
t=402031ms iter=1191 incumb=59.9157 ratchet=59.9865 best=59.9157 since_improve=642
t=402040ms iter=1192 WAIST cost=56.0000 best_alt=51.0000 gap=5.0000 tried=5 sep_labels=51 clique_frac=0.01
t=402191ms iter=1192 REBUILD reject new_tc=61.4413 (was 59.9157)
t=402352ms iter=1192 incumb=59.9157 ratchet=59.9518 best=59.9157 since_improve=643
t=402360ms iter=1193 WAIST cost=56.0000 best_alt=52.0000 gap=4.0000 tried=5 sep_labels=52 clique_frac=0.01
t=402529ms iter=1193 REBUILD reject new_tc=60.9884 (was 59.9157)
t=402683ms iter=1193 incumb=59.9157 ratchet=60.0987 best=59.9157 since_improve=644
t=402692ms iter=1194 WAIST cost=56.0000 best_alt=52.0000 gap=4.0000 tried=5 sep_labels=52 clique_frac=0.01
t=402860ms iter=1194 REBUILD reject new_tc=61.2600 (was 59.9157)
t=403004ms iter=1194 incumb=59.9157 ratchet=60.0517 best=59.9157 since_improve=645
t=403012ms iter=1195 WAIST cost=56.0000 best_alt=50.0000 gap=6.0000 tried=5 sep_labels=50 clique_frac=0.01
t=403164ms iter=1195 REBUILD reject new_tc=61.2686 (was 59.9157)
t=403321ms iter=1195 incumb=59.9157 ratchet=60.0853 best=59.9157 since_improve=646
t=403332ms iter=1196 WAIST cost=56.0000 best_alt=52.0000 gap=4.0000 tried=5 sep_labels=52 clique_frac=0.01
t=403510ms iter=1196 REBUILD reject new_tc=67.8206 (was 59.9157)
t=403681ms iter=1196 incumb=59.9157 ratchet=59.9697 best=59.9157 since_improve=647
t=403689ms iter=1197 WAIST cost=56.0000 best_alt=52.0000 gap=4.0000 tried=5 sep_labels=52 clique_frac=0.01
t=403849ms iter=1197 REBUILD reject new_tc=62.2910 (was 59.9157)
t=404008ms iter=1197 incumb=59.9157 ratchet=60.0286 best=59.9157 since_improve=648
t=404016ms iter=1198 WAIST cost=56.0000 best_alt=50.0000 gap=6.0000 tried=5 sep_labels=50 clique_frac=0.01
t=404166ms iter=1198 REBUILD reject new_tc=61.6439 (was 59.9157)
t=404317ms iter=1198 incumb=59.9157 ratchet=59.9514 best=59.9157 since_improve=649
t=404326ms iter=1199 WAIST cost=56.0000 best_alt=49.0000 gap=7.0000 tried=5 sep_labels=49 clique_frac=0.01
t=404476ms iter=1199 REBUILD reject new_tc=67.8616 (was 59.9157)
t=404636ms iter=1199 incumb=59.9157 ratchet=60.0838 best=59.9157 since_improve=650
t=404643ms iter=1200 WAIST cost=56.0000 best_alt=52.0000 gap=4.0000 tried=5 sep_labels=52 clique_frac=0.01
t=404806ms iter=1200 REBUILD reject new_tc=75.0064 (was 59.9157)
t=404963ms iter=1200 incumb=59.9157 ratchet=59.9633 best=59.9157 since_improve=651
t=404971ms iter=1201 WAIST cost=56.0000 best_alt=52.0000 gap=4.0000 tried=5 sep_labels=52 clique_frac=0.01
t=405138ms iter=1201 REBUILD reject new_tc=64.7421 (was 59.9157)
t=405297ms iter=1201 incumb=59.9157 ratchet=60.3106 best=59.9157 since_improve=652
t=405304ms iter=1202 WAIST cost=56.0000 best_alt=52.0000 gap=4.0000 tried=5 sep_labels=52 clique_frac=0.01
t=405469ms iter=1202 REBUILD reject new_tc=67.1485 (was 59.9157)
t=405618ms iter=1202 incumb=59.9157 ratchet=60.0895 best=59.9157 since_improve=653
t=405628ms iter=1203 WAIST cost=56.0000 best_alt=51.0000 gap=5.0000 tried=5 sep_labels=51 clique_frac=0.01
t=405779ms iter=1203 REBUILD reject new_tc=61.5335 (was 59.9157)
t=405933ms iter=1203 incumb=59.9157 ratchet=59.9796 best=59.9157 since_improve=654
t=405940ms iter=1204 WAIST cost=56.0000 best_alt=51.0000 gap=5.0000 tried=5 sep_labels=51 clique_frac=0.01
t=406094ms iter=1204 REBUILD reject new_tc=61.7087 (was 59.9157)
t=406246ms iter=1204 incumb=59.9157 ratchet=60.1469 best=59.9157 since_improve=655
t=406255ms iter=1205 WAIST cost=56.0000 best_alt=51.0000 gap=5.0000 tried=5 sep_labels=51 clique_frac=0.01
t=406418ms iter=1205 REBUILD reject new_tc=61.6286 (was 59.9157)
t=406572ms iter=1205 incumb=59.9157 ratchet=60.0681 best=59.9157 since_improve=656
t=406581ms iter=1206 WAIST cost=56.0000 best_alt=51.0000 gap=5.0000 tried=5 sep_labels=51 clique_frac=0.01
t=406734ms iter=1206 REBUILD reject new_tc=61.3080 (was 59.9157)
t=406883ms iter=1206 incumb=59.9157 ratchet=60.0170 best=59.9157 since_improve=657
t=406891ms iter=1207 WAIST cost=56.0000 best_alt=52.0000 gap=4.0000 tried=5 sep_labels=52 clique_frac=0.01
t=407059ms iter=1207 REBUILD reject new_tc=60.9711 (was 59.9157)
t=407207ms iter=1207 incumb=59.9157 ratchet=59.9413 best=59.9157 since_improve=658
t=407214ms iter=1208 WAIST cost=56.0000 best_alt=51.0000 gap=5.0000 tried=5 sep_labels=51 clique_frac=0.01
t=407363ms iter=1208 REBUILD reject new_tc=61.1885 (was 59.9157)
t=407512ms iter=1208 incumb=59.9157 ratchet=59.9474 best=59.9157 since_improve=659
t=407519ms iter=1209 WAIST cost=56.0000 best_alt=52.0000 gap=4.0000 tried=5 sep_labels=52 clique_frac=0.01
t=407695ms iter=1209 REBUILD reject new_tc=60.6892 (was 59.9157)
t=407848ms iter=1209 incumb=59.9157 ratchet=60.0519 best=59.9157 since_improve=660
t=407856ms iter=1210 WAIST cost=56.0000 best_alt=51.0000 gap=5.0000 tried=5 sep_labels=51 clique_frac=0.01
t=408003ms iter=1210 REBUILD reject new_tc=61.5468 (was 59.9157)
t=408152ms iter=1210 incumb=59.9157 ratchet=60.0831 best=59.9157 since_improve=661
t=408160ms iter=1211 WAIST cost=56.0000 best_alt=51.0000 gap=5.0000 tried=5 sep_labels=51 clique_frac=0.01
t=408309ms iter=1211 REBUILD reject new_tc=61.0257 (was 59.9157)
t=408465ms iter=1211 incumb=59.9157 ratchet=60.0305 best=59.9157 since_improve=662
t=408474ms iter=1212 WAIST cost=56.0000 best_alt=52.0000 gap=4.0000 tried=5 sep_labels=52 clique_frac=0.01
t=408646ms iter=1212 REBUILD reject new_tc=61.3093 (was 59.9157)
t=408801ms iter=1212 incumb=59.9157 ratchet=60.0329 best=59.9157 since_improve=663
t=408809ms iter=1213 WAIST cost=56.0000 best_alt=52.0000 gap=4.0000 tried=5 sep_labels=52 clique_frac=0.01
t=408963ms iter=1213 REBUILD reject new_tc=79.0002 (was 59.9157)
t=409115ms iter=1213 incumb=59.9157 ratchet=59.9951 best=59.9157 since_improve=664
t=409122ms iter=1214 WAIST cost=56.0000 best_alt=52.0000 gap=4.0000 tried=5 sep_labels=52 clique_frac=0.01
t=409291ms iter=1214 REBUILD reject new_tc=60.6332 (was 59.9157)
t=409445ms iter=1214 incumb=59.9157 ratchet=59.9687 best=59.9157 since_improve=665
t=409453ms iter=1215 WAIST cost=56.0000 best_alt=52.0000 gap=4.0000 tried=5 sep_labels=52 clique_frac=0.01
t=409622ms iter=1215 REBUILD reject new_tc=60.5980 (was 59.9157)
t=409785ms iter=1215 incumb=59.9157 ratchet=59.9310 best=59.9157 since_improve=666
t=409798ms iter=1216 WAIST cost=56.0000 best_alt=52.0000 gap=4.0000 tried=5 sep_labels=52 clique_frac=0.01
t=409965ms iter=1216 REBUILD reject new_tc=60.7673 (was 59.9157)
t=410118ms iter=1216 incumb=59.9157 ratchet=59.9707 best=59.9157 since_improve=667
t=410125ms iter=1217 WAIST cost=56.0000 best_alt=52.0000 gap=4.0000 tried=5 sep_labels=52 clique_frac=0.01
t=410291ms iter=1217 REBUILD reject new_tc=60.7757 (was 59.9157)
t=410450ms iter=1217 incumb=59.9157 ratchet=59.9951 best=59.9157 since_improve=668
t=410457ms iter=1218 WAIST cost=56.0000 best_alt=52.0000 gap=4.0000 tried=5 sep_labels=52 clique_frac=0.01
t=410629ms iter=1218 REBUILD reject new_tc=60.6178 (was 59.9157)
t=410780ms iter=1218 incumb=59.9157 ratchet=59.9706 best=59.9157 since_improve=669
t=410789ms iter=1219 WAIST cost=56.0000 best_alt=51.0000 gap=5.0000 tried=5 sep_labels=51 clique_frac=0.01
t=410943ms iter=1219 REBUILD reject new_tc=61.7499 (was 59.9157)
t=411097ms iter=1219 incumb=59.9157 ratchet=60.2780 best=59.9157 since_improve=670
t=411105ms iter=1220 WAIST cost=56.0000 best_alt=52.0000 gap=4.0000 tried=5 sep_labels=52 clique_frac=0.01
t=411279ms iter=1220 REBUILD reject new_tc=61.7440 (was 59.9157)
t=411429ms iter=1220 incumb=59.9157 ratchet=59.9869 best=59.9157 since_improve=671
t=411436ms iter=1221 WAIST cost=56.0000 best_alt=52.0000 gap=4.0000 tried=5 sep_labels=52 clique_frac=0.01
t=411607ms iter=1221 REBUILD reject new_tc=66.4195 (was 59.9157)
t=411758ms iter=1221 incumb=59.9157 ratchet=60.1074 best=59.9157 since_improve=672
t=411766ms iter=1222 WAIST cost=56.0000 best_alt=50.0000 gap=6.0000 tried=5 sep_labels=50 clique_frac=0.01
t=411903ms iter=1222 REBUILD reject new_tc=77.0003 (was 59.9157)
t=412059ms iter=1222 incumb=59.9157 ratchet=60.0565 best=59.9157 since_improve=673
t=412067ms iter=1223 WAIST cost=56.0000 best_alt=50.0000 gap=6.0000 tried=5 sep_labels=50 clique_frac=0.01
t=412224ms iter=1223 REBUILD reject new_tc=61.5775 (was 59.9157)
t=412373ms iter=1223 incumb=59.9157 ratchet=59.9691 best=59.9157 since_improve=674
t=412383ms iter=1224 WAIST cost=56.0000 best_alt=51.0000 gap=5.0000 tried=5 sep_labels=51 clique_frac=0.01
t=412548ms iter=1224 REBUILD reject new_tc=74.0222 (was 59.9157)
t=412703ms iter=1224 incumb=59.9157 ratchet=60.0064 best=59.9157 since_improve=675
t=412714ms iter=1225 WAIST cost=56.0000 best_alt=52.0000 gap=4.0000 tried=5 sep_labels=52 clique_frac=0.01
t=412886ms iter=1225 REBUILD reject new_tc=61.0752 (was 59.9157)
t=413041ms iter=1225 incumb=59.9157 ratchet=60.0988 best=59.9157 since_improve=676
t=413051ms iter=1226 WAIST cost=56.0000 best_alt=50.0000 gap=6.0000 tried=5 sep_labels=50 clique_frac=0.01
t=413210ms iter=1226 REBUILD reject new_tc=61.4851 (was 59.9157)
t=413374ms iter=1226 incumb=59.9157 ratchet=60.1170 best=59.9157 since_improve=677
t=413383ms iter=1227 WAIST cost=56.0000 best_alt=51.0000 gap=5.0000 tried=5 sep_labels=51 clique_frac=0.01
t=413530ms iter=1227 REBUILD reject new_tc=61.2308 (was 59.9157)
t=413676ms iter=1227 incumb=59.9157 ratchet=60.5909 best=59.9157 since_improve=678
t=413685ms iter=1228 WAIST cost=56.0000 best_alt=52.0000 gap=4.0000 tried=5 sep_labels=52 clique_frac=0.01
t=413854ms iter=1228 REBUILD reject new_tc=61.2731 (was 59.9157)
t=414003ms iter=1228 incumb=59.9157 ratchet=60.1059 best=59.9157 since_improve=679
t=414010ms iter=1229 WAIST cost=56.0000 best_alt=52.0000 gap=4.0000 tried=5 sep_labels=52 clique_frac=0.01
t=414177ms iter=1229 REBUILD reject new_tc=61.5530 (was 59.9157)
t=414330ms iter=1229 incumb=59.9157 ratchet=59.9938 best=59.9157 since_improve=680
t=414338ms iter=1230 WAIST cost=56.0000 best_alt=52.0000 gap=4.0000 tried=5 sep_labels=52 clique_frac=0.01
t=414509ms iter=1230 REBUILD reject new_tc=61.3232 (was 59.9157)
t=414662ms iter=1230 incumb=59.9157 ratchet=59.9764 best=59.9157 since_improve=681
t=414670ms iter=1231 WAIST cost=56.0000 best_alt=52.0000 gap=4.0000 tried=5 sep_labels=52 clique_frac=0.01
t=414837ms iter=1231 REBUILD reject new_tc=60.7600 (was 59.9157)
t=414996ms iter=1231 incumb=59.9157 ratchet=59.9767 best=59.9157 since_improve=682
t=415004ms iter=1232 WAIST cost=56.0000 best_alt=51.0000 gap=5.0000 tried=5 sep_labels=51 clique_frac=0.01
t=415155ms iter=1232 REBUILD reject new_tc=61.7841 (was 59.9157)
t=415305ms iter=1232 incumb=59.9157 ratchet=59.9323 best=59.9157 since_improve=683
t=415313ms iter=1233 WAIST cost=56.0000 best_alt=51.0000 gap=5.0000 tried=5 sep_labels=51 clique_frac=0.01
t=415460ms iter=1233 REBUILD reject new_tc=61.7135 (was 59.9157)
t=415620ms iter=1233 incumb=59.9157 ratchet=60.0103 best=59.9157 since_improve=684
t=415626ms iter=1234 WAIST cost=56.0000 best_alt=52.0000 gap=4.0000 tried=5 sep_labels=52 clique_frac=0.01
t=415798ms iter=1234 REBUILD reject new_tc=63.3291 (was 59.9157)
t=415954ms iter=1234 incumb=59.9157 ratchet=60.0119 best=59.9157 since_improve=685
t=415962ms iter=1235 WAIST cost=56.0000 best_alt=51.0000 gap=5.0000 tried=5 sep_labels=51 clique_frac=0.01
t=416119ms iter=1235 REBUILD reject new_tc=61.6612 (was 59.9157)
t=416272ms iter=1235 incumb=59.9157 ratchet=59.9910 best=59.9157 since_improve=686
t=416279ms iter=1236 WAIST cost=56.0000 best_alt=52.0000 gap=4.0000 tried=5 sep_labels=52 clique_frac=0.01
t=416454ms iter=1236 REBUILD reject new_tc=60.9494 (was 59.9157)
t=416604ms iter=1236 incumb=59.9157 ratchet=59.9924 best=59.9157 since_improve=687
t=416614ms iter=1237 WAIST cost=56.0000 best_alt=51.0000 gap=5.0000 tried=5 sep_labels=51 clique_frac=0.01
t=416759ms iter=1237 REBUILD reject new_tc=70.0030 (was 59.9157)
t=416916ms iter=1237 incumb=59.9157 ratchet=59.9910 best=59.9157 since_improve=688
t=416925ms iter=1238 WAIST cost=56.0000 best_alt=50.0000 gap=6.0000 tried=5 sep_labels=50 clique_frac=0.01
t=417072ms iter=1238 REBUILD reject new_tc=60.7747 (was 59.9157)
t=417224ms iter=1238 incumb=59.9157 ratchet=59.9312 best=59.9157 since_improve=689
t=417232ms iter=1239 WAIST cost=56.0000 best_alt=52.0000 gap=4.0000 tried=5 sep_labels=52 clique_frac=0.01
t=417402ms iter=1239 REBUILD reject new_tc=60.6867 (was 59.9157)
t=417562ms iter=1239 incumb=59.9157 ratchet=60.0431 best=59.9157 since_improve=690
t=417569ms iter=1240 WAIST cost=56.0000 best_alt=52.0000 gap=4.0000 tried=5 sep_labels=52 clique_frac=0.01
t=417734ms iter=1240 REBUILD reject new_tc=60.8446 (was 59.9157)
t=417892ms iter=1240 incumb=59.9157 ratchet=60.0468 best=59.9157 since_improve=691
t=417899ms iter=1241 WAIST cost=56.0000 best_alt=52.0000 gap=4.0000 tried=5 sep_labels=52 clique_frac=0.01
t=418060ms iter=1241 REBUILD reject new_tc=75.0061 (was 59.9157)
t=418210ms iter=1241 incumb=59.9157 ratchet=59.9427 best=59.9157 since_improve=692
t=418218ms iter=1242 WAIST cost=56.0000 best_alt=52.0000 gap=4.0000 tried=5 sep_labels=52 clique_frac=0.01
t=418405ms iter=1242 REBUILD reject new_tc=61.4878 (was 59.9157)
t=418559ms iter=1242 incumb=59.9157 ratchet=60.0016 best=59.9157 since_improve=693
t=418567ms iter=1243 WAIST cost=56.0000 best_alt=51.0000 gap=5.0000 tried=5 sep_labels=51 clique_frac=0.01
t=418733ms iter=1243 REBUILD reject new_tc=60.8707 (was 59.9157)
t=418882ms iter=1243 incumb=59.9157 ratchet=60.0193 best=59.9157 since_improve=694
t=418891ms iter=1244 WAIST cost=56.0000 best_alt=52.0000 gap=4.0000 tried=5 sep_labels=52 clique_frac=0.01
t=419058ms iter=1244 REBUILD reject new_tc=61.4344 (was 59.9157)
t=419213ms iter=1244 incumb=59.9157 ratchet=59.9805 best=59.9157 since_improve=695
t=419222ms iter=1245 WAIST cost=56.0000 best_alt=51.0000 gap=5.0000 tried=5 sep_labels=51 clique_frac=0.01
t=419362ms iter=1245 REBUILD reject new_tc=78.0005 (was 59.9157)
t=419518ms iter=1245 incumb=59.9157 ratchet=59.9903 best=59.9157 since_improve=696
t=419525ms iter=1246 WAIST cost=56.0000 best_alt=51.0000 gap=5.0000 tried=5 sep_labels=51 clique_frac=0.01
t=419678ms iter=1246 REBUILD reject new_tc=61.3247 (was 59.9157)
t=419834ms iter=1246 incumb=59.9157 ratchet=59.9636 best=59.9157 since_improve=697
t=419843ms iter=1247 WAIST cost=56.0000 best_alt=52.0000 gap=4.0000 tried=5 sep_labels=52 clique_frac=0.01
t=420037ms iter=1247 REBUILD reject new_tc=60.2360 (was 59.9157)
t=420209ms iter=1247 incumb=59.9157 ratchet=60.0230 best=59.9157 since_improve=698
t=420217ms iter=1248 WAIST cost=56.0000 best_alt=52.0000 gap=4.0000 tried=5 sep_labels=52 clique_frac=0.01
t=420388ms iter=1248 REBUILD reject new_tc=60.7756 (was 59.9157)
t=420547ms iter=1248 incumb=59.9157 ratchet=59.9681 best=59.9157 since_improve=699
t=420557ms iter=1249 WAIST cost=56.0000 best_alt=51.0000 gap=5.0000 tried=5 sep_labels=51 clique_frac=0.01
t=420713ms iter=1249 REBUILD reject new_tc=61.4479 (was 59.9157)
t=420869ms iter=1249 incumb=59.9157 ratchet=60.1199 best=59.9157 since_improve=700
t=420876ms iter=1250 WAIST cost=56.0000 best_alt=52.0000 gap=4.0000 tried=5 sep_labels=52 clique_frac=0.01
t=421041ms iter=1250 REBUILD reject new_tc=67.3186 (was 59.9157)
t=421190ms iter=1250 incumb=59.9157 ratchet=59.9636 best=59.9157 since_improve=701
t=421197ms iter=1251 WAIST cost=56.0000 best_alt=52.0000 gap=4.0000 tried=5 sep_labels=52 clique_frac=0.01
t=421371ms iter=1251 REBUILD reject new_tc=60.7601 (was 59.9157)
t=421527ms iter=1251 incumb=59.9157 ratchet=59.9923 best=59.9157 since_improve=702
t=421535ms iter=1252 WAIST cost=56.0000 best_alt=52.0000 gap=4.0000 tried=5 sep_labels=52 clique_frac=0.01
t=421705ms iter=1252 REBUILD reject new_tc=61.4804 (was 59.9157)
t=421857ms iter=1252 incumb=59.9157 ratchet=59.9466 best=59.9157 since_improve=703
t=421864ms iter=1253 WAIST cost=56.0000 best_alt=52.0000 gap=4.0000 tried=5 sep_labels=52 clique_frac=0.01
t=422036ms iter=1253 REBUILD reject new_tc=60.3361 (was 59.9157)
t=422190ms iter=1253 incumb=59.9157 ratchet=60.0058 best=59.9157 since_improve=704
t=422197ms iter=1254 WAIST cost=56.0000 best_alt=52.0000 gap=4.0000 tried=5 sep_labels=52 clique_frac=0.01
t=422370ms iter=1254 REBUILD reject new_tc=61.3250 (was 59.9157)
t=422524ms iter=1254 incumb=59.9157 ratchet=59.9663 best=59.9157 since_improve=705
t=422532ms iter=1255 WAIST cost=56.0000 best_alt=51.0000 gap=5.0000 tried=5 sep_labels=51 clique_frac=0.01
t=422685ms iter=1255 REBUILD reject new_tc=61.0649 (was 59.9157)
t=422836ms iter=1255 incumb=59.9157 ratchet=59.9456 best=59.9157 since_improve=706
t=422843ms iter=1256 WAIST cost=56.0000 best_alt=52.0000 gap=4.0000 tried=5 sep_labels=52 clique_frac=0.01
t=423010ms iter=1256 REBUILD reject new_tc=61.3296 (was 59.9157)
t=423171ms iter=1256 incumb=59.9157 ratchet=60.0044 best=59.9157 since_improve=707
t=423179ms iter=1257 WAIST cost=56.0000 best_alt=51.0000 gap=5.0000 tried=5 sep_labels=51 clique_frac=0.01
t=423331ms iter=1257 REBUILD reject new_tc=61.3973 (was 59.9157)
t=423486ms iter=1257 incumb=59.9157 ratchet=60.0862 best=59.9157 since_improve=708
t=423493ms iter=1258 WAIST cost=56.0000 best_alt=52.0000 gap=4.0000 tried=5 sep_labels=52 clique_frac=0.01
t=423666ms iter=1258 REBUILD reject new_tc=60.4568 (was 59.9157)
t=423819ms iter=1258 incumb=59.9157 ratchet=59.9390 best=59.9157 since_improve=709
t=423828ms iter=1259 WAIST cost=56.0000 best_alt=52.0000 gap=4.0000 tried=5 sep_labels=52 clique_frac=0.01
t=423995ms iter=1259 REBUILD reject new_tc=65.4207 (was 59.9157)
t=424157ms iter=1259 incumb=59.9157 ratchet=60.0202 best=59.9157 since_improve=710
t=424165ms iter=1260 WAIST cost=56.0000 best_alt=52.0000 gap=4.0000 tried=5 sep_labels=52 clique_frac=0.01
t=424318ms iter=1260 REBUILD reject new_tc=78.0000 (was 59.9157)
t=424473ms iter=1260 incumb=59.9157 ratchet=59.9917 best=59.9157 since_improve=711
t=424481ms iter=1261 WAIST cost=56.0000 best_alt=51.0000 gap=5.0000 tried=5 sep_labels=51 clique_frac=0.01
t=424634ms iter=1261 REBUILD reject new_tc=61.8605 (was 59.9157)
t=424789ms iter=1261 incumb=59.9157 ratchet=60.0222 best=59.9157 since_improve=712
t=424798ms iter=1262 WAIST cost=56.0000 best_alt=51.0000 gap=5.0000 tried=5 sep_labels=51 clique_frac=0.01
t=424947ms iter=1262 REBUILD reject new_tc=61.9324 (was 59.9157)
t=425099ms iter=1262 incumb=59.9157 ratchet=59.9359 best=59.9157 since_improve=713
t=425108ms iter=1263 WAIST cost=56.0000 best_alt=52.0000 gap=4.0000 tried=5 sep_labels=52 clique_frac=0.01
t=425261ms iter=1263 REBUILD reject new_tc=79.0000 (was 59.9157)
t=425417ms iter=1263 incumb=59.9157 ratchet=59.9997 best=59.9157 since_improve=714
t=425426ms iter=1264 WAIST cost=56.0000 best_alt=52.0000 gap=4.0000 tried=5 sep_labels=52 clique_frac=0.01
t=425598ms iter=1264 REBUILD reject new_tc=61.6465 (was 59.9157)
t=425757ms iter=1264 incumb=59.9157 ratchet=60.0455 best=59.9157 since_improve=715
t=425766ms iter=1265 WAIST cost=56.0000 best_alt=51.0000 gap=5.0000 tried=5 sep_labels=51 clique_frac=0.01
t=425920ms iter=1265 REBUILD reject new_tc=61.1793 (was 59.9157)
t=426072ms iter=1265 incumb=59.9157 ratchet=60.0735 best=59.9157 since_improve=716
t=426080ms iter=1266 WAIST cost=56.0000 best_alt=52.0000 gap=4.0000 tried=5 sep_labels=52 clique_frac=0.01
t=426253ms iter=1266 REBUILD reject new_tc=61.2823 (was 59.9157)
t=426410ms iter=1266 incumb=59.9157 ratchet=59.9746 best=59.9157 since_improve=717
t=426417ms iter=1267 WAIST cost=56.0000 best_alt=52.0000 gap=4.0000 tried=5 sep_labels=52 clique_frac=0.01
t=426581ms iter=1267 REBUILD reject new_tc=61.3634 (was 59.9157)
t=426738ms iter=1267 incumb=59.9157 ratchet=59.9918 best=59.9157 since_improve=718
t=426746ms iter=1268 WAIST cost=56.0000 best_alt=52.0000 gap=4.0000 tried=5 sep_labels=52 clique_frac=0.01
t=426915ms iter=1268 REBUILD reject new_tc=60.9312 (was 59.9157)
t=427071ms iter=1268 incumb=59.9157 ratchet=60.0190 best=59.9157 since_improve=719
t=427078ms iter=1269 WAIST cost=56.0000 best_alt=52.0000 gap=4.0000 tried=5 sep_labels=52 clique_frac=0.01
t=427246ms iter=1269 REBUILD reject new_tc=61.3243 (was 59.9157)
t=427401ms iter=1269 incumb=59.9157 ratchet=59.9799 best=59.9157 since_improve=720
t=427410ms iter=1270 WAIST cost=56.0000 best_alt=52.0000 gap=4.0000 tried=5 sep_labels=52 clique_frac=0.01
t=427578ms iter=1270 REBUILD reject new_tc=70.0535 (was 59.9157)
t=427737ms iter=1270 incumb=59.9157 ratchet=60.1176 best=59.9157 since_improve=721
t=427744ms iter=1271 WAIST cost=56.0000 best_alt=52.0000 gap=4.0000 tried=5 sep_labels=52 clique_frac=0.01
t=427915ms iter=1271 REBUILD reject new_tc=63.5612 (was 59.9157)
t=428071ms iter=1271 incumb=59.9157 ratchet=60.0632 best=59.9157 since_improve=722
t=428080ms iter=1272 WAIST cost=56.0000 best_alt=52.0000 gap=4.0000 tried=5 sep_labels=52 clique_frac=0.01
t=428250ms iter=1272 REBUILD reject new_tc=61.5290 (was 59.9157)
t=428406ms iter=1272 incumb=59.9157 ratchet=60.3403 best=59.9157 since_improve=723
t=428413ms iter=1273 WAIST cost=56.0000 best_alt=52.0000 gap=4.0000 tried=5 sep_labels=52 clique_frac=0.01
t=428584ms iter=1273 REBUILD reject new_tc=61.4020 (was 59.9157)
t=428734ms iter=1273 incumb=59.9157 ratchet=60.0412 best=59.9157 since_improve=724
t=428743ms iter=1274 WAIST cost=56.0000 best_alt=52.0000 gap=4.0000 tried=5 sep_labels=52 clique_frac=0.01
t=428908ms iter=1274 REBUILD reject new_tc=67.1032 (was 59.9157)
t=429067ms iter=1274 incumb=59.9157 ratchet=60.0411 best=59.9157 since_improve=725
t=429078ms iter=1275 WAIST cost=56.0000 best_alt=50.0000 gap=6.0000 tried=5 sep_labels=50 clique_frac=0.01
t=429223ms iter=1275 REBUILD reject new_tc=61.2102 (was 59.9157)
t=429381ms iter=1275 incumb=59.9157 ratchet=60.0046 best=59.9157 since_improve=726
t=429391ms iter=1276 WAIST cost=56.0000 best_alt=52.0000 gap=4.0000 tried=5 sep_labels=52 clique_frac=0.01
t=429561ms iter=1276 REBUILD reject new_tc=61.2823 (was 59.9157)
t=429718ms iter=1276 incumb=59.9157 ratchet=59.9607 best=59.9157 since_improve=727
t=429728ms iter=1277 WAIST cost=56.0000 best_alt=49.0000 gap=7.0000 tried=5 sep_labels=49 clique_frac=0.01
t=429879ms iter=1277 REBUILD reject new_tc=61.3311 (was 59.9157)
t=430035ms iter=1277 incumb=59.9157 ratchet=60.0444 best=59.9157 since_improve=728
t=430042ms iter=1278 WAIST cost=56.0000 best_alt=49.0000 gap=7.0000 tried=5 sep_labels=49 clique_frac=0.01
t=430187ms iter=1278 REBUILD reject new_tc=61.4018 (was 59.9157)
t=430346ms iter=1278 incumb=59.9157 ratchet=59.9872 best=59.9157 since_improve=729
t=430354ms iter=1279 WAIST cost=56.0000 best_alt=49.0000 gap=7.0000 tried=5 sep_labels=49 clique_frac=0.01
t=430496ms iter=1279 REBUILD reject new_tc=66.7561 (was 59.9157)
t=430653ms iter=1279 incumb=59.9157 ratchet=60.0051 best=59.9157 since_improve=730
t=430662ms iter=1280 WAIST cost=56.0000 best_alt=49.0000 gap=7.0000 tried=5 sep_labels=49 clique_frac=0.01
t=430817ms iter=1280 REBUILD reject new_tc=61.4726 (was 59.9157)
t=430972ms iter=1280 incumb=59.9157 ratchet=60.1992 best=59.9157 since_improve=731
t=430981ms iter=1281 WAIST cost=56.0000 best_alt=51.0000 gap=5.0000 tried=5 sep_labels=51 clique_frac=0.01
t=431129ms iter=1281 REBUILD reject new_tc=61.2156 (was 59.9157)
t=431286ms iter=1281 incumb=59.9157 ratchet=59.9661 best=59.9157 since_improve=732
t=431294ms iter=1282 WAIST cost=56.0000 best_alt=50.0000 gap=6.0000 tried=5 sep_labels=50 clique_frac=0.01
t=431442ms iter=1282 REBUILD reject new_tc=62.2928 (was 59.9157)
t=431591ms iter=1282 incumb=59.9157 ratchet=60.3879 best=59.9157 since_improve=733
t=431599ms iter=1283 WAIST cost=56.0000 best_alt=51.0000 gap=5.0000 tried=5 sep_labels=51 clique_frac=0.01
t=431756ms iter=1283 REBUILD reject new_tc=61.4609 (was 59.9157)
t=431908ms iter=1283 incumb=59.9157 ratchet=60.0273 best=59.9157 since_improve=734
t=431915ms iter=1284 WAIST cost=56.0000 best_alt=52.0000 gap=4.0000 tried=5 sep_labels=52 clique_frac=0.01
t=432086ms iter=1284 REBUILD reject new_tc=61.5023 (was 59.9157)
t=432236ms iter=1284 incumb=59.9157 ratchet=59.9471 best=59.9157 since_improve=735
t=432245ms iter=1285 WAIST cost=56.0000 best_alt=52.0000 gap=4.0000 tried=5 sep_labels=52 clique_frac=0.01
t=432412ms iter=1285 REBUILD reject new_tc=67.6519 (was 59.9157)
t=432565ms iter=1285 incumb=59.9157 ratchet=60.0186 best=59.9157 since_improve=736
t=432573ms iter=1286 WAIST cost=56.0000 best_alt=51.0000 gap=5.0000 tried=5 sep_labels=51 clique_frac=0.01
t=432723ms iter=1286 REBUILD reject new_tc=63.4316 (was 59.9157)
t=432880ms iter=1286 incumb=59.9157 ratchet=60.0029 best=59.9157 since_improve=737
t=432887ms iter=1287 WAIST cost=56.0000 best_alt=52.0000 gap=4.0000 tried=5 sep_labels=52 clique_frac=0.01
t=433061ms iter=1287 REBUILD reject new_tc=60.5883 (was 59.9157)
t=433216ms iter=1287 incumb=59.9157 ratchet=60.1676 best=59.9157 since_improve=738
t=433225ms iter=1288 WAIST cost=56.0000 best_alt=52.0000 gap=4.0000 tried=5 sep_labels=52 clique_frac=0.01
t=433389ms iter=1288 REBUILD reject new_tc=63.5895 (was 59.9157)
t=433540ms iter=1288 incumb=59.9157 ratchet=59.9520 best=59.9157 since_improve=739
t=433548ms iter=1289 WAIST cost=56.0000 best_alt=52.0000 gap=4.0000 tried=5 sep_labels=52 clique_frac=0.01
t=433717ms iter=1289 REBUILD reject new_tc=60.4431 (was 59.9157)
t=433865ms iter=1289 incumb=59.9157 ratchet=59.9584 best=59.9157 since_improve=740
t=433873ms iter=1290 WAIST cost=56.0000 best_alt=49.0000 gap=7.0000 tried=5 sep_labels=49 clique_frac=0.01
t=434022ms iter=1290 REBUILD reject new_tc=61.1847 (was 59.9157)
t=434173ms iter=1290 incumb=59.9157 ratchet=59.9798 best=59.9157 since_improve=741
t=434182ms iter=1291 WAIST cost=56.0000 best_alt=52.0000 gap=4.0000 tried=5 sep_labels=52 clique_frac=0.01
t=434358ms iter=1291 REBUILD reject new_tc=61.7251 (was 59.9157)
t=434504ms iter=1291 incumb=59.9157 ratchet=60.0445 best=59.9157 since_improve=742
t=434513ms iter=1292 WAIST cost=56.0000 best_alt=52.0000 gap=4.0000 tried=5 sep_labels=52 clique_frac=0.01
t=434685ms iter=1292 REBUILD reject new_tc=69.1141 (was 59.9157)
t=434843ms iter=1292 incumb=59.9157 ratchet=59.9508 best=59.9157 since_improve=743
t=434851ms iter=1293 WAIST cost=56.0000 best_alt=52.0000 gap=4.0000 tried=5 sep_labels=52 clique_frac=0.01
t=435021ms iter=1293 REBUILD reject new_tc=60.8630 (was 59.9157)
t=435178ms iter=1293 incumb=59.9157 ratchet=59.9341 best=59.9157 since_improve=744
t=435186ms iter=1294 WAIST cost=56.0000 best_alt=52.0000 gap=4.0000 tried=5 sep_labels=52 clique_frac=0.01
t=435351ms iter=1294 REBUILD reject new_tc=61.0711 (was 59.9157)
t=435510ms iter=1294 incumb=59.9157 ratchet=60.1123 best=59.9157 since_improve=745
t=435518ms iter=1295 WAIST cost=56.0000 best_alt=51.0000 gap=5.0000 tried=5 sep_labels=51 clique_frac=0.01
t=435666ms iter=1295 REBUILD reject new_tc=61.2180 (was 59.9157)
t=435827ms iter=1295 incumb=59.9157 ratchet=59.9803 best=59.9157 since_improve=746
t=435836ms iter=1296 WAIST cost=56.0000 best_alt=50.0000 gap=6.0000 tried=5 sep_labels=50 clique_frac=0.01
t=435984ms iter=1296 REBUILD reject new_tc=61.3367 (was 59.9157)
t=436135ms iter=1296 incumb=59.9157 ratchet=60.1145 best=59.9157 since_improve=747
t=436143ms iter=1297 WAIST cost=56.0000 best_alt=52.0000 gap=4.0000 tried=5 sep_labels=52 clique_frac=0.01
t=436312ms iter=1297 REBUILD reject new_tc=60.7781 (was 59.9157)
t=436469ms iter=1297 incumb=59.9157 ratchet=60.0045 best=59.9157 since_improve=748
t=436476ms iter=1298 WAIST cost=56.0000 best_alt=52.0000 gap=4.0000 tried=5 sep_labels=52 clique_frac=0.01
t=436643ms iter=1298 REBUILD reject new_tc=67.2741 (was 59.9157)
t=436797ms iter=1298 incumb=59.9157 ratchet=60.0301 best=59.9157 since_improve=749
t=436806ms iter=1299 WAIST cost=56.0000 best_alt=51.0000 gap=5.0000 tried=5 sep_labels=51 clique_frac=0.01
t=436957ms iter=1299 REBUILD reject new_tc=61.9195 (was 59.9157)
t=437110ms iter=1299 incumb=59.9157 ratchet=60.0495 best=59.9157 since_improve=750
t=437119ms iter=1300 WAIST cost=56.0000 best_alt=49.0000 gap=7.0000 tried=5 sep_labels=49 clique_frac=0.01
t=437275ms iter=1300 REBUILD reject new_tc=61.5655 (was 59.9157)
t=437422ms iter=1300 incumb=59.9157 ratchet=60.1903 best=59.9157 since_improve=751
t=437433ms iter=1301 WAIST cost=56.0000 best_alt=52.0000 gap=4.0000 tried=5 sep_labels=52 clique_frac=0.01
t=437601ms iter=1301 REBUILD reject new_tc=61.6788 (was 59.9157)
t=437757ms iter=1301 incumb=59.9157 ratchet=60.0367 best=59.9157 since_improve=752
t=437764ms iter=1302 WAIST cost=56.0000 best_alt=51.0000 gap=5.0000 tried=5 sep_labels=51 clique_frac=0.02
t=437925ms iter=1302 REBUILD reject new_tc=61.4855 (was 59.9157)
t=438084ms iter=1302 incumb=59.9157 ratchet=59.9393 best=59.9157 since_improve=753
t=438091ms iter=1303 WAIST cost=56.0000 best_alt=52.0000 gap=4.0000 tried=5 sep_labels=52 clique_frac=0.01
t=438263ms iter=1303 REBUILD reject new_tc=61.7776 (was 59.9157)
t=438415ms iter=1303 incumb=59.9157 ratchet=59.9834 best=59.9157 since_improve=754
t=438422ms iter=1304 WAIST cost=56.0000 best_alt=52.0000 gap=4.0000 tried=5 sep_labels=52 clique_frac=0.01
t=438582ms iter=1304 REBUILD reject new_tc=75.0018 (was 59.9157)
t=438742ms iter=1304 incumb=59.9157 ratchet=59.9963 best=59.9157 since_improve=755
t=438750ms iter=1305 WAIST cost=56.0000 best_alt=51.0000 gap=5.0000 tried=5 sep_labels=51 clique_frac=0.01
t=438892ms iter=1305 REBUILD reject new_tc=85.0423 (was 59.9157)
t=439041ms iter=1305 incumb=59.9157 ratchet=60.0508 best=59.9157 since_improve=756
t=439048ms iter=1306 WAIST cost=56.0000 best_alt=51.0000 gap=5.0000 tried=5 sep_labels=51 clique_frac=0.01
t=439199ms iter=1306 REBUILD reject new_tc=64.3312 (was 59.9157)
t=439350ms iter=1306 incumb=59.9157 ratchet=60.0420 best=59.9157 since_improve=757
t=439358ms iter=1307 WAIST cost=56.0000 best_alt=50.0000 gap=6.0000 tried=5 sep_labels=50 clique_frac=0.01
t=439509ms iter=1307 REBUILD reject new_tc=61.1455 (was 59.9157)
t=439660ms iter=1307 incumb=59.9157 ratchet=60.0013 best=59.9157 since_improve=758
t=439668ms iter=1308 WAIST cost=56.0000 best_alt=52.0000 gap=4.0000 tried=5 sep_labels=52 clique_frac=0.01
t=439830ms iter=1308 REBUILD reject new_tc=65.2409 (was 59.9157)
t=439987ms iter=1308 incumb=59.9157 ratchet=59.9493 best=59.9157 since_improve=759
t=439995ms iter=1309 WAIST cost=56.0000 best_alt=50.0000 gap=6.0000 tried=5 sep_labels=50 clique_frac=0.01
t=440142ms iter=1309 REBUILD reject new_tc=69.3333 (was 59.9157)
t=440292ms iter=1309 incumb=59.9157 ratchet=60.0478 best=59.9157 since_improve=760
t=440301ms iter=1310 WAIST cost=56.0000 best_alt=51.0000 gap=5.0000 tried=5 sep_labels=51 clique_frac=0.01
t=440475ms iter=1310 REBUILD reject new_tc=61.6139 (was 59.9157)
t=440627ms iter=1310 incumb=59.9157 ratchet=60.0377 best=59.9157 since_improve=761
t=440634ms iter=1311 WAIST cost=56.0000 best_alt=52.0000 gap=4.0000 tried=5 sep_labels=52 clique_frac=0.01
t=440804ms iter=1311 REBUILD reject new_tc=60.9085 (was 59.9157)
t=440961ms iter=1311 incumb=59.9157 ratchet=60.0191 best=59.9157 since_improve=762
t=440967ms iter=1312 WAIST cost=56.0000 best_alt=52.0000 gap=4.0000 tried=5 sep_labels=52 clique_frac=0.01
t=441139ms iter=1312 REBUILD reject new_tc=65.3075 (was 59.9157)
t=441291ms iter=1312 incumb=59.9157 ratchet=59.9771 best=59.9157 since_improve=763
t=441299ms iter=1313 WAIST cost=56.0000 best_alt=52.0000 gap=4.0000 tried=5 sep_labels=52 clique_frac=0.01
t=441468ms iter=1313 REBUILD reject new_tc=61.5069 (was 59.9157)
t=441622ms iter=1313 incumb=59.9157 ratchet=60.0199 best=59.9157 since_improve=764
t=441629ms iter=1314 WAIST cost=56.0000 best_alt=52.0000 gap=4.0000 tried=5 sep_labels=52 clique_frac=0.01
t=441795ms iter=1314 REBUILD reject new_tc=61.2190 (was 59.9157)
t=441955ms iter=1314 incumb=59.9157 ratchet=59.9280 best=59.9157 since_improve=765
t=441964ms iter=1315 WAIST cost=56.0000 best_alt=50.0000 gap=6.0000 tried=5 sep_labels=50 clique_frac=0.01
t=442115ms iter=1315 REBUILD reject new_tc=60.7795 (was 59.9157)
t=442273ms iter=1315 incumb=59.9157 ratchet=60.1083 best=59.9157 since_improve=766
t=442282ms iter=1316 WAIST cost=56.0000 best_alt=50.0000 gap=6.0000 tried=5 sep_labels=50 clique_frac=0.01
t=442431ms iter=1316 REBUILD reject new_tc=61.1272 (was 59.9157)
t=442583ms iter=1316 incumb=59.9157 ratchet=59.9995 best=59.9157 since_improve=767
t=442592ms iter=1317 WAIST cost=56.0000 best_alt=52.0000 gap=4.0000 tried=5 sep_labels=52 clique_frac=0.01
t=442763ms iter=1317 REBUILD reject new_tc=61.4104 (was 59.9157)
t=442917ms iter=1317 incumb=59.9157 ratchet=60.0130 best=59.9157 since_improve=768
t=442925ms iter=1318 WAIST cost=56.0000 best_alt=51.0000 gap=5.0000 tried=5 sep_labels=51 clique_frac=0.01
t=443083ms iter=1318 REBUILD reject new_tc=61.6874 (was 59.9157)
t=443237ms iter=1318 incumb=59.9157 ratchet=60.0302 best=59.9157 since_improve=769
t=443247ms iter=1319 WAIST cost=56.0000 best_alt=51.0000 gap=5.0000 tried=5 sep_labels=51 clique_frac=0.01
t=443417ms iter=1319 REBUILD reject new_tc=68.7861 (was 59.9157)
t=443570ms iter=1319 incumb=59.9157 ratchet=60.1450 best=59.9157 since_improve=770
t=443579ms iter=1320 WAIST cost=56.0000 best_alt=52.0000 gap=4.0000 tried=5 sep_labels=52 clique_frac=0.01
t=443747ms iter=1320 REBUILD reject new_tc=61.3405 (was 59.9157)
t=443904ms iter=1320 incumb=59.9157 ratchet=60.6014 best=59.9157 since_improve=771
t=443913ms iter=1321 WAIST cost=56.0000 best_alt=50.0000 gap=6.0000 tried=5 sep_labels=50 clique_frac=0.01
t=444049ms iter=1321 REBUILD reject new_tc=80.0000 (was 59.9157)
t=444202ms iter=1321 incumb=59.9157 ratchet=59.9708 best=59.9157 since_improve=772
t=444214ms iter=1322 WAIST cost=56.0000 best_alt=52.0000 gap=4.0000 tried=5 sep_labels=52 clique_frac=0.01
t=444384ms iter=1322 REBUILD reject new_tc=67.0047 (was 59.9157)
t=444538ms iter=1322 incumb=59.9157 ratchet=59.9757 best=59.9157 since_improve=773
t=444547ms iter=1323 WAIST cost=56.0000 best_alt=52.0000 gap=4.0000 tried=5 sep_labels=52 clique_frac=0.01
t=444710ms iter=1323 REBUILD reject new_tc=61.3492 (was 59.9157)
t=444864ms iter=1323 incumb=59.9157 ratchet=60.0461 best=59.9157 since_improve=774
t=444873ms iter=1324 WAIST cost=56.0000 best_alt=49.0000 gap=7.0000 tried=5 sep_labels=49 clique_frac=0.01
t=445022ms iter=1324 REBUILD reject new_tc=60.8470 (was 59.9157)
t=445182ms iter=1324 incumb=59.9157 ratchet=59.9593 best=59.9157 since_improve=775
t=445191ms iter=1325 WAIST cost=56.0000 best_alt=52.0000 gap=4.0000 tried=5 sep_labels=52 clique_frac=0.01
t=445363ms iter=1325 REBUILD reject new_tc=60.3300 (was 59.9157)
t=445518ms iter=1325 incumb=59.9157 ratchet=59.9801 best=59.9157 since_improve=776
t=445527ms iter=1326 WAIST cost=56.0000 best_alt=51.0000 gap=5.0000 tried=5 sep_labels=51 clique_frac=0.01
t=445675ms iter=1326 REBUILD reject new_tc=60.8083 (was 59.9157)
t=445828ms iter=1326 incumb=59.9157 ratchet=59.9642 best=59.9157 since_improve=777
t=445835ms iter=1327 WAIST cost=56.0000 best_alt=50.0000 gap=6.0000 tried=5 sep_labels=50 clique_frac=0.01
t=445987ms iter=1327 REBUILD reject new_tc=60.8954 (was 59.9157)
t=446139ms iter=1327 incumb=59.9157 ratchet=60.0367 best=59.9157 since_improve=778
t=446146ms iter=1328 WAIST cost=56.0000 best_alt=52.0000 gap=4.0000 tried=5 sep_labels=52 clique_frac=0.01
t=446314ms iter=1328 REBUILD reject new_tc=60.7718 (was 59.9157)
t=446473ms iter=1328 incumb=59.9157 ratchet=59.9600 best=59.9157 since_improve=779
t=446481ms iter=1329 WAIST cost=56.0000 best_alt=52.0000 gap=4.0000 tried=5 sep_labels=52 clique_frac=0.01
t=446650ms iter=1329 REBUILD reject new_tc=61.3316 (was 59.9157)
t=446805ms iter=1329 incumb=59.9157 ratchet=60.0688 best=59.9157 since_improve=780
t=446812ms iter=1330 WAIST cost=56.0000 best_alt=52.0000 gap=4.0000 tried=5 sep_labels=52 clique_frac=0.01
t=446979ms iter=1330 REBUILD reject new_tc=60.9878 (was 59.9157)
t=447134ms iter=1330 incumb=59.9157 ratchet=60.1267 best=59.9157 since_improve=781
t=447143ms iter=1331 WAIST cost=56.0000 best_alt=52.0000 gap=4.0000 tried=5 sep_labels=52 clique_frac=0.01
t=447306ms iter=1331 REBUILD reject new_tc=61.2179 (was 59.9157)
t=447462ms iter=1331 incumb=59.9157 ratchet=59.9762 best=59.9157 since_improve=782
t=447469ms iter=1332 WAIST cost=56.0000 best_alt=52.0000 gap=4.0000 tried=5 sep_labels=52 clique_frac=0.01
t=447632ms iter=1332 REBUILD reject new_tc=67.4480 (was 59.9157)
t=447788ms iter=1332 incumb=59.9157 ratchet=60.0003 best=59.9157 since_improve=783
t=447801ms iter=1333 WAIST cost=56.0000 best_alt=50.0000 gap=6.0000 tried=5 sep_labels=50 clique_frac=0.01
t=447947ms iter=1333 REBUILD reject new_tc=71.2671 (was 59.9157)
t=448101ms iter=1333 incumb=59.9157 ratchet=60.0501 best=59.9157 since_improve=784
t=448109ms iter=1334 WAIST cost=56.0000 best_alt=52.0000 gap=4.0000 tried=5 sep_labels=52 clique_frac=0.01
t=448278ms iter=1334 REBUILD reject new_tc=61.4110 (was 59.9157)
t=448432ms iter=1334 incumb=59.9157 ratchet=59.9778 best=59.9157 since_improve=785
t=448441ms iter=1335 WAIST cost=56.0000 best_alt=52.0000 gap=4.0000 tried=5 sep_labels=52 clique_frac=0.01
t=448613ms iter=1335 REBUILD reject new_tc=67.2858 (was 59.9157)
t=448768ms iter=1335 incumb=59.9157 ratchet=59.9624 best=59.9157 since_improve=786
t=448776ms iter=1336 WAIST cost=56.0000 best_alt=52.0000 gap=4.0000 tried=5 sep_labels=52 clique_frac=0.01
t=448936ms iter=1336 REBUILD reject new_tc=74.0003 (was 59.9157)
t=449088ms iter=1336 incumb=59.9157 ratchet=60.0145 best=59.9157 since_improve=787
t=449097ms iter=1337 WAIST cost=56.0000 best_alt=50.0000 gap=6.0000 tried=5 sep_labels=50 clique_frac=0.01
t=449247ms iter=1337 REBUILD reject new_tc=61.1067 (was 59.9157)
t=449398ms iter=1337 incumb=59.9157 ratchet=59.9965 best=59.9157 since_improve=788
t=449406ms iter=1338 WAIST cost=56.0000 best_alt=51.0000 gap=5.0000 tried=5 sep_labels=51 clique_frac=0.01
t=449549ms iter=1338 REBUILD reject new_tc=76.0007 (was 59.9157)
t=449705ms iter=1338 incumb=59.9157 ratchet=60.1391 best=59.9157 since_improve=789
t=449713ms iter=1339 WAIST cost=56.0000 best_alt=50.0000 gap=6.0000 tried=5 sep_labels=50 clique_frac=0.01
t=449866ms iter=1339 REBUILD reject new_tc=61.3447 (was 59.9157)
t=450020ms iter=1339 incumb=59.9157 ratchet=59.9610 best=59.9157 since_improve=790
t=450030ms iter=1340 WAIST cost=56.0000 best_alt=52.0000 gap=4.0000 tried=5 sep_labels=52 clique_frac=0.01
t=450202ms iter=1340 REBUILD reject new_tc=61.3376 (was 59.9157)
t=450354ms iter=1340 incumb=59.9157 ratchet=59.9739 best=59.9157 since_improve=791
t=450361ms iter=1341 WAIST cost=56.0000 best_alt=51.0000 gap=5.0000 tried=5 sep_labels=51 clique_frac=0.01
t=450512ms iter=1341 REBUILD reject new_tc=61.4283 (was 59.9157)
t=450670ms iter=1341 incumb=59.9157 ratchet=59.9860 best=59.9157 since_improve=792
t=450681ms iter=1342 WAIST cost=56.0000 best_alt=51.0000 gap=5.0000 tried=5 sep_labels=51 clique_frac=0.01
t=450849ms iter=1342 REBUILD reject new_tc=61.3102 (was 59.9157)
t=451008ms iter=1342 incumb=59.9157 ratchet=59.9690 best=59.9157 since_improve=793
t=451017ms iter=1343 WAIST cost=56.0000 best_alt=52.0000 gap=4.0000 tried=5 sep_labels=52 clique_frac=0.01
t=451187ms iter=1343 REBUILD reject new_tc=61.3435 (was 59.9157)
t=451339ms iter=1343 incumb=59.9157 ratchet=59.9627 best=59.9157 since_improve=794
t=451348ms iter=1344 WAIST cost=56.0000 best_alt=51.0000 gap=5.0000 tried=5 sep_labels=51 clique_frac=0.01
t=451485ms iter=1344 REBUILD reject new_tc=76.0000 (was 59.9157)
t=451645ms iter=1344 incumb=59.9157 ratchet=60.2357 best=59.9157 since_improve=795
t=451652ms iter=1345 WAIST cost=56.0000 best_alt=52.0000 gap=4.0000 tried=5 sep_labels=52 clique_frac=0.01
t=451825ms iter=1345 REBUILD reject new_tc=60.1661 (was 59.9157)
t=451982ms iter=1345 incumb=59.9157 ratchet=59.9827 best=59.9157 since_improve=796
t=451990ms iter=1346 WAIST cost=56.0000 best_alt=52.0000 gap=4.0000 tried=5 sep_labels=52 clique_frac=0.01
t=452162ms iter=1346 REBUILD reject new_tc=60.8254 (was 59.9157)
t=452315ms iter=1346 incumb=59.9157 ratchet=60.0291 best=59.9157 since_improve=797
t=452327ms iter=1347 WAIST cost=56.0000 best_alt=51.0000 gap=5.0000 tried=5 sep_labels=51 clique_frac=0.01
t=452490ms iter=1347 REBUILD reject new_tc=63.7088 (was 59.9157)
t=452644ms iter=1347 incumb=59.9157 ratchet=59.9458 best=59.9157 since_improve=798
t=452654ms iter=1348 WAIST cost=56.0000 best_alt=49.0000 gap=7.0000 tried=5 sep_labels=49 clique_frac=0.01
t=452810ms iter=1348 REBUILD reject new_tc=60.7762 (was 59.9157)
t=452959ms iter=1348 incumb=59.9157 ratchet=60.0737 best=59.9157 since_improve=799
t=452968ms iter=1349 WAIST cost=56.0000 best_alt=52.0000 gap=4.0000 tried=5 sep_labels=52 clique_frac=0.01
t=453141ms iter=1349 REBUILD reject new_tc=61.3661 (was 59.9157)
t=453294ms iter=1349 incumb=59.9157 ratchet=60.0683 best=59.9157 since_improve=800
t=453302ms iter=1350 WAIST cost=56.0000 best_alt=51.0000 gap=5.0000 tried=5 sep_labels=51 clique_frac=0.01
t=453458ms iter=1350 REBUILD reject new_tc=60.9857 (was 59.9157)
t=453612ms iter=1350 incumb=59.9157 ratchet=59.9937 best=59.9157 since_improve=801
t=453620ms iter=1351 WAIST cost=56.0000 best_alt=52.0000 gap=4.0000 tried=5 sep_labels=52 clique_frac=0.01
t=453790ms iter=1351 REBUILD reject new_tc=61.3923 (was 59.9157)
t=453946ms iter=1351 incumb=59.9157 ratchet=59.9985 best=59.9157 since_improve=802
t=453953ms iter=1352 WAIST cost=56.0000 best_alt=50.0000 gap=6.0000 tried=5 sep_labels=50 clique_frac=0.01
t=454102ms iter=1352 REBUILD reject new_tc=61.3722 (was 59.9157)
t=454256ms iter=1352 incumb=59.9157 ratchet=60.0150 best=59.9157 since_improve=803
t=454266ms iter=1353 WAIST cost=56.0000 best_alt=51.0000 gap=5.0000 tried=5 sep_labels=51 clique_frac=0.01
t=454431ms iter=1353 REBUILD reject new_tc=63.3342 (was 59.9157)
t=454590ms iter=1353 incumb=59.9157 ratchet=60.0873 best=59.9157 since_improve=804
t=454599ms iter=1354 WAIST cost=56.0000 best_alt=52.0000 gap=4.0000 tried=5 sep_labels=52 clique_frac=0.01
t=454777ms iter=1354 REBUILD reject new_tc=61.7995 (was 59.9157)
t=454936ms iter=1354 incumb=59.9157 ratchet=60.0615 best=59.9157 since_improve=805
t=454945ms iter=1355 WAIST cost=56.0000 best_alt=50.0000 gap=6.0000 tried=5 sep_labels=50 clique_frac=0.01
t=455094ms iter=1355 REBUILD reject new_tc=61.6040 (was 59.9157)
t=455247ms iter=1355 incumb=59.9157 ratchet=60.0021 best=59.9157 since_improve=806
t=455257ms iter=1356 WAIST cost=56.0000 best_alt=49.0000 gap=7.0000 tried=5 sep_labels=49 clique_frac=0.01
t=455410ms iter=1356 REBUILD reject new_tc=61.4041 (was 59.9157)
t=455569ms iter=1356 incumb=59.9157 ratchet=60.0053 best=59.9157 since_improve=807
t=455578ms iter=1357 WAIST cost=56.0000 best_alt=51.0000 gap=5.0000 tried=5 sep_labels=51 clique_frac=0.01
t=455722ms iter=1357 REBUILD reject new_tc=65.1652 (was 59.9157)
t=455880ms iter=1357 incumb=59.9157 ratchet=59.9569 best=59.9157 since_improve=808
t=455887ms iter=1358 WAIST cost=56.0000 best_alt=51.0000 gap=5.0000 tried=5 sep_labels=51 clique_frac=0.01
t=456062ms iter=1358 REBUILD reject new_tc=60.8024 (was 59.9157)
t=456214ms iter=1358 incumb=59.9157 ratchet=59.9845 best=59.9157 since_improve=809
t=456223ms iter=1359 WAIST cost=56.0000 best_alt=52.0000 gap=4.0000 tried=5 sep_labels=52 clique_frac=0.01
t=456394ms iter=1359 REBUILD reject new_tc=61.0701 (was 59.9157)
t=456546ms iter=1359 incumb=59.9157 ratchet=60.0133 best=59.9157 since_improve=810
t=456555ms iter=1360 WAIST cost=56.0000 best_alt=51.0000 gap=5.0000 tried=5 sep_labels=51 clique_frac=0.01
t=456700ms iter=1360 REBUILD reject new_tc=70.0276 (was 59.9157)
t=456852ms iter=1360 incumb=59.9157 ratchet=60.0604 best=59.9157 since_improve=811
t=456860ms iter=1361 WAIST cost=56.0000 best_alt=52.0000 gap=4.0000 tried=5 sep_labels=52 clique_frac=0.01
t=457036ms iter=1361 REBUILD reject new_tc=60.7307 (was 59.9157)
t=457189ms iter=1361 incumb=59.9157 ratchet=60.0450 best=59.9157 since_improve=812
t=457196ms iter=1362 WAIST cost=56.0000 best_alt=52.0000 gap=4.0000 tried=5 sep_labels=52 clique_frac=0.01
t=457363ms iter=1362 REBUILD reject new_tc=60.8173 (was 59.9157)
t=457516ms iter=1362 incumb=59.9157 ratchet=59.9714 best=59.9157 since_improve=813
t=457524ms iter=1363 WAIST cost=56.0000 best_alt=49.0000 gap=7.0000 tried=5 sep_labels=49 clique_frac=0.01
t=457673ms iter=1363 REBUILD reject new_tc=61.5953 (was 59.9157)
t=457831ms iter=1363 incumb=59.9157 ratchet=60.0339 best=59.9157 since_improve=814
t=457839ms iter=1364 WAIST cost=56.0000 best_alt=52.0000 gap=4.0000 tried=5 sep_labels=52 clique_frac=0.01
t=458007ms iter=1364 REBUILD reject new_tc=61.4709 (was 59.9157)
t=458162ms iter=1364 incumb=59.9157 ratchet=59.9315 best=59.9157 since_improve=815
t=458171ms iter=1365 WAIST cost=56.0000 best_alt=50.0000 gap=6.0000 tried=5 sep_labels=50 clique_frac=0.01
t=458328ms iter=1365 REBUILD reject new_tc=67.0323 (was 59.9157)
t=458491ms iter=1365 incumb=59.9157 ratchet=60.0329 best=59.9157 since_improve=816
t=458503ms iter=1366 WAIST cost=56.0000 best_alt=51.0000 gap=5.0000 tried=5 sep_labels=51 clique_frac=0.01
t=458666ms iter=1366 REBUILD reject new_tc=61.3865 (was 59.9157)
t=458818ms iter=1366 incumb=59.9157 ratchet=59.9518 best=59.9157 since_improve=817
t=458825ms iter=1367 WAIST cost=56.0000 best_alt=52.0000 gap=4.0000 tried=5 sep_labels=52 clique_frac=0.01
t=458989ms iter=1367 REBUILD reject new_tc=61.4686 (was 59.9157)
t=459143ms iter=1367 incumb=59.9157 ratchet=60.0158 best=59.9157 since_improve=818
t=459153ms iter=1368 WAIST cost=56.0000 best_alt=51.0000 gap=5.0000 tried=5 sep_labels=51 clique_frac=0.01
t=459311ms iter=1368 REBUILD reject new_tc=62.3584 (was 59.9157)
t=459468ms iter=1368 incumb=59.9157 ratchet=59.9346 best=59.9157 since_improve=819
t=459477ms iter=1369 WAIST cost=56.0000 best_alt=51.0000 gap=5.0000 tried=5 sep_labels=51 clique_frac=0.01
t=459630ms iter=1369 REBUILD reject new_tc=61.5129 (was 59.9157)
t=459782ms iter=1369 incumb=59.9157 ratchet=60.0405 best=59.9157 since_improve=820
t=459792ms iter=1370 WAIST cost=56.0000 best_alt=51.0000 gap=5.0000 tried=5 sep_labels=51 clique_frac=0.01
t=459947ms iter=1370 REBUILD reject new_tc=61.5958 (was 59.9157)
t=460106ms iter=1370 incumb=59.9157 ratchet=59.9891 best=59.9157 since_improve=821
t=460115ms iter=1371 WAIST cost=56.0000 best_alt=50.0000 gap=6.0000 tried=5 sep_labels=50 clique_frac=0.01
t=460264ms iter=1371 REBUILD reject new_tc=61.5155 (was 59.9157)
t=460417ms iter=1371 incumb=59.9157 ratchet=59.9876 best=59.9157 since_improve=822
t=460426ms iter=1372 WAIST cost=56.0000 best_alt=50.0000 gap=6.0000 tried=5 sep_labels=50 clique_frac=0.01
t=460570ms iter=1372 REBUILD reject new_tc=66.0454 (was 59.9157)
t=460724ms iter=1372 incumb=59.9157 ratchet=60.0281 best=59.9157 since_improve=823
t=460733ms iter=1373 WAIST cost=56.0000 best_alt=49.0000 gap=7.0000 tried=5 sep_labels=49 clique_frac=0.01
t=460907ms iter=1373 REBUILD reject new_tc=65.8844 (was 59.9157)
t=461063ms iter=1373 incumb=59.9157 ratchet=59.9972 best=59.9157 since_improve=824
t=461070ms iter=1374 WAIST cost=56.0000 best_alt=51.0000 gap=5.0000 tried=5 sep_labels=51 clique_frac=0.01
t=461220ms iter=1374 REBUILD reject new_tc=61.4382 (was 59.9157)
t=461372ms iter=1374 incumb=59.9157 ratchet=60.0715 best=59.9157 since_improve=825
t=461380ms iter=1375 WAIST cost=56.0000 best_alt=51.0000 gap=5.0000 tried=5 sep_labels=51 clique_frac=0.01
t=461542ms iter=1375 REBUILD reject new_tc=62.9162 (was 59.9157)
t=461689ms iter=1375 incumb=59.9157 ratchet=60.0582 best=59.9157 since_improve=826
t=461698ms iter=1376 WAIST cost=56.0000 best_alt=49.0000 gap=7.0000 tried=5 sep_labels=49 clique_frac=0.01
t=461851ms iter=1376 REBUILD reject new_tc=60.7194 (was 59.9157)
t=462005ms iter=1376 incumb=59.9157 ratchet=59.9744 best=59.9157 since_improve=827
t=462014ms iter=1377 WAIST cost=56.0000 best_alt=52.0000 gap=4.0000 tried=5 sep_labels=52 clique_frac=0.01
t=462182ms iter=1377 REBUILD reject new_tc=64.1703 (was 59.9157)
t=462336ms iter=1377 incumb=59.9157 ratchet=60.0140 best=59.9157 since_improve=828
t=462346ms iter=1378 WAIST cost=56.0000 best_alt=51.0000 gap=5.0000 tried=5 sep_labels=51 clique_frac=0.01
t=462500ms iter=1378 REBUILD reject new_tc=69.5488 (was 59.9157)
t=462658ms iter=1378 incumb=59.9157 ratchet=60.0225 best=59.9157 since_improve=829
t=462669ms iter=1379 WAIST cost=56.0000 best_alt=50.0000 gap=6.0000 tried=5 sep_labels=50 clique_frac=0.01
t=462820ms iter=1379 REBUILD reject new_tc=61.2701 (was 59.9157)
t=462982ms iter=1379 incumb=59.9157 ratchet=59.9857 best=59.9157 since_improve=830
t=462990ms iter=1380 WAIST cost=56.0000 best_alt=50.0000 gap=6.0000 tried=5 sep_labels=50 clique_frac=0.01
t=463141ms iter=1380 REBUILD reject new_tc=65.6072 (was 59.9157)
t=463293ms iter=1380 incumb=59.9157 ratchet=60.0684 best=59.9157 since_improve=831
t=463302ms iter=1381 WAIST cost=56.0000 best_alt=51.0000 gap=5.0000 tried=5 sep_labels=51 clique_frac=0.02
t=463455ms iter=1381 REBUILD reject new_tc=65.1298 (was 59.9157)
t=463606ms iter=1381 incumb=59.9157 ratchet=60.0795 best=59.9157 since_improve=832
t=463614ms iter=1382 WAIST cost=56.0000 best_alt=52.0000 gap=4.0000 tried=5 sep_labels=52 clique_frac=0.01
t=463784ms iter=1382 REBUILD reject new_tc=60.6598 (was 59.9157)
t=463941ms iter=1382 incumb=59.9157 ratchet=60.0312 best=59.9157 since_improve=833
t=463950ms iter=1383 WAIST cost=56.0000 best_alt=52.0000 gap=4.0000 tried=5 sep_labels=52 clique_frac=0.01
t=464116ms iter=1383 REBUILD reject new_tc=67.8982 (was 59.9157)
t=464266ms iter=1383 incumb=59.9157 ratchet=60.0302 best=59.9157 since_improve=834
t=464272ms iter=1384 WAIST cost=56.0000 best_alt=51.0000 gap=5.0000 tried=5 sep_labels=51 clique_frac=0.01
t=464427ms iter=1384 REBUILD reject new_tc=61.1369 (was 59.9157)
t=464579ms iter=1384 incumb=59.9157 ratchet=59.9473 best=59.9157 since_improve=835
t=464588ms iter=1385 WAIST cost=56.0000 best_alt=51.0000 gap=5.0000 tried=5 sep_labels=51 clique_frac=0.01
t=464745ms iter=1385 REBUILD reject new_tc=61.5465 (was 59.9157)
t=464905ms iter=1385 incumb=59.9157 ratchet=60.0095 best=59.9157 since_improve=836
t=464913ms iter=1386 WAIST cost=56.0000 best_alt=51.0000 gap=5.0000 tried=5 sep_labels=51 clique_frac=0.01
t=465055ms iter=1386 REBUILD reject new_tc=73.0272 (was 59.9157)
t=465211ms iter=1386 incumb=59.9157 ratchet=60.0067 best=59.9157 since_improve=837
t=465219ms iter=1387 WAIST cost=56.0000 best_alt=52.0000 gap=4.0000 tried=5 sep_labels=52 clique_frac=0.01
t=465386ms iter=1387 REBUILD reject new_tc=61.4410 (was 59.9157)
t=465543ms iter=1387 incumb=59.9157 ratchet=60.0426 best=59.9157 since_improve=838
t=465554ms iter=1388 WAIST cost=56.0000 best_alt=52.0000 gap=4.0000 tried=5 sep_labels=52 clique_frac=0.01
t=465728ms iter=1388 REBUILD reject new_tc=61.3767 (was 59.9157)
t=465889ms iter=1388 incumb=59.9157 ratchet=60.0044 best=59.9157 since_improve=839
t=465897ms iter=1389 WAIST cost=56.0000 best_alt=52.0000 gap=4.0000 tried=5 sep_labels=52 clique_frac=0.01
t=466071ms iter=1389 REBUILD reject new_tc=60.8637 (was 59.9157)
t=466227ms iter=1389 incumb=59.9157 ratchet=60.5089 best=59.9157 since_improve=840
t=466236ms iter=1390 WAIST cost=56.0000 best_alt=51.0000 gap=5.0000 tried=5 sep_labels=51 clique_frac=0.01
t=466383ms iter=1390 REBUILD reject new_tc=60.6310 (was 59.9157)
t=466539ms iter=1390 incumb=59.9157 ratchet=60.0164 best=59.9157 since_improve=841
t=466546ms iter=1391 WAIST cost=56.0000 best_alt=51.0000 gap=5.0000 tried=5 sep_labels=51 clique_frac=0.01
t=466690ms iter=1391 REBUILD reject new_tc=75.0177 (was 59.9157)
t=466845ms iter=1391 incumb=59.9157 ratchet=60.0384 best=59.9157 since_improve=842
t=466854ms iter=1392 WAIST cost=56.0000 best_alt=51.0000 gap=5.0000 tried=5 sep_labels=51 clique_frac=0.01
t=467005ms iter=1392 REBUILD reject new_tc=61.5318 (was 59.9157)
t=467157ms iter=1392 incumb=59.9157 ratchet=60.1807 best=59.9157 since_improve=843
t=467165ms iter=1393 WAIST cost=56.0000 best_alt=52.0000 gap=4.0000 tried=5 sep_labels=52 clique_frac=0.01
t=467336ms iter=1393 REBUILD reject new_tc=60.1022 (was 59.9157)
t=467490ms iter=1393 incumb=59.9157 ratchet=59.9875 best=59.9157 since_improve=844
t=467498ms iter=1394 WAIST cost=56.0000 best_alt=49.0000 gap=7.0000 tried=5 sep_labels=49 clique_frac=0.01
t=467648ms iter=1394 REBUILD reject new_tc=61.6011 (was 59.9157)
t=467800ms iter=1394 incumb=59.9157 ratchet=59.9873 best=59.9157 since_improve=845
t=467809ms iter=1395 WAIST cost=56.0000 best_alt=51.0000 gap=5.0000 tried=5 sep_labels=51 clique_frac=0.01
t=467944ms iter=1395 REBUILD reject new_tc=83.0000 (was 59.9157)
t=468096ms iter=1395 incumb=59.9157 ratchet=59.9972 best=59.9157 since_improve=846
t=468103ms iter=1396 WAIST cost=56.0000 best_alt=51.0000 gap=5.0000 tried=5 sep_labels=51 clique_frac=0.01
t=468247ms iter=1396 REBUILD reject new_tc=83.0020 (was 59.9157)
t=468403ms iter=1396 incumb=59.9157 ratchet=60.0141 best=59.9157 since_improve=847
t=468413ms iter=1397 WAIST cost=56.0000 best_alt=52.0000 gap=4.0000 tried=5 sep_labels=52 clique_frac=0.01
t=468584ms iter=1397 REBUILD reject new_tc=61.3809 (was 59.9157)
t=468733ms iter=1397 incumb=59.9157 ratchet=60.0219 best=59.9157 since_improve=848
t=468743ms iter=1398 WAIST cost=56.0000 best_alt=51.0000 gap=5.0000 tried=5 sep_labels=51 clique_frac=0.01
t=468893ms iter=1398 REBUILD reject new_tc=61.4048 (was 59.9157)
t=469047ms iter=1398 incumb=59.9157 ratchet=59.9442 best=59.9157 since_improve=849
t=469055ms iter=1399 WAIST cost=56.0000 best_alt=51.0000 gap=5.0000 tried=5 sep_labels=51 clique_frac=0.01
t=469211ms iter=1399 REBUILD reject new_tc=61.4271 (was 59.9157)
t=469364ms iter=1399 incumb=59.9157 ratchet=60.1312 best=59.9157 since_improve=850
t=469371ms iter=1400 WAIST cost=56.0000 best_alt=49.0000 gap=7.0000 tried=5 sep_labels=49 clique_frac=0.01
t=469521ms iter=1400 REBUILD reject new_tc=62.0177 (was 59.9157)
t=469674ms iter=1400 incumb=59.9157 ratchet=59.9830 best=59.9157 since_improve=851
t=469682ms iter=1401 WAIST cost=56.0000 best_alt=52.0000 gap=4.0000 tried=5 sep_labels=52 clique_frac=0.01
t=469853ms iter=1401 REBUILD reject new_tc=61.6247 (was 59.9157)
t=470009ms iter=1401 incumb=59.9157 ratchet=60.0255 best=59.9157 since_improve=852
t=470018ms iter=1402 WAIST cost=56.0000 best_alt=52.0000 gap=4.0000 tried=5 sep_labels=52 clique_frac=0.01
t=470178ms iter=1402 REBUILD reject new_tc=65.6936 (was 59.9157)
t=470336ms iter=1402 incumb=59.9157 ratchet=60.1643 best=59.9157 since_improve=853
t=470345ms iter=1403 WAIST cost=56.0000 best_alt=52.0000 gap=4.0000 tried=5 sep_labels=52 clique_frac=0.01
t=470514ms iter=1403 REBUILD reject new_tc=65.3562 (was 59.9157)
t=470667ms iter=1403 incumb=59.9157 ratchet=59.9986 best=59.9157 since_improve=854
t=470674ms iter=1404 WAIST cost=56.0000 best_alt=52.0000 gap=4.0000 tried=5 sep_labels=52 clique_frac=0.01
t=470840ms iter=1404 REBUILD reject new_tc=61.2552 (was 59.9157)
t=470991ms iter=1404 incumb=59.9157 ratchet=60.0589 best=59.9157 since_improve=855
t=471000ms iter=1405 WAIST cost=56.0000 best_alt=52.0000 gap=4.0000 tried=5 sep_labels=52 clique_frac=0.01
t=471168ms iter=1405 REBUILD reject new_tc=61.3706 (was 59.9157)
t=471321ms iter=1405 incumb=59.9157 ratchet=59.9449 best=59.9157 since_improve=856
t=471327ms iter=1406 WAIST cost=56.0000 best_alt=52.0000 gap=4.0000 tried=5 sep_labels=52 clique_frac=0.01
t=471499ms iter=1406 REBUILD reject new_tc=61.5021 (was 59.9157)
t=471658ms iter=1406 incumb=59.9157 ratchet=60.0112 best=59.9157 since_improve=857
t=471668ms iter=1407 WAIST cost=56.0000 best_alt=49.0000 gap=7.0000 tried=5 sep_labels=49 clique_frac=0.01
t=471812ms iter=1407 REBUILD reject new_tc=61.6988 (was 59.9157)
t=471959ms iter=1407 incumb=59.9157 ratchet=60.0156 best=59.9157 since_improve=858
t=471966ms iter=1408 WAIST cost=56.0000 best_alt=52.0000 gap=4.0000 tried=5 sep_labels=52 clique_frac=0.01
t=472128ms iter=1408 REBUILD reject new_tc=67.8115 (was 59.9157)
t=472286ms iter=1408 incumb=59.9157 ratchet=60.0229 best=59.9157 since_improve=859
t=472293ms iter=1409 WAIST cost=56.0000 best_alt=52.0000 gap=4.0000 tried=5 sep_labels=52 clique_frac=0.01
t=472464ms iter=1409 REBUILD reject new_tc=60.5387 (was 59.9157)
t=472617ms iter=1409 incumb=59.9157 ratchet=59.9914 best=59.9157 since_improve=860
t=472626ms iter=1410 WAIST cost=56.0000 best_alt=51.0000 gap=5.0000 tried=5 sep_labels=51 clique_frac=0.01
t=472779ms iter=1410 REBUILD reject new_tc=61.9162 (was 59.9157)
t=472936ms iter=1410 incumb=59.9157 ratchet=60.0093 best=59.9157 since_improve=861
t=472945ms iter=1411 WAIST cost=56.0000 best_alt=49.0000 gap=7.0000 tried=5 sep_labels=49 clique_frac=0.01
t=473095ms iter=1411 REBUILD reject new_tc=60.6983 (was 59.9157)
t=473243ms iter=1411 incumb=59.9157 ratchet=60.0644 best=59.9157 since_improve=862
t=473253ms iter=1412 WAIST cost=56.0000 best_alt=52.0000 gap=4.0000 tried=5 sep_labels=52 clique_frac=0.01
t=473419ms iter=1412 REBUILD reject new_tc=66.2611 (was 59.9157)
t=473568ms iter=1412 incumb=59.9157 ratchet=60.0238 best=59.9157 since_improve=863
t=473579ms iter=1413 WAIST cost=56.0000 best_alt=51.0000 gap=5.0000 tried=5 sep_labels=51 clique_frac=0.01
t=473728ms iter=1413 REBUILD reject new_tc=66.1360 (was 59.9157)
t=473880ms iter=1413 incumb=59.9157 ratchet=60.1263 best=59.9157 since_improve=864
t=473888ms iter=1414 WAIST cost=56.0000 best_alt=51.0000 gap=5.0000 tried=5 sep_labels=51 clique_frac=0.01
t=474032ms iter=1414 REBUILD reject new_tc=76.0008 (was 59.9157)
t=474184ms iter=1414 incumb=59.9157 ratchet=59.9966 best=59.9157 since_improve=865
t=474195ms iter=1415 WAIST cost=56.0000 best_alt=49.0000 gap=7.0000 tried=5 sep_labels=49 clique_frac=0.01
t=474335ms iter=1415 REBUILD reject new_tc=67.3242 (was 59.9157)
t=474490ms iter=1415 incumb=59.9157 ratchet=60.1375 best=59.9157 since_improve=866
t=474499ms iter=1416 WAIST cost=56.0000 best_alt=51.0000 gap=5.0000 tried=5 sep_labels=51 clique_frac=0.01
t=474649ms iter=1416 REBUILD reject new_tc=61.4166 (was 59.9157)
t=474803ms iter=1416 incumb=59.9157 ratchet=59.9259 best=59.9157 since_improve=867
t=474811ms iter=1417 WAIST cost=56.0000 best_alt=52.0000 gap=4.0000 tried=5 sep_labels=52 clique_frac=0.01
t=474976ms iter=1417 REBUILD reject new_tc=61.5625 (was 59.9157)
t=475134ms iter=1417 incumb=59.9157 ratchet=60.0408 best=59.9157 since_improve=868
t=475143ms iter=1418 WAIST cost=56.0000 best_alt=52.0000 gap=4.0000 tried=5 sep_labels=52 clique_frac=0.01
t=475314ms iter=1418 REBUILD reject new_tc=61.0699 (was 59.9157)
t=475470ms iter=1418 incumb=59.9157 ratchet=59.9816 best=59.9157 since_improve=869
t=475480ms iter=1419 WAIST cost=56.0000 best_alt=49.0000 gap=7.0000 tried=5 sep_labels=49 clique_frac=0.01
t=475627ms iter=1419 REBUILD reject new_tc=61.7562 (was 59.9157)
t=475781ms iter=1419 incumb=59.9157 ratchet=60.0131 best=59.9157 since_improve=870
t=475789ms iter=1420 WAIST cost=56.0000 best_alt=52.0000 gap=4.0000 tried=5 sep_labels=52 clique_frac=0.01
t=475956ms iter=1420 REBUILD reject new_tc=60.3856 (was 59.9157)
t=476107ms iter=1420 incumb=59.9157 ratchet=60.0563 best=59.9157 since_improve=871
t=476115ms iter=1421 WAIST cost=56.0000 best_alt=52.0000 gap=4.0000 tried=5 sep_labels=52 clique_frac=0.01
t=476289ms iter=1421 REBUILD reject new_tc=61.0115 (was 59.9157)
t=476440ms iter=1421 incumb=59.9157 ratchet=60.1071 best=59.9157 since_improve=872
t=476446ms iter=1422 WAIST cost=56.0000 best_alt=51.0000 gap=5.0000 tried=5 sep_labels=51 clique_frac=0.01
t=476598ms iter=1422 REBUILD reject new_tc=61.5815 (was 59.9157)
t=476756ms iter=1422 incumb=59.9157 ratchet=60.0293 best=59.9157 since_improve=873
t=476765ms iter=1423 WAIST cost=56.0000 best_alt=52.0000 gap=4.0000 tried=5 sep_labels=52 clique_frac=0.01
t=476928ms iter=1423 REBUILD reject new_tc=65.7804 (was 59.9157)
t=477088ms iter=1423 incumb=59.9157 ratchet=60.0386 best=59.9157 since_improve=874
t=477096ms iter=1424 WAIST cost=56.0000 best_alt=50.0000 gap=6.0000 tried=5 sep_labels=50 clique_frac=0.01
t=477250ms iter=1424 REBUILD reject new_tc=61.1596 (was 59.9157)
t=477403ms iter=1424 incumb=59.9157 ratchet=59.9609 best=59.9157 since_improve=875
t=477413ms iter=1425 WAIST cost=56.0000 best_alt=49.0000 gap=7.0000 tried=5 sep_labels=49 clique_frac=0.01
t=477564ms iter=1425 REBUILD reject new_tc=66.2929 (was 59.9157)
t=477719ms iter=1425 incumb=59.9157 ratchet=60.0281 best=59.9157 since_improve=876
t=477727ms iter=1426 WAIST cost=56.0000 best_alt=52.0000 gap=4.0000 tried=5 sep_labels=52 clique_frac=0.01
t=477898ms iter=1426 REBUILD reject new_tc=60.8514 (was 59.9157)
t=478046ms iter=1426 incumb=59.9157 ratchet=60.0793 best=59.9157 since_improve=877
t=478054ms iter=1427 WAIST cost=56.0000 best_alt=52.0000 gap=4.0000 tried=5 sep_labels=52 clique_frac=0.01
t=478229ms iter=1427 REBUILD reject new_tc=61.8237 (was 59.9157)
t=478383ms iter=1427 incumb=59.9157 ratchet=60.0166 best=59.9157 since_improve=878
t=478391ms iter=1428 WAIST cost=56.0000 best_alt=52.0000 gap=4.0000 tried=5 sep_labels=52 clique_frac=0.01
t=478562ms iter=1428 REBUILD reject new_tc=60.8108 (was 59.9157)
t=478721ms iter=1428 incumb=59.9157 ratchet=60.0105 best=59.9157 since_improve=879
t=478728ms iter=1429 WAIST cost=56.0000 best_alt=52.0000 gap=4.0000 tried=5 sep_labels=52 clique_frac=0.01
t=478893ms iter=1429 REBUILD reject new_tc=65.4814 (was 59.9157)
t=479041ms iter=1429 incumb=59.9157 ratchet=60.0461 best=59.9157 since_improve=880
t=479049ms iter=1430 WAIST cost=56.0000 best_alt=52.0000 gap=4.0000 tried=5 sep_labels=52 clique_frac=0.01
t=479212ms iter=1430 REBUILD reject new_tc=65.1667 (was 59.9157)
t=479369ms iter=1430 incumb=59.9157 ratchet=60.0441 best=59.9157 since_improve=881
t=479376ms iter=1431 WAIST cost=56.0000 best_alt=52.0000 gap=4.0000 tried=5 sep_labels=52 clique_frac=0.01
t=479558ms iter=1431 REBUILD reject new_tc=61.3299 (was 59.9157)
t=479709ms iter=1431 incumb=59.9157 ratchet=59.9449 best=59.9157 since_improve=882
t=479719ms iter=1432 WAIST cost=56.0000 best_alt=49.0000 gap=7.0000 tried=5 sep_labels=49 clique_frac=0.01
t=479868ms iter=1432 REBUILD reject new_tc=69.9822 (was 59.9157)
t=480022ms iter=1432 incumb=59.9157 ratchet=59.9540 best=59.9157 since_improve=883
t=480032ms iter=1433 WAIST cost=56.0000 best_alt=51.0000 gap=5.0000 tried=5 sep_labels=51 clique_frac=0.01
t=480201ms iter=1433 REBUILD reject new_tc=61.3204 (was 59.9157)
t=480355ms iter=1433 incumb=59.9157 ratchet=59.9504 best=59.9157 since_improve=884
t=480365ms iter=1434 WAIST cost=56.0000 best_alt=52.0000 gap=4.0000 tried=5 sep_labels=52 clique_frac=0.01
t=480536ms iter=1434 REBUILD reject new_tc=60.5153 (was 59.9157)
t=480686ms iter=1434 incumb=59.9157 ratchet=60.0422 best=59.9157 since_improve=885
t=480694ms iter=1435 WAIST cost=56.0000 best_alt=52.0000 gap=4.0000 tried=5 sep_labels=52 clique_frac=0.01
t=480860ms iter=1435 REBUILD reject new_tc=67.6919 (was 59.9157)
t=481015ms iter=1435 incumb=59.9157 ratchet=59.9492 best=59.9157 since_improve=886
t=481023ms iter=1436 WAIST cost=56.0000 best_alt=52.0000 gap=4.0000 tried=5 sep_labels=52 clique_frac=0.01
t=481191ms iter=1436 REBUILD reject new_tc=61.6993 (was 59.9157)
t=481343ms iter=1436 incumb=59.9157 ratchet=60.0413 best=59.9157 since_improve=887
t=481353ms iter=1437 WAIST cost=56.0000 best_alt=52.0000 gap=4.0000 tried=5 sep_labels=52 clique_frac=0.01
t=481524ms iter=1437 REBUILD reject new_tc=66.8525 (was 59.9157)
t=481681ms iter=1437 incumb=59.9157 ratchet=59.9794 best=59.9157 since_improve=888
t=481689ms iter=1438 WAIST cost=56.0000 best_alt=51.0000 gap=5.0000 tried=5 sep_labels=51 clique_frac=0.02
t=481842ms iter=1438 REBUILD reject new_tc=61.4286 (was 59.9157)
t=481997ms iter=1438 incumb=59.9157 ratchet=60.1531 best=59.9157 since_improve=889
t=482007ms iter=1439 WAIST cost=56.0000 best_alt=52.0000 gap=4.0000 tried=5 sep_labels=52 clique_frac=0.01
t=482179ms iter=1439 REBUILD reject new_tc=60.3413 (was 59.9157)
t=482338ms iter=1439 incumb=59.9157 ratchet=60.0358 best=59.9157 since_improve=890
t=482348ms iter=1440 WAIST cost=56.0000 best_alt=52.0000 gap=4.0000 tried=5 sep_labels=52 clique_frac=0.01
t=482518ms iter=1440 REBUILD reject new_tc=60.8577 (was 59.9157)
t=482672ms iter=1440 incumb=59.9157 ratchet=59.9894 best=59.9157 since_improve=891
t=482682ms iter=1441 WAIST cost=56.0000 best_alt=51.0000 gap=5.0000 tried=5 sep_labels=51 clique_frac=0.01
t=482835ms iter=1441 REBUILD reject new_tc=61.4330 (was 59.9157)
t=482984ms iter=1441 incumb=59.9157 ratchet=60.0628 best=59.9157 since_improve=892
t=482994ms iter=1442 WAIST cost=56.0000 best_alt=51.0000 gap=5.0000 tried=5 sep_labels=51 clique_frac=0.01
t=483165ms iter=1442 REBUILD reject new_tc=61.5642 (was 59.9157)
t=483313ms iter=1442 incumb=59.9157 ratchet=60.0073 best=59.9157 since_improve=893
t=483321ms iter=1443 WAIST cost=56.0000 best_alt=50.0000 gap=6.0000 tried=5 sep_labels=50 clique_frac=0.01
t=483473ms iter=1443 REBUILD reject new_tc=61.4390 (was 59.9157)
t=483627ms iter=1443 incumb=59.9157 ratchet=59.9814 best=59.9157 since_improve=894
t=483634ms iter=1444 WAIST cost=56.0000 best_alt=51.0000 gap=5.0000 tried=5 sep_labels=51 clique_frac=0.01
t=483788ms iter=1444 REBUILD reject new_tc=61.6226 (was 59.9157)
t=483944ms iter=1444 incumb=59.9157 ratchet=60.0651 best=59.9157 since_improve=895
t=483954ms iter=1445 WAIST cost=56.0000 best_alt=50.0000 gap=6.0000 tried=5 sep_labels=50 clique_frac=0.01
t=484111ms iter=1445 REBUILD reject new_tc=67.5813 (was 59.9157)
t=484267ms iter=1445 incumb=59.9157 ratchet=60.0678 best=59.9157 since_improve=896
t=484276ms iter=1446 WAIST cost=56.0000 best_alt=50.0000 gap=6.0000 tried=5 sep_labels=50 clique_frac=0.01
t=484425ms iter=1446 REBUILD reject new_tc=61.3930 (was 59.9157)
t=484584ms iter=1446 incumb=59.9157 ratchet=59.9766 best=59.9157 since_improve=897
t=484592ms iter=1447 WAIST cost=56.0000 best_alt=51.0000 gap=5.0000 tried=5 sep_labels=51 clique_frac=0.01
t=484747ms iter=1447 REBUILD reject new_tc=61.4265 (was 59.9157)
t=484902ms iter=1447 incumb=59.9157 ratchet=59.9652 best=59.9157 since_improve=898
t=484910ms iter=1448 WAIST cost=56.0000 best_alt=52.0000 gap=4.0000 tried=5 sep_labels=52 clique_frac=0.01
t=485082ms iter=1448 REBUILD reject new_tc=60.6924 (was 59.9157)
t=485230ms iter=1448 incumb=59.9157 ratchet=59.9805 best=59.9157 since_improve=899
t=485238ms iter=1449 WAIST cost=56.0000 best_alt=51.0000 gap=5.0000 tried=5 sep_labels=51 clique_frac=0.01
t=485393ms iter=1449 REBUILD reject new_tc=61.5205 (was 59.9157)
t=485551ms iter=1449 incumb=59.9157 ratchet=60.0458 best=59.9157 since_improve=900
t=485561ms iter=1450 WAIST cost=56.0000 best_alt=51.0000 gap=5.0000 tried=5 sep_labels=51 clique_frac=0.01
t=485711ms iter=1450 REBUILD reject new_tc=69.5972 (was 59.9157)
t=485865ms iter=1450 incumb=59.9157 ratchet=59.9758 best=59.9157 since_improve=901
t=485872ms iter=1451 WAIST cost=56.0000 best_alt=52.0000 gap=4.0000 tried=5 sep_labels=52 clique_frac=0.01
t=486039ms iter=1451 REBUILD reject new_tc=60.3058 (was 59.9157)
t=486195ms iter=1451 incumb=59.9157 ratchet=59.9932 best=59.9157 since_improve=902
t=486202ms iter=1452 WAIST cost=56.0000 best_alt=52.0000 gap=4.0000 tried=5 sep_labels=52 clique_frac=0.01
t=486366ms iter=1452 REBUILD reject new_tc=65.3762 (was 59.9157)
t=486519ms iter=1452 incumb=59.9157 ratchet=59.9712 best=59.9157 since_improve=903
t=486527ms iter=1453 WAIST cost=56.0000 best_alt=52.0000 gap=4.0000 tried=5 sep_labels=52 clique_frac=0.01
t=486690ms iter=1453 REBUILD reject new_tc=61.6949 (was 59.9157)
t=486848ms iter=1453 incumb=59.9157 ratchet=59.9790 best=59.9157 since_improve=904
t=486856ms iter=1454 WAIST cost=56.0000 best_alt=51.0000 gap=5.0000 tried=5 sep_labels=51 clique_frac=0.01
t=487009ms iter=1454 REBUILD reject new_tc=61.9545 (was 59.9157)
t=487160ms iter=1454 incumb=59.9157 ratchet=60.0499 best=59.9157 since_improve=905
t=487168ms iter=1455 WAIST cost=56.0000 best_alt=52.0000 gap=4.0000 tried=5 sep_labels=52 clique_frac=0.01
t=487344ms iter=1455 REBUILD reject new_tc=61.1690 (was 59.9157)
t=487498ms iter=1455 incumb=59.9157 ratchet=60.1559 best=59.9157 since_improve=906
t=487505ms iter=1456 WAIST cost=56.0000 best_alt=52.0000 gap=4.0000 tried=5 sep_labels=52 clique_frac=0.01
t=487671ms iter=1456 REBUILD reject new_tc=61.0483 (was 59.9157)
t=487824ms iter=1456 incumb=59.9157 ratchet=59.9978 best=59.9157 since_improve=907
t=487832ms iter=1457 WAIST cost=56.0000 best_alt=52.0000 gap=4.0000 tried=5 sep_labels=52 clique_frac=0.01
t=488023ms iter=1457 REBUILD reject new_tc=61.0787 (was 59.9157)
t=488178ms iter=1457 incumb=59.9157 ratchet=60.0457 best=59.9157 since_improve=908
t=488185ms iter=1458 WAIST cost=56.0000 best_alt=52.0000 gap=4.0000 tried=5 sep_labels=52 clique_frac=0.01
t=488346ms iter=1458 REBUILD reject new_tc=67.3237 (was 59.9157)
t=488501ms iter=1458 incumb=59.9157 ratchet=59.9964 best=59.9157 since_improve=909
t=488510ms iter=1459 WAIST cost=56.0000 best_alt=51.0000 gap=5.0000 tried=5 sep_labels=51 clique_frac=0.01
t=488663ms iter=1459 REBUILD reject new_tc=61.6203 (was 59.9157)
t=488818ms iter=1459 incumb=59.9157 ratchet=59.9827 best=59.9157 since_improve=910
t=488825ms iter=1460 WAIST cost=56.0000 best_alt=52.0000 gap=4.0000 tried=5 sep_labels=52 clique_frac=0.01
t=489000ms iter=1460 REBUILD reject new_tc=61.1863 (was 59.9157)
t=489156ms iter=1460 incumb=59.9157 ratchet=60.0771 best=59.9157 since_improve=911
t=489164ms iter=1461 WAIST cost=56.0000 best_alt=51.0000 gap=5.0000 tried=5 sep_labels=51 clique_frac=0.01
t=489311ms iter=1461 REBUILD reject new_tc=61.3122 (was 59.9157)
t=489459ms iter=1461 incumb=59.9157 ratchet=60.0145 best=59.9157 since_improve=912
t=489467ms iter=1462 WAIST cost=56.0000 best_alt=52.0000 gap=4.0000 tried=5 sep_labels=52 clique_frac=0.01
t=489637ms iter=1462 REBUILD reject new_tc=61.3308 (was 59.9157)
t=489794ms iter=1462 incumb=59.9157 ratchet=60.0351 best=59.9157 since_improve=913
t=489805ms iter=1463 WAIST cost=56.0000 best_alt=51.0000 gap=5.0000 tried=5 sep_labels=51 clique_frac=0.01
t=489959ms iter=1463 REBUILD reject new_tc=61.6373 (was 59.9157)
t=490115ms iter=1463 incumb=59.9157 ratchet=60.0109 best=59.9157 since_improve=914
t=490123ms iter=1464 WAIST cost=56.0000 best_alt=51.0000 gap=5.0000 tried=5 sep_labels=51 clique_frac=0.01
t=490278ms iter=1464 REBUILD reject new_tc=62.1590 (was 59.9157)
t=490436ms iter=1464 incumb=59.9157 ratchet=60.0043 best=59.9157 since_improve=915
t=490444ms iter=1465 WAIST cost=56.0000 best_alt=52.0000 gap=4.0000 tried=5 sep_labels=52 clique_frac=0.01
t=490612ms iter=1465 REBUILD reject new_tc=61.4269 (was 59.9157)
t=490770ms iter=1465 incumb=59.9157 ratchet=59.9340 best=59.9157 since_improve=916
t=490778ms iter=1466 WAIST cost=56.0000 best_alt=51.0000 gap=5.0000 tried=5 sep_labels=51 clique_frac=0.01
t=490917ms iter=1466 REBUILD reject new_tc=78.0051 (was 59.9157)
t=491064ms iter=1466 incumb=59.9157 ratchet=59.9974 best=59.9157 since_improve=917
t=491073ms iter=1467 WAIST cost=56.0000 best_alt=51.0000 gap=5.0000 tried=5 sep_labels=51 clique_frac=0.01
t=491225ms iter=1467 REBUILD reject new_tc=61.3779 (was 59.9157)
t=491378ms iter=1467 incumb=59.9157 ratchet=59.9573 best=59.9157 since_improve=918
t=491385ms iter=1468 WAIST cost=56.0000 best_alt=51.0000 gap=5.0000 tried=5 sep_labels=51 clique_frac=0.01
t=491542ms iter=1468 REBUILD reject new_tc=61.4937 (was 59.9157)
t=491698ms iter=1468 incumb=59.9157 ratchet=59.9709 best=59.9157 since_improve=919
t=491705ms iter=1469 WAIST cost=56.0000 best_alt=52.0000 gap=4.0000 tried=5 sep_labels=52 clique_frac=0.01
t=491877ms iter=1469 REBUILD reject new_tc=61.4352 (was 59.9157)
t=492034ms iter=1469 incumb=59.9157 ratchet=59.9820 best=59.9157 since_improve=920
t=492042ms iter=1470 WAIST cost=56.0000 best_alt=52.0000 gap=4.0000 tried=5 sep_labels=52 clique_frac=0.01
t=492204ms iter=1470 REBUILD reject new_tc=70.0020 (was 59.9157)
t=492359ms iter=1470 incumb=59.9157 ratchet=60.0023 best=59.9157 since_improve=921
t=492366ms iter=1471 WAIST cost=56.0000 best_alt=52.0000 gap=4.0000 tried=5 sep_labels=52 clique_frac=0.01
t=492531ms iter=1471 REBUILD reject new_tc=61.0121 (was 59.9157)
t=492682ms iter=1471 incumb=59.9157 ratchet=60.0712 best=59.9157 since_improve=922
t=492692ms iter=1472 WAIST cost=56.0000 best_alt=52.0000 gap=4.0000 tried=5 sep_labels=52 clique_frac=0.01
t=492863ms iter=1472 REBUILD reject new_tc=61.0661 (was 59.9157)
t=493018ms iter=1472 incumb=59.9157 ratchet=59.9685 best=59.9157 since_improve=923
t=493027ms iter=1473 WAIST cost=56.0000 best_alt=52.0000 gap=4.0000 tried=5 sep_labels=52 clique_frac=0.01
t=493180ms iter=1473 REBUILD reject new_tc=78.0000 (was 59.9157)
t=493335ms iter=1473 incumb=59.9157 ratchet=60.0513 best=59.9157 since_improve=924
t=493342ms iter=1474 WAIST cost=56.0000 best_alt=52.0000 gap=4.0000 tried=5 sep_labels=52 clique_frac=0.01
t=493498ms iter=1474 REBUILD reject new_tc=73.0310 (was 59.9157)
t=493656ms iter=1474 incumb=59.9157 ratchet=59.9945 best=59.9157 since_improve=925
t=493665ms iter=1475 WAIST cost=56.0000 best_alt=52.0000 gap=4.0000 tried=5 sep_labels=52 clique_frac=0.01
t=493834ms iter=1475 REBUILD reject new_tc=67.2765 (was 59.9157)
t=493986ms iter=1475 incumb=59.9157 ratchet=60.0300 best=59.9157 since_improve=926
t=493995ms iter=1476 WAIST cost=56.0000 best_alt=51.0000 gap=5.0000 tried=5 sep_labels=51 clique_frac=0.01
t=494150ms iter=1476 REBUILD reject new_tc=61.4130 (was 59.9157)
t=494300ms iter=1476 incumb=59.9157 ratchet=60.2558 best=59.9157 since_improve=927
t=494310ms iter=1477 WAIST cost=56.0000 best_alt=52.0000 gap=4.0000 tried=5 sep_labels=52 clique_frac=0.01
t=494481ms iter=1477 REBUILD reject new_tc=61.4791 (was 59.9157)
t=494630ms iter=1477 incumb=59.9157 ratchet=59.9698 best=59.9157 since_improve=928
t=494638ms iter=1478 WAIST cost=56.0000 best_alt=52.0000 gap=4.0000 tried=5 sep_labels=52 clique_frac=0.01
t=494806ms iter=1478 REBUILD reject new_tc=62.4547 (was 59.9157)
t=494959ms iter=1478 incumb=59.9157 ratchet=60.0811 best=59.9157 since_improve=929
t=494966ms iter=1479 WAIST cost=56.0000 best_alt=51.0000 gap=5.0000 tried=5 sep_labels=51 clique_frac=0.01
t=495105ms iter=1479 REBUILD reject new_tc=78.0000 (was 59.9157)
t=495259ms iter=1479 incumb=59.9157 ratchet=60.1588 best=59.9157 since_improve=930
t=495269ms iter=1480 WAIST cost=56.0000 best_alt=51.0000 gap=5.0000 tried=5 sep_labels=51 clique_frac=0.01
t=495419ms iter=1480 REBUILD reject new_tc=70.0028 (was 59.9157)
t=495570ms iter=1480 incumb=59.9157 ratchet=60.0932 best=59.9157 since_improve=931
t=495577ms iter=1481 WAIST cost=56.0000 best_alt=52.0000 gap=4.0000 tried=5 sep_labels=52 clique_frac=0.01
t=495741ms iter=1481 REBUILD reject new_tc=61.3374 (was 59.9157)
t=495898ms iter=1481 incumb=59.9157 ratchet=60.0355 best=59.9157 since_improve=932
t=495906ms iter=1482 WAIST cost=56.0000 best_alt=50.0000 gap=6.0000 tried=5 sep_labels=50 clique_frac=0.01
t=496063ms iter=1482 REBUILD reject new_tc=68.7881 (was 59.9157)
t=496211ms iter=1482 incumb=59.9157 ratchet=59.9752 best=59.9157 since_improve=933
t=496219ms iter=1483 WAIST cost=56.0000 best_alt=51.0000 gap=5.0000 tried=5 sep_labels=51 clique_frac=0.01
t=496371ms iter=1483 REBUILD reject new_tc=61.2868 (was 59.9157)
t=496523ms iter=1483 incumb=59.9157 ratchet=59.9832 best=59.9157 since_improve=934
t=496531ms iter=1484 WAIST cost=56.0000 best_alt=52.0000 gap=4.0000 tried=5 sep_labels=52 clique_frac=0.01
t=496703ms iter=1484 REBUILD reject new_tc=61.4440 (was 59.9157)
t=496856ms iter=1484 incumb=59.9157 ratchet=60.0466 best=59.9157 since_improve=935
t=496863ms iter=1485 WAIST cost=56.0000 best_alt=52.0000 gap=4.0000 tried=5 sep_labels=52 clique_frac=0.01
t=497028ms iter=1485 REBUILD reject new_tc=65.7233 (was 59.9157)
t=497183ms iter=1485 incumb=59.9157 ratchet=60.2266 best=59.9157 since_improve=936
t=497192ms iter=1486 WAIST cost=56.0000 best_alt=52.0000 gap=4.0000 tried=5 sep_labels=52 clique_frac=0.01
t=497356ms iter=1486 REBUILD reject new_tc=61.3740 (was 59.9157)
t=497513ms iter=1486 incumb=59.9157 ratchet=60.0656 best=59.9157 since_improve=937
t=497521ms iter=1487 WAIST cost=56.0000 best_alt=51.0000 gap=5.0000 tried=5 sep_labels=51 clique_frac=0.02
t=497659ms iter=1487 REBUILD reject new_tc=76.0000 (was 59.9157)
t=497815ms iter=1487 incumb=59.9157 ratchet=60.1121 best=59.9157 since_improve=938
t=497822ms iter=1488 WAIST cost=56.0000 best_alt=52.0000 gap=4.0000 tried=5 sep_labels=52 clique_frac=0.01
t=497991ms iter=1488 REBUILD reject new_tc=61.3029 (was 59.9157)
t=498145ms iter=1488 incumb=59.9157 ratchet=59.9739 best=59.9157 since_improve=939
t=498152ms iter=1489 WAIST cost=56.0000 best_alt=51.0000 gap=5.0000 tried=5 sep_labels=51 clique_frac=0.01
t=498298ms iter=1489 REBUILD reject new_tc=61.3302 (was 59.9157)
t=498449ms iter=1489 incumb=59.9157 ratchet=60.2450 best=59.9157 since_improve=940
t=498457ms iter=1490 WAIST cost=56.0000 best_alt=49.0000 gap=7.0000 tried=5 sep_labels=49 clique_frac=0.01
t=498612ms iter=1490 REBUILD reject new_tc=61.3152 (was 59.9157)
t=498771ms iter=1490 incumb=59.9157 ratchet=59.9648 best=59.9157 since_improve=941
t=498779ms iter=1491 WAIST cost=56.0000 best_alt=52.0000 gap=4.0000 tried=5 sep_labels=52 clique_frac=0.01
t=498947ms iter=1491 REBUILD reject new_tc=66.5143 (was 59.9157)
t=499105ms iter=1491 incumb=59.9157 ratchet=60.0407 best=59.9157 since_improve=942
t=499113ms iter=1492 WAIST cost=56.0000 best_alt=51.0000 gap=5.0000 tried=5 sep_labels=51 clique_frac=0.01
t=499287ms iter=1492 REBUILD reject new_tc=60.2940 (was 59.9157)
t=499439ms iter=1492 incumb=59.9157 ratchet=59.9769 best=59.9157 since_improve=943
t=499448ms iter=1493 WAIST cost=56.0000 best_alt=51.0000 gap=5.0000 tried=5 sep_labels=51 clique_frac=0.01
t=499614ms iter=1493 REBUILD reject new_tc=61.4665 (was 59.9157)
t=499767ms iter=1493 incumb=59.9157 ratchet=59.9254 best=59.9157 since_improve=944
t=499775ms iter=1494 WAIST cost=56.0000 best_alt=52.0000 gap=4.0000 tried=5 sep_labels=52 clique_frac=0.01
t=499940ms iter=1494 REBUILD reject new_tc=63.6435 (was 59.9157)
t=500088ms iter=1494 incumb=59.9157 ratchet=60.0923 best=59.9157 since_improve=945
t=500097ms iter=1495 WAIST cost=56.0000 best_alt=52.0000 gap=4.0000 tried=5 sep_labels=52 clique_frac=0.01
t=500270ms iter=1495 REBUILD reject new_tc=60.6813 (was 59.9157)
t=500422ms iter=1495 incumb=59.9157 ratchet=60.0021 best=59.9157 since_improve=946
t=500431ms iter=1496 WAIST cost=56.0000 best_alt=51.0000 gap=5.0000 tried=5 sep_labels=51 clique_frac=0.01
t=500598ms iter=1496 REBUILD reject new_tc=63.4189 (was 59.9157)
t=500747ms iter=1496 incumb=59.9157 ratchet=60.0645 best=59.9157 since_improve=947
t=500754ms iter=1497 WAIST cost=56.0000 best_alt=51.0000 gap=5.0000 tried=5 sep_labels=51 clique_frac=0.01
t=500908ms iter=1497 REBUILD reject new_tc=61.4463 (was 59.9157)
t=501059ms iter=1497 incumb=59.9157 ratchet=60.0534 best=59.9157 since_improve=948
t=501066ms iter=1498 WAIST cost=56.0000 best_alt=52.0000 gap=4.0000 tried=5 sep_labels=52 clique_frac=0.01
t=501223ms iter=1498 REBUILD reject new_tc=80.0000 (was 59.9157)
t=501379ms iter=1498 incumb=59.9157 ratchet=60.2934 best=59.9157 since_improve=949
t=501388ms iter=1499 WAIST cost=56.0000 best_alt=52.0000 gap=4.0000 tried=5 sep_labels=52 clique_frac=0.01
t=501559ms iter=1499 REBUILD reject new_tc=60.9961 (was 59.9157)
t=501712ms iter=1499 incumb=59.9157 ratchet=60.0442 best=59.9157 since_improve=950
t=501720ms iter=1500 WAIST cost=56.0000 best_alt=51.0000 gap=5.0000 tried=5 sep_labels=51 clique_frac=0.01
t=501878ms iter=1500 REBUILD reject new_tc=61.6822 (was 59.9157)
t=502031ms iter=1500 incumb=59.9157 ratchet=60.0827 best=59.9157 since_improve=951
t=502041ms iter=1501 WAIST cost=56.0000 best_alt=51.0000 gap=5.0000 tried=5 sep_labels=51 clique_frac=0.01
t=502185ms iter=1501 REBUILD reject new_tc=68.4919 (was 59.9157)
t=502341ms iter=1501 incumb=59.9157 ratchet=59.9548 best=59.9157 since_improve=952
t=502349ms iter=1502 WAIST cost=56.0000 best_alt=52.0000 gap=4.0000 tried=5 sep_labels=52 clique_frac=0.01
t=502520ms iter=1502 REBUILD reject new_tc=61.3596 (was 59.9157)
t=502674ms iter=1502 incumb=59.9157 ratchet=59.9853 best=59.9157 since_improve=953
t=502681ms iter=1503 WAIST cost=56.0000 best_alt=51.0000 gap=5.0000 tried=5 sep_labels=51 clique_frac=0.02
t=502837ms iter=1503 REBUILD reject new_tc=61.6601 (was 59.9157)
t=502992ms iter=1503 incumb=59.9157 ratchet=59.9741 best=59.9157 since_improve=954
t=503000ms iter=1504 WAIST cost=56.0000 best_alt=51.0000 gap=5.0000 tried=5 sep_labels=51 clique_frac=0.01
t=503154ms iter=1504 REBUILD reject new_tc=61.4929 (was 59.9157)
t=503307ms iter=1504 incumb=59.9157 ratchet=59.9508 best=59.9157 since_improve=955
t=503315ms iter=1505 WAIST cost=56.0000 best_alt=52.0000 gap=4.0000 tried=5 sep_labels=52 clique_frac=0.01
t=503485ms iter=1505 REBUILD reject new_tc=61.3639 (was 59.9157)
t=503640ms iter=1505 incumb=59.9157 ratchet=60.0607 best=59.9157 since_improve=956
t=503647ms iter=1506 WAIST cost=56.0000 best_alt=52.0000 gap=4.0000 tried=5 sep_labels=52 clique_frac=0.01
t=503821ms iter=1506 REBUILD reject new_tc=61.0484 (was 59.9157)
t=503975ms iter=1506 incumb=59.9157 ratchet=60.0745 best=59.9157 since_improve=957
t=503982ms iter=1507 WAIST cost=56.0000 best_alt=52.0000 gap=4.0000 tried=5 sep_labels=52 clique_frac=0.01
t=504153ms iter=1507 REBUILD reject new_tc=60.0688 (was 59.9157)
t=504298ms iter=1507 incumb=59.9157 ratchet=60.0231 best=59.9157 since_improve=958
t=504305ms iter=1508 WAIST cost=56.0000 best_alt=52.0000 gap=4.0000 tried=5 sep_labels=52 clique_frac=0.01
t=504472ms iter=1508 REBUILD reject new_tc=61.6719 (was 59.9157)
t=504626ms iter=1508 incumb=59.9157 ratchet=60.1425 best=59.9157 since_improve=959
t=504634ms iter=1509 WAIST cost=56.0000 best_alt=49.0000 gap=7.0000 tried=5 sep_labels=49 clique_frac=0.01
t=504779ms iter=1509 REBUILD reject new_tc=61.4413 (was 59.9157)
t=504935ms iter=1509 incumb=59.9157 ratchet=60.0404 best=59.9157 since_improve=960
t=504944ms iter=1510 WAIST cost=56.0000 best_alt=52.0000 gap=4.0000 tried=5 sep_labels=52 clique_frac=0.01
t=505111ms iter=1510 REBUILD reject new_tc=60.5421 (was 59.9157)
t=505262ms iter=1510 incumb=59.9157 ratchet=60.0745 best=59.9157 since_improve=961
t=505270ms iter=1511 WAIST cost=56.0000 best_alt=52.0000 gap=4.0000 tried=5 sep_labels=52 clique_frac=0.01
t=505426ms iter=1511 REBUILD reject new_tc=80.0000 (was 59.9157)
t=505577ms iter=1511 incumb=59.9157 ratchet=60.0615 best=59.9157 since_improve=962
t=505585ms iter=1512 WAIST cost=56.0000 best_alt=52.0000 gap=4.0000 tried=5 sep_labels=52 clique_frac=0.01
t=505753ms iter=1512 REBUILD reject new_tc=61.5093 (was 59.9157)
t=505912ms iter=1512 incumb=59.9157 ratchet=59.9844 best=59.9157 since_improve=963
t=505921ms iter=1513 WAIST cost=56.0000 best_alt=52.0000 gap=4.0000 tried=5 sep_labels=52 clique_frac=0.01
t=506088ms iter=1513 REBUILD reject new_tc=60.8748 (was 59.9157)
t=506249ms iter=1513 incumb=59.9157 ratchet=59.9855 best=59.9157 since_improve=964
t=506255ms iter=1514 WAIST cost=56.0000 best_alt=51.0000 gap=5.0000 tried=5 sep_labels=51 clique_frac=0.01
t=506406ms iter=1514 REBUILD reject new_tc=61.5138 (was 59.9157)
t=506562ms iter=1514 incumb=59.9157 ratchet=59.9350 best=59.9157 since_improve=965
t=506571ms iter=1515 WAIST cost=56.0000 best_alt=51.0000 gap=5.0000 tried=5 sep_labels=51 clique_frac=0.01
t=506722ms iter=1515 REBUILD reject new_tc=61.3890 (was 59.9157)
t=506878ms iter=1515 incumb=59.9157 ratchet=59.9867 best=59.9157 since_improve=966
t=506887ms iter=1516 WAIST cost=56.0000 best_alt=50.0000 gap=6.0000 tried=5 sep_labels=50 clique_frac=0.01
t=507033ms iter=1516 REBUILD reject new_tc=65.1119 (was 59.9157)
t=507187ms iter=1516 incumb=59.9157 ratchet=60.0145 best=59.9157 since_improve=967
t=507194ms iter=1517 WAIST cost=56.0000 best_alt=52.0000 gap=4.0000 tried=5 sep_labels=52 clique_frac=0.01
t=507365ms iter=1517 REBUILD reject new_tc=61.1747 (was 59.9157)
t=507520ms iter=1517 incumb=59.9157 ratchet=60.0440 best=59.9157 since_improve=968
t=507528ms iter=1518 WAIST cost=56.0000 best_alt=50.0000 gap=6.0000 tried=5 sep_labels=50 clique_frac=0.01
t=507674ms iter=1518 REBUILD reject new_tc=66.0485 (was 59.9157)
t=507826ms iter=1518 incumb=59.9157 ratchet=59.9989 best=59.9157 since_improve=969
t=507838ms iter=1519 WAIST cost=56.0000 best_alt=52.0000 gap=4.0000 tried=5 sep_labels=52 clique_frac=0.01
t=508011ms iter=1519 REBUILD reject new_tc=61.2680 (was 59.9157)
t=508169ms iter=1519 incumb=59.9157 ratchet=60.0436 best=59.9157 since_improve=970
t=508175ms iter=1520 WAIST cost=56.0000 best_alt=52.0000 gap=4.0000 tried=5 sep_labels=52 clique_frac=0.01
t=508340ms iter=1520 REBUILD reject new_tc=61.3497 (was 59.9157)
t=508493ms iter=1520 incumb=59.9157 ratchet=60.0742 best=59.9157 since_improve=971
t=508503ms iter=1521 WAIST cost=56.0000 best_alt=52.0000 gap=4.0000 tried=5 sep_labels=52 clique_frac=0.01
t=508668ms iter=1521 REBUILD reject new_tc=65.2200 (was 59.9157)
t=508826ms iter=1521 incumb=59.9157 ratchet=59.9536 best=59.9157 since_improve=972
t=508834ms iter=1522 WAIST cost=56.0000 best_alt=51.0000 gap=5.0000 tried=5 sep_labels=51 clique_frac=0.01
t=508988ms iter=1522 REBUILD reject new_tc=61.6171 (was 59.9157)
t=509136ms iter=1522 incumb=59.9157 ratchet=59.9789 best=59.9157 since_improve=973
t=509147ms iter=1523 WAIST cost=56.0000 best_alt=52.0000 gap=4.0000 tried=5 sep_labels=52 clique_frac=0.01
t=509315ms iter=1523 REBUILD reject new_tc=61.4446 (was 59.9157)
t=509472ms iter=1523 incumb=59.9157 ratchet=60.5616 best=59.9157 since_improve=974
t=509482ms iter=1524 WAIST cost=56.0000 best_alt=52.0000 gap=4.0000 tried=5 sep_labels=52 clique_frac=0.01
t=509649ms iter=1524 REBUILD reject new_tc=61.3771 (was 59.9157)
t=509802ms iter=1524 incumb=59.9157 ratchet=60.0562 best=59.9157 since_improve=975
t=509810ms iter=1525 WAIST cost=56.0000 best_alt=51.0000 gap=5.0000 tried=5 sep_labels=51 clique_frac=0.01
t=509961ms iter=1525 REBUILD reject new_tc=68.1185 (was 59.9157)
t=510120ms iter=1525 incumb=59.9157 ratchet=60.0473 best=59.9157 since_improve=976
t=510129ms iter=1526 WAIST cost=56.0000 best_alt=49.0000 gap=7.0000 tried=5 sep_labels=49 clique_frac=0.01
t=510286ms iter=1526 REBUILD reject new_tc=61.4348 (was 59.9157)
t=510442ms iter=1526 incumb=59.9157 ratchet=59.9752 best=59.9157 since_improve=977
t=510451ms iter=1527 WAIST cost=56.0000 best_alt=52.0000 gap=4.0000 tried=5 sep_labels=52 clique_frac=0.01
t=510610ms iter=1527 REBUILD reject new_tc=61.4026 (was 59.9157)
t=510766ms iter=1527 incumb=59.9157 ratchet=60.0107 best=59.9157 since_improve=978
t=510774ms iter=1528 WAIST cost=56.0000 best_alt=52.0000 gap=4.0000 tried=5 sep_labels=52 clique_frac=0.01
t=510935ms iter=1528 REBUILD reject new_tc=60.8300 (was 59.9157)
t=511093ms iter=1528 incumb=59.9157 ratchet=60.0051 best=59.9157 since_improve=979
t=511102ms iter=1529 WAIST cost=56.0000 best_alt=49.0000 gap=7.0000 tried=5 sep_labels=49 clique_frac=0.01
t=511255ms iter=1529 REBUILD reject new_tc=60.8716 (was 59.9157)
t=511416ms iter=1529 incumb=59.9157 ratchet=60.0046 best=59.9157 since_improve=980
t=511423ms iter=1530 WAIST cost=56.0000 best_alt=52.0000 gap=4.0000 tried=5 sep_labels=52 clique_frac=0.01
t=511596ms iter=1530 REBUILD reject new_tc=61.3189 (was 59.9157)
t=511750ms iter=1530 incumb=59.9157 ratchet=60.0437 best=59.9157 since_improve=981
t=511761ms iter=1531 WAIST cost=56.0000 best_alt=52.0000 gap=4.0000 tried=5 sep_labels=52 clique_frac=0.01
t=511931ms iter=1531 REBUILD reject new_tc=61.1690 (was 59.9157)
t=512083ms iter=1531 incumb=59.9157 ratchet=59.9650 best=59.9157 since_improve=982
t=512092ms iter=1532 WAIST cost=56.0000 best_alt=51.0000 gap=5.0000 tried=5 sep_labels=51 clique_frac=0.01
t=512250ms iter=1532 REBUILD reject new_tc=63.3779 (was 59.9157)
t=512405ms iter=1532 incumb=59.9157 ratchet=59.9761 best=59.9157 since_improve=983
t=512411ms iter=1533 WAIST cost=56.0000 best_alt=49.0000 gap=7.0000 tried=5 sep_labels=49 clique_frac=0.01
t=512548ms iter=1533 REBUILD reject new_tc=81.0000 (was 59.9157)
t=512704ms iter=1533 incumb=59.9157 ratchet=60.0212 best=59.9157 since_improve=984
t=512714ms iter=1534 WAIST cost=56.0000 best_alt=51.0000 gap=5.0000 tried=5 sep_labels=51 clique_frac=0.01
t=512853ms iter=1534 REBUILD reject new_tc=68.0121 (was 59.9157)
t=513011ms iter=1534 incumb=59.9157 ratchet=59.9973 best=59.9157 since_improve=985
t=513021ms iter=1535 WAIST cost=56.0000 best_alt=52.0000 gap=4.0000 tried=5 sep_labels=52 clique_frac=0.01
t=513195ms iter=1535 REBUILD reject new_tc=67.3055 (was 59.9157)
t=513356ms iter=1535 incumb=59.9157 ratchet=60.0362 best=59.9157 since_improve=986
t=513365ms iter=1536 WAIST cost=56.0000 best_alt=52.0000 gap=4.0000 tried=5 sep_labels=52 clique_frac=0.01
t=513536ms iter=1536 REBUILD reject new_tc=60.8856 (was 59.9157)
t=513690ms iter=1536 incumb=59.9157 ratchet=60.1286 best=59.9157 since_improve=987
t=513697ms iter=1537 WAIST cost=56.0000 best_alt=52.0000 gap=4.0000 tried=5 sep_labels=52 clique_frac=0.01
t=513862ms iter=1537 REBUILD reject new_tc=61.3211 (was 59.9157)
t=514017ms iter=1537 incumb=59.9157 ratchet=59.9498 best=59.9157 since_improve=988
t=514026ms iter=1538 WAIST cost=56.0000 best_alt=51.0000 gap=5.0000 tried=5 sep_labels=51 clique_frac=0.01
t=514192ms iter=1538 REBUILD reject new_tc=65.2486 (was 59.9157)
t=514348ms iter=1538 incumb=59.9157 ratchet=59.9618 best=59.9157 since_improve=989
t=514355ms iter=1539 WAIST cost=56.0000 best_alt=52.0000 gap=4.0000 tried=5 sep_labels=52 clique_frac=0.01
t=514520ms iter=1539 REBUILD reject new_tc=65.4315 (was 59.9157)
t=514668ms iter=1539 incumb=59.9157 ratchet=60.0431 best=59.9157 since_improve=990
t=514678ms iter=1540 WAIST cost=56.0000 best_alt=52.0000 gap=4.0000 tried=5 sep_labels=52 clique_frac=0.01
t=514844ms iter=1540 REBUILD reject new_tc=60.4930 (was 59.9157)
t=515002ms iter=1540 incumb=59.9157 ratchet=60.0263 best=59.9157 since_improve=991
t=515011ms iter=1541 WAIST cost=56.0000 best_alt=51.0000 gap=5.0000 tried=5 sep_labels=51 clique_frac=0.02
t=515165ms iter=1541 REBUILD reject new_tc=63.0263 (was 59.9157)
t=515315ms iter=1541 incumb=59.9157 ratchet=60.0376 best=59.9157 since_improve=992
t=515323ms iter=1542 WAIST cost=56.0000 best_alt=49.0000 gap=7.0000 tried=5 sep_labels=49 clique_frac=0.01
t=515468ms iter=1542 REBUILD reject new_tc=65.9291 (was 59.9157)
t=515622ms iter=1542 incumb=59.9157 ratchet=59.9933 best=59.9157 since_improve=993
t=515632ms iter=1543 WAIST cost=56.0000 best_alt=51.0000 gap=5.0000 tried=5 sep_labels=51 clique_frac=0.01
t=515785ms iter=1543 REBUILD reject new_tc=61.3523 (was 59.9157)
t=515941ms iter=1543 incumb=59.9157 ratchet=59.9973 best=59.9157 since_improve=994
t=515949ms iter=1544 WAIST cost=56.0000 best_alt=52.0000 gap=4.0000 tried=5 sep_labels=52 clique_frac=0.01
t=516122ms iter=1544 REBUILD reject new_tc=60.7610 (was 59.9157)
t=516274ms iter=1544 incumb=59.9157 ratchet=60.0519 best=59.9157 since_improve=995
t=516282ms iter=1545 WAIST cost=56.0000 best_alt=52.0000 gap=4.0000 tried=5 sep_labels=52 clique_frac=0.01
t=516452ms iter=1545 REBUILD reject new_tc=60.5937 (was 59.9157)
t=516602ms iter=1545 incumb=59.9157 ratchet=60.0203 best=59.9157 since_improve=996
t=516613ms iter=1546 WAIST cost=56.0000 best_alt=52.0000 gap=4.0000 tried=5 sep_labels=52 clique_frac=0.01
t=516781ms iter=1546 REBUILD reject new_tc=64.2687 (was 59.9157)
t=516937ms iter=1546 incumb=59.9157 ratchet=60.0535 best=59.9157 since_improve=997
t=516946ms iter=1547 WAIST cost=56.0000 best_alt=51.0000 gap=5.0000 tried=5 sep_labels=51 clique_frac=0.01
t=517115ms iter=1547 REBUILD reject new_tc=61.2065 (was 59.9157)
t=517268ms iter=1547 incumb=59.9157 ratchet=60.1353 best=59.9157 since_improve=998
t=517276ms iter=1548 WAIST cost=56.0000 best_alt=51.0000 gap=5.0000 tried=5 sep_labels=51 clique_frac=0.01
t=517430ms iter=1548 REBUILD reject new_tc=61.6561 (was 59.9157)
t=517580ms iter=1548 incumb=59.9157 ratchet=59.9803 best=59.9157 since_improve=999
t=517592ms iter=1549 WAIST cost=56.0000 best_alt=52.0000 gap=4.0000 tried=5 sep_labels=52 clique_frac=0.01
t=517767ms iter=1549 REBUILD reject new_tc=61.1128 (was 59.9157)
t=517923ms iter=1549 incumb=59.9157 ratchet=59.9853 best=59.9157 since_improve=1000
t=517932ms iter=1550 WAIST cost=56.0000 best_alt=49.0000 gap=7.0000 tried=5 sep_labels=49 clique_frac=0.01
t=518083ms iter=1550 REBUILD reject new_tc=67.7392 (was 59.9157)
t=518241ms iter=1550 incumb=59.9157 ratchet=60.0806 best=59.9157 since_improve=1001
t=518247ms iter=1551 WAIST cost=56.0000 best_alt=52.0000 gap=4.0000 tried=5 sep_labels=52 clique_frac=0.01
t=518418ms iter=1551 REBUILD reject new_tc=61.5382 (was 59.9157)
t=518564ms iter=1551 incumb=59.9157 ratchet=59.9717 best=59.9157 since_improve=1002
t=518572ms iter=1552 WAIST cost=56.0000 best_alt=51.0000 gap=5.0000 tried=5 sep_labels=51 clique_frac=0.01
t=518748ms iter=1552 REBUILD reject new_tc=60.8647 (was 59.9157)
t=518901ms iter=1552 incumb=59.9157 ratchet=60.2932 best=59.9157 since_improve=1003
t=518910ms iter=1553 WAIST cost=56.0000 best_alt=52.0000 gap=4.0000 tried=5 sep_labels=52 clique_frac=0.01
t=519080ms iter=1553 REBUILD reject new_tc=60.4235 (was 59.9157)
t=519229ms iter=1553 incumb=59.9157 ratchet=60.0136 best=59.9157 since_improve=1004
t=519238ms iter=1554 WAIST cost=56.0000 best_alt=52.0000 gap=4.0000 tried=5 sep_labels=52 clique_frac=0.01
t=519404ms iter=1554 REBUILD reject new_tc=60.6566 (was 59.9157)
t=519560ms iter=1554 incumb=59.9157 ratchet=60.0391 best=59.9157 since_improve=1005
t=519569ms iter=1555 WAIST cost=56.0000 best_alt=52.0000 gap=4.0000 tried=5 sep_labels=52 clique_frac=0.01
t=519727ms iter=1555 REBUILD reject new_tc=73.0001 (was 59.9157)
t=519877ms iter=1555 incumb=59.9157 ratchet=60.1080 best=59.9157 since_improve=1006
t=519886ms iter=1556 WAIST cost=56.0000 best_alt=52.0000 gap=4.0000 tried=5 sep_labels=52 clique_frac=0.01
t=520061ms iter=1556 REBUILD reject new_tc=60.1193 (was 59.9157)
t=520221ms iter=1556 incumb=59.9157 ratchet=60.0350 best=59.9157 since_improve=1007
t=520228ms iter=1557 WAIST cost=56.0000 best_alt=52.0000 gap=4.0000 tried=5 sep_labels=52 clique_frac=0.01
t=520400ms iter=1557 REBUILD reject new_tc=60.8267 (was 59.9157)
t=520553ms iter=1557 incumb=59.9157 ratchet=60.0594 best=59.9157 since_improve=1008
t=520561ms iter=1558 WAIST cost=56.0000 best_alt=49.0000 gap=7.0000 tried=5 sep_labels=49 clique_frac=0.01
t=520713ms iter=1558 REBUILD reject new_tc=61.6139 (was 59.9157)
t=520894ms iter=1558 incumb=59.9157 ratchet=59.9922 best=59.9157 since_improve=1009
t=520902ms iter=1559 WAIST cost=56.0000 best_alt=51.0000 gap=5.0000 tried=5 sep_labels=51 clique_frac=0.01
t=521078ms iter=1559 REBUILD reject new_tc=60.7326 (was 59.9157)
t=521233ms iter=1559 incumb=59.9157 ratchet=60.0038 best=59.9157 since_improve=1010
t=521243ms iter=1560 WAIST cost=56.0000 best_alt=52.0000 gap=4.0000 tried=5 sep_labels=52 clique_frac=0.01
t=521400ms iter=1560 REBUILD reject new_tc=75.0015 (was 59.9157)
t=521564ms iter=1560 incumb=59.9157 ratchet=60.1403 best=59.9157 since_improve=1011
t=521573ms iter=1561 WAIST cost=56.0000 best_alt=52.0000 gap=4.0000 tried=5 sep_labels=52 clique_frac=0.01
t=521740ms iter=1561 REBUILD reject new_tc=67.6573 (was 59.9157)
t=521895ms iter=1561 incumb=59.9157 ratchet=59.9543 best=59.9157 since_improve=1012
t=521903ms iter=1562 WAIST cost=56.0000 best_alt=52.0000 gap=4.0000 tried=5 sep_labels=52 clique_frac=0.01
t=522076ms iter=1562 REBUILD reject new_tc=61.0226 (was 59.9157)
t=522232ms iter=1562 incumb=59.9157 ratchet=59.9498 best=59.9157 since_improve=1013
t=522240ms iter=1563 WAIST cost=56.0000 best_alt=52.0000 gap=4.0000 tried=5 sep_labels=52 clique_frac=0.01
t=522415ms iter=1563 REBUILD reject new_tc=60.8641 (was 59.9157)
t=522568ms iter=1563 incumb=59.9157 ratchet=59.9891 best=59.9157 since_improve=1014
t=522577ms iter=1564 WAIST cost=56.0000 best_alt=52.0000 gap=4.0000 tried=5 sep_labels=52 clique_frac=0.01
t=522749ms iter=1564 REBUILD reject new_tc=61.4681 (was 59.9157)
t=522901ms iter=1564 incumb=59.9157 ratchet=60.1635 best=59.9157 since_improve=1015
t=522908ms iter=1565 WAIST cost=56.0000 best_alt=52.0000 gap=4.0000 tried=5 sep_labels=52 clique_frac=0.01
t=523064ms iter=1565 REBUILD reject new_tc=76.0001 (was 59.9157)
t=523226ms iter=1565 incumb=59.9157 ratchet=60.0185 best=59.9157 since_improve=1016
t=523234ms iter=1566 WAIST cost=56.0000 best_alt=51.0000 gap=5.0000 tried=5 sep_labels=51 clique_frac=0.02
t=523385ms iter=1566 REBUILD reject new_tc=69.0729 (was 59.9157)
t=523542ms iter=1566 incumb=59.9157 ratchet=59.9841 best=59.9157 since_improve=1017
t=523550ms iter=1567 WAIST cost=56.0000 best_alt=52.0000 gap=4.0000 tried=5 sep_labels=52 clique_frac=0.01
t=523714ms iter=1567 REBUILD reject new_tc=61.6317 (was 59.9157)
t=523870ms iter=1567 incumb=59.9157 ratchet=59.9699 best=59.9157 since_improve=1018
t=523881ms iter=1568 WAIST cost=56.0000 best_alt=50.0000 gap=6.0000 tried=5 sep_labels=50 clique_frac=0.01
t=524022ms iter=1568 REBUILD reject new_tc=78.0000 (was 59.9157)
t=524178ms iter=1568 incumb=59.9157 ratchet=59.9746 best=59.9157 since_improve=1019
t=524185ms iter=1569 WAIST cost=56.0000 best_alt=52.0000 gap=4.0000 tried=5 sep_labels=52 clique_frac=0.01
t=524352ms iter=1569 REBUILD reject new_tc=61.8325 (was 59.9157)
t=524507ms iter=1569 incumb=59.9157 ratchet=59.9509 best=59.9157 since_improve=1020
t=524515ms iter=1570 WAIST cost=56.0000 best_alt=52.0000 gap=4.0000 tried=5 sep_labels=52 clique_frac=0.01
t=524690ms iter=1570 REBUILD reject new_tc=60.5187 (was 59.9157)
t=524847ms iter=1570 incumb=59.9157 ratchet=59.9652 best=59.9157 since_improve=1021
t=524854ms iter=1571 WAIST cost=56.0000 best_alt=52.0000 gap=4.0000 tried=5 sep_labels=52 clique_frac=0.01
t=525007ms iter=1571 REBUILD reject new_tc=81.0000 (was 59.9157)
t=525164ms iter=1571 incumb=59.9157 ratchet=59.9786 best=59.9157 since_improve=1022
t=525172ms iter=1572 WAIST cost=56.0000 best_alt=52.0000 gap=4.0000 tried=5 sep_labels=52 clique_frac=0.01
t=525338ms iter=1572 REBUILD reject new_tc=61.5381 (was 59.9157)
t=525494ms iter=1572 incumb=59.9157 ratchet=59.9680 best=59.9157 since_improve=1023
t=525501ms iter=1573 WAIST cost=56.0000 best_alt=52.0000 gap=4.0000 tried=5 sep_labels=52 clique_frac=0.01
t=525668ms iter=1573 REBUILD reject new_tc=60.9537 (was 59.9157)
t=525827ms iter=1573 incumb=59.9157 ratchet=59.9839 best=59.9157 since_improve=1024
t=525837ms iter=1574 WAIST cost=56.0000 best_alt=49.0000 gap=7.0000 tried=5 sep_labels=49 clique_frac=0.01
t=525976ms iter=1574 REBUILD reject new_tc=66.1308 (was 59.9157)
t=526132ms iter=1574 incumb=59.9157 ratchet=60.0804 best=59.9157 since_improve=1025
t=526143ms iter=1575 WAIST cost=56.0000 best_alt=51.0000 gap=5.0000 tried=5 sep_labels=51 clique_frac=0.01
t=526316ms iter=1575 REBUILD reject new_tc=61.5082 (was 59.9157)
t=526468ms iter=1575 incumb=59.9157 ratchet=59.9852 best=59.9157 since_improve=1026
t=526477ms iter=1576 WAIST cost=56.0000 best_alt=52.0000 gap=4.0000 tried=5 sep_labels=52 clique_frac=0.01
t=526640ms iter=1576 REBUILD reject new_tc=71.0052 (was 59.9157)
t=526796ms iter=1576 incumb=59.9157 ratchet=59.9977 best=59.9157 since_improve=1027
t=526803ms iter=1577 WAIST cost=56.0000 best_alt=52.0000 gap=4.0000 tried=5 sep_labels=52 clique_frac=0.01
t=526959ms iter=1577 REBUILD reject new_tc=60.8236 (was 59.9157)
t=527112ms iter=1577 incumb=59.9157 ratchet=60.3275 best=59.9157 since_improve=1028
t=527121ms iter=1578 WAIST cost=56.0000 best_alt=52.0000 gap=4.0000 tried=5 sep_labels=52 clique_frac=0.01
t=527289ms iter=1578 REBUILD reject new_tc=61.4777 (was 59.9157)
t=527440ms iter=1578 incumb=59.9157 ratchet=59.9603 best=59.9157 since_improve=1029
t=527449ms iter=1579 WAIST cost=56.0000 best_alt=52.0000 gap=4.0000 tried=5 sep_labels=52 clique_frac=0.01
t=527616ms iter=1579 REBUILD reject new_tc=67.6672 (was 59.9157)
t=527770ms iter=1579 incumb=59.9157 ratchet=59.9889 best=59.9157 since_improve=1030
t=527781ms iter=1580 WAIST cost=56.0000 best_alt=52.0000 gap=4.0000 tried=5 sep_labels=52 clique_frac=0.01
t=527946ms iter=1580 REBUILD reject new_tc=65.7715 (was 59.9157)
t=528099ms iter=1580 incumb=59.9157 ratchet=60.1466 best=59.9157 since_improve=1031
t=528106ms iter=1581 WAIST cost=56.0000 best_alt=50.0000 gap=6.0000 tried=5 sep_labels=50 clique_frac=0.01
t=528256ms iter=1581 REBUILD reject new_tc=61.4206 (was 59.9157)
t=528409ms iter=1581 incumb=59.9157 ratchet=60.1030 best=59.9157 since_improve=1032
t=528419ms iter=1582 WAIST cost=56.0000 best_alt=52.0000 gap=4.0000 tried=5 sep_labels=52 clique_frac=0.01
t=528586ms iter=1582 REBUILD reject new_tc=61.4970 (was 59.9157)
t=528740ms iter=1582 incumb=59.9157 ratchet=59.9435 best=59.9157 since_improve=1033
t=528748ms iter=1583 WAIST cost=56.0000 best_alt=50.0000 gap=6.0000 tried=5 sep_labels=50 clique_frac=0.01
t=528881ms iter=1583 REBUILD reject new_tc=83.0000 (was 59.9157)
t=529038ms iter=1583 incumb=59.9157 ratchet=60.1131 best=59.9157 since_improve=1034
t=529046ms iter=1584 WAIST cost=56.0000 best_alt=52.0000 gap=4.0000 tried=5 sep_labels=52 clique_frac=0.01
t=529200ms iter=1584 REBUILD reject new_tc=75.0040 (was 59.9157)
t=529357ms iter=1584 incumb=59.9157 ratchet=59.9758 best=59.9157 since_improve=1035
t=529366ms iter=1585 WAIST cost=56.0000 best_alt=51.0000 gap=5.0000 tried=5 sep_labels=51 clique_frac=0.01
t=529512ms iter=1585 REBUILD reject new_tc=68.6509 (was 59.9157)
t=529670ms iter=1585 incumb=59.9157 ratchet=60.0302 best=59.9157 since_improve=1036
t=529678ms iter=1586 WAIST cost=56.0000 best_alt=52.0000 gap=4.0000 tried=5 sep_labels=52 clique_frac=0.01
t=529843ms iter=1586 REBUILD reject new_tc=61.1663 (was 59.9157)
t=530005ms iter=1586 incumb=59.9157 ratchet=60.0332 best=59.9157 since_improve=1037
t=530013ms iter=1587 WAIST cost=56.0000 best_alt=52.0000 gap=4.0000 tried=5 sep_labels=52 clique_frac=0.01
t=530186ms iter=1587 REBUILD reject new_tc=61.4512 (was 59.9157)
t=530331ms iter=1587 incumb=59.9157 ratchet=60.0430 best=59.9157 since_improve=1038
t=530340ms iter=1588 WAIST cost=56.0000 best_alt=52.0000 gap=4.0000 tried=5 sep_labels=52 clique_frac=0.01
t=530501ms iter=1588 REBUILD reject new_tc=60.5317 (was 59.9157)
t=530656ms iter=1588 incumb=59.9157 ratchet=60.0297 best=59.9157 since_improve=1039
t=530663ms iter=1589 WAIST cost=56.0000 best_alt=52.0000 gap=4.0000 tried=5 sep_labels=52 clique_frac=0.01
t=530831ms iter=1589 REBUILD reject new_tc=60.9399 (was 59.9157)
t=530987ms iter=1589 incumb=59.9157 ratchet=60.0192 best=59.9157 since_improve=1040
t=530996ms iter=1590 WAIST cost=56.0000 best_alt=51.0000 gap=5.0000 tried=5 sep_labels=51 clique_frac=0.01
t=531150ms iter=1590 REBUILD reject new_tc=61.6514 (was 59.9157)
t=531306ms iter=1590 incumb=59.9157 ratchet=60.0200 best=59.9157 since_improve=1041
t=531314ms iter=1591 WAIST cost=56.0000 best_alt=51.0000 gap=5.0000 tried=5 sep_labels=51 clique_frac=0.01
t=531463ms iter=1591 REBUILD reject new_tc=67.4029 (was 59.9157)
t=531620ms iter=1591 incumb=59.9157 ratchet=59.9798 best=59.9157 since_improve=1042
t=531629ms iter=1592 WAIST cost=56.0000 best_alt=52.0000 gap=4.0000 tried=5 sep_labels=52 clique_frac=0.01
t=531799ms iter=1592 REBUILD reject new_tc=61.6495 (was 59.9157)
t=531954ms iter=1592 incumb=59.9157 ratchet=59.9775 best=59.9157 since_improve=1043
t=531964ms iter=1593 WAIST cost=56.0000 best_alt=52.0000 gap=4.0000 tried=5 sep_labels=52 clique_frac=0.01
t=532132ms iter=1593 REBUILD reject new_tc=61.0329 (was 59.9157)
t=532286ms iter=1593 incumb=59.9157 ratchet=59.9849 best=59.9157 since_improve=1044
t=532294ms iter=1594 WAIST cost=56.0000 best_alt=52.0000 gap=4.0000 tried=5 sep_labels=52 clique_frac=0.01
t=532463ms iter=1594 REBUILD reject new_tc=61.2241 (was 59.9157)
t=532616ms iter=1594 incumb=59.9157 ratchet=60.0413 best=59.9157 since_improve=1045
t=532626ms iter=1595 WAIST cost=56.0000 best_alt=51.0000 gap=5.0000 tried=5 sep_labels=51 clique_frac=0.01
t=532783ms iter=1595 REBUILD reject new_tc=61.4096 (was 59.9157)
t=532939ms iter=1595 incumb=59.9157 ratchet=59.9379 best=59.9157 since_improve=1046
t=532947ms iter=1596 WAIST cost=56.0000 best_alt=51.0000 gap=5.0000 tried=5 sep_labels=51 clique_frac=0.01
t=533101ms iter=1596 REBUILD reject new_tc=61.6298 (was 59.9157)
t=533259ms iter=1596 incumb=59.9157 ratchet=60.1081 best=59.9157 since_improve=1047
t=533267ms iter=1597 WAIST cost=56.0000 best_alt=51.0000 gap=5.0000 tried=5 sep_labels=51 clique_frac=0.01
t=533415ms iter=1597 REBUILD reject new_tc=61.2693 (was 59.9157)
t=533575ms iter=1597 incumb=59.9157 ratchet=59.9710 best=59.9157 since_improve=1048
t=533583ms iter=1598 WAIST cost=56.0000 best_alt=51.0000 gap=5.0000 tried=5 sep_labels=51 clique_frac=0.01
t=533736ms iter=1598 REBUILD reject new_tc=61.8257 (was 59.9157)
t=533896ms iter=1598 incumb=59.9157 ratchet=60.0189 best=59.9157 since_improve=1049
t=533905ms iter=1599 WAIST cost=56.0000 best_alt=51.0000 gap=5.0000 tried=5 sep_labels=51 clique_frac=0.02
t=534063ms iter=1599 REBUILD reject new_tc=61.1022 (was 59.9157)
t=534218ms iter=1599 incumb=59.9157 ratchet=60.0032 best=59.9157 since_improve=1050
t=534227ms iter=1600 WAIST cost=56.0000 best_alt=51.0000 gap=5.0000 tried=5 sep_labels=51 clique_frac=0.01
t=534366ms iter=1600 REBUILD reject new_tc=78.0001 (was 59.9157)
t=534520ms iter=1600 incumb=59.9157 ratchet=60.6371 best=59.9157 since_improve=1051
t=534529ms iter=1601 WAIST cost=56.0000 best_alt=51.0000 gap=5.0000 tried=5 sep_labels=51 clique_frac=0.01
t=534680ms iter=1601 REBUILD reject new_tc=61.4349 (was 59.9157)
t=534835ms iter=1601 incumb=59.9157 ratchet=59.9919 best=59.9157 since_improve=1052
t=534845ms iter=1602 WAIST cost=56.0000 best_alt=50.0000 gap=6.0000 tried=5 sep_labels=50 clique_frac=0.01
t=535004ms iter=1602 REBUILD reject new_tc=61.3411 (was 59.9157)
t=535155ms iter=1602 incumb=59.9157 ratchet=60.0225 best=59.9157 since_improve=1053
t=535162ms iter=1603 WAIST cost=56.0000 best_alt=50.0000 gap=6.0000 tried=5 sep_labels=50 clique_frac=0.01
t=535308ms iter=1603 REBUILD reject new_tc=61.3121 (was 59.9157)
t=535457ms iter=1603 incumb=59.9157 ratchet=60.6216 best=59.9157 since_improve=1054
t=535467ms iter=1604 WAIST cost=56.0000 best_alt=50.0000 gap=6.0000 tried=5 sep_labels=50 clique_frac=0.01
t=535619ms iter=1604 REBUILD reject new_tc=61.1843 (was 59.9157)
t=535775ms iter=1604 incumb=59.9157 ratchet=60.5204 best=59.9157 since_improve=1055
t=535784ms iter=1605 WAIST cost=56.0000 best_alt=52.0000 gap=4.0000 tried=5 sep_labels=52 clique_frac=0.01
t=535954ms iter=1605 REBUILD reject new_tc=62.2041 (was 59.9157)
t=536107ms iter=1605 incumb=59.9157 ratchet=60.0185 best=59.9157 since_improve=1056
t=536114ms iter=1606 WAIST cost=56.0000 best_alt=52.0000 gap=4.0000 tried=5 sep_labels=52 clique_frac=0.01
t=536286ms iter=1606 REBUILD reject new_tc=60.7201 (was 59.9157)
t=536441ms iter=1606 incumb=59.9157 ratchet=59.9452 best=59.9157 since_improve=1057
t=536449ms iter=1607 WAIST cost=56.0000 best_alt=50.0000 gap=6.0000 tried=5 sep_labels=50 clique_frac=0.01
t=536598ms iter=1607 REBUILD reject new_tc=61.9375 (was 59.9157)
t=536754ms iter=1607 incumb=59.9157 ratchet=60.0052 best=59.9157 since_improve=1058
t=536762ms iter=1608 WAIST cost=56.0000 best_alt=52.0000 gap=4.0000 tried=5 sep_labels=52 clique_frac=0.01
t=536924ms iter=1608 REBUILD reject new_tc=73.0013 (was 59.9157)
t=537077ms iter=1608 incumb=59.9157 ratchet=60.0086 best=59.9157 since_improve=1059
t=537084ms iter=1609 WAIST cost=56.0000 best_alt=52.0000 gap=4.0000 tried=5 sep_labels=52 clique_frac=0.01
t=537244ms iter=1609 REBUILD reject new_tc=74.0032 (was 59.9157)
t=537400ms iter=1609 incumb=59.9157 ratchet=60.0740 best=59.9157 since_improve=1060
t=537408ms iter=1610 WAIST cost=56.0000 best_alt=51.0000 gap=5.0000 tried=5 sep_labels=51 clique_frac=0.01
t=537565ms iter=1610 REBUILD reject new_tc=61.7597 (was 59.9157)
t=537715ms iter=1610 incumb=59.9157 ratchet=59.9942 best=59.9157 since_improve=1061
t=537724ms iter=1611 WAIST cost=56.0000 best_alt=52.0000 gap=4.0000 tried=5 sep_labels=52 clique_frac=0.01
t=537894ms iter=1611 REBUILD reject new_tc=61.0661 (was 59.9157)
t=538047ms iter=1611 incumb=59.9157 ratchet=60.0740 best=59.9157 since_improve=1062
t=538056ms iter=1612 WAIST cost=56.0000 best_alt=52.0000 gap=4.0000 tried=5 sep_labels=52 clique_frac=0.01
t=538220ms iter=1612 REBUILD reject new_tc=64.9436 (was 59.9157)
t=538376ms iter=1612 incumb=59.9157 ratchet=59.9978 best=59.9157 since_improve=1063
t=538384ms iter=1613 WAIST cost=56.0000 best_alt=52.0000 gap=4.0000 tried=5 sep_labels=52 clique_frac=0.01
t=538552ms iter=1613 REBUILD reject new_tc=61.7823 (was 59.9157)
t=538708ms iter=1613 incumb=59.9157 ratchet=60.1428 best=59.9157 since_improve=1064
t=538718ms iter=1614 WAIST cost=56.0000 best_alt=51.0000 gap=5.0000 tried=5 sep_labels=51 clique_frac=0.01
t=538875ms iter=1614 REBUILD reject new_tc=61.2796 (was 59.9157)
t=539030ms iter=1614 incumb=59.9157 ratchet=59.9714 best=59.9157 since_improve=1065
t=539040ms iter=1615 WAIST cost=56.0000 best_alt=52.0000 gap=4.0000 tried=5 sep_labels=52 clique_frac=0.01
t=539208ms iter=1615 REBUILD reject new_tc=61.3424 (was 59.9157)
t=539361ms iter=1615 incumb=59.9157 ratchet=60.0038 best=59.9157 since_improve=1066
t=539368ms iter=1616 WAIST cost=56.0000 best_alt=52.0000 gap=4.0000 tried=5 sep_labels=52 clique_frac=0.01
t=539534ms iter=1616 REBUILD reject new_tc=61.3537 (was 59.9157)
t=539685ms iter=1616 incumb=59.9157 ratchet=60.0547 best=59.9157 since_improve=1067
t=539694ms iter=1617 WAIST cost=56.0000 best_alt=49.0000 gap=7.0000 tried=5 sep_labels=49 clique_frac=0.01
t=539845ms iter=1617 REBUILD reject new_tc=61.0516 (was 59.9157)
t=539998ms iter=1617 incumb=59.9157 ratchet=60.0277 best=59.9157 since_improve=1068
t=540006ms iter=1618 WAIST cost=56.0000 best_alt=52.0000 gap=4.0000 tried=5 sep_labels=52 clique_frac=0.01
t=540178ms iter=1618 REBUILD reject new_tc=60.7576 (was 59.9157)
t=540330ms iter=1618 incumb=59.9157 ratchet=59.9285 best=59.9157 since_improve=1069
t=540338ms iter=1619 WAIST cost=56.0000 best_alt=52.0000 gap=4.0000 tried=5 sep_labels=52 clique_frac=0.01
t=540573ms iter=1619 REBUILD reject new_tc=60.9437 (was 59.9157)
t=540731ms iter=1619 incumb=59.9157 ratchet=60.0350 best=59.9157 since_improve=1070
t=540738ms iter=1620 WAIST cost=56.0000 best_alt=51.0000 gap=5.0000 tried=5 sep_labels=51 clique_frac=0.01
t=540886ms iter=1620 REBUILD reject new_tc=61.9275 (was 59.9157)
t=541039ms iter=1620 incumb=59.9157 ratchet=60.1008 best=59.9157 since_improve=1071
t=541048ms iter=1621 WAIST cost=56.0000 best_alt=51.0000 gap=5.0000 tried=5 sep_labels=51 clique_frac=0.01
t=541200ms iter=1621 REBUILD reject new_tc=61.1931 (was 59.9157)
t=541354ms iter=1621 incumb=59.9157 ratchet=60.0528 best=59.9157 since_improve=1072
t=541362ms iter=1622 WAIST cost=56.0000 best_alt=51.0000 gap=5.0000 tried=5 sep_labels=51 clique_frac=0.01
t=541514ms iter=1622 REBUILD reject new_tc=61.3835 (was 59.9157)
t=541662ms iter=1622 incumb=59.9157 ratchet=60.0413 best=59.9157 since_improve=1073
t=541670ms iter=1623 WAIST cost=56.0000 best_alt=52.0000 gap=4.0000 tried=5 sep_labels=52 clique_frac=0.01
t=541832ms iter=1623 REBUILD reject new_tc=61.3621 (was 59.9157)
t=541985ms iter=1623 incumb=59.9157 ratchet=60.0875 best=59.9157 since_improve=1074
t=541994ms iter=1624 WAIST cost=56.0000 best_alt=52.0000 gap=4.0000 tried=5 sep_labels=52 clique_frac=0.01
t=542162ms iter=1624 REBUILD reject new_tc=60.5490 (was 59.9157)
t=542312ms iter=1624 incumb=59.9157 ratchet=60.0926 best=59.9157 since_improve=1075
t=542320ms iter=1625 WAIST cost=56.0000 best_alt=51.0000 gap=5.0000 tried=5 sep_labels=51 clique_frac=0.01
t=542470ms iter=1625 REBUILD reject new_tc=61.6150 (was 59.9157)
t=542622ms iter=1625 incumb=59.9157 ratchet=60.0073 best=59.9157 since_improve=1076
t=542630ms iter=1626 WAIST cost=56.0000 best_alt=52.0000 gap=4.0000 tried=5 sep_labels=52 clique_frac=0.01
t=542802ms iter=1626 REBUILD reject new_tc=61.3609 (was 59.9157)
t=542958ms iter=1626 incumb=59.9157 ratchet=60.0414 best=59.9157 since_improve=1077
t=542965ms iter=1627 WAIST cost=56.0000 best_alt=52.0000 gap=4.0000 tried=5 sep_labels=52 clique_frac=0.01
t=543134ms iter=1627 REBUILD reject new_tc=65.3641 (was 59.9157)
t=543288ms iter=1627 incumb=59.9157 ratchet=59.9244 best=59.9157 since_improve=1078
t=543296ms iter=1628 WAIST cost=56.0000 best_alt=52.0000 gap=4.0000 tried=5 sep_labels=52 clique_frac=0.01
t=543466ms iter=1628 REBUILD reject new_tc=60.5316 (was 59.9157)
t=543618ms iter=1628 incumb=59.9157 ratchet=60.0021 best=59.9157 since_improve=1079
t=543625ms iter=1629 WAIST cost=56.0000 best_alt=52.0000 gap=4.0000 tried=5 sep_labels=52 clique_frac=0.01
t=543795ms iter=1629 REBUILD reject new_tc=61.2267 (was 59.9157)
t=543947ms iter=1629 incumb=59.9157 ratchet=59.9430 best=59.9157 since_improve=1080
t=543955ms iter=1630 WAIST cost=56.0000 best_alt=52.0000 gap=4.0000 tried=5 sep_labels=52 clique_frac=0.01
t=544130ms iter=1630 REBUILD reject new_tc=61.6242 (was 59.9157)
t=544281ms iter=1630 incumb=59.9157 ratchet=59.9598 best=59.9157 since_improve=1081
t=544291ms iter=1631 WAIST cost=56.0000 best_alt=52.0000 gap=4.0000 tried=5 sep_labels=52 clique_frac=0.01
t=544459ms iter=1631 REBUILD reject new_tc=60.5248 (was 59.9157)
t=544614ms iter=1631 incumb=59.9157 ratchet=60.0741 best=59.9157 since_improve=1082
t=544624ms iter=1632 WAIST cost=56.0000 best_alt=50.0000 gap=6.0000 tried=5 sep_labels=50 clique_frac=0.01
t=544768ms iter=1632 REBUILD reject new_tc=62.2754 (was 59.9157)
t=544923ms iter=1632 incumb=59.9157 ratchet=59.9488 best=59.9157 since_improve=1083
t=544932ms iter=1633 WAIST cost=56.0000 best_alt=49.0000 gap=7.0000 tried=5 sep_labels=49 clique_frac=0.01
t=545085ms iter=1633 REBUILD reject new_tc=66.3718 (was 59.9157)
t=545239ms iter=1633 incumb=59.9157 ratchet=60.1634 best=59.9157 since_improve=1084
t=545247ms iter=1634 WAIST cost=56.0000 best_alt=52.0000 gap=4.0000 tried=5 sep_labels=52 clique_frac=0.01
t=545410ms iter=1634 REBUILD reject new_tc=60.6731 (was 59.9157)
t=545568ms iter=1634 incumb=59.9157 ratchet=59.9956 best=59.9157 since_improve=1085
t=545576ms iter=1635 WAIST cost=56.0000 best_alt=52.0000 gap=4.0000 tried=5 sep_labels=52 clique_frac=0.01
t=545744ms iter=1635 REBUILD reject new_tc=61.3886 (was 59.9157)
t=545899ms iter=1635 incumb=59.9157 ratchet=59.9623 best=59.9157 since_improve=1086
t=545908ms iter=1636 WAIST cost=56.0000 best_alt=52.0000 gap=4.0000 tried=5 sep_labels=52 clique_frac=0.01
t=546066ms iter=1636 REBUILD reject new_tc=76.0000 (was 59.9157)
t=546217ms iter=1636 incumb=59.9157 ratchet=60.0165 best=59.9157 since_improve=1087
t=546226ms iter=1637 WAIST cost=56.0000 best_alt=52.0000 gap=4.0000 tried=5 sep_labels=52 clique_frac=0.01
t=546389ms iter=1637 REBUILD reject new_tc=61.2682 (was 59.9157)
t=546543ms iter=1637 incumb=59.9157 ratchet=60.0740 best=59.9157 since_improve=1088
t=546551ms iter=1638 WAIST cost=56.0000 best_alt=52.0000 gap=4.0000 tried=5 sep_labels=52 clique_frac=0.01
t=546722ms iter=1638 REBUILD reject new_tc=60.6962 (was 59.9157)
t=546872ms iter=1638 incumb=59.9157 ratchet=60.2369 best=59.9157 since_improve=1089
t=546881ms iter=1639 WAIST cost=56.0000 best_alt=49.0000 gap=7.0000 tried=5 sep_labels=49 clique_frac=0.01
t=547038ms iter=1639 REBUILD reject new_tc=61.3003 (was 59.9157)
t=547190ms iter=1639 incumb=59.9157 ratchet=60.0035 best=59.9157 since_improve=1090
t=547199ms iter=1640 WAIST cost=56.0000 best_alt=51.0000 gap=5.0000 tried=5 sep_labels=51 clique_frac=0.01
t=547344ms iter=1640 REBUILD reject new_tc=64.2567 (was 59.9157)
t=547495ms iter=1640 incumb=59.9157 ratchet=60.1089 best=59.9157 since_improve=1091
t=547503ms iter=1641 WAIST cost=56.0000 best_alt=51.0000 gap=5.0000 tried=5 sep_labels=51 clique_frac=0.01
t=547647ms iter=1641 REBUILD reject new_tc=61.5568 (was 59.9157)
t=547799ms iter=1641 incumb=59.9157 ratchet=60.0994 best=59.9157 since_improve=1092
t=547807ms iter=1642 WAIST cost=56.0000 best_alt=50.0000 gap=6.0000 tried=5 sep_labels=50 clique_frac=0.01
t=547951ms iter=1642 REBUILD reject new_tc=67.7143 (was 59.9157)
t=548109ms iter=1642 incumb=59.9157 ratchet=59.9850 best=59.9157 since_improve=1093
t=548118ms iter=1643 WAIST cost=56.0000 best_alt=52.0000 gap=4.0000 tried=5 sep_labels=52 clique_frac=0.01
t=548282ms iter=1643 REBUILD reject new_tc=81.0000 (was 59.9157)
t=548433ms iter=1643 incumb=59.9157 ratchet=60.0002 best=59.9157 since_improve=1094
t=548443ms iter=1644 WAIST cost=56.0000 best_alt=52.0000 gap=4.0000 tried=5 sep_labels=52 clique_frac=0.01
t=548609ms iter=1644 REBUILD reject new_tc=61.3661 (was 59.9157)
t=548768ms iter=1644 incumb=59.9157 ratchet=59.9868 best=59.9157 since_improve=1095
t=548777ms iter=1645 WAIST cost=56.0000 best_alt=52.0000 gap=4.0000 tried=5 sep_labels=52 clique_frac=0.01
t=548945ms iter=1645 REBUILD reject new_tc=61.1202 (was 59.9157)
t=549101ms iter=1645 incumb=59.9157 ratchet=59.9852 best=59.9157 since_improve=1096
t=549110ms iter=1646 WAIST cost=56.0000 best_alt=52.0000 gap=4.0000 tried=5 sep_labels=52 clique_frac=0.01
t=549281ms iter=1646 REBUILD reject new_tc=60.7097 (was 59.9157)
t=549430ms iter=1646 incumb=59.9157 ratchet=60.0985 best=59.9157 since_improve=1097
t=549438ms iter=1647 WAIST cost=56.0000 best_alt=51.0000 gap=5.0000 tried=5 sep_labels=51 clique_frac=0.01
t=549585ms iter=1647 REBUILD reject new_tc=61.2595 (was 59.9157)
t=549742ms iter=1647 incumb=59.9157 ratchet=59.9819 best=59.9157 since_improve=1098
t=549751ms iter=1648 WAIST cost=56.0000 best_alt=52.0000 gap=4.0000 tried=5 sep_labels=52 clique_frac=0.01
t=549918ms iter=1648 REBUILD reject new_tc=61.3355 (was 59.9157)
t=550072ms iter=1648 incumb=59.9157 ratchet=59.9767 best=59.9157 since_improve=1099
t=550080ms iter=1649 WAIST cost=56.0000 best_alt=52.0000 gap=4.0000 tried=5 sep_labels=52 clique_frac=0.01
t=550245ms iter=1649 REBUILD reject new_tc=60.7060 (was 59.9157)
t=550400ms iter=1649 incumb=59.9157 ratchet=60.1243 best=59.9157 since_improve=1100
t=550408ms iter=1650 WAIST cost=56.0000 best_alt=52.0000 gap=4.0000 tried=5 sep_labels=52 clique_frac=0.01
t=550577ms iter=1650 REBUILD reject new_tc=60.8703 (was 59.9157)
t=550732ms iter=1650 incumb=59.9157 ratchet=59.9827 best=59.9157 since_improve=1101
t=550741ms iter=1651 WAIST cost=56.0000 best_alt=51.0000 gap=5.0000 tried=5 sep_labels=51 clique_frac=0.01
t=550893ms iter=1651 REBUILD reject new_tc=61.4964 (was 59.9157)
t=551052ms iter=1651 incumb=59.9157 ratchet=60.0337 best=59.9157 since_improve=1102
t=551060ms iter=1652 WAIST cost=56.0000 best_alt=51.0000 gap=5.0000 tried=5 sep_labels=51 clique_frac=0.01
t=551214ms iter=1652 REBUILD reject new_tc=61.4613 (was 59.9157)
t=551371ms iter=1652 incumb=59.9157 ratchet=60.0532 best=59.9157 since_improve=1103
t=551380ms iter=1653 WAIST cost=56.0000 best_alt=52.0000 gap=4.0000 tried=5 sep_labels=52 clique_frac=0.01
t=551551ms iter=1653 REBUILD reject new_tc=61.5343 (was 59.9157)
t=551705ms iter=1653 incumb=59.9157 ratchet=60.0663 best=59.9157 since_improve=1104
t=551713ms iter=1654 WAIST cost=56.0000 best_alt=52.0000 gap=4.0000 tried=5 sep_labels=52 clique_frac=0.01
t=551883ms iter=1654 REBUILD reject new_tc=61.0210 (was 59.9157)
t=552040ms iter=1654 incumb=59.9157 ratchet=59.9930 best=59.9157 since_improve=1105
t=552050ms iter=1655 WAIST cost=56.0000 best_alt=52.0000 gap=4.0000 tried=5 sep_labels=52 clique_frac=0.01
t=552206ms iter=1655 REBUILD reject new_tc=78.0013 (was 59.9157)
t=552362ms iter=1655 incumb=59.9157 ratchet=60.1340 best=59.9157 since_improve=1106
t=552370ms iter=1656 WAIST cost=56.0000 best_alt=52.0000 gap=4.0000 tried=5 sep_labels=52 clique_frac=0.01
t=552535ms iter=1656 REBUILD reject new_tc=61.4655 (was 59.9157)
t=552693ms iter=1656 incumb=59.9157 ratchet=60.3501 best=59.9157 since_improve=1107
t=552701ms iter=1657 WAIST cost=56.0000 best_alt=51.0000 gap=5.0000 tried=5 sep_labels=51 clique_frac=0.01
t=552853ms iter=1657 REBUILD reject new_tc=61.0621 (was 59.9157)
t=553007ms iter=1657 incumb=59.9157 ratchet=59.9789 best=59.9157 since_improve=1108
t=553016ms iter=1658 WAIST cost=56.0000 best_alt=52.0000 gap=4.0000 tried=5 sep_labels=52 clique_frac=0.01
t=553188ms iter=1658 REBUILD reject new_tc=60.6331 (was 59.9157)
t=553343ms iter=1658 incumb=59.9157 ratchet=60.0087 best=59.9157 since_improve=1109
t=553353ms iter=1659 WAIST cost=56.0000 best_alt=50.0000 gap=6.0000 tried=5 sep_labels=50 clique_frac=0.01
t=553507ms iter=1659 REBUILD reject new_tc=60.7640 (was 59.9157)
t=553666ms iter=1659 incumb=59.9157 ratchet=60.0480 best=59.9157 since_improve=1110
t=553677ms iter=1660 WAIST cost=56.0000 best_alt=50.0000 gap=6.0000 tried=5 sep_labels=50 clique_frac=0.01
t=553823ms iter=1660 REBUILD reject new_tc=61.0832 (was 59.9157)
t=553980ms iter=1660 incumb=59.9157 ratchet=59.9223 best=59.9157 since_improve=1111
t=553988ms iter=1661 WAIST cost=56.0000 best_alt=52.0000 gap=4.0000 tried=5 sep_labels=52 clique_frac=0.01
t=554161ms iter=1661 REBUILD reject new_tc=63.5527 (was 59.9157)
t=554318ms iter=1661 incumb=59.9157 ratchet=60.5057 best=59.9157 since_improve=1112
t=554326ms iter=1662 WAIST cost=56.0000 best_alt=51.0000 gap=5.0000 tried=5 sep_labels=51 clique_frac=0.01
t=554480ms iter=1662 REBUILD reject new_tc=72.3489 (was 59.9157)
t=554635ms iter=1662 incumb=59.9157 ratchet=59.9442 best=59.9157 since_improve=1113
t=554643ms iter=1663 WAIST cost=56.0000 best_alt=51.0000 gap=5.0000 tried=5 sep_labels=51 clique_frac=0.01
t=554793ms iter=1663 REBUILD reject new_tc=61.6584 (was 59.9157)
t=554948ms iter=1663 incumb=59.9157 ratchet=59.9693 best=59.9157 since_improve=1114
t=554956ms iter=1664 WAIST cost=56.0000 best_alt=52.0000 gap=4.0000 tried=5 sep_labels=52 clique_frac=0.01
t=555122ms iter=1664 REBUILD reject new_tc=65.2819 (was 59.9157)
t=555273ms iter=1664 incumb=59.9157 ratchet=59.9819 best=59.9157 since_improve=1115
t=555282ms iter=1665 WAIST cost=56.0000 best_alt=51.0000 gap=5.0000 tried=5 sep_labels=51 clique_frac=0.01
t=555422ms iter=1665 REBUILD reject new_tc=76.0000 (was 59.9157)
t=555576ms iter=1665 incumb=59.9157 ratchet=59.9455 best=59.9157 since_improve=1116
t=555585ms iter=1666 WAIST cost=56.0000 best_alt=52.0000 gap=4.0000 tried=5 sep_labels=52 clique_frac=0.01
t=555758ms iter=1666 REBUILD reject new_tc=61.3579 (was 59.9157)
t=555911ms iter=1666 incumb=59.9157 ratchet=60.0572 best=59.9157 since_improve=1117
t=555921ms iter=1667 WAIST cost=56.0000 best_alt=49.0000 gap=7.0000 tried=5 sep_labels=49 clique_frac=0.01
t=556079ms iter=1667 REBUILD reject new_tc=61.8752 (was 59.9157)
t=556231ms iter=1667 incumb=59.9157 ratchet=60.0351 best=59.9157 since_improve=1118
t=556240ms iter=1668 WAIST cost=56.0000 best_alt=51.0000 gap=5.0000 tried=5 sep_labels=51 clique_frac=0.01
t=556396ms iter=1668 REBUILD reject new_tc=62.0156 (was 59.9157)
t=556551ms iter=1668 incumb=59.9157 ratchet=60.0275 best=59.9157 since_improve=1119
t=556560ms iter=1669 WAIST cost=56.0000 best_alt=52.0000 gap=4.0000 tried=5 sep_labels=52 clique_frac=0.01
t=556723ms iter=1669 REBUILD reject new_tc=61.3605 (was 59.9157)
t=556879ms iter=1669 incumb=59.9157 ratchet=59.9933 best=59.9157 since_improve=1120
t=556887ms iter=1670 WAIST cost=56.0000 best_alt=51.0000 gap=5.0000 tried=5 sep_labels=51 clique_frac=0.01
t=557040ms iter=1670 REBUILD reject new_tc=61.6745 (was 59.9157)
t=557195ms iter=1670 incumb=59.9157 ratchet=59.9531 best=59.9157 since_improve=1121
t=557202ms iter=1671 WAIST cost=56.0000 best_alt=52.0000 gap=4.0000 tried=5 sep_labels=52 clique_frac=0.01
t=557373ms iter=1671 REBUILD reject new_tc=64.4113 (was 59.9157)
t=557523ms iter=1671 incumb=59.9157 ratchet=59.9949 best=59.9157 since_improve=1122
t=557530ms iter=1672 WAIST cost=56.0000 best_alt=51.0000 gap=5.0000 tried=5 sep_labels=51 clique_frac=0.02
t=557689ms iter=1672 REBUILD reject new_tc=61.7191 (was 59.9157)
t=557841ms iter=1672 incumb=59.9157 ratchet=59.9712 best=59.9157 since_improve=1123
t=557851ms iter=1673 WAIST cost=56.0000 best_alt=49.0000 gap=7.0000 tried=5 sep_labels=49 clique_frac=0.01
t=557999ms iter=1673 REBUILD reject new_tc=61.8522 (was 59.9157)
t=558153ms iter=1673 incumb=59.9157 ratchet=59.9692 best=59.9157 since_improve=1124
t=558162ms iter=1674 WAIST cost=56.0000 best_alt=51.0000 gap=5.0000 tried=5 sep_labels=51 clique_frac=0.01
t=558317ms iter=1674 REBUILD reject new_tc=61.6192 (was 59.9157)
t=558476ms iter=1674 incumb=59.9157 ratchet=60.0473 best=59.9157 since_improve=1125
t=558485ms iter=1675 WAIST cost=56.0000 best_alt=51.0000 gap=5.0000 tried=5 sep_labels=51 clique_frac=0.01
t=558640ms iter=1675 REBUILD reject new_tc=62.1539 (was 59.9157)
t=558795ms iter=1675 incumb=59.9157 ratchet=60.1087 best=59.9157 since_improve=1126
t=558802ms iter=1676 WAIST cost=56.0000 best_alt=51.0000 gap=5.0000 tried=5 sep_labels=51 clique_frac=0.01
t=558961ms iter=1676 REBUILD reject new_tc=61.5459 (was 59.9157)
t=559114ms iter=1676 incumb=59.9157 ratchet=60.0891 best=59.9157 since_improve=1127
t=559123ms iter=1677 WAIST cost=56.0000 best_alt=52.0000 gap=4.0000 tried=5 sep_labels=52 clique_frac=0.01
t=559298ms iter=1677 REBUILD reject new_tc=61.1376 (was 59.9157)
t=559451ms iter=1677 incumb=59.9157 ratchet=60.0431 best=59.9157 since_improve=1128
t=559458ms iter=1678 WAIST cost=56.0000 best_alt=52.0000 gap=4.0000 tried=5 sep_labels=52 clique_frac=0.01
t=559630ms iter=1678 REBUILD reject new_tc=61.2505 (was 59.9157)
t=559783ms iter=1678 incumb=59.9157 ratchet=59.9331 best=59.9157 since_improve=1129
t=559792ms iter=1679 WAIST cost=56.0000 best_alt=52.0000 gap=4.0000 tried=5 sep_labels=52 clique_frac=0.01
t=559967ms iter=1679 REBUILD reject new_tc=61.2066 (was 59.9157)
t=560120ms iter=1679 incumb=59.9157 ratchet=60.0192 best=59.9157 since_improve=1130
t=560129ms iter=1680 WAIST cost=56.0000 best_alt=52.0000 gap=4.0000 tried=5 sep_labels=52 clique_frac=0.01
t=560305ms iter=1680 REBUILD reject new_tc=60.6339 (was 59.9157)
t=560459ms iter=1680 incumb=59.9157 ratchet=60.0012 best=59.9157 since_improve=1131
t=560467ms iter=1681 WAIST cost=56.0000 best_alt=51.0000 gap=5.0000 tried=5 sep_labels=51 clique_frac=0.01
t=560617ms iter=1681 REBUILD reject new_tc=63.1239 (was 59.9157)
t=560775ms iter=1681 incumb=59.9157 ratchet=60.0191 best=59.9157 since_improve=1132
t=560781ms iter=1682 WAIST cost=56.0000 best_alt=52.0000 gap=4.0000 tried=5 sep_labels=52 clique_frac=0.01
t=560949ms iter=1682 REBUILD reject new_tc=61.4959 (was 59.9157)
t=561104ms iter=1682 incumb=59.9157 ratchet=59.9721 best=59.9157 since_improve=1133
t=561111ms iter=1683 WAIST cost=56.0000 best_alt=52.0000 gap=4.0000 tried=5 sep_labels=52 clique_frac=0.01
t=561284ms iter=1683 REBUILD reject new_tc=61.9984 (was 59.9157)
t=561445ms iter=1683 incumb=59.9157 ratchet=60.0645 best=59.9157 since_improve=1134
t=561454ms iter=1684 WAIST cost=56.0000 best_alt=52.0000 gap=4.0000 tried=5 sep_labels=52 clique_frac=0.01
t=561627ms iter=1684 REBUILD reject new_tc=61.3331 (was 59.9157)
t=561780ms iter=1684 incumb=59.9157 ratchet=59.9339 best=59.9157 since_improve=1135
t=561787ms iter=1685 WAIST cost=56.0000 best_alt=50.0000 gap=6.0000 tried=5 sep_labels=50 clique_frac=0.01
t=561935ms iter=1685 REBUILD reject new_tc=61.3472 (was 59.9157)
t=562087ms iter=1685 incumb=59.9157 ratchet=60.0999 best=59.9157 since_improve=1136
t=562095ms iter=1686 WAIST cost=56.0000 best_alt=52.0000 gap=4.0000 tried=5 sep_labels=52 clique_frac=0.01
t=562264ms iter=1686 REBUILD reject new_tc=61.7940 (was 59.9157)
t=562432ms iter=1686 incumb=59.9157 ratchet=60.0484 best=59.9157 since_improve=1137
t=562442ms iter=1687 WAIST cost=56.0000 best_alt=49.0000 gap=7.0000 tried=5 sep_labels=49 clique_frac=0.01
t=562598ms iter=1687 REBUILD reject new_tc=61.5171 (was 59.9157)
t=562751ms iter=1687 incumb=59.9157 ratchet=60.0756 best=59.9157 since_improve=1138
t=562762ms iter=1688 WAIST cost=56.0000 best_alt=51.0000 gap=5.0000 tried=5 sep_labels=51 clique_frac=0.01
t=562918ms iter=1688 REBUILD reject new_tc=61.3524 (was 59.9157)
t=563075ms iter=1688 incumb=59.9157 ratchet=60.0098 best=59.9157 since_improve=1139
t=563084ms iter=1689 WAIST cost=56.0000 best_alt=52.0000 gap=4.0000 tried=5 sep_labels=52 clique_frac=0.01
t=563254ms iter=1689 REBUILD reject new_tc=61.5386 (was 59.9157)
t=563403ms iter=1689 incumb=59.9157 ratchet=59.9521 best=59.9157 since_improve=1140
t=563412ms iter=1690 WAIST cost=56.0000 best_alt=52.0000 gap=4.0000 tried=5 sep_labels=52 clique_frac=0.01
t=563580ms iter=1690 REBUILD reject new_tc=61.6358 (was 59.9157)
t=563734ms iter=1690 incumb=59.9157 ratchet=60.0116 best=59.9157 since_improve=1141
t=563742ms iter=1691 WAIST cost=56.0000 best_alt=50.0000 gap=6.0000 tried=5 sep_labels=50 clique_frac=0.01
t=563878ms iter=1691 REBUILD reject new_tc=79.0002 (was 59.9157)
t=564031ms iter=1691 incumb=59.9157 ratchet=60.0899 best=59.9157 since_improve=1142
t=564038ms iter=1692 WAIST cost=56.0000 best_alt=49.0000 gap=7.0000 tried=5 sep_labels=49 clique_frac=0.01
t=564189ms iter=1692 REBUILD reject new_tc=60.9949 (was 59.9157)
t=564341ms iter=1692 incumb=59.9157 ratchet=60.2613 best=59.9157 since_improve=1143
t=564351ms iter=1693 WAIST cost=56.0000 best_alt=51.0000 gap=5.0000 tried=5 sep_labels=51 clique_frac=0.01
t=564520ms iter=1693 REBUILD reject new_tc=62.7566 (was 59.9157)
t=564670ms iter=1693 incumb=59.9157 ratchet=59.9667 best=59.9157 since_improve=1144
t=564680ms iter=1694 WAIST cost=56.0000 best_alt=51.0000 gap=5.0000 tried=5 sep_labels=51 clique_frac=0.01
t=564833ms iter=1694 REBUILD reject new_tc=61.5276 (was 59.9157)
t=564991ms iter=1694 incumb=59.9157 ratchet=60.0779 best=59.9157 since_improve=1145
t=564998ms iter=1695 WAIST cost=56.0000 best_alt=52.0000 gap=4.0000 tried=5 sep_labels=52 clique_frac=0.01
t=565169ms iter=1695 REBUILD reject new_tc=60.4653 (was 59.9157)
t=565329ms iter=1695 incumb=59.9157 ratchet=59.9751 best=59.9157 since_improve=1146
t=565337ms iter=1696 WAIST cost=56.0000 best_alt=52.0000 gap=4.0000 tried=5 sep_labels=52 clique_frac=0.01
t=565510ms iter=1696 REBUILD reject new_tc=60.8295 (was 59.9157)
t=565665ms iter=1696 incumb=59.9157 ratchet=59.9425 best=59.9157 since_improve=1147
t=565675ms iter=1697 WAIST cost=56.0000 best_alt=51.0000 gap=5.0000 tried=5 sep_labels=51 clique_frac=0.01
t=565813ms iter=1697 REBUILD reject new_tc=81.0000 (was 59.9157)
t=565968ms iter=1697 incumb=59.9157 ratchet=60.0023 best=59.9157 since_improve=1148
t=565976ms iter=1698 WAIST cost=56.0000 best_alt=50.0000 gap=6.0000 tried=5 sep_labels=50 clique_frac=0.01
t=566130ms iter=1698 REBUILD reject new_tc=64.4602 (was 59.9157)
t=566283ms iter=1698 incumb=59.9157 ratchet=59.9769 best=59.9157 since_improve=1149
t=566293ms iter=1699 WAIST cost=56.0000 best_alt=52.0000 gap=4.0000 tried=5 sep_labels=52 clique_frac=0.01
t=566462ms iter=1699 REBUILD reject new_tc=60.5996 (was 59.9157)
t=566622ms iter=1699 incumb=59.9157 ratchet=60.0569 best=59.9157 since_improve=1150
t=566630ms iter=1700 WAIST cost=56.0000 best_alt=52.0000 gap=4.0000 tried=5 sep_labels=52 clique_frac=0.01
t=566794ms iter=1700 REBUILD reject new_tc=60.8371 (was 59.9157)
t=566950ms iter=1700 incumb=59.9157 ratchet=60.0814 best=59.9157 since_improve=1151
t=566960ms iter=1701 WAIST cost=56.0000 best_alt=51.0000 gap=5.0000 tried=5 sep_labels=51 clique_frac=0.01
t=567111ms iter=1701 REBUILD reject new_tc=61.5809 (was 59.9157)
t=567271ms iter=1701 incumb=59.9157 ratchet=60.1546 best=59.9157 since_improve=1152
t=567280ms iter=1702 WAIST cost=56.0000 best_alt=50.0000 gap=6.0000 tried=5 sep_labels=50 clique_frac=0.01
t=567437ms iter=1702 REBUILD reject new_tc=61.4472 (was 59.9157)
t=567596ms iter=1702 incumb=59.9157 ratchet=59.9444 best=59.9157 since_improve=1153
t=567605ms iter=1703 WAIST cost=56.0000 best_alt=52.0000 gap=4.0000 tried=5 sep_labels=52 clique_frac=0.01
t=567775ms iter=1703 REBUILD reject new_tc=60.7083 (was 59.9157)
t=567927ms iter=1703 incumb=59.9157 ratchet=60.0736 best=59.9157 since_improve=1154
t=567935ms iter=1704 WAIST cost=56.0000 best_alt=51.0000 gap=5.0000 tried=5 sep_labels=51 clique_frac=0.01
t=568086ms iter=1704 REBUILD reject new_tc=61.5884 (was 59.9157)
t=568245ms iter=1704 incumb=59.9157 ratchet=60.0835 best=59.9157 since_improve=1155
t=568252ms iter=1705 WAIST cost=56.0000 best_alt=49.0000 gap=7.0000 tried=5 sep_labels=49 clique_frac=0.01
t=568409ms iter=1705 REBUILD reject new_tc=61.1871 (was 59.9157)
t=568564ms iter=1705 incumb=59.9157 ratchet=60.0392 best=59.9157 since_improve=1156
t=568572ms iter=1706 WAIST cost=56.0000 best_alt=52.0000 gap=4.0000 tried=5 sep_labels=52 clique_frac=0.01
t=568735ms iter=1706 REBUILD reject new_tc=61.3718 (was 59.9157)
t=568890ms iter=1706 incumb=59.9157 ratchet=60.0232 best=59.9157 since_improve=1157
t=568898ms iter=1707 WAIST cost=56.0000 best_alt=52.0000 gap=4.0000 tried=5 sep_labels=52 clique_frac=0.01
t=569065ms iter=1707 REBUILD reject new_tc=61.3159 (was 59.9157)
t=569222ms iter=1707 incumb=59.9157 ratchet=59.9917 best=59.9157 since_improve=1158
t=569233ms iter=1708 WAIST cost=56.0000 best_alt=51.0000 gap=5.0000 tried=5 sep_labels=51 clique_frac=0.01
t=569405ms iter=1708 REBUILD reject new_tc=61.4948 (was 59.9157)
t=569558ms iter=1708 incumb=59.9157 ratchet=60.0599 best=59.9157 since_improve=1159
t=569565ms iter=1709 WAIST cost=56.0000 best_alt=52.0000 gap=4.0000 tried=5 sep_labels=52 clique_frac=0.01
t=569733ms iter=1709 REBUILD reject new_tc=60.4679 (was 59.9157)
t=569886ms iter=1709 incumb=59.9157 ratchet=60.0711 best=59.9157 since_improve=1160
t=569895ms iter=1710 WAIST cost=56.0000 best_alt=52.0000 gap=4.0000 tried=5 sep_labels=52 clique_frac=0.01
t=570051ms iter=1710 REBUILD reject new_tc=75.0000 (was 59.9157)
t=570203ms iter=1710 incumb=59.9157 ratchet=60.0475 best=59.9157 since_improve=1161
t=570212ms iter=1711 WAIST cost=56.0000 best_alt=52.0000 gap=4.0000 tried=5 sep_labels=52 clique_frac=0.01
t=570379ms iter=1711 REBUILD reject new_tc=66.0028 (was 59.9157)
t=570530ms iter=1711 incumb=59.9157 ratchet=59.9509 best=59.9157 since_improve=1162
t=570537ms iter=1712 WAIST cost=56.0000 best_alt=50.0000 gap=6.0000 tried=5 sep_labels=50 clique_frac=0.01
t=570676ms iter=1712 REBUILD reject new_tc=81.0001 (was 59.9157)
t=570828ms iter=1712 incumb=59.9157 ratchet=60.0510 best=59.9157 since_improve=1163
t=570836ms iter=1713 WAIST cost=56.0000 best_alt=52.0000 gap=4.0000 tried=5 sep_labels=52 clique_frac=0.01
t=571004ms iter=1713 REBUILD reject new_tc=61.3565 (was 59.9157)
t=571164ms iter=1713 incumb=59.9157 ratchet=60.1776 best=59.9157 since_improve=1164
t=571173ms iter=1714 WAIST cost=56.0000 best_alt=51.0000 gap=5.0000 tried=5 sep_labels=51 clique_frac=0.01
t=571321ms iter=1714 REBUILD reject new_tc=61.6117 (was 59.9157)
t=571470ms iter=1714 incumb=59.9157 ratchet=60.0121 best=59.9157 since_improve=1165
t=571477ms iter=1715 WAIST cost=56.0000 best_alt=52.0000 gap=4.0000 tried=5 sep_labels=52 clique_frac=0.01
t=571651ms iter=1715 REBUILD reject new_tc=61.3874 (was 59.9157)
t=571799ms iter=1715 incumb=59.9157 ratchet=60.0027 best=59.9157 since_improve=1166
t=571808ms iter=1716 WAIST cost=56.0000 best_alt=49.0000 gap=7.0000 tried=5 sep_labels=49 clique_frac=0.01
t=571958ms iter=1716 REBUILD reject new_tc=61.6688 (was 59.9157)
t=572115ms iter=1716 incumb=59.9157 ratchet=59.9968 best=59.9157 since_improve=1167
t=572126ms iter=1717 WAIST cost=56.0000 best_alt=52.0000 gap=4.0000 tried=5 sep_labels=52 clique_frac=0.01
t=572298ms iter=1717 REBUILD reject new_tc=60.6634 (was 59.9157)
t=572453ms iter=1717 incumb=59.9157 ratchet=59.9717 best=59.9157 since_improve=1168
t=572462ms iter=1718 WAIST cost=56.0000 best_alt=52.0000 gap=4.0000 tried=5 sep_labels=52 clique_frac=0.01
t=572637ms iter=1718 REBUILD reject new_tc=67.0998 (was 59.9157)
t=572794ms iter=1718 incumb=59.9157 ratchet=60.0602 best=59.9157 since_improve=1169
t=572804ms iter=1719 WAIST cost=56.0000 best_alt=49.0000 gap=7.0000 tried=5 sep_labels=49 clique_frac=0.01
t=572983ms iter=1719 REBUILD reject new_tc=61.1760 (was 59.9157)
t=573138ms iter=1719 incumb=59.9157 ratchet=60.0572 best=59.9157 since_improve=1170
t=573145ms iter=1720 WAIST cost=56.0000 best_alt=51.0000 gap=5.0000 tried=5 sep_labels=51 clique_frac=0.01
t=573302ms iter=1720 REBUILD reject new_tc=61.6324 (was 59.9157)
t=573453ms iter=1720 incumb=59.9157 ratchet=59.9745 best=59.9157 since_improve=1171
t=573462ms iter=1721 WAIST cost=56.0000 best_alt=52.0000 gap=4.0000 tried=5 sep_labels=52 clique_frac=0.01
t=573631ms iter=1721 REBUILD reject new_tc=60.5187 (was 59.9157)
t=573789ms iter=1721 incumb=59.9157 ratchet=59.9392 best=59.9157 since_improve=1172
t=573798ms iter=1722 WAIST cost=56.0000 best_alt=52.0000 gap=4.0000 tried=5 sep_labels=52 clique_frac=0.01
t=573958ms iter=1722 REBUILD reject new_tc=71.0060 (was 59.9157)
t=574113ms iter=1722 incumb=59.9157 ratchet=60.0186 best=59.9157 since_improve=1173
t=574122ms iter=1723 WAIST cost=56.0000 best_alt=51.0000 gap=5.0000 tried=5 sep_labels=51 clique_frac=0.01
t=574278ms iter=1723 REBUILD reject new_tc=63.4181 (was 59.9157)
t=574432ms iter=1723 incumb=59.9157 ratchet=60.0868 best=59.9157 since_improve=1174
t=574440ms iter=1724 WAIST cost=56.0000 best_alt=52.0000 gap=4.0000 tried=5 sep_labels=52 clique_frac=0.01
t=574612ms iter=1724 REBUILD reject new_tc=61.4642 (was 59.9157)
t=574767ms iter=1724 incumb=59.9157 ratchet=59.9576 best=59.9157 since_improve=1175
t=574774ms iter=1725 WAIST cost=56.0000 best_alt=51.0000 gap=5.0000 tried=5 sep_labels=51 clique_frac=0.01
t=574925ms iter=1725 REBUILD reject new_tc=61.6992 (was 59.9157)
t=575078ms iter=1725 incumb=59.9157 ratchet=60.0662 best=59.9157 since_improve=1176
t=575085ms iter=1726 WAIST cost=56.0000 best_alt=52.0000 gap=4.0000 tried=5 sep_labels=52 clique_frac=0.01
t=575256ms iter=1726 REBUILD reject new_tc=65.4324 (was 59.9157)
t=575407ms iter=1726 incumb=59.9157 ratchet=59.9715 best=59.9157 since_improve=1177
t=575416ms iter=1727 WAIST cost=56.0000 best_alt=51.0000 gap=5.0000 tried=5 sep_labels=51 clique_frac=0.01
t=575569ms iter=1727 REBUILD reject new_tc=61.9436 (was 59.9157)
t=575724ms iter=1727 incumb=59.9157 ratchet=59.9865 best=59.9157 since_improve=1178
t=575731ms iter=1728 WAIST cost=56.0000 best_alt=52.0000 gap=4.0000 tried=5 sep_labels=52 clique_frac=0.01
t=575901ms iter=1728 REBUILD reject new_tc=61.3601 (was 59.9157)
t=576057ms iter=1728 incumb=59.9157 ratchet=59.9224 best=59.9157 since_improve=1179
t=576066ms iter=1729 WAIST cost=56.0000 best_alt=49.0000 gap=7.0000 tried=5 sep_labels=49 clique_frac=0.01
t=576213ms iter=1729 REBUILD reject new_tc=60.9975 (was 59.9157)
t=576367ms iter=1729 incumb=59.9157 ratchet=59.9710 best=59.9157 since_improve=1180
t=576375ms iter=1730 WAIST cost=56.0000 best_alt=52.0000 gap=4.0000 tried=5 sep_labels=52 clique_frac=0.01
t=576544ms iter=1730 REBUILD reject new_tc=61.4122 (was 59.9157)
t=576700ms iter=1730 incumb=59.9157 ratchet=59.9974 best=59.9157 since_improve=1181
t=576710ms iter=1731 WAIST cost=56.0000 best_alt=51.0000 gap=5.0000 tried=5 sep_labels=51 clique_frac=0.01
t=576858ms iter=1731 REBUILD reject new_tc=61.3575 (was 59.9157)
t=577008ms iter=1731 incumb=59.9157 ratchet=60.0585 best=59.9157 since_improve=1182
t=577015ms iter=1732 WAIST cost=56.0000 best_alt=52.0000 gap=4.0000 tried=5 sep_labels=52 clique_frac=0.01
t=577187ms iter=1732 REBUILD reject new_tc=61.6240 (was 59.9157)
t=577340ms iter=1732 incumb=59.9157 ratchet=60.1762 best=59.9157 since_improve=1183
t=577347ms iter=1733 WAIST cost=56.0000 best_alt=52.0000 gap=4.0000 tried=5 sep_labels=52 clique_frac=0.01
t=577521ms iter=1733 REBUILD reject new_tc=60.7701 (was 59.9157)
t=577672ms iter=1733 incumb=59.9157 ratchet=60.0012 best=59.9157 since_improve=1184
t=577683ms iter=1734 WAIST cost=56.0000 best_alt=52.0000 gap=4.0000 tried=5 sep_labels=52 clique_frac=0.01
t=577858ms iter=1734 REBUILD reject new_tc=60.9620 (was 59.9157)
t=578003ms iter=1734 incumb=59.9157 ratchet=59.9245 best=59.9157 since_improve=1185
t=578011ms iter=1735 WAIST cost=56.0000 best_alt=51.0000 gap=5.0000 tried=5 sep_labels=51 clique_frac=0.01
t=578184ms iter=1735 REBUILD reject new_tc=61.3462 (was 59.9157)
t=578336ms iter=1735 incumb=59.9157 ratchet=59.9456 best=59.9157 since_improve=1186
t=578345ms iter=1736 WAIST cost=56.0000 best_alt=51.0000 gap=5.0000 tried=5 sep_labels=51 clique_frac=0.01
t=578497ms iter=1736 REBUILD reject new_tc=61.5213 (was 59.9157)
t=578649ms iter=1736 incumb=59.9157 ratchet=59.9429 best=59.9157 since_improve=1187
t=578657ms iter=1737 WAIST cost=56.0000 best_alt=52.0000 gap=4.0000 tried=5 sep_labels=52 clique_frac=0.01
t=578820ms iter=1737 REBUILD reject new_tc=60.7232 (was 59.9157)
t=578972ms iter=1737 incumb=59.9157 ratchet=60.0453 best=59.9157 since_improve=1188
t=578980ms iter=1738 WAIST cost=56.0000 best_alt=52.0000 gap=4.0000 tried=5 sep_labels=52 clique_frac=0.01
t=579152ms iter=1738 REBUILD reject new_tc=61.5624 (was 59.9157)
t=579308ms iter=1738 incumb=59.9157 ratchet=60.0539 best=59.9157 since_improve=1189
t=579318ms iter=1739 WAIST cost=56.0000 best_alt=52.0000 gap=4.0000 tried=5 sep_labels=52 clique_frac=0.01
t=579483ms iter=1739 REBUILD reject new_tc=67.5185 (was 59.9157)
t=579634ms iter=1739 incumb=59.9157 ratchet=60.0621 best=59.9157 since_improve=1190
t=579643ms iter=1740 WAIST cost=56.0000 best_alt=49.0000 gap=7.0000 tried=5 sep_labels=49 clique_frac=0.01
t=579796ms iter=1740 REBUILD reject new_tc=61.1741 (was 59.9157)
t=579948ms iter=1740 incumb=59.9157 ratchet=59.9426 best=59.9157 since_improve=1191
t=579956ms iter=1741 WAIST cost=56.0000 best_alt=51.0000 gap=5.0000 tried=5 sep_labels=51 clique_frac=0.01
t=580103ms iter=1741 REBUILD reject new_tc=68.2851 (was 59.9157)
t=580257ms iter=1741 incumb=59.9157 ratchet=59.9889 best=59.9157 since_improve=1192
t=580263ms iter=1742 WAIST cost=56.0000 best_alt=52.0000 gap=4.0000 tried=5 sep_labels=52 clique_frac=0.01
t=580435ms iter=1742 REBUILD reject new_tc=61.3400 (was 59.9157)
t=580593ms iter=1742 incumb=59.9157 ratchet=59.9667 best=59.9157 since_improve=1193
t=580601ms iter=1743 WAIST cost=56.0000 best_alt=51.0000 gap=5.0000 tried=5 sep_labels=51 clique_frac=0.01
t=580756ms iter=1743 REBUILD reject new_tc=61.5233 (was 59.9157)
t=580932ms iter=1743 incumb=59.9157 ratchet=60.0471 best=59.9157 since_improve=1194
t=580940ms iter=1744 WAIST cost=56.0000 best_alt=51.0000 gap=5.0000 tried=5 sep_labels=51 clique_frac=0.01
t=581100ms iter=1744 REBUILD reject new_tc=61.7520 (was 59.9157)
t=581252ms iter=1744 incumb=59.9157 ratchet=59.9814 best=59.9157 since_improve=1195
t=581260ms iter=1745 WAIST cost=56.0000 best_alt=51.0000 gap=5.0000 tried=5 sep_labels=51 clique_frac=0.02
t=581448ms iter=1745 REBUILD reject new_tc=68.0293 (was 59.9157)
t=581615ms iter=1745 incumb=59.9157 ratchet=60.0816 best=59.9157 since_improve=1196
t=581624ms iter=1746 WAIST cost=56.0000 best_alt=50.0000 gap=6.0000 tried=5 sep_labels=50 clique_frac=0.01
t=581779ms iter=1746 REBUILD reject new_tc=68.0051 (was 59.9157)
t=581929ms iter=1746 incumb=59.9157 ratchet=60.0447 best=59.9157 since_improve=1197
t=581938ms iter=1747 WAIST cost=56.0000 best_alt=51.0000 gap=5.0000 tried=5 sep_labels=51 clique_frac=0.01
t=582087ms iter=1747 REBUILD reject new_tc=62.1009 (was 59.9157)
t=582239ms iter=1747 incumb=59.9157 ratchet=59.9764 best=59.9157 since_improve=1198
t=582247ms iter=1748 WAIST cost=56.0000 best_alt=52.0000 gap=4.0000 tried=5 sep_labels=52 clique_frac=0.01
t=582410ms iter=1748 REBUILD reject new_tc=62.3745 (was 59.9157)
t=582563ms iter=1748 incumb=59.9157 ratchet=60.0062 best=59.9157 since_improve=1199
t=582574ms iter=1749 WAIST cost=56.0000 best_alt=52.0000 gap=4.0000 tried=5 sep_labels=52 clique_frac=0.01
t=582751ms iter=1749 REBUILD reject new_tc=61.0413 (was 59.9157)
t=582901ms iter=1749 incumb=59.9157 ratchet=60.0351 best=59.9157 since_improve=1200
t=582910ms iter=1750 WAIST cost=56.0000 best_alt=50.0000 gap=6.0000 tried=5 sep_labels=50 clique_frac=0.01
t=583063ms iter=1750 REBUILD reject new_tc=61.4537 (was 59.9157)
t=583222ms iter=1750 incumb=59.9157 ratchet=60.0003 best=59.9157 since_improve=1201
t=583231ms iter=1751 WAIST cost=56.0000 best_alt=52.0000 gap=4.0000 tried=5 sep_labels=52 clique_frac=0.01
t=583391ms iter=1751 REBUILD reject new_tc=64.3408 (was 59.9157)
t=583544ms iter=1751 incumb=59.9157 ratchet=60.1395 best=59.9157 since_improve=1202
t=583554ms iter=1752 WAIST cost=56.0000 best_alt=51.0000 gap=5.0000 tried=5 sep_labels=51 clique_frac=0.01
t=583705ms iter=1752 REBUILD reject new_tc=61.4975 (was 59.9157)
t=583860ms iter=1752 incumb=59.9157 ratchet=60.0141 best=59.9157 since_improve=1203
t=583868ms iter=1753 WAIST cost=56.0000 best_alt=52.0000 gap=4.0000 tried=5 sep_labels=52 clique_frac=0.01
t=584033ms iter=1753 REBUILD reject new_tc=60.7511 (was 59.9157)
t=584181ms iter=1753 incumb=59.9157 ratchet=59.9310 best=59.9157 since_improve=1204
t=584190ms iter=1754 WAIST cost=56.0000 best_alt=52.0000 gap=4.0000 tried=5 sep_labels=52 clique_frac=0.01
t=584360ms iter=1754 REBUILD reject new_tc=61.1067 (was 59.9157)
t=584513ms iter=1754 incumb=59.9157 ratchet=59.9939 best=59.9157 since_improve=1205
t=584521ms iter=1755 WAIST cost=56.0000 best_alt=52.0000 gap=4.0000 tried=5 sep_labels=52 clique_frac=0.01
t=584692ms iter=1755 REBUILD reject new_tc=60.1629 (was 59.9157)
t=584844ms iter=1755 incumb=59.9157 ratchet=60.2658 best=59.9157 since_improve=1206
t=584852ms iter=1756 WAIST cost=56.0000 best_alt=52.0000 gap=4.0000 tried=5 sep_labels=52 clique_frac=0.01
t=585019ms iter=1756 REBUILD reject new_tc=60.3042 (was 59.9157)
t=585175ms iter=1756 incumb=59.9157 ratchet=59.9504 best=59.9157 since_improve=1207
t=585184ms iter=1757 WAIST cost=56.0000 best_alt=51.0000 gap=5.0000 tried=5 sep_labels=51 clique_frac=0.01
t=585333ms iter=1757 REBUILD reject new_tc=61.6123 (was 59.9157)
t=585485ms iter=1757 incumb=59.9157 ratchet=59.9271 best=59.9157 since_improve=1208
t=585494ms iter=1758 WAIST cost=56.0000 best_alt=51.0000 gap=5.0000 tried=5 sep_labels=51 clique_frac=0.01
t=585648ms iter=1758 REBUILD reject new_tc=61.6091 (was 59.9157)
t=585798ms iter=1758 incumb=59.9157 ratchet=59.9892 best=59.9157 since_improve=1209
t=585806ms iter=1759 WAIST cost=56.0000 best_alt=51.0000 gap=5.0000 tried=5 sep_labels=51 clique_frac=0.01
t=585978ms iter=1759 REBUILD reject new_tc=60.9508 (was 59.9157)
t=586133ms iter=1759 incumb=59.9157 ratchet=60.0037 best=59.9157 since_improve=1210
t=586140ms iter=1760 WAIST cost=56.0000 best_alt=52.0000 gap=4.0000 tried=5 sep_labels=52 clique_frac=0.01
t=586309ms iter=1760 REBUILD reject new_tc=61.8104 (was 59.9157)
t=586463ms iter=1760 incumb=59.9157 ratchet=60.0014 best=59.9157 since_improve=1211
t=586472ms iter=1761 WAIST cost=56.0000 best_alt=52.0000 gap=4.0000 tried=5 sep_labels=52 clique_frac=0.01
t=586643ms iter=1761 REBUILD reject new_tc=60.6836 (was 59.9157)
t=586796ms iter=1761 incumb=59.9157 ratchet=59.9681 best=59.9157 since_improve=1212
t=586803ms iter=1762 WAIST cost=56.0000 best_alt=52.0000 gap=4.0000 tried=5 sep_labels=52 clique_frac=0.01
t=586981ms iter=1762 REBUILD reject new_tc=61.4565 (was 59.9157)
t=587134ms iter=1762 incumb=59.9157 ratchet=60.3389 best=59.9157 since_improve=1213
t=587142ms iter=1763 WAIST cost=56.0000 best_alt=52.0000 gap=4.0000 tried=5 sep_labels=52 clique_frac=0.01
t=587301ms iter=1763 REBUILD reject new_tc=71.0331 (was 59.9157)
t=587456ms iter=1763 incumb=59.9157 ratchet=59.9944 best=59.9157 since_improve=1214
t=587466ms iter=1764 WAIST cost=56.0000 best_alt=49.0000 gap=7.0000 tried=5 sep_labels=49 clique_frac=0.01
t=587605ms iter=1764 REBUILD reject new_tc=75.0003 (was 59.9157)
t=587761ms iter=1764 incumb=59.9157 ratchet=60.0363 best=59.9157 since_improve=1215
t=587769ms iter=1765 WAIST cost=56.0000 best_alt=52.0000 gap=4.0000 tried=5 sep_labels=52 clique_frac=0.01
t=587940ms iter=1765 REBUILD reject new_tc=61.1057 (was 59.9157)
t=588097ms iter=1765 incumb=59.9157 ratchet=59.9989 best=59.9157 since_improve=1216
t=588106ms iter=1766 WAIST cost=56.0000 best_alt=50.0000 gap=6.0000 tried=5 sep_labels=50 clique_frac=0.01
t=588257ms iter=1766 REBUILD reject new_tc=61.3246 (was 59.9157)
t=588409ms iter=1766 incumb=59.9157 ratchet=60.0211 best=59.9157 since_improve=1217
t=588417ms iter=1767 WAIST cost=56.0000 best_alt=51.0000 gap=5.0000 tried=5 sep_labels=51 clique_frac=0.01
t=588574ms iter=1767 REBUILD reject new_tc=66.7956 (was 59.9157)
t=588732ms iter=1767 incumb=59.9157 ratchet=60.2466 best=59.9157 since_improve=1218
t=588740ms iter=1768 WAIST cost=56.0000 best_alt=51.0000 gap=5.0000 tried=5 sep_labels=51 clique_frac=0.01
t=588892ms iter=1768 REBUILD reject new_tc=61.3887 (was 59.9157)
t=589045ms iter=1768 incumb=59.9157 ratchet=59.9857 best=59.9157 since_improve=1219
t=589053ms iter=1769 WAIST cost=56.0000 best_alt=51.0000 gap=5.0000 tried=5 sep_labels=51 clique_frac=0.01
t=589208ms iter=1769 REBUILD reject new_tc=61.7953 (was 59.9157)
t=589362ms iter=1769 incumb=59.9157 ratchet=59.9824 best=59.9157 since_improve=1220
t=589371ms iter=1770 WAIST cost=56.0000 best_alt=51.0000 gap=5.0000 tried=5 sep_labels=51 clique_frac=0.01
t=589530ms iter=1770 REBUILD reject new_tc=61.6015 (was 59.9157)
t=589687ms iter=1770 incumb=59.9157 ratchet=59.9796 best=59.9157 since_improve=1221
t=589697ms iter=1771 WAIST cost=56.0000 best_alt=51.0000 gap=5.0000 tried=5 sep_labels=51 clique_frac=0.01
t=589854ms iter=1771 REBUILD reject new_tc=61.8998 (was 59.9157)
t=590013ms iter=1771 incumb=59.9157 ratchet=59.9967 best=59.9157 since_improve=1222
t=590023ms iter=1772 WAIST cost=56.0000 best_alt=51.0000 gap=5.0000 tried=5 sep_labels=51 clique_frac=0.01
t=590175ms iter=1772 REBUILD reject new_tc=61.4723 (was 59.9157)
t=590331ms iter=1772 incumb=59.9157 ratchet=60.0051 best=59.9157 since_improve=1223
t=590341ms iter=1773 WAIST cost=56.0000 best_alt=51.0000 gap=5.0000 tried=5 sep_labels=51 clique_frac=0.01
t=590493ms iter=1773 REBUILD reject new_tc=61.6307 (was 59.9157)
t=590646ms iter=1773 incumb=59.9157 ratchet=60.0255 best=59.9157 since_improve=1224
t=590654ms iter=1774 WAIST cost=56.0000 best_alt=49.0000 gap=7.0000 tried=5 sep_labels=49 clique_frac=0.01
t=590807ms iter=1774 REBUILD reject new_tc=60.9089 (was 59.9157)
t=590956ms iter=1774 incumb=59.9157 ratchet=60.0555 best=59.9157 since_improve=1225
t=590965ms iter=1775 WAIST cost=56.0000 best_alt=52.0000 gap=4.0000 tried=5 sep_labels=52 clique_frac=0.01
t=591137ms iter=1775 REBUILD reject new_tc=61.1566 (was 59.9157)
t=591290ms iter=1775 incumb=59.9157 ratchet=60.0040 best=59.9157 since_improve=1226
t=591298ms iter=1776 WAIST cost=56.0000 best_alt=51.0000 gap=5.0000 tried=5 sep_labels=51 clique_frac=0.01
t=591452ms iter=1776 REBUILD reject new_tc=61.2557 (was 59.9157)
t=591600ms iter=1776 incumb=59.9157 ratchet=60.0630 best=59.9157 since_improve=1227
t=591610ms iter=1777 WAIST cost=56.0000 best_alt=51.0000 gap=5.0000 tried=5 sep_labels=51 clique_frac=0.01
t=591752ms iter=1777 REBUILD reject new_tc=78.0003 (was 59.9157)
t=591906ms iter=1777 incumb=59.9157 ratchet=59.9609 best=59.9157 since_improve=1228
t=591916ms iter=1778 WAIST cost=56.0000 best_alt=51.0000 gap=5.0000 tried=5 sep_labels=51 clique_frac=0.01
t=592072ms iter=1778 REBUILD reject new_tc=61.7225 (was 59.9157)
t=592230ms iter=1778 incumb=59.9157 ratchet=60.1713 best=59.9157 since_improve=1229
t=592237ms iter=1779 WAIST cost=56.0000 best_alt=52.0000 gap=4.0000 tried=5 sep_labels=52 clique_frac=0.01
t=592407ms iter=1779 REBUILD reject new_tc=62.6580 (was 59.9157)
t=592558ms iter=1779 incumb=59.9157 ratchet=60.0014 best=59.9157 since_improve=1230
t=592564ms iter=1780 WAIST cost=56.0000 best_alt=52.0000 gap=4.0000 tried=5 sep_labels=52 clique_frac=0.01
t=592732ms iter=1780 REBUILD reject new_tc=61.4224 (was 59.9157)
t=592888ms iter=1780 incumb=59.9157 ratchet=60.0780 best=59.9157 since_improve=1231
t=592896ms iter=1781 WAIST cost=56.0000 best_alt=51.0000 gap=5.0000 tried=5 sep_labels=51 clique_frac=0.02
t=593045ms iter=1781 REBUILD reject new_tc=61.4183 (was 59.9157)
t=593199ms iter=1781 incumb=59.9157 ratchet=59.9863 best=59.9157 since_improve=1232
t=593209ms iter=1782 WAIST cost=56.0000 best_alt=51.0000 gap=5.0000 tried=5 sep_labels=51 clique_frac=0.01
t=593360ms iter=1782 REBUILD reject new_tc=61.2024 (was 59.9157)
t=593515ms iter=1782 incumb=59.9157 ratchet=60.0059 best=59.9157 since_improve=1233
t=593522ms iter=1783 WAIST cost=56.0000 best_alt=51.0000 gap=5.0000 tried=5 sep_labels=51 clique_frac=0.01
t=593672ms iter=1783 REBUILD reject new_tc=62.1915 (was 59.9157)
t=593823ms iter=1783 incumb=59.9157 ratchet=60.0501 best=59.9157 since_improve=1234
t=593830ms iter=1784 WAIST cost=56.0000 best_alt=51.0000 gap=5.0000 tried=5 sep_labels=51 clique_frac=0.01
t=593987ms iter=1784 REBUILD reject new_tc=61.4219 (was 59.9157)
t=594143ms iter=1784 incumb=59.9157 ratchet=60.0198 best=59.9157 since_improve=1235
t=594151ms iter=1785 WAIST cost=56.0000 best_alt=52.0000 gap=4.0000 tried=5 sep_labels=52 clique_frac=0.01
t=594317ms iter=1785 REBUILD reject new_tc=67.4398 (was 59.9157)
t=594466ms iter=1785 incumb=59.9157 ratchet=60.1442 best=59.9157 since_improve=1236
t=594473ms iter=1786 WAIST cost=56.0000 best_alt=52.0000 gap=4.0000 tried=5 sep_labels=52 clique_frac=0.01
t=594641ms iter=1786 REBUILD reject new_tc=61.3881 (was 59.9157)
t=594801ms iter=1786 incumb=59.9157 ratchet=59.9818 best=59.9157 since_improve=1237
t=594809ms iter=1787 WAIST cost=56.0000 best_alt=52.0000 gap=4.0000 tried=5 sep_labels=52 clique_frac=0.01
t=594976ms iter=1787 REBUILD reject new_tc=65.8927 (was 59.9157)
t=595127ms iter=1787 incumb=59.9157 ratchet=60.1874 best=59.9157 since_improve=1238
t=595135ms iter=1788 WAIST cost=56.0000 best_alt=52.0000 gap=4.0000 tried=5 sep_labels=52 clique_frac=0.01
t=595302ms iter=1788 REBUILD reject new_tc=60.9979 (was 59.9157)
t=595455ms iter=1788 incumb=59.9157 ratchet=60.0493 best=59.9157 since_improve=1239
t=595465ms iter=1789 WAIST cost=56.0000 best_alt=52.0000 gap=4.0000 tried=5 sep_labels=52 clique_frac=0.01
t=595635ms iter=1789 REBUILD reject new_tc=61.3872 (was 59.9157)
t=595792ms iter=1789 incumb=59.9157 ratchet=59.9767 best=59.9157 since_improve=1240
t=595800ms iter=1790 WAIST cost=56.0000 best_alt=51.0000 gap=5.0000 tried=5 sep_labels=51 clique_frac=0.02
t=595950ms iter=1790 REBUILD reject new_tc=60.2162 (was 59.9157)
t=596106ms iter=1790 incumb=59.9157 ratchet=59.9787 best=59.9157 since_improve=1241
t=596114ms iter=1791 WAIST cost=56.0000 best_alt=52.0000 gap=4.0000 tried=5 sep_labels=52 clique_frac=0.01
t=596286ms iter=1791 REBUILD reject new_tc=61.2608 (was 59.9157)
t=596440ms iter=1791 incumb=59.9157 ratchet=60.0750 best=59.9157 since_improve=1242
t=596450ms iter=1792 WAIST cost=56.0000 best_alt=51.0000 gap=5.0000 tried=5 sep_labels=51 clique_frac=0.01
t=596599ms iter=1792 REBUILD reject new_tc=61.1827 (was 59.9157)
t=596758ms iter=1792 incumb=59.9157 ratchet=60.0967 best=59.9157 since_improve=1243
t=596766ms iter=1793 WAIST cost=56.0000 best_alt=52.0000 gap=4.0000 tried=5 sep_labels=52 clique_frac=0.01
t=596919ms iter=1793 REBUILD reject new_tc=79.0000 (was 59.9157)
t=597074ms iter=1793 incumb=59.9157 ratchet=59.9851 best=59.9157 since_improve=1244
t=597081ms iter=1794 WAIST cost=56.0000 best_alt=52.0000 gap=4.0000 tried=5 sep_labels=52 clique_frac=0.01
t=597248ms iter=1794 REBUILD reject new_tc=60.7104 (was 59.9157)
t=597404ms iter=1794 incumb=59.9157 ratchet=60.0089 best=59.9157 since_improve=1245
t=597412ms iter=1795 WAIST cost=56.0000 best_alt=52.0000 gap=4.0000 tried=5 sep_labels=52 clique_frac=0.01
t=597583ms iter=1795 REBUILD reject new_tc=61.8078 (was 59.9157)
t=597736ms iter=1795 incumb=59.9157 ratchet=60.0529 best=59.9157 since_improve=1246
t=597744ms iter=1796 WAIST cost=56.0000 best_alt=52.0000 gap=4.0000 tried=5 sep_labels=52 clique_frac=0.01
t=597911ms iter=1796 REBUILD reject new_tc=60.6972 (was 59.9157)
t=598070ms iter=1796 incumb=59.9157 ratchet=59.9757 best=59.9157 since_improve=1247
t=598080ms iter=1797 WAIST cost=56.0000 best_alt=52.0000 gap=4.0000 tried=5 sep_labels=52 clique_frac=0.01
t=598245ms iter=1797 REBUILD reject new_tc=63.5750 (was 59.9157)
t=598399ms iter=1797 incumb=59.9157 ratchet=60.0101 best=59.9157 since_improve=1248
t=598406ms iter=1798 WAIST cost=56.0000 best_alt=52.0000 gap=4.0000 tried=5 sep_labels=52 clique_frac=0.01
t=598559ms iter=1798 REBUILD reject new_tc=80.0000 (was 59.9157)
t=598714ms iter=1798 incumb=59.9157 ratchet=60.1308 best=59.9157 since_improve=1249
t=598723ms iter=1799 WAIST cost=56.0000 best_alt=52.0000 gap=4.0000 tried=5 sep_labels=52 clique_frac=0.01
t=598898ms iter=1799 REBUILD reject new_tc=60.9383 (was 59.9157)
t=599050ms iter=1799 incumb=59.9157 ratchet=60.0207 best=59.9157 since_improve=1250
t=599059ms iter=1800 WAIST cost=56.0000 best_alt=50.0000 gap=6.0000 tried=5 sep_labels=50 clique_frac=0.01
t=599211ms iter=1800 REBUILD reject new_tc=63.6275 (was 59.9157)
t=599367ms iter=1800 incumb=59.9157 ratchet=60.0830 best=59.9157 since_improve=1251
t=599374ms iter=1801 WAIST cost=56.0000 best_alt=51.0000 gap=5.0000 tried=5 sep_labels=51 clique_frac=0.01
t=599527ms iter=1801 REBUILD reject new_tc=61.3694 (was 59.9157)
t=599676ms iter=1801 incumb=59.9157 ratchet=59.9937 best=59.9157 since_improve=1252
t=599684ms iter=1802 WAIST cost=56.0000 best_alt=52.0000 gap=4.0000 tried=5 sep_labels=52 clique_frac=0.01
t=599849ms iter=1802 REBUILD reject new_tc=61.1431 (was 59.9157)
t=600001ms iter=1802 incumb=59.9157 ratchet=60.0663 best=59.9157 since_improve=1253
t=600008ms iter=1803 WAIST cost=56.0000 best_alt=51.0000 gap=5.0000 tried=5 sep_labels=51 clique_frac=0.01
t=600161ms iter=1803 REBUILD reject new_tc=61.6679 (was 59.9157)
t=600321ms iter=1803 incumb=59.9157 ratchet=60.3708 best=59.9157 since_improve=1254
t=600328ms iter=1804 WAIST cost=56.0000 best_alt=51.0000 gap=5.0000 tried=5 sep_labels=51 clique_frac=0.01
t=600480ms iter=1804 REBUILD reject new_tc=61.3869 (was 59.9157)
t=600636ms iter=1804 incumb=59.9157 ratchet=60.0022 best=59.9157 since_improve=1255
t=600644ms iter=1805 WAIST cost=56.0000 best_alt=52.0000 gap=4.0000 tried=5 sep_labels=52 clique_frac=0.01
t=600810ms iter=1805 REBUILD reject new_tc=60.9941 (was 59.9157)
t=600964ms iter=1805 incumb=59.9157 ratchet=60.1764 best=59.9157 since_improve=1256
t=600975ms iter=1806 WAIST cost=56.0000 best_alt=52.0000 gap=4.0000 tried=5 sep_labels=52 clique_frac=0.01
t=601124ms iter=1806 REBUILD reject new_tc=81.0000 (was 59.9157)
t=601280ms iter=1806 incumb=59.9157 ratchet=60.0258 best=59.9157 since_improve=1257
t=601288ms iter=1807 WAIST cost=56.0000 best_alt=51.0000 gap=5.0000 tried=5 sep_labels=51 clique_frac=0.01
t=601448ms iter=1807 REBUILD reject new_tc=61.4449 (was 59.9157)
t=601596ms iter=1807 incumb=59.9157 ratchet=60.0201 best=59.9157 since_improve=1258
t=601607ms iter=1808 WAIST cost=56.0000 best_alt=50.0000 gap=6.0000 tried=5 sep_labels=50 clique_frac=0.01
t=601747ms iter=1808 REBUILD reject new_tc=64.2111 (was 59.9157)
t=601903ms iter=1808 incumb=59.9157 ratchet=59.9408 best=59.9157 since_improve=1259
t=601911ms iter=1809 WAIST cost=56.0000 best_alt=52.0000 gap=4.0000 tried=5 sep_labels=52 clique_frac=0.01
t=602075ms iter=1809 REBUILD reject new_tc=60.8620 (was 59.9157)
t=602232ms iter=1809 incumb=59.9157 ratchet=60.0248 best=59.9157 since_improve=1260
t=602241ms iter=1810 WAIST cost=56.0000 best_alt=52.0000 gap=4.0000 tried=5 sep_labels=52 clique_frac=0.01
t=602405ms iter=1810 REBUILD reject new_tc=64.5971 (was 59.9157)
t=602563ms iter=1810 incumb=59.9157 ratchet=59.9589 best=59.9157 since_improve=1261
t=602571ms iter=1811 WAIST cost=56.0000 best_alt=49.0000 gap=7.0000 tried=5 sep_labels=49 clique_frac=0.01
t=602718ms iter=1811 REBUILD reject new_tc=66.2860 (was 59.9157)
t=602877ms iter=1811 incumb=59.9157 ratchet=59.9516 best=59.9157 since_improve=1262
t=602885ms iter=1812 WAIST cost=56.0000 best_alt=52.0000 gap=4.0000 tried=5 sep_labels=52 clique_frac=0.01
t=603053ms iter=1812 REBUILD reject new_tc=60.9960 (was 59.9157)
t=603204ms iter=1812 incumb=59.9157 ratchet=59.9474 best=59.9157 since_improve=1263
t=603212ms iter=1813 WAIST cost=56.0000 best_alt=52.0000 gap=4.0000 tried=5 sep_labels=52 clique_frac=0.01
t=603381ms iter=1813 REBUILD reject new_tc=61.9192 (was 59.9157)
t=603537ms iter=1813 incumb=59.9157 ratchet=60.0461 best=59.9157 since_improve=1264
t=603543ms iter=1814 WAIST cost=56.0000 best_alt=52.0000 gap=4.0000 tried=5 sep_labels=52 clique_frac=0.01
t=603716ms iter=1814 REBUILD reject new_tc=61.4916 (was 59.9157)
t=603870ms iter=1814 incumb=59.9157 ratchet=59.9933 best=59.9157 since_improve=1265
t=603878ms iter=1815 WAIST cost=56.0000 best_alt=52.0000 gap=4.0000 tried=5 sep_labels=52 clique_frac=0.01
t=604049ms iter=1815 REBUILD reject new_tc=60.8100 (was 59.9157)
t=604203ms iter=1815 incumb=59.9157 ratchet=59.9508 best=59.9157 since_improve=1266
t=604211ms iter=1816 WAIST cost=56.0000 best_alt=52.0000 gap=4.0000 tried=5 sep_labels=52 clique_frac=0.01
t=604376ms iter=1816 REBUILD reject new_tc=67.3111 (was 59.9157)
t=604529ms iter=1816 incumb=59.9157 ratchet=59.9473 best=59.9157 since_improve=1267
t=604539ms iter=1817 WAIST cost=56.0000 best_alt=51.0000 gap=5.0000 tried=5 sep_labels=51 clique_frac=0.01
t=604690ms iter=1817 REBUILD reject new_tc=61.7464 (was 59.9157)
t=604847ms iter=1817 incumb=59.9157 ratchet=60.0125 best=59.9157 since_improve=1268
t=604854ms iter=1818 WAIST cost=56.0000 best_alt=52.0000 gap=4.0000 tried=5 sep_labels=52 clique_frac=0.01
t=605027ms iter=1818 REBUILD reject new_tc=61.5120 (was 59.9157)
t=605181ms iter=1818 incumb=59.9157 ratchet=59.9586 best=59.9157 since_improve=1269
t=605190ms iter=1819 WAIST cost=56.0000 best_alt=49.0000 gap=7.0000 tried=5 sep_labels=49 clique_frac=0.01
t=605341ms iter=1819 REBUILD reject new_tc=61.3898 (was 59.9157)
t=605498ms iter=1819 incumb=59.9157 ratchet=59.9961 best=59.9157 since_improve=1270
t=605506ms iter=1820 WAIST cost=56.0000 best_alt=52.0000 gap=4.0000 tried=5 sep_labels=52 clique_frac=0.01
t=605685ms iter=1820 REBUILD reject new_tc=61.2002 (was 59.9157)
t=605838ms iter=1820 incumb=59.9157 ratchet=59.9724 best=59.9157 since_improve=1271
t=605847ms iter=1821 WAIST cost=56.0000 best_alt=50.0000 gap=6.0000 tried=5 sep_labels=50 clique_frac=0.01
t=605990ms iter=1821 REBUILD reject new_tc=75.0001 (was 59.9157)
t=606143ms iter=1821 incumb=59.9157 ratchet=60.0837 best=59.9157 since_improve=1272
t=606150ms iter=1822 WAIST cost=56.0000 best_alt=52.0000 gap=4.0000 tried=5 sep_labels=52 clique_frac=0.01
t=606323ms iter=1822 REBUILD reject new_tc=61.3396 (was 59.9157)
t=606481ms iter=1822 incumb=59.9157 ratchet=59.9737 best=59.9157 since_improve=1273
t=606491ms iter=1823 WAIST cost=56.0000 best_alt=52.0000 gap=4.0000 tried=5 sep_labels=52 clique_frac=0.01
t=606656ms iter=1823 REBUILD reject new_tc=61.3374 (was 59.9157)
t=606812ms iter=1823 incumb=59.9157 ratchet=60.1883 best=59.9157 since_improve=1274
t=606820ms iter=1824 WAIST cost=56.0000 best_alt=52.0000 gap=4.0000 tried=5 sep_labels=52 clique_frac=0.01
t=606983ms iter=1824 REBUILD reject new_tc=67.2570 (was 59.9157)
t=607135ms iter=1824 incumb=59.9157 ratchet=60.0161 best=59.9157 since_improve=1275
t=607143ms iter=1825 WAIST cost=56.0000 best_alt=52.0000 gap=4.0000 tried=5 sep_labels=52 clique_frac=0.01
t=607309ms iter=1825 REBUILD reject new_tc=61.5818 (was 59.9157)
t=607461ms iter=1825 incumb=59.9157 ratchet=60.0158 best=59.9157 since_improve=1276
t=607469ms iter=1826 WAIST cost=56.0000 best_alt=51.0000 gap=5.0000 tried=5 sep_labels=51 clique_frac=0.01
t=607620ms iter=1826 REBUILD reject new_tc=61.4827 (was 59.9157)
t=607779ms iter=1826 incumb=59.9157 ratchet=60.1022 best=59.9157 since_improve=1277
t=607786ms iter=1827 WAIST cost=56.0000 best_alt=52.0000 gap=4.0000 tried=5 sep_labels=52 clique_frac=0.01
t=607957ms iter=1827 REBUILD reject new_tc=61.3210 (was 59.9157)
t=608127ms iter=1827 incumb=59.9157 ratchet=60.0184 best=59.9157 since_improve=1278
t=608134ms iter=1828 WAIST cost=56.0000 best_alt=52.0000 gap=4.0000 tried=5 sep_labels=52 clique_frac=0.01
t=608302ms iter=1828 REBUILD reject new_tc=60.7395 (was 59.9157)
t=608457ms iter=1828 incumb=59.9157 ratchet=60.0608 best=59.9157 since_improve=1279
t=608469ms iter=1829 WAIST cost=56.0000 best_alt=52.0000 gap=4.0000 tried=5 sep_labels=52 clique_frac=0.01
t=608631ms iter=1829 REBUILD reject new_tc=66.0513 (was 59.9157)
t=608781ms iter=1829 incumb=59.9157 ratchet=60.0369 best=59.9157 since_improve=1280
t=608788ms iter=1830 WAIST cost=56.0000 best_alt=52.0000 gap=4.0000 tried=5 sep_labels=52 clique_frac=0.01
t=608952ms iter=1830 REBUILD reject new_tc=60.7364 (was 59.9157)
t=609109ms iter=1830 incumb=59.9157 ratchet=59.9631 best=59.9157 since_improve=1281
t=609117ms iter=1831 WAIST cost=56.0000 best_alt=51.0000 gap=5.0000 tried=5 sep_labels=51 clique_frac=0.02
t=609270ms iter=1831 REBUILD reject new_tc=61.6986 (was 59.9157)
t=609428ms iter=1831 incumb=59.9157 ratchet=60.0183 best=59.9157 since_improve=1282
t=609437ms iter=1832 WAIST cost=56.0000 best_alt=52.0000 gap=4.0000 tried=5 sep_labels=52 clique_frac=0.01
t=609604ms iter=1832 REBUILD reject new_tc=61.4347 (was 59.9157)
t=609748ms iter=1832 incumb=59.9157 ratchet=60.1147 best=59.9157 since_improve=1283
t=609755ms iter=1833 WAIST cost=56.0000 best_alt=52.0000 gap=4.0000 tried=5 sep_labels=52 clique_frac=0.01
t=609930ms iter=1833 REBUILD reject new_tc=61.4813 (was 59.9157)
t=610089ms iter=1833 incumb=59.9157 ratchet=59.9615 best=59.9157 since_improve=1284
t=610097ms iter=1834 WAIST cost=56.0000 best_alt=50.0000 gap=6.0000 tried=5 sep_labels=50 clique_frac=0.01
t=610241ms iter=1834 REBUILD reject new_tc=70.1048 (was 59.9157)
t=610396ms iter=1834 incumb=59.9157 ratchet=60.0375 best=59.9157 since_improve=1285
t=610404ms iter=1835 WAIST cost=56.0000 best_alt=52.0000 gap=4.0000 tried=5 sep_labels=52 clique_frac=0.01
t=610572ms iter=1835 REBUILD reject new_tc=61.3656 (was 59.9157)
t=610728ms iter=1835 incumb=59.9157 ratchet=60.1069 best=59.9157 since_improve=1286
t=610736ms iter=1836 WAIST cost=56.0000 best_alt=52.0000 gap=4.0000 tried=5 sep_labels=52 clique_frac=0.01
t=610904ms iter=1836 REBUILD reject new_tc=60.4238 (was 59.9157)
t=611053ms iter=1836 incumb=59.9157 ratchet=59.9938 best=59.9157 since_improve=1287
t=611063ms iter=1837 WAIST cost=56.0000 best_alt=52.0000 gap=4.0000 tried=5 sep_labels=52 clique_frac=0.01
t=611230ms iter=1837 REBUILD reject new_tc=61.5444 (was 59.9157)
t=611378ms iter=1837 incumb=59.9157 ratchet=60.0273 best=59.9157 since_improve=1288
t=611388ms iter=1838 WAIST cost=56.0000 best_alt=52.0000 gap=4.0000 tried=5 sep_labels=52 clique_frac=0.01
t=611554ms iter=1838 REBUILD reject new_tc=61.3182 (was 59.9157)
t=611708ms iter=1838 incumb=59.9157 ratchet=60.0426 best=59.9157 since_improve=1289
t=611717ms iter=1839 WAIST cost=56.0000 best_alt=52.0000 gap=4.0000 tried=5 sep_labels=52 clique_frac=0.01
t=611891ms iter=1839 REBUILD reject new_tc=60.9472 (was 59.9157)
t=612047ms iter=1839 incumb=59.9157 ratchet=60.0535 best=59.9157 since_improve=1290
t=612054ms iter=1840 WAIST cost=56.0000 best_alt=52.0000 gap=4.0000 tried=5 sep_labels=52 clique_frac=0.01
t=612228ms iter=1840 REBUILD reject new_tc=61.1738 (was 59.9157)
t=612381ms iter=1840 incumb=59.9157 ratchet=60.0068 best=59.9157 since_improve=1291
t=612390ms iter=1841 WAIST cost=56.0000 best_alt=51.0000 gap=5.0000 tried=5 sep_labels=51 clique_frac=0.01
t=612544ms iter=1841 REBUILD reject new_tc=61.2586 (was 59.9157)
t=612696ms iter=1841 incumb=59.9157 ratchet=59.9544 best=59.9157 since_improve=1292
t=612703ms iter=1842 WAIST cost=56.0000 best_alt=52.0000 gap=4.0000 tried=5 sep_labels=52 clique_frac=0.01
t=612878ms iter=1842 REBUILD reject new_tc=61.3172 (was 59.9157)
t=613032ms iter=1842 incumb=59.9157 ratchet=59.9874 best=59.9157 since_improve=1293
t=613040ms iter=1843 WAIST cost=56.0000 best_alt=52.0000 gap=4.0000 tried=5 sep_labels=52 clique_frac=0.01
t=613219ms iter=1843 REBUILD reject new_tc=61.9493 (was 59.9157)
t=613373ms iter=1843 incumb=59.9157 ratchet=60.0263 best=59.9157 since_improve=1294
t=613381ms iter=1844 WAIST cost=56.0000 best_alt=52.0000 gap=4.0000 tried=5 sep_labels=52 clique_frac=0.01
t=613546ms iter=1844 REBUILD reject new_tc=65.5145 (was 59.9157)
t=613704ms iter=1844 incumb=59.9157 ratchet=59.9920 best=59.9157 since_improve=1295
t=613713ms iter=1845 WAIST cost=56.0000 best_alt=51.0000 gap=5.0000 tried=5 sep_labels=51 clique_frac=0.01
t=613869ms iter=1845 REBUILD reject new_tc=61.6900 (was 59.9157)
t=614025ms iter=1845 incumb=59.9157 ratchet=60.0507 best=59.9157 since_improve=1296
t=614032ms iter=1846 WAIST cost=56.0000 best_alt=51.0000 gap=5.0000 tried=5 sep_labels=51 clique_frac=0.01
t=614186ms iter=1846 REBUILD reject new_tc=63.4269 (was 59.9157)
t=614338ms iter=1846 incumb=59.9157 ratchet=59.9880 best=59.9157 since_improve=1297
t=614348ms iter=1847 WAIST cost=56.0000 best_alt=50.0000 gap=6.0000 tried=5 sep_labels=50 clique_frac=0.01
t=614499ms iter=1847 REBUILD reject new_tc=61.0824 (was 59.9157)
t=614650ms iter=1847 incumb=59.9157 ratchet=60.0156 best=59.9157 since_improve=1298
t=614656ms iter=1848 WAIST cost=56.0000 best_alt=52.0000 gap=4.0000 tried=5 sep_labels=52 clique_frac=0.01
t=614827ms iter=1848 REBUILD reject new_tc=60.8710 (was 59.9157)
t=614978ms iter=1848 incumb=59.9157 ratchet=59.9791 best=59.9157 since_improve=1299
t=614986ms iter=1849 WAIST cost=56.0000 best_alt=52.0000 gap=4.0000 tried=5 sep_labels=52 clique_frac=0.01
t=615150ms iter=1849 REBUILD reject new_tc=61.5053 (was 59.9157)
t=615305ms iter=1849 incumb=59.9157 ratchet=60.0109 best=59.9157 since_improve=1300
t=615313ms iter=1850 WAIST cost=56.0000 best_alt=51.0000 gap=5.0000 tried=5 sep_labels=51 clique_frac=0.01
t=615461ms iter=1850 REBUILD reject new_tc=68.0138 (was 59.9157)
t=615617ms iter=1850 incumb=59.9157 ratchet=60.0941 best=59.9157 since_improve=1301
t=615626ms iter=1851 WAIST cost=56.0000 best_alt=50.0000 gap=6.0000 tried=5 sep_labels=50 clique_frac=0.01
t=615775ms iter=1851 REBUILD reject new_tc=61.3790 (was 59.9157)
t=615928ms iter=1851 incumb=59.9157 ratchet=60.0334 best=59.9157 since_improve=1302
t=615937ms iter=1852 WAIST cost=56.0000 best_alt=49.0000 gap=7.0000 tried=5 sep_labels=49 clique_frac=0.01
t=616085ms iter=1852 REBUILD reject new_tc=61.6595 (was 59.9157)
t=616242ms iter=1852 incumb=59.9157 ratchet=60.1074 best=59.9157 since_improve=1303
t=616252ms iter=1853 WAIST cost=56.0000 best_alt=50.0000 gap=6.0000 tried=5 sep_labels=50 clique_frac=0.01
t=616408ms iter=1853 REBUILD reject new_tc=60.9946 (was 59.9157)
t=616561ms iter=1853 incumb=59.9157 ratchet=60.0641 best=59.9157 since_improve=1304
t=616569ms iter=1854 WAIST cost=56.0000 best_alt=50.0000 gap=6.0000 tried=5 sep_labels=50 clique_frac=0.01
t=616719ms iter=1854 REBUILD reject new_tc=62.1104 (was 59.9157)
t=616871ms iter=1854 incumb=59.9157 ratchet=59.9792 best=59.9157 since_improve=1305
t=616879ms iter=1855 WAIST cost=56.0000 best_alt=52.0000 gap=4.0000 tried=5 sep_labels=52 clique_frac=0.01
t=617045ms iter=1855 REBUILD reject new_tc=68.0149 (was 59.9157)
t=617192ms iter=1855 incumb=59.9157 ratchet=60.1331 best=59.9157 since_improve=1306
t=617200ms iter=1856 WAIST cost=56.0000 best_alt=52.0000 gap=4.0000 tried=5 sep_labels=52 clique_frac=0.01
t=617371ms iter=1856 REBUILD reject new_tc=61.3551 (was 59.9157)
t=617534ms iter=1856 incumb=59.9157 ratchet=60.0331 best=59.9157 since_improve=1307
t=617543ms iter=1857 WAIST cost=56.0000 best_alt=52.0000 gap=4.0000 tried=5 sep_labels=52 clique_frac=0.01
t=617718ms iter=1857 REBUILD reject new_tc=60.9114 (was 59.9157)
t=617877ms iter=1857 incumb=59.9157 ratchet=59.9812 best=59.9157 since_improve=1308
t=617886ms iter=1858 WAIST cost=56.0000 best_alt=52.0000 gap=4.0000 tried=5 sep_labels=52 clique_frac=0.01
t=618050ms iter=1858 REBUILD reject new_tc=66.6344 (was 59.9157)
t=618203ms iter=1858 incumb=59.9157 ratchet=60.0442 best=59.9157 since_improve=1309
t=618210ms iter=1859 WAIST cost=56.0000 best_alt=52.0000 gap=4.0000 tried=5 sep_labels=52 clique_frac=0.01
t=618382ms iter=1859 REBUILD reject new_tc=60.4809 (was 59.9157)
t=618535ms iter=1859 incumb=59.9157 ratchet=60.0240 best=59.9157 since_improve=1310
t=618543ms iter=1860 WAIST cost=56.0000 best_alt=52.0000 gap=4.0000 tried=5 sep_labels=52 clique_frac=0.01
t=618713ms iter=1860 REBUILD reject new_tc=60.9522 (was 59.9157)
t=618869ms iter=1860 incumb=59.9157 ratchet=59.9833 best=59.9157 since_improve=1311
t=618878ms iter=1861 WAIST cost=56.0000 best_alt=50.0000 gap=6.0000 tried=5 sep_labels=50 clique_frac=0.01
t=619022ms iter=1861 REBUILD reject new_tc=61.5827 (was 59.9157)
t=619176ms iter=1861 incumb=59.9157 ratchet=60.0664 best=59.9157 since_improve=1312
t=619184ms iter=1862 WAIST cost=56.0000 best_alt=52.0000 gap=4.0000 tried=5 sep_labels=52 clique_frac=0.01
t=619355ms iter=1862 REBUILD reject new_tc=61.3423 (was 59.9157)
t=619508ms iter=1862 incumb=59.9157 ratchet=59.9215 best=59.9157 since_improve=1313
t=619516ms iter=1863 WAIST cost=56.0000 best_alt=50.0000 gap=6.0000 tried=5 sep_labels=50 clique_frac=0.01
t=619666ms iter=1863 REBUILD reject new_tc=65.7231 (was 59.9157)
t=619822ms iter=1863 incumb=59.9157 ratchet=60.1082 best=59.9157 since_improve=1314
t=619830ms iter=1864 WAIST cost=56.0000 best_alt=52.0000 gap=4.0000 tried=5 sep_labels=52 clique_frac=0.01
t=620004ms iter=1864 REBUILD reject new_tc=61.4276 (was 59.9157)
t=620153ms iter=1864 incumb=59.9157 ratchet=60.0159 best=59.9157 since_improve=1315
t=620163ms iter=1865 WAIST cost=56.0000 best_alt=51.0000 gap=5.0000 tried=5 sep_labels=51 clique_frac=0.01
t=620317ms iter=1865 REBUILD reject new_tc=61.6560 (was 59.9157)
t=620466ms iter=1865 incumb=59.9157 ratchet=59.9863 best=59.9157 since_improve=1316
t=620474ms iter=1866 WAIST cost=56.0000 best_alt=51.0000 gap=5.0000 tried=5 sep_labels=51 clique_frac=0.01
t=620625ms iter=1866 REBUILD reject new_tc=61.3165 (was 59.9157)
t=620780ms iter=1866 incumb=59.9157 ratchet=60.0916 best=59.9157 since_improve=1317
t=620790ms iter=1867 WAIST cost=56.0000 best_alt=52.0000 gap=4.0000 tried=5 sep_labels=52 clique_frac=0.01
t=620954ms iter=1867 REBUILD reject new_tc=61.3568 (was 59.9157)
t=621104ms iter=1867 incumb=59.9157 ratchet=59.9928 best=59.9157 since_improve=1318
t=621114ms iter=1868 WAIST cost=56.0000 best_alt=52.0000 gap=4.0000 tried=5 sep_labels=52 clique_frac=0.01
t=621275ms iter=1868 REBUILD reject new_tc=61.2026 (was 59.9157)
t=621430ms iter=1868 incumb=59.9157 ratchet=60.0383 best=59.9157 since_improve=1319
t=621438ms iter=1869 WAIST cost=56.0000 best_alt=49.0000 gap=7.0000 tried=5 sep_labels=49 clique_frac=0.01
t=621584ms iter=1869 REBUILD reject new_tc=62.5570 (was 59.9157)
t=621739ms iter=1869 incumb=59.9157 ratchet=59.9527 best=59.9157 since_improve=1320
t=621746ms iter=1870 WAIST cost=56.0000 best_alt=52.0000 gap=4.0000 tried=5 sep_labels=52 clique_frac=0.01
t=621919ms iter=1870 REBUILD reject new_tc=60.4390 (was 59.9157)
t=622071ms iter=1870 incumb=59.9157 ratchet=60.4328 best=59.9157 since_improve=1321
t=622079ms iter=1871 WAIST cost=56.0000 best_alt=50.0000 gap=6.0000 tried=5 sep_labels=50 clique_frac=0.01
t=622234ms iter=1871 REBUILD reject new_tc=61.5684 (was 59.9157)
t=622390ms iter=1871 incumb=59.9157 ratchet=59.9829 best=59.9157 since_improve=1322
t=622397ms iter=1872 WAIST cost=56.0000 best_alt=49.0000 gap=7.0000 tried=5 sep_labels=49 clique_frac=0.01
t=622542ms iter=1872 REBUILD reject new_tc=61.9288 (was 59.9157)
t=622694ms iter=1872 incumb=59.9157 ratchet=60.0599 best=59.9157 since_improve=1323
t=622702ms iter=1873 WAIST cost=56.0000 best_alt=52.0000 gap=4.0000 tried=5 sep_labels=52 clique_frac=0.01
t=622872ms iter=1873 REBUILD reject new_tc=60.9636 (was 59.9157)
t=623026ms iter=1873 incumb=59.9157 ratchet=59.9808 best=59.9157 since_improve=1324
t=623035ms iter=1874 WAIST cost=56.0000 best_alt=50.0000 gap=6.0000 tried=5 sep_labels=50 clique_frac=0.01
t=623186ms iter=1874 REBUILD reject new_tc=61.6170 (was 59.9157)
t=623346ms iter=1874 incumb=59.9157 ratchet=60.0065 best=59.9157 since_improve=1325
t=623356ms iter=1875 WAIST cost=56.0000 best_alt=52.0000 gap=4.0000 tried=5 sep_labels=52 clique_frac=0.01
t=623526ms iter=1875 REBUILD reject new_tc=61.2605 (was 59.9157)
t=623681ms iter=1875 incumb=59.9157 ratchet=59.9796 best=59.9157 since_improve=1326
t=623690ms iter=1876 WAIST cost=56.0000 best_alt=51.0000 gap=5.0000 tried=5 sep_labels=51 clique_frac=0.01
t=623845ms iter=1876 REBUILD reject new_tc=61.4604 (was 59.9157)
t=623999ms iter=1876 incumb=59.9157 ratchet=59.9617 best=59.9157 since_improve=1327
t=624007ms iter=1877 WAIST cost=56.0000 best_alt=52.0000 gap=4.0000 tried=5 sep_labels=52 clique_frac=0.01
t=624173ms iter=1877 REBUILD reject new_tc=61.5094 (was 59.9157)
t=624330ms iter=1877 incumb=59.9157 ratchet=59.9560 best=59.9157 since_improve=1328
t=624339ms iter=1878 WAIST cost=56.0000 best_alt=49.0000 gap=7.0000 tried=5 sep_labels=49 clique_frac=0.01
t=624491ms iter=1878 REBUILD reject new_tc=60.9890 (was 59.9157)
t=624640ms iter=1878 incumb=59.9157 ratchet=60.0424 best=59.9157 since_improve=1329
t=624648ms iter=1879 WAIST cost=56.0000 best_alt=49.0000 gap=7.0000 tried=5 sep_labels=49 clique_frac=0.01
t=624801ms iter=1879 REBUILD reject new_tc=61.7203 (was 59.9157)
t=624963ms iter=1879 incumb=59.9157 ratchet=60.1626 best=59.9157 since_improve=1330
t=624970ms iter=1880 WAIST cost=56.0000 best_alt=52.0000 gap=4.0000 tried=5 sep_labels=52 clique_frac=0.01
t=625135ms iter=1880 REBUILD reject new_tc=66.9654 (was 59.9157)
t=625286ms iter=1880 incumb=59.9157 ratchet=59.9361 best=59.9157 since_improve=1331
t=625296ms iter=1881 WAIST cost=56.0000 best_alt=49.0000 gap=7.0000 tried=5 sep_labels=49 clique_frac=0.01
t=625451ms iter=1881 REBUILD reject new_tc=60.7074 (was 59.9157)
t=625601ms iter=1881 incumb=59.9157 ratchet=60.0350 best=59.9157 since_improve=1332
t=625610ms iter=1882 WAIST cost=56.0000 best_alt=50.0000 gap=6.0000 tried=5 sep_labels=50 clique_frac=0.01
t=625765ms iter=1882 REBUILD reject new_tc=62.2018 (was 59.9157)
t=625921ms iter=1882 incumb=59.9157 ratchet=59.9814 best=59.9157 since_improve=1333
t=625930ms iter=1883 WAIST cost=56.0000 best_alt=52.0000 gap=4.0000 tried=5 sep_labels=52 clique_frac=0.01
t=626088ms iter=1883 REBUILD reject new_tc=75.0010 (was 59.9157)
t=626243ms iter=1883 incumb=59.9157 ratchet=59.9588 best=59.9157 since_improve=1334
t=626254ms iter=1884 WAIST cost=56.0000 best_alt=50.0000 gap=6.0000 tried=5 sep_labels=50 clique_frac=0.01
t=626398ms iter=1884 REBUILD reject new_tc=74.0044 (was 59.9157)
t=626554ms iter=1884 incumb=59.9157 ratchet=60.1654 best=59.9157 since_improve=1335
t=626562ms iter=1885 WAIST cost=56.0000 best_alt=51.0000 gap=5.0000 tried=5 sep_labels=51 clique_frac=0.01
t=626712ms iter=1885 REBUILD reject new_tc=66.8655 (was 59.9157)
t=626862ms iter=1885 incumb=59.9157 ratchet=60.0686 best=59.9157 since_improve=1336
t=626871ms iter=1886 WAIST cost=56.0000 best_alt=52.0000 gap=4.0000 tried=5 sep_labels=52 clique_frac=0.01
t=627040ms iter=1886 REBUILD reject new_tc=61.3722 (was 59.9157)
t=627200ms iter=1886 incumb=59.9157 ratchet=60.0005 best=59.9157 since_improve=1337
t=627206ms iter=1887 WAIST cost=56.0000 best_alt=52.0000 gap=4.0000 tried=5 sep_labels=52 clique_frac=0.01
t=627373ms iter=1887 REBUILD reject new_tc=61.7627 (was 59.9157)
t=627530ms iter=1887 incumb=59.9157 ratchet=60.0589 best=59.9157 since_improve=1338
t=627538ms iter=1888 WAIST cost=56.0000 best_alt=51.0000 gap=5.0000 tried=5 sep_labels=51 clique_frac=0.01
t=627694ms iter=1888 REBUILD reject new_tc=61.5485 (was 59.9157)
t=627850ms iter=1888 incumb=59.9157 ratchet=60.0703 best=59.9157 since_improve=1339
t=627857ms iter=1889 WAIST cost=56.0000 best_alt=51.0000 gap=5.0000 tried=5 sep_labels=51 clique_frac=0.01
t=628007ms iter=1889 REBUILD reject new_tc=61.2553 (was 59.9157)
t=628155ms iter=1889 incumb=59.9157 ratchet=59.9356 best=59.9157 since_improve=1340
t=628164ms iter=1890 WAIST cost=56.0000 best_alt=52.0000 gap=4.0000 tried=5 sep_labels=52 clique_frac=0.01
t=628335ms iter=1890 REBUILD reject new_tc=60.0559 (was 59.9157)
t=628491ms iter=1890 incumb=59.9157 ratchet=59.9694 best=59.9157 since_improve=1341
t=628499ms iter=1891 WAIST cost=56.0000 best_alt=52.0000 gap=4.0000 tried=5 sep_labels=52 clique_frac=0.01
t=628666ms iter=1891 REBUILD reject new_tc=62.5321 (was 59.9157)
t=628821ms iter=1891 incumb=59.9157 ratchet=60.0892 best=59.9157 since_improve=1342
t=628828ms iter=1892 WAIST cost=56.0000 best_alt=52.0000 gap=4.0000 tried=5 sep_labels=52 clique_frac=0.01
t=629000ms iter=1892 REBUILD reject new_tc=60.8308 (was 59.9157)
t=629155ms iter=1892 incumb=59.9157 ratchet=60.0381 best=59.9157 since_improve=1343
t=629161ms iter=1893 WAIST cost=56.0000 best_alt=52.0000 gap=4.0000 tried=5 sep_labels=52 clique_frac=0.01
t=629342ms iter=1893 REBUILD reject new_tc=60.2567 (was 59.9157)
t=629499ms iter=1893 incumb=59.9157 ratchet=60.0640 best=59.9157 since_improve=1344
t=629506ms iter=1894 WAIST cost=56.0000 best_alt=52.0000 gap=4.0000 tried=5 sep_labels=52 clique_frac=0.01
t=629674ms iter=1894 REBUILD reject new_tc=61.1906 (was 59.9157)
t=629826ms iter=1894 incumb=59.9157 ratchet=59.9670 best=59.9157 since_improve=1345
t=629833ms iter=1895 WAIST cost=56.0000 best_alt=49.0000 gap=7.0000 tried=5 sep_labels=49 clique_frac=0.01
t=629968ms iter=1895 REBUILD reject new_tc=77.0010 (was 59.9157)
t=630123ms iter=1895 incumb=59.9157 ratchet=59.9830 best=59.9157 since_improve=1346
t=630132ms iter=1896 WAIST cost=56.0000 best_alt=51.0000 gap=5.0000 tried=5 sep_labels=51 clique_frac=0.01
t=630282ms iter=1896 REBUILD reject new_tc=62.7087 (was 59.9157)
t=630439ms iter=1896 incumb=59.9157 ratchet=60.1118 best=59.9157 since_improve=1347
t=630446ms iter=1897 WAIST cost=56.0000 best_alt=51.0000 gap=5.0000 tried=5 sep_labels=51 clique_frac=0.01
t=630591ms iter=1897 REBUILD reject new_tc=67.1640 (was 59.9157)
t=630743ms iter=1897 incumb=59.9157 ratchet=59.9907 best=59.9157 since_improve=1348
t=630751ms iter=1898 WAIST cost=56.0000 best_alt=51.0000 gap=5.0000 tried=5 sep_labels=51 clique_frac=0.01
t=630900ms iter=1898 REBUILD reject new_tc=61.7280 (was 59.9157)
t=631058ms iter=1898 incumb=59.9157 ratchet=60.0168 best=59.9157 since_improve=1349
t=631067ms iter=1899 WAIST cost=56.0000 best_alt=52.0000 gap=4.0000 tried=5 sep_labels=52 clique_frac=0.01
t=631237ms iter=1899 REBUILD reject new_tc=61.5043 (was 59.9157)
t=631395ms iter=1899 incumb=59.9157 ratchet=59.9996 best=59.9157 since_improve=1350
t=631403ms iter=1900 WAIST cost=56.0000 best_alt=52.0000 gap=4.0000 tried=5 sep_labels=52 clique_frac=0.01
t=631570ms iter=1900 REBUILD reject new_tc=60.6329 (was 59.9157)
t=631727ms iter=1900 incumb=59.9157 ratchet=59.9839 best=59.9157 since_improve=1351
t=631735ms iter=1901 WAIST cost=56.0000 best_alt=52.0000 gap=4.0000 tried=5 sep_labels=52 clique_frac=0.01
t=631892ms iter=1901 REBUILD reject new_tc=77.0000 (was 59.9157)
t=632047ms iter=1901 incumb=59.9157 ratchet=60.0278 best=59.9157 since_improve=1352
t=632055ms iter=1902 WAIST cost=56.0000 best_alt=49.0000 gap=7.0000 tried=5 sep_labels=49 clique_frac=0.01
t=632205ms iter=1902 REBUILD reject new_tc=61.4503 (was 59.9157)
t=632359ms iter=1902 incumb=59.9157 ratchet=59.9431 best=59.9157 since_improve=1353
t=632366ms iter=1903 WAIST cost=56.0000 best_alt=52.0000 gap=4.0000 tried=5 sep_labels=52 clique_frac=0.01
t=632535ms iter=1903 REBUILD reject new_tc=61.7049 (was 59.9157)
t=632690ms iter=1903 incumb=59.9157 ratchet=60.0743 best=59.9157 since_improve=1354
t=632698ms iter=1904 WAIST cost=56.0000 best_alt=50.0000 gap=6.0000 tried=5 sep_labels=50 clique_frac=0.01
t=632846ms iter=1904 REBUILD reject new_tc=61.6836 (was 59.9157)
t=632997ms iter=1904 incumb=59.9157 ratchet=60.0021 best=59.9157 since_improve=1355
t=633005ms iter=1905 WAIST cost=56.0000 best_alt=51.0000 gap=5.0000 tried=5 sep_labels=51 clique_frac=0.01
t=633160ms iter=1905 REBUILD reject new_tc=61.4810 (was 59.9157)
t=633310ms iter=1905 incumb=59.9157 ratchet=60.1795 best=59.9157 since_improve=1356
t=633320ms iter=1906 WAIST cost=56.0000 best_alt=52.0000 gap=4.0000 tried=5 sep_labels=52 clique_frac=0.01
t=633488ms iter=1906 REBUILD reject new_tc=61.4670 (was 59.9157)
t=633640ms iter=1906 incumb=59.9157 ratchet=60.0730 best=59.9157 since_improve=1357
t=633649ms iter=1907 WAIST cost=56.0000 best_alt=51.0000 gap=5.0000 tried=5 sep_labels=51 clique_frac=0.02
t=633806ms iter=1907 REBUILD reject new_tc=61.3992 (was 59.9157)
t=633959ms iter=1907 incumb=59.9157 ratchet=59.9910 best=59.9157 since_improve=1358
t=633966ms iter=1908 WAIST cost=56.0000 best_alt=52.0000 gap=4.0000 tried=5 sep_labels=52 clique_frac=0.01
t=634138ms iter=1908 REBUILD reject new_tc=60.7243 (was 59.9157)
t=634293ms iter=1908 incumb=59.9157 ratchet=59.9973 best=59.9157 since_improve=1359
t=634303ms iter=1909 WAIST cost=56.0000 best_alt=49.0000 gap=7.0000 tried=5 sep_labels=49 clique_frac=0.01
t=634451ms iter=1909 REBUILD reject new_tc=61.7522 (was 59.9157)
t=634608ms iter=1909 incumb=59.9157 ratchet=60.0492 best=59.9157 since_improve=1360
t=634618ms iter=1910 WAIST cost=56.0000 best_alt=52.0000 gap=4.0000 tried=5 sep_labels=52 clique_frac=0.01
t=634788ms iter=1910 REBUILD reject new_tc=60.3299 (was 59.9157)
t=634937ms iter=1910 incumb=59.9157 ratchet=60.0515 best=59.9157 since_improve=1361
t=634945ms iter=1911 WAIST cost=56.0000 best_alt=52.0000 gap=4.0000 tried=5 sep_labels=52 clique_frac=0.01
t=635116ms iter=1911 REBUILD reject new_tc=61.2273 (was 59.9157)
t=635269ms iter=1911 incumb=59.9157 ratchet=60.0158 best=59.9157 since_improve=1362
t=635276ms iter=1912 WAIST cost=56.0000 best_alt=52.0000 gap=4.0000 tried=5 sep_labels=52 clique_frac=0.01
t=635450ms iter=1912 REBUILD reject new_tc=61.3478 (was 59.9157)
t=635604ms iter=1912 incumb=59.9157 ratchet=60.0002 best=59.9157 since_improve=1363
t=635613ms iter=1913 WAIST cost=56.0000 best_alt=52.0000 gap=4.0000 tried=5 sep_labels=52 clique_frac=0.01
t=635780ms iter=1913 REBUILD reject new_tc=66.6628 (was 59.9157)
t=635932ms iter=1913 incumb=59.9157 ratchet=59.9819 best=59.9157 since_improve=1364
t=635940ms iter=1914 WAIST cost=56.0000 best_alt=52.0000 gap=4.0000 tried=5 sep_labels=52 clique_frac=0.01
t=636113ms iter=1914 REBUILD reject new_tc=61.2930 (was 59.9157)
t=636265ms iter=1914 incumb=59.9157 ratchet=59.9678 best=59.9157 since_improve=1365
t=636273ms iter=1915 WAIST cost=56.0000 best_alt=49.0000 gap=7.0000 tried=5 sep_labels=49 clique_frac=0.01
t=636424ms iter=1915 REBUILD reject new_tc=61.1981 (was 59.9157)
t=636581ms iter=1915 incumb=59.9157 ratchet=60.0635 best=59.9157 since_improve=1366
t=636592ms iter=1916 WAIST cost=56.0000 best_alt=52.0000 gap=4.0000 tried=5 sep_labels=52 clique_frac=0.01
t=636750ms iter=1916 REBUILD reject new_tc=63.3009 (was 59.9157)
t=636908ms iter=1916 incumb=59.9157 ratchet=60.0386 best=59.9157 since_improve=1367
t=636916ms iter=1917 WAIST cost=56.0000 best_alt=52.0000 gap=4.0000 tried=5 sep_labels=52 clique_frac=0.01
t=637087ms iter=1917 REBUILD reject new_tc=62.4331 (was 59.9157)
t=637246ms iter=1917 incumb=59.9157 ratchet=59.9901 best=59.9157 since_improve=1368
t=637254ms iter=1918 WAIST cost=56.0000 best_alt=49.0000 gap=7.0000 tried=5 sep_labels=49 clique_frac=0.01
t=637411ms iter=1918 REBUILD reject new_tc=61.3741 (was 59.9157)
t=637564ms iter=1918 incumb=59.9157 ratchet=59.9977 best=59.9157 since_improve=1369
t=637573ms iter=1919 WAIST cost=56.0000 best_alt=52.0000 gap=4.0000 tried=5 sep_labels=52 clique_frac=0.01
t=637725ms iter=1919 REBUILD reject new_tc=76.0000 (was 59.9157)
t=637880ms iter=1919 incumb=59.9157 ratchet=59.9805 best=59.9157 since_improve=1370
t=637890ms iter=1920 WAIST cost=56.0000 best_alt=51.0000 gap=5.0000 tried=5 sep_labels=51 clique_frac=0.01
t=638042ms iter=1920 REBUILD reject new_tc=61.5161 (was 59.9157)
t=638198ms iter=1920 incumb=59.9157 ratchet=59.9540 best=59.9157 since_improve=1371
t=638205ms iter=1921 WAIST cost=56.0000 best_alt=52.0000 gap=4.0000 tried=5 sep_labels=52 clique_frac=0.01
t=638374ms iter=1921 REBUILD reject new_tc=60.6179 (was 59.9157)
t=638531ms iter=1921 incumb=59.9157 ratchet=60.0205 best=59.9157 since_improve=1372
t=638540ms iter=1922 WAIST cost=56.0000 best_alt=49.0000 gap=7.0000 tried=5 sep_labels=49 clique_frac=0.01
t=638692ms iter=1922 REBUILD reject new_tc=61.1469 (was 59.9157)
t=638853ms iter=1922 incumb=59.9157 ratchet=60.0609 best=59.9157 since_improve=1373
t=638862ms iter=1923 WAIST cost=56.0000 best_alt=49.0000 gap=7.0000 tried=5 sep_labels=49 clique_frac=0.01
t=639018ms iter=1923 REBUILD reject new_tc=61.0949 (was 59.9157)
t=639174ms iter=1923 incumb=59.9157 ratchet=59.9565 best=59.9157 since_improve=1374
t=639182ms iter=1924 WAIST cost=56.0000 best_alt=51.0000 gap=5.0000 tried=5 sep_labels=51 clique_frac=0.01
t=639335ms iter=1924 REBUILD reject new_tc=61.5241 (was 59.9157)
t=639485ms iter=1924 incumb=59.9157 ratchet=60.1038 best=59.9157 since_improve=1375
t=639494ms iter=1925 WAIST cost=56.0000 best_alt=51.0000 gap=5.0000 tried=5 sep_labels=51 clique_frac=0.01
t=639642ms iter=1925 REBUILD reject new_tc=61.3849 (was 59.9157)
t=639799ms iter=1925 incumb=59.9157 ratchet=60.0895 best=59.9157 since_improve=1376
t=639806ms iter=1926 WAIST cost=56.0000 best_alt=52.0000 gap=4.0000 tried=5 sep_labels=52 clique_frac=0.01
t=639977ms iter=1926 REBUILD reject new_tc=61.7972 (was 59.9157)
t=640131ms iter=1926 incumb=59.9157 ratchet=60.0130 best=59.9157 since_improve=1377
t=640139ms iter=1927 WAIST cost=56.0000 best_alt=52.0000 gap=4.0000 tried=5 sep_labels=52 clique_frac=0.01
t=640307ms iter=1927 REBUILD reject new_tc=61.3528 (was 59.9157)
t=640464ms iter=1927 incumb=59.9157 ratchet=59.9560 best=59.9157 since_improve=1378
t=640473ms iter=1928 WAIST cost=56.0000 best_alt=52.0000 gap=4.0000 tried=5 sep_labels=52 clique_frac=0.01
t=640635ms iter=1928 REBUILD reject new_tc=65.5163 (was 59.9157)
t=640802ms iter=1928 incumb=59.9157 ratchet=60.0327 best=59.9157 since_improve=1379
t=640817ms iter=1929 WAIST cost=56.0000 best_alt=52.0000 gap=4.0000 tried=5 sep_labels=52 clique_frac=0.01
t=641002ms iter=1929 REBUILD reject new_tc=61.3324 (was 59.9157)
t=641162ms iter=1929 incumb=59.9157 ratchet=60.0631 best=59.9157 since_improve=1380
t=641170ms iter=1930 WAIST cost=56.0000 best_alt=52.0000 gap=4.0000 tried=5 sep_labels=52 clique_frac=0.01
t=641339ms iter=1930 REBUILD reject new_tc=60.8910 (was 59.9157)
t=641518ms iter=1930 incumb=59.9157 ratchet=60.0735 best=59.9157 since_improve=1381
t=641525ms iter=1931 WAIST cost=56.0000 best_alt=52.0000 gap=4.0000 tried=5 sep_labels=52 clique_frac=0.01
t=641693ms iter=1931 REBUILD reject new_tc=60.6484 (was 59.9157)
t=641844ms iter=1931 incumb=59.9157 ratchet=59.9656 best=59.9157 since_improve=1382
t=641852ms iter=1932 WAIST cost=56.0000 best_alt=52.0000 gap=4.0000 tried=5 sep_labels=52 clique_frac=0.01
t=642022ms iter=1932 REBUILD reject new_tc=60.7602 (was 59.9157)
t=642177ms iter=1932 incumb=59.9157 ratchet=59.9888 best=59.9157 since_improve=1383
t=642188ms iter=1933 WAIST cost=56.0000 best_alt=52.0000 gap=4.0000 tried=5 sep_labels=52 clique_frac=0.01
t=642347ms iter=1933 REBUILD reject new_tc=66.3318 (was 59.9157)
t=642498ms iter=1933 incumb=59.9157 ratchet=59.9464 best=59.9157 since_improve=1384
t=642507ms iter=1934 WAIST cost=56.0000 best_alt=51.0000 gap=5.0000 tried=5 sep_labels=51 clique_frac=0.01
t=642655ms iter=1934 REBUILD reject new_tc=61.1720 (was 59.9157)
t=642805ms iter=1934 incumb=59.9157 ratchet=59.9910 best=59.9157 since_improve=1385
t=642812ms iter=1935 WAIST cost=56.0000 best_alt=52.0000 gap=4.0000 tried=5 sep_labels=52 clique_frac=0.01
t=642983ms iter=1935 REBUILD reject new_tc=61.3800 (was 59.9157)
t=643140ms iter=1935 incumb=59.9157 ratchet=59.9575 best=59.9157 since_improve=1386
t=643147ms iter=1936 WAIST cost=56.0000 best_alt=52.0000 gap=4.0000 tried=5 sep_labels=52 clique_frac=0.01
t=643314ms iter=1936 REBUILD reject new_tc=60.6441 (was 59.9157)
t=643469ms iter=1936 incumb=59.9157 ratchet=60.0351 best=59.9157 since_improve=1387
t=643478ms iter=1937 WAIST cost=56.0000 best_alt=51.0000 gap=5.0000 tried=5 sep_labels=51 clique_frac=0.01
t=643629ms iter=1937 REBUILD reject new_tc=61.7525 (was 59.9157)
t=643778ms iter=1937 incumb=59.9157 ratchet=60.3860 best=59.9157 since_improve=1388
t=643787ms iter=1938 WAIST cost=56.0000 best_alt=52.0000 gap=4.0000 tried=5 sep_labels=52 clique_frac=0.01
t=643957ms iter=1938 REBUILD reject new_tc=61.3782 (was 59.9157)
t=644103ms iter=1938 incumb=59.9157 ratchet=60.0460 best=59.9157 since_improve=1389
t=644111ms iter=1939 WAIST cost=56.0000 best_alt=49.0000 gap=7.0000 tried=5 sep_labels=49 clique_frac=0.01
t=644264ms iter=1939 REBUILD reject new_tc=61.3683 (was 59.9157)
t=644421ms iter=1939 incumb=59.9157 ratchet=59.9411 best=59.9157 since_improve=1390
t=644428ms iter=1940 WAIST cost=56.0000 best_alt=52.0000 gap=4.0000 tried=5 sep_labels=52 clique_frac=0.01
t=644590ms iter=1940 REBUILD reject new_tc=67.3382 (was 59.9157)
t=644746ms iter=1940 incumb=59.9157 ratchet=59.9546 best=59.9157 since_improve=1391
t=644753ms iter=1941 WAIST cost=56.0000 best_alt=52.0000 gap=4.0000 tried=5 sep_labels=52 clique_frac=0.01
t=644923ms iter=1941 REBUILD reject new_tc=61.0758 (was 59.9157)
t=645073ms iter=1941 incumb=59.9157 ratchet=60.0906 best=59.9157 since_improve=1392
t=645081ms iter=1942 WAIST cost=56.0000 best_alt=49.0000 gap=7.0000 tried=5 sep_labels=49 clique_frac=0.01
t=645219ms iter=1942 REBUILD reject new_tc=76.0018 (was 59.9157)
t=645376ms iter=1942 incumb=59.9157 ratchet=60.1812 best=59.9157 since_improve=1393
t=645386ms iter=1943 WAIST cost=56.0000 best_alt=51.0000 gap=5.0000 tried=5 sep_labels=51 clique_frac=0.01
t=645554ms iter=1943 REBUILD reject new_tc=61.2676 (was 59.9157)
t=645714ms iter=1943 incumb=59.9157 ratchet=60.0414 best=59.9157 since_improve=1394
t=645723ms iter=1944 WAIST cost=56.0000 best_alt=52.0000 gap=4.0000 tried=5 sep_labels=52 clique_frac=0.01
t=645895ms iter=1944 REBUILD reject new_tc=60.9374 (was 59.9157)
t=646048ms iter=1944 incumb=59.9157 ratchet=59.9566 best=59.9157 since_improve=1395
t=646056ms iter=1945 WAIST cost=56.0000 best_alt=52.0000 gap=4.0000 tried=5 sep_labels=52 clique_frac=0.01
t=646221ms iter=1945 REBUILD reject new_tc=62.6358 (was 59.9157)
t=646372ms iter=1945 incumb=59.9157 ratchet=59.9671 best=59.9157 since_improve=1396
t=646381ms iter=1946 WAIST cost=56.0000 best_alt=50.0000 gap=6.0000 tried=5 sep_labels=50 clique_frac=0.01
t=646532ms iter=1946 REBUILD reject new_tc=63.4555 (was 59.9157)
t=646685ms iter=1946 incumb=59.9157 ratchet=60.0731 best=59.9157 since_improve=1397
t=646693ms iter=1947 WAIST cost=56.0000 best_alt=52.0000 gap=4.0000 tried=5 sep_labels=52 clique_frac=0.01
t=646866ms iter=1947 REBUILD reject new_tc=61.2854 (was 59.9157)
t=647019ms iter=1947 incumb=59.9157 ratchet=59.9825 best=59.9157 since_improve=1398
t=647027ms iter=1948 WAIST cost=56.0000 best_alt=52.0000 gap=4.0000 tried=5 sep_labels=52 clique_frac=0.01
t=647204ms iter=1948 REBUILD reject new_tc=60.4905 (was 59.9157)
t=647354ms iter=1948 incumb=59.9157 ratchet=59.9781 best=59.9157 since_improve=1399
t=647364ms iter=1949 WAIST cost=56.0000 best_alt=52.0000 gap=4.0000 tried=5 sep_labels=52 clique_frac=0.01
t=647537ms iter=1949 REBUILD reject new_tc=60.3262 (was 59.9157)
t=647685ms iter=1949 incumb=59.9157 ratchet=59.9628 best=59.9157 since_improve=1400
t=647692ms iter=1950 WAIST cost=56.0000 best_alt=52.0000 gap=4.0000 tried=5 sep_labels=52 clique_frac=0.01
t=647860ms iter=1950 REBUILD reject new_tc=61.0112 (was 59.9157)
t=648011ms iter=1950 incumb=59.9157 ratchet=60.0203 best=59.9157 since_improve=1401
t=648019ms iter=1951 WAIST cost=56.0000 best_alt=50.0000 gap=6.0000 tried=5 sep_labels=50 clique_frac=0.01
t=648169ms iter=1951 REBUILD reject new_tc=61.2237 (was 59.9157)
t=648325ms iter=1951 incumb=59.9157 ratchet=60.2670 best=59.9157 since_improve=1402
t=648332ms iter=1952 WAIST cost=56.0000 best_alt=52.0000 gap=4.0000 tried=5 sep_labels=52 clique_frac=0.01
t=648488ms iter=1952 REBUILD reject new_tc=78.0000 (was 59.9157)
t=648644ms iter=1952 incumb=59.9157 ratchet=59.9710 best=59.9157 since_improve=1403
t=648653ms iter=1953 WAIST cost=56.0000 best_alt=51.0000 gap=5.0000 tried=5 sep_labels=51 clique_frac=0.01
t=648814ms iter=1953 REBUILD reject new_tc=61.6293 (was 59.9157)
t=648969ms iter=1953 incumb=59.9157 ratchet=60.0091 best=59.9157 since_improve=1404
t=648978ms iter=1954 WAIST cost=56.0000 best_alt=51.0000 gap=5.0000 tried=5 sep_labels=51 clique_frac=0.01
t=649136ms iter=1954 REBUILD reject new_tc=61.4980 (was 59.9157)
t=649295ms iter=1954 incumb=59.9157 ratchet=60.0184 best=59.9157 since_improve=1405
t=649303ms iter=1955 WAIST cost=56.0000 best_alt=52.0000 gap=4.0000 tried=5 sep_labels=52 clique_frac=0.01
t=649476ms iter=1955 REBUILD reject new_tc=61.7165 (was 59.9157)
t=649632ms iter=1955 incumb=59.9157 ratchet=59.9584 best=59.9157 since_improve=1406
t=649642ms iter=1956 WAIST cost=56.0000 best_alt=52.0000 gap=4.0000 tried=5 sep_labels=52 clique_frac=0.01
t=649816ms iter=1956 REBUILD reject new_tc=60.9891 (was 59.9157)
t=649969ms iter=1956 incumb=59.9157 ratchet=60.0405 best=59.9157 since_improve=1407
t=649976ms iter=1957 WAIST cost=56.0000 best_alt=52.0000 gap=4.0000 tried=5 sep_labels=52 clique_frac=0.01
t=650148ms iter=1957 REBUILD reject new_tc=60.3737 (was 59.9157)
t=650304ms iter=1957 incumb=59.9157 ratchet=59.9912 best=59.9157 since_improve=1408
t=650311ms iter=1958 WAIST cost=56.0000 best_alt=52.0000 gap=4.0000 tried=5 sep_labels=52 clique_frac=0.01
t=650489ms iter=1958 REBUILD reject new_tc=61.4343 (was 59.9157)
t=650643ms iter=1958 incumb=59.9157 ratchet=60.0828 best=59.9157 since_improve=1409
t=650651ms iter=1959 WAIST cost=56.0000 best_alt=52.0000 gap=4.0000 tried=5 sep_labels=52 clique_frac=0.01
t=650823ms iter=1959 REBUILD reject new_tc=61.4477 (was 59.9157)
t=650976ms iter=1959 incumb=59.9157 ratchet=60.0507 best=59.9157 since_improve=1410
t=650985ms iter=1960 WAIST cost=56.0000 best_alt=52.0000 gap=4.0000 tried=5 sep_labels=52 clique_frac=0.01
t=651156ms iter=1960 REBUILD reject new_tc=62.7743 (was 59.9157)
t=651314ms iter=1960 incumb=59.9157 ratchet=60.0474 best=59.9157 since_improve=1411
t=651324ms iter=1961 WAIST cost=56.0000 best_alt=51.0000 gap=5.0000 tried=5 sep_labels=51 clique_frac=0.01
t=651476ms iter=1961 REBUILD reject new_tc=62.1354 (was 59.9157)
t=651626ms iter=1961 incumb=59.9157 ratchet=60.0156 best=59.9157 since_improve=1412
t=651635ms iter=1962 WAIST cost=56.0000 best_alt=50.0000 gap=6.0000 tried=5 sep_labels=50 clique_frac=0.01
t=651786ms iter=1962 REBUILD reject new_tc=67.9035 (was 59.9157)
t=651940ms iter=1962 incumb=59.9157 ratchet=59.9663 best=59.9157 since_improve=1413
t=651948ms iter=1963 WAIST cost=56.0000 best_alt=51.0000 gap=5.0000 tried=5 sep_labels=51 clique_frac=0.01
t=652099ms iter=1963 REBUILD reject new_tc=61.7758 (was 59.9157)
t=652251ms iter=1963 incumb=59.9157 ratchet=60.0000 best=59.9157 since_improve=1414
t=652259ms iter=1964 WAIST cost=56.0000 best_alt=52.0000 gap=4.0000 tried=5 sep_labels=52 clique_frac=0.01
t=652429ms iter=1964 REBUILD reject new_tc=61.0676 (was 59.9157)
t=652581ms iter=1964 incumb=59.9157 ratchet=60.0184 best=59.9157 since_improve=1415
t=652589ms iter=1965 WAIST cost=56.0000 best_alt=52.0000 gap=4.0000 tried=5 sep_labels=52 clique_frac=0.01
t=652754ms iter=1965 REBUILD reject new_tc=74.0048 (was 59.9157)
t=652908ms iter=1965 incumb=59.9157 ratchet=60.0557 best=59.9157 since_improve=1416
t=652915ms iter=1966 WAIST cost=56.0000 best_alt=51.0000 gap=5.0000 tried=5 sep_labels=51 clique_frac=0.02
t=653067ms iter=1966 REBUILD reject new_tc=75.7361 (was 59.9157)
t=653222ms iter=1966 incumb=59.9157 ratchet=60.0446 best=59.9157 since_improve=1417
t=653231ms iter=1967 WAIST cost=56.0000 best_alt=50.0000 gap=6.0000 tried=5 sep_labels=50 clique_frac=0.01
t=653390ms iter=1967 REBUILD reject new_tc=61.5385 (was 59.9157)
t=653542ms iter=1967 incumb=59.9157 ratchet=60.0014 best=59.9157 since_improve=1418
t=653550ms iter=1968 WAIST cost=56.0000 best_alt=52.0000 gap=4.0000 tried=5 sep_labels=52 clique_frac=0.01
t=653724ms iter=1968 REBUILD reject new_tc=61.7567 (was 59.9157)
t=653881ms iter=1968 incumb=59.9157 ratchet=59.9660 best=59.9157 since_improve=1419
t=653891ms iter=1969 WAIST cost=56.0000 best_alt=49.0000 gap=7.0000 tried=5 sep_labels=49 clique_frac=0.01
t=654043ms iter=1969 REBUILD reject new_tc=64.0951 (was 59.9157)
t=654201ms iter=1969 incumb=59.9157 ratchet=60.0843 best=59.9157 since_improve=1420
t=654208ms iter=1970 WAIST cost=56.0000 best_alt=52.0000 gap=4.0000 tried=5 sep_labels=52 clique_frac=0.01
t=654381ms iter=1970 REBUILD reject new_tc=61.0317 (was 59.9157)
t=654535ms iter=1970 incumb=59.9157 ratchet=59.9762 best=59.9157 since_improve=1421
t=654543ms iter=1971 WAIST cost=56.0000 best_alt=52.0000 gap=4.0000 tried=5 sep_labels=52 clique_frac=0.01
t=654711ms iter=1971 REBUILD reject new_tc=61.6199 (was 59.9157)
t=654864ms iter=1971 incumb=59.9157 ratchet=60.0018 best=59.9157 since_improve=1422
t=654874ms iter=1972 WAIST cost=56.0000 best_alt=52.0000 gap=4.0000 tried=5 sep_labels=52 clique_frac=0.01
t=655049ms iter=1972 REBUILD reject new_tc=61.3689 (was 59.9157)
t=655202ms iter=1972 incumb=59.9157 ratchet=60.0398 best=59.9157 since_improve=1423
t=655211ms iter=1973 WAIST cost=56.0000 best_alt=51.0000 gap=5.0000 tried=5 sep_labels=51 clique_frac=0.01
t=655366ms iter=1973 REBUILD reject new_tc=61.5430 (was 59.9157)
t=655520ms iter=1973 incumb=59.9157 ratchet=60.2529 best=59.9157 since_improve=1424
t=655528ms iter=1974 WAIST cost=56.0000 best_alt=52.0000 gap=4.0000 tried=5 sep_labels=52 clique_frac=0.01
t=655696ms iter=1974 REBUILD reject new_tc=60.8296 (was 59.9157)
t=655847ms iter=1974 incumb=59.9157 ratchet=59.9657 best=59.9157 since_improve=1425
t=655855ms iter=1975 WAIST cost=56.0000 best_alt=52.0000 gap=4.0000 tried=5 sep_labels=52 clique_frac=0.01
t=656019ms iter=1975 REBUILD reject new_tc=71.0024 (was 59.9157)
t=656173ms iter=1975 incumb=59.9157 ratchet=59.9917 best=59.9157 since_improve=1426
t=656181ms iter=1976 WAIST cost=56.0000 best_alt=52.0000 gap=4.0000 tried=5 sep_labels=52 clique_frac=0.01
t=656349ms iter=1976 REBUILD reject new_tc=60.4681 (was 59.9157)
t=656500ms iter=1976 incumb=59.9157 ratchet=59.9861 best=59.9157 since_improve=1427
t=656506ms iter=1977 WAIST cost=56.0000 best_alt=52.0000 gap=4.0000 tried=5 sep_labels=52 clique_frac=0.01
t=656667ms iter=1977 REBUILD reject new_tc=75.0001 (was 59.9157)
t=656828ms iter=1977 incumb=59.9157 ratchet=59.9917 best=59.9157 since_improve=1428
t=656835ms iter=1978 WAIST cost=56.0000 best_alt=52.0000 gap=4.0000 tried=5 sep_labels=52 clique_frac=0.01
t=657008ms iter=1978 REBUILD reject new_tc=60.7893 (was 59.9157)
t=657162ms iter=1978 incumb=59.9157 ratchet=59.9891 best=59.9157 since_improve=1429
t=657171ms iter=1979 WAIST cost=56.0000 best_alt=51.0000 gap=5.0000 tried=5 sep_labels=51 clique_frac=0.01
t=657321ms iter=1979 REBUILD reject new_tc=61.1895 (was 59.9157)
t=657479ms iter=1979 incumb=59.9157 ratchet=59.9947 best=59.9157 since_improve=1430
t=657488ms iter=1980 WAIST cost=56.0000 best_alt=50.0000 gap=6.0000 tried=5 sep_labels=50 clique_frac=0.01
t=657641ms iter=1980 REBUILD reject new_tc=67.3918 (was 59.9157)
t=657793ms iter=1980 incumb=59.9157 ratchet=60.0192 best=59.9157 since_improve=1431
t=657801ms iter=1981 WAIST cost=56.0000 best_alt=52.0000 gap=4.0000 tried=5 sep_labels=52 clique_frac=0.01
t=657969ms iter=1981 REBUILD reject new_tc=61.7191 (was 59.9157)
t=658122ms iter=1981 incumb=59.9157 ratchet=60.6721 best=59.9157 since_improve=1432
t=658131ms iter=1982 WAIST cost=56.0000 best_alt=49.0000 gap=7.0000 tried=5 sep_labels=49 clique_frac=0.01
t=658266ms iter=1982 REBUILD reject new_tc=80.0000 (was 59.9157)
t=658423ms iter=1982 incumb=59.9157 ratchet=59.9887 best=59.9157 since_improve=1433
t=658431ms iter=1983 WAIST cost=56.0000 best_alt=52.0000 gap=4.0000 tried=5 sep_labels=52 clique_frac=0.01
t=658598ms iter=1983 REBUILD reject new_tc=60.9101 (was 59.9157)
t=658750ms iter=1983 incumb=59.9157 ratchet=60.0189 best=59.9157 since_improve=1434
t=658758ms iter=1984 WAIST cost=56.0000 best_alt=52.0000 gap=4.0000 tried=5 sep_labels=52 clique_frac=0.01
t=658926ms iter=1984 REBUILD reject new_tc=60.9113 (was 59.9157)
t=659082ms iter=1984 incumb=59.9157 ratchet=60.0218 best=59.9157 since_improve=1435
t=659092ms iter=1985 WAIST cost=56.0000 best_alt=51.0000 gap=5.0000 tried=5 sep_labels=51 clique_frac=0.01
t=659243ms iter=1985 REBUILD reject new_tc=61.9019 (was 59.9157)
t=659397ms iter=1985 incumb=59.9157 ratchet=60.0420 best=59.9157 since_improve=1436
t=659404ms iter=1986 WAIST cost=56.0000 best_alt=52.0000 gap=4.0000 tried=5 sep_labels=52 clique_frac=0.01
t=659577ms iter=1986 REBUILD reject new_tc=61.3000 (was 59.9157)
t=659722ms iter=1986 incumb=59.9157 ratchet=60.1339 best=59.9157 since_improve=1437
t=659731ms iter=1987 WAIST cost=56.0000 best_alt=51.0000 gap=5.0000 tried=5 sep_labels=51 clique_frac=0.01
t=659882ms iter=1987 REBUILD reject new_tc=61.3318 (was 59.9157)
t=660036ms iter=1987 incumb=59.9157 ratchet=60.0009 best=59.9157 since_improve=1438
t=660044ms iter=1988 WAIST cost=56.0000 best_alt=51.0000 gap=5.0000 tried=5 sep_labels=51 clique_frac=0.01
t=660218ms iter=1988 REBUILD reject new_tc=61.3429 (was 59.9157)
t=660371ms iter=1988 incumb=59.9157 ratchet=59.9818 best=59.9157 since_improve=1439
t=660379ms iter=1989 WAIST cost=56.0000 best_alt=52.0000 gap=4.0000 tried=5 sep_labels=52 clique_frac=0.01
t=660553ms iter=1989 REBUILD reject new_tc=61.0186 (was 59.9157)
t=660700ms iter=1989 incumb=59.9157 ratchet=60.1399 best=59.9157 since_improve=1440
t=660709ms iter=1990 WAIST cost=56.0000 best_alt=52.0000 gap=4.0000 tried=5 sep_labels=52 clique_frac=0.01
t=660895ms iter=1990 REBUILD reject new_tc=66.5522 (was 59.9157)
t=661068ms iter=1990 incumb=59.9157 ratchet=60.0385 best=59.9157 since_improve=1441
t=661076ms iter=1991 WAIST cost=56.0000 best_alt=52.0000 gap=4.0000 tried=5 sep_labels=52 clique_frac=0.01
t=661242ms iter=1991 REBUILD reject new_tc=60.3740 (was 59.9157)
t=661399ms iter=1991 incumb=59.9157 ratchet=60.3586 best=59.9157 since_improve=1442
t=661408ms iter=1992 WAIST cost=56.0000 best_alt=51.0000 gap=5.0000 tried=5 sep_labels=51 clique_frac=0.01
t=661583ms iter=1992 REBUILD reject new_tc=60.4632 (was 59.9157)
t=661738ms iter=1992 incumb=59.9157 ratchet=60.1240 best=59.9157 since_improve=1443
t=661748ms iter=1993 WAIST cost=56.0000 best_alt=52.0000 gap=4.0000 tried=5 sep_labels=52 clique_frac=0.01
t=661914ms iter=1993 REBUILD reject new_tc=67.2220 (was 59.9157)
t=662071ms iter=1993 incumb=59.9157 ratchet=59.9919 best=59.9157 since_improve=1444
t=662080ms iter=1994 WAIST cost=56.0000 best_alt=52.0000 gap=4.0000 tried=5 sep_labels=52 clique_frac=0.01
t=662245ms iter=1994 REBUILD reject new_tc=60.8483 (was 59.9157)
t=662400ms iter=1994 incumb=59.9157 ratchet=60.0826 best=59.9157 since_improve=1445
t=662408ms iter=1995 WAIST cost=56.0000 best_alt=49.0000 gap=7.0000 tried=5 sep_labels=49 clique_frac=0.01
t=662544ms iter=1995 REBUILD reject new_tc=84.0001 (was 59.9157)
t=662701ms iter=1995 incumb=59.9157 ratchet=60.0220 best=59.9157 since_improve=1446
t=662710ms iter=1996 WAIST cost=56.0000 best_alt=52.0000 gap=4.0000 tried=5 sep_labels=52 clique_frac=0.01
t=662879ms iter=1996 REBUILD reject new_tc=60.7276 (was 59.9157)
t=663032ms iter=1996 incumb=59.9157 ratchet=60.0334 best=59.9157 since_improve=1447
t=663039ms iter=1997 WAIST cost=56.0000 best_alt=52.0000 gap=4.0000 tried=5 sep_labels=52 clique_frac=0.01
t=663211ms iter=1997 REBUILD reject new_tc=61.5847 (was 59.9157)
t=663370ms iter=1997 incumb=59.9157 ratchet=60.0034 best=59.9157 since_improve=1448
t=663378ms iter=1998 WAIST cost=56.0000 best_alt=52.0000 gap=4.0000 tried=5 sep_labels=52 clique_frac=0.01
t=663548ms iter=1998 REBUILD reject new_tc=67.9358 (was 59.9157)
t=663698ms iter=1998 incumb=59.9157 ratchet=60.0666 best=59.9157 since_improve=1449
t=663707ms iter=1999 WAIST cost=56.0000 best_alt=51.0000 gap=5.0000 tried=5 sep_labels=51 clique_frac=0.01
t=663860ms iter=1999 REBUILD reject new_tc=61.3965 (was 59.9157)
t=664014ms iter=1999 incumb=59.9157 ratchet=59.9825 best=59.9157 since_improve=1450
t=664022ms iter=2000 WAIST cost=56.0000 best_alt=52.0000 gap=4.0000 tried=5 sep_labels=52 clique_frac=0.01
t=664192ms iter=2000 REBUILD reject new_tc=60.8781 (was 59.9157)
t=664343ms iter=2000 incumb=59.9157 ratchet=59.9479 best=59.9157 since_improve=1451
t=664352ms iter=2001 WAIST cost=56.0000 best_alt=51.0000 gap=5.0000 tried=5 sep_labels=51 clique_frac=0.01
t=664494ms iter=2001 REBUILD reject new_tc=77.0008 (was 59.9157)
t=664644ms iter=2001 incumb=59.9157 ratchet=59.9530 best=59.9157 since_improve=1452
t=664652ms iter=2002 WAIST cost=56.0000 best_alt=52.0000 gap=4.0000 tried=5 sep_labels=52 clique_frac=0.01
t=664824ms iter=2002 REBUILD reject new_tc=60.9057 (was 59.9157)
t=664982ms iter=2002 incumb=59.9157 ratchet=60.0236 best=59.9157 since_improve=1453
t=664989ms iter=2003 WAIST cost=56.0000 best_alt=51.0000 gap=5.0000 tried=5 sep_labels=51 clique_frac=0.01
t=665146ms iter=2003 REBUILD reject new_tc=61.5704 (was 59.9157)
t=665300ms iter=2003 incumb=59.9157 ratchet=60.4570 best=59.9157 since_improve=1454
t=665308ms iter=2004 WAIST cost=56.0000 best_alt=51.0000 gap=5.0000 tried=5 sep_labels=51 clique_frac=0.01
t=665449ms iter=2004 REBUILD reject new_tc=65.8360 (was 59.9157)
t=665599ms iter=2004 incumb=59.9157 ratchet=60.1048 best=59.9157 since_improve=1455
t=665606ms iter=2005 WAIST cost=56.0000 best_alt=52.0000 gap=4.0000 tried=5 sep_labels=52 clique_frac=0.01
t=665774ms iter=2005 REBUILD reject new_tc=61.3782 (was 59.9157)
t=665930ms iter=2005 incumb=59.9157 ratchet=60.0328 best=59.9157 since_improve=1456
t=665939ms iter=2006 WAIST cost=56.0000 best_alt=51.0000 gap=5.0000 tried=5 sep_labels=51 clique_frac=0.02
t=666090ms iter=2006 REBUILD reject new_tc=61.3537 (was 59.9157)
t=666247ms iter=2006 incumb=59.9157 ratchet=59.9967 best=59.9157 since_improve=1457
t=666256ms iter=2007 WAIST cost=56.0000 best_alt=52.0000 gap=4.0000 tried=5 sep_labels=52 clique_frac=0.01
t=666431ms iter=2007 REBUILD reject new_tc=60.8976 (was 59.9157)
t=666585ms iter=2007 incumb=59.9157 ratchet=59.9701 best=59.9157 since_improve=1458
t=666593ms iter=2008 WAIST cost=56.0000 best_alt=52.0000 gap=4.0000 tried=5 sep_labels=52 clique_frac=0.01
t=666763ms iter=2008 REBUILD reject new_tc=61.7254 (was 59.9157)
t=666917ms iter=2008 incumb=59.9157 ratchet=60.1223 best=59.9157 since_improve=1459
t=666928ms iter=2009 WAIST cost=56.0000 best_alt=51.0000 gap=5.0000 tried=5 sep_labels=51 clique_frac=0.01
t=667083ms iter=2009 REBUILD reject new_tc=61.4597 (was 59.9157)
t=667241ms iter=2009 incumb=59.9157 ratchet=60.0730 best=59.9157 since_improve=1460
t=667248ms iter=2010 WAIST cost=56.0000 best_alt=50.0000 gap=6.0000 tried=5 sep_labels=50 clique_frac=0.01
t=667395ms iter=2010 REBUILD reject new_tc=61.5345 (was 59.9157)
t=667551ms iter=2010 incumb=59.9157 ratchet=60.0355 best=59.9157 since_improve=1461
t=667559ms iter=2011 WAIST cost=56.0000 best_alt=50.0000 gap=6.0000 tried=5 sep_labels=50 clique_frac=0.01
t=667715ms iter=2011 REBUILD reject new_tc=61.5119 (was 59.9157)
t=667870ms iter=2011 incumb=59.9157 ratchet=59.9778 best=59.9157 since_improve=1462
t=667879ms iter=2012 WAIST cost=56.0000 best_alt=51.0000 gap=5.0000 tried=5 sep_labels=51 clique_frac=0.01
t=668022ms iter=2012 REBUILD reject new_tc=77.0011 (was 59.9157)
t=668183ms iter=2012 incumb=59.9157 ratchet=59.9595 best=59.9157 since_improve=1463
t=668192ms iter=2013 WAIST cost=56.0000 best_alt=52.0000 gap=4.0000 tried=5 sep_labels=52 clique_frac=0.01
t=668357ms iter=2013 REBUILD reject new_tc=63.9512 (was 59.9157)
t=668509ms iter=2013 incumb=59.9157 ratchet=59.9680 best=59.9157 since_improve=1464
t=668519ms iter=2014 WAIST cost=56.0000 best_alt=51.0000 gap=5.0000 tried=5 sep_labels=51 clique_frac=0.01
t=668675ms iter=2014 REBUILD reject new_tc=61.6377 (was 59.9157)
t=668831ms iter=2014 incumb=59.9157 ratchet=59.9880 best=59.9157 since_improve=1465
t=668839ms iter=2015 WAIST cost=56.0000 best_alt=52.0000 gap=4.0000 tried=5 sep_labels=52 clique_frac=0.01
t=669001ms iter=2015 REBUILD reject new_tc=62.4943 (was 59.9157)
t=669153ms iter=2015 incumb=59.9157 ratchet=59.9432 best=59.9157 since_improve=1466
t=669160ms iter=2016 WAIST cost=56.0000 best_alt=52.0000 gap=4.0000 tried=5 sep_labels=52 clique_frac=0.01
t=669335ms iter=2016 REBUILD reject new_tc=61.3906 (was 59.9157)
t=669488ms iter=2016 incumb=59.9157 ratchet=59.9735 best=59.9157 since_improve=1467
t=669497ms iter=2017 WAIST cost=56.0000 best_alt=52.0000 gap=4.0000 tried=5 sep_labels=52 clique_frac=0.01
t=669670ms iter=2017 REBUILD reject new_tc=60.6776 (was 59.9157)
t=669830ms iter=2017 incumb=59.9157 ratchet=60.0275 best=59.9157 since_improve=1468
t=669840ms iter=2018 WAIST cost=56.0000 best_alt=51.0000 gap=5.0000 tried=5 sep_labels=51 clique_frac=0.01
t=669991ms iter=2018 REBUILD reject new_tc=61.1682 (was 59.9157)
t=670147ms iter=2018 incumb=59.9157 ratchet=59.9678 best=59.9157 since_improve=1469
t=670156ms iter=2019 WAIST cost=56.0000 best_alt=51.0000 gap=5.0000 tried=5 sep_labels=51 clique_frac=0.01
t=670327ms iter=2019 REBUILD reject new_tc=61.0235 (was 59.9157)
t=670484ms iter=2019 incumb=59.9157 ratchet=60.0117 best=59.9157 since_improve=1470
t=670490ms iter=2020 WAIST cost=56.0000 best_alt=52.0000 gap=4.0000 tried=5 sep_labels=52 clique_frac=0.01
t=670648ms iter=2020 REBUILD reject new_tc=80.0000 (was 59.9157)
t=670799ms iter=2020 incumb=59.9157 ratchet=59.9774 best=59.9157 since_improve=1471
t=670807ms iter=2021 WAIST cost=56.0000 best_alt=52.0000 gap=4.0000 tried=5 sep_labels=52 clique_frac=0.01
t=670973ms iter=2021 REBUILD reject new_tc=66.9184 (was 59.9157)
t=671133ms iter=2021 incumb=59.9157 ratchet=59.9390 best=59.9157 since_improve=1472
t=671143ms iter=2022 WAIST cost=56.0000 best_alt=50.0000 gap=6.0000 tried=5 sep_labels=50 clique_frac=0.01
t=671280ms iter=2022 REBUILD reject new_tc=75.0097 (was 59.9157)
t=671434ms iter=2022 incumb=59.9157 ratchet=59.9462 best=59.9157 since_improve=1473
t=671442ms iter=2023 WAIST cost=56.0000 best_alt=52.0000 gap=4.0000 tried=5 sep_labels=52 clique_frac=0.01
t=671614ms iter=2023 REBUILD reject new_tc=61.3180 (was 59.9157)
t=671766ms iter=2023 incumb=59.9157 ratchet=59.9942 best=59.9157 since_improve=1474
t=671773ms iter=2024 WAIST cost=56.0000 best_alt=52.0000 gap=4.0000 tried=5 sep_labels=52 clique_frac=0.01
t=671942ms iter=2024 REBUILD reject new_tc=64.2662 (was 59.9157)
t=672094ms iter=2024 incumb=59.9157 ratchet=60.0787 best=59.9157 since_improve=1475
t=672101ms iter=2025 WAIST cost=56.0000 best_alt=52.0000 gap=4.0000 tried=5 sep_labels=52 clique_frac=0.01
t=672267ms iter=2025 REBUILD reject new_tc=61.3815 (was 59.9157)
t=672427ms iter=2025 incumb=59.9157 ratchet=59.9600 best=59.9157 since_improve=1476
t=672435ms iter=2026 WAIST cost=56.0000 best_alt=51.0000 gap=5.0000 tried=5 sep_labels=51 clique_frac=0.01
t=672579ms iter=2026 REBUILD reject new_tc=71.2956 (was 59.9157)
t=672739ms iter=2026 incumb=59.9157 ratchet=60.0985 best=59.9157 since_improve=1477
t=672749ms iter=2027 WAIST cost=56.0000 best_alt=51.0000 gap=5.0000 tried=5 sep_labels=51 clique_frac=0.01
t=672907ms iter=2027 REBUILD reject new_tc=61.5475 (was 59.9157)
t=673060ms iter=2027 incumb=59.9157 ratchet=60.0206 best=59.9157 since_improve=1478
t=673069ms iter=2028 WAIST cost=56.0000 best_alt=51.0000 gap=5.0000 tried=5 sep_labels=51 clique_frac=0.01
t=673223ms iter=2028 REBUILD reject new_tc=61.4744 (was 59.9157)
t=673380ms iter=2028 incumb=59.9157 ratchet=59.9755 best=59.9157 since_improve=1479
t=673389ms iter=2029 WAIST cost=56.0000 best_alt=49.0000 gap=7.0000 tried=5 sep_labels=49 clique_frac=0.01
t=673543ms iter=2029 REBUILD reject new_tc=61.2716 (was 59.9157)
t=673699ms iter=2029 incumb=59.9157 ratchet=60.1344 best=59.9157 since_improve=1480
t=673708ms iter=2030 WAIST cost=56.0000 best_alt=51.0000 gap=5.0000 tried=5 sep_labels=51 clique_frac=0.01
t=673877ms iter=2030 REBUILD reject new_tc=61.5957 (was 59.9157)
t=674030ms iter=2030 incumb=59.9157 ratchet=59.9425 best=59.9157 since_improve=1481
t=674039ms iter=2031 WAIST cost=56.0000 best_alt=49.0000 gap=7.0000 tried=5 sep_labels=49 clique_frac=0.01
t=674192ms iter=2031 REBUILD reject new_tc=61.4325 (was 59.9157)
t=674341ms iter=2031 incumb=59.9157 ratchet=60.0267 best=59.9157 since_improve=1482
t=674350ms iter=2032 WAIST cost=56.0000 best_alt=52.0000 gap=4.0000 tried=5 sep_labels=52 clique_frac=0.01
t=674524ms iter=2032 REBUILD reject new_tc=61.3132 (was 59.9157)
t=674680ms iter=2032 incumb=59.9157 ratchet=59.9683 best=59.9157 since_improve=1483
t=674689ms iter=2033 WAIST cost=56.0000 best_alt=51.0000 gap=5.0000 tried=5 sep_labels=51 clique_frac=0.01
t=674841ms iter=2033 REBUILD reject new_tc=61.6240 (was 59.9157)
t=674993ms iter=2033 incumb=59.9157 ratchet=60.0401 best=59.9157 since_improve=1484
t=675003ms iter=2034 WAIST cost=56.0000 best_alt=51.0000 gap=5.0000 tried=5 sep_labels=51 clique_frac=0.01
t=675144ms iter=2034 REBUILD reject new_tc=77.0054 (was 59.9157)
t=675299ms iter=2034 incumb=59.9157 ratchet=59.9846 best=59.9157 since_improve=1485
t=675307ms iter=2035 WAIST cost=56.0000 best_alt=52.0000 gap=4.0000 tried=5 sep_labels=52 clique_frac=0.01
t=675482ms iter=2035 REBUILD reject new_tc=61.3938 (was 59.9157)
t=675633ms iter=2035 incumb=59.9157 ratchet=60.4285 best=59.9157 since_improve=1486
t=675640ms iter=2036 WAIST cost=56.0000 best_alt=49.0000 gap=7.0000 tried=5 sep_labels=49 clique_frac=0.01
t=675790ms iter=2036 REBUILD reject new_tc=61.7915 (was 59.9157)
t=675939ms iter=2036 incumb=59.9157 ratchet=60.0213 best=59.9157 since_improve=1487
t=675950ms iter=2037 WAIST cost=56.0000 best_alt=52.0000 gap=4.0000 tried=5 sep_labels=52 clique_frac=0.01
t=676115ms iter=2037 REBUILD reject new_tc=64.7463 (was 59.9157)
t=676273ms iter=2037 incumb=59.9157 ratchet=60.1238 best=59.9157 since_improve=1488
t=676283ms iter=2038 WAIST cost=56.0000 best_alt=52.0000 gap=4.0000 tried=5 sep_labels=52 clique_frac=0.01
t=676443ms iter=2038 REBUILD reject new_tc=78.0002 (was 59.9157)
t=676599ms iter=2038 incumb=59.9157 ratchet=60.0630 best=59.9157 since_improve=1489
t=676608ms iter=2039 WAIST cost=56.0000 best_alt=51.0000 gap=5.0000 tried=5 sep_labels=51 clique_frac=0.01
t=676747ms iter=2039 REBUILD reject new_tc=79.0001 (was 59.9157)
t=676899ms iter=2039 incumb=59.9157 ratchet=60.0059 best=59.9157 since_improve=1490
t=676907ms iter=2040 WAIST cost=56.0000 best_alt=51.0000 gap=5.0000 tried=5 sep_labels=51 clique_frac=0.01
t=677064ms iter=2040 REBUILD reject new_tc=61.3701 (was 59.9157)
t=677217ms iter=2040 incumb=59.9157 ratchet=59.9975 best=59.9157 since_improve=1491
t=677225ms iter=2041 WAIST cost=56.0000 best_alt=52.0000 gap=4.0000 tried=5 sep_labels=52 clique_frac=0.01
t=677380ms iter=2041 REBUILD reject new_tc=60.6928 (was 59.9157)
t=677533ms iter=2041 incumb=59.9157 ratchet=60.0152 best=59.9157 since_improve=1492
t=677539ms iter=2042 WAIST cost=56.0000 best_alt=52.0000 gap=4.0000 tried=5 sep_labels=52 clique_frac=0.01
t=677711ms iter=2042 REBUILD reject new_tc=60.1878 (was 59.9157)
t=677867ms iter=2042 incumb=59.9157 ratchet=59.9747 best=59.9157 since_improve=1493
t=677876ms iter=2043 WAIST cost=56.0000 best_alt=49.0000 gap=7.0000 tried=5 sep_labels=49 clique_frac=0.01
t=678021ms iter=2043 REBUILD reject new_tc=60.8686 (was 59.9157)
t=678177ms iter=2043 incumb=59.9157 ratchet=60.0172 best=59.9157 since_improve=1494
t=678186ms iter=2044 WAIST cost=56.0000 best_alt=52.0000 gap=4.0000 tried=5 sep_labels=52 clique_frac=0.01
t=678356ms iter=2044 REBUILD reject new_tc=61.5064 (was 59.9157)
t=678507ms iter=2044 incumb=59.9157 ratchet=60.0328 best=59.9157 since_improve=1495
t=678513ms iter=2045 WAIST cost=56.0000 best_alt=52.0000 gap=4.0000 tried=5 sep_labels=52 clique_frac=0.01
t=678679ms iter=2045 REBUILD reject new_tc=63.5810 (was 59.9157)
t=678835ms iter=2045 incumb=59.9157 ratchet=59.9609 best=59.9157 since_improve=1496
t=678843ms iter=2046 WAIST cost=56.0000 best_alt=52.0000 gap=4.0000 tried=5 sep_labels=52 clique_frac=0.01
t=679010ms iter=2046 REBUILD reject new_tc=61.3205 (was 59.9157)
t=679164ms iter=2046 incumb=59.9157 ratchet=59.9242 best=59.9157 since_improve=1497
t=679173ms iter=2047 WAIST cost=56.0000 best_alt=51.0000 gap=5.0000 tried=5 sep_labels=51 clique_frac=0.01
t=679324ms iter=2047 REBUILD reject new_tc=61.2638 (was 59.9157)
t=679480ms iter=2047 incumb=59.9157 ratchet=60.0315 best=59.9157 since_improve=1498
t=679489ms iter=2048 WAIST cost=56.0000 best_alt=52.0000 gap=4.0000 tried=5 sep_labels=52 clique_frac=0.01
t=679660ms iter=2048 REBUILD reject new_tc=61.5537 (was 59.9157)
t=679815ms iter=2048 incumb=59.9157 ratchet=59.9778 best=59.9157 since_improve=1499
t=679825ms iter=2049 WAIST cost=56.0000 best_alt=49.0000 gap=7.0000 tried=5 sep_labels=49 clique_frac=0.01
t=679963ms iter=2049 REBUILD reject new_tc=73.0108 (was 59.9157)
t=680114ms iter=2049 incumb=59.9157 ratchet=60.0338 best=59.9157 since_improve=1500
t=680121ms iter=2050 WAIST cost=56.0000 best_alt=52.0000 gap=4.0000 tried=5 sep_labels=52 clique_frac=0.01
t=680293ms iter=2050 REBUILD reject new_tc=61.7353 (was 59.9157)
t=680448ms iter=2050 incumb=59.9157 ratchet=60.0427 best=59.9157 since_improve=1501
t=680458ms iter=2051 WAIST cost=56.0000 best_alt=52.0000 gap=4.0000 tried=5 sep_labels=52 clique_frac=0.01
t=680631ms iter=2051 REBUILD reject new_tc=61.6410 (was 59.9157)
t=680775ms iter=2051 incumb=59.9157 ratchet=59.9513 best=59.9157 since_improve=1502
t=680783ms iter=2052 WAIST cost=56.0000 best_alt=52.0000 gap=4.0000 tried=5 sep_labels=52 clique_frac=0.01
t=680950ms iter=2052 REBUILD reject new_tc=63.8804 (was 59.9157)
t=681105ms iter=2052 incumb=59.9157 ratchet=59.9431 best=59.9157 since_improve=1503
t=681113ms iter=2053 WAIST cost=56.0000 best_alt=50.0000 gap=6.0000 tried=5 sep_labels=50 clique_frac=0.01
t=681265ms iter=2053 REBUILD reject new_tc=68.5500 (was 59.9157)
t=681421ms iter=2053 incumb=59.9157 ratchet=60.0483 best=59.9157 since_improve=1504
t=681429ms iter=2054 WAIST cost=56.0000 best_alt=52.0000 gap=4.0000 tried=5 sep_labels=52 clique_frac=0.01
t=681590ms iter=2054 REBUILD reject new_tc=66.1808 (was 59.9157)
t=681746ms iter=2054 incumb=59.9157 ratchet=60.2815 best=59.9157 since_improve=1505
t=681754ms iter=2055 WAIST cost=56.0000 best_alt=52.0000 gap=4.0000 tried=5 sep_labels=52 clique_frac=0.01
t=681925ms iter=2055 REBUILD reject new_tc=61.5477 (was 59.9157)
t=682080ms iter=2055 incumb=59.9157 ratchet=59.9575 best=59.9157 since_improve=1506
t=682089ms iter=2056 WAIST cost=56.0000 best_alt=51.0000 gap=5.0000 tried=5 sep_labels=51 clique_frac=0.01
t=682238ms iter=2056 REBUILD reject new_tc=63.9376 (was 59.9157)
t=682391ms iter=2056 incumb=59.9157 ratchet=60.0324 best=59.9157 since_improve=1507
t=682401ms iter=2057 WAIST cost=56.0000 best_alt=50.0000 gap=6.0000 tried=5 sep_labels=50 clique_frac=0.01
t=682555ms iter=2057 REBUILD reject new_tc=61.4493 (was 59.9157)
t=682712ms iter=2057 incumb=59.9157 ratchet=59.9627 best=59.9157 since_improve=1508
t=682722ms iter=2058 WAIST cost=56.0000 best_alt=52.0000 gap=4.0000 tried=5 sep_labels=52 clique_frac=0.01
t=682887ms iter=2058 REBUILD reject new_tc=67.4106 (was 59.9157)
t=683042ms iter=2058 incumb=59.9157 ratchet=60.0427 best=59.9157 since_improve=1509
t=683051ms iter=2059 WAIST cost=56.0000 best_alt=51.0000 gap=5.0000 tried=5 sep_labels=51 clique_frac=0.01
t=683207ms iter=2059 REBUILD reject new_tc=61.5254 (was 59.9157)
t=683359ms iter=2059 incumb=59.9157 ratchet=60.0521 best=59.9157 since_improve=1510
t=683369ms iter=2060 WAIST cost=56.0000 best_alt=52.0000 gap=4.0000 tried=5 sep_labels=52 clique_frac=0.01
t=683533ms iter=2060 REBUILD reject new_tc=65.7348 (was 59.9157)
t=683686ms iter=2060 incumb=59.9157 ratchet=60.0995 best=59.9157 since_improve=1511
t=683695ms iter=2061 WAIST cost=56.0000 best_alt=51.0000 gap=5.0000 tried=5 sep_labels=51 clique_frac=0.01
t=683832ms iter=2061 REBUILD reject new_tc=81.0000 (was 59.9157)
t=683989ms iter=2061 incumb=59.9157 ratchet=59.9609 best=59.9157 since_improve=1512
t=683998ms iter=2062 WAIST cost=56.0000 best_alt=51.0000 gap=5.0000 tried=5 sep_labels=51 clique_frac=0.01
t=684151ms iter=2062 REBUILD reject new_tc=61.4579 (was 59.9157)
t=684308ms iter=2062 incumb=59.9157 ratchet=60.0512 best=59.9157 since_improve=1513
t=684316ms iter=2063 WAIST cost=56.0000 best_alt=52.0000 gap=4.0000 tried=5 sep_labels=52 clique_frac=0.01
t=684484ms iter=2063 REBUILD reject new_tc=60.7071 (was 59.9157)
t=684640ms iter=2063 incumb=59.9157 ratchet=59.9767 best=59.9157 since_improve=1514
t=684650ms iter=2064 WAIST cost=56.0000 best_alt=50.0000 gap=6.0000 tried=5 sep_labels=50 clique_frac=0.01
t=684809ms iter=2064 REBUILD reject new_tc=61.3301 (was 59.9157)
t=684962ms iter=2064 incumb=59.9157 ratchet=59.9710 best=59.9157 since_improve=1515
t=684970ms iter=2065 WAIST cost=56.0000 best_alt=51.0000 gap=5.0000 tried=5 sep_labels=51 clique_frac=0.01
t=685118ms iter=2065 REBUILD reject new_tc=65.6647 (was 59.9157)
t=685262ms iter=2065 incumb=59.9157 ratchet=59.9954 best=59.9157 since_improve=1516
t=685270ms iter=2066 WAIST cost=56.0000 best_alt=52.0000 gap=4.0000 tried=5 sep_labels=52 clique_frac=0.01
t=685445ms iter=2066 REBUILD reject new_tc=66.3555 (was 59.9157)
t=685603ms iter=2066 incumb=59.9157 ratchet=60.0139 best=59.9157 since_improve=1517
t=685611ms iter=2067 WAIST cost=56.0000 best_alt=52.0000 gap=4.0000 tried=5 sep_labels=52 clique_frac=0.01
t=685778ms iter=2067 REBUILD reject new_tc=61.5955 (was 59.9157)
t=685939ms iter=2067 incumb=59.9157 ratchet=60.0135 best=59.9157 since_improve=1518
t=685946ms iter=2068 WAIST cost=56.0000 best_alt=50.0000 gap=6.0000 tried=5 sep_labels=50 clique_frac=0.01
t=686101ms iter=2068 REBUILD reject new_tc=61.4400 (was 59.9157)
t=686253ms iter=2068 incumb=59.9157 ratchet=59.9902 best=59.9157 since_improve=1519
t=686262ms iter=2069 WAIST cost=56.0000 best_alt=52.0000 gap=4.0000 tried=5 sep_labels=52 clique_frac=0.01
t=686432ms iter=2069 REBUILD reject new_tc=60.2385 (was 59.9157)
t=686582ms iter=2069 incumb=59.9157 ratchet=59.9947 best=59.9157 since_improve=1520
t=686590ms iter=2070 WAIST cost=56.0000 best_alt=49.0000 gap=7.0000 tried=5 sep_labels=49 clique_frac=0.01
t=686744ms iter=2070 REBUILD reject new_tc=61.1521 (was 59.9157)
t=686895ms iter=2070 incumb=59.9157 ratchet=59.9952 best=59.9157 since_improve=1521
t=686903ms iter=2071 WAIST cost=56.0000 best_alt=52.0000 gap=4.0000 tried=5 sep_labels=52 clique_frac=0.01
t=687079ms iter=2071 REBUILD reject new_tc=61.3565 (was 59.9157)
t=687240ms iter=2071 incumb=59.9157 ratchet=60.1856 best=59.9157 since_improve=1522
t=687249ms iter=2072 WAIST cost=56.0000 best_alt=52.0000 gap=4.0000 tried=5 sep_labels=52 clique_frac=0.01
t=687409ms iter=2072 REBUILD reject new_tc=79.0000 (was 59.9157)
t=687566ms iter=2072 incumb=59.9157 ratchet=59.9618 best=59.9157 since_improve=1523
t=687574ms iter=2073 WAIST cost=56.0000 best_alt=51.0000 gap=5.0000 tried=5 sep_labels=51 clique_frac=0.01
t=687726ms iter=2073 REBUILD reject new_tc=69.8014 (was 59.9157)
t=687881ms iter=2073 incumb=59.9157 ratchet=60.0765 best=59.9157 since_improve=1524
t=687891ms iter=2074 WAIST cost=56.0000 best_alt=50.0000 gap=6.0000 tried=5 sep_labels=50 clique_frac=0.01
t=688044ms iter=2074 REBUILD reject new_tc=61.7646 (was 59.9157)
t=688207ms iter=2074 incumb=59.9157 ratchet=60.1008 best=59.9157 since_improve=1525
t=688213ms iter=2075 WAIST cost=56.0000 best_alt=52.0000 gap=4.0000 tried=5 sep_labels=52 clique_frac=0.01
t=688393ms iter=2075 REBUILD reject new_tc=61.2518 (was 59.9157)
t=688552ms iter=2075 incumb=59.9157 ratchet=60.0271 best=59.9157 since_improve=1526
t=688558ms iter=2076 WAIST cost=56.0000 best_alt=52.0000 gap=4.0000 tried=5 sep_labels=52 clique_frac=0.01
t=688723ms iter=2076 REBUILD reject new_tc=67.8714 (was 59.9157)
t=688878ms iter=2076 incumb=59.9157 ratchet=59.9363 best=59.9157 since_improve=1527
t=688887ms iter=2077 WAIST cost=56.0000 best_alt=51.0000 gap=5.0000 tried=5 sep_labels=51 clique_frac=0.01
t=689051ms iter=2077 REBUILD reject new_tc=61.4690 (was 59.9157)
t=689210ms iter=2077 incumb=59.9157 ratchet=60.0130 best=59.9157 since_improve=1528
t=689219ms iter=2078 WAIST cost=56.0000 best_alt=52.0000 gap=4.0000 tried=5 sep_labels=52 clique_frac=0.01
t=689390ms iter=2078 REBUILD reject new_tc=61.9432 (was 59.9157)
t=689549ms iter=2078 incumb=59.9157 ratchet=60.0580 best=59.9157 since_improve=1529
t=689557ms iter=2079 WAIST cost=56.0000 best_alt=52.0000 gap=4.0000 tried=5 sep_labels=52 clique_frac=0.01
t=689728ms iter=2079 REBUILD reject new_tc=61.5571 (was 59.9157)
t=689879ms iter=2079 incumb=59.9157 ratchet=60.0378 best=59.9157 since_improve=1530
t=689889ms iter=2080 WAIST cost=56.0000 best_alt=52.0000 gap=4.0000 tried=5 sep_labels=52 clique_frac=0.01
t=690039ms iter=2080 REBUILD reject new_tc=75.0001 (was 59.9157)
t=690185ms iter=2080 incumb=59.9157 ratchet=59.9624 best=59.9157 since_improve=1531
t=690194ms iter=2081 WAIST cost=56.0000 best_alt=49.0000 gap=7.0000 tried=5 sep_labels=49 clique_frac=0.01
t=690344ms iter=2081 REBUILD reject new_tc=60.7971 (was 59.9157)
t=690496ms iter=2081 incumb=59.9157 ratchet=60.1310 best=59.9157 since_improve=1532
t=690502ms iter=2082 WAIST cost=56.0000 best_alt=52.0000 gap=4.0000 tried=5 sep_labels=52 clique_frac=0.01
t=690657ms iter=2082 REBUILD reject new_tc=77.0008 (was 59.9157)
t=690814ms iter=2082 incumb=59.9157 ratchet=60.0092 best=59.9157 since_improve=1533
t=690822ms iter=2083 WAIST cost=56.0000 best_alt=52.0000 gap=4.0000 tried=5 sep_labels=52 clique_frac=0.01
t=690990ms iter=2083 REBUILD reject new_tc=62.8962 (was 59.9157)
t=691138ms iter=2083 incumb=59.9157 ratchet=60.0263 best=59.9157 since_improve=1534
t=691146ms iter=2084 WAIST cost=56.0000 best_alt=52.0000 gap=4.0000 tried=5 sep_labels=52 clique_frac=0.01
t=691319ms iter=2084 REBUILD reject new_tc=60.8738 (was 59.9157)
t=691477ms iter=2084 incumb=59.9157 ratchet=59.9530 best=59.9157 since_improve=1535
t=691485ms iter=2085 WAIST cost=56.0000 best_alt=52.0000 gap=4.0000 tried=5 sep_labels=52 clique_frac=0.01
t=691651ms iter=2085 REBUILD reject new_tc=61.3617 (was 59.9157)
t=691812ms iter=2085 incumb=59.9157 ratchet=60.0549 best=59.9157 since_improve=1536
t=691822ms iter=2086 WAIST cost=56.0000 best_alt=51.0000 gap=5.0000 tried=5 sep_labels=51 clique_frac=0.01
t=691974ms iter=2086 REBUILD reject new_tc=61.4372 (was 59.9157)
t=692121ms iter=2086 incumb=59.9157 ratchet=60.0749 best=59.9157 since_improve=1537
t=692129ms iter=2087 WAIST cost=56.0000 best_alt=51.0000 gap=5.0000 tried=5 sep_labels=51 clique_frac=0.01
t=692288ms iter=2087 REBUILD reject new_tc=61.4853 (was 59.9157)
t=692445ms iter=2087 incumb=59.9157 ratchet=60.0103 best=59.9157 since_improve=1538
t=692454ms iter=2088 WAIST cost=56.0000 best_alt=52.0000 gap=4.0000 tried=5 sep_labels=52 clique_frac=0.01
t=692620ms iter=2088 REBUILD reject new_tc=68.0126 (was 59.9157)
t=692775ms iter=2088 incumb=59.9157 ratchet=60.0381 best=59.9157 since_improve=1539
t=692782ms iter=2089 WAIST cost=56.0000 best_alt=52.0000 gap=4.0000 tried=5 sep_labels=52 clique_frac=0.01
t=692948ms iter=2089 REBUILD reject new_tc=60.2857 (was 59.9157)
t=693104ms iter=2089 incumb=59.9157 ratchet=60.0423 best=59.9157 since_improve=1540
t=693113ms iter=2090 WAIST cost=56.0000 best_alt=52.0000 gap=4.0000 tried=5 sep_labels=52 clique_frac=0.01
t=693285ms iter=2090 REBUILD reject new_tc=61.3376 (was 59.9157)
t=693438ms iter=2090 incumb=59.9157 ratchet=60.1562 best=59.9157 since_improve=1541
t=693444ms iter=2091 WAIST cost=56.0000 best_alt=52.0000 gap=4.0000 tried=5 sep_labels=52 clique_frac=0.01
t=693607ms iter=2091 REBUILD reject new_tc=70.0024 (was 59.9157)
t=693762ms iter=2091 incumb=59.9157 ratchet=60.0634 best=59.9157 since_improve=1542
t=693769ms iter=2092 WAIST cost=56.0000 best_alt=52.0000 gap=4.0000 tried=5 sep_labels=52 clique_frac=0.01
t=693937ms iter=2092 REBUILD reject new_tc=60.7876 (was 59.9157)
t=694092ms iter=2092 incumb=59.9157 ratchet=59.9955 best=59.9157 since_improve=1543
t=694100ms iter=2093 WAIST cost=56.0000 best_alt=52.0000 gap=4.0000 tried=5 sep_labels=52 clique_frac=0.01
t=694267ms iter=2093 REBUILD reject new_tc=61.3518 (was 59.9157)
t=694414ms iter=2093 incumb=59.9157 ratchet=60.0052 best=59.9157 since_improve=1544
t=694422ms iter=2094 WAIST cost=56.0000 best_alt=52.0000 gap=4.0000 tried=5 sep_labels=52 clique_frac=0.01
t=694589ms iter=2094 REBUILD reject new_tc=61.6306 (was 59.9157)
t=694745ms iter=2094 incumb=59.9157 ratchet=60.0286 best=59.9157 since_improve=1545
t=694757ms iter=2095 WAIST cost=56.0000 best_alt=50.0000 gap=6.0000 tried=5 sep_labels=50 clique_frac=0.01
t=694907ms iter=2095 REBUILD reject new_tc=73.9109 (was 59.9157)
t=695058ms iter=2095 incumb=59.9157 ratchet=60.1013 best=59.9157 since_improve=1546
t=695066ms iter=2096 WAIST cost=56.0000 best_alt=52.0000 gap=4.0000 tried=5 sep_labels=52 clique_frac=0.01
t=695238ms iter=2096 REBUILD reject new_tc=60.7332 (was 59.9157)
t=695393ms iter=2096 incumb=59.9157 ratchet=60.3620 best=59.9157 since_improve=1547
t=695404ms iter=2097 WAIST cost=56.0000 best_alt=51.0000 gap=5.0000 tried=5 sep_labels=51 clique_frac=0.01
t=695556ms iter=2097 REBUILD reject new_tc=61.2013 (was 59.9157)
t=695706ms iter=2097 incumb=59.9157 ratchet=59.9935 best=59.9157 since_improve=1548
t=695714ms iter=2098 WAIST cost=56.0000 best_alt=49.0000 gap=7.0000 tried=5 sep_labels=49 clique_frac=0.01
t=695870ms iter=2098 REBUILD reject new_tc=62.1971 (was 59.9157)
t=696027ms iter=2098 incumb=59.9157 ratchet=60.0091 best=59.9157 since_improve=1549
t=696035ms iter=2099 WAIST cost=56.0000 best_alt=52.0000 gap=4.0000 tried=5 sep_labels=52 clique_frac=0.01
t=696207ms iter=2099 REBUILD reject new_tc=61.1628 (was 59.9157)
t=696364ms iter=2099 incumb=59.9157 ratchet=59.9812 best=59.9157 since_improve=1550
t=696373ms iter=2100 WAIST cost=56.0000 best_alt=52.0000 gap=4.0000 tried=5 sep_labels=52 clique_frac=0.01
t=696538ms iter=2100 REBUILD reject new_tc=67.2742 (was 59.9157)
t=696687ms iter=2100 incumb=59.9157 ratchet=60.0531 best=59.9157 since_improve=1551
t=696693ms iter=2101 WAIST cost=56.0000 best_alt=52.0000 gap=4.0000 tried=5 sep_labels=52 clique_frac=0.01
t=696860ms iter=2101 REBUILD reject new_tc=60.2541 (was 59.9157)
t=697014ms iter=2101 incumb=59.9157 ratchet=60.0012 best=59.9157 since_improve=1552
t=697024ms iter=2102 WAIST cost=56.0000 best_alt=51.0000 gap=5.0000 tried=5 sep_labels=51 clique_frac=0.01
t=697174ms iter=2102 REBUILD reject new_tc=63.5196 (was 59.9157)
t=697333ms iter=2102 incumb=59.9157 ratchet=60.0425 best=59.9157 since_improve=1553
t=697340ms iter=2103 WAIST cost=56.0000 best_alt=52.0000 gap=4.0000 tried=5 sep_labels=52 clique_frac=0.01
t=697514ms iter=2103 REBUILD reject new_tc=61.3587 (was 59.9157)
t=697671ms iter=2103 incumb=59.9157 ratchet=60.3165 best=59.9157 since_improve=1554
t=697678ms iter=2104 WAIST cost=56.0000 best_alt=52.0000 gap=4.0000 tried=5 sep_labels=52 clique_frac=0.01
t=697851ms iter=2104 REBUILD reject new_tc=65.8135 (was 59.9157)
t=698008ms iter=2104 incumb=59.9157 ratchet=60.0108 best=59.9157 since_improve=1555
t=698015ms iter=2105 WAIST cost=56.0000 best_alt=51.0000 gap=5.0000 tried=5 sep_labels=51 clique_frac=0.01
t=698189ms iter=2105 REBUILD reject new_tc=61.6945 (was 59.9157)
t=698341ms iter=2105 incumb=59.9157 ratchet=59.9800 best=59.9157 since_improve=1556
t=698348ms iter=2106 WAIST cost=56.0000 best_alt=52.0000 gap=4.0000 tried=5 sep_labels=52 clique_frac=0.01
t=698519ms iter=2106 REBUILD reject new_tc=60.9270 (was 59.9157)
t=698677ms iter=2106 incumb=59.9157 ratchet=60.0088 best=59.9157 since_improve=1557
t=698686ms iter=2107 WAIST cost=56.0000 best_alt=52.0000 gap=4.0000 tried=5 sep_labels=52 clique_frac=0.01
t=698853ms iter=2107 REBUILD reject new_tc=61.2971 (was 59.9157)
t=699010ms iter=2107 incumb=59.9157 ratchet=60.0997 best=59.9157 since_improve=1558
t=699018ms iter=2108 WAIST cost=56.0000 best_alt=50.0000 gap=6.0000 tried=5 sep_labels=50 clique_frac=0.01
t=699173ms iter=2108 REBUILD reject new_tc=61.5085 (was 59.9157)
t=699328ms iter=2108 incumb=59.9157 ratchet=59.9951 best=59.9157 since_improve=1559
t=699335ms iter=2109 WAIST cost=56.0000 best_alt=50.0000 gap=6.0000 tried=5 sep_labels=50 clique_frac=0.01
t=699489ms iter=2109 REBUILD reject new_tc=60.8864 (was 59.9157)
t=699640ms iter=2109 incumb=59.9157 ratchet=60.0363 best=59.9157 since_improve=1560
t=699647ms iter=2110 WAIST cost=56.0000 best_alt=52.0000 gap=4.0000 tried=5 sep_labels=52 clique_frac=0.01
t=699811ms iter=2110 REBUILD reject new_tc=63.9374 (was 59.9157)
t=699968ms iter=2110 incumb=59.9157 ratchet=59.9622 best=59.9157 since_improve=1561
t=699977ms iter=2111 WAIST cost=56.0000 best_alt=51.0000 gap=5.0000 tried=5 sep_labels=51 clique_frac=0.01
t=700131ms iter=2111 REBUILD reject new_tc=61.4229 (was 59.9157)
t=700288ms iter=2111 incumb=59.9157 ratchet=60.0062 best=59.9157 since_improve=1562
t=700298ms iter=2112 WAIST cost=56.0000 best_alt=51.0000 gap=5.0000 tried=5 sep_labels=51 clique_frac=0.01
t=700442ms iter=2112 REBUILD reject new_tc=76.0032 (was 59.9157)
t=700601ms iter=2112 incumb=59.9157 ratchet=60.0032 best=59.9157 since_improve=1563
t=700610ms iter=2113 WAIST cost=56.0000 best_alt=49.0000 gap=7.0000 tried=5 sep_labels=49 clique_frac=0.01
t=700757ms iter=2113 REBUILD reject new_tc=61.5119 (was 59.9157)
t=700944ms iter=2113 incumb=59.9157 ratchet=60.0630 best=59.9157 since_improve=1564
t=700951ms iter=2114 WAIST cost=56.0000 best_alt=52.0000 gap=4.0000 tried=5 sep_labels=52 clique_frac=0.01
t=701121ms iter=2114 REBUILD reject new_tc=60.7679 (was 59.9157)
t=701285ms iter=2114 incumb=59.9157 ratchet=60.0434 best=59.9157 since_improve=1565
t=701295ms iter=2115 WAIST cost=56.0000 best_alt=52.0000 gap=4.0000 tried=5 sep_labels=52 clique_frac=0.01
t=701514ms iter=2115 REBUILD reject new_tc=60.7586 (was 59.9157)
t=701671ms iter=2115 incumb=59.9157 ratchet=59.9954 best=59.9157 since_improve=1566
t=701681ms iter=2116 WAIST cost=56.0000 best_alt=52.0000 gap=4.0000 tried=5 sep_labels=52 clique_frac=0.01
t=701848ms iter=2116 REBUILD reject new_tc=67.2815 (was 59.9157)
t=702001ms iter=2116 incumb=59.9157 ratchet=60.1048 best=59.9157 since_improve=1567
t=702009ms iter=2117 WAIST cost=56.0000 best_alt=49.0000 gap=7.0000 tried=5 sep_labels=49 clique_frac=0.01
t=702156ms iter=2117 REBUILD reject new_tc=71.0014 (was 59.9157)
t=702312ms iter=2117 incumb=59.9157 ratchet=60.0703 best=59.9157 since_improve=1568
t=702321ms iter=2118 WAIST cost=56.0000 best_alt=50.0000 gap=6.0000 tried=5 sep_labels=50 clique_frac=0.01
t=702474ms iter=2118 REBUILD reject new_tc=61.4056 (was 59.9157)
t=702630ms iter=2118 incumb=59.9157 ratchet=59.9947 best=59.9157 since_improve=1569
t=702640ms iter=2119 WAIST cost=56.0000 best_alt=51.0000 gap=5.0000 tried=5 sep_labels=51 clique_frac=0.01
t=702796ms iter=2119 REBUILD reject new_tc=61.5407 (was 59.9157)
t=702950ms iter=2119 incumb=59.9157 ratchet=60.0217 best=59.9157 since_improve=1570
t=702960ms iter=2120 WAIST cost=56.0000 best_alt=51.0000 gap=5.0000 tried=5 sep_labels=51 clique_frac=0.01
t=703119ms iter=2120 REBUILD reject new_tc=61.5158 (was 59.9157)
t=703270ms iter=2120 incumb=59.9157 ratchet=60.0483 best=59.9157 since_improve=1571
t=703278ms iter=2121 WAIST cost=56.0000 best_alt=52.0000 gap=4.0000 tried=5 sep_labels=52 clique_frac=0.01
t=703445ms iter=2121 REBUILD reject new_tc=61.8239 (was 59.9157)
t=703598ms iter=2121 incumb=59.9157 ratchet=59.9656 best=59.9157 since_improve=1572
t=703606ms iter=2122 WAIST cost=56.0000 best_alt=52.0000 gap=4.0000 tried=5 sep_labels=52 clique_frac=0.01
t=703778ms iter=2122 REBUILD reject new_tc=61.0965 (was 59.9157)
t=703939ms iter=2122 incumb=59.9157 ratchet=59.9863 best=59.9157 since_improve=1573
t=703947ms iter=2123 WAIST cost=56.0000 best_alt=51.0000 gap=5.0000 tried=5 sep_labels=51 clique_frac=0.01
t=704099ms iter=2123 REBUILD reject new_tc=61.7332 (was 59.9157)
t=704248ms iter=2123 incumb=59.9157 ratchet=60.5373 best=59.9157 since_improve=1574
t=704256ms iter=2124 WAIST cost=56.0000 best_alt=50.0000 gap=6.0000 tried=5 sep_labels=50 clique_frac=0.01
t=704407ms iter=2124 REBUILD reject new_tc=61.1252 (was 59.9157)
t=704556ms iter=2124 incumb=59.9157 ratchet=59.9665 best=59.9157 since_improve=1575
t=704566ms iter=2125 WAIST cost=56.0000 best_alt=51.0000 gap=5.0000 tried=5 sep_labels=51 clique_frac=0.01
t=704707ms iter=2125 REBUILD reject new_tc=81.0002 (was 59.9157)
t=704858ms iter=2125 incumb=59.9157 ratchet=59.9307 best=59.9157 since_improve=1576
t=704866ms iter=2126 WAIST cost=56.0000 best_alt=52.0000 gap=4.0000 tried=5 sep_labels=52 clique_frac=0.01
t=705039ms iter=2126 REBUILD reject new_tc=60.8090 (was 59.9157)
t=705195ms iter=2126 incumb=59.9157 ratchet=59.9771 best=59.9157 since_improve=1577
t=705204ms iter=2127 WAIST cost=56.0000 best_alt=49.0000 gap=7.0000 tried=5 sep_labels=49 clique_frac=0.01
t=705358ms iter=2127 REBUILD reject new_tc=61.5582 (was 59.9157)
t=705510ms iter=2127 incumb=59.9157 ratchet=59.9855 best=59.9157 since_improve=1578
t=705520ms iter=2128 WAIST cost=56.0000 best_alt=49.0000 gap=7.0000 tried=5 sep_labels=49 clique_frac=0.01
t=705671ms iter=2128 REBUILD reject new_tc=61.4109 (was 59.9157)
t=705823ms iter=2128 incumb=59.9157 ratchet=60.0341 best=59.9157 since_improve=1579
t=705833ms iter=2129 WAIST cost=56.0000 best_alt=51.0000 gap=5.0000 tried=5 sep_labels=51 clique_frac=0.01
t=705979ms iter=2129 REBUILD reject new_tc=75.0068 (was 59.9157)
t=706128ms iter=2129 incumb=59.9157 ratchet=60.0227 best=59.9157 since_improve=1580
t=706136ms iter=2130 WAIST cost=56.0000 best_alt=51.0000 gap=5.0000 tried=5 sep_labels=51 clique_frac=0.01
t=706290ms iter=2130 REBUILD reject new_tc=61.0935 (was 59.9157)
t=706447ms iter=2130 incumb=59.9157 ratchet=59.9740 best=59.9157 since_improve=1581
t=706456ms iter=2131 WAIST cost=56.0000 best_alt=51.0000 gap=5.0000 tried=5 sep_labels=51 clique_frac=0.01
t=706608ms iter=2131 REBUILD reject new_tc=61.8110 (was 59.9157)
t=706764ms iter=2131 incumb=59.9157 ratchet=59.9768 best=59.9157 since_improve=1582
t=706772ms iter=2132 WAIST cost=56.0000 best_alt=52.0000 gap=4.0000 tried=5 sep_labels=52 clique_frac=0.01
t=706943ms iter=2132 REBUILD reject new_tc=60.9428 (was 59.9157)
t=707097ms iter=2132 incumb=59.9157 ratchet=60.0514 best=59.9157 since_improve=1583
t=707106ms iter=2133 WAIST cost=56.0000 best_alt=51.0000 gap=5.0000 tried=5 sep_labels=51 clique_frac=0.01
t=707253ms iter=2133 REBUILD reject new_tc=61.5255 (was 59.9157)
t=707405ms iter=2133 incumb=59.9157 ratchet=60.2210 best=59.9157 since_improve=1584
t=707415ms iter=2134 WAIST cost=56.0000 best_alt=49.0000 gap=7.0000 tried=5 sep_labels=49 clique_frac=0.01
t=707566ms iter=2134 REBUILD reject new_tc=61.1165 (was 59.9157)
t=707728ms iter=2134 incumb=59.9157 ratchet=60.0581 best=59.9157 since_improve=1585
t=707736ms iter=2135 WAIST cost=56.0000 best_alt=51.0000 gap=5.0000 tried=5 sep_labels=51 clique_frac=0.01
t=707886ms iter=2135 REBUILD reject new_tc=61.1261 (was 59.9157)
t=708040ms iter=2135 incumb=59.9157 ratchet=60.0006 best=59.9157 since_improve=1586
t=708047ms iter=2136 WAIST cost=56.0000 best_alt=52.0000 gap=4.0000 tried=5 sep_labels=52 clique_frac=0.01
t=708211ms iter=2136 REBUILD reject new_tc=62.1133 (was 59.9157)
t=708365ms iter=2136 incumb=59.9157 ratchet=60.0550 best=59.9157 since_improve=1587
t=708375ms iter=2137 WAIST cost=56.0000 best_alt=51.0000 gap=5.0000 tried=5 sep_labels=51 clique_frac=0.01
t=708530ms iter=2137 REBUILD reject new_tc=68.2315 (was 59.9157)
t=708690ms iter=2137 incumb=59.9157 ratchet=60.0074 best=59.9157 since_improve=1588
t=708699ms iter=2138 WAIST cost=56.0000 best_alt=51.0000 gap=5.0000 tried=5 sep_labels=51 clique_frac=0.01
t=708852ms iter=2138 REBUILD reject new_tc=63.0673 (was 59.9157)
t=709007ms iter=2138 incumb=59.9157 ratchet=59.9932 best=59.9157 since_improve=1589
t=709014ms iter=2139 WAIST cost=56.0000 best_alt=51.0000 gap=5.0000 tried=5 sep_labels=51 clique_frac=0.01
t=709164ms iter=2139 REBUILD reject new_tc=61.2664 (was 59.9157)
t=709321ms iter=2139 incumb=59.9157 ratchet=59.9922 best=59.9157 since_improve=1590
t=709328ms iter=2140 WAIST cost=56.0000 best_alt=52.0000 gap=4.0000 tried=5 sep_labels=52 clique_frac=0.01
t=709499ms iter=2140 REBUILD reject new_tc=60.3499 (was 59.9157)
t=709659ms iter=2140 incumb=59.9157 ratchet=60.0116 best=59.9157 since_improve=1591
t=709667ms iter=2141 WAIST cost=56.0000 best_alt=51.0000 gap=5.0000 tried=5 sep_labels=51 clique_frac=0.01
t=709818ms iter=2141 REBUILD reject new_tc=61.4479 (was 59.9157)
t=710170ms iter=2141 incumb=59.9157 ratchet=59.9153 best=59.9153 since_improve=0
t=710181ms iter=2142 WAIST cost=56.0000 best_alt=52.0000 gap=4.0000 tried=5 sep_labels=52 clique_frac=0.01
t=710347ms iter=2142 REBUILD reject new_tc=61.4822 (was 59.9153)
t=710502ms iter=2142 incumb=59.9153 ratchet=59.9825 best=59.9153 since_improve=1
t=710509ms iter=2143 WAIST cost=56.0000 best_alt=52.0000 gap=4.0000 tried=5 sep_labels=52 clique_frac=0.01
t=710677ms iter=2143 REBUILD reject new_tc=60.7442 (was 59.9153)
t=710828ms iter=2143 incumb=59.9153 ratchet=60.0323 best=59.9153 since_improve=2
t=710836ms iter=2144 WAIST cost=56.0000 best_alt=52.0000 gap=4.0000 tried=5 sep_labels=52 clique_frac=0.01
t=711003ms iter=2144 REBUILD reject new_tc=65.6341 (was 59.9153)
t=711159ms iter=2144 incumb=59.9153 ratchet=59.9719 best=59.9153 since_improve=3
t=711166ms iter=2145 WAIST cost=56.0000 best_alt=52.0000 gap=4.0000 tried=5 sep_labels=52 clique_frac=0.01
t=711338ms iter=2145 REBUILD reject new_tc=61.7375 (was 59.9153)
t=711496ms iter=2145 incumb=59.9153 ratchet=60.2081 best=59.9153 since_improve=4
t=711504ms iter=2146 WAIST cost=56.0000 best_alt=51.0000 gap=5.0000 tried=5 sep_labels=51 clique_frac=0.01
t=711659ms iter=2146 REBUILD reject new_tc=61.6867 (was 59.9153)
t=711815ms iter=2146 incumb=59.9153 ratchet=60.3076 best=59.9153 since_improve=5
t=711824ms iter=2147 WAIST cost=56.0000 best_alt=52.0000 gap=4.0000 tried=5 sep_labels=52 clique_frac=0.01
t=711996ms iter=2147 REBUILD reject new_tc=64.5865 (was 59.9153)
t=712160ms iter=2147 incumb=59.9153 ratchet=59.9467 best=59.9153 since_improve=6
t=712168ms iter=2148 WAIST cost=56.0000 best_alt=51.0000 gap=5.0000 tried=5 sep_labels=51 clique_frac=0.01
t=712338ms iter=2148 REBUILD reject new_tc=61.6798 (was 59.9153)
t=712491ms iter=2148 incumb=59.9153 ratchet=60.2522 best=59.9153 since_improve=7
t=712499ms iter=2149 WAIST cost=56.0000 best_alt=52.0000 gap=4.0000 tried=5 sep_labels=52 clique_frac=0.01
t=712662ms iter=2149 REBUILD reject new_tc=61.2166 (was 59.9153)
t=712819ms iter=2149 incumb=59.9153 ratchet=59.9729 best=59.9153 since_improve=8
t=712827ms iter=2150 WAIST cost=56.0000 best_alt=52.0000 gap=4.0000 tried=5 sep_labels=52 clique_frac=0.01
t=713001ms iter=2150 REBUILD reject new_tc=61.7056 (was 59.9153)
t=713154ms iter=2150 incumb=59.9153 ratchet=60.0272 best=59.9153 since_improve=9
t=713161ms iter=2151 WAIST cost=56.0000 best_alt=51.0000 gap=5.0000 tried=5 sep_labels=51 clique_frac=0.01
t=713314ms iter=2151 REBUILD reject new_tc=62.3589 (was 59.9153)
t=713475ms iter=2151 incumb=59.9153 ratchet=59.9513 best=59.9153 since_improve=10
t=713483ms iter=2152 WAIST cost=56.0000 best_alt=52.0000 gap=4.0000 tried=5 sep_labels=52 clique_frac=0.01
t=713654ms iter=2152 REBUILD reject new_tc=60.7988 (was 59.9153)
t=713811ms iter=2152 incumb=59.9153 ratchet=59.9416 best=59.9153 since_improve=11
t=713818ms iter=2153 WAIST cost=56.0000 best_alt=52.0000 gap=4.0000 tried=5 sep_labels=52 clique_frac=0.01
t=713991ms iter=2153 REBUILD reject new_tc=61.0990 (was 59.9153)
t=714147ms iter=2153 incumb=59.9153 ratchet=60.0865 best=59.9153 since_improve=12
t=714154ms iter=2154 WAIST cost=56.0000 best_alt=52.0000 gap=4.0000 tried=5 sep_labels=52 clique_frac=0.01
t=714324ms iter=2154 REBUILD reject new_tc=67.3158 (was 59.9153)
t=714476ms iter=2154 incumb=59.9153 ratchet=59.9437 best=59.9153 since_improve=13
t=714485ms iter=2155 WAIST cost=56.0000 best_alt=51.0000 gap=5.0000 tried=5 sep_labels=51 clique_frac=0.01
t=714632ms iter=2155 REBUILD reject new_tc=61.5390 (was 59.9153)
t=714790ms iter=2155 incumb=59.9153 ratchet=59.9899 best=59.9153 since_improve=14
t=714799ms iter=2156 WAIST cost=56.0000 best_alt=49.0000 gap=7.0000 tried=5 sep_labels=49 clique_frac=0.01
t=714934ms iter=2156 REBUILD reject new_tc=82.0000 (was 59.9153)
t=715085ms iter=2156 incumb=59.9153 ratchet=59.9431 best=59.9153 since_improve=15
t=715092ms iter=2157 WAIST cost=56.0000 best_alt=49.0000 gap=7.0000 tried=5 sep_labels=49 clique_frac=0.01
t=715253ms iter=2157 REBUILD reject new_tc=61.4737 (was 59.9153)
t=715409ms iter=2157 incumb=59.9153 ratchet=59.9766 best=59.9153 since_improve=16
t=715416ms iter=2158 WAIST cost=56.0000 best_alt=49.0000 gap=7.0000 tried=5 sep_labels=49 clique_frac=0.01
t=715567ms iter=2158 REBUILD reject new_tc=61.6008 (was 59.9153)
t=715725ms iter=2158 incumb=59.9153 ratchet=59.9768 best=59.9153 since_improve=17
t=715733ms iter=2159 WAIST cost=56.0000 best_alt=52.0000 gap=4.0000 tried=5 sep_labels=52 clique_frac=0.01
t=715899ms iter=2159 REBUILD reject new_tc=61.2751 (was 59.9153)
t=716056ms iter=2159 incumb=59.9153 ratchet=60.0892 best=59.9153 since_improve=18
t=716063ms iter=2160 WAIST cost=56.0000 best_alt=52.0000 gap=4.0000 tried=5 sep_labels=52 clique_frac=0.01
t=716219ms iter=2160 REBUILD reject new_tc=65.8293 (was 59.9153)
t=716374ms iter=2160 incumb=59.9153 ratchet=59.9673 best=59.9153 since_improve=19
t=716384ms iter=2161 WAIST cost=56.0000 best_alt=52.0000 gap=4.0000 tried=5 sep_labels=52 clique_frac=0.01
t=716553ms iter=2161 REBUILD reject new_tc=60.8107 (was 59.9153)
t=716709ms iter=2161 incumb=59.9153 ratchet=60.1124 best=59.9153 since_improve=20
t=716717ms iter=2162 WAIST cost=56.0000 best_alt=51.0000 gap=5.0000 tried=5 sep_labels=51 clique_frac=0.02
t=716867ms iter=2162 REBUILD reject new_tc=61.4935 (was 59.9153)
t=717024ms iter=2162 incumb=59.9153 ratchet=59.9689 best=59.9153 since_improve=21
t=717033ms iter=2163 WAIST cost=56.0000 best_alt=51.0000 gap=5.0000 tried=5 sep_labels=51 clique_frac=0.01
t=717182ms iter=2163 REBUILD reject new_tc=62.4675 (was 59.9153)
t=717338ms iter=2163 incumb=59.9153 ratchet=60.0102 best=59.9153 since_improve=22
t=717346ms iter=2164 WAIST cost=56.0000 best_alt=49.0000 gap=7.0000 tried=5 sep_labels=49 clique_frac=0.01
t=717497ms iter=2164 REBUILD reject new_tc=60.9436 (was 59.9153)
t=717656ms iter=2164 incumb=59.9153 ratchet=60.0358 best=59.9153 since_improve=23
t=717664ms iter=2165 WAIST cost=56.0000 best_alt=52.0000 gap=4.0000 tried=5 sep_labels=52 clique_frac=0.01
t=717824ms iter=2165 REBUILD reject new_tc=63.5694 (was 59.9153)
t=717983ms iter=2165 incumb=59.9153 ratchet=59.9714 best=59.9153 since_improve=24
t=717991ms iter=2166 WAIST cost=56.0000 best_alt=51.0000 gap=5.0000 tried=5 sep_labels=51 clique_frac=0.01
t=718143ms iter=2166 REBUILD reject new_tc=61.7287 (was 59.9153)
t=718296ms iter=2166 incumb=59.9153 ratchet=60.0212 best=59.9153 since_improve=25
t=718305ms iter=2167 WAIST cost=56.0000 best_alt=52.0000 gap=4.0000 tried=5 sep_labels=52 clique_frac=0.01
t=718474ms iter=2167 REBUILD reject new_tc=61.4431 (was 59.9153)
t=718633ms iter=2167 incumb=59.9153 ratchet=59.9846 best=59.9153 since_improve=26
t=718642ms iter=2168 WAIST cost=56.0000 best_alt=52.0000 gap=4.0000 tried=5 sep_labels=52 clique_frac=0.01
t=718812ms iter=2168 REBUILD reject new_tc=65.1010 (was 59.9153)
t=718971ms iter=2168 incumb=59.9153 ratchet=60.0592 best=59.9153 since_improve=27
t=718978ms iter=2169 WAIST cost=56.0000 best_alt=52.0000 gap=4.0000 tried=5 sep_labels=52 clique_frac=0.01
t=719156ms iter=2169 REBUILD reject new_tc=60.8224 (was 59.9153)
t=719313ms iter=2169 incumb=59.9153 ratchet=59.9535 best=59.9153 since_improve=28
t=719323ms iter=2170 WAIST cost=56.0000 best_alt=52.0000 gap=4.0000 tried=5 sep_labels=52 clique_frac=0.01
t=719490ms iter=2170 REBUILD reject new_tc=64.0960 (was 59.9153)
t=719648ms iter=2170 incumb=59.9153 ratchet=60.0454 best=59.9153 since_improve=29
t=719660ms iter=2171 WAIST cost=56.0000 best_alt=51.0000 gap=5.0000 tried=5 sep_labels=51 clique_frac=0.01
t=719810ms iter=2171 REBUILD reject new_tc=64.3213 (was 59.9153)
t=719967ms iter=2171 incumb=59.9153 ratchet=59.9628 best=59.9153 since_improve=30
t=719975ms iter=2172 WAIST cost=56.0000 best_alt=52.0000 gap=4.0000 tried=5 sep_labels=52 clique_frac=0.01
t=720144ms iter=2172 REBUILD reject new_tc=61.3707 (was 59.9153)
t=720294ms iter=2172 incumb=59.9153 ratchet=60.0201 best=59.9153 since_improve=31
t=720305ms iter=2173 WAIST cost=56.0000 best_alt=52.0000 gap=4.0000 tried=5 sep_labels=52 clique_frac=0.01
t=720472ms iter=2173 REBUILD reject new_tc=60.7365 (was 59.9153)
t=720628ms iter=2173 incumb=59.9153 ratchet=60.0546 best=59.9153 since_improve=32
t=720639ms iter=2174 WAIST cost=56.0000 best_alt=51.0000 gap=5.0000 tried=5 sep_labels=51 clique_frac=0.01
t=720796ms iter=2174 REBUILD reject new_tc=61.6246 (was 59.9153)
t=720951ms iter=2174 incumb=59.9153 ratchet=59.9586 best=59.9153 since_improve=33
t=720958ms iter=2175 WAIST cost=56.0000 best_alt=52.0000 gap=4.0000 tried=5 sep_labels=52 clique_frac=0.01
t=721131ms iter=2175 REBUILD reject new_tc=60.6001 (was 59.9153)
t=721284ms iter=2175 incumb=59.9153 ratchet=60.0148 best=59.9153 since_improve=34
t=721293ms iter=2176 WAIST cost=56.0000 best_alt=52.0000 gap=4.0000 tried=5 sep_labels=52 clique_frac=0.01
t=721454ms iter=2176 REBUILD reject new_tc=67.2361 (was 59.9153)
t=721603ms iter=2176 incumb=59.9153 ratchet=60.0255 best=59.9153 since_improve=35
t=721609ms iter=2177 WAIST cost=56.0000 best_alt=51.0000 gap=5.0000 tried=5 sep_labels=51 clique_frac=0.01
t=721750ms iter=2177 REBUILD reject new_tc=64.2555 (was 59.9153)
t=721907ms iter=2177 incumb=59.9153 ratchet=59.9656 best=59.9153 since_improve=36
t=721918ms iter=2178 WAIST cost=56.0000 best_alt=49.0000 gap=7.0000 tried=5 sep_labels=49 clique_frac=0.01
t=722072ms iter=2178 REBUILD reject new_tc=61.3400 (was 59.9153)
t=722233ms iter=2178 incumb=59.9153 ratchet=60.0090 best=59.9153 since_improve=37
t=722242ms iter=2179 WAIST cost=56.0000 best_alt=51.0000 gap=5.0000 tried=5 sep_labels=51 clique_frac=0.01
t=722392ms iter=2179 REBUILD reject new_tc=69.3234 (was 59.9153)
t=722552ms iter=2179 incumb=59.9153 ratchet=60.1112 best=59.9153 since_improve=38
t=722559ms iter=2180 WAIST cost=56.0000 best_alt=52.0000 gap=4.0000 tried=5 sep_labels=52 clique_frac=0.01
t=722727ms iter=2180 REBUILD reject new_tc=63.9451 (was 59.9153)
t=722876ms iter=2180 incumb=59.9153 ratchet=60.0636 best=59.9153 since_improve=39
t=722884ms iter=2181 WAIST cost=56.0000 best_alt=52.0000 gap=4.0000 tried=5 sep_labels=52 clique_frac=0.01
t=723053ms iter=2181 REBUILD reject new_tc=61.2485 (was 59.9153)
t=723210ms iter=2181 incumb=59.9153 ratchet=59.9389 best=59.9153 since_improve=40
t=723219ms iter=2182 WAIST cost=56.0000 best_alt=50.0000 gap=6.0000 tried=5 sep_labels=50 clique_frac=0.01
t=723376ms iter=2182 REBUILD reject new_tc=61.3896 (was 59.9153)
t=723538ms iter=2182 incumb=59.9153 ratchet=60.0284 best=59.9153 since_improve=41
t=723547ms iter=2183 WAIST cost=56.0000 best_alt=51.0000 gap=5.0000 tried=5 sep_labels=51 clique_frac=0.01
t=723696ms iter=2183 REBUILD reject new_tc=61.5327 (was 59.9153)
t=723849ms iter=2183 incumb=59.9153 ratchet=60.0406 best=59.9153 since_improve=42
t=723858ms iter=2184 WAIST cost=56.0000 best_alt=51.0000 gap=5.0000 tried=5 sep_labels=51 clique_frac=0.01
t=723999ms iter=2184 REBUILD reject new_tc=78.0000 (was 59.9153)
t=724156ms iter=2184 incumb=59.9153 ratchet=60.0087 best=59.9153 since_improve=43
t=724164ms iter=2185 WAIST cost=56.0000 best_alt=52.0000 gap=4.0000 tried=5 sep_labels=52 clique_frac=0.01
t=724327ms iter=2185 REBUILD reject new_tc=70.0017 (was 59.9153)
t=724488ms iter=2185 incumb=59.9153 ratchet=60.0016 best=59.9153 since_improve=44
t=724498ms iter=2186 WAIST cost=56.0000 best_alt=51.0000 gap=5.0000 tried=5 sep_labels=51 clique_frac=0.01
t=724653ms iter=2186 REBUILD reject new_tc=61.8356 (was 59.9153)
t=724806ms iter=2186 incumb=59.9153 ratchet=59.9526 best=59.9153 since_improve=45
t=724814ms iter=2187 WAIST cost=56.0000 best_alt=52.0000 gap=4.0000 tried=5 sep_labels=52 clique_frac=0.01
t=724981ms iter=2187 REBUILD reject new_tc=61.4130 (was 59.9153)
t=725138ms iter=2187 incumb=59.9153 ratchet=59.9548 best=59.9153 since_improve=46
t=725145ms iter=2188 WAIST cost=56.0000 best_alt=51.0000 gap=5.0000 tried=5 sep_labels=51 clique_frac=0.01
t=725294ms iter=2188 REBUILD reject new_tc=65.1000 (was 59.9153)
t=725448ms iter=2188 incumb=59.9153 ratchet=60.0666 best=59.9153 since_improve=47
t=725455ms iter=2189 WAIST cost=56.0000 best_alt=52.0000 gap=4.0000 tried=5 sep_labels=52 clique_frac=0.01
t=725627ms iter=2189 REBUILD reject new_tc=60.9697 (was 59.9153)
t=725780ms iter=2189 incumb=59.9153 ratchet=60.0269 best=59.9153 since_improve=48
t=725788ms iter=2190 WAIST cost=56.0000 best_alt=49.0000 gap=7.0000 tried=5 sep_labels=49 clique_frac=0.01
t=725939ms iter=2190 REBUILD reject new_tc=61.2243 (was 59.9153)
t=726089ms iter=2190 incumb=59.9153 ratchet=59.9835 best=59.9153 since_improve=49
t=726098ms iter=2191 WAIST cost=56.0000 best_alt=49.0000 gap=7.0000 tried=5 sep_labels=49 clique_frac=0.01
t=726263ms iter=2191 REBUILD reject new_tc=61.4014 (was 59.9153)
t=726418ms iter=2191 incumb=59.9153 ratchet=60.0229 best=59.9153 since_improve=50
t=726426ms iter=2192 WAIST cost=56.0000 best_alt=52.0000 gap=4.0000 tried=5 sep_labels=52 clique_frac=0.01
t=726598ms iter=2192 REBUILD reject new_tc=60.7997 (was 59.9153)
t=726756ms iter=2192 incumb=59.9153 ratchet=60.0127 best=59.9153 since_improve=51
t=726765ms iter=2193 WAIST cost=56.0000 best_alt=52.0000 gap=4.0000 tried=5 sep_labels=52 clique_frac=0.01
t=726939ms iter=2193 REBUILD reject new_tc=60.8065 (was 59.9153)
t=727096ms iter=2193 incumb=59.9153 ratchet=60.0809 best=59.9153 since_improve=52
t=727105ms iter=2194 WAIST cost=56.0000 best_alt=50.0000 gap=6.0000 tried=5 sep_labels=50 clique_frac=0.01
t=727260ms iter=2194 REBUILD reject new_tc=61.3201 (was 59.9153)
t=727419ms iter=2194 incumb=59.9153 ratchet=60.0014 best=59.9153 since_improve=53
t=727429ms iter=2195 WAIST cost=56.0000 best_alt=52.0000 gap=4.0000 tried=5 sep_labels=52 clique_frac=0.01
t=727591ms iter=2195 REBUILD reject new_tc=63.0461 (was 59.9153)
t=727746ms iter=2195 incumb=59.9153 ratchet=59.9466 best=59.9153 since_improve=54
t=727753ms iter=2196 WAIST cost=56.0000 best_alt=52.0000 gap=4.0000 tried=5 sep_labels=52 clique_frac=0.01
t=727931ms iter=2196 REBUILD reject new_tc=67.3365 (was 59.9153)
t=728085ms iter=2196 incumb=59.9153 ratchet=59.9848 best=59.9153 since_improve=55
t=728094ms iter=2197 WAIST cost=56.0000 best_alt=51.0000 gap=5.0000 tried=5 sep_labels=51 clique_frac=0.01
t=728252ms iter=2197 REBUILD reject new_tc=62.0043 (was 59.9153)
t=728408ms iter=2197 incumb=59.9153 ratchet=60.0236 best=59.9153 since_improve=56
t=728414ms iter=2198 WAIST cost=56.0000 best_alt=52.0000 gap=4.0000 tried=5 sep_labels=52 clique_frac=0.01
t=728587ms iter=2198 REBUILD reject new_tc=61.3883 (was 59.9153)
t=728733ms iter=2198 incumb=59.9153 ratchet=59.9440 best=59.9153 since_improve=57
t=728743ms iter=2199 WAIST cost=56.0000 best_alt=51.0000 gap=5.0000 tried=5 sep_labels=51 clique_frac=0.01
t=728896ms iter=2199 REBUILD reject new_tc=61.1116 (was 59.9153)
t=729055ms iter=2199 incumb=59.9153 ratchet=60.0458 best=59.9153 since_improve=58
t=729063ms iter=2200 WAIST cost=56.0000 best_alt=51.0000 gap=5.0000 tried=5 sep_labels=51 clique_frac=0.01
t=729213ms iter=2200 REBUILD reject new_tc=61.5508 (was 59.9153)
t=729368ms iter=2200 incumb=59.9153 ratchet=60.0037 best=59.9153 since_improve=59
t=729375ms iter=2201 WAIST cost=56.0000 best_alt=51.0000 gap=5.0000 tried=5 sep_labels=51 clique_frac=0.01
t=729524ms iter=2201 REBUILD reject new_tc=61.4667 (was 59.9153)
t=729683ms iter=2201 incumb=59.9153 ratchet=60.0488 best=59.9153 since_improve=60
t=729692ms iter=2202 WAIST cost=56.0000 best_alt=52.0000 gap=4.0000 tried=5 sep_labels=52 clique_frac=0.01
t=729853ms iter=2202 REBUILD reject new_tc=65.0555 (was 59.9153)
t=730006ms iter=2202 incumb=59.9153 ratchet=59.9382 best=59.9153 since_improve=61
t=730015ms iter=2203 WAIST cost=56.0000 best_alt=52.0000 gap=4.0000 tried=5 sep_labels=52 clique_frac=0.01
t=730183ms iter=2203 REBUILD reject new_tc=60.8836 (was 59.9153)
t=730336ms iter=2203 incumb=59.9153 ratchet=60.1726 best=59.9153 since_improve=62
t=730347ms iter=2204 WAIST cost=56.0000 best_alt=51.0000 gap=5.0000 tried=5 sep_labels=51 clique_frac=0.01
t=730495ms iter=2204 REBUILD reject new_tc=66.0573 (was 59.9153)
t=730651ms iter=2204 incumb=59.9153 ratchet=59.9997 best=59.9153 since_improve=63
t=730660ms iter=2205 WAIST cost=56.0000 best_alt=51.0000 gap=5.0000 tried=5 sep_labels=51 clique_frac=0.01
t=730839ms iter=2205 REBUILD reject new_tc=61.0063 (was 59.9153)
t=730999ms iter=2205 incumb=59.9153 ratchet=60.0077 best=59.9153 since_improve=64
t=731008ms iter=2206 WAIST cost=56.0000 best_alt=51.0000 gap=5.0000 tried=5 sep_labels=51 clique_frac=0.01
t=731149ms iter=2206 REBUILD reject new_tc=76.0364 (was 59.9153)
t=731308ms iter=2206 incumb=59.9153 ratchet=60.0269 best=59.9153 since_improve=65
t=731315ms iter=2207 WAIST cost=56.0000 best_alt=52.0000 gap=4.0000 tried=5 sep_labels=52 clique_frac=0.01
t=731485ms iter=2207 REBUILD reject new_tc=65.9057 (was 59.9153)
t=731639ms iter=2207 incumb=59.9153 ratchet=60.0083 best=59.9153 since_improve=66
t=731647ms iter=2208 WAIST cost=56.0000 best_alt=51.0000 gap=5.0000 tried=5 sep_labels=51 clique_frac=0.01
t=731781ms iter=2208 REBUILD reject new_tc=79.0001 (was 59.9153)
t=731939ms iter=2208 incumb=59.9153 ratchet=60.0159 best=59.9153 since_improve=67
t=731947ms iter=2209 WAIST cost=56.0000 best_alt=51.0000 gap=5.0000 tried=5 sep_labels=51 clique_frac=0.01
t=732088ms iter=2209 REBUILD reject new_tc=78.0011 (was 59.9153)
t=732244ms iter=2209 incumb=59.9153 ratchet=59.9757 best=59.9153 since_improve=68
t=732254ms iter=2210 WAIST cost=56.0000 best_alt=49.0000 gap=7.0000 tried=5 sep_labels=49 clique_frac=0.01
t=732411ms iter=2210 REBUILD reject new_tc=61.3515 (was 59.9153)
t=732571ms iter=2210 incumb=59.9153 ratchet=60.1026 best=59.9153 since_improve=69
t=732581ms iter=2211 WAIST cost=56.0000 best_alt=50.0000 gap=6.0000 tried=5 sep_labels=50 clique_frac=0.01
t=732727ms iter=2211 REBUILD reject new_tc=61.3420 (was 59.9153)
t=732880ms iter=2211 incumb=59.9153 ratchet=59.9586 best=59.9153 since_improve=70
t=732888ms iter=2212 WAIST cost=56.0000 best_alt=52.0000 gap=4.0000 tried=5 sep_labels=52 clique_frac=0.01
t=733056ms iter=2212 REBUILD reject new_tc=60.6288 (was 59.9153)
t=733210ms iter=2212 incumb=59.9153 ratchet=59.9619 best=59.9153 since_improve=71
t=733219ms iter=2213 WAIST cost=56.0000 best_alt=52.0000 gap=4.0000 tried=5 sep_labels=52 clique_frac=0.01
t=733372ms iter=2213 REBUILD reject new_tc=77.0000 (was 59.9153)
t=733532ms iter=2213 incumb=59.9153 ratchet=59.9884 best=59.9153 since_improve=72
t=733541ms iter=2214 WAIST cost=56.0000 best_alt=51.0000 gap=5.0000 tried=5 sep_labels=51 clique_frac=0.01
t=733696ms iter=2214 REBUILD reject new_tc=61.5151 (was 59.9153)
t=733844ms iter=2214 incumb=59.9153 ratchet=60.0895 best=59.9153 since_improve=73
t=733851ms iter=2215 WAIST cost=56.0000 best_alt=52.0000 gap=4.0000 tried=5 sep_labels=52 clique_frac=0.01
t=734010ms iter=2215 REBUILD reject new_tc=75.0013 (was 59.9153)
t=734164ms iter=2215 incumb=59.9153 ratchet=60.0671 best=59.9153 since_improve=74
t=734173ms iter=2216 WAIST cost=56.0000 best_alt=52.0000 gap=4.0000 tried=5 sep_labels=52 clique_frac=0.01
t=734336ms iter=2216 REBUILD reject new_tc=75.0013 (was 59.9153)
t=734491ms iter=2216 incumb=59.9153 ratchet=60.2935 best=59.9153 since_improve=75
t=734499ms iter=2217 WAIST cost=56.0000 best_alt=52.0000 gap=4.0000 tried=5 sep_labels=52 clique_frac=0.01
t=734665ms iter=2217 REBUILD reject new_tc=67.2598 (was 59.9153)
t=734825ms iter=2217 incumb=59.9153 ratchet=60.0261 best=59.9153 since_improve=76
t=734834ms iter=2218 WAIST cost=56.0000 best_alt=52.0000 gap=4.0000 tried=5 sep_labels=52 clique_frac=0.01
t=734996ms iter=2218 REBUILD reject new_tc=62.1662 (was 59.9153)
t=735153ms iter=2218 incumb=59.9153 ratchet=59.9973 best=59.9153 since_improve=77
t=735161ms iter=2219 WAIST cost=56.0000 best_alt=50.0000 gap=6.0000 tried=5 sep_labels=50 clique_frac=0.01
t=735309ms iter=2219 REBUILD reject new_tc=60.6691 (was 59.9153)
t=735461ms iter=2219 incumb=59.9153 ratchet=60.0313 best=59.9153 since_improve=78
t=735468ms iter=2220 WAIST cost=56.0000 best_alt=52.0000 gap=4.0000 tried=5 sep_labels=52 clique_frac=0.01
t=735640ms iter=2220 REBUILD reject new_tc=61.3861 (was 59.9153)
t=735794ms iter=2220 incumb=59.9153 ratchet=59.9750 best=59.9153 since_improve=79
t=735800ms iter=2221 WAIST cost=56.0000 best_alt=52.0000 gap=4.0000 tried=5 sep_labels=52 clique_frac=0.01
t=735975ms iter=2221 REBUILD reject new_tc=60.7051 (was 59.9153)
t=736130ms iter=2221 incumb=59.9153 ratchet=59.9998 best=59.9153 since_improve=80
t=736141ms iter=2222 WAIST cost=56.0000 best_alt=51.0000 gap=5.0000 tried=5 sep_labels=51 clique_frac=0.01
t=736315ms iter=2222 REBUILD reject new_tc=60.8669 (was 59.9153)
t=736464ms iter=2222 incumb=59.9153 ratchet=59.9501 best=59.9153 since_improve=81
t=736474ms iter=2223 WAIST cost=56.0000 best_alt=49.0000 gap=7.0000 tried=5 sep_labels=49 clique_frac=0.01
t=736610ms iter=2223 REBUILD reject new_tc=79.0000 (was 59.9153)
t=736762ms iter=2223 incumb=59.9153 ratchet=60.0004 best=59.9153 since_improve=82
t=736771ms iter=2224 WAIST cost=56.0000 best_alt=51.0000 gap=5.0000 tried=5 sep_labels=51 clique_frac=0.01
t=736925ms iter=2224 REBUILD reject new_tc=61.5806 (was 59.9153)
t=737079ms iter=2224 incumb=59.9153 ratchet=59.9821 best=59.9153 since_improve=83
t=737088ms iter=2225 WAIST cost=56.0000 best_alt=51.0000 gap=5.0000 tried=5 sep_labels=51 clique_frac=0.01
t=737243ms iter=2225 REBUILD reject new_tc=61.3757 (was 59.9153)
t=737395ms iter=2225 incumb=59.9153 ratchet=60.1001 best=59.9153 since_improve=84
t=737405ms iter=2226 WAIST cost=56.0000 best_alt=51.0000 gap=5.0000 tried=5 sep_labels=51 clique_frac=0.01
t=737578ms iter=2226 REBUILD reject new_tc=62.2079 (was 59.9153)
t=737738ms iter=2226 incumb=59.9153 ratchet=60.0161 best=59.9153 since_improve=85
t=737746ms iter=2227 WAIST cost=56.0000 best_alt=50.0000 gap=6.0000 tried=5 sep_labels=50 clique_frac=0.01
t=737889ms iter=2227 REBUILD reject new_tc=61.3159 (was 59.9153)
t=738041ms iter=2227 incumb=59.9153 ratchet=60.0686 best=59.9153 since_improve=86
t=738049ms iter=2228 WAIST cost=56.0000 best_alt=50.0000 gap=6.0000 tried=5 sep_labels=50 clique_frac=0.01
t=738199ms iter=2228 REBUILD reject new_tc=61.1575 (was 59.9153)
t=738353ms iter=2228 incumb=59.9153 ratchet=60.0342 best=59.9153 since_improve=87
t=738362ms iter=2229 WAIST cost=56.0000 best_alt=52.0000 gap=4.0000 tried=5 sep_labels=52 clique_frac=0.01
t=738528ms iter=2229 REBUILD reject new_tc=60.9802 (was 59.9153)
t=738682ms iter=2229 incumb=59.9153 ratchet=60.0171 best=59.9153 since_improve=88
t=738691ms iter=2230 WAIST cost=56.0000 best_alt=51.0000 gap=5.0000 tried=5 sep_labels=51 clique_frac=0.01
t=738859ms iter=2230 REBUILD reject new_tc=66.6495 (was 59.9153)
t=739015ms iter=2230 incumb=59.9153 ratchet=59.9777 best=59.9153 since_improve=89
t=739024ms iter=2231 WAIST cost=56.0000 best_alt=52.0000 gap=4.0000 tried=5 sep_labels=52 clique_frac=0.01
t=739179ms iter=2231 REBUILD reject new_tc=75.0087 (was 59.9153)
t=739340ms iter=2231 incumb=59.9153 ratchet=60.0162 best=59.9153 since_improve=90
t=739348ms iter=2232 WAIST cost=56.0000 best_alt=52.0000 gap=4.0000 tried=5 sep_labels=52 clique_frac=0.01
t=739517ms iter=2232 REBUILD reject new_tc=61.1262 (was 59.9153)
t=739672ms iter=2232 incumb=59.9153 ratchet=60.2374 best=59.9153 since_improve=91
t=739681ms iter=2233 WAIST cost=56.0000 best_alt=52.0000 gap=4.0000 tried=5 sep_labels=52 clique_frac=0.01
t=739849ms iter=2233 REBUILD reject new_tc=60.8827 (was 59.9153)
t=740002ms iter=2233 incumb=59.9153 ratchet=60.0190 best=59.9153 since_improve=92
t=740011ms iter=2234 WAIST cost=56.0000 best_alt=52.0000 gap=4.0000 tried=5 sep_labels=52 clique_frac=0.01
t=740169ms iter=2234 REBUILD reject new_tc=71.0011 (was 59.9153)
t=740327ms iter=2234 incumb=59.9153 ratchet=60.3817 best=59.9153 since_improve=93
t=740338ms iter=2235 WAIST cost=56.0000 best_alt=52.0000 gap=4.0000 tried=5 sep_labels=52 clique_frac=0.01
t=740506ms iter=2235 REBUILD reject new_tc=60.5652 (was 59.9153)
t=740659ms iter=2235 incumb=59.9153 ratchet=59.9979 best=59.9153 since_improve=94
t=740668ms iter=2236 WAIST cost=56.0000 best_alt=51.0000 gap=5.0000 tried=5 sep_labels=51 clique_frac=0.01
t=740819ms iter=2236 REBUILD reject new_tc=66.9043 (was 59.9153)
t=740972ms iter=2236 incumb=59.9153 ratchet=59.9353 best=59.9153 since_improve=95
t=740979ms iter=2237 WAIST cost=56.0000 best_alt=52.0000 gap=4.0000 tried=5 sep_labels=52 clique_frac=0.01
t=741147ms iter=2237 REBUILD reject new_tc=60.2216 (was 59.9153)
t=741307ms iter=2237 incumb=59.9153 ratchet=60.0435 best=59.9153 since_improve=96
t=741316ms iter=2238 WAIST cost=56.0000 best_alt=52.0000 gap=4.0000 tried=5 sep_labels=52 clique_frac=0.01
t=741491ms iter=2238 REBUILD reject new_tc=61.0805 (was 59.9153)
t=741651ms iter=2238 incumb=59.9153 ratchet=60.0219 best=59.9153 since_improve=97
t=741659ms iter=2239 WAIST cost=56.0000 best_alt=52.0000 gap=4.0000 tried=5 sep_labels=52 clique_frac=0.01
t=741826ms iter=2239 REBUILD reject new_tc=60.8819 (was 59.9153)
t=741980ms iter=2239 incumb=59.9153 ratchet=60.0932 best=59.9153 since_improve=98
t=741987ms iter=2240 WAIST cost=56.0000 best_alt=52.0000 gap=4.0000 tried=5 sep_labels=52 clique_frac=0.01
t=742142ms iter=2240 REBUILD reject new_tc=60.8222 (was 59.9153)
t=742292ms iter=2240 incumb=59.9153 ratchet=61.3109 best=59.9153 since_improve=99
t=742300ms iter=2241 WAIST cost=56.0000 best_alt=52.0000 gap=4.0000 tried=5 sep_labels=52 clique_frac=0.01
t=742465ms iter=2241 REBUILD reject new_tc=61.3388 (was 59.9153)
t=742624ms iter=2241 incumb=59.9153 ratchet=60.1873 best=59.9153 since_improve=100
t=742631ms iter=2242 WAIST cost=56.0000 best_alt=52.0000 gap=4.0000 tried=5 sep_labels=52 clique_frac=0.01
t=742802ms iter=2242 REBUILD reject new_tc=60.5985 (was 59.9153)
t=742958ms iter=2242 incumb=59.9153 ratchet=60.0144 best=59.9153 since_improve=101
t=742966ms iter=2243 WAIST cost=56.0000 best_alt=52.0000 gap=4.0000 tried=5 sep_labels=52 clique_frac=0.01
t=743134ms iter=2243 REBUILD reject new_tc=64.7100 (was 59.9153)
t=743289ms iter=2243 incumb=59.9153 ratchet=59.9679 best=59.9153 since_improve=102
t=743299ms iter=2244 WAIST cost=56.0000 best_alt=52.0000 gap=4.0000 tried=5 sep_labels=52 clique_frac=0.01
t=743467ms iter=2244 REBUILD reject new_tc=60.9431 (was 59.9153)
t=743619ms iter=2244 incumb=59.9153 ratchet=59.9973 best=59.9153 since_improve=103
t=743627ms iter=2245 WAIST cost=56.0000 best_alt=51.0000 gap=5.0000 tried=5 sep_labels=51 clique_frac=0.02
t=743783ms iter=2245 REBUILD reject new_tc=61.6230 (was 59.9153)
t=743932ms iter=2245 incumb=59.9153 ratchet=60.0476 best=59.9153 since_improve=104
t=743940ms iter=2246 WAIST cost=56.0000 best_alt=52.0000 gap=4.0000 tried=5 sep_labels=52 clique_frac=0.01
t=744124ms iter=2246 REBUILD reject new_tc=61.2963 (was 59.9153)
t=744279ms iter=2246 incumb=59.9153 ratchet=59.9660 best=59.9153 since_improve=105
t=744288ms iter=2247 WAIST cost=56.0000 best_alt=52.0000 gap=4.0000 tried=5 sep_labels=52 clique_frac=0.01
t=744495ms iter=2247 REBUILD reject new_tc=61.4011 (was 59.9153)
t=744660ms iter=2247 incumb=59.9153 ratchet=59.9969 best=59.9153 since_improve=106
t=744677ms iter=2248 WAIST cost=56.0000 best_alt=51.0000 gap=5.0000 tried=5 sep_labels=51 clique_frac=0.02
t=744832ms iter=2248 REBUILD reject new_tc=60.5597 (was 59.9153)
t=744988ms iter=2248 incumb=59.9153 ratchet=59.9495 best=59.9153 since_improve=107
t=744997ms iter=2249 WAIST cost=56.0000 best_alt=51.0000 gap=5.0000 tried=5 sep_labels=51 clique_frac=0.01
t=745173ms iter=2249 REBUILD reject new_tc=61.5741 (was 59.9153)
t=745330ms iter=2249 incumb=59.9153 ratchet=59.9870 best=59.9153 since_improve=108
t=745338ms iter=2250 WAIST cost=56.0000 best_alt=52.0000 gap=4.0000 tried=5 sep_labels=52 clique_frac=0.01
t=745508ms iter=2250 REBUILD reject new_tc=61.3958 (was 59.9153)
t=745661ms iter=2250 incumb=59.9153 ratchet=60.0154 best=59.9153 since_improve=109
t=745668ms iter=2251 WAIST cost=56.0000 best_alt=52.0000 gap=4.0000 tried=5 sep_labels=52 clique_frac=0.01
t=745835ms iter=2251 REBUILD reject new_tc=60.5725 (was 59.9153)
t=745987ms iter=2251 incumb=59.9153 ratchet=60.0526 best=59.9153 since_improve=110
t=745995ms iter=2252 WAIST cost=56.0000 best_alt=52.0000 gap=4.0000 tried=5 sep_labels=52 clique_frac=0.01
t=746169ms iter=2252 REBUILD reject new_tc=61.6367 (was 59.9153)
t=746327ms iter=2252 incumb=59.9153 ratchet=59.9282 best=59.9153 since_improve=111
t=746336ms iter=2253 WAIST cost=56.0000 best_alt=52.0000 gap=4.0000 tried=5 sep_labels=52 clique_frac=0.01
t=746507ms iter=2253 REBUILD reject new_tc=61.4748 (was 59.9153)
t=746659ms iter=2253 incumb=59.9153 ratchet=60.1759 best=59.9153 since_improve=112
t=746667ms iter=2254 WAIST cost=56.0000 best_alt=51.0000 gap=5.0000 tried=5 sep_labels=51 clique_frac=0.01
t=746816ms iter=2254 REBUILD reject new_tc=64.6595 (was 59.9153)
t=746972ms iter=2254 incumb=59.9153 ratchet=59.9703 best=59.9153 since_improve=113
t=746982ms iter=2255 WAIST cost=56.0000 best_alt=49.0000 gap=7.0000 tried=5 sep_labels=49 clique_frac=0.01
t=747133ms iter=2255 REBUILD reject new_tc=69.0159 (was 59.9153)
t=747286ms iter=2255 incumb=59.9153 ratchet=59.9480 best=59.9153 since_improve=114
t=747295ms iter=2256 WAIST cost=56.0000 best_alt=52.0000 gap=4.0000 tried=5 sep_labels=52 clique_frac=0.01
t=747465ms iter=2256 REBUILD reject new_tc=60.6415 (was 59.9153)
t=747622ms iter=2256 incumb=59.9153 ratchet=59.9572 best=59.9153 since_improve=115
t=747631ms iter=2257 WAIST cost=56.0000 best_alt=52.0000 gap=4.0000 tried=5 sep_labels=52 clique_frac=0.01
t=747806ms iter=2257 REBUILD reject new_tc=60.5961 (was 59.9153)
t=747963ms iter=2257 incumb=59.9153 ratchet=60.0461 best=59.9153 since_improve=116
t=747972ms iter=2258 WAIST cost=56.0000 best_alt=51.0000 gap=5.0000 tried=5 sep_labels=51 clique_frac=0.01
t=748127ms iter=2258 REBUILD reject new_tc=61.1146 (was 59.9153)
t=748281ms iter=2258 incumb=59.9153 ratchet=60.0157 best=59.9153 since_improve=117
t=748290ms iter=2259 WAIST cost=56.0000 best_alt=52.0000 gap=4.0000 tried=5 sep_labels=52 clique_frac=0.01
t=748459ms iter=2259 REBUILD reject new_tc=65.5128 (was 59.9153)
t=748619ms iter=2259 incumb=59.9153 ratchet=60.0873 best=59.9153 since_improve=118
t=748628ms iter=2260 WAIST cost=56.0000 best_alt=52.0000 gap=4.0000 tried=5 sep_labels=52 clique_frac=0.01
t=748801ms iter=2260 REBUILD reject new_tc=60.8777 (was 59.9153)
t=748959ms iter=2260 incumb=59.9153 ratchet=59.9973 best=59.9153 since_improve=119
t=748968ms iter=2261 WAIST cost=56.0000 best_alt=51.0000 gap=5.0000 tried=5 sep_labels=51 clique_frac=0.01
t=749105ms iter=2261 REBUILD reject new_tc=80.0001 (was 59.9153)
t=749262ms iter=2261 incumb=59.9153 ratchet=60.1037 best=59.9153 since_improve=120
t=749268ms iter=2262 WAIST cost=56.0000 best_alt=52.0000 gap=4.0000 tried=5 sep_labels=52 clique_frac=0.01
t=749432ms iter=2262 REBUILD reject new_tc=61.3648 (was 59.9153)
t=749587ms iter=2262 incumb=59.9153 ratchet=60.0403 best=59.9153 since_improve=121
t=749594ms iter=2263 WAIST cost=56.0000 best_alt=51.0000 gap=5.0000 tried=5 sep_labels=51 clique_frac=0.01
t=749748ms iter=2263 REBUILD reject new_tc=61.4030 (was 59.9153)
t=749904ms iter=2263 incumb=59.9153 ratchet=59.9698 best=59.9153 since_improve=122
t=749912ms iter=2264 WAIST cost=56.0000 best_alt=49.0000 gap=7.0000 tried=5 sep_labels=49 clique_frac=0.01
t=750066ms iter=2264 REBUILD reject new_tc=61.4541 (was 59.9153)
t=750225ms iter=2264 incumb=59.9153 ratchet=59.9791 best=59.9153 since_improve=123
t=750235ms iter=2265 WAIST cost=56.0000 best_alt=49.0000 gap=7.0000 tried=5 sep_labels=49 clique_frac=0.01
t=750381ms iter=2265 REBUILD reject new_tc=64.1850 (was 59.9153)
t=750536ms iter=2265 incumb=59.9153 ratchet=60.0665 best=59.9153 since_improve=124
t=750543ms iter=2266 WAIST cost=56.0000 best_alt=52.0000 gap=4.0000 tried=5 sep_labels=52 clique_frac=0.01
t=750706ms iter=2266 REBUILD reject new_tc=61.3195 (was 59.9153)
t=750861ms iter=2266 incumb=59.9153 ratchet=59.9524 best=59.9153 since_improve=125
t=750871ms iter=2267 WAIST cost=56.0000 best_alt=49.0000 gap=7.0000 tried=5 sep_labels=49 clique_frac=0.01
t=751016ms iter=2267 REBUILD reject new_tc=61.3560 (was 59.9153)
t=751174ms iter=2267 incumb=59.9153 ratchet=60.0675 best=59.9153 since_improve=126
t=751182ms iter=2268 WAIST cost=56.0000 best_alt=52.0000 gap=4.0000 tried=5 sep_labels=52 clique_frac=0.01
t=751344ms iter=2268 REBUILD reject new_tc=67.3060 (was 59.9153)
t=751494ms iter=2268 incumb=59.9153 ratchet=59.9789 best=59.9153 since_improve=127
t=751502ms iter=2269 WAIST cost=56.0000 best_alt=51.0000 gap=5.0000 tried=5 sep_labels=51 clique_frac=0.01
t=751649ms iter=2269 REBUILD reject new_tc=61.4441 (was 59.9153)
t=751806ms iter=2269 incumb=59.9153 ratchet=59.9915 best=59.9153 since_improve=128
t=751814ms iter=2270 WAIST cost=56.0000 best_alt=52.0000 gap=4.0000 tried=5 sep_labels=52 clique_frac=0.01
t=751975ms iter=2270 REBUILD reject new_tc=68.0082 (was 59.9153)
t=752134ms iter=2270 incumb=59.9153 ratchet=60.0236 best=59.9153 since_improve=129
t=752143ms iter=2271 WAIST cost=56.0000 best_alt=52.0000 gap=4.0000 tried=5 sep_labels=52 clique_frac=0.01
t=752308ms iter=2271 REBUILD reject new_tc=61.4277 (was 59.9153)
t=752467ms iter=2271 incumb=59.9153 ratchet=60.3566 best=59.9153 since_improve=130
t=752473ms iter=2272 WAIST cost=56.0000 best_alt=52.0000 gap=4.0000 tried=5 sep_labels=52 clique_frac=0.01
t=752646ms iter=2272 REBUILD reject new_tc=61.4351 (was 59.9153)
t=752802ms iter=2272 incumb=59.9153 ratchet=60.1036 best=59.9153 since_improve=131
t=752811ms iter=2273 WAIST cost=56.0000 best_alt=51.0000 gap=5.0000 tried=5 sep_labels=51 clique_frac=0.01
t=752961ms iter=2273 REBUILD reject new_tc=61.3303 (was 59.9153)
t=753116ms iter=2273 incumb=59.9153 ratchet=60.0470 best=59.9153 since_improve=132
t=753127ms iter=2274 WAIST cost=56.0000 best_alt=49.0000 gap=7.0000 tried=5 sep_labels=49 clique_frac=0.01
t=753279ms iter=2274 REBUILD reject new_tc=60.9357 (was 59.9153)
t=753431ms iter=2274 incumb=59.9153 ratchet=60.0348 best=59.9153 since_improve=133
t=753441ms iter=2275 WAIST cost=56.0000 best_alt=50.0000 gap=6.0000 tried=5 sep_labels=50 clique_frac=0.01
t=753597ms iter=2275 REBUILD reject new_tc=61.4274 (was 59.9153)
t=753752ms iter=2275 incumb=59.9153 ratchet=60.2655 best=59.9153 since_improve=134
t=753758ms iter=2276 WAIST cost=56.0000 best_alt=51.0000 gap=5.0000 tried=5 sep_labels=51 clique_frac=0.02
t=753898ms iter=2276 REBUILD reject new_tc=78.0003 (was 59.9153)
t=754059ms iter=2276 incumb=59.9153 ratchet=60.1246 best=59.9153 since_improve=135
t=754069ms iter=2277 WAIST cost=56.0000 best_alt=51.0000 gap=5.0000 tried=5 sep_labels=51 clique_frac=0.01
t=754227ms iter=2277 REBUILD reject new_tc=61.2902 (was 59.9153)
t=754387ms iter=2277 incumb=59.9153 ratchet=59.9996 best=59.9153 since_improve=136
t=754396ms iter=2278 WAIST cost=56.0000 best_alt=51.0000 gap=5.0000 tried=5 sep_labels=51 clique_frac=0.01
t=754554ms iter=2278 REBUILD reject new_tc=61.4450 (was 59.9153)
t=754707ms iter=2278 incumb=59.9153 ratchet=60.0396 best=59.9153 since_improve=137
t=754717ms iter=2279 WAIST cost=56.0000 best_alt=52.0000 gap=4.0000 tried=5 sep_labels=52 clique_frac=0.01
t=754885ms iter=2279 REBUILD reject new_tc=63.7947 (was 59.9153)
t=755037ms iter=2279 incumb=59.9153 ratchet=60.0138 best=59.9153 since_improve=138
t=755045ms iter=2280 WAIST cost=56.0000 best_alt=52.0000 gap=4.0000 tried=5 sep_labels=52 clique_frac=0.01
t=755213ms iter=2280 REBUILD reject new_tc=69.0530 (was 59.9153)
t=755367ms iter=2280 incumb=59.9153 ratchet=60.0678 best=59.9153 since_improve=139
t=755375ms iter=2281 WAIST cost=56.0000 best_alt=52.0000 gap=4.0000 tried=5 sep_labels=52 clique_frac=0.01
t=755530ms iter=2281 REBUILD reject new_tc=63.3257 (was 59.9153)
t=755680ms iter=2281 incumb=59.9153 ratchet=60.0190 best=59.9153 since_improve=140
t=755690ms iter=2282 WAIST cost=56.0000 best_alt=51.0000 gap=5.0000 tried=5 sep_labels=51 clique_frac=0.01
t=755843ms iter=2282 REBUILD reject new_tc=61.6226 (was 59.9153)
t=756002ms iter=2282 incumb=59.9153 ratchet=60.1064 best=59.9153 since_improve=141
t=756009ms iter=2283 WAIST cost=56.0000 best_alt=51.0000 gap=5.0000 tried=5 sep_labels=51 clique_frac=0.02
t=756162ms iter=2283 REBUILD reject new_tc=65.3846 (was 59.9153)
t=756320ms iter=2283 incumb=59.9153 ratchet=60.0303 best=59.9153 since_improve=142
t=756328ms iter=2284 WAIST cost=56.0000 best_alt=51.0000 gap=5.0000 tried=5 sep_labels=51 clique_frac=0.02
t=756483ms iter=2284 REBUILD reject new_tc=61.4054 (was 59.9153)
t=756639ms iter=2284 incumb=59.9153 ratchet=60.0124 best=59.9153 since_improve=143
t=756647ms iter=2285 WAIST cost=56.0000 best_alt=52.0000 gap=4.0000 tried=5 sep_labels=52 clique_frac=0.01
t=756812ms iter=2285 REBUILD reject new_tc=66.5588 (was 59.9153)
t=756967ms iter=2285 incumb=59.9153 ratchet=60.2810 best=59.9153 since_improve=144
t=756976ms iter=2286 WAIST cost=56.0000 best_alt=51.0000 gap=5.0000 tried=5 sep_labels=51 clique_frac=0.01
t=757119ms iter=2286 REBUILD reject new_tc=71.0013 (was 59.9153)
t=757276ms iter=2286 incumb=59.9153 ratchet=60.0489 best=59.9153 since_improve=145
t=757284ms iter=2287 WAIST cost=56.0000 best_alt=51.0000 gap=5.0000 tried=5 sep_labels=51 clique_frac=0.01
t=757444ms iter=2287 REBUILD reject new_tc=61.5877 (was 59.9153)
t=757600ms iter=2287 incumb=59.9153 ratchet=60.0340 best=59.9153 since_improve=146
t=757610ms iter=2288 WAIST cost=56.0000 best_alt=52.0000 gap=4.0000 tried=5 sep_labels=52 clique_frac=0.01
t=757786ms iter=2288 REBUILD reject new_tc=60.5965 (was 59.9153)
t=757945ms iter=2288 incumb=59.9153 ratchet=59.9568 best=59.9153 since_improve=147
t=757953ms iter=2289 WAIST cost=56.0000 best_alt=51.0000 gap=5.0000 tried=5 sep_labels=51 clique_frac=0.01
t=758107ms iter=2289 REBUILD reject new_tc=61.6888 (was 59.9153)
t=758258ms iter=2289 incumb=59.9153 ratchet=60.0767 best=59.9153 since_improve=148
t=758265ms iter=2290 WAIST cost=56.0000 best_alt=52.0000 gap=4.0000 tried=5 sep_labels=52 clique_frac=0.01
t=758435ms iter=2290 REBUILD reject new_tc=61.4155 (was 59.9153)
t=758584ms iter=2290 incumb=59.9153 ratchet=60.0461 best=59.9153 since_improve=149
t=758591ms iter=2291 WAIST cost=56.0000 best_alt=52.0000 gap=4.0000 tried=5 sep_labels=52 clique_frac=0.01
t=758760ms iter=2291 REBUILD reject new_tc=65.3032 (was 59.9153)
t=758912ms iter=2291 incumb=59.9153 ratchet=60.0433 best=59.9153 since_improve=150
t=758921ms iter=2292 WAIST cost=56.0000 best_alt=52.0000 gap=4.0000 tried=5 sep_labels=52 clique_frac=0.01
t=759093ms iter=2292 REBUILD reject new_tc=61.6033 (was 59.9153)
t=759243ms iter=2292 incumb=59.9153 ratchet=60.0436 best=59.9153 since_improve=151
t=759250ms iter=2293 WAIST cost=56.0000 best_alt=52.0000 gap=4.0000 tried=5 sep_labels=52 clique_frac=0.01
t=759423ms iter=2293 REBUILD reject new_tc=61.2728 (was 59.9153)
t=759577ms iter=2293 incumb=59.9153 ratchet=59.9961 best=59.9153 since_improve=152
t=759585ms iter=2294 WAIST cost=56.0000 best_alt=52.0000 gap=4.0000 tried=5 sep_labels=52 clique_frac=0.01
t=759753ms iter=2294 REBUILD reject new_tc=61.4635 (was 59.9153)
t=759906ms iter=2294 incumb=59.9153 ratchet=59.9966 best=59.9153 since_improve=153
t=759917ms iter=2295 WAIST cost=56.0000 best_alt=52.0000 gap=4.0000 tried=5 sep_labels=52 clique_frac=0.01
t=760086ms iter=2295 REBUILD reject new_tc=60.3558 (was 59.9153)
t=760240ms iter=2295 incumb=59.9153 ratchet=60.0427 best=59.9153 since_improve=154
t=760247ms iter=2296 WAIST cost=56.0000 best_alt=52.0000 gap=4.0000 tried=5 sep_labels=52 clique_frac=0.01
t=760417ms iter=2296 REBUILD reject new_tc=61.5921 (was 59.9153)
t=760574ms iter=2296 incumb=59.9153 ratchet=60.2727 best=59.9153 since_improve=155
t=760582ms iter=2297 WAIST cost=56.0000 best_alt=52.0000 gap=4.0000 tried=5 sep_labels=52 clique_frac=0.01
t=760762ms iter=2297 REBUILD reject new_tc=61.3642 (was 59.9153)
t=760967ms iter=2297 incumb=59.9153 ratchet=60.0117 best=59.9153 since_improve=156
t=760974ms iter=2298 WAIST cost=56.0000 best_alt=52.0000 gap=4.0000 tried=5 sep_labels=52 clique_frac=0.01
t=761148ms iter=2298 REBUILD reject new_tc=61.4074 (was 59.9153)
t=761303ms iter=2298 incumb=59.9153 ratchet=60.0283 best=59.9153 since_improve=157
t=761310ms iter=2299 WAIST cost=56.0000 best_alt=52.0000 gap=4.0000 tried=5 sep_labels=52 clique_frac=0.01
t=761514ms iter=2299 REBUILD reject new_tc=64.1064 (was 59.9153)
t=761666ms iter=2299 incumb=59.9153 ratchet=59.9806 best=59.9153 since_improve=158
t=761673ms iter=2300 WAIST cost=56.0000 best_alt=51.0000 gap=5.0000 tried=5 sep_labels=51 clique_frac=0.01
t=761834ms iter=2300 REBUILD reject new_tc=60.5256 (was 59.9153)
t=762095ms iter=2300 incumb=59.9153 ratchet=60.0186 best=59.9153 since_improve=159
t=762108ms iter=2301 WAIST cost=56.0000 best_alt=49.0000 gap=7.0000 tried=5 sep_labels=49 clique_frac=0.01
t=762426ms iter=2301 REBUILD reject new_tc=61.3495 (was 59.9153)
t=762737ms iter=2301 incumb=59.9153 ratchet=59.9610 best=59.9153 since_improve=160
t=762753ms iter=2302 WAIST cost=56.0000 best_alt=52.0000 gap=4.0000 tried=5 sep_labels=52 clique_frac=0.01
t=763080ms iter=2302 REBUILD reject new_tc=75.0040 (was 59.9153)
t=763383ms iter=2302 incumb=59.9153 ratchet=59.9383 best=59.9153 since_improve=161
t=763391ms iter=2303 WAIST cost=56.0000 best_alt=52.0000 gap=4.0000 tried=5 sep_labels=52 clique_frac=0.01
t=763553ms iter=2303 REBUILD reject new_tc=65.4434 (was 59.9153)
t=763700ms iter=2303 incumb=59.9153 ratchet=59.9899 best=59.9153 since_improve=162
t=763709ms iter=2304 WAIST cost=56.0000 best_alt=52.0000 gap=4.0000 tried=5 sep_labels=52 clique_frac=0.01
t=763896ms iter=2304 REBUILD reject new_tc=62.2549 (was 59.9153)
t=764178ms iter=2304 incumb=59.9153 ratchet=59.9824 best=59.9153 since_improve=163
t=764197ms iter=2305 WAIST cost=56.0000 best_alt=52.0000 gap=4.0000 tried=5 sep_labels=52 clique_frac=0.01
t=764365ms iter=2305 REBUILD reject new_tc=60.7642 (was 59.9153)
t=764520ms iter=2305 incumb=59.9153 ratchet=60.0199 best=59.9153 since_improve=164
t=764528ms iter=2306 WAIST cost=56.0000 best_alt=52.0000 gap=4.0000 tried=5 sep_labels=52 clique_frac=0.01
t=764694ms iter=2306 REBUILD reject new_tc=61.3995 (was 59.9153)
t=764848ms iter=2306 incumb=59.9153 ratchet=59.9887 best=59.9153 since_improve=165
t=764857ms iter=2307 WAIST cost=56.0000 best_alt=52.0000 gap=4.0000 tried=5 sep_labels=52 clique_frac=0.01
t=765024ms iter=2307 REBUILD reject new_tc=67.3060 (was 59.9153)
t=765184ms iter=2307 incumb=59.9153 ratchet=59.9800 best=59.9153 since_improve=166
t=765193ms iter=2308 WAIST cost=56.0000 best_alt=51.0000 gap=5.0000 tried=5 sep_labels=51 clique_frac=0.01
t=765350ms iter=2308 REBUILD reject new_tc=61.3369 (was 59.9153)
t=765510ms iter=2308 incumb=59.9153 ratchet=60.0262 best=59.9153 since_improve=167
t=765519ms iter=2309 WAIST cost=56.0000 best_alt=49.0000 gap=7.0000 tried=5 sep_labels=49 clique_frac=0.01
t=765658ms iter=2309 REBUILD reject new_tc=73.0003 (was 59.9153)
t=765812ms iter=2309 incumb=59.9153 ratchet=59.9589 best=59.9153 since_improve=168
t=765820ms iter=2310 WAIST cost=56.0000 best_alt=52.0000 gap=4.0000 tried=5 sep_labels=52 clique_frac=0.01
t=765986ms iter=2310 REBUILD reject new_tc=63.5238 (was 59.9153)
t=766144ms iter=2310 incumb=59.9153 ratchet=59.9634 best=59.9153 since_improve=169
t=766152ms iter=2311 WAIST cost=56.0000 best_alt=52.0000 gap=4.0000 tried=5 sep_labels=52 clique_frac=0.01
t=766316ms iter=2311 REBUILD reject new_tc=68.3646 (was 59.9153)
t=766464ms iter=2311 incumb=59.9153 ratchet=60.0006 best=59.9153 since_improve=170
t=766472ms iter=2312 WAIST cost=56.0000 best_alt=51.0000 gap=5.0000 tried=5 sep_labels=51 clique_frac=0.01
t=766630ms iter=2312 REBUILD reject new_tc=61.0462 (was 59.9153)
t=766785ms iter=2312 incumb=59.9153 ratchet=60.0693 best=59.9153 since_improve=171
t=766794ms iter=2313 WAIST cost=56.0000 best_alt=52.0000 gap=4.0000 tried=5 sep_labels=52 clique_frac=0.01
t=766964ms iter=2313 REBUILD reject new_tc=60.8289 (was 59.9153)
t=767118ms iter=2313 incumb=59.9153 ratchet=60.0527 best=59.9153 since_improve=172
t=767127ms iter=2314 WAIST cost=56.0000 best_alt=52.0000 gap=4.0000 tried=5 sep_labels=52 clique_frac=0.01
t=767294ms iter=2314 REBUILD reject new_tc=61.4430 (was 59.9153)
t=767450ms iter=2314 incumb=59.9153 ratchet=60.0090 best=59.9153 since_improve=173
t=767460ms iter=2315 WAIST cost=56.0000 best_alt=49.0000 gap=7.0000 tried=5 sep_labels=49 clique_frac=0.01
t=767598ms iter=2315 REBUILD reject new_tc=67.4454 (was 59.9153)
t=767750ms iter=2315 incumb=59.9153 ratchet=60.0152 best=59.9153 since_improve=174
t=767758ms iter=2316 WAIST cost=56.0000 best_alt=52.0000 gap=4.0000 tried=5 sep_labels=52 clique_frac=0.01
t=767925ms iter=2316 REBUILD reject new_tc=60.9812 (was 59.9153)
t=768083ms iter=2316 incumb=59.9153 ratchet=60.1068 best=59.9153 since_improve=175
t=768092ms iter=2317 WAIST cost=56.0000 best_alt=52.0000 gap=4.0000 tried=5 sep_labels=52 clique_frac=0.01
t=768321ms iter=2317 REBUILD reject new_tc=61.5089 (was 59.9153)
t=768471ms iter=2317 incumb=59.9153 ratchet=60.1426 best=59.9153 since_improve=176
t=768480ms iter=2318 WAIST cost=56.0000 best_alt=52.0000 gap=4.0000 tried=5 sep_labels=52 clique_frac=0.01
t=768649ms iter=2318 REBUILD reject new_tc=61.3168 (was 59.9153)
t=768811ms iter=2318 incumb=59.9153 ratchet=60.0694 best=59.9153 since_improve=177
t=768818ms iter=2319 WAIST cost=56.0000 best_alt=52.0000 gap=4.0000 tried=5 sep_labels=52 clique_frac=0.01
t=768992ms iter=2319 REBUILD reject new_tc=60.7000 (was 59.9153)
t=769149ms iter=2319 incumb=59.9153 ratchet=60.0357 best=59.9153 since_improve=178
t=769159ms iter=2320 WAIST cost=56.0000 best_alt=52.0000 gap=4.0000 tried=5 sep_labels=52 clique_frac=0.01
t=769329ms iter=2320 REBUILD reject new_tc=62.1995 (was 59.9153)
t=769486ms iter=2320 incumb=59.9153 ratchet=60.0461 best=59.9153 since_improve=179
t=769493ms iter=2321 WAIST cost=56.0000 best_alt=51.0000 gap=5.0000 tried=5 sep_labels=51 clique_frac=0.01
t=769661ms iter=2321 REBUILD reject new_tc=60.6039 (was 59.9153)
t=769818ms iter=2321 incumb=59.9153 ratchet=59.9892 best=59.9153 since_improve=180
t=769829ms iter=2322 WAIST cost=56.0000 best_alt=51.0000 gap=5.0000 tried=5 sep_labels=51 clique_frac=0.01
t=769981ms iter=2322 REBUILD reject new_tc=61.3900 (was 59.9153)
t=770137ms iter=2322 incumb=59.9153 ratchet=59.9403 best=59.9153 since_improve=181
t=770147ms iter=2323 WAIST cost=56.0000 best_alt=52.0000 gap=4.0000 tried=5 sep_labels=52 clique_frac=0.01
t=770317ms iter=2323 REBUILD reject new_tc=61.4072 (was 59.9153)
t=770475ms iter=2323 incumb=59.9153 ratchet=60.0263 best=59.9153 since_improve=182
t=770483ms iter=2324 WAIST cost=56.0000 best_alt=52.0000 gap=4.0000 tried=5 sep_labels=52 clique_frac=0.01
t=770649ms iter=2324 REBUILD reject new_tc=60.0564 (was 59.9153)
t=770800ms iter=2324 incumb=59.9153 ratchet=59.9517 best=59.9153 since_improve=183
t=770808ms iter=2325 WAIST cost=56.0000 best_alt=52.0000 gap=4.0000 tried=5 sep_labels=52 clique_frac=0.01
t=770980ms iter=2325 REBUILD reject new_tc=60.8732 (was 59.9153)
t=771141ms iter=2325 incumb=59.9153 ratchet=60.3290 best=59.9153 since_improve=184
t=771150ms iter=2326 WAIST cost=56.0000 best_alt=52.0000 gap=4.0000 tried=5 sep_labels=52 clique_frac=0.01
t=771394ms iter=2326 REBUILD reject new_tc=66.1174 (was 59.9153)
t=771578ms iter=2326 incumb=59.9153 ratchet=59.9941 best=59.9153 since_improve=185
t=771587ms iter=2327 WAIST cost=56.0000 best_alt=51.0000 gap=5.0000 tried=5 sep_labels=51 clique_frac=0.01
t=771761ms iter=2327 REBUILD reject new_tc=61.6082 (was 59.9153)
t=771917ms iter=2327 incumb=59.9153 ratchet=59.9906 best=59.9153 since_improve=186
t=771925ms iter=2328 WAIST cost=56.0000 best_alt=51.0000 gap=5.0000 tried=5 sep_labels=51 clique_frac=0.01
t=772073ms iter=2328 REBUILD reject new_tc=61.5714 (was 59.9153)
t=772226ms iter=2328 incumb=59.9153 ratchet=59.9742 best=59.9153 since_improve=187
t=772233ms iter=2329 WAIST cost=56.0000 best_alt=52.0000 gap=4.0000 tried=5 sep_labels=52 clique_frac=0.01
t=772409ms iter=2329 REBUILD reject new_tc=60.3705 (was 59.9153)
t=772567ms iter=2329 incumb=59.9153 ratchet=59.9692 best=59.9153 since_improve=188
t=772574ms iter=2330 WAIST cost=56.0000 best_alt=50.0000 gap=6.0000 tried=5 sep_labels=50 clique_frac=0.01
t=772723ms iter=2330 REBUILD reject new_tc=60.7871 (was 59.9153)
t=772882ms iter=2330 incumb=59.9153 ratchet=59.9713 best=59.9153 since_improve=189
t=772891ms iter=2331 WAIST cost=56.0000 best_alt=49.0000 gap=7.0000 tried=5 sep_labels=49 clique_frac=0.01
t=773043ms iter=2331 REBUILD reject new_tc=61.2852 (was 59.9153)
t=773195ms iter=2331 incumb=59.9153 ratchet=60.0726 best=59.9153 since_improve=190
t=773202ms iter=2332 WAIST cost=56.0000 best_alt=52.0000 gap=4.0000 tried=5 sep_labels=52 clique_frac=0.01
t=773373ms iter=2332 REBUILD reject new_tc=61.4828 (was 59.9153)
t=773526ms iter=2332 incumb=59.9153 ratchet=60.0007 best=59.9153 since_improve=191
t=773533ms iter=2333 WAIST cost=56.0000 best_alt=52.0000 gap=4.0000 tried=5 sep_labels=52 clique_frac=0.01
t=773705ms iter=2333 REBUILD reject new_tc=60.9413 (was 59.9153)
t=773864ms iter=2333 incumb=59.9153 ratchet=60.0719 best=59.9153 since_improve=192
t=773873ms iter=2334 WAIST cost=56.0000 best_alt=52.0000 gap=4.0000 tried=5 sep_labels=52 clique_frac=0.01
t=774047ms iter=2334 REBUILD reject new_tc=60.9359 (was 59.9153)
t=774203ms iter=2334 incumb=59.9153 ratchet=59.9677 best=59.9153 since_improve=193
t=774211ms iter=2335 WAIST cost=56.0000 best_alt=50.0000 gap=6.0000 tried=5 sep_labels=50 clique_frac=0.01
t=774367ms iter=2335 REBUILD reject new_tc=61.3609 (was 59.9153)
t=774516ms iter=2335 incumb=59.9153 ratchet=60.1315 best=59.9153 since_improve=194
t=774526ms iter=2336 WAIST cost=56.0000 best_alt=52.0000 gap=4.0000 tried=5 sep_labels=52 clique_frac=0.01
t=774699ms iter=2336 REBUILD reject new_tc=60.7507 (was 59.9153)
t=774859ms iter=2336 incumb=59.9153 ratchet=59.9749 best=59.9153 since_improve=195
t=774868ms iter=2337 WAIST cost=56.0000 best_alt=52.0000 gap=4.0000 tried=5 sep_labels=52 clique_frac=0.01
t=775040ms iter=2337 REBUILD reject new_tc=61.4093 (was 59.9153)
t=775197ms iter=2337 incumb=59.9153 ratchet=60.0394 best=59.9153 since_improve=196
t=775205ms iter=2338 WAIST cost=56.0000 best_alt=49.0000 gap=7.0000 tried=5 sep_labels=49 clique_frac=0.01
t=775359ms iter=2338 REBUILD reject new_tc=61.6344 (was 59.9153)
t=775559ms iter=2338 incumb=59.9153 ratchet=59.9803 best=59.9153 since_improve=197
t=775574ms iter=2339 WAIST cost=56.0000 best_alt=51.0000 gap=5.0000 tried=5 sep_labels=51 clique_frac=0.01
t=775770ms iter=2339 REBUILD reject new_tc=61.4126 (was 59.9153)
t=775929ms iter=2339 incumb=59.9153 ratchet=59.9800 best=59.9153 since_improve=198
t=775936ms iter=2340 WAIST cost=56.0000 best_alt=51.0000 gap=5.0000 tried=5 sep_labels=51 clique_frac=0.02
t=776074ms iter=2340 REBUILD reject new_tc=81.0002 (was 59.9153)
t=776226ms iter=2340 incumb=59.9153 ratchet=60.0229 best=59.9153 since_improve=199
t=776236ms iter=2341 WAIST cost=56.0000 best_alt=50.0000 gap=6.0000 tried=5 sep_labels=50 clique_frac=0.01
t=776393ms iter=2341 REBUILD reject new_tc=61.4593 (was 59.9153)
t=776544ms iter=2341 incumb=59.9153 ratchet=60.0233 best=59.9153 since_improve=200
t=776553ms iter=2342 WAIST cost=56.0000 best_alt=49.0000 gap=7.0000 tried=5 sep_labels=49 clique_frac=0.01
t=776715ms iter=2342 REBUILD reject new_tc=61.3931 (was 59.9153)
t=776871ms iter=2342 incumb=59.9153 ratchet=60.0137 best=59.9153 since_improve=201
t=776878ms iter=2343 WAIST cost=56.0000 best_alt=52.0000 gap=4.0000 tried=5 sep_labels=52 clique_frac=0.01
t=777050ms iter=2343 REBUILD reject new_tc=61.7407 (was 59.9153)
t=777204ms iter=2343 incumb=59.9153 ratchet=60.0475 best=59.9153 since_improve=202
t=777213ms iter=2344 WAIST cost=56.0000 best_alt=51.0000 gap=5.0000 tried=5 sep_labels=51 clique_frac=0.01
t=777360ms iter=2344 REBUILD reject new_tc=61.5319 (was 59.9153)
t=777513ms iter=2344 incumb=59.9153 ratchet=60.1971 best=59.9153 since_improve=203
t=777523ms iter=2345 WAIST cost=56.0000 best_alt=52.0000 gap=4.0000 tried=5 sep_labels=52 clique_frac=0.01
t=777698ms iter=2345 REBUILD reject new_tc=60.9674 (was 59.9153)
t=777850ms iter=2345 incumb=59.9153 ratchet=59.9808 best=59.9153 since_improve=204
t=777857ms iter=2346 WAIST cost=56.0000 best_alt=52.0000 gap=4.0000 tried=5 sep_labels=52 clique_frac=0.01
t=778031ms iter=2346 REBUILD reject new_tc=60.9984 (was 59.9153)
t=778184ms iter=2346 incumb=59.9153 ratchet=59.9937 best=59.9153 since_improve=205
t=778191ms iter=2347 WAIST cost=56.0000 best_alt=52.0000 gap=4.0000 tried=5 sep_labels=52 clique_frac=0.01
t=778358ms iter=2347 REBUILD reject new_tc=61.3559 (was 59.9153)
t=778512ms iter=2347 incumb=59.9153 ratchet=60.0082 best=59.9153 since_improve=206
t=778520ms iter=2348 WAIST cost=56.0000 best_alt=50.0000 gap=6.0000 tried=5 sep_labels=50 clique_frac=0.01
t=778673ms iter=2348 REBUILD reject new_tc=67.1030 (was 59.9153)
t=778830ms iter=2348 incumb=59.9153 ratchet=59.9757 best=59.9153 since_improve=207
t=778840ms iter=2349 WAIST cost=56.0000 best_alt=50.0000 gap=6.0000 tried=5 sep_labels=50 clique_frac=0.01
t=778992ms iter=2349 REBUILD reject new_tc=61.5168 (was 59.9153)
t=779149ms iter=2349 incumb=59.9153 ratchet=59.9851 best=59.9153 since_improve=208
t=779156ms iter=2350 WAIST cost=56.0000 best_alt=52.0000 gap=4.0000 tried=5 sep_labels=52 clique_frac=0.01
t=779326ms iter=2350 REBUILD reject new_tc=61.6896 (was 59.9153)
t=779484ms iter=2350 incumb=59.9153 ratchet=60.1549 best=59.9153 since_improve=209
t=779493ms iter=2351 WAIST cost=56.0000 best_alt=51.0000 gap=5.0000 tried=5 sep_labels=51 clique_frac=0.01
t=779644ms iter=2351 REBUILD reject new_tc=61.4067 (was 59.9153)
t=779801ms iter=2351 incumb=59.9153 ratchet=60.0609 best=59.9153 since_improve=210
t=779809ms iter=2352 WAIST cost=56.0000 best_alt=51.0000 gap=5.0000 tried=5 sep_labels=51 clique_frac=0.01
t=779963ms iter=2352 REBUILD reject new_tc=61.5129 (was 59.9153)
t=780118ms iter=2352 incumb=59.9153 ratchet=60.0005 best=59.9153 since_improve=211
t=780125ms iter=2353 WAIST cost=56.0000 best_alt=52.0000 gap=4.0000 tried=5 sep_labels=52 clique_frac=0.01
t=780312ms iter=2353 REBUILD reject new_tc=60.6459 (was 59.9153)
t=780456ms iter=2353 incumb=59.9153 ratchet=59.9775 best=59.9153 since_improve=212
t=780464ms iter=2354 WAIST cost=56.0000 best_alt=51.0000 gap=5.0000 tried=5 sep_labels=51 clique_frac=0.01
t=780615ms iter=2354 REBUILD reject new_tc=61.4026 (was 59.9153)
t=780770ms iter=2354 incumb=59.9153 ratchet=59.9739 best=59.9153 since_improve=213
t=780779ms iter=2355 WAIST cost=56.0000 best_alt=49.0000 gap=7.0000 tried=5 sep_labels=49 clique_frac=0.01
t=780929ms iter=2355 REBUILD reject new_tc=61.3315 (was 59.9153)
t=781085ms iter=2355 incumb=59.9153 ratchet=59.9164 best=59.9153 since_improve=214
t=781095ms iter=2356 WAIST cost=56.0000 best_alt=52.0000 gap=4.0000 tried=5 sep_labels=52 clique_frac=0.01
t=781251ms iter=2356 REBUILD reject new_tc=70.0111 (was 59.9153)
t=781452ms iter=2356 incumb=59.9153 ratchet=59.9509 best=59.9153 since_improve=215
t=781459ms iter=2357 WAIST cost=56.0000 best_alt=52.0000 gap=4.0000 tried=5 sep_labels=52 clique_frac=0.01
t=781619ms iter=2357 REBUILD reject new_tc=64.2777 (was 59.9153)
t=781776ms iter=2357 incumb=59.9153 ratchet=59.9767 best=59.9153 since_improve=216
t=781784ms iter=2358 WAIST cost=56.0000 best_alt=49.0000 gap=7.0000 tried=5 sep_labels=49 clique_frac=0.01
t=781936ms iter=2358 REBUILD reject new_tc=61.3909 (was 59.9153)
t=782089ms iter=2358 incumb=59.9153 ratchet=59.9968 best=59.9153 since_improve=217
t=782097ms iter=2359 WAIST cost=56.0000 best_alt=51.0000 gap=5.0000 tried=5 sep_labels=51 clique_frac=0.01
t=782253ms iter=2359 REBUILD reject new_tc=75.0007 (was 59.9153)
t=782401ms iter=2359 incumb=59.9153 ratchet=60.0935 best=59.9153 since_improve=218
t=782409ms iter=2360 WAIST cost=56.0000 best_alt=49.0000 gap=7.0000 tried=5 sep_labels=49 clique_frac=0.01
t=782564ms iter=2360 REBUILD reject new_tc=61.7333 (was 59.9153)
t=782721ms iter=2360 incumb=59.9153 ratchet=60.0298 best=59.9153 since_improve=219
t=782728ms iter=2361 WAIST cost=56.0000 best_alt=52.0000 gap=4.0000 tried=5 sep_labels=52 clique_frac=0.01
t=782904ms iter=2361 REBUILD reject new_tc=61.2875 (was 59.9153)
t=783057ms iter=2361 incumb=59.9153 ratchet=59.9373 best=59.9153 since_improve=220
t=783066ms iter=2362 WAIST cost=56.0000 best_alt=50.0000 gap=6.0000 tried=5 sep_labels=50 clique_frac=0.01
t=783208ms iter=2362 REBUILD reject new_tc=69.0220 (was 59.9153)
t=783368ms iter=2362 incumb=59.9153 ratchet=59.9870 best=59.9153 since_improve=221
t=783377ms iter=2363 WAIST cost=56.0000 best_alt=52.0000 gap=4.0000 tried=5 sep_labels=52 clique_frac=0.01
t=783576ms iter=2363 REBUILD reject new_tc=60.6405 (was 59.9153)
t=783774ms iter=2363 incumb=59.9153 ratchet=60.0050 best=59.9153 since_improve=222
t=783787ms iter=2364 WAIST cost=56.0000 best_alt=52.0000 gap=4.0000 tried=5 sep_labels=52 clique_frac=0.01
t=783964ms iter=2364 REBUILD reject new_tc=61.4030 (was 59.9153)
t=784121ms iter=2364 incumb=59.9153 ratchet=59.9663 best=59.9153 since_improve=223
t=784129ms iter=2365 WAIST cost=56.0000 best_alt=52.0000 gap=4.0000 tried=5 sep_labels=52 clique_frac=0.01
t=784297ms iter=2365 REBUILD reject new_tc=62.7541 (was 59.9153)
t=784504ms iter=2365 incumb=59.9153 ratchet=60.0415 best=59.9153 since_improve=224
t=784516ms iter=2366 WAIST cost=56.0000 best_alt=52.0000 gap=4.0000 tried=5 sep_labels=52 clique_frac=0.01
t=784689ms iter=2366 REBUILD reject new_tc=61.3443 (was 59.9153)
t=784846ms iter=2366 incumb=59.9153 ratchet=60.0345 best=59.9153 since_improve=225
t=784854ms iter=2367 WAIST cost=56.0000 best_alt=52.0000 gap=4.0000 tried=5 sep_labels=52 clique_frac=0.01
t=785022ms iter=2367 REBUILD reject new_tc=61.3474 (was 59.9153)
t=785177ms iter=2367 incumb=59.9153 ratchet=60.0193 best=59.9153 since_improve=226
t=785185ms iter=2368 WAIST cost=56.0000 best_alt=51.0000 gap=5.0000 tried=5 sep_labels=51 clique_frac=0.01
t=785343ms iter=2368 REBUILD reject new_tc=61.0775 (was 59.9153)
t=785495ms iter=2368 incumb=59.9153 ratchet=60.0485 best=59.9153 since_improve=227
t=785501ms iter=2369 WAIST cost=56.0000 best_alt=52.0000 gap=4.0000 tried=5 sep_labels=52 clique_frac=0.01
t=785675ms iter=2369 REBUILD reject new_tc=60.6882 (was 59.9153)
t=785834ms iter=2369 incumb=59.9153 ratchet=60.0153 best=59.9153 since_improve=228
t=785843ms iter=2370 WAIST cost=56.0000 best_alt=51.0000 gap=5.0000 tried=5 sep_labels=51 clique_frac=0.01
t=786002ms iter=2370 REBUILD reject new_tc=61.2740 (was 59.9153)
t=786162ms iter=2370 incumb=59.9153 ratchet=60.0185 best=59.9153 since_improve=229
t=786171ms iter=2371 WAIST cost=56.0000 best_alt=49.0000 gap=7.0000 tried=5 sep_labels=49 clique_frac=0.01
t=786326ms iter=2371 REBUILD reject new_tc=61.5217 (was 59.9153)
t=786489ms iter=2371 incumb=59.9153 ratchet=60.0384 best=59.9153 since_improve=230
t=786495ms iter=2372 WAIST cost=56.0000 best_alt=52.0000 gap=4.0000 tried=5 sep_labels=52 clique_frac=0.01
t=786657ms iter=2372 REBUILD reject new_tc=65.3274 (was 59.9153)
t=786811ms iter=2372 incumb=59.9153 ratchet=59.9224 best=59.9153 since_improve=231
t=786820ms iter=2373 WAIST cost=56.0000 best_alt=50.0000 gap=6.0000 tried=5 sep_labels=50 clique_frac=0.01
t=786968ms iter=2373 REBUILD reject new_tc=77.0000 (was 59.9153)
t=787141ms iter=2373 incumb=59.9153 ratchet=60.0152 best=59.9153 since_improve=232
t=787148ms iter=2374 WAIST cost=56.0000 best_alt=52.0000 gap=4.0000 tried=5 sep_labels=52 clique_frac=0.01
t=787323ms iter=2374 REBUILD reject new_tc=61.3182 (was 59.9153)
t=787475ms iter=2374 incumb=59.9153 ratchet=60.0430 best=59.9153 since_improve=233
t=787483ms iter=2375 WAIST cost=56.0000 best_alt=52.0000 gap=4.0000 tried=5 sep_labels=52 clique_frac=0.01
t=787650ms iter=2375 REBUILD reject new_tc=65.6059 (was 59.9153)
t=787805ms iter=2375 incumb=59.9153 ratchet=60.0061 best=59.9153 since_improve=234
t=787813ms iter=2376 WAIST cost=56.0000 best_alt=52.0000 gap=4.0000 tried=5 sep_labels=52 clique_frac=0.01
t=787981ms iter=2376 REBUILD reject new_tc=61.2787 (was 59.9153)
t=788137ms iter=2376 incumb=59.9153 ratchet=59.9814 best=59.9153 since_improve=235
t=788145ms iter=2377 WAIST cost=56.0000 best_alt=52.0000 gap=4.0000 tried=5 sep_labels=52 clique_frac=0.01
t=788311ms iter=2377 REBUILD reject new_tc=65.4611 (was 59.9153)
t=788465ms iter=2377 incumb=59.9153 ratchet=60.0830 best=59.9153 since_improve=236
t=788473ms iter=2378 WAIST cost=56.0000 best_alt=52.0000 gap=4.0000 tried=5 sep_labels=52 clique_frac=0.01
t=788641ms iter=2378 REBUILD reject new_tc=60.7328 (was 59.9153)
t=788798ms iter=2378 incumb=59.9153 ratchet=60.3466 best=59.9153 since_improve=237
t=788807ms iter=2379 WAIST cost=56.0000 best_alt=52.0000 gap=4.0000 tried=5 sep_labels=52 clique_frac=0.01
t=788979ms iter=2379 REBUILD reject new_tc=67.8069 (was 59.9153)
t=789139ms iter=2379 incumb=59.9153 ratchet=60.0768 best=59.9153 since_improve=238
t=789146ms iter=2380 WAIST cost=56.0000 best_alt=52.0000 gap=4.0000 tried=5 sep_labels=52 clique_frac=0.01
t=789316ms iter=2380 REBUILD reject new_tc=61.5365 (was 59.9153)
t=789468ms iter=2380 incumb=59.9153 ratchet=60.1201 best=59.9153 since_improve=239
t=789476ms iter=2381 WAIST cost=56.0000 best_alt=51.0000 gap=5.0000 tried=5 sep_labels=51 clique_frac=0.01
t=789616ms iter=2381 REBUILD reject new_tc=74.0160 (was 59.9153)
t=789768ms iter=2381 incumb=59.9153 ratchet=59.9983 best=59.9153 since_improve=240
t=789778ms iter=2382 WAIST cost=56.0000 best_alt=51.0000 gap=5.0000 tried=5 sep_labels=51 clique_frac=0.01
t=789946ms iter=2382 REBUILD reject new_tc=61.4443 (was 59.9153)
t=790101ms iter=2382 incumb=59.9153 ratchet=60.0314 best=59.9153 since_improve=241
t=790109ms iter=2383 WAIST cost=56.0000 best_alt=52.0000 gap=4.0000 tried=5 sep_labels=52 clique_frac=0.01
t=790279ms iter=2383 REBUILD reject new_tc=60.8818 (was 59.9153)
t=790438ms iter=2383 incumb=59.9153 ratchet=60.0167 best=59.9153 since_improve=242
t=790447ms iter=2384 WAIST cost=56.0000 best_alt=51.0000 gap=5.0000 tried=5 sep_labels=51 clique_frac=0.01
t=790591ms iter=2384 REBUILD reject new_tc=75.0005 (was 59.9153)
t=790747ms iter=2384 incumb=59.9153 ratchet=59.9751 best=59.9153 since_improve=243
t=790755ms iter=2385 WAIST cost=56.0000 best_alt=50.0000 gap=6.0000 tried=5 sep_labels=50 clique_frac=0.01
t=790907ms iter=2385 REBUILD reject new_tc=63.3574 (was 59.9153)
t=791059ms iter=2385 incumb=59.9153 ratchet=59.9671 best=59.9153 since_improve=244
t=791068ms iter=2386 WAIST cost=56.0000 best_alt=50.0000 gap=6.0000 tried=5 sep_labels=50 clique_frac=0.01
t=791228ms iter=2386 REBUILD reject new_tc=71.0602 (was 59.9153)
t=791397ms iter=2386 incumb=59.9153 ratchet=59.9867 best=59.9153 since_improve=245
t=791406ms iter=2387 WAIST cost=56.0000 best_alt=52.0000 gap=4.0000 tried=5 sep_labels=52 clique_frac=0.01
t=791578ms iter=2387 REBUILD reject new_tc=61.7427 (was 59.9153)
t=791733ms iter=2387 incumb=59.9153 ratchet=59.9982 best=59.9153 since_improve=246
t=791742ms iter=2388 WAIST cost=56.0000 best_alt=49.0000 gap=7.0000 tried=5 sep_labels=49 clique_frac=0.01
t=791892ms iter=2388 REBUILD reject new_tc=61.5520 (was 59.9153)
t=792054ms iter=2388 incumb=59.9153 ratchet=59.9559 best=59.9153 since_improve=247
t=792063ms iter=2389 WAIST cost=56.0000 best_alt=52.0000 gap=4.0000 tried=5 sep_labels=52 clique_frac=0.01
t=792237ms iter=2389 REBUILD reject new_tc=61.5034 (was 59.9153)
t=792387ms iter=2389 incumb=59.9153 ratchet=60.0151 best=59.9153 since_improve=248
t=792395ms iter=2390 WAIST cost=56.0000 best_alt=52.0000 gap=4.0000 tried=5 sep_labels=52 clique_frac=0.01
t=792559ms iter=2390 REBUILD reject new_tc=60.6768 (was 59.9153)
t=792716ms iter=2390 incumb=59.9153 ratchet=59.9386 best=59.9153 since_improve=249
t=792723ms iter=2391 WAIST cost=56.0000 best_alt=52.0000 gap=4.0000 tried=5 sep_labels=52 clique_frac=0.01
t=792886ms iter=2391 REBUILD reject new_tc=67.5398 (was 59.9153)
t=793038ms iter=2391 incumb=59.9153 ratchet=59.9823 best=59.9153 since_improve=250
t=793047ms iter=2392 WAIST cost=56.0000 best_alt=52.0000 gap=4.0000 tried=5 sep_labels=52 clique_frac=0.01
t=793215ms iter=2392 REBUILD reject new_tc=65.3670 (was 59.9153)
t=793368ms iter=2392 incumb=59.9153 ratchet=59.9584 best=59.9153 since_improve=251
t=793376ms iter=2393 WAIST cost=56.0000 best_alt=52.0000 gap=4.0000 tried=5 sep_labels=52 clique_frac=0.01
t=793542ms iter=2393 REBUILD reject new_tc=63.1236 (was 59.9153)
t=793699ms iter=2393 incumb=59.9153 ratchet=60.1549 best=59.9153 since_improve=252
t=793707ms iter=2394 WAIST cost=56.0000 best_alt=52.0000 gap=4.0000 tried=5 sep_labels=52 clique_frac=0.01
t=793874ms iter=2394 REBUILD reject new_tc=61.4168 (was 59.9153)
t=794032ms iter=2394 incumb=59.9153 ratchet=59.9620 best=59.9153 since_improve=253
t=794040ms iter=2395 WAIST cost=56.0000 best_alt=52.0000 gap=4.0000 tried=5 sep_labels=52 clique_frac=0.01
t=794214ms iter=2395 REBUILD reject new_tc=61.4645 (was 59.9153)
t=794411ms iter=2395 incumb=59.9153 ratchet=60.5614 best=59.9153 since_improve=254
t=794418ms iter=2396 WAIST cost=56.0000 best_alt=52.0000 gap=4.0000 tried=5 sep_labels=52 clique_frac=0.01
t=794580ms iter=2396 REBUILD reject new_tc=65.2133 (was 59.9153)
t=794736ms iter=2396 incumb=59.9153 ratchet=59.9754 best=59.9153 since_improve=255
t=794745ms iter=2397 WAIST cost=56.0000 best_alt=51.0000 gap=5.0000 tried=5 sep_labels=51 clique_frac=0.01
t=794912ms iter=2397 REBUILD reject new_tc=60.4515 (was 59.9153)
t=795059ms iter=2397 incumb=59.9153 ratchet=59.9542 best=59.9153 since_improve=256
t=795067ms iter=2398 WAIST cost=56.0000 best_alt=49.0000 gap=7.0000 tried=5 sep_labels=49 clique_frac=0.01
t=795206ms iter=2398 REBUILD reject new_tc=74.0013 (was 59.9153)
t=795360ms iter=2398 incumb=59.9153 ratchet=60.0165 best=59.9153 since_improve=257
t=795368ms iter=2399 WAIST cost=56.0000 best_alt=50.0000 gap=6.0000 tried=5 sep_labels=50 clique_frac=0.01
t=795517ms iter=2399 REBUILD reject new_tc=61.6046 (was 59.9153)
t=795672ms iter=2399 incumb=59.9153 ratchet=60.0640 best=59.9153 since_improve=258
t=795679ms iter=2400 WAIST cost=56.0000 best_alt=52.0000 gap=4.0000 tried=5 sep_labels=52 clique_frac=0.01
t=795843ms iter=2400 REBUILD reject new_tc=65.5417 (was 59.9153)
t=795999ms iter=2400 incumb=59.9153 ratchet=59.9732 best=59.9153 since_improve=259
t=796008ms iter=2401 WAIST cost=56.0000 best_alt=52.0000 gap=4.0000 tried=5 sep_labels=52 clique_frac=0.01
t=796177ms iter=2401 REBUILD reject new_tc=65.3532 (was 59.9153)
t=796329ms iter=2401 incumb=59.9153 ratchet=60.0301 best=59.9153 since_improve=260
t=796337ms iter=2402 WAIST cost=56.0000 best_alt=52.0000 gap=4.0000 tried=5 sep_labels=52 clique_frac=0.01
t=796510ms iter=2402 REBUILD reject new_tc=61.3035 (was 59.9153)
t=796669ms iter=2402 incumb=59.9153 ratchet=60.0414 best=59.9153 since_improve=261
t=796678ms iter=2403 WAIST cost=56.0000 best_alt=52.0000 gap=4.0000 tried=5 sep_labels=52 clique_frac=0.01
t=796849ms iter=2403 REBUILD reject new_tc=67.4629 (was 59.9153)
t=797012ms iter=2403 incumb=59.9153 ratchet=60.1871 best=59.9153 since_improve=262
t=797019ms iter=2404 WAIST cost=56.0000 best_alt=52.0000 gap=4.0000 tried=5 sep_labels=52 clique_frac=0.01
t=797190ms iter=2404 REBUILD reject new_tc=61.4002 (was 59.9153)
t=797339ms iter=2404 incumb=59.9153 ratchet=60.0029 best=59.9153 since_improve=263
t=797346ms iter=2405 WAIST cost=56.0000 best_alt=51.0000 gap=5.0000 tried=5 sep_labels=51 clique_frac=0.01
t=797499ms iter=2405 REBUILD reject new_tc=61.4523 (was 59.9153)
t=797656ms iter=2405 incumb=59.9153 ratchet=59.9956 best=59.9153 since_improve=264
t=797664ms iter=2406 WAIST cost=56.0000 best_alt=51.0000 gap=5.0000 tried=5 sep_labels=51 clique_frac=0.01
t=797818ms iter=2406 REBUILD reject new_tc=61.3783 (was 59.9153)
t=797969ms iter=2406 incumb=59.9153 ratchet=60.0932 best=59.9153 since_improve=265
t=797976ms iter=2407 WAIST cost=56.0000 best_alt=50.0000 gap=6.0000 tried=5 sep_labels=50 clique_frac=0.01
t=798129ms iter=2407 REBUILD reject new_tc=61.1269 (was 59.9153)
t=798279ms iter=2407 incumb=59.9153 ratchet=60.0547 best=59.9153 since_improve=266
t=798288ms iter=2408 WAIST cost=56.0000 best_alt=51.0000 gap=5.0000 tried=5 sep_labels=51 clique_frac=0.01
t=798440ms iter=2408 REBUILD reject new_tc=61.3765 (was 59.9153)
t=798594ms iter=2408 incumb=59.9153 ratchet=59.9789 best=59.9153 since_improve=267
t=798600ms iter=2409 WAIST cost=56.0000 best_alt=51.0000 gap=5.0000 tried=5 sep_labels=51 clique_frac=0.01
t=798754ms iter=2409 REBUILD reject new_tc=61.1932 (was 59.9153)
t=798909ms iter=2409 incumb=59.9153 ratchet=59.9623 best=59.9153 since_improve=268
t=798917ms iter=2410 WAIST cost=56.0000 best_alt=52.0000 gap=4.0000 tried=5 sep_labels=52 clique_frac=0.01
t=799082ms iter=2410 REBUILD reject new_tc=67.3321 (was 59.9153)
t=799240ms iter=2410 incumb=59.9153 ratchet=60.0172 best=59.9153 since_improve=269
t=799248ms iter=2411 WAIST cost=56.0000 best_alt=51.0000 gap=5.0000 tried=5 sep_labels=51 clique_frac=0.01
t=799396ms iter=2411 REBUILD reject new_tc=61.4287 (was 59.9153)
t=799553ms iter=2411 incumb=59.9153 ratchet=60.1854 best=59.9153 since_improve=270
t=799563ms iter=2412 WAIST cost=56.0000 best_alt=52.0000 gap=4.0000 tried=5 sep_labels=52 clique_frac=0.01
t=799732ms iter=2412 REBUILD reject new_tc=60.1289 (was 59.9153)
t=799884ms iter=2412 incumb=59.9153 ratchet=60.0558 best=59.9153 since_improve=271
t=799893ms iter=2413 WAIST cost=56.0000 best_alt=52.0000 gap=4.0000 tried=5 sep_labels=52 clique_frac=0.01
t=800065ms iter=2413 REBUILD reject new_tc=60.6969 (was 59.9153)
t=800221ms iter=2413 incumb=59.9153 ratchet=59.9490 best=59.9153 since_improve=272
t=800230ms iter=2414 WAIST cost=56.0000 best_alt=49.0000 gap=7.0000 tried=5 sep_labels=49 clique_frac=0.01
t=800383ms iter=2414 REBUILD reject new_tc=61.2904 (was 59.9153)
t=800529ms iter=2414 incumb=59.9153 ratchet=59.9663 best=59.9153 since_improve=273
t=800537ms iter=2415 WAIST cost=56.0000 best_alt=51.0000 gap=5.0000 tried=5 sep_labels=51 clique_frac=0.01
t=800691ms iter=2415 REBUILD reject new_tc=61.5449 (was 59.9153)
t=800847ms iter=2415 incumb=59.9153 ratchet=60.0245 best=59.9153 since_improve=274
t=800858ms iter=2416 WAIST cost=56.0000 best_alt=52.0000 gap=4.0000 tried=5 sep_labels=52 clique_frac=0.01
t=801025ms iter=2416 REBUILD reject new_tc=60.7691 (was 59.9153)
t=801183ms iter=2416 incumb=59.9153 ratchet=60.0713 best=59.9153 since_improve=275
t=801194ms iter=2417 WAIST cost=56.0000 best_alt=50.0000 gap=6.0000 tried=5 sep_labels=50 clique_frac=0.01
t=801351ms iter=2417 REBUILD reject new_tc=61.4749 (was 59.9153)
t=801508ms iter=2417 incumb=59.9153 ratchet=60.1230 best=59.9153 since_improve=276
t=801517ms iter=2418 WAIST cost=56.0000 best_alt=49.0000 gap=7.0000 tried=5 sep_labels=49 clique_frac=0.01
t=801662ms iter=2418 REBUILD reject new_tc=62.2681 (was 59.9153)
t=801815ms iter=2418 incumb=59.9153 ratchet=60.0567 best=59.9153 since_improve=277
t=801825ms iter=2419 WAIST cost=56.0000 best_alt=49.0000 gap=7.0000 tried=5 sep_labels=49 clique_frac=0.01
t=801978ms iter=2419 REBUILD reject new_tc=61.6649 (was 59.9153)
t=802132ms iter=2419 incumb=59.9153 ratchet=60.0959 best=59.9153 since_improve=278
t=802140ms iter=2420 WAIST cost=56.0000 best_alt=52.0000 gap=4.0000 tried=5 sep_labels=52 clique_frac=0.01
t=802299ms iter=2420 REBUILD reject new_tc=76.0001 (was 59.9153)
t=802452ms iter=2420 incumb=59.9153 ratchet=60.1023 best=59.9153 since_improve=279
t=802461ms iter=2421 WAIST cost=56.0000 best_alt=51.0000 gap=5.0000 tried=5 sep_labels=51 clique_frac=0.02
t=802614ms iter=2421 REBUILD reject new_tc=61.7105 (was 59.9153)
t=802766ms iter=2421 incumb=59.9153 ratchet=60.0685 best=59.9153 since_improve=280
t=802776ms iter=2422 WAIST cost=56.0000 best_alt=51.0000 gap=5.0000 tried=5 sep_labels=51 clique_frac=0.01
t=802931ms iter=2422 REBUILD reject new_tc=61.1169 (was 59.9153)
t=803084ms iter=2422 incumb=59.9153 ratchet=60.0107 best=59.9153 since_improve=281
t=803091ms iter=2423 WAIST cost=56.0000 best_alt=52.0000 gap=4.0000 tried=5 sep_labels=52 clique_frac=0.01
t=803262ms iter=2423 REBUILD reject new_tc=66.0718 (was 59.9153)
t=803421ms iter=2423 incumb=59.9153 ratchet=59.9437 best=59.9153 since_improve=282
t=803428ms iter=2424 WAIST cost=56.0000 best_alt=51.0000 gap=5.0000 tried=5 sep_labels=51 clique_frac=0.01
t=803581ms iter=2424 REBUILD reject new_tc=61.1997 (was 59.9153)
t=803737ms iter=2424 incumb=59.9153 ratchet=60.0450 best=59.9153 since_improve=283
t=803746ms iter=2425 WAIST cost=56.0000 best_alt=51.0000 gap=5.0000 tried=5 sep_labels=51 clique_frac=0.01
t=803891ms iter=2425 REBUILD reject new_tc=67.3383 (was 59.9153)
t=804040ms iter=2425 incumb=59.9153 ratchet=59.9355 best=59.9153 since_improve=284
t=804050ms iter=2426 WAIST cost=56.0000 best_alt=51.0000 gap=5.0000 tried=5 sep_labels=51 clique_frac=0.01
t=804208ms iter=2426 REBUILD reject new_tc=61.6256 (was 59.9153)
t=804371ms iter=2426 incumb=59.9153 ratchet=60.0521 best=59.9153 since_improve=285
t=804378ms iter=2427 WAIST cost=56.0000 best_alt=52.0000 gap=4.0000 tried=5 sep_labels=52 clique_frac=0.01
t=804547ms iter=2427 REBUILD reject new_tc=60.4957 (was 59.9153)
t=804706ms iter=2427 incumb=59.9153 ratchet=59.9314 best=59.9153 since_improve=286
t=804714ms iter=2428 WAIST cost=56.0000 best_alt=52.0000 gap=4.0000 tried=5 sep_labels=52 clique_frac=0.01
t=804878ms iter=2428 REBUILD reject new_tc=65.1471 (was 59.9153)
t=805036ms iter=2428 incumb=59.9153 ratchet=60.0175 best=59.9153 since_improve=287
t=805045ms iter=2429 WAIST cost=56.0000 best_alt=50.0000 gap=6.0000 tried=5 sep_labels=50 clique_frac=0.01
t=805198ms iter=2429 REBUILD reject new_tc=60.7526 (was 59.9153)
t=805360ms iter=2429 incumb=59.9153 ratchet=60.0470 best=59.9153 since_improve=288
t=805367ms iter=2430 WAIST cost=56.0000 best_alt=52.0000 gap=4.0000 tried=5 sep_labels=52 clique_frac=0.01
t=805540ms iter=2430 REBUILD reject new_tc=61.0719 (was 59.9153)
t=805693ms iter=2430 incumb=59.9153 ratchet=60.2081 best=59.9153 since_improve=289
t=805701ms iter=2431 WAIST cost=56.0000 best_alt=52.0000 gap=4.0000 tried=5 sep_labels=52 clique_frac=0.01
t=805866ms iter=2431 REBUILD reject new_tc=67.4390 (was 59.9153)
t=806022ms iter=2431 incumb=59.9153 ratchet=60.0218 best=59.9153 since_improve=290
t=806032ms iter=2432 WAIST cost=56.0000 best_alt=51.0000 gap=5.0000 tried=5 sep_labels=51 clique_frac=0.01
t=806174ms iter=2432 REBUILD reject new_tc=64.4232 (was 59.9153)
t=806333ms iter=2432 incumb=59.9153 ratchet=60.0305 best=59.9153 since_improve=291
t=806341ms iter=2433 WAIST cost=56.0000 best_alt=51.0000 gap=5.0000 tried=5 sep_labels=51 clique_frac=0.01
t=806497ms iter=2433 REBUILD reject new_tc=61.7911 (was 59.9153)
t=806656ms iter=2433 incumb=59.9153 ratchet=59.9779 best=59.9153 since_improve=292
t=806664ms iter=2434 WAIST cost=56.0000 best_alt=51.0000 gap=5.0000 tried=5 sep_labels=51 clique_frac=0.01
t=806815ms iter=2434 REBUILD reject new_tc=61.2177 (was 59.9153)
t=806970ms iter=2434 incumb=59.9153 ratchet=59.9768 best=59.9153 since_improve=293
t=806978ms iter=2435 WAIST cost=56.0000 best_alt=51.0000 gap=5.0000 tried=5 sep_labels=51 clique_frac=0.01
t=807127ms iter=2435 REBUILD reject new_tc=61.4143 (was 59.9153)
t=807286ms iter=2435 incumb=59.9153 ratchet=60.0273 best=59.9153 since_improve=294
t=807295ms iter=2436 WAIST cost=56.0000 best_alt=51.0000 gap=5.0000 tried=5 sep_labels=51 clique_frac=0.01
t=807439ms iter=2436 REBUILD reject new_tc=61.6936 (was 59.9153)
t=807595ms iter=2436 incumb=59.9153 ratchet=59.9622 best=59.9153 since_improve=295
t=807604ms iter=2437 WAIST cost=56.0000 best_alt=49.0000 gap=7.0000 tried=5 sep_labels=49 clique_frac=0.01
t=807755ms iter=2437 REBUILD reject new_tc=61.1980 (was 59.9153)
t=807913ms iter=2437 incumb=59.9153 ratchet=59.9862 best=59.9153 since_improve=296
t=807921ms iter=2438 WAIST cost=56.0000 best_alt=52.0000 gap=4.0000 tried=5 sep_labels=52 clique_frac=0.01
t=808094ms iter=2438 REBUILD reject new_tc=61.4976 (was 59.9153)
t=808250ms iter=2438 incumb=59.9153 ratchet=60.0067 best=59.9153 since_improve=297
t=808257ms iter=2439 WAIST cost=56.0000 best_alt=52.0000 gap=4.0000 tried=5 sep_labels=52 clique_frac=0.01
t=808432ms iter=2439 REBUILD reject new_tc=61.0362 (was 59.9153)
t=808590ms iter=2439 incumb=59.9153 ratchet=59.9260 best=59.9153 since_improve=298
t=808600ms iter=2440 WAIST cost=56.0000 best_alt=51.0000 gap=5.0000 tried=5 sep_labels=51 clique_frac=0.01
t=808756ms iter=2440 REBUILD reject new_tc=61.4965 (was 59.9153)
t=808910ms iter=2440 incumb=59.9153 ratchet=59.9579 best=59.9153 since_improve=299
t=808919ms iter=2441 WAIST cost=56.0000 best_alt=51.0000 gap=5.0000 tried=5 sep_labels=51 clique_frac=0.01
t=809071ms iter=2441 REBUILD reject new_tc=61.1719 (was 59.9153)
t=809224ms iter=2441 incumb=59.9153 ratchet=60.0612 best=59.9153 since_improve=300
t=809231ms iter=2442 WAIST cost=56.0000 best_alt=52.0000 gap=4.0000 tried=5 sep_labels=52 clique_frac=0.01
t=809400ms iter=2442 REBUILD reject new_tc=66.2607 (was 59.9153)
t=809555ms iter=2442 incumb=59.9153 ratchet=60.0125 best=59.9153 since_improve=301
t=809564ms iter=2443 WAIST cost=56.0000 best_alt=52.0000 gap=4.0000 tried=5 sep_labels=52 clique_frac=0.01
t=809732ms iter=2443 REBUILD reject new_tc=64.1058 (was 59.9153)
t=809882ms iter=2443 incumb=59.9153 ratchet=60.0026 best=59.9153 since_improve=302
t=809892ms iter=2444 WAIST cost=56.0000 best_alt=49.0000 gap=7.0000 tried=5 sep_labels=49 clique_frac=0.01
t=810045ms iter=2444 REBUILD reject new_tc=61.1278 (was 59.9153)
t=810203ms iter=2444 incumb=59.9153 ratchet=59.9915 best=59.9153 since_improve=303
t=810210ms iter=2445 WAIST cost=56.0000 best_alt=52.0000 gap=4.0000 tried=5 sep_labels=52 clique_frac=0.01
t=810378ms iter=2445 REBUILD reject new_tc=67.3366 (was 59.9153)
t=810531ms iter=2445 incumb=59.9153 ratchet=60.1507 best=59.9153 since_improve=304
t=810540ms iter=2446 WAIST cost=56.0000 best_alt=52.0000 gap=4.0000 tried=5 sep_labels=52 clique_frac=0.01
t=810708ms iter=2446 REBUILD reject new_tc=61.4375 (was 59.9153)
t=810865ms iter=2446 incumb=59.9153 ratchet=59.9623 best=59.9153 since_improve=305
t=810873ms iter=2447 WAIST cost=56.0000 best_alt=51.0000 gap=5.0000 tried=5 sep_labels=51 clique_frac=0.01
t=811045ms iter=2447 REBUILD reject new_tc=61.2554 (was 59.9153)
t=811202ms iter=2447 incumb=59.9153 ratchet=59.9869 best=59.9153 since_improve=306
t=811210ms iter=2448 WAIST cost=56.0000 best_alt=52.0000 gap=4.0000 tried=5 sep_labels=52 clique_frac=0.01
t=811376ms iter=2448 REBUILD reject new_tc=66.9703 (was 59.9153)
t=811531ms iter=2448 incumb=59.9153 ratchet=60.1112 best=59.9153 since_improve=307
t=811540ms iter=2449 WAIST cost=56.0000 best_alt=52.0000 gap=4.0000 tried=5 sep_labels=52 clique_frac=0.01
t=811713ms iter=2449 REBUILD reject new_tc=61.3751 (was 59.9153)
t=811867ms iter=2449 incumb=59.9153 ratchet=60.6187 best=59.9153 since_improve=308
t=811877ms iter=2450 WAIST cost=56.0000 best_alt=51.0000 gap=5.0000 tried=5 sep_labels=51 clique_frac=0.01
t=812032ms iter=2450 REBUILD reject new_tc=61.5077 (was 59.9153)
t=812186ms iter=2450 incumb=59.9153 ratchet=59.9178 best=59.9153 since_improve=309
t=812195ms iter=2451 WAIST cost=56.0000 best_alt=52.0000 gap=4.0000 tried=5 sep_labels=52 clique_frac=0.01
t=812363ms iter=2451 REBUILD reject new_tc=61.0640 (was 59.9153)
t=812521ms iter=2451 incumb=59.9153 ratchet=60.0383 best=59.9153 since_improve=310
t=812531ms iter=2452 WAIST cost=56.0000 best_alt=51.0000 gap=5.0000 tried=5 sep_labels=51 clique_frac=0.01
t=812680ms iter=2452 REBUILD reject new_tc=72.7604 (was 59.9153)
t=812833ms iter=2452 incumb=59.9153 ratchet=60.0472 best=59.9153 since_improve=311
t=812842ms iter=2453 WAIST cost=56.0000 best_alt=49.0000 gap=7.0000 tried=5 sep_labels=49 clique_frac=0.01
t=812998ms iter=2453 REBUILD reject new_tc=61.7997 (was 59.9153)
t=813157ms iter=2453 incumb=59.9153 ratchet=59.9966 best=59.9153 since_improve=312
t=813168ms iter=2454 WAIST cost=56.0000 best_alt=51.0000 gap=5.0000 tried=5 sep_labels=51 clique_frac=0.01
t=813303ms iter=2454 REBUILD reject new_tc=77.0000 (was 59.9153)
t=813458ms iter=2454 incumb=59.9153 ratchet=60.0039 best=59.9153 since_improve=313
t=813465ms iter=2455 WAIST cost=56.0000 best_alt=52.0000 gap=4.0000 tried=5 sep_labels=52 clique_frac=0.01
t=813621ms iter=2455 REBUILD reject new_tc=80.0000 (was 59.9153)
t=813775ms iter=2455 incumb=59.9153 ratchet=60.1043 best=59.9153 since_improve=314
t=813783ms iter=2456 WAIST cost=56.0000 best_alt=52.0000 gap=4.0000 tried=5 sep_labels=52 clique_frac=0.01
t=813946ms iter=2456 REBUILD reject new_tc=67.3102 (was 59.9153)
t=814105ms iter=2456 incumb=59.9153 ratchet=59.9978 best=59.9153 since_improve=315
t=814114ms iter=2457 WAIST cost=56.0000 best_alt=52.0000 gap=4.0000 tried=5 sep_labels=52 clique_frac=0.01
t=814278ms iter=2457 REBUILD reject new_tc=61.3000 (was 59.9153)
t=814432ms iter=2457 incumb=59.9153 ratchet=60.0236 best=59.9153 since_improve=316
t=814445ms iter=2458 WAIST cost=56.0000 best_alt=51.0000 gap=5.0000 tried=5 sep_labels=51 clique_frac=0.01
t=814614ms iter=2458 REBUILD reject new_tc=60.5256 (was 59.9153)
t=814773ms iter=2458 incumb=59.9153 ratchet=60.0152 best=59.9153 since_improve=317
t=814782ms iter=2459 WAIST cost=56.0000 best_alt=52.0000 gap=4.0000 tried=5 sep_labels=52 clique_frac=0.01
t=814943ms iter=2459 REBUILD reject new_tc=66.4410 (was 59.9153)
t=815104ms iter=2459 incumb=59.9153 ratchet=60.1507 best=59.9153 since_improve=318
t=815113ms iter=2460 WAIST cost=56.0000 best_alt=51.0000 gap=5.0000 tried=5 sep_labels=51 clique_frac=0.01
t=815262ms iter=2460 REBUILD reject new_tc=63.2912 (was 59.9153)
t=815421ms iter=2460 incumb=59.9153 ratchet=59.9983 best=59.9153 since_improve=319
t=815429ms iter=2461 WAIST cost=56.0000 best_alt=52.0000 gap=4.0000 tried=5 sep_labels=52 clique_frac=0.01
t=815601ms iter=2461 REBUILD reject new_tc=61.3460 (was 59.9153)
t=815756ms iter=2461 incumb=59.9153 ratchet=59.9852 best=59.9153 since_improve=320
t=815764ms iter=2462 WAIST cost=56.0000 best_alt=52.0000 gap=4.0000 tried=5 sep_labels=52 clique_frac=0.01
t=815932ms iter=2462 REBUILD reject new_tc=61.8386 (was 59.9153)
t=816094ms iter=2462 incumb=59.9153 ratchet=59.9282 best=59.9153 since_improve=321
t=816103ms iter=2463 WAIST cost=56.0000 best_alt=52.0000 gap=4.0000 tried=5 sep_labels=52 clique_frac=0.01
t=816267ms iter=2463 REBUILD reject new_tc=67.5048 (was 59.9153)
t=816424ms iter=2463 incumb=59.9153 ratchet=60.0732 best=59.9153 since_improve=322
t=816431ms iter=2464 WAIST cost=56.0000 best_alt=52.0000 gap=4.0000 tried=5 sep_labels=52 clique_frac=0.01
t=816600ms iter=2464 REBUILD reject new_tc=61.3176 (was 59.9153)
t=816756ms iter=2464 incumb=59.9153 ratchet=60.0040 best=59.9153 since_improve=323
t=816764ms iter=2465 WAIST cost=56.0000 best_alt=51.0000 gap=5.0000 tried=5 sep_labels=51 clique_frac=0.01
t=816916ms iter=2465 REBUILD reject new_tc=61.4680 (was 59.9153)
t=817063ms iter=2465 incumb=59.9153 ratchet=60.2911 best=59.9153 since_improve=324
t=817069ms iter=2466 WAIST cost=56.0000 best_alt=52.0000 gap=4.0000 tried=5 sep_labels=52 clique_frac=0.01
t=817239ms iter=2466 REBUILD reject new_tc=61.3653 (was 59.9153)
t=817389ms iter=2466 incumb=59.9153 ratchet=60.0413 best=59.9153 since_improve=325
t=817395ms iter=2467 WAIST cost=56.0000 best_alt=52.0000 gap=4.0000 tried=5 sep_labels=52 clique_frac=0.01
t=817570ms iter=2467 REBUILD reject new_tc=61.4737 (was 59.9153)
t=817722ms iter=2467 incumb=59.9153 ratchet=59.9612 best=59.9153 since_improve=326
t=817730ms iter=2468 WAIST cost=56.0000 best_alt=52.0000 gap=4.0000 tried=5 sep_labels=52 clique_frac=0.01
t=817887ms iter=2468 REBUILD reject new_tc=71.0041 (was 59.9153)
t=818043ms iter=2468 incumb=59.9153 ratchet=60.0693 best=59.9153 since_improve=327
t=818053ms iter=2469 WAIST cost=56.0000 best_alt=51.0000 gap=5.0000 tried=5 sep_labels=51 clique_frac=0.01
t=818204ms iter=2469 REBUILD reject new_tc=61.5217 (was 59.9153)
t=818362ms iter=2469 incumb=59.9153 ratchet=60.4516 best=59.9153 since_improve=328
t=818370ms iter=2470 WAIST cost=56.0000 best_alt=51.0000 gap=5.0000 tried=5 sep_labels=51 clique_frac=0.01
t=818513ms iter=2470 REBUILD reject new_tc=67.8284 (was 59.9153)
t=818665ms iter=2470 incumb=59.9153 ratchet=60.0158 best=59.9153 since_improve=329
t=818673ms iter=2471 WAIST cost=56.0000 best_alt=52.0000 gap=4.0000 tried=5 sep_labels=52 clique_frac=0.01
t=818840ms iter=2471 REBUILD reject new_tc=67.3442 (was 59.9153)
t=818996ms iter=2471 incumb=59.9153 ratchet=60.0044 best=59.9153 since_improve=330
t=819005ms iter=2472 WAIST cost=56.0000 best_alt=52.0000 gap=4.0000 tried=5 sep_labels=52 clique_frac=0.01
t=819171ms iter=2472 REBUILD reject new_tc=65.9814 (was 59.9153)
t=819329ms iter=2472 incumb=59.9153 ratchet=60.0295 best=59.9153 since_improve=331
t=819339ms iter=2473 WAIST cost=56.0000 best_alt=52.0000 gap=4.0000 tried=5 sep_labels=52 clique_frac=0.01
t=819508ms iter=2473 REBUILD reject new_tc=60.9671 (was 59.9153)
t=819664ms iter=2473 incumb=59.9153 ratchet=60.0159 best=59.9153 since_improve=332
t=819672ms iter=2474 WAIST cost=56.0000 best_alt=52.0000 gap=4.0000 tried=5 sep_labels=52 clique_frac=0.01
t=819837ms iter=2474 REBUILD reject new_tc=61.3440 (was 59.9153)
t=819995ms iter=2474 incumb=59.9153 ratchet=59.9563 best=59.9153 since_improve=333
t=820005ms iter=2475 WAIST cost=56.0000 best_alt=50.0000 gap=6.0000 tried=5 sep_labels=50 clique_frac=0.01
t=820163ms iter=2475 REBUILD reject new_tc=61.2518 (was 59.9153)
t=820318ms iter=2475 incumb=59.9153 ratchet=59.9928 best=59.9153 since_improve=334
t=820326ms iter=2476 WAIST cost=56.0000 best_alt=51.0000 gap=5.0000 tried=5 sep_labels=51 clique_frac=0.01
t=820484ms iter=2476 REBUILD reject new_tc=61.3085 (was 59.9153)
t=820640ms iter=2476 incumb=59.9153 ratchet=60.0682 best=59.9153 since_improve=335
t=820647ms iter=2477 WAIST cost=56.0000 best_alt=50.0000 gap=6.0000 tried=5 sep_labels=50 clique_frac=0.01
t=820825ms iter=2477 REBUILD reject new_tc=61.3120 (was 59.9153)
t=820988ms iter=2477 incumb=59.9153 ratchet=60.0118 best=59.9153 since_improve=336
t=820998ms iter=2478 WAIST cost=56.0000 best_alt=52.0000 gap=4.0000 tried=5 sep_labels=52 clique_frac=0.01
t=821172ms iter=2478 REBUILD reject new_tc=60.9927 (was 59.9153)
t=821328ms iter=2478 incumb=59.9153 ratchet=59.9807 best=59.9153 since_improve=337
t=821337ms iter=2479 WAIST cost=56.0000 best_alt=52.0000 gap=4.0000 tried=5 sep_labels=52 clique_frac=0.01
t=821545ms iter=2479 REBUILD reject new_tc=65.9235 (was 59.9153)
t=821704ms iter=2479 incumb=59.9153 ratchet=59.9916 best=59.9153 since_improve=338
t=821712ms iter=2480 WAIST cost=56.0000 best_alt=52.0000 gap=4.0000 tried=5 sep_labels=52 clique_frac=0.01
t=821885ms iter=2480 REBUILD reject new_tc=60.7303 (was 59.9153)
t=822043ms iter=2480 incumb=59.9153 ratchet=60.0773 best=59.9153 since_improve=339
t=822051ms iter=2481 WAIST cost=56.0000 best_alt=52.0000 gap=4.0000 tried=5 sep_labels=52 clique_frac=0.01
t=822225ms iter=2481 REBUILD reject new_tc=61.1460 (was 59.9153)
t=822385ms iter=2481 incumb=59.9153 ratchet=59.9947 best=59.9153 since_improve=340
t=822395ms iter=2482 WAIST cost=56.0000 best_alt=51.0000 gap=5.0000 tried=5 sep_labels=51 clique_frac=0.01
t=822568ms iter=2482 REBUILD reject new_tc=63.9563 (was 59.9153)
t=822722ms iter=2482 incumb=59.9153 ratchet=59.9894 best=59.9153 since_improve=341
t=822730ms iter=2483 WAIST cost=56.0000 best_alt=52.0000 gap=4.0000 tried=5 sep_labels=52 clique_frac=0.01
t=822902ms iter=2483 REBUILD reject new_tc=60.1975 (was 59.9153)
t=823056ms iter=2483 incumb=59.9153 ratchet=59.9343 best=59.9153 since_improve=342
t=823066ms iter=2484 WAIST cost=56.0000 best_alt=51.0000 gap=5.0000 tried=5 sep_labels=51 clique_frac=0.01
t=823204ms iter=2484 REBUILD reject new_tc=75.0004 (was 59.9153)
t=823361ms iter=2484 incumb=59.9153 ratchet=59.9511 best=59.9153 since_improve=343
t=823370ms iter=2485 WAIST cost=56.0000 best_alt=52.0000 gap=4.0000 tried=5 sep_labels=52 clique_frac=0.01
t=823547ms iter=2485 REBUILD reject new_tc=60.5452 (was 59.9153)
t=823705ms iter=2485 incumb=59.9153 ratchet=59.9916 best=59.9153 since_improve=344
t=823713ms iter=2486 WAIST cost=56.0000 best_alt=52.0000 gap=4.0000 tried=5 sep_labels=52 clique_frac=0.01
t=823886ms iter=2486 REBUILD reject new_tc=61.3199 (was 59.9153)
t=824046ms iter=2486 incumb=59.9153 ratchet=60.0117 best=59.9153 since_improve=345
t=824056ms iter=2487 WAIST cost=56.0000 best_alt=51.0000 gap=5.0000 tried=5 sep_labels=51 clique_frac=0.01
t=824225ms iter=2487 REBUILD reject new_tc=60.3764 (was 59.9153)
t=824384ms iter=2487 incumb=59.9153 ratchet=60.0870 best=59.9153 since_improve=346
t=824392ms iter=2488 WAIST cost=56.0000 best_alt=52.0000 gap=4.0000 tried=5 sep_labels=52 clique_frac=0.01
t=824561ms iter=2488 REBUILD reject new_tc=60.6854 (was 59.9153)
t=824720ms iter=2488 incumb=59.9153 ratchet=59.9822 best=59.9153 since_improve=347
t=824728ms iter=2489 WAIST cost=56.0000 best_alt=52.0000 gap=4.0000 tried=5 sep_labels=52 clique_frac=0.01
t=824895ms iter=2489 REBUILD reject new_tc=65.7743 (was 59.9153)
t=825054ms iter=2489 incumb=59.9153 ratchet=59.9868 best=59.9153 since_improve=348
t=825063ms iter=2490 WAIST cost=56.0000 best_alt=51.0000 gap=5.0000 tried=5 sep_labels=51 clique_frac=0.01
t=825219ms iter=2490 REBUILD reject new_tc=61.4963 (was 59.9153)
t=825372ms iter=2490 incumb=59.9153 ratchet=59.9746 best=59.9153 since_improve=349
t=825383ms iter=2491 WAIST cost=56.0000 best_alt=52.0000 gap=4.0000 tried=5 sep_labels=52 clique_frac=0.01
t=825541ms iter=2491 REBUILD reject new_tc=74.0033 (was 59.9153)
t=825697ms iter=2491 incumb=59.9153 ratchet=60.0509 best=59.9153 since_improve=350
t=825706ms iter=2492 WAIST cost=56.0000 best_alt=50.0000 gap=6.0000 tried=5 sep_labels=50 clique_frac=0.01
t=825861ms iter=2492 REBUILD reject new_tc=61.3026 (was 59.9153)
t=826018ms iter=2492 incumb=59.9153 ratchet=60.0016 best=59.9153 since_improve=351
t=826026ms iter=2493 WAIST cost=56.0000 best_alt=52.0000 gap=4.0000 tried=5 sep_labels=52 clique_frac=0.01
t=826186ms iter=2493 REBUILD reject new_tc=68.6534 (was 59.9153)
t=826336ms iter=2493 incumb=59.9153 ratchet=60.0007 best=59.9153 since_improve=352
t=826343ms iter=2494 WAIST cost=56.0000 best_alt=52.0000 gap=4.0000 tried=5 sep_labels=52 clique_frac=0.01
t=826502ms iter=2494 REBUILD reject new_tc=80.0000 (was 59.9153)
t=826657ms iter=2494 incumb=59.9153 ratchet=60.2176 best=59.9153 since_improve=353
t=826666ms iter=2495 WAIST cost=56.0000 best_alt=52.0000 gap=4.0000 tried=5 sep_labels=52 clique_frac=0.01
t=826837ms iter=2495 REBUILD reject new_tc=61.2981 (was 59.9153)
t=826991ms iter=2495 incumb=59.9153 ratchet=60.0228 best=59.9153 since_improve=354
t=827000ms iter=2496 WAIST cost=56.0000 best_alt=52.0000 gap=4.0000 tried=5 sep_labels=52 clique_frac=0.01
t=827171ms iter=2496 REBUILD reject new_tc=60.8592 (was 59.9153)
t=827329ms iter=2496 incumb=59.9153 ratchet=59.9634 best=59.9153 since_improve=355
t=827337ms iter=2497 WAIST cost=56.0000 best_alt=51.0000 gap=5.0000 tried=5 sep_labels=51 clique_frac=0.01
t=827489ms iter=2497 REBUILD reject new_tc=60.9835 (was 59.9153)
t=827642ms iter=2497 incumb=59.9153 ratchet=59.9356 best=59.9153 since_improve=356
t=827650ms iter=2498 WAIST cost=56.0000 best_alt=52.0000 gap=4.0000 tried=5 sep_labels=52 clique_frac=0.01
t=827817ms iter=2498 REBUILD reject new_tc=65.0967 (was 59.9153)
t=828178ms iter=2498 incumb=59.9153 ratchet=59.9378 best=59.9140 since_improve=357
t=828188ms iter=2499 WAIST cost=56.0000 best_alt=52.0000 gap=4.0000 tried=5 sep_labels=52 clique_frac=0.01
t=828353ms iter=2499 REBUILD reject new_tc=60.9371 (was 59.9153)
t=828509ms iter=2499 incumb=59.9153 ratchet=59.9477 best=59.9140 since_improve=358
t=828518ms iter=2500 WAIST cost=56.0000 best_alt=49.0000 gap=7.0000 tried=5 sep_labels=49 clique_frac=0.01
t=828669ms iter=2500 REBUILD reject new_tc=60.4486 (was 59.9153)
t=828826ms iter=2500 incumb=59.9153 ratchet=59.9862 best=59.9140 since_improve=359
t=828835ms iter=2501 WAIST cost=56.0000 best_alt=52.0000 gap=4.0000 tried=5 sep_labels=52 clique_frac=0.01
t=829005ms iter=2501 REBUILD reject new_tc=61.3487 (was 59.9153)
t=829156ms iter=2501 incumb=59.9153 ratchet=60.0206 best=59.9140 since_improve=360
t=829164ms iter=2502 WAIST cost=56.0000 best_alt=49.0000 gap=7.0000 tried=5 sep_labels=49 clique_frac=0.01
t=829315ms iter=2502 REBUILD reject new_tc=61.3204 (was 59.9153)
t=829473ms iter=2502 incumb=59.9153 ratchet=59.9919 best=59.9140 since_improve=361
t=829480ms iter=2503 WAIST cost=56.0000 best_alt=51.0000 gap=5.0000 tried=5 sep_labels=51 clique_frac=0.01
t=829630ms iter=2503 REBUILD reject new_tc=62.2385 (was 59.9153)
t=829783ms iter=2503 incumb=59.9153 ratchet=60.0006 best=59.9140 since_improve=362
t=829791ms iter=2504 WAIST cost=56.0000 best_alt=52.0000 gap=4.0000 tried=5 sep_labels=52 clique_frac=0.01
t=829960ms iter=2504 REBUILD reject new_tc=65.9205 (was 59.9153)
t=830114ms iter=2504 incumb=59.9153 ratchet=59.9484 best=59.9140 since_improve=363
t=830122ms iter=2505 WAIST cost=56.0000 best_alt=49.0000 gap=7.0000 tried=5 sep_labels=49 clique_frac=0.01
t=830273ms iter=2505 REBUILD reject new_tc=60.9812 (was 59.9153)
t=830426ms iter=2505 incumb=59.9153 ratchet=59.9582 best=59.9140 since_improve=364
t=830436ms iter=2506 WAIST cost=56.0000 best_alt=51.0000 gap=5.0000 tried=5 sep_labels=51 clique_frac=0.01
t=830588ms iter=2506 REBUILD reject new_tc=61.5959 (was 59.9153)
t=830746ms iter=2506 incumb=59.9153 ratchet=60.0742 best=59.9140 since_improve=365
t=830755ms iter=2507 WAIST cost=56.0000 best_alt=52.0000 gap=4.0000 tried=5 sep_labels=52 clique_frac=0.01
t=830924ms iter=2507 REBUILD reject new_tc=61.2043 (was 59.9153)
t=831077ms iter=2507 incumb=59.9153 ratchet=60.1048 best=59.9140 since_improve=366
t=831086ms iter=2508 WAIST cost=56.0000 best_alt=50.0000 gap=6.0000 tried=5 sep_labels=50 clique_frac=0.01
t=831238ms iter=2508 REBUILD reject new_tc=61.8692 (was 59.9153)
t=831389ms iter=2508 incumb=59.9153 ratchet=59.9469 best=59.9140 since_improve=367
t=831397ms iter=2509 WAIST cost=56.0000 best_alt=50.0000 gap=6.0000 tried=5 sep_labels=50 clique_frac=0.01
t=831552ms iter=2509 REBUILD reject new_tc=61.5078 (was 59.9153)
t=831704ms iter=2509 incumb=59.9153 ratchet=60.0710 best=59.9140 since_improve=368
t=831711ms iter=2510 WAIST cost=56.0000 best_alt=52.0000 gap=4.0000 tried=5 sep_labels=52 clique_frac=0.01
t=831883ms iter=2510 REBUILD reject new_tc=61.1519 (was 59.9153)
t=832042ms iter=2510 incumb=59.9153 ratchet=60.0106 best=59.9140 since_improve=369
t=832052ms iter=2511 WAIST cost=56.0000 best_alt=51.0000 gap=5.0000 tried=5 sep_labels=51 clique_frac=0.01
t=832224ms iter=2511 REBUILD reject new_tc=62.1339 (was 59.9153)
t=832378ms iter=2511 incumb=59.9153 ratchet=60.0073 best=59.9140 since_improve=370
t=832387ms iter=2512 WAIST cost=56.0000 best_alt=52.0000 gap=4.0000 tried=5 sep_labels=52 clique_frac=0.01
t=832547ms iter=2512 REBUILD reject new_tc=64.3656 (was 59.9153)
t=832700ms iter=2512 incumb=59.9153 ratchet=59.9720 best=59.9140 since_improve=371
t=832709ms iter=2513 WAIST cost=56.0000 best_alt=49.0000 gap=7.0000 tried=5 sep_labels=49 clique_frac=0.01
t=832852ms iter=2513 REBUILD reject new_tc=75.1448 (was 59.9153)
t=833010ms iter=2513 incumb=59.9153 ratchet=59.9869 best=59.9140 since_improve=372
t=833018ms iter=2514 WAIST cost=56.0000 best_alt=52.0000 gap=4.0000 tried=5 sep_labels=52 clique_frac=0.01
t=833171ms iter=2514 REBUILD reject new_tc=80.0000 (was 59.9153)
t=833326ms iter=2514 incumb=59.9153 ratchet=60.0155 best=59.9140 since_improve=373
t=833334ms iter=2515 WAIST cost=56.0000 best_alt=52.0000 gap=4.0000 tried=5 sep_labels=52 clique_frac=0.01
t=833503ms iter=2515 REBUILD reject new_tc=67.3176 (was 59.9153)
t=833658ms iter=2515 incumb=59.9153 ratchet=59.9757 best=59.9140 since_improve=374
t=833667ms iter=2516 WAIST cost=56.0000 best_alt=51.0000 gap=5.0000 tried=5 sep_labels=51 clique_frac=0.01
t=833818ms iter=2516 REBUILD reject new_tc=70.2744 (was 59.9153)
t=833975ms iter=2516 incumb=59.9153 ratchet=60.0263 best=59.9140 since_improve=375
t=833984ms iter=2517 WAIST cost=56.0000 best_alt=51.0000 gap=5.0000 tried=5 sep_labels=51 clique_frac=0.01
t=834136ms iter=2517 REBUILD reject new_tc=60.5324 (was 59.9153)
t=834291ms iter=2517 incumb=59.9153 ratchet=59.9440 best=59.9140 since_improve=376
t=834298ms iter=2518 WAIST cost=56.0000 best_alt=51.0000 gap=5.0000 tried=5 sep_labels=51 clique_frac=0.01
t=834452ms iter=2518 REBUILD reject new_tc=61.8819 (was 59.9153)
t=834604ms iter=2518 incumb=59.9153 ratchet=60.0544 best=59.9140 since_improve=377
t=834611ms iter=2519 WAIST cost=56.0000 best_alt=50.0000 gap=6.0000 tried=5 sep_labels=50 clique_frac=0.01
t=834764ms iter=2519 REBUILD reject new_tc=61.0960 (was 59.9153)
t=834918ms iter=2519 incumb=59.9153 ratchet=59.9224 best=59.9140 since_improve=378
t=834926ms iter=2520 WAIST cost=56.0000 best_alt=51.0000 gap=5.0000 tried=5 sep_labels=51 clique_frac=0.01
t=835082ms iter=2520 REBUILD reject new_tc=68.1826 (was 59.9153)
t=835236ms iter=2520 incumb=59.9153 ratchet=60.0033 best=59.9140 since_improve=379
t=835244ms iter=2521 WAIST cost=56.0000 best_alt=51.0000 gap=5.0000 tried=5 sep_labels=51 clique_frac=0.01
t=835395ms iter=2521 REBUILD reject new_tc=61.3281 (was 59.9153)
t=835553ms iter=2521 incumb=59.9153 ratchet=60.1827 best=59.9140 since_improve=380
t=835561ms iter=2522 WAIST cost=56.0000 best_alt=52.0000 gap=4.0000 tried=5 sep_labels=52 clique_frac=0.01
t=835723ms iter=2522 REBUILD reject new_tc=61.1839 (was 59.9153)
t=835878ms iter=2522 incumb=59.9153 ratchet=59.9673 best=59.9140 since_improve=381
t=835886ms iter=2523 WAIST cost=56.0000 best_alt=51.0000 gap=5.0000 tried=5 sep_labels=51 clique_frac=0.01
t=836024ms iter=2523 REBUILD reject new_tc=77.0040 (was 59.9153)
t=836183ms iter=2523 incumb=59.9153 ratchet=60.1675 best=59.9140 since_improve=382
t=836192ms iter=2524 WAIST cost=56.0000 best_alt=52.0000 gap=4.0000 tried=5 sep_labels=52 clique_frac=0.01
t=836363ms iter=2524 REBUILD reject new_tc=61.5010 (was 59.9153)
t=836516ms iter=2524 incumb=59.9153 ratchet=60.0032 best=59.9140 since_improve=383
t=836526ms iter=2525 WAIST cost=56.0000 best_alt=50.0000 gap=6.0000 tried=5 sep_labels=50 clique_frac=0.01
t=836676ms iter=2525 REBUILD reject new_tc=67.9284 (was 59.9153)
t=836824ms iter=2525 incumb=59.9153 ratchet=59.9777 best=59.9140 since_improve=384
t=836833ms iter=2526 WAIST cost=56.0000 best_alt=49.0000 gap=7.0000 tried=5 sep_labels=49 clique_frac=0.01
t=836982ms iter=2526 REBUILD reject new_tc=60.3943 (was 59.9153)
t=837139ms iter=2526 incumb=59.9153 ratchet=59.9939 best=59.9140 since_improve=385
t=837147ms iter=2527 WAIST cost=56.0000 best_alt=52.0000 gap=4.0000 tried=5 sep_labels=52 clique_frac=0.01
t=837314ms iter=2527 REBUILD reject new_tc=60.8140 (was 59.9153)
t=837469ms iter=2527 incumb=59.9153 ratchet=59.9605 best=59.9140 since_improve=386
t=837478ms iter=2528 WAIST cost=56.0000 best_alt=52.0000 gap=4.0000 tried=5 sep_labels=52 clique_frac=0.01
t=837653ms iter=2528 REBUILD reject new_tc=60.6690 (was 59.9153)
t=837804ms iter=2528 incumb=59.9153 ratchet=59.9843 best=59.9140 since_improve=387
t=837815ms iter=2529 WAIST cost=56.0000 best_alt=52.0000 gap=4.0000 tried=5 sep_labels=52 clique_frac=0.01
t=837987ms iter=2529 REBUILD reject new_tc=61.6349 (was 59.9153)
t=838142ms iter=2529 incumb=59.9153 ratchet=60.0019 best=59.9140 since_improve=388
t=838150ms iter=2530 WAIST cost=56.0000 best_alt=52.0000 gap=4.0000 tried=5 sep_labels=52 clique_frac=0.01
t=838321ms iter=2530 REBUILD reject new_tc=63.9159 (was 59.9153)
t=838472ms iter=2530 incumb=59.9153 ratchet=59.9798 best=59.9140 since_improve=389
t=838479ms iter=2531 WAIST cost=56.0000 best_alt=52.0000 gap=4.0000 tried=5 sep_labels=52 clique_frac=0.01
t=838650ms iter=2531 REBUILD reject new_tc=61.3772 (was 59.9153)
t=838802ms iter=2531 incumb=59.9153 ratchet=60.3731 best=59.9140 since_improve=390
t=838809ms iter=2532 WAIST cost=56.0000 best_alt=52.0000 gap=4.0000 tried=5 sep_labels=52 clique_frac=0.01
t=838980ms iter=2532 REBUILD reject new_tc=60.9862 (was 59.9153)
t=839135ms iter=2532 incumb=59.9153 ratchet=60.0698 best=59.9140 since_improve=391
t=839143ms iter=2533 WAIST cost=56.0000 best_alt=52.0000 gap=4.0000 tried=5 sep_labels=52 clique_frac=0.01
t=839310ms iter=2533 REBUILD reject new_tc=61.4707 (was 59.9153)
t=839466ms iter=2533 incumb=59.9153 ratchet=59.9368 best=59.9140 since_improve=392
t=839475ms iter=2534 WAIST cost=56.0000 best_alt=52.0000 gap=4.0000 tried=5 sep_labels=52 clique_frac=0.01
t=839639ms iter=2534 REBUILD reject new_tc=61.4255 (was 59.9153)
t=839793ms iter=2534 incumb=59.9153 ratchet=60.1521 best=59.9140 since_improve=393
t=839800ms iter=2535 WAIST cost=56.0000 best_alt=52.0000 gap=4.0000 tried=5 sep_labels=52 clique_frac=0.01
t=839961ms iter=2535 REBUILD reject new_tc=67.3130 (was 59.9153)
t=840122ms iter=2535 incumb=59.9153 ratchet=60.0806 best=59.9140 since_improve=394
t=840132ms iter=2536 WAIST cost=56.0000 best_alt=51.0000 gap=5.0000 tried=5 sep_labels=51 clique_frac=0.01
t=840284ms iter=2536 REBUILD reject new_tc=61.8585 (was 59.9153)
t=840441ms iter=2536 incumb=59.9153 ratchet=59.9455 best=59.9140 since_improve=395
t=840448ms iter=2537 WAIST cost=56.0000 best_alt=52.0000 gap=4.0000 tried=5 sep_labels=52 clique_frac=0.01
t=840616ms iter=2537 REBUILD reject new_tc=60.8246 (was 59.9153)
t=840772ms iter=2537 incumb=59.9153 ratchet=60.0046 best=59.9140 since_improve=396
t=840782ms iter=2538 WAIST cost=56.0000 best_alt=51.0000 gap=5.0000 tried=5 sep_labels=51 clique_frac=0.01
t=840936ms iter=2538 REBUILD reject new_tc=61.4848 (was 59.9153)
t=841090ms iter=2538 incumb=59.9153 ratchet=60.0370 best=59.9140 since_improve=397
t=841098ms iter=2539 WAIST cost=56.0000 best_alt=51.0000 gap=5.0000 tried=5 sep_labels=51 clique_frac=0.01
t=841248ms iter=2539 REBUILD reject new_tc=61.4690 (was 59.9153)
t=841401ms iter=2539 incumb=59.9153 ratchet=59.9844 best=59.9140 since_improve=398
t=841411ms iter=2540 WAIST cost=56.0000 best_alt=50.0000 gap=6.0000 tried=5 sep_labels=50 clique_frac=0.01
t=841562ms iter=2540 REBUILD reject new_tc=60.9195 (was 59.9153)
t=841722ms iter=2540 incumb=59.9153 ratchet=59.9751 best=59.9140 since_improve=399
t=841730ms iter=2541 WAIST cost=56.0000 best_alt=52.0000 gap=4.0000 tried=5 sep_labels=52 clique_frac=0.01
t=841896ms iter=2541 REBUILD reject new_tc=61.5843 (was 59.9153)
t=842052ms iter=2541 incumb=59.9153 ratchet=60.1477 best=59.9140 since_improve=400
t=842061ms iter=2542 WAIST cost=56.0000 best_alt=51.0000 gap=5.0000 tried=5 sep_labels=51 clique_frac=0.01
t=842216ms iter=2542 REBUILD reject new_tc=61.5576 (was 59.9153)
t=842371ms iter=2542 incumb=59.9153 ratchet=60.0183 best=59.9140 since_improve=401
t=842378ms iter=2543 WAIST cost=56.0000 best_alt=51.0000 gap=5.0000 tried=5 sep_labels=51 clique_frac=0.01
t=842531ms iter=2543 REBUILD reject new_tc=61.5259 (was 59.9153)
t=842683ms iter=2543 incumb=59.9153 ratchet=59.9778 best=59.9140 since_improve=402
t=842689ms iter=2544 WAIST cost=56.0000 best_alt=52.0000 gap=4.0000 tried=5 sep_labels=52 clique_frac=0.01
t=842857ms iter=2544 REBUILD reject new_tc=62.9336 (was 59.9153)
t=843012ms iter=2544 incumb=59.9153 ratchet=59.9443 best=59.9140 since_improve=403
t=843021ms iter=2545 WAIST cost=56.0000 best_alt=51.0000 gap=5.0000 tried=5 sep_labels=51 clique_frac=0.01
t=843175ms iter=2545 REBUILD reject new_tc=61.4902 (was 59.9153)
t=843331ms iter=2545 incumb=59.9153 ratchet=59.9991 best=59.9140 since_improve=404
t=843338ms iter=2546 WAIST cost=56.0000 best_alt=52.0000 gap=4.0000 tried=5 sep_labels=52 clique_frac=0.01
t=843508ms iter=2546 REBUILD reject new_tc=63.1439 (was 59.9153)
t=843663ms iter=2546 incumb=59.9153 ratchet=60.0461 best=59.9140 since_improve=405
t=843672ms iter=2547 WAIST cost=56.0000 best_alt=52.0000 gap=4.0000 tried=5 sep_labels=52 clique_frac=0.01
t=843839ms iter=2547 REBUILD reject new_tc=60.6149 (was 59.9153)
t=843990ms iter=2547 incumb=59.9153 ratchet=59.9887 best=59.9140 since_improve=406
t=843996ms iter=2548 WAIST cost=56.0000 best_alt=52.0000 gap=4.0000 tried=5 sep_labels=52 clique_frac=0.01
t=844159ms iter=2548 REBUILD reject new_tc=60.3870 (was 59.9153)
t=844316ms iter=2548 incumb=59.9153 ratchet=59.9987 best=59.9140 since_improve=407
t=844324ms iter=2549 WAIST cost=56.0000 best_alt=52.0000 gap=4.0000 tried=5 sep_labels=52 clique_frac=0.01
t=844491ms iter=2549 REBUILD reject new_tc=60.1991 (was 59.9153)
t=844646ms iter=2549 incumb=59.9153 ratchet=60.0075 best=59.9140 since_improve=408
t=844654ms iter=2550 WAIST cost=56.0000 best_alt=51.0000 gap=5.0000 tried=5 sep_labels=51 clique_frac=0.01
t=844803ms iter=2550 REBUILD reject new_tc=62.3531 (was 59.9153)
t=844960ms iter=2550 incumb=59.9153 ratchet=60.0361 best=59.9140 since_improve=409
t=844969ms iter=2551 WAIST cost=56.0000 best_alt=51.0000 gap=5.0000 tried=5 sep_labels=51 clique_frac=0.01
t=845107ms iter=2551 REBUILD reject new_tc=77.0002 (was 59.9153)
t=845263ms iter=2551 incumb=59.9153 ratchet=60.0237 best=59.9140 since_improve=410
t=845270ms iter=2552 WAIST cost=56.0000 best_alt=52.0000 gap=4.0000 tried=5 sep_labels=52 clique_frac=0.01
t=845442ms iter=2552 REBUILD reject new_tc=70.0123 (was 59.9153)
t=845600ms iter=2552 incumb=59.9153 ratchet=60.1035 best=59.9140 since_improve=411
t=845611ms iter=2553 WAIST cost=56.0000 best_alt=50.0000 gap=6.0000 tried=5 sep_labels=50 clique_frac=0.01
t=845748ms iter=2553 REBUILD reject new_tc=73.0002 (was 59.9153)
t=845903ms iter=2553 incumb=59.9153 ratchet=60.0925 best=59.9140 since_improve=412
t=845910ms iter=2554 WAIST cost=56.0000 best_alt=51.0000 gap=5.0000 tried=5 sep_labels=51 clique_frac=0.01
t=846062ms iter=2554 REBUILD reject new_tc=62.0221 (was 59.9153)
t=846213ms iter=2554 incumb=59.9153 ratchet=60.0753 best=59.9140 since_improve=413
t=846222ms iter=2555 WAIST cost=56.0000 best_alt=51.0000 gap=5.0000 tried=5 sep_labels=51 clique_frac=0.01
t=846378ms iter=2555 REBUILD reject new_tc=61.1431 (was 59.9153)
t=846533ms iter=2555 incumb=59.9153 ratchet=60.1375 best=59.9140 since_improve=414
t=846541ms iter=2556 WAIST cost=56.0000 best_alt=51.0000 gap=5.0000 tried=5 sep_labels=51 clique_frac=0.02
t=846694ms iter=2556 REBUILD reject new_tc=61.7816 (was 59.9153)
t=846848ms iter=2556 incumb=59.9153 ratchet=60.0023 best=59.9140 since_improve=415
t=846856ms iter=2557 WAIST cost=56.0000 best_alt=52.0000 gap=4.0000 tried=5 sep_labels=52 clique_frac=0.01
t=847019ms iter=2557 REBUILD reject new_tc=64.4404 (was 59.9153)
t=847172ms iter=2557 incumb=59.9153 ratchet=59.9636 best=59.9140 since_improve=416
t=847182ms iter=2558 WAIST cost=56.0000 best_alt=52.0000 gap=4.0000 tried=5 sep_labels=52 clique_frac=0.01
t=847343ms iter=2558 REBUILD reject new_tc=74.0007 (was 59.9153)
t=847497ms iter=2558 incumb=59.9153 ratchet=59.9928 best=59.9140 since_improve=417
t=847507ms iter=2559 WAIST cost=56.0000 best_alt=50.0000 gap=6.0000 tried=5 sep_labels=50 clique_frac=0.01
t=847658ms iter=2559 REBUILD reject new_tc=61.5403 (was 59.9153)
t=847816ms iter=2559 incumb=59.9153 ratchet=59.9699 best=59.9140 since_improve=418
t=847824ms iter=2560 WAIST cost=56.0000 best_alt=51.0000 gap=5.0000 tried=5 sep_labels=51 clique_frac=0.01
t=847975ms iter=2560 REBUILD reject new_tc=62.0937 (was 59.9153)
t=848131ms iter=2560 incumb=59.9153 ratchet=59.9466 best=59.9140 since_improve=419
t=848140ms iter=2561 WAIST cost=56.0000 best_alt=50.0000 gap=6.0000 tried=5 sep_labels=50 clique_frac=0.01
t=848294ms iter=2561 REBUILD reject new_tc=61.4596 (was 59.9153)
t=848448ms iter=2561 incumb=59.9153 ratchet=59.9510 best=59.9140 since_improve=420
t=848456ms iter=2562 WAIST cost=56.0000 best_alt=52.0000 gap=4.0000 tried=5 sep_labels=52 clique_frac=0.01
t=848629ms iter=2562 REBUILD reject new_tc=60.9406 (was 59.9153)
t=848788ms iter=2562 incumb=59.9153 ratchet=60.0544 best=59.9140 since_improve=421
t=848798ms iter=2563 WAIST cost=56.0000 best_alt=50.0000 gap=6.0000 tried=5 sep_labels=50 clique_frac=0.01
t=848937ms iter=2563 REBUILD reject new_tc=79.0000 (was 59.9153)
t=849093ms iter=2563 incumb=59.9153 ratchet=60.3593 best=59.9140 since_improve=422
t=849101ms iter=2564 WAIST cost=56.0000 best_alt=52.0000 gap=4.0000 tried=5 sep_labels=52 clique_frac=0.01
t=849267ms iter=2564 REBUILD reject new_tc=60.5971 (was 59.9153)
t=849420ms iter=2564 incumb=59.9153 ratchet=60.1852 best=59.9140 since_improve=423
t=849429ms iter=2565 WAIST cost=56.0000 best_alt=49.0000 gap=7.0000 tried=5 sep_labels=49 clique_frac=0.01
t=849585ms iter=2565 REBUILD reject new_tc=61.3775 (was 59.9153)
t=849744ms iter=2565 incumb=59.9153 ratchet=60.0561 best=59.9140 since_improve=424
t=849751ms iter=2566 WAIST cost=56.0000 best_alt=52.0000 gap=4.0000 tried=5 sep_labels=52 clique_frac=0.01
t=849917ms iter=2566 REBUILD reject new_tc=61.0174 (was 59.9153)
t=850069ms iter=2566 incumb=59.9153 ratchet=60.1483 best=59.9140 since_improve=425
t=850077ms iter=2567 WAIST cost=56.0000 best_alt=49.0000 gap=7.0000 tried=5 sep_labels=49 clique_frac=0.01
t=850220ms iter=2567 REBUILD reject new_tc=62.0399 (was 59.9153)
t=850370ms iter=2567 incumb=59.9153 ratchet=59.9753 best=59.9140 since_improve=426
t=850378ms iter=2568 WAIST cost=56.0000 best_alt=52.0000 gap=4.0000 tried=5 sep_labels=52 clique_frac=0.01
t=850549ms iter=2568 REBUILD reject new_tc=61.5039 (was 59.9153)
t=850708ms iter=2568 incumb=59.9153 ratchet=59.9786 best=59.9140 since_improve=427
t=850715ms iter=2569 WAIST cost=56.0000 best_alt=52.0000 gap=4.0000 tried=5 sep_labels=52 clique_frac=0.01
t=850891ms iter=2569 REBUILD reject new_tc=61.2172 (was 59.9153)
t=851043ms iter=2569 incumb=59.9153 ratchet=59.9380 best=59.9140 since_improve=428
t=851050ms iter=2570 WAIST cost=56.0000 best_alt=52.0000 gap=4.0000 tried=5 sep_labels=52 clique_frac=0.01
t=851214ms iter=2570 REBUILD reject new_tc=79.0001 (was 59.9153)
t=851365ms iter=2570 incumb=59.9153 ratchet=60.1660 best=59.9140 since_improve=429
t=851372ms iter=2571 WAIST cost=56.0000 best_alt=52.0000 gap=4.0000 tried=5 sep_labels=52 clique_frac=0.01
t=851541ms iter=2571 REBUILD reject new_tc=61.4517 (was 59.9153)
t=851695ms iter=2571 incumb=59.9153 ratchet=60.0236 best=59.9140 since_improve=430
t=851702ms iter=2572 WAIST cost=56.0000 best_alt=52.0000 gap=4.0000 tried=5 sep_labels=52 clique_frac=0.01
t=851874ms iter=2572 REBUILD reject new_tc=61.0733 (was 59.9153)
t=852033ms iter=2572 incumb=59.9153 ratchet=60.0537 best=59.9140 since_improve=431
t=852042ms iter=2573 WAIST cost=56.0000 best_alt=52.0000 gap=4.0000 tried=5 sep_labels=52 clique_frac=0.01
t=852209ms iter=2573 REBUILD reject new_tc=64.5773 (was 59.9153)
t=852368ms iter=2573 incumb=59.9153 ratchet=60.0053 best=59.9140 since_improve=432
t=852376ms iter=2574 WAIST cost=56.0000 best_alt=51.0000 gap=5.0000 tried=5 sep_labels=51 clique_frac=0.01
t=852533ms iter=2574 REBUILD reject new_tc=61.8284 (was 59.9153)
t=852684ms iter=2574 incumb=59.9153 ratchet=59.9506 best=59.9140 since_improve=433
t=852694ms iter=2575 WAIST cost=56.0000 best_alt=52.0000 gap=4.0000 tried=5 sep_labels=52 clique_frac=0.01
t=852858ms iter=2575 REBUILD reject new_tc=61.4889 (was 59.9153)
t=853013ms iter=2575 incumb=59.9153 ratchet=60.0131 best=59.9140 since_improve=434
t=853020ms iter=2576 WAIST cost=56.0000 best_alt=52.0000 gap=4.0000 tried=5 sep_labels=52 clique_frac=0.01
t=853188ms iter=2576 REBUILD reject new_tc=60.5442 (was 59.9153)
t=853339ms iter=2576 incumb=59.9153 ratchet=59.9810 best=59.9140 since_improve=435
t=853347ms iter=2577 WAIST cost=56.0000 best_alt=52.0000 gap=4.0000 tried=5 sep_labels=52 clique_frac=0.01
t=853522ms iter=2577 REBUILD reject new_tc=60.6806 (was 59.9153)
t=853676ms iter=2577 incumb=59.9153 ratchet=60.0236 best=59.9140 since_improve=436
t=853684ms iter=2578 WAIST cost=56.0000 best_alt=51.0000 gap=5.0000 tried=5 sep_labels=51 clique_frac=0.01
t=853855ms iter=2578 REBUILD reject new_tc=61.6091 (was 59.9153)
t=854010ms iter=2578 incumb=59.9153 ratchet=60.0283 best=59.9140 since_improve=437
t=854017ms iter=2579 WAIST cost=56.0000 best_alt=52.0000 gap=4.0000 tried=5 sep_labels=52 clique_frac=0.01
t=854180ms iter=2579 REBUILD reject new_tc=67.3178 (was 59.9153)
t=854332ms iter=2579 incumb=59.9153 ratchet=59.9448 best=59.9140 since_improve=438
t=854341ms iter=2580 WAIST cost=56.0000 best_alt=49.0000 gap=7.0000 tried=5 sep_labels=49 clique_frac=0.01
t=854484ms iter=2580 REBUILD reject new_tc=67.0345 (was 59.9153)
t=854635ms iter=2580 incumb=59.9153 ratchet=60.0092 best=59.9140 since_improve=439
t=854645ms iter=2581 WAIST cost=56.0000 best_alt=49.0000 gap=7.0000 tried=5 sep_labels=49 clique_frac=0.01
t=854788ms iter=2581 REBUILD reject new_tc=61.6955 (was 59.9153)
t=854940ms iter=2581 incumb=59.9153 ratchet=59.9905 best=59.9140 since_improve=440
t=854949ms iter=2582 WAIST cost=56.0000 best_alt=52.0000 gap=4.0000 tried=5 sep_labels=52 clique_frac=0.01
t=855114ms iter=2582 REBUILD reject new_tc=61.2381 (was 59.9153)
t=855268ms iter=2582 incumb=59.9153 ratchet=59.9328 best=59.9140 since_improve=441
t=855277ms iter=2583 WAIST cost=56.0000 best_alt=52.0000 gap=4.0000 tried=5 sep_labels=52 clique_frac=0.01
t=855441ms iter=2583 REBUILD reject new_tc=66.2227 (was 59.9153)
t=855594ms iter=2583 incumb=59.9153 ratchet=60.0673 best=59.9140 since_improve=442
t=855602ms iter=2584 WAIST cost=56.0000 best_alt=51.0000 gap=5.0000 tried=5 sep_labels=51 clique_frac=0.01
t=855750ms iter=2584 REBUILD reject new_tc=61.4351 (was 59.9153)
t=855907ms iter=2584 incumb=59.9153 ratchet=59.9994 best=59.9140 since_improve=443
t=855915ms iter=2585 WAIST cost=56.0000 best_alt=52.0000 gap=4.0000 tried=5 sep_labels=52 clique_frac=0.01
t=856077ms iter=2585 REBUILD reject new_tc=66.1468 (was 59.9153)
t=856226ms iter=2585 incumb=59.9153 ratchet=60.0428 best=59.9140 since_improve=444
t=856232ms iter=2586 WAIST cost=56.0000 best_alt=52.0000 gap=4.0000 tried=5 sep_labels=52 clique_frac=0.01
t=856407ms iter=2586 REBUILD reject new_tc=60.5419 (was 59.9153)
t=856561ms iter=2586 incumb=59.9153 ratchet=59.9415 best=59.9140 since_improve=445
t=856569ms iter=2587 WAIST cost=56.0000 best_alt=51.0000 gap=5.0000 tried=5 sep_labels=51 clique_frac=0.01
t=856739ms iter=2587 REBUILD reject new_tc=61.4840 (was 59.9153)
t=856894ms iter=2587 incumb=59.9153 ratchet=59.9419 best=59.9140 since_improve=446
t=856901ms iter=2588 WAIST cost=56.0000 best_alt=52.0000 gap=4.0000 tried=5 sep_labels=52 clique_frac=0.01
t=857072ms iter=2588 REBUILD reject new_tc=60.7239 (was 59.9153)
t=857230ms iter=2588 incumb=59.9153 ratchet=59.9791 best=59.9140 since_improve=447
t=857240ms iter=2589 WAIST cost=56.0000 best_alt=49.0000 gap=7.0000 tried=5 sep_labels=49 clique_frac=0.01
t=857394ms iter=2589 REBUILD reject new_tc=66.4267 (was 59.9153)
t=857548ms iter=2589 incumb=59.9153 ratchet=60.1688 best=59.9140 since_improve=448
t=857556ms iter=2590 WAIST cost=56.0000 best_alt=52.0000 gap=4.0000 tried=5 sep_labels=52 clique_frac=0.01
t=857721ms iter=2590 REBUILD reject new_tc=60.2900 (was 59.9153)
t=857878ms iter=2590 incumb=59.9153 ratchet=60.1345 best=59.9140 since_improve=449
t=857887ms iter=2591 WAIST cost=56.0000 best_alt=51.0000 gap=5.0000 tried=5 sep_labels=51 clique_frac=0.01
t=858034ms iter=2591 REBUILD reject new_tc=63.8462 (was 59.9153)
t=858190ms iter=2591 incumb=59.9153 ratchet=60.0347 best=59.9140 since_improve=450
t=858199ms iter=2592 WAIST cost=56.0000 best_alt=50.0000 gap=6.0000 tried=5 sep_labels=50 clique_frac=0.01
t=858335ms iter=2592 REBUILD reject new_tc=81.0000 (was 59.9153)
t=858491ms iter=2592 incumb=59.9153 ratchet=60.0379 best=59.9140 since_improve=451
t=858500ms iter=2593 WAIST cost=56.0000 best_alt=50.0000 gap=6.0000 tried=5 sep_labels=50 clique_frac=0.01
t=858652ms iter=2593 REBUILD reject new_tc=61.3057 (was 59.9153)
t=858808ms iter=2593 incumb=59.9153 ratchet=59.9835 best=59.9140 since_improve=452
t=858816ms iter=2594 WAIST cost=56.0000 best_alt=51.0000 gap=5.0000 tried=5 sep_labels=51 clique_frac=0.01
t=858968ms iter=2594 REBUILD reject new_tc=61.4555 (was 59.9153)
t=859121ms iter=2594 incumb=59.9153 ratchet=59.9689 best=59.9140 since_improve=453
t=859129ms iter=2595 WAIST cost=56.0000 best_alt=52.0000 gap=4.0000 tried=5 sep_labels=52 clique_frac=0.01
t=859301ms iter=2595 REBUILD reject new_tc=61.1518 (was 59.9153)
t=859454ms iter=2595 incumb=59.9153 ratchet=60.7510 best=59.9140 since_improve=454
t=859461ms iter=2596 WAIST cost=56.0000 best_alt=51.0000 gap=5.0000 tried=5 sep_labels=51 clique_frac=0.01
t=859615ms iter=2596 REBUILD reject new_tc=61.1128 (was 59.9153)
t=859771ms iter=2596 incumb=59.9153 ratchet=59.9824 best=59.9140 since_improve=455
t=859781ms iter=2597 WAIST cost=56.0000 best_alt=52.0000 gap=4.0000 tried=5 sep_labels=52 clique_frac=0.01
t=859952ms iter=2597 REBUILD reject new_tc=63.8430 (was 59.9153)
t=860107ms iter=2597 incumb=59.9153 ratchet=59.9820 best=59.9140 since_improve=456
t=860115ms iter=2598 WAIST cost=56.0000 best_alt=52.0000 gap=4.0000 tried=5 sep_labels=52 clique_frac=0.01
t=860282ms iter=2598 REBUILD reject new_tc=60.6303 (was 59.9153)
t=860438ms iter=2598 incumb=59.9153 ratchet=60.0982 best=59.9140 since_improve=457
t=860448ms iter=2599 WAIST cost=56.0000 best_alt=52.0000 gap=4.0000 tried=5 sep_labels=52 clique_frac=0.01
t=860610ms iter=2599 REBUILD reject new_tc=63.0029 (was 59.9153)
t=860768ms iter=2599 incumb=59.9153 ratchet=59.9701 best=59.9140 since_improve=458
t=860776ms iter=2600 WAIST cost=56.0000 best_alt=52.0000 gap=4.0000 tried=5 sep_labels=52 clique_frac=0.01
t=860951ms iter=2600 REBUILD reject new_tc=61.4660 (was 59.9153)
t=861106ms iter=2600 incumb=59.9153 ratchet=59.9809 best=59.9140 since_improve=459
t=861115ms iter=2601 WAIST cost=56.0000 best_alt=51.0000 gap=5.0000 tried=5 sep_labels=51 clique_frac=0.01
t=861272ms iter=2601 REBUILD reject new_tc=61.6235 (was 59.9153)
t=861428ms iter=2601 incumb=59.9153 ratchet=59.9960 best=59.9140 since_improve=460
t=861437ms iter=2602 WAIST cost=56.0000 best_alt=51.0000 gap=5.0000 tried=5 sep_labels=51 clique_frac=0.01
t=861589ms iter=2602 REBUILD reject new_tc=61.8855 (was 59.9153)
t=861742ms iter=2602 incumb=59.9153 ratchet=60.1039 best=59.9140 since_improve=461
t=861752ms iter=2603 WAIST cost=56.0000 best_alt=51.0000 gap=5.0000 tried=5 sep_labels=51 clique_frac=0.01
t=861899ms iter=2603 REBUILD reject new_tc=61.4353 (was 59.9153)
t=862055ms iter=2603 incumb=59.9153 ratchet=60.0525 best=59.9140 since_improve=462
t=862064ms iter=2604 WAIST cost=56.0000 best_alt=52.0000 gap=4.0000 tried=5 sep_labels=52 clique_frac=0.01
t=862233ms iter=2604 REBUILD reject new_tc=61.5836 (was 59.9153)
t=862389ms iter=2604 incumb=59.9153 ratchet=60.0152 best=59.9140 since_improve=463
t=862397ms iter=2605 WAIST cost=56.0000 best_alt=52.0000 gap=4.0000 tried=5 sep_labels=52 clique_frac=0.01
t=862560ms iter=2605 REBUILD reject new_tc=64.8080 (was 59.9153)
t=862718ms iter=2605 incumb=59.9153 ratchet=60.0320 best=59.9140 since_improve=464
t=862726ms iter=2606 WAIST cost=56.0000 best_alt=51.0000 gap=5.0000 tried=5 sep_labels=51 clique_frac=0.01
t=862874ms iter=2606 REBUILD reject new_tc=61.8105 (was 59.9153)
t=863035ms iter=2606 incumb=59.9153 ratchet=60.1959 best=59.9140 since_improve=465
t=863042ms iter=2607 WAIST cost=56.0000 best_alt=52.0000 gap=4.0000 tried=5 sep_labels=52 clique_frac=0.01
t=863206ms iter=2607 REBUILD reject new_tc=61.6055 (was 59.9153)
t=863364ms iter=2607 incumb=59.9153 ratchet=60.0021 best=59.9140 since_improve=466
t=863372ms iter=2608 WAIST cost=56.0000 best_alt=52.0000 gap=4.0000 tried=5 sep_labels=52 clique_frac=0.01
t=863544ms iter=2608 REBUILD reject new_tc=66.4529 (was 59.9153)
t=863701ms iter=2608 incumb=59.9153 ratchet=59.9663 best=59.9140 since_improve=467
t=863708ms iter=2609 WAIST cost=56.0000 best_alt=52.0000 gap=4.0000 tried=5 sep_labels=52 clique_frac=0.01
t=863874ms iter=2609 REBUILD reject new_tc=64.2863 (was 59.9153)
t=864034ms iter=2609 incumb=59.9153 ratchet=60.0127 best=59.9140 since_improve=468
t=864043ms iter=2610 WAIST cost=56.0000 best_alt=52.0000 gap=4.0000 tried=5 sep_labels=52 clique_frac=0.01
t=864211ms iter=2610 REBUILD reject new_tc=61.3458 (was 59.9153)
t=864367ms iter=2610 incumb=59.9153 ratchet=59.9574 best=59.9140 since_improve=469
t=864376ms iter=2611 WAIST cost=56.0000 best_alt=52.0000 gap=4.0000 tried=5 sep_labels=52 clique_frac=0.01
t=864541ms iter=2611 REBUILD reject new_tc=60.6227 (was 59.9153)
t=864697ms iter=2611 incumb=59.9153 ratchet=60.5330 best=59.9140 since_improve=470
t=864707ms iter=2612 WAIST cost=56.0000 best_alt=52.0000 gap=4.0000 tried=5 sep_labels=52 clique_frac=0.01
t=864873ms iter=2612 REBUILD reject new_tc=61.3519 (was 59.9153)
t=865024ms iter=2612 incumb=59.9153 ratchet=59.9625 best=59.9140 since_improve=471
t=865032ms iter=2613 WAIST cost=56.0000 best_alt=50.0000 gap=6.0000 tried=5 sep_labels=50 clique_frac=0.01
t=865170ms iter=2613 REBUILD reject new_tc=82.0000 (was 59.9153)
t=865328ms iter=2613 incumb=59.9153 ratchet=59.9903 best=59.9140 since_improve=472
t=865337ms iter=2614 WAIST cost=56.0000 best_alt=52.0000 gap=4.0000 tried=5 sep_labels=52 clique_frac=0.01
t=865499ms iter=2614 REBUILD reject new_tc=64.6897 (was 59.9153)
t=865655ms iter=2614 incumb=59.9153 ratchet=59.9832 best=59.9140 since_improve=473
t=865665ms iter=2615 WAIST cost=56.0000 best_alt=50.0000 gap=6.0000 tried=5 sep_labels=50 clique_frac=0.01
t=865817ms iter=2615 REBUILD reject new_tc=61.3903 (was 59.9153)
t=865974ms iter=2615 incumb=59.9153 ratchet=60.0966 best=59.9140 since_improve=474
t=865982ms iter=2616 WAIST cost=56.0000 best_alt=49.0000 gap=7.0000 tried=5 sep_labels=49 clique_frac=0.01
t=866123ms iter=2616 REBUILD reject new_tc=71.0418 (was 59.9153)
t=866280ms iter=2616 incumb=59.9153 ratchet=60.1207 best=59.9140 since_improve=475
t=866290ms iter=2617 WAIST cost=56.0000 best_alt=51.0000 gap=5.0000 tried=5 sep_labels=51 clique_frac=0.01
t=866443ms iter=2617 REBUILD reject new_tc=65.3220 (was 59.9153)
t=866593ms iter=2617 incumb=59.9153 ratchet=59.9894 best=59.9140 since_improve=476
t=866601ms iter=2618 WAIST cost=56.0000 best_alt=52.0000 gap=4.0000 tried=5 sep_labels=52 clique_frac=0.01
t=866775ms iter=2618 REBUILD reject new_tc=61.3634 (was 59.9153)
t=866927ms iter=2618 incumb=59.9153 ratchet=59.9423 best=59.9140 since_improve=477
t=866935ms iter=2619 WAIST cost=56.0000 best_alt=51.0000 gap=5.0000 tried=5 sep_labels=51 clique_frac=0.01
t=867093ms iter=2619 REBUILD reject new_tc=61.6882 (was 59.9153)
t=867250ms iter=2619 incumb=59.9153 ratchet=59.9899 best=59.9140 since_improve=478
t=867260ms iter=2620 WAIST cost=56.0000 best_alt=50.0000 gap=6.0000 tried=5 sep_labels=50 clique_frac=0.01
t=867418ms iter=2620 REBUILD reject new_tc=61.2813 (was 59.9153)
t=867569ms iter=2620 incumb=59.9153 ratchet=60.0772 best=59.9140 since_improve=479
t=867579ms iter=2621 WAIST cost=56.0000 best_alt=52.0000 gap=4.0000 tried=5 sep_labels=52 clique_frac=0.01
t=867744ms iter=2621 REBUILD reject new_tc=60.9000 (was 59.9153)
t=867899ms iter=2621 incumb=59.9153 ratchet=60.3473 best=59.9140 since_improve=480
t=867907ms iter=2622 WAIST cost=56.0000 best_alt=52.0000 gap=4.0000 tried=5 sep_labels=52 clique_frac=0.01
t=868079ms iter=2622 REBUILD reject new_tc=60.7847 (was 59.9153)
t=868235ms iter=2622 incumb=59.9153 ratchet=59.9996 best=59.9140 since_improve=481
t=868242ms iter=2623 WAIST cost=56.0000 best_alt=52.0000 gap=4.0000 tried=5 sep_labels=52 clique_frac=0.01
t=868412ms iter=2623 REBUILD reject new_tc=60.5178 (was 59.9153)
t=868570ms iter=2623 incumb=59.9153 ratchet=60.1068 best=59.9140 since_improve=482
t=868578ms iter=2624 WAIST cost=56.0000 best_alt=52.0000 gap=4.0000 tried=5 sep_labels=52 clique_frac=0.01
t=868746ms iter=2624 REBUILD reject new_tc=67.6708 (was 59.9153)
t=868896ms iter=2624 incumb=59.9153 ratchet=60.0075 best=59.9140 since_improve=483
t=868905ms iter=2625 WAIST cost=56.0000 best_alt=52.0000 gap=4.0000 tried=5 sep_labels=52 clique_frac=0.01
t=869075ms iter=2625 REBUILD reject new_tc=61.1261 (was 59.9153)
t=869233ms iter=2625 incumb=59.9153 ratchet=60.0019 best=59.9140 since_improve=484
t=869240ms iter=2626 WAIST cost=56.0000 best_alt=51.0000 gap=5.0000 tried=5 sep_labels=51 clique_frac=0.01
t=869390ms iter=2626 REBUILD reject new_tc=60.5121 (was 59.9153)
t=869545ms iter=2626 incumb=59.9153 ratchet=60.0162 best=59.9140 since_improve=485
t=869552ms iter=2627 WAIST cost=56.0000 best_alt=52.0000 gap=4.0000 tried=5 sep_labels=52 clique_frac=0.01
t=869711ms iter=2627 REBUILD reject new_tc=70.0280 (was 59.9153)
t=869865ms iter=2627 incumb=59.9153 ratchet=60.0822 best=59.9140 since_improve=486
t=869874ms iter=2628 WAIST cost=56.0000 best_alt=52.0000 gap=4.0000 tried=5 sep_labels=52 clique_frac=0.01
t=870033ms iter=2628 REBUILD reject new_tc=65.2929 (was 59.9153)
t=870196ms iter=2628 incumb=59.9153 ratchet=59.9562 best=59.9140 since_improve=487
t=870204ms iter=2629 WAIST cost=56.0000 best_alt=52.0000 gap=4.0000 tried=5 sep_labels=52 clique_frac=0.01
t=870373ms iter=2629 REBUILD reject new_tc=60.7756 (was 59.9153)
t=870526ms iter=2629 incumb=59.9153 ratchet=59.9669 best=59.9140 since_improve=488
t=870535ms iter=2630 WAIST cost=56.0000 best_alt=52.0000 gap=4.0000 tried=5 sep_labels=52 clique_frac=0.01
t=870703ms iter=2630 REBUILD reject new_tc=60.0570 (was 59.9153)
t=870861ms iter=2630 incumb=59.9153 ratchet=60.0121 best=59.9140 since_improve=489
t=870869ms iter=2631 WAIST cost=56.0000 best_alt=51.0000 gap=5.0000 tried=5 sep_labels=51 clique_frac=0.01
t=871041ms iter=2631 REBUILD reject new_tc=61.4444 (was 59.9153)
t=871201ms iter=2631 incumb=59.9153 ratchet=59.9751 best=59.9140 since_improve=490
t=871209ms iter=2632 WAIST cost=56.0000 best_alt=52.0000 gap=4.0000 tried=5 sep_labels=52 clique_frac=0.01
t=871378ms iter=2632 REBUILD reject new_tc=62.1066 (was 59.9153)
t=871536ms iter=2632 incumb=59.9153 ratchet=59.9902 best=59.9140 since_improve=491
t=871543ms iter=2633 WAIST cost=56.0000 best_alt=52.0000 gap=4.0000 tried=5 sep_labels=52 clique_frac=0.01
t=871710ms iter=2633 REBUILD reject new_tc=66.6789 (was 59.9153)
t=871862ms iter=2633 incumb=59.9153 ratchet=59.9985 best=59.9140 since_improve=492
t=871871ms iter=2634 WAIST cost=56.0000 best_alt=51.0000 gap=5.0000 tried=5 sep_labels=51 clique_frac=0.01
t=872025ms iter=2634 REBUILD reject new_tc=62.9283 (was 59.9153)
t=872179ms iter=2634 incumb=59.9153 ratchet=59.9696 best=59.9140 since_improve=493
t=872186ms iter=2635 WAIST cost=56.0000 best_alt=52.0000 gap=4.0000 tried=5 sep_labels=52 clique_frac=0.01
t=872358ms iter=2635 REBUILD reject new_tc=60.1862 (was 59.9153)
t=872512ms iter=2635 incumb=59.9153 ratchet=60.0114 best=59.9140 since_improve=494
t=872520ms iter=2636 WAIST cost=56.0000 best_alt=52.0000 gap=4.0000 tried=5 sep_labels=52 clique_frac=0.01
t=872691ms iter=2636 REBUILD reject new_tc=60.4815 (was 59.9153)
t=872845ms iter=2636 incumb=59.9153 ratchet=60.0585 best=59.9140 since_improve=495
t=872854ms iter=2637 WAIST cost=56.0000 best_alt=52.0000 gap=4.0000 tried=5 sep_labels=52 clique_frac=0.01
t=873035ms iter=2637 REBUILD reject new_tc=61.6377 (was 59.9153)
t_final=873235ms tc_reduced=59.9140 tc_full=60.9378 leaves=3369
surgery summary: calls=2637 cheaper_cuts=2637 rebuild_accepts=2 waist_min_hits=0
