probe: instance=sycamore_53_20_0 n_orig=3369 n=381 fusible=0.8869 nlabels=754 t=17ms
seed_greedy tc=87.1830 t=500ms
t=606ms iter=1 WAIST cost=58.0000 best_alt=50.0000 gap=8.0000 tried=5 sep_labels=50 clique_frac=0.01
t=747ms iter=1 REBUILD reject new_tc=75.0001 (was 62.0050)
t=6241ms iter=1 incumb=62.0050 ratchet=61.6849 best=61.6708 since_improve=0
t=6252ms iter=2 WAIST cost=58.0000 best_alt=49.0000 gap=9.0000 tried=5 sep_labels=49 clique_frac=0.01
t=6415ms iter=2 REBUILD reject new_tc=62.3758 (was 61.6849)
t=7451ms iter=2 incumb=61.6849 ratchet=61.6064 best=61.6064 since_improve=0
t=7460ms iter=3 WAIST cost=58.0000 best_alt=50.0000 gap=8.0000 tried=5 sep_labels=50 clique_frac=0.01
t=7609ms iter=3 REBUILD reject new_tc=69.1151 (was 61.6064)
t=9153ms iter=3 incumb=61.6064 ratchet=61.1900 best=61.1863 since_improve=0
t=9165ms iter=4 WAIST cost=57.0000 best_alt=51.0000 gap=6.0000 tried=5 sep_labels=51 clique_frac=0.01
t=9318ms iter=4 REBUILD reject new_tc=61.7598 (was 61.1900)
t=15197ms iter=4 incumb=61.1900 ratchet=60.7948 best=60.7948 since_improve=0
t=15207ms iter=5 WAIST cost=56.0000 best_alt=52.0000 gap=4.0000 tried=5 sep_labels=52 clique_frac=0.01
t=15384ms iter=5 REBUILD reject new_tc=61.2684 (was 60.7948)
t=21739ms iter=5 incumb=60.7948 ratchet=60.1805 best=60.1639 since_improve=0
t=21747ms iter=6 WAIST cost=55.0000 best_alt=49.0000 gap=6.0000 tried=5 sep_labels=49 clique_frac=0.01
t=21916ms iter=6 REBUILD reject new_tc=60.8472 (was 60.1805)
t=24169ms iter=6 incumb=60.1805 ratchet=60.0428 best=60.0428 since_improve=0
t=24181ms iter=7 WAIST cost=55.0000 best_alt=49.0000 gap=6.0000 tried=5 sep_labels=49 clique_frac=0.01
t=24351ms iter=7 REBUILD reject new_tc=66.1919 (was 60.0428)
t=24513ms iter=7 incumb=60.0428 ratchet=60.0999 best=60.0428 since_improve=1
t=24523ms iter=8 WAIST cost=55.0000 best_alt=49.0000 gap=6.0000 tried=5 sep_labels=49 clique_frac=0.01
t=24697ms iter=8 REBUILD reject new_tc=60.7197 (was 60.0428)
t=24858ms iter=8 incumb=60.0428 ratchet=60.1010 best=60.0428 since_improve=2
t=24865ms iter=9 WAIST cost=55.0000 best_alt=49.0000 gap=6.0000 tried=5 sep_labels=49 clique_frac=0.01
t=25036ms iter=9 REBUILD reject new_tc=60.7057 (was 60.0428)
t=25195ms iter=9 incumb=60.0428 ratchet=60.1111 best=60.0428 since_improve=3
t=25205ms iter=10 WAIST cost=55.0000 best_alt=49.0000 gap=6.0000 tried=5 sep_labels=49 clique_frac=0.01
t=25379ms iter=10 REBUILD reject new_tc=61.3166 (was 60.0428)
t=25536ms iter=10 incumb=60.0428 ratchet=60.0989 best=60.0428 since_improve=4
t=25546ms iter=11 WAIST cost=55.0000 best_alt=49.0000 gap=6.0000 tried=5 sep_labels=49 clique_frac=0.01
t=25714ms iter=11 REBUILD reject new_tc=61.2295 (was 60.0428)
t=25882ms iter=11 incumb=60.0428 ratchet=60.1373 best=60.0428 since_improve=5
t=25892ms iter=12 WAIST cost=55.0000 best_alt=49.0000 gap=6.0000 tried=5 sep_labels=49 clique_frac=0.01
t=26057ms iter=12 REBUILD reject new_tc=60.4751 (was 60.0428)
t=26210ms iter=12 incumb=60.0428 ratchet=60.0864 best=60.0428 since_improve=6
t=26218ms iter=13 WAIST cost=55.0000 best_alt=49.0000 gap=6.0000 tried=5 sep_labels=49 clique_frac=0.01
t=26374ms iter=13 REBUILD reject new_tc=80.0000 (was 60.0428)
t=26530ms iter=13 incumb=60.0428 ratchet=60.1070 best=60.0428 since_improve=7
t=26542ms iter=14 WAIST cost=55.0000 best_alt=49.0000 gap=6.0000 tried=5 sep_labels=49 clique_frac=0.01
t=26703ms iter=14 REBUILD reject new_tc=61.7124 (was 60.0428)
t=26861ms iter=14 incumb=60.0428 ratchet=60.1529 best=60.0428 since_improve=8
t=26870ms iter=15 WAIST cost=55.0000 best_alt=49.0000 gap=6.0000 tried=5 sep_labels=49 clique_frac=0.01
t=27045ms iter=15 REBUILD reject new_tc=61.0548 (was 60.0428)
t=27727ms iter=15 incumb=60.0428 ratchet=60.0376 best=60.0376 since_improve=0
t=27739ms iter=16 WAIST cost=56.0000 best_alt=51.0000 gap=5.0000 tried=5 sep_labels=51 clique_frac=0.01
t=27892ms iter=16 REBUILD reject new_tc=61.3966 (was 60.0376)
t=28551ms iter=16 incumb=60.0376 ratchet=60.0213 best=60.0213 since_improve=0
t=28562ms iter=17 WAIST cost=55.0000 best_alt=49.0000 gap=6.0000 tried=5 sep_labels=49 clique_frac=0.01
t=28711ms iter=17 REBUILD reject new_tc=61.1030 (was 60.0213)
t=28873ms iter=17 incumb=60.0213 ratchet=60.0788 best=60.0213 since_improve=1
t=28882ms iter=18 WAIST cost=55.0000 best_alt=49.0000 gap=6.0000 tried=5 sep_labels=49 clique_frac=0.01
t=29025ms iter=18 REBUILD reject new_tc=66.1595 (was 60.0213)
t=29188ms iter=18 incumb=60.0213 ratchet=60.0319 best=60.0213 since_improve=2
t=29198ms iter=19 WAIST cost=55.0000 best_alt=49.0000 gap=6.0000 tried=5 sep_labels=49 clique_frac=0.01
t=29354ms iter=19 REBUILD reject new_tc=64.6492 (was 60.0213)
t=29508ms iter=19 incumb=60.0213 ratchet=60.0953 best=60.0213 since_improve=3
t=29517ms iter=20 WAIST cost=55.0000 best_alt=49.0000 gap=6.0000 tried=5 sep_labels=49 clique_frac=0.01
t=29665ms iter=20 REBUILD reject new_tc=60.9044 (was 60.0213)
t=29824ms iter=20 incumb=60.0213 ratchet=60.1308 best=60.0213 since_improve=4
t=29834ms iter=21 WAIST cost=55.0000 best_alt=49.0000 gap=6.0000 tried=5 sep_labels=49 clique_frac=0.01
t=29977ms iter=21 REBUILD reject new_tc=61.4893 (was 60.0213)
t=30143ms iter=21 incumb=60.0213 ratchet=60.1208 best=60.0213 since_improve=5
t=30151ms iter=22 WAIST cost=55.0000 best_alt=49.0000 gap=6.0000 tried=5 sep_labels=49 clique_frac=0.01
t=30314ms iter=22 REBUILD reject new_tc=61.6135 (was 60.0213)
t=30477ms iter=22 incumb=60.0213 ratchet=60.0439 best=60.0213 since_improve=6
t=30486ms iter=23 WAIST cost=55.0000 best_alt=49.0000 gap=6.0000 tried=5 sep_labels=49 clique_frac=0.01
t=30632ms iter=23 REBUILD reject new_tc=61.5691 (was 60.0213)
t=30792ms iter=23 incumb=60.0213 ratchet=60.2021 best=60.0213 since_improve=7
t=30801ms iter=24 WAIST cost=55.0000 best_alt=49.0000 gap=6.0000 tried=5 sep_labels=49 clique_frac=0.01
t=30958ms iter=24 REBUILD reject new_tc=60.6412 (was 60.0213)
t=31119ms iter=24 incumb=60.0213 ratchet=60.0555 best=60.0213 since_improve=8
t=31128ms iter=25 WAIST cost=55.0000 best_alt=49.0000 gap=6.0000 tried=5 sep_labels=49 clique_frac=0.01
t=31282ms iter=25 REBUILD reject new_tc=61.4483 (was 60.0213)
t=31445ms iter=25 incumb=60.0213 ratchet=60.0652 best=60.0213 since_improve=9
t=31453ms iter=26 WAIST cost=55.0000 best_alt=49.0000 gap=6.0000 tried=5 sep_labels=49 clique_frac=0.01
t=31594ms iter=26 REBUILD reject new_tc=71.0036 (was 60.0213)
t=31752ms iter=26 incumb=60.0213 ratchet=60.0630 best=60.0213 since_improve=10
t=31760ms iter=27 WAIST cost=55.0000 best_alt=49.0000 gap=6.0000 tried=5 sep_labels=49 clique_frac=0.01
t=31918ms iter=27 REBUILD reject new_tc=61.4906 (was 60.0213)
t=32084ms iter=27 incumb=60.0213 ratchet=60.1000 best=60.0213 since_improve=11
t=32093ms iter=28 WAIST cost=55.0000 best_alt=49.0000 gap=6.0000 tried=5 sep_labels=49 clique_frac=0.01
t=32249ms iter=28 REBUILD reject new_tc=60.6130 (was 60.0213)
t=32405ms iter=28 incumb=60.0213 ratchet=60.1980 best=60.0213 since_improve=12
t=32416ms iter=29 WAIST cost=55.0000 best_alt=49.0000 gap=6.0000 tried=5 sep_labels=49 clique_frac=0.01
t=32567ms iter=29 REBUILD reject new_tc=60.4037 (was 60.0213)
t=32721ms iter=29 incumb=60.0213 ratchet=60.0968 best=60.0213 since_improve=13
t=32730ms iter=30 WAIST cost=55.0000 best_alt=49.0000 gap=6.0000 tried=5 sep_labels=49 clique_frac=0.01
t=32885ms iter=30 REBUILD reject new_tc=69.3889 (was 60.0213)
t=33048ms iter=30 incumb=60.0213 ratchet=60.1294 best=60.0213 since_improve=14
t=33057ms iter=31 WAIST cost=55.0000 best_alt=49.0000 gap=6.0000 tried=5 sep_labels=49 clique_frac=0.01
t=33208ms iter=31 REBUILD reject new_tc=61.1466 (was 60.0213)
t=33368ms iter=31 incumb=60.0213 ratchet=60.0465 best=60.0213 since_improve=15
t=33377ms iter=32 WAIST cost=55.0000 best_alt=49.0000 gap=6.0000 tried=5 sep_labels=49 clique_frac=0.01
t=33529ms iter=32 REBUILD reject new_tc=61.0645 (was 60.0213)
t=33998ms iter=32 incumb=60.0213 ratchet=60.0292 best=60.0130 since_improve=16
t=34007ms iter=33 WAIST cost=55.0000 best_alt=49.0000 gap=6.0000 tried=5 sep_labels=49 clique_frac=0.01
t=34156ms iter=33 REBUILD reject new_tc=67.3674 (was 60.0213)
t=34319ms iter=33 incumb=60.0213 ratchet=60.1885 best=60.0130 since_improve=17
t=34329ms iter=34 WAIST cost=55.0000 best_alt=49.0000 gap=6.0000 tried=5 sep_labels=49 clique_frac=0.01
t=34478ms iter=34 REBUILD reject new_tc=61.3969 (was 60.0213)
t=34632ms iter=34 incumb=60.0213 ratchet=60.0931 best=60.0130 since_improve=18
t=34642ms iter=35 WAIST cost=55.0000 best_alt=49.0000 gap=6.0000 tried=5 sep_labels=49 clique_frac=0.01
t=34790ms iter=35 REBUILD reject new_tc=65.2123 (was 60.0213)
t=35489ms iter=35 incumb=60.0213 ratchet=59.9960 best=59.9960 since_improve=0
t=35500ms iter=36 WAIST cost=56.0000 best_alt=49.0000 gap=7.0000 tried=5 sep_labels=49 clique_frac=0.01
t=35658ms iter=36 REBUILD reject new_tc=60.7530 (was 59.9960)
t=35818ms iter=36 incumb=59.9960 ratchet=60.0363 best=59.9960 since_improve=1
t=35827ms iter=37 WAIST cost=56.0000 best_alt=51.0000 gap=5.0000 tried=5 sep_labels=51 clique_frac=0.01
t=36004ms iter=37 REBUILD reject new_tc=60.5924 (was 59.9960)
t=36165ms iter=37 incumb=59.9960 ratchet=60.0778 best=59.9960 since_improve=2
t=36179ms iter=38 WAIST cost=56.0000 best_alt=50.0000 gap=6.0000 tried=5 sep_labels=50 clique_frac=0.01
t=36343ms iter=38 REBUILD reject new_tc=65.6223 (was 59.9960)
t=36503ms iter=38 incumb=59.9960 ratchet=60.0993 best=59.9960 since_improve=3
t=36512ms iter=39 WAIST cost=56.0000 best_alt=51.0000 gap=5.0000 tried=5 sep_labels=51 clique_frac=0.01
t=36683ms iter=39 REBUILD reject new_tc=61.3650 (was 59.9960)
t=36843ms iter=39 incumb=59.9960 ratchet=60.0258 best=59.9960 since_improve=4
t=36852ms iter=40 WAIST cost=56.0000 best_alt=51.0000 gap=5.0000 tried=5 sep_labels=51 clique_frac=0.01
t=37025ms iter=40 REBUILD reject new_tc=63.9600 (was 59.9960)
t=37186ms iter=40 incumb=59.9960 ratchet=60.1611 best=59.9960 since_improve=5
t=37195ms iter=41 WAIST cost=56.0000 best_alt=51.0000 gap=5.0000 tried=5 sep_labels=51 clique_frac=0.01
t=37369ms iter=41 REBUILD reject new_tc=62.2461 (was 59.9960)
t=37526ms iter=41 incumb=59.9960 ratchet=60.1175 best=59.9960 since_improve=6
t=37535ms iter=42 WAIST cost=56.0000 best_alt=51.0000 gap=5.0000 tried=5 sep_labels=51 clique_frac=0.01
t=37713ms iter=42 REBUILD reject new_tc=60.7806 (was 59.9960)
t=37876ms iter=42 incumb=59.9960 ratchet=60.0287 best=59.9960 since_improve=7
t=37886ms iter=43 WAIST cost=56.0000 best_alt=51.0000 gap=5.0000 tried=5 sep_labels=51 clique_frac=0.01
t=38049ms iter=43 REBUILD reject new_tc=74.0001 (was 59.9960)
t=38203ms iter=43 incumb=59.9960 ratchet=60.1106 best=59.9960 since_improve=8
t=38210ms iter=44 WAIST cost=56.0000 best_alt=51.0000 gap=5.0000 tried=5 sep_labels=51 clique_frac=0.01
t=38375ms iter=44 REBUILD reject new_tc=65.2586 (was 59.9960)
t=38536ms iter=44 incumb=59.9960 ratchet=60.1230 best=59.9960 since_improve=9
t=38547ms iter=45 WAIST cost=56.0000 best_alt=49.0000 gap=7.0000 tried=5 sep_labels=49 clique_frac=0.01
t=38698ms iter=45 REBUILD reject new_tc=66.2776 (was 59.9960)
t=38855ms iter=45 incumb=59.9960 ratchet=60.0069 best=59.9960 since_improve=10
t=38866ms iter=46 WAIST cost=56.0000 best_alt=51.0000 gap=5.0000 tried=5 sep_labels=51 clique_frac=0.01
t=39041ms iter=46 REBUILD reject new_tc=60.5154 (was 59.9960)
t=39203ms iter=46 incumb=59.9960 ratchet=60.1382 best=59.9960 since_improve=11
t=39212ms iter=47 WAIST cost=56.0000 best_alt=51.0000 gap=5.0000 tried=5 sep_labels=51 clique_frac=0.01
t=39388ms iter=47 REBUILD reject new_tc=64.4718 (was 59.9960)
t=39544ms iter=47 incumb=59.9960 ratchet=60.0360 best=59.9960 since_improve=12
t=39555ms iter=48 WAIST cost=56.0000 best_alt=51.0000 gap=5.0000 tried=5 sep_labels=51 clique_frac=0.01
t=39730ms iter=48 REBUILD reject new_tc=60.5296 (was 59.9960)
t=39893ms iter=48 incumb=59.9960 ratchet=60.1573 best=59.9960 since_improve=13
t=39904ms iter=49 WAIST cost=56.0000 best_alt=51.0000 gap=5.0000 tried=5 sep_labels=51 clique_frac=0.01
t=40074ms iter=49 REBUILD reject new_tc=61.0043 (was 59.9960)
t=40226ms iter=49 incumb=59.9960 ratchet=60.0754 best=59.9960 since_improve=14
t=40238ms iter=50 WAIST cost=56.0000 best_alt=51.0000 gap=5.0000 tried=5 sep_labels=51 clique_frac=0.01
t=40401ms iter=50 REBUILD reject new_tc=75.0006 (was 59.9960)
t=40562ms iter=50 incumb=59.9960 ratchet=60.1574 best=59.9960 since_improve=15
t=40573ms iter=51 WAIST cost=56.0000 best_alt=51.0000 gap=5.0000 tried=5 sep_labels=51 clique_frac=0.01
t=40735ms iter=51 REBUILD reject new_tc=71.0113 (was 59.9960)
t=40901ms iter=51 incumb=59.9960 ratchet=60.0452 best=59.9960 since_improve=16
t=40913ms iter=52 WAIST cost=56.0000 best_alt=50.0000 gap=6.0000 tried=5 sep_labels=50 clique_frac=0.01
t=41080ms iter=52 REBUILD reject new_tc=67.4198 (was 59.9960)
t=41236ms iter=52 incumb=59.9960 ratchet=60.0983 best=59.9960 since_improve=17
t=41247ms iter=53 WAIST cost=56.0000 best_alt=51.0000 gap=5.0000 tried=5 sep_labels=51 clique_frac=0.01
t=41415ms iter=53 REBUILD reject new_tc=64.7303 (was 59.9960)
t=41577ms iter=53 incumb=59.9960 ratchet=60.1613 best=59.9960 since_improve=18
t=41588ms iter=54 WAIST cost=56.0000 best_alt=51.0000 gap=5.0000 tried=5 sep_labels=51 clique_frac=0.01
t=41761ms iter=54 REBUILD reject new_tc=60.9929 (was 59.9960)
t=41917ms iter=54 incumb=59.9960 ratchet=60.0598 best=59.9960 since_improve=19
t=41927ms iter=55 WAIST cost=56.0000 best_alt=51.0000 gap=5.0000 tried=5 sep_labels=51 clique_frac=0.01
t=42100ms iter=55 REBUILD reject new_tc=60.9767 (was 59.9960)
t=42259ms iter=55 incumb=59.9960 ratchet=60.0814 best=59.9960 since_improve=20
t=42270ms iter=56 WAIST cost=56.0000 best_alt=51.0000 gap=5.0000 tried=5 sep_labels=51 clique_frac=0.01
t=42440ms iter=56 REBUILD reject new_tc=63.7972 (was 59.9960)
t=42922ms iter=56 incumb=59.9960 ratchet=59.9921 best=59.9833 since_improve=0
t=42932ms iter=57 WAIST cost=56.0000 best_alt=50.0000 gap=6.0000 tried=5 sep_labels=50 clique_frac=0.01
t=43101ms iter=57 REBUILD reject new_tc=61.0507 (was 59.9921)
t=43256ms iter=57 incumb=59.9921 ratchet=60.0875 best=59.9833 since_improve=1
t=43263ms iter=58 WAIST cost=56.0000 best_alt=52.0000 gap=4.0000 tried=5 sep_labels=52 clique_frac=0.01
t=43433ms iter=58 REBUILD reject new_tc=60.7073 (was 59.9921)
t=44449ms iter=58 incumb=59.9921 ratchet=59.9921 best=59.9561 since_improve=2
t=44459ms iter=59 WAIST cost=56.0000 best_alt=52.0000 gap=4.0000 tried=5 sep_labels=52 clique_frac=0.01
t=44624ms iter=59 REBUILD reject new_tc=64.6138 (was 59.9921)
t=44784ms iter=59 incumb=59.9921 ratchet=60.0364 best=59.9561 since_improve=3
t=44793ms iter=60 WAIST cost=56.0000 best_alt=52.0000 gap=4.0000 tried=5 sep_labels=52 clique_frac=0.01
t=44963ms iter=60 REBUILD reject new_tc=60.8852 (was 59.9921)
t=45121ms iter=60 incumb=59.9921 ratchet=60.0766 best=59.9561 since_improve=4
t=45130ms iter=61 WAIST cost=56.0000 best_alt=51.0000 gap=5.0000 tried=5 sep_labels=51 clique_frac=0.01
t=45284ms iter=61 REBUILD reject new_tc=61.5288 (was 59.9921)
t=45435ms iter=61 incumb=59.9921 ratchet=60.0506 best=59.9561 since_improve=5
t=45442ms iter=62 WAIST cost=56.0000 best_alt=52.0000 gap=4.0000 tried=5 sep_labels=52 clique_frac=0.01
t=45619ms iter=62 REBUILD reject new_tc=63.7271 (was 59.9921)
t=45778ms iter=62 incumb=59.9921 ratchet=60.1171 best=59.9561 since_improve=6
t=45785ms iter=63 WAIST cost=56.0000 best_alt=52.0000 gap=4.0000 tried=5 sep_labels=52 clique_frac=0.01
t=45961ms iter=63 REBUILD reject new_tc=62.3823 (was 59.9921)
t=46116ms iter=63 incumb=59.9921 ratchet=60.1401 best=59.9561 since_improve=7
t=46126ms iter=64 WAIST cost=56.0000 best_alt=51.0000 gap=5.0000 tried=5 sep_labels=51 clique_frac=0.01
t=46282ms iter=64 REBUILD reject new_tc=61.8789 (was 59.9921)
t=46446ms iter=64 incumb=59.9921 ratchet=60.0490 best=59.9561 since_improve=8
t=46455ms iter=65 WAIST cost=56.0000 best_alt=52.0000 gap=4.0000 tried=5 sep_labels=52 clique_frac=0.01
t=46632ms iter=65 REBUILD reject new_tc=60.6839 (was 59.9921)
t=46790ms iter=65 incumb=59.9921 ratchet=60.1517 best=59.9561 since_improve=9
t=46801ms iter=66 WAIST cost=56.0000 best_alt=52.0000 gap=4.0000 tried=5 sep_labels=52 clique_frac=0.01
t=46972ms iter=66 REBUILD reject new_tc=64.5054 (was 59.9921)
t=47130ms iter=66 incumb=59.9921 ratchet=60.0487 best=59.9561 since_improve=10
t=47140ms iter=67 WAIST cost=56.0000 best_alt=51.0000 gap=5.0000 tried=5 sep_labels=51 clique_frac=0.01
t=47321ms iter=67 REBUILD reject new_tc=66.5678 (was 59.9921)
t=47483ms iter=67 incumb=59.9921 ratchet=60.0617 best=59.9561 since_improve=11
t=47492ms iter=68 WAIST cost=56.0000 best_alt=52.0000 gap=4.0000 tried=5 sep_labels=52 clique_frac=0.01
t=47668ms iter=68 REBUILD reject new_tc=60.4664 (was 59.9921)
t=47828ms iter=68 incumb=59.9921 ratchet=60.0265 best=59.9561 since_improve=12
t=47837ms iter=69 WAIST cost=56.0000 best_alt=52.0000 gap=4.0000 tried=5 sep_labels=52 clique_frac=0.01
t=48010ms iter=69 REBUILD reject new_tc=65.4018 (was 59.9921)
t=48166ms iter=69 incumb=59.9921 ratchet=60.0753 best=59.9561 since_improve=13
t=48174ms iter=70 WAIST cost=56.0000 best_alt=50.0000 gap=6.0000 tried=5 sep_labels=50 clique_frac=0.01
t=48331ms iter=70 REBUILD reject new_tc=61.4974 (was 59.9921)
t=48481ms iter=70 incumb=59.9921 ratchet=60.2726 best=59.9561 since_improve=14
t=48490ms iter=71 WAIST cost=56.0000 best_alt=51.0000 gap=5.0000 tried=5 sep_labels=51 clique_frac=0.01
t=48650ms iter=71 REBUILD reject new_tc=75.0001 (was 59.9921)
t=48810ms iter=71 incumb=59.9921 ratchet=60.0344 best=59.9561 since_improve=15
t=48819ms iter=72 WAIST cost=56.0000 best_alt=52.0000 gap=4.0000 tried=5 sep_labels=52 clique_frac=0.01
t=48990ms iter=72 REBUILD reject new_tc=62.5480 (was 59.9921)
t=49150ms iter=72 incumb=59.9921 ratchet=60.2416 best=59.9561 since_improve=16
t=49159ms iter=73 WAIST cost=56.0000 best_alt=52.0000 gap=4.0000 tried=5 sep_labels=52 clique_frac=0.01
t=49329ms iter=73 REBUILD reject new_tc=62.5458 (was 59.9921)
t=49486ms iter=73 incumb=59.9921 ratchet=60.0782 best=59.9561 since_improve=17
t=49496ms iter=74 WAIST cost=56.0000 best_alt=51.0000 gap=5.0000 tried=5 sep_labels=51 clique_frac=0.01
t=49654ms iter=74 REBUILD reject new_tc=61.3145 (was 59.9921)
t=49810ms iter=74 incumb=59.9921 ratchet=60.1537 best=59.9561 since_improve=18
t=49819ms iter=75 WAIST cost=56.0000 best_alt=52.0000 gap=4.0000 tried=5 sep_labels=52 clique_frac=0.01
t=49993ms iter=75 REBUILD reject new_tc=60.4601 (was 59.9921)
t=50150ms iter=75 incumb=59.9921 ratchet=60.0350 best=59.9561 since_improve=19
t=50158ms iter=76 WAIST cost=56.0000 best_alt=52.0000 gap=4.0000 tried=5 sep_labels=52 clique_frac=0.01
t=50337ms iter=76 REBUILD reject new_tc=61.6861 (was 59.9921)
t=50499ms iter=76 incumb=59.9921 ratchet=60.0643 best=59.9561 since_improve=20
t=50509ms iter=77 WAIST cost=56.0000 best_alt=49.0000 gap=7.0000 tried=5 sep_labels=49 clique_frac=0.01
t=50678ms iter=77 REBUILD reject new_tc=61.5242 (was 59.9921)
t=50834ms iter=77 incumb=59.9921 ratchet=60.0806 best=59.9561 since_improve=21
t=50845ms iter=78 WAIST cost=56.0000 best_alt=50.0000 gap=6.0000 tried=5 sep_labels=50 clique_frac=0.01
t=50995ms iter=78 REBUILD reject new_tc=60.8652 (was 59.9921)
t=51153ms iter=78 incumb=59.9921 ratchet=60.0761 best=59.9561 since_improve=22
t=51162ms iter=79 WAIST cost=56.0000 best_alt=52.0000 gap=4.0000 tried=5 sep_labels=52 clique_frac=0.01
t=51336ms iter=79 REBUILD reject new_tc=61.3067 (was 59.9921)
t=51488ms iter=79 incumb=59.9921 ratchet=60.0740 best=59.9561 since_improve=23
t=51498ms iter=80 WAIST cost=56.0000 best_alt=50.0000 gap=6.0000 tried=5 sep_labels=50 clique_frac=0.01
t=51649ms iter=80 REBUILD reject new_tc=61.6248 (was 59.9921)
t=51808ms iter=80 incumb=59.9921 ratchet=60.0398 best=59.9561 since_improve=24
t=51815ms iter=81 WAIST cost=56.0000 best_alt=50.0000 gap=6.0000 tried=5 sep_labels=50 clique_frac=0.01
t=51971ms iter=81 REBUILD reject new_tc=61.5033 (was 59.9921)
t=52129ms iter=81 incumb=59.9921 ratchet=60.1569 best=59.9561 since_improve=25
t=52139ms iter=82 WAIST cost=56.0000 best_alt=52.0000 gap=4.0000 tried=5 sep_labels=52 clique_frac=0.01
t=52312ms iter=82 REBUILD reject new_tc=62.6333 (was 59.9921)
t=52464ms iter=82 incumb=59.9921 ratchet=60.0211 best=59.9561 since_improve=26
t=52472ms iter=83 WAIST cost=56.0000 best_alt=51.0000 gap=5.0000 tried=5 sep_labels=51 clique_frac=0.01
t=52628ms iter=83 REBUILD reject new_tc=62.0015 (was 59.9921)
t=52780ms iter=83 incumb=59.9921 ratchet=59.9902 best=59.9561 since_improve=0
t=52789ms iter=84 WAIST cost=56.0000 best_alt=50.0000 gap=6.0000 tried=5 sep_labels=50 clique_frac=0.01
t=52962ms iter=84 REBUILD reject new_tc=61.6358 (was 59.9902)
t=53126ms iter=84 incumb=59.9902 ratchet=60.0711 best=59.9561 since_improve=1
t=53134ms iter=85 WAIST cost=56.0000 best_alt=52.0000 gap=4.0000 tried=5 sep_labels=52 clique_frac=0.01
t=53306ms iter=85 REBUILD reject new_tc=64.3767 (was 59.9902)
t=53465ms iter=85 incumb=59.9902 ratchet=60.0388 best=59.9561 since_improve=2
t=53475ms iter=86 WAIST cost=56.0000 best_alt=52.0000 gap=4.0000 tried=5 sep_labels=52 clique_frac=0.01
t=53650ms iter=86 REBUILD reject new_tc=61.6101 (was 59.9902)
t=53812ms iter=86 incumb=59.9902 ratchet=60.0679 best=59.9561 since_improve=3
t=53821ms iter=87 WAIST cost=56.0000 best_alt=51.0000 gap=5.0000 tried=5 sep_labels=51 clique_frac=0.01
t=53973ms iter=87 REBUILD reject new_tc=60.5717 (was 59.9902)
t=54129ms iter=87 incumb=59.9902 ratchet=60.0122 best=59.9561 since_improve=4
t=54137ms iter=88 WAIST cost=56.0000 best_alt=52.0000 gap=4.0000 tried=5 sep_labels=52 clique_frac=0.01
t=54312ms iter=88 REBUILD reject new_tc=60.2057 (was 59.9902)
t=54470ms iter=88 incumb=59.9902 ratchet=60.0108 best=59.9561 since_improve=5
t=54478ms iter=89 WAIST cost=56.0000 best_alt=52.0000 gap=4.0000 tried=5 sep_labels=52 clique_frac=0.01
t=54648ms iter=89 REBUILD reject new_tc=60.5272 (was 59.9902)
t=54803ms iter=89 incumb=59.9902 ratchet=60.0365 best=59.9561 since_improve=6
t=54813ms iter=90 WAIST cost=56.0000 best_alt=52.0000 gap=4.0000 tried=5 sep_labels=52 clique_frac=0.01
t=54985ms iter=90 REBUILD reject new_tc=62.4084 (was 59.9902)
t=55138ms iter=90 incumb=59.9902 ratchet=60.0635 best=59.9561 since_improve=7
t=55148ms iter=91 WAIST cost=56.0000 best_alt=52.0000 gap=4.0000 tried=5 sep_labels=52 clique_frac=0.01
t=55312ms iter=91 REBUILD reject new_tc=61.4504 (was 59.9902)
t=55469ms iter=91 incumb=59.9902 ratchet=60.0617 best=59.9561 since_improve=8
t=55475ms iter=92 WAIST cost=56.0000 best_alt=52.0000 gap=4.0000 tried=5 sep_labels=52 clique_frac=0.01
t=55648ms iter=92 REBUILD reject new_tc=64.4009 (was 59.9902)
t=55809ms iter=92 incumb=59.9902 ratchet=60.5165 best=59.9561 since_improve=9
t=55818ms iter=93 WAIST cost=56.0000 best_alt=52.0000 gap=4.0000 tried=5 sep_labels=52 clique_frac=0.01
t=55986ms iter=93 REBUILD reject new_tc=60.7264 (was 59.9902)
t=56147ms iter=93 incumb=59.9902 ratchet=60.0905 best=59.9561 since_improve=10
t=56155ms iter=94 WAIST cost=56.0000 best_alt=52.0000 gap=4.0000 tried=5 sep_labels=52 clique_frac=0.01
t=56323ms iter=94 REBUILD reject new_tc=62.4732 (was 59.9902)
t=56484ms iter=94 incumb=59.9902 ratchet=60.1452 best=59.9561 since_improve=11
t=56493ms iter=95 WAIST cost=56.0000 best_alt=51.0000 gap=5.0000 tried=5 sep_labels=51 clique_frac=0.01
t=56666ms iter=95 REBUILD reject new_tc=60.2977 (was 59.9902)
t=56823ms iter=95 incumb=59.9902 ratchet=60.0023 best=59.9561 since_improve=12
t=56832ms iter=96 WAIST cost=56.0000 best_alt=52.0000 gap=4.0000 tried=5 sep_labels=52 clique_frac=0.01
t=57003ms iter=96 REBUILD reject new_tc=64.6195 (was 59.9902)
t=57161ms iter=96 incumb=59.9902 ratchet=60.0688 best=59.9561 since_improve=13
t=57170ms iter=97 WAIST cost=56.0000 best_alt=52.0000 gap=4.0000 tried=5 sep_labels=52 clique_frac=0.01
t=57342ms iter=97 REBUILD reject new_tc=60.8846 (was 59.9902)
t=57505ms iter=97 incumb=59.9902 ratchet=60.0678 best=59.9561 since_improve=14
t=57515ms iter=98 WAIST cost=56.0000 best_alt=52.0000 gap=4.0000 tried=5 sep_labels=52 clique_frac=0.01
t=57691ms iter=98 REBUILD reject new_tc=60.6204 (was 59.9902)
t=57845ms iter=98 incumb=59.9902 ratchet=60.1152 best=59.9561 since_improve=15
t=57851ms iter=99 WAIST cost=56.0000 best_alt=52.0000 gap=4.0000 tried=5 sep_labels=52 clique_frac=0.01
t=58025ms iter=99 REBUILD reject new_tc=67.1586 (was 59.9902)
t=58186ms iter=99 incumb=59.9902 ratchet=60.0889 best=59.9561 since_improve=16
t=58192ms iter=100 WAIST cost=56.0000 best_alt=52.0000 gap=4.0000 tried=5 sep_labels=52 clique_frac=0.01
t=58369ms iter=100 REBUILD reject new_tc=64.5828 (was 59.9902)
t=58546ms iter=100 incumb=59.9902 ratchet=60.0321 best=59.9561 since_improve=17
t=58559ms iter=101 WAIST cost=56.0000 best_alt=52.0000 gap=4.0000 tried=5 sep_labels=52 clique_frac=0.01
t=58729ms iter=101 REBUILD reject new_tc=62.3007 (was 59.9902)
t=58884ms iter=101 incumb=59.9902 ratchet=60.0743 best=59.9561 since_improve=18
t=58894ms iter=102 WAIST cost=56.0000 best_alt=52.0000 gap=4.0000 tried=5 sep_labels=52 clique_frac=0.01
t=59114ms iter=102 REBUILD reject new_tc=61.9834 (was 59.9902)
t=59276ms iter=102 incumb=59.9902 ratchet=60.0536 best=59.9561 since_improve=19
t=59283ms iter=103 WAIST cost=56.0000 best_alt=52.0000 gap=4.0000 tried=5 sep_labels=52 clique_frac=0.01
t=59460ms iter=103 REBUILD reject new_tc=61.7927 (was 59.9902)
t=59618ms iter=103 incumb=59.9902 ratchet=60.2204 best=59.9561 since_improve=20
t=59626ms iter=104 WAIST cost=56.0000 best_alt=52.0000 gap=4.0000 tried=5 sep_labels=52 clique_frac=0.01
t=59801ms iter=104 REBUILD reject new_tc=61.4635 (was 59.9902)
t=59957ms iter=104 incumb=59.9902 ratchet=60.0365 best=59.9561 since_improve=21
t=59965ms iter=105 WAIST cost=56.0000 best_alt=52.0000 gap=4.0000 tried=5 sep_labels=52 clique_frac=0.01
t=60136ms iter=105 REBUILD reject new_tc=62.0721 (was 59.9902)
t=60296ms iter=105 incumb=59.9902 ratchet=60.2603 best=59.9561 since_improve=22
t=60303ms iter=106 WAIST cost=56.0000 best_alt=52.0000 gap=4.0000 tried=5 sep_labels=52 clique_frac=0.01
t=60468ms iter=106 REBUILD reject new_tc=62.6497 (was 59.9902)
t=60622ms iter=106 incumb=59.9902 ratchet=60.0831 best=59.9561 since_improve=23
t=60631ms iter=107 WAIST cost=56.0000 best_alt=52.0000 gap=4.0000 tried=5 sep_labels=52 clique_frac=0.01
t=60800ms iter=107 REBUILD reject new_tc=61.3842 (was 59.9902)
t=60958ms iter=107 incumb=59.9902 ratchet=60.1358 best=59.9561 since_improve=24
t=60967ms iter=108 WAIST cost=56.0000 best_alt=52.0000 gap=4.0000 tried=5 sep_labels=52 clique_frac=0.01
t=61141ms iter=108 REBUILD reject new_tc=60.3164 (was 59.9902)
t=61295ms iter=108 incumb=59.9902 ratchet=60.1534 best=59.9561 since_improve=25
t=61303ms iter=109 WAIST cost=56.0000 best_alt=52.0000 gap=4.0000 tried=5 sep_labels=52 clique_frac=0.01
t=61475ms iter=109 REBUILD reject new_tc=60.8036 (was 59.9902)
t=61633ms iter=109 incumb=59.9902 ratchet=60.4561 best=59.9561 since_improve=26
t=61641ms iter=110 WAIST cost=56.0000 best_alt=52.0000 gap=4.0000 tried=5 sep_labels=52 clique_frac=0.01
t=61816ms iter=110 REBUILD reject new_tc=61.2142 (was 59.9902)
t=61975ms iter=110 incumb=59.9902 ratchet=60.0822 best=59.9561 since_improve=27
t=61982ms iter=111 WAIST cost=56.0000 best_alt=52.0000 gap=4.0000 tried=5 sep_labels=52 clique_frac=0.01
t=62157ms iter=111 REBUILD reject new_tc=60.7112 (was 59.9902)
t=62311ms iter=111 incumb=59.9902 ratchet=60.1122 best=59.9561 since_improve=28
t=62321ms iter=112 WAIST cost=56.0000 best_alt=52.0000 gap=4.0000 tried=5 sep_labels=52 clique_frac=0.01
t=62499ms iter=112 REBUILD reject new_tc=61.5906 (was 59.9902)
t=62655ms iter=112 incumb=59.9902 ratchet=60.0373 best=59.9561 since_improve=29
t=62666ms iter=113 WAIST cost=56.0000 best_alt=52.0000 gap=4.0000 tried=5 sep_labels=52 clique_frac=0.01
t=62841ms iter=113 REBUILD reject new_tc=61.1751 (was 59.9902)
t=63002ms iter=113 incumb=59.9902 ratchet=60.2057 best=59.9561 since_improve=30
t=63010ms iter=114 WAIST cost=56.0000 best_alt=52.0000 gap=4.0000 tried=5 sep_labels=52 clique_frac=0.01
t=63176ms iter=114 REBUILD reject new_tc=64.2160 (was 59.9902)
t=63330ms iter=114 incumb=59.9902 ratchet=60.0602 best=59.9561 since_improve=31
t=63339ms iter=115 WAIST cost=56.0000 best_alt=52.0000 gap=4.0000 tried=5 sep_labels=52 clique_frac=0.01
t=63512ms iter=115 REBUILD reject new_tc=61.1422 (was 59.9902)
t=63672ms iter=115 incumb=59.9902 ratchet=60.0890 best=59.9561 since_improve=32
t=63683ms iter=116 WAIST cost=56.0000 best_alt=51.0000 gap=5.0000 tried=5 sep_labels=51 clique_frac=0.01
t=63830ms iter=116 REBUILD reject new_tc=61.5897 (was 59.9902)
t=63989ms iter=116 incumb=59.9902 ratchet=60.0489 best=59.9561 since_improve=33
t=63997ms iter=117 WAIST cost=56.0000 best_alt=52.0000 gap=4.0000 tried=5 sep_labels=52 clique_frac=0.01
t=64167ms iter=117 REBUILD reject new_tc=63.1435 (was 59.9902)
t=64325ms iter=117 incumb=59.9902 ratchet=60.0309 best=59.9561 since_improve=34
t=64333ms iter=118 WAIST cost=56.0000 best_alt=52.0000 gap=4.0000 tried=5 sep_labels=52 clique_frac=0.01
t=64505ms iter=118 REBUILD reject new_tc=62.3570 (was 59.9902)
t=64663ms iter=118 incumb=59.9902 ratchet=60.1448 best=59.9561 since_improve=35
t=64672ms iter=119 WAIST cost=56.0000 best_alt=52.0000 gap=4.0000 tried=5 sep_labels=52 clique_frac=0.01
t=64848ms iter=119 REBUILD reject new_tc=62.5713 (was 59.9902)
t=65003ms iter=119 incumb=59.9902 ratchet=60.0544 best=59.9561 since_improve=36
t=65011ms iter=120 WAIST cost=56.0000 best_alt=52.0000 gap=4.0000 tried=5 sep_labels=52 clique_frac=0.01
t=65184ms iter=120 REBUILD reject new_tc=60.9526 (was 59.9902)
t=65336ms iter=120 incumb=59.9902 ratchet=60.0776 best=59.9561 since_improve=37
t=65345ms iter=121 WAIST cost=56.0000 best_alt=51.0000 gap=5.0000 tried=5 sep_labels=51 clique_frac=0.01
t=65519ms iter=121 REBUILD reject new_tc=61.0394 (was 59.9902)
t=65682ms iter=121 incumb=59.9902 ratchet=60.2407 best=59.9561 since_improve=38
t=65692ms iter=122 WAIST cost=56.0000 best_alt=52.0000 gap=4.0000 tried=5 sep_labels=52 clique_frac=0.01
t=65856ms iter=122 REBUILD reject new_tc=63.6703 (was 59.9902)
t=66018ms iter=122 incumb=59.9902 ratchet=60.2367 best=59.9561 since_improve=39
t=66025ms iter=123 WAIST cost=56.0000 best_alt=52.0000 gap=4.0000 tried=5 sep_labels=52 clique_frac=0.01
t=66191ms iter=123 REBUILD reject new_tc=61.5074 (was 59.9902)
t=66351ms iter=123 incumb=59.9902 ratchet=60.0102 best=59.9561 since_improve=40
t=66360ms iter=124 WAIST cost=56.0000 best_alt=52.0000 gap=4.0000 tried=5 sep_labels=52 clique_frac=0.01
t=66536ms iter=124 REBUILD reject new_tc=61.8127 (was 59.9902)
t=66693ms iter=124 incumb=59.9902 ratchet=60.1339 best=59.9561 since_improve=41
t=66701ms iter=125 WAIST cost=56.0000 best_alt=52.0000 gap=4.0000 tried=5 sep_labels=52 clique_frac=0.01
t=66873ms iter=125 REBUILD reject new_tc=62.0424 (was 59.9902)
t=67030ms iter=125 incumb=59.9902 ratchet=60.1102 best=59.9561 since_improve=42
t=67039ms iter=126 WAIST cost=56.0000 best_alt=52.0000 gap=4.0000 tried=5 sep_labels=52 clique_frac=0.01
t=67251ms iter=126 REBUILD reject new_tc=60.6957 (was 59.9902)
t=67395ms iter=126 incumb=59.9902 ratchet=60.0986 best=59.9561 since_improve=43
t=67404ms iter=127 WAIST cost=56.0000 best_alt=50.0000 gap=6.0000 tried=5 sep_labels=50 clique_frac=0.01
t=67557ms iter=127 REBUILD reject new_tc=61.3562 (was 59.9902)
t=67716ms iter=127 incumb=59.9902 ratchet=60.1378 best=59.9561 since_improve=44
t=67727ms iter=128 WAIST cost=56.0000 best_alt=51.0000 gap=5.0000 tried=5 sep_labels=51 clique_frac=0.01
t=67868ms iter=128 REBUILD reject new_tc=77.0047 (was 59.9902)
t=68023ms iter=128 incumb=59.9902 ratchet=60.0692 best=59.9561 since_improve=45
t=68030ms iter=129 WAIST cost=56.0000 best_alt=52.0000 gap=4.0000 tried=5 sep_labels=52 clique_frac=0.01
t=68203ms iter=129 REBUILD reject new_tc=61.4086 (was 59.9902)
t=68367ms iter=129 incumb=59.9902 ratchet=60.1463 best=59.9561 since_improve=46
t=68378ms iter=130 WAIST cost=56.0000 best_alt=50.0000 gap=6.0000 tried=5 sep_labels=50 clique_frac=0.01
t=68526ms iter=130 REBUILD reject new_tc=61.0877 (was 59.9902)
t=68687ms iter=130 incumb=59.9902 ratchet=60.0487 best=59.9561 since_improve=47
t=68695ms iter=131 WAIST cost=56.0000 best_alt=52.0000 gap=4.0000 tried=5 sep_labels=52 clique_frac=0.01
t=68862ms iter=131 REBUILD reject new_tc=61.4002 (was 59.9902)
t=69015ms iter=131 incumb=59.9902 ratchet=60.0356 best=59.9561 since_improve=48
t=69023ms iter=132 WAIST cost=56.0000 best_alt=52.0000 gap=4.0000 tried=5 sep_labels=52 clique_frac=0.01
t=69200ms iter=132 REBUILD reject new_tc=60.5133 (was 59.9902)
t=69361ms iter=132 incumb=59.9902 ratchet=60.0876 best=59.9561 since_improve=49
t=69371ms iter=133 WAIST cost=56.0000 best_alt=50.0000 gap=6.0000 tried=5 sep_labels=50 clique_frac=0.01
t=69522ms iter=133 REBUILD reject new_tc=61.5771 (was 59.9902)
t=69664ms iter=133 incumb=59.9902 ratchet=60.2644 best=59.9561 since_improve=50
t=69671ms iter=134 WAIST cost=56.0000 best_alt=52.0000 gap=4.0000 tried=5 sep_labels=52 clique_frac=0.01
t=69834ms iter=134 REBUILD reject new_tc=61.5587 (was 59.9902)
t=69992ms iter=134 incumb=59.9902 ratchet=60.0677 best=59.9561 since_improve=51
t=70002ms iter=135 WAIST cost=56.0000 best_alt=52.0000 gap=4.0000 tried=5 sep_labels=52 clique_frac=0.01
t=70174ms iter=135 REBUILD reject new_tc=61.4786 (was 59.9902)
t=70332ms iter=135 incumb=59.9902 ratchet=60.0762 best=59.9561 since_improve=52
t=70341ms iter=136 WAIST cost=56.0000 best_alt=52.0000 gap=4.0000 tried=5 sep_labels=52 clique_frac=0.01
t=70520ms iter=136 REBUILD reject new_tc=61.4537 (was 59.9902)
t=70673ms iter=136 incumb=59.9902 ratchet=60.2321 best=59.9561 since_improve=53
t=70681ms iter=137 WAIST cost=56.0000 best_alt=52.0000 gap=4.0000 tried=5 sep_labels=52 clique_frac=0.01
t=70850ms iter=137 REBUILD reject new_tc=62.7078 (was 59.9902)
t=71010ms iter=137 incumb=59.9902 ratchet=60.1305 best=59.9561 since_improve=54
t=71017ms iter=138 WAIST cost=56.0000 best_alt=52.0000 gap=4.0000 tried=5 sep_labels=52 clique_frac=0.01
t=71189ms iter=138 REBUILD reject new_tc=61.3545 (was 59.9902)
t=71348ms iter=138 incumb=59.9902 ratchet=60.1795 best=59.9561 since_improve=55
t=71358ms iter=139 WAIST cost=56.0000 best_alt=52.0000 gap=4.0000 tried=5 sep_labels=52 clique_frac=0.01
t=71532ms iter=139 REBUILD reject new_tc=60.5319 (was 59.9902)
t=71688ms iter=139 incumb=59.9902 ratchet=60.0836 best=59.9561 since_improve=56
t=71697ms iter=140 WAIST cost=56.0000 best_alt=51.0000 gap=5.0000 tried=5 sep_labels=51 clique_frac=0.01
t=71870ms iter=140 REBUILD reject new_tc=66.5371 (was 59.9902)
t=72029ms iter=140 incumb=59.9902 ratchet=60.1608 best=59.9561 since_improve=57
t=72040ms iter=141 WAIST cost=56.0000 best_alt=51.0000 gap=5.0000 tried=5 sep_labels=51 clique_frac=0.01
t=72203ms iter=141 REBUILD reject new_tc=74.0001 (was 59.9902)
t=72362ms iter=141 incumb=59.9902 ratchet=60.0887 best=59.9561 since_improve=58
t=72372ms iter=142 WAIST cost=56.0000 best_alt=49.0000 gap=7.0000 tried=5 sep_labels=49 clique_frac=0.01
t=72506ms iter=142 REBUILD reject new_tc=79.0000 (was 59.9902)
t=72662ms iter=142 incumb=59.9902 ratchet=60.0672 best=59.9561 since_improve=59
t=72671ms iter=143 WAIST cost=56.0000 best_alt=52.0000 gap=4.0000 tried=5 sep_labels=52 clique_frac=0.01
t=72833ms iter=143 REBUILD reject new_tc=67.9434 (was 59.9902)
t=72993ms iter=143 incumb=59.9902 ratchet=60.0234 best=59.9561 since_improve=60
t=73002ms iter=144 WAIST cost=56.0000 best_alt=52.0000 gap=4.0000 tried=5 sep_labels=52 clique_frac=0.01
t=73179ms iter=144 REBUILD reject new_tc=61.5994 (was 59.9902)
t=73334ms iter=144 incumb=59.9902 ratchet=60.5987 best=59.9561 since_improve=61
t=73342ms iter=145 WAIST cost=56.0000 best_alt=50.0000 gap=6.0000 tried=5 sep_labels=50 clique_frac=0.01
t=73503ms iter=145 REBUILD reject new_tc=61.3859 (was 59.9902)
t=73656ms iter=145 incumb=59.9902 ratchet=60.0689 best=59.9561 since_improve=62
t=73663ms iter=146 WAIST cost=56.0000 best_alt=52.0000 gap=4.0000 tried=5 sep_labels=52 clique_frac=0.01
t=73835ms iter=146 REBUILD reject new_tc=61.9092 (was 59.9902)
t=73993ms iter=146 incumb=59.9902 ratchet=60.1012 best=59.9561 since_improve=63
t=74003ms iter=147 WAIST cost=56.0000 best_alt=52.0000 gap=4.0000 tried=5 sep_labels=52 clique_frac=0.01
t=74176ms iter=147 REBUILD reject new_tc=61.3661 (was 59.9902)
t=74337ms iter=147 incumb=59.9902 ratchet=60.1236 best=59.9561 since_improve=64
t=74345ms iter=148 WAIST cost=56.0000 best_alt=52.0000 gap=4.0000 tried=5 sep_labels=52 clique_frac=0.01
t=74520ms iter=148 REBUILD reject new_tc=61.6667 (was 59.9902)
t=74679ms iter=148 incumb=59.9902 ratchet=60.1028 best=59.9561 since_improve=65
t=74688ms iter=149 WAIST cost=56.0000 best_alt=52.0000 gap=4.0000 tried=5 sep_labels=52 clique_frac=0.01
t=74854ms iter=149 REBUILD reject new_tc=60.5343 (was 59.9902)
t=75004ms iter=149 incumb=59.9902 ratchet=60.0384 best=59.9561 since_improve=66
t=75012ms iter=150 WAIST cost=56.0000 best_alt=50.0000 gap=6.0000 tried=5 sep_labels=50 clique_frac=0.01
t=75183ms iter=150 REBUILD reject new_tc=61.3501 (was 59.9902)
t=75342ms iter=150 incumb=59.9902 ratchet=60.0980 best=59.9561 since_improve=67
t=75349ms iter=151 WAIST cost=56.0000 best_alt=52.0000 gap=4.0000 tried=5 sep_labels=52 clique_frac=0.01
t=75510ms iter=151 REBUILD reject new_tc=73.0006 (was 59.9902)
t=75667ms iter=151 incumb=59.9902 ratchet=60.0577 best=59.9561 since_improve=68
t=75676ms iter=152 WAIST cost=56.0000 best_alt=52.0000 gap=4.0000 tried=5 sep_labels=52 clique_frac=0.01
t=75847ms iter=152 REBUILD reject new_tc=61.3958 (was 59.9902)
t=76000ms iter=152 incumb=59.9902 ratchet=60.0203 best=59.9561 since_improve=69
t=76008ms iter=153 WAIST cost=56.0000 best_alt=52.0000 gap=4.0000 tried=5 sep_labels=52 clique_frac=0.01
t=76173ms iter=153 REBUILD reject new_tc=60.2636 (was 59.9902)
t=76330ms iter=153 incumb=59.9902 ratchet=60.1279 best=59.9561 since_improve=70
t=76338ms iter=154 WAIST cost=56.0000 best_alt=50.0000 gap=6.0000 tried=5 sep_labels=50 clique_frac=0.01
t=76491ms iter=154 REBUILD reject new_tc=71.0009 (was 59.9902)
t=76650ms iter=154 incumb=59.9902 ratchet=60.0391 best=59.9561 since_improve=71
t=76660ms iter=155 WAIST cost=56.0000 best_alt=52.0000 gap=4.0000 tried=5 sep_labels=52 clique_frac=0.01
t=76837ms iter=155 REBUILD reject new_tc=61.6579 (was 59.9902)
t=77000ms iter=155 incumb=59.9902 ratchet=60.0672 best=59.9561 since_improve=72
t=77008ms iter=156 WAIST cost=56.0000 best_alt=52.0000 gap=4.0000 tried=5 sep_labels=52 clique_frac=0.01
t=77181ms iter=156 REBUILD reject new_tc=65.2647 (was 59.9902)
t=77338ms iter=156 incumb=59.9902 ratchet=60.1399 best=59.9561 since_improve=73
t=77346ms iter=157 WAIST cost=56.0000 best_alt=52.0000 gap=4.0000 tried=5 sep_labels=52 clique_frac=0.01
t=77521ms iter=157 REBUILD reject new_tc=64.0553 (was 59.9902)
t=77680ms iter=157 incumb=59.9902 ratchet=60.0961 best=59.9561 since_improve=74
t=77688ms iter=158 WAIST cost=56.0000 best_alt=52.0000 gap=4.0000 tried=5 sep_labels=52 clique_frac=0.01
t=77860ms iter=158 REBUILD reject new_tc=62.1981 (was 59.9902)
t=78013ms iter=158 incumb=59.9902 ratchet=60.0567 best=59.9561 since_improve=75
t=78021ms iter=159 WAIST cost=56.0000 best_alt=52.0000 gap=4.0000 tried=5 sep_labels=52 clique_frac=0.01
t=78192ms iter=159 REBUILD reject new_tc=60.3981 (was 59.9902)
t=78345ms iter=159 incumb=59.9902 ratchet=59.9997 best=59.9561 since_improve=76
t=78354ms iter=160 WAIST cost=56.0000 best_alt=51.0000 gap=5.0000 tried=5 sep_labels=51 clique_frac=0.01
t=78512ms iter=160 REBUILD reject new_tc=61.5417 (was 59.9902)
t=78673ms iter=160 incumb=59.9902 ratchet=60.0898 best=59.9561 since_improve=77
t=78681ms iter=161 WAIST cost=56.0000 best_alt=51.0000 gap=5.0000 tried=5 sep_labels=51 clique_frac=0.01
t=78854ms iter=161 REBUILD reject new_tc=61.8216 (was 59.9902)
t=79006ms iter=161 incumb=59.9902 ratchet=60.0223 best=59.9561 since_improve=78
t=79015ms iter=162 WAIST cost=56.0000 best_alt=50.0000 gap=6.0000 tried=5 sep_labels=50 clique_frac=0.01
t=79181ms iter=162 REBUILD reject new_tc=61.1923 (was 59.9902)
t=79338ms iter=162 incumb=59.9902 ratchet=60.0791 best=59.9561 since_improve=79
t=79347ms iter=163 WAIST cost=56.0000 best_alt=52.0000 gap=4.0000 tried=5 sep_labels=52 clique_frac=0.01
t=79524ms iter=163 REBUILD reject new_tc=61.1461 (was 59.9902)
t=79681ms iter=163 incumb=59.9902 ratchet=60.0427 best=59.9561 since_improve=80
t=79693ms iter=164 WAIST cost=56.0000 best_alt=50.0000 gap=6.0000 tried=5 sep_labels=50 clique_frac=0.01
t=79832ms iter=164 REBUILD reject new_tc=75.0004 (was 59.9902)
t=79987ms iter=164 incumb=59.9902 ratchet=60.1201 best=59.9561 since_improve=81
t=79994ms iter=165 WAIST cost=56.0000 best_alt=52.0000 gap=4.0000 tried=5 sep_labels=52 clique_frac=0.01
t=80169ms iter=165 REBUILD reject new_tc=63.4529 (was 59.9902)
t=80334ms iter=165 incumb=59.9902 ratchet=60.8372 best=59.9561 since_improve=82
t=80342ms iter=166 WAIST cost=56.0000 best_alt=52.0000 gap=4.0000 tried=5 sep_labels=52 clique_frac=0.01
t=80511ms iter=166 REBUILD reject new_tc=64.5747 (was 59.9902)
t=80664ms iter=166 incumb=59.9902 ratchet=60.0904 best=59.9561 since_improve=83
t=80672ms iter=167 WAIST cost=56.0000 best_alt=52.0000 gap=4.0000 tried=5 sep_labels=52 clique_frac=0.01
t=80849ms iter=167 REBUILD reject new_tc=60.4736 (was 59.9902)
t=81007ms iter=167 incumb=59.9902 ratchet=59.9990 best=59.9561 since_improve=84
t=81015ms iter=168 WAIST cost=56.0000 best_alt=52.0000 gap=4.0000 tried=5 sep_labels=52 clique_frac=0.01
t=81184ms iter=168 REBUILD reject new_tc=60.2104 (was 59.9902)
t=81341ms iter=168 incumb=59.9902 ratchet=60.0670 best=59.9561 since_improve=85
t=81349ms iter=169 WAIST cost=56.0000 best_alt=52.0000 gap=4.0000 tried=5 sep_labels=52 clique_frac=0.01
t=81522ms iter=169 REBUILD reject new_tc=61.6300 (was 59.9902)
t=81679ms iter=169 incumb=59.9902 ratchet=60.0713 best=59.9561 since_improve=86
t=81687ms iter=170 WAIST cost=56.0000 best_alt=50.0000 gap=6.0000 tried=5 sep_labels=50 clique_frac=0.01
t=81822ms iter=170 REBUILD reject new_tc=76.0006 (was 59.9902)
t=81982ms iter=170 incumb=59.9902 ratchet=60.0346 best=59.9561 since_improve=87
t=81992ms iter=171 WAIST cost=56.0000 best_alt=52.0000 gap=4.0000 tried=5 sep_labels=52 clique_frac=0.01
t=82167ms iter=171 REBUILD reject new_tc=61.6364 (was 59.9902)
t=82321ms iter=171 incumb=59.9902 ratchet=60.2237 best=59.9561 since_improve=88
t=82330ms iter=172 WAIST cost=56.0000 best_alt=52.0000 gap=4.0000 tried=5 sep_labels=52 clique_frac=0.01
t=82502ms iter=172 REBUILD reject new_tc=61.2843 (was 59.9902)
t=82656ms iter=172 incumb=59.9902 ratchet=60.1975 best=59.9561 since_improve=89
t=82665ms iter=173 WAIST cost=56.0000 best_alt=52.0000 gap=4.0000 tried=5 sep_labels=52 clique_frac=0.01
t=82835ms iter=173 REBUILD reject new_tc=62.5944 (was 59.9902)
t=82989ms iter=173 incumb=59.9902 ratchet=60.0489 best=59.9561 since_improve=90
t=83000ms iter=174 WAIST cost=56.0000 best_alt=52.0000 gap=4.0000 tried=5 sep_labels=52 clique_frac=0.01
t=83170ms iter=174 REBUILD reject new_tc=60.2877 (was 59.9902)
t=83327ms iter=174 incumb=59.9902 ratchet=60.1882 best=59.9561 since_improve=91
t=83335ms iter=175 WAIST cost=56.0000 best_alt=52.0000 gap=4.0000 tried=5 sep_labels=52 clique_frac=0.01
t=83513ms iter=175 REBUILD reject new_tc=60.6825 (was 59.9902)
t=83676ms iter=175 incumb=59.9902 ratchet=60.0535 best=59.9561 since_improve=92
t=83686ms iter=176 WAIST cost=56.0000 best_alt=51.0000 gap=5.0000 tried=5 sep_labels=51 clique_frac=0.01
t=83862ms iter=176 REBUILD reject new_tc=63.9449 (was 59.9902)
t=84020ms iter=176 incumb=59.9902 ratchet=60.0693 best=59.9561 since_improve=93
t=84027ms iter=177 WAIST cost=56.0000 best_alt=52.0000 gap=4.0000 tried=5 sep_labels=52 clique_frac=0.01
t=84200ms iter=177 REBUILD reject new_tc=60.4871 (was 59.9902)
t=84362ms iter=177 incumb=59.9902 ratchet=60.1590 best=59.9561 since_improve=94
t=84370ms iter=178 WAIST cost=56.0000 best_alt=52.0000 gap=4.0000 tried=5 sep_labels=52 clique_frac=0.01
t=84539ms iter=178 REBUILD reject new_tc=60.4853 (was 59.9902)
t=84690ms iter=178 incumb=59.9902 ratchet=60.0427 best=59.9561 since_improve=95
t=84699ms iter=179 WAIST cost=56.0000 best_alt=52.0000 gap=4.0000 tried=5 sep_labels=52 clique_frac=0.01
t=84868ms iter=179 REBUILD reject new_tc=62.3543 (was 59.9902)
t=85022ms iter=179 incumb=59.9902 ratchet=60.1930 best=59.9561 since_improve=96
t=85030ms iter=180 WAIST cost=56.0000 best_alt=52.0000 gap=4.0000 tried=5 sep_labels=52 clique_frac=0.01
t=85194ms iter=180 REBUILD reject new_tc=64.2325 (was 59.9902)
t=85354ms iter=180 incumb=59.9902 ratchet=60.1913 best=59.9561 since_improve=97
t=85362ms iter=181 WAIST cost=56.0000 best_alt=51.0000 gap=5.0000 tried=5 sep_labels=51 clique_frac=0.01
t=85509ms iter=181 REBUILD reject new_tc=61.3426 (was 59.9902)
t=85662ms iter=181 incumb=59.9902 ratchet=60.0062 best=59.9561 since_improve=98
t=85669ms iter=182 WAIST cost=56.0000 best_alt=52.0000 gap=4.0000 tried=5 sep_labels=52 clique_frac=0.01
t=85844ms iter=182 REBUILD reject new_tc=60.8586 (was 59.9902)
t=86004ms iter=182 incumb=59.9902 ratchet=60.0729 best=59.9561 since_improve=99
t=86014ms iter=183 WAIST cost=56.0000 best_alt=52.0000 gap=4.0000 tried=5 sep_labels=52 clique_frac=0.01
t=86183ms iter=183 REBUILD reject new_tc=61.7805 (was 59.9902)
t=86339ms iter=183 incumb=59.9902 ratchet=60.0128 best=59.9561 since_improve=100
t=86347ms iter=184 WAIST cost=56.0000 best_alt=52.0000 gap=4.0000 tried=5 sep_labels=52 clique_frac=0.01
t=86518ms iter=184 REBUILD reject new_tc=62.4968 (was 59.9902)
t=86672ms iter=184 incumb=59.9902 ratchet=60.1271 best=59.9561 since_improve=101
t=86681ms iter=185 WAIST cost=56.0000 best_alt=52.0000 gap=4.0000 tried=5 sep_labels=52 clique_frac=0.01
t=86850ms iter=185 REBUILD reject new_tc=62.2537 (was 59.9902)
t=87007ms iter=185 incumb=59.9902 ratchet=60.0902 best=59.9561 since_improve=102
t=87017ms iter=186 WAIST cost=56.0000 best_alt=52.0000 gap=4.0000 tried=5 sep_labels=52 clique_frac=0.01
t=87178ms iter=186 REBUILD reject new_tc=72.0012 (was 59.9902)
t=87336ms iter=186 incumb=59.9902 ratchet=60.2187 best=59.9561 since_improve=103
t=87345ms iter=187 WAIST cost=56.0000 best_alt=50.0000 gap=6.0000 tried=5 sep_labels=50 clique_frac=0.01
t=87493ms iter=187 REBUILD reject new_tc=61.3477 (was 59.9902)
t=87647ms iter=187 incumb=59.9902 ratchet=60.0403 best=59.9561 since_improve=104
t=87657ms iter=188 WAIST cost=56.0000 best_alt=51.0000 gap=5.0000 tried=5 sep_labels=51 clique_frac=0.01
t=87824ms iter=188 REBUILD reject new_tc=63.4693 (was 59.9902)
t=87977ms iter=188 incumb=59.9902 ratchet=60.1154 best=59.9561 since_improve=105
t=87986ms iter=189 WAIST cost=56.0000 best_alt=50.0000 gap=6.0000 tried=5 sep_labels=50 clique_frac=0.01
t=88136ms iter=189 REBUILD reject new_tc=61.3663 (was 59.9902)
t=88294ms iter=189 incumb=59.9902 ratchet=60.1658 best=59.9561 since_improve=106
t=88300ms iter=190 WAIST cost=56.0000 best_alt=52.0000 gap=4.0000 tried=5 sep_labels=52 clique_frac=0.01
t=88469ms iter=190 REBUILD reject new_tc=61.8190 (was 59.9902)
t=88627ms iter=190 incumb=59.9902 ratchet=60.1870 best=59.9561 since_improve=107
t=88635ms iter=191 WAIST cost=56.0000 best_alt=50.0000 gap=6.0000 tried=5 sep_labels=50 clique_frac=0.01
t=88787ms iter=191 REBUILD reject new_tc=61.5567 (was 59.9902)
t=88940ms iter=191 incumb=59.9902 ratchet=60.1343 best=59.9561 since_improve=108
t=88948ms iter=192 WAIST cost=56.0000 best_alt=51.0000 gap=5.0000 tried=5 sep_labels=51 clique_frac=0.02
t=89087ms iter=192 REBUILD reject new_tc=80.0000 (was 59.9902)
t=89236ms iter=192 incumb=59.9902 ratchet=60.0892 best=59.9561 since_improve=109
t=89243ms iter=193 WAIST cost=56.0000 best_alt=52.0000 gap=4.0000 tried=5 sep_labels=52 clique_frac=0.01
t=89405ms iter=193 REBUILD reject new_tc=70.0025 (was 59.9902)
t=89557ms iter=193 incumb=59.9902 ratchet=60.0552 best=59.9561 since_improve=110
t=89566ms iter=194 WAIST cost=56.0000 best_alt=52.0000 gap=4.0000 tried=5 sep_labels=52 clique_frac=0.01
t=89735ms iter=194 REBUILD reject new_tc=64.3776 (was 59.9902)
t=89893ms iter=194 incumb=59.9902 ratchet=60.1252 best=59.9561 since_improve=111
t=89902ms iter=195 WAIST cost=56.0000 best_alt=51.0000 gap=5.0000 tried=5 sep_labels=51 clique_frac=0.01
t=90056ms iter=195 REBUILD reject new_tc=61.1616 (was 59.9902)
t=90210ms iter=195 incumb=59.9902 ratchet=60.0567 best=59.9561 since_improve=112
t=90219ms iter=196 WAIST cost=56.0000 best_alt=52.0000 gap=4.0000 tried=5 sep_labels=52 clique_frac=0.01
t=90390ms iter=196 REBUILD reject new_tc=61.3994 (was 59.9902)
t=90544ms iter=196 incumb=59.9902 ratchet=60.0970 best=59.9561 since_improve=113
t=90552ms iter=197 WAIST cost=56.0000 best_alt=52.0000 gap=4.0000 tried=5 sep_labels=52 clique_frac=0.01
t=90722ms iter=197 REBUILD reject new_tc=62.5584 (was 59.9902)
t=90885ms iter=197 incumb=59.9902 ratchet=60.0786 best=59.9561 since_improve=114
t=90893ms iter=198 WAIST cost=56.0000 best_alt=51.0000 gap=5.0000 tried=5 sep_labels=51 clique_frac=0.01
t=91067ms iter=198 REBUILD reject new_tc=63.9664 (was 59.9902)
t=91224ms iter=198 incumb=59.9902 ratchet=59.9954 best=59.9561 since_improve=115
t=91235ms iter=199 WAIST cost=56.0000 best_alt=52.0000 gap=4.0000 tried=5 sep_labels=52 clique_frac=0.01
t=91409ms iter=199 REBUILD reject new_tc=60.8220 (was 59.9902)
t=91570ms iter=199 incumb=59.9902 ratchet=60.1100 best=59.9561 since_improve=116
t=91580ms iter=200 WAIST cost=56.0000 best_alt=52.0000 gap=4.0000 tried=5 sep_labels=52 clique_frac=0.01
t=91747ms iter=200 REBUILD reject new_tc=64.3845 (was 59.9902)
t=91903ms iter=200 incumb=59.9902 ratchet=60.1204 best=59.9561 since_improve=117
t=91913ms iter=201 WAIST cost=56.0000 best_alt=52.0000 gap=4.0000 tried=5 sep_labels=52 clique_frac=0.01
t=92086ms iter=201 REBUILD reject new_tc=60.4773 (was 59.9902)
t=92238ms iter=201 incumb=59.9902 ratchet=60.0755 best=59.9561 since_improve=118
t=92247ms iter=202 WAIST cost=56.0000 best_alt=51.0000 gap=5.0000 tried=5 sep_labels=51 clique_frac=0.02
t=92403ms iter=202 REBUILD reject new_tc=62.0760 (was 59.9902)
t=92557ms iter=202 incumb=59.9902 ratchet=60.0238 best=59.9561 since_improve=119
t=92565ms iter=203 WAIST cost=56.0000 best_alt=51.0000 gap=5.0000 tried=5 sep_labels=51 clique_frac=0.01
t=92739ms iter=203 REBUILD reject new_tc=60.7955 (was 59.9902)
t=92896ms iter=203 incumb=59.9902 ratchet=60.4273 best=59.9561 since_improve=120
t=92905ms iter=204 WAIST cost=56.0000 best_alt=50.0000 gap=6.0000 tried=5 sep_labels=50 clique_frac=0.01
t=93060ms iter=204 REBUILD reject new_tc=61.5010 (was 59.9902)
t=93215ms iter=204 incumb=59.9902 ratchet=60.1133 best=59.9561 since_improve=121
t=93225ms iter=205 WAIST cost=56.0000 best_alt=52.0000 gap=4.0000 tried=5 sep_labels=52 clique_frac=0.01
t=93397ms iter=205 REBUILD reject new_tc=64.2595 (was 59.9902)
t=93552ms iter=205 incumb=59.9902 ratchet=60.1096 best=59.9561 since_improve=122
t=93560ms iter=206 WAIST cost=56.0000 best_alt=51.0000 gap=5.0000 tried=5 sep_labels=51 clique_frac=0.01
t=93710ms iter=206 REBUILD reject new_tc=61.4545 (was 59.9902)
t=93866ms iter=206 incumb=59.9902 ratchet=60.0153 best=59.9561 since_improve=123
t=93875ms iter=207 WAIST cost=56.0000 best_alt=52.0000 gap=4.0000 tried=5 sep_labels=52 clique_frac=0.01
t=94050ms iter=207 REBUILD reject new_tc=63.7352 (was 59.9902)
t=94205ms iter=207 incumb=59.9902 ratchet=60.0428 best=59.9561 since_improve=124
t=94214ms iter=208 WAIST cost=56.0000 best_alt=50.0000 gap=6.0000 tried=5 sep_labels=50 clique_frac=0.01
t=94376ms iter=208 REBUILD reject new_tc=70.0033 (was 59.9902)
t=94536ms iter=208 incumb=59.9902 ratchet=60.0018 best=59.9561 since_improve=125
t=94546ms iter=209 WAIST cost=56.0000 best_alt=52.0000 gap=4.0000 tried=5 sep_labels=52 clique_frac=0.01
t=94717ms iter=209 REBUILD reject new_tc=60.8660 (was 59.9902)
t=94868ms iter=209 incumb=59.9902 ratchet=60.0857 best=59.9561 since_improve=126
t=94876ms iter=210 WAIST cost=56.0000 best_alt=51.0000 gap=5.0000 tried=5 sep_labels=51 clique_frac=0.01
t=95052ms iter=210 REBUILD reject new_tc=60.2266 (was 59.9902)
t=95206ms iter=210 incumb=59.9902 ratchet=60.1506 best=59.9561 since_improve=127
t=95215ms iter=211 WAIST cost=56.0000 best_alt=50.0000 gap=6.0000 tried=5 sep_labels=50 clique_frac=0.01
t=95376ms iter=211 REBUILD reject new_tc=61.2550 (was 59.9902)
t=95537ms iter=211 incumb=59.9902 ratchet=60.0413 best=59.9561 since_improve=128
t=95545ms iter=212 WAIST cost=56.0000 best_alt=51.0000 gap=5.0000 tried=5 sep_labels=51 clique_frac=0.01
t=95699ms iter=212 REBUILD reject new_tc=61.5131 (was 59.9902)
t=95858ms iter=212 incumb=59.9902 ratchet=60.0375 best=59.9561 since_improve=129
t=95866ms iter=213 WAIST cost=56.0000 best_alt=52.0000 gap=4.0000 tried=5 sep_labels=52 clique_frac=0.01
t=96041ms iter=213 REBUILD reject new_tc=60.6544 (was 59.9902)
t=96208ms iter=213 incumb=59.9902 ratchet=60.1303 best=59.9561 since_improve=130
t=96217ms iter=214 WAIST cost=56.0000 best_alt=52.0000 gap=4.0000 tried=5 sep_labels=52 clique_frac=0.01
t=96388ms iter=214 REBUILD reject new_tc=60.9716 (was 59.9902)
t=96538ms iter=214 incumb=59.9902 ratchet=60.0896 best=59.9561 since_improve=131
t=96548ms iter=215 WAIST cost=56.0000 best_alt=51.0000 gap=5.0000 tried=5 sep_labels=51 clique_frac=0.01
t=96724ms iter=215 REBUILD reject new_tc=65.0553 (was 59.9902)
t=96872ms iter=215 incumb=59.9902 ratchet=60.0966 best=59.9561 since_improve=132
t=96882ms iter=216 WAIST cost=56.0000 best_alt=52.0000 gap=4.0000 tried=5 sep_labels=52 clique_frac=0.01
t=97055ms iter=216 REBUILD reject new_tc=61.8196 (was 59.9902)
t=97211ms iter=216 incumb=59.9902 ratchet=60.0272 best=59.9561 since_improve=133
t=97220ms iter=217 WAIST cost=56.0000 best_alt=52.0000 gap=4.0000 tried=5 sep_labels=52 clique_frac=0.01
t=97389ms iter=217 REBUILD reject new_tc=63.5107 (was 59.9902)
t=97551ms iter=217 incumb=59.9902 ratchet=60.0681 best=59.9561 since_improve=134
t=97560ms iter=218 WAIST cost=56.0000 best_alt=52.0000 gap=4.0000 tried=5 sep_labels=52 clique_frac=0.01
t=97736ms iter=218 REBUILD reject new_tc=61.2571 (was 59.9902)
t=97891ms iter=218 incumb=59.9902 ratchet=60.0663 best=59.9561 since_improve=135
t=97899ms iter=219 WAIST cost=56.0000 best_alt=51.0000 gap=5.0000 tried=5 sep_labels=51 clique_frac=0.01
t=98076ms iter=219 REBUILD reject new_tc=61.8145 (was 59.9902)
t=98230ms iter=219 incumb=59.9902 ratchet=60.0488 best=59.9561 since_improve=136
t=98240ms iter=220 WAIST cost=56.0000 best_alt=52.0000 gap=4.0000 tried=5 sep_labels=52 clique_frac=0.01
t=98412ms iter=220 REBUILD reject new_tc=61.0484 (was 59.9902)
t=98569ms iter=220 incumb=59.9902 ratchet=60.0620 best=59.9561 since_improve=137
t=98577ms iter=221 WAIST cost=56.0000 best_alt=50.0000 gap=6.0000 tried=5 sep_labels=50 clique_frac=0.01
t=98742ms iter=221 REBUILD reject new_tc=61.4818 (was 59.9902)
t=98893ms iter=221 incumb=59.9902 ratchet=60.0745 best=59.9561 since_improve=138
t=98902ms iter=222 WAIST cost=56.0000 best_alt=50.0000 gap=6.0000 tried=5 sep_labels=50 clique_frac=0.01
t=99043ms iter=222 REBUILD reject new_tc=75.0324 (was 59.9902)
t=99200ms iter=222 incumb=59.9902 ratchet=60.1886 best=59.9561 since_improve=139
t=99208ms iter=223 WAIST cost=56.0000 best_alt=52.0000 gap=4.0000 tried=5 sep_labels=52 clique_frac=0.01
t=99385ms iter=223 REBUILD reject new_tc=60.6974 (was 59.9902)
t=99545ms iter=223 incumb=59.9902 ratchet=60.1526 best=59.9561 since_improve=140
t=99553ms iter=224 WAIST cost=56.0000 best_alt=52.0000 gap=4.0000 tried=5 sep_labels=52 clique_frac=0.01
t=99718ms iter=224 REBUILD reject new_tc=76.0000 (was 59.9902)
t=99877ms iter=224 incumb=59.9902 ratchet=60.0324 best=59.9561 since_improve=141
t=99887ms iter=225 WAIST cost=56.0000 best_alt=52.0000 gap=4.0000 tried=5 sep_labels=52 clique_frac=0.01
t=100058ms iter=225 REBUILD reject new_tc=62.8750 (was 59.9902)
t=100216ms iter=225 incumb=59.9902 ratchet=60.0290 best=59.9561 since_improve=142
t=100223ms iter=226 WAIST cost=56.0000 best_alt=52.0000 gap=4.0000 tried=5 sep_labels=52 clique_frac=0.01
t=100395ms iter=226 REBUILD reject new_tc=60.9084 (was 59.9902)
t=100547ms iter=226 incumb=59.9902 ratchet=60.0871 best=59.9561 since_improve=143
t=100554ms iter=227 WAIST cost=56.0000 best_alt=52.0000 gap=4.0000 tried=5 sep_labels=52 clique_frac=0.01
t=100721ms iter=227 REBUILD reject new_tc=61.3558 (was 59.9902)
t=100881ms iter=227 incumb=59.9902 ratchet=60.1438 best=59.9561 since_improve=144
t=100889ms iter=228 WAIST cost=56.0000 best_alt=51.0000 gap=5.0000 tried=5 sep_labels=51 clique_frac=0.01
t=101047ms iter=228 REBUILD reject new_tc=61.5318 (was 59.9902)
t=101201ms iter=228 incumb=59.9902 ratchet=60.0620 best=59.9561 since_improve=145
t=101210ms iter=229 WAIST cost=56.0000 best_alt=52.0000 gap=4.0000 tried=5 sep_labels=52 clique_frac=0.01
t=101380ms iter=229 REBUILD reject new_tc=60.3659 (was 59.9902)
t=101532ms iter=229 incumb=59.9902 ratchet=60.0750 best=59.9561 since_improve=146
t=101543ms iter=230 WAIST cost=56.0000 best_alt=52.0000 gap=4.0000 tried=5 sep_labels=52 clique_frac=0.01
t=101715ms iter=230 REBUILD reject new_tc=60.9617 (was 59.9902)
t=101866ms iter=230 incumb=59.9902 ratchet=60.1026 best=59.9561 since_improve=147
t=101875ms iter=231 WAIST cost=56.0000 best_alt=52.0000 gap=4.0000 tried=5 sep_labels=52 clique_frac=0.01
t=102059ms iter=231 REBUILD reject new_tc=60.7806 (was 59.9902)
t=102216ms iter=231 incumb=59.9902 ratchet=60.1220 best=59.9561 since_improve=148
t=102223ms iter=232 WAIST cost=56.0000 best_alt=52.0000 gap=4.0000 tried=5 sep_labels=52 clique_frac=0.01
t=102391ms iter=232 REBUILD reject new_tc=61.8047 (was 59.9902)
t=102546ms iter=232 incumb=59.9902 ratchet=60.0712 best=59.9561 since_improve=149
t=102555ms iter=233 WAIST cost=56.0000 best_alt=52.0000 gap=4.0000 tried=5 sep_labels=52 clique_frac=0.01
t=102732ms iter=233 REBUILD reject new_tc=60.8432 (was 59.9902)
t=102890ms iter=233 incumb=59.9902 ratchet=60.1411 best=59.9561 since_improve=150
t=102900ms iter=234 WAIST cost=56.0000 best_alt=50.0000 gap=6.0000 tried=5 sep_labels=50 clique_frac=0.01
t=103053ms iter=234 REBUILD reject new_tc=61.0310 (was 59.9902)
t=103212ms iter=234 incumb=59.9902 ratchet=60.1011 best=59.9561 since_improve=151
t=103220ms iter=235 WAIST cost=56.0000 best_alt=51.0000 gap=5.0000 tried=5 sep_labels=51 clique_frac=0.01
t=103380ms iter=235 REBUILD reject new_tc=76.0000 (was 59.9902)
t=103540ms iter=235 incumb=59.9902 ratchet=60.0277 best=59.9561 since_improve=152
t=103549ms iter=236 WAIST cost=56.0000 best_alt=51.0000 gap=5.0000 tried=5 sep_labels=51 clique_frac=0.01
t=103728ms iter=236 REBUILD reject new_tc=60.8888 (was 59.9902)
t=103883ms iter=236 incumb=59.9902 ratchet=60.0015 best=59.9561 since_improve=153
t=103892ms iter=237 WAIST cost=56.0000 best_alt=52.0000 gap=4.0000 tried=5 sep_labels=52 clique_frac=0.01
t=104067ms iter=237 REBUILD reject new_tc=66.8869 (was 59.9902)
t=104221ms iter=237 incumb=59.9902 ratchet=60.5685 best=59.9561 since_improve=154
t=104227ms iter=238 WAIST cost=56.0000 best_alt=52.0000 gap=4.0000 tried=5 sep_labels=52 clique_frac=0.01
t=104391ms iter=238 REBUILD reject new_tc=64.5486 (was 59.9902)
t=104545ms iter=238 incumb=59.9902 ratchet=60.0533 best=59.9561 since_improve=155
t=104553ms iter=239 WAIST cost=56.0000 best_alt=52.0000 gap=4.0000 tried=5 sep_labels=52 clique_frac=0.01
t=104713ms iter=239 REBUILD reject new_tc=70.0076 (was 59.9902)
t=104869ms iter=239 incumb=59.9902 ratchet=60.0734 best=59.9561 since_improve=156
t=104876ms iter=240 WAIST cost=56.0000 best_alt=52.0000 gap=4.0000 tried=5 sep_labels=52 clique_frac=0.01
t=105049ms iter=240 REBUILD reject new_tc=60.3976 (was 59.9902)
t=105199ms iter=240 incumb=59.9902 ratchet=60.0830 best=59.9561 since_improve=157
t=105209ms iter=241 WAIST cost=56.0000 best_alt=52.0000 gap=4.0000 tried=5 sep_labels=52 clique_frac=0.01
t=105376ms iter=241 REBUILD reject new_tc=62.7599 (was 59.9902)
t=105519ms iter=241 incumb=59.9902 ratchet=60.1598 best=59.9561 since_improve=158
t=105527ms iter=242 WAIST cost=56.0000 best_alt=52.0000 gap=4.0000 tried=5 sep_labels=52 clique_frac=0.01
t=105697ms iter=242 REBUILD reject new_tc=63.2995 (was 59.9902)
t=105849ms iter=242 incumb=59.9902 ratchet=60.2432 best=59.9561 since_improve=159
t=105859ms iter=243 WAIST cost=56.0000 best_alt=52.0000 gap=4.0000 tried=5 sep_labels=52 clique_frac=0.01
t=106035ms iter=243 REBUILD reject new_tc=61.3518 (was 59.9902)
t=106194ms iter=243 incumb=59.9902 ratchet=60.0587 best=59.9561 since_improve=160
t=106203ms iter=244 WAIST cost=56.0000 best_alt=51.0000 gap=5.0000 tried=5 sep_labels=51 clique_frac=0.01
t=106376ms iter=244 REBUILD reject new_tc=60.6815 (was 59.9902)
t=106533ms iter=244 incumb=59.9902 ratchet=60.0937 best=59.9561 since_improve=161
t=106541ms iter=245 WAIST cost=56.0000 best_alt=49.0000 gap=7.0000 tried=5 sep_labels=49 clique_frac=0.01
t=106695ms iter=245 REBUILD reject new_tc=61.6327 (was 59.9902)
t=106854ms iter=245 incumb=59.9902 ratchet=60.1516 best=59.9561 since_improve=162
t=106863ms iter=246 WAIST cost=56.0000 best_alt=51.0000 gap=5.0000 tried=5 sep_labels=51 clique_frac=0.01
t=107020ms iter=246 REBUILD reject new_tc=61.3260 (was 59.9902)
t=107178ms iter=246 incumb=59.9902 ratchet=60.1160 best=59.9561 since_improve=163
t=107187ms iter=247 WAIST cost=56.0000 best_alt=52.0000 gap=4.0000 tried=5 sep_labels=52 clique_frac=0.01
t=107358ms iter=247 REBUILD reject new_tc=66.9371 (was 59.9902)
t=107514ms iter=247 incumb=59.9902 ratchet=60.0958 best=59.9561 since_improve=164
t=107522ms iter=248 WAIST cost=56.0000 best_alt=52.0000 gap=4.0000 tried=5 sep_labels=52 clique_frac=0.01
t=107689ms iter=248 REBUILD reject new_tc=64.2977 (was 59.9902)
t=107843ms iter=248 incumb=59.9902 ratchet=60.0867 best=59.9561 since_improve=165
t=107851ms iter=249 WAIST cost=56.0000 best_alt=52.0000 gap=4.0000 tried=5 sep_labels=52 clique_frac=0.01
t=108022ms iter=249 REBUILD reject new_tc=61.3004 (was 59.9902)
t=108174ms iter=249 incumb=59.9902 ratchet=60.0229 best=59.9561 since_improve=166
t=108183ms iter=250 WAIST cost=56.0000 best_alt=51.0000 gap=5.0000 tried=5 sep_labels=51 clique_frac=0.01
t=108336ms iter=250 REBUILD reject new_tc=61.8523 (was 59.9902)
t=108493ms iter=250 incumb=59.9902 ratchet=60.0818 best=59.9561 since_improve=167
t=108501ms iter=251 WAIST cost=56.0000 best_alt=52.0000 gap=4.0000 tried=5 sep_labels=52 clique_frac=0.01
t=108662ms iter=251 REBUILD reject new_tc=76.0000 (was 59.9902)
t=108824ms iter=251 incumb=59.9902 ratchet=60.0604 best=59.9561 since_improve=168
t=108832ms iter=252 WAIST cost=56.0000 best_alt=52.0000 gap=4.0000 tried=5 sep_labels=52 clique_frac=0.01
t=109004ms iter=252 REBUILD reject new_tc=66.7841 (was 59.9902)
t=109168ms iter=252 incumb=59.9902 ratchet=60.0310 best=59.9561 since_improve=169
t=109175ms iter=253 WAIST cost=56.0000 best_alt=52.0000 gap=4.0000 tried=5 sep_labels=52 clique_frac=0.01
t=109347ms iter=253 REBUILD reject new_tc=60.6082 (was 59.9902)
t=109503ms iter=253 incumb=59.9902 ratchet=60.0437 best=59.9561 since_improve=170
t=109511ms iter=254 WAIST cost=56.0000 best_alt=52.0000 gap=4.0000 tried=5 sep_labels=52 clique_frac=0.01
t=109680ms iter=254 REBUILD reject new_tc=60.3565 (was 59.9902)
t=109837ms iter=254 incumb=59.9902 ratchet=60.1562 best=59.9561 since_improve=171
t=109845ms iter=255 WAIST cost=56.0000 best_alt=51.0000 gap=5.0000 tried=5 sep_labels=51 clique_frac=0.02
t=110003ms iter=255 REBUILD reject new_tc=61.7368 (was 59.9902)
t=110155ms iter=255 incumb=59.9902 ratchet=60.0934 best=59.9561 since_improve=172
t=110165ms iter=256 WAIST cost=56.0000 best_alt=52.0000 gap=4.0000 tried=5 sep_labels=52 clique_frac=0.01
t=110339ms iter=256 REBUILD reject new_tc=62.3166 (was 59.9902)
t=110487ms iter=256 incumb=59.9902 ratchet=60.0542 best=59.9561 since_improve=173
t=110496ms iter=257 WAIST cost=56.0000 best_alt=52.0000 gap=4.0000 tried=5 sep_labels=52 clique_frac=0.01
t=110667ms iter=257 REBUILD reject new_tc=61.0254 (was 59.9902)
t=110827ms iter=257 incumb=59.9902 ratchet=60.0591 best=59.9561 since_improve=174
t=110836ms iter=258 WAIST cost=56.0000 best_alt=51.0000 gap=5.0000 tried=5 sep_labels=51 clique_frac=0.01
t=110994ms iter=258 REBUILD reject new_tc=73.0002 (was 59.9902)
t=111150ms iter=258 incumb=59.9902 ratchet=60.0583 best=59.9561 since_improve=175
t=111159ms iter=259 WAIST cost=56.0000 best_alt=52.0000 gap=4.0000 tried=5 sep_labels=52 clique_frac=0.01
t=111331ms iter=259 REBUILD reject new_tc=64.4090 (was 59.9902)
t=111491ms iter=259 incumb=59.9902 ratchet=60.1232 best=59.9561 since_improve=176
t=111500ms iter=260 WAIST cost=56.0000 best_alt=52.0000 gap=4.0000 tried=5 sep_labels=52 clique_frac=0.01
t=111670ms iter=260 REBUILD reject new_tc=61.9585 (was 59.9902)
t=111825ms iter=260 incumb=59.9902 ratchet=60.1463 best=59.9561 since_improve=177
t=111833ms iter=261 WAIST cost=56.0000 best_alt=52.0000 gap=4.0000 tried=5 sep_labels=52 clique_frac=0.01
t=112008ms iter=261 REBUILD reject new_tc=60.7429 (was 59.9902)
t=112167ms iter=261 incumb=59.9902 ratchet=60.1497 best=59.9561 since_improve=178
t=112177ms iter=262 WAIST cost=56.0000 best_alt=52.0000 gap=4.0000 tried=5 sep_labels=52 clique_frac=0.01
t=112342ms iter=262 REBUILD reject new_tc=61.4517 (was 59.9902)
t=112497ms iter=262 incumb=59.9902 ratchet=60.0800 best=59.9561 since_improve=179
t=112504ms iter=263 WAIST cost=56.0000 best_alt=52.0000 gap=4.0000 tried=5 sep_labels=52 clique_frac=0.01
t=112680ms iter=263 REBUILD reject new_tc=60.9460 (was 59.9902)
t=112839ms iter=263 incumb=59.9902 ratchet=60.0579 best=59.9561 since_improve=180
t=112848ms iter=264 WAIST cost=56.0000 best_alt=49.0000 gap=7.0000 tried=5 sep_labels=49 clique_frac=0.01
t=112999ms iter=264 REBUILD reject new_tc=61.0704 (was 59.9902)
t=113155ms iter=264 incumb=59.9902 ratchet=60.1102 best=59.9561 since_improve=181
t=113164ms iter=265 WAIST cost=56.0000 best_alt=52.0000 gap=4.0000 tried=5 sep_labels=52 clique_frac=0.01
t=113330ms iter=265 REBUILD reject new_tc=62.3382 (was 59.9902)
t=113494ms iter=265 incumb=59.9902 ratchet=59.9803 best=59.9561 since_improve=0
t=113503ms iter=266 WAIST cost=55.0000 best_alt=49.0000 gap=6.0000 tried=5 sep_labels=49 clique_frac=0.01
t=113643ms iter=266 REBUILD reject new_tc=66.7370 (was 59.9803)
t=113797ms iter=266 incumb=59.9803 ratchet=60.1462 best=59.9561 since_improve=1
t=113807ms iter=267 WAIST cost=55.0000 best_alt=49.0000 gap=6.0000 tried=5 sep_labels=49 clique_frac=0.01
t=113959ms iter=267 REBUILD reject new_tc=61.4273 (was 59.9803)
t=114118ms iter=267 incumb=59.9803 ratchet=60.0315 best=59.9561 since_improve=2
t=114127ms iter=268 WAIST cost=55.0000 best_alt=49.0000 gap=6.0000 tried=5 sep_labels=49 clique_frac=0.01
t=114282ms iter=268 REBUILD reject new_tc=61.5789 (was 59.9803)
t=114444ms iter=268 incumb=59.9803 ratchet=60.0726 best=59.9561 since_improve=3
t=114453ms iter=269 WAIST cost=55.0000 best_alt=49.0000 gap=6.0000 tried=5 sep_labels=49 clique_frac=0.01
t=114607ms iter=269 REBUILD reject new_tc=64.8559 (was 59.9803)
t=114770ms iter=269 incumb=59.9803 ratchet=60.0558 best=59.9561 since_improve=4
t=114780ms iter=270 WAIST cost=55.0000 best_alt=49.0000 gap=6.0000 tried=5 sep_labels=49 clique_frac=0.01
t=114933ms iter=270 REBUILD reject new_tc=61.4388 (was 59.9803)
t=115091ms iter=270 incumb=59.9803 ratchet=60.0268 best=59.9561 since_improve=5
t=115100ms iter=271 WAIST cost=55.0000 best_alt=49.0000 gap=6.0000 tried=5 sep_labels=49 clique_frac=0.01
t=115242ms iter=271 REBUILD reject new_tc=61.4298 (was 59.9803)
t=115400ms iter=271 incumb=59.9803 ratchet=60.0124 best=59.9561 since_improve=6
t=115407ms iter=272 WAIST cost=55.0000 best_alt=49.0000 gap=6.0000 tried=5 sep_labels=49 clique_frac=0.01
t=115560ms iter=272 REBUILD reject new_tc=60.9733 (was 59.9803)
t=115712ms iter=272 incumb=59.9803 ratchet=60.0493 best=59.9561 since_improve=7
t=115721ms iter=273 WAIST cost=55.0000 best_alt=49.0000 gap=6.0000 tried=5 sep_labels=49 clique_frac=0.01
t=115866ms iter=273 REBUILD reject new_tc=68.3234 (was 59.9803)
t=116029ms iter=273 incumb=59.9803 ratchet=60.0139 best=59.9561 since_improve=8
t=116041ms iter=274 WAIST cost=55.0000 best_alt=49.0000 gap=6.0000 tried=5 sep_labels=49 clique_frac=0.01
t=116193ms iter=274 REBUILD reject new_tc=61.0840 (was 59.9803)
t=116348ms iter=274 incumb=59.9803 ratchet=60.1613 best=59.9561 since_improve=9
t=116356ms iter=275 WAIST cost=55.0000 best_alt=49.0000 gap=6.0000 tried=5 sep_labels=49 clique_frac=0.01
t=116507ms iter=275 REBUILD reject new_tc=61.1697 (was 59.9803)
t=116661ms iter=275 incumb=59.9803 ratchet=60.0500 best=59.9561 since_improve=10
t=116670ms iter=276 WAIST cost=55.0000 best_alt=49.0000 gap=6.0000 tried=5 sep_labels=49 clique_frac=0.01
t=116819ms iter=276 REBUILD reject new_tc=60.4702 (was 59.9803)
t=116980ms iter=276 incumb=59.9803 ratchet=60.1573 best=59.9561 since_improve=11
t=116988ms iter=277 WAIST cost=55.0000 best_alt=49.0000 gap=6.0000 tried=5 sep_labels=49 clique_frac=0.01
t=117133ms iter=277 REBUILD reject new_tc=60.4220 (was 59.9803)
t=117293ms iter=277 incumb=59.9803 ratchet=60.0092 best=59.9561 since_improve=12
t=117301ms iter=278 WAIST cost=55.0000 best_alt=49.0000 gap=6.0000 tried=5 sep_labels=49 clique_frac=0.01
t=117457ms iter=278 REBUILD reject new_tc=60.7607 (was 59.9803)
t=117616ms iter=278 incumb=59.9803 ratchet=59.9983 best=59.9561 since_improve=13
t=117625ms iter=279 WAIST cost=55.0000 best_alt=49.0000 gap=6.0000 tried=5 sep_labels=49 clique_frac=0.01
t=117770ms iter=279 REBUILD reject new_tc=61.9689 (was 59.9803)
t=117931ms iter=279 incumb=59.9803 ratchet=60.0290 best=59.9561 since_improve=14
t=117941ms iter=280 WAIST cost=55.0000 best_alt=49.0000 gap=6.0000 tried=5 sep_labels=49 clique_frac=0.01
t=118080ms iter=280 REBUILD reject new_tc=63.3459 (was 59.9803)
t=118244ms iter=280 incumb=59.9803 ratchet=60.1018 best=59.9561 since_improve=15
t=118255ms iter=281 WAIST cost=55.0000 best_alt=49.0000 gap=6.0000 tried=5 sep_labels=49 clique_frac=0.01
t=118441ms iter=281 REBUILD reject new_tc=61.6435 (was 59.9803)
t=118594ms iter=281 incumb=59.9803 ratchet=60.1226 best=59.9561 since_improve=16
t=118604ms iter=282 WAIST cost=55.0000 best_alt=49.0000 gap=6.0000 tried=5 sep_labels=49 clique_frac=0.01
t=118754ms iter=282 REBUILD reject new_tc=61.1338 (was 59.9803)
t=118910ms iter=282 incumb=59.9803 ratchet=59.9921 best=59.9561 since_improve=17
t=118921ms iter=283 WAIST cost=55.0000 best_alt=49.0000 gap=6.0000 tried=5 sep_labels=49 clique_frac=0.01
t=119127ms iter=283 REBUILD reject new_tc=61.2032 (was 59.9803)
t=119288ms iter=283 incumb=59.9803 ratchet=60.0358 best=59.9561 since_improve=18
t=119297ms iter=284 WAIST cost=55.0000 best_alt=49.0000 gap=6.0000 tried=5 sep_labels=49 clique_frac=0.01
t=119449ms iter=284 REBUILD reject new_tc=60.9081 (was 59.9803)
t=119611ms iter=284 incumb=59.9803 ratchet=60.0824 best=59.9561 since_improve=19
t=119621ms iter=285 WAIST cost=55.0000 best_alt=49.0000 gap=6.0000 tried=5 sep_labels=49 clique_frac=0.01
t=119774ms iter=285 REBUILD reject new_tc=60.7006 (was 59.9803)
t=119939ms iter=285 incumb=59.9803 ratchet=60.0647 best=59.9561 since_improve=20
t=119950ms iter=286 WAIST cost=55.0000 best_alt=49.0000 gap=6.0000 tried=5 sep_labels=49 clique_frac=0.01
t=120103ms iter=286 REBUILD reject new_tc=61.3034 (was 59.9803)
t=120260ms iter=286 incumb=59.9803 ratchet=60.2074 best=59.9561 since_improve=21
t=120269ms iter=287 WAIST cost=55.0000 best_alt=49.0000 gap=6.0000 tried=5 sep_labels=49 clique_frac=0.01
t=120422ms iter=287 REBUILD reject new_tc=61.5440 (was 59.9803)
t=120579ms iter=287 incumb=59.9803 ratchet=60.0040 best=59.9561 since_improve=22
t=120588ms iter=288 WAIST cost=55.0000 best_alt=49.0000 gap=6.0000 tried=5 sep_labels=49 clique_frac=0.01
t=120742ms iter=288 REBUILD reject new_tc=61.4714 (was 59.9803)
t=120909ms iter=288 incumb=59.9803 ratchet=60.0940 best=59.9561 since_improve=23
t=120919ms iter=289 WAIST cost=55.0000 best_alt=49.0000 gap=6.0000 tried=5 sep_labels=49 clique_frac=0.01
t=121065ms iter=289 REBUILD reject new_tc=61.0810 (was 59.9803)
t=121221ms iter=289 incumb=59.9803 ratchet=60.0676 best=59.9561 since_improve=24
t=121231ms iter=290 WAIST cost=55.0000 best_alt=49.0000 gap=6.0000 tried=5 sep_labels=49 clique_frac=0.01
t=121384ms iter=290 REBUILD reject new_tc=61.0518 (was 59.9803)
t=121547ms iter=290 incumb=59.9803 ratchet=60.1812 best=59.9561 since_improve=25
t=121556ms iter=291 WAIST cost=55.0000 best_alt=49.0000 gap=6.0000 tried=5 sep_labels=49 clique_frac=0.01
t=121712ms iter=291 REBUILD reject new_tc=61.2151 (was 59.9803)
t=121868ms iter=291 incumb=59.9803 ratchet=60.0403 best=59.9561 since_improve=26
t=121876ms iter=292 WAIST cost=55.0000 best_alt=49.0000 gap=6.0000 tried=5 sep_labels=49 clique_frac=0.01
t=122026ms iter=292 REBUILD reject new_tc=61.4586 (was 59.9803)
t=122182ms iter=292 incumb=59.9803 ratchet=60.1077 best=59.9561 since_improve=27
t=122193ms iter=293 WAIST cost=55.0000 best_alt=49.0000 gap=6.0000 tried=5 sep_labels=49 clique_frac=0.01
t=122343ms iter=293 REBUILD reject new_tc=60.8958 (was 59.9803)
t=122504ms iter=293 incumb=59.9803 ratchet=60.1067 best=59.9561 since_improve=28
t=122511ms iter=294 WAIST cost=55.0000 best_alt=49.0000 gap=6.0000 tried=5 sep_labels=49 clique_frac=0.01
t=122652ms iter=294 REBUILD reject new_tc=69.0051 (was 59.9803)
t=122807ms iter=294 incumb=59.9803 ratchet=60.0562 best=59.9561 since_improve=29
t=122814ms iter=295 WAIST cost=55.0000 best_alt=49.0000 gap=6.0000 tried=5 sep_labels=49 clique_frac=0.01
t=122965ms iter=295 REBUILD reject new_tc=60.8304 (was 59.9803)
t=123122ms iter=295 incumb=59.9803 ratchet=60.1357 best=59.9561 since_improve=30
t=123130ms iter=296 WAIST cost=55.0000 best_alt=49.0000 gap=6.0000 tried=5 sep_labels=49 clique_frac=0.01
t=123282ms iter=296 REBUILD reject new_tc=61.0814 (was 59.9803)
t=123446ms iter=296 incumb=59.9803 ratchet=60.0345 best=59.9561 since_improve=31
t=123454ms iter=297 WAIST cost=55.0000 best_alt=49.0000 gap=6.0000 tried=5 sep_labels=49 clique_frac=0.01
t=123607ms iter=297 REBUILD reject new_tc=61.4167 (was 59.9803)
t=123765ms iter=297 incumb=59.9803 ratchet=60.0763 best=59.9561 since_improve=32
t=123774ms iter=298 WAIST cost=55.0000 best_alt=49.0000 gap=6.0000 tried=5 sep_labels=49 clique_frac=0.01
t=123909ms iter=298 REBUILD reject new_tc=79.0000 (was 59.9803)
t=124070ms iter=298 incumb=59.9803 ratchet=60.0818 best=59.9561 since_improve=33
t=124079ms iter=299 WAIST cost=55.0000 best_alt=49.0000 gap=6.0000 tried=5 sep_labels=49 clique_frac=0.01
t=124233ms iter=299 REBUILD reject new_tc=61.4654 (was 59.9803)
t=124391ms iter=299 incumb=59.9803 ratchet=60.0991 best=59.9561 since_improve=34
t=124400ms iter=300 WAIST cost=55.0000 best_alt=49.0000 gap=6.0000 tried=5 sep_labels=49 clique_frac=0.01
t=124553ms iter=300 REBUILD reject new_tc=61.7171 (was 59.9803)
t=124709ms iter=300 incumb=59.9803 ratchet=60.1099 best=59.9561 since_improve=35
t=124717ms iter=301 WAIST cost=55.0000 best_alt=49.0000 gap=6.0000 tried=5 sep_labels=49 clique_frac=0.01
t=124870ms iter=301 REBUILD reject new_tc=61.2493 (was 59.9803)
t=125026ms iter=301 incumb=59.9803 ratchet=60.1788 best=59.9561 since_improve=36
t=125036ms iter=302 WAIST cost=55.0000 best_alt=49.0000 gap=6.0000 tried=5 sep_labels=49 clique_frac=0.01
t=125188ms iter=302 REBUILD reject new_tc=62.6139 (was 59.9803)
t=125351ms iter=302 incumb=59.9803 ratchet=60.0151 best=59.9561 since_improve=37
t=125358ms iter=303 WAIST cost=55.0000 best_alt=49.0000 gap=6.0000 tried=5 sep_labels=49 clique_frac=0.01
t=125514ms iter=303 REBUILD reject new_tc=60.8480 (was 59.9803)
t=125675ms iter=303 incumb=59.9803 ratchet=60.0399 best=59.9561 since_improve=38
t=125686ms iter=304 WAIST cost=55.0000 best_alt=49.0000 gap=6.0000 tried=5 sep_labels=49 clique_frac=0.01
t=125837ms iter=304 REBUILD reject new_tc=66.2935 (was 59.9803)
t=125993ms iter=304 incumb=59.9803 ratchet=60.2000 best=59.9561 since_improve=39
t=126003ms iter=305 WAIST cost=55.0000 best_alt=49.0000 gap=6.0000 tried=5 sep_labels=49 clique_frac=0.01
t=126150ms iter=305 REBUILD reject new_tc=61.4613 (was 59.9803)
t=126310ms iter=305 incumb=59.9803 ratchet=60.0038 best=59.9561 since_improve=40
t=126318ms iter=306 WAIST cost=55.0000 best_alt=49.0000 gap=6.0000 tried=5 sep_labels=49 clique_frac=0.01
t=126473ms iter=306 REBUILD reject new_tc=60.7735 (was 59.9803)
t=126632ms iter=306 incumb=59.9803 ratchet=60.1568 best=59.9561 since_improve=41
t=126640ms iter=307 WAIST cost=55.0000 best_alt=49.0000 gap=6.0000 tried=5 sep_labels=49 clique_frac=0.01
t=126789ms iter=307 REBUILD reject new_tc=66.3221 (was 59.9803)
t=126947ms iter=307 incumb=59.9803 ratchet=60.0513 best=59.9561 since_improve=42
t=126956ms iter=308 WAIST cost=55.0000 best_alt=49.0000 gap=6.0000 tried=5 sep_labels=49 clique_frac=0.01
t=127107ms iter=308 REBUILD reject new_tc=63.3284 (was 59.9803)
t=127262ms iter=308 incumb=59.9803 ratchet=60.0152 best=59.9561 since_improve=43
t=127273ms iter=309 WAIST cost=55.0000 best_alt=49.0000 gap=6.0000 tried=5 sep_labels=49 clique_frac=0.01
t=127419ms iter=309 REBUILD reject new_tc=60.9867 (was 59.9803)
t=127575ms iter=309 incumb=59.9803 ratchet=60.0898 best=59.9561 since_improve=44
t=127586ms iter=310 WAIST cost=55.0000 best_alt=49.0000 gap=6.0000 tried=5 sep_labels=49 clique_frac=0.01
t=127734ms iter=310 REBUILD reject new_tc=61.4576 (was 59.9803)
t=127893ms iter=310 incumb=59.9803 ratchet=59.9619 best=59.9561 since_improve=0
t=127904ms iter=311 WAIST cost=55.0000 best_alt=49.0000 gap=6.0000 tried=5 sep_labels=49 clique_frac=0.01
t=128076ms iter=311 REBUILD reject new_tc=66.9874 (was 59.9619)
t=128234ms iter=311 incumb=59.9619 ratchet=60.0730 best=59.9561 since_improve=1
t=128242ms iter=312 WAIST cost=55.0000 best_alt=49.0000 gap=6.0000 tried=5 sep_labels=49 clique_frac=0.01
t=128416ms iter=312 REBUILD reject new_tc=61.0225 (was 59.9619)
t=128574ms iter=312 incumb=59.9619 ratchet=60.1056 best=59.9561 since_improve=2
t=128584ms iter=313 WAIST cost=55.0000 best_alt=49.0000 gap=6.0000 tried=5 sep_labels=49 clique_frac=0.01
t=128750ms iter=313 REBUILD reject new_tc=66.4219 (was 59.9619)
t=128901ms iter=313 incumb=59.9619 ratchet=60.0364 best=59.9561 since_improve=3
t=128911ms iter=314 WAIST cost=55.0000 best_alt=49.0000 gap=6.0000 tried=5 sep_labels=49 clique_frac=0.01
t=129079ms iter=314 REBUILD reject new_tc=61.5388 (was 59.9619)
t=129230ms iter=314 incumb=59.9619 ratchet=60.0856 best=59.9561 since_improve=4
t=129238ms iter=315 WAIST cost=55.0000 best_alt=49.0000 gap=6.0000 tried=5 sep_labels=49 clique_frac=0.01
t=129410ms iter=315 REBUILD reject new_tc=61.1536 (was 59.9619)
t=129562ms iter=315 incumb=59.9619 ratchet=60.0601 best=59.9561 since_improve=5
t=129573ms iter=316 WAIST cost=55.0000 best_alt=49.0000 gap=6.0000 tried=5 sep_labels=49 clique_frac=0.01
t=129734ms iter=316 REBUILD reject new_tc=61.9040 (was 59.9619)
t=129893ms iter=316 incumb=59.9619 ratchet=60.5939 best=59.9561 since_improve=6
t=129902ms iter=317 WAIST cost=55.0000 best_alt=49.0000 gap=6.0000 tried=5 sep_labels=49 clique_frac=0.01
t=130064ms iter=317 REBUILD reject new_tc=66.5278 (was 59.9619)
t=130221ms iter=317 incumb=59.9619 ratchet=60.0228 best=59.9561 since_improve=7
t=130231ms iter=318 WAIST cost=55.0000 best_alt=49.0000 gap=6.0000 tried=5 sep_labels=49 clique_frac=0.01
t=130406ms iter=318 REBUILD reject new_tc=61.2343 (was 59.9619)
t=130565ms iter=318 incumb=59.9619 ratchet=60.0166 best=59.9561 since_improve=8
t=130574ms iter=319 WAIST cost=55.0000 best_alt=49.0000 gap=6.0000 tried=5 sep_labels=49 clique_frac=0.01
t=130741ms iter=319 REBUILD reject new_tc=61.2846 (was 59.9619)
t=130901ms iter=319 incumb=59.9619 ratchet=60.1209 best=59.9561 since_improve=9
t=130908ms iter=320 WAIST cost=55.0000 best_alt=49.0000 gap=6.0000 tried=5 sep_labels=49 clique_frac=0.01
t=131081ms iter=320 REBUILD reject new_tc=60.3444 (was 59.9619)
t=131243ms iter=320 incumb=59.9619 ratchet=60.0859 best=59.9561 since_improve=10
t=131252ms iter=321 WAIST cost=55.0000 best_alt=49.0000 gap=6.0000 tried=5 sep_labels=49 clique_frac=0.01
t=131408ms iter=321 REBUILD reject new_tc=65.4273 (was 59.9619)
t=131565ms iter=321 incumb=59.9619 ratchet=60.0573 best=59.9561 since_improve=11
t=131575ms iter=322 WAIST cost=55.0000 best_alt=49.0000 gap=6.0000 tried=5 sep_labels=49 clique_frac=0.01
t=131737ms iter=322 REBUILD reject new_tc=61.5803 (was 59.9619)
t=131888ms iter=322 incumb=59.9619 ratchet=60.0317 best=59.9561 since_improve=12
t=131896ms iter=323 WAIST cost=55.0000 best_alt=49.0000 gap=6.0000 tried=5 sep_labels=49 clique_frac=0.01
t=132062ms iter=323 REBUILD reject new_tc=60.7643 (was 59.9619)
t=132219ms iter=323 incumb=59.9619 ratchet=60.0012 best=59.9561 since_improve=13
t=132228ms iter=324 WAIST cost=55.0000 best_alt=49.0000 gap=6.0000 tried=5 sep_labels=49 clique_frac=0.01
t=132398ms iter=324 REBUILD reject new_tc=60.4152 (was 59.9619)
t=132555ms iter=324 incumb=59.9619 ratchet=59.9973 best=59.9561 since_improve=14
t=132564ms iter=325 WAIST cost=55.0000 best_alt=49.0000 gap=6.0000 tried=5 sep_labels=49 clique_frac=0.01
t=132734ms iter=325 REBUILD reject new_tc=61.3276 (was 59.9619)
t=132893ms iter=325 incumb=59.9619 ratchet=59.9760 best=59.9561 since_improve=15
t=132901ms iter=326 WAIST cost=55.0000 best_alt=49.0000 gap=6.0000 tried=5 sep_labels=49 clique_frac=0.01
t=133070ms iter=326 REBUILD reject new_tc=60.8042 (was 59.9619)
t=133224ms iter=326 incumb=59.9619 ratchet=60.0360 best=59.9561 since_improve=16
t=133233ms iter=327 WAIST cost=55.0000 best_alt=49.0000 gap=6.0000 tried=5 sep_labels=49 clique_frac=0.01
t=133401ms iter=327 REBUILD reject new_tc=60.9750 (was 59.9619)
t=133561ms iter=327 incumb=59.9619 ratchet=60.1391 best=59.9561 since_improve=17
t=133570ms iter=328 WAIST cost=55.0000 best_alt=49.0000 gap=6.0000 tried=5 sep_labels=49 clique_frac=0.01
t=133736ms iter=328 REBUILD reject new_tc=66.1833 (was 59.9619)
t=133894ms iter=328 incumb=59.9619 ratchet=60.0214 best=59.9561 since_improve=18
t=133903ms iter=329 WAIST cost=55.0000 best_alt=49.0000 gap=6.0000 tried=5 sep_labels=49 clique_frac=0.01
t=134076ms iter=329 REBUILD reject new_tc=61.1492 (was 59.9619)
t=134233ms iter=329 incumb=59.9619 ratchet=60.0195 best=59.9561 since_improve=19
t=134242ms iter=330 WAIST cost=55.0000 best_alt=49.0000 gap=6.0000 tried=5 sep_labels=49 clique_frac=0.01
t=134409ms iter=330 REBUILD reject new_tc=61.3254 (was 59.9619)
t=134570ms iter=330 incumb=59.9619 ratchet=60.0834 best=59.9561 since_improve=20
t=134579ms iter=331 WAIST cost=55.0000 best_alt=49.0000 gap=6.0000 tried=5 sep_labels=49 clique_frac=0.01
t=134743ms iter=331 REBUILD reject new_tc=65.3037 (was 59.9619)
t=134900ms iter=331 incumb=59.9619 ratchet=59.9705 best=59.9561 since_improve=21
t=134912ms iter=332 WAIST cost=55.0000 best_alt=49.0000 gap=6.0000 tried=5 sep_labels=49 clique_frac=0.01
t=135072ms iter=332 REBUILD reject new_tc=66.4680 (was 59.9619)
t=135226ms iter=332 incumb=59.9619 ratchet=60.1412 best=59.9561 since_improve=22
t=135235ms iter=333 WAIST cost=55.0000 best_alt=49.0000 gap=6.0000 tried=5 sep_labels=49 clique_frac=0.01
t=135401ms iter=333 REBUILD reject new_tc=61.1294 (was 59.9619)
t=135554ms iter=333 incumb=59.9619 ratchet=60.0861 best=59.9561 since_improve=23
t=135564ms iter=334 WAIST cost=55.0000 best_alt=49.0000 gap=6.0000 tried=5 sep_labels=49 clique_frac=0.01
t=135727ms iter=334 REBUILD reject new_tc=60.4888 (was 59.9619)
t=135881ms iter=334 incumb=59.9619 ratchet=60.1426 best=59.9561 since_improve=24
t=135891ms iter=335 WAIST cost=55.0000 best_alt=49.0000 gap=6.0000 tried=5 sep_labels=49 clique_frac=0.01
t=136061ms iter=335 REBUILD reject new_tc=60.7882 (was 59.9619)
t=136215ms iter=335 incumb=59.9619 ratchet=60.0295 best=59.9561 since_improve=25
t=136222ms iter=336 WAIST cost=55.0000 best_alt=49.0000 gap=6.0000 tried=5 sep_labels=49 clique_frac=0.01
t=136392ms iter=336 REBUILD reject new_tc=61.2738 (was 59.9619)
t=136547ms iter=336 incumb=59.9619 ratchet=60.0998 best=59.9561 since_improve=26
t=136555ms iter=337 WAIST cost=55.0000 best_alt=49.0000 gap=6.0000 tried=5 sep_labels=49 clique_frac=0.01
t=136711ms iter=337 REBUILD reject new_tc=79.0000 (was 59.9619)
t=136868ms iter=337 incumb=59.9619 ratchet=60.0671 best=59.9561 since_improve=27
t=136876ms iter=338 WAIST cost=55.0000 best_alt=49.0000 gap=6.0000 tried=5 sep_labels=49 clique_frac=0.01
t=137036ms iter=338 REBUILD reject new_tc=63.3328 (was 59.9619)
t=137197ms iter=338 incumb=59.9619 ratchet=60.0973 best=59.9561 since_improve=28
t=137206ms iter=339 WAIST cost=55.0000 best_alt=49.0000 gap=6.0000 tried=5 sep_labels=49 clique_frac=0.01
t=137377ms iter=339 REBUILD reject new_tc=61.2462 (was 59.9619)
t=137535ms iter=339 incumb=59.9619 ratchet=60.1659 best=59.9561 since_improve=29
t=137543ms iter=340 WAIST cost=55.0000 best_alt=49.0000 gap=6.0000 tried=5 sep_labels=49 clique_frac=0.01
t=137709ms iter=340 REBUILD reject new_tc=61.3265 (was 59.9619)
t=137868ms iter=340 incumb=59.9619 ratchet=60.0012 best=59.9561 since_improve=30
t=137879ms iter=341 WAIST cost=55.0000 best_alt=49.0000 gap=6.0000 tried=5 sep_labels=49 clique_frac=0.01
t=138047ms iter=341 REBUILD reject new_tc=60.7621 (was 59.9619)
t=138199ms iter=341 incumb=59.9619 ratchet=60.0832 best=59.9561 since_improve=31
t=138208ms iter=342 WAIST cost=55.0000 best_alt=49.0000 gap=6.0000 tried=5 sep_labels=49 clique_frac=0.01
t=138374ms iter=342 REBUILD reject new_tc=61.3684 (was 59.9619)
t=138539ms iter=342 incumb=59.9619 ratchet=60.0440 best=59.9561 since_improve=32
t=138549ms iter=343 WAIST cost=55.0000 best_alt=49.0000 gap=6.0000 tried=5 sep_labels=49 clique_frac=0.01
t=138709ms iter=343 REBUILD reject new_tc=72.0185 (was 59.9619)
t=138873ms iter=343 incumb=59.9619 ratchet=60.1361 best=59.9561 since_improve=33
t=138881ms iter=344 WAIST cost=55.0000 best_alt=49.0000 gap=6.0000 tried=5 sep_labels=49 clique_frac=0.01
t=139051ms iter=344 REBUILD reject new_tc=66.1769 (was 59.9619)
t=139212ms iter=344 incumb=59.9619 ratchet=60.0076 best=59.9561 since_improve=34
t=139220ms iter=345 WAIST cost=55.0000 best_alt=49.0000 gap=6.0000 tried=5 sep_labels=49 clique_frac=0.01
t=139376ms iter=345 REBUILD reject new_tc=70.0018 (was 59.9619)
t=139535ms iter=345 incumb=59.9619 ratchet=60.0324 best=59.9561 since_improve=35
t=139544ms iter=346 WAIST cost=55.0000 best_alt=49.0000 gap=6.0000 tried=5 sep_labels=49 clique_frac=0.01
t=139706ms iter=346 REBUILD reject new_tc=68.1635 (was 59.9619)
t=139866ms iter=346 incumb=59.9619 ratchet=60.0620 best=59.9561 since_improve=36
t=139875ms iter=347 WAIST cost=55.0000 best_alt=49.0000 gap=6.0000 tried=5 sep_labels=49 clique_frac=0.01
t=140048ms iter=347 REBUILD reject new_tc=61.0563 (was 59.9619)
t=140208ms iter=347 incumb=59.9619 ratchet=60.0202 best=59.9561 since_improve=37
t=140217ms iter=348 WAIST cost=55.0000 best_alt=49.0000 gap=6.0000 tried=5 sep_labels=49 clique_frac=0.01
t=140387ms iter=348 REBUILD reject new_tc=67.5349 (was 59.9619)
t=140848ms iter=348 incumb=59.9619 ratchet=59.9836 best=59.9495 since_improve=38
t=140856ms iter=349 WAIST cost=55.0000 best_alt=49.0000 gap=6.0000 tried=5 sep_labels=49 clique_frac=0.01
t=141014ms iter=349 REBUILD reject new_tc=77.0005 (was 59.9619)
t=141168ms iter=349 incumb=59.9619 ratchet=60.1407 best=59.9495 since_improve=39
t=141178ms iter=350 WAIST cost=55.0000 best_alt=49.0000 gap=6.0000 tried=5 sep_labels=49 clique_frac=0.01
t=141352ms iter=350 REBUILD reject new_tc=63.6503 (was 59.9619)
t=141505ms iter=350 incumb=59.9619 ratchet=60.5442 best=59.9495 since_improve=40
t=141516ms iter=351 WAIST cost=55.0000 best_alt=49.0000 gap=6.0000 tried=5 sep_labels=49 clique_frac=0.01
t=141686ms iter=351 REBUILD reject new_tc=61.7670 (was 59.9619)
t=141847ms iter=351 incumb=59.9619 ratchet=59.9932 best=59.9495 since_improve=41
t=141855ms iter=352 WAIST cost=55.0000 best_alt=49.0000 gap=6.0000 tried=5 sep_labels=49 clique_frac=0.01
t=142021ms iter=352 REBUILD reject new_tc=61.6720 (was 59.9619)
t=142180ms iter=352 incumb=59.9619 ratchet=60.0644 best=59.9495 since_improve=42
t=142188ms iter=353 WAIST cost=55.0000 best_alt=49.0000 gap=6.0000 tried=5 sep_labels=49 clique_frac=0.01
t=142348ms iter=353 REBUILD reject new_tc=64.1792 (was 59.9619)
t=142503ms iter=353 incumb=59.9619 ratchet=60.1197 best=59.9495 since_improve=43
t=142512ms iter=354 WAIST cost=55.0000 best_alt=49.0000 gap=6.0000 tried=5 sep_labels=49 clique_frac=0.01
t=142680ms iter=354 REBUILD reject new_tc=61.3421 (was 59.9619)
t=142837ms iter=354 incumb=59.9619 ratchet=59.9958 best=59.9495 since_improve=44
t=142845ms iter=355 WAIST cost=55.0000 best_alt=49.0000 gap=6.0000 tried=5 sep_labels=49 clique_frac=0.01
t=143016ms iter=355 REBUILD reject new_tc=61.3826 (was 59.9619)
t=143174ms iter=355 incumb=59.9619 ratchet=60.2131 best=59.9495 since_improve=45
t=143183ms iter=356 WAIST cost=55.0000 best_alt=49.0000 gap=6.0000 tried=5 sep_labels=49 clique_frac=0.01
t=143347ms iter=356 REBUILD reject new_tc=66.0608 (was 59.9619)
t=143504ms iter=356 incumb=59.9619 ratchet=60.0761 best=59.9495 since_improve=46
t=143512ms iter=357 WAIST cost=55.0000 best_alt=49.0000 gap=6.0000 tried=5 sep_labels=49 clique_frac=0.01
t=143683ms iter=357 REBUILD reject new_tc=60.5892 (was 59.9619)
t=143844ms iter=357 incumb=59.9619 ratchet=60.4497 best=59.9495 since_improve=47
t=143855ms iter=358 WAIST cost=55.0000 best_alt=49.0000 gap=6.0000 tried=5 sep_labels=49 clique_frac=0.01
t=144025ms iter=358 REBUILD reject new_tc=64.9885 (was 59.9619)
t=144450ms iter=358 incumb=59.9619 ratchet=59.9501 best=59.9082 since_improve=0
t=144461ms iter=359 WAIST cost=56.0000 best_alt=52.0000 gap=4.0000 tried=5 sep_labels=52 clique_frac=0.01
t=144627ms iter=359 REBUILD reject new_tc=61.5982 (was 59.9501)
t=144781ms iter=359 incumb=59.9501 ratchet=60.2546 best=59.9082 since_improve=1
t=144790ms iter=360 WAIST cost=56.0000 best_alt=51.0000 gap=5.0000 tried=5 sep_labels=51 clique_frac=0.01
t=144938ms iter=360 REBUILD reject new_tc=69.7301 (was 59.9501)
t=145094ms iter=360 incumb=59.9501 ratchet=60.2511 best=59.9082 since_improve=2
t=145103ms iter=361 WAIST cost=56.0000 best_alt=52.0000 gap=4.0000 tried=5 sep_labels=52 clique_frac=0.01
t=145271ms iter=361 REBUILD reject new_tc=61.0135 (was 59.9501)
t=145426ms iter=361 incumb=59.9501 ratchet=60.1185 best=59.9082 since_improve=3
t=145433ms iter=362 WAIST cost=56.0000 best_alt=52.0000 gap=4.0000 tried=5 sep_labels=52 clique_frac=0.01
t=145601ms iter=362 REBUILD reject new_tc=61.4866 (was 59.9501)
t=145758ms iter=362 incumb=59.9501 ratchet=60.5128 best=59.9082 since_improve=4
t=145766ms iter=363 WAIST cost=56.0000 best_alt=52.0000 gap=4.0000 tried=5 sep_labels=52 clique_frac=0.01
t=145930ms iter=363 REBUILD reject new_tc=62.1740 (was 59.9501)
t=146086ms iter=363 incumb=59.9501 ratchet=59.9359 best=59.9082 since_improve=0
t=146095ms iter=364 WAIST cost=55.0000 best_alt=49.0000 gap=6.0000 tried=5 sep_labels=49 clique_frac=0.01
t=146263ms iter=364 REBUILD reject new_tc=61.2972 (was 59.9359)
t=146420ms iter=364 incumb=59.9359 ratchet=59.9509 best=59.9082 since_improve=1
t=146428ms iter=365 WAIST cost=55.0000 best_alt=49.0000 gap=6.0000 tried=5 sep_labels=49 clique_frac=0.01
t=146595ms iter=365 REBUILD reject new_tc=60.7643 (was 59.9359)
t=146752ms iter=365 incumb=59.9359 ratchet=59.9907 best=59.9082 since_improve=2
t=146762ms iter=366 WAIST cost=55.0000 best_alt=49.0000 gap=6.0000 tried=5 sep_labels=49 clique_frac=0.01
t=146937ms iter=366 REBUILD reject new_tc=61.3243 (was 59.9359)
t=147092ms iter=366 incumb=59.9359 ratchet=59.9532 best=59.9082 since_improve=3
t=147102ms iter=367 WAIST cost=55.0000 best_alt=49.0000 gap=6.0000 tried=5 sep_labels=49 clique_frac=0.01
t=147267ms iter=367 REBUILD reject new_tc=61.2630 (was 59.9359)
t=147422ms iter=367 incumb=59.9359 ratchet=60.0010 best=59.9082 since_improve=4
t=147432ms iter=368 WAIST cost=55.0000 best_alt=49.0000 gap=6.0000 tried=5 sep_labels=49 clique_frac=0.01
t=147596ms iter=368 REBUILD reject new_tc=61.3368 (was 59.9359)
t=147752ms iter=368 incumb=59.9359 ratchet=60.0326 best=59.9082 since_improve=5
t=147760ms iter=369 WAIST cost=55.0000 best_alt=49.0000 gap=6.0000 tried=5 sep_labels=49 clique_frac=0.01
t=147933ms iter=369 REBUILD reject new_tc=60.4909 (was 59.9359)
t=148087ms iter=369 incumb=59.9359 ratchet=60.0696 best=59.9082 since_improve=6
t=148095ms iter=370 WAIST cost=55.0000 best_alt=49.0000 gap=6.0000 tried=5 sep_labels=49 clique_frac=0.01
t=148268ms iter=370 REBUILD reject new_tc=60.7836 (was 59.9359)
t=148421ms iter=370 incumb=59.9359 ratchet=59.9519 best=59.9082 since_improve=7
t=148430ms iter=371 WAIST cost=55.0000 best_alt=49.0000 gap=6.0000 tried=5 sep_labels=49 clique_frac=0.01
t=148605ms iter=371 REBUILD reject new_tc=61.2173 (was 59.9359)
t=148756ms iter=371 incumb=59.9359 ratchet=60.0268 best=59.9082 since_improve=8
t=148765ms iter=372 WAIST cost=55.0000 best_alt=49.0000 gap=6.0000 tried=5 sep_labels=49 clique_frac=0.01
t=148932ms iter=372 REBUILD reject new_tc=60.6772 (was 59.9359)
t=149097ms iter=372 incumb=59.9359 ratchet=59.9820 best=59.9082 since_improve=9
t=149107ms iter=373 WAIST cost=55.0000 best_alt=49.0000 gap=6.0000 tried=5 sep_labels=49 clique_frac=0.01
t=149275ms iter=373 REBUILD reject new_tc=61.0317 (was 59.9359)
t=149430ms iter=373 incumb=59.9359 ratchet=60.1319 best=59.9082 since_improve=10
t=149440ms iter=374 WAIST cost=55.0000 best_alt=49.0000 gap=6.0000 tried=5 sep_labels=49 clique_frac=0.01
t=149608ms iter=374 REBUILD reject new_tc=60.9647 (was 59.9359)
t=149763ms iter=374 incumb=59.9359 ratchet=60.0611 best=59.9082 since_improve=11
t=149771ms iter=375 WAIST cost=55.0000 best_alt=49.0000 gap=6.0000 tried=5 sep_labels=49 clique_frac=0.01
t=149938ms iter=375 REBUILD reject new_tc=61.3372 (was 59.9359)
t=150095ms iter=375 incumb=59.9359 ratchet=60.0912 best=59.9082 since_improve=12
t=150103ms iter=376 WAIST cost=55.0000 best_alt=49.0000 gap=6.0000 tried=5 sep_labels=49 clique_frac=0.01
t=150275ms iter=376 REBUILD reject new_tc=61.6623 (was 59.9359)
t=150435ms iter=376 incumb=59.9359 ratchet=59.9620 best=59.9082 since_improve=13
t=150442ms iter=377 WAIST cost=55.0000 best_alt=49.0000 gap=6.0000 tried=5 sep_labels=49 clique_frac=0.01
t=150612ms iter=377 REBUILD reject new_tc=60.8155 (was 59.9359)
t=150770ms iter=377 incumb=59.9359 ratchet=60.5982 best=59.9082 since_improve=14
t=150778ms iter=378 WAIST cost=55.0000 best_alt=49.0000 gap=6.0000 tried=5 sep_labels=49 clique_frac=0.01
t=150943ms iter=378 REBUILD reject new_tc=60.1244 (was 59.9359)
t=151101ms iter=378 incumb=59.9359 ratchet=60.0931 best=59.9082 since_improve=15
t=151110ms iter=379 WAIST cost=55.0000 best_alt=49.0000 gap=6.0000 tried=5 sep_labels=49 clique_frac=0.01
t=151280ms iter=379 REBUILD reject new_tc=61.1602 (was 59.9359)
t=151437ms iter=379 incumb=59.9359 ratchet=60.1216 best=59.9082 since_improve=16
t=151446ms iter=380 WAIST cost=55.0000 best_alt=49.0000 gap=6.0000 tried=5 sep_labels=49 clique_frac=0.01
t=151607ms iter=380 REBUILD reject new_tc=61.3619 (was 59.9359)
t=151761ms iter=380 incumb=59.9359 ratchet=60.0892 best=59.9082 since_improve=17
t=151770ms iter=381 WAIST cost=55.0000 best_alt=49.0000 gap=6.0000 tried=5 sep_labels=49 clique_frac=0.01
t=151943ms iter=381 REBUILD reject new_tc=60.6442 (was 59.9359)
t=152098ms iter=381 incumb=59.9359 ratchet=60.0527 best=59.9082 since_improve=18
t=152107ms iter=382 WAIST cost=55.0000 best_alt=49.0000 gap=6.0000 tried=5 sep_labels=49 clique_frac=0.01
t=152264ms iter=382 REBUILD reject new_tc=70.0024 (was 59.9359)
t=152423ms iter=382 incumb=59.9359 ratchet=60.0064 best=59.9082 since_improve=19
t=152430ms iter=383 WAIST cost=55.0000 best_alt=49.0000 gap=6.0000 tried=5 sep_labels=49 clique_frac=0.01
t=152600ms iter=383 REBUILD reject new_tc=61.3027 (was 59.9359)
t=152759ms iter=383 incumb=59.9359 ratchet=60.0516 best=59.9082 since_improve=20
t=152767ms iter=384 WAIST cost=55.0000 best_alt=49.0000 gap=6.0000 tried=5 sep_labels=49 clique_frac=0.01
t=152936ms iter=384 REBUILD reject new_tc=60.9050 (was 59.9359)
t=153094ms iter=384 incumb=59.9359 ratchet=60.0965 best=59.9082 since_improve=21
t=153103ms iter=385 WAIST cost=55.0000 best_alt=49.0000 gap=6.0000 tried=5 sep_labels=49 clique_frac=0.01
t=153271ms iter=385 REBUILD reject new_tc=66.2491 (was 59.9359)
t=153431ms iter=385 incumb=59.9359 ratchet=60.1549 best=59.9082 since_improve=22
t=153441ms iter=386 WAIST cost=55.0000 best_alt=49.0000 gap=6.0000 tried=5 sep_labels=49 clique_frac=0.01
t=153608ms iter=386 REBUILD reject new_tc=66.3294 (was 59.9359)
t=153763ms iter=386 incumb=59.9359 ratchet=60.0817 best=59.9082 since_improve=23
t=153771ms iter=387 WAIST cost=55.0000 best_alt=49.0000 gap=6.0000 tried=5 sep_labels=49 clique_frac=0.01
t=153946ms iter=387 REBUILD reject new_tc=60.6767 (was 59.9359)
t=154101ms iter=387 incumb=59.9359 ratchet=59.9933 best=59.9082 since_improve=24
t=154110ms iter=388 WAIST cost=55.0000 best_alt=49.0000 gap=6.0000 tried=5 sep_labels=49 clique_frac=0.01
t=154275ms iter=388 REBUILD reject new_tc=66.7796 (was 59.9359)
t=154436ms iter=388 incumb=59.9359 ratchet=60.0523 best=59.9082 since_improve=25
t=154443ms iter=389 WAIST cost=55.0000 best_alt=49.0000 gap=6.0000 tried=5 sep_labels=49 clique_frac=0.01
t=154609ms iter=389 REBUILD reject new_tc=61.6849 (was 59.9359)
t=154771ms iter=389 incumb=59.9359 ratchet=60.1446 best=59.9082 since_improve=26
t=154781ms iter=390 WAIST cost=55.0000 best_alt=49.0000 gap=6.0000 tried=5 sep_labels=49 clique_frac=0.01
t=154957ms iter=390 REBUILD reject new_tc=61.3855 (was 59.9359)
t=155115ms iter=390 incumb=59.9359 ratchet=60.0861 best=59.9082 since_improve=27
t=155124ms iter=391 WAIST cost=55.0000 best_alt=49.0000 gap=6.0000 tried=5 sep_labels=49 clique_frac=0.01
t=155292ms iter=391 REBUILD reject new_tc=61.3828 (was 59.9359)
t=155446ms iter=391 incumb=59.9359 ratchet=60.1815 best=59.9082 since_improve=28
t=155455ms iter=392 WAIST cost=55.0000 best_alt=49.0000 gap=6.0000 tried=5 sep_labels=49 clique_frac=0.01
t=155624ms iter=392 REBUILD reject new_tc=67.3533 (was 59.9359)
t=155786ms iter=392 incumb=59.9359 ratchet=60.2029 best=59.9082 since_improve=29
t=155794ms iter=393 WAIST cost=55.0000 best_alt=49.0000 gap=6.0000 tried=5 sep_labels=49 clique_frac=0.01
t=155962ms iter=393 REBUILD reject new_tc=61.8862 (was 59.9359)
t=156124ms iter=393 incumb=59.9359 ratchet=60.0727 best=59.9082 since_improve=30
t=156133ms iter=394 WAIST cost=55.0000 best_alt=49.0000 gap=6.0000 tried=5 sep_labels=49 clique_frac=0.01
t=156303ms iter=394 REBUILD reject new_tc=61.5291 (was 59.9359)
t=156460ms iter=394 incumb=59.9359 ratchet=60.0173 best=59.9082 since_improve=31
t=156469ms iter=395 WAIST cost=55.0000 best_alt=49.0000 gap=6.0000 tried=5 sep_labels=49 clique_frac=0.01
t=156638ms iter=395 REBUILD reject new_tc=60.8625 (was 59.9359)
t=156795ms iter=395 incumb=59.9359 ratchet=60.1021 best=59.9082 since_improve=32
t=156802ms iter=396 WAIST cost=55.0000 best_alt=49.0000 gap=6.0000 tried=5 sep_labels=49 clique_frac=0.01
t=156949ms iter=396 REBUILD reject new_tc=61.4830 (was 59.9359)
t=157105ms iter=396 incumb=59.9359 ratchet=59.9930 best=59.9082 since_improve=33
t=157115ms iter=397 WAIST cost=55.0000 best_alt=49.0000 gap=6.0000 tried=5 sep_labels=49 clique_frac=0.01
t=157291ms iter=397 REBUILD reject new_tc=61.5600 (was 59.9359)
t=157453ms iter=397 incumb=59.9359 ratchet=60.1391 best=59.9082 since_improve=34
t=157463ms iter=398 WAIST cost=55.0000 best_alt=49.0000 gap=6.0000 tried=5 sep_labels=49 clique_frac=0.01
t=157640ms iter=398 REBUILD reject new_tc=61.4897 (was 59.9359)
t=157793ms iter=398 incumb=59.9359 ratchet=60.0180 best=59.9082 since_improve=35
t=157802ms iter=399 WAIST cost=55.0000 best_alt=49.0000 gap=6.0000 tried=5 sep_labels=49 clique_frac=0.01
t=157965ms iter=399 REBUILD reject new_tc=61.9676 (was 59.9359)
t=158119ms iter=399 incumb=59.9359 ratchet=60.0075 best=59.9082 since_improve=36
t=158129ms iter=400 WAIST cost=55.0000 best_alt=49.0000 gap=6.0000 tried=5 sep_labels=49 clique_frac=0.01
t=158293ms iter=400 REBUILD reject new_tc=61.6266 (was 59.9359)
t=158449ms iter=400 incumb=59.9359 ratchet=60.0314 best=59.9082 since_improve=37
t=158457ms iter=401 WAIST cost=55.0000 best_alt=49.0000 gap=6.0000 tried=5 sep_labels=49 clique_frac=0.01
t=158631ms iter=401 REBUILD reject new_tc=61.1818 (was 59.9359)
t=158785ms iter=401 incumb=59.9359 ratchet=60.0273 best=59.9082 since_improve=38
t=158793ms iter=402 WAIST cost=55.0000 best_alt=49.0000 gap=6.0000 tried=5 sep_labels=49 clique_frac=0.01
t=158949ms iter=402 REBUILD reject new_tc=66.4953 (was 59.9359)
t=159099ms iter=402 incumb=59.9359 ratchet=60.0661 best=59.9082 since_improve=39
t=159109ms iter=403 WAIST cost=55.0000 best_alt=49.0000 gap=6.0000 tried=5 sep_labels=49 clique_frac=0.01
t=159274ms iter=403 REBUILD reject new_tc=60.9951 (was 59.9359)
t=159429ms iter=403 incumb=59.9359 ratchet=60.0525 best=59.9082 since_improve=40
t=159436ms iter=404 WAIST cost=55.0000 best_alt=49.0000 gap=6.0000 tried=5 sep_labels=49 clique_frac=0.01
t=159586ms iter=404 REBUILD reject new_tc=62.2275 (was 59.9359)
t=159737ms iter=404 incumb=59.9359 ratchet=59.9678 best=59.9082 since_improve=41
t=159745ms iter=405 WAIST cost=55.0000 best_alt=49.0000 gap=6.0000 tried=5 sep_labels=49 clique_frac=0.01
t=159905ms iter=405 REBUILD reject new_tc=66.3713 (was 59.9359)
t=160051ms iter=405 incumb=59.9359 ratchet=60.1234 best=59.9082 since_improve=42
t=160060ms iter=406 WAIST cost=55.0000 best_alt=49.0000 gap=6.0000 tried=5 sep_labels=49 clique_frac=0.01
t=160223ms iter=406 REBUILD reject new_tc=61.5103 (was 59.9359)
t=160371ms iter=406 incumb=59.9359 ratchet=60.0228 best=59.9082 since_improve=43
t=160381ms iter=407 WAIST cost=55.0000 best_alt=49.0000 gap=6.0000 tried=5 sep_labels=49 clique_frac=0.01
t=160545ms iter=407 REBUILD reject new_tc=61.0760 (was 59.9359)
t=160693ms iter=407 incumb=59.9359 ratchet=60.0079 best=59.9082 since_improve=44
t=160703ms iter=408 WAIST cost=55.0000 best_alt=49.0000 gap=6.0000 tried=5 sep_labels=49 clique_frac=0.01
t=160868ms iter=408 REBUILD reject new_tc=61.3724 (was 59.9359)
t=161018ms iter=408 incumb=59.9359 ratchet=60.0954 best=59.9082 since_improve=45
t=161028ms iter=409 WAIST cost=55.0000 best_alt=49.0000 gap=6.0000 tried=5 sep_labels=49 clique_frac=0.01
t=161186ms iter=409 REBUILD reject new_tc=65.5876 (was 59.9359)
t=161337ms iter=409 incumb=59.9359 ratchet=60.0426 best=59.9082 since_improve=46
t=161347ms iter=410 WAIST cost=55.0000 best_alt=49.0000 gap=6.0000 tried=5 sep_labels=49 clique_frac=0.01
t=161508ms iter=410 REBUILD reject new_tc=61.3035 (was 59.9359)
t=161661ms iter=410 incumb=59.9359 ratchet=60.0673 best=59.9082 since_improve=47
t=161670ms iter=411 WAIST cost=55.0000 best_alt=49.0000 gap=6.0000 tried=5 sep_labels=49 clique_frac=0.01
t=161835ms iter=411 REBUILD reject new_tc=60.9423 (was 59.9359)
t=161980ms iter=411 incumb=59.9359 ratchet=60.1670 best=59.9082 since_improve=48
t=161989ms iter=412 WAIST cost=55.0000 best_alt=49.0000 gap=6.0000 tried=5 sep_labels=49 clique_frac=0.01
t=162151ms iter=412 REBUILD reject new_tc=61.6042 (was 59.9359)
t=162309ms iter=412 incumb=59.9359 ratchet=60.1182 best=59.9082 since_improve=49
t=162319ms iter=413 WAIST cost=55.0000 best_alt=49.0000 gap=6.0000 tried=5 sep_labels=49 clique_frac=0.01
t=162485ms iter=413 REBUILD reject new_tc=61.2628 (was 59.9359)
t=162640ms iter=413 incumb=59.9359 ratchet=59.9326 best=59.9082 since_improve=0
t=162645ms iter=414 WAIST cost=56.0000 best_alt=52.0000 gap=4.0000 tried=5 sep_labels=52 clique_frac=0.01
t=162804ms iter=414 REBUILD reject new_tc=67.2865 (was 59.9326)
t=162959ms iter=414 incumb=59.9326 ratchet=60.0955 best=59.9082 since_improve=1
t=162967ms iter=415 WAIST cost=56.0000 best_alt=49.0000 gap=7.0000 tried=5 sep_labels=49 clique_frac=0.01
t=163107ms iter=415 REBUILD reject new_tc=62.6653 (was 59.9326)
t=163262ms iter=415 incumb=59.9326 ratchet=60.0022 best=59.9082 since_improve=2
t=163270ms iter=416 WAIST cost=56.0000 best_alt=51.0000 gap=5.0000 tried=5 sep_labels=51 clique_frac=0.01
t=163417ms iter=416 REBUILD reject new_tc=67.1289 (was 59.9326)
t=163574ms iter=416 incumb=59.9326 ratchet=60.0989 best=59.9082 since_improve=3
t=163584ms iter=417 WAIST cost=56.0000 best_alt=51.0000 gap=5.0000 tried=5 sep_labels=51 clique_frac=0.01
t=163729ms iter=417 REBUILD reject new_tc=61.2665 (was 59.9326)
t=163878ms iter=417 incumb=59.9326 ratchet=60.0833 best=59.9082 since_improve=4
t=163888ms iter=418 WAIST cost=56.0000 best_alt=52.0000 gap=4.0000 tried=5 sep_labels=52 clique_frac=0.01
t=164056ms iter=418 REBUILD reject new_tc=64.3545 (was 59.9326)
t=164201ms iter=418 incumb=59.9326 ratchet=60.0459 best=59.9082 since_improve=5
t=164208ms iter=419 WAIST cost=56.0000 best_alt=51.0000 gap=5.0000 tried=5 sep_labels=51 clique_frac=0.01
t=164359ms iter=419 REBUILD reject new_tc=60.9156 (was 59.9326)
t=164513ms iter=419 incumb=59.9326 ratchet=60.0033 best=59.9082 since_improve=6
t=164521ms iter=420 WAIST cost=56.0000 best_alt=52.0000 gap=4.0000 tried=5 sep_labels=52 clique_frac=0.01
t=164690ms iter=420 REBUILD reject new_tc=61.0387 (was 59.9326)
t=164846ms iter=420 incumb=59.9326 ratchet=59.9588 best=59.9082 since_improve=7
t=164854ms iter=421 WAIST cost=56.0000 best_alt=51.0000 gap=5.0000 tried=5 sep_labels=51 clique_frac=0.01
t=164998ms iter=421 REBUILD reject new_tc=61.3415 (was 59.9326)
t=165148ms iter=421 incumb=59.9326 ratchet=60.0137 best=59.9082 since_improve=8
t=165157ms iter=422 WAIST cost=56.0000 best_alt=52.0000 gap=4.0000 tried=5 sep_labels=52 clique_frac=0.01
t=165312ms iter=422 REBUILD reject new_tc=82.0000 (was 59.9326)
t=165465ms iter=422 incumb=59.9326 ratchet=59.9107 best=59.9082 since_improve=0
t=165473ms iter=423 WAIST cost=56.0000 best_alt=52.0000 gap=4.0000 tried=5 sep_labels=52 clique_frac=0.01
t=165636ms iter=423 REBUILD reject new_tc=61.3708 (was 59.9107)
t=165789ms iter=423 incumb=59.9107 ratchet=60.0395 best=59.9082 since_improve=1
t=165798ms iter=424 WAIST cost=56.0000 best_alt=51.0000 gap=5.0000 tried=5 sep_labels=51 clique_frac=0.01
t=165956ms iter=424 REBUILD reject new_tc=62.6898 (was 59.9107)
t=166110ms iter=424 incumb=59.9107 ratchet=60.1308 best=59.9082 since_improve=2
t=166118ms iter=425 WAIST cost=56.0000 best_alt=52.0000 gap=4.0000 tried=5 sep_labels=52 clique_frac=0.01
t=166284ms iter=425 REBUILD reject new_tc=60.4165 (was 59.9107)
t=166436ms iter=425 incumb=59.9107 ratchet=60.1367 best=59.9082 since_improve=3
t=166446ms iter=426 WAIST cost=56.0000 best_alt=51.0000 gap=5.0000 tried=5 sep_labels=51 clique_frac=0.01
t=166590ms iter=426 REBUILD reject new_tc=61.5182 (was 59.9107)
t=166740ms iter=426 incumb=59.9107 ratchet=60.0275 best=59.9082 since_improve=4
t=166747ms iter=427 WAIST cost=56.0000 best_alt=52.0000 gap=4.0000 tried=5 sep_labels=52 clique_frac=0.01
t=166917ms iter=427 REBUILD reject new_tc=60.9624 (was 59.9107)
t=167072ms iter=427 incumb=59.9107 ratchet=60.0206 best=59.9082 since_improve=5
t=167080ms iter=428 WAIST cost=56.0000 best_alt=51.0000 gap=5.0000 tried=5 sep_labels=51 clique_frac=0.01
t=167230ms iter=428 REBUILD reject new_tc=61.7443 (was 59.9107)
t=167379ms iter=428 incumb=59.9107 ratchet=60.1157 best=59.9082 since_improve=6
t=167388ms iter=429 WAIST cost=56.0000 best_alt=49.0000 gap=7.0000 tried=5 sep_labels=49 clique_frac=0.01
t=167534ms iter=429 REBUILD reject new_tc=61.2662 (was 59.9107)
t=167688ms iter=429 incumb=59.9107 ratchet=59.9867 best=59.9082 since_improve=7
t=167696ms iter=430 WAIST cost=56.0000 best_alt=52.0000 gap=4.0000 tried=5 sep_labels=52 clique_frac=0.01
t=167860ms iter=430 REBUILD reject new_tc=60.8313 (was 59.9107)
t=168009ms iter=430 incumb=59.9107 ratchet=60.1511 best=59.9082 since_improve=8
t=168020ms iter=431 WAIST cost=56.0000 best_alt=51.0000 gap=5.0000 tried=5 sep_labels=51 clique_frac=0.01
t=168190ms iter=431 REBUILD reject new_tc=60.2687 (was 59.9107)
t=168342ms iter=431 incumb=59.9107 ratchet=60.0405 best=59.9082 since_improve=9
t=168351ms iter=432 WAIST cost=56.0000 best_alt=51.0000 gap=5.0000 tried=5 sep_labels=51 clique_frac=0.01
t=168501ms iter=432 REBUILD reject new_tc=61.7131 (was 59.9107)
t=168655ms iter=432 incumb=59.9107 ratchet=60.1569 best=59.9082 since_improve=10
t=168664ms iter=433 WAIST cost=56.0000 best_alt=52.0000 gap=4.0000 tried=5 sep_labels=52 clique_frac=0.01
t=168832ms iter=433 REBUILD reject new_tc=60.9272 (was 59.9107)
t=168988ms iter=433 incumb=59.9107 ratchet=59.9722 best=59.9082 since_improve=11
t=168996ms iter=434 WAIST cost=56.0000 best_alt=50.0000 gap=6.0000 tried=5 sep_labels=50 clique_frac=0.01
t=169169ms iter=434 REBUILD reject new_tc=66.6438 (was 59.9107)
t=169326ms iter=434 incumb=59.9107 ratchet=60.0494 best=59.9082 since_improve=12
t=169335ms iter=435 WAIST cost=56.0000 best_alt=49.0000 gap=7.0000 tried=5 sep_labels=49 clique_frac=0.01
t=169479ms iter=435 REBUILD reject new_tc=76.1307 (was 59.9107)
t=169631ms iter=435 incumb=59.9107 ratchet=60.0105 best=59.9082 since_improve=13
t=169639ms iter=436 WAIST cost=56.0000 best_alt=50.0000 gap=6.0000 tried=5 sep_labels=50 clique_frac=0.01
t=169781ms iter=436 REBUILD reject new_tc=65.4576 (was 59.9107)
t=169938ms iter=436 incumb=59.9107 ratchet=60.0726 best=59.9082 since_improve=14
t=169946ms iter=437 WAIST cost=56.0000 best_alt=51.0000 gap=5.0000 tried=5 sep_labels=51 clique_frac=0.01
t=170118ms iter=437 REBUILD reject new_tc=61.3409 (was 59.9107)
t=170270ms iter=437 incumb=59.9107 ratchet=60.0316 best=59.9082 since_improve=15
t=170278ms iter=438 WAIST cost=56.0000 best_alt=52.0000 gap=4.0000 tried=5 sep_labels=52 clique_frac=0.01
t=170448ms iter=438 REBUILD reject new_tc=63.3930 (was 59.9107)
t=170606ms iter=438 incumb=59.9107 ratchet=60.0691 best=59.9082 since_improve=16
t=170614ms iter=439 WAIST cost=56.0000 best_alt=51.0000 gap=5.0000 tried=5 sep_labels=51 clique_frac=0.01
t=170783ms iter=439 REBUILD reject new_tc=61.0690 (was 59.9107)
t=170951ms iter=439 incumb=59.9107 ratchet=60.0192 best=59.9082 since_improve=17
t=170958ms iter=440 WAIST cost=56.0000 best_alt=52.0000 gap=4.0000 tried=5 sep_labels=52 clique_frac=0.01
t=171119ms iter=440 REBUILD reject new_tc=60.6843 (was 59.9107)
t=171276ms iter=440 incumb=59.9107 ratchet=60.1626 best=59.9082 since_improve=18
t=171285ms iter=441 WAIST cost=56.0000 best_alt=52.0000 gap=4.0000 tried=5 sep_labels=52 clique_frac=0.01
t=171451ms iter=441 REBUILD reject new_tc=61.4716 (was 59.9107)
t=171600ms iter=441 incumb=59.9107 ratchet=59.9326 best=59.9082 since_improve=19
t=171607ms iter=442 WAIST cost=56.0000 best_alt=52.0000 gap=4.0000 tried=5 sep_labels=52 clique_frac=0.01
t=171781ms iter=442 REBUILD reject new_tc=61.1188 (was 59.9107)
t=171937ms iter=442 incumb=59.9107 ratchet=60.0262 best=59.9082 since_improve=20
t=171945ms iter=443 WAIST cost=56.0000 best_alt=50.0000 gap=6.0000 tried=5 sep_labels=50 clique_frac=0.01
t=172092ms iter=443 REBUILD reject new_tc=61.2183 (was 59.9107)
t=172244ms iter=443 incumb=59.9107 ratchet=60.0407 best=59.9082 since_improve=21
t=172252ms iter=444 WAIST cost=56.0000 best_alt=52.0000 gap=4.0000 tried=5 sep_labels=52 clique_frac=0.01
t=172418ms iter=444 REBUILD reject new_tc=67.3078 (was 59.9107)
t=172575ms iter=444 incumb=59.9107 ratchet=59.9703 best=59.9082 since_improve=22
t=172584ms iter=445 WAIST cost=56.0000 best_alt=51.0000 gap=5.0000 tried=5 sep_labels=51 clique_frac=0.01
t=172752ms iter=445 REBUILD reject new_tc=65.3080 (was 59.9107)
t=172904ms iter=445 incumb=59.9107 ratchet=60.1311 best=59.9082 since_improve=23
t=172913ms iter=446 WAIST cost=56.0000 best_alt=52.0000 gap=4.0000 tried=5 sep_labels=52 clique_frac=0.01
t=173079ms iter=446 REBUILD reject new_tc=67.6109 (was 59.9107)
t=173238ms iter=446 incumb=59.9107 ratchet=60.1071 best=59.9082 since_improve=24
t=173245ms iter=447 WAIST cost=56.0000 best_alt=51.0000 gap=5.0000 tried=5 sep_labels=51 clique_frac=0.02
t=173389ms iter=447 REBUILD reject new_tc=69.0142 (was 59.9107)
t=173538ms iter=447 incumb=59.9107 ratchet=60.0405 best=59.9082 since_improve=25
t=173547ms iter=448 WAIST cost=56.0000 best_alt=52.0000 gap=4.0000 tried=5 sep_labels=52 clique_frac=0.01
t=173707ms iter=448 REBUILD reject new_tc=61.3177 (was 59.9107)
t=173863ms iter=448 incumb=59.9107 ratchet=60.0451 best=59.9082 since_improve=26
t=173872ms iter=449 WAIST cost=56.0000 best_alt=52.0000 gap=4.0000 tried=5 sep_labels=52 clique_frac=0.01
t=174036ms iter=449 REBUILD reject new_tc=60.8879 (was 59.9107)
t=174188ms iter=449 incumb=59.9107 ratchet=60.1314 best=59.9082 since_improve=27
t=174198ms iter=450 WAIST cost=56.0000 best_alt=52.0000 gap=4.0000 tried=5 sep_labels=52 clique_frac=0.01
t=174359ms iter=450 REBUILD reject new_tc=62.5140 (was 59.9107)
t=174508ms iter=450 incumb=59.9107 ratchet=59.9406 best=59.9082 since_improve=28
t=174517ms iter=451 WAIST cost=56.0000 best_alt=50.0000 gap=6.0000 tried=5 sep_labels=50 clique_frac=0.01
t=174659ms iter=451 REBUILD reject new_tc=61.4789 (was 59.9107)
t=174812ms iter=451 incumb=59.9107 ratchet=59.9650 best=59.9082 since_improve=29
t=174821ms iter=452 WAIST cost=56.0000 best_alt=51.0000 gap=5.0000 tried=5 sep_labels=51 clique_frac=0.01
t=174990ms iter=452 REBUILD reject new_tc=60.7956 (was 59.9107)
t=175145ms iter=452 incumb=59.9107 ratchet=59.9836 best=59.9082 since_improve=30
t=175154ms iter=453 WAIST cost=56.0000 best_alt=52.0000 gap=4.0000 tried=5 sep_labels=52 clique_frac=0.01
t=175323ms iter=453 REBUILD reject new_tc=61.2006 (was 59.9107)
t=175483ms iter=453 incumb=59.9107 ratchet=60.0669 best=59.9082 since_improve=31
t=175491ms iter=454 WAIST cost=56.0000 best_alt=52.0000 gap=4.0000 tried=5 sep_labels=52 clique_frac=0.01
t=175657ms iter=454 REBUILD reject new_tc=61.3444 (was 59.9107)
t=175814ms iter=454 incumb=59.9107 ratchet=60.0619 best=59.9082 since_improve=32
t=175821ms iter=455 WAIST cost=56.0000 best_alt=52.0000 gap=4.0000 tried=5 sep_labels=52 clique_frac=0.01
t=175988ms iter=455 REBUILD reject new_tc=62.1722 (was 59.9107)
t=176142ms iter=455 incumb=59.9107 ratchet=60.1258 best=59.9082 since_improve=33
t=176151ms iter=456 WAIST cost=56.0000 best_alt=50.0000 gap=6.0000 tried=5 sep_labels=50 clique_frac=0.01
t=176299ms iter=456 REBUILD reject new_tc=67.6752 (was 59.9107)
t=176450ms iter=456 incumb=59.9107 ratchet=60.0886 best=59.9082 since_improve=34
t=176458ms iter=457 WAIST cost=56.0000 best_alt=51.0000 gap=5.0000 tried=5 sep_labels=51 clique_frac=0.01
t=176609ms iter=457 REBUILD reject new_tc=60.8147 (was 59.9107)
t=176764ms iter=457 incumb=59.9107 ratchet=60.0970 best=59.9082 since_improve=35
t=176772ms iter=458 WAIST cost=56.0000 best_alt=51.0000 gap=5.0000 tried=5 sep_labels=51 clique_frac=0.01
t=176920ms iter=458 REBUILD reject new_tc=66.9210 (was 59.9107)
t=177080ms iter=458 incumb=59.9107 ratchet=60.1358 best=59.9082 since_improve=36
t=177091ms iter=459 WAIST cost=56.0000 best_alt=52.0000 gap=4.0000 tried=5 sep_labels=52 clique_frac=0.01
t=177259ms iter=459 REBUILD reject new_tc=61.1838 (was 59.9107)
t=177412ms iter=459 incumb=59.9107 ratchet=59.9824 best=59.9082 since_improve=37
t=177420ms iter=460 WAIST cost=56.0000 best_alt=52.0000 gap=4.0000 tried=5 sep_labels=52 clique_frac=0.01
t=177588ms iter=460 REBUILD reject new_tc=61.4317 (was 59.9107)
t=177747ms iter=460 incumb=59.9107 ratchet=60.0415 best=59.9082 since_improve=38
t=177754ms iter=461 WAIST cost=56.0000 best_alt=52.0000 gap=4.0000 tried=5 sep_labels=52 clique_frac=0.01
t=177921ms iter=461 REBUILD reject new_tc=61.4325 (was 59.9107)
t=178072ms iter=461 incumb=59.9107 ratchet=60.1049 best=59.9082 since_improve=39
t=178078ms iter=462 WAIST cost=56.0000 best_alt=52.0000 gap=4.0000 tried=5 sep_labels=52 clique_frac=0.01
t=178253ms iter=462 REBUILD reject new_tc=61.3711 (was 59.9107)
t=178444ms iter=462 incumb=59.9107 ratchet=60.1229 best=59.9082 since_improve=40
t=178453ms iter=463 WAIST cost=56.0000 best_alt=52.0000 gap=4.0000 tried=5 sep_labels=52 clique_frac=0.01
t=178617ms iter=463 REBUILD reject new_tc=63.1382 (was 59.9107)
t=178762ms iter=463 incumb=59.9107 ratchet=60.1073 best=59.9082 since_improve=41
t=178770ms iter=464 WAIST cost=56.0000 best_alt=52.0000 gap=4.0000 tried=5 sep_labels=52 clique_frac=0.01
t=178934ms iter=464 REBUILD reject new_tc=61.4576 (was 59.9107)
t=179119ms iter=464 incumb=59.9107 ratchet=60.2227 best=59.9082 since_improve=42
t=179127ms iter=465 WAIST cost=56.0000 best_alt=52.0000 gap=4.0000 tried=5 sep_labels=52 clique_frac=0.01
t=179293ms iter=465 REBUILD reject new_tc=61.3140 (was 59.9107)
t=179452ms iter=465 incumb=59.9107 ratchet=60.1259 best=59.9082 since_improve=43
t=179460ms iter=466 WAIST cost=56.0000 best_alt=51.0000 gap=5.0000 tried=5 sep_labels=51 clique_frac=0.01
t=179613ms iter=466 REBUILD reject new_tc=61.2481 (was 59.9107)
t=179766ms iter=466 incumb=59.9107 ratchet=60.0020 best=59.9082 since_improve=44
t=179775ms iter=467 WAIST cost=56.0000 best_alt=52.0000 gap=4.0000 tried=5 sep_labels=52 clique_frac=0.01
t=179949ms iter=467 REBUILD reject new_tc=60.8524 (was 59.9107)
t=180102ms iter=467 incumb=59.9107 ratchet=59.9703 best=59.9082 since_improve=45
t=180110ms iter=468 WAIST cost=56.0000 best_alt=51.0000 gap=5.0000 tried=5 sep_labels=51 clique_frac=0.01
t=180257ms iter=468 REBUILD reject new_tc=61.6636 (was 59.9107)
t=180409ms iter=468 incumb=59.9107 ratchet=60.0548 best=59.9082 since_improve=46
t=180418ms iter=469 WAIST cost=56.0000 best_alt=51.0000 gap=5.0000 tried=5 sep_labels=51 clique_frac=0.01
t=180565ms iter=469 REBUILD reject new_tc=62.1304 (was 59.9107)
t=180721ms iter=469 incumb=59.9107 ratchet=60.0844 best=59.9082 since_improve=47
t=180728ms iter=470 WAIST cost=56.0000 best_alt=52.0000 gap=4.0000 tried=5 sep_labels=52 clique_frac=0.01
t=180894ms iter=470 REBUILD reject new_tc=60.6179 (was 59.9107)
t=181046ms iter=470 incumb=59.9107 ratchet=60.0837 best=59.9082 since_improve=48
t=181057ms iter=471 WAIST cost=56.0000 best_alt=52.0000 gap=4.0000 tried=5 sep_labels=52 clique_frac=0.01
t=181227ms iter=471 REBUILD reject new_tc=61.2566 (was 59.9107)
t=181383ms iter=471 incumb=59.9107 ratchet=60.0270 best=59.9082 since_improve=49
t=181391ms iter=472 WAIST cost=56.0000 best_alt=52.0000 gap=4.0000 tried=5 sep_labels=52 clique_frac=0.01
t=181561ms iter=472 REBUILD reject new_tc=61.5325 (was 59.9107)
t=181714ms iter=472 incumb=59.9107 ratchet=60.1135 best=59.9082 since_improve=50
t=181724ms iter=473 WAIST cost=56.0000 best_alt=50.0000 gap=6.0000 tried=5 sep_labels=50 clique_frac=0.01
t=181894ms iter=473 REBUILD reject new_tc=61.2848 (was 59.9107)
t=182046ms iter=473 incumb=59.9107 ratchet=60.2232 best=59.9082 since_improve=51
t=182054ms iter=474 WAIST cost=56.0000 best_alt=50.0000 gap=6.0000 tried=5 sep_labels=50 clique_frac=0.01
t=182221ms iter=474 REBUILD reject new_tc=61.2711 (was 59.9107)
t=182372ms iter=474 incumb=59.9107 ratchet=59.9897 best=59.9082 since_improve=52
t=182378ms iter=475 WAIST cost=56.0000 best_alt=52.0000 gap=4.0000 tried=5 sep_labels=52 clique_frac=0.01
t=182545ms iter=475 REBUILD reject new_tc=60.8403 (was 59.9107)
t=182703ms iter=475 incumb=59.9107 ratchet=60.0788 best=59.9082 since_improve=53
t=182712ms iter=476 WAIST cost=56.0000 best_alt=52.0000 gap=4.0000 tried=5 sep_labels=52 clique_frac=0.01
t=182886ms iter=476 REBUILD reject new_tc=61.8825 (was 59.9107)
t=183044ms iter=476 incumb=59.9107 ratchet=60.0520 best=59.9082 since_improve=54
t=183054ms iter=477 WAIST cost=56.0000 best_alt=51.0000 gap=5.0000 tried=5 sep_labels=51 clique_frac=0.01
t=183205ms iter=477 REBUILD reject new_tc=61.2712 (was 59.9107)
t=183357ms iter=477 incumb=59.9107 ratchet=60.0854 best=59.9082 since_improve=55
t=183365ms iter=478 WAIST cost=56.0000 best_alt=51.0000 gap=5.0000 tried=5 sep_labels=51 clique_frac=0.01
t=183522ms iter=478 REBUILD reject new_tc=61.5490 (was 59.9107)
t=183673ms iter=478 incumb=59.9107 ratchet=60.0754 best=59.9082 since_improve=56
t=183682ms iter=479 WAIST cost=56.0000 best_alt=51.0000 gap=5.0000 tried=5 sep_labels=51 clique_frac=0.01
t=183852ms iter=479 REBUILD reject new_tc=60.8660 (was 59.9107)
t=184005ms iter=479 incumb=59.9107 ratchet=60.1309 best=59.9082 since_improve=57
t=184011ms iter=480 WAIST cost=56.0000 best_alt=52.0000 gap=4.0000 tried=5 sep_labels=52 clique_frac=0.01
t=184173ms iter=480 REBUILD reject new_tc=61.3252 (was 59.9107)
t=184320ms iter=480 incumb=59.9107 ratchet=60.1473 best=59.9082 since_improve=58
t=184329ms iter=481 WAIST cost=56.0000 best_alt=52.0000 gap=4.0000 tried=5 sep_labels=52 clique_frac=0.01
t=184498ms iter=481 REBUILD reject new_tc=60.5979 (was 59.9107)
t=184646ms iter=481 incumb=59.9107 ratchet=59.9899 best=59.9082 since_improve=59
t=184655ms iter=482 WAIST cost=56.0000 best_alt=52.0000 gap=4.0000 tried=5 sep_labels=52 clique_frac=0.01
t=184826ms iter=482 REBUILD reject new_tc=60.7356 (was 59.9107)
t=184974ms iter=482 incumb=59.9107 ratchet=60.0685 best=59.9082 since_improve=60
t=184984ms iter=483 WAIST cost=56.0000 best_alt=51.0000 gap=5.0000 tried=5 sep_labels=51 clique_frac=0.01
t=185131ms iter=483 REBUILD reject new_tc=61.6214 (was 59.9107)
t=185287ms iter=483 incumb=59.9107 ratchet=60.1190 best=59.9082 since_improve=61
t=185296ms iter=484 WAIST cost=56.0000 best_alt=51.0000 gap=5.0000 tried=5 sep_labels=51 clique_frac=0.01
t=185449ms iter=484 REBUILD reject new_tc=61.2096 (was 59.9107)
t=185597ms iter=484 incumb=59.9107 ratchet=60.0600 best=59.9082 since_improve=62
t=185604ms iter=485 WAIST cost=56.0000 best_alt=52.0000 gap=4.0000 tried=5 sep_labels=52 clique_frac=0.01
t=185771ms iter=485 REBUILD reject new_tc=61.6850 (was 59.9107)
t=185926ms iter=485 incumb=59.9107 ratchet=60.0788 best=59.9082 since_improve=63
t=185937ms iter=486 WAIST cost=56.0000 best_alt=52.0000 gap=4.0000 tried=5 sep_labels=52 clique_frac=0.01
t=186099ms iter=486 REBUILD reject new_tc=60.9207 (was 59.9107)
t=186258ms iter=486 incumb=59.9107 ratchet=60.0051 best=59.9082 since_improve=64
t=186265ms iter=487 WAIST cost=56.0000 best_alt=51.0000 gap=5.0000 tried=5 sep_labels=51 clique_frac=0.01
t=186415ms iter=487 REBUILD reject new_tc=61.6257 (was 59.9107)
t=186570ms iter=487 incumb=59.9107 ratchet=60.0852 best=59.9082 since_improve=65
t=186578ms iter=488 WAIST cost=56.0000 best_alt=51.0000 gap=5.0000 tried=5 sep_labels=51 clique_frac=0.01
t=186743ms iter=488 REBUILD reject new_tc=62.0046 (was 59.9107)
t=186896ms iter=488 incumb=59.9107 ratchet=60.0126 best=59.9082 since_improve=66
t=186903ms iter=489 WAIST cost=56.0000 best_alt=52.0000 gap=4.0000 tried=5 sep_labels=52 clique_frac=0.01
t=187070ms iter=489 REBUILD reject new_tc=61.4281 (was 59.9107)
t=187224ms iter=489 incumb=59.9107 ratchet=59.9875 best=59.9082 since_improve=67
t=187234ms iter=490 WAIST cost=56.0000 best_alt=51.0000 gap=5.0000 tried=5 sep_labels=51 clique_frac=0.01
t=187384ms iter=490 REBUILD reject new_tc=61.7126 (was 59.9107)
t=187533ms iter=490 incumb=59.9107 ratchet=60.0240 best=59.9082 since_improve=68
t=187541ms iter=491 WAIST cost=56.0000 best_alt=52.0000 gap=4.0000 tried=5 sep_labels=52 clique_frac=0.01
t=187775ms iter=491 REBUILD reject new_tc=60.3019 (was 59.9107)
t=187923ms iter=491 incumb=59.9107 ratchet=60.0260 best=59.9082 since_improve=69
t=187931ms iter=492 WAIST cost=56.0000 best_alt=52.0000 gap=4.0000 tried=5 sep_labels=52 clique_frac=0.01
t=188094ms iter=492 REBUILD reject new_tc=61.2575 (was 59.9107)
t=188246ms iter=492 incumb=59.9107 ratchet=60.1094 best=59.9082 since_improve=70
t=188255ms iter=493 WAIST cost=56.0000 best_alt=52.0000 gap=4.0000 tried=5 sep_labels=52 clique_frac=0.01
t=188416ms iter=493 REBUILD reject new_tc=61.4151 (was 59.9107)
t=188570ms iter=493 incumb=59.9107 ratchet=60.1175 best=59.9082 since_improve=71
t=188581ms iter=494 WAIST cost=56.0000 best_alt=51.0000 gap=5.0000 tried=5 sep_labels=51 clique_frac=0.01
t=188729ms iter=494 REBUILD reject new_tc=69.5418 (was 59.9107)
t=188882ms iter=494 incumb=59.9107 ratchet=60.1564 best=59.9082 since_improve=72
t=188890ms iter=495 WAIST cost=56.0000 best_alt=52.0000 gap=4.0000 tried=5 sep_labels=52 clique_frac=0.01
t=189053ms iter=495 REBUILD reject new_tc=61.3614 (was 59.9107)
t=189205ms iter=495 incumb=59.9107 ratchet=60.0135 best=59.9082 since_improve=73
t=189214ms iter=496 WAIST cost=56.0000 best_alt=51.0000 gap=5.0000 tried=5 sep_labels=51 clique_frac=0.01
t=189363ms iter=496 REBUILD reject new_tc=61.2823 (was 59.9107)
t=189522ms iter=496 incumb=59.9107 ratchet=60.0174 best=59.9082 since_improve=74
t=189529ms iter=497 WAIST cost=56.0000 best_alt=49.0000 gap=7.0000 tried=5 sep_labels=49 clique_frac=0.01
t=189678ms iter=497 REBUILD reject new_tc=61.3925 (was 59.9107)
t=189828ms iter=497 incumb=59.9107 ratchet=59.9989 best=59.9082 since_improve=75
t=189837ms iter=498 WAIST cost=56.0000 best_alt=52.0000 gap=4.0000 tried=5 sep_labels=52 clique_frac=0.01
t=190000ms iter=498 REBUILD reject new_tc=60.7912 (was 59.9107)
t=190152ms iter=498 incumb=59.9107 ratchet=60.1054 best=59.9082 since_improve=76
t=190161ms iter=499 WAIST cost=56.0000 best_alt=49.0000 gap=7.0000 tried=5 sep_labels=49 clique_frac=0.01
t=190312ms iter=499 REBUILD reject new_tc=61.4520 (was 59.9107)
t=190467ms iter=499 incumb=59.9107 ratchet=60.0365 best=59.9082 since_improve=77
t=190475ms iter=500 WAIST cost=56.0000 best_alt=52.0000 gap=4.0000 tried=5 sep_labels=52 clique_frac=0.01
t=190637ms iter=500 REBUILD reject new_tc=60.6504 (was 59.9107)
t=190787ms iter=500 incumb=59.9107 ratchet=59.9497 best=59.9082 since_improve=78
t=190797ms iter=501 WAIST cost=56.0000 best_alt=52.0000 gap=4.0000 tried=5 sep_labels=52 clique_frac=0.01
t=190962ms iter=501 REBUILD reject new_tc=61.7039 (was 59.9107)
t=191120ms iter=501 incumb=59.9107 ratchet=60.1540 best=59.9082 since_improve=79
t=191130ms iter=502 WAIST cost=56.0000 best_alt=51.0000 gap=5.0000 tried=5 sep_labels=51 clique_frac=0.01
t=191266ms iter=502 REBUILD reject new_tc=78.0000 (was 59.9107)
t=191421ms iter=502 incumb=59.9107 ratchet=59.9590 best=59.9082 since_improve=80
t=191430ms iter=503 WAIST cost=56.0000 best_alt=52.0000 gap=4.0000 tried=5 sep_labels=52 clique_frac=0.01
t=191595ms iter=503 REBUILD reject new_tc=61.3646 (was 59.9107)
t=191745ms iter=503 incumb=59.9107 ratchet=60.3059 best=59.9082 since_improve=81
t=191752ms iter=504 WAIST cost=56.0000 best_alt=52.0000 gap=4.0000 tried=5 sep_labels=52 clique_frac=0.01
t=191921ms iter=504 REBUILD reject new_tc=61.5984 (was 59.9107)
t=192072ms iter=504 incumb=59.9107 ratchet=59.9899 best=59.9082 since_improve=82
t=192079ms iter=505 WAIST cost=56.0000 best_alt=52.0000 gap=4.0000 tried=5 sep_labels=52 clique_frac=0.01
t=192245ms iter=505 REBUILD reject new_tc=61.2542 (was 59.9107)
t=192399ms iter=505 incumb=59.9107 ratchet=60.0494 best=59.9082 since_improve=83
t=192407ms iter=506 WAIST cost=56.0000 best_alt=50.0000 gap=6.0000 tried=5 sep_labels=50 clique_frac=0.01
t=192550ms iter=506 REBUILD reject new_tc=60.7254 (was 59.9107)
t=192702ms iter=506 incumb=59.9107 ratchet=60.0083 best=59.9082 since_improve=84
t=192710ms iter=507 WAIST cost=56.0000 best_alt=49.0000 gap=7.0000 tried=5 sep_labels=49 clique_frac=0.01
t=192862ms iter=507 REBUILD reject new_tc=61.4583 (was 59.9107)
t=193015ms iter=507 incumb=59.9107 ratchet=60.0435 best=59.9082 since_improve=85
t=193023ms iter=508 WAIST cost=56.0000 best_alt=51.0000 gap=5.0000 tried=5 sep_labels=51 clique_frac=0.02
t=193172ms iter=508 REBUILD reject new_tc=61.3116 (was 59.9107)
t=193327ms iter=508 incumb=59.9107 ratchet=60.0376 best=59.9082 since_improve=86
t=193337ms iter=509 WAIST cost=56.0000 best_alt=52.0000 gap=4.0000 tried=5 sep_labels=52 clique_frac=0.01
t=193509ms iter=509 REBUILD reject new_tc=60.4195 (was 59.9107)
t=193664ms iter=509 incumb=59.9107 ratchet=59.9876 best=59.9082 since_improve=87
t=193673ms iter=510 WAIST cost=56.0000 best_alt=51.0000 gap=5.0000 tried=5 sep_labels=51 clique_frac=0.01
t=193823ms iter=510 REBUILD reject new_tc=68.2970 (was 59.9107)
t=193981ms iter=510 incumb=59.9107 ratchet=60.1184 best=59.9082 since_improve=88
t=193988ms iter=511 WAIST cost=56.0000 best_alt=52.0000 gap=4.0000 tried=5 sep_labels=52 clique_frac=0.01
t=194155ms iter=511 REBUILD reject new_tc=67.2557 (was 59.9107)
t=194306ms iter=511 incumb=59.9107 ratchet=60.0268 best=59.9082 since_improve=89
t=194315ms iter=512 WAIST cost=56.0000 best_alt=51.0000 gap=5.0000 tried=5 sep_labels=51 clique_frac=0.01
t=194461ms iter=512 REBUILD reject new_tc=61.6162 (was 59.9107)
t=194614ms iter=512 incumb=59.9107 ratchet=59.9723 best=59.9082 since_improve=90
t=194623ms iter=513 WAIST cost=56.0000 best_alt=51.0000 gap=5.0000 tried=5 sep_labels=51 clique_frac=0.01
t=194764ms iter=513 REBUILD reject new_tc=70.0032 (was 59.9107)
t=194918ms iter=513 incumb=59.9107 ratchet=60.0491 best=59.9082 since_improve=91
t=194926ms iter=514 WAIST cost=56.0000 best_alt=52.0000 gap=4.0000 tried=5 sep_labels=52 clique_frac=0.01
t=195080ms iter=514 REBUILD reject new_tc=75.0014 (was 59.9107)
t=195235ms iter=514 incumb=59.9107 ratchet=60.0098 best=59.9082 since_improve=92
t=195243ms iter=515 WAIST cost=56.0000 best_alt=52.0000 gap=4.0000 tried=5 sep_labels=52 clique_frac=0.01
t=195404ms iter=515 REBUILD reject new_tc=60.1441 (was 59.9107)
t=195559ms iter=515 incumb=59.9107 ratchet=59.9969 best=59.9082 since_improve=93
t=195568ms iter=516 WAIST cost=56.0000 best_alt=52.0000 gap=4.0000 tried=5 sep_labels=52 clique_frac=0.01
t=195731ms iter=516 REBUILD reject new_tc=61.7108 (was 59.9107)
t=195879ms iter=516 incumb=59.9107 ratchet=60.0732 best=59.9082 since_improve=94
t=195887ms iter=517 WAIST cost=56.0000 best_alt=51.0000 gap=5.0000 tried=5 sep_labels=51 clique_frac=0.01
t=196023ms iter=517 REBUILD reject new_tc=71.0013 (was 59.9107)
t=196178ms iter=517 incumb=59.9107 ratchet=60.0784 best=59.9082 since_improve=95
t=196187ms iter=518 WAIST cost=56.0000 best_alt=51.0000 gap=5.0000 tried=5 sep_labels=51 clique_frac=0.01
t=196356ms iter=518 REBUILD reject new_tc=60.7490 (was 59.9107)
t=196507ms iter=518 incumb=59.9107 ratchet=60.0857 best=59.9082 since_improve=96
t=196515ms iter=519 WAIST cost=56.0000 best_alt=51.0000 gap=5.0000 tried=5 sep_labels=51 clique_frac=0.01
t=196687ms iter=519 REBUILD reject new_tc=61.8810 (was 59.9107)
t=196836ms iter=519 incumb=59.9107 ratchet=60.0618 best=59.9082 since_improve=97
t=196844ms iter=520 WAIST cost=56.0000 best_alt=52.0000 gap=4.0000 tried=5 sep_labels=52 clique_frac=0.01
t=197007ms iter=520 REBUILD reject new_tc=61.1343 (was 59.9107)
t=197159ms iter=520 incumb=59.9107 ratchet=60.0199 best=59.9082 since_improve=98
t=197166ms iter=521 WAIST cost=56.0000 best_alt=52.0000 gap=4.0000 tried=5 sep_labels=52 clique_frac=0.01
t=197334ms iter=521 REBUILD reject new_tc=67.0445 (was 59.9107)
t=197487ms iter=521 incumb=59.9107 ratchet=60.0676 best=59.9082 since_improve=99
t=197495ms iter=522 WAIST cost=56.0000 best_alt=51.0000 gap=5.0000 tried=5 sep_labels=51 clique_frac=0.01
t=197645ms iter=522 REBUILD reject new_tc=62.0258 (was 59.9107)
t=197794ms iter=522 incumb=59.9107 ratchet=60.0218 best=59.9082 since_improve=100
t=197804ms iter=523 WAIST cost=56.0000 best_alt=51.0000 gap=5.0000 tried=5 sep_labels=51 clique_frac=0.01
t=197955ms iter=523 REBUILD reject new_tc=61.7304 (was 59.9107)
t=198112ms iter=523 incumb=59.9107 ratchet=60.0595 best=59.9082 since_improve=101
t=198121ms iter=524 WAIST cost=56.0000 best_alt=52.0000 gap=4.0000 tried=5 sep_labels=52 clique_frac=0.01
t=198287ms iter=524 REBUILD reject new_tc=60.7349 (was 59.9107)
t=198441ms iter=524 incumb=59.9107 ratchet=60.0950 best=59.9082 since_improve=102
t=198448ms iter=525 WAIST cost=56.0000 best_alt=52.0000 gap=4.0000 tried=5 sep_labels=52 clique_frac=0.01
t=198619ms iter=525 REBUILD reject new_tc=60.9354 (was 59.9107)
t=198771ms iter=525 incumb=59.9107 ratchet=60.1051 best=59.9082 since_improve=103
t=198780ms iter=526 WAIST cost=56.0000 best_alt=52.0000 gap=4.0000 tried=5 sep_labels=52 clique_frac=0.01
t=198947ms iter=526 REBUILD reject new_tc=60.3230 (was 59.9107)
t=199093ms iter=526 incumb=59.9107 ratchet=60.0778 best=59.9082 since_improve=104
t=199100ms iter=527 WAIST cost=56.0000 best_alt=52.0000 gap=4.0000 tried=5 sep_labels=52 clique_frac=0.01
t=199269ms iter=527 REBUILD reject new_tc=61.0383 (was 59.9107)
t=199425ms iter=527 incumb=59.9107 ratchet=60.1986 best=59.9082 since_improve=105
t=199434ms iter=528 WAIST cost=56.0000 best_alt=50.0000 gap=6.0000 tried=5 sep_labels=50 clique_frac=0.01
t=199581ms iter=528 REBUILD reject new_tc=61.5172 (was 59.9107)
t=199742ms iter=528 incumb=59.9107 ratchet=60.0762 best=59.9082 since_improve=106
t=199750ms iter=529 WAIST cost=56.0000 best_alt=52.0000 gap=4.0000 tried=5 sep_labels=52 clique_frac=0.01
t=199925ms iter=529 REBUILD reject new_tc=60.7296 (was 59.9107)
t=200075ms iter=529 incumb=59.9107 ratchet=60.0156 best=59.9082 since_improve=107
t=200084ms iter=530 WAIST cost=56.0000 best_alt=51.0000 gap=5.0000 tried=5 sep_labels=51 clique_frac=0.01
t=200229ms iter=530 REBUILD reject new_tc=62.2351 (was 59.9107)
t=200383ms iter=530 incumb=59.9107 ratchet=60.0032 best=59.9082 since_improve=108
t=200391ms iter=531 WAIST cost=56.0000 best_alt=52.0000 gap=4.0000 tried=5 sep_labels=52 clique_frac=0.01
t=200562ms iter=531 REBUILD reject new_tc=61.4329 (was 59.9107)
t=200711ms iter=531 incumb=59.9107 ratchet=60.1554 best=59.9082 since_improve=109
t=200718ms iter=532 WAIST cost=56.0000 best_alt=52.0000 gap=4.0000 tried=5 sep_labels=52 clique_frac=0.01
t=200881ms iter=532 REBUILD reject new_tc=60.2454 (was 59.9107)
t=201037ms iter=532 incumb=59.9107 ratchet=60.2228 best=59.9082 since_improve=110
t=201046ms iter=533 WAIST cost=56.0000 best_alt=51.0000 gap=5.0000 tried=5 sep_labels=51 clique_frac=0.01
t=201212ms iter=533 REBUILD reject new_tc=61.1277 (was 59.9107)
t=201363ms iter=533 incumb=59.9107 ratchet=60.0639 best=59.9082 since_improve=111
t=201370ms iter=534 WAIST cost=56.0000 best_alt=52.0000 gap=4.0000 tried=5 sep_labels=52 clique_frac=0.01
t=201520ms iter=534 REBUILD reject new_tc=78.0000 (was 59.9107)
t=201675ms iter=534 incumb=59.9107 ratchet=60.2818 best=59.9082 since_improve=112
t=201683ms iter=535 WAIST cost=56.0000 best_alt=52.0000 gap=4.0000 tried=5 sep_labels=52 clique_frac=0.01
t=201856ms iter=535 REBUILD reject new_tc=60.7385 (was 59.9107)
t=202013ms iter=535 incumb=59.9107 ratchet=60.0949 best=59.9082 since_improve=113
t=202021ms iter=536 WAIST cost=56.0000 best_alt=50.0000 gap=6.0000 tried=5 sep_labels=50 clique_frac=0.01
t=202166ms iter=536 REBUILD reject new_tc=61.0907 (was 59.9107)
t=202320ms iter=536 incumb=59.9107 ratchet=59.9894 best=59.9082 since_improve=114
t=202329ms iter=537 WAIST cost=56.0000 best_alt=52.0000 gap=4.0000 tried=5 sep_labels=52 clique_frac=0.01
t=202481ms iter=537 REBUILD reject new_tc=82.0000 (was 59.9107)
t=202633ms iter=537 incumb=59.9107 ratchet=60.0268 best=59.9082 since_improve=115
t=202643ms iter=538 WAIST cost=56.0000 best_alt=50.0000 gap=6.0000 tried=5 sep_labels=50 clique_frac=0.01
t=202792ms iter=538 REBUILD reject new_tc=61.2604 (was 59.9107)
t=202947ms iter=538 incumb=59.9107 ratchet=59.9827 best=59.9082 since_improve=116
t=202957ms iter=539 WAIST cost=56.0000 best_alt=52.0000 gap=4.0000 tried=5 sep_labels=52 clique_frac=0.01
t=203123ms iter=539 REBUILD reject new_tc=60.8925 (was 59.9107)
t=203277ms iter=539 incumb=59.9107 ratchet=60.1494 best=59.9082 since_improve=117
t=203286ms iter=540 WAIST cost=56.0000 best_alt=51.0000 gap=5.0000 tried=5 sep_labels=51 clique_frac=0.01
t=203438ms iter=540 REBUILD reject new_tc=61.3942 (was 59.9107)
t=203594ms iter=540 incumb=59.9107 ratchet=59.9729 best=59.9082 since_improve=118
t=203600ms iter=541 WAIST cost=56.0000 best_alt=52.0000 gap=4.0000 tried=5 sep_labels=52 clique_frac=0.01
t=203767ms iter=541 REBUILD reject new_tc=60.6633 (was 59.9107)
t=203917ms iter=541 incumb=59.9107 ratchet=60.0404 best=59.9082 since_improve=119
t=203926ms iter=542 WAIST cost=56.0000 best_alt=51.0000 gap=5.0000 tried=5 sep_labels=51 clique_frac=0.01
t=204079ms iter=542 REBUILD reject new_tc=61.6471 (was 59.9107)
t=204235ms iter=542 incumb=59.9107 ratchet=60.0307 best=59.9082 since_improve=120
t=204241ms iter=543 WAIST cost=56.0000 best_alt=52.0000 gap=4.0000 tried=5 sep_labels=52 clique_frac=0.01
t=204398ms iter=543 REBUILD reject new_tc=77.0004 (was 59.9107)
t=204553ms iter=543 incumb=59.9107 ratchet=59.9563 best=59.9082 since_improve=121
t=204561ms iter=544 WAIST cost=56.0000 best_alt=52.0000 gap=4.0000 tried=5 sep_labels=52 clique_frac=0.01
t=204728ms iter=544 REBUILD reject new_tc=61.4109 (was 59.9107)
t=204881ms iter=544 incumb=59.9107 ratchet=59.9704 best=59.9082 since_improve=122
t=204888ms iter=545 WAIST cost=56.0000 best_alt=52.0000 gap=4.0000 tried=5 sep_labels=52 clique_frac=0.01
t=205057ms iter=545 REBUILD reject new_tc=60.6414 (was 59.9107)
t=205210ms iter=545 incumb=59.9107 ratchet=59.9792 best=59.9082 since_improve=123
t=205217ms iter=546 WAIST cost=56.0000 best_alt=52.0000 gap=4.0000 tried=5 sep_labels=52 clique_frac=0.01
t=205385ms iter=546 REBUILD reject new_tc=61.3914 (was 59.9107)
t=205548ms iter=546 incumb=59.9107 ratchet=59.9756 best=59.9082 since_improve=124
t=205555ms iter=547 WAIST cost=56.0000 best_alt=52.0000 gap=4.0000 tried=5 sep_labels=52 clique_frac=0.01
t=205726ms iter=547 REBUILD reject new_tc=61.2748 (was 59.9107)
t=205871ms iter=547 incumb=59.9107 ratchet=60.0488 best=59.9082 since_improve=125
t=205881ms iter=548 WAIST cost=56.0000 best_alt=50.0000 gap=6.0000 tried=5 sep_labels=50 clique_frac=0.01
t=206026ms iter=548 REBUILD reject new_tc=62.5692 (was 59.9107)
t=206177ms iter=548 incumb=59.9107 ratchet=59.9846 best=59.9082 since_improve=126
t=206184ms iter=549 WAIST cost=56.0000 best_alt=52.0000 gap=4.0000 tried=5 sep_labels=52 clique_frac=0.01
t=206354ms iter=549 REBUILD reject new_tc=61.4612 (was 59.9107)
t=206514ms iter=549 incumb=59.9107 ratchet=59.9849 best=59.9082 since_improve=127
t=206521ms iter=550 WAIST cost=56.0000 best_alt=52.0000 gap=4.0000 tried=5 sep_labels=52 clique_frac=0.01
t=206676ms iter=550 REBUILD reject new_tc=67.9637 (was 59.9107)
t=206832ms iter=550 incumb=59.9107 ratchet=59.9679 best=59.9082 since_improve=128
t=206841ms iter=551 WAIST cost=56.0000 best_alt=50.0000 gap=6.0000 tried=5 sep_labels=50 clique_frac=0.01
t=206995ms iter=551 REBUILD reject new_tc=61.7384 (was 59.9107)
t=207143ms iter=551 incumb=59.9107 ratchet=60.0329 best=59.9082 since_improve=129
t=207151ms iter=552 WAIST cost=56.0000 best_alt=52.0000 gap=4.0000 tried=5 sep_labels=52 clique_frac=0.01
t=207313ms iter=552 REBUILD reject new_tc=67.5734 (was 59.9107)
t=207461ms iter=552 incumb=59.9107 ratchet=60.0359 best=59.9082 since_improve=130
t=207469ms iter=553 WAIST cost=56.0000 best_alt=52.0000 gap=4.0000 tried=5 sep_labels=52 clique_frac=0.01
t=207639ms iter=553 REBUILD reject new_tc=60.7211 (was 59.9107)
t=207793ms iter=553 incumb=59.9107 ratchet=59.9810 best=59.9082 since_improve=131
t=207801ms iter=554 WAIST cost=56.0000 best_alt=52.0000 gap=4.0000 tried=5 sep_labels=52 clique_frac=0.01
t=207969ms iter=554 REBUILD reject new_tc=60.3046 (was 59.9107)
t=208126ms iter=554 incumb=59.9107 ratchet=60.0444 best=59.9082 since_improve=132
t=208135ms iter=555 WAIST cost=56.0000 best_alt=51.0000 gap=5.0000 tried=5 sep_labels=51 clique_frac=0.01
t=208302ms iter=555 REBUILD reject new_tc=61.3248 (was 59.9107)
t=208456ms iter=555 incumb=59.9107 ratchet=59.9633 best=59.9082 since_improve=133
t=208465ms iter=556 WAIST cost=56.0000 best_alt=49.0000 gap=7.0000 tried=5 sep_labels=49 clique_frac=0.01
t=208611ms iter=556 REBUILD reject new_tc=61.0107 (was 59.9107)
t=208765ms iter=556 incumb=59.9107 ratchet=60.1437 best=59.9082 since_improve=134
t=208774ms iter=557 WAIST cost=56.0000 best_alt=52.0000 gap=4.0000 tried=5 sep_labels=52 clique_frac=0.01
t=208944ms iter=557 REBUILD reject new_tc=61.1693 (was 59.9107)
t=209098ms iter=557 incumb=59.9107 ratchet=60.0490 best=59.9082 since_improve=135
t=209106ms iter=558 WAIST cost=56.0000 best_alt=50.0000 gap=6.0000 tried=5 sep_labels=50 clique_frac=0.01
t=209245ms iter=558 REBUILD reject new_tc=73.0207 (was 59.9107)
t=209394ms iter=558 incumb=59.9107 ratchet=59.9319 best=59.9082 since_improve=136
t=209402ms iter=559 WAIST cost=56.0000 best_alt=52.0000 gap=4.0000 tried=5 sep_labels=52 clique_frac=0.01
t=209570ms iter=559 REBUILD reject new_tc=60.5876 (was 59.9107)
t=209726ms iter=559 incumb=59.9107 ratchet=59.9706 best=59.9082 since_improve=137
t=209734ms iter=560 WAIST cost=56.0000 best_alt=52.0000 gap=4.0000 tried=5 sep_labels=52 clique_frac=0.01
t=209907ms iter=560 REBUILD reject new_tc=60.7546 (was 59.9107)
t=210057ms iter=560 incumb=59.9107 ratchet=60.0341 best=59.9082 since_improve=138
t=210066ms iter=561 WAIST cost=56.0000 best_alt=51.0000 gap=5.0000 tried=5 sep_labels=51 clique_frac=0.01
t=210223ms iter=561 REBUILD reject new_tc=61.8850 (was 59.9107)
t=210378ms iter=561 incumb=59.9107 ratchet=60.1659 best=59.9082 since_improve=139
t=210386ms iter=562 WAIST cost=56.0000 best_alt=51.0000 gap=5.0000 tried=5 sep_labels=51 clique_frac=0.01
t=210557ms iter=562 REBUILD reject new_tc=60.7702 (was 59.9107)
t=210717ms iter=562 incumb=59.9107 ratchet=60.0043 best=59.9082 since_improve=140
t=210725ms iter=563 WAIST cost=56.0000 best_alt=52.0000 gap=4.0000 tried=5 sep_labels=52 clique_frac=0.01
t=210888ms iter=563 REBUILD reject new_tc=64.7636 (was 59.9107)
t=211035ms iter=563 incumb=59.9107 ratchet=60.0198 best=59.9082 since_improve=141
t=211042ms iter=564 WAIST cost=56.0000 best_alt=52.0000 gap=4.0000 tried=5 sep_labels=52 clique_frac=0.01
t=211217ms iter=564 REBUILD reject new_tc=60.6829 (was 59.9107)
t=211373ms iter=564 incumb=59.9107 ratchet=60.0464 best=59.9082 since_improve=142
t=211379ms iter=565 WAIST cost=56.0000 best_alt=49.0000 gap=7.0000 tried=5 sep_labels=49 clique_frac=0.01
t=211502ms iter=565 REBUILD reject new_tc=80.0003 (was 59.9107)
t=211645ms iter=565 incumb=59.9107 ratchet=60.0547 best=59.9082 since_improve=143
t=211654ms iter=566 WAIST cost=56.0000 best_alt=50.0000 gap=6.0000 tried=5 sep_labels=50 clique_frac=0.01
t=211781ms iter=566 REBUILD reject new_tc=79.0000 (was 59.9107)
t=211922ms iter=566 incumb=59.9107 ratchet=60.3982 best=59.9082 since_improve=144
t=211932ms iter=567 WAIST cost=56.0000 best_alt=52.0000 gap=4.0000 tried=5 sep_labels=52 clique_frac=0.01
t=212088ms iter=567 REBUILD reject new_tc=67.8681 (was 59.9107)
t=212243ms iter=567 incumb=59.9107 ratchet=60.0970 best=59.9082 since_improve=145
t=212253ms iter=568 WAIST cost=56.0000 best_alt=49.0000 gap=7.0000 tried=5 sep_labels=49 clique_frac=0.01
t=212396ms iter=568 REBUILD reject new_tc=61.5054 (was 59.9107)
t=212544ms iter=568 incumb=59.9107 ratchet=60.0483 best=59.9082 since_improve=146
t=212552ms iter=569 WAIST cost=56.0000 best_alt=52.0000 gap=4.0000 tried=5 sep_labels=52 clique_frac=0.01
t=212728ms iter=569 REBUILD reject new_tc=61.0649 (was 59.9107)
t=212879ms iter=569 incumb=59.9107 ratchet=61.2592 best=59.9082 since_improve=147
t=212886ms iter=570 WAIST cost=56.0000 best_alt=51.0000 gap=5.0000 tried=5 sep_labels=51 clique_frac=0.01
t=213022ms iter=570 REBUILD reject new_tc=62.3393 (was 59.9107)
t=213171ms iter=570 incumb=59.9107 ratchet=60.0686 best=59.9082 since_improve=148
t=213178ms iter=571 WAIST cost=56.0000 best_alt=52.0000 gap=4.0000 tried=5 sep_labels=52 clique_frac=0.01
t=213340ms iter=571 REBUILD reject new_tc=61.8054 (was 59.9107)
t=213470ms iter=571 incumb=59.9107 ratchet=60.0367 best=59.9082 since_improve=149
t=213474ms iter=572 WAIST cost=56.0000 best_alt=52.0000 gap=4.0000 tried=5 sep_labels=52 clique_frac=0.01
t=213588ms iter=572 REBUILD reject new_tc=62.0570 (was 59.9107)
t=213704ms iter=572 incumb=59.9107 ratchet=60.0268 best=59.9082 since_improve=150
t=213711ms iter=573 WAIST cost=56.0000 best_alt=52.0000 gap=4.0000 tried=5 sep_labels=52 clique_frac=0.01
t=213870ms iter=573 REBUILD reject new_tc=61.1150 (was 59.9107)
t=214026ms iter=573 incumb=59.9107 ratchet=60.0864 best=59.9082 since_improve=151
t=214035ms iter=574 WAIST cost=56.0000 best_alt=52.0000 gap=4.0000 tried=5 sep_labels=52 clique_frac=0.01
t=214195ms iter=574 REBUILD reject new_tc=60.8440 (was 59.9107)
t=214309ms iter=574 incumb=59.9107 ratchet=60.1374 best=59.9082 since_improve=152
t=214314ms iter=575 WAIST cost=56.0000 best_alt=52.0000 gap=4.0000 tried=5 sep_labels=52 clique_frac=0.01
t=214424ms iter=575 REBUILD reject new_tc=61.0328 (was 59.9107)
t=214532ms iter=575 incumb=59.9107 ratchet=60.0720 best=59.9082 since_improve=153
t=214537ms iter=576 WAIST cost=56.0000 best_alt=51.0000 gap=5.0000 tried=5 sep_labels=51 clique_frac=0.01
t=214640ms iter=576 REBUILD reject new_tc=60.9080 (was 59.9107)
t=214777ms iter=576 incumb=59.9107 ratchet=60.1124 best=59.9082 since_improve=154
t=214784ms iter=577 WAIST cost=56.0000 best_alt=52.0000 gap=4.0000 tried=5 sep_labels=52 clique_frac=0.01
t=214945ms iter=577 REBUILD reject new_tc=65.2969 (was 59.9107)
t=215096ms iter=577 incumb=59.9107 ratchet=60.1705 best=59.9082 since_improve=155
t=215105ms iter=578 WAIST cost=56.0000 best_alt=52.0000 gap=4.0000 tried=5 sep_labels=52 clique_frac=0.01
t=215263ms iter=578 REBUILD reject new_tc=61.1831 (was 59.9107)
t=215412ms iter=578 incumb=59.9107 ratchet=60.0275 best=59.9082 since_improve=156
t=215419ms iter=579 WAIST cost=56.0000 best_alt=51.0000 gap=5.0000 tried=5 sep_labels=51 clique_frac=0.01
t=215559ms iter=579 REBUILD reject new_tc=61.7587 (was 59.9107)
t=215670ms iter=579 incumb=59.9107 ratchet=60.0380 best=59.9082 since_improve=157
t=215679ms iter=580 WAIST cost=56.0000 best_alt=50.0000 gap=6.0000 tried=5 sep_labels=50 clique_frac=0.01
t=215822ms iter=580 REBUILD reject new_tc=61.1878 (was 59.9107)
t=215966ms iter=580 incumb=59.9107 ratchet=60.0948 best=59.9082 since_improve=158
t=215975ms iter=581 WAIST cost=56.0000 best_alt=50.0000 gap=6.0000 tried=5 sep_labels=50 clique_frac=0.01
t=216121ms iter=581 REBUILD reject new_tc=61.2918 (was 59.9107)
t=216264ms iter=581 incumb=59.9107 ratchet=59.9818 best=59.9082 since_improve=159
t=216270ms iter=582 WAIST cost=56.0000 best_alt=52.0000 gap=4.0000 tried=5 sep_labels=52 clique_frac=0.01
t=216426ms iter=582 REBUILD reject new_tc=60.8312 (was 59.9107)
t=216530ms iter=582 incumb=59.9107 ratchet=60.0920 best=59.9082 since_improve=160
t=216535ms iter=583 WAIST cost=56.0000 best_alt=51.0000 gap=5.0000 tried=5 sep_labels=51 clique_frac=0.01
t=216637ms iter=583 REBUILD reject new_tc=61.2843 (was 59.9107)
t=216774ms iter=583 incumb=59.9107 ratchet=60.1102 best=59.9082 since_improve=161
t=216781ms iter=584 WAIST cost=56.0000 best_alt=51.0000 gap=5.0000 tried=5 sep_labels=51 clique_frac=0.01
t=216921ms iter=584 REBUILD reject new_tc=61.5182 (was 59.9107)
t=217070ms iter=584 incumb=59.9107 ratchet=60.0315 best=59.9082 since_improve=162
t=217078ms iter=585 WAIST cost=56.0000 best_alt=52.0000 gap=4.0000 tried=5 sep_labels=52 clique_frac=0.01
t=217236ms iter=585 REBUILD reject new_tc=63.4060 (was 59.9107)
t=217391ms iter=585 incumb=59.9107 ratchet=60.2270 best=59.9082 since_improve=163
t=217399ms iter=586 WAIST cost=56.0000 best_alt=52.0000 gap=4.0000 tried=5 sep_labels=52 clique_frac=0.01
t=217516ms iter=586 REBUILD reject new_tc=61.2515 (was 59.9107)
t=217621ms iter=586 incumb=59.9107 ratchet=60.0241 best=59.9082 since_improve=164
t=217626ms iter=587 WAIST cost=56.0000 best_alt=51.0000 gap=5.0000 tried=5 sep_labels=51 clique_frac=0.01
t=217765ms iter=587 REBUILD reject new_tc=61.5788 (was 59.9107)
t=217908ms iter=587 incumb=59.9107 ratchet=60.1360 best=59.9082 since_improve=165
t=217917ms iter=588 WAIST cost=56.0000 best_alt=52.0000 gap=4.0000 tried=5 sep_labels=52 clique_frac=0.01
t=218083ms iter=588 REBUILD reject new_tc=61.5818 (was 59.9107)
t=218231ms iter=588 incumb=59.9107 ratchet=59.9721 best=59.9082 since_improve=166
t=218239ms iter=589 WAIST cost=56.0000 best_alt=51.0000 gap=5.0000 tried=5 sep_labels=51 clique_frac=0.01
t=218386ms iter=589 REBUILD reject new_tc=61.5672 (was 59.9107)
t=218527ms iter=589 incumb=59.9107 ratchet=60.2380 best=59.9082 since_improve=167
t=218537ms iter=590 WAIST cost=56.0000 best_alt=52.0000 gap=4.0000 tried=5 sep_labels=52 clique_frac=0.01
t=218653ms iter=590 REBUILD reject new_tc=60.9419 (was 59.9107)
t=218786ms iter=590 incumb=59.9107 ratchet=59.9788 best=59.9082 since_improve=168
t=218794ms iter=591 WAIST cost=56.0000 best_alt=51.0000 gap=5.0000 tried=5 sep_labels=51 clique_frac=0.01
t=218956ms iter=591 REBUILD reject new_tc=61.2967 (was 59.9107)
t=219101ms iter=591 incumb=59.9107 ratchet=60.0123 best=59.9082 since_improve=169
t=219108ms iter=592 WAIST cost=56.0000 best_alt=52.0000 gap=4.0000 tried=5 sep_labels=52 clique_frac=0.01
t=219270ms iter=592 REBUILD reject new_tc=61.4494 (was 59.9107)
t=219413ms iter=592 incumb=59.9107 ratchet=60.0459 best=59.9082 since_improve=170
t=219418ms iter=593 WAIST cost=56.0000 best_alt=52.0000 gap=4.0000 tried=5 sep_labels=52 clique_frac=0.01
t=219529ms iter=593 REBUILD reject new_tc=61.3696 (was 59.9107)
t=219634ms iter=593 incumb=59.9107 ratchet=60.0461 best=59.9082 since_improve=171
t=219637ms iter=594 WAIST cost=56.0000 best_alt=52.0000 gap=4.0000 tried=5 sep_labels=52 clique_frac=0.01
t=219775ms iter=594 REBUILD reject new_tc=61.1920 (was 59.9107)
t=219926ms iter=594 incumb=59.9107 ratchet=60.0577 best=59.9082 since_improve=172
t=219933ms iter=595 WAIST cost=56.0000 best_alt=52.0000 gap=4.0000 tried=5 sep_labels=52 clique_frac=0.01
t=220090ms iter=595 REBUILD reject new_tc=63.7208 (was 59.9107)
t=220249ms iter=595 incumb=59.9107 ratchet=60.0721 best=59.9082 since_improve=173
t=220257ms iter=596 WAIST cost=56.0000 best_alt=49.0000 gap=7.0000 tried=5 sep_labels=49 clique_frac=0.01
t=220395ms iter=596 REBUILD reject new_tc=61.3886 (was 59.9107)
t=220547ms iter=596 incumb=59.9107 ratchet=59.9851 best=59.9082 since_improve=174
t=220555ms iter=597 WAIST cost=56.0000 best_alt=52.0000 gap=4.0000 tried=5 sep_labels=52 clique_frac=0.01
t=220670ms iter=597 REBUILD reject new_tc=67.2936 (was 59.9107)
t=220822ms iter=597 incumb=59.9107 ratchet=60.0375 best=59.9082 since_improve=175
t=220831ms iter=598 WAIST cost=56.0000 best_alt=51.0000 gap=5.0000 tried=5 sep_labels=51 clique_frac=0.01
t=220991ms iter=598 REBUILD reject new_tc=61.3421 (was 59.9107)
t=221133ms iter=598 incumb=59.9107 ratchet=60.0483 best=59.9082 since_improve=176
t=221141ms iter=599 WAIST cost=56.0000 best_alt=52.0000 gap=4.0000 tried=5 sep_labels=52 clique_frac=0.01
t=221309ms iter=599 REBUILD reject new_tc=61.5232 (was 59.9107)
t=221436ms iter=599 incumb=59.9107 ratchet=60.0275 best=59.9082 since_improve=177
t=221441ms iter=600 WAIST cost=56.0000 best_alt=52.0000 gap=4.0000 tried=5 sep_labels=52 clique_frac=0.01
t=221555ms iter=600 REBUILD reject new_tc=60.4733 (was 59.9107)
t=221660ms iter=600 incumb=59.9107 ratchet=60.0614 best=59.9082 since_improve=178
t=221664ms iter=601 WAIST cost=56.0000 best_alt=52.0000 gap=4.0000 tried=5 sep_labels=52 clique_frac=0.01
t=221822ms iter=601 REBUILD reject new_tc=65.9859 (was 59.9107)
t=221967ms iter=601 incumb=59.9107 ratchet=60.0444 best=59.9082 since_improve=179
t=221978ms iter=602 WAIST cost=56.0000 best_alt=49.0000 gap=7.0000 tried=5 sep_labels=49 clique_frac=0.01
t=222124ms iter=602 REBUILD reject new_tc=61.5493 (was 59.9107)
t=222272ms iter=602 incumb=59.9107 ratchet=59.9119 best=59.9082 since_improve=180
t=222280ms iter=603 WAIST cost=56.0000 best_alt=50.0000 gap=6.0000 tried=5 sep_labels=50 clique_frac=0.01
t=222418ms iter=603 REBUILD reject new_tc=66.1571 (was 59.9107)
t=222523ms iter=603 incumb=59.9107 ratchet=60.1126 best=59.9082 since_improve=181
t=222528ms iter=604 WAIST cost=56.0000 best_alt=52.0000 gap=4.0000 tried=5 sep_labels=52 clique_frac=0.01
t=222639ms iter=604 REBUILD reject new_tc=60.8112 (was 59.9107)
t=222773ms iter=604 incumb=59.9107 ratchet=60.0596 best=59.9082 since_improve=182
t=222780ms iter=605 WAIST cost=56.0000 best_alt=52.0000 gap=4.0000 tried=5 sep_labels=52 clique_frac=0.01
t=222943ms iter=605 REBUILD reject new_tc=60.8381 (was 59.9107)
t=223091ms iter=605 incumb=59.9107 ratchet=60.0514 best=59.9082 since_improve=183
t=223099ms iter=606 WAIST cost=56.0000 best_alt=52.0000 gap=4.0000 tried=5 sep_labels=52 clique_frac=0.01
t=223258ms iter=606 REBUILD reject new_tc=61.4725 (was 59.9107)
t=223415ms iter=606 incumb=59.9107 ratchet=60.0378 best=59.9082 since_improve=184
t=223422ms iter=607 WAIST cost=56.0000 best_alt=51.0000 gap=5.0000 tried=5 sep_labels=51 clique_frac=0.01
t=223564ms iter=607 REBUILD reject new_tc=61.7192 (was 59.9107)
t=223666ms iter=607 incumb=59.9107 ratchet=60.0170 best=59.9082 since_improve=185
t=223670ms iter=608 WAIST cost=56.0000 best_alt=51.0000 gap=5.0000 tried=5 sep_labels=51 clique_frac=0.01
t=223814ms iter=608 REBUILD reject new_tc=61.4308 (was 59.9107)
t=223966ms iter=608 incumb=59.9107 ratchet=60.0380 best=59.9082 since_improve=186
t=223973ms iter=609 WAIST cost=56.0000 best_alt=52.0000 gap=4.0000 tried=5 sep_labels=52 clique_frac=0.01
t=224135ms iter=609 REBUILD reject new_tc=62.4862 (was 59.9107)
t=224285ms iter=609 incumb=59.9107 ratchet=60.0041 best=59.9082 since_improve=187
t=224292ms iter=610 WAIST cost=56.0000 best_alt=52.0000 gap=4.0000 tried=5 sep_labels=52 clique_frac=0.01
t=224439ms iter=610 REBUILD reject new_tc=60.6388 (was 59.9107)
t=224541ms iter=610 incumb=59.9107 ratchet=60.0523 best=59.9082 since_improve=188
t=224547ms iter=611 WAIST cost=56.0000 best_alt=52.0000 gap=4.0000 tried=5 sep_labels=52 clique_frac=0.01
t=224658ms iter=611 REBUILD reject new_tc=61.1211 (was 59.9107)
t=224801ms iter=611 incumb=59.9107 ratchet=59.9785 best=59.9082 since_improve=189
t=224811ms iter=612 WAIST cost=56.0000 best_alt=49.0000 gap=7.0000 tried=5 sep_labels=49 clique_frac=0.01
t=224961ms iter=612 REBUILD reject new_tc=61.4268 (was 59.9107)
t=225107ms iter=612 incumb=59.9107 ratchet=60.0578 best=59.9082 since_improve=190
t=225115ms iter=613 WAIST cost=56.0000 best_alt=52.0000 gap=4.0000 tried=5 sep_labels=52 clique_frac=0.01
t=225282ms iter=613 REBUILD reject new_tc=61.4126 (was 59.9107)
t=225435ms iter=613 incumb=59.9107 ratchet=60.0648 best=59.9082 since_improve=191
t=225444ms iter=614 WAIST cost=56.0000 best_alt=52.0000 gap=4.0000 tried=5 sep_labels=52 clique_frac=0.01
t=225586ms iter=614 REBUILD reject new_tc=60.0118 (was 59.9107)
t=225697ms iter=614 incumb=59.9107 ratchet=60.1223 best=59.9082 since_improve=192
t=225706ms iter=615 WAIST cost=56.0000 best_alt=52.0000 gap=4.0000 tried=5 sep_labels=52 clique_frac=0.01
t=225871ms iter=615 REBUILD reject new_tc=61.3573 (was 59.9107)
t=226021ms iter=615 incumb=59.9107 ratchet=60.0915 best=59.9082 since_improve=193
t=226027ms iter=616 WAIST cost=56.0000 best_alt=50.0000 gap=6.0000 tried=5 sep_labels=50 clique_frac=0.01
t=226185ms iter=616 REBUILD reject new_tc=65.7703 (was 59.9107)
t=226334ms iter=616 incumb=59.9107 ratchet=59.9854 best=59.9082 since_improve=194
t=226343ms iter=617 WAIST cost=56.0000 best_alt=51.0000 gap=5.0000 tried=5 sep_labels=51 clique_frac=0.01
t=226462ms iter=617 REBUILD reject new_tc=61.6890 (was 59.9107)
t=226563ms iter=617 incumb=59.9107 ratchet=60.1252 best=59.9082 since_improve=195
t=226568ms iter=618 WAIST cost=56.0000 best_alt=52.0000 gap=4.0000 tried=5 sep_labels=52 clique_frac=0.01
t=226683ms iter=618 REBUILD reject new_tc=62.2114 (was 59.9107)
t=226835ms iter=618 incumb=59.9107 ratchet=60.0302 best=59.9082 since_improve=196
t=226843ms iter=619 WAIST cost=56.0000 best_alt=52.0000 gap=4.0000 tried=5 sep_labels=52 clique_frac=0.01
t=227011ms iter=619 REBUILD reject new_tc=60.6600 (was 59.9107)
t=227163ms iter=619 incumb=59.9107 ratchet=60.2293 best=59.9082 since_improve=197
t=227173ms iter=620 WAIST cost=56.0000 best_alt=52.0000 gap=4.0000 tried=5 sep_labels=52 clique_frac=0.01
t=227345ms iter=620 REBUILD reject new_tc=60.9234 (was 59.9107)
t=227497ms iter=620 incumb=59.9107 ratchet=60.0561 best=59.9082 since_improve=198
t=227508ms iter=621 WAIST cost=56.0000 best_alt=51.0000 gap=5.0000 tried=5 sep_labels=51 clique_frac=0.01
t=227611ms iter=621 REBUILD reject new_tc=61.4457 (was 59.9107)
t=227736ms iter=621 incumb=59.9107 ratchet=60.2059 best=59.9082 since_improve=199
t=227745ms iter=622 WAIST cost=56.0000 best_alt=50.0000 gap=6.0000 tried=5 sep_labels=50 clique_frac=0.01
t=227889ms iter=622 REBUILD reject new_tc=61.5938 (was 59.9107)
t=228041ms iter=622 incumb=59.9107 ratchet=60.2071 best=59.9082 since_improve=200
t=228049ms iter=623 WAIST cost=56.0000 best_alt=52.0000 gap=4.0000 tried=5 sep_labels=52 clique_frac=0.01
t=228221ms iter=623 REBUILD reject new_tc=63.5003 (was 59.9107)
t=228382ms iter=623 incumb=59.9107 ratchet=60.1312 best=59.9082 since_improve=201
t=228391ms iter=624 WAIST cost=56.0000 best_alt=52.0000 gap=4.0000 tried=5 sep_labels=52 clique_frac=0.01
t=228553ms iter=624 REBUILD reject new_tc=60.9156 (was 59.9107)
t=228702ms iter=624 incumb=59.9107 ratchet=60.0856 best=59.9082 since_improve=202
t=228710ms iter=625 WAIST cost=56.0000 best_alt=52.0000 gap=4.0000 tried=5 sep_labels=52 clique_frac=0.01
t=228877ms iter=625 REBUILD reject new_tc=61.1204 (was 59.9107)
t=229028ms iter=625 incumb=59.9107 ratchet=60.0704 best=59.9082 since_improve=203
t=229038ms iter=626 WAIST cost=56.0000 best_alt=51.0000 gap=5.0000 tried=5 sep_labels=51 clique_frac=0.01
t=229176ms iter=626 REBUILD reject new_tc=61.7363 (was 59.9107)
t=229327ms iter=626 incumb=59.9107 ratchet=60.0914 best=59.9082 since_improve=204
t=229336ms iter=627 WAIST cost=56.0000 best_alt=51.0000 gap=5.0000 tried=5 sep_labels=51 clique_frac=0.01
t=229483ms iter=627 REBUILD reject new_tc=63.3114 (was 59.9107)
t=229617ms iter=627 incumb=59.9107 ratchet=60.1730 best=59.9082 since_improve=205
t=229622ms iter=628 WAIST cost=56.0000 best_alt=51.0000 gap=5.0000 tried=5 sep_labels=51 clique_frac=0.01
t=229746ms iter=628 REBUILD reject new_tc=61.5898 (was 59.9107)
t=229895ms iter=628 incumb=59.9107 ratchet=59.9762 best=59.9082 since_improve=206
t=229905ms iter=629 WAIST cost=56.0000 best_alt=50.0000 gap=6.0000 tried=5 sep_labels=50 clique_frac=0.01
t=230053ms iter=629 REBUILD reject new_tc=61.5146 (was 59.9107)
t=230200ms iter=629 incumb=59.9107 ratchet=60.0670 best=59.9082 since_improve=207
t=230209ms iter=630 WAIST cost=56.0000 best_alt=51.0000 gap=5.0000 tried=5 sep_labels=51 clique_frac=0.01
t=230357ms iter=630 REBUILD reject new_tc=61.4739 (was 59.9107)
t=230505ms iter=630 incumb=59.9107 ratchet=60.0561 best=59.9082 since_improve=208
t=230514ms iter=631 WAIST cost=56.0000 best_alt=51.0000 gap=5.0000 tried=5 sep_labels=51 clique_frac=0.01
t=230631ms iter=631 REBUILD reject new_tc=68.1010 (was 59.9107)
t=230763ms iter=631 incumb=59.9107 ratchet=59.9990 best=59.9082 since_improve=209
t=230769ms iter=632 WAIST cost=56.0000 best_alt=52.0000 gap=4.0000 tried=5 sep_labels=52 clique_frac=0.01
t=230937ms iter=632 REBUILD reject new_tc=61.1515 (was 59.9107)
t=231084ms iter=632 incumb=59.9107 ratchet=59.9908 best=59.9082 since_improve=210
t=231091ms iter=633 WAIST cost=56.0000 best_alt=52.0000 gap=4.0000 tried=5 sep_labels=52 clique_frac=0.01
t=231258ms iter=633 REBUILD reject new_tc=61.6663 (was 59.9107)
t=231392ms iter=633 incumb=59.9107 ratchet=59.9906 best=59.9082 since_improve=211
t=231398ms iter=634 WAIST cost=56.0000 best_alt=52.0000 gap=4.0000 tried=5 sep_labels=52 clique_frac=0.01
t=231509ms iter=634 REBUILD reject new_tc=60.5022 (was 59.9107)
t=231610ms iter=634 incumb=59.9107 ratchet=60.1195 best=59.9082 since_improve=212
t=231615ms iter=635 WAIST cost=56.0000 best_alt=51.0000 gap=5.0000 tried=5 sep_labels=51 clique_frac=0.01
t=231730ms iter=635 REBUILD reject new_tc=61.4322 (was 59.9107)
t=231881ms iter=635 incumb=59.9107 ratchet=60.1078 best=59.9082 since_improve=213
t=231888ms iter=636 WAIST cost=56.0000 best_alt=52.0000 gap=4.0000 tried=5 sep_labels=52 clique_frac=0.01
t=232053ms iter=636 REBUILD reject new_tc=61.1962 (was 59.9107)
t=232203ms iter=636 incumb=59.9107 ratchet=60.1395 best=59.9082 since_improve=214
t=232210ms iter=637 WAIST cost=56.0000 best_alt=52.0000 gap=4.0000 tried=5 sep_labels=52 clique_frac=0.01
t=232371ms iter=637 REBUILD reject new_tc=61.6537 (was 59.9107)
t=232511ms iter=637 incumb=59.9107 ratchet=60.0152 best=59.9082 since_improve=215
t=232516ms iter=638 WAIST cost=56.0000 best_alt=52.0000 gap=4.0000 tried=5 sep_labels=52 clique_frac=0.01
t=232628ms iter=638 REBUILD reject new_tc=61.3661 (was 59.9107)
t=232754ms iter=638 incumb=59.9107 ratchet=59.9622 best=59.9082 since_improve=216
t=232763ms iter=639 WAIST cost=56.0000 best_alt=52.0000 gap=4.0000 tried=5 sep_labels=52 clique_frac=0.01
t=232923ms iter=639 REBUILD reject new_tc=60.3732 (was 59.9107)
t=233067ms iter=639 incumb=59.9107 ratchet=59.9991 best=59.9082 since_improve=217
t=233075ms iter=640 WAIST cost=56.0000 best_alt=50.0000 gap=6.0000 tried=5 sep_labels=50 clique_frac=0.01
t=233219ms iter=640 REBUILD reject new_tc=61.6264 (was 59.9107)
t=233367ms iter=640 incumb=59.9107 ratchet=59.9887 best=59.9082 since_improve=218
t=233371ms iter=641 WAIST cost=56.0000 best_alt=52.0000 gap=4.0000 tried=5 sep_labels=52 clique_frac=0.01
t=233508ms iter=641 REBUILD reject new_tc=61.2636 (was 59.9107)
t=233634ms iter=641 incumb=59.9107 ratchet=60.0787 best=59.9082 since_improve=219
t=233639ms iter=642 WAIST cost=56.0000 best_alt=51.0000 gap=5.0000 tried=5 sep_labels=51 clique_frac=0.01
t=233773ms iter=642 REBUILD reject new_tc=61.4668 (was 59.9107)
t=233915ms iter=642 incumb=59.9107 ratchet=59.9866 best=59.9082 since_improve=220
t=233923ms iter=643 WAIST cost=56.0000 best_alt=52.0000 gap=4.0000 tried=5 sep_labels=52 clique_frac=0.01
t=234082ms iter=643 REBUILD reject new_tc=60.5748 (was 59.9107)
t=234233ms iter=643 incumb=59.9107 ratchet=60.0212 best=59.9082 since_improve=221
t=234240ms iter=644 WAIST cost=56.0000 best_alt=50.0000 gap=6.0000 tried=5 sep_labels=50 clique_frac=0.01
t=234390ms iter=644 REBUILD reject new_tc=61.1940 (was 59.9107)
t=234494ms iter=644 incumb=59.9107 ratchet=59.9587 best=59.9082 since_improve=222
t=234498ms iter=645 WAIST cost=56.0000 best_alt=52.0000 gap=4.0000 tried=5 sep_labels=52 clique_frac=0.01
t=234612ms iter=645 REBUILD reject new_tc=61.3032 (was 59.9107)
t=234737ms iter=645 incumb=59.9107 ratchet=60.0594 best=59.9082 since_improve=223
t=234745ms iter=646 WAIST cost=56.0000 best_alt=51.0000 gap=5.0000 tried=5 sep_labels=51 clique_frac=0.01
t=234894ms iter=646 REBUILD reject new_tc=61.7483 (was 59.9107)
t=235052ms iter=646 incumb=59.9107 ratchet=60.1097 best=59.9082 since_improve=224
t=235059ms iter=647 WAIST cost=56.0000 best_alt=52.0000 gap=4.0000 tried=5 sep_labels=52 clique_frac=0.01
t=235234ms iter=647 REBUILD reject new_tc=61.6900 (was 59.9107)
t=235395ms iter=647 incumb=59.9107 ratchet=60.1817 best=59.9082 since_improve=225
t=235402ms iter=648 WAIST cost=56.0000 best_alt=52.0000 gap=4.0000 tried=5 sep_labels=52 clique_frac=0.01
t=235578ms iter=648 REBUILD reject new_tc=60.7995 (was 59.9107)
t=235742ms iter=648 incumb=59.9107 ratchet=60.1448 best=59.9082 since_improve=226
t=235753ms iter=649 WAIST cost=56.0000 best_alt=52.0000 gap=4.0000 tried=5 sep_labels=52 clique_frac=0.01
t=235919ms iter=649 REBUILD reject new_tc=61.5335 (was 59.9107)
t=236087ms iter=649 incumb=59.9107 ratchet=59.9937 best=59.9082 since_improve=227
t=236095ms iter=650 WAIST cost=56.0000 best_alt=52.0000 gap=4.0000 tried=5 sep_labels=52 clique_frac=0.01
t=236267ms iter=650 REBUILD reject new_tc=67.0066 (was 59.9107)
t=236420ms iter=650 incumb=59.9107 ratchet=60.1362 best=59.9082 since_improve=228
t=236427ms iter=651 WAIST cost=56.0000 best_alt=52.0000 gap=4.0000 tried=5 sep_labels=52 clique_frac=0.01
t=236599ms iter=651 REBUILD reject new_tc=62.1829 (was 59.9107)
t=236754ms iter=651 incumb=59.9107 ratchet=60.0491 best=59.9082 since_improve=229
t=236761ms iter=652 WAIST cost=56.0000 best_alt=52.0000 gap=4.0000 tried=5 sep_labels=52 clique_frac=0.01
t=236935ms iter=652 REBUILD reject new_tc=61.3137 (was 59.9107)
t=237097ms iter=652 incumb=59.9107 ratchet=60.0989 best=59.9082 since_improve=230
t=237105ms iter=653 WAIST cost=56.0000 best_alt=52.0000 gap=4.0000 tried=5 sep_labels=52 clique_frac=0.01
t=237276ms iter=653 REBUILD reject new_tc=61.2664 (was 59.9107)
t=237434ms iter=653 incumb=59.9107 ratchet=60.0705 best=59.9082 since_improve=231
t=237443ms iter=654 WAIST cost=56.0000 best_alt=49.0000 gap=7.0000 tried=5 sep_labels=49 clique_frac=0.01
t=237595ms iter=654 REBUILD reject new_tc=67.1645 (was 59.9107)
t=237759ms iter=654 incumb=59.9107 ratchet=59.9932 best=59.9082 since_improve=232
t=237768ms iter=655 WAIST cost=56.0000 best_alt=52.0000 gap=4.0000 tried=5 sep_labels=52 clique_frac=0.01
t=237934ms iter=655 REBUILD reject new_tc=62.1576 (was 59.9107)
t=238083ms iter=655 incumb=59.9107 ratchet=60.0134 best=59.9082 since_improve=233
t=238091ms iter=656 WAIST cost=56.0000 best_alt=51.0000 gap=5.0000 tried=5 sep_labels=51 clique_frac=0.01
t=238237ms iter=656 REBUILD reject new_tc=61.3498 (was 59.9107)
t=238415ms iter=656 incumb=59.9107 ratchet=60.1014 best=59.9082 since_improve=234
t=238424ms iter=657 WAIST cost=56.0000 best_alt=51.0000 gap=5.0000 tried=5 sep_labels=51 clique_frac=0.01
t=238590ms iter=657 REBUILD reject new_tc=61.2435 (was 59.9107)
t=238744ms iter=657 incumb=59.9107 ratchet=60.0082 best=59.9082 since_improve=235
t=238752ms iter=658 WAIST cost=56.0000 best_alt=52.0000 gap=4.0000 tried=5 sep_labels=52 clique_frac=0.01
t=238927ms iter=658 REBUILD reject new_tc=60.7754 (was 59.9107)
t=239095ms iter=658 incumb=59.9107 ratchet=60.0503 best=59.9082 since_improve=236
t=239105ms iter=659 WAIST cost=56.0000 best_alt=52.0000 gap=4.0000 tried=5 sep_labels=52 clique_frac=0.01
t=239273ms iter=659 REBUILD reject new_tc=60.8383 (was 59.9107)
t=239421ms iter=659 incumb=59.9107 ratchet=59.9711 best=59.9082 since_improve=237
t=239429ms iter=660 WAIST cost=56.0000 best_alt=52.0000 gap=4.0000 tried=5 sep_labels=52 clique_frac=0.01
t=239590ms iter=660 REBUILD reject new_tc=62.8733 (was 59.9107)
t=239706ms iter=660 incumb=59.9107 ratchet=60.2231 best=59.9082 since_improve=238
t=239715ms iter=661 WAIST cost=56.0000 best_alt=50.0000 gap=6.0000 tried=5 sep_labels=50 clique_frac=0.01
t=239858ms iter=661 REBUILD reject new_tc=66.2867 (was 59.9107)
t=240013ms iter=661 incumb=59.9107 ratchet=60.0683 best=59.9082 since_improve=239
t=240021ms iter=662 WAIST cost=56.0000 best_alt=52.0000 gap=4.0000 tried=5 sep_labels=52 clique_frac=0.01
t=240189ms iter=662 REBUILD reject new_tc=60.6875 (was 59.9107)
t=240340ms iter=662 incumb=59.9107 ratchet=60.1123 best=59.9082 since_improve=240
t=240348ms iter=663 WAIST cost=56.0000 best_alt=52.0000 gap=4.0000 tried=5 sep_labels=52 clique_frac=0.01
t=240509ms iter=663 REBUILD reject new_tc=61.7172 (was 59.9107)
t=240619ms iter=663 incumb=59.9107 ratchet=60.0681 best=59.9082 since_improve=241
t=240624ms iter=664 WAIST cost=56.0000 best_alt=52.0000 gap=4.0000 tried=5 sep_labels=52 clique_frac=0.01
t=240757ms iter=664 REBUILD reject new_tc=64.8151 (was 59.9107)
t=240906ms iter=664 incumb=59.9107 ratchet=60.0275 best=59.9082 since_improve=242
t=240913ms iter=665 WAIST cost=56.0000 best_alt=52.0000 gap=4.0000 tried=5 sep_labels=52 clique_frac=0.01
t=241077ms iter=665 REBUILD reject new_tc=61.5406 (was 59.9107)
t=241233ms iter=665 incumb=59.9107 ratchet=60.0239 best=59.9082 since_improve=243
t=241241ms iter=666 WAIST cost=56.0000 best_alt=52.0000 gap=4.0000 tried=5 sep_labels=52 clique_frac=0.01
t=241413ms iter=666 REBUILD reject new_tc=64.0732 (was 59.9107)
t=241570ms iter=666 incumb=59.9107 ratchet=60.3903 best=59.9082 since_improve=244
t=241579ms iter=667 WAIST cost=56.0000 best_alt=50.0000 gap=6.0000 tried=5 sep_labels=50 clique_frac=0.01
t=241719ms iter=667 REBUILD reject new_tc=62.0239 (was 59.9107)
t=241870ms iter=667 incumb=59.9107 ratchet=60.0187 best=59.9082 since_improve=245
t=241879ms iter=668 WAIST cost=56.0000 best_alt=52.0000 gap=4.0000 tried=5 sep_labels=52 clique_frac=0.01
t=242044ms iter=668 REBUILD reject new_tc=61.5906 (was 59.9107)
t=242196ms iter=668 incumb=59.9107 ratchet=59.9840 best=59.9082 since_improve=246
t=242204ms iter=669 WAIST cost=56.0000 best_alt=51.0000 gap=5.0000 tried=5 sep_labels=51 clique_frac=0.01
t=242345ms iter=669 REBUILD reject new_tc=61.5133 (was 59.9107)
t=242487ms iter=669 incumb=59.9107 ratchet=60.1061 best=59.9082 since_improve=247
t=242494ms iter=670 WAIST cost=56.0000 best_alt=52.0000 gap=4.0000 tried=5 sep_labels=52 clique_frac=0.01
t=242653ms iter=670 REBUILD reject new_tc=60.8172 (was 59.9107)
t=242787ms iter=670 incumb=59.9107 ratchet=60.1411 best=59.9082 since_improve=248
t=242796ms iter=671 WAIST cost=56.0000 best_alt=50.0000 gap=6.0000 tried=5 sep_labels=50 clique_frac=0.01
t=242924ms iter=671 REBUILD reject new_tc=74.0003 (was 59.9107)
t=243068ms iter=671 incumb=59.9107 ratchet=60.1938 best=59.9082 since_improve=249
t=243075ms iter=672 WAIST cost=56.0000 best_alt=52.0000 gap=4.0000 tried=5 sep_labels=52 clique_frac=0.01
t=243220ms iter=672 REBUILD reject new_tc=78.0000 (was 59.9107)
t=243359ms iter=672 incumb=59.9107 ratchet=60.1242 best=59.9082 since_improve=250
t=243363ms iter=673 WAIST cost=56.0000 best_alt=52.0000 gap=4.0000 tried=5 sep_labels=52 clique_frac=0.01
t=243476ms iter=673 REBUILD reject new_tc=60.6406 (was 59.9107)
t=243578ms iter=673 incumb=59.9107 ratchet=60.0411 best=59.9082 since_improve=251
t=243583ms iter=674 WAIST cost=56.0000 best_alt=52.0000 gap=4.0000 tried=5 sep_labels=52 clique_frac=0.01
t=243706ms iter=674 REBUILD reject new_tc=61.0233 (was 59.9107)
t=243851ms iter=674 incumb=59.9107 ratchet=60.1382 best=59.9082 since_improve=252
t=243858ms iter=675 WAIST cost=56.0000 best_alt=52.0000 gap=4.0000 tried=5 sep_labels=52 clique_frac=0.01
t=244016ms iter=675 REBUILD reject new_tc=61.7131 (was 59.9107)
t=244161ms iter=675 incumb=59.9107 ratchet=60.0728 best=59.9082 since_improve=253
t=244168ms iter=676 WAIST cost=56.0000 best_alt=52.0000 gap=4.0000 tried=5 sep_labels=52 clique_frac=0.01
t=244331ms iter=676 REBUILD reject new_tc=65.5146 (was 59.9107)
t=244489ms iter=676 incumb=59.9107 ratchet=60.2761 best=59.9082 since_improve=254
t=244498ms iter=677 WAIST cost=56.0000 best_alt=52.0000 gap=4.0000 tried=5 sep_labels=52 clique_frac=0.01
t=244668ms iter=677 REBUILD reject new_tc=61.4619 (was 59.9107)
t=244826ms iter=677 incumb=59.9107 ratchet=59.9587 best=59.9082 since_improve=255
t=244834ms iter=678 WAIST cost=56.0000 best_alt=49.0000 gap=7.0000 tried=5 sep_labels=49 clique_frac=0.01
t=244991ms iter=678 REBUILD reject new_tc=61.3977 (was 59.9107)
t=245147ms iter=678 incumb=59.9107 ratchet=59.9523 best=59.9082 since_improve=256
t=245154ms iter=679 WAIST cost=56.0000 best_alt=52.0000 gap=4.0000 tried=5 sep_labels=52 clique_frac=0.01
t=245322ms iter=679 REBUILD reject new_tc=61.4044 (was 59.9107)
t=245479ms iter=679 incumb=59.9107 ratchet=59.9960 best=59.9082 since_improve=257
t=245488ms iter=680 WAIST cost=56.0000 best_alt=51.0000 gap=5.0000 tried=5 sep_labels=51 clique_frac=0.01
t=245644ms iter=680 REBUILD reject new_tc=61.3605 (was 59.9107)
t=245799ms iter=680 incumb=59.9107 ratchet=60.0006 best=59.9082 since_improve=258
t=245809ms iter=681 WAIST cost=56.0000 best_alt=51.0000 gap=5.0000 tried=5 sep_labels=51 clique_frac=0.01
t=245960ms iter=681 REBUILD reject new_tc=61.1066 (was 59.9107)
t=246114ms iter=681 incumb=59.9107 ratchet=60.2422 best=59.9082 since_improve=259
t=246122ms iter=682 WAIST cost=56.0000 best_alt=51.0000 gap=5.0000 tried=5 sep_labels=51 clique_frac=0.01
t=246265ms iter=682 REBUILD reject new_tc=61.2513 (was 59.9107)
t=246419ms iter=682 incumb=59.9107 ratchet=60.0231 best=59.9082 since_improve=260
t=246427ms iter=683 WAIST cost=56.0000 best_alt=51.0000 gap=5.0000 tried=5 sep_labels=51 clique_frac=0.01
t=246569ms iter=683 REBUILD reject new_tc=61.5841 (was 59.9107)
t=246718ms iter=683 incumb=59.9107 ratchet=60.0479 best=59.9082 since_improve=261
t=246726ms iter=684 WAIST cost=56.0000 best_alt=52.0000 gap=4.0000 tried=5 sep_labels=52 clique_frac=0.01
t=246882ms iter=684 REBUILD reject new_tc=67.2429 (was 59.9107)
t=247031ms iter=684 incumb=59.9107 ratchet=60.0009 best=59.9082 since_improve=262
t=247040ms iter=685 WAIST cost=56.0000 best_alt=51.0000 gap=5.0000 tried=5 sep_labels=51 clique_frac=0.01
t=247182ms iter=685 REBUILD reject new_tc=61.4442 (was 59.9107)
t=247333ms iter=685 incumb=59.9107 ratchet=60.0279 best=59.9082 since_improve=263
t=247341ms iter=686 WAIST cost=56.0000 best_alt=50.0000 gap=6.0000 tried=5 sep_labels=50 clique_frac=0.01
t=247485ms iter=686 REBUILD reject new_tc=62.5220 (was 59.9107)
t=247590ms iter=686 incumb=59.9107 ratchet=59.9564 best=59.9082 since_improve=264
t=247595ms iter=687 WAIST cost=56.0000 best_alt=52.0000 gap=4.0000 tried=5 sep_labels=52 clique_frac=0.01
t=247729ms iter=687 REBUILD reject new_tc=61.5999 (was 59.9107)
t=247876ms iter=687 incumb=59.9107 ratchet=60.1463 best=59.9082 since_improve=265
t=247886ms iter=688 WAIST cost=56.0000 best_alt=50.0000 gap=6.0000 tried=5 sep_labels=50 clique_frac=0.01
t=248037ms iter=688 REBUILD reject new_tc=69.3299 (was 59.9107)
t=248192ms iter=688 incumb=59.9107 ratchet=60.0643 best=59.9082 since_improve=266
t=248203ms iter=689 WAIST cost=56.0000 best_alt=52.0000 gap=4.0000 tried=5 sep_labels=52 clique_frac=0.01
t=248370ms iter=689 REBUILD reject new_tc=61.4636 (was 59.9107)
t=248525ms iter=689 incumb=59.9107 ratchet=60.1040 best=59.9082 since_improve=267
t=248535ms iter=690 WAIST cost=56.0000 best_alt=50.0000 gap=6.0000 tried=5 sep_labels=50 clique_frac=0.01
t=248650ms iter=690 REBUILD reject new_tc=61.3529 (was 59.9107)
t=248797ms iter=690 incumb=59.9107 ratchet=60.0890 best=59.9082 since_improve=268
t=248807ms iter=691 WAIST cost=56.0000 best_alt=51.0000 gap=5.0000 tried=5 sep_labels=51 clique_frac=0.01
t=248971ms iter=691 REBUILD reject new_tc=64.8211 (was 59.9107)
t=249127ms iter=691 incumb=59.9107 ratchet=60.0367 best=59.9082 since_improve=269
t=249135ms iter=692 WAIST cost=56.0000 best_alt=52.0000 gap=4.0000 tried=5 sep_labels=52 clique_frac=0.01
t=249295ms iter=692 REBUILD reject new_tc=60.1514 (was 59.9107)
t=249444ms iter=692 incumb=59.9107 ratchet=60.4893 best=59.9082 since_improve=270
t=249452ms iter=693 WAIST cost=56.0000 best_alt=52.0000 gap=4.0000 tried=5 sep_labels=52 clique_frac=0.01
t=249618ms iter=693 REBUILD reject new_tc=61.5399 (was 59.9107)
t=249738ms iter=693 incumb=59.9107 ratchet=60.0517 best=59.9082 since_improve=271
t=249746ms iter=694 WAIST cost=56.0000 best_alt=52.0000 gap=4.0000 tried=5 sep_labels=52 clique_frac=0.01
t=249907ms iter=694 REBUILD reject new_tc=60.2611 (was 59.9107)
t=250057ms iter=694 incumb=59.9107 ratchet=59.9958 best=59.9082 since_improve=272
t=250066ms iter=695 WAIST cost=56.0000 best_alt=51.0000 gap=5.0000 tried=5 sep_labels=51 clique_frac=0.01
t=250226ms iter=695 REBUILD reject new_tc=65.3118 (was 59.9107)
t=250377ms iter=695 incumb=59.9107 ratchet=59.9948 best=59.9082 since_improve=273
t=250386ms iter=696 WAIST cost=56.0000 best_alt=51.0000 gap=5.0000 tried=5 sep_labels=51 clique_frac=0.01
t=250501ms iter=696 REBUILD reject new_tc=61.4529 (was 59.9107)
t=250603ms iter=696 incumb=59.9107 ratchet=60.0143 best=59.9082 since_improve=274
t=250606ms iter=697 WAIST cost=56.0000 best_alt=52.0000 gap=4.0000 tried=5 sep_labels=52 clique_frac=0.01
t=250739ms iter=697 REBUILD reject new_tc=61.3938 (was 59.9107)
t=250890ms iter=697 incumb=59.9107 ratchet=60.0908 best=59.9082 since_improve=275
t=250897ms iter=698 WAIST cost=56.0000 best_alt=52.0000 gap=4.0000 tried=5 sep_labels=52 clique_frac=0.01
t=251056ms iter=698 REBUILD reject new_tc=61.5904 (was 59.9107)
t=251204ms iter=698 incumb=59.9107 ratchet=60.0974 best=59.9082 since_improve=276
t=251212ms iter=699 WAIST cost=56.0000 best_alt=52.0000 gap=4.0000 tried=5 sep_labels=52 clique_frac=0.01
t=251381ms iter=699 REBUILD reject new_tc=61.3786 (was 59.9107)
t=251509ms iter=699 incumb=59.9107 ratchet=60.0019 best=59.9082 since_improve=277
t=251514ms iter=700 WAIST cost=56.0000 best_alt=52.0000 gap=4.0000 tried=5 sep_labels=52 clique_frac=0.01
t=251623ms iter=700 REBUILD reject new_tc=62.1187 (was 59.9107)
t=251751ms iter=700 incumb=59.9107 ratchet=60.2113 best=59.9082 since_improve=278
t=251760ms iter=701 WAIST cost=56.0000 best_alt=52.0000 gap=4.0000 tried=5 sep_labels=52 clique_frac=0.01
t=251922ms iter=701 REBUILD reject new_tc=64.6331 (was 59.9107)
t=252067ms iter=701 incumb=59.9107 ratchet=60.1561 best=59.9082 since_improve=279
t=252075ms iter=702 WAIST cost=56.0000 best_alt=52.0000 gap=4.0000 tried=5 sep_labels=52 clique_frac=0.01
t=252235ms iter=702 REBUILD reject new_tc=61.3303 (was 59.9107)
t=252383ms iter=702 incumb=59.9107 ratchet=60.0839 best=59.9082 since_improve=280
t=252393ms iter=703 WAIST cost=56.0000 best_alt=51.0000 gap=5.0000 tried=5 sep_labels=51 clique_frac=0.01
t=252510ms iter=703 REBUILD reject new_tc=62.0772 (was 59.9107)
t=252612ms iter=703 incumb=59.9107 ratchet=59.9629 best=59.9082 since_improve=281
t=252617ms iter=704 WAIST cost=56.0000 best_alt=52.0000 gap=4.0000 tried=5 sep_labels=52 clique_frac=0.01
t=252739ms iter=704 REBUILD reject new_tc=75.0001 (was 59.9107)
t=252892ms iter=704 incumb=59.9107 ratchet=60.0927 best=59.9082 since_improve=282
t=252900ms iter=705 WAIST cost=56.0000 best_alt=52.0000 gap=4.0000 tried=5 sep_labels=52 clique_frac=0.01
t=253058ms iter=705 REBUILD reject new_tc=67.8406 (was 59.9107)
t=253208ms iter=705 incumb=59.9107 ratchet=60.0099 best=59.9082 since_improve=283
t=253215ms iter=706 WAIST cost=56.0000 best_alt=52.0000 gap=4.0000 tried=5 sep_labels=52 clique_frac=0.01
t=253375ms iter=706 REBUILD reject new_tc=64.6045 (was 59.9107)
t=253499ms iter=706 incumb=59.9107 ratchet=60.0341 best=59.9082 since_improve=284
t=253504ms iter=707 WAIST cost=56.0000 best_alt=52.0000 gap=4.0000 tried=5 sep_labels=52 clique_frac=0.01
t=253615ms iter=707 REBUILD reject new_tc=61.5908 (was 59.9107)
t=253736ms iter=707 incumb=59.9107 ratchet=59.9502 best=59.9082 since_improve=285
t=253744ms iter=708 WAIST cost=56.0000 best_alt=52.0000 gap=4.0000 tried=5 sep_labels=52 clique_frac=0.01
t=253905ms iter=708 REBUILD reject new_tc=61.2014 (was 59.9107)
t=254055ms iter=708 incumb=59.9107 ratchet=60.0487 best=59.9082 since_improve=286
t=254061ms iter=709 WAIST cost=56.0000 best_alt=52.0000 gap=4.0000 tried=5 sep_labels=52 clique_frac=0.01
t=254222ms iter=709 REBUILD reject new_tc=65.4238 (was 59.9107)
t=254366ms iter=709 incumb=59.9107 ratchet=60.0249 best=59.9082 since_improve=287
t=254376ms iter=710 WAIST cost=56.0000 best_alt=50.0000 gap=6.0000 tried=5 sep_labels=50 clique_frac=0.01
t=254495ms iter=710 REBUILD reject new_tc=61.3410 (was 59.9107)
t=254595ms iter=710 incumb=59.9107 ratchet=59.9822 best=59.9082 since_improve=288
t=254601ms iter=711 WAIST cost=56.0000 best_alt=52.0000 gap=4.0000 tried=5 sep_labels=52 clique_frac=0.01
t=254731ms iter=711 REBUILD reject new_tc=61.4169 (was 59.9107)
t=254884ms iter=711 incumb=59.9107 ratchet=60.2054 best=59.9082 since_improve=289
t=254891ms iter=712 WAIST cost=56.0000 best_alt=52.0000 gap=4.0000 tried=5 sep_labels=52 clique_frac=0.01
t=255056ms iter=712 REBUILD reject new_tc=60.7964 (was 59.9107)
t=255203ms iter=712 incumb=59.9107 ratchet=60.1308 best=59.9082 since_improve=290
t=255211ms iter=713 WAIST cost=56.0000 best_alt=52.0000 gap=4.0000 tried=5 sep_labels=52 clique_frac=0.01
t=255366ms iter=713 REBUILD reject new_tc=67.4818 (was 59.9107)
t=255491ms iter=713 incumb=59.9107 ratchet=60.0717 best=59.9082 since_improve=291
t=255495ms iter=714 WAIST cost=56.0000 best_alt=52.0000 gap=4.0000 tried=5 sep_labels=52 clique_frac=0.01
t=255608ms iter=714 REBUILD reject new_tc=61.6014 (was 59.9107)
t=255723ms iter=714 incumb=59.9107 ratchet=60.0371 best=59.9082 since_improve=292
t=255732ms iter=715 WAIST cost=56.0000 best_alt=52.0000 gap=4.0000 tried=5 sep_labels=52 clique_frac=0.01
t=255893ms iter=715 REBUILD reject new_tc=62.8125 (was 59.9107)
t=256046ms iter=715 incumb=59.9107 ratchet=60.2247 best=59.9082 since_improve=293
t=256057ms iter=716 WAIST cost=56.0000 best_alt=51.0000 gap=5.0000 tried=5 sep_labels=51 clique_frac=0.01
t=256197ms iter=716 REBUILD reject new_tc=61.5543 (was 59.9107)
t=256338ms iter=716 incumb=59.9107 ratchet=60.0021 best=59.9082 since_improve=294
t=256346ms iter=717 WAIST cost=56.0000 best_alt=51.0000 gap=5.0000 tried=5 sep_labels=51 clique_frac=0.01
t=256477ms iter=717 REBUILD reject new_tc=62.4269 (was 59.9107)
t=256580ms iter=717 incumb=59.9107 ratchet=60.0537 best=59.9082 since_improve=295
t=256585ms iter=718 WAIST cost=56.0000 best_alt=51.0000 gap=5.0000 tried=5 sep_labels=51 clique_frac=0.01
t=256691ms iter=718 REBUILD reject new_tc=61.3697 (was 59.9107)
t=256842ms iter=718 incumb=59.9107 ratchet=60.2265 best=59.9082 since_improve=296
t=256851ms iter=719 WAIST cost=56.0000 best_alt=51.0000 gap=5.0000 tried=5 sep_labels=51 clique_frac=0.01
t=257000ms iter=719 REBUILD reject new_tc=61.7048 (was 59.9107)
t=257142ms iter=719 incumb=59.9107 ratchet=60.0039 best=59.9082 since_improve=297
t=257150ms iter=720 WAIST cost=56.0000 best_alt=52.0000 gap=4.0000 tried=5 sep_labels=52 clique_frac=0.01
t=257307ms iter=720 REBUILD reject new_tc=65.0748 (was 59.9107)
t=257456ms iter=720 incumb=59.9107 ratchet=60.1241 best=59.9082 since_improve=298
t=257463ms iter=721 WAIST cost=56.0000 best_alt=51.0000 gap=5.0000 tried=5 sep_labels=51 clique_frac=0.01
t=257572ms iter=721 REBUILD reject new_tc=61.3860 (was 59.9107)
t=257679ms iter=721 incumb=59.9107 ratchet=60.0917 best=59.9082 since_improve=299
t=257687ms iter=722 WAIST cost=56.0000 best_alt=49.0000 gap=7.0000 tried=5 sep_labels=49 clique_frac=0.01
t=257813ms iter=722 REBUILD reject new_tc=78.0000 (was 59.9107)
t=257966ms iter=722 incumb=59.9107 ratchet=60.1407 best=59.9082 since_improve=300
t=257974ms iter=723 WAIST cost=56.0000 best_alt=52.0000 gap=4.0000 tried=5 sep_labels=52 clique_frac=0.01
t=258135ms iter=723 REBUILD reject new_tc=61.3066 (was 59.9107)
t=258279ms iter=723 incumb=59.9107 ratchet=60.0059 best=59.9082 since_improve=301
t=258288ms iter=724 WAIST cost=56.0000 best_alt=52.0000 gap=4.0000 tried=5 sep_labels=52 clique_frac=0.01
t=258455ms iter=724 REBUILD reject new_tc=60.7920 (was 59.9107)
t=258604ms iter=724 incumb=59.9107 ratchet=60.0066 best=59.9082 since_improve=302
t=258610ms iter=725 WAIST cost=56.0000 best_alt=52.0000 gap=4.0000 tried=5 sep_labels=52 clique_frac=0.01
t=258749ms iter=725 REBUILD reject new_tc=68.2210 (was 59.9107)
t=258890ms iter=725 incumb=59.9107 ratchet=60.0562 best=59.9082 since_improve=303
t=258897ms iter=726 WAIST cost=56.0000 best_alt=51.0000 gap=5.0000 tried=5 sep_labels=51 clique_frac=0.01
t=259043ms iter=726 REBUILD reject new_tc=61.5649 (was 59.9107)
t=259186ms iter=726 incumb=59.9107 ratchet=60.0501 best=59.9082 since_improve=304
t=259196ms iter=727 WAIST cost=56.0000 best_alt=52.0000 gap=4.0000 tried=5 sep_labels=52 clique_frac=0.01
t=259356ms iter=727 REBUILD reject new_tc=61.3760 (was 59.9107)
t=259481ms iter=727 incumb=59.9107 ratchet=60.0129 best=59.9082 since_improve=305
t=259484ms iter=728 WAIST cost=56.0000 best_alt=50.0000 gap=6.0000 tried=5 sep_labels=50 clique_frac=0.01
t=259579ms iter=728 REBUILD reject new_tc=68.4592 (was 59.9107)
t=259692ms iter=728 incumb=59.9107 ratchet=60.1053 best=59.9082 since_improve=306
t=259700ms iter=729 WAIST cost=56.0000 best_alt=51.0000 gap=5.0000 tried=5 sep_labels=51 clique_frac=0.01
t=259859ms iter=729 REBUILD reject new_tc=64.9359 (was 59.9107)
t=260006ms iter=729 incumb=59.9107 ratchet=60.1026 best=59.9082 since_improve=307
t=260013ms iter=730 WAIST cost=56.0000 best_alt=52.0000 gap=4.0000 tried=5 sep_labels=52 clique_frac=0.01
t=260178ms iter=730 REBUILD reject new_tc=64.0277 (was 59.9107)
t=260334ms iter=730 incumb=59.9107 ratchet=59.9731 best=59.9082 since_improve=308
t=260343ms iter=731 WAIST cost=56.0000 best_alt=52.0000 gap=4.0000 tried=5 sep_labels=52 clique_frac=0.01
t=260482ms iter=731 REBUILD reject new_tc=65.0742 (was 59.9107)
t=260587ms iter=731 incumb=59.9107 ratchet=60.1173 best=59.9082 since_improve=309
t=260591ms iter=732 WAIST cost=56.0000 best_alt=52.0000 gap=4.0000 tried=5 sep_labels=52 clique_frac=0.01
t=260713ms iter=732 REBUILD reject new_tc=61.0811 (was 59.9107)
t=260857ms iter=732 incumb=59.9107 ratchet=60.1231 best=59.9082 since_improve=310
t=260866ms iter=733 WAIST cost=56.0000 best_alt=52.0000 gap=4.0000 tried=5 sep_labels=52 clique_frac=0.01
t=261026ms iter=733 REBUILD reject new_tc=61.4697 (was 59.9107)
t=261180ms iter=733 incumb=59.9107 ratchet=60.0840 best=59.9082 since_improve=311
t=261188ms iter=734 WAIST cost=56.0000 best_alt=49.0000 gap=7.0000 tried=5 sep_labels=49 clique_frac=0.01
t=261331ms iter=734 REBUILD reject new_tc=61.8780 (was 59.9107)
t=261483ms iter=734 incumb=59.9107 ratchet=59.9875 best=59.9082 since_improve=312
t=261491ms iter=735 WAIST cost=56.0000 best_alt=51.0000 gap=5.0000 tried=5 sep_labels=51 clique_frac=0.01
t=261632ms iter=735 REBUILD reject new_tc=65.1331 (was 59.9107)
t=261782ms iter=735 incumb=59.9107 ratchet=60.0236 best=59.9082 since_improve=313
t=261790ms iter=736 WAIST cost=56.0000 best_alt=51.0000 gap=5.0000 tried=5 sep_labels=51 clique_frac=0.01
t=261934ms iter=736 REBUILD reject new_tc=61.8664 (was 59.9107)
t=262086ms iter=736 incumb=59.9107 ratchet=60.1510 best=59.9082 since_improve=314
t=262094ms iter=737 WAIST cost=56.0000 best_alt=52.0000 gap=4.0000 tried=5 sep_labels=52 clique_frac=0.01
t=262242ms iter=737 REBUILD reject new_tc=84.0000 (was 59.9107)
t=262397ms iter=737 incumb=59.9107 ratchet=59.9852 best=59.9082 since_improve=315
t=262405ms iter=738 WAIST cost=56.0000 best_alt=50.0000 gap=6.0000 tried=5 sep_labels=50 clique_frac=0.01
t=262557ms iter=738 REBUILD reject new_tc=61.2714 (was 59.9107)
t=262707ms iter=738 incumb=59.9107 ratchet=60.1119 best=59.9082 since_improve=316
t=262714ms iter=739 WAIST cost=56.0000 best_alt=51.0000 gap=5.0000 tried=5 sep_labels=51 clique_frac=0.01
t=262857ms iter=739 REBUILD reject new_tc=61.4315 (was 59.9107)
t=263000ms iter=739 incumb=59.9107 ratchet=59.9745 best=59.9082 since_improve=317
t=263009ms iter=740 WAIST cost=56.0000 best_alt=52.0000 gap=4.0000 tried=5 sep_labels=52 clique_frac=0.01
t=263167ms iter=740 REBUILD reject new_tc=61.3011 (was 59.9107)
t=263314ms iter=740 incumb=59.9107 ratchet=60.1708 best=59.9082 since_improve=318
t=263322ms iter=741 WAIST cost=56.0000 best_alt=51.0000 gap=5.0000 tried=5 sep_labels=51 clique_frac=0.01
t=263460ms iter=741 REBUILD reject new_tc=61.1389 (was 59.9107)
t=263568ms iter=741 incumb=59.9107 ratchet=60.0417 best=59.9082 since_improve=319
t=263573ms iter=742 WAIST cost=56.0000 best_alt=52.0000 gap=4.0000 tried=5 sep_labels=52 clique_frac=0.01
t=263686ms iter=742 REBUILD reject new_tc=65.6922 (was 59.9107)
t=263846ms iter=742 incumb=59.9107 ratchet=60.0266 best=59.9082 since_improve=320
t=263854ms iter=743 WAIST cost=56.0000 best_alt=52.0000 gap=4.0000 tried=5 sep_labels=52 clique_frac=0.01
t=264017ms iter=743 REBUILD reject new_tc=60.9584 (was 59.9107)
t=264167ms iter=743 incumb=59.9107 ratchet=60.0170 best=59.9082 since_improve=321
t=264175ms iter=744 WAIST cost=56.0000 best_alt=52.0000 gap=4.0000 tried=5 sep_labels=52 clique_frac=0.01
t=264337ms iter=744 REBUILD reject new_tc=60.7477 (was 59.9107)
t=264488ms iter=744 incumb=59.9107 ratchet=60.0649 best=59.9082 since_improve=322
t=264495ms iter=745 WAIST cost=56.0000 best_alt=52.0000 gap=4.0000 tried=5 sep_labels=52 clique_frac=0.01
t=264648ms iter=745 REBUILD reject new_tc=65.3532 (was 59.9107)
t=264793ms iter=745 incumb=59.9107 ratchet=60.0006 best=59.9082 since_improve=323
t=264800ms iter=746 WAIST cost=56.0000 best_alt=52.0000 gap=4.0000 tried=5 sep_labels=52 clique_frac=0.01
t=264957ms iter=746 REBUILD reject new_tc=61.6126 (was 59.9107)
t=265102ms iter=746 incumb=59.9107 ratchet=59.9738 best=59.9082 since_improve=324
t=265110ms iter=747 WAIST cost=56.0000 best_alt=52.0000 gap=4.0000 tried=5 sep_labels=52 clique_frac=0.01
t=265267ms iter=747 REBUILD reject new_tc=67.6105 (was 59.9107)
t=265412ms iter=747 incumb=59.9107 ratchet=60.0539 best=59.9082 since_improve=325
t=265417ms iter=748 WAIST cost=56.0000 best_alt=52.0000 gap=4.0000 tried=5 sep_labels=52 clique_frac=0.01
t=265529ms iter=748 REBUILD reject new_tc=60.5861 (was 59.9107)
t=265631ms iter=748 incumb=59.9107 ratchet=59.9960 best=59.9082 since_improve=326
t=265637ms iter=749 WAIST cost=56.0000 best_alt=52.0000 gap=4.0000 tried=5 sep_labels=52 clique_frac=0.01
t=265771ms iter=749 REBUILD reject new_tc=77.0002 (was 59.9107)
t=265925ms iter=749 incumb=59.9107 ratchet=60.1261 best=59.9082 since_improve=327
t=265933ms iter=750 WAIST cost=56.0000 best_alt=50.0000 gap=6.0000 tried=5 sep_labels=50 clique_frac=0.01
t=266084ms iter=750 REBUILD reject new_tc=61.4180 (was 59.9107)
t=266231ms iter=750 incumb=59.9107 ratchet=60.0215 best=59.9082 since_improve=328
t=266242ms iter=751 WAIST cost=56.0000 best_alt=49.0000 gap=7.0000 tried=5 sep_labels=49 clique_frac=0.01
t=266388ms iter=751 REBUILD reject new_tc=61.3729 (was 59.9107)
t=266530ms iter=751 incumb=59.9107 ratchet=60.0370 best=59.9082 since_improve=329
t=266536ms iter=752 WAIST cost=56.0000 best_alt=50.0000 gap=6.0000 tried=5 sep_labels=50 clique_frac=0.01
t=266637ms iter=752 REBUILD reject new_tc=61.4352 (was 59.9107)
t=266771ms iter=752 incumb=59.9107 ratchet=60.4721 best=59.9082 since_improve=330
t=266780ms iter=753 WAIST cost=56.0000 best_alt=52.0000 gap=4.0000 tried=5 sep_labels=52 clique_frac=0.01
t=266932ms iter=753 REBUILD reject new_tc=67.4131 (was 59.9107)
t=267077ms iter=753 incumb=59.9107 ratchet=59.9564 best=59.9082 since_improve=331
t=267082ms iter=754 WAIST cost=56.0000 best_alt=52.0000 gap=4.0000 tried=5 sep_labels=52 clique_frac=0.01
t=267241ms iter=754 REBUILD reject new_tc=63.2609 (was 59.9107)
t=267395ms iter=754 incumb=59.9107 ratchet=59.9790 best=59.9082 since_improve=332
t=267404ms iter=755 WAIST cost=56.0000 best_alt=51.0000 gap=5.0000 tried=5 sep_labels=51 clique_frac=0.01
t=267542ms iter=755 REBUILD reject new_tc=61.3112 (was 59.9107)
t=267644ms iter=755 incumb=59.9107 ratchet=60.0721 best=59.9082 since_improve=333
t=267648ms iter=756 WAIST cost=56.0000 best_alt=52.0000 gap=4.0000 tried=5 sep_labels=52 clique_frac=0.01
t=267799ms iter=756 REBUILD reject new_tc=61.0439 (was 59.9107)
t=267948ms iter=756 incumb=59.9107 ratchet=60.0802 best=59.9082 since_improve=334
t=267956ms iter=757 WAIST cost=56.0000 best_alt=52.0000 gap=4.0000 tried=5 sep_labels=52 clique_frac=0.01
t=268118ms iter=757 REBUILD reject new_tc=61.7002 (was 59.9107)
t=268270ms iter=757 incumb=59.9107 ratchet=60.0749 best=59.9082 since_improve=335
t=268280ms iter=758 WAIST cost=56.0000 best_alt=52.0000 gap=4.0000 tried=5 sep_labels=52 clique_frac=0.01
t=268421ms iter=758 REBUILD reject new_tc=61.4151 (was 59.9107)
t=268525ms iter=758 incumb=59.9107 ratchet=60.1303 best=59.9082 since_improve=336
t=268529ms iter=759 WAIST cost=56.0000 best_alt=52.0000 gap=4.0000 tried=5 sep_labels=52 clique_frac=0.01
t=268642ms iter=759 REBUILD reject new_tc=65.0739 (was 59.9107)
t=268780ms iter=759 incumb=59.9107 ratchet=60.0733 best=59.9082 since_improve=337
t=268787ms iter=760 WAIST cost=56.0000 best_alt=52.0000 gap=4.0000 tried=5 sep_labels=52 clique_frac=0.01
t=268946ms iter=760 REBUILD reject new_tc=61.3292 (was 59.9107)
t=269098ms iter=760 incumb=59.9107 ratchet=60.1307 best=59.9082 since_improve=338
t=269107ms iter=761 WAIST cost=56.0000 best_alt=49.0000 gap=7.0000 tried=5 sep_labels=49 clique_frac=0.01
t=269249ms iter=761 REBUILD reject new_tc=61.9925 (was 59.9107)
t=269401ms iter=761 incumb=59.9107 ratchet=60.3173 best=59.9082 since_improve=339
t=269409ms iter=762 WAIST cost=56.0000 best_alt=50.0000 gap=6.0000 tried=5 sep_labels=50 clique_frac=0.01
t=269548ms iter=762 REBUILD reject new_tc=60.9210 (was 59.9107)
t=269665ms iter=762 incumb=59.9107 ratchet=60.0917 best=59.9082 since_improve=340
t=269672ms iter=763 WAIST cost=56.0000 best_alt=49.0000 gap=7.0000 tried=5 sep_labels=49 clique_frac=0.01
t=269819ms iter=763 REBUILD reject new_tc=61.2753 (was 59.9107)
t=269966ms iter=763 incumb=59.9107 ratchet=59.9840 best=59.9082 since_improve=341
t=269976ms iter=764 WAIST cost=56.0000 best_alt=51.0000 gap=5.0000 tried=5 sep_labels=51 clique_frac=0.01
t=270136ms iter=764 REBUILD reject new_tc=63.2582 (was 59.9107)
t=270293ms iter=764 incumb=59.9107 ratchet=60.1677 best=59.9082 since_improve=342
t=270301ms iter=765 WAIST cost=56.0000 best_alt=51.0000 gap=5.0000 tried=5 sep_labels=51 clique_frac=0.01
t=270445ms iter=765 REBUILD reject new_tc=77.0058 (was 59.9107)
t=270602ms iter=765 incumb=59.9107 ratchet=60.1316 best=59.9082 since_improve=343
t=270611ms iter=766 WAIST cost=56.0000 best_alt=52.0000 gap=4.0000 tried=5 sep_labels=52 clique_frac=0.01
t=270787ms iter=766 REBUILD reject new_tc=60.9285 (was 59.9107)
t=270949ms iter=766 incumb=59.9107 ratchet=59.9783 best=59.9082 since_improve=344
t=270959ms iter=767 WAIST cost=56.0000 best_alt=52.0000 gap=4.0000 tried=5 sep_labels=52 clique_frac=0.01
t=271121ms iter=767 REBUILD reject new_tc=67.3622 (was 59.9107)
t=271274ms iter=767 incumb=59.9107 ratchet=59.9593 best=59.9082 since_improve=345
t=271283ms iter=768 WAIST cost=56.0000 best_alt=51.0000 gap=5.0000 tried=5 sep_labels=51 clique_frac=0.01
t=271428ms iter=768 REBUILD reject new_tc=60.1990 (was 59.9107)
t=271585ms iter=768 incumb=59.9107 ratchet=60.0126 best=59.9082 since_improve=346
t=271592ms iter=769 WAIST cost=56.0000 best_alt=52.0000 gap=4.0000 tried=5 sep_labels=52 clique_frac=0.01
t=271753ms iter=769 REBUILD reject new_tc=61.3483 (was 59.9107)
t=271907ms iter=769 incumb=59.9107 ratchet=59.9559 best=59.9082 since_improve=347
t=271917ms iter=770 WAIST cost=56.0000 best_alt=50.0000 gap=6.0000 tried=5 sep_labels=50 clique_frac=0.01
t=272050ms iter=770 REBUILD reject new_tc=67.3702 (was 59.9107)
t=272201ms iter=770 incumb=59.9107 ratchet=60.1513 best=59.9082 since_improve=348
t=272212ms iter=771 WAIST cost=56.0000 best_alt=51.0000 gap=5.0000 tried=5 sep_labels=51 clique_frac=0.01
t=272350ms iter=771 REBUILD reject new_tc=61.2720 (was 59.9107)
t=272497ms iter=771 incumb=59.9107 ratchet=60.0591 best=59.9082 since_improve=349
t=272505ms iter=772 WAIST cost=56.0000 best_alt=51.0000 gap=5.0000 tried=5 sep_labels=51 clique_frac=0.01
t=272670ms iter=772 REBUILD reject new_tc=60.8896 (was 59.9107)
t=272814ms iter=772 incumb=59.9107 ratchet=60.0417 best=59.9082 since_improve=350
t=272822ms iter=773 WAIST cost=56.0000 best_alt=52.0000 gap=4.0000 tried=5 sep_labels=52 clique_frac=0.01
t=272981ms iter=773 REBUILD reject new_tc=61.8981 (was 59.9107)
t=273131ms iter=773 incumb=59.9107 ratchet=60.0916 best=59.9082 since_improve=351
t=273140ms iter=774 WAIST cost=56.0000 best_alt=50.0000 gap=6.0000 tried=5 sep_labels=50 clique_frac=0.01
t=273311ms iter=774 REBUILD reject new_tc=61.4206 (was 59.9107)
t=273462ms iter=774 incumb=59.9107 ratchet=60.0835 best=59.9082 since_improve=352
t=273473ms iter=775 WAIST cost=56.0000 best_alt=51.0000 gap=5.0000 tried=5 sep_labels=51 clique_frac=0.01
t=273579ms iter=775 REBUILD reject new_tc=61.5165 (was 59.9107)
t=273689ms iter=775 incumb=59.9107 ratchet=59.9489 best=59.9082 since_improve=353
t=273697ms iter=776 WAIST cost=56.0000 best_alt=52.0000 gap=4.0000 tried=5 sep_labels=52 clique_frac=0.01
t=273857ms iter=776 REBUILD reject new_tc=62.8043 (was 59.9107)
t=274003ms iter=776 incumb=59.9107 ratchet=60.0126 best=59.9082 since_improve=354
t=274011ms iter=777 WAIST cost=56.0000 best_alt=51.0000 gap=5.0000 tried=5 sep_labels=51 clique_frac=0.01
t=274158ms iter=777 REBUILD reject new_tc=61.8675 (was 59.9107)
t=274314ms iter=777 incumb=59.9107 ratchet=60.0073 best=59.9082 since_improve=355
t=274322ms iter=778 WAIST cost=56.0000 best_alt=51.0000 gap=5.0000 tried=5 sep_labels=51 clique_frac=0.01
t=274479ms iter=778 REBUILD reject new_tc=61.8718 (was 59.9107)
t=274643ms iter=778 incumb=59.9107 ratchet=60.0663 best=59.9082 since_improve=356
t=274653ms iter=779 WAIST cost=56.0000 best_alt=49.0000 gap=7.0000 tried=5 sep_labels=49 clique_frac=0.01
t=274805ms iter=779 REBUILD reject new_tc=61.0196 (was 59.9107)
t=274964ms iter=779 incumb=59.9107 ratchet=60.1858 best=59.9082 since_improve=357
t=274971ms iter=780 WAIST cost=56.0000 best_alt=52.0000 gap=4.0000 tried=5 sep_labels=52 clique_frac=0.01
t=275149ms iter=780 REBUILD reject new_tc=66.3570 (was 59.9107)
t=275296ms iter=780 incumb=59.9107 ratchet=60.1428 best=59.9082 since_improve=358
t=275305ms iter=781 WAIST cost=56.0000 best_alt=52.0000 gap=4.0000 tried=5 sep_labels=52 clique_frac=0.01
t=275466ms iter=781 REBUILD reject new_tc=61.4136 (was 59.9107)
t=275612ms iter=781 incumb=59.9107 ratchet=60.1196 best=59.9082 since_improve=359
t=275621ms iter=782 WAIST cost=56.0000 best_alt=49.0000 gap=7.0000 tried=5 sep_labels=49 clique_frac=0.01
t=275765ms iter=782 REBUILD reject new_tc=61.4444 (was 59.9107)
t=275921ms iter=782 incumb=59.9107 ratchet=60.0049 best=59.9082 since_improve=360
t=275930ms iter=783 WAIST cost=56.0000 best_alt=51.0000 gap=5.0000 tried=5 sep_labels=51 clique_frac=0.01
t=276074ms iter=783 REBUILD reject new_tc=61.3394 (was 59.9107)
t=276227ms iter=783 incumb=59.9107 ratchet=60.0597 best=59.9082 since_improve=361
t=276235ms iter=784 WAIST cost=56.0000 best_alt=52.0000 gap=4.0000 tried=5 sep_labels=52 clique_frac=0.01
t=276388ms iter=784 REBUILD reject new_tc=61.5402 (was 59.9107)
t=276539ms iter=784 incumb=59.9107 ratchet=60.0181 best=59.9082 since_improve=362
t=276548ms iter=785 WAIST cost=56.0000 best_alt=52.0000 gap=4.0000 tried=5 sep_labels=52 clique_frac=0.01
t=276667ms iter=785 REBUILD reject new_tc=61.6950 (was 59.9107)
t=276813ms iter=785 incumb=59.9107 ratchet=60.1488 best=59.9082 since_improve=363
t=276823ms iter=786 WAIST cost=56.0000 best_alt=52.0000 gap=4.0000 tried=5 sep_labels=52 clique_frac=0.01
t=276985ms iter=786 REBUILD reject new_tc=60.8569 (was 59.9107)
t=277134ms iter=786 incumb=59.9107 ratchet=60.0907 best=59.9082 since_improve=364
t=277141ms iter=787 WAIST cost=56.0000 best_alt=52.0000 gap=4.0000 tried=5 sep_labels=52 clique_frac=0.01
t=277302ms iter=787 REBUILD reject new_tc=61.4183 (was 59.9107)
t=277446ms iter=787 incumb=59.9107 ratchet=60.1641 best=59.9082 since_improve=365
t=277450ms iter=788 WAIST cost=56.0000 best_alt=52.0000 gap=4.0000 tried=5 sep_labels=52 clique_frac=0.01
t=277555ms iter=788 REBUILD reject new_tc=65.4744 (was 59.9107)
t=277657ms iter=788 incumb=59.9107 ratchet=60.0514 best=59.9082 since_improve=366
t=277662ms iter=789 WAIST cost=56.0000 best_alt=52.0000 gap=4.0000 tried=5 sep_labels=52 clique_frac=0.01
t=277815ms iter=789 REBUILD reject new_tc=65.3678 (was 59.9107)
t=277969ms iter=789 incumb=59.9107 ratchet=59.9746 best=59.9082 since_improve=367
t=277977ms iter=790 WAIST cost=56.0000 best_alt=52.0000 gap=4.0000 tried=5 sep_labels=52 clique_frac=0.01
t=278144ms iter=790 REBUILD reject new_tc=60.9252 (was 59.9107)
t=278290ms iter=790 incumb=59.9107 ratchet=60.0323 best=59.9082 since_improve=368
t=278296ms iter=791 WAIST cost=56.0000 best_alt=52.0000 gap=4.0000 tried=5 sep_labels=52 clique_frac=0.01
t=278457ms iter=791 REBUILD reject new_tc=61.6985 (was 59.9107)
t=278601ms iter=791 incumb=59.9107 ratchet=60.0736 best=59.9082 since_improve=369
t=278606ms iter=792 WAIST cost=56.0000 best_alt=52.0000 gap=4.0000 tried=5 sep_labels=52 clique_frac=0.01
t=278739ms iter=792 REBUILD reject new_tc=61.0225 (was 59.9107)
t=278886ms iter=792 incumb=59.9107 ratchet=60.4982 best=59.9082 since_improve=370
t=278894ms iter=793 WAIST cost=56.0000 best_alt=52.0000 gap=4.0000 tried=5 sep_labels=52 clique_frac=0.01
t=279056ms iter=793 REBUILD reject new_tc=68.0061 (was 59.9107)
t=279209ms iter=793 incumb=59.9107 ratchet=60.0355 best=59.9082 since_improve=371
t=279215ms iter=794 WAIST cost=56.0000 best_alt=52.0000 gap=4.0000 tried=5 sep_labels=52 clique_frac=0.01
t=279371ms iter=794 REBUILD reject new_tc=64.5667 (was 59.9107)
t=279488ms iter=794 incumb=59.9107 ratchet=60.0289 best=59.9082 since_improve=372
t=279493ms iter=795 WAIST cost=56.0000 best_alt=51.0000 gap=5.0000 tried=5 sep_labels=51 clique_frac=0.01
t=279592ms iter=795 REBUILD reject new_tc=61.3728 (was 59.9107)
t=279710ms iter=795 incumb=59.9107 ratchet=59.9915 best=59.9082 since_improve=373
t=279719ms iter=796 WAIST cost=56.0000 best_alt=52.0000 gap=4.0000 tried=5 sep_labels=52 clique_frac=0.01
t=279885ms iter=796 REBUILD reject new_tc=60.2848 (was 59.9107)
t=280043ms iter=796 incumb=59.9107 ratchet=60.4262 best=59.9082 since_improve=374
t=280054ms iter=797 WAIST cost=56.0000 best_alt=50.0000 gap=6.0000 tried=5 sep_labels=50 clique_frac=0.01
t=280191ms iter=797 REBUILD reject new_tc=67.5987 (was 59.9107)
t=280342ms iter=797 incumb=59.9107 ratchet=60.0651 best=59.9082 since_improve=375
t=280351ms iter=798 WAIST cost=56.0000 best_alt=52.0000 gap=4.0000 tried=5 sep_labels=52 clique_frac=0.01
t=280506ms iter=798 REBUILD reject new_tc=73.0132 (was 59.9107)
t=280619ms iter=798 incumb=59.9107 ratchet=59.9678 best=59.9082 since_improve=376
t=280623ms iter=799 WAIST cost=56.0000 best_alt=51.0000 gap=5.0000 tried=5 sep_labels=51 clique_frac=0.01
t=280744ms iter=799 REBUILD reject new_tc=61.0840 (was 59.9107)
t=280892ms iter=799 incumb=59.9107 ratchet=60.0288 best=59.9082 since_improve=377
t=280899ms iter=800 WAIST cost=56.0000 best_alt=52.0000 gap=4.0000 tried=5 sep_labels=52 clique_frac=0.01
t=281062ms iter=800 REBUILD reject new_tc=60.5165 (was 59.9107)
t=281208ms iter=800 incumb=59.9107 ratchet=60.0882 best=59.9082 since_improve=378
t=281217ms iter=801 WAIST cost=56.0000 best_alt=50.0000 gap=6.0000 tried=5 sep_labels=50 clique_frac=0.01
t=281357ms iter=801 REBUILD reject new_tc=61.2156 (was 59.9107)
t=281510ms iter=801 incumb=59.9107 ratchet=60.0276 best=59.9082 since_improve=379
t=281516ms iter=802 WAIST cost=56.0000 best_alt=52.0000 gap=4.0000 tried=5 sep_labels=52 clique_frac=0.01
t=281694ms iter=802 REBUILD reject new_tc=60.7789 (was 59.9107)
t=281848ms iter=802 incumb=59.9107 ratchet=60.1254 best=59.9082 since_improve=380
t=281856ms iter=803 WAIST cost=56.0000 best_alt=52.0000 gap=4.0000 tried=5 sep_labels=52 clique_frac=0.01
t=282016ms iter=803 REBUILD reject new_tc=61.4797 (was 59.9107)
t=282165ms iter=803 incumb=59.9107 ratchet=60.0539 best=59.9082 since_improve=381
t=282174ms iter=804 WAIST cost=56.0000 best_alt=52.0000 gap=4.0000 tried=5 sep_labels=52 clique_frac=0.01
t=282337ms iter=804 REBUILD reject new_tc=60.4662 (was 59.9107)
t=282480ms iter=804 incumb=59.9107 ratchet=60.0866 best=59.9082 since_improve=382
t=282490ms iter=805 WAIST cost=56.0000 best_alt=51.0000 gap=5.0000 tried=5 sep_labels=51 clique_frac=0.01
t=282635ms iter=805 REBUILD reject new_tc=61.3443 (was 59.9107)
t=282778ms iter=805 incumb=59.9107 ratchet=60.0155 best=59.9082 since_improve=383
t=282786ms iter=806 WAIST cost=56.0000 best_alt=52.0000 gap=4.0000 tried=5 sep_labels=52 clique_frac=0.01
t=282945ms iter=806 REBUILD reject new_tc=60.5963 (was 59.9107)
t=283096ms iter=806 incumb=59.9107 ratchet=60.0398 best=59.9082 since_improve=384
t=283105ms iter=807 WAIST cost=56.0000 best_alt=51.0000 gap=5.0000 tried=5 sep_labels=51 clique_frac=0.01
t=283236ms iter=807 REBUILD reject new_tc=64.3856 (was 59.9107)
t=283383ms iter=807 incumb=59.9107 ratchet=59.9633 best=59.9082 since_improve=385
t=283392ms iter=808 WAIST cost=56.0000 best_alt=51.0000 gap=5.0000 tried=5 sep_labels=51 clique_frac=0.01
t=283528ms iter=808 REBUILD reject new_tc=61.3456 (was 59.9107)
t=283629ms iter=808 incumb=59.9107 ratchet=60.0985 best=59.9082 since_improve=386
t=283633ms iter=809 WAIST cost=56.0000 best_alt=52.0000 gap=4.0000 tried=5 sep_labels=52 clique_frac=0.01
t=283788ms iter=809 REBUILD reject new_tc=60.9201 (was 59.9107)
t=283944ms iter=809 incumb=59.9107 ratchet=60.0174 best=59.9082 since_improve=387
t=283952ms iter=810 WAIST cost=56.0000 best_alt=51.0000 gap=5.0000 tried=5 sep_labels=51 clique_frac=0.01
t=284095ms iter=810 REBUILD reject new_tc=61.8735 (was 59.9107)
t=284245ms iter=810 incumb=59.9107 ratchet=60.1510 best=59.9082 since_improve=388
t=284253ms iter=811 WAIST cost=56.0000 best_alt=50.0000 gap=6.0000 tried=5 sep_labels=50 clique_frac=0.01
t=284395ms iter=811 REBUILD reject new_tc=66.9607 (was 59.9107)
t=284517ms iter=811 incumb=59.9107 ratchet=59.9368 best=59.9082 since_improve=389
t=284522ms iter=812 WAIST cost=56.0000 best_alt=52.0000 gap=4.0000 tried=5 sep_labels=52 clique_frac=0.01
t=284636ms iter=812 REBUILD reject new_tc=61.4975 (was 59.9107)
t=284773ms iter=812 incumb=59.9107 ratchet=60.1447 best=59.9082 since_improve=390
t=284783ms iter=813 WAIST cost=56.0000 best_alt=51.0000 gap=5.0000 tried=5 sep_labels=51 clique_frac=0.01
t=284928ms iter=813 REBUILD reject new_tc=62.3678 (was 59.9107)
t=285081ms iter=813 incumb=59.9107 ratchet=60.2181 best=59.9082 since_improve=391
t=285090ms iter=814 WAIST cost=56.0000 best_alt=50.0000 gap=6.0000 tried=5 sep_labels=50 clique_frac=0.01
t=285225ms iter=814 REBUILD reject new_tc=69.0047 (was 59.9107)
t=285380ms iter=814 incumb=59.9107 ratchet=60.0252 best=59.9082 since_improve=392
t=285388ms iter=815 WAIST cost=56.0000 best_alt=50.0000 gap=6.0000 tried=5 sep_labels=50 clique_frac=0.01
t=285493ms iter=815 REBUILD reject new_tc=61.5031 (was 59.9107)
t=285592ms iter=815 incumb=59.9107 ratchet=60.1061 best=59.9082 since_improve=393
t=285597ms iter=816 WAIST cost=56.0000 best_alt=52.0000 gap=4.0000 tried=5 sep_labels=52 clique_frac=0.01
t=285724ms iter=816 REBUILD reject new_tc=67.0021 (was 59.9107)
t=285868ms iter=816 incumb=59.9107 ratchet=60.1276 best=59.9082 since_improve=394
t=285874ms iter=817 WAIST cost=56.0000 best_alt=52.0000 gap=4.0000 tried=5 sep_labels=52 clique_frac=0.01
t=286033ms iter=817 REBUILD reject new_tc=65.9486 (was 59.9107)
t=286183ms iter=817 incumb=59.9107 ratchet=59.9815 best=59.9082 since_improve=395
t=286192ms iter=818 WAIST cost=56.0000 best_alt=52.0000 gap=4.0000 tried=5 sep_labels=52 clique_frac=0.01
t=286357ms iter=818 REBUILD reject new_tc=67.3261 (was 59.9107)
t=286490ms iter=818 incumb=59.9107 ratchet=60.0697 best=59.9082 since_improve=396
t=286494ms iter=819 WAIST cost=56.0000 best_alt=52.0000 gap=4.0000 tried=5 sep_labels=52 clique_frac=0.01
t=286605ms iter=819 REBUILD reject new_tc=60.1112 (was 59.9107)
t=286727ms iter=819 incumb=59.9107 ratchet=60.0571 best=59.9082 since_improve=397
t=286734ms iter=820 WAIST cost=56.0000 best_alt=52.0000 gap=4.0000 tried=5 sep_labels=52 clique_frac=0.01
t=286894ms iter=820 REBUILD reject new_tc=61.3897 (was 59.9107)
t=287038ms iter=820 incumb=59.9107 ratchet=60.3461 best=59.9082 since_improve=398
t=287047ms iter=821 WAIST cost=56.0000 best_alt=52.0000 gap=4.0000 tried=5 sep_labels=52 clique_frac=0.01
t=287200ms iter=821 REBUILD reject new_tc=67.2195 (was 59.9107)
t=287343ms iter=821 incumb=59.9107 ratchet=60.0049 best=59.9082 since_improve=399
t=287352ms iter=822 WAIST cost=56.0000 best_alt=52.0000 gap=4.0000 tried=5 sep_labels=52 clique_frac=0.01
t=287493ms iter=822 REBUILD reject new_tc=60.7797 (was 59.9107)
t=287806ms iter=822 incumb=59.9107 ratchet=59.9029 best=59.9029 since_improve=0
t=287814ms iter=823 WAIST cost=56.0000 best_alt=51.0000 gap=5.0000 tried=5 sep_labels=51 clique_frac=0.01
t=287977ms iter=823 REBUILD reject new_tc=60.3170 (was 59.9029)
t=288103ms iter=823 incumb=59.9029 ratchet=60.0193 best=59.9029 since_improve=1
t=288108ms iter=824 WAIST cost=56.0000 best_alt=49.0000 gap=7.0000 tried=5 sep_labels=49 clique_frac=0.01
t=288209ms iter=824 REBUILD reject new_tc=61.3046 (was 59.9029)
t=288314ms iter=824 incumb=59.9029 ratchet=59.9623 best=59.9029 since_improve=2
t=288318ms iter=825 WAIST cost=56.0000 best_alt=52.0000 gap=4.0000 tried=5 sep_labels=52 clique_frac=0.01
t=288425ms iter=825 REBUILD reject new_tc=70.0023 (was 59.9029)
t=288527ms iter=825 incumb=59.9029 ratchet=59.9482 best=59.9029 since_improve=3
t=288533ms iter=826 WAIST cost=56.0000 best_alt=51.0000 gap=5.0000 tried=5 sep_labels=51 clique_frac=0.01
t=288625ms iter=826 REBUILD reject new_tc=78.0000 (was 59.9029)
t=288755ms iter=826 incumb=59.9029 ratchet=60.0422 best=59.9029 since_improve=4
t=288762ms iter=827 WAIST cost=56.0000 best_alt=52.0000 gap=4.0000 tried=5 sep_labels=52 clique_frac=0.01
t=288926ms iter=827 REBUILD reject new_tc=61.3714 (was 59.9029)
t=289086ms iter=827 incumb=59.9029 ratchet=59.9885 best=59.9029 since_improve=5
t=289093ms iter=828 WAIST cost=56.0000 best_alt=51.0000 gap=5.0000 tried=5 sep_labels=51 clique_frac=0.01
t=289233ms iter=828 REBUILD reject new_tc=61.5758 (was 59.9029)
t=289381ms iter=828 incumb=59.9029 ratchet=60.2659 best=59.9029 since_improve=6
t=289387ms iter=829 WAIST cost=56.0000 best_alt=52.0000 gap=4.0000 tried=5 sep_labels=52 clique_frac=0.01
t=289543ms iter=829 REBUILD reject new_tc=61.3949 (was 59.9029)
t=289688ms iter=829 incumb=59.9029 ratchet=60.0280 best=59.9029 since_improve=7
t=289696ms iter=830 WAIST cost=56.0000 best_alt=51.0000 gap=5.0000 tried=5 sep_labels=51 clique_frac=0.01
t=289839ms iter=830 REBUILD reject new_tc=61.3263 (was 59.9029)
t=289987ms iter=830 incumb=59.9029 ratchet=60.0165 best=59.9029 since_improve=8
t=289994ms iter=831 WAIST cost=56.0000 best_alt=52.0000 gap=4.0000 tried=5 sep_labels=52 clique_frac=0.01
t=290160ms iter=831 REBUILD reject new_tc=61.4115 (was 59.9029)
t=290299ms iter=831 incumb=59.9029 ratchet=59.9932 best=59.9029 since_improve=9
t=290304ms iter=832 WAIST cost=56.0000 best_alt=52.0000 gap=4.0000 tried=5 sep_labels=52 clique_frac=0.01
t=290453ms iter=832 REBUILD reject new_tc=61.6363 (was 59.9029)
t=290565ms iter=832 incumb=59.9029 ratchet=60.6298 best=59.9029 since_improve=10
t=290570ms iter=833 WAIST cost=56.0000 best_alt=52.0000 gap=4.0000 tried=5 sep_labels=52 clique_frac=0.01
t=290679ms iter=833 REBUILD reject new_tc=61.8429 (was 59.9029)
t=290830ms iter=833 incumb=59.9029 ratchet=60.1237 best=59.9029 since_improve=11
t=290838ms iter=834 WAIST cost=56.0000 best_alt=52.0000 gap=4.0000 tried=5 sep_labels=52 clique_frac=0.01
t=290990ms iter=834 REBUILD reject new_tc=75.0008 (was 59.9029)
t=291002ms iter=834 incumb=59.9029 ratchet=62.3835 best=59.9029 since_improve=12
t_final=291254ms tc_reduced=59.9029 tc_full=60.5953 leaves=3369
surgery summary: calls=834 cheaper_cuts=834 rebuild_accepts=0 waist_min_hits=0
