probe: instance=sycamore_53_20_0 n_orig=3369 n=381 fusible=0.8869 nlabels=754 t=16ms
seed_greedy tc=82.0056 t=523ms
t=623ms iter=1 WAIST cost=56.0000 best_alt=48.0000 gap=8.0000 tried=5 sep_labels=48 clique_frac=0.01
t=983ms iter=1 REBUILD ACCEPT new_tc=60.4913 (was 61.8520)
t=4840ms iter=1 incumb=60.4913 ratchet=60.0776 best=60.0615 since_improve=0
t=4849ms iter=2 WAIST cost=56.0000 best_alt=51.0000 gap=5.0000 tried=5 sep_labels=51 clique_frac=0.01
t=5014ms iter=2 REBUILD reject new_tc=61.2477 (was 60.0776)
t=5171ms iter=2 incumb=60.0776 ratchet=60.0862 best=60.0615 since_improve=1
t=5180ms iter=3 WAIST cost=56.0000 best_alt=50.0000 gap=6.0000 tried=5 sep_labels=50 clique_frac=0.01
t=5339ms iter=3 REBUILD reject new_tc=61.3517 (was 60.0776)
t=5495ms iter=3 incumb=60.0776 ratchet=60.0938 best=60.0615 since_improve=2
t=5504ms iter=4 WAIST cost=56.0000 best_alt=52.0000 gap=4.0000 tried=5 sep_labels=52 clique_frac=0.01
t=5705ms iter=4 REBUILD reject new_tc=60.2845 (was 60.0776)
t=6467ms iter=4 incumb=60.0776 ratchet=60.0209 best=60.0209 since_improve=0
t=6477ms iter=5 WAIST cost=56.0000 best_alt=51.0000 gap=5.0000 tried=5 sep_labels=51 clique_frac=0.01
t=6638ms iter=5 REBUILD reject new_tc=61.5327 (was 60.0209)
t=7165ms iter=5 incumb=60.0209 ratchet=60.0304 best=59.9941 since_improve=1
t=7176ms iter=6 WAIST cost=56.0000 best_alt=52.0000 gap=4.0000 tried=5 sep_labels=52 clique_frac=0.01
t=7350ms iter=6 REBUILD reject new_tc=61.3616 (was 60.0209)
t=7506ms iter=6 incumb=60.0209 ratchet=60.1287 best=59.9941 since_improve=2
t=7512ms iter=7 WAIST cost=56.0000 best_alt=52.0000 gap=4.0000 tried=5 sep_labels=52 clique_frac=0.01
t=7684ms iter=7 REBUILD reject new_tc=60.7008 (was 60.0209)
t=7847ms iter=7 incumb=60.0209 ratchet=60.0609 best=59.9941 since_improve=3
t=7857ms iter=8 WAIST cost=56.0000 best_alt=52.0000 gap=4.0000 tried=5 sep_labels=52 clique_frac=0.01
t=8016ms iter=8 REBUILD reject new_tc=78.0000 (was 60.0209)
t=8176ms iter=8 incumb=60.0209 ratchet=60.0783 best=59.9941 since_improve=4
t=8184ms iter=9 WAIST cost=56.0000 best_alt=52.0000 gap=4.0000 tried=5 sep_labels=52 clique_frac=0.01
t=8356ms iter=9 REBUILD reject new_tc=60.4589 (was 60.0209)
t=8519ms iter=9 incumb=60.0209 ratchet=60.0323 best=59.9941 since_improve=5
t=8526ms iter=10 WAIST cost=56.0000 best_alt=52.0000 gap=4.0000 tried=5 sep_labels=52 clique_frac=0.01
t=8702ms iter=10 REBUILD reject new_tc=61.1978 (was 60.0209)
t=9470ms iter=10 incumb=60.0209 ratchet=59.9462 best=59.9404 since_improve=0
t=9477ms iter=11 WAIST cost=56.0000 best_alt=51.0000 gap=5.0000 tried=5 sep_labels=51 clique_frac=0.01
t=9626ms iter=11 REBUILD reject new_tc=69.8041 (was 59.9462)
t=9785ms iter=11 incumb=59.9462 ratchet=60.0931 best=59.9404 since_improve=1
t=9793ms iter=12 WAIST cost=56.0000 best_alt=51.0000 gap=5.0000 tried=5 sep_labels=51 clique_frac=0.01
t=9945ms iter=12 REBUILD reject new_tc=67.9505 (was 59.9462)
t=10101ms iter=12 incumb=59.9462 ratchet=60.0463 best=59.9404 since_improve=2
t=10110ms iter=13 WAIST cost=56.0000 best_alt=51.0000 gap=5.0000 tried=5 sep_labels=51 clique_frac=0.01
t=10265ms iter=13 REBUILD reject new_tc=61.0926 (was 59.9462)
t=10427ms iter=13 incumb=59.9462 ratchet=60.0479 best=59.9404 since_improve=3
t=10434ms iter=14 WAIST cost=56.0000 best_alt=52.0000 gap=4.0000 tried=5 sep_labels=52 clique_frac=0.01
t=10612ms iter=14 REBUILD reject new_tc=61.4038 (was 59.9462)
t=10771ms iter=14 incumb=59.9462 ratchet=59.9730 best=59.9404 since_improve=4
t=10779ms iter=15 WAIST cost=56.0000 best_alt=51.0000 gap=5.0000 tried=5 sep_labels=51 clique_frac=0.01
t=10944ms iter=15 REBUILD reject new_tc=62.1766 (was 59.9462)
t=11102ms iter=15 incumb=59.9462 ratchet=60.1316 best=59.9404 since_improve=5
t=11112ms iter=16 WAIST cost=56.0000 best_alt=51.0000 gap=5.0000 tried=5 sep_labels=51 clique_frac=0.01
t=11262ms iter=16 REBUILD reject new_tc=61.9346 (was 59.9462)
t=11423ms iter=16 incumb=59.9462 ratchet=60.0047 best=59.9404 since_improve=6
t=11431ms iter=17 WAIST cost=56.0000 best_alt=52.0000 gap=4.0000 tried=5 sep_labels=52 clique_frac=0.01
t=11600ms iter=17 REBUILD reject new_tc=61.0387 (was 59.9462)
t=11759ms iter=17 incumb=59.9462 ratchet=60.0250 best=59.9404 since_improve=7
t=11768ms iter=18 WAIST cost=56.0000 best_alt=51.0000 gap=5.0000 tried=5 sep_labels=51 clique_frac=0.02
t=11927ms iter=18 REBUILD reject new_tc=61.3973 (was 59.9462)
t=12087ms iter=18 incumb=59.9462 ratchet=59.9735 best=59.9404 since_improve=8
t=12094ms iter=19 WAIST cost=56.0000 best_alt=50.0000 gap=6.0000 tried=5 sep_labels=50 clique_frac=0.01
t=12255ms iter=19 REBUILD reject new_tc=61.5794 (was 59.9462)
t=12415ms iter=19 incumb=59.9462 ratchet=60.1327 best=59.9404 since_improve=9
t=12426ms iter=20 WAIST cost=56.0000 best_alt=51.0000 gap=5.0000 tried=5 sep_labels=51 clique_frac=0.01
t=12575ms iter=20 REBUILD reject new_tc=69.1599 (was 59.9462)
t=12728ms iter=20 incumb=59.9462 ratchet=59.9733 best=59.9404 since_improve=10
t=12738ms iter=21 WAIST cost=56.0000 best_alt=50.0000 gap=6.0000 tried=5 sep_labels=50 clique_frac=0.01
t=12898ms iter=21 REBUILD reject new_tc=61.9343 (was 59.9462)
t=13056ms iter=21 incumb=59.9462 ratchet=60.1518 best=59.9404 since_improve=11
t=13064ms iter=22 WAIST cost=56.0000 best_alt=51.0000 gap=5.0000 tried=5 sep_labels=51 clique_frac=0.01
t=13231ms iter=22 REBUILD reject new_tc=61.9305 (was 59.9462)
t=13954ms iter=22 incumb=59.9462 ratchet=59.9105 best=59.8863 since_improve=0
t=13964ms iter=23 WAIST cost=56.0000 best_alt=50.0000 gap=6.0000 tried=5 sep_labels=50 clique_frac=0.01
t=14103ms iter=23 REBUILD reject new_tc=75.0079 (was 59.9105)
t=14264ms iter=23 incumb=59.9105 ratchet=59.9869 best=59.8863 since_improve=1
t=14273ms iter=24 WAIST cost=56.0000 best_alt=52.0000 gap=4.0000 tried=5 sep_labels=52 clique_frac=0.01
t=14448ms iter=24 REBUILD reject new_tc=65.8985 (was 59.9105)
t=14599ms iter=24 incumb=59.9105 ratchet=60.0479 best=59.8863 since_improve=2
t=14607ms iter=25 WAIST cost=56.0000 best_alt=49.0000 gap=7.0000 tried=5 sep_labels=49 clique_frac=0.01
t=14753ms iter=25 REBUILD reject new_tc=61.3682 (was 59.9105)
t=15103ms iter=25 incumb=59.9105 ratchet=59.9429 best=59.8823 since_improve=3
t=15115ms iter=26 WAIST cost=56.0000 best_alt=49.0000 gap=7.0000 tried=5 sep_labels=49 clique_frac=0.01
t=15273ms iter=26 REBUILD reject new_tc=61.3718 (was 59.9105)
t=15426ms iter=26 incumb=59.9105 ratchet=59.8856 best=59.8823 since_improve=0
t=15435ms iter=27 WAIST cost=56.0000 best_alt=52.0000 gap=4.0000 tried=5 sep_labels=52 clique_frac=0.01
t=15608ms iter=27 REBUILD reject new_tc=66.6222 (was 59.8856)
t=15766ms iter=27 incumb=59.8856 ratchet=60.5256 best=59.8823 since_improve=1
t=15774ms iter=28 WAIST cost=56.0000 best_alt=52.0000 gap=4.0000 tried=5 sep_labels=52 clique_frac=0.01
t=15943ms iter=28 REBUILD reject new_tc=61.3991 (was 59.8856)
t=16096ms iter=28 incumb=59.8856 ratchet=59.9338 best=59.8823 since_improve=2
t=16104ms iter=29 WAIST cost=56.0000 best_alt=52.0000 gap=4.0000 tried=5 sep_labels=52 clique_frac=0.01
t=16278ms iter=29 REBUILD reject new_tc=61.5107 (was 59.8856)
t=17652ms iter=29 incumb=59.8856 ratchet=59.8808 best=59.8808 since_improve=0
t=17659ms iter=30 WAIST cost=56.0000 best_alt=49.0000 gap=7.0000 tried=5 sep_labels=49 clique_frac=0.01
t=17813ms iter=30 REBUILD reject new_tc=65.8781 (was 59.8808)
t=17969ms iter=30 incumb=59.8808 ratchet=59.9730 best=59.8808 since_improve=1
t=17977ms iter=31 WAIST cost=56.0000 best_alt=52.0000 gap=4.0000 tried=5 sep_labels=52 clique_frac=0.01
t=18150ms iter=31 REBUILD reject new_tc=61.3585 (was 59.8808)
t=18479ms iter=31 incumb=59.8808 ratchet=59.8852 best=59.8719 since_improve=2
t=18487ms iter=32 WAIST cost=56.0000 best_alt=49.0000 gap=7.0000 tried=5 sep_labels=49 clique_frac=0.01
t=18645ms iter=32 REBUILD reject new_tc=61.5354 (was 59.8808)
t=18802ms iter=32 incumb=59.8808 ratchet=59.9554 best=59.8719 since_improve=3
t=18812ms iter=33 WAIST cost=56.0000 best_alt=51.0000 gap=5.0000 tried=5 sep_labels=51 clique_frac=0.01
t=18972ms iter=33 REBUILD reject new_tc=70.0019 (was 59.8808)
t=19126ms iter=33 incumb=59.8808 ratchet=59.9893 best=59.8719 since_improve=4
t=19134ms iter=34 WAIST cost=56.0000 best_alt=52.0000 gap=4.0000 tried=5 sep_labels=52 clique_frac=0.01
t=19312ms iter=34 REBUILD reject new_tc=61.3345 (was 59.8808)
t=19464ms iter=34 incumb=59.8808 ratchet=59.9566 best=59.8719 since_improve=5
t=19472ms iter=35 WAIST cost=56.0000 best_alt=52.0000 gap=4.0000 tried=5 sep_labels=52 clique_frac=0.01
t=19640ms iter=35 REBUILD reject new_tc=62.5504 (was 59.8808)
t=19790ms iter=35 incumb=59.8808 ratchet=59.9901 best=59.8719 since_improve=6
t=19799ms iter=36 WAIST cost=56.0000 best_alt=52.0000 gap=4.0000 tried=5 sep_labels=52 clique_frac=0.01
t=19973ms iter=36 REBUILD reject new_tc=61.3729 (was 59.8808)
t=20125ms iter=36 incumb=59.8808 ratchet=60.0709 best=59.8719 since_improve=7
t=20133ms iter=37 WAIST cost=56.0000 best_alt=51.0000 gap=5.0000 tried=5 sep_labels=51 clique_frac=0.01
t=20294ms iter=37 REBUILD reject new_tc=61.7217 (was 59.8808)
t=20446ms iter=37 incumb=59.8808 ratchet=60.3718 best=59.8719 since_improve=8
t=20456ms iter=38 WAIST cost=56.0000 best_alt=52.0000 gap=4.0000 tried=5 sep_labels=52 clique_frac=0.01
t=20617ms iter=38 REBUILD reject new_tc=67.2323 (was 59.8808)
t=20962ms iter=38 incumb=59.8808 ratchet=59.8837 best=59.8713 since_improve=9
t=20974ms iter=39 WAIST cost=56.0000 best_alt=52.0000 gap=4.0000 tried=5 sep_labels=52 clique_frac=0.01
t=21150ms iter=39 REBUILD reject new_tc=61.5530 (was 59.8808)
t=21305ms iter=39 incumb=59.8808 ratchet=60.1695 best=59.8713 since_improve=10
t=21314ms iter=40 WAIST cost=56.0000 best_alt=52.0000 gap=4.0000 tried=5 sep_labels=52 clique_frac=0.01
t=21492ms iter=40 REBUILD reject new_tc=61.0206 (was 59.8808)
t=21649ms iter=40 incumb=59.8808 ratchet=60.0768 best=59.8713 since_improve=11
t=21658ms iter=41 WAIST cost=56.0000 best_alt=51.0000 gap=5.0000 tried=5 sep_labels=51 clique_frac=0.01
t=21817ms iter=41 REBUILD reject new_tc=61.6002 (was 59.8808)
t=21981ms iter=41 incumb=59.8808 ratchet=59.9920 best=59.8713 since_improve=12
t=21990ms iter=42 WAIST cost=56.0000 best_alt=52.0000 gap=4.0000 tried=5 sep_labels=52 clique_frac=0.01
t=22156ms iter=42 REBUILD reject new_tc=67.5552 (was 59.8808)
t=22317ms iter=42 incumb=59.8808 ratchet=59.9317 best=59.8713 since_improve=13
t=22325ms iter=43 WAIST cost=56.0000 best_alt=51.0000 gap=5.0000 tried=5 sep_labels=51 clique_frac=0.01
t=22483ms iter=43 REBUILD reject new_tc=61.0139 (was 59.8808)
t=22645ms iter=43 incumb=59.8808 ratchet=59.9688 best=59.8713 since_improve=14
t=22652ms iter=44 WAIST cost=56.0000 best_alt=52.0000 gap=4.0000 tried=5 sep_labels=52 clique_frac=0.01
t=22820ms iter=44 REBUILD reject new_tc=60.9267 (was 59.8808)
t=22977ms iter=44 incumb=59.8808 ratchet=60.0653 best=59.8713 since_improve=15
t=22987ms iter=45 WAIST cost=56.0000 best_alt=50.0000 gap=6.0000 tried=5 sep_labels=50 clique_frac=0.01
t=23140ms iter=45 REBUILD reject new_tc=63.4066 (was 59.8808)
t=23294ms iter=45 incumb=59.8808 ratchet=59.9614 best=59.8713 since_improve=16
t=23302ms iter=46 WAIST cost=56.0000 best_alt=50.0000 gap=6.0000 tried=5 sep_labels=50 clique_frac=0.01
t=23451ms iter=46 REBUILD reject new_tc=61.4262 (was 59.8808)
t=23610ms iter=46 incumb=59.8808 ratchet=59.9642 best=59.8713 since_improve=17
t=23617ms iter=47 WAIST cost=56.0000 best_alt=51.0000 gap=5.0000 tried=5 sep_labels=51 clique_frac=0.01
t=23770ms iter=47 REBUILD reject new_tc=61.4566 (was 59.8808)
t=23933ms iter=47 incumb=59.8808 ratchet=59.9450 best=59.8713 since_improve=18
t=23940ms iter=48 WAIST cost=56.0000 best_alt=52.0000 gap=4.0000 tried=5 sep_labels=52 clique_frac=0.01
t=24118ms iter=48 REBUILD reject new_tc=60.7408 (was 59.8808)
t=24274ms iter=48 incumb=59.8808 ratchet=59.9227 best=59.8713 since_improve=19
t=24282ms iter=49 WAIST cost=56.0000 best_alt=51.0000 gap=5.0000 tried=5 sep_labels=51 clique_frac=0.01
t=24433ms iter=49 REBUILD reject new_tc=61.4033 (was 59.8808)
t=24590ms iter=49 incumb=59.8808 ratchet=59.9939 best=59.8713 since_improve=20
t=24599ms iter=50 WAIST cost=56.0000 best_alt=49.0000 gap=7.0000 tried=5 sep_labels=49 clique_frac=0.01
t=24742ms iter=50 REBUILD reject new_tc=62.0540 (was 59.8808)
t=24898ms iter=50 incumb=59.8808 ratchet=60.0388 best=59.8713 since_improve=21
t=24908ms iter=51 WAIST cost=56.0000 best_alt=49.0000 gap=7.0000 tried=5 sep_labels=49 clique_frac=0.01
t=25062ms iter=51 REBUILD reject new_tc=61.5383 (was 59.8808)
t=25225ms iter=51 incumb=59.8808 ratchet=59.8860 best=59.8713 since_improve=22
t=25233ms iter=52 WAIST cost=56.0000 best_alt=52.0000 gap=4.0000 tried=5 sep_labels=52 clique_frac=0.01
t=25404ms iter=52 REBUILD reject new_tc=61.8986 (was 59.8808)
t=25565ms iter=52 incumb=59.8808 ratchet=59.9600 best=59.8713 since_improve=23
t=25573ms iter=53 WAIST cost=56.0000 best_alt=52.0000 gap=4.0000 tried=5 sep_labels=52 clique_frac=0.01
t=25748ms iter=53 REBUILD reject new_tc=61.4522 (was 59.8808)
t=25905ms iter=53 incumb=59.8808 ratchet=59.9723 best=59.8713 since_improve=24
t=25916ms iter=54 WAIST cost=56.0000 best_alt=51.0000 gap=5.0000 tried=5 sep_labels=51 clique_frac=0.01
t=26089ms iter=54 REBUILD reject new_tc=61.5864 (was 59.8808)
t=26262ms iter=54 incumb=59.8808 ratchet=59.9979 best=59.8713 since_improve=25
t=26271ms iter=55 WAIST cost=56.0000 best_alt=52.0000 gap=4.0000 tried=5 sep_labels=52 clique_frac=0.01
t=26451ms iter=55 REBUILD reject new_tc=61.4442 (was 59.8808)
t=26646ms iter=55 incumb=59.8808 ratchet=59.9234 best=59.8713 since_improve=26
t=26656ms iter=56 WAIST cost=56.0000 best_alt=52.0000 gap=4.0000 tried=5 sep_labels=52 clique_frac=0.01
t=26830ms iter=56 REBUILD reject new_tc=65.1778 (was 59.8808)
t=26988ms iter=56 incumb=59.8808 ratchet=60.0029 best=59.8713 since_improve=27
t=26996ms iter=57 WAIST cost=56.0000 best_alt=52.0000 gap=4.0000 tried=5 sep_labels=52 clique_frac=0.01
t=27153ms iter=57 REBUILD reject new_tc=77.0000 (was 59.8808)
t=27301ms iter=57 incumb=59.8808 ratchet=59.9021 best=59.8713 since_improve=28
t=27311ms iter=58 WAIST cost=56.0000 best_alt=50.0000 gap=6.0000 tried=5 sep_labels=50 clique_frac=0.01
t=27458ms iter=58 REBUILD reject new_tc=65.5384 (was 59.8808)
t=27615ms iter=58 incumb=59.8808 ratchet=59.9179 best=59.8713 since_improve=29
t=27623ms iter=59 WAIST cost=56.0000 best_alt=51.0000 gap=5.0000 tried=5 sep_labels=51 clique_frac=0.01
t=27782ms iter=59 REBUILD reject new_tc=61.4848 (was 59.8808)
t=28143ms iter=59 incumb=59.8808 ratchet=59.8698 best=59.8698 since_improve=0
t=28151ms iter=60 WAIST cost=56.0000 best_alt=51.0000 gap=5.0000 tried=5 sep_labels=51 clique_frac=0.01
t=28302ms iter=60 REBUILD reject new_tc=61.2108 (was 59.8698)
t=28462ms iter=60 incumb=59.8698 ratchet=59.9714 best=59.8698 since_improve=1
t=28470ms iter=61 WAIST cost=56.0000 best_alt=52.0000 gap=4.0000 tried=5 sep_labels=52 clique_frac=0.01
t=28629ms iter=61 REBUILD reject new_tc=78.0000 (was 59.8698)
t=28785ms iter=61 incumb=59.8698 ratchet=59.9326 best=59.8698 since_improve=2
t=28794ms iter=62 WAIST cost=56.0000 best_alt=51.0000 gap=5.0000 tried=5 sep_labels=51 clique_frac=0.01
t=28945ms iter=62 REBUILD reject new_tc=61.8905 (was 59.8698)
t=29102ms iter=62 incumb=59.8698 ratchet=60.0139 best=59.8698 since_improve=3
t=29110ms iter=63 WAIST cost=56.0000 best_alt=52.0000 gap=4.0000 tried=5 sep_labels=52 clique_frac=0.01
t=29282ms iter=63 REBUILD reject new_tc=61.0207 (was 59.8698)
t=29442ms iter=63 incumb=59.8698 ratchet=59.9962 best=59.8698 since_improve=4
t=29450ms iter=64 WAIST cost=56.0000 best_alt=50.0000 gap=6.0000 tried=5 sep_labels=50 clique_frac=0.01
t=29602ms iter=64 REBUILD reject new_tc=61.4141 (was 59.8698)
t=29755ms iter=64 incumb=59.8698 ratchet=59.9834 best=59.8698 since_improve=5
t=29762ms iter=65 WAIST cost=56.0000 best_alt=52.0000 gap=4.0000 tried=5 sep_labels=52 clique_frac=0.01
t=29936ms iter=65 REBUILD reject new_tc=61.3014 (was 59.8698)
t=30090ms iter=65 incumb=59.8698 ratchet=59.9201 best=59.8698 since_improve=6
t=30097ms iter=66 WAIST cost=56.0000 best_alt=52.0000 gap=4.0000 tried=5 sep_labels=52 clique_frac=0.01
t=30253ms iter=66 REBUILD reject new_tc=79.0001 (was 59.8698)
t=30414ms iter=66 incumb=59.8698 ratchet=60.0253 best=59.8698 since_improve=7
t=30422ms iter=67 WAIST cost=56.0000 best_alt=52.0000 gap=4.0000 tried=5 sep_labels=52 clique_frac=0.01
t=30575ms iter=67 REBUILD reject new_tc=81.0000 (was 59.8698)
t=30734ms iter=67 incumb=59.8698 ratchet=59.9966 best=59.8698 since_improve=8
t=30742ms iter=68 WAIST cost=56.0000 best_alt=49.0000 gap=7.0000 tried=5 sep_labels=49 clique_frac=0.01
t=30899ms iter=68 REBUILD reject new_tc=61.1488 (was 59.8698)
t=31059ms iter=68 incumb=59.8698 ratchet=59.9951 best=59.8698 since_improve=9
t=31067ms iter=69 WAIST cost=56.0000 best_alt=52.0000 gap=4.0000 tried=5 sep_labels=52 clique_frac=0.01
t=31239ms iter=69 REBUILD reject new_tc=61.5523 (was 59.8698)
t=31400ms iter=69 incumb=59.8698 ratchet=59.9538 best=59.8698 since_improve=10
t=31409ms iter=70 WAIST cost=56.0000 best_alt=52.0000 gap=4.0000 tried=5 sep_labels=52 clique_frac=0.01
t=31571ms iter=70 REBUILD reject new_tc=67.1870 (was 59.8698)
t=31728ms iter=70 incumb=59.8698 ratchet=59.9929 best=59.8698 since_improve=11
t=31737ms iter=71 WAIST cost=56.0000 best_alt=52.0000 gap=4.0000 tried=5 sep_labels=52 clique_frac=0.01
t=31914ms iter=71 REBUILD reject new_tc=61.2394 (was 59.8698)
t=32069ms iter=71 incumb=59.8698 ratchet=59.9267 best=59.8698 since_improve=12
t=32079ms iter=72 WAIST cost=56.0000 best_alt=52.0000 gap=4.0000 tried=5 sep_labels=52 clique_frac=0.01
t=32249ms iter=72 REBUILD reject new_tc=60.7508 (was 59.8698)
t=32591ms iter=72 incumb=59.8698 ratchet=59.9447 best=59.8666 since_improve=13
t=32599ms iter=73 WAIST cost=56.0000 best_alt=52.0000 gap=4.0000 tried=5 sep_labels=52 clique_frac=0.01
t=32772ms iter=73 REBUILD reject new_tc=60.5686 (was 59.8698)
t=32924ms iter=73 incumb=59.8698 ratchet=60.0458 best=59.8666 since_improve=14
t=32932ms iter=74 WAIST cost=56.0000 best_alt=52.0000 gap=4.0000 tried=5 sep_labels=52 clique_frac=0.01
t=33098ms iter=74 REBUILD reject new_tc=61.3375 (was 59.8698)
t=33253ms iter=74 incumb=59.8698 ratchet=59.9650 best=59.8666 since_improve=15
t=33262ms iter=75 WAIST cost=56.0000 best_alt=52.0000 gap=4.0000 tried=5 sep_labels=52 clique_frac=0.01
t=33440ms iter=75 REBUILD reject new_tc=61.6268 (was 59.8698)
t=33599ms iter=75 incumb=59.8698 ratchet=59.9741 best=59.8666 since_improve=16
t=33607ms iter=76 WAIST cost=56.0000 best_alt=51.0000 gap=5.0000 tried=5 sep_labels=51 clique_frac=0.01
t=33769ms iter=76 REBUILD reject new_tc=61.4272 (was 59.8698)
t=33924ms iter=76 incumb=59.8698 ratchet=59.8924 best=59.8666 since_improve=17
t=33931ms iter=77 WAIST cost=56.0000 best_alt=52.0000 gap=4.0000 tried=5 sep_labels=52 clique_frac=0.01
t=34098ms iter=77 REBUILD reject new_tc=64.3460 (was 59.8698)
t=34251ms iter=77 incumb=59.8698 ratchet=59.9368 best=59.8666 since_improve=18
t=34258ms iter=78 WAIST cost=56.0000 best_alt=50.0000 gap=6.0000 tried=5 sep_labels=50 clique_frac=0.01
t=34411ms iter=78 REBUILD reject new_tc=61.4083 (was 59.8698)
t=34570ms iter=78 incumb=59.8698 ratchet=60.0344 best=59.8666 since_improve=19
t=34579ms iter=79 WAIST cost=56.0000 best_alt=51.0000 gap=5.0000 tried=5 sep_labels=51 clique_frac=0.01
t=34720ms iter=79 REBUILD reject new_tc=79.0001 (was 59.8698)
t=34884ms iter=79 incumb=59.8698 ratchet=60.0296 best=59.8666 since_improve=20
t=34893ms iter=80 WAIST cost=56.0000 best_alt=51.0000 gap=5.0000 tried=5 sep_labels=51 clique_frac=0.01
t=35068ms iter=80 REBUILD reject new_tc=64.9658 (was 59.8698)
t=35228ms iter=80 incumb=59.8698 ratchet=60.0512 best=59.8666 since_improve=21
t=35238ms iter=81 WAIST cost=56.0000 best_alt=52.0000 gap=4.0000 tried=5 sep_labels=52 clique_frac=0.01
t=35409ms iter=81 REBUILD reject new_tc=60.9730 (was 59.8698)
t=35565ms iter=81 incumb=59.8698 ratchet=59.9264 best=59.8666 since_improve=22
t=35572ms iter=82 WAIST cost=56.0000 best_alt=52.0000 gap=4.0000 tried=5 sep_labels=52 clique_frac=0.01
t=35745ms iter=82 REBUILD reject new_tc=61.1841 (was 59.8698)
t=35902ms iter=82 incumb=59.8698 ratchet=60.1631 best=59.8666 since_improve=23
t=35909ms iter=83 WAIST cost=56.0000 best_alt=52.0000 gap=4.0000 tried=5 sep_labels=52 clique_frac=0.01
t=36074ms iter=83 REBUILD reject new_tc=66.3156 (was 59.8698)
t=36232ms iter=83 incumb=59.8698 ratchet=59.9905 best=59.8666 since_improve=24
t=36241ms iter=84 WAIST cost=56.0000 best_alt=52.0000 gap=4.0000 tried=5 sep_labels=52 clique_frac=0.01
t=36418ms iter=84 REBUILD reject new_tc=60.5821 (was 59.8698)
t=36572ms iter=84 incumb=59.8698 ratchet=60.0120 best=59.8666 since_improve=25
t=36581ms iter=85 WAIST cost=56.0000 best_alt=51.0000 gap=5.0000 tried=5 sep_labels=51 clique_frac=0.01
t=36745ms iter=85 REBUILD reject new_tc=61.5983 (was 59.8698)
t=36900ms iter=85 incumb=59.8698 ratchet=59.9549 best=59.8666 since_improve=26
t=36907ms iter=86 WAIST cost=56.0000 best_alt=51.0000 gap=5.0000 tried=5 sep_labels=51 clique_frac=0.01
t=37069ms iter=86 REBUILD reject new_tc=63.6313 (was 59.8698)
t=37227ms iter=86 incumb=59.8698 ratchet=60.0391 best=59.8666 since_improve=27
t=37237ms iter=87 WAIST cost=56.0000 best_alt=51.0000 gap=5.0000 tried=5 sep_labels=51 clique_frac=0.01
t=37392ms iter=87 REBUILD reject new_tc=61.0506 (was 59.8698)
t=37549ms iter=87 incumb=59.8698 ratchet=60.0583 best=59.8666 since_improve=28
t=37556ms iter=88 WAIST cost=56.0000 best_alt=52.0000 gap=4.0000 tried=5 sep_labels=52 clique_frac=0.01
t=37740ms iter=88 REBUILD reject new_tc=61.4015 (was 59.8698)
t=37891ms iter=88 incumb=59.8698 ratchet=60.0470 best=59.8666 since_improve=29
t=37901ms iter=89 WAIST cost=56.0000 best_alt=52.0000 gap=4.0000 tried=5 sep_labels=52 clique_frac=0.01
t=38073ms iter=89 REBUILD reject new_tc=61.2618 (was 59.8698)
t=38225ms iter=89 incumb=59.8698 ratchet=60.0588 best=59.8666 since_improve=30
t=38234ms iter=90 WAIST cost=56.0000 best_alt=51.0000 gap=5.0000 tried=5 sep_labels=51 clique_frac=0.01
t=38390ms iter=90 REBUILD reject new_tc=61.7109 (was 59.8698)
t=38548ms iter=90 incumb=59.8698 ratchet=59.9574 best=59.8666 since_improve=31
t=38557ms iter=91 WAIST cost=56.0000 best_alt=49.0000 gap=7.0000 tried=5 sep_labels=49 clique_frac=0.01
t=38709ms iter=91 REBUILD reject new_tc=61.3344 (was 59.8698)
t=38868ms iter=91 incumb=59.8698 ratchet=59.9429 best=59.8666 since_improve=32
t=38876ms iter=92 WAIST cost=56.0000 best_alt=52.0000 gap=4.0000 tried=5 sep_labels=52 clique_frac=0.01
t=39058ms iter=92 REBUILD reject new_tc=61.3915 (was 59.8698)
t=39213ms iter=92 incumb=59.8698 ratchet=59.9516 best=59.8666 since_improve=33
t=39220ms iter=93 WAIST cost=56.0000 best_alt=52.0000 gap=4.0000 tried=5 sep_labels=52 clique_frac=0.01
t=39391ms iter=93 REBUILD reject new_tc=60.8154 (was 59.8698)
t=39546ms iter=93 incumb=59.8698 ratchet=60.0801 best=59.8666 since_improve=34
t=39554ms iter=94 WAIST cost=56.0000 best_alt=51.0000 gap=5.0000 tried=5 sep_labels=51 clique_frac=0.01
t=39706ms iter=94 REBUILD reject new_tc=61.7569 (was 59.8698)
t=39868ms iter=94 incumb=59.8698 ratchet=59.9152 best=59.8666 since_improve=35
t=39878ms iter=95 WAIST cost=56.0000 best_alt=49.0000 gap=7.0000 tried=5 sep_labels=49 clique_frac=0.01
t=40035ms iter=95 REBUILD reject new_tc=61.2603 (was 59.8698)
t=40195ms iter=95 incumb=59.8698 ratchet=59.9614 best=59.8666 since_improve=36
t=40202ms iter=96 WAIST cost=56.0000 best_alt=49.0000 gap=7.0000 tried=5 sep_labels=49 clique_frac=0.01
t=40353ms iter=96 REBUILD reject new_tc=60.9597 (was 59.8698)
t=40502ms iter=96 incumb=59.8698 ratchet=63.1685 best=59.8666 since_improve=37
t=40511ms iter=97 WAIST cost=56.0000 best_alt=52.0000 gap=4.0000 tried=5 sep_labels=52 clique_frac=0.01
t=40673ms iter=97 REBUILD reject new_tc=68.6182 (was 59.8698)
t=40830ms iter=97 incumb=59.8698 ratchet=59.9343 best=59.8666 since_improve=38
t=40838ms iter=98 WAIST cost=56.0000 best_alt=50.0000 gap=6.0000 tried=5 sep_labels=50 clique_frac=0.01
t=40993ms iter=98 REBUILD reject new_tc=61.6092 (was 59.8698)
t=41152ms iter=98 incumb=59.8698 ratchet=59.9264 best=59.8666 since_improve=39
t=41160ms iter=99 WAIST cost=56.0000 best_alt=52.0000 gap=4.0000 tried=5 sep_labels=52 clique_frac=0.01
t=41333ms iter=99 REBUILD reject new_tc=63.7990 (was 59.8698)
t=41487ms iter=99 incumb=59.8698 ratchet=59.9833 best=59.8666 since_improve=40
t=41496ms iter=100 WAIST cost=56.0000 best_alt=51.0000 gap=5.0000 tried=5 sep_labels=51 clique_frac=0.01
t=41674ms iter=100 REBUILD reject new_tc=64.1045 (was 59.8698)
t=41834ms iter=100 incumb=59.8698 ratchet=59.9828 best=59.8666 since_improve=41
t=41842ms iter=101 WAIST cost=56.0000 best_alt=49.0000 gap=7.0000 tried=5 sep_labels=49 clique_frac=0.01
t=41991ms iter=101 REBUILD reject new_tc=65.8448 (was 59.8698)
t=42146ms iter=101 incumb=59.8698 ratchet=59.9218 best=59.8666 since_improve=42
t=42153ms iter=102 WAIST cost=56.0000 best_alt=52.0000 gap=4.0000 tried=5 sep_labels=52 clique_frac=0.01
t=42318ms iter=102 REBUILD reject new_tc=67.3897 (was 59.8698)
t=42476ms iter=102 incumb=59.8698 ratchet=60.0122 best=59.8666 since_improve=43
t=42485ms iter=103 WAIST cost=56.0000 best_alt=50.0000 gap=6.0000 tried=5 sep_labels=50 clique_frac=0.01
t=42637ms iter=103 REBUILD reject new_tc=60.9805 (was 59.8698)
t=42793ms iter=103 incumb=59.8698 ratchet=59.9167 best=59.8666 since_improve=44
t=42800ms iter=104 WAIST cost=56.0000 best_alt=52.0000 gap=4.0000 tried=5 sep_labels=52 clique_frac=0.01
t=42972ms iter=104 REBUILD reject new_tc=66.3921 (was 59.8698)
t=43132ms iter=104 incumb=59.8698 ratchet=59.8938 best=59.8666 since_improve=45
t=43140ms iter=105 WAIST cost=56.0000 best_alt=49.0000 gap=7.0000 tried=5 sep_labels=49 clique_frac=0.01
t=43289ms iter=105 REBUILD reject new_tc=61.2996 (was 59.8698)
t=43452ms iter=105 incumb=59.8698 ratchet=59.9303 best=59.8666 since_improve=46
t=43461ms iter=106 WAIST cost=56.0000 best_alt=52.0000 gap=4.0000 tried=5 sep_labels=52 clique_frac=0.01
t=43630ms iter=106 REBUILD reject new_tc=60.7293 (was 59.8698)
t=43778ms iter=106 incumb=59.8698 ratchet=60.0603 best=59.8666 since_improve=47
t=43786ms iter=107 WAIST cost=56.0000 best_alt=50.0000 gap=6.0000 tried=5 sep_labels=50 clique_frac=0.01
t=43940ms iter=107 REBUILD reject new_tc=61.2768 (was 59.8698)
t=44094ms iter=107 incumb=59.8698 ratchet=60.0505 best=59.8666 since_improve=48
t=44102ms iter=108 WAIST cost=56.0000 best_alt=52.0000 gap=4.0000 tried=5 sep_labels=52 clique_frac=0.01
t=44274ms iter=108 REBUILD reject new_tc=60.8174 (was 59.8698)
t=44437ms iter=108 incumb=59.8698 ratchet=59.9345 best=59.8666 since_improve=49
t=44447ms iter=109 WAIST cost=56.0000 best_alt=52.0000 gap=4.0000 tried=5 sep_labels=52 clique_frac=0.01
t=44618ms iter=109 REBUILD reject new_tc=60.5853 (was 59.8698)
t=44975ms iter=109 incumb=59.8698 ratchet=59.8618 best=59.8618 since_improve=0
t=44986ms iter=110 WAIST cost=56.0000 best_alt=51.0000 gap=5.0000 tried=5 sep_labels=51 clique_frac=0.01
t=45158ms iter=110 REBUILD reject new_tc=60.5823 (was 59.8618)
t=45314ms iter=110 incumb=59.8618 ratchet=59.9355 best=59.8618 since_improve=1
t=45323ms iter=111 WAIST cost=56.0000 best_alt=51.0000 gap=5.0000 tried=5 sep_labels=51 clique_frac=0.01
t=45503ms iter=111 REBUILD reject new_tc=60.8912 (was 59.8618)
t=45656ms iter=111 incumb=59.8618 ratchet=59.8847 best=59.8618 since_improve=2
t=45665ms iter=112 WAIST cost=56.0000 best_alt=51.0000 gap=5.0000 tried=5 sep_labels=51 clique_frac=0.01
t=45837ms iter=112 REBUILD reject new_tc=60.6368 (was 59.8618)
t=45996ms iter=112 incumb=59.8618 ratchet=60.0312 best=59.8618 since_improve=3
t=46004ms iter=113 WAIST cost=56.0000 best_alt=51.0000 gap=5.0000 tried=5 sep_labels=51 clique_frac=0.01
t=46179ms iter=113 REBUILD reject new_tc=60.3991 (was 59.8618)
t=46336ms iter=113 incumb=59.8618 ratchet=59.9694 best=59.8618 since_improve=4
t=46345ms iter=114 WAIST cost=56.0000 best_alt=50.0000 gap=6.0000 tried=5 sep_labels=50 clique_frac=0.01
t=46510ms iter=114 REBUILD reject new_tc=71.0369 (was 59.8618)
t=46665ms iter=114 incumb=59.8618 ratchet=59.9701 best=59.8618 since_improve=5
t=46674ms iter=115 WAIST cost=56.0000 best_alt=51.0000 gap=5.0000 tried=5 sep_labels=51 clique_frac=0.01
t=46838ms iter=115 REBUILD reject new_tc=61.6199 (was 59.8618)
t=46998ms iter=115 incumb=59.8618 ratchet=59.9590 best=59.8618 since_improve=6
t=47008ms iter=116 WAIST cost=56.0000 best_alt=51.0000 gap=5.0000 tried=5 sep_labels=51 clique_frac=0.01
t=47185ms iter=116 REBUILD reject new_tc=60.6346 (was 59.8618)
t=47334ms iter=116 incumb=59.8618 ratchet=59.9917 best=59.8618 since_improve=7
t=47342ms iter=117 WAIST cost=56.0000 best_alt=51.0000 gap=5.0000 tried=5 sep_labels=51 clique_frac=0.01
t=47517ms iter=117 REBUILD reject new_tc=60.8865 (was 59.8618)
t=47673ms iter=117 incumb=59.8618 ratchet=59.9111 best=59.8618 since_improve=8
t=47682ms iter=118 WAIST cost=56.0000 best_alt=51.0000 gap=5.0000 tried=5 sep_labels=51 clique_frac=0.01
t=47850ms iter=118 REBUILD reject new_tc=65.2248 (was 59.8618)
t=48008ms iter=118 incumb=59.8618 ratchet=60.0120 best=59.8618 since_improve=9
t=48018ms iter=119 WAIST cost=56.0000 best_alt=51.0000 gap=5.0000 tried=5 sep_labels=51 clique_frac=0.01
t=48190ms iter=119 REBUILD reject new_tc=60.3598 (was 59.8618)
t=48742ms iter=119 incumb=59.8618 ratchet=59.8730 best=59.8568 since_improve=10
t=48753ms iter=120 WAIST cost=56.0000 best_alt=51.0000 gap=5.0000 tried=5 sep_labels=51 clique_frac=0.01
t=48932ms iter=120 REBUILD reject new_tc=61.0401 (was 59.8618)
t=49094ms iter=120 incumb=59.8618 ratchet=59.9358 best=59.8568 since_improve=11
t=49106ms iter=121 WAIST cost=56.0000 best_alt=51.0000 gap=5.0000 tried=5 sep_labels=51 clique_frac=0.01
t=49277ms iter=121 REBUILD reject new_tc=60.6562 (was 59.8618)
t=49435ms iter=121 incumb=59.8618 ratchet=59.8725 best=59.8568 since_improve=12
t=49443ms iter=122 WAIST cost=56.0000 best_alt=51.0000 gap=5.0000 tried=5 sep_labels=51 clique_frac=0.01
t=49620ms iter=122 REBUILD reject new_tc=60.3212 (was 59.8618)
t=49772ms iter=122 incumb=59.8618 ratchet=59.9700 best=59.8568 since_improve=13
t=49781ms iter=123 WAIST cost=56.0000 best_alt=51.0000 gap=5.0000 tried=5 sep_labels=51 clique_frac=0.01
t=49960ms iter=123 REBUILD reject new_tc=63.6899 (was 59.8618)
t=50120ms iter=123 incumb=59.8618 ratchet=59.9131 best=59.8568 since_improve=14
t=50129ms iter=124 WAIST cost=56.0000 best_alt=51.0000 gap=5.0000 tried=5 sep_labels=51 clique_frac=0.01
t=50324ms iter=124 REBUILD reject new_tc=60.5308 (was 59.8618)
t=50490ms iter=124 incumb=59.8618 ratchet=59.9591 best=59.8568 since_improve=15
t=50497ms iter=125 WAIST cost=56.0000 best_alt=51.0000 gap=5.0000 tried=5 sep_labels=51 clique_frac=0.01
t=50677ms iter=125 REBUILD reject new_tc=60.8318 (was 59.8618)
t=50834ms iter=125 incumb=59.8618 ratchet=59.9373 best=59.8568 since_improve=16
t=50843ms iter=126 WAIST cost=56.0000 best_alt=51.0000 gap=5.0000 tried=5 sep_labels=51 clique_frac=0.01
t=51050ms iter=126 REBUILD reject new_tc=61.7566 (was 59.8618)
t=51792ms iter=126 incumb=59.8618 ratchet=59.8710 best=59.8555 since_improve=17
t=51808ms iter=127 WAIST cost=56.0000 best_alt=51.0000 gap=5.0000 tried=5 sep_labels=51 clique_frac=0.01
t=52163ms iter=127 REBUILD reject new_tc=60.9998 (was 59.8618)
t=52472ms iter=127 incumb=59.8618 ratchet=60.0003 best=59.8555 since_improve=18
t=52489ms iter=128 WAIST cost=56.0000 best_alt=51.0000 gap=5.0000 tried=5 sep_labels=51 clique_frac=0.01
t=52846ms iter=128 REBUILD reject new_tc=60.7968 (was 59.8618)
t=53022ms iter=128 incumb=59.8618 ratchet=59.9325 best=59.8555 since_improve=19
t=53032ms iter=129 WAIST cost=56.0000 best_alt=51.0000 gap=5.0000 tried=5 sep_labels=51 clique_frac=0.01
t=53204ms iter=129 REBUILD reject new_tc=63.8109 (was 59.8618)
t=53362ms iter=129 incumb=59.8618 ratchet=59.9621 best=59.8555 since_improve=20
t=53370ms iter=130 WAIST cost=56.0000 best_alt=51.0000 gap=5.0000 tried=5 sep_labels=51 clique_frac=0.01
t=53588ms iter=130 REBUILD reject new_tc=60.9389 (was 59.8618)
t=53831ms iter=130 incumb=59.8618 ratchet=59.9312 best=59.8555 since_improve=21
t=53839ms iter=131 WAIST cost=56.0000 best_alt=51.0000 gap=5.0000 tried=5 sep_labels=51 clique_frac=0.01
t=54017ms iter=131 REBUILD reject new_tc=61.1894 (was 59.8618)
t=54174ms iter=131 incumb=59.8618 ratchet=59.9239 best=59.8555 since_improve=22
t=54182ms iter=132 WAIST cost=56.0000 best_alt=51.0000 gap=5.0000 tried=5 sep_labels=51 clique_frac=0.01
t=54368ms iter=132 REBUILD reject new_tc=60.6861 (was 59.8618)
t=54523ms iter=132 incumb=59.8618 ratchet=59.9411 best=59.8555 since_improve=23
t=54531ms iter=133 WAIST cost=56.0000 best_alt=51.0000 gap=5.0000 tried=5 sep_labels=51 clique_frac=0.01
t=54704ms iter=133 REBUILD reject new_tc=65.3385 (was 59.8618)
t=54859ms iter=133 incumb=59.8618 ratchet=59.9426 best=59.8555 since_improve=24
t=54867ms iter=134 WAIST cost=56.0000 best_alt=51.0000 gap=5.0000 tried=5 sep_labels=51 clique_frac=0.01
t=55041ms iter=134 REBUILD reject new_tc=60.6946 (was 59.8618)
t=55199ms iter=134 incumb=59.8618 ratchet=59.9483 best=59.8555 since_improve=25
t=55209ms iter=135 WAIST cost=56.0000 best_alt=51.0000 gap=5.0000 tried=5 sep_labels=51 clique_frac=0.01
t=55384ms iter=135 REBUILD reject new_tc=60.9943 (was 59.8618)
t=55547ms iter=135 incumb=59.8618 ratchet=59.9703 best=59.8555 since_improve=26
t=55555ms iter=136 WAIST cost=56.0000 best_alt=51.0000 gap=5.0000 tried=5 sep_labels=51 clique_frac=0.01
t=55721ms iter=136 REBUILD reject new_tc=65.3646 (was 59.8618)
t=55880ms iter=136 incumb=59.8618 ratchet=59.9716 best=59.8555 since_improve=27
t=55888ms iter=137 WAIST cost=56.0000 best_alt=51.0000 gap=5.0000 tried=5 sep_labels=51 clique_frac=0.01
t=56056ms iter=137 REBUILD reject new_tc=63.8980 (was 59.8618)
t=56214ms iter=137 incumb=59.8618 ratchet=60.0393 best=59.8555 since_improve=28
t=56222ms iter=138 WAIST cost=56.0000 best_alt=51.0000 gap=5.0000 tried=5 sep_labels=51 clique_frac=0.01
t=56397ms iter=138 REBUILD reject new_tc=61.0281 (was 59.8618)
t=56553ms iter=138 incumb=59.8618 ratchet=60.0161 best=59.8555 since_improve=29
t=56563ms iter=139 WAIST cost=56.0000 best_alt=51.0000 gap=5.0000 tried=5 sep_labels=51 clique_frac=0.01
t=56740ms iter=139 REBUILD reject new_tc=60.6834 (was 59.8618)
t=56896ms iter=139 incumb=59.8618 ratchet=59.9213 best=59.8555 since_improve=30
t=56904ms iter=140 WAIST cost=56.0000 best_alt=51.0000 gap=5.0000 tried=5 sep_labels=51 clique_frac=0.01
t=57073ms iter=140 REBUILD reject new_tc=60.2155 (was 59.8618)
t=57230ms iter=140 incumb=59.8618 ratchet=59.9254 best=59.8555 since_improve=31
t=57240ms iter=141 WAIST cost=56.0000 best_alt=51.0000 gap=5.0000 tried=5 sep_labels=51 clique_frac=0.01
t=57415ms iter=141 REBUILD reject new_tc=60.7081 (was 59.8618)
t=57606ms iter=141 incumb=59.8618 ratchet=59.9291 best=59.8555 since_improve=32
t=57633ms iter=142 WAIST cost=56.0000 best_alt=51.0000 gap=5.0000 tried=5 sep_labels=51 clique_frac=0.01
t=57811ms iter=142 REBUILD reject new_tc=60.9455 (was 59.8618)
t=57969ms iter=142 incumb=59.8618 ratchet=59.9296 best=59.8555 since_improve=33
t=57981ms iter=143 WAIST cost=56.0000 best_alt=51.0000 gap=5.0000 tried=5 sep_labels=51 clique_frac=0.01
t=58144ms iter=143 REBUILD reject new_tc=75.0001 (was 59.8618)
t=58299ms iter=143 incumb=59.8618 ratchet=60.2033 best=59.8555 since_improve=34
t=58308ms iter=144 WAIST cost=56.0000 best_alt=51.0000 gap=5.0000 tried=5 sep_labels=51 clique_frac=0.01
t=58486ms iter=144 REBUILD reject new_tc=60.8481 (was 59.8618)
t=58645ms iter=144 incumb=59.8618 ratchet=59.9269 best=59.8555 since_improve=35
t=58652ms iter=145 WAIST cost=56.0000 best_alt=51.0000 gap=5.0000 tried=5 sep_labels=51 clique_frac=0.01
t=58827ms iter=145 REBUILD reject new_tc=63.7959 (was 59.8618)
t=58984ms iter=145 incumb=59.8618 ratchet=59.8994 best=59.8555 since_improve=36
t=58993ms iter=146 WAIST cost=56.0000 best_alt=51.0000 gap=5.0000 tried=5 sep_labels=51 clique_frac=0.01
t=59191ms iter=146 REBUILD reject new_tc=63.5997 (was 59.8618)
t=59392ms iter=146 incumb=59.8618 ratchet=59.9519 best=59.8555 since_improve=37
t=59403ms iter=147 WAIST cost=56.0000 best_alt=51.0000 gap=5.0000 tried=5 sep_labels=51 clique_frac=0.01
t=59577ms iter=147 REBUILD reject new_tc=60.6297 (was 59.8618)
t=59732ms iter=147 incumb=59.8618 ratchet=59.9474 best=59.8555 since_improve=38
t=59743ms iter=148 WAIST cost=56.0000 best_alt=51.0000 gap=5.0000 tried=5 sep_labels=51 clique_frac=0.01
t=59918ms iter=148 REBUILD reject new_tc=60.9996 (was 59.8618)
t=60074ms iter=148 incumb=59.8618 ratchet=59.9323 best=59.8555 since_improve=39
t=60082ms iter=149 WAIST cost=56.0000 best_alt=51.0000 gap=5.0000 tried=5 sep_labels=51 clique_frac=0.01
t=60257ms iter=149 REBUILD reject new_tc=63.8872 (was 59.8618)
t=60406ms iter=149 incumb=59.8618 ratchet=59.8577 best=59.8555 since_improve=0
t=60414ms iter=150 WAIST cost=56.0000 best_alt=50.0000 gap=6.0000 tried=5 sep_labels=50 clique_frac=0.01
t=60567ms iter=150 REBUILD reject new_tc=64.1492 (was 59.8577)
t=60724ms iter=150 incumb=59.8577 ratchet=59.8925 best=59.8555 since_improve=1
t=60734ms iter=151 WAIST cost=56.0000 best_alt=51.0000 gap=5.0000 tried=5 sep_labels=51 clique_frac=0.01
t=60903ms iter=151 REBUILD reject new_tc=65.6163 (was 59.8577)
t=61055ms iter=151 incumb=59.8577 ratchet=60.1100 best=59.8555 since_improve=2
t=61063ms iter=152 WAIST cost=56.0000 best_alt=52.0000 gap=4.0000 tried=5 sep_labels=52 clique_frac=0.01
t=61235ms iter=152 REBUILD reject new_tc=61.3998 (was 59.8577)
t=61385ms iter=152 incumb=59.8577 ratchet=60.1037 best=59.8555 since_improve=3
t=61393ms iter=153 WAIST cost=56.0000 best_alt=52.0000 gap=4.0000 tried=5 sep_labels=52 clique_frac=0.01
t=61564ms iter=153 REBUILD reject new_tc=60.3584 (was 59.8577)
t=61715ms iter=153 incumb=59.8577 ratchet=60.0344 best=59.8555 since_improve=4
t=61723ms iter=154 WAIST cost=56.0000 best_alt=49.0000 gap=7.0000 tried=5 sep_labels=49 clique_frac=0.01
t=61878ms iter=154 REBUILD reject new_tc=62.3687 (was 59.8577)
t=62026ms iter=154 incumb=59.8577 ratchet=60.1002 best=59.8555 since_improve=5
t=62035ms iter=155 WAIST cost=56.0000 best_alt=49.0000 gap=7.0000 tried=5 sep_labels=49 clique_frac=0.01
t=62187ms iter=155 REBUILD reject new_tc=64.0626 (was 59.8577)
t=62339ms iter=155 incumb=59.8577 ratchet=59.9759 best=59.8555 since_improve=6
t=62350ms iter=156 WAIST cost=56.0000 best_alt=51.0000 gap=5.0000 tried=5 sep_labels=51 clique_frac=0.01
t=62490ms iter=156 REBUILD reject new_tc=82.0000 (was 59.8577)
t=62647ms iter=156 incumb=59.8577 ratchet=60.0348 best=59.8555 since_improve=7
t=62654ms iter=157 WAIST cost=56.0000 best_alt=52.0000 gap=4.0000 tried=5 sep_labels=52 clique_frac=0.01
t=62830ms iter=157 REBUILD reject new_tc=60.8811 (was 59.8577)
t=62982ms iter=157 incumb=59.8577 ratchet=59.9785 best=59.8555 since_improve=8
t=62990ms iter=158 WAIST cost=56.0000 best_alt=52.0000 gap=4.0000 tried=5 sep_labels=52 clique_frac=0.01
t=63150ms iter=158 REBUILD reject new_tc=69.4839 (was 59.8577)
t=63312ms iter=158 incumb=59.8577 ratchet=59.9210 best=59.8555 since_improve=9
t=63319ms iter=159 WAIST cost=56.0000 best_alt=49.0000 gap=7.0000 tried=5 sep_labels=49 clique_frac=0.01
t=63476ms iter=159 REBUILD reject new_tc=60.6932 (was 59.8577)
t=63630ms iter=159 incumb=59.8577 ratchet=60.1178 best=59.8555 since_improve=10
t=63636ms iter=160 WAIST cost=56.0000 best_alt=52.0000 gap=4.0000 tried=5 sep_labels=52 clique_frac=0.01
t=63807ms iter=160 REBUILD reject new_tc=60.8151 (was 59.8577)
t=63959ms iter=160 incumb=59.8577 ratchet=60.0186 best=59.8555 since_improve=11
t=63968ms iter=161 WAIST cost=56.0000 best_alt=52.0000 gap=4.0000 tried=5 sep_labels=52 clique_frac=0.01
t=64140ms iter=161 REBUILD reject new_tc=67.3051 (was 59.8577)
t=64362ms iter=161 incumb=59.8577 ratchet=59.8690 best=59.8555 since_improve=12
t=64370ms iter=162 WAIST cost=56.0000 best_alt=52.0000 gap=4.0000 tried=5 sep_labels=52 clique_frac=0.01
t=64542ms iter=162 REBUILD reject new_tc=61.0895 (was 59.8577)
t=64694ms iter=162 incumb=59.8577 ratchet=59.8816 best=59.8555 since_improve=13
t=64703ms iter=163 WAIST cost=56.0000 best_alt=49.0000 gap=7.0000 tried=5 sep_labels=49 clique_frac=0.01
t=64852ms iter=163 REBUILD reject new_tc=61.5871 (was 59.8577)
t=65003ms iter=163 incumb=59.8577 ratchet=60.0243 best=59.8555 since_improve=14
t=65013ms iter=164 WAIST cost=56.0000 best_alt=49.0000 gap=7.0000 tried=5 sep_labels=49 clique_frac=0.01
t=65170ms iter=164 REBUILD reject new_tc=61.3503 (was 59.8577)
t=65328ms iter=164 incumb=59.8577 ratchet=59.9383 best=59.8555 since_improve=15
t=65337ms iter=165 WAIST cost=56.0000 best_alt=52.0000 gap=4.0000 tried=5 sep_labels=52 clique_frac=0.01
t=65514ms iter=165 REBUILD reject new_tc=61.0426 (was 59.8577)
t=65668ms iter=165 incumb=59.8577 ratchet=59.9537 best=59.8555 since_improve=16
t=65676ms iter=166 WAIST cost=56.0000 best_alt=51.0000 gap=5.0000 tried=5 sep_labels=51 clique_frac=0.01
t=65851ms iter=166 REBUILD reject new_tc=60.9497 (was 59.8577)
t=66007ms iter=166 incumb=59.8577 ratchet=60.0427 best=59.8555 since_improve=17
t=66015ms iter=167 WAIST cost=56.0000 best_alt=52.0000 gap=4.0000 tried=5 sep_labels=52 clique_frac=0.01
t=66188ms iter=167 REBUILD reject new_tc=61.7168 (was 59.8577)
t=66343ms iter=167 incumb=59.8577 ratchet=60.0750 best=59.8555 since_improve=18
t=66351ms iter=168 WAIST cost=56.0000 best_alt=52.0000 gap=4.0000 tried=5 sep_labels=52 clique_frac=0.01
t=66522ms iter=168 REBUILD reject new_tc=60.3048 (was 59.8577)
t=66677ms iter=168 incumb=59.8577 ratchet=59.9519 best=59.8555 since_improve=19
t=66685ms iter=169 WAIST cost=56.0000 best_alt=52.0000 gap=4.0000 tried=5 sep_labels=52 clique_frac=0.01
t=66852ms iter=169 REBUILD reject new_tc=67.3110 (was 59.8577)
t=67007ms iter=169 incumb=59.8577 ratchet=59.9021 best=59.8555 since_improve=20
t=67014ms iter=170 WAIST cost=56.0000 best_alt=52.0000 gap=4.0000 tried=5 sep_labels=52 clique_frac=0.01
t=67185ms iter=170 REBUILD reject new_tc=61.0027 (was 59.8577)
t=67344ms iter=170 incumb=59.8577 ratchet=59.9966 best=59.8555 since_improve=21
t=67352ms iter=171 WAIST cost=56.0000 best_alt=51.0000 gap=5.0000 tried=5 sep_labels=51 clique_frac=0.01
t=67498ms iter=171 REBUILD reject new_tc=65.3335 (was 59.8577)
t=67650ms iter=171 incumb=59.8577 ratchet=59.9677 best=59.8555 since_improve=22
t=67660ms iter=172 WAIST cost=56.0000 best_alt=52.0000 gap=4.0000 tried=5 sep_labels=52 clique_frac=0.01
t=67814ms iter=172 REBUILD reject new_tc=76.0001 (was 59.8577)
t=67967ms iter=172 incumb=59.8577 ratchet=60.1889 best=59.8555 since_improve=23
t=67975ms iter=173 WAIST cost=56.0000 best_alt=51.0000 gap=5.0000 tried=5 sep_labels=51 clique_frac=0.01
t=68127ms iter=173 REBUILD reject new_tc=61.3004 (was 59.8577)
t=68283ms iter=173 incumb=59.8577 ratchet=59.9906 best=59.8555 since_improve=24
t=68292ms iter=174 WAIST cost=56.0000 best_alt=49.0000 gap=7.0000 tried=5 sep_labels=49 clique_frac=0.01
t=68440ms iter=174 REBUILD reject new_tc=64.4967 (was 59.8577)
t=68594ms iter=174 incumb=59.8577 ratchet=60.0082 best=59.8555 since_improve=25
t=68603ms iter=175 WAIST cost=56.0000 best_alt=51.0000 gap=5.0000 tried=5 sep_labels=51 clique_frac=0.01
t=68758ms iter=175 REBUILD reject new_tc=61.4802 (was 59.8577)
t=68915ms iter=175 incumb=59.8577 ratchet=59.9264 best=59.8555 since_improve=26
t=68922ms iter=176 WAIST cost=56.0000 best_alt=52.0000 gap=4.0000 tried=5 sep_labels=52 clique_frac=0.01
t=69091ms iter=176 REBUILD reject new_tc=61.0114 (was 59.8577)
t=69244ms iter=176 incumb=59.8577 ratchet=59.9328 best=59.8555 since_improve=27
t=69252ms iter=177 WAIST cost=56.0000 best_alt=51.0000 gap=5.0000 tried=5 sep_labels=51 clique_frac=0.01
t=69434ms iter=177 REBUILD reject new_tc=63.9561 (was 59.8577)
t=69591ms iter=177 incumb=59.8577 ratchet=60.0215 best=59.8555 since_improve=28
t=69600ms iter=178 WAIST cost=56.0000 best_alt=52.0000 gap=4.0000 tried=5 sep_labels=52 clique_frac=0.01
t=69784ms iter=178 REBUILD reject new_tc=74.0038 (was 59.8577)
t=69939ms iter=178 incumb=59.8577 ratchet=60.0754 best=59.8555 since_improve=29
t=69947ms iter=179 WAIST cost=56.0000 best_alt=51.0000 gap=5.0000 tried=5 sep_labels=51 clique_frac=0.01
t=70120ms iter=179 REBUILD reject new_tc=60.8936 (was 59.8577)
t=70274ms iter=179 incumb=59.8577 ratchet=60.2133 best=59.8555 since_improve=30
t=70283ms iter=180 WAIST cost=56.0000 best_alt=51.0000 gap=5.0000 tried=5 sep_labels=51 clique_frac=0.01
t=70436ms iter=180 REBUILD reject new_tc=61.2535 (was 59.8577)
t=70589ms iter=180 incumb=59.8577 ratchet=59.9692 best=59.8555 since_improve=31
t=70596ms iter=181 WAIST cost=56.0000 best_alt=52.0000 gap=4.0000 tried=5 sep_labels=52 clique_frac=0.01
t=70762ms iter=181 REBUILD reject new_tc=60.6646 (was 59.8577)
t=70916ms iter=181 incumb=59.8577 ratchet=59.8902 best=59.8555 since_improve=32
t=70925ms iter=182 WAIST cost=56.0000 best_alt=52.0000 gap=4.0000 tried=5 sep_labels=52 clique_frac=0.01
t=71089ms iter=182 REBUILD reject new_tc=72.0279 (was 59.8577)
t=71243ms iter=182 incumb=59.8577 ratchet=59.9824 best=59.8555 since_improve=33
t=71250ms iter=183 WAIST cost=56.0000 best_alt=51.0000 gap=5.0000 tried=5 sep_labels=51 clique_frac=0.01
t=71403ms iter=183 REBUILD reject new_tc=68.2278 (was 59.8577)
t=71559ms iter=183 incumb=59.8577 ratchet=59.9884 best=59.8555 since_improve=34
t=71569ms iter=184 WAIST cost=56.0000 best_alt=51.0000 gap=5.0000 tried=5 sep_labels=51 clique_frac=0.02
t=71728ms iter=184 REBUILD reject new_tc=61.9324 (was 59.8577)
t=71884ms iter=184 incumb=59.8577 ratchet=59.9613 best=59.8555 since_improve=35
t=71892ms iter=185 WAIST cost=56.0000 best_alt=49.0000 gap=7.0000 tried=5 sep_labels=49 clique_frac=0.01
t=72046ms iter=185 REBUILD reject new_tc=61.4002 (was 59.8577)
t=72200ms iter=185 incumb=59.8577 ratchet=59.9554 best=59.8555 since_improve=36
t=72208ms iter=186 WAIST cost=56.0000 best_alt=51.0000 gap=5.0000 tried=5 sep_labels=51 clique_frac=0.01
t=72368ms iter=186 REBUILD reject new_tc=61.9638 (was 59.8577)
t=72588ms iter=186 incumb=59.8577 ratchet=59.9784 best=59.8555 since_improve=37
t=72596ms iter=187 WAIST cost=56.0000 best_alt=52.0000 gap=4.0000 tried=5 sep_labels=52 clique_frac=0.01
t=72775ms iter=187 REBUILD reject new_tc=61.7518 (was 59.8577)
t=72925ms iter=187 incumb=59.8577 ratchet=60.0758 best=59.8555 since_improve=38
t=72933ms iter=188 WAIST cost=56.0000 best_alt=51.0000 gap=5.0000 tried=5 sep_labels=51 clique_frac=0.01
t=73070ms iter=188 REBUILD reject new_tc=65.1006 (was 59.8577)
t=73282ms iter=188 incumb=59.8577 ratchet=59.9701 best=59.8555 since_improve=39
t=73289ms iter=189 WAIST cost=56.0000 best_alt=52.0000 gap=4.0000 tried=5 sep_labels=52 clique_frac=0.01
t=73465ms iter=189 REBUILD reject new_tc=61.1365 (was 59.8577)
t=73623ms iter=189 incumb=59.8577 ratchet=59.9368 best=59.8555 since_improve=40
t=73631ms iter=190 WAIST cost=56.0000 best_alt=52.0000 gap=4.0000 tried=5 sep_labels=52 clique_frac=0.01
t=73804ms iter=190 REBUILD reject new_tc=61.3774 (was 59.8577)
t=73959ms iter=190 incumb=59.8577 ratchet=59.9771 best=59.8555 since_improve=41
t=73967ms iter=191 WAIST cost=56.0000 best_alt=50.0000 gap=6.0000 tried=5 sep_labels=50 clique_frac=0.01
t=74144ms iter=191 REBUILD reject new_tc=62.9334 (was 59.8577)
t=74303ms iter=191 incumb=59.8577 ratchet=59.9261 best=59.8555 since_improve=42
t=74310ms iter=192 WAIST cost=56.0000 best_alt=52.0000 gap=4.0000 tried=5 sep_labels=52 clique_frac=0.01
t=74476ms iter=192 REBUILD reject new_tc=61.7027 (was 59.8577)
t=74637ms iter=192 incumb=59.8577 ratchet=60.3829 best=59.8555 since_improve=43
t=74644ms iter=193 WAIST cost=56.0000 best_alt=52.0000 gap=4.0000 tried=5 sep_labels=52 clique_frac=0.01
t=74813ms iter=193 REBUILD reject new_tc=61.6564 (was 59.8577)
t=74963ms iter=193 incumb=59.8577 ratchet=59.9292 best=59.8555 since_improve=44
t=74971ms iter=194 WAIST cost=56.0000 best_alt=51.0000 gap=5.0000 tried=5 sep_labels=51 clique_frac=0.01
t=75129ms iter=194 REBUILD reject new_tc=61.6883 (was 59.8577)
t=75284ms iter=194 incumb=59.8577 ratchet=59.9525 best=59.8555 since_improve=45
t=75293ms iter=195 WAIST cost=56.0000 best_alt=51.0000 gap=5.0000 tried=5 sep_labels=51 clique_frac=0.01
t=75451ms iter=195 REBUILD reject new_tc=61.4943 (was 59.8577)
t=75611ms iter=195 incumb=59.8577 ratchet=59.9143 best=59.8555 since_improve=46
t=75620ms iter=196 WAIST cost=56.0000 best_alt=50.0000 gap=6.0000 tried=5 sep_labels=50 clique_frac=0.01
t=75772ms iter=196 REBUILD reject new_tc=60.7577 (was 59.8577)
t=75927ms iter=196 incumb=59.8577 ratchet=59.8945 best=59.8555 since_improve=47
t=75936ms iter=197 WAIST cost=56.0000 best_alt=51.0000 gap=5.0000 tried=5 sep_labels=51 clique_frac=0.01
t=76090ms iter=197 REBUILD reject new_tc=61.6371 (was 59.8577)
t=76247ms iter=197 incumb=59.8577 ratchet=60.0803 best=59.8555 since_improve=48
t=76256ms iter=198 WAIST cost=56.0000 best_alt=52.0000 gap=4.0000 tried=5 sep_labels=52 clique_frac=0.01
t=76430ms iter=198 REBUILD reject new_tc=61.4322 (was 59.8577)
t=76583ms iter=198 incumb=59.8577 ratchet=60.0325 best=59.8555 since_improve=49
t=76589ms iter=199 WAIST cost=56.0000 best_alt=51.0000 gap=5.0000 tried=5 sep_labels=51 clique_frac=0.01
t=76744ms iter=199 REBUILD reject new_tc=61.8381 (was 59.8577)
t=76900ms iter=199 incumb=59.8577 ratchet=60.0344 best=59.8555 since_improve=50
t=76909ms iter=200 WAIST cost=56.0000 best_alt=51.0000 gap=5.0000 tried=5 sep_labels=51 clique_frac=0.01
t=77065ms iter=200 REBUILD reject new_tc=61.4051 (was 59.8577)
t=77221ms iter=200 incumb=59.8577 ratchet=59.8787 best=59.8555 since_improve=51
t=77228ms iter=201 WAIST cost=56.0000 best_alt=52.0000 gap=4.0000 tried=5 sep_labels=52 clique_frac=0.01
t=77399ms iter=201 REBUILD reject new_tc=60.9567 (was 59.8577)
t=77550ms iter=201 incumb=59.8577 ratchet=59.8854 best=59.8555 since_improve=52
t=77557ms iter=202 WAIST cost=56.0000 best_alt=51.0000 gap=5.0000 tried=5 sep_labels=51 clique_frac=0.01
t=77691ms iter=202 REBUILD reject new_tc=77.0003 (was 59.8577)
t=77845ms iter=202 incumb=59.8577 ratchet=60.0045 best=59.8555 since_improve=53
t=77852ms iter=203 WAIST cost=56.0000 best_alt=52.0000 gap=4.0000 tried=5 sep_labels=52 clique_frac=0.01
t=78049ms iter=203 REBUILD reject new_tc=61.3364 (was 59.8577)
t=78194ms iter=203 incumb=59.8577 ratchet=59.9625 best=59.8555 since_improve=54
t=78202ms iter=204 WAIST cost=56.0000 best_alt=49.0000 gap=7.0000 tried=5 sep_labels=49 clique_frac=0.01
t=78353ms iter=204 REBUILD reject new_tc=61.4517 (was 59.8577)
t=78512ms iter=204 incumb=59.8577 ratchet=59.8873 best=59.8555 since_improve=55
t=78521ms iter=205 WAIST cost=56.0000 best_alt=51.0000 gap=5.0000 tried=5 sep_labels=51 clique_frac=0.01
t=78666ms iter=205 REBUILD reject new_tc=61.4216 (was 59.8577)
t=78820ms iter=205 incumb=59.8577 ratchet=59.9030 best=59.8555 since_improve=56
t=78830ms iter=206 WAIST cost=56.0000 best_alt=52.0000 gap=4.0000 tried=5 sep_labels=52 clique_frac=0.01
t=79000ms iter=206 REBUILD reject new_tc=60.6847 (was 59.8577)
t=79156ms iter=206 incumb=59.8577 ratchet=59.9068 best=59.8555 since_improve=57
t=79164ms iter=207 WAIST cost=56.0000 best_alt=52.0000 gap=4.0000 tried=5 sep_labels=52 clique_frac=0.01
t=79336ms iter=207 REBUILD reject new_tc=61.0513 (was 59.8577)
t=79490ms iter=207 incumb=59.8577 ratchet=59.9699 best=59.8555 since_improve=58
t=79499ms iter=208 WAIST cost=56.0000 best_alt=51.0000 gap=5.0000 tried=5 sep_labels=51 clique_frac=0.01
t=79657ms iter=208 REBUILD reject new_tc=76.0000 (was 59.8577)
t=79808ms iter=208 incumb=59.8577 ratchet=59.9513 best=59.8555 since_improve=59
t=79818ms iter=209 WAIST cost=56.0000 best_alt=49.0000 gap=7.0000 tried=5 sep_labels=49 clique_frac=0.01
t=79980ms iter=209 REBUILD reject new_tc=61.6429 (was 59.8577)
t=80132ms iter=209 incumb=59.8577 ratchet=59.9783 best=59.8555 since_improve=60
t=80139ms iter=210 WAIST cost=56.0000 best_alt=52.0000 gap=4.0000 tried=5 sep_labels=52 clique_frac=0.01
t=80306ms iter=210 REBUILD reject new_tc=61.3515 (was 59.8577)
t=80454ms iter=210 incumb=59.8577 ratchet=59.9104 best=59.8555 since_improve=61
t=80461ms iter=211 WAIST cost=56.0000 best_alt=52.0000 gap=4.0000 tried=5 sep_labels=52 clique_frac=0.01
t=80630ms iter=211 REBUILD reject new_tc=61.4189 (was 59.8577)
t=80782ms iter=211 incumb=59.8577 ratchet=60.0040 best=59.8555 since_improve=62
t=80793ms iter=212 WAIST cost=56.0000 best_alt=52.0000 gap=4.0000 tried=5 sep_labels=52 clique_frac=0.01
t=80959ms iter=212 REBUILD reject new_tc=61.3948 (was 59.8577)
t=81110ms iter=212 incumb=59.8577 ratchet=59.9777 best=59.8555 since_improve=63
t=81118ms iter=213 WAIST cost=56.0000 best_alt=52.0000 gap=4.0000 tried=5 sep_labels=52 clique_frac=0.01
t=81272ms iter=213 REBUILD reject new_tc=86.0000 (was 59.8577)
t=81422ms iter=213 incumb=59.8577 ratchet=60.0497 best=59.8555 since_improve=64
t=81429ms iter=214 WAIST cost=56.0000 best_alt=52.0000 gap=4.0000 tried=5 sep_labels=52 clique_frac=0.01
t=81601ms iter=214 REBUILD reject new_tc=61.1068 (was 59.8577)
t=81756ms iter=214 incumb=59.8577 ratchet=59.9078 best=59.8555 since_improve=65
t=81763ms iter=215 WAIST cost=56.0000 best_alt=52.0000 gap=4.0000 tried=5 sep_labels=52 clique_frac=0.01
t=81917ms iter=215 REBUILD reject new_tc=76.0001 (was 59.8577)
t=82072ms iter=215 incumb=59.8577 ratchet=60.0069 best=59.8555 since_improve=66
t=82082ms iter=216 WAIST cost=56.0000 best_alt=49.0000 gap=7.0000 tried=5 sep_labels=49 clique_frac=0.01
t=82230ms iter=216 REBUILD reject new_tc=62.4802 (was 59.8577)
t=82383ms iter=216 incumb=59.8577 ratchet=60.0085 best=59.8555 since_improve=67
t=82390ms iter=217 WAIST cost=56.0000 best_alt=51.0000 gap=5.0000 tried=5 sep_labels=51 clique_frac=0.01
t=82537ms iter=217 REBUILD reject new_tc=67.3038 (was 59.8577)
t=82691ms iter=217 incumb=59.8577 ratchet=60.0538 best=59.8555 since_improve=68
t=82701ms iter=218 WAIST cost=56.0000 best_alt=49.0000 gap=7.0000 tried=5 sep_labels=49 clique_frac=0.01
t=82863ms iter=218 REBUILD reject new_tc=61.4485 (was 59.8577)
t=83018ms iter=218 incumb=59.8577 ratchet=59.9834 best=59.8555 since_improve=69
t=83027ms iter=219 WAIST cost=56.0000 best_alt=52.0000 gap=4.0000 tried=5 sep_labels=52 clique_frac=0.01
t=83221ms iter=219 REBUILD reject new_tc=61.5181 (was 59.8577)
t=83376ms iter=219 incumb=59.8577 ratchet=59.9689 best=59.8555 since_improve=70
t=83385ms iter=220 WAIST cost=56.0000 best_alt=52.0000 gap=4.0000 tried=5 sep_labels=52 clique_frac=0.01
t=83548ms iter=220 REBUILD reject new_tc=66.2686 (was 59.8577)
t=83705ms iter=220 incumb=59.8577 ratchet=59.9003 best=59.8555 since_improve=71
t=83713ms iter=221 WAIST cost=56.0000 best_alt=51.0000 gap=5.0000 tried=5 sep_labels=51 clique_frac=0.01
t=83857ms iter=221 REBUILD reject new_tc=73.0439 (was 59.8577)
t=84013ms iter=221 incumb=59.8577 ratchet=59.9288 best=59.8555 since_improve=72
t=84023ms iter=222 WAIST cost=56.0000 best_alt=51.0000 gap=5.0000 tried=5 sep_labels=51 clique_frac=0.01
t=84178ms iter=222 REBUILD reject new_tc=62.1184 (was 59.8577)
t=84335ms iter=222 incumb=59.8577 ratchet=60.0208 best=59.8555 since_improve=73
t=84344ms iter=223 WAIST cost=56.0000 best_alt=52.0000 gap=4.0000 tried=5 sep_labels=52 clique_frac=0.01
t=84517ms iter=223 REBUILD reject new_tc=60.6287 (was 59.8577)
t=84677ms iter=223 incumb=59.8577 ratchet=59.8717 best=59.8555 since_improve=74
t=84684ms iter=224 WAIST cost=56.0000 best_alt=51.0000 gap=5.0000 tried=5 sep_labels=51 clique_frac=0.01
t=84836ms iter=224 REBUILD reject new_tc=61.4024 (was 59.8577)
t=84983ms iter=224 incumb=59.8577 ratchet=60.2002 best=59.8555 since_improve=75
t=84993ms iter=225 WAIST cost=56.0000 best_alt=51.0000 gap=5.0000 tried=5 sep_labels=51 clique_frac=0.01
t=85147ms iter=225 REBUILD reject new_tc=61.6568 (was 59.8577)
t=85300ms iter=225 incumb=59.8577 ratchet=59.9244 best=59.8555 since_improve=76
t=85307ms iter=226 WAIST cost=56.0000 best_alt=52.0000 gap=4.0000 tried=5 sep_labels=52 clique_frac=0.01
t=85476ms iter=226 REBUILD reject new_tc=60.7811 (was 59.8577)
t=85626ms iter=226 incumb=59.8577 ratchet=60.0017 best=59.8555 since_improve=77
t=85637ms iter=227 WAIST cost=56.0000 best_alt=49.0000 gap=7.0000 tried=5 sep_labels=49 clique_frac=0.01
t=85785ms iter=227 REBUILD reject new_tc=66.9926 (was 59.8577)
t=85939ms iter=227 incumb=59.8577 ratchet=59.9401 best=59.8555 since_improve=78
t=85947ms iter=228 WAIST cost=56.0000 best_alt=52.0000 gap=4.0000 tried=5 sep_labels=52 clique_frac=0.01
t=86118ms iter=228 REBUILD reject new_tc=65.9425 (was 59.8577)
t=86273ms iter=228 incumb=59.8577 ratchet=60.0060 best=59.8555 since_improve=79
t=86282ms iter=229 WAIST cost=56.0000 best_alt=52.0000 gap=4.0000 tried=5 sep_labels=52 clique_frac=0.01
t=86448ms iter=229 REBUILD reject new_tc=61.3375 (was 59.8577)
t=86601ms iter=229 incumb=59.8577 ratchet=59.9325 best=59.8555 since_improve=80
t=86611ms iter=230 WAIST cost=56.0000 best_alt=50.0000 gap=6.0000 tried=5 sep_labels=50 clique_frac=0.01
t=86757ms iter=230 REBUILD reject new_tc=68.7194 (was 59.8577)
t=86906ms iter=230 incumb=59.8577 ratchet=59.9357 best=59.8555 since_improve=81
t=86913ms iter=231 WAIST cost=56.0000 best_alt=52.0000 gap=4.0000 tried=5 sep_labels=52 clique_frac=0.01
t=87081ms iter=231 REBUILD reject new_tc=61.5730 (was 59.8577)
t=87234ms iter=231 incumb=59.8577 ratchet=59.8790 best=59.8555 since_improve=82
t=87241ms iter=232 WAIST cost=56.0000 best_alt=52.0000 gap=4.0000 tried=5 sep_labels=52 clique_frac=0.01
t=87409ms iter=232 REBUILD reject new_tc=61.1900 (was 59.8577)
t=87564ms iter=232 incumb=59.8577 ratchet=59.9086 best=59.8555 since_improve=83
t=87575ms iter=233 WAIST cost=56.0000 best_alt=52.0000 gap=4.0000 tried=5 sep_labels=52 clique_frac=0.01
t=87741ms iter=233 REBUILD reject new_tc=66.1793 (was 59.8577)
t=87893ms iter=233 incumb=59.8577 ratchet=59.8876 best=59.8555 since_improve=84
t=87902ms iter=234 WAIST cost=56.0000 best_alt=52.0000 gap=4.0000 tried=5 sep_labels=52 clique_frac=0.01
t=88078ms iter=234 REBUILD reject new_tc=61.7581 (was 59.8577)
t=88235ms iter=234 incumb=59.8577 ratchet=59.9169 best=59.8555 since_improve=85
t=88242ms iter=235 WAIST cost=56.0000 best_alt=52.0000 gap=4.0000 tried=5 sep_labels=52 clique_frac=0.01
t=88395ms iter=235 REBUILD reject new_tc=79.0000 (was 59.8577)
t=88547ms iter=235 incumb=59.8577 ratchet=62.6646 best=59.8555 since_improve=86
t=88553ms iter=236 WAIST cost=56.0000 best_alt=52.0000 gap=4.0000 tried=5 sep_labels=52 clique_frac=0.01
t=88720ms iter=236 REBUILD reject new_tc=61.6774 (was 59.8577)
t=88872ms iter=236 incumb=59.8577 ratchet=59.9669 best=59.8555 since_improve=87
t=88880ms iter=237 WAIST cost=56.0000 best_alt=52.0000 gap=4.0000 tried=5 sep_labels=52 clique_frac=0.01
t=89047ms iter=237 REBUILD reject new_tc=61.3685 (was 59.8577)
t=89197ms iter=237 incumb=59.8577 ratchet=60.0819 best=59.8555 since_improve=88
t=89205ms iter=238 WAIST cost=56.0000 best_alt=51.0000 gap=5.0000 tried=5 sep_labels=51 clique_frac=0.01
t=89357ms iter=238 REBUILD reject new_tc=61.2316 (was 59.8577)
t=89511ms iter=238 incumb=59.8577 ratchet=59.9617 best=59.8555 since_improve=89
t=89518ms iter=239 WAIST cost=56.0000 best_alt=52.0000 gap=4.0000 tried=5 sep_labels=52 clique_frac=0.01
t=89693ms iter=239 REBUILD reject new_tc=61.0430 (was 59.8577)
t=89844ms iter=239 incumb=59.8577 ratchet=59.9174 best=59.8555 since_improve=90
t=89855ms iter=240 WAIST cost=56.0000 best_alt=50.0000 gap=6.0000 tried=5 sep_labels=50 clique_frac=0.01
t=90003ms iter=240 REBUILD reject new_tc=61.6546 (was 59.8577)
t=90160ms iter=240 incumb=59.8577 ratchet=59.9210 best=59.8555 since_improve=91
t=90167ms iter=241 WAIST cost=56.0000 best_alt=52.0000 gap=4.0000 tried=5 sep_labels=52 clique_frac=0.01
t=90333ms iter=241 REBUILD reject new_tc=64.7529 (was 59.8577)
t=90492ms iter=241 incumb=59.8577 ratchet=59.9171 best=59.8555 since_improve=92
t=90501ms iter=242 WAIST cost=56.0000 best_alt=51.0000 gap=5.0000 tried=5 sep_labels=51 clique_frac=0.01
t=90644ms iter=242 REBUILD reject new_tc=74.0003 (was 59.8577)
t=90800ms iter=242 incumb=59.8577 ratchet=60.5364 best=59.8555 since_improve=93
t=90808ms iter=243 WAIST cost=56.0000 best_alt=51.0000 gap=5.0000 tried=5 sep_labels=51 clique_frac=0.02
t=90958ms iter=243 REBUILD reject new_tc=73.0218 (was 59.8577)
t=91108ms iter=243 incumb=59.8577 ratchet=60.0296 best=59.8555 since_improve=94
t=91116ms iter=244 WAIST cost=56.0000 best_alt=50.0000 gap=6.0000 tried=5 sep_labels=50 clique_frac=0.01
t=91270ms iter=244 REBUILD reject new_tc=61.2592 (was 59.8577)
t=91423ms iter=244 incumb=59.8577 ratchet=59.9299 best=59.8555 since_improve=95
t=91431ms iter=245 WAIST cost=56.0000 best_alt=52.0000 gap=4.0000 tried=5 sep_labels=52 clique_frac=0.01
t=91597ms iter=245 REBUILD reject new_tc=61.8332 (was 59.8577)
t=91752ms iter=245 incumb=59.8577 ratchet=60.0000 best=59.8555 since_improve=96
t=91759ms iter=246 WAIST cost=56.0000 best_alt=52.0000 gap=4.0000 tried=5 sep_labels=52 clique_frac=0.01
t=91935ms iter=246 REBUILD reject new_tc=61.3656 (was 59.8577)
t=92090ms iter=246 incumb=59.8577 ratchet=60.5109 best=59.8555 since_improve=97
t=92099ms iter=247 WAIST cost=56.0000 best_alt=50.0000 gap=6.0000 tried=5 sep_labels=50 clique_frac=0.01
t=92256ms iter=247 REBUILD reject new_tc=61.4073 (was 59.8577)
t=92409ms iter=247 incumb=59.8577 ratchet=60.0196 best=59.8555 since_improve=98
t=92417ms iter=248 WAIST cost=56.0000 best_alt=52.0000 gap=4.0000 tried=5 sep_labels=52 clique_frac=0.01
t=92585ms iter=248 REBUILD reject new_tc=60.5950 (was 59.8577)
t=92735ms iter=248 incumb=59.8577 ratchet=59.9447 best=59.8555 since_improve=99
t=92745ms iter=249 WAIST cost=56.0000 best_alt=49.0000 gap=7.0000 tried=5 sep_labels=49 clique_frac=0.01
t=92898ms iter=249 REBUILD reject new_tc=61.5820 (was 59.8577)
t=93052ms iter=249 incumb=59.8577 ratchet=60.0449 best=59.8555 since_improve=100
t=93061ms iter=250 WAIST cost=56.0000 best_alt=49.0000 gap=7.0000 tried=5 sep_labels=49 clique_frac=0.01
t=93221ms iter=250 REBUILD reject new_tc=61.4292 (was 59.8577)
t=93376ms iter=250 incumb=59.8577 ratchet=59.9263 best=59.8555 since_improve=101
t=93386ms iter=251 WAIST cost=56.0000 best_alt=52.0000 gap=4.0000 tried=5 sep_labels=52 clique_frac=0.01
t=93558ms iter=251 REBUILD reject new_tc=60.8099 (was 59.8577)
t=93711ms iter=251 incumb=59.8577 ratchet=59.9903 best=59.8555 since_improve=102
t=93718ms iter=252 WAIST cost=56.0000 best_alt=51.0000 gap=5.0000 tried=5 sep_labels=51 clique_frac=0.02
t=93878ms iter=252 REBUILD reject new_tc=61.3108 (was 59.8577)
t=94039ms iter=252 incumb=59.8577 ratchet=59.8964 best=59.8555 since_improve=103
t=94047ms iter=253 WAIST cost=56.0000 best_alt=52.0000 gap=4.0000 tried=5 sep_labels=52 clique_frac=0.01
t=94215ms iter=253 REBUILD reject new_tc=61.9206 (was 59.8577)
t=94370ms iter=253 incumb=59.8577 ratchet=59.9060 best=59.8555 since_improve=104
t=94379ms iter=254 WAIST cost=56.0000 best_alt=49.0000 gap=7.0000 tried=5 sep_labels=49 clique_frac=0.01
t=94532ms iter=254 REBUILD reject new_tc=61.5132 (was 59.8577)
t=94687ms iter=254 incumb=59.8577 ratchet=59.8872 best=59.8555 since_improve=105
t=94695ms iter=255 WAIST cost=56.0000 best_alt=52.0000 gap=4.0000 tried=5 sep_labels=52 clique_frac=0.01
t=94863ms iter=255 REBUILD reject new_tc=63.8951 (was 59.8577)
t=95022ms iter=255 incumb=59.8577 ratchet=60.6303 best=59.8555 since_improve=106
t=95032ms iter=256 WAIST cost=56.0000 best_alt=52.0000 gap=4.0000 tried=5 sep_labels=52 clique_frac=0.01
t=95203ms iter=256 REBUILD reject new_tc=60.5677 (was 59.8577)
t=95359ms iter=256 incumb=59.8577 ratchet=59.9138 best=59.8555 since_improve=107
t=95368ms iter=257 WAIST cost=56.0000 best_alt=49.0000 gap=7.0000 tried=5 sep_labels=49 clique_frac=0.01
t=95522ms iter=257 REBUILD reject new_tc=60.9627 (was 59.8577)
t=95680ms iter=257 incumb=59.8577 ratchet=59.8627 best=59.8555 since_improve=108
t=95687ms iter=258 WAIST cost=56.0000 best_alt=52.0000 gap=4.0000 tried=5 sep_labels=52 clique_frac=0.01
t=95859ms iter=258 REBUILD reject new_tc=60.6248 (was 59.8577)
t=96015ms iter=258 incumb=59.8577 ratchet=60.0263 best=59.8555 since_improve=109
t=96024ms iter=259 WAIST cost=56.0000 best_alt=51.0000 gap=5.0000 tried=5 sep_labels=51 clique_frac=0.01
t=96198ms iter=259 REBUILD reject new_tc=60.8829 (was 59.8577)
t=96355ms iter=259 incumb=59.8577 ratchet=59.9409 best=59.8555 since_improve=110
t=96361ms iter=260 WAIST cost=56.0000 best_alt=52.0000 gap=4.0000 tried=5 sep_labels=52 clique_frac=0.01
t=96535ms iter=260 REBUILD reject new_tc=61.7746 (was 59.8577)
t=96692ms iter=260 incumb=59.8577 ratchet=59.9267 best=59.8555 since_improve=111
t=96699ms iter=261 WAIST cost=56.0000 best_alt=52.0000 gap=4.0000 tried=5 sep_labels=52 clique_frac=0.01
t=96866ms iter=261 REBUILD reject new_tc=67.3223 (was 59.8577)
t=97020ms iter=261 incumb=59.8577 ratchet=59.8968 best=59.8555 since_improve=112
t=97028ms iter=262 WAIST cost=56.0000 best_alt=51.0000 gap=5.0000 tried=5 sep_labels=51 clique_frac=0.01
t=97190ms iter=262 REBUILD reject new_tc=61.7498 (was 59.8577)
t=97345ms iter=262 incumb=59.8577 ratchet=59.9120 best=59.8555 since_improve=113
t=97353ms iter=263 WAIST cost=56.0000 best_alt=51.0000 gap=5.0000 tried=5 sep_labels=51 clique_frac=0.01
t=97507ms iter=263 REBUILD reject new_tc=61.1431 (was 59.8577)
t=97662ms iter=263 incumb=59.8577 ratchet=59.9129 best=59.8555 since_improve=114
t=97670ms iter=264 WAIST cost=56.0000 best_alt=51.0000 gap=5.0000 tried=5 sep_labels=51 clique_frac=0.01
t=97826ms iter=264 REBUILD reject new_tc=61.2246 (was 59.8577)
t=97981ms iter=264 incumb=59.8577 ratchet=60.6424 best=59.8555 since_improve=115
t=97990ms iter=265 WAIST cost=56.0000 best_alt=49.0000 gap=7.0000 tried=5 sep_labels=49 clique_frac=0.01
t=98141ms iter=265 REBUILD reject new_tc=61.4375 (was 59.8577)
t=98292ms iter=265 incumb=59.8577 ratchet=59.9160 best=59.8555 since_improve=116
t=98299ms iter=266 WAIST cost=56.0000 best_alt=51.0000 gap=5.0000 tried=5 sep_labels=51 clique_frac=0.01
t=98460ms iter=266 REBUILD reject new_tc=61.4062 (was 59.8577)
t=98614ms iter=266 incumb=59.8577 ratchet=59.9611 best=59.8555 since_improve=117
t=98622ms iter=267 WAIST cost=56.0000 best_alt=52.0000 gap=4.0000 tried=5 sep_labels=52 clique_frac=0.01
t=98797ms iter=267 REBUILD reject new_tc=61.3913 (was 59.8577)
t=98954ms iter=267 incumb=59.8577 ratchet=59.9261 best=59.8555 since_improve=118
t=98961ms iter=268 WAIST cost=56.0000 best_alt=52.0000 gap=4.0000 tried=5 sep_labels=52 clique_frac=0.01
t=99132ms iter=268 REBUILD reject new_tc=60.7421 (was 59.8577)
t=99285ms iter=268 incumb=59.8577 ratchet=60.0353 best=59.8555 since_improve=119
t=99293ms iter=269 WAIST cost=56.0000 best_alt=52.0000 gap=4.0000 tried=5 sep_labels=52 clique_frac=0.01
t=99466ms iter=269 REBUILD reject new_tc=60.7831 (was 59.8577)
t=99616ms iter=269 incumb=59.8577 ratchet=60.0433 best=59.8555 since_improve=120
t=99625ms iter=270 WAIST cost=56.0000 best_alt=51.0000 gap=5.0000 tried=5 sep_labels=51 clique_frac=0.01
t=99782ms iter=270 REBUILD reject new_tc=61.5887 (was 59.8577)
t=99934ms iter=270 incumb=59.8577 ratchet=59.9673 best=59.8555 since_improve=121
t=99943ms iter=271 WAIST cost=56.0000 best_alt=51.0000 gap=5.0000 tried=5 sep_labels=51 clique_frac=0.01
t=100101ms iter=271 REBUILD reject new_tc=61.5967 (was 59.8577)
t=100258ms iter=271 incumb=59.8577 ratchet=59.9645 best=59.8555 since_improve=122
t=100265ms iter=272 WAIST cost=56.0000 best_alt=52.0000 gap=4.0000 tried=5 sep_labels=52 clique_frac=0.01
t=100440ms iter=272 REBUILD reject new_tc=61.4768 (was 59.8577)
t=100598ms iter=272 incumb=59.8577 ratchet=59.9904 best=59.8555 since_improve=123
t=100606ms iter=273 WAIST cost=56.0000 best_alt=49.0000 gap=7.0000 tried=5 sep_labels=49 clique_frac=0.01
t=100765ms iter=273 REBUILD reject new_tc=62.1923 (was 59.8577)
t=100928ms iter=273 incumb=59.8577 ratchet=60.0517 best=59.8555 since_improve=124
t=100936ms iter=274 WAIST cost=56.0000 best_alt=52.0000 gap=4.0000 tried=5 sep_labels=52 clique_frac=0.01
t=101107ms iter=274 REBUILD reject new_tc=67.3177 (was 59.8577)
t=101264ms iter=274 incumb=59.8577 ratchet=59.8808 best=59.8555 since_improve=125
t=101272ms iter=275 WAIST cost=56.0000 best_alt=51.0000 gap=5.0000 tried=5 sep_labels=51 clique_frac=0.01
t=101417ms iter=275 REBUILD reject new_tc=73.0101 (was 59.8577)
t=101577ms iter=275 incumb=59.8577 ratchet=59.9114 best=59.8555 since_improve=126
t=101585ms iter=276 WAIST cost=56.0000 best_alt=52.0000 gap=4.0000 tried=5 sep_labels=52 clique_frac=0.01
t=101759ms iter=276 REBUILD reject new_tc=61.1887 (was 59.8577)
t=101918ms iter=276 incumb=59.8577 ratchet=59.9890 best=59.8555 since_improve=127
t=101927ms iter=277 WAIST cost=56.0000 best_alt=51.0000 gap=5.0000 tried=5 sep_labels=51 clique_frac=0.01
t=102069ms iter=277 REBUILD reject new_tc=61.8177 (was 59.8577)
t=102221ms iter=277 incumb=59.8577 ratchet=60.0036 best=59.8555 since_improve=128
t=102230ms iter=278 WAIST cost=56.0000 best_alt=51.0000 gap=5.0000 tried=5 sep_labels=51 clique_frac=0.01
t=102383ms iter=278 REBUILD reject new_tc=61.7631 (was 59.8577)
t=102540ms iter=278 incumb=59.8577 ratchet=59.9237 best=59.8555 since_improve=129
t=102546ms iter=279 WAIST cost=56.0000 best_alt=52.0000 gap=4.0000 tried=5 sep_labels=52 clique_frac=0.01
t=102711ms iter=279 REBUILD reject new_tc=73.0049 (was 59.8577)
t=102868ms iter=279 incumb=59.8577 ratchet=59.8826 best=59.8555 since_improve=130
t=102877ms iter=280 WAIST cost=56.0000 best_alt=49.0000 gap=7.0000 tried=5 sep_labels=49 clique_frac=0.01
t=103033ms iter=280 REBUILD reject new_tc=61.4061 (was 59.8577)
t=103190ms iter=280 incumb=59.8577 ratchet=60.0373 best=59.8555 since_improve=131
t=103199ms iter=281 WAIST cost=56.0000 best_alt=52.0000 gap=4.0000 tried=5 sep_labels=52 clique_frac=0.01
t=103372ms iter=281 REBUILD reject new_tc=61.2843 (was 59.8577)
t=103528ms iter=281 incumb=59.8577 ratchet=59.9728 best=59.8555 since_improve=132
t=103537ms iter=282 WAIST cost=56.0000 best_alt=49.0000 gap=7.0000 tried=5 sep_labels=49 clique_frac=0.01
t=103692ms iter=282 REBUILD reject new_tc=61.4403 (was 59.8577)
t=103849ms iter=282 incumb=59.8577 ratchet=59.9843 best=59.8555 since_improve=133
t=103857ms iter=283 WAIST cost=56.0000 best_alt=52.0000 gap=4.0000 tried=5 sep_labels=52 clique_frac=0.01
t=104030ms iter=283 REBUILD reject new_tc=60.7263 (was 59.8577)
t=104180ms iter=283 incumb=59.8577 ratchet=59.9379 best=59.8555 since_improve=134
t=104189ms iter=284 WAIST cost=56.0000 best_alt=49.0000 gap=7.0000 tried=5 sep_labels=49 clique_frac=0.01
t=104343ms iter=284 REBUILD reject new_tc=60.8733 (was 59.8577)
t=104501ms iter=284 incumb=59.8577 ratchet=60.0050 best=59.8555 since_improve=135
t=104514ms iter=285 WAIST cost=56.0000 best_alt=51.0000 gap=5.0000 tried=5 sep_labels=51 clique_frac=0.01
t=104670ms iter=285 REBUILD reject new_tc=61.4734 (was 59.8577)
t=104824ms iter=285 incumb=59.8577 ratchet=59.8784 best=59.8555 since_improve=136
t=104833ms iter=286 WAIST cost=56.0000 best_alt=52.0000 gap=4.0000 tried=5 sep_labels=52 clique_frac=0.01
t=105001ms iter=286 REBUILD reject new_tc=61.4158 (was 59.8577)
t=105160ms iter=286 incumb=59.8577 ratchet=59.9085 best=59.8555 since_improve=137
t=105166ms iter=287 WAIST cost=56.0000 best_alt=52.0000 gap=4.0000 tried=5 sep_labels=52 clique_frac=0.01
t=105340ms iter=287 REBUILD reject new_tc=64.0231 (was 59.8577)
t=105491ms iter=287 incumb=59.8577 ratchet=59.9372 best=59.8555 since_improve=138
t=105500ms iter=288 WAIST cost=56.0000 best_alt=52.0000 gap=4.0000 tried=5 sep_labels=52 clique_frac=0.01
t=105673ms iter=288 REBUILD reject new_tc=61.8008 (was 59.8577)
t=105834ms iter=288 incumb=59.8577 ratchet=59.9294 best=59.8555 since_improve=139
t=105843ms iter=289 WAIST cost=56.0000 best_alt=51.0000 gap=5.0000 tried=5 sep_labels=51 clique_frac=0.01
t=106018ms iter=289 REBUILD reject new_tc=60.3462 (was 59.8577)
t=106178ms iter=289 incumb=59.8577 ratchet=59.9908 best=59.8555 since_improve=140
t=106185ms iter=290 WAIST cost=56.0000 best_alt=52.0000 gap=4.0000 tried=5 sep_labels=52 clique_frac=0.01
t=106355ms iter=290 REBUILD reject new_tc=60.7862 (was 59.8577)
t=106508ms iter=290 incumb=59.8577 ratchet=60.0481 best=59.8555 since_improve=141
t=106517ms iter=291 WAIST cost=56.0000 best_alt=52.0000 gap=4.0000 tried=5 sep_labels=52 clique_frac=0.01
t=106682ms iter=291 REBUILD reject new_tc=63.0106 (was 59.8577)
t=106843ms iter=291 incumb=59.8577 ratchet=59.9370 best=59.8555 since_improve=142
t=106853ms iter=292 WAIST cost=56.0000 best_alt=50.0000 gap=6.0000 tried=5 sep_labels=50 clique_frac=0.01
t=106997ms iter=292 REBUILD reject new_tc=66.9599 (was 59.8577)
t=107153ms iter=292 incumb=59.8577 ratchet=59.9113 best=59.8555 since_improve=143
t=107160ms iter=293 WAIST cost=56.0000 best_alt=52.0000 gap=4.0000 tried=5 sep_labels=52 clique_frac=0.01
t=107315ms iter=293 REBUILD reject new_tc=83.0000 (was 59.8577)
t=107467ms iter=293 incumb=59.8577 ratchet=59.9591 best=59.8555 since_improve=144
t=107475ms iter=294 WAIST cost=56.0000 best_alt=52.0000 gap=4.0000 tried=5 sep_labels=52 clique_frac=0.01
t=107649ms iter=294 REBUILD reject new_tc=61.0962 (was 59.8577)
t=107807ms iter=294 incumb=59.8577 ratchet=59.8792 best=59.8555 since_improve=145
t=107814ms iter=295 WAIST cost=56.0000 best_alt=52.0000 gap=4.0000 tried=5 sep_labels=52 clique_frac=0.01
t=107983ms iter=295 REBUILD reject new_tc=60.6042 (was 59.8577)
t=108140ms iter=295 incumb=59.8577 ratchet=59.9322 best=59.8555 since_improve=146
t=108147ms iter=296 WAIST cost=56.0000 best_alt=52.0000 gap=4.0000 tried=5 sep_labels=52 clique_frac=0.01
t=108315ms iter=296 REBUILD reject new_tc=61.4217 (was 59.8577)
t=108467ms iter=296 incumb=59.8577 ratchet=60.1564 best=59.8555 since_improve=147
t=108476ms iter=297 WAIST cost=56.0000 best_alt=51.0000 gap=5.0000 tried=5 sep_labels=51 clique_frac=0.01
t=108615ms iter=297 REBUILD reject new_tc=74.0038 (was 59.8577)
t=108769ms iter=297 incumb=59.8577 ratchet=59.8961 best=59.8555 since_improve=148
t=108778ms iter=298 WAIST cost=56.0000 best_alt=52.0000 gap=4.0000 tried=5 sep_labels=52 clique_frac=0.01
t=108940ms iter=298 REBUILD reject new_tc=61.5151 (was 59.8577)
t=109098ms iter=298 incumb=59.8577 ratchet=59.9771 best=59.8555 since_improve=149
t=109108ms iter=299 WAIST cost=56.0000 best_alt=52.0000 gap=4.0000 tried=5 sep_labels=52 clique_frac=0.01
t=109286ms iter=299 REBUILD reject new_tc=61.4058 (was 59.8577)
t=109442ms iter=299 incumb=59.8577 ratchet=60.0154 best=59.8555 since_improve=150
t=109451ms iter=300 WAIST cost=56.0000 best_alt=50.0000 gap=6.0000 tried=5 sep_labels=50 clique_frac=0.01
t=109609ms iter=300 REBUILD reject new_tc=61.3756 (was 59.8577)
t=109767ms iter=300 incumb=59.8577 ratchet=60.0461 best=59.8555 since_improve=151
t=109777ms iter=301 WAIST cost=56.0000 best_alt=50.0000 gap=6.0000 tried=5 sep_labels=50 clique_frac=0.01
t=109937ms iter=301 REBUILD reject new_tc=61.3233 (was 59.8577)
t=110091ms iter=301 incumb=59.8577 ratchet=59.9392 best=59.8555 since_improve=152
t=110101ms iter=302 WAIST cost=56.0000 best_alt=51.0000 gap=5.0000 tried=5 sep_labels=51 clique_frac=0.01
t=110252ms iter=302 REBUILD reject new_tc=61.5903 (was 59.8577)
t=110433ms iter=302 incumb=59.8577 ratchet=59.9248 best=59.8555 since_improve=153
t=110440ms iter=303 WAIST cost=56.0000 best_alt=51.0000 gap=5.0000 tried=5 sep_labels=51 clique_frac=0.01
t=110614ms iter=303 REBUILD reject new_tc=60.9384 (was 59.8577)
t=110768ms iter=303 incumb=59.8577 ratchet=59.9301 best=59.8555 since_improve=154
t=110776ms iter=304 WAIST cost=56.0000 best_alt=49.0000 gap=7.0000 tried=5 sep_labels=49 clique_frac=0.01
t=110984ms iter=304 REBUILD reject new_tc=61.7187 (was 59.8577)
t=111141ms iter=304 incumb=59.8577 ratchet=59.9592 best=59.8555 since_improve=155
t=111149ms iter=305 WAIST cost=56.0000 best_alt=52.0000 gap=4.0000 tried=5 sep_labels=52 clique_frac=0.01
t=111319ms iter=305 REBUILD reject new_tc=61.0778 (was 59.8577)
t=111480ms iter=305 incumb=59.8577 ratchet=60.0678 best=59.8555 since_improve=156
t=111488ms iter=306 WAIST cost=56.0000 best_alt=52.0000 gap=4.0000 tried=5 sep_labels=52 clique_frac=0.01
t=111655ms iter=306 REBUILD reject new_tc=60.7251 (was 59.8577)
t=111813ms iter=306 incumb=59.8577 ratchet=59.9094 best=59.8555 since_improve=157
t=111820ms iter=307 WAIST cost=56.0000 best_alt=51.0000 gap=5.0000 tried=5 sep_labels=51 clique_frac=0.01
t=111998ms iter=307 REBUILD reject new_tc=60.5911 (was 59.8577)
t=112157ms iter=307 incumb=59.8577 ratchet=60.0593 best=59.8555 since_improve=158
t=112166ms iter=308 WAIST cost=56.0000 best_alt=49.0000 gap=7.0000 tried=5 sep_labels=49 clique_frac=0.01
t=112321ms iter=308 REBUILD reject new_tc=61.5489 (was 59.8577)
t=112477ms iter=308 incumb=59.8577 ratchet=59.9028 best=59.8555 since_improve=159
t=112485ms iter=309 WAIST cost=56.0000 best_alt=49.0000 gap=7.0000 tried=5 sep_labels=49 clique_frac=0.01
t=112637ms iter=309 REBUILD reject new_tc=61.2027 (was 59.8577)
t=112794ms iter=309 incumb=59.8577 ratchet=59.8836 best=59.8555 since_improve=160
t=112803ms iter=310 WAIST cost=56.0000 best_alt=51.0000 gap=5.0000 tried=5 sep_labels=51 clique_frac=0.01
t=112958ms iter=310 REBUILD reject new_tc=62.0384 (was 59.8577)
t=113113ms iter=310 incumb=59.8577 ratchet=59.9168 best=59.8555 since_improve=161
t=113120ms iter=311 WAIST cost=56.0000 best_alt=52.0000 gap=4.0000 tried=5 sep_labels=52 clique_frac=0.01
t=113290ms iter=311 REBUILD reject new_tc=61.5007 (was 59.8577)
t=113450ms iter=311 incumb=59.8577 ratchet=59.9278 best=59.8555 since_improve=162
t=113457ms iter=312 WAIST cost=56.0000 best_alt=52.0000 gap=4.0000 tried=5 sep_labels=52 clique_frac=0.01
t=113612ms iter=312 REBUILD reject new_tc=77.0007 (was 59.8577)
t=113761ms iter=312 incumb=59.8577 ratchet=60.0211 best=59.8555 since_improve=163
t=113770ms iter=313 WAIST cost=56.0000 best_alt=52.0000 gap=4.0000 tried=5 sep_labels=52 clique_frac=0.01
t=113950ms iter=313 REBUILD reject new_tc=60.9257 (was 59.8577)
t=114102ms iter=313 incumb=59.8577 ratchet=59.9228 best=59.8555 since_improve=164
t=114111ms iter=314 WAIST cost=56.0000 best_alt=51.0000 gap=5.0000 tried=5 sep_labels=51 clique_frac=0.01
t=114254ms iter=314 REBUILD reject new_tc=75.0005 (was 59.8577)
t=114421ms iter=314 incumb=59.8577 ratchet=59.9057 best=59.8555 since_improve=165
t=114428ms iter=315 WAIST cost=56.0000 best_alt=52.0000 gap=4.0000 tried=5 sep_labels=52 clique_frac=0.01
t=114600ms iter=315 REBUILD reject new_tc=68.5806 (was 59.8577)
t=114755ms iter=315 incumb=59.8577 ratchet=59.9014 best=59.8555 since_improve=166
t=114765ms iter=316 WAIST cost=56.0000 best_alt=49.0000 gap=7.0000 tried=5 sep_labels=49 clique_frac=0.01
t=114924ms iter=316 REBUILD reject new_tc=65.4385 (was 59.8577)
t=115080ms iter=316 incumb=59.8577 ratchet=59.9763 best=59.8555 since_improve=167
t=115089ms iter=317 WAIST cost=56.0000 best_alt=52.0000 gap=4.0000 tried=5 sep_labels=52 clique_frac=0.01
t=115256ms iter=317 REBUILD reject new_tc=67.2726 (was 59.8577)
t=115407ms iter=317 incumb=59.8577 ratchet=59.9699 best=59.8555 since_improve=168
t=115416ms iter=318 WAIST cost=56.0000 best_alt=52.0000 gap=4.0000 tried=5 sep_labels=52 clique_frac=0.01
t=115586ms iter=318 REBUILD reject new_tc=60.1639 (was 59.8577)
t=115746ms iter=318 incumb=59.8577 ratchet=59.9375 best=59.8555 since_improve=169
t=115753ms iter=319 WAIST cost=56.0000 best_alt=52.0000 gap=4.0000 tried=5 sep_labels=52 clique_frac=0.01
t=115929ms iter=319 REBUILD reject new_tc=61.0193 (was 59.8577)
t=116083ms iter=319 incumb=59.8577 ratchet=59.9800 best=59.8555 since_improve=170
t=116090ms iter=320 WAIST cost=56.0000 best_alt=52.0000 gap=4.0000 tried=5 sep_labels=52 clique_frac=0.01
t=116256ms iter=320 REBUILD reject new_tc=67.2816 (was 59.8577)
t=116412ms iter=320 incumb=59.8577 ratchet=60.7166 best=59.8555 since_improve=171
t=116419ms iter=321 WAIST cost=56.0000 best_alt=52.0000 gap=4.0000 tried=5 sep_labels=52 clique_frac=0.01
t=116592ms iter=321 REBUILD reject new_tc=61.2720 (was 59.8577)
t=116753ms iter=321 incumb=59.8577 ratchet=59.9324 best=59.8555 since_improve=172
t=116761ms iter=322 WAIST cost=56.0000 best_alt=52.0000 gap=4.0000 tried=5 sep_labels=52 clique_frac=0.01
t=116932ms iter=322 REBUILD reject new_tc=61.4067 (was 59.8577)
t=117082ms iter=322 incumb=59.8577 ratchet=59.9963 best=59.8555 since_improve=173
t=117089ms iter=323 WAIST cost=56.0000 best_alt=50.0000 gap=6.0000 tried=5 sep_labels=50 clique_frac=0.01
t=117238ms iter=323 REBUILD reject new_tc=61.9054 (was 59.8577)
t=117397ms iter=323 incumb=59.8577 ratchet=59.9495 best=59.8555 since_improve=174
t=117407ms iter=324 WAIST cost=56.0000 best_alt=51.0000 gap=5.0000 tried=5 sep_labels=51 clique_frac=0.01
t=117551ms iter=324 REBUILD reject new_tc=61.7382 (was 59.8577)
t=117702ms iter=324 incumb=59.8577 ratchet=60.1231 best=59.8555 since_improve=175
t=117711ms iter=325 WAIST cost=56.0000 best_alt=51.0000 gap=5.0000 tried=5 sep_labels=51 clique_frac=0.01
t=117871ms iter=325 REBUILD reject new_tc=61.4026 (was 59.8577)
t=118029ms iter=325 incumb=59.8577 ratchet=60.0309 best=59.8555 since_improve=176
t=118036ms iter=326 WAIST cost=56.0000 best_alt=52.0000 gap=4.0000 tried=5 sep_labels=52 clique_frac=0.01
t=118254ms iter=326 REBUILD reject new_tc=61.8571 (was 59.8577)
t=118415ms iter=326 incumb=59.8577 ratchet=59.8593 best=59.8555 since_improve=177
t=118423ms iter=327 WAIST cost=56.0000 best_alt=51.0000 gap=5.0000 tried=5 sep_labels=51 clique_frac=0.01
t=118570ms iter=327 REBUILD reject new_tc=61.5278 (was 59.8577)
t=118722ms iter=327 incumb=59.8577 ratchet=59.9713 best=59.8555 since_improve=178
t=118731ms iter=328 WAIST cost=56.0000 best_alt=51.0000 gap=5.0000 tried=5 sep_labels=51 clique_frac=0.01
t=118882ms iter=328 REBUILD reject new_tc=61.2250 (was 59.8577)
t=119039ms iter=328 incumb=59.8577 ratchet=59.9049 best=59.8555 since_improve=179
t=119048ms iter=329 WAIST cost=56.0000 best_alt=50.0000 gap=6.0000 tried=5 sep_labels=50 clique_frac=0.01
t=119197ms iter=329 REBUILD reject new_tc=60.8159 (was 59.8577)
t=119354ms iter=329 incumb=59.8577 ratchet=59.9224 best=59.8555 since_improve=180
t=119363ms iter=330 WAIST cost=56.0000 best_alt=50.0000 gap=6.0000 tried=5 sep_labels=50 clique_frac=0.01
t=119518ms iter=330 REBUILD reject new_tc=61.5055 (was 59.8577)
t=119673ms iter=330 incumb=59.8577 ratchet=60.0001 best=59.8555 since_improve=181
t=119679ms iter=331 WAIST cost=56.0000 best_alt=52.0000 gap=4.0000 tried=5 sep_labels=52 clique_frac=0.01
t=119850ms iter=331 REBUILD reject new_tc=61.3957 (was 59.8577)
t=120010ms iter=331 incumb=59.8577 ratchet=59.9534 best=59.8555 since_improve=182
t=120017ms iter=332 WAIST cost=56.0000 best_alt=52.0000 gap=4.0000 tried=5 sep_labels=52 clique_frac=0.01
t=120190ms iter=332 REBUILD reject new_tc=61.3638 (was 59.8577)
t=120338ms iter=332 incumb=59.8577 ratchet=60.0531 best=59.8555 since_improve=183
t=120346ms iter=333 WAIST cost=56.0000 best_alt=52.0000 gap=4.0000 tried=5 sep_labels=52 clique_frac=0.01
t=120521ms iter=333 REBUILD reject new_tc=60.9837 (was 59.8577)
t=120676ms iter=333 incumb=59.8577 ratchet=59.9027 best=59.8555 since_improve=184
t=120685ms iter=334 WAIST cost=56.0000 best_alt=52.0000 gap=4.0000 tried=5 sep_labels=52 clique_frac=0.01
t=120859ms iter=334 REBUILD reject new_tc=60.9137 (was 59.8577)
t=121016ms iter=334 incumb=59.8577 ratchet=59.9153 best=59.8555 since_improve=185
t=121023ms iter=335 WAIST cost=56.0000 best_alt=52.0000 gap=4.0000 tried=5 sep_labels=52 clique_frac=0.01
t=121196ms iter=335 REBUILD reject new_tc=61.3074 (was 59.8577)
t=121356ms iter=335 incumb=59.8577 ratchet=59.9075 best=59.8555 since_improve=186
t=121363ms iter=336 WAIST cost=56.0000 best_alt=52.0000 gap=4.0000 tried=5 sep_labels=52 clique_frac=0.01
t=121536ms iter=336 REBUILD reject new_tc=66.0342 (was 59.8577)
t=121689ms iter=336 incumb=59.8577 ratchet=60.0316 best=59.8555 since_improve=187
t=121698ms iter=337 WAIST cost=56.0000 best_alt=49.0000 gap=7.0000 tried=5 sep_labels=49 clique_frac=0.01
t=121842ms iter=337 REBUILD reject new_tc=75.0337 (was 59.8577)
t=121995ms iter=337 incumb=59.8577 ratchet=60.0613 best=59.8555 since_improve=188
t=122003ms iter=338 WAIST cost=56.0000 best_alt=52.0000 gap=4.0000 tried=5 sep_labels=52 clique_frac=0.01
t=122177ms iter=338 REBUILD reject new_tc=61.3258 (was 59.8577)
t=122334ms iter=338 incumb=59.8577 ratchet=59.9526 best=59.8555 since_improve=189
t=122345ms iter=339 WAIST cost=56.0000 best_alt=49.0000 gap=7.0000 tried=5 sep_labels=49 clique_frac=0.01
t=122499ms iter=339 REBUILD reject new_tc=61.5934 (was 59.8577)
t=122654ms iter=339 incumb=59.8577 ratchet=59.9460 best=59.8555 since_improve=190
t=122662ms iter=340 WAIST cost=56.0000 best_alt=51.0000 gap=5.0000 tried=5 sep_labels=51 clique_frac=0.02
t=122825ms iter=340 REBUILD reject new_tc=61.5077 (was 59.8577)
t=122979ms iter=340 incumb=59.8577 ratchet=59.8852 best=59.8555 since_improve=191
t=122988ms iter=341 WAIST cost=56.0000 best_alt=50.0000 gap=6.0000 tried=5 sep_labels=50 clique_frac=0.01
t=123140ms iter=341 REBUILD reject new_tc=61.4503 (was 59.8577)
t=123299ms iter=341 incumb=59.8577 ratchet=59.9531 best=59.8555 since_improve=192
t=123309ms iter=342 WAIST cost=56.0000 best_alt=50.0000 gap=6.0000 tried=5 sep_labels=50 clique_frac=0.01
t=123458ms iter=342 REBUILD reject new_tc=64.0329 (was 59.8577)
t=123613ms iter=342 incumb=59.8577 ratchet=60.0374 best=59.8555 since_improve=193
t=123622ms iter=343 WAIST cost=56.0000 best_alt=52.0000 gap=4.0000 tried=5 sep_labels=52 clique_frac=0.01
t=123798ms iter=343 REBUILD reject new_tc=61.0976 (was 59.8577)
t=123962ms iter=343 incumb=59.8577 ratchet=59.9789 best=59.8555 since_improve=194
t=123972ms iter=344 WAIST cost=56.0000 best_alt=52.0000 gap=4.0000 tried=5 sep_labels=52 clique_frac=0.01
t=124144ms iter=344 REBUILD reject new_tc=66.7446 (was 59.8577)
t=124300ms iter=344 incumb=59.8577 ratchet=59.9767 best=59.8555 since_improve=195
t=124307ms iter=345 WAIST cost=56.0000 best_alt=49.0000 gap=7.0000 tried=5 sep_labels=49 clique_frac=0.01
t=124459ms iter=345 REBUILD reject new_tc=62.0027 (was 59.8577)
t=124612ms iter=345 incumb=59.8577 ratchet=59.8922 best=59.8555 since_improve=196
t=124621ms iter=346 WAIST cost=56.0000 best_alt=52.0000 gap=4.0000 tried=5 sep_labels=52 clique_frac=0.01
t=124791ms iter=346 REBUILD reject new_tc=61.2746 (was 59.8577)
t=124949ms iter=346 incumb=59.8577 ratchet=59.9591 best=59.8555 since_improve=197
t=124957ms iter=347 WAIST cost=56.0000 best_alt=52.0000 gap=4.0000 tried=5 sep_labels=52 clique_frac=0.01
t=125127ms iter=347 REBUILD reject new_tc=61.0176 (was 59.8577)
t=125283ms iter=347 incumb=59.8577 ratchet=59.9350 best=59.8555 since_improve=198
t=125291ms iter=348 WAIST cost=56.0000 best_alt=51.0000 gap=5.0000 tried=5 sep_labels=51 clique_frac=0.01
t=125448ms iter=348 REBUILD reject new_tc=61.3776 (was 59.8577)
t=125607ms iter=348 incumb=59.8577 ratchet=59.9826 best=59.8555 since_improve=199
t=125615ms iter=349 WAIST cost=56.0000 best_alt=52.0000 gap=4.0000 tried=5 sep_labels=52 clique_frac=0.01
t=125789ms iter=349 REBUILD reject new_tc=61.4037 (was 59.8577)
t=125945ms iter=349 incumb=59.8577 ratchet=60.4731 best=59.8555 since_improve=200
t=125953ms iter=350 WAIST cost=56.0000 best_alt=52.0000 gap=4.0000 tried=5 sep_labels=52 clique_frac=0.01
t=126124ms iter=350 REBUILD reject new_tc=61.3540 (was 59.8577)
t=126278ms iter=350 incumb=59.8577 ratchet=60.0589 best=59.8555 since_improve=201
t=126286ms iter=351 WAIST cost=56.0000 best_alt=51.0000 gap=5.0000 tried=5 sep_labels=51 clique_frac=0.01
t=126439ms iter=351 REBUILD reject new_tc=61.3114 (was 59.8577)
t=126597ms iter=351 incumb=59.8577 ratchet=59.9068 best=59.8555 since_improve=202
t=126605ms iter=352 WAIST cost=56.0000 best_alt=50.0000 gap=6.0000 tried=5 sep_labels=50 clique_frac=0.01
t=126762ms iter=352 REBUILD reject new_tc=63.2317 (was 59.8577)
t=126916ms iter=352 incumb=59.8577 ratchet=59.9439 best=59.8555 since_improve=203
t=126925ms iter=353 WAIST cost=56.0000 best_alt=49.0000 gap=7.0000 tried=5 sep_labels=49 clique_frac=0.01
t=127082ms iter=353 REBUILD reject new_tc=61.4578 (was 59.8577)
t=127239ms iter=353 incumb=59.8577 ratchet=60.6100 best=59.8555 since_improve=204
t=127247ms iter=354 WAIST cost=56.0000 best_alt=49.0000 gap=7.0000 tried=5 sep_labels=49 clique_frac=0.01
t=127403ms iter=354 REBUILD reject new_tc=67.4741 (was 59.8577)
t=127555ms iter=354 incumb=59.8577 ratchet=60.0040 best=59.8555 since_improve=205
t=127565ms iter=355 WAIST cost=56.0000 best_alt=52.0000 gap=4.0000 tried=5 sep_labels=52 clique_frac=0.01
t=127728ms iter=355 REBUILD reject new_tc=66.1842 (was 59.8577)
t=127884ms iter=355 incumb=59.8577 ratchet=59.9558 best=59.8555 since_improve=206
t=127892ms iter=356 WAIST cost=56.0000 best_alt=52.0000 gap=4.0000 tried=5 sep_labels=52 clique_frac=0.01
t=128064ms iter=356 REBUILD reject new_tc=66.5150 (was 59.8577)
t=128222ms iter=356 incumb=59.8577 ratchet=59.9151 best=59.8555 since_improve=207
t=128231ms iter=357 WAIST cost=56.0000 best_alt=52.0000 gap=4.0000 tried=5 sep_labels=52 clique_frac=0.01
t=128403ms iter=357 REBUILD reject new_tc=60.8791 (was 59.8577)
t=128559ms iter=357 incumb=59.8577 ratchet=59.9988 best=59.8555 since_improve=208
t=128569ms iter=358 WAIST cost=56.0000 best_alt=49.0000 gap=7.0000 tried=5 sep_labels=49 clique_frac=0.01
t=128728ms iter=358 REBUILD reject new_tc=61.3982 (was 59.8577)
t=128884ms iter=358 incumb=59.8577 ratchet=59.9532 best=59.8555 since_improve=209
t=128891ms iter=359 WAIST cost=56.0000 best_alt=51.0000 gap=5.0000 tried=5 sep_labels=51 clique_frac=0.01
t=129044ms iter=359 REBUILD reject new_tc=65.5550 (was 59.8577)
t=129203ms iter=359 incumb=59.8577 ratchet=59.9154 best=59.8555 since_improve=210
t=129211ms iter=360 WAIST cost=56.0000 best_alt=52.0000 gap=4.0000 tried=5 sep_labels=52 clique_frac=0.01
t=129385ms iter=360 REBUILD reject new_tc=61.6227 (was 59.8577)
t=129540ms iter=360 incumb=59.8577 ratchet=59.9821 best=59.8555 since_improve=211
t=129550ms iter=361 WAIST cost=56.0000 best_alt=49.0000 gap=7.0000 tried=5 sep_labels=49 clique_frac=0.01
t=129703ms iter=361 REBUILD reject new_tc=61.3046 (was 59.8577)
t=129862ms iter=361 incumb=59.8577 ratchet=59.9618 best=59.8555 since_improve=212
t=129871ms iter=362 WAIST cost=56.0000 best_alt=51.0000 gap=5.0000 tried=5 sep_labels=51 clique_frac=0.01
t=130026ms iter=362 REBUILD reject new_tc=61.6743 (was 59.8577)
t=130178ms iter=362 incumb=59.8577 ratchet=59.9181 best=59.8555 since_improve=213
t=130187ms iter=363 WAIST cost=56.0000 best_alt=51.0000 gap=5.0000 tried=5 sep_labels=51 clique_frac=0.01
t=130337ms iter=363 REBUILD reject new_tc=61.2494 (was 59.8577)
t=130487ms iter=363 incumb=59.8577 ratchet=59.9982 best=59.8555 since_improve=214
t=130495ms iter=364 WAIST cost=56.0000 best_alt=52.0000 gap=4.0000 tried=5 sep_labels=52 clique_frac=0.01
t=130668ms iter=364 REBUILD reject new_tc=60.1673 (was 59.8577)
t=130822ms iter=364 incumb=59.8577 ratchet=59.9603 best=59.8555 since_improve=215
t=130828ms iter=365 WAIST cost=56.0000 best_alt=52.0000 gap=4.0000 tried=5 sep_labels=52 clique_frac=0.01
t=130996ms iter=365 REBUILD reject new_tc=61.3836 (was 59.8577)
t=131157ms iter=365 incumb=59.8577 ratchet=59.9409 best=59.8555 since_improve=216
t=131164ms iter=366 WAIST cost=56.0000 best_alt=50.0000 gap=6.0000 tried=5 sep_labels=50 clique_frac=0.01
t=131320ms iter=366 REBUILD reject new_tc=61.5825 (was 59.8577)
t=131481ms iter=366 incumb=59.8577 ratchet=59.9812 best=59.8555 since_improve=217
t=131489ms iter=367 WAIST cost=56.0000 best_alt=51.0000 gap=5.0000 tried=5 sep_labels=51 clique_frac=0.01
t=131646ms iter=367 REBUILD reject new_tc=61.4401 (was 59.8577)
t=131798ms iter=367 incumb=59.8577 ratchet=59.9001 best=59.8555 since_improve=218
t=131808ms iter=368 WAIST cost=56.0000 best_alt=52.0000 gap=4.0000 tried=5 sep_labels=52 clique_frac=0.01
t=131966ms iter=368 REBUILD reject new_tc=76.0000 (was 59.8577)
t=132121ms iter=368 incumb=59.8577 ratchet=60.0105 best=59.8555 since_improve=219
t=132128ms iter=369 WAIST cost=56.0000 best_alt=52.0000 gap=4.0000 tried=5 sep_labels=52 clique_frac=0.01
t=132297ms iter=369 REBUILD reject new_tc=61.3589 (was 59.8577)
t=132453ms iter=369 incumb=59.8577 ratchet=59.9233 best=59.8555 since_improve=220
t=132463ms iter=370 WAIST cost=56.0000 best_alt=50.0000 gap=6.0000 tried=5 sep_labels=50 clique_frac=0.01
t=132619ms iter=370 REBUILD reject new_tc=61.4284 (was 59.8577)
t=132767ms iter=370 incumb=59.8577 ratchet=60.1038 best=59.8555 since_improve=221
t=132776ms iter=371 WAIST cost=56.0000 best_alt=49.0000 gap=7.0000 tried=5 sep_labels=49 clique_frac=0.01
t=132926ms iter=371 REBUILD reject new_tc=61.3101 (was 59.8577)
t=133078ms iter=371 incumb=59.8577 ratchet=59.9589 best=59.8555 since_improve=222
t=133088ms iter=372 WAIST cost=56.0000 best_alt=49.0000 gap=7.0000 tried=5 sep_labels=49 clique_frac=0.01
t=133239ms iter=372 REBUILD reject new_tc=71.9334 (was 59.8577)
t=133390ms iter=372 incumb=59.8577 ratchet=60.0206 best=59.8555 since_improve=223
t=133400ms iter=373 WAIST cost=56.0000 best_alt=50.0000 gap=6.0000 tried=5 sep_labels=50 clique_frac=0.01
t=133556ms iter=373 REBUILD reject new_tc=61.1837 (was 59.8577)
t=133708ms iter=373 incumb=59.8577 ratchet=59.9413 best=59.8555 since_improve=224
t=133716ms iter=374 WAIST cost=56.0000 best_alt=51.0000 gap=5.0000 tried=5 sep_labels=51 clique_frac=0.01
t=133870ms iter=374 REBUILD reject new_tc=61.4800 (was 59.8577)
t=134025ms iter=374 incumb=59.8577 ratchet=60.0728 best=59.8555 since_improve=225
t=134032ms iter=375 WAIST cost=56.0000 best_alt=52.0000 gap=4.0000 tried=5 sep_labels=52 clique_frac=0.01
t=134201ms iter=375 REBUILD reject new_tc=60.5854 (was 59.8577)
t=134361ms iter=375 incumb=59.8577 ratchet=59.9235 best=59.8555 since_improve=226
t=134370ms iter=376 WAIST cost=56.0000 best_alt=51.0000 gap=5.0000 tried=5 sep_labels=51 clique_frac=0.01
t=134522ms iter=376 REBUILD reject new_tc=61.3586 (was 59.8577)
t=134676ms iter=376 incumb=59.8577 ratchet=59.9582 best=59.8555 since_improve=227
t=134685ms iter=377 WAIST cost=56.0000 best_alt=52.0000 gap=4.0000 tried=5 sep_labels=52 clique_frac=0.01
t=134859ms iter=377 REBUILD reject new_tc=60.3250 (was 59.8577)
t=135016ms iter=377 incumb=59.8577 ratchet=59.9030 best=59.8555 since_improve=228
t=135025ms iter=378 WAIST cost=56.0000 best_alt=52.0000 gap=4.0000 tried=5 sep_labels=52 clique_frac=0.01
t=135200ms iter=378 REBUILD reject new_tc=60.7947 (was 59.8577)
t=135357ms iter=378 incumb=59.8577 ratchet=60.0037 best=59.8555 since_improve=229
t=135366ms iter=379 WAIST cost=56.0000 best_alt=51.0000 gap=5.0000 tried=5 sep_labels=51 clique_frac=0.01
t=135522ms iter=379 REBUILD reject new_tc=61.8808 (was 59.8577)
t=135680ms iter=379 incumb=59.8577 ratchet=60.0237 best=59.8555 since_improve=230
t=135688ms iter=380 WAIST cost=56.0000 best_alt=51.0000 gap=5.0000 tried=5 sep_labels=51 clique_frac=0.01
t=135834ms iter=380 REBUILD reject new_tc=84.0000 (was 59.8577)
t=135983ms iter=380 incumb=59.8577 ratchet=59.9509 best=59.8555 since_improve=231
t=135991ms iter=381 WAIST cost=56.0000 best_alt=52.0000 gap=4.0000 tried=5 sep_labels=52 clique_frac=0.01
t=136157ms iter=381 REBUILD reject new_tc=61.5482 (was 59.8577)
t=136318ms iter=381 incumb=59.8577 ratchet=59.9015 best=59.8555 since_improve=232
t=136325ms iter=382 WAIST cost=56.0000 best_alt=51.0000 gap=5.0000 tried=5 sep_labels=51 clique_frac=0.01
t=136477ms iter=382 REBUILD reject new_tc=60.8687 (was 59.8577)
t=136633ms iter=382 incumb=59.8577 ratchet=59.9660 best=59.8555 since_improve=233
t=136644ms iter=383 WAIST cost=56.0000 best_alt=52.0000 gap=4.0000 tried=5 sep_labels=52 clique_frac=0.01
t=136803ms iter=383 REBUILD reject new_tc=69.0146 (was 59.8577)
t=136961ms iter=383 incumb=59.8577 ratchet=59.9856 best=59.8555 since_improve=234
t=136970ms iter=384 WAIST cost=56.0000 best_alt=51.0000 gap=5.0000 tried=5 sep_labels=51 clique_frac=0.01
t=137127ms iter=384 REBUILD reject new_tc=61.4945 (was 59.8577)
t=137282ms iter=384 incumb=59.8577 ratchet=59.9516 best=59.8555 since_improve=235
t=137289ms iter=385 WAIST cost=56.0000 best_alt=52.0000 gap=4.0000 tried=5 sep_labels=52 clique_frac=0.01
t=137461ms iter=385 REBUILD reject new_tc=61.3954 (was 59.8577)
t=137621ms iter=385 incumb=59.8577 ratchet=59.9305 best=59.8555 since_improve=236
t=137628ms iter=386 WAIST cost=56.0000 best_alt=52.0000 gap=4.0000 tried=5 sep_labels=52 clique_frac=0.01
t=137798ms iter=386 REBUILD reject new_tc=61.0633 (was 59.8577)
t=137957ms iter=386 incumb=59.8577 ratchet=59.8767 best=59.8555 since_improve=237
t=137965ms iter=387 WAIST cost=56.0000 best_alt=52.0000 gap=4.0000 tried=5 sep_labels=52 clique_frac=0.01
t=138142ms iter=387 REBUILD reject new_tc=61.7218 (was 59.8577)
t=138301ms iter=387 incumb=59.8577 ratchet=59.9698 best=59.8555 since_improve=238
t=138311ms iter=388 WAIST cost=56.0000 best_alt=51.0000 gap=5.0000 tried=5 sep_labels=51 clique_frac=0.01
t=138481ms iter=388 REBUILD reject new_tc=63.5817 (was 59.8577)
t=138638ms iter=388 incumb=59.8577 ratchet=59.9295 best=59.8555 since_improve=239
t=138646ms iter=389 WAIST cost=56.0000 best_alt=51.0000 gap=5.0000 tried=5 sep_labels=51 clique_frac=0.02
t=138805ms iter=389 REBUILD reject new_tc=60.9745 (was 59.8577)
t=138958ms iter=389 incumb=59.8577 ratchet=59.9010 best=59.8555 since_improve=240
t=138968ms iter=390 WAIST cost=56.0000 best_alt=51.0000 gap=5.0000 tried=5 sep_labels=51 clique_frac=0.01
t=139122ms iter=390 REBUILD reject new_tc=61.9068 (was 59.8577)
t=139279ms iter=390 incumb=59.8577 ratchet=59.9334 best=59.8555 since_improve=241
t=139285ms iter=391 WAIST cost=56.0000 best_alt=51.0000 gap=5.0000 tried=5 sep_labels=51 clique_frac=0.01
t=139439ms iter=391 REBUILD reject new_tc=71.7818 (was 59.8577)
t=139599ms iter=391 incumb=59.8577 ratchet=59.8555 best=59.8555 since_improve=0
t=139607ms iter=392 WAIST cost=56.0000 best_alt=52.0000 gap=4.0000 tried=5 sep_labels=52 clique_frac=0.01
t=139782ms iter=392 REBUILD reject new_tc=60.0103 (was 59.8555)
t=139941ms iter=392 incumb=59.8555 ratchet=59.9430 best=59.8555 since_improve=1
t=139949ms iter=393 WAIST cost=56.0000 best_alt=51.0000 gap=5.0000 tried=5 sep_labels=51 clique_frac=0.01
t=140107ms iter=393 REBUILD reject new_tc=61.4017 (was 59.8555)
t=140267ms iter=393 incumb=59.8555 ratchet=60.2950 best=59.8555 since_improve=2
t=140275ms iter=394 WAIST cost=56.0000 best_alt=52.0000 gap=4.0000 tried=5 sep_labels=52 clique_frac=0.01
t=140448ms iter=394 REBUILD reject new_tc=60.7552 (was 59.8555)
t=140606ms iter=394 incumb=59.8555 ratchet=60.0678 best=59.8555 since_improve=3
t=140612ms iter=395 WAIST cost=56.0000 best_alt=52.0000 gap=4.0000 tried=5 sep_labels=52 clique_frac=0.01
t=140783ms iter=395 REBUILD reject new_tc=60.0420 (was 59.8555)
t=140941ms iter=395 incumb=59.8555 ratchet=60.0060 best=59.8555 since_improve=4
t=140949ms iter=396 WAIST cost=56.0000 best_alt=51.0000 gap=5.0000 tried=5 sep_labels=51 clique_frac=0.01
t=141105ms iter=396 REBUILD reject new_tc=61.6065 (was 59.8555)
t=141260ms iter=396 incumb=59.8555 ratchet=59.9946 best=59.8555 since_improve=5
t=141267ms iter=397 WAIST cost=56.0000 best_alt=52.0000 gap=4.0000 tried=5 sep_labels=52 clique_frac=0.01
t=141440ms iter=397 REBUILD reject new_tc=60.7495 (was 59.8555)
t=141594ms iter=397 incumb=59.8555 ratchet=59.9266 best=59.8555 since_improve=6
t=141603ms iter=398 WAIST cost=56.0000 best_alt=51.0000 gap=5.0000 tried=5 sep_labels=51 clique_frac=0.01
t=141760ms iter=398 REBUILD reject new_tc=61.7096 (was 59.8555)
t=141919ms iter=398 incumb=59.8555 ratchet=60.0727 best=59.8555 since_improve=7
t=141927ms iter=399 WAIST cost=56.0000 best_alt=52.0000 gap=4.0000 tried=5 sep_labels=52 clique_frac=0.01
t=142099ms iter=399 REBUILD reject new_tc=61.5110 (was 59.8555)
t=142257ms iter=399 incumb=59.8555 ratchet=59.8762 best=59.8555 since_improve=8
t=142265ms iter=400 WAIST cost=56.0000 best_alt=51.0000 gap=5.0000 tried=5 sep_labels=51 clique_frac=0.01
t=142427ms iter=400 REBUILD reject new_tc=61.5451 (was 59.8555)
t=142579ms iter=400 incumb=59.8555 ratchet=59.9955 best=59.8555 since_improve=9
t=142589ms iter=401 WAIST cost=56.0000 best_alt=51.0000 gap=5.0000 tried=5 sep_labels=51 clique_frac=0.01
t=142746ms iter=401 REBUILD reject new_tc=60.9459 (was 59.8555)
t=142900ms iter=401 incumb=59.8555 ratchet=59.9238 best=59.8555 since_improve=10
t=142908ms iter=402 WAIST cost=56.0000 best_alt=52.0000 gap=4.0000 tried=5 sep_labels=52 clique_frac=0.01
t=143086ms iter=402 REBUILD reject new_tc=60.5047 (was 59.8555)
t=143242ms iter=402 incumb=59.8555 ratchet=59.9475 best=59.8555 since_improve=11
t=143251ms iter=403 WAIST cost=56.0000 best_alt=52.0000 gap=4.0000 tried=5 sep_labels=52 clique_frac=0.01
t=143422ms iter=403 REBUILD reject new_tc=60.5598 (was 59.8555)
t=143582ms iter=403 incumb=59.8555 ratchet=59.8795 best=59.8555 since_improve=12
t=143589ms iter=404 WAIST cost=56.0000 best_alt=52.0000 gap=4.0000 tried=5 sep_labels=52 clique_frac=0.01
t=143763ms iter=404 REBUILD reject new_tc=61.1532 (was 59.8555)
t=143916ms iter=404 incumb=59.8555 ratchet=60.0546 best=59.8555 since_improve=13
t=143923ms iter=405 WAIST cost=56.0000 best_alt=52.0000 gap=4.0000 tried=5 sep_labels=52 clique_frac=0.01
t=144092ms iter=405 REBUILD reject new_tc=61.8431 (was 59.8555)
t=144248ms iter=405 incumb=59.8555 ratchet=59.9362 best=59.8555 since_improve=14
t=144255ms iter=406 WAIST cost=56.0000 best_alt=52.0000 gap=4.0000 tried=5 sep_labels=52 clique_frac=0.01
t=144423ms iter=406 REBUILD reject new_tc=68.2682 (was 59.8555)
t=144575ms iter=406 incumb=59.8555 ratchet=59.9410 best=59.8555 since_improve=15
t=144583ms iter=407 WAIST cost=56.0000 best_alt=52.0000 gap=4.0000 tried=5 sep_labels=52 clique_frac=0.01
t=144753ms iter=407 REBUILD reject new_tc=61.3244 (was 59.8555)
t=144911ms iter=407 incumb=59.8555 ratchet=60.0204 best=59.8555 since_improve=16
t=144920ms iter=408 WAIST cost=56.0000 best_alt=52.0000 gap=4.0000 tried=5 sep_labels=52 clique_frac=0.01
t=145092ms iter=408 REBUILD reject new_tc=60.3725 (was 59.8555)
t=145247ms iter=408 incumb=59.8555 ratchet=60.1492 best=59.8555 since_improve=17
t=145254ms iter=409 WAIST cost=56.0000 best_alt=49.0000 gap=7.0000 tried=5 sep_labels=49 clique_frac=0.01
t=145402ms iter=409 REBUILD reject new_tc=61.4417 (was 59.8555)
t=145559ms iter=409 incumb=59.8555 ratchet=59.9415 best=59.8555 since_improve=18
t=145567ms iter=410 WAIST cost=56.0000 best_alt=52.0000 gap=4.0000 tried=5 sep_labels=52 clique_frac=0.01
t=145742ms iter=410 REBUILD reject new_tc=61.4261 (was 59.8555)
t=145899ms iter=410 incumb=59.8555 ratchet=60.1804 best=59.8555 since_improve=19
t=145907ms iter=411 WAIST cost=56.0000 best_alt=52.0000 gap=4.0000 tried=5 sep_labels=52 clique_frac=0.01
t=146078ms iter=411 REBUILD reject new_tc=61.9103 (was 59.8555)
t=146234ms iter=411 incumb=59.8555 ratchet=60.0113 best=59.8555 since_improve=20
t=146243ms iter=412 WAIST cost=56.0000 best_alt=51.0000 gap=5.0000 tried=5 sep_labels=51 clique_frac=0.01
t=146404ms iter=412 REBUILD reject new_tc=61.6382 (was 59.8555)
t=146562ms iter=412 incumb=59.8555 ratchet=59.9529 best=59.8555 since_improve=21
t=146570ms iter=413 WAIST cost=56.0000 best_alt=52.0000 gap=4.0000 tried=5 sep_labels=52 clique_frac=0.01
t=146744ms iter=413 REBUILD reject new_tc=60.3209 (was 59.8555)
t=146894ms iter=413 incumb=59.8555 ratchet=59.9186 best=59.8555 since_improve=22
t=146902ms iter=414 WAIST cost=56.0000 best_alt=52.0000 gap=4.0000 tried=5 sep_labels=52 clique_frac=0.01
t=147079ms iter=414 REBUILD reject new_tc=60.6825 (was 59.8555)
t=147239ms iter=414 incumb=59.8555 ratchet=59.9087 best=59.8555 since_improve=23
t=147249ms iter=415 WAIST cost=56.0000 best_alt=52.0000 gap=4.0000 tried=5 sep_labels=52 clique_frac=0.01
t=147418ms iter=415 REBUILD reject new_tc=61.4391 (was 59.8555)
t=147574ms iter=415 incumb=59.8555 ratchet=59.9005 best=59.8555 since_improve=24
t=147581ms iter=416 WAIST cost=56.0000 best_alt=52.0000 gap=4.0000 tried=5 sep_labels=52 clique_frac=0.01
t=147745ms iter=416 REBUILD reject new_tc=61.4919 (was 59.8555)
t=147907ms iter=416 incumb=59.8555 ratchet=59.9447 best=59.8555 since_improve=25
t=147916ms iter=417 WAIST cost=56.0000 best_alt=51.0000 gap=5.0000 tried=5 sep_labels=51 clique_frac=0.01
t=148074ms iter=417 REBUILD reject new_tc=61.6197 (was 59.8555)
t=148231ms iter=417 incumb=59.8555 ratchet=59.9239 best=59.8555 since_improve=26
t=148238ms iter=418 WAIST cost=56.0000 best_alt=52.0000 gap=4.0000 tried=5 sep_labels=52 clique_frac=0.01
t=148406ms iter=418 REBUILD reject new_tc=61.2456 (was 59.8555)
t=148559ms iter=418 incumb=59.8555 ratchet=59.9498 best=59.8555 since_improve=27
t=148566ms iter=419 WAIST cost=56.0000 best_alt=52.0000 gap=4.0000 tried=5 sep_labels=52 clique_frac=0.01
t=148739ms iter=419 REBUILD reject new_tc=61.4023 (was 59.8555)
t=148901ms iter=419 incumb=59.8555 ratchet=59.9022 best=59.8555 since_improve=28
t=148910ms iter=420 WAIST cost=56.0000 best_alt=52.0000 gap=4.0000 tried=5 sep_labels=52 clique_frac=0.01
t=149077ms iter=420 REBUILD reject new_tc=60.0902 (was 59.8555)
t=149231ms iter=420 incumb=59.8555 ratchet=59.9087 best=59.8555 since_improve=29
t=149238ms iter=421 WAIST cost=56.0000 best_alt=52.0000 gap=4.0000 tried=5 sep_labels=52 clique_frac=0.01
t=149405ms iter=421 REBUILD reject new_tc=74.0020 (was 59.8555)
t=149560ms iter=421 incumb=59.8555 ratchet=59.9106 best=59.8555 since_improve=30
t=149569ms iter=422 WAIST cost=56.0000 best_alt=51.0000 gap=5.0000 tried=5 sep_labels=51 clique_frac=0.01
t=149719ms iter=422 REBUILD reject new_tc=70.8042 (was 59.8555)
t=149880ms iter=422 incumb=59.8555 ratchet=59.9790 best=59.8555 since_improve=31
t=149887ms iter=423 WAIST cost=56.0000 best_alt=52.0000 gap=4.0000 tried=5 sep_labels=52 clique_frac=0.01
t=150053ms iter=423 REBUILD reject new_tc=60.8610 (was 59.8555)
t=150210ms iter=423 incumb=59.8555 ratchet=59.9965 best=59.8555 since_improve=32
t=150219ms iter=424 WAIST cost=56.0000 best_alt=51.0000 gap=5.0000 tried=5 sep_labels=51 clique_frac=0.01
t=150374ms iter=424 REBUILD reject new_tc=61.6912 (was 59.8555)
t=150532ms iter=424 incumb=59.8555 ratchet=59.9325 best=59.8555 since_improve=33
t=150541ms iter=425 WAIST cost=56.0000 best_alt=52.0000 gap=4.0000 tried=5 sep_labels=52 clique_frac=0.01
t=150712ms iter=425 REBUILD reject new_tc=60.8895 (was 59.8555)
t=150867ms iter=425 incumb=59.8555 ratchet=59.9616 best=59.8555 since_improve=34
t=150875ms iter=426 WAIST cost=56.0000 best_alt=51.0000 gap=5.0000 tried=5 sep_labels=51 clique_frac=0.01
t=151031ms iter=426 REBUILD reject new_tc=61.4759 (was 59.8555)
t=151192ms iter=426 incumb=59.8555 ratchet=59.9580 best=59.8555 since_improve=35
t=151200ms iter=427 WAIST cost=56.0000 best_alt=52.0000 gap=4.0000 tried=5 sep_labels=52 clique_frac=0.01
t=151363ms iter=427 REBUILD reject new_tc=67.2861 (was 59.8555)
t=151521ms iter=427 incumb=59.8555 ratchet=59.9654 best=59.8555 since_improve=36
t=151529ms iter=428 WAIST cost=56.0000 best_alt=50.0000 gap=6.0000 tried=5 sep_labels=50 clique_frac=0.01
t=151671ms iter=428 REBUILD reject new_tc=72.0019 (was 59.8555)
t=151826ms iter=428 incumb=59.8555 ratchet=59.9951 best=59.8555 since_improve=37
t=151834ms iter=429 WAIST cost=56.0000 best_alt=52.0000 gap=4.0000 tried=5 sep_labels=52 clique_frac=0.01
t=152008ms iter=429 REBUILD reject new_tc=61.1116 (was 59.8555)
t=152161ms iter=429 incumb=59.8555 ratchet=59.9858 best=59.8555 since_improve=38
t=152170ms iter=430 WAIST cost=56.0000 best_alt=52.0000 gap=4.0000 tried=5 sep_labels=52 clique_frac=0.01
t=152344ms iter=430 REBUILD reject new_tc=61.4233 (was 59.8555)
t=152502ms iter=430 incumb=59.8555 ratchet=59.8924 best=59.8555 since_improve=39
t=152511ms iter=431 WAIST cost=56.0000 best_alt=52.0000 gap=4.0000 tried=5 sep_labels=52 clique_frac=0.01
t=152681ms iter=431 REBUILD reject new_tc=61.1526 (was 59.8555)
t=152837ms iter=431 incumb=59.8555 ratchet=59.9293 best=59.8555 since_improve=40
t=152845ms iter=432 WAIST cost=56.0000 best_alt=51.0000 gap=5.0000 tried=5 sep_labels=51 clique_frac=0.01
t=153001ms iter=432 REBUILD reject new_tc=61.5156 (was 59.8555)
t=153156ms iter=432 incumb=59.8555 ratchet=59.9555 best=59.8555 since_improve=41
t=153165ms iter=433 WAIST cost=56.0000 best_alt=51.0000 gap=5.0000 tried=5 sep_labels=51 clique_frac=0.01
t=153326ms iter=433 REBUILD reject new_tc=61.9176 (was 59.8555)
t=153481ms iter=433 incumb=59.8555 ratchet=59.9119 best=59.8555 since_improve=42
t=153488ms iter=434 WAIST cost=56.0000 best_alt=51.0000 gap=5.0000 tried=5 sep_labels=51 clique_frac=0.01
t=153644ms iter=434 REBUILD reject new_tc=61.5036 (was 59.8555)
t=153793ms iter=434 incumb=59.8555 ratchet=59.9480 best=59.8555 since_improve=43
t=153801ms iter=435 WAIST cost=56.0000 best_alt=51.0000 gap=5.0000 tried=5 sep_labels=51 clique_frac=0.02
t=153959ms iter=435 REBUILD reject new_tc=61.4447 (was 59.8555)
t=154120ms iter=435 incumb=59.8555 ratchet=59.9790 best=59.8555 since_improve=44
t=154128ms iter=436 WAIST cost=56.0000 best_alt=52.0000 gap=4.0000 tried=5 sep_labels=52 clique_frac=0.01
t=154299ms iter=436 REBUILD reject new_tc=60.8245 (was 59.8555)
t=154454ms iter=436 incumb=59.8555 ratchet=60.3146 best=59.8555 since_improve=45
t=154462ms iter=437 WAIST cost=56.0000 best_alt=49.0000 gap=7.0000 tried=5 sep_labels=49 clique_frac=0.01
t=154602ms iter=437 REBUILD reject new_tc=80.0000 (was 59.8555)
t=154755ms iter=437 incumb=59.8555 ratchet=59.9846 best=59.8555 since_improve=46
t=154764ms iter=438 WAIST cost=56.0000 best_alt=52.0000 gap=4.0000 tried=5 sep_labels=52 clique_frac=0.01
t=154925ms iter=438 REBUILD reject new_tc=74.0031 (was 59.8555)
t=155083ms iter=438 incumb=59.8555 ratchet=60.0771 best=59.8555 since_improve=47
t=155090ms iter=439 WAIST cost=56.0000 best_alt=52.0000 gap=4.0000 tried=5 sep_labels=52 clique_frac=0.01
t=155264ms iter=439 REBUILD reject new_tc=61.4667 (was 59.8555)
t=155419ms iter=439 incumb=59.8555 ratchet=60.1262 best=59.8555 since_improve=48
t=155428ms iter=440 WAIST cost=56.0000 best_alt=52.0000 gap=4.0000 tried=5 sep_labels=52 clique_frac=0.01
t=155599ms iter=440 REBUILD reject new_tc=61.2835 (was 59.8555)
t=155749ms iter=440 incumb=59.8555 ratchet=59.8985 best=59.8555 since_improve=49
t=155754ms iter=441 WAIST cost=56.0000 best_alt=52.0000 gap=4.0000 tried=5 sep_labels=52 clique_frac=0.01
t=155930ms iter=441 REBUILD reject new_tc=61.1065 (was 59.8555)
t=156090ms iter=441 incumb=59.8555 ratchet=59.9432 best=59.8555 since_improve=50
t=156099ms iter=442 WAIST cost=56.0000 best_alt=51.0000 gap=5.0000 tried=5 sep_labels=51 clique_frac=0.01
t=156245ms iter=442 REBUILD reject new_tc=61.4150 (was 59.8555)
t=156406ms iter=442 incumb=59.8555 ratchet=59.9971 best=59.8555 since_improve=51
t=156414ms iter=443 WAIST cost=56.0000 best_alt=52.0000 gap=4.0000 tried=5 sep_labels=52 clique_frac=0.01
t=156567ms iter=443 REBUILD reject new_tc=80.0000 (was 59.8555)
t=156718ms iter=443 incumb=59.8555 ratchet=59.9271 best=59.8555 since_improve=52
t=156727ms iter=444 WAIST cost=56.0000 best_alt=51.0000 gap=5.0000 tried=5 sep_labels=51 clique_frac=0.01
t=156875ms iter=444 REBUILD reject new_tc=61.2528 (was 59.8555)
t=157032ms iter=444 incumb=59.8555 ratchet=59.9345 best=59.8555 since_improve=53
t=157040ms iter=445 WAIST cost=56.0000 best_alt=51.0000 gap=5.0000 tried=5 sep_labels=51 clique_frac=0.01
t=157194ms iter=445 REBUILD reject new_tc=61.4145 (was 59.8555)
t=157353ms iter=445 incumb=59.8555 ratchet=59.9830 best=59.8555 since_improve=54
t=157362ms iter=446 WAIST cost=56.0000 best_alt=52.0000 gap=4.0000 tried=5 sep_labels=52 clique_frac=0.01
t=157543ms iter=446 REBUILD reject new_tc=61.1387 (was 59.8555)
t=157693ms iter=446 incumb=59.8555 ratchet=60.0456 best=59.8555 since_improve=55
t=157701ms iter=447 WAIST cost=56.0000 best_alt=51.0000 gap=5.0000 tried=5 sep_labels=51 clique_frac=0.01
t=157845ms iter=447 REBUILD reject new_tc=61.2181 (was 59.8555)
t=158001ms iter=447 incumb=59.8555 ratchet=60.0571 best=59.8555 since_improve=56
t=158007ms iter=448 WAIST cost=56.0000 best_alt=52.0000 gap=4.0000 tried=5 sep_labels=52 clique_frac=0.01
t=158158ms iter=448 REBUILD reject new_tc=76.0001 (was 59.8555)
t=158312ms iter=448 incumb=59.8555 ratchet=59.9710 best=59.8555 since_improve=57
t=158320ms iter=449 WAIST cost=56.0000 best_alt=51.0000 gap=5.0000 tried=5 sep_labels=51 clique_frac=0.01
t=158461ms iter=449 REBUILD reject new_tc=63.9803 (was 59.8555)
t=158615ms iter=449 incumb=59.8555 ratchet=60.0131 best=59.8555 since_improve=58
t=158624ms iter=450 WAIST cost=56.0000 best_alt=51.0000 gap=5.0000 tried=5 sep_labels=51 clique_frac=0.01
t=158777ms iter=450 REBUILD reject new_tc=60.7846 (was 59.8555)
t=158925ms iter=450 incumb=59.8555 ratchet=59.9613 best=59.8555 since_improve=59
t=158935ms iter=451 WAIST cost=56.0000 best_alt=51.0000 gap=5.0000 tried=5 sep_labels=51 clique_frac=0.01
t=159082ms iter=451 REBUILD reject new_tc=61.7666 (was 59.8555)
t=159234ms iter=451 incumb=59.8555 ratchet=59.9326 best=59.8555 since_improve=60
t=159243ms iter=452 WAIST cost=56.0000 best_alt=52.0000 gap=4.0000 tried=5 sep_labels=52 clique_frac=0.01
t=159387ms iter=452 REBUILD reject new_tc=80.0000 (was 59.8555)
t=159530ms iter=452 incumb=59.8555 ratchet=60.0753 best=59.8555 since_improve=61
t=159536ms iter=453 WAIST cost=56.0000 best_alt=52.0000 gap=4.0000 tried=5 sep_labels=52 clique_frac=0.01
t=159656ms iter=453 REBUILD reject new_tc=67.3051 (was 59.8555)
t=159809ms iter=453 incumb=59.8555 ratchet=59.9927 best=59.8555 since_improve=62
t=159815ms iter=454 WAIST cost=56.0000 best_alt=52.0000 gap=4.0000 tried=5 sep_labels=52 clique_frac=0.01
t=159970ms iter=454 REBUILD reject new_tc=61.2802 (was 59.8555)
t=160118ms iter=454 incumb=59.8555 ratchet=59.8725 best=59.8555 since_improve=63
t=160127ms iter=455 WAIST cost=56.0000 best_alt=51.0000 gap=5.0000 tried=5 sep_labels=51 clique_frac=0.01
t=160276ms iter=455 REBUILD reject new_tc=61.4082 (was 59.8555)
t=160422ms iter=455 incumb=59.8555 ratchet=59.9825 best=59.8555 since_improve=64
t=160430ms iter=456 WAIST cost=56.0000 best_alt=51.0000 gap=5.0000 tried=5 sep_labels=51 clique_frac=0.01
t=160759ms iter=456 REBUILD reject new_tc=61.5029 (was 59.8555)
t=160907ms iter=456 incumb=59.8555 ratchet=59.9302 best=59.8555 since_improve=65
t=160917ms iter=457 WAIST cost=56.0000 best_alt=49.0000 gap=7.0000 tried=5 sep_labels=49 clique_frac=0.01
t=161066ms iter=457 REBUILD reject new_tc=61.7348 (was 59.8555)
t=161213ms iter=457 incumb=59.8555 ratchet=59.9669 best=59.8555 since_improve=66
t=161223ms iter=458 WAIST cost=56.0000 best_alt=50.0000 gap=6.0000 tried=5 sep_labels=50 clique_frac=0.01
t=161364ms iter=458 REBUILD reject new_tc=61.2320 (was 59.8555)
t=161461ms iter=458 incumb=59.8555 ratchet=60.0113 best=59.8555 since_improve=67
t=161467ms iter=459 WAIST cost=56.0000 best_alt=51.0000 gap=5.0000 tried=5 sep_labels=51 clique_frac=0.01
t=161568ms iter=459 REBUILD reject new_tc=61.8912 (was 59.8555)
t=161698ms iter=459 incumb=59.8555 ratchet=59.9697 best=59.8555 since_improve=68
t=161707ms iter=460 WAIST cost=56.0000 best_alt=51.0000 gap=5.0000 tried=5 sep_labels=51 clique_frac=0.01
t=161858ms iter=460 REBUILD reject new_tc=62.8496 (was 59.8555)
t=161999ms iter=460 incumb=59.8555 ratchet=59.9922 best=59.8555 since_improve=69
t=162007ms iter=461 WAIST cost=56.0000 best_alt=52.0000 gap=4.0000 tried=5 sep_labels=52 clique_frac=0.01
t=162164ms iter=461 REBUILD reject new_tc=67.3203 (was 59.8555)
t=162311ms iter=461 incumb=59.8555 ratchet=60.5477 best=59.8555 since_improve=70
t=162319ms iter=462 WAIST cost=56.0000 best_alt=51.0000 gap=5.0000 tried=5 sep_labels=51 clique_frac=0.01
t=162464ms iter=462 REBUILD reject new_tc=68.2003 (was 59.8555)
t=162572ms iter=462 incumb=59.8555 ratchet=59.9149 best=59.8555 since_improve=71
t=162576ms iter=463 WAIST cost=56.0000 best_alt=52.0000 gap=4.0000 tried=5 sep_labels=52 clique_frac=0.01
t=162724ms iter=463 REBUILD reject new_tc=60.8550 (was 59.8555)
t=162877ms iter=463 incumb=59.8555 ratchet=60.0325 best=59.8555 since_improve=72
t=162886ms iter=464 WAIST cost=56.0000 best_alt=51.0000 gap=5.0000 tried=5 sep_labels=51 clique_frac=0.01
t=163038ms iter=464 REBUILD reject new_tc=61.3166 (was 59.8555)
t=163186ms iter=464 incumb=59.8555 ratchet=59.9566 best=59.8555 since_improve=73
t=163192ms iter=465 WAIST cost=56.0000 best_alt=51.0000 gap=5.0000 tried=5 sep_labels=51 clique_frac=0.01
t=163321ms iter=465 REBUILD reject new_tc=77.0000 (was 59.8555)
t=163471ms iter=465 incumb=59.8555 ratchet=59.8835 best=59.8555 since_improve=74
t=163477ms iter=466 WAIST cost=56.0000 best_alt=52.0000 gap=4.0000 tried=5 sep_labels=52 clique_frac=0.01
t=163645ms iter=466 REBUILD reject new_tc=61.4181 (was 59.8555)
t=163794ms iter=466 incumb=59.8555 ratchet=59.9035 best=59.8555 since_improve=75
t=163801ms iter=467 WAIST cost=56.0000 best_alt=51.0000 gap=5.0000 tried=5 sep_labels=51 clique_frac=0.01
t=163948ms iter=467 REBUILD reject new_tc=61.6992 (was 59.8555)
t=164096ms iter=467 incumb=59.8555 ratchet=59.9370 best=59.8555 since_improve=76
t=164105ms iter=468 WAIST cost=56.0000 best_alt=49.0000 gap=7.0000 tried=5 sep_labels=49 clique_frac=0.01
t=164250ms iter=468 REBUILD reject new_tc=61.4310 (was 59.8555)
t=164395ms iter=468 incumb=59.8555 ratchet=59.9862 best=59.8555 since_improve=77
t=164402ms iter=469 WAIST cost=56.0000 best_alt=52.0000 gap=4.0000 tried=5 sep_labels=52 clique_frac=0.01
t=164548ms iter=469 REBUILD reject new_tc=72.0005 (was 59.8555)
t=164690ms iter=469 incumb=59.8555 ratchet=59.9671 best=59.8555 since_improve=78
t=164698ms iter=470 WAIST cost=56.0000 best_alt=52.0000 gap=4.0000 tried=5 sep_labels=52 clique_frac=0.01
t=164851ms iter=470 REBUILD reject new_tc=77.0000 (was 59.8555)
t=165008ms iter=470 incumb=59.8555 ratchet=59.9260 best=59.8555 since_improve=79
t=165017ms iter=471 WAIST cost=56.0000 best_alt=52.0000 gap=4.0000 tried=5 sep_labels=52 clique_frac=0.01
t=165187ms iter=471 REBUILD reject new_tc=60.9444 (was 59.8555)
t=165342ms iter=471 incumb=59.8555 ratchet=59.9356 best=59.8555 since_improve=80
t=165349ms iter=472 WAIST cost=56.0000 best_alt=52.0000 gap=4.0000 tried=5 sep_labels=52 clique_frac=0.01
t=165517ms iter=472 REBUILD reject new_tc=60.7856 (was 59.8555)
t=165675ms iter=472 incumb=59.8555 ratchet=60.0438 best=59.8555 since_improve=81
t=165683ms iter=473 WAIST cost=56.0000 best_alt=52.0000 gap=4.0000 tried=5 sep_labels=52 clique_frac=0.01
t=165857ms iter=473 REBUILD reject new_tc=61.2528 (was 59.8555)
t=166011ms iter=473 incumb=59.8555 ratchet=59.9260 best=59.8555 since_improve=82
t=166019ms iter=474 WAIST cost=56.0000 best_alt=52.0000 gap=4.0000 tried=5 sep_labels=52 clique_frac=0.01
t=166190ms iter=474 REBUILD reject new_tc=60.8104 (was 59.8555)
t=166349ms iter=474 incumb=59.8555 ratchet=60.0227 best=59.8555 since_improve=83
t=166357ms iter=475 WAIST cost=56.0000 best_alt=51.0000 gap=5.0000 tried=5 sep_labels=51 clique_frac=0.01
t=166515ms iter=475 REBUILD reject new_tc=66.8379 (was 59.8555)
t=166665ms iter=475 incumb=59.8555 ratchet=59.9445 best=59.8555 since_improve=84
t=166671ms iter=476 WAIST cost=56.0000 best_alt=51.0000 gap=5.0000 tried=5 sep_labels=51 clique_frac=0.01
t=166815ms iter=476 REBUILD reject new_tc=61.4504 (was 59.8555)
t=166962ms iter=476 incumb=59.8555 ratchet=59.9371 best=59.8555 since_improve=85
t=166971ms iter=477 WAIST cost=56.0000 best_alt=51.0000 gap=5.0000 tried=5 sep_labels=51 clique_frac=0.01
t=167108ms iter=477 REBUILD reject new_tc=64.6788 (was 59.8555)
t=167255ms iter=477 incumb=59.8555 ratchet=59.9329 best=59.8555 since_improve=86
t=167264ms iter=478 WAIST cost=56.0000 best_alt=52.0000 gap=4.0000 tried=5 sep_labels=52 clique_frac=0.01
t=167415ms iter=478 REBUILD reject new_tc=79.0000 (was 59.8555)
t=167566ms iter=478 incumb=59.8555 ratchet=60.0177 best=59.8555 since_improve=87
t=167575ms iter=479 WAIST cost=56.0000 best_alt=51.0000 gap=5.0000 tried=5 sep_labels=51 clique_frac=0.01
t=167721ms iter=479 REBUILD reject new_tc=67.8148 (was 59.8555)
t=167870ms iter=479 incumb=59.8555 ratchet=60.0239 best=59.8555 since_improve=88
t=167879ms iter=480 WAIST cost=56.0000 best_alt=52.0000 gap=4.0000 tried=5 sep_labels=52 clique_frac=0.01
t=168040ms iter=480 REBUILD reject new_tc=60.8920 (was 59.8555)
t=168183ms iter=480 incumb=59.8555 ratchet=59.9344 best=59.8555 since_improve=89
t=168190ms iter=481 WAIST cost=56.0000 best_alt=52.0000 gap=4.0000 tried=5 sep_labels=52 clique_frac=0.01
t=168352ms iter=481 REBUILD reject new_tc=62.0644 (was 59.8555)
t=168476ms iter=481 incumb=59.8555 ratchet=59.9378 best=59.8555 since_improve=90
t=168481ms iter=482 WAIST cost=56.0000 best_alt=52.0000 gap=4.0000 tried=5 sep_labels=52 clique_frac=0.01
t=168582ms iter=482 REBUILD reject new_tc=77.0000 (was 59.8555)
t=168726ms iter=482 incumb=59.8555 ratchet=59.9734 best=59.8555 since_improve=91
t=168733ms iter=483 WAIST cost=56.0000 best_alt=52.0000 gap=4.0000 tried=5 sep_labels=52 clique_frac=0.01
t=168890ms iter=483 REBUILD reject new_tc=61.5670 (was 59.8555)
t=169037ms iter=483 incumb=59.8555 ratchet=59.9072 best=59.8555 since_improve=92
t=169045ms iter=484 WAIST cost=56.0000 best_alt=52.0000 gap=4.0000 tried=5 sep_labels=52 clique_frac=0.01
t=169209ms iter=484 REBUILD reject new_tc=61.6167 (was 59.8555)
t=169360ms iter=484 incumb=59.8555 ratchet=59.8876 best=59.8555 since_improve=93
t=169369ms iter=485 WAIST cost=56.0000 best_alt=49.0000 gap=7.0000 tried=5 sep_labels=49 clique_frac=0.01
t=169512ms iter=485 REBUILD reject new_tc=61.3177 (was 59.8555)
t=169631ms iter=485 incumb=59.8555 ratchet=60.0110 best=59.8555 since_improve=94
t=169640ms iter=486 WAIST cost=56.0000 best_alt=51.0000 gap=5.0000 tried=5 sep_labels=51 clique_frac=0.01
t=169787ms iter=486 REBUILD reject new_tc=61.5017 (was 59.8555)
t=169945ms iter=486 incumb=59.8555 ratchet=59.9384 best=59.8555 since_improve=95
t=169951ms iter=487 WAIST cost=56.0000 best_alt=52.0000 gap=4.0000 tried=5 sep_labels=52 clique_frac=0.01
t=170112ms iter=487 REBUILD reject new_tc=67.4381 (was 59.8555)
t=170259ms iter=487 incumb=59.8555 ratchet=59.8856 best=59.8555 since_improve=96
t=170266ms iter=488 WAIST cost=56.0000 best_alt=51.0000 gap=5.0000 tried=5 sep_labels=51 clique_frac=0.01
t=170450ms iter=488 REBUILD reject new_tc=61.3394 (was 59.8555)
t=170604ms iter=488 incumb=59.8555 ratchet=59.8967 best=59.8555 since_improve=97
t=170614ms iter=489 WAIST cost=56.0000 best_alt=51.0000 gap=5.0000 tried=5 sep_labels=51 clique_frac=0.01
t=170765ms iter=489 REBUILD reject new_tc=61.9174 (was 59.8555)
t=170917ms iter=489 incumb=59.8555 ratchet=59.9560 best=59.8555 since_improve=98
t=170927ms iter=490 WAIST cost=56.0000 best_alt=51.0000 gap=5.0000 tried=5 sep_labels=51 clique_frac=0.01
t=171102ms iter=490 REBUILD reject new_tc=61.1891 (was 59.8555)
t=171258ms iter=490 incumb=59.8555 ratchet=59.9588 best=59.8555 since_improve=99
t=171266ms iter=491 WAIST cost=56.0000 best_alt=51.0000 gap=5.0000 tried=5 sep_labels=51 clique_frac=0.01
t=171450ms iter=491 REBUILD reject new_tc=62.1518 (was 59.8555)
t=171732ms iter=491 incumb=59.8555 ratchet=59.9142 best=59.8555 since_improve=100
t=171749ms iter=492 WAIST cost=56.0000 best_alt=50.0000 gap=6.0000 tried=5 sep_labels=50 clique_frac=0.01
t=172061ms iter=492 REBUILD reject new_tc=60.5032 (was 59.8555)
t=172406ms iter=492 incumb=59.8555 ratchet=59.9157 best=59.8555 since_improve=101
t=172424ms iter=493 WAIST cost=56.0000 best_alt=49.0000 gap=7.0000 tried=5 sep_labels=49 clique_frac=0.01
t=172757ms iter=493 REBUILD reject new_tc=60.8658 (was 59.8555)
t=173045ms iter=493 incumb=59.8555 ratchet=59.9682 best=59.8555 since_improve=102
t=173057ms iter=494 WAIST cost=56.0000 best_alt=51.0000 gap=5.0000 tried=5 sep_labels=51 clique_frac=0.02
t=173215ms iter=494 REBUILD reject new_tc=67.0266 (was 59.8555)
t=173374ms iter=494 incumb=59.8555 ratchet=59.9090 best=59.8555 since_improve=103
t=173388ms iter=495 WAIST cost=56.0000 best_alt=52.0000 gap=4.0000 tried=5 sep_labels=52 clique_frac=0.01
t=173604ms iter=495 REBUILD reject new_tc=61.1340 (was 59.8555)
t=173851ms iter=495 incumb=59.8555 ratchet=59.9766 best=59.8555 since_improve=104
t=173859ms iter=496 WAIST cost=56.0000 best_alt=51.0000 gap=5.0000 tried=5 sep_labels=51 clique_frac=0.01
t=174009ms iter=496 REBUILD reject new_tc=60.9439 (was 59.8555)
t=174165ms iter=496 incumb=59.8555 ratchet=60.0041 best=59.8555 since_improve=105
t=174173ms iter=497 WAIST cost=56.0000 best_alt=52.0000 gap=4.0000 tried=5 sep_labels=52 clique_frac=0.01
t=174343ms iter=497 REBUILD reject new_tc=61.3787 (was 59.8555)
t=174492ms iter=497 incumb=59.8555 ratchet=59.9906 best=59.8555 since_improve=106
t=174501ms iter=498 WAIST cost=56.0000 best_alt=52.0000 gap=4.0000 tried=5 sep_labels=52 clique_frac=0.01
t=174673ms iter=498 REBUILD reject new_tc=61.1411 (was 59.8555)
t=174823ms iter=498 incumb=59.8555 ratchet=59.9067 best=59.8555 since_improve=107
t=174831ms iter=499 WAIST cost=56.0000 best_alt=49.0000 gap=7.0000 tried=5 sep_labels=49 clique_frac=0.01
t=174980ms iter=499 REBUILD reject new_tc=61.6731 (was 59.8555)
t=175132ms iter=499 incumb=59.8555 ratchet=59.9033 best=59.8555 since_improve=108
t=175139ms iter=500 WAIST cost=56.0000 best_alt=51.0000 gap=5.0000 tried=5 sep_labels=51 clique_frac=0.01
t=175303ms iter=500 REBUILD reject new_tc=61.0766 (was 59.8555)
t=175452ms iter=500 incumb=59.8555 ratchet=59.9327 best=59.8555 since_improve=109
t=175461ms iter=501 WAIST cost=56.0000 best_alt=49.0000 gap=7.0000 tried=5 sep_labels=49 clique_frac=0.01
t=175601ms iter=501 REBUILD reject new_tc=61.9118 (was 59.8555)
t=175748ms iter=501 incumb=59.8555 ratchet=59.8938 best=59.8555 since_improve=110
t=175756ms iter=502 WAIST cost=56.0000 best_alt=52.0000 gap=4.0000 tried=5 sep_labels=52 clique_frac=0.01
t=175921ms iter=502 REBUILD reject new_tc=61.3509 (was 59.8555)
t=176076ms iter=502 incumb=59.8555 ratchet=59.8723 best=59.8555 since_improve=111
t=176084ms iter=503 WAIST cost=56.0000 best_alt=51.0000 gap=5.0000 tried=5 sep_labels=51 clique_frac=0.01
t=176231ms iter=503 REBUILD reject new_tc=60.8364 (was 59.8555)
t=176383ms iter=503 incumb=59.8555 ratchet=60.1837 best=59.8555 since_improve=112
t=176391ms iter=504 WAIST cost=56.0000 best_alt=52.0000 gap=4.0000 tried=5 sep_labels=52 clique_frac=0.01
t=176562ms iter=504 REBUILD reject new_tc=60.5342 (was 59.8555)
t=176713ms iter=504 incumb=59.8555 ratchet=61.1864 best=59.8555 since_improve=113
t=176721ms iter=505 WAIST cost=56.0000 best_alt=52.0000 gap=4.0000 tried=5 sep_labels=52 clique_frac=0.01
t=176875ms iter=505 REBUILD reject new_tc=61.2414 (was 59.8555)
t=177017ms iter=505 incumb=59.8555 ratchet=59.9648 best=59.8555 since_improve=114
t=177024ms iter=506 WAIST cost=56.0000 best_alt=52.0000 gap=4.0000 tried=5 sep_labels=52 clique_frac=0.01
t=177182ms iter=506 REBUILD reject new_tc=61.3901 (was 59.8555)
t=177336ms iter=506 incumb=59.8555 ratchet=59.9355 best=59.8555 since_improve=115
t=177346ms iter=507 WAIST cost=56.0000 best_alt=51.0000 gap=5.0000 tried=5 sep_labels=51 clique_frac=0.01
t=177493ms iter=507 REBUILD reject new_tc=72.5371 (was 59.8555)
t=177641ms iter=507 incumb=59.8555 ratchet=59.9023 best=59.8555 since_improve=116
t=177648ms iter=508 WAIST cost=56.0000 best_alt=51.0000 gap=5.0000 tried=5 sep_labels=51 clique_frac=0.02
t=177794ms iter=508 REBUILD reject new_tc=71.0025 (was 59.8555)
t=177949ms iter=508 incumb=59.8555 ratchet=60.0484 best=59.8555 since_improve=117
t=177957ms iter=509 WAIST cost=56.0000 best_alt=52.0000 gap=4.0000 tried=5 sep_labels=52 clique_frac=0.01
t=178120ms iter=509 REBUILD reject new_tc=61.0653 (was 59.8555)
t=178273ms iter=509 incumb=59.8555 ratchet=59.9053 best=59.8555 since_improve=118
t=178282ms iter=510 WAIST cost=56.0000 best_alt=51.0000 gap=5.0000 tried=5 sep_labels=51 clique_frac=0.01
t=178474ms iter=510 REBUILD reject new_tc=61.5460 (was 59.8555)
t=178647ms iter=510 incumb=59.8555 ratchet=59.8769 best=59.8555 since_improve=119
t=178656ms iter=511 WAIST cost=56.0000 best_alt=51.0000 gap=5.0000 tried=5 sep_labels=51 clique_frac=0.01
t=178817ms iter=511 REBUILD reject new_tc=61.3731 (was 59.8555)
t=178977ms iter=511 incumb=59.8555 ratchet=60.5841 best=59.8555 since_improve=120
t=178985ms iter=512 WAIST cost=56.0000 best_alt=52.0000 gap=4.0000 tried=5 sep_labels=52 clique_frac=0.01
t=179159ms iter=512 REBUILD reject new_tc=61.5381 (was 59.8555)
t=179317ms iter=512 incumb=59.8555 ratchet=59.9557 best=59.8555 since_improve=121
t=179326ms iter=513 WAIST cost=56.0000 best_alt=51.0000 gap=5.0000 tried=5 sep_labels=51 clique_frac=0.01
t=179464ms iter=513 REBUILD reject new_tc=76.0057 (was 59.8555)
t=179618ms iter=513 incumb=59.8555 ratchet=59.9052 best=59.8555 since_improve=122
t=179628ms iter=514 WAIST cost=56.0000 best_alt=52.0000 gap=4.0000 tried=5 sep_labels=52 clique_frac=0.01
t=179802ms iter=514 REBUILD reject new_tc=60.6638 (was 59.8555)
t=179955ms iter=514 incumb=59.8555 ratchet=59.8673 best=59.8555 since_improve=123
t=179964ms iter=515 WAIST cost=56.0000 best_alt=50.0000 gap=6.0000 tried=5 sep_labels=50 clique_frac=0.01
t=180106ms iter=515 REBUILD reject new_tc=67.1244 (was 59.8555)
t=180255ms iter=515 incumb=59.8555 ratchet=59.9812 best=59.8555 since_improve=124
t=180262ms iter=516 WAIST cost=56.0000 best_alt=52.0000 gap=4.0000 tried=5 sep_labels=52 clique_frac=0.01
t=180421ms iter=516 REBUILD reject new_tc=60.8394 (was 59.8555)
t=180585ms iter=516 incumb=59.8555 ratchet=59.9423 best=59.8555 since_improve=125
t=180594ms iter=517 WAIST cost=56.0000 best_alt=51.0000 gap=5.0000 tried=5 sep_labels=51 clique_frac=0.01
t=180782ms iter=517 REBUILD reject new_tc=61.4462 (was 59.8555)
t=180946ms iter=517 incumb=59.8555 ratchet=60.0044 best=59.8555 since_improve=126
t=180955ms iter=518 WAIST cost=56.0000 best_alt=51.0000 gap=5.0000 tried=5 sep_labels=51 clique_frac=0.01
t=181104ms iter=518 REBUILD reject new_tc=61.5834 (was 59.8555)
t=181257ms iter=518 incumb=59.8555 ratchet=59.9125 best=59.8555 since_improve=127
t=181266ms iter=519 WAIST cost=56.0000 best_alt=52.0000 gap=4.0000 tried=5 sep_labels=52 clique_frac=0.01
t=181437ms iter=519 REBUILD reject new_tc=61.0863 (was 59.8555)
t=181588ms iter=519 incumb=59.8555 ratchet=60.0653 best=59.8555 since_improve=128
t=181596ms iter=520 WAIST cost=56.0000 best_alt=51.0000 gap=5.0000 tried=5 sep_labels=51 clique_frac=0.01
t=181734ms iter=520 REBUILD reject new_tc=74.0484 (was 59.8555)
t=181888ms iter=520 incumb=59.8555 ratchet=59.9325 best=59.8555 since_improve=129
t=181896ms iter=521 WAIST cost=56.0000 best_alt=49.0000 gap=7.0000 tried=5 sep_labels=49 clique_frac=0.01
t=182044ms iter=521 REBUILD reject new_tc=61.4101 (was 59.8555)
t=182195ms iter=521 incumb=59.8555 ratchet=59.9269 best=59.8555 since_improve=130
t=182206ms iter=522 WAIST cost=56.0000 best_alt=52.0000 gap=4.0000 tried=5 sep_labels=52 clique_frac=0.01
t=182371ms iter=522 REBUILD reject new_tc=61.0197 (was 59.8555)
t=182525ms iter=522 incumb=59.8555 ratchet=59.9301 best=59.8555 since_improve=131
t=182532ms iter=523 WAIST cost=56.0000 best_alt=52.0000 gap=4.0000 tried=5 sep_labels=52 clique_frac=0.01
t=182705ms iter=523 REBUILD reject new_tc=61.0683 (was 59.8555)
t=182862ms iter=523 incumb=59.8555 ratchet=59.9798 best=59.8555 since_improve=132
t=182870ms iter=524 WAIST cost=56.0000 best_alt=51.0000 gap=5.0000 tried=5 sep_labels=51 clique_frac=0.01
t=183021ms iter=524 REBUILD reject new_tc=67.4459 (was 59.8555)
t=183178ms iter=524 incumb=59.8555 ratchet=59.9032 best=59.8555 since_improve=133
t=183185ms iter=525 WAIST cost=56.0000 best_alt=52.0000 gap=4.0000 tried=5 sep_labels=52 clique_frac=0.01
t=183342ms iter=525 REBUILD reject new_tc=69.0058 (was 59.8555)
t=183496ms iter=525 incumb=59.8555 ratchet=59.9806 best=59.8555 since_improve=134
t=183505ms iter=526 WAIST cost=56.0000 best_alt=51.0000 gap=5.0000 tried=5 sep_labels=51 clique_frac=0.01
t=183654ms iter=526 REBUILD reject new_tc=61.5383 (was 59.8555)
t=183806ms iter=526 incumb=59.8555 ratchet=59.9014 best=59.8555 since_improve=135
t=183814ms iter=527 WAIST cost=56.0000 best_alt=52.0000 gap=4.0000 tried=5 sep_labels=52 clique_frac=0.01
t=183989ms iter=527 REBUILD reject new_tc=60.8371 (was 59.8555)
t=184141ms iter=527 incumb=59.8555 ratchet=59.9567 best=59.8555 since_improve=136
t=184149ms iter=528 WAIST cost=56.0000 best_alt=49.0000 gap=7.0000 tried=5 sep_labels=49 clique_frac=0.01
t=184310ms iter=528 REBUILD reject new_tc=67.4569 (was 59.8555)
t=184465ms iter=528 incumb=59.8555 ratchet=60.6388 best=59.8555 since_improve=137
t=184473ms iter=529 WAIST cost=56.0000 best_alt=52.0000 gap=4.0000 tried=5 sep_labels=52 clique_frac=0.01
t=184624ms iter=529 REBUILD reject new_tc=81.0000 (was 59.8555)
t=184781ms iter=529 incumb=59.8555 ratchet=59.9566 best=59.8555 since_improve=138
t=184788ms iter=530 WAIST cost=56.0000 best_alt=52.0000 gap=4.0000 tried=5 sep_labels=52 clique_frac=0.01
t=184960ms iter=530 REBUILD reject new_tc=60.6369 (was 59.8555)
t=185114ms iter=530 incumb=59.8555 ratchet=59.8931 best=59.8555 since_improve=139
t=185124ms iter=531 WAIST cost=56.0000 best_alt=49.0000 gap=7.0000 tried=5 sep_labels=49 clique_frac=0.01
t=185274ms iter=531 REBUILD reject new_tc=61.7409 (was 59.8555)
t=185430ms iter=531 incumb=59.8555 ratchet=59.9430 best=59.8555 since_improve=140
t=185438ms iter=532 WAIST cost=56.0000 best_alt=52.0000 gap=4.0000 tried=5 sep_labels=52 clique_frac=0.01
t=185596ms iter=532 REBUILD reject new_tc=77.0003 (was 59.8555)
t=185754ms iter=532 incumb=59.8555 ratchet=59.9289 best=59.8555 since_improve=141
t=185764ms iter=533 WAIST cost=56.0000 best_alt=52.0000 gap=4.0000 tried=5 sep_labels=52 clique_frac=0.01
t=185933ms iter=533 REBUILD reject new_tc=60.2668 (was 59.8555)
t=186088ms iter=533 incumb=59.8555 ratchet=59.9760 best=59.8555 since_improve=142
t=186097ms iter=534 WAIST cost=56.0000 best_alt=51.0000 gap=5.0000 tried=5 sep_labels=51 clique_frac=0.01
t=186244ms iter=534 REBUILD reject new_tc=63.1457 (was 59.8555)
t=186390ms iter=534 incumb=59.8555 ratchet=59.9411 best=59.8555 since_improve=143
t=186398ms iter=535 WAIST cost=56.0000 best_alt=52.0000 gap=4.0000 tried=5 sep_labels=52 clique_frac=0.01
t=186573ms iter=535 REBUILD reject new_tc=61.4598 (was 59.8555)
t=186746ms iter=535 incumb=59.8555 ratchet=59.8894 best=59.8555 since_improve=144
t=186760ms iter=536 WAIST cost=56.0000 best_alt=52.0000 gap=4.0000 tried=5 sep_labels=52 clique_frac=0.01
t=186985ms iter=536 REBUILD reject new_tc=61.1559 (was 59.8555)
t=187150ms iter=536 incumb=59.8555 ratchet=59.9610 best=59.8555 since_improve=145
t=187160ms iter=537 WAIST cost=56.0000 best_alt=52.0000 gap=4.0000 tried=5 sep_labels=52 clique_frac=0.01
t=187325ms iter=537 REBUILD reject new_tc=63.4188 (was 59.8555)
t=187478ms iter=537 incumb=59.8555 ratchet=60.0037 best=59.8555 since_improve=146
t=187486ms iter=538 WAIST cost=56.0000 best_alt=51.0000 gap=5.0000 tried=5 sep_labels=51 clique_frac=0.01
t=187639ms iter=538 REBUILD reject new_tc=61.3408 (was 59.8555)
t=187789ms iter=538 incumb=59.8555 ratchet=59.8819 best=59.8555 since_improve=147
t=187796ms iter=539 WAIST cost=56.0000 best_alt=52.0000 gap=4.0000 tried=5 sep_labels=52 clique_frac=0.01
t=187966ms iter=539 REBUILD reject new_tc=65.1905 (was 59.8555)
t=188119ms iter=539 incumb=59.8555 ratchet=59.9547 best=59.8555 since_improve=148
t=188128ms iter=540 WAIST cost=56.0000 best_alt=52.0000 gap=4.0000 tried=5 sep_labels=52 clique_frac=0.01
t=188298ms iter=540 REBUILD reject new_tc=60.0129 (was 59.8555)
t=188454ms iter=540 incumb=59.8555 ratchet=60.3978 best=59.8555 since_improve=149
t=188462ms iter=541 WAIST cost=56.0000 best_alt=52.0000 gap=4.0000 tried=5 sep_labels=52 clique_frac=0.01
t=188625ms iter=541 REBUILD reject new_tc=74.0071 (was 59.8555)
t=188780ms iter=541 incumb=59.8555 ratchet=59.9589 best=59.8555 since_improve=150
t=188787ms iter=542 WAIST cost=56.0000 best_alt=52.0000 gap=4.0000 tried=5 sep_labels=52 clique_frac=0.01
t=188956ms iter=542 REBUILD reject new_tc=63.6307 (was 59.8555)
t=189111ms iter=542 incumb=59.8555 ratchet=59.9346 best=59.8555 since_improve=151
t=189120ms iter=543 WAIST cost=56.0000 best_alt=50.0000 gap=6.0000 tried=5 sep_labels=50 clique_frac=0.01
t=189269ms iter=543 REBUILD reject new_tc=61.2851 (was 59.8555)
t=189417ms iter=543 incumb=59.8555 ratchet=59.9819 best=59.8555 since_improve=152
t=189424ms iter=544 WAIST cost=56.0000 best_alt=51.0000 gap=5.0000 tried=5 sep_labels=51 clique_frac=0.01
t=189596ms iter=544 REBUILD reject new_tc=60.7087 (was 59.8555)
t=189753ms iter=544 incumb=59.8555 ratchet=60.0117 best=59.8555 since_improve=153
t=189763ms iter=545 WAIST cost=56.0000 best_alt=52.0000 gap=4.0000 tried=5 sep_labels=52 clique_frac=0.01
t=189932ms iter=545 REBUILD reject new_tc=63.5880 (was 59.8555)
t=190089ms iter=545 incumb=59.8555 ratchet=60.0114 best=59.8555 since_improve=154
t=190097ms iter=546 WAIST cost=56.0000 best_alt=52.0000 gap=4.0000 tried=5 sep_labels=52 clique_frac=0.01
t=190271ms iter=546 REBUILD reject new_tc=61.3803 (was 59.8555)
t=190424ms iter=546 incumb=59.8555 ratchet=59.9301 best=59.8555 since_improve=155
t=190434ms iter=547 WAIST cost=56.0000 best_alt=52.0000 gap=4.0000 tried=5 sep_labels=52 clique_frac=0.01
t=190605ms iter=547 REBUILD reject new_tc=60.6359 (was 59.8555)
t=190761ms iter=547 incumb=59.8555 ratchet=59.8931 best=59.8555 since_improve=156
t=190770ms iter=548 WAIST cost=56.0000 best_alt=51.0000 gap=5.0000 tried=5 sep_labels=51 clique_frac=0.01
t=190918ms iter=548 REBUILD reject new_tc=68.1311 (was 59.8555)
t=191073ms iter=548 incumb=59.8555 ratchet=60.0483 best=59.8555 since_improve=157
t=191081ms iter=549 WAIST cost=56.0000 best_alt=51.0000 gap=5.0000 tried=5 sep_labels=51 clique_frac=0.02
t=191235ms iter=549 REBUILD reject new_tc=61.3814 (was 59.8555)
t=191384ms iter=549 incumb=59.8555 ratchet=59.9815 best=59.8555 since_improve=158
t=191392ms iter=550 WAIST cost=56.0000 best_alt=50.0000 gap=6.0000 tried=5 sep_labels=50 clique_frac=0.01
t=191565ms iter=550 REBUILD reject new_tc=61.1515 (was 59.8555)
t=191716ms iter=550 incumb=59.8555 ratchet=59.9384 best=59.8555 since_improve=159
t=191726ms iter=551 WAIST cost=56.0000 best_alt=49.0000 gap=7.0000 tried=5 sep_labels=49 clique_frac=0.01
t=191871ms iter=551 REBUILD reject new_tc=61.6610 (was 59.8555)
t=192025ms iter=551 incumb=59.8555 ratchet=59.9958 best=59.8555 since_improve=160
t=192034ms iter=552 WAIST cost=56.0000 best_alt=52.0000 gap=4.0000 tried=5 sep_labels=52 clique_frac=0.01
t=192206ms iter=552 REBUILD reject new_tc=61.1427 (was 59.8555)
t=192363ms iter=552 incumb=59.8555 ratchet=59.9498 best=59.8555 since_improve=161
t=192371ms iter=553 WAIST cost=56.0000 best_alt=51.0000 gap=5.0000 tried=5 sep_labels=51 clique_frac=0.01
t=192528ms iter=553 REBUILD reject new_tc=63.3783 (was 59.8555)
t=192678ms iter=553 incumb=59.8555 ratchet=59.9540 best=59.8555 since_improve=162
t=192688ms iter=554 WAIST cost=56.0000 best_alt=50.0000 gap=6.0000 tried=5 sep_labels=50 clique_frac=0.01
t=192838ms iter=554 REBUILD reject new_tc=61.5237 (was 59.8555)
t=192992ms iter=554 incumb=59.8555 ratchet=59.9837 best=59.8555 since_improve=163
t=193000ms iter=555 WAIST cost=56.0000 best_alt=50.0000 gap=6.0000 tried=5 sep_labels=50 clique_frac=0.01
t=193150ms iter=555 REBUILD reject new_tc=61.1316 (was 59.8555)
t=193307ms iter=555 incumb=59.8555 ratchet=59.9611 best=59.8555 since_improve=164
t=193314ms iter=556 WAIST cost=56.0000 best_alt=52.0000 gap=4.0000 tried=5 sep_labels=52 clique_frac=0.01
t=193482ms iter=556 REBUILD reject new_tc=61.1633 (was 59.8555)
t=193639ms iter=556 incumb=59.8555 ratchet=59.9907 best=59.8555 since_improve=165
t=193647ms iter=557 WAIST cost=56.0000 best_alt=51.0000 gap=5.0000 tried=5 sep_labels=51 clique_frac=0.01
t=193800ms iter=557 REBUILD reject new_tc=61.3066 (was 59.8555)
t=193952ms iter=557 incumb=59.8555 ratchet=59.8756 best=59.8555 since_improve=166
t=193963ms iter=558 WAIST cost=56.0000 best_alt=52.0000 gap=4.0000 tried=5 sep_labels=52 clique_frac=0.01
t=194133ms iter=558 REBUILD reject new_tc=61.5929 (was 59.8555)
t=194285ms iter=558 incumb=59.8555 ratchet=59.9428 best=59.8555 since_improve=167
t=194294ms iter=559 WAIST cost=56.0000 best_alt=50.0000 gap=6.0000 tried=5 sep_labels=50 clique_frac=0.01
t=194446ms iter=559 REBUILD reject new_tc=60.8811 (was 59.8555)
t=194598ms iter=559 incumb=59.8555 ratchet=60.0361 best=59.8555 since_improve=168
t=194605ms iter=560 WAIST cost=56.0000 best_alt=51.0000 gap=5.0000 tried=5 sep_labels=51 clique_frac=0.02
t=194765ms iter=560 REBUILD reject new_tc=61.6154 (was 59.8555)
t=194921ms iter=560 incumb=59.8555 ratchet=59.9331 best=59.8555 since_improve=169
t=194929ms iter=561 WAIST cost=56.0000 best_alt=52.0000 gap=4.0000 tried=5 sep_labels=52 clique_frac=0.01
t=195160ms iter=561 REBUILD reject new_tc=61.3224 (was 59.8555)
t=195316ms iter=561 incumb=59.8555 ratchet=60.0462 best=59.8555 since_improve=170
t=195322ms iter=562 WAIST cost=56.0000 best_alt=52.0000 gap=4.0000 tried=5 sep_labels=52 clique_frac=0.01
t=195490ms iter=562 REBUILD reject new_tc=61.4523 (was 59.8555)
t=195643ms iter=562 incumb=59.8555 ratchet=59.8723 best=59.8555 since_improve=171
t=195651ms iter=563 WAIST cost=56.0000 best_alt=52.0000 gap=4.0000 tried=5 sep_labels=52 clique_frac=0.01
t=195815ms iter=563 REBUILD reject new_tc=66.4286 (was 59.8555)
t=195969ms iter=563 incumb=59.8555 ratchet=59.9553 best=59.8555 since_improve=172
t=195978ms iter=564 WAIST cost=56.0000 best_alt=52.0000 gap=4.0000 tried=5 sep_labels=52 clique_frac=0.01
t=196144ms iter=564 REBUILD reject new_tc=60.6606 (was 59.8555)
t=196296ms iter=564 incumb=59.8555 ratchet=60.4450 best=59.8555 since_improve=173
t=196303ms iter=565 WAIST cost=56.0000 best_alt=51.0000 gap=5.0000 tried=5 sep_labels=51 clique_frac=0.01
t=196454ms iter=565 REBUILD reject new_tc=61.4280 (was 59.8555)
t=196605ms iter=565 incumb=59.8555 ratchet=60.0288 best=59.8555 since_improve=174
t=196613ms iter=566 WAIST cost=56.0000 best_alt=52.0000 gap=4.0000 tried=5 sep_labels=52 clique_frac=0.01
t=196792ms iter=566 REBUILD reject new_tc=60.6360 (was 59.8555)
t=196982ms iter=566 incumb=59.8555 ratchet=60.0948 best=59.8555 since_improve=175
t=196991ms iter=567 WAIST cost=56.0000 best_alt=50.0000 gap=6.0000 tried=5 sep_labels=50 clique_frac=0.01
t=197139ms iter=567 REBUILD reject new_tc=61.3173 (was 59.8555)
t=197293ms iter=567 incumb=59.8555 ratchet=59.9510 best=59.8555 since_improve=176
t=197300ms iter=568 WAIST cost=56.0000 best_alt=51.0000 gap=5.0000 tried=5 sep_labels=51 clique_frac=0.02
t=197454ms iter=568 REBUILD reject new_tc=62.0226 (was 59.8555)
t=197607ms iter=568 incumb=59.8555 ratchet=60.0240 best=59.8555 since_improve=177
t=197615ms iter=569 WAIST cost=56.0000 best_alt=49.0000 gap=7.0000 tried=5 sep_labels=49 clique_frac=0.01
t=197768ms iter=569 REBUILD reject new_tc=61.2287 (was 59.8555)
t=197926ms iter=569 incumb=59.8555 ratchet=59.9850 best=59.8555 since_improve=178
t=197935ms iter=570 WAIST cost=56.0000 best_alt=52.0000 gap=4.0000 tried=5 sep_labels=52 clique_frac=0.01
t=198093ms iter=570 REBUILD reject new_tc=75.0004 (was 59.8555)
t=198246ms iter=570 incumb=59.8555 ratchet=60.0530 best=59.8555 since_improve=179
t=198256ms iter=571 WAIST cost=56.0000 best_alt=49.0000 gap=7.0000 tried=5 sep_labels=49 clique_frac=0.01
t=198408ms iter=571 REBUILD reject new_tc=61.6381 (was 59.8555)
t=198564ms iter=571 incumb=59.8555 ratchet=59.8935 best=59.8555 since_improve=180
t=198572ms iter=572 WAIST cost=56.0000 best_alt=52.0000 gap=4.0000 tried=5 sep_labels=52 clique_frac=0.01
t=198746ms iter=572 REBUILD reject new_tc=60.9349 (was 59.8555)
t=198897ms iter=572 incumb=59.8555 ratchet=60.0106 best=59.8555 since_improve=181
t=198906ms iter=573 WAIST cost=56.0000 best_alt=49.0000 gap=7.0000 tried=5 sep_labels=49 clique_frac=0.01
t=199056ms iter=573 REBUILD reject new_tc=61.3657 (was 59.8555)
t=199207ms iter=573 incumb=59.8555 ratchet=59.9216 best=59.8555 since_improve=182
t=199215ms iter=574 WAIST cost=56.0000 best_alt=52.0000 gap=4.0000 tried=5 sep_labels=52 clique_frac=0.01
t=199386ms iter=574 REBUILD reject new_tc=60.7128 (was 59.8555)
t=199537ms iter=574 incumb=59.8555 ratchet=59.9209 best=59.8555 since_improve=183
t=199545ms iter=575 WAIST cost=56.0000 best_alt=51.0000 gap=5.0000 tried=5 sep_labels=51 clique_frac=0.01
t=199700ms iter=575 REBUILD reject new_tc=61.5248 (was 59.8555)
t=199844ms iter=575 incumb=59.8555 ratchet=59.9784 best=59.8555 since_improve=184
t=199851ms iter=576 WAIST cost=56.0000 best_alt=52.0000 gap=4.0000 tried=5 sep_labels=52 clique_frac=0.01
t=200007ms iter=576 REBUILD reject new_tc=80.0000 (was 59.8555)
t=200161ms iter=576 incumb=59.8555 ratchet=59.9183 best=59.8555 since_improve=185
t=200168ms iter=577 WAIST cost=56.0000 best_alt=52.0000 gap=4.0000 tried=5 sep_labels=52 clique_frac=0.01
t=200337ms iter=577 REBUILD reject new_tc=62.6405 (was 59.8555)
t=200492ms iter=577 incumb=59.8555 ratchet=59.9947 best=59.8555 since_improve=186
t=200499ms iter=578 WAIST cost=56.0000 best_alt=52.0000 gap=4.0000 tried=5 sep_labels=52 clique_frac=0.01
t=200659ms iter=578 REBUILD reject new_tc=67.7303 (was 59.8555)
t=200826ms iter=578 incumb=59.8555 ratchet=59.9110 best=59.8555 since_improve=187
t=200836ms iter=579 WAIST cost=56.0000 best_alt=52.0000 gap=4.0000 tried=5 sep_labels=52 clique_frac=0.01
t=201008ms iter=579 REBUILD reject new_tc=60.3994 (was 59.8555)
t=201165ms iter=579 incumb=59.8555 ratchet=59.9224 best=59.8555 since_improve=188
t=201174ms iter=580 WAIST cost=56.0000 best_alt=51.0000 gap=5.0000 tried=5 sep_labels=51 clique_frac=0.01
t=201320ms iter=580 REBUILD reject new_tc=63.2964 (was 59.8555)
t=201471ms iter=580 incumb=59.8555 ratchet=59.9546 best=59.8555 since_improve=189
t=201480ms iter=581 WAIST cost=56.0000 best_alt=52.0000 gap=4.0000 tried=5 sep_labels=52 clique_frac=0.01
t=201652ms iter=581 REBUILD reject new_tc=61.4796 (was 59.8555)
t=201804ms iter=581 incumb=59.8555 ratchet=59.8973 best=59.8555 since_improve=190
t=201813ms iter=582 WAIST cost=56.0000 best_alt=49.0000 gap=7.0000 tried=5 sep_labels=49 clique_frac=0.01
t=201969ms iter=582 REBUILD reject new_tc=61.2226 (was 59.8555)
t=202125ms iter=582 incumb=59.8555 ratchet=59.9849 best=59.8555 since_improve=191
t=202133ms iter=583 WAIST cost=56.0000 best_alt=49.0000 gap=7.0000 tried=5 sep_labels=49 clique_frac=0.01
t=202288ms iter=583 REBUILD reject new_tc=61.5446 (was 59.8555)
t=202439ms iter=583 incumb=59.8555 ratchet=59.9689 best=59.8555 since_improve=192
t=202447ms iter=584 WAIST cost=56.0000 best_alt=52.0000 gap=4.0000 tried=5 sep_labels=52 clique_frac=0.01
t=202612ms iter=584 REBUILD reject new_tc=60.8475 (was 59.8555)
t=202769ms iter=584 incumb=59.8555 ratchet=59.9251 best=59.8555 since_improve=193
t=202777ms iter=585 WAIST cost=56.0000 best_alt=49.0000 gap=7.0000 tried=5 sep_labels=49 clique_frac=0.01
t=202930ms iter=585 REBUILD reject new_tc=61.3534 (was 59.8555)
t=203088ms iter=585 incumb=59.8555 ratchet=59.9353 best=59.8555 since_improve=194
t=203097ms iter=586 WAIST cost=56.0000 best_alt=52.0000 gap=4.0000 tried=5 sep_labels=52 clique_frac=0.01
t=203252ms iter=586 REBUILD reject new_tc=77.0000 (was 59.8555)
t=203404ms iter=586 incumb=59.8555 ratchet=59.9231 best=59.8555 since_improve=195
t=203412ms iter=587 WAIST cost=56.0000 best_alt=52.0000 gap=4.0000 tried=5 sep_labels=52 clique_frac=0.01
t=203584ms iter=587 REBUILD reject new_tc=60.8685 (was 59.8555)
t=203734ms iter=587 incumb=59.8555 ratchet=59.9664 best=59.8555 since_improve=196
t=203742ms iter=588 WAIST cost=56.0000 best_alt=52.0000 gap=4.0000 tried=5 sep_labels=52 clique_frac=0.01
t=203959ms iter=588 REBUILD reject new_tc=61.5221 (was 59.8555)
t=204114ms iter=588 incumb=59.8555 ratchet=59.9846 best=59.8555 since_improve=197
t=204125ms iter=589 WAIST cost=56.0000 best_alt=52.0000 gap=4.0000 tried=5 sep_labels=52 clique_frac=0.01
t=204314ms iter=589 REBUILD reject new_tc=61.1706 (was 59.8555)
t=204476ms iter=589 incumb=59.8555 ratchet=59.8946 best=59.8555 since_improve=198
t=204483ms iter=590 WAIST cost=56.0000 best_alt=52.0000 gap=4.0000 tried=5 sep_labels=52 clique_frac=0.01
t=204656ms iter=590 REBUILD reject new_tc=61.2344 (was 59.8555)
t=204811ms iter=590 incumb=59.8555 ratchet=60.2700 best=59.8555 since_improve=199
t=204818ms iter=591 WAIST cost=56.0000 best_alt=52.0000 gap=4.0000 tried=5 sep_labels=52 clique_frac=0.01
t=204994ms iter=591 REBUILD reject new_tc=61.5436 (was 59.8555)
t=205147ms iter=591 incumb=59.8555 ratchet=60.0300 best=59.8555 since_improve=200
t=205155ms iter=592 WAIST cost=56.0000 best_alt=52.0000 gap=4.0000 tried=5 sep_labels=52 clique_frac=0.01
t=205325ms iter=592 REBUILD reject new_tc=64.4207 (was 59.8555)
t=205476ms iter=592 incumb=59.8555 ratchet=59.9191 best=59.8555 since_improve=201
t=205485ms iter=593 WAIST cost=56.0000 best_alt=52.0000 gap=4.0000 tried=5 sep_labels=52 clique_frac=0.01
t=205652ms iter=593 REBUILD reject new_tc=60.7001 (was 59.8555)
t=205804ms iter=593 incumb=59.8555 ratchet=59.9438 best=59.8555 since_improve=202
t=205811ms iter=594 WAIST cost=56.0000 best_alt=51.0000 gap=5.0000 tried=5 sep_labels=51 clique_frac=0.01
t=205961ms iter=594 REBUILD reject new_tc=60.8952 (was 59.8555)
t=206116ms iter=594 incumb=59.8555 ratchet=60.5588 best=59.8555 since_improve=203
t=206125ms iter=595 WAIST cost=56.0000 best_alt=49.0000 gap=7.0000 tried=5 sep_labels=49 clique_frac=0.01
t=206283ms iter=595 REBUILD reject new_tc=61.5287 (was 59.8555)
t=206439ms iter=595 incumb=59.8555 ratchet=59.9535 best=59.8555 since_improve=204
t=206446ms iter=596 WAIST cost=56.0000 best_alt=52.0000 gap=4.0000 tried=5 sep_labels=52 clique_frac=0.01
t=206622ms iter=596 REBUILD reject new_tc=60.8109 (was 59.8555)
t=206777ms iter=596 incumb=59.8555 ratchet=59.8901 best=59.8555 since_improve=205
t=206786ms iter=597 WAIST cost=56.0000 best_alt=52.0000 gap=4.0000 tried=5 sep_labels=52 clique_frac=0.01
t=206961ms iter=597 REBUILD reject new_tc=60.7413 (was 59.8555)
t=207113ms iter=597 incumb=59.8555 ratchet=60.0111 best=59.8555 since_improve=206
t=207121ms iter=598 WAIST cost=56.0000 best_alt=50.0000 gap=6.0000 tried=5 sep_labels=50 clique_frac=0.01
t=207272ms iter=598 REBUILD reject new_tc=61.2829 (was 59.8555)
t=207425ms iter=598 incumb=59.8555 ratchet=59.9908 best=59.8555 since_improve=207
t=207433ms iter=599 WAIST cost=56.0000 best_alt=51.0000 gap=5.0000 tried=5 sep_labels=51 clique_frac=0.02
t=207587ms iter=599 REBUILD reject new_tc=61.6687 (was 59.8555)
t=207741ms iter=599 incumb=59.8555 ratchet=59.9214 best=59.8555 since_improve=208
t=207749ms iter=600 WAIST cost=56.0000 best_alt=49.0000 gap=7.0000 tried=5 sep_labels=49 clique_frac=0.01
t=207908ms iter=600 REBUILD reject new_tc=61.6837 (was 59.8555)
t=208065ms iter=600 incumb=59.8555 ratchet=59.9663 best=59.8555 since_improve=209
t=208075ms iter=601 WAIST cost=56.0000 best_alt=52.0000 gap=4.0000 tried=5 sep_labels=52 clique_frac=0.01
t=208236ms iter=601 REBUILD reject new_tc=62.0319 (was 59.8555)
t=208389ms iter=601 incumb=59.8555 ratchet=59.9885 best=59.8555 since_improve=210
t=208399ms iter=602 WAIST cost=56.0000 best_alt=52.0000 gap=4.0000 tried=5 sep_labels=52 clique_frac=0.01
t=208580ms iter=602 REBUILD reject new_tc=61.2522 (was 59.8555)
t=208733ms iter=602 incumb=59.8555 ratchet=59.9083 best=59.8555 since_improve=211
t=208741ms iter=603 WAIST cost=56.0000 best_alt=49.0000 gap=7.0000 tried=5 sep_labels=49 clique_frac=0.01
t=208888ms iter=603 REBUILD reject new_tc=60.7808 (was 59.8555)
t=209037ms iter=603 incumb=59.8555 ratchet=60.0692 best=59.8555 since_improve=212
t=209045ms iter=604 WAIST cost=56.0000 best_alt=52.0000 gap=4.0000 tried=5 sep_labels=52 clique_frac=0.01
t=209217ms iter=604 REBUILD reject new_tc=61.4142 (was 59.8555)
t=209369ms iter=604 incumb=59.8555 ratchet=60.3722 best=59.8555 since_improve=213
t=209380ms iter=605 WAIST cost=56.0000 best_alt=49.0000 gap=7.0000 tried=5 sep_labels=49 clique_frac=0.01
t=209529ms iter=605 REBUILD reject new_tc=61.5140 (was 59.8555)
t=209688ms iter=605 incumb=59.8555 ratchet=59.9535 best=59.8555 since_improve=214
t=209697ms iter=606 WAIST cost=56.0000 best_alt=51.0000 gap=5.0000 tried=5 sep_labels=51 clique_frac=0.01
t=209854ms iter=606 REBUILD reject new_tc=61.5162 (was 59.8555)
t=210002ms iter=606 incumb=59.8555 ratchet=59.9134 best=59.8555 since_improve=215
t=210010ms iter=607 WAIST cost=56.0000 best_alt=51.0000 gap=5.0000 tried=5 sep_labels=51 clique_frac=0.01
t=210161ms iter=607 REBUILD reject new_tc=61.4417 (was 59.8555)
t=210306ms iter=607 incumb=59.8555 ratchet=60.0149 best=59.8555 since_improve=216
t=210315ms iter=608 WAIST cost=56.0000 best_alt=52.0000 gap=4.0000 tried=5 sep_labels=52 clique_frac=0.01
t=210485ms iter=608 REBUILD reject new_tc=61.3462 (was 59.8555)
t=210639ms iter=608 incumb=59.8555 ratchet=60.1230 best=59.8555 since_improve=217
t=210649ms iter=609 WAIST cost=56.0000 best_alt=51.0000 gap=5.0000 tried=5 sep_labels=51 clique_frac=0.01
t=210791ms iter=609 REBUILD reject new_tc=72.0005 (was 59.8555)
t=210948ms iter=609 incumb=59.8555 ratchet=59.9073 best=59.8555 since_improve=218
t=210957ms iter=610 WAIST cost=56.0000 best_alt=51.0000 gap=5.0000 tried=5 sep_labels=51 clique_frac=0.01
t=211108ms iter=610 REBUILD reject new_tc=61.8023 (was 59.8555)
t=211260ms iter=610 incumb=59.8555 ratchet=59.9771 best=59.8555 since_improve=219
t=211267ms iter=611 WAIST cost=56.0000 best_alt=52.0000 gap=4.0000 tried=5 sep_labels=52 clique_frac=0.01
t=211422ms iter=611 REBUILD reject new_tc=62.0056 (was 59.8555)
t=211580ms iter=611 incumb=59.8555 ratchet=59.9797 best=59.8555 since_improve=220
t=211589ms iter=612 WAIST cost=56.0000 best_alt=51.0000 gap=5.0000 tried=5 sep_labels=51 clique_frac=0.01
t=211738ms iter=612 REBUILD reject new_tc=67.5721 (was 59.8555)
t=211892ms iter=612 incumb=59.8555 ratchet=60.3494 best=59.8555 since_improve=221
t=211900ms iter=613 WAIST cost=56.0000 best_alt=52.0000 gap=4.0000 tried=5 sep_labels=52 clique_frac=0.01
t=212075ms iter=613 REBUILD reject new_tc=61.2615 (was 59.8555)
t=212228ms iter=613 incumb=59.8555 ratchet=59.9250 best=59.8555 since_improve=222
t=212237ms iter=614 WAIST cost=56.0000 best_alt=52.0000 gap=4.0000 tried=5 sep_labels=52 clique_frac=0.01
t=212406ms iter=614 REBUILD reject new_tc=61.6634 (was 59.8555)
t=212569ms iter=614 incumb=59.8555 ratchet=59.9342 best=59.8555 since_improve=223
t=212577ms iter=615 WAIST cost=56.0000 best_alt=52.0000 gap=4.0000 tried=5 sep_labels=52 clique_frac=0.01
t=212747ms iter=615 REBUILD reject new_tc=60.9468 (was 59.8555)
t=212900ms iter=615 incumb=59.8555 ratchet=59.9340 best=59.8555 since_improve=224
t=212909ms iter=616 WAIST cost=56.0000 best_alt=52.0000 gap=4.0000 tried=5 sep_labels=52 clique_frac=0.01
t=213077ms iter=616 REBUILD reject new_tc=61.0235 (was 59.8555)
t=213228ms iter=616 incumb=59.8555 ratchet=59.9758 best=59.8555 since_improve=225
t=213235ms iter=617 WAIST cost=56.0000 best_alt=52.0000 gap=4.0000 tried=5 sep_labels=52 clique_frac=0.01
t=213406ms iter=617 REBUILD reject new_tc=60.7271 (was 59.8555)
t=213564ms iter=617 incumb=59.8555 ratchet=59.8848 best=59.8555 since_improve=226
t=213572ms iter=618 WAIST cost=56.0000 best_alt=52.0000 gap=4.0000 tried=5 sep_labels=52 clique_frac=0.01
t=213739ms iter=618 REBUILD reject new_tc=60.2982 (was 59.8555)
t=213896ms iter=618 incumb=59.8555 ratchet=59.9175 best=59.8555 since_improve=227
t=213904ms iter=619 WAIST cost=56.0000 best_alt=52.0000 gap=4.0000 tried=5 sep_labels=52 clique_frac=0.01
t=214073ms iter=619 REBUILD reject new_tc=61.5562 (was 59.8555)
t=214226ms iter=619 incumb=59.8555 ratchet=59.9098 best=59.8555 since_improve=228
t=214234ms iter=620 WAIST cost=56.0000 best_alt=52.0000 gap=4.0000 tried=5 sep_labels=52 clique_frac=0.01
t=214400ms iter=620 REBUILD reject new_tc=60.7949 (was 59.8555)
t=214557ms iter=620 incumb=59.8555 ratchet=59.9500 best=59.8555 since_improve=229
t=214563ms iter=621 WAIST cost=56.0000 best_alt=52.0000 gap=4.0000 tried=5 sep_labels=52 clique_frac=0.01
t=214729ms iter=621 REBUILD reject new_tc=61.3332 (was 59.8555)
t=214881ms iter=621 incumb=59.8555 ratchet=59.9262 best=59.8555 since_improve=230
t=214891ms iter=622 WAIST cost=56.0000 best_alt=51.0000 gap=5.0000 tried=5 sep_labels=51 clique_frac=0.01
t=215060ms iter=622 REBUILD reject new_tc=60.6479 (was 59.8555)
t=215209ms iter=622 incumb=59.8555 ratchet=60.0006 best=59.8555 since_improve=231
t=215215ms iter=623 WAIST cost=56.0000 best_alt=52.0000 gap=4.0000 tried=5 sep_labels=52 clique_frac=0.01
t=215364ms iter=623 REBUILD reject new_tc=61.7601 (was 59.8555)
t=215515ms iter=623 incumb=59.8555 ratchet=59.9805 best=59.8555 since_improve=232
t=215524ms iter=624 WAIST cost=56.0000 best_alt=49.0000 gap=7.0000 tried=5 sep_labels=49 clique_frac=0.01
t=215673ms iter=624 REBUILD reject new_tc=61.5920 (was 59.8555)
t=215814ms iter=624 incumb=59.8555 ratchet=60.1318 best=59.8555 since_improve=233
t=215822ms iter=625 WAIST cost=56.0000 best_alt=51.0000 gap=5.0000 tried=5 sep_labels=51 clique_frac=0.01
t=215978ms iter=625 REBUILD reject new_tc=61.4915 (was 59.8555)
t=216130ms iter=625 incumb=59.8555 ratchet=59.9217 best=59.8555 since_improve=234
t=216140ms iter=626 WAIST cost=56.0000 best_alt=51.0000 gap=5.0000 tried=5 sep_labels=51 clique_frac=0.01
t=216294ms iter=626 REBUILD reject new_tc=61.2675 (was 59.8555)
t=216443ms iter=626 incumb=59.8555 ratchet=60.0602 best=59.8555 since_improve=235
t=216453ms iter=627 WAIST cost=56.0000 best_alt=49.0000 gap=7.0000 tried=5 sep_labels=49 clique_frac=0.01
t=216601ms iter=627 REBUILD reject new_tc=66.5311 (was 59.8555)
t=216759ms iter=627 incumb=59.8555 ratchet=59.9534 best=59.8555 since_improve=236
t=216768ms iter=628 WAIST cost=56.0000 best_alt=52.0000 gap=4.0000 tried=5 sep_labels=52 clique_frac=0.01
t=216935ms iter=628 REBUILD reject new_tc=61.3301 (was 59.8555)
t=217092ms iter=628 incumb=59.8555 ratchet=60.0322 best=59.8555 since_improve=237
t=217101ms iter=629 WAIST cost=56.0000 best_alt=51.0000 gap=5.0000 tried=5 sep_labels=51 clique_frac=0.01
t=217255ms iter=629 REBUILD reject new_tc=61.5595 (was 59.8555)
t=217410ms iter=629 incumb=59.8555 ratchet=60.0347 best=59.8555 since_improve=238
t=217420ms iter=630 WAIST cost=56.0000 best_alt=52.0000 gap=4.0000 tried=5 sep_labels=52 clique_frac=0.01
t=217590ms iter=630 REBUILD reject new_tc=60.6865 (was 59.8555)
t=217751ms iter=630 incumb=59.8555 ratchet=59.9724 best=59.8555 since_improve=239
t=217760ms iter=631 WAIST cost=56.0000 best_alt=51.0000 gap=5.0000 tried=5 sep_labels=51 clique_frac=0.01
t=217906ms iter=631 REBUILD reject new_tc=63.7463 (was 59.8555)
t=218059ms iter=631 incumb=59.8555 ratchet=59.9059 best=59.8555 since_improve=240
t=218068ms iter=632 WAIST cost=56.0000 best_alt=51.0000 gap=5.0000 tried=5 sep_labels=51 clique_frac=0.01
t=218220ms iter=632 REBUILD reject new_tc=61.5075 (was 59.8555)
t=218377ms iter=632 incumb=59.8555 ratchet=59.8999 best=59.8555 since_improve=241
t=218385ms iter=633 WAIST cost=56.0000 best_alt=49.0000 gap=7.0000 tried=5 sep_labels=49 clique_frac=0.01
t=218533ms iter=633 REBUILD reject new_tc=64.7197 (was 59.8555)
t=218689ms iter=633 incumb=59.8555 ratchet=59.9920 best=59.8555 since_improve=242
t=218697ms iter=634 WAIST cost=56.0000 best_alt=51.0000 gap=5.0000 tried=5 sep_labels=51 clique_frac=0.02
t=218856ms iter=634 REBUILD reject new_tc=61.4368 (was 59.8555)
t=219013ms iter=634 incumb=59.8555 ratchet=59.9747 best=59.8555 since_improve=243
t=219022ms iter=635 WAIST cost=56.0000 best_alt=49.0000 gap=7.0000 tried=5 sep_labels=49 clique_frac=0.01
t=219163ms iter=635 REBUILD reject new_tc=68.0133 (was 59.8555)
t=219316ms iter=635 incumb=59.8555 ratchet=59.8819 best=59.8555 since_improve=244
t=219326ms iter=636 WAIST cost=56.0000 best_alt=52.0000 gap=4.0000 tried=5 sep_labels=52 clique_frac=0.01
t=219495ms iter=636 REBUILD reject new_tc=61.0088 (was 59.8555)
t=219648ms iter=636 incumb=59.8555 ratchet=60.0564 best=59.8555 since_improve=245
t=219659ms iter=637 WAIST cost=56.0000 best_alt=50.0000 gap=6.0000 tried=5 sep_labels=50 clique_frac=0.01
t=219811ms iter=637 REBUILD reject new_tc=61.7578 (was 59.8555)
t=219969ms iter=637 incumb=59.8555 ratchet=59.9293 best=59.8555 since_improve=246
t=219977ms iter=638 WAIST cost=56.0000 best_alt=52.0000 gap=4.0000 tried=5 sep_labels=52 clique_frac=0.01
t=220133ms iter=638 REBUILD reject new_tc=63.7456 (was 59.8555)
t=220286ms iter=638 incumb=59.8555 ratchet=59.9499 best=59.8555 since_improve=247
t=220296ms iter=639 WAIST cost=56.0000 best_alt=49.0000 gap=7.0000 tried=5 sep_labels=49 clique_frac=0.01
t=220441ms iter=639 REBUILD reject new_tc=61.3932 (was 59.8555)
t=220594ms iter=639 incumb=59.8555 ratchet=59.8939 best=59.8555 since_improve=248
t=220601ms iter=640 WAIST cost=56.0000 best_alt=52.0000 gap=4.0000 tried=5 sep_labels=52 clique_frac=0.01
t=220767ms iter=640 REBUILD reject new_tc=61.5932 (was 59.8555)
t=220924ms iter=640 incumb=59.8555 ratchet=60.0020 best=59.8555 since_improve=249
t=220929ms iter=641 WAIST cost=56.0000 best_alt=51.0000 gap=5.0000 tried=5 sep_labels=51 clique_frac=0.02
t=221080ms iter=641 REBUILD reject new_tc=61.2769 (was 59.8555)
t=221230ms iter=641 incumb=59.8555 ratchet=60.0192 best=59.8555 since_improve=250
t=221237ms iter=642 WAIST cost=56.0000 best_alt=51.0000 gap=5.0000 tried=5 sep_labels=51 clique_frac=0.01
t=221395ms iter=642 REBUILD reject new_tc=61.6458 (was 59.8555)
t=221548ms iter=642 incumb=59.8555 ratchet=60.0509 best=59.8555 since_improve=251
t=221557ms iter=643 WAIST cost=56.0000 best_alt=49.0000 gap=7.0000 tried=5 sep_labels=49 clique_frac=0.01
t=221700ms iter=643 REBUILD reject new_tc=61.4198 (was 59.8555)
t=221861ms iter=643 incumb=59.8555 ratchet=59.8961 best=59.8555 since_improve=252
t=221869ms iter=644 WAIST cost=56.0000 best_alt=50.0000 gap=6.0000 tried=5 sep_labels=50 clique_frac=0.01
t=222014ms iter=644 REBUILD reject new_tc=61.9290 (was 59.8555)
t=222157ms iter=644 incumb=59.8555 ratchet=59.9055 best=59.8555 since_improve=253
t=222166ms iter=645 WAIST cost=56.0000 best_alt=51.0000 gap=5.0000 tried=5 sep_labels=51 clique_frac=0.01
t=222313ms iter=645 REBUILD reject new_tc=61.7081 (was 59.8555)
t=222464ms iter=645 incumb=59.8555 ratchet=59.9708 best=59.8555 since_improve=254
t=222472ms iter=646 WAIST cost=56.0000 best_alt=51.0000 gap=5.0000 tried=5 sep_labels=51 clique_frac=0.01
t=222611ms iter=646 REBUILD reject new_tc=78.0071 (was 59.8555)
t=222758ms iter=646 incumb=59.8555 ratchet=60.0811 best=59.8555 since_improve=255
t=222766ms iter=647 WAIST cost=56.0000 best_alt=51.0000 gap=5.0000 tried=5 sep_labels=51 clique_frac=0.01
t=222919ms iter=647 REBUILD reject new_tc=61.6777 (was 59.8555)
t=223067ms iter=647 incumb=59.8555 ratchet=60.0372 best=59.8555 since_improve=256
t=223073ms iter=648 WAIST cost=56.0000 best_alt=52.0000 gap=4.0000 tried=5 sep_labels=52 clique_frac=0.01
t=223237ms iter=648 REBUILD reject new_tc=67.3277 (was 59.8555)
t=223395ms iter=648 incumb=59.8555 ratchet=59.9030 best=59.8555 since_improve=257
t=223405ms iter=649 WAIST cost=56.0000 best_alt=51.0000 gap=5.0000 tried=5 sep_labels=51 clique_frac=0.02
t=223564ms iter=649 REBUILD reject new_tc=61.5591 (was 59.8555)
t=223718ms iter=649 incumb=59.8555 ratchet=59.9614 best=59.8555 since_improve=258
t=223725ms iter=650 WAIST cost=56.0000 best_alt=51.0000 gap=5.0000 tried=5 sep_labels=51 clique_frac=0.01
t=223860ms iter=650 REBUILD reject new_tc=76.0006 (was 59.8555)
t=224016ms iter=650 incumb=59.8555 ratchet=59.8692 best=59.8555 since_improve=259
t=224024ms iter=651 WAIST cost=56.0000 best_alt=51.0000 gap=5.0000 tried=5 sep_labels=51 clique_frac=0.01
t=224179ms iter=651 REBUILD reject new_tc=62.9194 (was 59.8555)
t=224336ms iter=651 incumb=59.8555 ratchet=59.9602 best=59.8555 since_improve=260
t=224344ms iter=652 WAIST cost=56.0000 best_alt=52.0000 gap=4.0000 tried=5 sep_labels=52 clique_frac=0.01
t=224511ms iter=652 REBUILD reject new_tc=67.2597 (was 59.8555)
t=224665ms iter=652 incumb=59.8555 ratchet=59.9319 best=59.8555 since_improve=261
t=224673ms iter=653 WAIST cost=56.0000 best_alt=52.0000 gap=4.0000 tried=5 sep_labels=52 clique_frac=0.01
t=224843ms iter=653 REBUILD reject new_tc=61.1920 (was 59.8555)
t=225002ms iter=653 incumb=59.8555 ratchet=60.0404 best=59.8555 since_improve=262
t=225012ms iter=654 WAIST cost=56.0000 best_alt=49.0000 gap=7.0000 tried=5 sep_labels=49 clique_frac=0.01
t=225158ms iter=654 REBUILD reject new_tc=61.3485 (was 59.8555)
t=225314ms iter=654 incumb=59.8555 ratchet=59.8938 best=59.8555 since_improve=263
t=225322ms iter=655 WAIST cost=56.0000 best_alt=51.0000 gap=5.0000 tried=5 sep_labels=51 clique_frac=0.01
t=225478ms iter=655 REBUILD reject new_tc=61.9337 (was 59.8555)
t=225634ms iter=655 incumb=59.8555 ratchet=59.9114 best=59.8555 since_improve=264
t=225644ms iter=656 WAIST cost=56.0000 best_alt=52.0000 gap=4.0000 tried=5 sep_labels=52 clique_frac=0.01
t=225811ms iter=656 REBUILD reject new_tc=60.5781 (was 59.8555)
t=225967ms iter=656 incumb=59.8555 ratchet=59.9710 best=59.8555 since_improve=265
t=225975ms iter=657 WAIST cost=56.0000 best_alt=52.0000 gap=4.0000 tried=5 sep_labels=52 clique_frac=0.01
t=226144ms iter=657 REBUILD reject new_tc=64.1859 (was 59.8555)
t=226305ms iter=657 incumb=59.8555 ratchet=59.9827 best=59.8555 since_improve=266
t=226313ms iter=658 WAIST cost=56.0000 best_alt=52.0000 gap=4.0000 tried=5 sep_labels=52 clique_frac=0.01
t=226480ms iter=658 REBUILD reject new_tc=60.5456 (was 59.8555)
t=226635ms iter=658 incumb=59.8555 ratchet=59.9909 best=59.8555 since_improve=267
t=226644ms iter=659 WAIST cost=56.0000 best_alt=49.0000 gap=7.0000 tried=5 sep_labels=49 clique_frac=0.01
t=226802ms iter=659 REBUILD reject new_tc=61.0146 (was 59.8555)
t=226954ms iter=659 incumb=59.8555 ratchet=59.9526 best=59.8555 since_improve=268
t=226961ms iter=660 WAIST cost=56.0000 best_alt=52.0000 gap=4.0000 tried=5 sep_labels=52 clique_frac=0.01
t=227128ms iter=660 REBUILD reject new_tc=61.1007 (was 59.8555)
t=227282ms iter=660 incumb=59.8555 ratchet=60.1078 best=59.8555 since_improve=269
t=227292ms iter=661 WAIST cost=56.0000 best_alt=50.0000 gap=6.0000 tried=5 sep_labels=50 clique_frac=0.01
t=227431ms iter=661 REBUILD reject new_tc=73.0608 (was 59.8555)
t=227569ms iter=661 incumb=59.8555 ratchet=59.9550 best=59.8555 since_improve=270
t=227576ms iter=662 WAIST cost=56.0000 best_alt=52.0000 gap=4.0000 tried=5 sep_labels=52 clique_frac=0.01
t=227747ms iter=662 REBUILD reject new_tc=60.9710 (was 59.8555)
t=227901ms iter=662 incumb=59.8555 ratchet=59.9511 best=59.8555 since_improve=271
t=227909ms iter=663 WAIST cost=56.0000 best_alt=52.0000 gap=4.0000 tried=5 sep_labels=52 clique_frac=0.01
t=228079ms iter=663 REBUILD reject new_tc=61.8675 (was 59.8555)
t=228233ms iter=663 incumb=59.8555 ratchet=59.8662 best=59.8555 since_improve=272
t=228240ms iter=664 WAIST cost=56.0000 best_alt=51.0000 gap=5.0000 tried=5 sep_labels=51 clique_frac=0.01
t=228394ms iter=664 REBUILD reject new_tc=61.1547 (was 59.8555)
t=228550ms iter=664 incumb=59.8555 ratchet=59.9603 best=59.8555 since_improve=273
t=228558ms iter=665 WAIST cost=56.0000 best_alt=51.0000 gap=5.0000 tried=5 sep_labels=51 clique_frac=0.01
t=228712ms iter=665 REBUILD reject new_tc=61.7654 (was 59.8555)
t=228866ms iter=665 incumb=59.8555 ratchet=59.9351 best=59.8555 since_improve=274
t=228874ms iter=666 WAIST cost=56.0000 best_alt=51.0000 gap=5.0000 tried=5 sep_labels=51 clique_frac=0.01
t=229018ms iter=666 REBUILD reject new_tc=61.4609 (was 59.8555)
t=229166ms iter=666 incumb=59.8555 ratchet=59.9296 best=59.8555 since_improve=275
t=229172ms iter=667 WAIST cost=56.0000 best_alt=50.0000 gap=6.0000 tried=5 sep_labels=50 clique_frac=0.01
t=229317ms iter=667 REBUILD reject new_tc=61.2601 (was 59.8555)
t=229462ms iter=667 incumb=59.8555 ratchet=59.9160 best=59.8555 since_improve=276
t=229471ms iter=668 WAIST cost=56.0000 best_alt=51.0000 gap=5.0000 tried=5 sep_labels=51 clique_frac=0.01
t=229640ms iter=668 REBUILD reject new_tc=61.2342 (was 59.8555)
t=229794ms iter=668 incumb=59.8555 ratchet=60.0668 best=59.8555 since_improve=277
t=229802ms iter=669 WAIST cost=56.0000 best_alt=50.0000 gap=6.0000 tried=5 sep_labels=50 clique_frac=0.01
t=229959ms iter=669 REBUILD reject new_tc=61.3745 (was 59.8555)
t=230114ms iter=669 incumb=59.8555 ratchet=59.9946 best=59.8555 since_improve=278
t=230122ms iter=670 WAIST cost=56.0000 best_alt=51.0000 gap=5.0000 tried=5 sep_labels=51 clique_frac=0.01
t=230272ms iter=670 REBUILD reject new_tc=62.4539 (was 59.8555)
t=230458ms iter=670 incumb=59.8555 ratchet=59.9756 best=59.8555 since_improve=279
t=230467ms iter=671 WAIST cost=56.0000 best_alt=49.0000 gap=7.0000 tried=5 sep_labels=49 clique_frac=0.01
t=230626ms iter=671 REBUILD reject new_tc=61.7645 (was 59.8555)
t=230781ms iter=671 incumb=59.8555 ratchet=60.0268 best=59.8555 since_improve=280
t=230788ms iter=672 WAIST cost=56.0000 best_alt=52.0000 gap=4.0000 tried=5 sep_labels=52 clique_frac=0.01
t=231024ms iter=672 REBUILD reject new_tc=61.1777 (was 59.8555)
t=231184ms iter=672 incumb=59.8555 ratchet=59.9862 best=59.8555 since_improve=281
t=231195ms iter=673 WAIST cost=56.0000 best_alt=52.0000 gap=4.0000 tried=5 sep_labels=52 clique_frac=0.01
t=231365ms iter=673 REBUILD reject new_tc=60.8766 (was 59.8555)
t=231522ms iter=673 incumb=59.8555 ratchet=60.1783 best=59.8555 since_improve=282
t=231531ms iter=674 WAIST cost=56.0000 best_alt=51.0000 gap=5.0000 tried=5 sep_labels=51 clique_frac=0.01
t=231684ms iter=674 REBUILD reject new_tc=62.0070 (was 59.8555)
t=231842ms iter=674 incumb=59.8555 ratchet=59.9747 best=59.8555 since_improve=283
t=231849ms iter=675 WAIST cost=56.0000 best_alt=51.0000 gap=5.0000 tried=5 sep_labels=51 clique_frac=0.01
t=232004ms iter=675 REBUILD reject new_tc=61.1733 (was 59.8555)
t=232152ms iter=675 incumb=59.8555 ratchet=59.9146 best=59.8555 since_improve=284
t=232160ms iter=676 WAIST cost=56.0000 best_alt=52.0000 gap=4.0000 tried=5 sep_labels=52 clique_frac=0.01
t=232324ms iter=676 REBUILD reject new_tc=64.5570 (was 59.8555)
t=232478ms iter=676 incumb=59.8555 ratchet=59.8745 best=59.8555 since_improve=285
t=232486ms iter=677 WAIST cost=56.0000 best_alt=52.0000 gap=4.0000 tried=5 sep_labels=52 clique_frac=0.01
t=232654ms iter=677 REBUILD reject new_tc=61.1168 (was 59.8555)
t=232808ms iter=677 incumb=59.8555 ratchet=59.9697 best=59.8555 since_improve=286
t=232816ms iter=678 WAIST cost=56.0000 best_alt=52.0000 gap=4.0000 tried=5 sep_labels=52 clique_frac=0.01
t=232986ms iter=678 REBUILD reject new_tc=61.2982 (was 59.8555)
t=233141ms iter=678 incumb=59.8555 ratchet=60.0162 best=59.8555 since_improve=287
t=233150ms iter=679 WAIST cost=56.0000 best_alt=51.0000 gap=5.0000 tried=5 sep_labels=51 clique_frac=0.01
t=233303ms iter=679 REBUILD reject new_tc=61.6658 (was 59.8555)
t=233458ms iter=679 incumb=59.8555 ratchet=59.9934 best=59.8555 since_improve=288
t=233468ms iter=680 WAIST cost=56.0000 best_alt=50.0000 gap=6.0000 tried=5 sep_labels=50 clique_frac=0.01
t=233618ms iter=680 REBUILD reject new_tc=61.4605 (was 59.8555)
t=233768ms iter=680 incumb=59.8555 ratchet=59.9350 best=59.8555 since_improve=289
t=233776ms iter=681 WAIST cost=56.0000 best_alt=52.0000 gap=4.0000 tried=5 sep_labels=52 clique_frac=0.01
t=233948ms iter=681 REBUILD reject new_tc=60.6196 (was 59.8555)
t=234103ms iter=681 incumb=59.8555 ratchet=60.0063 best=59.8555 since_improve=290
t=234113ms iter=682 WAIST cost=56.0000 best_alt=51.0000 gap=5.0000 tried=5 sep_labels=51 clique_frac=0.01
t=234260ms iter=682 REBUILD reject new_tc=61.6823 (was 59.8555)
t=234417ms iter=682 incumb=59.8555 ratchet=59.8878 best=59.8555 since_improve=291
t=234424ms iter=683 WAIST cost=56.0000 best_alt=52.0000 gap=4.0000 tried=5 sep_labels=52 clique_frac=0.01
t=234593ms iter=683 REBUILD reject new_tc=61.3825 (was 59.8555)
t=234752ms iter=683 incumb=59.8555 ratchet=59.8808 best=59.8555 since_improve=292
t=234760ms iter=684 WAIST cost=56.0000 best_alt=52.0000 gap=4.0000 tried=5 sep_labels=52 clique_frac=0.01
t=234921ms iter=684 REBUILD reject new_tc=60.5099 (was 59.8555)
t=235071ms iter=684 incumb=59.8555 ratchet=59.9442 best=59.8555 since_improve=293
t=235079ms iter=685 WAIST cost=56.0000 best_alt=52.0000 gap=4.0000 tried=5 sep_labels=52 clique_frac=0.01
t=235251ms iter=685 REBUILD reject new_tc=61.6256 (was 59.8555)
t=235403ms iter=685 incumb=59.8555 ratchet=59.9155 best=59.8555 since_improve=294
t=235410ms iter=686 WAIST cost=56.0000 best_alt=52.0000 gap=4.0000 tried=5 sep_labels=52 clique_frac=0.01
t=235581ms iter=686 REBUILD reject new_tc=61.1688 (was 59.8555)
t=235741ms iter=686 incumb=59.8555 ratchet=59.9502 best=59.8555 since_improve=295
t=235747ms iter=687 WAIST cost=56.0000 best_alt=51.0000 gap=5.0000 tried=5 sep_labels=51 clique_frac=0.01
t=235899ms iter=687 REBUILD reject new_tc=60.9406 (was 59.8555)
t=236053ms iter=687 incumb=59.8555 ratchet=60.0906 best=59.8555 since_improve=296
t=236062ms iter=688 WAIST cost=56.0000 best_alt=52.0000 gap=4.0000 tried=5 sep_labels=52 clique_frac=0.01
t=236224ms iter=688 REBUILD reject new_tc=65.9880 (was 59.8555)
t=236383ms iter=688 incumb=59.8555 ratchet=60.0676 best=59.8555 since_improve=297
t=236393ms iter=689 WAIST cost=56.0000 best_alt=49.0000 gap=7.0000 tried=5 sep_labels=49 clique_frac=0.01
t=236551ms iter=689 REBUILD reject new_tc=60.6732 (was 59.8555)
t=236700ms iter=689 incumb=59.8555 ratchet=59.9831 best=59.8555 since_improve=298
t=236708ms iter=690 WAIST cost=56.0000 best_alt=52.0000 gap=4.0000 tried=5 sep_labels=52 clique_frac=0.01
t=236874ms iter=690 REBUILD reject new_tc=60.2774 (was 59.8555)
t=237027ms iter=690 incumb=59.8555 ratchet=59.9819 best=59.8555 since_improve=299
t=237036ms iter=691 WAIST cost=56.0000 best_alt=49.0000 gap=7.0000 tried=5 sep_labels=49 clique_frac=0.01
t=237191ms iter=691 REBUILD reject new_tc=61.4198 (was 59.8555)
t=237346ms iter=691 incumb=59.8555 ratchet=59.8865 best=59.8555 since_improve=300
t=237353ms iter=692 WAIST cost=56.0000 best_alt=52.0000 gap=4.0000 tried=5 sep_labels=52 clique_frac=0.01
t=237523ms iter=692 REBUILD reject new_tc=67.5984 (was 59.8555)
t=237677ms iter=692 incumb=59.8555 ratchet=59.8883 best=59.8555 since_improve=301
t=237686ms iter=693 WAIST cost=56.0000 best_alt=51.0000 gap=5.0000 tried=5 sep_labels=51 clique_frac=0.01
t=237847ms iter=693 REBUILD reject new_tc=61.6112 (was 59.8555)
t=238002ms iter=693 incumb=59.8555 ratchet=60.3232 best=59.8555 since_improve=302
t=238011ms iter=694 WAIST cost=56.0000 best_alt=51.0000 gap=5.0000 tried=5 sep_labels=51 clique_frac=0.01
t=238164ms iter=694 REBUILD reject new_tc=62.3707 (was 59.8555)
t=238317ms iter=694 incumb=59.8555 ratchet=59.9706 best=59.8555 since_improve=303
t=238326ms iter=695 WAIST cost=56.0000 best_alt=52.0000 gap=4.0000 tried=5 sep_labels=52 clique_frac=0.01
t=238496ms iter=695 REBUILD reject new_tc=61.3871 (was 59.8555)
t=238702ms iter=695 incumb=59.8555 ratchet=59.8973 best=59.8555 since_improve=304
t=238711ms iter=696 WAIST cost=56.0000 best_alt=52.0000 gap=4.0000 tried=5 sep_labels=52 clique_frac=0.01
t=238891ms iter=696 REBUILD reject new_tc=60.4543 (was 59.8555)
t=239044ms iter=696 incumb=59.8555 ratchet=59.9675 best=59.8555 since_improve=305
t=239053ms iter=697 WAIST cost=56.0000 best_alt=51.0000 gap=5.0000 tried=5 sep_labels=51 clique_frac=0.01
t=239201ms iter=697 REBUILD reject new_tc=61.7977 (was 59.8555)
t=239353ms iter=697 incumb=59.8555 ratchet=59.9080 best=59.8555 since_improve=306
t=239360ms iter=698 WAIST cost=56.0000 best_alt=52.0000 gap=4.0000 tried=5 sep_labels=52 clique_frac=0.01
t=239528ms iter=698 REBUILD reject new_tc=61.0884 (was 59.8555)
t=239683ms iter=698 incumb=59.8555 ratchet=59.9496 best=59.8555 since_improve=307
t=239691ms iter=699 WAIST cost=56.0000 best_alt=50.0000 gap=6.0000 tried=5 sep_labels=50 clique_frac=0.01
t=239840ms iter=699 REBUILD reject new_tc=61.0121 (was 59.8555)
t=239994ms iter=699 incumb=59.8555 ratchet=59.9809 best=59.8555 since_improve=308
t=240003ms iter=700 WAIST cost=56.0000 best_alt=52.0000 gap=4.0000 tried=5 sep_labels=52 clique_frac=0.01
t=240169ms iter=700 REBUILD reject new_tc=64.5321 (was 59.8555)
t=240323ms iter=700 incumb=59.8555 ratchet=60.0040 best=59.8555 since_improve=309
t=240331ms iter=701 WAIST cost=56.0000 best_alt=52.0000 gap=4.0000 tried=5 sep_labels=52 clique_frac=0.01
t=240502ms iter=701 REBUILD reject new_tc=60.1199 (was 59.8555)
t=240652ms iter=701 incumb=59.8555 ratchet=59.9685 best=59.8555 since_improve=310
t=240659ms iter=702 WAIST cost=56.0000 best_alt=52.0000 gap=4.0000 tried=5 sep_labels=52 clique_frac=0.01
t=240828ms iter=702 REBUILD reject new_tc=61.1184 (was 59.8555)
t=240988ms iter=702 incumb=59.8555 ratchet=59.9063 best=59.8555 since_improve=311
t=240995ms iter=703 WAIST cost=56.0000 best_alt=52.0000 gap=4.0000 tried=5 sep_labels=52 clique_frac=0.01
t=241166ms iter=703 REBUILD reject new_tc=60.5026 (was 59.8555)
t=241322ms iter=703 incumb=59.8555 ratchet=60.0386 best=59.8555 since_improve=312
t=241331ms iter=704 WAIST cost=56.0000 best_alt=49.0000 gap=7.0000 tried=5 sep_labels=49 clique_frac=0.01
t=241482ms iter=704 REBUILD reject new_tc=61.4438 (was 59.8555)
t=241638ms iter=704 incumb=59.8555 ratchet=59.8692 best=59.8555 since_improve=313
t=241644ms iter=705 WAIST cost=56.0000 best_alt=52.0000 gap=4.0000 tried=5 sep_labels=52 clique_frac=0.01
t=241799ms iter=705 REBUILD reject new_tc=80.0000 (was 59.8555)
t=241954ms iter=705 incumb=59.8555 ratchet=59.9283 best=59.8555 since_improve=314
t=241962ms iter=706 WAIST cost=56.0000 best_alt=51.0000 gap=5.0000 tried=5 sep_labels=51 clique_frac=0.01
t=242113ms iter=706 REBUILD reject new_tc=61.5881 (was 59.8555)
t=242265ms iter=706 incumb=59.8555 ratchet=59.9208 best=59.8555 since_improve=315
t=242274ms iter=707 WAIST cost=56.0000 best_alt=49.0000 gap=7.0000 tried=5 sep_labels=49 clique_frac=0.01
t=242425ms iter=707 REBUILD reject new_tc=61.8874 (was 59.8555)
t=242573ms iter=707 incumb=59.8555 ratchet=59.9347 best=59.8555 since_improve=316
t=242581ms iter=708 WAIST cost=56.0000 best_alt=49.0000 gap=7.0000 tried=5 sep_labels=49 clique_frac=0.01
t=242732ms iter=708 REBUILD reject new_tc=61.4141 (was 59.8555)
t=242888ms iter=708 incumb=59.8555 ratchet=59.9211 best=59.8555 since_improve=317
t=242896ms iter=709 WAIST cost=56.0000 best_alt=51.0000 gap=5.0000 tried=5 sep_labels=51 clique_frac=0.01
t=243043ms iter=709 REBUILD reject new_tc=65.7711 (was 59.8555)
t=243198ms iter=709 incumb=59.8555 ratchet=59.8908 best=59.8555 since_improve=318
t=243206ms iter=710 WAIST cost=56.0000 best_alt=52.0000 gap=4.0000 tried=5 sep_labels=52 clique_frac=0.01
t=243376ms iter=710 REBUILD reject new_tc=61.3566 (was 59.8555)
t=243531ms iter=710 incumb=59.8555 ratchet=59.9007 best=59.8555 since_improve=319
t=243540ms iter=711 WAIST cost=56.0000 best_alt=52.0000 gap=4.0000 tried=5 sep_labels=52 clique_frac=0.01
t=243705ms iter=711 REBUILD reject new_tc=65.8920 (was 59.8555)
t=243862ms iter=711 incumb=59.8555 ratchet=59.9821 best=59.8555 since_improve=320
t=243870ms iter=712 WAIST cost=56.0000 best_alt=52.0000 gap=4.0000 tried=5 sep_labels=52 clique_frac=0.01
t=244038ms iter=712 REBUILD reject new_tc=61.4503 (was 59.8555)
t=244196ms iter=712 incumb=59.8555 ratchet=59.8794 best=59.8555 since_improve=321
t=244205ms iter=713 WAIST cost=56.0000 best_alt=51.0000 gap=5.0000 tried=5 sep_labels=51 clique_frac=0.01
t=244353ms iter=713 REBUILD reject new_tc=61.7789 (was 59.8555)
t=244505ms iter=713 incumb=59.8555 ratchet=60.0158 best=59.8555 since_improve=322
t=244513ms iter=714 WAIST cost=56.0000 best_alt=52.0000 gap=4.0000 tried=5 sep_labels=52 clique_frac=0.01
t=244682ms iter=714 REBUILD reject new_tc=62.4422 (was 59.8555)
t=244835ms iter=714 incumb=59.8555 ratchet=60.0194 best=59.8555 since_improve=323
t=244842ms iter=715 WAIST cost=56.0000 best_alt=52.0000 gap=4.0000 tried=5 sep_labels=52 clique_frac=0.01
t=245011ms iter=715 REBUILD reject new_tc=61.4665 (was 59.8555)
t=245160ms iter=715 incumb=59.8555 ratchet=60.4207 best=59.8555 since_improve=324
t=245168ms iter=716 WAIST cost=56.0000 best_alt=52.0000 gap=4.0000 tried=5 sep_labels=52 clique_frac=0.01
t=245332ms iter=716 REBUILD reject new_tc=62.0911 (was 59.8555)
t=245489ms iter=716 incumb=59.8555 ratchet=59.9275 best=59.8555 since_improve=325
t=245496ms iter=717 WAIST cost=56.0000 best_alt=51.0000 gap=5.0000 tried=5 sep_labels=51 clique_frac=0.01
t=245662ms iter=717 REBUILD reject new_tc=61.5989 (was 59.8555)
t=245819ms iter=717 incumb=59.8555 ratchet=60.2321 best=59.8555 since_improve=326
t=245827ms iter=718 WAIST cost=56.0000 best_alt=49.0000 gap=7.0000 tried=5 sep_labels=49 clique_frac=0.01
t=245985ms iter=718 REBUILD reject new_tc=61.5902 (was 59.8555)
t=246138ms iter=718 incumb=59.8555 ratchet=59.9265 best=59.8555 since_improve=327
t=246145ms iter=719 WAIST cost=56.0000 best_alt=52.0000 gap=4.0000 tried=5 sep_labels=52 clique_frac=0.01
t=246318ms iter=719 REBUILD reject new_tc=60.7707 (was 59.8555)
t=246477ms iter=719 incumb=59.8555 ratchet=59.9547 best=59.8555 since_improve=328
t=246486ms iter=720 WAIST cost=56.0000 best_alt=51.0000 gap=5.0000 tried=5 sep_labels=51 clique_frac=0.01
t=246621ms iter=720 REBUILD reject new_tc=81.0000 (was 59.8555)
t=246781ms iter=720 incumb=59.8555 ratchet=59.8993 best=59.8555 since_improve=329
t=246789ms iter=721 WAIST cost=56.0000 best_alt=51.0000 gap=5.0000 tried=5 sep_labels=51 clique_frac=0.01
t=246930ms iter=721 REBUILD reject new_tc=76.0001 (was 59.8555)
t=247081ms iter=721 incumb=59.8555 ratchet=59.9354 best=59.8555 since_improve=330
t=247089ms iter=722 WAIST cost=56.0000 best_alt=52.0000 gap=4.0000 tried=5 sep_labels=52 clique_frac=0.01
t=247248ms iter=722 REBUILD reject new_tc=74.0025 (was 59.8555)
t=247398ms iter=722 incumb=59.8555 ratchet=59.9734 best=59.8555 since_improve=331
t=247408ms iter=723 WAIST cost=56.0000 best_alt=49.0000 gap=7.0000 tried=5 sep_labels=49 clique_frac=0.01
t=247559ms iter=723 REBUILD reject new_tc=61.4008 (was 59.8555)
t=247718ms iter=723 incumb=59.8555 ratchet=59.9896 best=59.8555 since_improve=332
t=247728ms iter=724 WAIST cost=56.0000 best_alt=52.0000 gap=4.0000 tried=5 sep_labels=52 clique_frac=0.01
t=247899ms iter=724 REBUILD reject new_tc=60.9950 (was 59.8555)
t=248049ms iter=724 incumb=59.8555 ratchet=60.0503 best=59.8555 since_improve=333
t=248057ms iter=725 WAIST cost=56.0000 best_alt=52.0000 gap=4.0000 tried=5 sep_labels=52 clique_frac=0.01
t=248220ms iter=725 REBUILD reject new_tc=73.0075 (was 59.8555)
t=248369ms iter=725 incumb=59.8555 ratchet=59.9155 best=59.8555 since_improve=334
t=248378ms iter=726 WAIST cost=56.0000 best_alt=51.0000 gap=5.0000 tried=5 sep_labels=51 clique_frac=0.02
t=248529ms iter=726 REBUILD reject new_tc=62.6100 (was 59.8555)
t=248686ms iter=726 incumb=59.8555 ratchet=59.9218 best=59.8555 since_improve=335
t=248694ms iter=727 WAIST cost=56.0000 best_alt=52.0000 gap=4.0000 tried=5 sep_labels=52 clique_frac=0.01
t=248865ms iter=727 REBUILD reject new_tc=61.2889 (was 59.8555)
t=249017ms iter=727 incumb=59.8555 ratchet=59.9046 best=59.8555 since_improve=336
t=249025ms iter=728 WAIST cost=56.0000 best_alt=51.0000 gap=5.0000 tried=5 sep_labels=51 clique_frac=0.02
t=249179ms iter=728 REBUILD reject new_tc=65.1153 (was 59.8555)
t=249333ms iter=728 incumb=59.8555 ratchet=60.0295 best=59.8555 since_improve=337
t=249344ms iter=729 WAIST cost=56.0000 best_alt=49.0000 gap=7.0000 tried=5 sep_labels=49 clique_frac=0.01
t=249499ms iter=729 REBUILD reject new_tc=70.9604 (was 59.8555)
t=249647ms iter=729 incumb=59.8555 ratchet=59.9261 best=59.8555 since_improve=338
t=249656ms iter=730 WAIST cost=56.0000 best_alt=51.0000 gap=5.0000 tried=5 sep_labels=51 clique_frac=0.01
t=249815ms iter=730 REBUILD reject new_tc=61.3657 (was 59.8555)
t=249969ms iter=730 incumb=59.8555 ratchet=59.9569 best=59.8555 since_improve=339
t=249979ms iter=731 WAIST cost=56.0000 best_alt=49.0000 gap=7.0000 tried=5 sep_labels=49 clique_frac=0.01
t=250126ms iter=731 REBUILD reject new_tc=76.0153 (was 59.8555)
t=250283ms iter=731 incumb=59.8555 ratchet=59.9790 best=59.8555 since_improve=340
t=250290ms iter=732 WAIST cost=56.0000 best_alt=52.0000 gap=4.0000 tried=5 sep_labels=52 clique_frac=0.01
t=250460ms iter=732 REBUILD reject new_tc=61.7134 (was 59.8555)
t=250616ms iter=732 incumb=59.8555 ratchet=60.0110 best=59.8555 since_improve=341
t=250626ms iter=733 WAIST cost=56.0000 best_alt=49.0000 gap=7.0000 tried=5 sep_labels=49 clique_frac=0.01
t=250782ms iter=733 REBUILD reject new_tc=60.9360 (was 59.8555)
t=250939ms iter=733 incumb=59.8555 ratchet=59.9903 best=59.8555 since_improve=342
t=250948ms iter=734 WAIST cost=56.0000 best_alt=51.0000 gap=5.0000 tried=5 sep_labels=51 clique_frac=0.01
t=251087ms iter=734 REBUILD reject new_tc=71.0027 (was 59.8555)
t=251234ms iter=734 incumb=59.8555 ratchet=59.8651 best=59.8555 since_improve=343
t=251242ms iter=735 WAIST cost=56.0000 best_alt=51.0000 gap=5.0000 tried=5 sep_labels=51 clique_frac=0.01
t=251397ms iter=735 REBUILD reject new_tc=61.4070 (was 59.8555)
t=251555ms iter=735 incumb=59.8555 ratchet=59.9284 best=59.8555 since_improve=344
t=251564ms iter=736 WAIST cost=56.0000 best_alt=52.0000 gap=4.0000 tried=5 sep_labels=52 clique_frac=0.01
t=251731ms iter=736 REBUILD reject new_tc=60.7302 (was 59.8555)
t=251873ms iter=736 incumb=59.8555 ratchet=59.8853 best=59.8555 since_improve=345
t=251878ms iter=737 WAIST cost=56.0000 best_alt=52.0000 gap=4.0000 tried=5 sep_labels=52 clique_frac=0.01
t=252043ms iter=737 REBUILD reject new_tc=66.9331 (was 59.8555)
t=252202ms iter=737 incumb=59.8555 ratchet=60.0010 best=59.8555 since_improve=346
t=252210ms iter=738 WAIST cost=56.0000 best_alt=52.0000 gap=4.0000 tried=5 sep_labels=52 clique_frac=0.01
t=252380ms iter=738 REBUILD reject new_tc=61.3374 (was 59.8555)
t=252542ms iter=738 incumb=59.8555 ratchet=59.9033 best=59.8555 since_improve=347
t=252550ms iter=739 WAIST cost=56.0000 best_alt=51.0000 gap=5.0000 tried=5 sep_labels=51 clique_frac=0.01
t=252705ms iter=739 REBUILD reject new_tc=61.1239 (was 59.8555)
t=252857ms iter=739 incumb=59.8555 ratchet=59.8917 best=59.8555 since_improve=348
t=252867ms iter=740 WAIST cost=56.0000 best_alt=52.0000 gap=4.0000 tried=5 sep_labels=52 clique_frac=0.01
t=253037ms iter=740 REBUILD reject new_tc=60.4608 (was 59.8555)
t=253186ms iter=740 incumb=59.8555 ratchet=59.8671 best=59.8555 since_improve=349
t=253194ms iter=741 WAIST cost=56.0000 best_alt=52.0000 gap=4.0000 tried=5 sep_labels=52 clique_frac=0.01
t=253362ms iter=741 REBUILD reject new_tc=63.8580 (was 59.8555)
t=253518ms iter=741 incumb=59.8555 ratchet=59.9063 best=59.8555 since_improve=350
t=253527ms iter=742 WAIST cost=56.0000 best_alt=51.0000 gap=5.0000 tried=5 sep_labels=51 clique_frac=0.01
t=253677ms iter=742 REBUILD reject new_tc=61.5136 (was 59.8555)
t=253832ms iter=742 incumb=59.8555 ratchet=60.3756 best=59.8555 since_improve=351
t=253841ms iter=743 WAIST cost=56.0000 best_alt=49.0000 gap=7.0000 tried=5 sep_labels=49 clique_frac=0.01
t=253992ms iter=743 REBUILD reject new_tc=61.2367 (was 59.8555)
t=254142ms iter=743 incumb=59.8555 ratchet=59.9123 best=59.8555 since_improve=352
t=254150ms iter=744 WAIST cost=56.0000 best_alt=49.0000 gap=7.0000 tried=5 sep_labels=49 clique_frac=0.01
t=254304ms iter=744 REBUILD reject new_tc=61.7491 (was 59.8555)
t=254453ms iter=744 incumb=59.8555 ratchet=60.0183 best=59.8555 since_improve=353
t=254461ms iter=745 WAIST cost=56.0000 best_alt=51.0000 gap=5.0000 tried=5 sep_labels=51 clique_frac=0.01
t=254619ms iter=745 REBUILD reject new_tc=61.7778 (was 59.8555)
t=254778ms iter=745 incumb=59.8555 ratchet=59.9142 best=59.8555 since_improve=354
t=254788ms iter=746 WAIST cost=56.0000 best_alt=52.0000 gap=4.0000 tried=5 sep_labels=52 clique_frac=0.01
t=254956ms iter=746 REBUILD reject new_tc=61.5872 (was 59.8555)
t=255104ms iter=746 incumb=59.8555 ratchet=59.9167 best=59.8555 since_improve=355
t=255115ms iter=747 WAIST cost=56.0000 best_alt=52.0000 gap=4.0000 tried=5 sep_labels=52 clique_frac=0.01
t=255278ms iter=747 REBUILD reject new_tc=67.3366 (was 59.8555)
t=255440ms iter=747 incumb=59.8555 ratchet=60.0745 best=59.8555 since_improve=356
t=255448ms iter=748 WAIST cost=56.0000 best_alt=50.0000 gap=6.0000 tried=5 sep_labels=50 clique_frac=0.01
t=255598ms iter=748 REBUILD reject new_tc=61.3452 (was 59.8555)
t=255755ms iter=748 incumb=59.8555 ratchet=60.0402 best=59.8555 since_improve=357
t=255764ms iter=749 WAIST cost=56.0000 best_alt=52.0000 gap=4.0000 tried=5 sep_labels=52 clique_frac=0.01
t=255922ms iter=749 REBUILD reject new_tc=75.0010 (was 59.8555)
t=256075ms iter=749 incumb=59.8555 ratchet=59.8992 best=59.8555 since_improve=358
t=256083ms iter=750 WAIST cost=56.0000 best_alt=49.0000 gap=7.0000 tried=5 sep_labels=49 clique_frac=0.01
t=256232ms iter=750 REBUILD reject new_tc=61.4476 (was 59.8555)
t=256381ms iter=750 incumb=59.8555 ratchet=59.8967 best=59.8555 since_improve=359
t=256389ms iter=751 WAIST cost=56.0000 best_alt=49.0000 gap=7.0000 tried=5 sep_labels=49 clique_frac=0.01
t=256537ms iter=751 REBUILD reject new_tc=67.8814 (was 59.8555)
t=256696ms iter=751 incumb=59.8555 ratchet=59.8724 best=59.8555 since_improve=360
t=256704ms iter=752 WAIST cost=56.0000 best_alt=52.0000 gap=4.0000 tried=5 sep_labels=52 clique_frac=0.01
t=256867ms iter=752 REBUILD reject new_tc=61.3869 (was 59.8555)
t=257020ms iter=752 incumb=59.8555 ratchet=59.9023 best=59.8555 since_improve=361
t=257029ms iter=753 WAIST cost=56.0000 best_alt=51.0000 gap=5.0000 tried=5 sep_labels=51 clique_frac=0.01
t=257180ms iter=753 REBUILD reject new_tc=61.5300 (was 59.8555)
t=257333ms iter=753 incumb=59.8555 ratchet=59.8746 best=59.8555 since_improve=362
t=257342ms iter=754 WAIST cost=56.0000 best_alt=52.0000 gap=4.0000 tried=5 sep_labels=52 clique_frac=0.01
t=257514ms iter=754 REBUILD reject new_tc=61.0849 (was 59.8555)
t=257674ms iter=754 incumb=59.8555 ratchet=59.9647 best=59.8555 since_improve=363
t=257683ms iter=755 WAIST cost=56.0000 best_alt=52.0000 gap=4.0000 tried=5 sep_labels=52 clique_frac=0.01
t=257838ms iter=755 REBUILD reject new_tc=80.0000 (was 59.8555)
t=257988ms iter=755 incumb=59.8555 ratchet=59.9096 best=59.8555 since_improve=364
t=257998ms iter=756 WAIST cost=56.0000 best_alt=49.0000 gap=7.0000 tried=5 sep_labels=49 clique_frac=0.01
t=258150ms iter=756 REBUILD reject new_tc=61.3468 (was 59.8555)
t=258316ms iter=756 incumb=59.8555 ratchet=59.9285 best=59.8555 since_improve=365
t=258324ms iter=757 WAIST cost=56.0000 best_alt=52.0000 gap=4.0000 tried=5 sep_labels=52 clique_frac=0.01
t=258479ms iter=757 REBUILD reject new_tc=79.0000 (was 59.8555)
t=258634ms iter=757 incumb=59.8555 ratchet=59.9230 best=59.8555 since_improve=366
t=258642ms iter=758 WAIST cost=56.0000 best_alt=52.0000 gap=4.0000 tried=5 sep_labels=52 clique_frac=0.01
t=258814ms iter=758 REBUILD reject new_tc=61.4463 (was 59.8555)
t=258972ms iter=758 incumb=59.8555 ratchet=59.9208 best=59.8555 since_improve=367
t=258981ms iter=759 WAIST cost=56.0000 best_alt=52.0000 gap=4.0000 tried=5 sep_labels=52 clique_frac=0.01
t=259150ms iter=759 REBUILD reject new_tc=61.3326 (was 59.8555)
t=259302ms iter=759 incumb=59.8555 ratchet=60.0087 best=59.8555 since_improve=368
t=259309ms iter=760 WAIST cost=56.0000 best_alt=52.0000 gap=4.0000 tried=5 sep_labels=52 clique_frac=0.01
t=259473ms iter=760 REBUILD reject new_tc=66.2613 (was 59.8555)
t=259621ms iter=760 incumb=59.8555 ratchet=60.1642 best=59.8555 since_improve=369
t=259629ms iter=761 WAIST cost=56.0000 best_alt=52.0000 gap=4.0000 tried=5 sep_labels=52 clique_frac=0.01
t=259799ms iter=761 REBUILD reject new_tc=62.3543 (was 59.8555)
t=259957ms iter=761 incumb=59.8555 ratchet=59.9735 best=59.8555 since_improve=370
t=259964ms iter=762 WAIST cost=56.0000 best_alt=52.0000 gap=4.0000 tried=5 sep_labels=52 clique_frac=0.01
t=260119ms iter=762 REBUILD reject new_tc=72.0036 (was 59.8555)
t=260267ms iter=762 incumb=59.8555 ratchet=59.8984 best=59.8555 since_improve=371
t=260275ms iter=763 WAIST cost=56.0000 best_alt=52.0000 gap=4.0000 tried=5 sep_labels=52 clique_frac=0.01
t=260449ms iter=763 REBUILD reject new_tc=61.0754 (was 59.8555)
t=260596ms iter=763 incumb=59.8555 ratchet=59.9805 best=59.8555 since_improve=372
t=260604ms iter=764 WAIST cost=56.0000 best_alt=52.0000 gap=4.0000 tried=5 sep_labels=52 clique_frac=0.01
t=260774ms iter=764 REBUILD reject new_tc=60.8814 (was 59.8555)
t=260927ms iter=764 incumb=59.8555 ratchet=59.9741 best=59.8555 since_improve=373
t=260936ms iter=765 WAIST cost=56.0000 best_alt=52.0000 gap=4.0000 tried=5 sep_labels=52 clique_frac=0.01
t=261097ms iter=765 REBUILD reject new_tc=67.1942 (was 59.8555)
t=261255ms iter=765 incumb=59.8555 ratchet=60.0365 best=59.8555 since_improve=374
t=261264ms iter=766 WAIST cost=56.0000 best_alt=52.0000 gap=4.0000 tried=5 sep_labels=52 clique_frac=0.01
t=261434ms iter=766 REBUILD reject new_tc=61.6625 (was 59.8555)
t=261579ms iter=766 incumb=59.8555 ratchet=59.8910 best=59.8555 since_improve=375
t=261588ms iter=767 WAIST cost=56.0000 best_alt=51.0000 gap=5.0000 tried=5 sep_labels=51 clique_frac=0.01
t=261739ms iter=767 REBUILD reject new_tc=61.6642 (was 59.8555)
t=261896ms iter=767 incumb=59.8555 ratchet=59.9233 best=59.8555 since_improve=376
t=261903ms iter=768 WAIST cost=56.0000 best_alt=49.0000 gap=7.0000 tried=5 sep_labels=49 clique_frac=0.01
t=262041ms iter=768 REBUILD reject new_tc=62.4090 (was 59.8555)
t=262198ms iter=768 incumb=59.8555 ratchet=59.9254 best=59.8555 since_improve=377
t=262206ms iter=769 WAIST cost=56.0000 best_alt=51.0000 gap=5.0000 tried=5 sep_labels=51 clique_frac=0.01
t=262362ms iter=769 REBUILD reject new_tc=61.4305 (was 59.8555)
t=262515ms iter=769 incumb=59.8555 ratchet=59.8952 best=59.8555 since_improve=378
t=262524ms iter=770 WAIST cost=56.0000 best_alt=51.0000 gap=5.0000 tried=5 sep_labels=51 clique_frac=0.02
t=262668ms iter=770 REBUILD reject new_tc=61.8565 (was 59.8555)
t=262814ms iter=770 incumb=59.8555 ratchet=59.9973 best=59.8555 since_improve=379
t=262822ms iter=771 WAIST cost=56.0000 best_alt=52.0000 gap=4.0000 tried=5 sep_labels=52 clique_frac=0.01
t=262992ms iter=771 REBUILD reject new_tc=64.3255 (was 59.8555)
t=263144ms iter=771 incumb=59.8555 ratchet=59.8700 best=59.8555 since_improve=380
t=263151ms iter=772 WAIST cost=56.0000 best_alt=52.0000 gap=4.0000 tried=5 sep_labels=52 clique_frac=0.01
t=263320ms iter=772 REBUILD reject new_tc=61.4392 (was 59.8555)
t=263475ms iter=772 incumb=59.8555 ratchet=59.9763 best=59.8555 since_improve=381
t=263481ms iter=773 WAIST cost=56.0000 best_alt=52.0000 gap=4.0000 tried=5 sep_labels=52 clique_frac=0.01
t=263652ms iter=773 REBUILD reject new_tc=60.3748 (was 59.8555)
t=263811ms iter=773 incumb=59.8555 ratchet=59.8847 best=59.8555 since_improve=382
t=263819ms iter=774 WAIST cost=56.0000 best_alt=51.0000 gap=5.0000 tried=5 sep_labels=51 clique_frac=0.01
t=263966ms iter=774 REBUILD reject new_tc=74.0091 (was 59.8555)
t=264117ms iter=774 incumb=59.8555 ratchet=59.9604 best=59.8555 since_improve=383
t=264126ms iter=775 WAIST cost=56.0000 best_alt=51.0000 gap=5.0000 tried=5 sep_labels=51 clique_frac=0.01
t=264278ms iter=775 REBUILD reject new_tc=61.5258 (was 59.8555)
t=264438ms iter=775 incumb=59.8555 ratchet=60.5034 best=59.8555 since_improve=384
t=264446ms iter=776 WAIST cost=56.0000 best_alt=51.0000 gap=5.0000 tried=5 sep_labels=51 clique_frac=0.01
t=264592ms iter=776 REBUILD reject new_tc=69.0070 (was 59.8555)
t=264752ms iter=776 incumb=59.8555 ratchet=60.0414 best=59.8555 since_improve=385
t=264759ms iter=777 WAIST cost=56.0000 best_alt=52.0000 gap=4.0000 tried=5 sep_labels=52 clique_frac=0.01
t=264928ms iter=777 REBUILD reject new_tc=67.9898 (was 59.8555)
t=265080ms iter=777 incumb=59.8555 ratchet=59.9567 best=59.8555 since_improve=386
t=265089ms iter=778 WAIST cost=56.0000 best_alt=51.0000 gap=5.0000 tried=5 sep_labels=51 clique_frac=0.01
t=265227ms iter=778 REBUILD reject new_tc=78.0000 (was 59.8555)
t=265386ms iter=778 incumb=59.8555 ratchet=59.9786 best=59.8555 since_improve=387
t=265395ms iter=779 WAIST cost=56.0000 best_alt=50.0000 gap=6.0000 tried=5 sep_labels=50 clique_frac=0.01
t=265542ms iter=779 REBUILD reject new_tc=62.3723 (was 59.8555)
t=265696ms iter=779 incumb=59.8555 ratchet=59.9901 best=59.8555 since_improve=388
t=265704ms iter=780 WAIST cost=56.0000 best_alt=52.0000 gap=4.0000 tried=5 sep_labels=52 clique_frac=0.01
t=265866ms iter=780 REBUILD reject new_tc=71.0394 (was 59.8555)
t=266022ms iter=780 incumb=59.8555 ratchet=59.9923 best=59.8555 since_improve=389
t=266030ms iter=781 WAIST cost=56.0000 best_alt=51.0000 gap=5.0000 tried=5 sep_labels=51 clique_frac=0.01
t=266184ms iter=781 REBUILD reject new_tc=61.7758 (was 59.8555)
t=266338ms iter=781 incumb=59.8555 ratchet=60.3134 best=59.8555 since_improve=390
t=266346ms iter=782 WAIST cost=56.0000 best_alt=51.0000 gap=5.0000 tried=5 sep_labels=51 clique_frac=0.01
t=266494ms iter=782 REBUILD reject new_tc=61.8115 (was 59.8555)
t=266648ms iter=782 incumb=59.8555 ratchet=60.0280 best=59.8555 since_improve=391
t=266656ms iter=783 WAIST cost=56.0000 best_alt=51.0000 gap=5.0000 tried=5 sep_labels=51 clique_frac=0.01
t=266810ms iter=783 REBUILD reject new_tc=61.6461 (was 59.8555)
t=266965ms iter=783 incumb=59.8555 ratchet=59.9377 best=59.8555 since_improve=392
t=266973ms iter=784 WAIST cost=56.0000 best_alt=51.0000 gap=5.0000 tried=5 sep_labels=51 clique_frac=0.01
t=267130ms iter=784 REBUILD reject new_tc=61.6522 (was 59.8555)
t=267284ms iter=784 incumb=59.8555 ratchet=59.9327 best=59.8555 since_improve=393
t=267293ms iter=785 WAIST cost=56.0000 best_alt=52.0000 gap=4.0000 tried=5 sep_labels=52 clique_frac=0.01
t=267461ms iter=785 REBUILD reject new_tc=61.3579 (was 59.8555)
t=267619ms iter=785 incumb=59.8555 ratchet=59.9864 best=59.8555 since_improve=394
t=267627ms iter=786 WAIST cost=56.0000 best_alt=49.0000 gap=7.0000 tried=5 sep_labels=49 clique_frac=0.01
t=267782ms iter=786 REBUILD reject new_tc=61.6752 (was 59.8555)
t=267935ms iter=786 incumb=59.8555 ratchet=59.9793 best=59.8555 since_improve=395
t=267943ms iter=787 WAIST cost=56.0000 best_alt=52.0000 gap=4.0000 tried=5 sep_labels=52 clique_frac=0.01
t=268108ms iter=787 REBUILD reject new_tc=60.8355 (was 59.8555)
t=268257ms iter=787 incumb=59.8555 ratchet=59.8676 best=59.8555 since_improve=396
t=268266ms iter=788 WAIST cost=56.0000 best_alt=49.0000 gap=7.0000 tried=5 sep_labels=49 clique_frac=0.01
t=268423ms iter=788 REBUILD reject new_tc=61.3326 (was 59.8555)
t=268575ms iter=788 incumb=59.8555 ratchet=59.9547 best=59.8555 since_improve=397
t=268582ms iter=789 WAIST cost=56.0000 best_alt=51.0000 gap=5.0000 tried=5 sep_labels=51 clique_frac=0.01
t=268732ms iter=789 REBUILD reject new_tc=61.2796 (was 59.8555)
t=268888ms iter=789 incumb=59.8555 ratchet=59.9212 best=59.8555 since_improve=398
t=268898ms iter=790 WAIST cost=56.0000 best_alt=51.0000 gap=5.0000 tried=5 sep_labels=51 clique_frac=0.01
t=269053ms iter=790 REBUILD reject new_tc=61.4531 (was 59.8555)
t=269208ms iter=790 incumb=59.8555 ratchet=59.9584 best=59.8555 since_improve=399
t=269216ms iter=791 WAIST cost=56.0000 best_alt=52.0000 gap=4.0000 tried=5 sep_labels=52 clique_frac=0.01
t=269385ms iter=791 REBUILD reject new_tc=60.4056 (was 59.8555)
t=269540ms iter=791 incumb=59.8555 ratchet=59.9351 best=59.8555 since_improve=400
t=269551ms iter=792 WAIST cost=56.0000 best_alt=49.0000 gap=7.0000 tried=5 sep_labels=49 clique_frac=0.01
t=269704ms iter=792 REBUILD reject new_tc=65.0648 (was 59.8555)
t=269856ms iter=792 incumb=59.8555 ratchet=60.1046 best=59.8555 since_improve=401
t=269864ms iter=793 WAIST cost=56.0000 best_alt=51.0000 gap=5.0000 tried=5 sep_labels=51 clique_frac=0.02
t=270020ms iter=793 REBUILD reject new_tc=63.8462 (was 59.8555)
t=270173ms iter=793 incumb=59.8555 ratchet=59.8817 best=59.8555 since_improve=402
t=270181ms iter=794 WAIST cost=56.0000 best_alt=52.0000 gap=4.0000 tried=5 sep_labels=52 clique_frac=0.01
t=270338ms iter=794 REBUILD reject new_tc=77.0003 (was 59.8555)
t=270492ms iter=794 incumb=59.8555 ratchet=59.9911 best=59.8555 since_improve=403
t=270499ms iter=795 WAIST cost=56.0000 best_alt=51.0000 gap=5.0000 tried=5 sep_labels=51 clique_frac=0.01
t=270652ms iter=795 REBUILD reject new_tc=61.4220 (was 59.8555)
t=270807ms iter=795 incumb=59.8555 ratchet=59.9869 best=59.8555 since_improve=404
t=270814ms iter=796 WAIST cost=56.0000 best_alt=52.0000 gap=4.0000 tried=5 sep_labels=52 clique_frac=0.01
t=270986ms iter=796 REBUILD reject new_tc=60.5567 (was 59.8555)
t=271140ms iter=796 incumb=59.8555 ratchet=60.1847 best=59.8555 since_improve=405
t=271148ms iter=797 WAIST cost=56.0000 best_alt=51.0000 gap=5.0000 tried=5 sep_labels=51 clique_frac=0.01
t=271318ms iter=797 REBUILD reject new_tc=63.9802 (was 59.8555)
t=271471ms iter=797 incumb=59.8555 ratchet=59.9646 best=59.8555 since_improve=406
t=271480ms iter=798 WAIST cost=56.0000 best_alt=52.0000 gap=4.0000 tried=5 sep_labels=52 clique_frac=0.01
t=271648ms iter=798 REBUILD reject new_tc=60.8283 (was 59.8555)
t=271800ms iter=798 incumb=59.8555 ratchet=60.0778 best=59.8555 since_improve=407
t=271808ms iter=799 WAIST cost=56.0000 best_alt=52.0000 gap=4.0000 tried=5 sep_labels=52 clique_frac=0.01
t=271990ms iter=799 REBUILD reject new_tc=61.3322 (was 59.8555)
t=272136ms iter=799 incumb=59.8555 ratchet=60.0625 best=59.8555 since_improve=408
t=272146ms iter=800 WAIST cost=56.0000 best_alt=52.0000 gap=4.0000 tried=5 sep_labels=52 clique_frac=0.01
t=272318ms iter=800 REBUILD reject new_tc=61.4255 (was 59.8555)
t=272468ms iter=800 incumb=59.8555 ratchet=60.0162 best=59.8555 since_improve=409
t=272476ms iter=801 WAIST cost=56.0000 best_alt=52.0000 gap=4.0000 tried=5 sep_labels=52 clique_frac=0.01
t=272645ms iter=801 REBUILD reject new_tc=66.1107 (was 59.8555)
t=272799ms iter=801 incumb=59.8555 ratchet=60.1024 best=59.8555 since_improve=410
t=272807ms iter=802 WAIST cost=56.0000 best_alt=51.0000 gap=5.0000 tried=5 sep_labels=51 clique_frac=0.01
t=272980ms iter=802 REBUILD reject new_tc=60.9684 (was 59.8555)
t=273129ms iter=802 incumb=59.8555 ratchet=59.9070 best=59.8555 since_improve=411
t=273136ms iter=803 WAIST cost=56.0000 best_alt=52.0000 gap=4.0000 tried=5 sep_labels=52 clique_frac=0.01
t=273304ms iter=803 REBUILD reject new_tc=61.4760 (was 59.8555)
t=273457ms iter=803 incumb=59.8555 ratchet=60.4351 best=59.8555 since_improve=412
t=273465ms iter=804 WAIST cost=56.0000 best_alt=49.0000 gap=7.0000 tried=5 sep_labels=49 clique_frac=0.01
t=273613ms iter=804 REBUILD reject new_tc=61.3972 (was 59.8555)
t=273768ms iter=804 incumb=59.8555 ratchet=59.9441 best=59.8555 since_improve=413
t=273776ms iter=805 WAIST cost=56.0000 best_alt=49.0000 gap=7.0000 tried=5 sep_labels=49 clique_frac=0.01
t=273932ms iter=805 REBUILD reject new_tc=61.1940 (was 59.8555)
t=274083ms iter=805 incumb=59.8555 ratchet=59.9962 best=59.8555 since_improve=414
t=274092ms iter=806 WAIST cost=56.0000 best_alt=49.0000 gap=7.0000 tried=5 sep_labels=49 clique_frac=0.01
t=274249ms iter=806 REBUILD reject new_tc=61.4068 (was 59.8555)
t=274416ms iter=806 incumb=59.8555 ratchet=60.0382 best=59.8555 since_improve=415
t=274425ms iter=807 WAIST cost=56.0000 best_alt=52.0000 gap=4.0000 tried=5 sep_labels=52 clique_frac=0.01
t=274598ms iter=807 REBUILD reject new_tc=68.2320 (was 59.8555)
t=274750ms iter=807 incumb=59.8555 ratchet=59.9525 best=59.8555 since_improve=416
t=274758ms iter=808 WAIST cost=56.0000 best_alt=51.0000 gap=5.0000 tried=5 sep_labels=51 clique_frac=0.01
t=274914ms iter=808 REBUILD reject new_tc=65.7869 (was 59.8555)
t=275063ms iter=808 incumb=59.8555 ratchet=60.0461 best=59.8555 since_improve=417
t=275072ms iter=809 WAIST cost=56.0000 best_alt=51.0000 gap=5.0000 tried=5 sep_labels=51 clique_frac=0.01
t=275233ms iter=809 REBUILD reject new_tc=61.3066 (was 59.8555)
t=275391ms iter=809 incumb=59.8555 ratchet=59.9067 best=59.8555 since_improve=418
t=275401ms iter=810 WAIST cost=56.0000 best_alt=52.0000 gap=4.0000 tried=5 sep_labels=52 clique_frac=0.01
t=275563ms iter=810 REBUILD reject new_tc=65.3081 (was 59.8555)
t=275719ms iter=810 incumb=59.8555 ratchet=59.9084 best=59.8555 since_improve=419
t=275728ms iter=811 WAIST cost=56.0000 best_alt=50.0000 gap=6.0000 tried=5 sep_labels=50 clique_frac=0.01
t=275872ms iter=811 REBUILD reject new_tc=79.0042 (was 59.8555)
t=276026ms iter=811 incumb=59.8555 ratchet=60.0828 best=59.8555 since_improve=420
t=276034ms iter=812 WAIST cost=56.0000 best_alt=52.0000 gap=4.0000 tried=5 sep_labels=52 clique_frac=0.01
t=276205ms iter=812 REBUILD reject new_tc=61.5683 (was 59.8555)
t=276363ms iter=812 incumb=59.8555 ratchet=59.9634 best=59.8555 since_improve=421
t=276370ms iter=813 WAIST cost=56.0000 best_alt=52.0000 gap=4.0000 tried=5 sep_labels=52 clique_frac=0.01
t=276540ms iter=813 REBUILD reject new_tc=61.1865 (was 59.8555)
t=276695ms iter=813 incumb=59.8555 ratchet=59.9338 best=59.8555 since_improve=422
t=276703ms iter=814 WAIST cost=56.0000 best_alt=52.0000 gap=4.0000 tried=5 sep_labels=52 clique_frac=0.01
t=276875ms iter=814 REBUILD reject new_tc=61.4388 (was 59.8555)
t=277033ms iter=814 incumb=59.8555 ratchet=60.0970 best=59.8555 since_improve=423
t=277042ms iter=815 WAIST cost=56.0000 best_alt=52.0000 gap=4.0000 tried=5 sep_labels=52 clique_frac=0.01
t=277207ms iter=815 REBUILD reject new_tc=67.9482 (was 59.8555)
t=277356ms iter=815 incumb=59.8555 ratchet=60.1515 best=59.8555 since_improve=424
t=277365ms iter=816 WAIST cost=56.0000 best_alt=52.0000 gap=4.0000 tried=5 sep_labels=52 clique_frac=0.01
t=277534ms iter=816 REBUILD reject new_tc=61.3783 (was 59.8555)
t=277694ms iter=816 incumb=59.8555 ratchet=60.0456 best=59.8555 since_improve=425
t=277703ms iter=817 WAIST cost=56.0000 best_alt=51.0000 gap=5.0000 tried=5 sep_labels=51 clique_frac=0.01
t=277879ms iter=817 REBUILD reject new_tc=64.4865 (was 59.8555)
t=278039ms iter=817 incumb=59.8555 ratchet=59.9363 best=59.8555 since_improve=426
t=278046ms iter=818 WAIST cost=56.0000 best_alt=52.0000 gap=4.0000 tried=5 sep_labels=52 clique_frac=0.01
t=278214ms iter=818 REBUILD reject new_tc=65.3692 (was 59.8555)
t=278367ms iter=818 incumb=59.8555 ratchet=59.9448 best=59.8555 since_improve=427
t=278375ms iter=819 WAIST cost=56.0000 best_alt=52.0000 gap=4.0000 tried=5 sep_labels=52 clique_frac=0.01
t=278538ms iter=819 REBUILD reject new_tc=65.0582 (was 59.8555)
t=278694ms iter=819 incumb=59.8555 ratchet=59.8714 best=59.8555 since_improve=428
t=278702ms iter=820 WAIST cost=56.0000 best_alt=51.0000 gap=5.0000 tried=5 sep_labels=51 clique_frac=0.01
t=278859ms iter=820 REBUILD reject new_tc=61.7464 (was 59.8555)
t=279013ms iter=820 incumb=59.8555 ratchet=59.9875 best=59.8555 since_improve=429
t=279021ms iter=821 WAIST cost=56.0000 best_alt=52.0000 gap=4.0000 tried=5 sep_labels=52 clique_frac=0.01
t=279192ms iter=821 REBUILD reject new_tc=61.8205 (was 59.8555)
t=279342ms iter=821 incumb=59.8555 ratchet=59.8935 best=59.8555 since_improve=430
t=279350ms iter=822 WAIST cost=56.0000 best_alt=51.0000 gap=5.0000 tried=5 sep_labels=51 clique_frac=0.01
t=279512ms iter=822 REBUILD reject new_tc=60.9160 (was 59.8555)
t=279666ms iter=822 incumb=59.8555 ratchet=59.9566 best=59.8555 since_improve=431
t=279674ms iter=823 WAIST cost=56.0000 best_alt=52.0000 gap=4.0000 tried=5 sep_labels=52 clique_frac=0.01
t=279843ms iter=823 REBUILD reject new_tc=61.2223 (was 59.8555)
t=279997ms iter=823 incumb=59.8555 ratchet=59.9313 best=59.8555 since_improve=432
t=280005ms iter=824 WAIST cost=56.0000 best_alt=52.0000 gap=4.0000 tried=5 sep_labels=52 clique_frac=0.01
t=280167ms iter=824 REBUILD reject new_tc=67.1592 (was 59.8555)
t=280318ms iter=824 incumb=59.8555 ratchet=60.0340 best=59.8555 since_improve=433
t=280325ms iter=825 WAIST cost=56.0000 best_alt=52.0000 gap=4.0000 tried=5 sep_labels=52 clique_frac=0.01
t=280490ms iter=825 REBUILD reject new_tc=61.3802 (was 59.8555)
t=281002ms iter=825 incumb=59.8555 ratchet=59.8554 best=59.8554 since_improve=0
t=281011ms iter=826 WAIST cost=56.0000 best_alt=52.0000 gap=4.0000 tried=5 sep_labels=52 clique_frac=0.01
t=281181ms iter=826 REBUILD reject new_tc=61.0282 (was 59.8554)
t=281326ms iter=826 incumb=59.8554 ratchet=59.9849 best=59.8554 since_improve=1
t=281334ms iter=827 WAIST cost=56.0000 best_alt=49.0000 gap=7.0000 tried=5 sep_labels=49 clique_frac=0.01
t=281482ms iter=827 REBUILD reject new_tc=61.2224 (was 59.8554)
t=281638ms iter=827 incumb=59.8554 ratchet=59.9760 best=59.8554 since_improve=2
t=281646ms iter=828 WAIST cost=56.0000 best_alt=51.0000 gap=5.0000 tried=5 sep_labels=51 clique_frac=0.01
t=281797ms iter=828 REBUILD reject new_tc=61.3509 (was 59.8554)
t=281946ms iter=828 incumb=59.8554 ratchet=59.9815 best=59.8554 since_improve=3
t=281954ms iter=829 WAIST cost=56.0000 best_alt=52.0000 gap=4.0000 tried=5 sep_labels=52 clique_frac=0.01
t=282125ms iter=829 REBUILD reject new_tc=60.5382 (was 59.8554)
t=282283ms iter=829 incumb=59.8554 ratchet=60.0102 best=59.8554 since_improve=4
t=282291ms iter=830 WAIST cost=56.0000 best_alt=52.0000 gap=4.0000 tried=5 sep_labels=52 clique_frac=0.01
t=282460ms iter=830 REBUILD reject new_tc=61.6386 (was 59.8554)
t=282616ms iter=830 incumb=59.8554 ratchet=59.9116 best=59.8554 since_improve=5
t=282626ms iter=831 WAIST cost=56.0000 best_alt=52.0000 gap=4.0000 tried=5 sep_labels=52 clique_frac=0.01
t=282789ms iter=831 REBUILD reject new_tc=61.2236 (was 59.8554)
t=282944ms iter=831 incumb=59.8554 ratchet=59.8983 best=59.8554 since_improve=6
t=282952ms iter=832 WAIST cost=56.0000 best_alt=52.0000 gap=4.0000 tried=5 sep_labels=52 clique_frac=0.01
t=283128ms iter=832 REBUILD reject new_tc=61.2410 (was 59.8554)
t=283280ms iter=832 incumb=59.8554 ratchet=60.0215 best=59.8554 since_improve=7
t=283287ms iter=833 WAIST cost=56.0000 best_alt=52.0000 gap=4.0000 tried=5 sep_labels=52 clique_frac=0.01
t=283454ms iter=833 REBUILD reject new_tc=64.0516 (was 59.8554)
t=283610ms iter=833 incumb=59.8554 ratchet=60.0599 best=59.8554 since_improve=8
t=283617ms iter=834 WAIST cost=56.0000 best_alt=51.0000 gap=5.0000 tried=5 sep_labels=51 clique_frac=0.01
t=283770ms iter=834 REBUILD reject new_tc=60.6407 (was 59.8554)
t=283917ms iter=834 incumb=59.8554 ratchet=60.0164 best=59.8554 since_improve=9
t=283926ms iter=835 WAIST cost=56.0000 best_alt=49.0000 gap=7.0000 tried=5 sep_labels=49 clique_frac=0.01
t=284075ms iter=835 REBUILD reject new_tc=61.5245 (was 59.8554)
t=284233ms iter=835 incumb=59.8554 ratchet=59.9126 best=59.8554 since_improve=10
t=284240ms iter=836 WAIST cost=56.0000 best_alt=52.0000 gap=4.0000 tried=5 sep_labels=52 clique_frac=0.01
t=284405ms iter=836 REBUILD reject new_tc=67.5476 (was 59.8554)
t=284560ms iter=836 incumb=59.8554 ratchet=60.1180 best=59.8554 since_improve=11
t=284568ms iter=837 WAIST cost=56.0000 best_alt=52.0000 gap=4.0000 tried=5 sep_labels=52 clique_frac=0.01
t=284741ms iter=837 REBUILD reject new_tc=60.2525 (was 59.8554)
t=284893ms iter=837 incumb=59.8554 ratchet=60.0579 best=59.8554 since_improve=12
t=284901ms iter=838 WAIST cost=56.0000 best_alt=52.0000 gap=4.0000 tried=5 sep_labels=52 clique_frac=0.01
t=285065ms iter=838 REBUILD reject new_tc=61.4695 (was 59.8554)
t=285217ms iter=838 incumb=59.8554 ratchet=60.2402 best=59.8554 since_improve=13
t=285225ms iter=839 WAIST cost=56.0000 best_alt=52.0000 gap=4.0000 tried=5 sep_labels=52 clique_frac=0.01
t=285385ms iter=839 REBUILD reject new_tc=67.3430 (was 59.8554)
t=285538ms iter=839 incumb=59.8554 ratchet=60.1573 best=59.8554 since_improve=14
t=285547ms iter=840 WAIST cost=56.0000 best_alt=51.0000 gap=5.0000 tried=5 sep_labels=51 clique_frac=0.01
t=285691ms iter=840 REBUILD reject new_tc=72.2928 (was 59.8554)
t=285849ms iter=840 incumb=59.8554 ratchet=59.8733 best=59.8554 since_improve=15
t=285857ms iter=841 WAIST cost=56.0000 best_alt=52.0000 gap=4.0000 tried=5 sep_labels=52 clique_frac=0.01
t=286021ms iter=841 REBUILD reject new_tc=61.4019 (was 59.8554)
t=286175ms iter=841 incumb=59.8554 ratchet=59.9789 best=59.8554 since_improve=16
t=286184ms iter=842 WAIST cost=56.0000 best_alt=52.0000 gap=4.0000 tried=5 sep_labels=52 clique_frac=0.01
t=286357ms iter=842 REBUILD reject new_tc=61.0890 (was 59.8554)
t=286514ms iter=842 incumb=59.8554 ratchet=59.9706 best=59.8554 since_improve=17
t=286523ms iter=843 WAIST cost=56.0000 best_alt=51.0000 gap=5.0000 tried=5 sep_labels=51 clique_frac=0.01
t=286676ms iter=843 REBUILD reject new_tc=65.1933 (was 59.8554)
t=286831ms iter=843 incumb=59.8554 ratchet=59.9649 best=59.8554 since_improve=18
t=286841ms iter=844 WAIST cost=56.0000 best_alt=49.0000 gap=7.0000 tried=5 sep_labels=49 clique_frac=0.01
t=286998ms iter=844 REBUILD reject new_tc=61.7126 (was 59.8554)
t=287153ms iter=844 incumb=59.8554 ratchet=60.0672 best=59.8554 since_improve=19
t=287162ms iter=845 WAIST cost=56.0000 best_alt=51.0000 gap=5.0000 tried=5 sep_labels=51 clique_frac=0.02
t=287317ms iter=845 REBUILD reject new_tc=61.6141 (was 59.8554)
t=287461ms iter=845 incumb=59.8554 ratchet=59.9631 best=59.8554 since_improve=20
t=287470ms iter=846 WAIST cost=56.0000 best_alt=52.0000 gap=4.0000 tried=5 sep_labels=52 clique_frac=0.01
t=287640ms iter=846 REBUILD reject new_tc=60.7803 (was 59.8554)
t=287790ms iter=846 incumb=59.8554 ratchet=59.9956 best=59.8554 since_improve=21
t=287798ms iter=847 WAIST cost=56.0000 best_alt=51.0000 gap=5.0000 tried=5 sep_labels=51 clique_frac=0.01
t=287953ms iter=847 REBUILD reject new_tc=61.6787 (was 59.8554)
t=288105ms iter=847 incumb=59.8554 ratchet=59.9273 best=59.8554 since_improve=22
t=288114ms iter=848 WAIST cost=56.0000 best_alt=52.0000 gap=4.0000 tried=5 sep_labels=52 clique_frac=0.01
t=288288ms iter=848 REBUILD reject new_tc=60.1968 (was 59.8554)
t=288439ms iter=848 incumb=59.8554 ratchet=60.0148 best=59.8554 since_improve=23
t=288447ms iter=849 WAIST cost=56.0000 best_alt=51.0000 gap=5.0000 tried=5 sep_labels=51 clique_frac=0.01
t=288599ms iter=849 REBUILD reject new_tc=61.1535 (was 59.8554)
t=288756ms iter=849 incumb=59.8554 ratchet=59.9328 best=59.8554 since_improve=24
t=288764ms iter=850 WAIST cost=56.0000 best_alt=49.0000 gap=7.0000 tried=5 sep_labels=49 clique_frac=0.01
t=288918ms iter=850 REBUILD reject new_tc=61.3907 (was 59.8554)
t=289077ms iter=850 incumb=59.8554 ratchet=59.9287 best=59.8554 since_improve=25
t=289085ms iter=851 WAIST cost=56.0000 best_alt=52.0000 gap=4.0000 tried=5 sep_labels=52 clique_frac=0.01
t=289255ms iter=851 REBUILD reject new_tc=60.8103 (was 59.8554)
t=289409ms iter=851 incumb=59.8554 ratchet=59.9135 best=59.8554 since_improve=26
t=289417ms iter=852 WAIST cost=56.0000 best_alt=51.0000 gap=5.0000 tried=5 sep_labels=51 clique_frac=0.01
t=289568ms iter=852 REBUILD reject new_tc=62.0097 (was 59.8554)
t=289929ms iter=852 incumb=59.8554 ratchet=59.8545 best=59.8545 since_improve=0
t=289938ms iter=853 WAIST cost=56.0000 best_alt=51.0000 gap=5.0000 tried=5 sep_labels=51 clique_frac=0.01
t=290095ms iter=853 REBUILD reject new_tc=61.5331 (was 59.8545)
t=290252ms iter=853 incumb=59.8545 ratchet=59.9104 best=59.8545 since_improve=1
t=290268ms iter=854 WAIST cost=56.0000 best_alt=51.0000 gap=5.0000 tried=5 sep_labels=51 clique_frac=0.01
t=290453ms iter=854 REBUILD reject new_tc=61.9605 (was 59.8545)
t=290606ms iter=854 incumb=59.8545 ratchet=60.0338 best=59.8545 since_improve=2
t=290616ms iter=855 WAIST cost=56.0000 best_alt=51.0000 gap=5.0000 tried=5 sep_labels=51 clique_frac=0.01
t=290766ms iter=855 REBUILD reject new_tc=61.2480 (was 59.8545)
t=290928ms iter=855 incumb=59.8545 ratchet=59.9213 best=59.8545 since_improve=3
t=290942ms iter=856 WAIST cost=56.0000 best_alt=50.0000 gap=6.0000 tried=5 sep_labels=50 clique_frac=0.01
t=291112ms iter=856 REBUILD reject new_tc=61.4340 (was 59.8545)
t_final=291284ms tc_reduced=59.8545 tc_full=60.9557 leaves=3369
surgery summary: calls=856 cheaper_cuts=856 rebuild_accepts=1 waist_min_hits=0
