{
  "language": "rust",
  "backend": "omeco (Rust via PyO3)",
  "method": "greedy",
  "results": {
    "chain_10": {
      "tensors": 10,
      "indices": 11,
      "avg_ms": 0.052947900258004665,
      "tc": 23.101493570766486,
      "sc": 13.287712379549449,
      "rwc": 18.042599881712917
    },
    "grid_4x4": {
      "tensors": 16,
      "indices": 24,
      "avg_ms": 0.1723551074974239,
      "tc": 10.658211482751794,
      "sc": 6.0,
      "rwc": 9.978710459106358
    },
    "grid_5x5": {
      "tensors": 25,
      "indices": 40,
      "avg_ms": 0.34139129566028714,
      "tc": 11.965784284662087,
      "sc": 7.0,
      "rwc": 11.109177703355275
    },
    "reg3_250": {
      "tensors": 250,
      "indices": 372,
      "avg_ms": 10.631280892994255,
      "tc": 66.00141027863552,
      "sc": 51.0,
      "rwc": 52.045472912294436
    }
  }
}