{
  "backend": "OMEinsumContractionOrders.jl",
  "method": "greedy",
  "language": "julia",
  "results": {
    "reg3_250": {
      "rwc": 54.093139322020505,
      "tc": 71.08762895255691,
      "indices": 374,
      "tensors": 250,
      "sc": 53.0,
      "avg_ms": 3.4679493
    },
    "grid_5x5": {
      "rwc": 10.755722153642282,
      "tc": 11.375039431346925,
      "indices": 40,
      "tensors": 25,
      "sc": 6.0,
      "avg_ms": 0.1993819
    },
    "grid_4x4": {
      "rwc": 9.047123912114026,
      "tc": 9.20945336562895,
      "indices": 24,
      "tensors": 16,
      "sc": 4.0,
      "avg_ms": 0.09070579999999999
    },
    "chain_10": {
      "rwc": 18.042599881712917,
      "tc": 23.101493570766486,
      "indices": 11,
      "tensors": 10,
      "sc": 13.287712379549449,
      "avg_ms": 0.0499531
    }
  }
}